Date,Capacity,Turnover,Open,High,Low,Close,Change,Transaction,AdjFactor,Open_adj,Close_adj,Low_adj,High_adj
2020-05-04,3854149,65903555,17.0,17.35,16.75,17.35,0.15,1576,0.7176832287127772,12.2006,12.4518,12.0212,12.4518
2020-05-05,3530482,61275178,17.4,17.65,17.1,17.3,-0.05,1470,0.7176832287127772,12.4877,12.4159,12.2724,12.6671
2020-05-06,4529365,79615567,17.4,17.8,17.35,17.45,0.15,1845,0.7176832287127772,12.4877,12.5236,12.4518,12.7748
2020-05-07,2283837,40280760,17.55,17.75,17.55,17.65,0.2,1025,0.7176832287127772,12.5953,12.6671,12.5953,12.7389
2020-05-08,3344225,58794091,17.85,18.1,17.15,17.2,-0.45,1435,0.7176832287127772,12.8106,12.3442,12.3083,12.9901
2020-05-11,2475722,42633088,17.2,17.35,17.05,17.25,0.05,907,0.7176832287127772,12.3442,12.38,12.2365,12.4518
2020-05-12,2518292,43190169,17.25,17.3,17.0,17.15,-0.1,906,0.7176832287127772,12.38,12.3083,12.2006,12.4159
2020-05-13,2256250,38219907,17.05,17.1,16.8,16.9,-0.25,904,0.7176832287127772,12.2365,12.1288,12.0571,12.2724
2020-05-14,2135222,36012274,16.8,17.15,16.75,16.75,-0.15,952,0.7176832287127772,12.0571,12.0212,12.0212,12.3083
2020-05-15,1668992,28079355,17.0,17.05,16.6,17.0,0.25,676,0.7176832287127772,12.2006,12.2006,11.9135,12.2365
2020-05-18,918865,15604851,17.0,17.1,16.9,16.95,-0.05,479,0.7176832287127772,12.2006,12.1647,12.1288,12.2724
2020-05-19,6330032,111301340,17.1,17.85,17.05,17.8,0.85,2579,0.7176832287127772,12.2724,12.7748,12.2365,12.8106
2020-05-20,3262415,57298597,17.8,17.8,17.4,17.7,-0.1,1482,0.7176832287127772,12.7748,12.703,12.4877,12.7748
2020-05-21,1573869,27776544,17.6,17.75,17.5,17.65,-0.05,658,0.7176832287127772,12.6312,12.6671,12.5595,12.7389
2020-05-22,1550769,27082322,17.65,17.65,17.35,17.4,-0.25,800,0.7176832287127772,12.6671,12.4877,12.4518,12.6671
2020-05-25,1484078,25736938,17.5,17.5,17.25,17.35,-0.05,633,0.7176832287127772,12.5595,12.4518,12.38,12.5595
2020-05-26,1562375,27292994,17.55,17.7,17.3,17.3,-0.05,644,0.7176832287127772,12.5953,12.4159,12.4159,12.703
2020-05-27,1234205,21537830,17.4,17.6,17.3,17.6,0.3,646,0.7176832287127772,12.4877,12.6312,12.4159,12.6312
2020-05-28,1328910,23202284,17.6,17.6,17.4,17.4,-0.2,534,0.7176832287127772,12.6312,12.4877,12.4877,12.6312
2020-05-29,574099,10013565,17.4,17.55,17.3,17.45,0.05,331,0.7176832287127772,12.4877,12.5236,12.4159,12.5953
2020-06-01,2297906,40825399,17.7,17.95,17.6,17.6,0.15,1038,0.7176832287127772,12.703,12.6312,12.6312,12.8824
2020-06-02,1639769,28897826,17.6,17.7,17.55,17.7,0.1,853,0.7176832287127772,12.6312,12.703,12.5953,12.703
2020-06-03,5532233,100281378,17.8,18.45,17.75,18.35,0.65,2645,0.7176832287127772,12.7748,13.1695,12.7389,13.2413
2020-06-04,2868944,52540862,18.35,18.5,18.2,18.35,0.0,1460,0.7176832287127772,13.1695,13.1695,13.0618,13.2771
2020-06-05,2722209,50376150,18.35,18.7,18.2,18.6,0.25,1416,0.7176832287127772,13.1695,13.3489,13.0618,13.4207
2020-06-08,4258498,80529438,18.7,19.2,18.7,19.0,0.4,1919,0.7176832287127772,13.4207,13.636,13.4207,13.7795
2020-06-09,4394433,83871879,19.1,19.2,18.95,19.05,0.05,1735,0.7176832287127772,13.7077,13.6719,13.6001,13.7795
2020-06-10,3329493,62932482,19.0,19.05,18.7,18.85,-0.2,1571,0.7176832287127772,13.636,13.5283,13.4207,13.6719
2020-06-11,4687233,86956505,18.9,18.9,18.35,18.4,-0.45,1881,0.7176832287127772,13.5642,13.2054,13.1695,13.5642
2020-06-12,3463388,62498489,17.95,18.45,17.8,18.35,-0.05,1390,0.7176832287127772,12.8824,13.1695,12.7748,13.2413
2020-06-15,2595630,47850559,18.5,18.75,18.25,18.3,-0.05,1286,0.7176832287127772,13.2771,13.1336,13.0977,13.4566
2020-06-16,7091666,135700938,18.55,19.8,18.35,19.35,1.05,3179,0.7176832287127772,13.313,13.8872,13.1695,14.2101
2020-06-17,2931247,56524802,19.75,19.75,19.1,19.2,-0.15,1813,0.7176832287127772,14.1742,13.7795,13.7077,14.1742
2020-06-18,2352196,44813706,19.3,19.3,18.95,19.05,-0.15,1152,0.7176832287127772,13.8513,13.6719,13.6001,13.8513
2020-06-19,1822410,34671940,19.1,19.15,18.95,19.1,0.05,879,0.7176832287127772,13.7077,13.7077,13.6001,13.7436
2020-06-22,9702040,194902610,20.55,20.75,19.7,19.8,0.7,4668,0.7176832287127772,14.7484,14.2101,14.1384,14.8919
2020-06-23,2981773,58700215,19.9,19.95,19.6,19.6,-0.2,1570,0.7176832287127772,14.2819,14.0666,14.0666,14.3178
2020-06-24,2863207,55680235,19.6,19.6,19.4,19.4,-0.2,1325,0.7176832287127772,14.0666,13.9231,13.9231,14.0666
2020-06-29,1955148,37598912,19.3,19.4,19.15,19.15,-0.25,848,0.7176832287127772,13.8513,13.7436,13.7436,13.9231
2020-06-30,1048383,20145407,19.3,19.35,19.15,19.15,0.0,524,0.7176832287127772,13.8513,13.7436,13.7436,13.8872
2020-07-01,1184894,22676668,19.25,19.25,19.05,19.1,-0.05,592,0.7176832287127772,13.8154,13.7077,13.6719,13.8154
2020-07-02,1461995,28278045,19.3,19.6,19.1,19.25,0.15,690,0.7176832287127772,13.8513,13.8154,13.7077,14.0666
2020-07-03,1093845,21086125,19.3,19.45,19.2,19.25,0.0,531,0.7176832287127772,13.8513,13.8154,13.7795,13.9589
2020-07-06,1837770,35594643,19.3,19.45,19.3,19.4,0.15,723,0.7176832287127772,13.8513,13.9231,13.8513,13.9589
2020-07-07,2103739,41161297,19.6,19.8,19.4,19.6,0.2,1023,0.7176832287127772,14.0666,14.0666,13.9231,14.2101
2020-07-08,2275883,44850111,19.75,20.0,19.55,19.55,-0.05,983,0.7176832287127772,14.1742,14.0307,14.0307,14.3537
2020-07-09,1194144,23320185,19.6,19.6,19.5,19.55,0.0,657,0.7176832287127772,14.0666,14.0307,13.9948,14.0666
2020-07-10,1973015,38225126,19.55,19.55,19.3,19.35,-0.2,1001,0.7176832287127772,14.0307,13.8872,13.8513,14.0307
2020-07-13,1802141,35153692,19.35,19.7,19.35,19.6,0.25,749,0.7176832287127772,13.8872,14.0666,13.8872,14.1384
2020-07-14,2591426,51198487,19.65,20.0,19.55,19.7,0.1,912,0.7176832287127772,14.1025,14.1384,14.0307,14.3537
2020-07-15,2933021,57604294,19.75,19.8,19.55,19.65,-0.05,945,0.7176832287127772,14.1742,14.1025,14.0307,14.2101
2020-07-16,1154122,22620121,19.65,19.7,19.5,19.65,0.0,471,0.7176832287127772,14.1025,14.1025,13.9948,14.1384
2020-07-17,1599486,31227367,19.75,19.75,19.4,19.45,-0.2,767,0.7176832287127772,14.1742,13.9589,13.9231,14.1742
2020-07-20,1561895,30303560,19.45,19.5,19.3,19.45,0.0,625,0.7176832287127772,13.9589,13.9589,13.8513,13.9948
2020-07-21,2020301,39499182,19.55,19.6,19.5,19.55,0.1,754,0.7176832287127772,14.0307,14.0307,13.9948,14.0666
2020-07-22,3236856,63272680,19.55,19.6,19.5,19.6,0.05,1150,0.7176832287127772,14.0307,14.0666,13.9948,14.0666
2020-07-23,3179142,58549156,18.35,18.55,18.3,18.35,0.0,1382,0.777589346753479,14.2688,14.2688,14.2299,14.4243
2020-07-24,2868548,51791107,18.35,18.4,17.7,17.95,-0.4,1274,0.777589346753479,14.2688,13.9577,13.7633,14.3076
2020-07-27,2930530,51088397,17.95,18.0,17.25,17.25,-0.7,1316,0.777589346753479,13.9577,13.4134,13.4134,13.9966
2020-07-28,2253286,38297164,17.3,17.3,16.75,16.95,-0.3,1084,0.777589346753479,13.4523,13.1801,13.0246,13.4523
2020-07-29,996387,17048293,17.0,17.2,16.95,17.2,0.25,604,0.777589346753479,13.219,13.3745,13.1801,13.3745
2020-07-30,777219,13293007,17.45,17.45,17.0,17.1,-0.1,399,0.777589346753479,13.5689,13.2968,13.219,13.5689
2020-07-31,521866,8918727,17.2,17.2,17.0,17.15,0.05,257,0.777589346753479,13.3745,13.3357,13.219,13.3745
2020-08-03,1219218,20621147,17.2,17.2,16.8,16.9,-0.25,613,0.777589346753479,13.3745,13.1413,13.0635,13.3745
2020-08-04,529082,8972194,16.95,17.05,16.85,16.95,0.05,261,0.777589346753479,13.1801,13.1801,13.1024,13.2579
2020-08-05,812217,13694466,17.1,17.1,16.8,16.85,-0.1,423,0.777589346753479,13.2968,13.1024,13.0635,13.2968
2020-08-06,685421,11628155,17.0,17.1,16.9,16.9,0.05,350,0.777589346753479,13.219,13.1413,13.1413,13.2968
2020-08-07,737217,12535438,16.95,17.1,16.9,17.0,0.1,361,0.777589346753479,13.1801,13.219,13.1413,13.2968
2020-08-10,933326,16093732,17.0,17.45,17.0,17.25,0.25,551,0.777589346753479,13.219,13.4134,13.219,13.5689
2020-08-11,727344,12537630,17.3,17.35,17.15,17.25,0.0,428,0.777589346753479,13.4523,13.4134,13.3357,13.4912
2020-08-12,584858,10042303,17.25,17.3,17.1,17.2,-0.05,306,0.777589346753479,13.4134,13.3745,13.2968,13.4523
2020-08-13,632417,10808576,17.2,17.25,17.0,17.0,-0.2,360,0.777589346753479,13.3745,13.219,13.219,13.4134
2020-08-14,1355587,23733172,17.1,17.8,17.1,17.65,0.65,705,0.777589346753479,13.2968,13.7245,13.2968,13.8411
2020-08-17,3274030,60977644,17.75,19.0,17.65,18.85,1.2,1500,0.777589346753479,13.8022,14.6576,13.7245,14.7742
2020-08-18,2152516,40082187,18.95,19.0,18.45,18.65,-0.2,939,0.777589346753479,14.7353,14.502,14.3465,14.7742
2020-08-19,1285631,23737452,18.75,18.85,18.3,18.5,-0.15,619,0.777589346753479,14.5798,14.3854,14.2299,14.6576
2020-08-20,5077571,91560371,18.5,18.8,17.35,17.6,-0.9,2058,0.777589346753479,14.3854,13.6856,13.4912,14.6187
2020-08-21,1042669,18546357,17.75,17.9,17.65,17.9,0.3,469,0.777589346753479,13.8022,13.9188,13.7245,13.9188
2020-08-24,1752480,31638753,17.85,18.35,17.5,18.25,0.35,810,0.777589346753479,13.88,14.191,13.6078,14.2688
2020-08-25,1438502,26316379,18.25,18.5,18.1,18.5,0.25,635,0.777589346753479,14.191,14.3854,14.0744,14.3854
2020-08-26,2343525,43273808,18.5,18.75,18.15,18.6,0.1,953,0.777589346753479,14.3854,14.4632,14.1132,14.5798
2020-08-27,1795788,33129723,18.6,18.6,18.25,18.6,0.0,866,0.777589346753479,14.4632,14.4632,14.191,14.4632
2020-08-28,1307203,24150714,18.55,18.75,18.3,18.3,-0.3,794,0.777589346753479,14.4243,14.2299,14.2299,14.5798
2020-08-31,1355444,24954836,18.25,18.7,18.1,18.5,0.2,700,0.777589346753479,14.191,14.3854,14.0744,14.5409
2020-09-01,948997,17379268,18.5,18.55,18.2,18.35,-0.15,504,0.777589346753479,14.3854,14.2688,14.1521,14.4243
2020-09-02,1672875,30440497,18.3,18.45,18.05,18.1,-0.25,873,0.777589346753479,14.2299,14.0744,14.0355,14.3465
2020-09-03,1748385,31857743,18.2,18.35,18.1,18.25,0.15,811,0.777589346753479,14.1521,14.191,14.0744,14.2688
2020-09-04,1596656,29214873,18.1,18.45,18.05,18.3,0.05,797,0.777589346753479,14.0744,14.2299,14.0355,14.3465
2020-09-07,13108827,256339682,18.5,20.0,18.5,19.55,1.25,4970,0.777589346753479,14.3854,15.2019,14.3854,15.5518
2020-09-08,4596507,87537735,19.4,19.4,18.9,18.9,-0.65,2010,0.777589346753479,15.0852,14.6964,14.6964,15.0852
2020-09-09,2912147,55470605,19.0,19.35,18.8,19.15,0.25,1359,0.777589346753479,14.7742,14.8908,14.6187,15.0464
2020-09-10,13103870,256655926,19.2,20.0,19.05,19.95,0.8,4699,0.777589346753479,14.9297,15.5129,14.8131,15.5518
2020-09-11,7901539,154773974,19.8,20.15,19.05,19.15,-0.8,3329,0.777589346753479,15.3963,14.8908,14.8131,15.6684
2020-09-14,2099890,39702548,19.15,19.15,18.8,18.85,-0.3,937,0.777589346753479,14.8908,14.6576,14.6187,14.8908
2020-09-15,2438220,45288246,18.85,18.85,18.4,18.7,-0.15,1051,0.777589346753479,14.6576,14.5409,14.3076,14.6576
2020-09-16,3712623,70411687,18.8,19.4,18.45,19.1,0.4,1721,0.777589346753479,14.6187,14.852,14.3465,15.0852
2020-09-17,19094382,396017322,20.2,21.0,19.7,21.0,1.9,4445,0.777589346753479,15.7073,16.3294,15.3185,16.3294
2020-09-18,28719735,602580057,21.5,21.5,20.35,20.4,-0.6,8267,0.777589346753479,16.7182,15.8628,15.8239,16.7182
2020-09-21,11928811,236065458,20.4,20.5,19.5,19.55,-0.85,4229,0.777589346753479,15.8628,15.2019,15.163,15.9406
2020-09-22,6769997,128438016,19.6,19.65,18.65,18.95,-0.6,2536,0.777589346753479,15.2408,14.7353,14.502,15.2796
2020-09-23,5256141,97867950,19.0,19.05,18.35,18.35,-0.6,2353,0.777589346753479,14.7742,14.2688,14.2688,14.8131
2020-09-24,6064065,108736645,18.1,18.5,17.65,17.65,-0.7,2513,0.777589346753479,14.0744,13.7245,13.7245,14.3854
2020-09-25,4434015,77824199,17.75,17.95,17.1,17.35,-0.3,1846,0.777589346753479,13.8022,13.4912,13.2968,13.9577
2020-09-28,3168991,56690327,17.6,18.2,17.45,17.9,0.55,1143,0.777589346753479,13.6856,13.9188,13.5689,14.1521
2020-09-29,1862839,33179563,18.05,18.15,17.65,17.7,-0.2,677,0.777589346753479,14.0355,13.7633,13.7245,14.1132
2020-09-30,767282,13588214,17.7,17.95,17.55,17.7,0.0,365,0.777589346753479,13.7633,13.7633,13.6467,13.9577
2020-10-05,1402013,24948917,17.85,18.0,17.65,17.8,0.1,690,0.777589346753479,13.88,13.8411,13.7245,13.9966
2020-10-06,1517810,27366893,17.95,18.15,17.9,18.05,0.25,654,0.777589346753479,13.9577,14.0355,13.9188,14.1132
2020-10-07,760090,13725968,18.0,18.15,17.95,18.1,0.05,400,0.777589346753479,13.9966,14.0744,13.9577,14.1132
2020-10-08,1274557,23045126,18.25,18.25,18.0,18.1,0.0,520,0.777589346753479,14.191,14.0744,13.9966,14.191
2020-10-12,1649364,29475254,18.1,18.15,17.7,17.8,-0.3,696,0.777589346753479,14.0744,13.8411,13.7633,14.1132
2020-10-13,3081886,56246772,17.85,18.6,17.8,18.1,0.3,1402,0.777589346753479,13.88,14.0744,13.8411,14.4632
2020-10-14,1624242,29420669,18.05,18.25,18.05,18.1,0.0,804,0.777589346753479,14.0355,14.0744,14.0355,14.191
2020-10-15,1239503,22413013,18.15,18.3,17.95,18.05,-0.05,565,0.777589346753479,14.1132,14.0355,13.9577,14.2299
2020-10-16,2100562,38175280,18.05,18.45,17.9,18.0,-0.05,958,0.777589346753479,14.0355,13.9966,13.9188,14.3465
2020-10-19,770083,13898394,18.0,18.2,17.95,18.0,0.0,432,0.777589346753479,13.9966,13.9966,13.9577,14.1521
2020-10-20,2149670,39284238,18.1,18.4,18.05,18.25,0.25,836,0.777589346753479,14.0744,14.191,14.0355,14.3076
2020-10-21,2257672,41346530,18.25,18.45,18.15,18.3,0.05,947,0.777589346753479,14.191,14.2299,14.1132,14.3465
2020-10-22,3353879,62171003,18.35,18.7,18.25,18.5,0.2,1078,0.777589346753479,14.2688,14.3854,14.191,14.5409
2020-10-23,1483547,27622965,18.7,18.75,18.5,18.55,0.05,579,0.777589346753479,14.5409,14.4243,14.3854,14.5798
2020-10-26,4582175,86851105,18.7,19.15,18.65,18.8,0.25,1869,0.777589346753479,14.5409,14.6187,14.502,14.8908
2020-10-27,4386976,83357794,18.75,19.2,18.5,19.0,0.2,1546,0.777589346753479,14.5798,14.7742,14.3854,14.9297
2020-10-28,2827609,53947018,19.2,19.45,18.8,18.85,-0.15,1139,0.777589346753479,14.9297,14.6576,14.6187,15.1241
2020-10-29,3401267,64506235,18.6,19.3,18.5,19.05,0.2,1285,0.777589346753479,14.4632,14.8131,14.3854,15.0075
2020-10-30,2814435,53971878,19.35,19.5,19.0,19.0,-0.05,1236,0.777589346753479,15.0464,14.7742,14.7742,15.163
2020-11-02,2193305,41843573,19.0,19.35,18.9,19.3,0.3,980,0.777589346753479,14.7742,15.0075,14.6964,15.0464
2020-11-03,5831678,113517925,19.6,19.65,19.35,19.35,0.05,1966,0.777589346753479,15.2408,15.0464,15.0464,15.2796
2020-11-04,3267495,62868728,19.25,19.65,19.05,19.05,-0.3,1163,0.777589346753479,14.9686,14.8131,14.8131,15.2796
2020-11-05,1850852,35394458,19.1,19.25,19.05,19.1,0.05,565,0.777589346753479,14.852,14.852,14.8131,14.9686
2020-11-06,4125073,78031147,19.2,19.25,18.7,18.85,-0.25,1707,0.777589346753479,14.9297,14.6576,14.5409,14.9686
2020-11-09,7911211,154125246,18.95,19.8,18.95,19.5,0.65,2744,0.777589346753479,14.7353,15.163,14.7353,15.3963
2020-11-10,5448194,107481725,19.6,19.95,19.5,19.9,0.4,2145,0.777589346753479,15.2408,15.474,15.163,15.5129
2020-11-11,8229409,166749264,19.9,20.6,19.6,20.3,0.4,3381,0.777589346753479,15.474,15.7851,15.2408,16.0183
2020-11-12,4086428,81311518,20.35,20.4,19.65,19.75,-0.55,1986,0.777589346753479,15.8239,15.3574,15.2796,15.8628
2020-11-13,1790215,35566427,19.8,20.15,19.7,19.7,-0.05,705,0.777589346753479,15.3963,15.3185,15.3185,15.6684
2020-11-16,5388055,103165308,19.75,19.8,18.9,19.05,-0.65,2325,0.777589346753479,15.3574,14.8131,14.6964,15.3963
2020-11-17,1805253,34224761,18.9,19.15,18.75,19.05,0.0,873,0.777589346753479,14.6964,14.8131,14.5798,14.8908
2020-11-18,1413357,26869598,18.9,19.2,18.9,18.95,-0.1,681,0.777589346753479,14.6964,14.7353,14.6964,14.9297
2020-11-19,1189709,22576387,18.95,19.1,18.9,19.0,0.05,543,0.777589346753479,14.7353,14.7742,14.6964,14.852
2020-11-20,1711163,32547848,19.05,19.2,18.9,19.1,0.1,686,0.777589346753479,14.8131,14.852,14.6964,14.9297
2020-11-23,2485017,48163990,19.2,19.6,19.2,19.5,0.4,1083,0.777589346753479,14.9297,15.163,14.9297,15.2408
2020-11-24,2603432,50791121,19.65,19.75,19.35,19.4,-0.1,1042,0.777589346753479,15.2796,15.0852,15.0464,15.3574
2020-11-25,1501018,29249708,19.4,19.65,19.35,19.45,0.05,696,0.777589346753479,15.0852,15.1241,15.0464,15.2796
2020-11-26,1503777,29137036,19.45,19.5,19.25,19.45,0.0,722,0.777589346753479,15.1241,15.1241,14.9686,15.163
2020-11-27,1210644,23553757,19.5,19.55,19.35,19.45,0.0,582,0.777589346753479,15.163,15.1241,15.0464,15.2019
2020-11-30,2230024,43729576,19.55,19.85,19.45,19.45,0.0,845,0.777589346753479,15.2019,15.1241,15.1241,15.4351
2020-12-01,1635467,31527370,19.6,19.6,19.15,19.25,-0.2,750,0.777589346753479,15.2408,14.9686,14.8908,15.2408
2020-12-02,1468178,28102559,19.3,19.3,19.05,19.2,-0.05,614,0.777589346753479,15.0075,14.9297,14.8131,15.0075
2020-12-03,1407749,26944571,19.1,19.3,19.05,19.1,-0.1,507,0.777589346753479,14.852,14.852,14.8131,15.0075
2020-12-04,2235765,43444147,19.2,19.6,19.2,19.4,0.3,823,0.777589346753479,14.9297,15.0852,14.9297,15.2408
2020-12-07,1517069,29449561,19.6,19.7,19.25,19.25,-0.15,666,0.777589346753479,15.2408,14.9686,14.9686,15.3185
2020-12-08,1048030,20293847,19.35,19.5,19.3,19.3,0.05,537,0.777589346753479,15.0464,15.0075,15.0075,15.163
2020-12-09,1030679,19971687,19.5,19.5,19.3,19.45,0.15,535,0.777589346753479,15.163,15.1241,15.0075,15.163
2020-12-10,2562752,50102107,19.45,19.75,19.3,19.4,-0.05,1045,0.777589346753479,15.1241,15.0852,15.0075,15.3574
2020-12-11,1579828,30586567,19.55,19.6,19.2,19.3,-0.1,584,0.777589346753479,15.2019,15.0075,14.9297,15.2408
2020-12-14,2128263,41777090,19.35,20.0,19.3,19.7,0.4,1031,0.777589346753479,15.0464,15.3185,15.0075,15.5518
2020-12-15,2391433,46831058,19.8,19.85,19.3,19.4,-0.3,1088,0.777589346753479,15.3963,15.0852,15.0075,15.4351
2020-12-16,898930,17528474,19.5,19.6,19.4,19.55,0.15,454,0.777589346753479,15.163,15.2019,15.0852,15.2408
2020-12-17,650596,12651706,19.55,19.6,19.35,19.45,-0.1,308,0.777589346753479,15.2019,15.1241,15.0464,15.2408
2020-12-18,814008,15825172,19.5,19.55,19.4,19.4,-0.05,365,0.777589346753479,15.163,15.0852,15.0852,15.2019
2020-12-21,4254486,84101381,19.4,20.0,19.3,19.9,0.5,1669,0.777589346753479,15.0852,15.474,15.0075,15.5518
2020-12-22,36762984,782991640,20.0,21.85,19.75,21.0,1.1,10774,0.777589346753479,15.5518,16.3294,15.3574,16.9903
2020-12-23,19195009,406268589,21.6,22.0,20.3,20.85,-0.15,6529,0.777589346753479,16.7959,16.2127,15.7851,17.107
2020-12-24,8405605,176995229,21.1,21.4,20.75,21.1,0.25,3796,0.777589346753479,16.4071,16.4071,16.135,16.6404
2020-12-25,6150103,131027119,21.6,21.6,21.1,21.2,0.1,2738,0.777589346753479,16.7959,16.4849,16.4071,16.7959
2020-12-28,4886233,102922345,21.2,21.35,20.9,21.1,-0.1,2162,0.777589346753479,16.4849,16.4071,16.2516,16.6015
2020-12-29,4083929,86309948,21.1,21.4,20.95,21.2,0.1,1712,0.777589346753479,16.4071,16.4849,16.2905,16.6404
2020-12-30,6918838,147696876,21.35,21.6,21.1,21.3,0.1,3033,0.777589346753479,16.6015,16.5627,16.4071,16.7959
2020-12-31,4751866,101625159,21.35,21.55,21.15,21.5,0.2,1993,0.777589346753479,16.6015,16.7182,16.446,16.7571
2021-01-04,5914496,126845630,21.7,21.75,21.15,21.4,-0.1,2795,0.777589346753479,16.8737,16.6404,16.446,16.9126
2021-01-05,2953688,63120226,21.3,21.5,21.15,21.5,0.1,1309,0.777589346753479,16.5627,16.7182,16.446,16.7182
2021-01-06,7675748,164659905,21.65,21.65,21.3,21.55,0.05,3182,0.777589346753479,16.8348,16.7571,16.5627,16.8348
2021-01-07,13175268,287427786,21.75,22.25,21.45,21.8,0.25,4954,0.777589346753479,16.9126,16.9514,16.6793,17.3014
2021-01-08,4343667,94541338,21.8,22.0,21.6,22.0,0.2,2148,0.777589346753479,16.9514,17.107,16.7959,17.107
2021-01-11,3677232,80829122,22.15,22.35,21.75,21.9,-0.1,1661,0.777589346753479,17.2236,17.0292,16.9126,17.3791
2021-01-12,5935993,127241501,21.85,21.85,21.15,21.5,-0.4,2843,0.777589346753479,16.9903,16.7182,16.446,16.9903
2021-01-13,2487780,53250493,21.5,21.5,21.2,21.45,-0.05,1238,0.777589346753479,16.7182,16.6793,16.4849,16.7182
2021-01-14,2480948,52673215,21.4,21.45,21.1,21.45,0.0,1146,0.777589346753479,16.6404,16.6793,16.4071,16.6793
2021-01-15,4759351,97918615,21.35,21.35,20.25,20.3,-1.15,2199,0.777589346753479,16.6015,15.7851,15.7462,16.6015
2021-01-18,4426421,86730351,20.05,20.05,19.25,19.5,-0.8,1890,0.777589346753479,15.5907,15.163,14.9686,15.5907
2021-01-19,1861596,36338543,19.5,19.8,19.35,19.4,-0.1,978,0.777589346753479,15.163,15.0852,15.0464,15.3963
2021-01-20,4668928,88689285,19.4,19.4,18.7,18.75,-0.65,1873,0.777589346753479,15.0852,14.5798,14.5409,15.0852
2021-01-21,1676208,31559030,18.75,19.15,18.65,18.75,0.0,918,0.777589346753479,14.5798,14.5798,14.502,14.8908
2021-01-22,1511672,28382729,18.65,19.0,18.65,18.8,0.05,724,0.777589346753479,14.502,14.6187,14.502,14.7742
2021-01-25,1398955,26503587,18.85,19.2,18.55,19.15,0.35,647,0.777589346753479,14.6576,14.8908,14.4243,14.9297
2021-01-26,1580975,29849384,19.1,19.2,18.75,18.85,-0.3,826,0.777589346753479,14.852,14.6576,14.5798,14.9297
2021-01-27,2329313,44381612,18.7,19.5,18.7,18.85,0.0,966,0.777589346753479,14.5409,14.6576,14.5409,15.163
2021-01-28,1427889,26804240,18.75,18.95,18.5,18.8,-0.05,641,0.777589346753479,14.5798,14.6187,14.3854,14.7353
2021-01-29,1837625,34932656,19.05,19.15,18.75,18.85,0.05,728,0.777589346753479,14.8131,14.6576,14.5798,14.8908
2021-02-01,4767148,93728591,19.05,20.2,18.95,20.0,1.15,2098,0.777589346753479,14.8131,15.5518,14.7353,15.7073
2021-02-02,2491033,49827070,19.65,20.3,19.6,20.1,0.1,1516,0.777589346753479,15.2796,15.6295,15.2408,15.7851
2021-02-03,2221643,44986784,20.1,20.45,19.9,20.3,0.2,1081,0.777589346753479,15.6295,15.7851,15.474,15.9017
2021-02-04,1504465,30669672,20.1,20.65,20.1,20.15,-0.15,1018,0.777589346753479,15.6295,15.6684,15.6295,16.0572
2021-02-05,1261270,25524807,20.15,20.45,20.1,20.1,-0.05,667,0.777589346753479,15.6684,15.6295,15.6295,15.9017
2021-02-17,1577001,32379136,20.3,20.7,20.3,20.55,0.45,742,0.777589346753479,15.7851,15.9795,15.7851,16.0961
2021-02-18,3959758,83844453,20.65,21.5,20.65,21.35,0.8,1748,0.777589346753479,16.0572,16.6015,16.0572,16.7182
2021-02-19,3700216,79475990,21.7,21.9,21.15,21.4,0.05,1859,0.777589346753479,16.8737,16.6404,16.446,17.0292
2021-02-22,2588714,56302969,21.55,22.2,21.5,21.6,0.2,1333,0.777589346753479,16.7571,16.7959,16.7182,17.2625
2021-02-23,5708429,125857599,22.0,22.4,21.75,22.3,0.7,2338,0.777589346753479,17.107,17.3402,16.9126,17.418
2021-02-24,4208851,93091624,22.4,22.55,21.7,21.8,-0.5,2069,0.777589346753479,17.418,16.9514,16.8737,17.5346
2021-02-25,5193510,116933152,22.0,22.9,22.0,22.5,0.7,2327,0.777589346753479,17.107,17.4958,17.107,17.8068
2021-02-26,3527899,79121401,22.1,22.7,22.0,22.55,0.05,1825,0.777589346753479,17.1847,17.5346,17.107,17.6513
2021-03-02,2738940,61426688,22.6,23.1,21.9,22.0,-0.55,1344,0.777589346753479,17.5735,17.107,17.0292,17.9623
2021-03-03,2678401,59971221,22.0,22.6,22.0,22.5,0.5,1082,0.777589346753479,17.107,17.4958,17.107,17.5735
2021-03-04,3115997,70959820,22.6,23.05,22.35,22.7,0.2,1436,0.777589346753479,17.5735,17.6513,17.3791,17.9234
2021-03-05,2924839,66610125,22.7,23.1,22.5,22.6,-0.1,1151,0.777589346753479,17.6513,17.5735,17.4958,17.9623
2021-03-08,11588857,285026694,23.4,24.85,23.25,24.85,2.25,3381,0.777589346753479,18.1956,19.3231,18.079,19.3231
2021-03-09,24381650,600265402,24.85,25.2,23.8,24.3,-0.55,9643,0.777589346753479,19.3231,18.8954,18.5066,19.5953
2021-03-10,15266393,365979232,24.25,24.35,23.7,23.9,-0.4,5972,0.777589346753479,18.8565,18.5844,18.4289,18.9343
2021-03-11,13972793,333377445,24.45,24.45,23.5,23.85,-0.05,6008,0.777589346753479,19.0121,18.5455,18.2733,19.0121
2021-03-12,9669092,229062638,24.0,24.0,23.45,23.75,-0.1,4019,0.777589346753479,18.6621,18.4677,18.2345,18.6621
2021-03-15,9456879,222118386,23.8,23.8,23.35,23.45,-0.3,3889,0.777589346753479,18.5066,18.2345,18.1567,18.5066
2021-03-16,13301775,303708550,23.3,23.35,22.6,22.7,-0.75,5773,0.777589346753479,18.1178,17.6513,17.5735,18.1567
2021-03-17,7405351,169398220,22.6,23.15,22.45,23.0,0.3,3100,0.777589346753479,17.5735,17.8846,17.4569,18.0012
2021-03-18,5415302,124978830,23.0,23.25,22.85,23.25,0.25,2621,0.777589346753479,17.8846,18.079,17.7679,18.079
2021-03-19,3444554,79423551,23.1,23.15,22.95,23.1,-0.15,1781,0.777589346753479,17.9623,17.9623,17.8457,18.0012
2021-03-22,7456276,173859298,23.2,23.5,23.05,23.4,0.3,3621,0.777589346753479,18.0401,18.1956,17.9234,18.2733
2021-03-23,5558397,130909091,23.65,23.7,23.45,23.45,0.05,2683,0.777589346753479,18.39,18.2345,18.2345,18.4289
2021-03-24,8777177,207555313,23.5,23.9,23.4,23.85,0.4,4106,0.777589346753479,18.2733,18.5455,18.1956,18.5844
2021-03-25,11787711,284050696,24.0,24.4,23.7,23.8,-0.05,5105,0.777589346753479,18.6621,18.5066,18.4289,18.9732
2021-03-26,11407345,276490111,24.0,24.6,23.65,24.45,0.65,4689,0.777589346753479,18.6621,19.0121,18.39,19.1287
2021-03-29,7141675,175445648,24.45,24.8,24.1,24.7,0.25,3356,0.777589346753479,19.0121,19.2065,18.7399,19.2842
2021-03-30,4391626,108145403,24.7,24.85,24.4,24.65,-0.05,1982,0.777589346753479,19.2065,19.1676,18.9732,19.3231
2021-03-31,3906450,96445486,24.7,24.9,24.55,24.6,-0.05,1711,0.777589346753479,19.2065,19.1287,19.0898,19.362
2021-04-01,5068819,124019610,24.75,24.9,24.2,24.5,-0.1,2172,0.777589346753479,19.2453,19.0509,18.8177,19.362
2021-04-06,12955260,327902827,24.85,25.85,24.8,25.75,1.25,5497,0.777589346753479,19.3231,20.0229,19.2842,20.1007
2021-04-07,7713450,195507085,25.95,25.95,25.05,25.35,-0.4,3684,0.777589346753479,20.1784,19.7119,19.4786,20.1784
2021-04-08,4707020,118644335,25.35,25.45,25.0,25.25,-0.1,2244,0.777589346753479,19.7119,19.6341,19.4397,19.7896
2021-04-09,6497582,166152368,25.3,25.9,25.2,25.75,0.5,2856,0.777589346753479,19.673,20.0229,19.5953,20.1396
2021-04-12,16933584,461656460,26.3,27.85,26.05,27.3,1.55,6934,0.777589346753479,20.4506,21.2282,20.2562,21.6559
2021-04-13,11300329,307051807,27.5,27.95,26.6,26.75,-0.55,4551,0.777589346753479,21.3837,20.8005,20.6839,21.7336
2021-04-14,10218694,275631393,26.6,27.75,26.2,27.0,0.25,4222,0.777589346753479,20.6839,20.9949,20.3728,21.5781
2021-04-15,32109122,926735710,27.2,29.65,27.2,28.9,1.9,11336,0.777589346753479,21.1504,22.4723,21.1504,23.0555
2021-04-16,55267164,1719807233,29.0,31.75,29.0,31.75,2.85,16766,0.777589346753479,22.5501,24.6885,22.5501,24.6885
2021-04-19,53204392,1788085065,32.8,34.65,32.0,34.65,2.9,21235,0.777589346753479,25.5049,26.9435,24.8829,26.9435
2021-04-20,46157259,1465063473,34.3,34.3,31.2,31.3,-3.35,19841,0.777589346753479,26.6713,24.3385,24.2608,26.6713
2021-04-21,19559510,608105740,31.1,31.85,30.1,31.35,0.05,8238,0.777589346753479,24.183,24.3774,23.4054,24.7662
2021-04-22,29363340,925372035,31.55,32.75,29.95,30.4,-0.95,11941,0.777589346753479,24.5329,23.6387,23.2888,25.4661
2021-04-23,13963194,413316018,30.25,30.6,29.2,29.75,-0.65,6083,0.777589346753479,23.5221,23.1333,22.7056,23.7942
2021-04-26,11011928,333451119,29.7,31.1,29.45,31.0,1.25,4773,0.777589346753479,23.0944,24.1053,22.9,24.183
2021-04-27,9241868,284668866,31.0,31.4,30.3,31.1,0.1,3987,0.777589346753479,24.1053,24.183,23.561,24.4163
2021-04-28,33549490,1077463242,30.95,33.15,30.85,33.15,2.05,12629,0.777589346753479,24.0664,25.7771,23.9886,25.7771
2021-04-29,59206963,2030167232,33.15,35.85,32.5,35.0,1.85,26412,0.777589346753479,25.7771,27.2156,25.2717,27.8766
2021-05-03,44446325,1577648133,35.5,36.65,34.3,34.75,-0.25,19299,0.777589346753479,27.6044,27.0212,26.6713,28.4986
2021-05-04,38995784,1279044072,35.2,36.05,31.3,31.45,-3.3,16244,0.777589346753479,27.3711,24.4552,24.3385,28.0321
2021-05-05,34330408,1127295620,31.85,34.1,31.0,33.0,1.55,14600,0.777589346753479,24.7662,25.6604,24.1053,26.5158
2021-05-06,38387423,1255644697,32.5,34.45,30.9,32.0,-1.0,16471,0.777589346753479,25.2717,24.8829,24.0275,26.788
2021-05-07,33211924,1004671436,32.0,32.5,28.9,29.95,-2.05,14053,0.777589346753479,24.8829,23.2888,22.4723,25.2717
2021-05-10,16332302,502800001,30.75,31.75,30.2,31.5,1.55,6790,0.777589346753479,23.9109,24.4941,23.4832,24.6885
2021-05-11,27224208,867262515,31.1,33.45,29.5,30.65,-0.85,11912,0.777589346753479,24.183,23.8331,22.9389,26.0104
2021-05-12,25757794,739792227,31.7,31.75,27.6,27.85,-2.8,11437,0.777589346753479,24.6496,21.6559,21.4615,24.6885
2021-05-13,16917303,443413077,25.3,27.6,25.1,25.95,-1.9,8011,0.777589346753479,19.673,20.1784,19.5175,21.4615
2021-05-14,19990434,523431735,26.55,27.95,25.0,26.0,0.05,8455,0.777589346753479,20.645,20.2173,19.4397,21.7336
2021-05-17,12246039,302064915,23.6,25.85,23.6,24.75,-1.25,4896,0.777589346753479,18.3511,19.2453,18.3511,20.1007
2021-05-18,12478695,328445100,25.3,27.2,25.05,26.8,2.05,4871,0.777589346753479,19.673,20.8394,19.4786,21.1504
2021-05-19,10092177,269542374,26.1,27.25,26.0,26.85,0.05,4011,0.777589346753479,20.2951,20.8783,20.2173,21.1893
2021-05-20,9475591,258429959,26.65,28.0,26.65,26.85,0.0,3906,0.777589346753479,20.7228,20.8783,20.7228,21.7725
2021-05-21,9423979,259175017,27.65,27.95,26.9,27.85,1.0,3515,0.777589346753479,21.5003,21.6559,20.9172,21.7336
2021-05-24,7737746,215027496,27.25,28.2,27.25,27.8,-0.05,2784,0.777589346753479,21.1893,21.617,21.1893,21.928
2021-05-25,12741422,383034039,28.5,30.55,28.45,30.55,2.75,4104,0.777589346753479,22.1613,23.7554,22.1224,23.7554
2021-05-26,24269120,719969905,31.0,31.05,28.9,29.4,-1.15,8685,0.777589346753479,24.1053,22.8611,22.4723,24.1441
2021-05-27,11597202,341309865,29.1,29.85,29.0,29.2,-0.2,3460,0.777589346753479,22.6278,22.7056,22.5501,23.211
2021-05-28,12581076,379220410,29.7,30.75,29.5,30.35,1.15,5146,0.777589346753479,23.0944,23.5998,22.9389,23.9109
2021-05-31,25338819,808706247,31.3,33.0,31.1,31.95,1.6,10618,0.777589346753479,24.3385,24.844,24.183,25.6604
2021-06-01,19771449,636859100,31.55,32.8,31.5,32.75,0.8,7819,0.777589346753479,24.5329,25.4661,24.4941,25.5049
2021-06-02,53545165,1848789935,33.8,35.8,33.0,33.4,0.65,21543,0.777589346753479,26.2825,25.9715,25.6604,27.8377
2021-06-03,22159128,756409632,34.2,35.0,33.55,33.8,0.4,9736,0.777589346753479,26.5936,26.2825,26.0881,27.2156
2021-06-04,12855258,434035201,34.4,34.4,33.25,33.5,-0.3,5176,0.777589346753479,26.7491,26.0492,25.8548,26.7491
2021-06-07,16930718,574430973,34.45,34.85,32.8,33.8,0.3,6598,0.777589346753479,26.788,26.2825,25.5049,27.099
2021-06-08,11919459,396785301,34.0,34.2,32.75,32.9,-0.9,5303,0.777589346753479,26.438,25.5827,25.4661,26.5936
2021-06-09,12187769,398749350,33.2,33.8,31.95,32.5,-0.4,5227,0.777589346753479,25.816,25.2717,24.844,26.2825
2021-06-10,9011530,286299353,32.7,32.7,31.05,32.1,-0.4,4030,0.777589346753479,25.4272,24.9606,24.1441,25.4272
2021-06-11,4170988,133725859,32.3,32.5,31.7,32.2,0.1,2246,0.777589346753479,25.1161,25.0384,24.6496,25.2717
2021-06-15,5329424,171472586,32.45,32.55,31.7,32.3,0.1,2371,0.777589346753479,25.2328,25.1161,24.6496,25.3105
2021-06-16,31100259,1040675146,32.7,35.0,32.4,32.65,0.35,13290,0.777589346753479,25.4272,25.3883,25.1939,27.2156
2021-06-17,8168291,269407695,32.5,33.55,32.5,33.0,0.35,3847,0.777589346753479,25.2717,25.6604,25.2717,26.0881
2021-06-18,9469531,304381312,32.65,32.85,31.8,31.9,-1.1,4294,0.777589346753479,25.3883,24.8051,24.7273,25.5438
2021-06-21,10075746,314699871,31.2,32.1,30.5,31.55,-0.35,4424,0.777589346753479,24.2608,24.5329,23.7165,24.9606
2021-06-22,14491203,477449819,32.8,33.6,32.25,33.25,1.7,7076,0.777589346753479,25.5049,25.8548,25.0773,26.127
2021-06-23,16406996,548893308,34.0,34.45,32.65,33.25,0.0,7575,0.777589346753479,26.438,25.8548,25.3883,26.788
2021-06-24,14851055,501662260,33.55,34.35,33.0,33.9,0.65,6119,0.777589346753479,26.0881,26.3603,25.6604,26.7102
2021-06-25,10536641,355696822,34.15,34.3,33.25,33.55,-0.35,4671,0.777589346753479,26.5547,26.0881,25.8548,26.6713
2021-06-28,10322122,348327462,33.8,34.25,33.4,33.8,0.25,4208,0.777589346753479,26.2825,26.2825,25.9715,26.6324
2021-06-29,15390398,517697603,34.3,34.55,33.0,33.2,-0.6,6293,0.777589346753479,26.6713,25.816,25.6604,26.8657
2021-06-30,29478218,1011501689,33.2,35.0,32.95,35.0,1.8,11384,0.777589346753479,25.816,27.2156,25.6216,27.2156
2021-07-01,23771978,911934046,37.5,38.5,37.4,38.5,3.5,6856,0.777589346753479,29.1596,29.9372,29.0818,29.9372
2021-07-02,156143015,6353172363,42.35,42.35,37.0,37.7,-0.8,50880,0.777589346753479,32.9309,29.3151,28.7708,32.9309
2021-07-05,44929741,1761610022,40.5,40.5,38.0,38.5,0.8,18221,0.777589346753479,31.4924,29.9372,29.5484,31.4924
2021-07-06,38281703,1501236038,38.6,40.3,37.45,40.0,1.5,16982,0.777589346753479,30.0149,31.1036,29.1207,31.3369
2021-07-07,36133970,1375112494,38.8,39.2,37.0,37.3,-2.7,17364,0.777589346753479,30.1705,29.0041,28.7708,30.4815
2021-07-08,15540138,585119583,37.65,38.15,37.1,37.95,0.65,6608,0.777589346753479,29.2762,29.5095,28.8486,29.665
2021-07-09,12039987,456507734,37.4,38.35,36.85,37.7,-0.25,5008,0.777589346753479,29.0818,29.3151,28.6542,29.8206
2021-07-12,9623008,364748465,38.5,38.6,37.5,37.55,-0.15,4191,0.777589346753479,29.9372,29.1985,29.1596,30.0149
2021-07-13,19993354,733379699,37.7,37.95,35.7,35.7,-1.85,8385,0.777589346753479,29.3151,27.7599,27.7599,29.5095
2021-07-14,11717955,426175125,35.95,37.05,35.6,36.75,1.05,5206,0.777589346753479,27.9543,28.5764,27.6822,28.8097
2021-07-15,10263008,383941530,36.75,38.05,36.1,38.05,1.3,5160,0.777589346753479,28.5764,29.5873,28.071,29.5873
2021-07-16,8149850,309585892,37.5,38.4,37.5,37.95,-0.1,3355,0.777589346753479,29.1596,29.5095,29.1596,29.8594
2021-07-19,11648271,447304033,37.25,39.2,37.25,38.75,0.8,5399,0.777589346753479,28.9652,30.1316,28.9652,30.4815
2021-07-20,12997713,483376522,37.55,38.5,36.7,37.0,-1.75,5526,0.777589346753479,29.1985,28.7708,28.5375,29.9372
2021-07-21,8951048,324995543,37.45,37.45,35.4,35.7,-1.3,4095,0.777589346753479,29.1207,27.7599,27.5267,29.1207
2021-07-22,5235389,189255431,36.5,36.7,35.7,35.75,0.05,2227,0.777589346753479,28.382,27.7988,27.7599,28.5375
2021-07-23,7381045,273653691,36.3,37.5,36.15,37.45,1.7,3359,0.777589346753479,28.2265,29.1207,28.1099,29.1596
2021-07-26,5459072,201980031,37.8,37.9,36.6,36.65,-0.8,2684,0.777589346753479,29.3929,28.4986,28.4598,29.4706
2021-07-27,5968836,215002279,36.7,36.75,35.55,35.6,-1.05,3206,0.777589346753479,28.5375,27.6822,27.6433,28.5764
2021-07-28,6335598,220536337,35.3,35.8,34.0,35.1,-0.5,3164,0.777589346753479,27.4489,27.2934,26.438,27.8377
2021-07-29,3725018,132186712,35.5,35.95,34.85,35.95,0.85,1712,0.777589346753479,27.6044,27.9543,27.099,27.9543
2021-07-30,4032683,143951870,35.95,36.2,35.1,35.5,-0.45,1716,0.777589346753479,27.9543,27.6044,27.2934,28.1487
2021-08-02,6665102,242950723,35.95,37.2,35.8,37.0,1.5,2739,0.777589346753479,27.9543,28.7708,27.8377,28.9263
2021-08-03,4703679,173350462,36.75,37.25,36.1,37.15,0.15,2408,0.777589346753479,28.5764,28.8874,28.071,28.9652
2021-08-04,5541183,206345888,37.15,37.65,36.9,37.25,0.1,2171,0.777589346753479,28.8874,28.9652,28.693,29.2762
2021-08-05,7448060,276746556,37.7,37.8,36.7,36.95,-0.3,3676,0.777589346753479,29.3151,28.7319,28.5375,29.3929
2021-08-06,11615410,439467532,37.4,38.35,36.9,37.6,0.65,5097,0.777589346753479,29.0818,29.2374,28.693,29.8206
2021-08-09,7459287,278670491,37.8,38.1,36.7,36.95,-0.65,3455,0.777589346753479,29.3929,28.7319,28.5375,29.6262
2021-08-10,6453803,238648824,36.85,37.6,36.4,36.9,-0.05,2573,0.777589346753479,28.6542,28.693,28.3043,29.2374
2021-08-11,6791331,247203547,36.95,37.1,35.55,35.9,-1.0,3033,0.777589346753479,28.7319,27.9155,27.6433,28.8486
2021-08-12,4814776,174184697,35.95,36.65,35.8,36.65,0.75,1749,0.777589346753479,27.9543,28.4986,27.8377,28.4986
2021-08-13,3812227,138325359,36.75,37.0,35.8,35.8,-0.85,1837,0.777589346753479,28.5764,27.8377,27.8377,28.7708
2021-08-16,5317459,186192085,35.7,35.95,34.45,34.65,-1.15,2765,0.777589346753479,27.7599,26.9435,26.788,27.9543
2021-08-17,5593660,196221092,34.8,35.8,34.2,34.35,-0.3,3012,0.777589346753479,27.0601,26.7102,26.5936,27.8377
2021-08-18,5046378,174280572,34.2,35.4,33.7,35.4,1.05,2272,0.777589346753479,26.5936,27.5267,26.2048,27.5267
2021-08-19,5121515,176612325,35.1,35.45,33.8,33.8,-1.6,2645,0.777589346753479,27.2934,26.2825,26.2825,27.5655
2021-08-20,3941744,132063807,34.0,34.3,33.05,33.05,-0.75,2210,0.777589346753479,26.438,25.6993,25.6993,26.6713
2021-08-23,4144900,140906688,33.3,34.45,33.3,34.35,1.3,1752,0.777589346753479,25.8937,26.7102,25.8937,26.788
2021-08-24,7120498,251860335,34.95,36.25,34.6,35.85,1.5,3187,0.777589346753479,27.1767,27.8766,26.9046,28.1876
2021-08-25,5825382,211011040,35.5,36.8,35.5,36.65,0.8,2468,0.777589346753479,27.6044,28.4986,27.6044,28.6153
2021-08-26,3744500,136641756,36.5,36.95,36.05,36.55,-0.1,1799,0.777589346753479,28.382,28.4209,28.0321,28.7319
2021-08-27,9076178,339261149,36.7,37.85,36.65,37.7,1.15,3755,0.777589346753479,28.5375,29.3151,28.4986,29.4318
2021-08-30,5605387,211038882,38.3,38.35,37.2,37.5,-0.2,2433,0.777589346753479,29.7817,29.1596,28.9263,29.8206
2021-08-31,4177634,156922171,37.7,37.75,37.3,37.65,0.15,1564,0.777589346753479,29.3151,29.2762,29.0041,29.354
2021-09-01,5743141,212929847,37.6,37.65,36.65,37.0,-0.65,2560,0.777589346753479,29.2374,28.7708,28.4986,29.2762
2021-09-02,3356651,118789337,35.4,35.65,35.1,35.1,0.0,1771,0.8199146716978831,29.025,28.779,28.779,29.23
2021-09-03,3789529,136177834,35.55,36.25,35.35,36.0,0.9,1850,0.8199146716978831,29.148,29.5169,28.984,29.7219
2021-09-06,3343879,118228562,36.1,36.1,35.05,35.05,-0.95,1840,0.8199146716978831,29.5989,28.738,28.738,29.5989
2021-09-07,11353480,415495765,35.05,37.35,35.0,37.3,2.25,4976,0.8199146716978831,28.738,30.5828,28.697,30.6238
2021-09-08,9852238,355597314,36.55,37.3,35.2,35.75,-1.55,4877,0.8199146716978831,29.9679,29.3119,28.861,30.5828
2021-09-09,1789432,63847905,35.45,36.0,35.3,35.8,0.05,986,0.8199146716978831,29.066,29.3529,28.943,29.5169
2021-09-10,11614017,432497225,36.0,37.8,35.95,37.6,1.8,5613,0.8199146716978831,29.5169,30.8288,29.4759,30.9928
2021-09-13,14132669,538632776,37.9,38.7,37.15,38.35,0.75,6537,0.8199146716978831,31.0748,31.4437,30.4598,31.7307
2021-09-14,8504151,326666854,38.5,38.8,37.85,38.7,0.35,4107,0.8199146716978831,31.5667,31.7307,31.0338,31.8127
2021-09-15,64521899,2558128188,38.95,42.0,37.5,38.8,0.1,25738,0.8199146716978831,31.9357,31.8127,30.7468,34.4364
2021-09-16,77069904,3218802350,40.0,42.65,39.9,42.65,3.85,28812,0.8199146716978831,32.7966,34.9694,32.7146,34.9694
2021-09-17,183580370,8005061055,42.75,44.75,42.25,43.8,1.15,73903,0.8199146716978831,35.0514,35.9123,34.6414,36.6912
2021-09-22,58384048,2535749773,43.25,44.75,41.85,41.9,-1.9,26784,0.8199146716978831,35.4613,34.3544,34.3134,36.6912
2021-09-23,67678506,3003344056,42.9,46.0,42.9,44.65,2.75,29557,0.8199146716978831,35.1743,36.6092,35.1743,37.7161
2021-09-24,69570065,3147204039,45.35,46.4,43.7,46.2,1.55,30344,0.8199146716978831,37.1831,37.8801,35.8303,38.044
2021-09-27,83313943,4073965896,47.45,50.5,47.0,49.35,3.15,39073,0.8199146716978831,38.905,40.4628,38.536,41.4057
2021-09-28,59432951,2925649220,49.45,50.4,48.25,49.0,-0.35,27872,0.8199146716978831,40.5448,40.1758,39.5609,41.3237
2021-09-29,134132161,6760542103,49.05,52.6,48.3,48.6,-0.4,59082,0.8199146716978831,40.2168,39.8479,39.6019,43.1275
2021-09-30,73607317,3482298419,49.6,49.9,45.65,45.95,-2.65,35860,0.8199146716978831,40.6678,37.6751,37.4291,40.9137
2021-10-01,62365022,2835510244,46.2,47.1,43.85,43.9,-2.05,25667,0.8199146716978831,37.8801,35.9943,35.9533,38.618
2021-10-04,45763835,2040400517,45.5,45.65,43.55,43.75,-0.15,20142,0.8199146716978831,37.3061,35.8713,35.7073,37.4291
2021-10-05,62698405,2842678066,43.45,48.0,43.35,47.05,3.3,27454,0.8199146716978831,35.6253,38.577,35.5433,39.3559
2021-10-06,71668908,3402831980,47.5,48.5,46.2,46.5,-0.55,32137,0.8199146716978831,38.9459,38.126,37.8801,39.7659
2021-10-07,58164750,2803911655,47.1,50.0,46.3,50.0,3.5,30822,0.8199146716978831,38.618,40.9957,37.962,40.9957
2021-10-08,61372545,3031808866,49.55,51.2,48.05,48.9,-1.1,31345,0.8199146716978831,40.6268,40.0938,39.3969,41.9796
2021-10-12,56422799,2681397902,49.05,50.3,45.3,45.7,-3.2,25723,0.8199146716978831,40.2168,37.4701,37.1421,41.2417
2021-10-13,34338701,1586855498,46.3,47.3,45.0,45.0,-0.7,18183,0.8199146716978831,37.962,36.8962,36.8962,38.782
2021-10-14,47517578,2021777869,45.3,46.15,41.05,41.55,-3.45,21402,0.8199146716978831,37.1421,34.0675,33.6575,37.8391
2021-10-15,31625129,1353366940,42.35,43.85,41.55,43.6,2.05,15556,0.8199146716978831,34.7234,35.7483,34.0675,35.9533
2021-10-18,41762810,1838846255,43.7,45.4,43.1,45.0,1.4,17240,0.8199146716978831,35.8303,36.8962,35.3383,37.2241
2021-10-19,28811139,1256821205,43.75,44.45,42.8,44.0,-1.0,13244,0.8199146716978831,35.8713,36.0762,35.0923,36.4452
2021-10-20,22536011,960084177,43.35,43.9,42.15,42.2,-1.8,10105,0.8199146716978831,35.5433,34.6004,34.5594,35.9943
2021-10-21,22524464,963774973,42.4,43.5,42.05,43.2,1.0,10612,0.8199146716978831,34.7644,35.4203,34.4774,35.6663
2021-10-22,28381065,1163508937,42.6,42.8,40.0,40.55,-2.65,14411,0.8199146716978831,34.9284,33.2475,32.7966,35.0923
2021-10-25,18363812,760946268,40.3,42.45,40.05,41.85,1.3,8955,0.8199146716978831,33.0426,34.3134,32.8376,34.8054
2021-10-26,28753981,1149999117,41.2,41.5,39.2,39.7,-2.15,13766,0.8199146716978831,33.7805,32.5506,32.1407,34.0265
2021-10-27,13704683,546372942,39.7,40.55,39.35,39.8,0.1,6664,0.8199146716978831,32.5506,32.6326,32.2636,33.2475
2021-10-28,19038004,740683682,39.4,39.6,38.4,38.9,-0.9,9469,0.8199146716978831,32.3046,31.8947,31.4847,32.4686
2021-10-29,13251129,517531792,39.05,39.65,38.65,39.05,0.15,6241,0.8199146716978831,32.0177,32.0177,31.6897,32.5096
2021-11-01,11356900,446357081,39.2,39.85,38.6,39.45,0.4,5709,0.8199146716978831,32.1407,32.3456,31.6487,32.6736
2021-11-02,14335637,560638572,39.8,40.1,38.3,38.35,-1.1,7091,0.8199146716978831,32.6326,31.4437,31.4027,32.8786
2021-11-03,14784827,582681754,38.85,39.85,38.45,39.4,1.05,7084,0.8199146716978831,31.8537,32.3046,31.5257,32.6736
2021-11-04,15634114,603346558,38.95,39.0,38.3,38.55,-0.85,8628,0.8199146716978831,31.9357,31.6077,31.4027,31.9767
2021-11-05,10865416,425308299,38.95,39.5,38.65,39.45,0.9,5872,0.8199146716978831,31.9357,32.3456,31.6897,32.3866
2021-11-08,13929576,555359094,39.9,40.65,39.35,39.55,0.1,7202,0.8199146716978831,32.7146,32.4276,32.2636,33.3295
2021-11-09,11976019,480840068,40.0,40.55,39.6,40.3,0.75,5836,0.8199146716978831,32.7966,33.0426,32.4686,33.2475
2021-11-10,36811044,1528305433,40.95,42.5,40.75,40.95,0.65,18086,0.8199146716978831,33.5755,33.5755,33.4115,34.8464
2021-11-11,20409234,811451846,40.6,40.95,39.05,39.15,-1.8,10726,0.8199146716978831,33.2885,32.0997,32.0177,33.5755
2021-11-12,9981213,388115807,38.85,39.25,38.55,38.85,-0.3,5009,0.8199146716978831,31.8537,31.8537,31.6077,32.1817
2021-11-15,9187421,351962143,39.1,39.15,38.0,38.25,-0.6,5167,0.8199146716978831,32.0587,31.3617,31.1568,32.0997
2021-11-16,10629379,402940570,38.15,38.7,37.5,37.7,-0.55,5927,0.8199146716978831,31.2797,30.9108,30.7468,31.7307
2021-11-17,5991118,226967476,37.75,38.2,37.35,38.1,0.4,3062,0.8199146716978831,30.9518,31.2387,30.6238,31.3207
2021-11-18,8780992,330119723,37.9,37.95,37.4,37.6,-0.5,4280,0.8199146716978831,31.0748,30.8288,30.6648,31.1158
2021-11-19,6887807,259005381,37.6,38.05,37.3,37.3,-0.3,3525,0.8199146716978831,30.8288,30.5828,30.5828,31.1978
2021-11-22,7275943,271162363,37.3,37.85,36.6,37.85,0.55,3975,0.8199146716978831,30.5828,31.0338,30.0089,31.0338
2021-11-23,6200629,232140820,37.7,38.2,37.2,37.2,-0.65,3323,0.8199146716978831,30.9108,30.5008,30.5008,31.3207
2021-11-24,12176391,459452092,37.5,38.1,37.3,37.85,0.65,4083,0.8199146716978831,30.7468,31.0338,30.5828,31.2387
2021-11-25,6949904,263159608,38.15,38.35,37.5,37.8,-0.05,3381,0.8199146716978831,31.2797,30.9928,30.7468,31.4437
2021-11-26,6739180,252959546,37.8,38.0,37.15,37.6,-0.2,3078,0.8199146716978831,30.9928,30.8288,30.4598,31.1568
2021-11-29,10229320,370921114,36.8,36.9,35.8,36.45,-1.15,6816,0.8199146716978831,30.1729,29.8859,29.3529,30.2549
2021-11-30,7751424,282821952,36.6,36.8,36.3,36.5,0.05,2731,0.8199146716978831,30.0089,29.9269,29.7629,30.1729
2021-12-01,7608906,282762620,36.5,37.7,36.15,37.6,1.1,3454,0.8199146716978831,29.9269,30.8288,29.6399,30.9108
2021-12-02,4926579,184073983,37.8,37.85,37.1,37.3,-0.3,2828,0.8199146716978831,30.9928,30.5828,30.4188,31.0338
2021-12-03,5403651,204458910,37.35,38.15,37.35,37.75,0.45,2649,0.8199146716978831,30.6238,30.9518,30.6238,31.2797
2021-12-06,2622083,98004827,37.75,37.75,37.2,37.35,-0.4,1519,0.8199146716978831,30.9518,30.6238,30.5008,30.9518
2021-12-07,4604010,174060141,37.6,38.1,37.6,37.75,0.4,2022,0.8199146716978831,30.8288,30.9518,30.8288,31.2387
2021-12-08,13374665,514980481,38.45,38.9,38.05,38.45,0.7,5998,0.8199146716978831,31.5257,31.5257,31.1978,31.8947
2021-12-09,6565047,249430561,38.65,38.7,37.6,37.75,-0.7,3489,0.8199146716978831,31.6897,30.9518,30.8288,31.7307
2021-12-10,7699872,284910147,37.5,37.5,36.75,36.95,-0.8,3967,0.8199146716978831,30.7468,30.2958,30.1319,30.7468
2021-12-13,8205483,299869690,36.85,37.1,36.25,36.35,-0.6,3431,0.8199146716978831,30.2139,29.8039,29.7219,30.4188
2021-12-14,5087898,185468088,36.35,37.0,36.05,36.1,-0.25,2527,0.8199146716978831,29.8039,29.5989,29.5579,30.3368
2021-12-15,2232603,80610567,36.1,36.25,35.9,36.1,0.0,1223,0.8199146716978831,29.5989,29.5989,29.4349,29.7219
2021-12-16,3229908,116435175,36.45,36.5,35.9,35.95,-0.15,1657,0.8199146716978831,29.8859,29.4759,29.4349,29.9269
2021-12-17,2804114,101880360,36.0,36.5,36.0,36.4,0.45,1443,0.8199146716978831,29.5169,29.8449,29.5169,29.9269
2021-12-20,2820744,103257907,36.65,36.8,36.45,36.55,0.15,1484,0.8199146716978831,30.0499,29.9679,29.8859,30.1729
2021-12-21,2910993,105908019,36.4,36.75,36.05,36.65,0.1,1515,0.8199146716978831,29.8449,30.0499,29.5579,30.1319
2021-12-22,4164819,153864970,36.85,37.15,36.65,36.7,0.05,1727,0.8199146716978831,30.2139,30.0909,30.0499,30.4598
2021-12-23,1974137,72334011,36.95,36.95,36.5,36.6,-0.1,1178,0.8199146716978831,30.2958,30.0089,29.9269,30.2958
2021-12-24,7726104,286353515,36.95,37.45,36.65,36.7,0.1,2930,0.8199146716978831,30.2958,30.0909,30.0499,30.7058
2021-12-27,2875340,104603336,36.85,36.85,36.15,36.35,-0.35,1683,0.8199146716978831,30.2139,29.8039,29.6399,30.2139
2021-12-28,2598808,95351220,36.55,36.95,36.45,36.85,0.5,1251,0.8199146716978831,29.9679,30.2139,29.8859,30.2958
2021-12-29,4199541,155767421,36.9,37.3,36.9,37.2,0.35,1947,0.8199146716978831,30.2549,30.5008,30.2549,30.5828
2021-12-30,3864676,142456192,37.25,37.35,36.55,36.65,-0.55,2213,0.8199146716978831,30.5418,30.0499,29.9679,30.6238
2022-01-03,4482215,162890869,36.9,36.9,36.15,36.15,-0.5,2663,0.8199146716978831,30.2549,29.6399,29.6399,30.2549
2022-01-04,3415278,122863004,36.15,36.2,35.9,35.95,-0.2,2241,0.8199146716978831,29.6399,29.4759,29.4349,29.6809
2022-01-05,3019737,108187065,36.0,36.15,35.65,35.7,-0.25,1906,0.8199146716978831,29.5169,29.271,29.23,29.6399
2022-01-06,2922855,104383370,35.7,35.95,35.55,35.7,0.0,2135,0.8199146716978831,29.271,29.271,29.148,29.4759
2022-01-07,53753134,2052572120,36.3,39.25,36.25,37.25,1.55,16748,0.8199146716978831,29.7629,30.5418,29.7219,32.1817
2022-01-10,9864554,366649823,37.2,37.7,36.7,37.3,0.05,5554,0.8199146716978831,30.5008,30.5828,30.0909,30.9108
2022-01-11,8522082,309881725,36.95,37.0,35.9,35.9,-1.4,4556,0.8199146716978831,30.2958,29.4349,29.4349,30.3368
2022-01-12,3400208,122591269,36.25,36.35,35.9,36.1,0.2,1797,0.8199146716978831,29.7219,29.5989,29.4349,29.8039
2022-01-13,3626503,132175384,36.35,36.75,36.25,36.25,0.15,1945,0.8199146716978831,29.8039,29.7219,29.7219,30.1319
2022-01-14,3954855,141570300,36.1,36.35,35.55,35.7,-0.55,2126,0.8199146716978831,29.5989,29.271,29.148,29.8039
2022-01-17,4310996,152259370,35.75,35.85,35.1,35.45,-0.25,2349,0.8199146716978831,29.3119,29.066,28.779,29.3939
2022-01-18,2494849,89198145,35.6,36.1,35.55,35.6,0.15,1370,0.8199146716978831,29.189,29.189,29.148,29.5989
2022-01-19,11612858,423409599,36.2,37.15,35.7,35.7,0.1,5827,0.8199146716978831,29.6809,29.271,29.271,30.4598
2022-01-20,2307843,82965809,36.0,36.15,35.75,35.9,0.2,1286,0.8199146716978831,29.5169,29.4349,29.3119,29.6399
2022-01-21,3950196,140741030,36.0,36.25,35.45,35.5,-0.4,2537,0.8199146716978831,29.5169,29.107,29.066,29.7219
2022-01-24,3733382,129653269,35.15,35.35,34.2,34.9,-0.6,2085,0.8199146716978831,28.82,28.615,28.0411,28.984
2022-01-25,2975151,102958268,34.55,34.85,34.4,34.55,-0.35,1692,0.8199146716978831,28.3281,28.3281,28.2051,28.574
2022-01-26,3117048,109580091,34.8,35.45,34.8,35.1,0.55,1783,0.8199146716978831,28.533,28.779,28.533,29.066
2022-02-07,8526951,310303640,35.75,36.8,35.55,36.75,1.65,4263,0.8199146716978831,29.3119,30.1319,29.148,30.1729
2022-02-08,4618710,169617106,36.75,37.0,36.15,36.85,0.1,2889,0.8199146716978831,30.1319,30.2139,29.6399,30.3368
2022-02-09,4852295,179837475,36.85,37.3,36.6,37.25,0.4,2716,0.8199146716978831,30.2139,30.5418,30.0089,30.5828
2022-02-10,4042948,151058278,37.45,37.6,37.1,37.25,0.0,2314,0.8199146716978831,30.7058,30.5418,30.4188,30.8288
2022-02-11,4335284,159700843,36.65,37.25,36.65,36.9,-0.35,3052,0.8199146716978831,30.0499,30.2549,30.0499,30.5418
2022-02-14,13311705,494329402,37.5,38.1,36.45,36.45,-0.45,7847,0.8199146716978831,30.7468,29.8859,29.8859,31.2387
2022-02-15,2978638,108334702,36.25,36.6,36.2,36.25,-0.2,1813,0.8199146716978831,29.7219,29.7219,29.6809,30.0089
2022-02-16,4005694,144807658,36.35,36.5,35.95,36.2,-0.05,2111,0.8199146716978831,29.8039,29.6809,29.4759,29.9269
2022-02-17,2122782,77144474,36.3,36.6,36.2,36.25,0.05,1111,0.8199146716978831,29.7629,29.7219,29.6809,30.0089
2022-02-18,1821641,66366144,36.25,36.6,36.15,36.4,0.15,950,0.8199146716978831,29.7219,29.8449,29.6399,30.0089
2022-02-21,4779824,176614471,36.7,37.2,36.6,37.0,0.6,2577,0.8199146716978831,30.0909,30.3368,30.0089,30.5008
2022-02-22,6937796,254864468,37.3,37.6,36.2,36.25,-0.75,3442,0.8199146716978831,30.5828,29.7219,29.6809,30.8288
2022-02-23,3240085,119304380,36.8,37.3,36.35,37.1,0.85,1613,0.8199146716978831,30.1729,30.4188,29.8039,30.5828
2022-02-24,5478160,201727010,36.8,37.3,36.25,36.35,-0.75,2603,0.8199146716978831,30.1729,29.8039,29.7219,30.5828
2022-02-25,3605056,132199461,36.65,37.0,36.35,36.6,0.25,1927,0.8199146716978831,30.0499,30.0089,29.8039,30.3368
2022-03-01,11793127,442188407,37.3,37.85,37.1,37.6,1.0,4530,0.8199146716978831,30.5828,30.8288,30.4188,31.0338
2022-03-02,26185478,1003954572,38.65,38.95,37.7,38.3,0.7,11571,0.8199146716978831,31.6897,31.4027,30.9108,31.9357
2022-03-03,36919796,1461730015,39.05,40.45,38.6,40.25,1.95,16913,0.8199146716978831,32.0177,33.0016,31.6487,33.1655
2022-03-04,30721080,1194439545,40.0,40.0,38.35,38.35,-1.9,17704,0.8199146716978831,32.7966,31.4437,31.4437,32.7966
2022-03-07,19660135,746466287,38.5,39.05,36.85,37.1,-1.25,9434,0.8199146716978831,31.5667,30.4188,30.2139,32.0177
2022-03-08,13937275,502710076,36.75,37.15,35.2,35.2,-1.9,7079,0.8199146716978831,30.1319,28.861,28.861,30.4598
2022-03-09,7670389,276626336,35.7,36.85,35.1,36.85,1.65,3593,0.8199146716978831,29.271,30.2139,28.779,30.2139
2022-03-10,12024264,447243402,36.9,37.8,36.35,37.8,0.95,5514,0.8199146716978831,30.2549,30.9928,29.8039,30.9928
2022-03-11,8605463,326159945,37.65,38.2,37.45,38.0,0.2,4275,0.8199146716978831,30.8698,31.1568,30.7058,31.3207
2022-03-14,5536767,210495487,38.25,38.5,37.75,38.0,0.0,2919,0.8199146716978831,31.3617,31.1568,30.9518,31.5667
2022-03-15,5568814,208301279,38.0,38.0,37.1,37.25,-0.75,2818,0.8199146716978831,31.1568,30.5418,30.4188,31.1568
2022-03-16,3997211,148923970,37.5,37.8,36.8,36.9,-0.35,2205,0.8199146716978831,30.7468,30.2549,30.1729,30.9928
2022-03-17,5912188,223867765,37.7,38.15,37.4,38.15,1.25,2769,0.8199146716978831,30.9108,31.2797,30.6648,31.2797
2022-03-18,4812406,184280469,38.4,38.5,37.95,38.45,0.3,2399,0.8199146716978831,31.4847,31.5257,31.1158,31.5667
2022-03-21,6462174,250683255,38.7,39.1,38.5,38.7,0.25,3350,0.8199146716978831,31.7307,31.7307,31.5667,32.0587
2022-03-22,5904358,228721914,39.0,39.2,38.3,38.6,-0.1,3065,0.8199146716978831,31.9767,31.6487,31.4027,32.1407
2022-03-23,6087071,232682252,38.75,38.8,37.9,38.15,-0.45,2922,0.8199146716978831,31.7717,31.2797,31.0748,31.8127
2022-03-24,2599817,99145022,38.2,38.35,37.9,38.3,0.15,1412,0.8199146716978831,31.3207,31.4027,31.0748,31.4437
2022-03-25,4421495,168859397,38.5,38.55,37.9,38.0,-0.3,2141,0.8199146716978831,31.5667,31.1568,31.0748,31.6077
2022-03-28,2732977,102315477,37.65,37.8,37.1,37.75,-0.25,1606,0.8199146716978831,30.8698,30.9518,30.4188,30.9928
2022-03-29,2821009,105713246,37.8,37.8,37.3,37.5,-0.25,1546,0.8199146716978831,30.9928,30.7468,30.5828,30.9928
2022-03-30,3584649,136101703,37.7,38.2,37.7,38.0,0.5,1681,0.8199146716978831,30.9108,31.1568,30.9108,31.3207
2022-03-31,1998765,75635411,38.05,38.05,37.7,37.7,-0.3,1184,0.8199146716978831,31.1978,30.9108,30.9108,31.1978
2022-04-01,1904696,71102455,37.4,37.55,37.05,37.5,-0.2,1077,0.8199146716978831,30.6648,30.7468,30.3778,30.7878
2022-04-06,2558539,94920606,37.15,37.3,37.0,37.2,-0.3,1656,0.8199146716978831,30.4598,30.5008,30.3368,30.5828
2022-04-07,3176392,117816673,37.2,37.5,36.85,36.9,-0.3,1736,0.8199146716978831,30.5008,30.2549,30.2139,30.7468
2022-04-08,1419720,52508687,36.95,37.1,36.85,37.0,0.1,1020,0.8199146716978831,30.2958,30.3368,30.2139,30.4188
2022-04-11,3858188,140783908,37.0,37.25,36.05,36.05,-0.95,2138,0.8199146716978831,30.3368,29.5579,29.5579,30.5418
2022-04-12,2817514,101215978,36.1,36.3,35.7,35.85,-0.2,1518,0.8199146716978831,29.5989,29.3939,29.271,29.7629
2022-04-13,1625481,59001668,36.05,36.6,35.95,36.6,0.75,925,0.8199146716978831,29.5579,30.0089,29.4759,30.0089
2022-04-14,1161803,42636979,36.7,36.9,36.6,36.6,0.0,779,0.8199146716978831,30.0909,30.0089,30.0089,30.2549
2022-04-15,1535765,55990821,36.55,36.65,36.25,36.5,-0.1,912,0.8199146716978831,29.9679,29.9269,29.7219,30.0499
2022-04-18,1819348,65693374,36.35,36.35,36.0,36.1,-0.4,1075,0.8199146716978831,29.8039,29.5989,29.5169,29.8039
2022-04-19,1984565,73073160,36.4,37.1,36.35,36.8,0.7,1155,0.8199146716978831,29.8449,30.1729,29.8039,30.4188
2022-04-20,1388039,51246442,37.15,37.15,36.75,36.75,-0.05,881,0.8199146716978831,30.4598,30.1319,30.1319,30.4598
2022-04-21,2700564,100564624,36.95,37.5,36.8,37.3,0.55,1426,0.8199146716978831,30.2958,30.5828,30.1729,30.7468
2022-04-22,1970364,73553609,37.1,37.5,37.0,37.45,0.15,1195,0.8199146716978831,30.4188,30.7058,30.3368,30.7468
2022-04-25,4908897,178023231,36.9,36.9,36.0,36.0,-1.45,2741,0.8199146716978831,30.2549,29.5169,29.5169,30.2549
2022-04-26,1778060,64554785,36.4,36.7,36.1,36.15,0.15,1120,0.8199146716978831,29.8449,29.6399,29.5989,30.0909
2022-04-27,3449649,120859731,35.0,35.3,34.65,35.15,-1.0,1929,0.8199146716978831,28.697,28.82,28.41,28.943
2022-04-28,5381297,195658800,35.65,36.95,35.6,36.85,1.7,2770,0.8199146716978831,29.23,30.2139,29.189,30.2958
2022-04-29,2737054,101012659,37.45,37.45,36.55,36.6,-0.25,1742,0.8199146716978831,30.7058,30.0089,29.9679,30.7058
2022-05-03,1457937,52665458,36.3,36.5,35.85,36.5,-0.1,957,0.8199146716978831,29.7629,29.9269,29.3939,29.9269
2022-05-04,1176441,42821678,36.5,36.65,36.2,36.25,-0.25,717,0.8199146716978831,29.9269,29.7219,29.6809,30.0499
2022-05-05,1029432,37586824,36.6,36.8,36.35,36.35,0.1,722,0.8199146716978831,30.0089,29.8039,29.8039,30.1729
2022-05-06,21897681,719326145,33.1,33.4,32.75,32.75,-3.6,10271,0.8199146716978831,27.1392,26.8522,26.8522,27.3852
2022-05-09,11047745,334364887,31.75,31.8,29.5,29.5,-3.25,6160,0.8199146716978831,26.0323,24.1875,24.1875,26.0733
2022-05-10,6904847,197723457,28.15,29.2,28.05,29.05,-0.45,3589,0.8199146716978831,23.0806,23.8185,22.9986,23.9415
2022-05-11,4923066,139536192,28.8,29.0,28.15,28.25,-0.8,3190,0.8199146716978831,23.6135,23.1626,23.0806,23.7775
2022-05-12,5807393,160556442,28.1,28.3,27.2,27.2,-1.05,3706,0.8199146716978831,23.0396,22.3017,22.3017,23.2036
2022-05-13,2906197,79898717,27.35,27.8,27.2,27.55,0.35,1693,0.8199146716978831,22.4247,22.5886,22.3017,22.7936
2022-05-16,3146479,88456981,27.75,28.35,27.75,28.15,0.6,1655,0.8199146716978831,22.7526,23.0806,22.7526,23.2446
2022-05-17,2579884,73491352,28.25,28.65,28.25,28.55,0.4,1531,0.8199146716978831,23.1626,23.4086,23.1626,23.4906
2022-05-18,2245529,64763883,28.5,29.15,28.3,29.1,0.55,1364,0.8199146716978831,23.3676,23.8595,23.2036,23.9005
2022-05-19,2024291,58155226,28.5,29.1,28.3,29.05,-0.05,1280,0.8199146716978831,23.3676,23.8185,23.2036,23.8595
2022-05-20,1424989,41496328,29.35,29.35,29.0,29.1,0.05,973,0.8199146716978831,24.0645,23.8595,23.7775,24.0645
2022-05-23,2355829,67946827,29.15,29.35,28.65,28.8,-0.3,1508,0.8199146716978831,23.9005,23.6135,23.4906,24.0645
2022-05-24,1911972,54988098,28.9,29.1,28.55,28.55,-0.25,1167,0.8199146716978831,23.6955,23.4086,23.4086,23.8595
2022-05-25,2525365,73227777,28.6,29.2,28.6,29.1,0.55,1856,0.8199146716978831,23.4496,23.8595,23.4496,23.9415
2022-05-26,963392,27976245,29.1,29.25,28.9,28.9,-0.2,712,0.8199146716978831,23.8595,23.6955,23.6955,23.9825
2022-05-27,1980230,57343659,29.1,29.25,28.8,28.8,-0.1,1248,0.8199146716978831,23.8595,23.6135,23.6135,23.9825
2022-05-30,2631547,77382007,29.1,29.6,29.05,29.55,0.75,1640,0.8199146716978831,23.8595,24.2285,23.8185,24.2695
2022-05-31,1860382,54687511,29.6,29.6,29.2,29.55,0.0,1361,0.8199146716978831,24.2695,24.2285,23.9415,24.2695
2022-06-01,2491783,73453286,29.5,29.8,29.3,29.35,-0.2,1353,0.8199146716978831,24.1875,24.0645,24.0235,24.4335
2022-06-02,1857831,54219819,29.25,29.4,29.1,29.2,-0.15,1270,0.8199146716978831,23.9825,23.9415,23.8595,24.1055
2022-06-06,2427907,71727910,29.5,29.75,29.35,29.45,0.25,1466,0.8199146716978831,24.1875,24.1465,24.0645,24.3925
2022-06-07,2128074,62595557,29.5,29.65,29.2,29.45,0.0,1331,0.8199146716978831,24.1875,24.1465,23.9415,24.3105
2022-06-08,1609175,47553436,29.55,29.75,29.4,29.5,0.05,1120,0.8199146716978831,24.2285,24.1875,24.1055,24.3925
2022-06-09,2451445,73343600,29.8,30.2,29.75,30.0,0.5,1471,0.8199146716978831,24.4335,24.5974,24.3925,24.7614
2022-06-10,1965244,58782306,29.8,30.15,29.6,30.0,0.0,1222,0.8199146716978831,24.4335,24.5974,24.2695,24.7204
2022-06-13,1699841,50515552,29.7,29.8,29.5,29.8,-0.2,1033,0.8199146716978831,24.3515,24.4335,24.1875,24.4335
2022-06-14,1560455,46450679,29.75,29.95,29.55,29.9,0.1,997,0.8199146716978831,24.3925,24.5154,24.2285,24.5564
2022-06-15,2985053,90740728,30.15,30.6,30.1,30.4,0.5,1932,0.8199146716978831,24.7204,24.9254,24.6794,25.0894
2022-06-16,3434130,104162369,30.8,30.85,29.8,29.85,-0.55,1976,0.8199146716978831,25.2534,24.4745,24.4335,25.2944
2022-06-17,2395837,70557081,29.5,29.75,29.25,29.35,-0.5,1356,0.8199146716978831,24.1875,24.0645,23.9825,24.3925
2022-06-20,3490865,100165724,29.55,29.55,28.2,28.25,-1.1,1996,0.8199146716978831,24.2285,23.1626,23.1216,24.2285
2022-06-21,1600676,45996183,28.35,29.15,28.3,29.1,0.85,927,0.8199146716978831,23.2446,23.8595,23.2036,23.9005
2022-06-22,2094562,59856019,29.35,29.35,28.15,28.35,-0.75,1223,0.8199146716978831,24.0645,23.2446,23.0806,24.0645
2022-06-23,1386706,39559679,28.45,28.95,28.2,28.5,0.15,842,0.8199146716978831,23.3266,23.3676,23.1216,23.7365
2022-06-24,1215732,35186917,28.5,29.15,28.5,28.9,0.4,817,0.8199146716978831,23.3676,23.6955,23.3676,23.9005
2022-06-27,1314803,38581790,29.3,29.45,29.15,29.4,0.5,764,0.8199146716978831,24.0235,24.1055,23.9005,24.1465
2022-06-28,1144817,33772976,29.4,29.4,28.9,29.1,-0.3,633,0.8199146716978831,24.1055,23.8595,23.6955,24.1055
2022-06-29,844414,24605860,28.85,29.1,28.8,29.0,-0.1,482,0.8199146716978831,23.6545,23.7775,23.6135,23.8595
2022-06-30,1862959,52804486,29.05,29.05,28.15,28.2,-0.8,1166,0.8199146716978831,23.8185,23.1216,23.0806,23.8185
2022-07-01,3403877,93628032,28.15,28.2,27.1,27.1,-1.1,1834,0.8199146716978831,23.0806,22.2197,22.2197,23.1216
2022-07-04,1198799,32606599,27.0,27.65,26.8,27.25,0.15,745,0.8199146716978831,22.1377,22.3427,21.9737,22.6706
2022-07-05,1642234,45684940,27.45,28.2,27.45,28.15,0.9,908,0.8199146716978831,22.5067,23.0806,22.5067,23.1216
2022-07-06,1378397,37928048,28.15,28.15,27.2,27.25,-0.9,923,0.8199146716978831,23.0806,22.3427,22.3017,23.0806
2022-07-07,1565558,43057858,27.5,27.9,26.95,27.75,0.5,882,0.8199146716978831,22.5477,22.7526,22.0967,22.8756
2022-07-08,1123281,31527909,28.05,28.35,27.8,27.95,0.2,653,0.8199146716978831,22.9986,22.9166,22.7936,23.2446
2022-07-11,1088337,30124304,28.05,28.25,27.5,27.55,-0.4,654,0.8199146716978831,22.9986,22.5886,22.5477,23.1626
2022-07-12,4839788,126457383,27.25,27.25,25.6,25.7,-1.85,2973,0.8199146716978831,22.3427,21.0718,20.9898,22.3427
2022-07-13,3950456,107532348,26.35,27.75,26.25,27.35,1.65,2284,0.8199146716978831,21.6048,22.4247,21.5228,22.7526
2022-07-14,1462325,40047333,27.0,27.75,26.8,27.75,0.4,890,0.8199146716978831,22.1377,22.7526,21.9737,22.7526
2022-07-15,1268214,34839368,27.9,27.9,27.15,27.6,-0.15,828,0.8199146716978831,22.8756,22.6296,22.2607,22.8756
2022-07-18,2035886,56627370,27.65,28.1,27.55,28.05,0.45,1043,0.8199146716978831,22.6706,22.9986,22.5886,23.0396
2022-07-19,1894025,54090035,28.1,28.8,27.95,28.75,0.7,1088,0.8199146716978831,23.0396,23.5725,22.9166,23.6135
2022-07-20,1838926,53154118,29.05,29.2,28.7,28.75,0.0,1084,0.8199146716978831,23.8185,23.5725,23.5316,23.9415
2022-07-21,1675646,48628828,28.95,29.15,28.8,29.1,0.35,862,0.8199146716978831,23.7365,23.8595,23.6135,23.9005
2022-07-22,1821546,52852732,29.2,29.2,28.85,28.85,-0.25,874,0.8199146716978831,23.9415,23.6545,23.6545,23.9415
2022-07-25,3496825,102204331,28.85,29.55,28.75,29.45,0.6,1341,0.8199146716978831,23.6545,24.1465,23.5725,24.2285
2022-07-26,3898594,115104074,30.3,30.3,29.05,29.05,-0.4,1730,0.8199146716978831,24.8434,23.8185,23.8185,24.8434
2022-07-27,4599067,133195341,29.05,29.2,28.7,29.05,0.0,1882,0.8199146716978831,23.8185,23.8185,23.5316,23.9415
2022-07-28,5726898,150245819,26.55,26.65,25.8,25.85,0.0,2053,0.9143386262120348,24.2757,23.6357,23.5899,24.3671
2022-07-29,1785179,46016898,26.05,26.1,25.6,25.85,0.0,1187,0.9143386262120348,23.8185,23.6357,23.4071,23.8642
2022-08-01,1641843,42239254,26.0,26.35,25.7,26.3,0.45,916,0.9143386262120348,23.7728,24.0471,23.4985,24.0928
2022-08-02,1360433,35368855,26.1,26.2,25.8,25.9,-0.4,1018,0.9143386262120348,23.8642,23.6814,23.5899,23.9557
2022-08-03,1769959,45127712,25.9,26.0,25.25,25.3,-0.6,1099,0.9143386262120348,23.6814,23.1328,23.0871,23.7728
2022-08-04,2514036,61886199,25.3,25.55,24.15,24.45,-0.85,1632,0.9143386262120348,23.1328,22.3556,22.0813,23.3614
2022-08-05,1046458,26139284,24.7,25.15,24.7,25.1,0.65,789,0.9143386262120348,22.5842,22.9499,22.5842,22.9956
2022-08-08,1047063,26541370,25.0,25.6,24.95,25.55,0.45,710,0.9143386262120348,22.8585,23.3614,22.8127,23.4071
2022-08-09,2616711,68387372,25.6,26.45,25.4,26.4,0.85,1652,0.9143386262120348,23.4071,24.1385,23.2242,24.1843
2022-08-10,2951069,79252971,26.3,27.1,26.3,27.0,0.6,1711,0.9143386262120348,24.0471,24.6871,24.0471,24.7786
2022-08-11,1316504,35776265,27.45,27.45,26.95,27.2,0.2,931,0.9143386262120348,25.0986,24.87,24.6414,25.0986
2022-08-12,1539427,42076288,27.35,27.55,27.25,27.3,0.1,891,0.9143386262120348,25.0072,24.9614,24.9157,25.19
2022-08-15,1747925,47875386,27.25,27.6,27.15,27.4,0.1,961,0.9143386262120348,24.9157,25.0529,24.8243,25.2357
2022-08-16,1235120,33605003,27.6,27.6,26.95,27.15,-0.25,811,0.9143386262120348,25.2357,24.8243,24.6414,25.2357
2022-08-17,1798773,49390424,27.15,27.65,27.15,27.45,0.3,840,0.9143386262120348,24.8243,25.0986,24.8243,25.2815
2022-08-18,620632,16978589,27.4,27.55,27.15,27.4,-0.05,475,0.9143386262120348,25.0529,25.0529,24.8243,25.19
2022-08-19,1028581,28245908,27.55,27.7,27.2,27.6,0.2,718,0.9143386262120348,25.19,25.2357,24.87,25.3272
2022-08-22,705412,19295434,27.3,27.55,27.1,27.35,-0.25,535,0.9143386262120348,24.9614,25.0072,24.7786,25.19
2022-08-23,717106,19587901,27.25,27.55,27.1,27.3,-0.05,483,0.9143386262120348,24.9157,24.9614,24.7786,25.19
2022-08-24,2338861,65164503,27.35,28.3,27.35,27.7,0.4,1293,0.9143386262120348,25.0072,25.3272,25.0072,25.8758
2022-08-25,3730115,105252778,28.0,28.65,27.65,28.2,0.5,1692,0.9143386262120348,25.6015,25.7843,25.2815,26.1958
2022-08-26,4670975,132473967,28.6,28.65,28.1,28.1,-0.1,2317,0.9143386262120348,26.1501,25.6929,25.6929,26.1958
2022-08-29,2241420,60863341,27.25,27.45,27.0,27.0,-1.1,1703,0.9143386262120348,24.9157,24.6871,24.6871,25.0986
2022-08-30,743544,20235640,27.1,27.35,27.0,27.3,0.3,500,0.9143386262120348,24.7786,24.9614,24.6871,25.0072
2022-08-31,851245,23331151,27.35,27.6,27.15,27.45,0.15,536,0.9143386262120348,25.0072,25.0986,24.8243,25.2357
2022-09-01,1323035,35804089,27.25,27.3,26.9,27.05,-0.4,814,0.9143386262120348,24.9157,24.7329,24.5957,24.9614
2022-09-02,784982,21169350,27.05,27.25,26.9,26.95,-0.1,611,0.9143386262120348,24.7329,24.6414,24.5957,24.9157
2022-09-05,683710,18310320,27.05,27.1,26.65,26.7,-0.25,542,0.9143386262120348,24.7329,24.4128,24.3671,24.7786
2022-09-06,653346,17354219,26.95,26.95,26.4,26.45,-0.25,466,0.9143386262120348,24.6414,24.1843,24.1385,24.6414
2022-09-07,959122,25102541,26.4,26.45,26.05,26.1,-0.35,751,0.9143386262120348,24.1385,23.8642,23.8185,24.1843
2022-09-08,2662147,72511182,27.0,27.5,26.8,27.45,1.35,1545,0.9143386262120348,24.6871,25.0986,24.5043,25.1443
2022-09-12,4344908,122320458,27.8,28.45,27.65,28.45,1.0,2449,0.9143386262120348,25.4186,26.0129,25.2815,26.0129
2022-09-13,6603517,191330257,28.85,29.25,28.7,29.0,0.55,3481,0.9143386262120348,26.3787,26.5158,26.2415,26.7444
2022-09-14,3057703,87234537,28.4,29.0,28.1,28.95,-0.05,1938,0.9143386262120348,25.9672,26.4701,25.6929,26.5158
2022-09-15,2522522,73215529,29.0,29.2,28.7,29.05,0.1,1337,0.9143386262120348,26.5158,26.5615,26.2415,26.6987
2022-09-16,2272153,65997013,29.05,29.3,28.8,29.05,0.0,1311,0.9143386262120348,26.5615,26.5615,26.333,26.7901
2022-09-19,2694078,78451007,29.1,29.35,28.75,29.2,0.15,1342,0.9143386262120348,26.6073,26.6987,26.2872,26.8358
2022-09-20,1671813,48762556,29.45,29.5,29.05,29.15,-0.05,941,0.9143386262120348,26.9273,26.653,26.5615,26.973
2022-09-21,2742443,80354113,29.2,29.6,28.95,29.15,0.0,1540,0.9143386262120348,26.6987,26.653,26.4701,27.0644
2022-09-22,2039324,59627236,29.15,29.5,28.75,29.5,0.35,1298,0.9143386262120348,26.653,26.973,26.2872,26.973
2022-09-23,2998950,87921675,29.55,29.8,28.7,29.15,-0.35,1507,0.9143386262120348,27.0187,26.653,26.2415,27.2473
2022-09-26,3157064,88240555,28.9,28.9,27.6,27.6,-1.55,2375,0.9143386262120348,26.4244,25.2357,25.2357,26.4244
2022-09-27,1882490,52829650,27.65,28.3,27.65,28.15,0.55,1136,0.9143386262120348,25.2815,25.7386,25.2815,25.8758
2022-09-28,3149120,85747002,28.0,28.15,26.15,26.65,-1.5,1660,0.9143386262120348,25.6015,24.3671,23.91,25.7386
2022-09-29,1908544,52837753,27.15,28.1,27.15,27.95,1.3,1328,0.9143386262120348,24.8243,25.5558,24.8243,25.6929
2022-09-30,2075414,57584685,27.55,28.35,26.85,28.35,0.4,1309,0.9143386262120348,25.19,25.9215,24.55,25.9215
2022-10-03,1289407,36263036,27.8,28.45,27.75,28.05,-0.3,919,0.9143386262120348,25.4186,25.6472,25.3729,26.0129
2022-10-04,935496,26521700,28.45,28.6,28.15,28.35,0.3,671,0.9143386262120348,26.0129,25.9215,25.7386,26.1501
2022-10-05,2213670,62028009,28.45,28.45,27.75,27.8,-0.55,1416,0.9143386262120348,26.0129,25.4186,25.3729,26.0129
2022-10-06,1008379,28007645,27.8,28.0,27.6,27.95,0.15,645,0.9143386262120348,25.4186,25.5558,25.2357,25.6015
2022-10-07,933950,26034859,27.7,28.0,27.7,27.9,-0.05,584,0.9143386262120348,25.3272,25.51,25.3272,25.6015
2022-10-11,4876075,125497440,26.9,26.9,25.35,25.4,-2.5,2531,0.9143386262120348,24.5957,23.2242,23.1785,24.5957
2022-10-12,2802358,69796965,25.55,25.6,24.6,24.75,-0.65,1327,0.9143386262120348,23.3614,22.6299,22.4927,23.4071
2022-10-13,2482198,59477282,24.9,24.95,23.4,23.55,-1.2,1608,0.9143386262120348,22.767,21.5327,21.3955,22.8127
2022-10-14,1476603,35815155,23.9,24.5,23.85,24.45,0.9,914,0.9143386262120348,21.8527,22.3556,21.807,22.4013
2022-10-17,1393668,33009062,24.1,24.15,23.35,24.0,-0.45,845,0.9143386262120348,22.0356,21.9441,21.3498,22.0813
2022-10-18,788696,19194169,24.3,24.6,24.05,24.5,0.5,564,0.9143386262120348,22.2184,22.4013,21.9898,22.4927
2022-10-19,1220705,29874516,24.55,24.7,24.2,24.55,0.05,606,0.9143386262120348,22.447,22.447,22.127,22.5842
2022-10-20,1361751,33116609,24.4,24.85,23.6,24.85,0.3,790,0.9143386262120348,22.3099,22.7213,21.5784,22.7213
2022-10-21,1164325,28859390,24.85,25.0,24.45,24.95,0.1,526,0.9143386262120348,22.7213,22.8127,22.3556,22.8585
2022-10-24,793723,19798806,24.95,25.25,24.6,24.6,-0.35,583,0.9143386262120348,22.8127,22.4927,22.4927,23.0871
2022-10-25,663322,16246006,24.6,25.15,24.25,24.3,-0.3,475,0.9143386262120348,22.4927,22.2184,22.1727,22.9956
2022-10-26,1174555,28897403,24.4,24.85,24.05,24.6,0.3,729,0.9143386262120348,22.3099,22.4927,21.9898,22.7213
2022-10-27,802217,20075350,24.85,25.15,24.75,25.1,0.5,586,0.9143386262120348,22.7213,22.9499,22.6299,22.9956
2022-10-28,1645263,41539787,25.1,25.45,25.0,25.2,0.1,942,0.9143386262120348,22.9499,23.0413,22.8585,23.2699
2022-10-31,787323,19735505,25.45,25.45,24.85,24.85,-0.35,844,0.9143386262120348,23.2699,22.7213,22.7213,23.2699
2022-11-01,425075,10587778,24.75,25.15,24.55,24.9,0.05,341,0.9143386262120348,22.6299,22.767,22.447,22.9956
2022-11-02,670688,16941425,25.0,25.45,25.0,25.25,0.35,479,0.9143386262120348,22.8585,23.0871,22.8585,23.2699
2022-11-03,910892,23196052,25.25,25.75,24.95,25.55,0.3,684,0.9143386262120348,23.0871,23.3614,22.8127,23.5442
2022-11-04,1435085,37153521,25.55,26.1,25.35,26.05,0.5,866,0.9143386262120348,23.3614,23.8185,23.1785,23.8642
2022-11-07,753072,19498136,26.2,26.25,25.8,25.8,-0.25,667,0.9143386262120348,23.9557,23.5899,23.5899,24.0014
2022-11-08,862862,22505853,25.95,26.25,25.9,26.1,0.3,556,0.9143386262120348,23.7271,23.8642,23.6814,24.0014
2022-11-09,664627,17388062,26.25,26.45,26.0,26.1,0.0,441,0.9143386262120348,24.0014,23.8642,23.7728,24.1843
2022-11-10,604000,15745343,25.9,26.2,25.9,26.15,0.05,435,0.9143386262120348,23.6814,23.91,23.6814,23.9557
2022-11-11,980900,25758425,26.45,26.6,26.1,26.1,-0.05,612,0.9143386262120348,24.1843,23.8642,23.8642,24.3214
2022-11-14,1836045,48859658,26.1,26.95,26.1,26.85,0.75,1035,0.9143386262120348,23.8642,24.55,23.8642,24.6414
2022-11-15,630459,16819637,26.85,26.85,26.35,26.8,-0.05,459,0.9143386262120348,24.55,24.5043,24.0928,24.55
2022-11-16,867408,22921484,26.9,26.9,26.25,26.25,-0.55,696,0.9143386262120348,24.5957,24.0014,24.0014,24.5957
2022-11-17,1261872,33498188,26.45,26.7,26.4,26.5,0.25,608,0.9143386262120348,24.1843,24.23,24.1385,24.4128
2022-11-18,1004627,26602541,26.6,26.75,26.2,26.45,-0.05,571,0.9143386262120348,24.3214,24.1843,23.9557,24.4586
2022-11-21,1045779,27986540,26.8,26.9,26.45,26.8,0.35,646,0.9143386262120348,24.5043,24.5043,24.1843,24.5957
2022-11-22,629137,16793441,26.95,26.95,26.55,26.6,-0.2,430,0.9143386262120348,24.6414,24.3214,24.2757,24.6414
2022-11-23,515386,13693482,26.55,26.7,26.5,26.6,0.0,315,0.9143386262120348,24.2757,24.3214,24.23,24.4128
2022-11-24,777228,20769567,26.75,26.8,26.6,26.7,0.1,373,0.9143386262120348,24.4586,24.4128,24.3214,24.5043
2022-11-25,1514981,40429429,26.7,27.1,26.3,26.35,-0.35,855,0.9143386262120348,24.4128,24.0928,24.0471,24.7786
2022-11-28,986912,26027070,26.2,26.6,26.05,26.5,0.15,447,0.9143386262120348,23.9557,24.23,23.8185,24.3214
2022-11-29,1437126,38511421,26.75,26.95,26.5,26.75,0.25,730,0.9143386262120348,24.4586,24.4586,24.23,24.6414
2022-11-30,9298643,263806192,27.0,29.0,27.0,28.7,1.95,4398,0.9143386262120348,24.6871,26.2415,24.6871,26.5158
2022-12-01,5017496,144610929,29.05,29.15,28.25,29.15,0.45,3008,0.9143386262120348,26.5615,26.653,25.8301,26.653
2022-12-02,2205018,63279736,28.85,29.0,28.5,28.7,-0.45,1652,0.9143386262120348,26.3787,26.2415,26.0587,26.5158
2022-12-05,1463647,41947194,28.7,28.9,28.5,28.55,-0.15,869,0.9143386262120348,26.2415,26.1044,26.0587,26.4244
2022-12-06,1749348,49873923,28.7,29.1,28.0,28.05,-0.5,1053,0.9143386262120348,26.2415,25.6472,25.6015,26.6073
2022-12-07,1011735,28056351,28.05,28.2,27.4,27.65,-0.4,688,0.9143386262120348,25.6472,25.2815,25.0529,25.7843
2022-12-08,1621298,44018041,27.4,27.45,27.0,27.1,-0.55,1047,0.9143386262120348,25.0529,24.7786,24.6871,25.0986
2022-12-09,5231351,146479684,27.25,28.4,27.2,28.0,0.9,2394,0.9143386262120348,24.9157,25.6015,24.87,25.9672
2022-12-12,2442426,68491137,28.7,28.75,27.55,27.85,-0.15,1190,0.9143386262120348,26.2415,25.4643,25.19,26.2872
2022-12-13,4993323,139534542,27.65,28.4,27.25,27.95,0.1,2140,0.9143386262120348,25.2815,25.5558,24.9157,25.9672
2022-12-14,3858357,109758979,27.85,28.8,27.85,28.65,0.7,2014,0.9143386262120348,25.4643,26.1958,25.4643,26.333
2022-12-15,4446012,128280536,29.05,29.3,28.5,28.5,-0.15,2302,0.9143386262120348,26.5615,26.0587,26.0587,26.7901
2022-12-16,2063533,57900499,27.8,28.3,27.7,27.95,-0.55,1167,0.9143386262120348,25.4186,25.5558,25.3272,25.8758
2022-12-19,1897169,52518438,27.8,28.2,27.35,27.35,-0.6,1191,0.9143386262120348,25.4186,25.0072,25.0072,25.7843
2022-12-20,1168339,32002547,27.5,27.8,27.1,27.2,-0.15,755,0.9143386262120348,25.1443,24.87,24.7786,25.4186
2022-12-21,1011900,28105972,27.5,28.0,27.4,27.8,0.6,638,0.9143386262120348,25.1443,25.4186,25.0529,25.6015
2022-12-22,2178668,62194174,28.1,28.9,28.0,28.45,0.65,1287,0.9143386262120348,25.6929,26.0129,25.6015,26.4244
2022-12-23,1358283,38498579,28.1,28.7,27.9,28.2,-0.25,870,0.9143386262120348,25.6929,25.7843,25.51,26.2415
2022-12-26,651129,18481360,28.5,28.5,28.25,28.45,0.25,432,0.9143386262120348,26.0587,26.0129,25.8301,26.0587
2022-12-27,1346426,38636054,28.6,28.9,28.5,28.75,0.3,763,0.9143386262120348,26.1501,26.2872,26.0587,26.4244
2022-12-28,871987,24773847,28.7,28.75,28.2,28.2,-0.55,621,0.9143386262120348,26.2415,25.7843,25.7843,26.2872
2022-12-29,1002017,28024625,28.1,28.4,27.65,28.35,0.15,649,0.9143386262120348,25.6929,25.9215,25.2815,25.9672
2022-12-30,513507,14535170,28.4,28.5,28.2,28.2,-0.15,358,0.9143386262120348,25.9672,25.7843,25.7843,26.0587
2023-01-03,574637,16216680,28.35,28.4,27.9,28.25,0.05,424,0.9143386262120348,25.9215,25.8301,25.51,25.9672
2023-01-04,875168,24907152,28.35,28.7,28.25,28.25,0.0,569,0.9143386262120348,25.9215,25.8301,25.8301,26.2415
2023-01-05,601270,17088706,28.6,28.6,28.3,28.4,0.15,483,0.9143386262120348,26.1501,25.9672,25.8758,26.1501
2023-01-06,684008,19460273,28.35,28.55,28.3,28.35,-0.05,408,0.9143386262120348,25.9215,25.9215,25.8758,26.1044
2023-01-09,1038910,29654803,28.45,28.75,28.25,28.65,0.3,614,0.9143386262120348,26.0129,26.1958,25.8301,26.2872
2023-01-10,5096254,148355060,28.8,29.4,28.55,28.95,0.3,2671,0.9143386262120348,26.333,26.4701,26.1044,26.8816
2023-01-11,2778472,81106046,29.15,29.4,28.95,29.05,0.1,1595,0.9143386262120348,26.653,26.5615,26.4701,26.8816
2023-01-12,1411300,41135153,29.35,29.35,29.0,29.1,0.05,826,0.9143386262120348,26.8358,26.6073,26.5158,26.8358
2023-01-13,4064550,120439002,29.3,29.85,29.2,29.7,0.6,2221,0.9143386262120348,26.7901,27.1559,26.6987,27.293
2023-01-16,2737497,79946949,29.7,29.75,28.85,28.9,-0.8,1960,0.9143386262120348,27.1559,26.4244,26.3787,27.2016
2023-01-17,1071195,31068916,28.8,29.2,28.8,29.1,0.2,631,0.9143386262120348,26.333,26.6073,26.333,26.6987
2023-01-30,1786507,52526425,29.4,29.65,29.15,29.3,0.2,963,0.9143386262120348,26.8816,26.7901,26.653,27.1101
2023-01-31,2952785,87237100,29.3,29.95,29.2,29.2,-0.1,1642,0.9143386262120348,26.7901,26.6987,26.6987,27.3844
2023-02-01,1901379,55756823,29.25,29.65,29.1,29.3,0.1,1062,0.9143386262120348,26.7444,26.7901,26.6073,27.1101
2023-02-02,1874698,55162172,29.3,29.65,29.1,29.6,0.3,1013,0.9143386262120348,26.7901,27.0644,26.6073,27.1101
2023-02-03,1851521,53940084,29.6,29.6,28.9,29.1,-0.5,1195,0.9143386262120348,27.0644,26.6073,26.4244,27.0644
2023-02-06,1355284,39859916,29.4,29.6,29.15,29.5,0.4,786,0.9143386262120348,26.8816,26.973,26.653,27.0644
2023-02-07,1094349,32124023,29.2,29.6,29.15,29.25,-0.25,729,0.9143386262120348,26.6987,26.7444,26.653,27.0644
2023-02-08,617047,18054267,29.35,29.35,29.15,29.2,-0.05,472,0.9143386262120348,26.8358,26.6987,26.653,26.8358
2023-02-09,753229,21912123,29.3,29.3,29.0,29.0,-0.2,506,0.9143386262120348,26.7901,26.5158,26.5158,26.7901
2023-02-10,3084555,87001103,29.05,29.05,28.05,28.05,-0.95,1835,0.9143386262120348,26.5615,25.6472,25.6472,26.5615
2023-02-13,1527485,42698888,28.05,28.15,27.7,28.0,-0.05,880,0.9143386262120348,25.6472,25.6015,25.3272,25.7386
2023-02-14,1408285,40311918,28.1,28.8,28.1,28.8,0.8,903,0.9143386262120348,25.6929,26.333,25.6929,26.333
2023-02-15,988953,28488618,28.55,28.9,28.55,28.7,-0.1,875,0.9143386262120348,26.1044,26.2415,26.1044,26.4244
2023-02-16,1332560,37962545,28.65,28.7,28.3,28.45,-0.25,1024,0.9143386262120348,26.1958,26.0129,25.8758,26.2415
2023-02-17,1563514,44684043,28.55,28.75,28.45,28.75,0.3,879,0.9143386262120348,26.1044,26.2872,26.0129,26.2872
2023-02-20,1055762,30616064,28.75,29.1,28.75,29.05,0.3,661,0.9143386262120348,26.2872,26.5615,26.2872,26.6073
2023-02-21,908490,26480418,29.2,29.25,29.0,29.1,0.05,649,0.9143386262120348,26.6987,26.6073,26.5158,26.7444
2023-02-22,935893,27231565,28.85,29.25,28.7,29.25,0.15,805,0.9143386262120348,26.3787,26.7444,26.2415,26.7444
2023-02-23,1090409,31930655,29.25,29.45,29.1,29.3,0.05,692,0.9143386262120348,26.7444,26.7901,26.6073,26.9273
2023-02-24,786587,22907227,29.45,29.45,28.95,29.05,-0.25,606,0.9143386262120348,26.9273,26.5615,26.4701,26.9273
2023-03-01,1003895,28843601,29.0,29.0,28.6,28.7,-0.35,742,0.9143386262120348,26.5158,26.2415,26.1501,26.5158
2023-03-02,1169689,34010881,28.8,29.25,28.65,29.1,0.4,832,0.9143386262120348,26.333,26.6073,26.1958,26.7444
2023-03-03,1427423,41348036,29.05,29.2,28.85,28.95,-0.15,733,0.9143386262120348,26.5615,26.4701,26.3787,26.6987
2023-03-06,1924726,55931661,29.05,29.3,28.8,28.85,-0.1,1168,0.9143386262120348,26.5615,26.3787,26.333,26.7901
2023-03-07,1247172,36167589,29.05,29.15,28.95,29.0,0.15,738,0.9143386262120348,26.5615,26.5158,26.4701,26.653
2023-03-08,1722743,50236846,28.9,29.3,28.85,29.25,0.25,930,0.9143386262120348,26.4244,26.7444,26.3787,26.7901
2023-03-09,1270391,37023542,29.25,29.3,29.0,29.15,-0.1,676,0.9143386262120348,26.7444,26.653,26.5158,26.7901
2023-03-10,1692600,48692552,29.0,29.0,28.6,28.7,-0.45,934,0.9143386262120348,26.5158,26.2415,26.1501,26.5158
2023-03-13,1106434,31329187,28.35,28.55,28.05,28.5,-0.2,711,0.9143386262120348,25.9215,26.0587,25.6472,26.1044
2023-03-14,1000771,28529314,28.4,28.65,28.25,28.55,0.05,768,0.9143386262120348,25.9672,26.1044,25.8301,26.1958
2023-03-15,808845,23195670,28.55,28.85,28.5,28.6,0.05,605,0.9143386262120348,26.1044,26.1501,26.0587,26.3787
2023-03-16,1080931,30608186,28.3,28.5,28.15,28.25,-0.35,902,0.9143386262120348,25.8758,25.8301,25.7386,26.0587
2023-03-17,1359065,39130589,28.3,29.2,28.25,29.0,0.75,941,0.9143386262120348,25.8758,26.5158,25.8301,26.6987
2023-03-20,1251626,36555759,29.0,29.45,29.0,29.05,0.05,945,0.9143386262120348,26.5158,26.5615,26.5158,26.9273
2023-03-21,1178496,34524063,29.35,29.45,29.15,29.15,0.1,935,0.9143386262120348,26.8358,26.653,26.653,26.9273
2023-03-22,992000,28821302,29.35,29.35,28.75,29.05,-0.1,886,0.9143386262120348,26.8358,26.5615,26.2872,26.8358
2023-03-23,653850,18989960,29.1,29.15,28.9,29.0,-0.05,546,0.9143386262120348,26.6073,26.5158,26.4244,26.653
2023-03-24,1542611,44313070,29.1,29.1,28.55,28.6,-0.4,1155,0.9143386262120348,26.6073,26.1501,26.1044,26.6073
2023-03-27,801978,22957153,28.65,28.8,28.5,28.65,0.05,574,0.9143386262120348,26.1958,26.1958,26.0587,26.333
2023-03-28,1425452,41015238,28.7,29.0,28.5,28.8,0.15,1180,0.9143386262120348,26.2415,26.333,26.0587,26.5158
2023-03-29,1351787,39051260,28.95,29.15,28.7,29.0,0.2,1215,0.9143386262120348,26.4701,26.5158,26.2415,26.653
2023-03-30,521936,15093135,29.1,29.1,28.8,28.85,-0.15,499,0.9143386262120348,26.6073,26.3787,26.333,26.6073
2023-03-31,525065,15185705,28.95,29.0,28.85,28.85,0.0,411,0.9143386262120348,26.4701,26.3787,26.3787,26.5158
2023-04-06,7539672,224403160,29.15,30.3,29.15,29.5,0.65,3499,0.9143386262120348,26.653,26.973,26.653,27.7045
2023-04-07,4488819,134447893,29.6,30.2,29.6,29.95,0.45,2186,0.9143386262120348,27.0644,27.3844,27.0644,27.613
2023-04-10,3752443,113395403,30.25,30.4,29.9,30.4,0.45,1940,0.9143386262120348,27.6587,27.7959,27.3387,27.7959
2023-04-11,4705838,140100989,30.1,30.3,29.5,29.65,-0.75,2519,0.9143386262120348,27.5216,27.1101,26.973,27.7045
2023-04-12,2479060,74299573,29.75,30.1,29.7,30.05,0.4,1192,0.9143386262120348,27.2016,27.4759,27.1559,27.5216
2023-04-13,2694996,80480951,30.05,30.1,29.6,29.85,-0.2,1128,0.9143386262120348,27.4759,27.293,27.0644,27.5216
2023-04-14,2627301,77576642,29.9,29.9,29.4,29.45,-0.4,1295,0.9143386262120348,27.3387,26.9273,26.8816,27.3387
2023-04-17,1489648,43489190,29.3,29.3,29.1,29.2,-0.25,916,0.9143386262120348,26.7901,26.6987,26.6073,26.7901
2023-04-18,2417730,69903690,29.15,29.15,28.7,28.85,-0.35,1361,0.9143386262120348,26.653,26.3787,26.2415,26.653
2023-04-19,2585221,73792321,28.7,28.9,28.3,28.4,-0.45,1561,0.9143386262120348,26.2415,25.9672,25.8758,26.4244
2023-04-20,2654677,74649225,28.3,28.4,27.95,28.0,-0.4,1533,0.9143386262120348,25.8758,25.6015,25.5558,25.9672
2023-04-21,3551696,97983770,28.25,28.25,27.2,27.3,-0.7,2035,0.9143386262120348,25.8301,24.9614,24.87,25.8301
2023-04-24,1548570,42529578,27.3,27.65,27.2,27.6,0.3,940,0.9143386262120348,24.9614,25.2357,24.87,25.2815
2023-04-25,1674284,46057374,27.75,27.95,27.15,27.3,-0.3,1149,0.9143386262120348,25.3729,24.9614,24.8243,25.5558
2023-04-26,1248806,34033631,27.2,27.5,27.1,27.3,0.0,776,0.9143386262120348,24.87,24.9614,24.7786,25.1443
2023-04-27,1230394,34203880,28.2,28.2,27.5,27.65,0.35,646,0.9143386262120348,25.7843,25.2815,25.1443,25.7843
2023-04-28,1142511,31573193,27.85,27.85,27.5,27.55,-0.1,724,0.9143386262120348,25.4643,25.19,25.1443,25.4643
2023-05-02,853010,23420976,27.6,27.65,27.25,27.55,0.0,599,0.9143386262120348,25.2357,25.19,24.9157,25.2815
2023-05-03,1079450,29414855,27.55,27.55,27.1,27.15,-0.4,798,0.9143386262120348,25.19,24.8243,24.7786,25.19
2023-05-04,3380717,89835496,27.0,27.0,26.4,26.5,-0.65,2375,0.9143386262120348,24.6871,24.23,24.1385,24.6871
2023-05-05,1053258,27926519,26.35,26.75,26.35,26.6,0.1,556,0.9143386262120348,24.0928,24.3214,24.0928,24.4586
2023-05-08,1000677,26557106,26.7,26.7,26.5,26.55,-0.05,680,0.9143386262120348,24.4128,24.2757,24.23,24.4128
2023-05-09,1981750,51929987,26.6,26.6,26.05,26.25,-0.3,1176,0.9143386262120348,24.3214,24.0014,23.8185,24.3214
2023-05-10,785021,20689825,26.3,26.55,26.2,26.35,0.1,467,0.9143386262120348,24.0471,24.0928,23.9557,24.2757
2023-05-11,1175185,30729820,26.4,26.45,26.05,26.05,-0.3,746,0.9143386262120348,24.1385,23.8185,23.8185,24.1843
2023-05-12,845675,21879354,26.0,26.0,25.7,25.95,-0.1,657,0.9143386262120348,23.7728,23.7271,23.4985,23.7728
2023-05-15,1821759,46532849,25.85,25.85,25.4,25.5,-0.45,1147,0.9143386262120348,23.6357,23.3156,23.2242,23.6357
2023-05-16,1534117,39634802,25.5,26.0,25.45,25.9,0.4,880,0.9143386262120348,23.3156,23.6814,23.2699,23.7728
2023-05-17,1464262,38281598,26.3,26.3,25.8,26.1,0.2,1156,0.9143386262120348,24.0471,23.8642,23.5899,24.0471
2023-05-18,1494939,38960234,26.15,26.3,25.8,26.1,0.0,1169,0.9143386262120348,23.91,23.8642,23.5899,24.0471
2023-05-19,760055,19889775,26.3,26.3,26.0,26.15,0.05,541,0.9143386262120348,24.0471,23.91,23.7728,24.0471
2023-05-22,1034432,27194493,26.3,26.4,26.2,26.25,0.1,572,0.9143386262120348,24.0471,24.0014,23.9557,24.1385
2023-05-23,1463691,38709440,26.25,26.6,26.25,26.45,0.2,613,0.9143386262120348,24.0014,24.1843,24.0014,24.3214
2023-05-24,852033,22656234,26.6,26.75,26.4,26.65,0.2,545,0.9143386262120348,24.3214,24.3671,24.1385,24.4586
2023-05-25,938498,24819241,26.6,26.6,26.3,26.3,-0.35,672,0.9143386262120348,24.3214,24.0471,24.0471,24.3214
2023-05-26,1439691,37484620,26.2,26.3,25.9,25.95,-0.35,822,0.9143386262120348,23.9557,23.7271,23.6814,24.0471
2023-05-29,807353,21019729,26.1,26.2,25.95,26.05,0.1,480,0.9143386262120348,23.8642,23.8185,23.7271,23.9557
2023-05-30,903207,23357466,26.15,26.15,25.75,25.8,-0.25,749,0.9143386262120348,23.91,23.5899,23.5442,23.91
2023-05-31,833483,21540308,26.0,26.0,25.8,25.8,0.0,548,0.9143386262120348,23.7728,23.5899,23.5899,23.7728
2023-06-01,709357,18406041,25.9,26.1,25.75,26.0,0.2,540,0.9143386262120348,23.6814,23.7728,23.5442,23.8642
2023-06-02,885695,23201925,26.0,26.4,25.95,26.3,0.3,571,0.9143386262120348,23.7728,24.0471,23.7271,24.1385
2023-06-05,980238,26044913,26.4,26.7,26.35,26.6,0.3,622,0.9143386262120348,24.1385,24.3214,24.0928,24.4128
2023-06-06,987374,26190342,26.6,26.65,26.4,26.45,-0.15,591,0.9143386262120348,24.3214,24.1843,24.1385,24.3671
2023-06-07,1026420,27246056,26.65,26.65,26.45,26.5,0.05,694,0.9143386262120348,24.3671,24.23,24.1843,24.3671
2023-06-08,847147,22302028,26.5,26.55,26.15,26.15,-0.35,735,0.9143386262120348,24.23,23.91,23.91,24.2757
2023-06-09,652098,17082494,26.2,26.35,26.1,26.25,0.1,569,0.9143386262120348,23.9557,24.0014,23.8642,24.0928
2023-06-12,785210,20578763,26.25,26.4,26.05,26.35,0.1,501,0.9143386262120348,24.0014,24.0928,23.8185,24.1385
2023-06-13,579065,15202541,26.15,26.4,26.05,26.3,-0.05,478,0.9143386262120348,23.91,24.0471,23.8185,24.1385
2023-06-14,1309063,34642843,26.25,26.6,26.2,26.5,0.2,820,0.9143386262120348,24.0014,24.23,23.9557,24.3214
2023-06-15,1032146,27287703,26.5,26.6,26.3,26.35,-0.15,812,0.9143386262120348,24.23,24.0928,24.0471,24.3214
2023-06-16,3429563,93094252,26.75,27.35,26.65,27.15,0.8,1732,0.9143386262120348,24.4586,24.8243,24.3671,25.0072
2023-06-19,1842361,49320020,27.15,27.25,26.6,26.75,-0.4,1397,0.9143386262120348,24.8243,24.4586,24.3214,24.9157
2023-06-20,1173694,31103173,26.65,26.7,26.4,26.4,-0.35,803,0.9143386262120348,24.3671,24.1385,24.1385,24.4128
2023-06-21,631895,16683451,26.45,26.55,26.3,26.5,0.1,443,0.9143386262120348,24.1843,24.23,24.0471,24.2757
2023-06-26,560316,14852088,26.5,26.65,26.35,26.6,0.1,421,0.9143386262120348,24.23,24.3214,24.0928,24.3671
2023-06-27,1120817,30023973,26.6,26.95,26.5,26.75,0.15,693,0.9143386262120348,24.3214,24.4586,24.23,24.6414
2023-06-28,670586,17935532,26.85,26.95,26.65,26.7,-0.05,425,0.9143386262120348,24.55,24.4128,24.3671,24.6414
2023-06-29,364083,9725437,26.8,26.8,26.6,26.65,-0.05,298,0.9143386262120348,24.5043,24.3671,24.3214,24.5043
2023-06-30,674228,17911629,26.8,26.8,26.5,26.5,-0.15,560,0.9143386262120348,24.5043,24.23,24.23,24.5043
2023-07-03,1666666,45065579,26.85,27.35,26.8,26.95,0.45,861,0.9143386262120348,24.55,24.6414,24.5043,25.0072
2023-07-04,852567,22864848,26.9,26.9,26.75,26.8,-0.15,613,0.9143386262120348,24.5957,24.5043,24.4586,24.5957
2023-07-05,876046,23605691,26.75,27.05,26.75,26.85,0.05,574,0.9143386262120348,24.4586,24.55,24.4586,24.7329
2023-07-06,787759,21005976,26.8,26.85,26.55,26.65,-0.2,638,0.9143386262120348,24.5043,24.3671,24.2757,24.55
2023-07-07,848697,22347472,26.5,26.5,26.2,26.4,-0.25,690,0.9143386262120348,24.23,24.1385,23.9557,24.23
2023-07-10,873813,22912346,26.3,26.35,26.1,26.15,-0.25,786,0.9143386262120348,24.0471,23.91,23.8642,24.0928
2023-07-11,613973,16061840,26.4,26.4,26.1,26.15,0.0,417,0.9143386262120348,24.1385,23.91,23.8642,24.1385
2023-07-12,2094299,53928784,26.1,26.15,25.55,25.65,-0.5,1673,0.9143386262120348,23.8642,23.4528,23.3614,23.91
2023-07-13,730635,18761990,25.7,25.85,25.55,25.55,-0.1,499,0.9143386262120348,23.4985,23.3614,23.3614,23.6357
2023-07-14,476845,12250640,25.55,25.8,25.55,25.7,0.15,400,0.9143386262120348,23.3614,23.4985,23.3614,23.5899
2023-07-17,909422,23704235,25.95,26.2,25.75,26.05,0.35,603,0.9143386262120348,23.7271,23.8185,23.5442,23.9557
2023-07-18,1541095,40848823,26.25,26.8,26.1,26.35,0.3,887,0.9143386262120348,24.0014,24.0928,23.8642,24.5043
2023-07-19,778793,20618835,26.5,26.6,26.3,26.6,0.25,509,0.9143386262120348,24.23,24.3214,24.0471,24.3214
2023-07-20,587149,15578803,26.45,26.65,26.35,26.6,0.0,452,0.9143386262120348,24.1843,24.3214,24.0928,24.3671
2023-07-21,1058401,28072486,26.6,26.7,26.3,26.65,0.05,608,0.9143386262120348,24.3214,24.3671,24.0471,24.4128
2023-07-24,1114502,29555374,26.65,26.65,26.2,26.55,-0.1,526,0.9143386262120348,24.3671,24.2757,23.9557,24.3671
2023-07-25,1435558,38089473,26.5,26.65,26.35,26.6,0.05,548,0.9143386262120348,24.23,24.3214,24.0928,24.3671
2023-07-26,2300737,61303292,26.7,26.8,26.5,26.6,0.0,963,0.9143386262120348,24.4128,24.3214,24.23,24.5043
2023-07-27,2357756,60515265,25.6,25.85,25.5,25.75,0.0,868,0.9575357266629971,24.5129,24.6565,24.4172,24.7523
2023-07-28,902674,23149664,25.75,25.8,25.55,25.6,-0.15,668,0.9575357266629971,24.6565,24.5129,24.465,24.7044
2023-07-31,1874673,48474941,25.65,26.15,25.45,25.9,0.3,947,0.9575357266629971,24.5608,24.8002,24.3693,25.0396
2023-08-01,1359491,35371274,26.05,26.2,25.8,26.05,0.15,684,0.9575357266629971,24.9438,24.9438,24.7044,25.0874
2023-08-02,3243035,86202214,26.05,27.1,25.9,26.2,0.15,1795,0.9575357266629971,24.9438,25.0874,24.8002,25.9492
2023-08-04,3195307,85565990,26.7,27.0,26.5,26.9,0.7,1713,0.9575357266629971,25.5662,25.7577,25.3747,25.8535
2023-08-07,1204576,32179972,26.95,26.95,26.5,26.75,-0.15,854,0.9575357266629971,25.8056,25.6141,25.3747,25.8056
2023-08-08,1783230,47041764,26.65,26.7,26.15,26.15,-0.6,1195,0.9575357266629971,25.5183,25.0396,25.0396,25.5662
2023-08-09,860557,22414982,26.2,26.3,25.9,25.9,-0.25,536,0.9575357266629971,25.0874,24.8002,24.8002,25.1832
2023-08-10,778092,20071443,25.9,25.95,25.65,25.7,-0.2,451,0.9575357266629971,24.8002,24.6087,24.5608,24.8481
2023-08-11,1368007,34995328,25.75,25.75,25.35,25.6,-0.1,889,0.9575357266629971,24.6565,24.5129,24.2735,24.6565
2023-08-14,1935194,48030002,25.6,25.6,24.45,24.55,-1.05,1554,0.9575357266629971,24.5129,23.5075,23.4117,24.5129
2023-08-15,1229495,29834543,24.6,24.6,24.1,24.25,-0.3,1013,0.9575357266629971,23.5554,23.2202,23.0766,23.5554
2023-08-16,2447926,57773702,24.0,24.0,23.4,23.55,-0.7,1691,0.9575357266629971,22.9809,22.55,22.4063,22.9809
2023-08-17,1441019,33537032,23.3,23.55,23.0,23.35,-0.2,2297,0.9575357266629971,22.3106,22.3585,22.0233,22.55
2023-08-18,1314293,31154635,23.35,24.05,23.2,23.7,0.35,940,0.9575357266629971,22.3585,22.6936,22.2148,23.0287
2023-08-21,576330,13608961,23.55,23.85,23.55,23.6,-0.1,686,0.9575357266629971,22.55,22.5978,22.55,22.8372
2023-08-22,743472,17702695,23.75,24.0,23.6,23.9,0.3,490,0.9575357266629971,22.7415,22.8851,22.5978,22.9809
2023-08-23,1022027,24074085,23.9,23.9,23.35,23.45,-0.45,952,0.9575357266629971,22.8851,22.4542,22.3585,22.8851
2023-08-24,642811,15252864,23.6,23.9,23.4,23.75,0.3,490,0.9575357266629971,22.5978,22.7415,22.4063,22.8851
2023-08-25,632521,15157050,23.6,24.1,23.6,24.0,0.25,471,0.9575357266629971,22.5978,22.9809,22.5978,23.0766
2023-08-28,503921,12097650,23.95,24.15,23.9,24.05,0.05,421,0.9575357266629971,22.933,23.0287,22.8851,23.1245
2023-08-29,681074,16500278,24.05,24.4,23.9,24.4,0.35,513,0.9575357266629971,23.0287,23.3639,22.8851,23.3639
2023-08-30,1941917,48709530,24.45,25.7,24.4,25.2,0.8,1118,0.9575357266629971,23.4117,24.1299,23.3639,24.6087
2023-08-31,932469,23598635,25.2,25.45,25.0,25.3,0.1,614,0.9575357266629971,24.1299,24.2257,23.9384,24.3693
2023-09-01,1136943,28980451,25.35,25.75,25.2,25.7,0.4,676,0.9575357266629971,24.2735,24.6087,24.1299,24.6565
2023-09-04,1237871,32015734,25.6,26.05,25.45,25.9,0.2,805,0.9575357266629971,24.5129,24.8002,24.3693,24.9438
2023-09-05,708343,18108448,25.8,25.85,25.35,25.4,-0.5,655,0.9575357266629971,24.7044,24.3214,24.2735,24.7523
2023-09-06,1406307,35635493,25.4,25.7,25.1,25.4,0.0,835,0.9575357266629971,24.3214,24.3214,24.0341,24.6087
2023-09-07,693197,17547649,25.2,25.6,25.1,25.3,-0.1,454,0.9575357266629971,24.1299,24.2257,24.0341,24.5129
2023-09-08,1477808,38099137,25.4,26.05,25.4,25.75,0.45,868,0.9575357266629971,24.3214,24.6565,24.3214,24.9438
2023-09-11,776481,19954356,26.0,26.0,25.4,25.65,-0.1,551,0.9575357266629971,24.8959,24.5608,24.3214,24.8959
2023-09-12,487540,12376145,25.65,25.65,25.25,25.35,-0.3,461,0.9575357266629971,24.5608,24.2735,24.1778,24.5608
2023-09-13,1430302,36971615,25.5,26.0,25.5,25.85,0.5,830,0.9575357266629971,24.4172,24.7523,24.4172,24.8959
2023-09-14,827044,21342744,25.95,26.1,25.65,25.9,0.05,753,0.9575357266629971,24.8481,24.8002,24.5608,24.9917
2023-09-15,450129,11628574,26.0,26.0,25.7,25.75,-0.15,338,0.9575357266629971,24.8959,24.6565,24.6087,24.8959
2023-09-18,753755,19580347,25.85,26.2,25.75,25.8,0.05,436,0.9575357266629971,24.7523,24.7044,24.6565,25.0874
2023-09-19,452739,11716400,26.05,26.05,25.8,25.95,0.15,317,0.9575357266629971,24.9438,24.8481,24.7044,24.9438
2023-09-20,916958,23414205,25.95,25.95,25.35,25.6,-0.35,686,0.9575357266629971,24.8481,24.5129,24.2735,24.8481
2023-09-21,1202816,30180000,25.25,25.3,24.9,25.1,-0.5,792,0.9575357266629971,24.1778,24.0341,23.8426,24.2257
2023-09-22,793431,19972269,25.15,25.35,25.05,25.2,0.1,510,0.9575357266629971,24.082,24.1299,23.9863,24.2735
2023-09-25,502815,12589716,25.2,25.25,24.95,25.05,-0.15,461,0.9575357266629971,24.1299,23.9863,23.8905,24.1778
2023-09-26,618258,15310505,25.0,25.0,24.65,24.65,-0.4,569,0.9575357266629971,23.9384,23.6033,23.6033,23.9384
2023-09-27,625076,15326343,24.45,24.6,24.45,24.6,-0.05,396,0.9575357266629971,23.4117,23.5554,23.4117,23.5554
2023-09-28,398405,9768481,24.55,24.65,24.45,24.45,-0.15,302,0.9575357266629971,23.5075,23.4117,23.4117,23.6033
2023-10-02,629373,15312754,24.5,24.65,24.15,24.3,-0.15,590,0.9575357266629971,23.4596,23.2681,23.1245,23.6033
2023-10-03,337970,8170720,24.2,24.3,24.1,24.1,-0.2,365,0.9575357266629971,23.1724,23.0766,23.0766,23.2681
2023-10-04,561503,13387408,23.95,23.95,23.75,23.8,-0.3,683,0.9575357266629971,22.933,22.7894,22.7415,22.933
2023-10-05,521109,12420767,23.8,23.9,23.75,23.85,0.05,429,0.9575357266629971,22.7894,22.8372,22.7415,22.8851
2023-10-06,538899,12875368,24.15,24.15,23.8,23.85,0.0,366,0.9575357266629971,23.1245,22.8372,22.7894,23.1245
2023-10-11,892527,21478402,24.15,24.25,23.95,24.25,0.4,558,0.9575357266629971,23.1245,23.2202,22.933,23.2202
2023-10-12,408870,9827866,24.25,24.25,23.9,24.0,-0.25,346,0.9575357266629971,23.2202,22.9809,22.8851,23.2202
2023-10-13,419274,10015283,24.0,24.0,23.8,23.85,-0.15,654,0.9575357266629971,22.9809,22.8372,22.7894,22.9809
2023-10-16,325532,7836131,23.95,24.25,23.85,24.15,0.3,286,0.9575357266629971,22.933,23.1245,22.8372,23.2202
2023-10-17,316732,7634338,24.15,24.25,24.0,24.0,-0.15,347,0.9575357266629971,23.1245,22.9809,22.9809,23.2202
2023-10-18,568828,13563004,24.05,24.05,23.7,24.0,0.0,562,0.9575357266629971,23.0287,22.9809,22.6936,23.0287
2023-10-19,549087,12962719,23.9,23.9,23.45,23.6,-0.4,569,0.9575357266629971,22.8851,22.5978,22.4542,22.8851
2023-10-20,410413,9580830,23.5,23.55,23.15,23.55,-0.05,480,0.9575357266629971,22.5021,22.55,22.167,22.55
2023-10-23,240574,5701756,23.55,23.8,23.55,23.75,0.2,258,0.9575357266629971,22.55,22.7415,22.55,22.7894
2023-10-24,252361,5994143,23.8,23.9,23.6,23.9,0.15,250,0.9575357266629971,22.7894,22.8851,22.5978,22.8851
2023-10-25,339269,8174732,24.1,24.2,24.0,24.15,0.25,307,0.9575357266629971,23.0766,23.1245,22.9809,23.1724
2023-10-26,351058,8392016,24.2,24.2,23.7,23.7,-0.45,428,0.9575357266629971,23.1724,22.6936,22.6936,23.1724
2023-10-27,363785,8691308,23.8,24.0,23.8,23.85,0.15,251,0.9575357266629971,22.7894,22.8372,22.7894,22.9809
2023-10-30,216844,5177048,23.95,24.05,23.8,23.9,0.05,309,0.9575357266629971,22.933,22.8851,22.7894,23.0287
2023-10-31,402859,9548079,24.05,24.05,23.5,23.55,-0.35,487,0.9575357266629971,23.0287,22.55,22.5021,23.0287
2023-11-01,346392,8152714,23.8,23.8,23.4,23.5,-0.05,418,0.9575357266629971,22.7894,22.5021,22.4063,22.7894
2023-11-02,1704845,41400734,23.7,24.7,23.55,24.7,1.2,969,0.9575357266629971,22.6936,23.6511,22.55,23.6511
2023-11-03,672731,16521906,24.6,24.7,24.3,24.65,-0.05,604,0.9575357266629971,23.5554,23.6033,23.2681,23.6511
2023-11-06,486436,11871634,24.65,24.75,24.3,24.35,-0.3,554,0.9575357266629971,23.6033,23.316,23.2681,23.699
2023-11-07,320247,7731884,24.35,24.35,24.0,24.0,-0.35,362,0.9575357266629971,23.316,22.9809,22.9809,23.316
2023-11-08,609373,14563077,24.05,24.15,23.8,23.8,-0.2,580,0.9575357266629971,23.0287,22.7894,22.7894,23.1245
2023-11-09,481939,11428052,23.75,23.85,23.65,23.65,-0.15,413,0.9575357266629971,22.7415,22.6457,22.6457,22.8372
2023-11-10,422367,9931535,23.55,23.6,23.45,23.55,-0.1,445,0.9575357266629971,22.55,22.55,22.4542,22.5978
2023-11-13,597465,13980348,23.7,23.7,23.3,23.3,-0.25,559,0.9575357266629971,22.6936,22.3106,22.3106,22.6936
2023-11-14,475405,11091163,23.5,23.5,23.25,23.3,0.0,495,0.9575357266629971,22.5021,22.3106,22.2627,22.5021
2023-11-15,1087928,25796341,23.5,23.95,23.5,23.85,0.55,721,0.9575357266629971,22.5021,22.8372,22.5021,22.933
2023-11-16,762305,18280156,24.0,24.15,23.85,24.0,0.15,573,0.9575357266629971,22.9809,22.9809,22.8372,23.1245
2023-11-17,1406486,33335583,23.75,24.1,23.55,23.6,-0.4,1009,0.9575357266629971,22.7415,22.5978,22.55,23.0766
2023-11-20,806237,19109744,23.75,23.95,23.6,23.6,0.0,734,0.9575357266629971,22.7415,22.5978,22.5978,22.933
2023-11-21,1077776,25664620,23.6,23.95,23.6,23.7,0.1,702,0.9575357266629971,22.5978,22.6936,22.5978,22.933
2023-11-22,679613,16212334,23.7,24.0,23.7,23.9,0.2,506,0.9575357266629971,22.6936,22.8851,22.6936,22.9809
2023-11-23,546928,13044539,23.9,24.0,23.75,23.75,-0.15,569,0.9575357266629971,22.8851,22.7415,22.7415,22.9809
2023-11-24,422822,10041803,23.75,23.9,23.65,23.65,-0.1,357,0.9575357266629971,22.7415,22.6457,22.6457,22.8851
2023-11-27,484434,11484584,23.65,23.85,23.6,23.7,0.05,437,0.9575357266629971,22.6457,22.6936,22.5978,22.8372
2023-11-28,787013,18821165,23.65,24.0,23.65,24.0,0.3,606,0.9575357266629971,22.6457,22.9809,22.6457,22.9809
2023-11-29,794332,18957869,23.9,24.05,23.75,23.95,-0.05,657,0.9575357266629971,22.8851,22.933,22.7415,23.0287
2023-11-30,700557,16776224,23.95,24.0,23.8,23.9,-0.05,535,0.9575357266629971,22.933,22.8851,22.7894,22.9809
2023-12-01,789033,19020342,24.0,24.25,23.95,24.05,0.15,594,0.9575357266629971,22.9809,23.0287,22.933,23.2202
2023-12-04,1048007,25400422,24.15,24.35,24.05,24.3,0.25,586,0.9575357266629971,23.1245,23.2681,23.0287,23.316
2023-12-05,845971,20585829,24.3,24.5,24.15,24.35,0.05,725,0.9575357266629971,23.2681,23.316,23.1245,23.4596
2023-12-06,762520,18574510,24.4,24.45,24.25,24.35,0.0,516,0.9575357266629971,23.3639,23.316,23.2202,23.4117
2023-12-07,626499,15102603,24.3,24.3,24.0,24.0,-0.35,592,0.9575357266629971,23.2681,22.9809,22.9809,23.2681
2023-12-08,543274,13013024,24.05,24.1,23.85,23.95,-0.05,476,0.9575357266629971,23.0287,22.933,22.8372,23.0766
2023-12-11,590898,14048798,23.9,23.95,23.65,23.75,-0.2,591,0.9575357266629971,22.8851,22.7415,22.6457,22.933
2023-12-12,1834936,44354566,23.75,24.35,23.6,24.35,0.6,774,0.9575357266629971,22.7415,23.316,22.5978,23.316
2023-12-13,1036512,24730657,24.0,24.0,23.7,23.95,-0.4,901,0.9575357266629971,22.9809,22.933,22.6936,22.9809
2023-12-14,840951,20127789,23.8,24.1,23.8,23.85,-0.1,673,0.9575357266629971,22.7894,22.8372,22.7894,23.0766
2023-12-15,1473749,35618634,23.8,24.3,23.8,24.15,0.3,915,0.9575357266629971,22.7894,23.1245,22.7894,23.2681
2023-12-18,1189027,28985578,24.3,24.65,24.15,24.2,0.05,782,0.9575357266629971,23.2681,23.1724,23.1245,23.6033
2023-12-19,620992,14867294,24.15,24.15,23.85,23.9,-0.3,583,0.9575357266629971,23.1245,22.8851,22.8372,23.1245
2023-12-20,659359,15791815,24.0,24.15,23.85,24.0,0.1,490,0.9575357266629971,22.9809,22.9809,22.8372,23.1245
2023-12-21,780446,18724564,23.9,24.1,23.85,24.0,0.0,530,0.9575357266629971,22.8851,22.9809,22.8372,23.0766
2023-12-22,1829175,43014891,24.0,24.0,23.4,23.45,-0.55,1454,0.9575357266629971,22.9809,22.4542,22.4063,22.9809
2023-12-25,840220,19557788,23.4,23.4,23.2,23.3,-0.15,738,0.9575357266629971,22.4063,22.3106,22.2148,22.4063
2023-12-26,520228,12174605,23.3,23.5,23.2,23.45,0.15,500,0.9575357266629971,22.3106,22.4542,22.2148,22.5021
2023-12-27,1060227,24718089,23.35,23.45,23.2,23.45,0.0,797,0.9575357266629971,22.3585,22.4542,22.2148,22.4542
2023-12-28,458188,10707996,23.35,23.45,23.3,23.45,0.0,445,0.9575357266629971,22.3585,22.4542,22.3106,22.4542
2023-12-29,464237,10866519,23.4,23.5,23.35,23.4,-0.05,348,0.9575357266629971,22.4063,22.4063,22.3585,22.5021
2024-01-02,723672,17013900,23.5,23.65,23.35,23.55,0.15,522,0.9575357266629971,22.5021,22.55,22.3585,22.6457
2024-01-03,523802,12341734,23.5,23.65,23.4,23.55,0.0,432,0.9575357266629971,22.5021,22.55,22.4063,22.6457
2024-01-04,575632,13534402,23.45,23.6,23.45,23.45,-0.1,415,0.9575357266629971,22.4542,22.4542,22.4542,22.5978
2024-01-05,882853,20858108,23.5,23.75,23.5,23.75,0.3,640,0.9575357266629971,22.5021,22.7415,22.5021,22.7415
2024-01-08,427557,10158651,23.75,23.9,23.65,23.65,-0.1,370,0.9575357266629971,22.7415,22.6457,22.6457,22.8851
2024-01-09,655610,15363310,23.8,23.8,23.35,23.35,-0.3,526,0.9575357266629971,22.7894,22.3585,22.3585,22.7894
2024-01-10,1417916,32744384,23.3,23.3,22.95,23.05,-0.3,1016,0.9575357266629971,22.3106,22.0712,21.9754,22.3106
2024-01-11,390336,9000797,23.05,23.15,23.0,23.05,0.0,460,0.9575357266629971,22.0712,22.0712,22.0233,22.167
2024-01-12,325777,7525816,23.05,23.25,23.05,23.1,0.05,536,0.9575357266629971,22.0712,22.1191,22.0712,22.2627
2024-01-15,412777,9548193,23.0,23.3,23.0,23.1,0.0,430,0.9575357266629971,22.0233,22.1191,22.0233,22.3106
2024-01-16,1927309,43808475,23.05,23.05,22.55,22.75,-0.35,2878,0.9575357266629971,22.0712,21.7839,21.5924,22.0712
2024-01-17,1842263,41007052,22.6,22.6,22.1,22.3,-0.45,1833,0.9575357266629971,21.6403,21.353,21.1615,21.6403
2024-01-18,801737,17700798,22.25,22.35,21.95,22.05,-0.25,950,0.9575357266629971,21.3052,21.1137,21.0179,21.4009
2024-01-19,536948,11831951,22.0,22.15,21.9,22.1,0.05,630,0.9575357266629971,21.0658,21.1615,20.97,21.2094
2024-01-22,369501,8191702,22.1,22.35,22.1,22.15,0.05,420,0.9575357266629971,21.1615,21.2094,21.1615,21.4009
2024-01-23,369901,8232267,22.15,22.45,22.15,22.25,0.1,411,0.9575357266629971,21.2094,21.3052,21.2094,21.4967
2024-01-24,516043,11539352,22.25,22.5,22.2,22.25,0.0,514,0.9575357266629971,21.3052,21.3052,21.2573,21.5446
2024-01-25,359995,8016455,22.3,22.4,22.2,22.25,0.0,550,0.9575357266629971,21.353,21.3052,21.2573,21.4488
2024-01-26,567674,12763678,22.25,22.6,22.25,22.55,0.3,465,0.9575357266629971,21.3052,21.5924,21.3052,21.6403
2024-01-29,521346,11833534,22.55,22.8,22.5,22.75,0.2,427,0.9575357266629971,21.5924,21.7839,21.5446,21.8318
2024-01-30,400137,8996033,22.75,22.8,22.35,22.4,-0.35,666,0.9575357266629971,21.7839,21.4488,21.4009,21.8318
2024-01-31,310603,6936983,22.4,22.4,22.25,22.25,-0.15,423,0.9575357266629971,21.4488,21.3052,21.3052,21.4488
2024-02-01,474981,10659751,22.3,22.6,22.3,22.45,0.2,396,0.9575357266629971,21.353,21.4967,21.353,21.6403
2024-02-02,351677,7843112,22.5,22.55,22.2,22.25,-0.2,453,0.9575357266629971,21.5446,21.3052,21.2573,21.5924
2024-02-05,935668,20585074,22.2,22.3,21.9,21.95,-0.3,921,0.9575357266629971,21.2573,21.0179,20.97,21.353
2024-02-15,1142812,24888002,21.9,22.2,21.4,22.0,0.05,1127,0.9575357266629971,20.97,21.0658,20.4913,21.2573
2024-02-16,726021,16105348,21.9,22.35,21.9,22.2,0.2,666,0.9575357266629971,20.97,21.2573,20.97,21.4009
2024-02-19,692122,15541910,22.25,22.6,22.25,22.45,0.25,634,0.9575357266629971,21.3052,21.4967,21.3052,21.6403
2024-02-20,398150,8927834,22.55,22.55,22.35,22.4,-0.05,508,0.9575357266629971,21.5924,21.4488,21.4009,21.5924
2024-02-21,512366,11517646,22.45,22.6,22.4,22.5,0.1,478,0.9575357266629971,21.4967,21.5446,21.4488,21.6403
2024-02-22,383688,8609987,22.5,22.5,22.35,22.35,-0.15,458,0.9575357266629971,21.5446,21.4009,21.4009,21.5446
2024-02-23,500415,11198216,22.35,22.45,22.3,22.3,-0.05,500,0.9575357266629971,21.4009,21.353,21.353,21.4967
2024-02-26,607802,13530405,22.3,22.5,22.1,22.15,-0.15,909,0.9575357266629971,21.353,21.2094,21.1615,21.5446
2024-02-27,971087,21314606,22.15,22.25,21.8,21.85,-0.3,1120,0.9575357266629971,21.2094,20.9222,20.8743,21.3052
2024-02-29,656513,14359607,21.9,22.05,21.75,22.05,0.2,796,0.9575357266629971,20.97,21.1137,20.8264,21.1137
2024-03-01,477309,10447880,22.0,22.0,21.85,21.85,-0.2,593,0.9575357266629971,21.0658,20.9222,20.9222,21.0658
2024-03-04,1143944,24841185,21.85,21.85,21.6,21.65,-0.2,1002,0.9575357266629971,20.9222,20.7306,20.6828,20.9222
2024-03-05,559459,12113626,21.65,21.8,21.6,21.6,-0.05,652,0.9575357266629971,20.7306,20.6828,20.6828,20.8743
2024-03-06,799161,17238170,21.6,21.8,21.5,21.55,-0.05,965,0.9575357266629971,20.6828,20.6349,20.587,20.8743
2024-03-07,1268432,27006261,21.45,21.55,21.1,21.35,-0.2,2141,0.9575357266629971,20.5391,20.4434,20.204,20.6349
2024-03-08,2251668,46852524,21.15,21.25,20.5,20.7,-0.65,2455,0.9575357266629971,20.2519,19.821,19.6295,20.3476
2024-03-11,1499172,31012288,20.7,21.1,20.55,20.75,0.05,1249,0.9575357266629971,19.821,19.8689,19.6774,20.204
2024-03-12,937111,19475530,20.75,20.95,20.7,20.8,0.05,872,0.9575357266629971,19.8689,19.9167,19.821,20.0604
2024-03-13,2310176,47039371,20.75,20.8,20.1,20.3,-0.5,3762,0.9575357266629971,19.8689,19.438,19.2465,19.9167
2024-03-14,912367,18439448,20.3,20.4,20.1,20.15,-0.15,1354,0.9575357266629971,19.438,19.2943,19.2465,19.5337
2024-03-15,1792791,35594486,20.1,20.1,19.7,19.7,-0.45,1939,0.9575357266629971,19.2465,18.8635,18.8635,19.2465
2024-03-18,896837,17674824,19.75,19.85,19.55,19.75,0.05,1137,0.9575357266629971,18.9113,18.9113,18.7198,19.0071
2024-03-19,632498,12513469,19.65,19.9,19.65,19.8,0.05,845,0.9575357266629971,18.8156,18.9592,18.8156,19.055
2024-03-20,1234132,24143858,19.8,19.8,19.4,19.4,-0.4,1386,0.9575357266629971,18.9592,18.5762,18.5762,18.9592
2024-03-21,1644841,32148524,19.45,19.8,19.4,19.65,0.25,1164,0.9575357266629971,18.6241,18.8156,18.5762,18.9592
2024-03-22,1007181,19568647,19.65,19.65,19.3,19.5,-0.15,1967,0.9575357266629971,18.8156,18.6719,18.4804,18.8156
2024-03-25,711393,13725428,19.2,19.4,19.2,19.35,-0.15,1098,0.9575357266629971,18.3847,18.5283,18.3847,18.5762
2024-03-26,940450,18243984,19.35,19.6,19.25,19.3,-0.05,1018,0.9575357266629971,18.5283,18.4804,18.4326,18.7677
2024-03-27,820356,15761135,19.35,19.35,19.15,19.15,-0.15,1329,0.9575357266629971,18.5283,18.3368,18.3368,18.5283
2024-03-28,665826,12750872,19.1,19.3,19.1,19.1,-0.05,964,0.9575357266629971,18.2889,18.2889,18.2889,18.4804
2024-03-29,690553,13233745,19.05,19.25,19.05,19.2,0.1,601,0.9575357266629971,18.2411,18.3847,18.2411,18.4326
2024-04-01,971866,18907029,19.2,19.6,19.2,19.55,0.35,846,0.9575357266629971,18.3847,18.7198,18.3847,18.7677
2024-04-02,1173180,22877927,19.6,19.7,19.35,19.45,-0.1,951,0.9575357266629971,18.7677,18.6241,18.5283,18.8635
2024-04-03,522425,10099431,19.4,19.45,19.25,19.35,-0.1,544,0.9575357266629971,18.5762,18.5283,18.4326,18.6241
2024-04-08,495378,9564336,19.25,19.45,19.2,19.45,0.1,591,0.9575357266629971,18.4326,18.6241,18.3847,18.6241
2024-04-09,1586118,31370663,19.5,19.9,19.5,19.8,0.35,1007,0.9575357266629971,18.6719,18.9592,18.6719,19.055
2024-04-10,766075,15158991,19.75,19.9,19.7,19.75,-0.05,766,0.9575357266629971,18.9113,18.9113,18.8635,19.055
2024-04-11,761053,14939201,19.7,19.75,19.55,19.65,-0.1,727,0.9575357266629971,18.8635,18.8156,18.7198,18.9113
2024-04-12,868061,16875366,19.65,19.65,19.35,19.35,-0.3,801,0.9575357266629971,18.8156,18.5283,18.5283,18.8156
2024-04-15,1381345,27085670,19.35,19.8,19.3,19.6,0.25,833,0.9575357266629971,18.5283,18.7677,18.4804,18.9592
2024-04-16,1796871,34342304,19.6,19.6,18.95,18.95,-0.65,1545,0.9575357266629971,18.7677,18.1453,18.1453,18.7677
2024-04-17,744690,14093323,18.95,19.05,18.8,18.9,-0.05,766,0.9575357266629971,18.1453,18.0974,18.0017,18.2411
2024-04-18,862782,16203673,18.9,18.9,18.65,18.9,0.0,938,0.9575357266629971,18.0974,18.0974,17.858,18.0974
2024-04-19,1260914,23629054,18.95,19.1,18.5,18.6,-0.3,1363,0.9575357266629971,18.1453,17.8102,17.7144,18.2889
2024-04-22,1671708,31847178,18.75,19.3,18.7,19.05,0.45,948,0.9575357266629971,17.9538,18.2411,17.9059,18.4804
2024-04-23,349573,6661893,19.05,19.15,18.95,19.1,0.05,357,0.9575357266629971,18.2411,18.2889,18.1453,18.3368
2024-04-24,485920,9276307,19.2,19.2,19.0,19.1,0.0,415,0.9575357266629971,18.3847,18.2889,18.1932,18.3847
2024-04-25,407736,7791846,19.05,19.2,18.95,19.1,0.0,524,0.9575357266629971,18.2411,18.2889,18.1453,18.3847
2024-04-26,642857,12272873,19.15,19.2,19.0,19.1,0.0,620,0.9575357266629971,18.3368,18.2889,18.1932,18.3847
2024-04-29,1385463,26850753,19.1,19.55,19.1,19.55,0.45,669,0.9575357266629971,18.2889,18.7198,18.2889,18.7198
2024-04-30,547919,10660799,19.5,19.6,19.35,19.4,-0.15,580,0.9575357266629971,18.6719,18.5762,18.5283,18.7677
2024-05-02,714002,13761601,19.3,19.4,19.2,19.3,-0.1,796,0.9575357266629971,18.4804,18.4804,18.3847,18.5762
2024-05-03,993197,19195174,19.4,19.6,19.05,19.05,-0.25,808,0.9575357266629971,18.5762,18.2411,18.2411,18.7677
2024-05-06,1315523,24993700,19.0,19.15,18.85,18.9,-0.15,1198,0.9575357266629971,18.1932,18.0974,18.0495,18.3368
2024-05-07,995716,18746648,19.0,19.0,18.7,18.8,-0.1,827,0.9575357266629971,18.1932,18.0017,17.9059,18.1932
2024-05-08,2110847,39112297,18.7,18.75,18.4,18.4,-0.4,2073,0.9575357266629971,17.9059,17.6187,17.6187,17.9538
2024-05-09,1618292,29656241,18.35,18.5,18.2,18.25,-0.15,2114,0.9575357266629971,17.5708,17.475,17.4272,17.7144
2024-05-10,1069822,19570585,18.25,18.5,18.15,18.45,0.2,947,0.9575357266629971,17.475,17.6665,17.3793,17.7144
2024-05-13,1047586,19332254,18.4,18.55,18.3,18.5,0.05,679,0.9575357266629971,17.6187,17.7144,17.5229,17.7623
2024-05-14,1077585,20069848,18.6,18.8,18.45,18.5,0.0,847,0.9575357266629971,17.8102,17.7144,17.6665,18.0017
2024-05-15,1077101,20084930,18.6,18.8,18.5,18.65,0.15,799,0.9575357266629971,17.8102,17.858,17.7144,18.0017
2024-05-16,984117,18390856,18.8,18.8,18.55,18.75,0.1,713,0.9575357266629971,18.0017,17.9538,17.7623,18.0017
2024-05-17,907227,17038510,18.75,18.9,18.7,18.8,0.05,647,0.9575357266629971,17.9538,18.0017,17.9059,18.0974
2024-05-20,773016,14649847,18.85,19.1,18.85,19.0,0.2,654,0.9575357266629971,18.0495,18.1932,18.0495,18.2889
2024-05-21,1633532,30434151,19.1,19.1,18.4,18.7,-0.3,1320,0.9575357266629971,18.2889,17.9059,17.6187,18.2889
2024-05-22,441749,8273942,18.65,18.8,18.6,18.7,0.0,474,0.9575357266629971,17.858,17.9059,17.8102,18.0017
2024-05-23,591114,10933870,18.6,18.7,18.4,18.4,-0.3,711,0.9575357266629971,17.8102,17.6187,17.6187,17.9059
2024-05-24,790505,14418814,18.35,18.35,18.15,18.25,-0.15,958,0.9575357266629971,17.5708,17.475,17.3793,17.5708
2024-05-27,1129634,20651182,18.25,18.4,18.15,18.4,0.15,874,0.9575357266629971,17.475,17.6187,17.3793,17.6187
2024-05-28,915106,17077634,18.25,18.85,18.25,18.85,0.45,803,0.9575357266629971,17.475,18.0495,17.475,18.0495
2024-05-29,1012266,18783099,18.8,18.8,18.45,18.5,-0.35,1029,0.9575357266629971,18.0017,17.7144,17.6665,18.0017
2024-05-30,469451,8675117,18.5,18.6,18.35,18.4,-0.1,591,0.9575357266629971,17.7144,17.6187,17.5708,17.8102
2024-05-31,497386,9235462,18.45,18.65,18.45,18.65,0.25,495,0.9575357266629971,17.6665,17.858,17.6665,17.858
2024-06-03,1001783,18391484,18.65,18.65,18.25,18.3,-0.35,1044,0.9575357266629971,17.858,17.5229,17.475,17.858
2024-06-04,1600667,29028742,18.2,18.25,18.0,18.15,-0.15,2950,0.9575357266629971,17.4272,17.3793,17.2356,17.475
2024-06-05,1403359,25205470,18.1,18.15,17.9,17.9,-0.25,1883,0.9575357266629971,17.3314,17.1399,17.1399,17.3793
2024-06-06,2171518,38283964,17.85,17.9,17.5,17.6,-0.3,3149,0.9575357266629971,17.092,16.8526,16.7569,17.1399
2024-06-07,1316084,23374932,17.55,17.95,17.55,17.8,0.2,1152,0.9575357266629971,16.8048,17.0441,16.8048,17.1878
2024-06-11,2036898,35542575,17.7,17.7,17.35,17.4,-0.4,3355,0.9575357266629971,16.9484,16.6611,16.6132,16.9484
2024-06-12,1289339,22256996,17.35,17.4,17.15,17.25,-0.15,2723,0.9575357266629971,16.6132,16.5175,16.4217,16.6611
2024-06-13,1234484,21209903,17.25,17.3,17.1,17.15,-0.1,1341,0.9575357266629971,16.5175,16.4217,16.3739,16.5654
2024-06-14,484838,8359387,17.2,17.3,17.15,17.2,0.05,643,0.9575357266629971,16.4696,16.4696,16.4217,16.5654
2024-06-17,644722,11128001,17.25,17.35,17.2,17.3,0.1,701,0.9575357266629971,16.5175,16.5654,16.4696,16.6132
2024-06-18,1172842,20120934,17.3,17.35,17.0,17.2,-0.1,2168,0.9575357266629971,16.5654,16.4696,16.2781,16.6132
2024-06-19,738991,12687715,17.2,17.3,17.1,17.15,-0.05,955,0.9575357266629971,16.4696,16.4217,16.3739,16.5654
2024-06-20,1014144,17584384,17.25,17.45,17.15,17.45,0.3,852,0.9575357266629971,16.5175,16.709,16.4217,16.709
2024-06-21,1320320,23367706,17.5,17.8,17.5,17.75,0.3,1200,0.9575357266629971,16.7569,16.9963,16.7569,17.0441
2024-06-24,1024767,18205340,17.8,17.95,17.55,17.75,0.0,796,0.9575357266629971,17.0441,16.9963,16.8048,17.1878
2024-06-25,852281,14925697,17.85,17.85,17.4,17.55,-0.2,882,0.9575357266629971,17.092,16.8048,16.6611,17.092
2024-06-26,700960,12150015,17.5,17.55,17.2,17.2,-0.35,965,0.9575357266629971,16.7569,16.4696,16.4696,16.8048
2024-06-27,444680,7639925,17.2,17.25,17.1,17.2,0.0,553,0.9575357266629971,16.4696,16.4696,16.3739,16.5175
2024-06-28,960871,16854718,17.25,17.65,17.25,17.55,0.35,856,0.9575357266629971,16.5175,16.8048,16.5175,16.9005
2024-07-01,643466,11184221,17.5,17.55,17.25,17.25,-0.3,820,0.9575357266629971,16.7569,16.5175,16.5175,16.8048
2024-07-02,1040992,18570728,17.25,17.25,17.15,17.15,-0.1,810,0.9575357266629971,16.5175,16.4217,16.4217,16.5175
2024-07-03,608303,10478578,17.2,17.35,17.1,17.3,0.15,623,0.9575357266629971,16.4696,16.5654,16.3739,16.6132
2024-07-04,693893,12132024,17.4,17.6,17.4,17.5,0.2,608,0.9575357266629971,16.6611,16.7569,16.6611,16.8526
2024-07-05,2854114,51628687,17.6,18.35,17.55,18.05,0.55,1584,0.9575357266629971,16.8526,17.2835,16.8048,17.5708
2024-07-08,1941423,35083288,18.05,18.25,17.95,17.95,-0.1,1086,0.9575357266629971,17.2835,17.1878,17.1878,17.475
2024-07-09,1162056,20516667,18.0,18.0,17.45,17.6,-0.35,1084,0.9575357266629971,17.2356,16.8526,16.709,17.2356
2024-07-10,760744,13387285,17.6,17.75,17.5,17.6,0.0,614,0.9575357266629971,16.8526,16.8526,16.7569,16.9963
2024-07-11,1108720,19724322,17.6,18.0,17.5,17.85,0.25,836,0.9575357266629971,16.8526,17.092,16.7569,17.2356
2024-07-12,4239742,78837132,17.95,18.9,17.85,18.6,0.75,2279,0.9575357266629971,17.1878,17.8102,17.092,18.0974
2024-07-15,2611426,48901044,18.85,19.0,18.5,18.6,0.0,1737,0.9575357266629971,18.0495,17.8102,17.7144,18.1932
2024-07-16,1003612,18573119,18.8,18.8,18.35,18.35,-0.25,846,0.9575357266629971,18.0017,17.5708,17.5708,18.0017
2024-07-17,2945730,55767680,18.55,19.1,18.5,19.0,0.65,1795,0.9575357266629971,17.7623,18.1932,17.7144,18.2889
2024-07-18,12093632,240230730,19.4,20.35,19.0,20.1,1.1,5601,0.9575357266629971,18.5762,19.2465,18.1932,19.4859
2024-07-19,4987983,98413339,20.15,20.15,19.4,19.8,-0.3,3100,0.9575357266629971,19.2943,18.9592,18.5762,19.2943
2024-07-22,4332711,83953126,19.65,20.1,18.75,20.05,0.25,2717,0.9575357266629971,18.8156,19.1986,17.9538,19.2465
2024-07-23,2756705,54488223,20.1,20.1,19.55,19.7,-0.35,2262,0.9575357266629971,19.2465,18.8635,18.7198,19.2465
2024-07-26,2023414,38314668,19.0,19.25,18.75,18.75,-0.5,1555,0.9799196787148594,18.6185,18.3735,18.3735,18.8635
2024-07-29,5217672,103574078,18.8,20.2,18.8,20.0,1.25,3397,0.9799196787148594,18.4225,19.5984,18.4225,19.7944
2024-07-30,2664986,51635047,19.85,19.85,19.1,19.4,-0.6,2101,0.9799196787148594,19.4514,19.0104,18.7165,19.4514
2024-07-31,2137137,40882287,19.2,19.4,18.9,19.2,-0.2,1597,0.9799196787148594,18.8145,18.8145,18.5205,19.0104
2024-08-01,1739997,33469326,19.3,19.45,19.1,19.15,-0.05,1211,0.9799196787148594,18.9124,18.7655,18.7165,19.0594
2024-08-02,1845700,34415458,18.9,18.9,18.45,18.45,-0.7,1554,0.9799196787148594,18.5205,18.0795,18.0795,18.5205
2024-08-05,3942557,67409379,17.8,17.9,16.65,16.7,-1.75,2818,0.9799196787148594,17.4426,16.3647,16.3157,17.5406
2024-08-06,2823119,46454959,16.9,17.05,15.5,16.45,-0.25,2270,0.9799196787148594,16.5606,16.1197,15.1888,16.7076
2024-08-07,1200439,20261459,16.45,17.05,16.45,16.85,0.4,950,0.9799196787148594,16.1197,16.5116,16.1197,16.7076
2024-08-08,1028722,17287365,16.7,17.05,16.55,16.8,-0.05,879,0.9799196787148594,16.3647,16.4627,16.2177,16.7076
2024-08-09,1191088,20392388,16.9,17.3,16.85,17.0,0.2,879,0.9799196787148594,16.5606,16.6586,16.5116,16.9526
2024-08-12,915560,15804914,17.15,17.45,17.05,17.1,0.1,732,0.9799196787148594,16.8056,16.7566,16.7076,17.0996
2024-08-13,844482,14400863,17.15,17.15,16.9,17.05,-0.05,565,0.9799196787148594,16.8056,16.7076,16.5606,16.8056
2024-08-14,1292176,22609445,17.2,17.7,17.15,17.7,0.65,845,0.9799196787148594,16.8546,17.3446,16.8056,17.3446
2024-08-15,755771,13374508,17.8,17.95,17.5,17.55,-0.15,885,0.9799196787148594,17.4426,17.1976,17.1486,17.5896
2024-08-16,1402068,24324284,17.9,18.25,17.8,17.8,0.25,798,0.9799196787148594,17.5406,17.4426,17.4426,17.8835
2024-08-19,458557,8142370,17.9,17.95,17.6,17.7,-0.1,535,0.9799196787148594,17.5406,17.3446,17.2466,17.5896
2024-08-20,627892,11030973,17.65,17.7,17.45,17.55,-0.15,524,0.9799196787148594,17.2956,17.1976,17.0996,17.3446
2024-08-21,744496,13082947,17.65,17.75,17.4,17.55,0.0,573,0.9799196787148594,17.2956,17.1976,17.0506,17.3936
2024-08-22,807137,14400808,17.55,18.15,17.5,17.9,0.35,585,0.9799196787148594,17.1976,17.5406,17.1486,17.7855
2024-08-23,332481,5922494,17.85,17.9,17.7,17.9,0.0,375,0.9799196787148594,17.4916,17.5406,17.3446,17.5406
2024-08-26,1031303,18793157,17.9,18.4,17.9,18.2,0.3,771,0.9799196787148594,17.5406,17.8345,17.5406,18.0305
2024-08-27,504688,9065782,18.2,18.2,17.8,18.0,-0.2,465,0.9799196787148594,17.8345,17.6386,17.4426,17.8345
2024-08-28,444226,7973600,18.0,18.1,17.8,17.9,-0.1,378,0.9799196787148594,17.6386,17.5406,17.4426,17.7365
2024-08-29,329649,5862208,17.9,17.95,17.7,17.75,-0.15,385,0.9799196787148594,17.5406,17.3936,17.3446,17.5896
2024-08-30,673885,12139055,17.9,18.1,17.9,18.05,0.3,403,0.9799196787148594,17.5406,17.6876,17.5406,17.7365
2024-09-02,656436,11644100,18.1,18.15,17.6,17.65,-0.4,744,0.9799196787148594,17.7365,17.2956,17.2466,17.7855
2024-09-03,637021,11099149,17.65,17.65,17.2,17.2,-0.45,689,0.9799196787148594,17.2956,16.8546,16.8546,17.2956
2024-09-04,2024280,33530744,16.9,16.9,16.35,16.4,-0.8,1693,0.9799196787148594,16.5606,16.0707,16.0217,16.5606
2024-09-05,809026,13340811,16.5,16.75,16.3,16.3,-0.1,758,0.9799196787148594,16.1687,15.9727,15.9727,16.4137
2024-09-06,554273,9030478,16.35,16.45,16.1,16.3,0.0,584,0.9799196787148594,16.0217,15.9727,15.7767,16.1197
2024-09-09,1004101,15963727,15.75,16.2,15.7,16.15,-0.15,1067,0.9799196787148594,15.4337,15.8257,15.3847,15.8747
2024-09-10,599346,9708071,16.15,16.4,16.0,16.25,0.1,611,0.9799196787148594,15.8257,15.9237,15.6787,16.0707
2024-09-11,594154,9756691,16.3,16.6,16.3,16.45,0.2,497,0.9799196787148594,15.9727,16.1197,15.9727,16.2667
2024-09-12,957799,15752878,16.55,16.6,16.25,16.45,0.0,674,0.9799196787148594,16.2177,16.1197,15.9237,16.2667
2024-09-13,1902829,32661541,16.55,17.5,16.3,17.3,0.85,1161,0.9799196787148594,16.2177,16.9526,15.9727,17.1486
2024-09-16,2384699,42471516,17.3,18.05,17.2,17.95,0.65,1279,0.9799196787148594,16.9526,17.5896,16.8546,17.6876
2024-09-18,3042225,55869569,17.95,18.55,17.85,18.15,0.2,1717,0.9799196787148594,17.5896,17.7855,17.4916,18.1775
2024-09-19,1099809,19703956,18.15,18.15,17.7,18.05,-0.1,869,0.9799196787148594,17.7855,17.6876,17.3446,17.7855
2024-09-20,1719476,31200609,18.1,18.3,17.95,18.3,0.25,1041,0.9799196787148594,17.7365,17.9325,17.5896,17.9325
2024-09-23,1438157,26320540,18.35,18.65,18.05,18.1,-0.2,969,0.9799196787148594,17.9815,17.7365,17.6876,18.2755
2024-09-24,762224,13768268,17.95,18.2,17.95,18.05,-0.05,556,0.9799196787148594,17.5896,17.6876,17.5896,17.8345
2024-09-25,843159,15409668,18.1,18.4,18.1,18.4,0.35,722,0.9799196787148594,17.7365,18.0305,17.7365,18.0305
2024-09-26,623475,11369854,18.5,18.5,18.05,18.05,-0.35,656,0.9799196787148594,18.1285,17.6876,17.6876,18.1285
2024-09-27,7453739,141921600,18.3,19.45,18.3,19.35,1.3,3490,0.9799196787148594,17.9325,18.9614,17.9325,19.0594
2024-09-30,2326954,44171818,19.25,19.25,18.7,19.0,-0.35,1883,0.9799196787148594,18.8635,18.6185,18.3245,18.8635
2024-10-01,882277,16415117,18.85,18.85,18.45,18.75,-0.25,1048,0.9799196787148594,18.4715,18.3735,18.0795,18.4715
2024-10-04,1582810,29425800,18.85,19.05,18.3,18.4,-0.35,1011,0.9799196787148594,18.4715,18.0305,17.9325,18.6675
2024-10-07,802785,14640835,18.65,18.65,18.1,18.15,-0.25,653,0.9799196787148594,18.2755,17.7855,17.7365,18.2755
2024-10-08,878631,15744746,18.05,18.35,17.75,17.8,-0.35,786,0.9799196787148594,17.6876,17.4426,17.3936,17.9815
2024-10-09,2969934,51070358,17.85,17.85,16.9,17.05,-0.75,1936,0.9799196787148594,17.4916,16.7076,16.5606,17.4916
2024-10-11,748789,12805582,17.1,17.3,17.0,17.0,-0.05,670,0.9799196787148594,16.7566,16.6586,16.6586,16.9526
2024-10-14,696897,11776693,17.0,17.0,16.8,16.95,-0.05,504,0.9799196787148594,16.6586,16.6096,16.4627,16.6586
2024-10-15,893669,15007752,16.95,16.95,16.7,16.8,-0.15,810,0.9799196787148594,16.6096,16.4627,16.3647,16.6096
2024-10-16,767535,12827033,16.7,16.9,16.6,16.65,-0.15,634,0.9799196787148594,16.3647,16.3157,16.2667,16.5606
2024-10-17,710809,12012775,16.7,17.15,16.6,16.9,0.25,615,0.9799196787148594,16.3647,16.5606,16.2667,16.8056
2024-10-18,575835,9728996,16.9,17.05,16.8,16.9,0.0,473,0.9799196787148594,16.5606,16.5606,16.4627,16.7076
2024-10-21,823172,13833499,16.85,16.9,16.7,16.7,-0.2,489,0.9799196787148594,16.5116,16.3647,16.3647,16.5606
2024-10-22,555756,9235588,16.7,16.75,16.55,16.6,-0.1,545,0.9799196787148594,16.3647,16.2667,16.2177,16.4137
2024-10-23,902531,14949541,16.6,16.8,16.5,16.5,-0.1,747,0.9799196787148594,16.2667,16.1687,16.1687,16.4627
2024-10-24,702723,11592062,16.5,16.65,16.3,16.45,-0.05,614,0.9799196787148594,16.1687,16.1197,15.9727,16.3157
2024-10-25,367771,6045133,16.4,16.55,16.4,16.45,0.0,360,0.9799196787148594,16.0707,16.1197,16.0707,16.2177
2024-10-28,651451,10868000,16.5,16.85,16.4,16.75,0.3,493,0.9799196787148594,16.1687,16.4137,16.0707,16.5116
2024-10-29,509954,8437228,16.75,16.75,16.45,16.5,-0.25,538,0.9799196787148594,16.4137,16.1687,16.1197,16.4137
2024-10-30,449589,7427978,16.6,16.7,16.4,16.45,-0.05,456,0.9799196787148594,16.2667,16.1197,16.0707,16.3647
2024-11-01,1021518,16977730,16.45,17.0,16.2,16.95,0.5,881,0.9799196787148594,16.1197,16.6096,15.8747,16.6586
2024-11-04,1479282,24929408,17.05,17.15,16.65,16.7,-0.25,753,0.9799196787148594,16.7076,16.3647,16.3157,16.8056
2024-11-05,1146826,19415926,16.85,17.2,16.7,16.75,0.05,708,0.9799196787148594,16.5116,16.4137,16.3647,16.8546
2024-11-06,1469637,24829169,17.0,17.1,16.65,16.65,-0.1,647,0.9799196787148594,16.6586,16.3157,16.3157,16.7566
2024-11-07,2910337,50097484,16.7,17.45,16.7,17.4,0.75,1512,0.9799196787148594,16.3647,17.0506,16.3647,17.0996
2024-11-08,6540428,117493063,17.55,18.65,17.05,18.5,1.1,3092,0.9799196787148594,17.1976,18.1285,16.7076,18.2755
2024-11-11,4613735,87432081,18.4,20.0,17.75,20.0,1.5,2898,0.9799196787148594,18.0305,19.5984,17.3936,19.5984
2024-11-12,5091793,95125426,18.8,19.05,18.3,18.45,-1.55,2833,0.9799196787148594,18.4225,18.0795,17.9325,18.6675
2024-11-13,2875592,51498180,18.3,18.4,17.55,17.55,-0.9,1882,0.9799196787148594,17.9325,17.1976,17.1976,18.0305
2024-11-14,2528721,43279584,17.35,17.5,16.9,16.9,-0.65,1728,0.9799196787148594,17.0016,16.5606,16.5606,17.1486
2024-11-15,1305230,22387326,17.05,17.5,16.95,16.95,0.05,879,0.9799196787148594,16.7076,16.6096,16.6096,17.1486
2024-11-18,1581788,27261083,17.05,17.55,16.95,17.15,0.2,1058,0.9799196787148594,16.7076,16.8056,16.6096,17.1976
2024-11-19,909219,15618902,17.25,17.3,17.05,17.15,0.0,656,0.9799196787148594,16.9036,16.8056,16.7076,16.9526
2024-11-20,853930,14528238,17.2,17.25,16.85,16.95,-0.2,687,0.9799196787148594,16.8546,16.6096,16.5116,16.9036
2024-11-21,607590,10310094,17.0,17.1,16.85,17.05,0.1,484,0.9799196787148594,16.6586,16.7076,16.5116,16.7566
2024-11-22,1067272,18233090,17.1,17.3,16.95,17.1,0.05,592,0.9799196787148594,16.7566,16.7566,16.6096,16.9526
2024-11-25,7811355,132240042,17.2,17.3,16.9,16.9,-0.2,1010,0.9799196787148594,16.8546,16.5606,16.5606,16.9526
2024-11-26,1458944,25040837,17.0,17.45,16.9,17.05,0.15,1242,0.9799196787148594,16.6586,16.7076,16.5606,17.0996
2024-11-27,1881320,31564129,17.1,17.1,16.55,16.6,-0.45,1133,0.9799196787148594,16.7566,16.2667,16.2177,16.7566
2024-11-28,1530621,25118227,16.5,16.7,16.25,16.45,-0.15,970,0.9799196787148594,16.1687,16.1197,15.9237,16.3647
2024-11-29,1458552,23589876,16.45,16.45,16.0,16.1,-0.35,1026,0.9799196787148594,16.1197,15.7767,15.6787,16.1197
2024-12-02,2333268,36948529,16.15,16.25,15.7,15.7,-0.4,2056,0.9799196787148594,15.8257,15.3847,15.3847,15.9237
2024-12-03,1112425,17818883,15.8,16.2,15.8,16.2,0.5,867,0.9799196787148594,15.4827,15.8747,15.4827,15.8747
2024-12-04,608378,9727999,16.2,16.2,15.9,15.95,-0.25,569,0.9799196787148594,15.8747,15.6297,15.5807,15.8747
2024-12-05,889393,14078011,15.95,16.1,15.65,15.65,-0.3,882,0.9799196787148594,15.6297,15.3357,15.3357,15.7767
2024-12-06,703870,11021814,15.6,15.8,15.6,15.65,0.0,518,0.9799196787148594,15.2867,15.3357,15.2867,15.4827
2024-12-09,1096888,17142377,15.7,15.85,15.4,15.6,-0.05,1130,0.9799196787148594,15.3847,15.2867,15.0908,15.5317
2024-12-10,622545,9855358,15.65,16.1,15.6,15.7,0.1,574,0.9799196787148594,15.3357,15.3847,15.2867,15.7767
2024-12-11,948227,14721111,15.7,15.7,15.4,15.45,-0.25,963,0.9799196787148594,15.3847,15.1398,15.0908,15.3847
2024-12-12,1161611,17797668,15.5,15.6,15.2,15.2,-0.25,1084,0.9799196787148594,15.1888,14.8948,14.8948,15.2867
2024-12-13,2032245,29854480,15.0,15.15,14.5,14.55,-0.65,2008,0.9799196787148594,14.6988,14.2578,14.2088,14.8458
2024-12-16,2786486,39860631,14.35,14.85,14.1,14.2,-0.35,2536,0.9799196787148594,14.0618,13.9149,13.8169,14.5518
2024-12-17,3051321,42687568,14.2,14.35,13.5,14.0,-0.2,1889,0.9799196787148594,13.9149,13.7189,13.2289,14.0618
2024-12-18,1500844,21402897,14.0,14.65,13.85,14.4,0.4,1033,0.9799196787148594,13.7189,14.1108,13.5719,14.3558
2024-12-19,818494,11565017,14.05,14.3,14.0,14.25,-0.15,708,0.9799196787148594,13.7679,13.9639,13.7189,14.0129
2024-12-20,1242193,17300154,14.2,14.25,13.75,13.8,-0.45,1129,0.9799196787148594,13.9149,13.5229,13.4739,13.9639
2024-12-23,847772,11856736,14.0,14.25,13.8,13.85,0.05,650,0.9799196787148594,13.7189,13.5719,13.5229,13.9639
2024-12-24,762359,10747430,13.95,14.25,13.9,14.05,0.2,511,0.9799196787148594,13.6699,13.7679,13.6209,13.9639
2024-12-25,402983,5663007,14.1,14.25,13.9,14.05,0.0,380,0.9799196787148594,13.8169,13.7679,13.6209,13.9639
2024-12-26,389314,5520518,14.05,14.3,14.05,14.1,0.05,461,0.9799196787148594,13.7679,13.8169,13.7679,14.0129
2024-12-27,532033,7431553,14.05,14.05,13.9,13.95,-0.15,530,0.9799196787148594,13.7679,13.6699,13.6209,13.7679
2024-12-30,608755,8366865,13.95,13.95,13.6,13.6,-0.35,757,0.9799196787148594,13.6699,13.3269,13.3269,13.6699
2024-12-31,739288,9995037,13.5,13.75,13.3,13.6,0.0,697,0.9799196787148594,13.2289,13.3269,13.0329,13.4739
2025-01-02,773638,10429026,13.5,13.65,13.35,13.4,-0.2,675,0.9799196787148594,13.2289,13.1309,13.0819,13.3759
2025-01-03,790018,10655784,13.55,13.7,13.3,13.3,-0.1,613,0.9799196787148594,13.2779,13.0329,13.0329,13.4249
2025-01-06,2055115,28582635,13.4,14.35,13.3,14.0,0.7,1180,0.9799196787148594,13.1309,13.7189,13.0329,14.0618
2025-01-07,1116830,15479700,14.15,14.15,13.65,13.8,-0.2,995,0.9799196787148594,13.8659,13.5229,13.3759,13.8659
2025-01-08,914435,12583505,13.8,13.9,13.6,13.9,0.1,519,0.9799196787148594,13.5229,13.6209,13.3269,13.6209
2025-01-09,830053,11200886,13.75,13.75,13.3,13.4,-0.5,879,0.9799196787148594,13.4739,13.1309,13.0329,13.4739
2025-01-10,775045,10279753,13.35,13.5,13.1,13.15,-0.25,815,0.9799196787148594,13.0819,12.8859,12.8369,13.2289
2025-01-13,1428079,18667334,13.1,13.35,12.85,13.3,0.15,1177,0.9799196787148594,12.8369,13.0329,12.592,13.0819
2025-01-14,1477395,20135179,13.3,13.95,13.3,13.65,0.35,943,0.9799196787148594,13.0329,13.3759,13.0329,13.6699
2025-01-15,4357368,62919971,13.6,14.75,13.6,14.3,0.65,2383,0.9799196787148594,13.3269,14.0129,13.3269,14.4538
2025-01-16,2219133,31808514,14.45,14.6,14.0,14.15,-0.15,1357,0.9799196787148594,14.1598,13.8659,13.7189,14.3068
2025-01-17,1505686,21711220,14.05,14.7,14.05,14.6,0.45,852,0.9799196787148594,13.7679,14.3068,13.7679,14.4048
2025-01-20,797403,11473761,14.6,14.6,14.2,14.45,-0.15,650,0.9799196787148594,14.3068,14.1598,13.9149,14.3068
2025-01-21,471185,6762301,14.45,14.6,14.25,14.3,-0.15,475,0.9799196787148594,14.1598,14.0129,13.9639,14.3068
2025-01-22,612687,8811306,14.4,14.5,14.15,14.5,0.2,491,0.9799196787148594,14.1108,14.2088,13.8659,14.2088
2025-02-03,1048235,15035938,14.45,14.8,14.05,14.35,-0.15,750,0.9799196787148594,14.1598,14.0618,13.7679,14.5028
2025-02-04,833325,11663318,14.35,14.35,13.8,13.85,-0.5,766,0.9799196787148594,14.0618,13.5719,13.5229,14.0618
2025-02-05,606627,8444568,14.0,14.15,13.7,13.85,0.0,521,0.9799196787148594,13.7189,13.5719,13.4249,13.8659
2025-02-06,870671,12174690,13.9,14.15,13.75,14.0,0.15,577,0.9799196787148594,13.6209,13.7189,13.4739,13.8659
2025-02-07,952947,13132343,14.05,14.2,13.55,13.6,-0.4,887,0.9799196787148594,13.7679,13.3269,13.2779,13.9149
2025-02-10,1152361,15681021,13.5,13.75,13.5,13.6,0.0,740,0.9799196787148594,13.2289,13.3269,13.2289,13.4739
2025-02-11,827741,11369135,13.65,13.95,13.55,13.55,-0.05,542,0.9799196787148594,13.3759,13.2779,13.2779,13.6699
2025-02-12,1325012,18440813,13.6,14.15,13.6,13.9,0.35,761,0.9799196787148594,13.3269,13.6209,13.3269,13.8659
2025-02-13,3674683,53117127,13.9,14.7,13.85,14.45,0.55,1622,0.9799196787148594,13.6209,14.1598,13.5719,14.4048
2025-02-14,2113587,30925766,14.6,14.8,14.3,14.7,0.25,1266,0.9799196787148594,14.3068,14.4048,14.0129,14.5028
2025-02-17,1887747,27860378,14.85,14.9,14.5,14.75,0.05,954,0.9799196787148594,14.5518,14.4538,14.2088,14.6008
2025-02-18,924123,13377421,14.75,14.75,14.3,14.4,-0.35,763,0.9799196787148594,14.4538,14.1108,14.0129,14.4538
2025-02-19,933986,13640203,14.4,14.75,14.4,14.7,0.3,575,0.9799196787148594,14.1108,14.4048,14.1108,14.4538
2025-02-20,885993,12973861,14.7,14.95,14.4,14.6,-0.1,693,0.9799196787148594,14.4048,14.3068,14.1108,14.6498
2025-02-21,527140,7721515,14.6,14.75,14.5,14.65,0.05,420,0.9799196787148594,14.3068,14.3558,14.2088,14.4538
2025-02-24,765683,11163582,14.45,14.75,14.4,14.5,-0.15,654,0.9799196787148594,14.1598,14.2088,14.1108,14.4538
2025-02-25,2579230,38618661,14.6,15.3,14.45,15.25,0.75,1432,0.9799196787148594,14.3068,14.9438,14.1598,14.9928
2025-02-26,1377469,20722901,15.25,15.3,14.85,15.05,-0.2,1028,0.9799196787148594,14.9438,14.7478,14.5518,14.9928
2025-02-27,1174898,17493599,15.05,15.2,14.7,14.75,-0.3,799,0.9799196787148594,14.7478,14.4538,14.4048,14.8948
2025-03-03,984019,14275881,14.75,14.75,14.3,14.5,-0.25,726,0.9799196787148594,14.4538,14.2088,14.0129,14.4538
2025-03-04,1093823,15544089,14.3,14.45,14.05,14.4,-0.1,761,0.9799196787148594,14.0129,14.1108,13.7679,14.1598
2025-03-05,1022024,15020602,14.4,14.9,14.25,14.8,0.4,646,0.9799196787148594,14.1108,14.5028,13.9639,14.6008
2025-03-06,495612,7300300,14.8,14.95,14.55,14.55,-0.25,589,0.9799196787148594,14.5028,14.2578,14.2578,14.6498
2025-03-07,582577,8490644,14.55,14.75,14.5,14.5,-0.05,383,0.9799196787148594,14.2578,14.2088,14.2088,14.4538
2025-03-10,1671968,24999135,14.6,15.2,14.4,15.2,0.7,916,0.9799196787148594,14.3068,14.8948,14.1108,14.8948
2025-03-11,2544622,37366065,14.85,15.25,14.25,14.95,-0.25,1962,0.9799196787148594,14.5518,14.6498,13.9639,14.9438
2025-03-12,820093,12055355,15.0,15.0,14.55,14.6,-0.35,625,0.9799196787148594,14.6988,14.3068,14.2578,14.6988
2025-03-13,1306635,18729741,14.65,14.65,14.1,14.15,-0.45,1158,0.9799196787148594,14.3558,13.8659,13.8169,14.3558
2025-03-14,1253676,18243884,14.15,14.75,14.15,14.75,0.6,827,0.9799196787148594,13.8659,14.4538,13.8659,14.4538
2025-03-17,671273,9935295,14.8,14.95,14.7,14.75,0.0,589,0.9799196787148594,14.5028,14.4538,14.4048,14.6498
2025-03-18,1204202,18037942,14.85,15.2,14.7,14.75,0.0,777,0.9799196787148594,14.5518,14.4538,14.4048,14.8948
2025-03-19,531157,7843555,14.75,14.95,14.7,14.75,0.0,539,0.9799196787148594,14.4538,14.4538,14.4048,14.6498
2025-03-20,474985,7074773,14.8,15.0,14.8,14.9,0.15,413,0.9799196787148594,14.5028,14.6008,14.5028,14.6988
2025-03-21,945243,13728408,14.9,14.9,14.35,14.45,-0.45,821,0.9799196787148594,14.6008,14.1598,14.0618,14.6008
2025-03-24,291016,4201511,14.4,14.55,14.35,14.4,-0.05,680,0.9799196787148594,14.1108,14.1108,14.0618,14.2578
2025-03-25,712923,10171120,14.5,14.55,14.15,14.25,-0.15,777,0.9799196787148594,14.2088,13.9639,13.8659,14.2578
2025-03-26,359791,5159004,14.35,14.5,14.25,14.3,0.05,814,0.9799196787148594,14.0618,14.0129,13.9639,14.2088
2025-03-27,631309,9084477,14.3,14.5,14.2,14.4,0.1,671,0.9799196787148594,14.0129,14.1108,13.9149,14.2088
2025-03-28,1052097,14624348,14.3,14.3,13.65,13.8,-0.6,982,0.9799196787148594,14.0129,13.5229,13.3759,14.0129
2025-03-31,1652382,22051865,13.5,13.5,13.2,13.35,-0.45,907,0.9799196787148594,13.2289,13.0819,12.9349,13.2289
2025-04-01,704086,9567320,13.4,13.85,13.35,13.6,0.25,466,0.9799196787148594,13.1309,13.3269,13.0819,13.5719
2025-04-02,416308,5710593,13.6,13.85,13.45,13.8,0.2,348,0.9799196787148594,13.3269,13.5229,13.1799,13.5719
2025-04-07,810936,10095804,12.45,12.45,12.45,12.45,-1.35,1321,0.9799196787148594,12.2,12.2,12.2,12.2
2025-04-08,2036861,23887528,11.45,12.3,11.45,11.8,-0.65,1329,0.9799196787148594,11.2201,11.5631,11.2201,12.053
2025-04-09,2015587,22618854,11.7,11.8,10.85,10.85,-0.95,1235,0.9799196787148594,11.4651,10.6321,10.6321,11.5631
2025-04-10,589837,7017241,11.9,11.9,11.8,11.9,1.05,281,0.9799196787148594,11.661,11.661,11.5631,11.661
2025-04-11,874385,10630866,11.9,12.45,11.5,12.4,0.5,519,0.9799196787148594,11.661,12.151,11.2691,12.2
2025-04-14,1091277,14139309,12.9,13.2,12.7,13.0,0.6,666,0.9799196787148594,12.641,12.739,12.445,12.9349
2025-04-15,451087,5912674,12.8,13.25,12.8,13.15,0.15,344,0.9799196787148594,12.543,12.8859,12.543,12.9839
2025-04-16,739917,9645935,13.05,13.2,12.85,13.2,0.05,441,0.9799196787148594,12.788,12.9349,12.592,12.9349
2025-04-17,329021,4271064,13.1,13.15,12.8,13.0,-0.2,260,0.9799196787148594,12.8369,12.739,12.543,12.8859
2025-04-18,216886,2817305,13.0,13.1,12.9,12.9,-0.1,164,0.9799196787148594,12.739,12.641,12.641,12.8369
2025-04-21,279924,3559902,12.8,12.9,12.55,12.7,-0.2,277,0.9799196787148594,12.543,12.445,12.298,12.641
2025-04-22,330847,4197326,12.5,12.85,12.5,12.7,0.0,261,0.9799196787148594,12.249,12.445,12.249,12.592
2025-04-23,597534,7854086,12.85,13.3,12.85,13.2,0.5,424,0.9799196787148594,12.592,12.9349,12.592,13.0329
2025-04-24,364817,4765242,13.2,13.3,12.9,12.9,-0.3,335,0.9799196787148594,12.9349,12.641,12.641,13.0329
2025-04-25,273250,3558554,13.05,13.2,12.95,12.95,0.05,247,0.9799196787148594,12.788,12.69,12.69,12.9349
2025-04-28,313044,4068372,13.05,13.2,12.9,12.95,0.0,303,0.9799196787148594,12.788,12.69,12.641,12.9349
2025-04-29,1145328,14918170,12.95,13.15,12.9,13.0,0.05,933,0.9799196787148594,12.69,12.739,12.641,12.8859
2025-04-30,1094809,13997447,12.9,13.0,12.6,12.65,-0.35,713,0.9799196787148594,12.641,12.396,12.347,12.739
2025-05-02,899651,11408065,12.65,12.8,12.55,12.75,0.1,553,0.9799196787148594,12.396,12.494,12.298,12.543
2025-05-05,1155307,14964982,12.75,13.1,12.75,12.95,0.2,668,0.9799196787148594,12.494,12.69,12.494,12.8369
2025-05-06,1418080,18525446,13.1,13.3,12.9,13.05,0.1,814,0.9799196787148594,12.8369,12.788,12.641,13.0329
2025-05-07,2279930,29836793,13.1,13.35,12.9,13.05,0.0,1459,0.9799196787148594,12.8369,12.788,12.641,13.0819
2025-05-08,3706849,46881627,13.05,13.1,12.5,12.55,-0.5,1475,0.9799196787148594,12.788,12.298,12.249,12.8369
2025-05-09,5065563,62014282,12.55,12.55,12.05,12.45,-0.1,3540,0.9799196787148594,12.298,12.2,11.808,12.298
2025-05-12,1740482,22037732,12.55,12.8,12.5,12.7,0.25,908,0.9799196787148594,12.298,12.445,12.249,12.543
2025-05-13,761039,9622948,12.75,12.9,12.55,12.6,-0.1,593,0.9799196787148594,12.494,12.347,12.298,12.641
2025-05-14,514129,6493609,12.65,12.75,12.5,12.7,0.1,378,0.9799196787148594,12.396,12.445,12.249,12.494
2025-05-15,444711,5596389,12.65,12.65,12.5,12.55,-0.15,279,0.9799196787148594,12.396,12.298,12.249,12.396
2025-05-16,509551,6422651,12.6,12.65,12.5,12.6,0.05,299,0.9799196787148594,12.347,12.347,12.249,12.396
2025-05-19,395221,4933067,12.6,12.6,12.4,12.45,-0.15,341,0.9799196787148594,12.347,12.2,12.151,12.347
2025-05-20,273328,3418226,12.55,12.6,12.45,12.5,0.05,227,0.9799196787148594,12.298,12.249,12.2,12.347
2025-05-21,542154,6789655,12.45,12.65,12.4,12.5,0.0,309,0.9799196787148594,12.2,12.249,12.151,12.396
2025-05-22,656722,8123496,12.45,12.5,12.3,12.35,-0.15,350,0.9799196787148594,12.2,12.102,12.053,12.249
2025-05-23,305461,3768829,12.35,12.4,12.3,12.3,-0.05,220,0.9799196787148594,12.102,12.053,12.053,12.151
2025-05-26,556460,6864441,12.35,12.45,12.25,12.3,0.0,308,0.9799196787148594,12.102,12.053,12.004,12.2
2025-05-27,654866,7989832,12.25,12.45,12.05,12.1,-0.2,395,0.9799196787148594,12.004,11.857,11.808,12.2
2025-05-28,378694,4592794,12.15,12.25,12.05,12.1,0.0,305,0.9799196787148594,11.906,11.857,11.808,12.004
2025-05-29,643063,7728848,12.15,12.15,11.9,12.05,-0.05,463,0.9799196787148594,11.906,11.808,11.661,11.906
2025-06-02,918777,10654865,12.0,12.0,11.5,11.55,-0.5,671,0.9799196787148594,11.759,11.3181,11.2691,11.759
2025-06-03,956095,11023437,11.5,11.65,11.4,11.6,0.05,490,0.9799196787148594,11.2691,11.3671,11.1711,11.4161
2025-06-04,565743,6648344,11.7,11.9,11.6,11.7,0.1,366,0.9799196787148594,11.4651,11.4651,11.3671,11.661
2025-06-05,201667,2379696,11.7,11.9,11.7,11.75,0.05,242,0.9799196787148594,11.4651,11.5141,11.4651,11.661
2025-06-06,292231,3470115,11.75,11.95,11.75,11.95,0.2,246,0.9799196787148594,11.5141,11.71,11.5141,11.71
2025-06-09,977048,12331724,12.1,12.1,11.7,11.9,-0.05,306,0.9799196787148594,11.857,11.661,11.4651,11.857
2025-06-10,456399,5502967,11.9,12.2,11.9,12.05,0.15,339,0.9799196787148594,11.661,11.808,11.661,11.955
2025-06-11,382937,4584791,12.05,12.05,11.85,12.05,0.0,311,0.9799196787148594,11.808,11.808,11.612,11.808
2025-06-12,302480,3637590,12.05,12.15,11.95,12.05,0.0,261,0.9799196787148594,11.808,11.808,11.71,11.906
2025-06-13,889127,10555396,11.95,12.0,11.7,11.9,-0.15,501,0.9799196787148594,11.71,11.661,11.4651,11.759
2025-06-16,3375194,42356570,12.1,12.8,11.95,12.7,0.8,1374,0.9799196787148594,11.857,12.445,11.71,12.543
2025-06-17,1229256,15157197,12.6,12.7,12.15,12.25,-0.45,796,0.9799196787148594,12.347,12.004,11.906,12.445
2025-06-18,794295,9742963,12.4,12.5,12.1,12.2,-0.05,534,0.9799196787148594,12.151,11.955,11.857,12.249
2025-06-19,1073170,12715406,12.15,12.15,11.7,11.7,-0.5,748,0.9799196787148594,11.906,11.4651,11.4651,11.906
2025-06-20,1220627,14111928,11.7,11.7,11.45,11.5,-0.2,650,0.9799196787148594,11.4651,11.2691,11.2201,11.4651
2025-06-23,1156681,13112264,11.5,11.55,11.1,11.5,0.0,779,0.9799196787148594,11.2691,11.2691,10.8771,11.3181
2025-06-24,604436,7029033,11.6,11.7,11.55,11.6,0.1,393,0.9799196787148594,11.3671,11.3671,11.3181,11.4651
2025-06-25,599555,6999756,11.65,11.75,11.55,11.65,0.05,372,0.9799196787148594,11.4161,11.4161,11.3181,11.5141
2025-06-26,741554,8778818,11.75,11.95,11.7,11.75,0.1,415,0.9799196787148594,11.5141,11.5141,11.4651,11.71
2025-06-27,652857,7711745,11.85,12.0,11.65,11.7,-0.05,425,0.9799196787148594,11.612,11.4651,11.4161,11.759
2025-06-30,458517,5291789,11.65,11.75,11.45,11.5,-0.2,397,0.9799196787148594,11.4161,11.2691,11.2201,11.5141
2025-07-01,529849,6181908,11.5,11.8,11.5,11.6,0.1,352,0.9799196787148594,11.2691,11.3671,11.2691,11.5631
2025-07-02,309065,3606371,11.6,11.75,11.55,11.65,0.05,227,0.9799196787148594,11.3671,11.4161,11.3181,11.5141
2025-07-03,645654,7596683,11.65,11.85,11.65,11.8,0.15,359,0.9799196787148594,11.4161,11.5631,11.4161,11.612
2025-07-04,466554,5472703,11.9,11.9,11.65,11.7,-0.1,314,0.9799196787148594,11.661,11.4651,11.4161,11.661
2025-07-07,430694,4982482,11.75,11.75,11.5,11.5,-0.2,411,0.9799196787148594,11.5141,11.2691,11.2691,11.5141
2025-07-08,894659,10105102,11.45,11.45,11.2,11.3,-0.2,478,0.9799196787148594,11.2201,11.0731,10.9751,11.2201
2025-07-09,469368,5280211,11.3,11.3,11.2,11.25,-0.05,270,0.9799196787148594,11.0731,11.0241,10.9751,11.0731
2025-07-10,487168,5429724,11.15,11.2,11.1,11.15,-0.1,337,0.9799196787148594,10.9261,10.9261,10.8771,10.9751
2025-07-11,586917,6511015,11.1,11.25,11.0,11.1,-0.05,420,0.9799196787148594,10.8771,10.8771,10.7791,11.0241
2025-07-14,552900,6198455,11.05,11.35,11.0,11.25,0.15,393,0.9799196787148594,10.8281,11.0241,10.7791,11.1221
2025-07-15,1246361,14394810,11.35,11.8,11.3,11.45,0.2,720,0.9799196787148594,11.1221,11.2201,11.0731,11.5631
2025-07-16,622552,7178643,11.35,11.65,11.35,11.55,0.1,377,0.9799196787148594,11.1221,11.3181,11.1221,11.4161
2025-07-17,1791314,21393101,11.55,12.15,11.55,11.95,0.4,944,0.9799196787148594,11.3181,11.71,11.3181,11.906
2025-07-18,1729213,20793466,12.0,12.15,11.95,12.1,0.15,783,0.9799196787148594,11.759,11.857,11.71,11.906
2025-07-21,1150460,13984123,12.0,12.25,12.0,12.15,0.05,775,0.9799196787148594,11.759,11.906,11.759,12.004
2025-07-22,2216728,26590095,12.2,12.3,11.8,11.85,-0.3,1224,0.9799196787148594,11.955,11.612,11.5631,12.053
2025-07-23,3626664,44324078,12.0,12.45,11.95,12.45,0.6,1701,0.9799196787148594,11.759,12.2,11.71,12.2
2025-07-24,1483986,17941916,12.3,12.35,11.95,12.1,0.0,896,1.0,12.3,12.1,11.95,12.35
2025-07-25,1393328,16852556,12.1,12.35,11.9,11.95,-0.15,798,1.0,12.1,11.95,11.9,12.35
2025-07-28,3180353,38947994,11.95,12.5,11.85,12.4,0.45,1384,1.0,11.95,12.4,11.85,12.5
2025-07-29,1392380,17168981,12.5,12.65,12.1,12.2,-0.2,829,1.0,12.5,12.2,12.1,12.65
2025-07-30,2713571,34545129,12.15,13.0,12.15,12.85,0.65,1491,1.0,12.15,12.85,12.15,13.0
2025-07-31,1911490,23977758,12.85,12.85,12.35,12.45,-0.4,1012,1.0,12.85,12.45,12.35,12.85
2025-08-01,1786639,21494540,12.15,12.2,11.9,12.0,-0.45,1011,1.0,12.15,12.0,11.9,12.2
2025-08-04,2106964,24596749,12.0,12.0,11.45,11.8,-0.2,1126,1.0,12.0,11.8,11.45,12.0
2025-08-05,1192543,14038122,11.85,11.95,11.7,11.75,-0.05,487,1.0,11.85,11.75,11.7,11.95
2025-08-06,1626074,19421568,11.75,12.05,11.75,11.95,0.2,688,1.0,11.75,11.95,11.75,12.05
2025-08-07,690703,8264911,12.0,12.1,11.85,12.0,0.05,429,1.0,12.0,12.0,11.85,12.1
2025-08-08,1242712,14754659,11.95,12.0,11.75,11.85,-0.15,606,1.0,11.95,11.85,11.75,12.0
2025-08-11,927236,10906776,11.75,11.85,11.6,11.8,-0.05,490,1.0,11.75,11.8,11.6,11.85
2025-08-12,2159082,26424859,11.85,12.45,11.85,12.35,0.55,994,1.0,11.85,12.35,11.85,12.45
2025-08-13,2324709,29247904,12.55,12.85,12.35,12.4,0.05,1064,1.0,12.55,12.4,12.35,12.85
2025-08-14,1124068,13923770,12.5,12.65,12.15,12.25,-0.15,607,1.0,12.5,12.25,12.15,12.65
2025-08-15,1257557,15434152,12.25,12.45,12.1,12.45,0.2,687,1.0,12.25,12.45,12.1,12.45
2025-08-18,1450283,18446210,12.45,12.85,12.45,12.75,0.3,793,1.0,12.45,12.75,12.45,12.85
2025-08-19,940361,11896772,12.75,12.8,12.55,12.55,-0.2,603,1.0,12.75,12.55,12.55,12.8
2025-08-20,868380,10671397,12.5,12.65,12.15,12.25,-0.3,629,1.0,12.5,12.25,12.15,12.65
2025-08-21,4704786,59660110,12.25,13.2,12.25,12.75,0.5,1744,1.0,12.25,12.75,12.25,13.2
2025-08-22,1232430,15738635,12.65,12.9,12.6,12.9,0.15,671,1.0,12.65,12.9,12.6,12.9
2025-08-25,957903,12279835,13.0,13.0,12.7,12.8,-0.1,661,1.0,13.0,12.8,12.7,13.0
2025-08-26,1407415,18035784,13.0,13.1,12.55,12.6,-0.2,751,1.0,13.0,12.6,12.55,13.1
2025-08-27,1415716,17776717,12.65,12.8,12.35,12.4,-0.2,686,1.0,12.65,12.4,12.35,12.8
2025-08-28,1320657,16152660,12.4,12.4,12.15,12.2,-0.2,660,1.0,12.4,12.2,12.15,12.4
2025-08-29,944727,11423136,12.25,12.3,12.05,12.05,-0.15,630,1.0,12.25,12.05,12.05,12.3
2025-09-01,1431338,17105342,12.05,12.15,11.8,12.1,0.05,616,1.0,12.05,12.1,11.8,12.15
2025-09-02,947008,11359425,12.1,12.15,11.85,11.95,-0.15,476,1.0,12.1,11.95,11.85,12.15
2025-09-03,968177,11489478,11.95,12.0,11.8,11.85,-0.1,529,1.0,11.95,11.85,11.8,12.0
2025-09-04,347565,4146245,11.85,12.0,11.85,12.0,0.15,331,1.0,11.85,12.0,11.85,12.0
2025-09-05,761845,9088098,12.05,12.05,11.8,11.95,-0.05,512,1.0,12.05,11.95,11.8,12.05
2025-09-08,641579,7682208,11.9,12.05,11.85,12.0,0.05,418,1.0,11.9,12.0,11.85,12.05
2025-09-09,530110,6359414,12.0,12.1,11.9,12.0,0.0,325,1.0,12.0,12.0,11.9,12.1
2025-09-10,1317567,15571207,11.95,11.95,11.75,11.9,-0.1,708,1.0,11.95,11.9,11.75,11.95
2025-09-11,1927371,22417139,11.8,11.8,11.5,11.5,-0.4,1082,1.0,11.8,11.5,11.5,11.8
2025-09-12,426158,4948587,11.55,11.7,11.55,11.55,0.05,296,1.0,11.55,11.55,11.55,11.7
2025-09-15,678395,7875084,11.6,11.7,11.5,11.55,0.0,496,1.0,11.6,11.55,11.5,11.7
2025-09-16,674692,7811612,11.6,11.7,11.5,11.5,-0.05,387,1.0,11.6,11.5,11.5,11.7
2025-09-17,702550,8194146,11.55,11.75,11.55,11.6,0.1,419,1.0,11.55,11.6,11.55,11.75
2025-09-18,710488,8315623,11.7,11.8,11.6,11.7,0.1,437,1.0,11.7,11.7,11.6,11.8
2025-09-19,884118,10438881,11.7,11.9,11.65,11.8,0.1,471,1.0,11.7,11.8,11.65,11.9
2025-09-22,716209,8509529,11.85,12.0,11.8,11.85,0.05,386,1.0,11.85,11.85,11.8,12.0
2025-09-23,922849,10896661,11.85,11.9,11.7,11.75,-0.1,409,1.0,11.85,11.75,11.7,11.9
2025-09-24,605295,7069852,11.7,11.75,11.65,11.7,-0.05,332,1.0,11.7,11.7,11.65,11.75
2025-09-25,773588,9194237,11.6,11.95,11.6,11.9,0.2,445,1.0,11.6,11.9,11.6,11.95
2025-09-26,569389,6670597,11.9,11.9,11.65,11.75,-0.15,379,1.0,11.9,11.75,11.65,11.9
2025-09-30,296273,3482745,11.8,11.8,11.7,11.75,0.0,238,1.0,11.8,11.75,11.7,11.8
2025-10-01,332113,3912207,11.75,11.85,11.75,11.75,0.0,210,1.0,11.75,11.75,11.75,11.85
2025-10-02,464368,5421955,11.75,11.8,11.6,11.65,-0.1,381,1.0,11.75,11.65,11.6,11.8
2025-10-03,981876,11261148,11.65,11.65,11.4,11.45,-0.2,557,1.0,11.65,11.45,11.4,11.65
2025-10-07,743629,8569452,11.45,11.65,11.35,11.5,0.05,369,1.0,11.45,11.5,11.35,11.65
2025-10-08,680028,7920637,11.5,11.8,11.5,11.75,0.25,395,1.0,11.5,11.75,11.5,11.8
2025-10-09,9014363,115393611,11.9,12.9,11.9,12.9,1.15,2560,1.0,11.9,12.9,11.9,12.9
2025-10-13,17324240,233303109,12.95,13.9,12.95,13.65,0.75,6370,1.0,12.95,13.65,12.95,13.9
2025-10-14,5734585,76774428,13.7,13.7,13.05,13.2,-0.45,2622,1.0,13.7,13.2,13.05,13.7
2025-10-15,2476993,32192686,13.2,13.2,12.9,13.0,-0.2,1093,1.0,13.2,13.0,12.9,13.2
2025-10-16,1927187,24820571,13.05,13.15,12.75,12.85,-0.15,884,1.0,13.05,12.85,12.75,13.15
2025-10-17,2148874,28106190,12.9,13.25,12.75,13.15,0.3,1034,1.0,12.9,13.15,12.75,13.25
2025-10-20,2069479,26734360,13.25,13.35,12.75,13.0,-0.15,950,1.0,13.25,13.0,12.75,13.35
2025-10-21,1024683,13287872,13.1,13.15,12.8,12.95,-0.05,534,1.0,13.1,12.95,12.8,13.15
2025-10-22,1586891,20940493,13.1,13.35,13.05,13.1,0.15,805,1.0,13.1,13.1,13.05,13.35
2025-10-23,4443218,60311671,13.0,13.85,12.9,13.7,0.6,1979,1.0,13.0,13.7,12.9,13.85
2025-10-27,3366751,45832996,13.7,13.9,13.4,13.6,-0.1,1441,1.0,13.7,13.6,13.4,13.9
2025-10-28,2004884,26544632,13.55,13.6,13.05,13.2,-0.4,1086,1.0,13.55,13.2,13.05,13.6
2025-10-29,1277931,16598959,13.2,13.2,12.85,12.95,-0.25,696,1.0,13.2,12.95,12.85,13.2
2025-10-30,1828069,23548076,13.15,13.3,12.7,12.85,-0.1,932,1.0,13.15,12.85,12.7,13.3
2025-10-31,1643320,20789880,12.9,12.95,12.5,12.55,-0.3,902,1.0,12.9,12.55,12.5,12.95
2025-11-03,1536235,18889418,12.55,12.55,12.1,12.2,-0.35,810,1.0,12.55,12.2,12.1,12.55
2025-11-04,1251403,15429026,12.15,12.45,12.15,12.35,0.15,616,1.0,12.15,12.35,12.15,12.45
2025-11-05,1216964,14669700,12.3,12.3,11.95,12.1,-0.25,778,1.0,12.3,12.1,11.95,12.3
2025-11-06,797423,9844861,12.15,12.5,12.1,12.5,0.4,480,1.0,12.15,12.5,12.1,12.5
2025-11-07,1829694,23396458,12.45,13.1,12.35,12.75,0.25,999,1.0,12.45,12.75,12.35,13.1
2025-11-10,1724922,21246776,12.4,12.5,12.1,12.35,-0.4,768,1.0,12.4,12.35,12.1,12.5
2025-11-11,1524614,19210548,12.45,12.8,12.35,12.4,0.05,816,1.0,12.45,12.4,12.35,12.8
2025-11-12,2967904,38377877,12.55,13.2,12.5,12.95,0.55,1360,1.0,12.55,12.95,12.5,13.2
2025-11-13,4106612,54572094,12.9,13.6,12.85,13.25,0.3,1770,1.0,12.9,13.25,12.85,13.6
2025-11-14,1613885,21439274,13.2,13.4,13.0,13.35,0.1,854,1.0,13.2,13.35,13.0,13.4
2025-11-17,1495580,19685785,13.35,13.5,12.85,12.9,-0.45,923,1.0,13.35,12.9,12.85,13.5
2025-11-18,1271809,16320661,12.9,13.15,12.7,12.7,-0.2,699,1.0,12.9,12.7,12.7,13.15
2025-11-19,1607197,20010846,12.7,12.7,12.3,12.4,-0.3,759,1.0,12.7,12.4,12.3,12.7
2025-11-20,1209036,15287756,12.5,12.9,12.4,12.6,0.2,604,1.0,12.5,12.6,12.4,12.9
2025-11-21,1420219,17417789,12.4,12.5,12.1,12.3,-0.3,765,1.0,12.4,12.3,12.1,12.5
2025-11-24,776628,9522449,12.35,12.55,12.1,12.3,0.0,471,1.0,12.35,12.3,12.1,12.55
2025-11-25,909365,11044182,12.45,12.45,12.0,12.15,-0.15,538,1.0,12.45,12.15,12.0,12.45
2025-11-26,875178,10790174,12.2,12.5,12.2,12.4,0.25,561,1.0,12.2,12.4,12.2,12.5
2025-11-27,2133677,27276878,12.35,12.95,12.35,12.95,0.55,905,1.0,12.35,12.95,12.35,12.95
2025-11-28,2136489,27970588,12.8,13.4,12.8,13.1,0.15,927,1.0,12.8,13.1,12.8,13.4
2025-12-01,2176461,28786010,12.95,13.4,12.8,13.25,0.15,860,1.0,12.95,13.25,12.8,13.4
2025-12-02,5851269,83656665,13.35,14.55,13.25,14.55,1.3,1745,1.0,13.35,14.55,13.25,14.55
2025-12-03,15447563,221395488,15.0,15.0,13.9,14.15,-0.4,4832,1.0,15.0,14.15,13.9,15.0
2025-12-04,2280800,32236274,14.15,14.3,14.0,14.15,0.0,1196,1.0,14.15,14.15,14.0,14.3
2025-12-05,2731826,37322349,14.0,14.0,13.5,13.7,-0.45,1325,1.0,14.0,13.7,13.5,14.0
2025-12-08,1731029,23324920,13.65,13.65,13.25,13.65,-0.05,906,1.0,13.65,13.65,13.25,13.65
2025-12-09,2708979,37564607,13.4,14.2,13.35,14.15,0.5,1228,1.0,13.4,14.15,13.35,14.2
2025-12-10,1951756,26863804,14.0,14.25,13.5,13.7,-0.45,1062,1.0,14.0,13.7,13.5,14.25
2025-12-11,1583689,21921434,13.85,14.0,13.7,13.9,0.2,750,1.0,13.85,13.9,13.7,14.0
2025-12-12,1587237,21751654,14.0,14.2,13.45,13.5,-0.4,934,1.0,14.0,13.5,13.45,14.2
2025-12-15,1355554,18654514,13.45,13.95,13.45,13.7,0.2,757,1.0,13.45,13.7,13.45,13.95
2025-12-16,1422047,19018222,13.7,13.7,13.2,13.4,-0.3,802,1.0,13.7,13.4,13.2,13.7
2025-12-17,1629024,21500122,13.4,13.45,13.1,13.2,-0.2,840,1.0,13.4,13.2,13.1,13.45
2025-12-18,449389,5940230,13.2,13.35,13.1,13.15,-0.05,307,1.0,13.2,13.15,13.1,13.35
2025-12-19,892426,11834255,13.25,13.4,13.15,13.3,0.15,370,1.0,13.25,13.3,13.15,13.4
2025-12-22,973200,13164964,13.45,13.7,13.35,13.65,0.35,558,1.0,13.45,13.65,13.35,13.7
2025-12-23,915359,12497143,13.8,13.8,13.55,13.7,0.05,363,1.0,13.8,13.7,13.55,13.8
2025-12-24,1028073,13947377,13.8,13.85,13.4,13.4,-0.3,436,1.0,13.8,13.4,13.4,13.85
2025-12-26,915700,12098295,13.4,13.4,13.1,13.2,-0.2,536,1.0,13.4,13.2,13.1,13.4
2025-12-29,1088230,14518993,13.2,13.5,13.15,13.35,0.15,416,1.0,13.2,13.35,13.15,13.5
2025-12-30,1336132,17708285,13.2,13.45,13.1,13.4,0.05,707,1.0,13.2,13.4,13.1,13.45
2025-12-31,1021857,13534683,13.3,13.55,13.1,13.15,-0.25,566,1.0,13.3,13.15,13.1,13.55
2026-01-02,2091558,26940525,13.3,13.3,12.7,12.85,-0.3,1121,1.0,13.3,12.85,12.7,13.3
2026-01-05,995890,12709346,12.8,12.9,12.65,12.7,-0.15,595,1.0,12.8,12.7,12.65,12.9
2026-01-06,1115043,14302849,12.8,13.0,12.7,12.8,0.1,652,1.0,12.8,12.8,12.7,13.0
2026-01-07,3476460,46311183,12.8,13.6,12.8,13.55,0.75,1297,1.0,12.8,13.55,12.8,13.6
2026-01-08,3801387,52367248,13.55,14.2,13.3,13.35,-0.2,1868,1.0,13.55,13.35,13.3,14.2
2026-01-09,2108176,27674256,13.55,13.7,12.9,12.95,-0.4,1292,1.0,13.55,12.95,12.9,13.7
2026-01-12,1785447,23734869,13.15,13.5,13.05,13.35,0.4,918,1.0,13.15,13.35,13.05,13.5
2026-01-13,1586933,21067412,13.3,13.5,13.0,13.5,0.15,809,1.0,13.3,13.5,13.0,13.5
2026-01-14,2446707,33574799,13.55,13.9,13.45,13.75,0.25,958,1.0,13.55,13.75,13.45,13.9
2026-01-15,3579441,49927911,13.75,14.15,13.7,14.05,0.3,1387,1.0,13.75,14.05,13.7,14.15
2026-01-16,1996513,27782454,14.15,14.15,13.75,13.8,-0.25,1038,1.0,14.15,13.8,13.75,14.15
2026-01-19,1920231,26853196,13.8,14.15,13.65,14.0,0.2,905,1.0,13.8,14.0,13.65,14.15
2026-01-20,2105459,28674689,13.8,13.85,13.45,13.55,-0.45,1070,1.0,13.8,13.55,13.45,13.85
2026-01-21,1183593,15781352,13.4,13.5,13.25,13.35,-0.2,789,1.0,13.4,13.35,13.25,13.5
2026-01-22,1205319,16258116,13.45,13.8,13.3,13.5,0.15,659,1.0,13.45,13.5,13.3,13.8
2026-01-23,873912,11842074,13.5,13.75,13.45,13.5,0.0,512,1.0,13.5,13.5,13.45,13.75
2026-01-26,7667838,109198693,13.5,14.55,13.5,14.25,0.75,2985,1.0,13.5,14.25,13.5,14.55
2026-01-27,3199666,45494603,14.4,14.8,13.95,14.1,-0.15,1405,1.0,14.4,14.1,13.95,14.8
2026-01-28,3980078,57130614,14.25,14.65,14.0,14.15,0.05,1517,1.0,14.25,14.15,14.0,14.65
2026-01-29,2711041,38368215,14.15,14.45,14.0,14.1,-0.05,1020,1.0,14.15,14.1,14.0,14.45
2026-01-30,2438666,34219288,14.1,14.35,13.75,13.85,-0.25,949,1.0,14.1,13.85,13.75,14.35
2026-02-02,3129803,41387036,13.65,13.65,12.95,13.15,-0.7,1529,1.0,13.65,13.15,12.95,13.65
2026-02-03,1266807,16585447,13.3,13.35,12.9,13.0,-0.15,681,1.0,13.3,13.0,12.9,13.35
2026-02-04,1302926,17336695,13.15,13.45,12.95,13.45,0.45,749,1.0,13.15,13.45,12.95,13.45
2026-02-05,1203659,16287814,13.4,13.7,13.35,13.65,0.2,683,1.0,13.4,13.65,13.35,13.7
2026-02-06,1949579,25575128,13.4,13.45,12.95,13.15,-0.5,1024,1.0,13.4,13.15,12.95,13.45
2026-02-09,2060415,27807783,13.4,13.75,13.1,13.65,0.5,1036,1.0,13.4,13.65,13.1,13.75
2026-02-10,1242678,16569910,13.75,13.75,13.2,13.3,-0.35,756,1.0,13.75,13.3,13.2,13.75
2026-02-11,1023788,13726197,13.35,13.5,13.25,13.4,0.1,636,1.0,13.35,13.4,13.25,13.5
2026-02-23,1721538,23644721,13.55,13.85,13.4,13.8,0.4,965,1.0,13.55,13.8,13.4,13.85
2026-02-24,1893042,26568240,13.8,14.25,13.8,14.0,0.2,948,1.0,13.8,14.0,13.8,14.25
2026-02-25,2621145,37354802,14.1,14.4,14.05,14.35,0.35,1194,1.0,14.1,14.35,14.05,14.4
2026-02-26,1968114,27688470,14.35,14.35,13.9,13.95,-0.4,1254,1.0,14.35,13.95,13.9,14.35
2026-03-02,4307704,60977195,14.4,14.9,13.65,13.7,-0.25,1890,1.0,14.4,13.7,13.65,14.9
2026-03-03,5221459,74751385,13.8,14.8,13.65,14.5,0.8,2403,1.0,13.8,14.5,13.65,14.8
2026-03-04,3903455,54408337,14.5,14.5,13.55,14.05,-0.45,1868,1.0,14.5,14.05,13.55,14.5
2026-03-05,2089961,28839289,14.2,14.3,13.55,13.65,-0.4,1347,1.0,14.2,13.65,13.55,14.3
2026-03-06,13471084,200355312,13.8,15.0,13.75,15.0,1.35,5628,1.0,13.8,15.0,13.75,15.0
2026-03-09,35238461,560048399,16.5,16.5,15.0,15.7,0.7,11648,1.0,16.5,15.7,15.0,16.5
2026-03-10,12347456,177301424,14.6,14.65,14.15,14.55,-1.15,4265,1.0,14.6,14.55,14.15,14.65
2026-03-11,6809383,96374499,14.4,14.5,13.9,14.2,-0.35,3123,1.0,14.4,14.2,13.9,14.5
2026-03-12,10176217,152622764,14.75,15.55,14.35,15.35,1.15,4517,1.0,14.75,15.35,14.35,15.55
2026-03-13,10086293,152853838,15.2,15.8,14.65,14.95,-0.4,4255,1.0,15.2,14.95,14.65,15.8
2026-03-16,7704809,118460915,15.3,15.9,14.9,15.15,0.2,3496,1.0,15.3,15.15,14.9,15.9
2026-03-17,5507687,80864084,14.9,15.05,14.5,14.75,-0.4,2616,1.0,14.9,14.75,14.5,15.05
2026-03-18,3842819,56603091,14.95,15.0,14.45,14.6,-0.15,1791,1.0,14.95,14.6,14.45,15.0
2026-03-19,15625626,245729044,15.4,16.05,14.8,16.05,1.45,5160,1.0,15.4,16.05,14.8,16.05
2026-03-20,30365301,517557994,16.7,17.6,16.2,16.5,0.45,10638,1.0,16.7,16.5,16.2,17.6
2026-03-23,34177238,614701835,16.95,18.15,16.6,18.15,1.65,12937,1.0,16.95,18.15,16.6,18.15
2026-03-24,37638136,684538568,17.0,19.7,16.35,17.65,-0.5,15016,1.0,17.0,17.65,16.35,19.7
2026-03-25,17508669,287984189,17.3,17.3,16.05,16.45,-1.2,7966,1.0,17.3,16.45,16.05,17.3
2026-03-26,21974233,391827606,16.8,18.05,16.7,18.05,1.6,10280,1.0,16.8,18.05,16.7,18.05
2026-03-27,40951193,773785087,19.2,19.8,17.55,17.65,-0.4,15354,1.0,19.2,17.65,17.55,19.8
2026-03-30,25979598,501190120,19.0,19.4,18.95,19.4,1.75,6507,1.0,19.0,19.4,18.95,19.4
2026-03-31,68631802,1359152558,20.55,21.15,18.2,18.5,-0.9,24972,1.0,20.55,18.5,18.2,21.15
2026-04-01,22854998,407496588,17.65,18.5,17.15,17.9,-0.6,9544,1.0,17.65,17.9,17.15,18.5
2026-04-02,39804655,735439688,17.4,19.5,16.85,18.6,0.7,15487,1.0,17.4,18.6,16.85,19.5
2026-04-07,16779761,305796473,18.4,18.8,17.5,18.6,0.0,7784,1.0,18.4,18.6,17.5,18.8
2026-04-08,19123734,322326648,17.05,17.35,16.75,16.75,-1.85,6841,1.0,17.05,16.75,16.75,17.35
2026-04-09,14158184,236967889,16.55,17.1,16.4,16.85,0.1,5436,1.0,16.55,16.85,16.4,17.1
2026-04-10,10120122,166299736,16.8,16.8,16.2,16.55,-0.3,3623,1.0,16.8,16.55,16.2,16.8
2026-04-13,13397933,230355485,17.3,17.55,16.7,17.25,0.7,5229,1.0,17.3,17.25,16.7,17.55
2026-04-14,7266466,122199379,16.85,17.1,16.65,16.7,-0.55,2928,1.0,16.85,16.7,16.65,17.1
2026-04-15,9079166,146163827,16.65,16.65,15.8,15.95,-0.75,3974,1.0,16.65,15.95,15.8,16.65
2026-04-16,3957228,63294674,16.05,16.25,15.9,15.95,0.0,1848,1.0,16.05,15.95,15.9,16.25
2026-04-17,7981247,123702901,16.1,16.4,15.15,15.25,-0.7,3564,1.0,16.1,15.25,15.15,16.4
2026-04-20,4464275,69561341,15.4,15.8,15.4,15.45,0.2,2018,1.0,15.4,15.45,15.4,15.8
2026-04-21,4086359,62451727,15.45,15.45,15.1,15.35,-0.1,1641,1.0,15.45,15.35,15.1,15.45
2026-04-22,2920836,45026120,15.65,15.75,15.2,15.3,-0.05,1505,1.0,15.65,15.3,15.2,15.75
2026-04-23,13918329,218687438,15.4,16.5,14.9,15.65,0.35,5831,1.0,15.4,15.65,14.9,16.5
2026-04-24,5160982,80516378,15.75,16.05,15.3,15.4,-0.25,2238,1.0,15.75,15.4,15.3,16.05
2026-04-27,5305611,78817721,15.3,15.3,14.65,14.75,-0.65,2117,1.0,15.3,14.75,14.65,15.3
2026-04-28,3816043,57161004,14.9,15.25,14.75,14.85,0.1,1484,1.0,14.9,14.85,14.75,15.25
2026-04-29,2843110,42058353,15.1,15.15,14.5,14.55,-0.3,1507,1.0,15.1,14.55,14.5,15.15
2026-04-30,6074945,90443575,14.9,15.1,14.6,15.05,0.5,2318,1.0,14.9,15.05,14.6,15.1
2026-05-04,5640373,79627052,14.65,14.65,13.9,14.05,-1.0,2497,1.0,14.65,14.05,13.9,14.65
2026-05-05,2898633,41338836,14.3,14.45,14.1,14.25,0.2,1267,1.0,14.3,14.25,14.1,14.45
2026-05-06,4039189,55902303,14.1,14.1,13.7,13.7,-0.55,1661,1.0,14.1,13.7,13.7,14.1
2026-05-07,3750392,50949532,13.45,13.85,13.4,13.75,0.05,1472,1.0,13.45,13.75,13.4,13.85
2026-05-08,3128933,42465044,13.85,13.95,13.35,13.4,-0.35,1353,1.0,13.85,13.4,13.35,13.95
2026-05-11,2984565,40951547,13.55,13.9,13.5,13.65,0.25,1274,1.0,13.55,13.65,13.5,13.9
2026-05-12,1790808,24157968,13.6,13.65,13.4,13.45,-0.2,820,1.0,13.6,13.45,13.4,13.65
