Date,Capacity,Turnover,Open,High,Low,Close,Change,Transaction,AdjFactor,Open_adj,Close_adj,Low_adj,High_adj
2020-05-04,31605,237765,7.72,7.72,7.26,7.26,0.23,19,1.0,7.72,7.26,7.26,7.72
2020-05-05,46000,330860,7.4,7.4,7.03,7.12,-0.14,27,1.0,7.4,7.12,7.03,7.4
2020-05-06,60840,432030,7.1,7.18,7.09,7.1,-0.02,18,1.0,7.1,7.1,7.09,7.18
2020-05-07,46317,330912,7.19,7.24,7.1,7.19,0.09,27,1.0,7.19,7.19,7.1,7.24
2020-05-08,48199,343591,7.24,7.24,7.1,7.23,0.04,24,1.0,7.24,7.23,7.1,7.24
2020-05-11,79388,561439,7.06,7.1,7.06,7.1,-0.13,40,1.0,7.06,7.1,7.06,7.1
2020-05-12,7527,53439,7.1,7.11,7.1,7.1,0.0,5,1.0,7.1,7.1,7.1,7.11
2020-05-13,41905,294804,7.06,7.06,7.0,7.04,-0.06,18,1.0,7.06,7.04,7.0,7.06
2020-05-14,208173,1457076,7.0,7.13,6.97,6.97,-0.07,30,1.0,7.0,6.97,6.97,7.13
2020-05-15,31144,220443,7.19,7.23,6.99,7.05,0.08,20,1.0,7.19,7.05,6.99,7.23
2020-05-18,51000,358360,7.06,7.06,7.0,7.03,-0.02,26,1.0,7.06,7.03,7.0,7.06
2020-05-19,62740,440876,7.04,7.08,6.98,7.08,0.05,22,1.0,7.04,7.08,6.98,7.08
2020-05-20,134999,947931,7.08,7.08,7.0,7.02,-0.06,28,1.0,7.08,7.02,7.0,7.08
2020-05-21,40201,285850,7.02,7.15,7.02,7.15,0.13,26,1.0,7.02,7.15,7.02,7.15
2020-05-22,84187,590145,7.01,7.02,7.0,7.0,-0.15,25,1.0,7.01,7.0,7.0,7.02
2020-05-25,51000,362010,7.0,7.14,7.0,7.01,0.01,23,1.0,7.0,7.01,7.0,7.14
2020-05-26,21712,152983,7.07,7.13,7.05,7.05,0.04,19,1.0,7.07,7.05,7.05,7.13
2020-05-27,82312,593554,7.15,7.29,7.05,7.1,0.05,46,1.0,7.15,7.1,7.05,7.29
2020-05-28,168001,1214295,7.39,7.39,7.12,7.12,0.02,56,1.0,7.39,7.12,7.12,7.39
2020-05-29,80999,575792,7.05,7.38,7.05,7.38,0.26,41,1.0,7.05,7.38,7.05,7.38
2020-06-01,75608,549886,7.37,7.37,7.2,7.22,-0.16,29,1.0,7.37,7.22,7.2,7.37
2020-06-02,27140,193123,7.2,7.2,7.09,7.15,-0.07,20,1.0,7.2,7.15,7.09,7.2
2020-06-03,56571,402482,7.14,7.21,7.09,7.2,0.05,22,1.0,7.14,7.2,7.09,7.21
2020-06-04,102999,742291,7.2,7.24,7.2,7.24,0.04,21,1.0,7.2,7.24,7.2,7.24
2020-06-05,94033,676674,7.2,7.24,7.16,7.21,-0.03,33,1.0,7.2,7.21,7.16,7.24
2020-06-08,157000,1138920,7.3,7.38,7.23,7.29,0.08,38,1.0,7.3,7.29,7.23,7.38
2020-06-09,39000,281920,7.27,7.27,7.2,7.21,-0.08,14,1.0,7.27,7.21,7.2,7.27
2020-06-10,89406,647724,7.21,7.35,7.15,7.27,0.06,34,1.0,7.21,7.27,7.15,7.35
2020-06-11,95288,688251,7.35,7.35,7.15,7.26,-0.01,36,1.0,7.35,7.26,7.15,7.35
2020-06-12,32320,225936,6.91,7.1,6.91,7.08,-0.18,18,1.0,6.91,7.08,6.91,7.1
2020-06-15,14406,103352,7.23,7.29,7.15,7.15,0.07,17,1.0,7.23,7.15,7.15,7.29
2020-06-16,92366,665897,7.17,7.3,7.16,7.23,0.08,37,1.0,7.17,7.23,7.16,7.3
2020-06-17,559567,4406374,7.33,7.95,7.32,7.95,0.72,162,1.0,7.33,7.95,7.32,7.95
2020-06-18,1210100,10243385,8.69,8.7,8.01,8.32,0.37,478,1.0,8.69,8.32,8.01,8.7
2020-06-19,1995012,17997736,8.54,9.15,8.54,9.15,0.83,612,1.0,8.54,9.15,8.54,9.15
2020-06-22,1253700,11595845,9.6,9.65,8.7,8.89,-0.26,538,1.0,9.6,8.89,8.7,9.65
2020-06-23,475057,4047194,9.0,9.0,8.4,8.5,-0.39,226,1.0,9.0,8.5,8.4,9.0
2020-06-24,408411,3308518,8.5,8.5,7.95,8.15,-0.35,188,1.0,8.5,8.15,7.95,8.5
2020-06-29,58015,450418,7.62,7.99,7.62,7.97,-0.18,36,1.0,7.62,7.97,7.62,7.99
2020-06-30,81500,653530,7.97,8.1,7.95,8.0,0.03,48,1.0,7.97,8.0,7.95,8.1
2020-07-01,99355,793524,7.94,8.2,7.9,8.05,0.05,56,1.0,7.94,8.05,7.9,8.2
2020-07-02,223337,1753579,7.8,7.99,7.78,7.85,-0.2,102,1.0,7.8,7.85,7.78,7.99
2020-07-03,106425,829891,7.79,7.83,7.75,7.8,-0.05,63,1.0,7.79,7.8,7.75,7.83
2020-07-06,109894,869329,7.8,8.0,7.8,7.87,0.07,67,1.0,7.8,7.87,7.8,8.0
2020-07-07,102179,799980,7.89,8.0,7.8,7.8,-0.07,45,1.0,7.89,7.8,7.8,8.0
2020-07-08,105046,819375,7.81,7.95,7.75,7.75,-0.05,52,1.0,7.81,7.75,7.75,7.95
2020-07-09,131206,1021552,7.94,7.94,7.73,7.9,0.15,67,1.0,7.94,7.9,7.73,7.94
2020-07-10,128000,996520,7.9,7.9,7.7,7.78,-0.12,50,1.0,7.9,7.78,7.7,7.9
2020-07-13,167797,1309009,7.89,7.99,7.5,7.9,0.12,78,1.0,7.89,7.9,7.5,7.99
2020-07-14,454883,3626543,7.95,8.18,7.8,8.02,0.12,156,1.0,7.95,8.02,7.8,8.18
2020-07-15,98385,784080,8.02,8.05,7.91,7.94,-0.08,36,1.0,8.02,7.94,7.91,8.05
2020-07-16,685454,5890647,8.05,8.73,8.05,8.73,0.79,283,1.0,8.05,8.73,8.05,8.73
2020-07-17,574590,4849155,8.5,8.61,8.35,8.36,-0.37,218,1.0,8.5,8.36,8.35,8.61
2020-07-20,98378,835635,8.67,8.67,8.4,8.5,0.14,47,1.0,8.67,8.5,8.4,8.67
2020-07-21,223291,1900743,8.5,8.55,8.48,8.54,0.04,93,1.0,8.5,8.54,8.48,8.55
2020-07-22,135013,1145226,8.54,8.54,8.36,8.41,-0.13,58,1.0,8.54,8.41,8.36,8.54
2020-07-23,116000,979310,8.41,8.54,8.4,8.42,0.01,37,1.0,8.41,8.42,8.4,8.54
2020-07-24,173953,1444255,8.45,8.45,8.2,8.2,-0.22,57,1.0,8.45,8.2,8.2,8.45
2020-07-27,175643,1471954,8.2,8.5,8.12,8.3,0.1,58,1.0,8.2,8.3,8.12,8.5
2020-07-28,131501,1068078,8.13,8.2,8.1,8.2,-0.1,50,1.0,8.13,8.2,8.1,8.2
2020-07-29,83663,699869,8.19,8.39,8.16,8.37,0.17,32,1.0,8.19,8.37,8.16,8.39
2020-07-30,78922,650230,8.21,8.42,8.19,8.42,0.05,43,1.0,8.21,8.42,8.19,8.42
2020-07-31,43589,364388,8.34,8.42,8.3,8.3,-0.12,19,1.0,8.34,8.3,8.3,8.42
2020-08-03,111078,934147,8.31,8.52,8.3,8.5,0.2,65,1.0,8.31,8.5,8.3,8.52
2020-08-04,311300,2557493,8.5,8.5,8.11,8.16,-0.34,92,1.0,8.5,8.16,8.11,8.5
2020-08-05,248312,2035307,8.21,8.42,8.12,8.17,0.01,91,1.0,8.21,8.17,8.12,8.42
2020-08-06,52700,431988,8.19,8.27,8.16,8.22,0.05,26,1.0,8.19,8.22,8.16,8.27
2020-08-07,73246,600088,8.17,8.22,8.17,8.2,-0.02,40,1.0,8.17,8.2,8.17,8.22
2020-08-10,39427,323829,8.2,8.28,8.15,8.28,0.08,26,1.0,8.2,8.28,8.15,8.28
2020-08-11,219800,1829407,8.3,8.4,8.25,8.31,0.03,74,1.0,8.3,8.31,8.25,8.4
2020-08-12,186720,1587426,8.29,8.59,8.29,8.42,0.11,61,1.0,8.29,8.42,8.29,8.59
2020-08-13,72200,600154,8.42,8.42,8.25,8.35,-0.07,28,1.0,8.42,8.35,8.25,8.42
2020-08-14,71824,598489,8.35,8.5,8.3,8.48,0.13,28,1.0,8.35,8.48,8.3,8.5
2020-08-17,80243,668652,8.33,8.41,8.3,8.36,-0.12,37,1.0,8.33,8.36,8.3,8.41
2020-08-18,98019,825746,8.45,8.47,8.35,8.36,0.0,43,1.0,8.45,8.36,8.35,8.47
2020-08-19,80092,667485,8.39,8.42,8.3,8.35,-0.01,38,1.0,8.39,8.35,8.3,8.42
2020-08-20,180100,1466613,8.28,8.28,7.9,8.27,-0.08,58,1.0,8.28,8.27,7.9,8.28
2020-08-21,71898,588712,8.38,8.38,8.1,8.3,0.03,33,1.0,8.38,8.3,8.1,8.38
2020-08-24,49777,412251,8.3,8.3,8.2,8.28,-0.02,24,1.0,8.3,8.28,8.2,8.3
2020-08-25,48884,402548,8.24,8.3,8.18,8.3,0.02,26,1.0,8.24,8.3,8.18,8.3
2020-08-26,16200,133750,8.2,8.36,8.17,8.32,0.02,9,1.0,8.2,8.32,8.17,8.36
2020-08-27,25000,206470,8.27,8.27,8.25,8.25,-0.07,7,1.0,8.27,8.25,8.25,8.27
2020-08-28,74000,611160,8.25,8.31,8.22,8.24,-0.01,21,1.0,8.25,8.24,8.22,8.31
2020-08-31,86160,713938,8.15,8.36,8.15,8.32,0.08,34,1.0,8.15,8.32,8.15,8.36
2020-09-01,86000,700240,8.25,8.26,8.1,8.2,-0.12,33,1.0,8.25,8.2,8.1,8.26
2020-09-02,56000,460150,8.28,8.28,8.16,8.23,0.03,28,1.0,8.28,8.23,8.16,8.28
2020-09-03,73888,604678,8.19,8.28,8.18,8.19,-0.04,21,1.0,8.19,8.19,8.18,8.28
2020-09-04,102388,827744,8.15,8.2,8.02,8.14,-0.05,41,1.0,8.15,8.14,8.02,8.2
2020-09-07,46282,377893,8.14,8.23,8.13,8.22,0.08,30,1.0,8.14,8.22,8.13,8.23
2020-09-08,71018,585146,8.27,8.28,8.15,8.2,-0.02,36,1.0,8.27,8.2,8.15,8.28
2020-09-09,47485,391901,8.2,8.3,8.17,8.3,0.1,26,1.0,8.2,8.3,8.17,8.3
2020-09-10,94358,781117,8.25,8.34,8.24,8.31,0.01,50,1.0,8.25,8.31,8.24,8.34
2020-09-11,245380,2053197,8.35,8.49,8.33,8.4,0.09,89,1.0,8.35,8.4,8.33,8.49
2020-09-14,130675,1110742,8.41,8.6,8.41,8.45,0.05,79,1.0,8.41,8.45,8.41,8.6
2020-09-15,1561930,14440572,8.4,9.29,8.4,9.29,0.84,356,1.0,8.4,9.29,8.4,9.29
2020-09-16,1163159,10438640,8.9,9.24,8.73,8.98,-0.31,573,1.0,8.9,8.98,8.73,9.24
2020-09-17,364911,3332489,8.81,9.38,8.81,9.1,0.12,154,1.0,8.81,9.1,8.81,9.38
2020-09-18,350312,3242776,9.1,9.4,9.1,9.37,0.27,142,1.0,9.1,9.37,9.1,9.4
2020-09-21,299000,2789938,9.4,9.44,9.22,9.3,-0.07,111,1.0,9.4,9.3,9.22,9.44
2020-09-22,192321,1785234,9.29,9.4,9.09,9.23,-0.07,69,1.0,9.29,9.23,9.09,9.4
2020-09-23,169030,1561717,9.23,9.29,9.2,9.27,0.04,63,1.0,9.23,9.27,9.2,9.29
2020-09-24,222060,2008055,9.27,9.27,8.8,9.0,-0.27,92,1.0,9.27,9.0,8.8,9.27
2020-09-25,256002,2292198,8.96,9.0,8.8,9.0,0.0,76,1.0,8.96,9.0,8.8,9.0
2020-09-28,141416,1272902,9.0,9.2,8.92,8.94,-0.06,49,1.0,9.0,8.94,8.92,9.2
2020-09-29,65624,581845,9.01,9.01,8.81,8.85,-0.09,31,1.0,9.01,8.85,8.81,9.01
2020-09-30,66066,584900,8.92,8.92,8.8,8.92,0.07,22,1.0,8.92,8.92,8.8,8.92
2020-10-05,92000,820410,9.06,9.06,8.85,9.0,0.08,30,1.0,9.06,9.0,8.85,9.06
2020-10-06,68050,611556,9.0,9.05,8.87,9.04,0.04,26,1.0,9.0,9.04,8.87,9.05
2020-10-07,125652,1128751,9.0,9.05,8.94,9.05,0.01,43,1.0,9.0,9.05,8.94,9.05
2020-10-08,99825,904848,8.95,9.1,8.95,9.09,0.04,39,1.0,8.95,9.09,8.95,9.1
2020-10-12,140545,1258579,9.1,9.1,8.85,9.02,-0.07,53,1.0,9.1,9.02,8.85,9.1
2020-10-13,188445,1665935,8.8,9.01,8.76,9.01,-0.01,62,1.0,8.8,9.01,8.76,9.01
2020-10-14,66804,595044,9.0,9.0,8.88,8.89,-0.12,34,1.0,9.0,8.89,8.88,9.0
2020-10-15,46160,408201,8.86,8.93,8.8,8.93,0.04,19,1.0,8.86,8.93,8.8,8.93
2020-10-16,151446,1362494,8.99,9.02,8.95,9.0,0.07,47,1.0,8.99,9.0,8.95,9.02
2020-10-19,68042,611439,8.93,9.02,8.93,9.01,0.01,38,1.0,8.93,9.01,8.93,9.02
2020-10-20,42022,377874,8.99,9.1,8.91,9.1,0.09,21,1.0,8.99,9.1,8.91,9.1
2020-10-21,16264,146619,9.0,9.05,9.0,9.04,-0.06,14,1.0,9.0,9.04,9.0,9.05
2020-10-22,28488,256164,9.0,9.03,9.0,9.0,-0.04,13,1.0,9.0,9.0,9.0,9.03
2020-10-23,69400,631790,9.36,9.36,9.0,9.02,0.02,35,1.0,9.36,9.02,9.0,9.36
2020-10-26,136058,1234576,9.08,9.15,9.0,9.1,0.08,36,1.0,9.08,9.1,9.0,9.15
2020-10-27,44298,399452,9.1,9.1,9.0,9.05,-0.05,27,1.0,9.1,9.05,9.0,9.1
2020-10-28,61121,542553,9.12,9.12,8.8,8.96,-0.09,32,1.0,9.12,8.96,8.8,9.12
2020-10-29,33817,297608,8.78,8.96,8.78,8.95,-0.01,11,1.0,8.78,8.95,8.78,8.96
2020-10-30,4000,35340,8.83,8.84,8.83,8.84,-0.11,4,1.0,8.83,8.84,8.83,8.84
2020-11-02,68101,601375,8.86,8.86,8.76,8.8,-0.04,23,1.0,8.86,8.8,8.76,8.86
2020-11-03,48502,433457,8.9,9.03,8.9,8.95,0.15,31,1.0,8.9,8.95,8.9,9.03
2020-11-04,88080,779869,8.91,8.91,8.82,8.82,-0.13,32,1.0,8.91,8.82,8.82,8.91
2020-11-05,19956,175577,8.76,8.9,8.76,8.89,0.07,16,1.0,8.76,8.89,8.76,8.9
2020-11-06,44417,395372,8.89,8.92,8.88,8.88,-0.01,24,1.0,8.89,8.88,8.88,8.92
2020-11-09,35119,313319,8.88,9.01,8.88,8.89,0.01,23,1.0,8.88,8.89,8.88,9.01
2020-11-10,176117,1539939,8.9,8.9,8.7,8.75,-0.14,55,1.0,8.9,8.75,8.7,8.9
2020-11-11,190610,1662148,8.74,8.82,8.7,8.75,0.0,57,1.0,8.74,8.75,8.7,8.82
2020-11-12,36633,318663,8.69,8.75,8.66,8.75,0.0,21,1.0,8.69,8.75,8.66,8.75
2020-11-13,15000,130700,8.7,8.74,8.7,8.74,-0.01,8,1.0,8.7,8.74,8.7,8.74
2020-11-16,106274,905001,8.45,8.61,8.4,8.5,-0.24,41,1.0,8.45,8.5,8.4,8.61
2020-11-17,24812,211060,8.5,8.57,8.46,8.57,0.07,23,1.0,8.5,8.57,8.46,8.57
2020-11-18,180930,1540443,8.51,8.64,8.47,8.63,0.06,38,1.0,8.51,8.63,8.47,8.64
2020-11-19,3291,28220,8.6,8.6,8.58,8.59,-0.04,6,1.0,8.6,8.59,8.58,8.6
2020-11-20,8104,69324,8.58,8.58,8.5,8.5,-0.09,7,1.0,8.58,8.5,8.5,8.58
2020-11-23,146082,1265597,8.6,8.7,8.52,8.69,0.19,52,1.0,8.6,8.69,8.52,8.7
2020-11-24,38161,329342,8.62,8.65,8.55,8.55,-0.14,14,1.0,8.62,8.55,8.55,8.65
2020-11-25,5864,50638,8.6,8.7,8.6,8.67,0.12,7,1.0,8.6,8.67,8.6,8.7
2020-11-26,44101,382803,8.7,8.7,8.64,8.68,0.01,18,1.0,8.7,8.68,8.64,8.7
2020-11-27,72332,625585,8.68,8.68,8.64,8.66,-0.02,21,1.0,8.68,8.66,8.64,8.68
2020-11-30,51580,446522,8.67,8.67,8.65,8.65,-0.01,28,1.0,8.67,8.65,8.65,8.67
2020-12-01,76030,657276,8.65,8.68,8.64,8.64,-0.01,29,1.0,8.65,8.64,8.64,8.68
2020-12-02,38511,332097,8.64,8.64,8.61,8.61,-0.03,19,1.0,8.64,8.61,8.61,8.64
2020-12-03,116317,1002090,8.63,8.7,8.6,8.6,-0.01,29,1.0,8.63,8.6,8.6,8.7
2020-12-04,261163,2218357,8.6,8.6,8.45,8.6,0.0,74,1.0,8.6,8.6,8.45,8.6
2020-12-07,24711,209169,8.46,8.5,8.46,8.47,-0.13,16,1.0,8.46,8.47,8.46,8.5
2020-12-08,42586,360858,8.58,8.58,8.44,8.5,0.03,24,1.0,8.58,8.5,8.44,8.58
2020-12-09,220160,1860878,8.49,8.52,8.38,8.5,0.0,36,1.0,8.49,8.5,8.38,8.52
2020-12-10,54648,467500,8.57,8.6,8.5,8.55,0.05,40,1.0,8.57,8.55,8.5,8.6
2020-12-11,106800,904638,8.62,8.62,8.33,8.57,0.02,45,1.0,8.62,8.57,8.33,8.62
2020-12-14,79295,677557,8.55,8.57,8.47,8.57,0.0,44,1.0,8.55,8.57,8.47,8.57
2020-12-15,83000,702830,8.57,8.57,8.41,8.57,0.0,28,1.0,8.57,8.57,8.41,8.57
2020-12-16,95929,816964,8.56,8.57,8.48,8.5,-0.07,46,1.0,8.56,8.5,8.48,8.57
2020-12-17,32000,270749,8.5,8.5,8.43,8.49,-0.01,26,1.0,8.5,8.49,8.43,8.5
2020-12-18,104442,890997,8.45,8.64,8.44,8.6,0.11,48,1.0,8.45,8.6,8.44,8.64
2020-12-21,260181,2259996,8.51,8.82,8.5,8.73,0.13,92,1.0,8.51,8.73,8.5,8.82
2020-12-22,300154,2620464,8.73,8.81,8.66,8.75,0.02,53,1.0,8.73,8.75,8.66,8.81
2020-12-23,92524,812858,8.8,8.8,8.75,8.79,0.04,46,1.0,8.8,8.79,8.75,8.8
2020-12-24,797814,7281193,8.83,9.48,8.82,9.42,0.63,292,1.0,8.83,9.42,8.82,9.48
2020-12-25,530798,4892328,9.32,9.4,9.05,9.06,-0.36,243,1.0,9.32,9.06,9.05,9.4
2020-12-28,222982,2011926,9.06,9.1,8.97,9.0,-0.06,89,1.0,9.06,9.0,8.97,9.1
2020-12-29,115883,1038762,9.0,9.0,8.94,8.97,-0.03,49,1.0,9.0,8.97,8.94,9.0
2020-12-30,146042,1315705,9.0,9.05,8.98,8.98,0.01,69,1.0,9.0,8.98,8.98,9.05
2020-12-31,181273,1639622,9.08,9.1,8.98,9.05,0.07,68,1.0,9.08,9.05,8.98,9.1
2021-01-04,39928,358374,9.05,9.05,8.96,8.98,-0.07,21,1.0,9.05,8.98,8.96,9.05
2021-01-05,80440,722858,8.98,9.0,8.97,8.97,-0.01,31,1.0,8.98,8.97,8.97,9.0
2021-01-06,150120,1326398,8.85,8.87,8.81,8.81,-0.16,72,1.0,8.85,8.81,8.81,8.87
2021-01-07,120415,1056962,8.81,8.85,8.7,8.85,0.04,31,1.0,8.81,8.85,8.7,8.85
2021-01-08,118066,1023552,8.73,8.73,8.61,8.7,-0.15,45,1.0,8.73,8.7,8.61,8.73
2021-01-11,102057,876955,8.62,8.66,8.56,8.66,-0.04,31,1.0,8.62,8.66,8.56,8.66
2021-01-12,68225,579525,8.43,8.56,8.43,8.5,-0.16,32,1.0,8.43,8.5,8.43,8.56
2021-01-13,73166,622987,8.51,8.58,8.5,8.5,0.0,44,1.0,8.51,8.5,8.5,8.58
2021-01-14,72361,611254,8.5,8.5,8.43,8.5,0.0,37,1.0,8.5,8.5,8.43,8.5
2021-01-15,37476,313854,8.5,8.5,8.33,8.33,-0.17,28,1.0,8.5,8.33,8.33,8.5
2021-01-18,44374,360886,8.3,8.41,8.05,8.41,0.08,23,1.0,8.3,8.41,8.05,8.41
2021-01-19,48026,400378,8.23,8.41,8.23,8.25,-0.16,18,1.0,8.23,8.25,8.23,8.41
2021-01-20,71780,584152,8.29,8.29,8.07,8.08,-0.17,44,1.0,8.29,8.08,8.07,8.29
2021-01-21,44800,362839,8.08,8.19,8.05,8.06,-0.02,27,1.0,8.08,8.06,8.05,8.19
2021-01-22,24088,195255,8.16,8.16,8.09,8.1,0.04,16,1.0,8.16,8.1,8.09,8.16
2021-01-25,29449,239084,8.15,8.16,8.07,8.1,0.0,17,1.0,8.15,8.1,8.07,8.16
2021-01-26,90228,730492,8.1,8.11,8.07,8.07,-0.03,23,1.0,8.1,8.07,8.07,8.11
2021-01-27,12468,100914,8.1,8.1,8.09,8.1,0.03,10,1.0,8.1,8.1,8.09,8.1
2021-01-28,79771,633045,8.04,8.04,7.9,7.92,-0.18,38,1.0,8.04,7.92,7.9,8.04
2021-01-29,91000,712030,7.9,7.9,7.8,7.84,-0.08,42,1.0,7.9,7.84,7.8,7.9
2021-02-01,6000,47180,7.72,7.97,7.72,7.97,0.13,6,1.0,7.72,7.97,7.72,7.97
2021-02-02,117969,944262,7.97,8.07,7.97,8.0,0.03,48,1.0,7.97,8.0,7.97,8.07
2021-02-03,24123,192471,7.98,8.02,7.91,8.02,0.02,11,1.0,7.98,8.02,7.91,8.02
2021-02-04,20211,159954,7.98,7.98,7.9,7.93,-0.09,12,1.0,7.98,7.93,7.9,7.98
2021-02-05,49000,389440,7.92,8.0,7.9,7.96,0.03,24,1.0,7.92,7.96,7.9,8.0
2021-02-17,69780,558656,8.0,8.08,7.96,8.08,0.12,24,1.0,8.0,8.08,7.96,8.08
2021-02-18,35804,286853,7.93,8.16,7.93,8.16,0.08,20,1.0,7.93,8.16,7.93,8.16
2021-02-19,88150,714495,8.14,8.17,8.03,8.15,-0.01,34,1.0,8.14,8.15,8.03,8.17
2021-02-22,93105,758291,8.15,8.19,8.12,8.16,0.01,40,1.0,8.15,8.16,8.12,8.19
2021-02-23,61507,505349,8.16,8.26,8.15,8.22,0.06,52,1.0,8.16,8.22,8.15,8.26
2021-02-24,95122,786121,8.27,8.3,8.2,8.24,0.02,35,1.0,8.27,8.24,8.2,8.3
2021-02-25,54237,447718,8.29,8.31,8.19,8.25,0.01,42,1.0,8.29,8.25,8.19,8.31
2021-02-26,61957,506188,8.22,8.29,8.11,8.15,-0.1,40,1.0,8.22,8.15,8.11,8.29
2021-03-02,22054,179598,8.15,8.15,8.14,8.14,-0.01,16,1.0,8.15,8.14,8.14,8.15
2021-03-03,23784,194179,8.14,8.19,8.14,8.18,0.04,18,1.0,8.14,8.18,8.14,8.19
2021-03-04,19000,155370,8.12,8.24,8.12,8.23,0.05,16,1.0,8.12,8.23,8.12,8.24
2021-03-05,14019,113743,8.22,8.22,8.03,8.12,-0.11,9,1.0,8.22,8.12,8.03,8.22
2021-03-08,59736,481752,8.09,8.09,8.05,8.09,-0.03,37,1.0,8.09,8.09,8.05,8.09
2021-03-09,19238,155478,8.17,8.17,8.06,8.13,0.04,13,1.0,8.17,8.13,8.06,8.17
2021-03-10,117461,958049,8.13,8.2,8.13,8.13,0.0,35,1.0,8.13,8.13,8.13,8.2
2021-03-11,45927,375161,8.2,8.21,8.14,8.14,0.01,29,1.0,8.2,8.14,8.14,8.21
2021-03-12,61922,506653,8.16,8.24,8.16,8.24,0.1,33,1.0,8.16,8.24,8.16,8.24
2021-03-15,38391,317238,8.29,8.29,8.23,8.27,0.03,30,1.0,8.29,8.27,8.23,8.29
2021-03-16,252033,2178687,9.02,9.02,8.4,8.51,0.24,128,1.0,9.02,8.51,8.4,9.02
2021-03-17,40882,347928,8.51,8.58,8.43,8.53,0.02,31,1.0,8.51,8.53,8.43,8.58
2021-03-18,90627,777569,8.53,8.8,8.52,8.8,0.27,66,1.0,8.53,8.8,8.52,8.8
2021-03-19,87441,747576,8.7,8.75,8.52,8.52,-0.28,47,1.0,8.7,8.52,8.52,8.75
2021-03-22,171001,1459538,8.55,8.6,8.33,8.55,0.03,51,1.0,8.55,8.55,8.33,8.6
2021-03-23,67338,569515,8.5,8.5,8.4,8.42,-0.13,31,1.0,8.5,8.42,8.4,8.5
2021-03-24,66127,553004,8.42,8.42,8.2,8.34,-0.08,32,1.0,8.42,8.34,8.2,8.42
2021-03-25,87697,730482,8.34,8.44,8.3,8.42,0.08,27,1.0,8.34,8.42,8.3,8.44
2021-03-26,168999,1443632,8.45,8.6,8.4,8.56,0.14,74,1.0,8.45,8.56,8.4,8.6
2021-03-29,339563,2981713,8.61,8.9,8.61,8.79,0.23,135,1.0,8.61,8.79,8.61,8.9
2021-03-30,34398,297532,8.6,8.68,8.6,8.67,-0.12,30,1.0,8.6,8.67,8.6,8.68
2021-03-31,36975,318019,8.6,8.74,8.55,8.62,-0.05,27,1.0,8.6,8.62,8.55,8.74
2021-04-01,38002,327917,8.7,8.71,8.54,8.61,-0.01,22,1.0,8.7,8.61,8.54,8.71
2021-04-06,176113,1513688,8.61,8.63,8.57,8.57,-0.04,44,1.0,8.61,8.57,8.57,8.63
2021-04-07,118554,1020760,8.6,8.64,8.59,8.6,0.03,42,1.0,8.6,8.6,8.59,8.64
2021-04-08,172686,1505008,8.78,8.78,8.69,8.74,0.14,64,1.0,8.78,8.74,8.69,8.78
2021-04-09,96754,840661,8.76,8.76,8.66,8.66,-0.08,41,1.0,8.76,8.66,8.66,8.76
2021-04-12,589785,5234374,8.76,8.96,8.76,8.95,0.29,211,1.0,8.76,8.95,8.76,8.96
2021-04-13,694624,6320653,9.05,9.28,9.04,9.07,0.12,266,1.0,9.05,9.07,9.04,9.28
2021-04-14,226008,2026461,9.03,9.1,8.7,8.95,-0.12,91,1.0,9.03,8.95,8.7,9.1
2021-04-15,196475,1776719,9.05,9.09,8.95,9.03,0.08,80,1.0,9.05,9.03,8.95,9.09
2021-04-16,370747,3378902,9.18,9.18,9.05,9.14,0.11,106,1.0,9.18,9.14,9.05,9.18
2021-04-19,1357802,13179583,9.18,10.05,9.18,10.05,0.91,393,1.0,9.18,10.05,9.18,10.05
2021-04-20,2437715,26329340,11.05,11.05,10.15,10.9,0.85,836,1.0,11.05,10.9,10.15,11.05
2021-04-21,1041422,11145171,10.95,10.95,10.4,10.75,-0.15,381,1.0,10.95,10.75,10.4,10.95
2021-04-22,1478102,16158425,10.75,11.3,10.6,10.7,-0.05,510,1.0,10.75,10.7,10.6,11.3
2021-04-23,553605,5826372,10.75,10.85,10.25,10.45,-0.25,218,1.0,10.75,10.45,10.25,10.85
2021-04-26,263754,2788570,10.55,10.9,10.45,10.5,0.05,144,1.0,10.55,10.5,10.45,10.9
2021-04-27,397601,4072846,10.6,10.7,9.95,10.45,-0.05,199,1.0,10.6,10.45,9.95,10.7
2021-04-28,450217,4703737,10.3,10.6,10.25,10.5,0.05,186,1.0,10.3,10.5,10.25,10.6
2021-04-29,910242,9839789,10.65,11.0,10.65,10.85,0.35,327,1.0,10.65,10.85,10.65,11.0
2021-05-03,2929910,34775517,11.4,11.9,11.4,11.9,1.05,632,1.0,11.4,11.9,11.4,11.9
2021-05-04,8890566,115369447,12.95,13.05,12.5,13.05,1.15,2244,1.0,12.95,13.05,12.5,13.05
2021-05-05,4247720,51906584,12.4,13.0,11.75,12.55,-0.5,1197,1.0,12.4,12.55,11.75,13.0
2021-05-06,1883880,22686908,12.45,12.55,11.3,11.9,-0.65,781,1.0,12.45,11.9,11.3,12.55
2021-05-07,1169253,14058837,11.9,12.45,11.75,11.85,-0.05,445,1.0,11.9,11.85,11.75,12.45
2021-05-10,3139396,40545210,12.6,13.0,12.2,13.0,1.15,1075,1.0,12.6,13.0,12.2,13.0
2021-05-11,7358263,104229426,13.55,14.3,13.3,14.3,1.3,2494,1.0,13.55,14.3,13.3,14.3
2021-05-12,5013598,68433432,14.3,14.8,12.9,12.9,-1.4,2025,1.0,14.3,12.9,12.9,14.8
2021-05-13,2003653,23469806,11.65,12.6,11.65,11.65,-1.25,816,1.0,11.65,11.65,11.65,12.6
2021-05-14,1938728,21150512,11.65,11.95,10.5,10.5,-1.15,746,1.0,11.65,10.5,10.5,11.95
2021-05-17,1414915,13452197,9.45,9.99,9.45,9.45,-1.05,521,1.0,9.45,9.45,9.45,9.99
2021-05-18,923324,9488780,9.47,10.35,9.47,10.3,0.85,371,1.0,9.47,10.3,9.47,10.35
2021-05-19,677773,6998646,10.05,10.75,9.95,10.25,-0.05,284,1.0,10.05,10.25,9.95,10.75
2021-05-20,1473383,16479703,10.35,11.25,10.35,11.25,1.0,454,1.0,10.35,11.25,10.35,11.25
2021-05-21,2225548,26062680,10.95,12.35,10.6,12.35,1.1,846,1.0,10.95,12.35,10.6,12.35
2021-05-24,3290275,43888433,12.6,13.55,12.2,13.55,1.2,1485,1.0,12.6,13.55,12.2,13.55
2021-05-25,3645670,50615446,14.0,14.8,12.45,12.75,-0.8,1775,1.0,14.0,12.75,12.45,14.8
2021-05-26,1494245,18372663,12.8,13.1,11.55,12.75,0.0,695,1.0,12.8,12.75,11.55,13.1
2021-05-27,948503,11522154,12.25,12.55,12.0,12.55,-0.2,465,1.0,12.25,12.55,12.0,12.55
2021-05-28,970680,11868189,12.55,12.55,12.0,12.1,-0.45,446,1.0,12.55,12.1,12.0,12.55
2021-05-31,714790,8665376,12.15,12.6,11.85,11.85,-0.25,371,1.0,12.15,11.85,11.85,12.6
2021-06-01,874830,10483518,12.0,12.25,11.6,12.1,0.25,365,1.0,12.0,12.1,11.6,12.25
2021-06-02,593689,7084632,12.15,12.15,11.75,11.75,-0.35,256,1.0,12.15,11.75,11.75,12.15
2021-06-03,3580471,45932471,11.85,12.9,11.85,12.9,1.15,1036,1.0,11.85,12.9,11.85,12.9
2021-06-04,2864235,35242790,12.8,12.8,11.85,12.1,-0.8,1028,1.0,12.8,12.1,11.85,12.8
2021-06-07,1116834,13314660,12.1,12.35,11.35,11.85,-0.25,391,1.0,12.1,11.85,11.35,12.35
2021-06-08,616949,7378335,11.85,12.2,11.75,12.15,0.3,240,1.0,11.85,12.15,11.75,12.2
2021-06-09,578804,7040375,12.45,12.45,12.0,12.15,0.0,237,1.0,12.45,12.15,12.0,12.45
2021-06-10,640608,7605314,12.4,12.4,11.5,11.8,-0.35,251,1.0,12.4,11.8,11.5,12.4
2021-06-11,484427,5816784,12.0,12.15,11.85,12.05,0.25,197,1.0,12.0,12.05,11.85,12.15
2021-06-15,513642,6115699,12.1,12.1,11.8,11.9,-0.15,180,1.0,12.1,11.9,11.8,12.1
2021-06-16,794887,9570044,11.9,12.25,11.8,11.9,0.0,254,1.0,11.9,11.9,11.8,12.25
2021-06-17,1163429,13681386,11.9,12.05,11.55,11.75,-0.15,236,1.0,11.9,11.75,11.55,12.05
2021-06-18,657957,7574560,11.9,11.9,11.35,11.35,-0.4,289,1.0,11.9,11.35,11.35,11.9
2021-06-21,518719,5780367,11.35,11.5,11.0,11.1,-0.25,228,1.0,11.35,11.1,11.0,11.5
2021-06-22,609435,6851299,11.15,11.5,11.05,11.05,-0.05,220,1.0,11.15,11.05,11.05,11.5
2021-06-23,405811,4519225,11.4,11.4,11.05,11.2,0.15,139,1.0,11.4,11.2,11.05,11.4
2021-06-24,258621,2943114,11.2,11.5,11.2,11.35,0.15,128,1.0,11.2,11.35,11.2,11.5
2021-06-25,384801,4369339,11.35,11.5,11.2,11.2,-0.15,138,1.0,11.35,11.2,11.2,11.5
2021-06-28,628057,6930626,11.05,11.2,10.85,11.15,-0.05,194,1.0,11.05,11.15,10.85,11.2
2021-06-29,461390,5117916,11.25,11.35,10.95,11.0,-0.15,181,1.0,11.25,11.0,10.95,11.35
2021-06-30,2302927,27194603,11.0,12.1,11.0,12.1,1.1,697,1.0,11.0,12.1,11.0,12.1
2021-07-01,2552183,31653147,13.15,13.2,11.65,11.9,-0.2,1008,1.0,13.15,11.9,11.65,13.2
2021-07-02,1319817,16174292,12.1,12.55,11.9,11.9,0.0,610,1.0,12.1,11.9,11.9,12.55
2021-07-05,628398,7301276,11.9,11.9,11.5,11.65,-0.25,271,1.0,11.9,11.65,11.5,11.9
2021-07-06,791782,8981268,11.6,11.65,11.15,11.45,-0.2,265,1.0,11.6,11.45,11.15,11.65
2021-07-07,432236,4854595,11.3,11.35,11.15,11.25,-0.2,197,1.0,11.3,11.25,11.15,11.35
2021-07-08,705498,7911235,11.25,11.45,11.1,11.2,-0.05,237,1.0,11.25,11.2,11.1,11.45
2021-07-09,403831,4492973,11.3,11.3,11.05,11.15,-0.05,165,1.0,11.3,11.15,11.05,11.3
2021-07-12,369149,4112360,11.15,11.2,11.1,11.15,0.0,153,1.0,11.15,11.15,11.1,11.2
2021-07-13,525122,5803816,11.2,11.25,10.9,10.9,-0.25,209,1.0,11.2,10.9,10.9,11.25
2021-07-14,426595,4617700,10.9,11.05,10.55,10.9,0.0,200,1.0,10.9,10.9,10.55,11.05
2021-07-15,224888,2475213,10.85,11.1,10.85,11.05,0.15,128,1.0,10.85,11.05,10.85,11.1
2021-07-16,123136,1359273,11.05,11.15,10.95,11.1,0.05,67,1.0,11.05,11.1,10.95,11.15
2021-07-19,205737,2248528,10.75,11.0,10.75,10.95,-0.15,75,1.0,10.75,10.95,10.75,11.0
2021-07-20,359740,3910268,11.0,11.0,10.5,10.95,0.0,145,1.0,11.0,10.95,10.5,11.0
2021-07-21,274017,3013377,11.0,11.2,10.9,10.9,-0.05,108,1.0,11.0,10.9,10.9,11.2
2021-07-22,177493,1947705,11.0,11.1,10.9,10.95,0.05,85,1.0,11.0,10.95,10.9,11.1
2021-07-23,263411,2939502,10.95,11.35,10.95,11.2,0.25,141,1.0,10.95,11.2,10.95,11.35
2021-07-26,380908,4327551,11.3,11.5,11.2,11.3,0.1,190,1.0,11.3,11.3,11.2,11.5
2021-07-27,158291,1767249,11.3,11.4,11.0,11.0,-0.3,73,1.0,11.3,11.0,11.0,11.4
2021-07-28,171000,1860000,11.0,11.35,10.7,10.8,-0.2,74,1.0,11.0,10.8,10.7,11.35
2021-07-29,90216,984032,10.7,11.1,10.7,10.95,0.15,51,1.0,10.7,10.95,10.7,11.1
2021-07-30,65443,707383,10.95,10.95,10.75,10.85,-0.1,50,1.0,10.95,10.85,10.75,10.95
2021-08-02,188928,2024914,10.85,10.85,10.6,10.75,-0.1,87,1.0,10.85,10.75,10.6,10.85
2021-08-03,86271,915876,10.7,10.7,10.55,10.7,-0.05,57,1.0,10.7,10.7,10.55,10.7
2021-08-04,165918,1773499,10.55,10.8,10.55,10.7,0.0,75,1.0,10.55,10.7,10.55,10.8
2021-08-05,268069,2832699,10.6,10.75,10.5,10.5,-0.2,80,1.0,10.6,10.5,10.5,10.75
2021-08-06,279584,2952093,10.5,10.7,10.5,10.5,0.0,87,1.0,10.5,10.5,10.5,10.7
2021-08-09,172107,1818668,10.55,10.7,10.45,10.55,0.05,70,1.0,10.55,10.55,10.45,10.7
2021-08-10,212700,2214729,10.5,10.55,10.3,10.35,-0.2,72,1.0,10.5,10.35,10.3,10.55
2021-08-11,401951,4135403,10.3,10.4,10.1,10.2,-0.15,98,1.0,10.3,10.2,10.1,10.4
2021-08-12,198020,2051179,10.2,10.55,10.2,10.5,0.3,94,1.0,10.2,10.5,10.2,10.55
2021-08-13,133613,1363382,10.5,10.5,10.05,10.25,-0.25,57,1.0,10.5,10.25,10.05,10.5
2021-08-16,363076,3660789,10.2,10.2,9.9,10.1,-0.15,114,1.0,10.2,10.1,9.9,10.2
2021-08-17,345564,3607799,10.15,10.65,10.15,10.3,0.2,289,1.0,10.15,10.3,10.15,10.65
2021-08-18,248866,2638645,10.3,10.7,10.3,10.5,0.2,230,1.0,10.3,10.5,10.3,10.7
2021-08-19,184203,1965334,10.85,10.9,10.35,10.35,-0.15,168,1.0,10.85,10.35,10.35,10.9
2021-08-20,125627,1288547,10.6,10.6,10.05,10.35,0.0,64,1.0,10.6,10.35,10.05,10.6
2021-08-23,126068,1300282,10.2,10.6,10.1,10.4,0.05,64,1.0,10.2,10.4,10.1,10.6
2021-08-24,39605,406524,10.4,10.4,10.2,10.25,-0.15,33,1.0,10.4,10.25,10.2,10.4
2021-08-25,90280,925373,10.15,10.3,10.1,10.3,0.05,54,1.0,10.15,10.3,10.1,10.3
2021-08-26,218187,2256452,10.25,10.5,10.25,10.45,0.15,77,1.0,10.25,10.45,10.25,10.5
2021-08-27,196075,2057178,10.4,10.55,10.3,10.45,0.0,67,1.0,10.4,10.45,10.3,10.55
2021-08-30,92934,951772,10.4,10.45,10.15,10.3,-0.15,57,1.0,10.4,10.3,10.15,10.45
2021-08-31,102040,1049160,10.3,10.35,10.25,10.25,-0.05,38,1.0,10.3,10.25,10.25,10.35
2021-09-01,48260,498077,10.25,10.4,10.25,10.4,0.15,33,1.0,10.25,10.4,10.25,10.4
2021-09-02,32664,333934,10.3,10.3,10.2,10.25,-0.15,36,1.0,10.3,10.25,10.2,10.3
2021-09-03,206567,2138525,10.3,10.5,10.2,10.45,0.2,83,1.0,10.3,10.45,10.2,10.5
2021-09-06,68429,700221,10.3,10.3,10.15,10.15,-0.3,47,1.0,10.3,10.15,10.15,10.3
2021-09-07,221474,2251708,10.15,10.3,10.15,10.3,0.15,44,1.0,10.15,10.3,10.15,10.3
2021-09-08,70000,712950,10.3,10.3,10.05,10.3,0.0,42,1.0,10.3,10.3,10.05,10.3
2021-09-09,113108,1150512,10.2,10.25,10.1,10.25,-0.05,34,1.0,10.2,10.25,10.1,10.25
2021-09-10,36220,369426,10.25,10.25,10.15,10.2,-0.05,25,1.0,10.25,10.2,10.15,10.25
2021-09-13,82901,852402,10.25,10.35,10.15,10.3,0.1,48,1.0,10.25,10.3,10.15,10.35
2021-09-14,77304,794614,10.7,10.7,10.15,10.3,0.0,62,1.0,10.7,10.3,10.15,10.7
2021-09-15,95991,971106,10.2,10.25,10.0,10.15,-0.15,51,1.0,10.2,10.15,10.0,10.25
2021-09-16,48072,485826,10.2,10.2,10.05,10.15,0.0,31,1.0,10.2,10.15,10.05,10.2
2021-09-17,44218,448111,10.15,10.2,10.1,10.15,0.0,27,1.0,10.15,10.15,10.1,10.2
2021-09-22,85171,850860,10.25,10.25,9.96,9.97,-0.18,50,1.0,10.25,9.97,9.96,10.25
2021-09-23,125800,1258983,10.0,10.1,9.97,10.05,0.08,60,1.0,10.0,10.05,9.97,10.1
2021-09-24,27753,279865,10.15,10.2,10.05,10.05,0.0,23,1.0,10.15,10.05,10.05,10.2
2021-09-27,146550,1499805,10.05,10.3,10.05,10.3,0.25,72,1.0,10.05,10.3,10.05,10.3
2021-09-28,48454,494240,10.3,10.3,10.15,10.2,-0.1,33,1.0,10.3,10.2,10.15,10.3
2021-09-29,121022,1230272,10.3,10.3,10.0,10.2,0.0,69,1.0,10.3,10.2,10.0,10.3
2021-09-30,653104,6940387,10.2,10.8,10.2,10.75,0.55,297,1.0,10.2,10.75,10.2,10.8
2021-10-01,457301,4737420,10.65,10.65,10.1,10.1,-0.65,244,1.0,10.65,10.1,10.1,10.65
2021-10-04,275966,2768121,10.1,10.1,9.97,9.98,-0.12,90,1.0,10.1,9.98,9.97,10.1
2021-10-05,132165,1331664,9.96,10.25,9.95,10.25,0.27,72,1.0,9.96,10.25,9.95,10.25
2021-10-06,95579,973900,10.2,10.3,10.1,10.2,-0.05,60,1.0,10.2,10.2,10.1,10.3
2021-10-07,232619,2391440,10.25,10.45,10.2,10.4,0.2,88,1.0,10.25,10.4,10.2,10.45
2021-10-08,114022,1156979,10.25,10.4,10.0,10.1,-0.3,61,1.0,10.25,10.1,10.0,10.4
2021-10-12,93210,938886,10.1,10.15,10.0,10.1,0.0,40,1.0,10.1,10.1,10.0,10.15
2021-10-13,285101,2873560,10.1,10.2,9.97,9.97,-0.13,62,1.0,10.1,9.97,9.97,10.2
2021-10-14,167490,1672974,10.15,10.15,9.9,9.9,-0.07,44,1.0,10.15,9.9,9.9,10.15
2021-10-15,85379,855742,9.98,10.05,9.98,9.98,0.08,34,1.0,9.98,9.98,9.98,10.05
2021-10-18,89762,910786,9.98,10.2,9.98,10.2,0.22,58,1.0,9.98,10.2,9.98,10.2
2021-10-19,135000,1369379,10.25,10.25,9.99,10.25,0.05,55,1.0,10.25,10.25,9.99,10.25
2021-10-20,76165,773302,10.25,10.25,10.1,10.1,-0.15,39,1.0,10.25,10.1,10.1,10.25
2021-10-21,38477,388421,10.05,10.15,10.05,10.05,-0.05,25,1.0,10.05,10.05,10.05,10.15
2021-10-22,156000,1566450,10.1,10.25,10.0,10.05,0.0,44,1.0,10.1,10.05,10.0,10.25
2021-10-25,31417,316699,9.98,10.2,9.98,10.1,0.05,32,1.0,9.98,10.1,9.98,10.2
2021-10-26,19000,191100,10.15,10.15,10.0,10.0,-0.1,16,1.0,10.15,10.0,10.0,10.15
2021-10-27,56007,561060,10.05,10.05,9.99,10.05,0.05,32,1.0,10.05,10.05,9.99,10.05
2021-10-28,77100,773800,10.05,10.1,10.0,10.0,-0.05,35,1.0,10.05,10.0,10.0,10.1
2021-10-29,71609,721760,10.0,10.15,10.0,10.1,0.1,44,1.0,10.0,10.1,10.0,10.15
2021-11-01,197000,1972710,10.15,10.15,9.99,10.0,-0.1,123,1.0,10.15,10.0,9.99,10.15
2021-11-02,63538,637131,10.0,10.1,9.99,9.99,-0.01,36,1.0,10.0,9.99,9.99,10.1
2021-11-03,22170,221958,9.98,10.05,9.98,10.05,0.06,14,1.0,9.98,10.05,9.98,10.05
2021-11-04,63218,635464,10.1,10.1,9.98,10.05,0.0,41,1.0,10.1,10.05,9.98,10.1
2021-11-05,607135,6067000,10.05,10.1,9.97,9.97,-0.08,202,1.0,10.05,9.97,9.97,10.1
2021-11-08,179327,1799760,9.98,10.1,9.98,10.05,0.08,60,1.0,9.98,10.05,9.98,10.1
2021-11-09,247153,2540360,10.45,10.45,10.1,10.2,0.15,137,1.0,10.45,10.2,10.1,10.45
2021-11-10,184597,1895663,10.2,10.35,10.15,10.2,0.0,93,1.0,10.2,10.2,10.15,10.35
2021-11-11,118636,1204801,10.2,10.2,10.1,10.15,-0.05,61,1.0,10.2,10.15,10.1,10.2
2021-11-12,200143,2062163,10.25,10.45,10.2,10.25,0.1,79,1.0,10.25,10.25,10.2,10.45
2021-11-15,145707,1487289,10.25,10.3,10.15,10.15,-0.1,63,1.0,10.25,10.15,10.15,10.3
2021-11-16,69048,700583,10.15,10.2,10.1,10.2,0.05,40,1.0,10.15,10.2,10.1,10.2
2021-11-17,175363,1770683,10.2,10.2,10.05,10.1,-0.1,111,1.0,10.2,10.1,10.05,10.2
2021-11-18,83014,836790,10.1,10.15,10.0,10.1,0.0,30,1.0,10.1,10.1,10.0,10.15
2021-11-19,104278,1054033,10.1,10.2,10.05,10.1,0.0,52,1.0,10.1,10.1,10.05,10.2
2021-11-22,152264,1544108,10.1,10.15,10.0,10.15,0.05,35,1.0,10.1,10.15,10.0,10.15
2021-11-23,133557,1346383,10.15,10.15,10.05,10.1,-0.05,50,1.0,10.15,10.1,10.05,10.15
2021-11-24,107486,1086192,10.1,10.2,10.05,10.1,0.0,62,1.0,10.1,10.1,10.05,10.2
2021-11-25,35659,359824,10.1,10.1,10.05,10.1,0.0,31,1.0,10.1,10.1,10.05,10.1
2021-11-26,223501,2241934,10.1,10.1,10.0,10.0,-0.1,78,1.0,10.1,10.0,10.0,10.1
2021-11-29,176363,1764317,10.0,10.2,9.95,9.98,-0.02,68,1.0,10.0,9.98,9.95,10.2
2021-11-30,74902,752877,10.0,10.15,9.98,10.05,0.07,40,1.0,10.0,10.05,9.98,10.15
2021-12-01,75857,759577,10.0,10.05,9.99,10.0,-0.05,36,1.0,10.0,10.0,9.99,10.05
2021-12-02,175200,1751150,10.1,10.1,9.96,10.0,0.0,48,1.0,10.1,10.0,9.96,10.1
2021-12-03,86066,863810,10.05,10.1,10.0,10.0,0.0,38,1.0,10.05,10.0,10.0,10.1
2021-12-06,59620,600500,10.0,10.1,10.0,10.1,0.1,41,1.0,10.0,10.1,10.0,10.1
2021-12-07,95236,960908,10.2,10.2,10.0,10.0,-0.1,53,1.0,10.2,10.0,10.0,10.2
2021-12-08,98627,990320,10.1,10.1,10.0,10.1,0.1,57,1.0,10.1,10.1,10.0,10.1
2021-12-09,138177,1401117,10.1,10.2,10.1,10.1,0.0,93,1.0,10.1,10.1,10.1,10.2
2021-12-10,68052,684571,10.1,10.1,10.05,10.05,-0.05,32,1.0,10.1,10.05,10.05,10.1
2021-12-13,231706,2354929,10.05,10.25,10.05,10.15,0.1,96,1.0,10.05,10.15,10.05,10.25
2021-12-14,181414,1821241,10.1,10.1,9.99,10.05,-0.1,94,1.0,10.1,10.05,9.99,10.1
2021-12-15,92878,938472,10.1,10.15,10.05,10.15,0.1,36,1.0,10.1,10.15,10.05,10.15
2021-12-16,530414,5502530,10.15,10.65,10.1,10.5,0.35,222,1.0,10.15,10.5,10.1,10.65
2021-12-17,380892,4027263,10.5,10.75,10.4,10.5,0.0,179,1.0,10.5,10.5,10.4,10.75
2021-12-20,189727,1988835,10.4,10.65,10.4,10.55,0.05,99,1.0,10.4,10.55,10.4,10.65
2021-12-21,117624,1233527,10.45,10.6,10.4,10.55,0.0,59,1.0,10.45,10.55,10.4,10.6
2021-12-22,248910,2631017,10.5,10.65,10.45,10.55,0.0,86,1.0,10.5,10.55,10.45,10.65
2021-12-23,160586,1693950,10.6,10.65,10.4,10.6,0.05,76,1.0,10.6,10.6,10.4,10.65
2021-12-24,206491,2182779,10.6,10.65,10.5,10.55,-0.05,51,1.0,10.6,10.55,10.5,10.65
2021-12-27,788240,8512719,10.45,11.2,10.4,10.85,0.3,219,1.0,10.45,10.85,10.4,11.2
2021-12-28,168588,1832762,10.85,11.05,10.75,10.75,-0.1,94,1.0,10.85,10.75,10.75,11.05
2021-12-29,185413,2016087,10.75,10.95,10.75,10.85,0.1,64,1.0,10.75,10.85,10.75,10.95
2021-12-30,220374,2371287,10.85,10.95,10.7,10.8,-0.05,60,1.0,10.85,10.8,10.7,10.95
2022-01-03,91149,972416,10.75,10.75,10.6,10.65,-0.15,54,1.0,10.75,10.65,10.6,10.75
2022-01-04,131017,1381590,10.65,10.7,10.45,10.65,0.0,65,1.0,10.65,10.65,10.45,10.7
2022-01-05,155896,1672705,10.65,10.95,10.55,10.85,0.2,68,1.0,10.65,10.85,10.55,10.95
2022-01-06,136845,1470726,10.75,10.9,10.65,10.75,-0.1,69,1.0,10.75,10.75,10.65,10.9
2022-01-07,383011,4106578,10.6,10.95,10.55,10.85,0.1,141,1.0,10.6,10.85,10.55,10.95
2022-01-10,75538,816595,10.9,10.95,10.65,10.75,-0.1,53,1.0,10.9,10.75,10.65,10.95
2022-01-11,152101,1616965,10.6,10.7,10.55,10.7,-0.05,66,1.0,10.6,10.7,10.55,10.7
2022-01-12,58422,623562,10.75,10.85,10.6,10.65,-0.05,44,1.0,10.75,10.65,10.6,10.85
2022-01-13,91001,969460,10.65,10.7,10.65,10.65,0.0,30,1.0,10.65,10.65,10.65,10.7
2022-01-14,85159,897311,10.6,10.6,10.45,10.55,-0.1,46,1.0,10.6,10.55,10.45,10.6
2022-01-17,54313,575728,10.6,10.65,10.6,10.65,0.1,35,1.0,10.6,10.65,10.6,10.65
2022-01-18,43745,465472,10.65,10.7,10.55,10.7,0.05,32,1.0,10.65,10.7,10.55,10.7
2022-01-19,48246,512393,10.65,10.8,10.55,10.55,-0.15,29,1.0,10.65,10.55,10.55,10.8
2022-01-20,37923,400642,10.55,10.6,10.55,10.6,0.05,25,1.0,10.55,10.6,10.55,10.6
2022-01-21,125006,1300162,10.55,10.55,10.35,10.35,-0.25,56,1.0,10.55,10.35,10.35,10.55
2022-01-24,140352,1422791,10.2,10.3,10.05,10.3,-0.05,61,1.0,10.2,10.3,10.05,10.3
2022-01-25,84026,850162,10.05,10.3,10.05,10.15,-0.15,35,1.0,10.05,10.15,10.05,10.3
2022-01-26,48481,492962,10.15,10.2,10.15,10.15,0.0,27,1.0,10.15,10.15,10.15,10.2
2022-02-07,17000,174200,10.15,10.3,10.15,10.25,0.1,13,1.0,10.15,10.25,10.15,10.3
2022-02-08,12292,126562,10.35,10.35,10.3,10.3,0.05,14,1.0,10.35,10.3,10.3,10.35
2022-02-09,14779,152195,10.25,10.35,10.25,10.3,0.0,11,1.0,10.25,10.3,10.25,10.35
2022-02-10,31070,320066,10.35,10.35,10.25,10.3,0.0,22,1.0,10.35,10.3,10.25,10.35
2022-02-11,47734,494710,10.3,10.45,10.3,10.35,0.05,37,1.0,10.3,10.35,10.3,10.45
2022-02-14,50609,519730,10.3,10.4,10.2,10.2,-0.15,32,1.0,10.3,10.2,10.2,10.4
2022-02-15,53007,540971,10.2,10.25,10.2,10.2,0.0,24,1.0,10.2,10.2,10.2,10.25
2022-02-16,32201,329658,10.2,10.25,10.2,10.2,0.0,23,1.0,10.2,10.2,10.2,10.25
2022-02-17,79043,821601,10.25,10.5,10.25,10.5,0.3,67,1.0,10.25,10.5,10.25,10.5
2022-02-18,70522,734804,10.45,10.55,10.35,10.55,0.05,30,1.0,10.45,10.55,10.35,10.55
2022-02-21,23055,242821,10.55,10.6,10.4,10.5,-0.05,19,1.0,10.55,10.5,10.4,10.6
2022-02-22,83489,865236,10.55,10.65,10.3,10.5,0.0,31,1.0,10.55,10.5,10.3,10.65
2022-02-23,41676,437061,10.5,10.7,10.4,10.6,0.1,40,1.0,10.5,10.6,10.4,10.7
2022-02-24,128000,1309100,10.35,10.6,10.1,10.6,0.0,46,1.0,10.35,10.6,10.1,10.6
2022-02-25,16166,168359,10.5,10.5,10.4,10.4,-0.2,14,1.0,10.5,10.4,10.4,10.5
2022-03-01,24200,252690,10.4,10.5,10.35,10.5,0.1,18,1.0,10.4,10.5,10.35,10.5
2022-03-02,27931,294975,10.65,10.7,10.4,10.6,0.1,24,1.0,10.65,10.6,10.4,10.7
2022-03-03,35987,376630,10.4,10.6,10.4,10.6,0.0,24,1.0,10.4,10.6,10.4,10.6
2022-03-04,427145,4561074,10.6,10.9,10.4,10.75,0.15,141,1.0,10.6,10.75,10.4,10.9
2022-03-07,435082,4614815,11.0,11.0,10.45,10.6,-0.15,84,1.0,11.0,10.6,10.45,11.0
2022-03-08,80000,830150,10.3,10.6,10.3,10.45,-0.15,38,1.0,10.3,10.45,10.3,10.6
2022-03-09,87851,913107,10.45,10.6,10.3,10.5,0.05,39,1.0,10.45,10.5,10.3,10.6
2022-03-10,156932,1658308,10.5,10.7,10.4,10.5,0.0,79,1.0,10.5,10.5,10.4,10.7
2022-03-11,395071,4288799,10.5,11.05,10.5,10.7,0.2,153,1.0,10.5,10.7,10.5,11.05
2022-03-14,166811,1741529,10.7,10.7,10.3,10.6,-0.1,65,1.0,10.7,10.6,10.3,10.7
2022-03-15,135666,1430226,10.5,10.7,10.35,10.5,-0.1,95,1.0,10.5,10.5,10.35,10.7
2022-03-16,445135,4756641,10.7,10.8,10.6,10.7,0.2,216,1.0,10.7,10.7,10.6,10.8
2022-03-17,131153,1406778,10.7,10.85,10.6,10.65,-0.05,73,1.0,10.7,10.65,10.6,10.85
2022-03-18,42320,449541,10.65,10.7,10.55,10.65,0.0,30,1.0,10.65,10.65,10.55,10.7
2022-03-21,141264,1484006,10.6,10.6,10.45,10.5,-0.15,46,1.0,10.6,10.5,10.45,10.6
2022-03-22,74325,776930,10.35,10.5,10.35,10.5,0.0,25,1.0,10.35,10.5,10.35,10.5
2022-03-23,59002,618720,10.5,10.55,10.45,10.55,0.05,34,1.0,10.5,10.55,10.45,10.55
2022-03-24,197495,2111317,10.75,10.75,10.55,10.65,0.1,77,1.0,10.75,10.65,10.55,10.75
2022-03-25,926385,10093814,10.6,11.05,10.6,10.8,0.15,449,1.0,10.6,10.8,10.6,11.05
2022-03-28,111002,1191671,10.75,10.8,10.65,10.75,-0.05,52,1.0,10.75,10.75,10.65,10.8
2022-03-29,74039,791964,10.75,10.75,10.65,10.7,-0.05,49,1.0,10.75,10.7,10.65,10.75
2022-03-30,125961,1341456,10.7,10.7,10.55,10.7,0.0,61,1.0,10.7,10.7,10.55,10.7
2022-03-31,45106,480665,10.75,10.75,10.6,10.65,-0.05,40,1.0,10.75,10.65,10.6,10.75
2022-04-01,67896,716622,10.6,10.6,10.4,10.55,-0.1,50,1.0,10.6,10.55,10.4,10.6
2022-04-06,34712,366516,10.5,10.65,10.5,10.55,0.0,34,1.0,10.5,10.55,10.5,10.65
2022-04-07,109000,1148350,10.6,10.65,10.45,10.45,-0.1,65,1.0,10.6,10.45,10.45,10.65
2022-04-08,70000,732600,10.25,10.65,10.25,10.55,0.1,40,1.0,10.25,10.55,10.25,10.65
2022-04-11,180921,1910144,10.7,10.7,10.5,10.5,-0.05,67,1.0,10.7,10.5,10.5,10.7
2022-04-12,73520,770604,10.5,10.55,10.4,10.4,-0.1,37,1.0,10.5,10.4,10.4,10.55
2022-04-13,79360,835525,10.75,10.75,10.4,10.5,0.1,45,1.0,10.75,10.5,10.4,10.75
2022-04-14,86096,899121,10.5,10.5,10.4,10.5,0.0,36,1.0,10.5,10.5,10.4,10.5
2022-04-15,41156,430473,10.5,10.5,10.4,10.45,-0.05,48,1.0,10.5,10.45,10.4,10.5
2022-04-18,67020,696506,10.45,10.45,10.35,10.35,-0.1,36,1.0,10.45,10.35,10.35,10.45
2022-04-19,99184,1025794,10.35,10.4,10.3,10.3,-0.05,47,1.0,10.35,10.3,10.3,10.4
2022-04-20,56358,582386,10.35,10.4,10.3,10.4,0.1,35,1.0,10.35,10.4,10.3,10.4
2022-04-21,136177,1418080,10.5,10.5,10.4,10.4,0.0,43,1.0,10.5,10.4,10.4,10.5
2022-04-22,58004,598791,10.4,10.4,10.3,10.3,-0.1,27,1.0,10.4,10.3,10.3,10.4
2022-04-25,76262,775759,10.1,10.25,10.1,10.25,-0.05,45,1.0,10.1,10.25,10.1,10.25
2022-04-26,27067,278980,10.3,10.35,10.25,10.25,0.0,22,1.0,10.3,10.25,10.25,10.35
2022-04-27,640212,6426167,10.1,10.15,9.96,9.96,-0.29,127,1.0,10.1,9.96,9.96,10.15
2022-04-28,129497,1292384,9.86,10.05,9.86,9.99,0.03,66,1.0,9.86,9.99,9.86,10.05
2022-04-29,117465,1174063,9.99,10.0,9.97,10.0,0.01,40,1.0,9.99,10.0,9.97,10.0
2022-05-03,151130,1497406,10.0,10.0,9.86,9.93,-0.07,53,1.0,10.0,9.93,9.86,10.0
2022-05-04,74409,744640,9.97,10.05,9.93,10.0,0.07,31,1.0,9.97,10.0,9.93,10.05
2022-05-05,196176,1954446,10.05,10.05,9.9,9.92,-0.08,48,1.0,10.05,9.92,9.9,10.05
2022-05-06,898404,9451626,10.25,10.9,10.25,10.6,0.68,358,1.0,10.25,10.6,10.25,10.9
2022-05-09,565775,5694211,10.25,10.45,9.97,10.05,-0.55,204,1.0,10.25,10.05,9.97,10.45
2022-05-10,356050,3559100,9.98,10.1,9.91,10.05,0.0,146,1.0,9.98,10.05,9.91,10.1
2022-05-11,213016,2122956,10.05,10.05,9.92,10.0,-0.05,69,1.0,10.05,10.0,9.92,10.05
2022-05-12,241006,2373557,10.05,10.05,9.51,9.6,-0.4,74,1.0,10.05,9.6,9.51,10.05
2022-05-13,355169,3400458,9.52,9.75,9.5,9.7,0.1,118,1.0,9.52,9.7,9.5,9.75
2022-05-16,115002,1113009,9.73,9.73,9.65,9.68,-0.02,41,1.0,9.73,9.68,9.65,9.73
2022-05-17,18150,178853,9.88,9.89,9.8,9.86,0.18,14,1.0,9.88,9.86,9.8,9.89
2022-05-18,45250,447425,9.86,9.97,9.85,9.88,0.02,29,1.0,9.86,9.88,9.85,9.97
2022-05-19,34810,336620,9.65,9.86,9.6,9.79,-0.09,24,1.0,9.65,9.79,9.6,9.86
2022-05-20,63100,621471,9.66,9.96,9.66,9.91,0.12,32,1.0,9.66,9.91,9.66,9.96
2022-05-23,35644,351020,9.85,9.89,9.82,9.89,-0.02,27,1.0,9.85,9.89,9.82,9.89
2022-05-24,27142,268723,9.98,9.98,9.86,9.89,0.0,22,1.0,9.98,9.89,9.86,9.98
2022-05-25,36048,358035,9.86,9.97,9.86,9.97,0.08,20,1.0,9.86,9.97,9.86,9.97
2022-05-26,30001,297729,9.88,10.0,9.88,9.97,0.0,18,1.0,9.88,9.97,9.88,10.0
2022-05-27,50282,499067,9.97,10.0,9.9,9.95,-0.02,29,1.0,9.97,9.95,9.9,10.0
2022-05-30,139433,1380768,10.05,10.05,9.82,9.97,0.02,64,1.0,10.05,9.97,9.82,10.05
2022-05-31,75394,749543,9.95,9.99,9.92,9.99,0.02,50,1.0,9.95,9.99,9.92,9.99
2022-06-01,63447,635351,10.0,10.05,9.96,9.96,-0.03,36,1.0,10.0,9.96,9.96,10.05
2022-06-02,54085,540315,10.1,10.1,9.91,10.0,0.04,35,1.0,10.1,10.0,9.91,10.1
2022-06-06,88304,882113,10.0,10.0,9.9,10.0,0.0,42,1.0,10.0,10.0,9.9,10.0
2022-06-07,129733,1281897,9.98,9.99,9.86,9.87,-0.13,76,1.0,9.98,9.87,9.86,9.99
2022-06-08,152769,1506795,9.95,9.95,9.81,9.89,0.02,54,1.0,9.95,9.89,9.81,9.95
2022-06-09,144656,1432129,9.85,9.98,9.85,9.98,0.09,61,1.0,9.85,9.98,9.85,9.98
2022-06-10,198001,1979509,9.92,10.2,9.92,9.99,0.01,74,1.0,9.92,9.99,9.92,10.2
2022-06-13,123887,1235903,9.93,10.15,9.87,9.89,-0.1,67,1.0,9.93,9.89,9.87,10.15
2022-06-14,66347,653568,9.89,9.9,9.82,9.9,0.01,48,1.0,9.89,9.9,9.82,9.9
2022-06-15,129651,1274907,9.9,9.97,9.79,9.97,0.07,63,1.0,9.9,9.97,9.79,9.97
2022-06-16,67101,664626,9.98,9.98,9.86,9.95,-0.02,34,1.0,9.98,9.95,9.86,9.98
2022-06-17,107000,1037040,9.54,9.93,9.54,9.84,-0.11,41,1.0,9.54,9.84,9.54,9.93
2022-06-20,100100,965295,9.64,9.83,9.58,9.58,-0.26,41,1.0,9.64,9.58,9.58,9.83
2022-06-21,42139,406989,9.58,9.79,9.58,9.76,0.18,29,1.0,9.58,9.76,9.58,9.79
2022-06-22,154106,1476885,9.76,9.76,9.55,9.56,-0.2,41,1.0,9.76,9.56,9.55,9.76
2022-06-23,51308,490162,9.62,9.63,9.52,9.55,-0.01,27,1.0,9.62,9.55,9.52,9.63
2022-06-24,95001,922059,9.56,9.79,9.56,9.72,0.17,53,1.0,9.56,9.72,9.56,9.79
2022-06-27,288676,2858013,9.8,10.0,9.8,10.0,0.28,81,1.0,9.8,10.0,9.8,10.0
2022-06-28,1757318,17763952,10.05,10.65,9.96,10.05,0.05,789,1.0,10.05,10.05,9.96,10.65
2022-06-29,236084,2352980,10.2,10.2,9.9,10.0,-0.05,137,1.0,10.2,10.0,9.9,10.2
2022-06-30,288408,2825934,10.1,10.1,9.6,9.98,-0.02,155,1.0,10.1,9.98,9.6,10.1
2022-07-01,209847,2045166,9.94,9.94,9.65,9.85,-0.13,91,1.0,9.94,9.85,9.65,9.94
2022-07-04,109000,1057950,9.85,9.85,9.63,9.75,-0.1,63,1.0,9.85,9.75,9.63,9.85
2022-07-05,108210,1051926,9.76,9.8,9.65,9.78,0.03,67,1.0,9.76,9.78,9.65,9.8
2022-07-06,82146,789077,9.7,9.7,9.55,9.6,-0.18,45,1.0,9.7,9.6,9.55,9.7
2022-07-07,91060,879129,9.76,9.78,9.53,9.7,0.1,54,1.0,9.76,9.7,9.53,9.78
2022-07-08,460700,4425220,9.66,9.7,9.59,9.62,-0.08,67,1.0,9.66,9.62,9.59,9.7
2022-07-11,59027,563959,9.62,9.65,9.5,9.62,0.0,43,1.0,9.62,9.62,9.5,9.65
2022-07-12,80000,748930,9.51,9.51,9.05,9.42,-0.2,41,1.0,9.51,9.42,9.05,9.51
2022-07-13,264220,2476871,9.5,9.55,9.32,9.5,0.08,70,1.0,9.5,9.5,9.32,9.55
2022-07-14,86385,814790,9.31,9.6,9.3,9.42,-0.08,50,1.0,9.31,9.42,9.3,9.6
2022-07-15,67526,633791,9.34,9.42,9.34,9.41,-0.01,40,1.0,9.34,9.41,9.34,9.42
2022-07-18,70588,663045,9.6,9.6,9.32,9.48,0.07,47,1.0,9.6,9.48,9.32,9.6
2022-07-19,58462,549649,9.42,9.45,9.3,9.44,-0.04,39,1.0,9.42,9.44,9.3,9.45
2022-07-20,71429,676321,9.5,9.64,9.44,9.5,0.06,35,1.0,9.5,9.5,9.44,9.64
2022-07-21,44099,417121,9.5,9.54,9.4,9.48,-0.02,28,1.0,9.5,9.48,9.4,9.54
2022-07-22,44031,416294,9.5,9.5,9.41,9.48,0.0,27,1.0,9.5,9.48,9.41,9.5
2022-07-25,28165,266715,9.48,9.49,9.4,9.48,0.0,21,1.0,9.48,9.48,9.4,9.49
2022-07-26,22000,207010,9.4,9.47,9.4,9.47,-0.01,14,1.0,9.4,9.47,9.4,9.47
2022-07-27,37001,348779,9.47,9.47,9.35,9.47,0.0,18,1.0,9.47,9.47,9.35,9.47
2022-07-28,24000,225670,9.4,9.42,9.38,9.41,-0.06,19,1.0,9.4,9.41,9.38,9.42
2022-07-29,49178,463033,9.4,9.5,9.38,9.39,-0.02,43,1.0,9.4,9.39,9.38,9.5
2022-08-01,51001,478629,9.39,9.46,9.34,9.44,0.05,31,1.0,9.39,9.44,9.34,9.46
2022-08-02,56016,521176,9.3,9.35,9.27,9.35,-0.09,38,1.0,9.3,9.35,9.27,9.35
2022-08-03,44125,410998,9.3,9.35,9.28,9.29,-0.06,24,1.0,9.3,9.29,9.28,9.35
2022-08-04,2824687,28640460,10.2,10.2,9.72,10.2,0.91,690,1.0,10.2,10.2,9.72,10.2
2022-08-05,3858760,42539086,10.7,11.2,10.5,11.2,1.0,1065,1.0,10.7,11.2,10.5,11.2
2022-08-08,5327158,61878025,11.5,12.25,11.1,11.8,0.6,1734,1.0,11.5,11.8,11.1,12.25
2022-08-09,2079213,23894900,11.6,11.65,11.35,11.65,-0.15,677,1.0,11.6,11.65,11.35,11.65
2022-08-10,1723584,19081713,11.2,11.3,10.85,11.2,-0.45,643,1.0,11.2,11.2,10.85,11.3
2022-08-11,791728,8918514,11.4,11.45,11.0,11.2,0.0,343,1.0,11.4,11.2,11.0,11.45
2022-08-12,749770,8394703,11.3,11.35,11.0,11.3,0.1,291,1.0,11.3,11.3,11.0,11.35
2022-08-15,958715,10536056,11.3,11.3,10.8,11.0,-0.3,368,1.0,11.3,11.0,10.8,11.3
2022-08-16,915903,10132398,11.15,11.25,10.9,11.1,0.1,284,1.0,11.15,11.1,10.9,11.25
2022-08-17,454010,4977323,11.1,11.1,10.85,10.9,-0.2,183,1.0,11.1,10.9,10.85,11.1
2022-08-18,472368,5167739,10.9,11.1,10.85,11.05,0.15,199,1.0,10.9,11.05,10.85,11.1
2022-08-19,359027,3959558,11.1,11.1,11.0,11.1,0.05,128,1.0,11.1,11.1,11.0,11.1
2022-08-22,1034271,11694553,11.0,11.5,11.0,11.4,0.3,415,1.0,11.0,11.4,11.0,11.5
2022-08-23,515637,5795497,11.25,11.5,11.1,11.15,-0.25,186,1.0,11.25,11.15,11.1,11.5
2022-08-24,569527,6336233,11.2,11.25,11.05,11.2,0.05,158,1.0,11.2,11.2,11.05,11.25
2022-08-25,690026,7639804,11.3,11.3,11.0,11.15,-0.05,164,1.0,11.3,11.15,11.0,11.3
2022-08-26,454819,5123501,11.15,11.4,11.15,11.2,0.05,187,1.0,11.15,11.2,11.15,11.4
2022-08-29,529002,5737471,11.05,11.1,10.6,11.0,-0.2,176,1.0,11.05,11.0,10.6,11.1
2022-08-30,287049,3139833,11.0,11.0,10.85,11.0,0.0,95,1.0,11.0,11.0,10.85,11.0
2022-08-31,403027,4420245,11.0,11.05,10.85,10.95,-0.05,126,1.0,11.0,10.95,10.85,11.05
2022-09-01,283134,3082346,10.95,10.95,10.85,10.9,-0.05,107,1.0,10.95,10.9,10.85,10.95
2022-09-02,142561,1553764,11.0,11.0,10.85,11.0,0.1,56,1.0,11.0,11.0,10.85,11.0
2022-09-05,1684288,19373471,11.0,11.85,11.0,11.6,0.6,598,1.0,11.0,11.6,11.0,11.85
2022-09-06,521423,5917716,11.65,11.65,11.2,11.3,-0.3,224,1.0,11.65,11.3,11.2,11.65
2022-09-07,233156,2617659,11.25,11.3,11.15,11.3,0.0,97,1.0,11.25,11.3,11.15,11.3
2022-09-08,427290,4832063,11.3,11.4,11.2,11.25,-0.05,157,1.0,11.3,11.25,11.2,11.4
2022-09-12,310614,3487476,11.3,11.35,11.1,11.3,0.05,119,1.0,11.3,11.3,11.1,11.35
2022-09-13,479561,5354031,11.3,11.3,11.05,11.25,-0.05,161,1.0,11.3,11.25,11.05,11.3
2022-09-14,193010,2127012,10.8,11.15,10.8,11.15,-0.1,77,1.0,10.8,11.15,10.8,11.15
2022-09-15,242102,2688678,11.05,11.2,11.05,11.15,0.0,83,1.0,11.05,11.15,11.05,11.2
2022-09-16,283675,3116356,11.15,11.15,10.9,11.05,-0.1,99,1.0,11.15,11.05,10.9,11.15
2022-09-19,171393,1866575,10.9,11.0,10.8,11.0,-0.05,73,1.0,10.9,11.0,10.8,11.0
2022-09-20,223572,2431733,11.0,11.05,10.85,10.95,-0.05,82,1.0,11.0,10.95,10.85,11.05
2022-09-21,37002,403471,10.9,11.0,10.85,10.9,-0.05,28,1.0,10.9,10.9,10.85,11.0
2022-09-22,372216,4006876,10.85,11.2,10.5,11.1,0.2,143,1.0,10.85,11.1,10.5,11.2
2022-09-23,94599,1034178,11.0,11.1,10.85,11.0,-0.1,58,1.0,11.0,11.0,10.85,11.1
2022-09-26,244385,2566357,11.05,11.05,10.05,10.35,-0.65,135,1.0,11.05,10.35,10.05,11.05
2022-09-27,196140,2010613,10.3,10.45,10.15,10.35,0.0,93,1.0,10.3,10.35,10.15,10.45
2022-09-28,300334,3045342,10.25,10.4,10.05,10.25,-0.1,118,1.0,10.25,10.25,10.05,10.4
2022-09-29,35012,360423,10.25,10.35,10.25,10.3,0.05,26,1.0,10.25,10.3,10.25,10.35
2022-09-30,78123,805614,10.1,10.45,10.1,10.4,0.1,59,1.0,10.1,10.4,10.1,10.45
2022-10-03,30107,309550,10.25,10.35,10.2,10.3,-0.1,22,1.0,10.25,10.3,10.2,10.35
2022-10-04,126044,1298005,10.4,10.4,10.2,10.35,0.05,54,1.0,10.4,10.35,10.2,10.4
2022-10-05,59636,616564,10.3,10.4,10.3,10.4,0.05,47,1.0,10.3,10.4,10.3,10.4
2022-10-06,107972,1132706,10.4,10.6,10.3,10.6,0.2,45,1.0,10.4,10.6,10.3,10.6
2022-10-07,55094,576739,10.5,10.6,10.4,10.55,-0.05,33,1.0,10.5,10.55,10.4,10.6
2022-10-11,116054,1179147,10.45,10.45,10.0,10.1,-0.45,67,1.0,10.45,10.1,10.0,10.45
2022-10-12,97005,999450,10.05,10.55,10.05,10.3,0.2,55,1.0,10.05,10.3,10.05,10.55
2022-10-13,245122,2470933,10.2,10.4,9.9,10.25,-0.05,86,1.0,10.2,10.25,9.9,10.4
2022-10-14,153000,1580000,10.3,10.4,10.25,10.35,0.1,44,1.0,10.3,10.35,10.25,10.4
2022-10-17,61064,613789,10.2,10.2,9.98,10.15,-0.2,25,1.0,10.2,10.15,9.98,10.2
2022-10-18,12334,125289,10.2,10.25,10.1,10.25,0.1,7,1.0,10.2,10.25,10.1,10.25
2022-10-19,396101,3965084,10.15,10.25,9.97,10.0,-0.25,91,1.0,10.15,10.0,9.97,10.25
2022-10-20,25406,252838,10.0,10.0,9.93,9.99,-0.01,23,1.0,10.0,9.99,9.93,10.0
2022-10-21,81031,806866,9.98,10.0,9.91,10.0,0.01,28,1.0,9.98,10.0,9.91,10.0
2022-10-24,111199,1119780,10.25,10.25,9.95,10.15,0.15,50,1.0,10.25,10.15,9.95,10.25
2022-10-25,98827,1008660,10.15,10.3,10.05,10.2,0.05,35,1.0,10.15,10.2,10.05,10.3
2022-10-26,32000,321450,10.2,10.2,10.0,10.1,-0.1,13,1.0,10.2,10.1,10.0,10.2
2022-10-27,96000,966050,10.05,10.2,10.0,10.2,0.1,34,1.0,10.05,10.2,10.0,10.2
2022-10-28,63008,630680,10.0,10.2,9.97,10.2,0.0,24,1.0,10.0,10.2,9.97,10.2
2022-10-31,54099,543890,10.2,10.2,10.0,10.1,-0.1,31,1.0,10.2,10.1,10.0,10.2
2022-11-01,22357,225287,10.0,10.15,10.0,10.15,0.05,16,1.0,10.0,10.15,10.0,10.15
2022-11-02,43291,435197,10.05,10.15,10.05,10.05,-0.1,24,1.0,10.05,10.05,10.05,10.15
2022-11-03,135344,1359517,10.05,10.2,10.0,10.15,0.1,44,1.0,10.05,10.15,10.0,10.2
2022-11-04,357007,3491539,9.65,9.89,9.65,9.89,-0.26,126,1.0,9.65,9.89,9.65,9.89
2022-11-07,784125,7595730,9.81,9.81,9.62,9.71,-0.18,253,1.0,9.81,9.71,9.62,9.81
2022-11-08,46012,447505,9.71,9.77,9.71,9.73,0.02,34,1.0,9.71,9.73,9.71,9.77
2022-11-09,83222,810784,9.74,9.8,9.73,9.8,0.07,25,1.0,9.74,9.8,9.73,9.8
2022-11-10,98110,944927,9.78,9.8,9.6,9.71,-0.09,47,1.0,9.78,9.71,9.6,9.8
2022-11-11,181549,1760607,9.81,9.82,9.65,9.7,-0.01,61,1.0,9.81,9.7,9.65,9.82
2022-11-14,89378,866087,9.7,9.76,9.64,9.68,-0.02,57,1.0,9.7,9.68,9.64,9.76
2022-11-15,241372,2321277,9.6,9.7,9.6,9.69,0.01,94,1.0,9.6,9.69,9.6,9.7
2022-11-16,71418,686567,9.61,9.76,9.59,9.62,-0.07,47,1.0,9.61,9.62,9.59,9.76
2022-11-17,79460,762551,9.68,9.68,9.58,9.61,-0.01,39,1.0,9.68,9.61,9.58,9.68
2022-11-18,129657,1235581,9.61,9.61,9.47,9.48,-0.13,64,1.0,9.61,9.48,9.47,9.61
2022-11-21,82784,782635,9.53,9.53,9.4,9.5,0.02,49,1.0,9.53,9.5,9.4,9.53
2022-11-22,29906,282429,9.5,9.5,9.43,9.46,-0.04,28,1.0,9.5,9.46,9.43,9.5
2022-11-23,48288,459303,9.5,9.57,9.5,9.57,0.11,28,1.0,9.5,9.57,9.5,9.57
2022-11-24,113443,1104235,9.57,9.86,9.57,9.74,0.17,68,1.0,9.57,9.74,9.57,9.86
2022-11-25,26000,252140,9.74,9.77,9.68,9.76,0.02,17,1.0,9.74,9.76,9.68,9.77
2022-11-28,30012,292896,9.76,9.78,9.7,9.77,0.01,23,1.0,9.76,9.77,9.7,9.78
2022-11-29,38847,379454,9.75,9.8,9.75,9.78,0.01,28,1.0,9.75,9.78,9.75,9.8
2022-11-30,107184,1054356,9.8,9.87,9.8,9.86,0.08,60,1.0,9.8,9.86,9.8,9.87
2022-12-01,77954,768780,9.88,9.93,9.82,9.9,0.04,43,1.0,9.88,9.9,9.82,9.93
2022-12-02,57580,566466,9.8,9.9,9.8,9.88,-0.02,34,1.0,9.8,9.88,9.8,9.9
2022-12-05,28958,286458,9.88,9.91,9.87,9.9,0.02,26,1.0,9.88,9.9,9.87,9.91
2022-12-06,41029,401972,9.8,9.88,9.76,9.78,-0.12,30,1.0,9.8,9.78,9.76,9.88
2022-12-07,41501,399988,9.78,9.78,9.6,9.73,-0.05,35,1.0,9.78,9.73,9.6,9.78
2022-12-08,29000,281530,9.7,9.75,9.66,9.68,-0.05,20,1.0,9.7,9.68,9.66,9.75
2022-12-09,76385,734073,9.68,9.68,9.59,9.61,-0.07,35,1.0,9.68,9.61,9.59,9.68
2022-12-12,29857,285200,9.54,9.6,9.54,9.6,-0.01,20,1.0,9.54,9.6,9.54,9.6
2022-12-13,22361,214422,9.6,9.6,9.57,9.57,-0.03,12,1.0,9.6,9.57,9.57,9.6
2022-12-14,38457,372074,9.68,9.72,9.58,9.69,0.12,27,1.0,9.68,9.69,9.58,9.72
2022-12-15,253221,2412307,9.69,9.69,9.5,9.57,-0.12,69,1.0,9.69,9.57,9.5,9.69
2022-12-16,86500,823229,9.49,9.57,9.49,9.51,-0.06,34,1.0,9.49,9.51,9.49,9.57
2022-12-19,63000,598350,9.51,9.51,9.49,9.5,-0.01,19,1.0,9.51,9.5,9.49,9.51
2022-12-20,139149,1308779,9.48,9.49,9.35,9.35,-0.15,52,1.0,9.48,9.35,9.35,9.49
2022-12-21,18978,177992,9.37,9.48,9.37,9.48,0.13,16,1.0,9.37,9.48,9.37,9.48
2022-12-22,7000,66430,9.59,9.59,9.47,9.47,-0.01,6,1.0,9.59,9.47,9.47,9.59
2022-12-23,17022,160397,9.42,9.48,9.4,9.48,0.01,12,1.0,9.42,9.48,9.4,9.48
2022-12-26,30514,287211,9.48,9.5,9.38,9.5,0.02,13,1.0,9.48,9.5,9.38,9.5
2022-12-27,14511,136812,9.48,9.48,9.41,9.48,-0.02,14,1.0,9.48,9.48,9.41,9.48
2022-12-28,39000,368140,9.42,9.45,9.4,9.4,-0.08,9,1.0,9.42,9.4,9.4,9.45
2022-12-29,6000,55990,9.3,9.45,9.3,9.45,0.05,3,1.0,9.3,9.45,9.3,9.45
2022-12-30,12242,114864,9.36,9.51,9.36,9.51,0.06,19,1.0,9.36,9.51,9.36,9.51
2023-01-03,9728,92011,9.44,9.54,9.37,9.54,0.03,28,1.0,9.44,9.54,9.37,9.54
2023-01-04,26073,245636,9.54,9.54,9.39,9.52,-0.02,19,1.0,9.54,9.52,9.39,9.54
2023-01-05,39000,367970,9.52,9.52,9.4,9.42,-0.1,18,1.0,9.52,9.42,9.4,9.52
2023-01-06,26050,244719,9.4,9.42,9.35,9.4,-0.02,20,1.0,9.4,9.4,9.35,9.42
2023-01-09,17756,166876,9.4,9.48,9.39,9.48,0.08,24,1.0,9.4,9.48,9.39,9.48
2023-01-10,67313,637850,9.48,9.57,9.38,9.41,-0.07,38,1.0,9.48,9.41,9.38,9.57
2023-01-11,10283,97072,9.46,9.46,9.42,9.46,0.05,8,1.0,9.46,9.46,9.42,9.46
2023-01-12,11057,103971,9.5,9.5,9.25,9.45,-0.01,9,1.0,9.5,9.45,9.25,9.5
2023-01-13,51991,484936,9.35,9.45,9.31,9.43,-0.02,36,1.0,9.35,9.43,9.31,9.45
2023-01-16,10577,98629,9.39,9.39,9.32,9.33,-0.1,13,1.0,9.39,9.33,9.32,9.39
2023-01-17,47100,439809,9.43,9.47,9.3,9.4,0.07,27,1.0,9.43,9.4,9.3,9.47
2023-01-30,47000,439890,9.4,9.45,9.31,9.43,0.03,25,1.0,9.4,9.43,9.31,9.45
2023-01-31,124168,1176576,9.41,9.5,9.37,9.49,0.06,69,1.0,9.41,9.49,9.37,9.5
2023-02-01,145206,1379497,9.49,9.52,9.46,9.52,0.03,68,1.0,9.49,9.52,9.46,9.52
2023-02-02,68372,651046,9.52,9.55,9.49,9.53,0.01,31,1.0,9.52,9.53,9.49,9.55
2023-02-03,14103,134401,9.53,9.53,9.53,9.53,0.0,11,1.0,9.53,9.53,9.53,9.53
2023-02-06,51169,487606,9.52,9.53,9.52,9.53,0.0,9,1.0,9.52,9.53,9.52,9.53
2023-02-07,27627,261986,9.53,9.53,9.45,9.48,-0.05,24,1.0,9.53,9.48,9.45,9.53
2023-02-08,42020,398569,9.48,9.53,9.46,9.53,0.05,36,1.0,9.48,9.53,9.46,9.53
2023-02-09,20077,190027,9.47,9.5,9.45,9.45,-0.08,18,1.0,9.47,9.45,9.45,9.5
2023-02-10,25104,236986,9.46,9.46,9.4,9.43,-0.02,16,1.0,9.46,9.43,9.4,9.46
2023-02-13,10001,94279,9.4,9.43,9.4,9.43,0.0,9,1.0,9.4,9.43,9.4,9.43
2023-02-14,30399,288289,9.59,9.59,9.45,9.45,0.02,16,1.0,9.59,9.45,9.45,9.59
2023-02-15,15003,141667,9.35,9.46,9.35,9.46,0.01,14,1.0,9.35,9.46,9.35,9.46
2023-02-16,74014,697761,9.46,9.46,9.41,9.42,-0.04,26,1.0,9.46,9.42,9.41,9.46
2023-02-17,16786,159135,9.49,9.5,9.49,9.5,0.08,14,1.0,9.49,9.5,9.49,9.5
2023-02-20,71501,680688,9.5,9.57,9.5,9.55,0.05,30,1.0,9.5,9.55,9.5,9.57
2023-02-21,66005,628417,9.55,9.55,9.49,9.55,0.0,29,1.0,9.55,9.55,9.49,9.55
2023-02-22,101671,965479,9.5,9.51,9.45,9.5,-0.05,30,1.0,9.5,9.5,9.45,9.51
2023-02-23,157001,1493309,9.5,9.55,9.49,9.55,0.05,25,1.0,9.5,9.55,9.49,9.55
2023-02-24,30177,287912,9.52,9.59,9.51,9.55,0.0,20,1.0,9.52,9.55,9.51,9.59
2023-03-01,57352,545787,9.55,9.55,9.49,9.5,-0.05,29,1.0,9.55,9.5,9.49,9.55
2023-03-02,83299,785073,9.46,9.49,9.4,9.49,-0.01,23,1.0,9.46,9.49,9.4,9.49
2023-03-03,53291,506638,9.51,9.51,9.49,9.49,0.0,34,1.0,9.51,9.49,9.49,9.51
2023-03-06,334716,3226871,9.49,9.84,9.49,9.73,0.24,166,1.0,9.49,9.73,9.49,9.84
2023-03-07,253611,2492420,9.74,9.9,9.7,9.86,0.13,101,1.0,9.74,9.86,9.7,9.9
2023-03-08,105116,1030568,9.85,9.86,9.75,9.82,-0.04,41,1.0,9.85,9.82,9.75,9.86
2023-03-09,69813,677142,9.82,9.82,9.65,9.72,-0.1,47,1.0,9.82,9.72,9.65,9.82
2023-03-10,19132,184384,9.68,9.74,9.56,9.71,-0.01,18,1.0,9.68,9.71,9.56,9.74
2023-03-13,62166,592627,9.72,9.72,9.49,9.67,-0.04,28,1.0,9.72,9.67,9.49,9.72
2023-03-14,33111,319321,9.6,9.68,9.6,9.67,0.0,27,1.0,9.6,9.67,9.6,9.68
2023-03-15,17000,164530,9.66,9.76,9.52,9.69,0.02,11,1.0,9.66,9.69,9.52,9.76
2023-03-16,58153,554553,9.5,9.68,9.48,9.6,-0.09,27,1.0,9.5,9.6,9.48,9.68
2023-03-17,1800,17297,9.72,9.72,9.72,9.72,0.12,16,1.0,9.72,9.72,9.72,9.72
2023-03-20,44357,422298,9.48,9.69,9.48,9.63,-0.09,18,1.0,9.48,9.63,9.48,9.69
2023-03-21,41615,396544,9.61,9.69,9.49,9.64,0.01,22,1.0,9.61,9.64,9.49,9.69
2023-03-22,41019,392524,9.63,9.64,9.5,9.59,-0.05,36,1.0,9.63,9.59,9.5,9.64
2023-03-23,14122,135364,9.65,9.65,9.55,9.56,-0.03,13,1.0,9.65,9.56,9.55,9.65
2023-03-24,122939,1174176,9.5,9.62,9.47,9.62,0.06,59,1.0,9.5,9.62,9.47,9.62
2023-03-27,87976,831497,9.45,9.54,9.44,9.53,-0.09,40,1.0,9.45,9.53,9.44,9.54
2023-03-28,71016,672340,9.52,9.55,9.44,9.55,0.02,42,1.0,9.52,9.55,9.44,9.55
2023-03-29,10543,99879,9.45,9.53,9.44,9.52,-0.03,11,1.0,9.45,9.52,9.44,9.53
2023-03-30,41705,396469,9.52,9.54,9.45,9.54,0.02,19,1.0,9.52,9.54,9.45,9.54
2023-03-31,47193,450101,9.54,9.54,9.5,9.54,0.0,16,1.0,9.54,9.54,9.5,9.54
2023-04-06,9933,94474,9.54,9.59,9.46,9.55,0.01,17,1.0,9.54,9.55,9.46,9.59
2023-04-07,8000,76320,9.54,9.54,9.54,9.54,-0.01,3,1.0,9.54,9.54,9.54,9.54
2023-04-10,28004,264366,9.51,9.56,9.3,9.54,0.0,16,1.0,9.51,9.54,9.3,9.56
2023-04-11,19004,180956,9.5,9.55,9.46,9.54,0.0,15,1.0,9.5,9.54,9.46,9.55
2023-04-12,31482,301194,9.54,9.58,9.54,9.56,0.02,26,1.0,9.54,9.56,9.54,9.58
2023-04-13,6237,60436,9.64,9.75,9.64,9.72,0.16,8,1.0,9.64,9.72,9.64,9.75
2023-04-14,33064,316183,9.57,9.64,9.52,9.64,-0.08,24,1.0,9.57,9.64,9.52,9.64
2023-04-17,40523,389946,9.6,9.69,9.53,9.63,-0.01,30,1.0,9.6,9.63,9.53,9.69
2023-04-18,18703,177840,9.5,9.62,9.48,9.58,-0.05,18,1.0,9.5,9.58,9.48,9.62
2023-04-19,50001,474459,9.58,9.58,9.46,9.52,-0.06,20,1.0,9.58,9.52,9.46,9.58
2023-04-20,11000,104300,9.59,9.59,9.45,9.51,-0.01,6,1.0,9.59,9.51,9.45,9.59
2023-04-21,30779,290141,9.48,9.54,9.39,9.54,0.03,20,1.0,9.48,9.54,9.39,9.54
2023-04-24,10020,95260,9.46,9.53,9.46,9.53,-0.01,11,1.0,9.46,9.53,9.46,9.53
2023-04-25,72002,688788,9.54,9.64,9.41,9.48,-0.05,25,1.0,9.54,9.48,9.41,9.64
2023-04-26,39008,366135,9.48,9.48,9.33,9.45,-0.03,26,1.0,9.48,9.45,9.33,9.48
2023-04-27,63000,588680,9.36,9.48,9.32,9.32,-0.13,31,1.0,9.36,9.32,9.32,9.48
2023-04-28,15000,140540,9.44,9.44,9.35,9.36,0.04,10,1.0,9.44,9.36,9.35,9.44
2023-05-02,30616,286329,9.39,9.39,9.34,9.36,0.0,28,1.0,9.39,9.36,9.34,9.39
2023-05-03,17671,164720,9.33,9.38,9.32,9.38,0.02,19,1.0,9.33,9.38,9.32,9.38
2023-05-04,85006,788564,9.35,9.35,9.23,9.32,-0.06,41,1.0,9.35,9.32,9.23,9.35
2023-05-05,47409,439958,9.31,9.31,9.26,9.29,-0.03,35,1.0,9.31,9.29,9.26,9.31
2023-05-08,10410,96704,9.29,9.31,9.27,9.29,0.0,23,1.0,9.29,9.29,9.27,9.31
2023-05-09,26152,242895,9.26,9.36,9.26,9.26,-0.03,21,1.0,9.26,9.26,9.26,9.36
2023-05-10,66124,612565,9.4,9.41,9.19,9.38,0.12,39,1.0,9.4,9.38,9.19,9.41
2023-05-11,64817,594842,9.3,9.3,9.14,9.15,-0.23,40,1.0,9.3,9.15,9.14,9.3
2023-05-12,54042,491911,9.09,9.26,9.07,9.24,0.09,14,1.0,9.09,9.24,9.07,9.26
2023-05-15,61404,557068,9.07,9.18,9.03,9.15,-0.09,25,1.0,9.07,9.15,9.03,9.18
2023-05-16,19906,181943,9.14,9.19,9.1,9.14,-0.01,16,1.0,9.14,9.14,9.1,9.19
2023-05-17,34000,310830,9.14,9.2,9.07,9.19,0.05,17,1.0,9.14,9.19,9.07,9.2
2023-05-18,2000,18380,9.19,9.19,9.19,9.19,0.0,1,1.0,9.19,9.19,9.19,9.19
2023-05-19,76102,694115,9.06,9.21,9.06,9.17,-0.02,34,1.0,9.06,9.17,9.06,9.21
2023-05-22,210299,1904211,9.02,9.17,9.0,9.13,-0.04,71,1.0,9.02,9.13,9.0,9.17
2023-05-23,35864,328406,9.13,9.21,9.07,9.19,0.06,38,1.0,9.13,9.19,9.07,9.21
2023-05-24,3512,32212,9.19,9.19,9.18,9.18,-0.01,13,1.0,9.19,9.18,9.18,9.19
2023-05-25,49785,453868,9.18,9.18,9.05,9.05,-0.13,33,1.0,9.18,9.05,9.05,9.18
2023-05-26,50054,453876,9.05,9.17,9.05,9.11,0.06,27,1.0,9.05,9.11,9.05,9.17
2023-05-29,133021,1205381,9.05,9.15,9.02,9.14,0.03,47,1.0,9.05,9.14,9.02,9.15
2023-05-30,65486,593313,9.13,9.13,9.05,9.05,-0.09,43,1.0,9.13,9.05,9.05,9.13
2023-05-31,37036,335798,9.05,9.12,9.05,9.1,0.05,22,1.0,9.05,9.1,9.05,9.12
2023-06-01,20154,183512,9.19,9.2,9.05,9.08,-0.02,20,1.0,9.19,9.08,9.05,9.2
2023-06-02,165658,1518568,9.08,9.24,9.07,9.15,0.07,41,1.0,9.08,9.15,9.07,9.24
2023-06-05,16203,147831,9.13,9.19,9.11,9.17,0.02,24,1.0,9.13,9.17,9.11,9.19
2023-06-06,30897,281849,9.18,9.18,9.07,9.12,-0.05,26,1.0,9.18,9.12,9.07,9.18
2023-06-07,13137,120353,9.18,9.18,9.16,9.16,0.04,17,1.0,9.18,9.16,9.16,9.18
2023-06-08,21182,192698,9.11,9.18,9.07,9.08,-0.08,26,1.0,9.11,9.08,9.07,9.18
2023-06-09,56620,517852,9.18,9.2,9.07,9.19,0.11,30,1.0,9.18,9.19,9.07,9.2
2023-06-12,108415,985129,9.07,9.2,9.05,9.13,-0.06,57,1.0,9.07,9.13,9.05,9.2
2023-06-13,54887,498440,9.1,9.14,9.06,9.12,-0.01,41,1.0,9.1,9.12,9.06,9.14
2023-06-14,28245,256452,9.06,9.14,9.06,9.11,-0.01,27,1.0,9.06,9.11,9.06,9.14
2023-06-15,56045,508571,9.05,9.13,9.03,9.13,0.02,36,1.0,9.05,9.13,9.03,9.13
2023-06-16,34477,313962,9.18,9.18,9.07,9.13,0.0,31,1.0,9.18,9.13,9.07,9.18
2023-06-19,60092,546267,9.16,9.16,9.07,9.1,-0.03,36,1.0,9.16,9.1,9.07,9.16
2023-06-20,90509,820346,9.1,9.1,9.04,9.07,-0.03,63,1.0,9.1,9.07,9.04,9.1
2023-06-21,25367,232059,9.17,9.17,9.07,9.12,0.05,27,1.0,9.17,9.12,9.07,9.17
2023-06-26,15324,140338,9.12,9.13,9.05,9.13,0.01,31,1.0,9.12,9.13,9.05,9.13
2023-06-27,40721,370372,9.1,9.12,9.02,9.11,-0.02,38,1.0,9.1,9.11,9.02,9.12
2023-06-28,13720,124077,9.05,9.12,9.05,9.12,0.01,9,1.0,9.05,9.12,9.05,9.12
2023-06-29,172240,1538470,9.12,9.13,8.77,9.05,-0.07,71,1.0,9.12,9.05,8.77,9.13
2023-06-30,117187,1057626,9.05,9.05,9.0,9.05,0.0,47,1.0,9.05,9.05,9.0,9.05
2023-07-03,91570,831346,9.05,9.12,9.02,9.11,0.06,51,1.0,9.05,9.11,9.02,9.12
2023-07-04,72055,659547,9.15,9.19,9.11,9.16,0.05,23,1.0,9.15,9.16,9.11,9.19
2023-07-05,10842,99084,9.25,9.25,9.1,9.14,-0.02,16,1.0,9.25,9.14,9.1,9.25
2023-07-06,44312,402300,9.07,9.19,9.05,9.12,-0.02,35,1.0,9.07,9.12,9.05,9.19
2023-07-07,90951,824562,9.13,9.13,9.05,9.1,-0.02,32,1.0,9.13,9.1,9.05,9.13
2023-07-10,31174,285022,9.29,9.29,9.06,9.06,-0.04,30,1.0,9.29,9.06,9.06,9.29
2023-07-11,29698,270825,9.06,9.24,9.06,9.18,0.12,24,1.0,9.06,9.18,9.06,9.24
2023-07-12,51209,465913,9.1,9.19,9.05,9.17,-0.01,28,1.0,9.1,9.17,9.05,9.19
2023-07-13,26322,239719,9.16,9.16,9.06,9.06,-0.11,14,1.0,9.16,9.06,9.06,9.16
2023-07-14,67279,612907,9.24,9.24,9.05,9.08,0.02,39,1.0,9.24,9.08,9.05,9.24
2023-07-17,13577,123139,9.04,9.16,9.04,9.13,0.05,11,1.0,9.04,9.13,9.04,9.16
2023-07-18,85441,775403,9.16,9.16,9.05,9.12,-0.01,20,1.0,9.16,9.12,9.05,9.16
2023-07-19,98593,891339,9.06,9.12,9.01,9.04,-0.08,40,1.0,9.06,9.04,9.01,9.12
2023-07-20,152171,1371606,9.14,9.14,8.98,9.0,-0.04,57,1.0,9.14,9.0,8.98,9.14
2023-07-21,158858,1430669,9.01,9.09,8.96,9.04,0.04,72,1.0,9.01,9.04,8.96,9.09
2023-07-24,83907,751225,9.01,9.05,8.9,8.97,-0.07,82,1.0,9.01,8.97,8.9,9.05
2023-07-25,98272,878018,8.91,9.0,8.89,8.94,-0.03,56,1.0,8.91,8.94,8.89,9.0
2023-07-26,143837,1278224,8.9,9.05,8.78,8.85,-0.09,91,1.0,8.9,8.85,8.78,9.05
2023-07-27,25679,227722,8.81,8.93,8.81,8.92,0.07,19,1.0,8.81,8.92,8.81,8.93
2023-07-28,13713,121540,8.83,8.95,8.83,8.86,-0.06,15,1.0,8.83,8.86,8.83,8.95
2023-07-31,33565,296060,8.85,8.93,8.81,8.81,-0.05,39,1.0,8.85,8.81,8.81,8.93
2023-08-01,31760,279714,8.81,8.85,8.79,8.83,0.02,26,1.0,8.81,8.83,8.79,8.85
2023-08-02,30810,272345,8.95,8.95,8.77,8.85,0.02,25,1.0,8.95,8.85,8.77,8.95
2023-08-04,23089,203405,8.83,8.86,8.75,8.85,0.0,25,1.0,8.83,8.85,8.75,8.86
2023-08-07,42375,373937,8.92,8.92,8.81,8.85,0.0,24,1.0,8.92,8.85,8.81,8.92
2023-08-08,41220,363633,8.95,8.95,8.8,8.83,-0.02,29,1.0,8.95,8.83,8.8,8.95
2023-08-09,124023,1085737,8.77,8.81,8.73,8.78,-0.05,48,1.0,8.77,8.78,8.73,8.81
2023-08-10,12083,105048,8.78,8.78,8.66,8.76,-0.02,19,1.0,8.78,8.76,8.66,8.78
2023-08-11,21100,183308,8.71,8.78,8.65,8.69,-0.07,20,1.0,8.71,8.69,8.65,8.78
2023-08-14,59444,509859,8.56,8.69,8.54,8.64,-0.05,36,1.0,8.56,8.64,8.54,8.69
2023-08-15,28514,246537,8.64,8.72,8.57,8.67,0.03,19,1.0,8.64,8.67,8.57,8.72
2023-08-16,5621,48352,8.66,8.66,8.55,8.63,-0.04,9,1.0,8.66,8.63,8.55,8.66
2023-08-17,14346,122680,8.6,8.6,8.51,8.59,-0.04,18,1.0,8.6,8.59,8.51,8.6
2023-08-18,56369,479181,8.57,8.6,8.48,8.57,-0.02,33,1.0,8.57,8.57,8.48,8.6
2023-08-21,5126,43513,8.43,8.54,8.43,8.51,-0.06,47,1.0,8.43,8.51,8.43,8.54
2023-08-22,30798,261096,8.55,8.55,8.39,8.51,0.0,36,1.0,8.55,8.51,8.39,8.55
2023-08-23,9672,81516,8.41,8.47,8.39,8.47,-0.04,39,1.0,8.41,8.47,8.39,8.47
2023-08-24,165430,1388502,8.47,8.47,8.37,8.42,-0.05,48,1.0,8.47,8.42,8.37,8.47
2023-08-25,69438,586163,8.43,8.45,8.39,8.41,-0.01,39,1.0,8.43,8.41,8.39,8.45
2023-08-28,11035,92831,8.41,8.41,8.41,8.41,0.0,34,1.0,8.41,8.41,8.41,8.41
2023-08-29,106170,878653,8.47,8.47,8.2,8.35,-0.06,53,1.0,8.47,8.35,8.2,8.47
2023-08-30,275062,2260753,8.34,8.35,8.2,8.35,0.0,62,1.0,8.34,8.35,8.2,8.35
2023-08-31,4297,35651,8.3,8.31,8.28,8.3,-0.05,14,1.0,8.3,8.3,8.28,8.31
2023-09-01,170672,1405316,8.24,8.28,8.23,8.28,-0.02,48,1.0,8.24,8.28,8.23,8.28
2023-09-04,52728,433778,8.28,8.28,8.2,8.26,-0.02,45,1.0,8.28,8.26,8.2,8.28
2023-09-05,10108,83331,8.22,8.25,8.22,8.23,-0.03,20,1.0,8.22,8.23,8.22,8.25
2023-09-06,30320,249654,8.21,8.29,8.21,8.23,0.0,19,1.0,8.21,8.23,8.21,8.29
2023-09-07,41256,338655,8.22,8.27,8.19,8.25,0.02,25,1.0,8.22,8.25,8.19,8.27
2023-09-08,12277,101366,8.2,8.33,8.2,8.33,0.08,18,1.0,8.2,8.33,8.2,8.33
2023-09-11,25935,215866,8.29,8.38,8.28,8.28,-0.05,15,1.0,8.29,8.28,8.28,8.38
2023-09-12,14035,116340,8.28,8.29,8.28,8.29,0.01,8,1.0,8.28,8.29,8.28,8.29
2023-09-13,58811,484162,8.21,8.28,8.19,8.27,-0.02,33,1.0,8.21,8.27,8.19,8.28
2023-09-14,76105,624770,8.21,8.27,8.2,8.27,0.0,41,1.0,8.21,8.27,8.2,8.27
2023-09-15,32814,270236,8.23,8.27,8.23,8.27,0.0,25,1.0,8.23,8.27,8.23,8.27
2023-09-18,177031,1452112,8.24,8.26,8.17,8.23,-0.04,57,1.0,8.24,8.23,8.17,8.26
2023-09-19,32237,263932,8.23,8.23,8.18,8.2,-0.03,28,1.0,8.23,8.2,8.18,8.23
2023-09-20,154898,1257079,8.2,8.2,8.08,8.12,-0.08,57,1.0,8.2,8.12,8.08,8.2
2023-09-21,23425,189846,8.11,8.13,8.09,8.12,0.0,28,1.0,8.11,8.12,8.09,8.13
2023-09-22,24158,194433,8.09,8.11,8.02,8.11,-0.01,15,1.0,8.09,8.11,8.02,8.11
2023-09-25,23972,192944,8.05,8.11,8.04,8.11,0.0,15,1.0,8.05,8.11,8.04,8.11
2023-09-26,140591,1125583,8.06,8.11,8.0,8.1,-0.01,30,1.0,8.06,8.1,8.0,8.11
2023-09-27,8029,64832,8.03,8.1,8.03,8.1,0.0,7,1.0,8.03,8.1,8.03,8.1
2023-09-28,13000,104680,8.1,8.1,8.01,8.1,0.0,5,1.0,8.1,8.1,8.01,8.1
2023-10-02,29152,235430,8.1,8.13,8.05,8.13,0.03,12,1.0,8.1,8.13,8.05,8.13
2023-10-03,2001,16228,8.1,8.12,8.1,8.12,-0.01,3,1.0,8.1,8.12,8.1,8.12
2023-10-04,29000,232530,8.0,8.09,7.99,8.09,-0.03,15,1.0,8.0,8.09,7.99,8.09
2023-10-05,19036,153198,8.09,8.13,8.02,8.13,0.04,13,1.0,8.09,8.13,8.02,8.13
2023-10-06,4274,34477,8.02,8.12,8.02,8.12,-0.01,11,1.0,8.02,8.12,8.02,8.12
2023-10-11,24600,198604,8.12,8.12,8.02,8.12,0.0,17,1.0,8.12,8.12,8.02,8.12
2023-10-12,8721,70588,8.05,8.12,8.05,8.12,0.0,11,1.0,8.05,8.12,8.05,8.12
2023-10-13,93477,750596,8.02,8.12,8.02,8.11,-0.01,32,1.0,8.02,8.11,8.02,8.12
2023-10-16,30320,242791,8.04,8.06,8.0,8.05,-0.06,24,1.0,8.04,8.05,8.0,8.06
2023-10-17,33959,272855,8.05,8.08,8.0,8.01,-0.04,20,1.0,8.05,8.01,8.0,8.08
2023-10-18,51228,409999,8.01,8.03,8.0,8.0,-0.01,29,1.0,8.01,8.0,8.0,8.03
2023-10-19,18600,148949,8.09,8.09,7.96,8.01,0.01,13,1.0,8.09,8.01,7.96,8.09
2023-10-20,39,312,,,,,0.0,1,1.0,,,,
2023-10-23,23258,186236,8.01,8.05,8.0,8.05,0.0,12,1.0,8.01,8.05,8.0,8.05
2023-10-24,5125,41412,8.05,8.1,8.05,8.08,0.03,6,1.0,8.05,8.08,8.05,8.1
2023-10-25,51073,412689,8.12,8.13,8.05,8.09,0.01,16,1.0,8.12,8.09,8.05,8.13
2023-10-26,3000,24330,8.13,8.13,8.1,8.1,0.01,3,1.0,8.13,8.1,8.1,8.13
2023-10-27,7156,58012,8.1,8.12,8.09,8.11,0.01,8,1.0,8.1,8.11,8.09,8.12
2023-10-30,16651,135286,8.12,8.18,8.12,8.13,0.02,13,1.0,8.12,8.13,8.12,8.18
2023-10-31,51000,413560,8.14,8.15,8.04,8.09,-0.04,17,1.0,8.14,8.09,8.04,8.15
2023-11-01,7688,62364,8.16,8.16,8.05,8.12,0.03,13,1.0,8.16,8.12,8.05,8.16
2023-11-02,98835,801815,8.23,8.23,8.06,8.16,0.04,37,1.0,8.23,8.16,8.06,8.23
2023-11-03,14522,117663,8.16,8.18,8.05,8.14,-0.02,16,1.0,8.16,8.14,8.05,8.18
2023-11-06,24587,199373,8.14,8.16,8.04,8.15,0.01,24,1.0,8.14,8.15,8.04,8.16
2023-11-07,10003,81184,8.15,8.15,8.05,8.1,-0.05,9,1.0,8.15,8.1,8.05,8.15
2023-11-08,20233,163336,8.1,8.16,8.06,8.12,0.02,19,1.0,8.1,8.12,8.06,8.16
2023-11-09,5101,41159,8.04,8.09,8.04,8.09,-0.03,6,1.0,8.04,8.09,8.04,8.09
2023-11-10,13089,106185,8.14,8.17,8.06,8.06,-0.03,13,1.0,8.14,8.06,8.06,8.17
2023-11-13,20002,161306,8.06,8.15,8.06,8.06,0.0,12,1.0,8.06,8.06,8.06,8.15
2023-11-14,12963,104558,8.17,8.17,8.06,8.06,0.0,23,1.0,8.17,8.06,8.06,8.17
2023-11-15,21283,171875,8.05,8.14,8.05,8.11,0.05,27,1.0,8.05,8.11,8.05,8.14
2023-11-16,30100,243360,8.16,8.16,8.02,8.12,0.01,22,1.0,8.16,8.12,8.02,8.16
2023-11-17,6261,50910,8.12,8.18,8.1,8.15,0.03,9,1.0,8.12,8.15,8.1,8.18
2023-11-20,19600,158609,8.16,8.16,8.07,8.14,-0.01,16,1.0,8.16,8.14,8.07,8.16
2023-11-21,23000,186160,8.07,8.14,8.07,8.14,0.0,11,1.0,8.07,8.14,8.07,8.14
2023-11-22,10895,88609,8.14,8.15,8.14,8.14,0.0,14,1.0,8.14,8.14,8.14,8.15
2023-11-23,41258,332534,8.09,8.13,8.02,8.13,-0.01,33,1.0,8.09,8.13,8.02,8.13
2023-11-24,27143,218362,8.03,8.1,8.03,8.1,-0.03,14,1.0,8.03,8.1,8.03,8.1
2023-11-27,13000,104570,8.05,8.07,8.04,8.07,-0.03,9,1.0,8.05,8.07,8.04,8.07
2023-11-28,74764,611720,8.21,8.22,8.14,8.14,0.07,43,1.0,8.21,8.14,8.14,8.22
2023-11-29,187579,1573520,8.14,8.54,8.14,8.35,0.21,104,1.0,8.14,8.35,8.14,8.54
2023-11-30,115767,955126,8.35,8.35,8.17,8.26,-0.09,56,1.0,8.35,8.26,8.17,8.35
2023-12-01,55050,452588,8.26,8.28,8.2,8.22,-0.04,39,1.0,8.26,8.22,8.2,8.28
2023-12-04,36070,297558,8.22,8.32,8.22,8.29,0.07,29,1.0,8.22,8.29,8.22,8.32
2023-12-05,34673,285376,8.28,8.28,8.2,8.2,-0.09,22,1.0,8.28,8.2,8.2,8.28
2023-12-06,74784,614086,8.18,8.25,8.16,8.22,0.02,43,1.0,8.18,8.22,8.16,8.25
2023-12-07,55400,454980,8.18,8.3,8.16,8.22,0.0,32,1.0,8.18,8.22,8.16,8.3
2023-12-08,95820,790420,8.28,8.29,8.22,8.25,0.03,43,1.0,8.28,8.25,8.22,8.29
2023-12-11,29061,239042,8.27,8.27,8.18,8.24,-0.01,21,1.0,8.27,8.24,8.18,8.27
2023-12-12,19460,159413,8.18,8.24,8.17,8.24,0.0,21,1.0,8.18,8.24,8.17,8.24
2023-12-13,33094,272685,8.25,8.26,8.2,8.26,0.02,30,1.0,8.25,8.26,8.2,8.26
2023-12-14,56404,466204,8.2,8.35,8.2,8.28,0.02,34,1.0,8.2,8.28,8.2,8.35
2023-12-15,171495,1427552,8.33,8.34,8.27,8.34,0.06,84,1.0,8.33,8.34,8.27,8.34
2023-12-18,96936,806985,8.35,8.36,8.3,8.32,-0.02,36,1.0,8.35,8.32,8.3,8.36
2023-12-19,151904,1270623,8.45,8.45,8.33,8.35,0.03,65,1.0,8.45,8.35,8.33,8.45
2023-12-20,77758,649366,8.35,8.46,8.31,8.45,0.1,38,1.0,8.35,8.45,8.31,8.46
2023-12-21,147246,1249786,8.45,8.54,8.45,8.54,0.09,65,1.0,8.45,8.54,8.45,8.54
2023-12-22,44454,376370,8.5,8.53,8.45,8.46,-0.08,40,1.0,8.5,8.46,8.45,8.53
2023-12-25,30196,253888,8.48,8.48,8.39,8.41,-0.05,15,1.0,8.48,8.41,8.39,8.48
2023-12-26,39000,326460,8.35,8.47,8.35,8.47,0.06,23,1.0,8.35,8.47,8.35,8.47
2023-12-27,88230,739190,8.4,8.46,8.35,8.42,-0.05,35,1.0,8.4,8.42,8.35,8.46
2023-12-28,59241,496532,8.42,8.45,8.34,8.42,0.0,45,1.0,8.42,8.42,8.34,8.45
2023-12-29,53340,451523,8.43,8.5,8.41,8.49,0.07,32,1.0,8.43,8.49,8.41,8.5
2024-01-02,29237,248412,8.63,8.63,8.45,8.52,0.03,19,1.0,8.63,8.52,8.45,8.63
2024-01-03,9010,75585,8.37,8.5,8.37,8.5,-0.02,8,1.0,8.37,8.5,8.37,8.5
2024-01-04,11829,99496,8.3,8.47,8.3,8.46,-0.04,14,1.0,8.3,8.46,8.3,8.47
2024-01-05,16001,135448,8.44,8.5,8.37,8.37,-0.09,9,1.0,8.44,8.37,8.37,8.5
2024-01-08,39266,329829,8.47,8.47,8.37,8.45,0.08,21,1.0,8.47,8.45,8.37,8.47
2024-01-09,26386,221765,8.4,8.43,8.37,8.43,-0.02,28,1.0,8.4,8.43,8.37,8.43
2024-01-10,83510,705073,8.31,8.5,8.29,8.36,-0.07,34,1.0,8.31,8.36,8.29,8.5
2024-01-11,454349,3895749,8.36,8.76,8.36,8.71,0.35,124,1.0,8.36,8.71,8.36,8.76
2024-01-12,325863,2932144,8.71,9.27,8.62,9.1,0.39,167,1.0,8.71,9.1,8.62,9.27
2024-01-15,552594,5111172,9.12,9.35,9.12,9.25,0.15,175,1.0,9.12,9.25,9.12,9.35
2024-01-16,398171,3720573,9.2,9.44,9.2,9.31,0.06,196,1.0,9.2,9.31,9.2,9.44
2024-01-17,617249,5828435,9.31,9.5,9.3,9.35,0.04,230,1.0,9.31,9.35,9.3,9.5
2024-01-18,181859,1720921,9.38,9.5,9.38,9.49,0.14,98,1.0,9.38,9.49,9.38,9.5
2024-01-19,116377,1094673,9.49,9.49,9.35,9.48,-0.01,86,1.0,9.49,9.48,9.35,9.49
2024-01-22,253082,2364613,9.5,9.5,9.18,9.46,-0.02,137,1.0,9.5,9.46,9.18,9.5
2024-01-23,62176,581345,9.22,9.43,9.22,9.35,-0.11,42,1.0,9.22,9.35,9.22,9.43
2024-01-24,129418,1193136,9.11,9.33,9.11,9.33,-0.02,54,1.0,9.11,9.33,9.11,9.33
2024-01-25,16852,156197,9.34,9.34,9.25,9.29,-0.04,19,1.0,9.34,9.29,9.25,9.34
2024-01-26,18154,167362,9.29,9.29,9.18,9.2,-0.09,34,1.0,9.29,9.2,9.18,9.29
2024-01-29,57700,533704,9.34,9.34,9.16,9.22,0.02,34,1.0,9.34,9.22,9.16,9.34
2024-01-30,35020,322361,9.25,9.38,9.16,9.38,0.16,36,1.0,9.25,9.38,9.16,9.38
2024-01-31,42418,391855,9.19,9.36,9.19,9.33,-0.05,30,1.0,9.19,9.33,9.19,9.36
2024-02-01,53185,490724,9.33,9.33,9.17,9.32,-0.01,64,1.0,9.33,9.32,9.17,9.33
2024-02-02,70676,647997,9.22,9.28,9.11,9.15,-0.17,62,1.0,9.22,9.15,9.11,9.28
2024-02-05,25973,237791,9.13,9.27,9.13,9.2,0.05,20,1.0,9.13,9.2,9.13,9.27
2024-02-15,85178,785593,9.24,9.24,9.2,9.2,0.0,56,1.0,9.24,9.2,9.2,9.24
2024-02-16,131880,1208882,9.2,9.23,9.14,9.14,-0.06,67,1.0,9.2,9.14,9.14,9.23
2024-02-19,76930,711587,9.15,9.33,9.15,9.27,0.13,60,1.0,9.15,9.27,9.15,9.33
2024-02-20,89411,831972,9.48,9.48,9.2,9.23,-0.04,57,1.0,9.48,9.23,9.2,9.48
2024-02-21,57300,528194,9.39,9.39,9.16,9.23,0.0,41,1.0,9.39,9.23,9.16,9.39
2024-02-22,40502,373531,9.17,9.26,9.17,9.26,0.03,27,1.0,9.17,9.26,9.17,9.26
2024-02-23,38305,352595,9.35,9.35,9.17,9.17,-0.09,46,1.0,9.35,9.17,9.17,9.35
2024-02-26,76561,700104,9.15,9.18,9.13,9.16,-0.01,47,1.0,9.15,9.16,9.13,9.18
2024-02-27,51507,467902,9.15,9.15,9.02,9.04,-0.12,46,1.0,9.15,9.04,9.02,9.15
2024-02-29,46764,423091,9.05,9.15,9.0,9.15,0.11,48,1.0,9.05,9.15,9.0,9.15
2024-03-01,55508,505121,9.15,9.15,9.07,9.11,-0.04,36,1.0,9.15,9.11,9.07,9.15
2024-03-04,93763,847728,9.11,9.11,9.02,9.1,-0.01,51,1.0,9.11,9.1,9.02,9.11
2024-03-05,46760,424871,9.05,9.12,9.05,9.12,0.02,44,1.0,9.05,9.12,9.05,9.12
2024-03-06,26983,245194,9.12,9.12,9.05,9.07,-0.05,29,1.0,9.12,9.07,9.05,9.12
2024-03-07,107603,971645,9.06,9.14,9.01,9.02,-0.05,88,1.0,9.06,9.02,9.01,9.14
2024-03-08,148391,1332197,9.0,9.02,8.95,8.96,-0.06,58,1.0,9.0,8.96,8.95,9.02
2024-03-11,150739,1353225,8.88,9.07,8.8,8.94,-0.02,47,1.0,8.88,8.94,8.8,9.07
2024-03-12,68666,618630,9.0,9.05,9.0,9.0,0.06,43,1.0,9.0,9.0,9.0,9.05
2024-03-13,46930,421829,8.91,9.05,8.91,9.01,0.01,39,1.0,8.91,9.01,8.91,9.05
2024-03-14,81180,736996,9.01,9.2,9.01,9.09,0.08,50,1.0,9.01,9.09,9.01,9.2
2024-03-15,61499,556879,9.05,9.24,9.0,9.12,0.03,32,1.0,9.05,9.12,9.0,9.24
2024-03-18,40715,370537,9.01,9.18,9.0,9.14,0.02,34,1.0,9.01,9.14,9.0,9.18
2024-03-19,92393,827348,9.14,9.14,8.63,9.1,-0.04,50,1.0,9.14,9.1,8.63,9.14
2024-03-20,35487,320599,9.02,9.08,9.01,9.08,-0.02,28,1.0,9.02,9.08,9.01,9.08
2024-03-21,40158,360628,8.85,9.07,8.85,9.07,-0.01,34,1.0,8.85,9.07,8.85,9.07
2024-03-22,42983,388525,9.0,9.09,9.0,9.07,0.0,24,1.0,9.0,9.07,9.0,9.09
2024-03-25,64946,585154,9.01,9.06,9.0,9.0,-0.07,36,1.0,9.01,9.0,9.0,9.06
2024-03-26,34940,314713,9.0,9.07,8.98,8.99,-0.01,23,1.0,9.0,8.99,8.98,9.07
2024-03-27,32320,291951,8.99,9.15,8.99,9.12,0.13,31,1.0,8.99,9.12,8.99,9.15
2024-03-28,97768,882342,9.03,9.1,9.0,9.02,-0.1,48,1.0,9.03,9.02,9.0,9.1
2024-03-29,77695,699355,9.02,9.02,9.0,9.0,-0.02,36,1.0,9.02,9.0,9.0,9.02
2024-04-01,67925,611512,9.0,9.03,9.0,9.03,0.03,24,1.0,9.0,9.03,9.0,9.03
2024-04-02,28498,256356,9.0,9.03,8.97,9.03,0.0,18,1.0,9.0,9.03,8.97,9.03
2024-04-03,27500,247460,9.0,9.02,8.92,9.02,-0.01,11,1.0,9.0,9.02,8.92,9.02
2024-04-08,12817,115759,9.03,9.09,9.0,9.09,0.07,12,1.0,9.03,9.09,9.0,9.09
2024-04-09,112311,1012439,9.01,9.07,9.0,9.05,-0.04,45,1.0,9.01,9.05,9.0,9.07
2024-04-10,318007,2943504,9.05,9.44,9.0,9.28,0.23,93,1.0,9.05,9.28,9.0,9.44
2024-04-11,67242,622894,9.3,9.35,9.21,9.21,-0.07,40,1.0,9.3,9.21,9.21,9.35
2024-04-12,66252,610974,9.2,9.37,9.2,9.21,0.0,47,1.0,9.2,9.21,9.2,9.37
2024-04-15,29474,267107,9.1,9.1,9.04,9.08,-0.13,26,1.0,9.1,9.08,9.04,9.1
2024-04-16,155000,1414870,9.2,9.27,9.06,9.19,0.11,51,1.0,9.2,9.19,9.06,9.27
2024-04-17,256440,2328493,9.02,9.16,9.02,9.16,-0.03,52,1.0,9.02,9.16,9.02,9.16
2024-04-18,97563,878938,9.02,9.1,8.96,9.01,-0.15,53,1.0,9.02,9.01,8.96,9.1
2024-04-19,53204,479034,9.0,9.01,9.0,9.0,-0.01,20,1.0,9.0,9.0,9.0,9.01
2024-04-22,27701,251405,9.16,9.16,9.0,9.09,0.09,23,1.0,9.16,9.09,9.0,9.16
2024-04-23,42222,383602,9.06,9.18,9.05,9.15,0.06,29,1.0,9.06,9.15,9.05,9.18
2024-04-24,34225,312042,9.1,9.2,9.07,9.16,0.01,27,1.0,9.1,9.16,9.07,9.2
2024-04-25,58391,532908,9.03,9.2,9.02,9.2,0.04,29,1.0,9.03,9.2,9.02,9.2
2024-04-26,1240255,12413341,9.21,10.1,9.13,10.1,0.9,456,1.0,9.21,10.1,9.13,10.1
2024-04-29,2548840,27649272,10.45,11.1,10.15,11.1,1.0,790,1.0,10.45,11.1,10.15,11.1
2024-04-30,1441710,15845539,11.2,11.4,10.55,10.8,-0.3,624,1.0,11.2,10.8,10.55,11.4
2024-05-02,2933965,34579202,10.8,11.85,10.8,11.85,1.05,925,1.0,10.8,11.85,10.8,11.85
2024-05-03,1933398,21167938,11.1,11.3,10.75,11.05,-0.8,789,1.0,11.1,11.05,10.75,11.3
2024-05-06,1461540,15631679,11.05,11.15,10.3,10.45,-0.6,781,1.0,11.05,10.45,10.3,11.15
2024-05-07,770724,7864052,10.2,10.45,9.98,10.25,-0.2,335,1.0,10.2,10.25,9.98,10.45
2024-05-08,348012,3607778,10.3,10.6,10.2,10.25,0.0,198,1.0,10.3,10.25,10.2,10.6
2024-05-09,372107,3776443,10.3,10.3,10.05,10.1,-0.15,182,1.0,10.3,10.1,10.05,10.3
2024-05-10,471691,4708658,10.1,10.15,9.81,10.0,-0.1,235,1.0,10.1,10.0,9.81,10.15
2024-05-13,368463,3644150,9.95,10.0,9.85,9.96,-0.04,198,1.0,9.95,9.96,9.85,10.0
2024-05-14,180967,1799739,10.0,10.0,9.85,9.94,-0.02,115,1.0,10.0,9.94,9.85,10.0
2024-05-15,270946,2687901,9.91,10.0,9.87,9.87,-0.07,115,1.0,9.91,9.87,9.87,10.0
2024-05-16,399423,4074047,9.88,10.45,9.82,10.2,0.33,356,1.0,9.88,10.2,9.82,10.45
2024-05-17,336573,3495529,10.55,10.55,10.0,10.4,0.2,255,1.0,10.55,10.4,10.0,10.55
2024-05-20,190365,1938306,10.4,10.4,10.1,10.15,-0.25,89,1.0,10.4,10.15,10.1,10.4
2024-05-21,147276,1484880,10.15,10.3,9.92,10.2,0.05,116,1.0,10.15,10.2,9.92,10.3
2024-05-22,72641,737341,10.2,10.2,10.1,10.2,0.0,59,1.0,10.2,10.2,10.1,10.2
2024-05-23,104828,1044941,10.3,10.3,9.91,9.96,-0.24,99,1.0,10.3,9.96,9.91,10.3
2024-05-24,75639,751264,9.93,10.0,9.87,9.91,-0.05,121,1.0,9.93,9.91,9.87,10.0
2024-05-27,71097,706133,10.05,10.05,9.91,9.94,0.03,72,1.0,10.05,9.94,9.91,10.05
2024-05-28,181768,1810582,10.1,10.1,9.91,9.94,0.0,95,1.0,10.1,9.94,9.91,10.1
2024-05-29,170348,1684344,9.93,9.99,9.82,9.94,0.0,126,1.0,9.93,9.94,9.82,9.99
2024-05-30,99216,977768,9.95,9.95,9.83,9.87,-0.07,96,1.0,9.95,9.87,9.83,9.95
2024-05-31,847435,8802378,9.87,10.6,9.87,10.4,0.53,360,1.0,9.87,10.4,9.87,10.6
2024-06-03,316970,3252805,10.3,10.4,9.97,10.25,-0.15,139,1.0,10.3,10.25,9.97,10.4
2024-06-04,164970,1699095,10.1,10.45,10.0,10.35,0.1,93,1.0,10.1,10.35,10.0,10.45
2024-06-05,598483,6358226,10.45,11.0,10.25,10.85,0.5,275,1.0,10.45,10.85,10.25,11.0
2024-06-06,617027,6650717,10.85,11.0,10.5,10.85,0.0,231,1.0,10.85,10.85,10.5,11.0
2024-06-07,1193170,13394714,10.85,11.45,10.85,11.3,0.45,329,1.0,10.85,11.3,10.85,11.45
2024-06-11,683757,7802956,11.75,11.75,11.1,11.25,-0.05,281,1.0,11.75,11.25,11.1,11.75
2024-06-12,412818,4622069,11.2,11.4,10.95,10.95,-0.3,110,1.0,11.2,10.95,10.95,11.4
2024-06-13,222169,2445448,10.6,11.2,10.6,11.0,0.05,97,1.0,10.6,11.0,10.6,11.2
2024-06-14,215936,2395649,11.0,11.2,10.95,11.05,0.05,93,1.0,11.0,11.05,10.95,11.2
2024-06-17,129532,1421929,11.0,11.15,10.85,11.0,-0.05,61,1.0,11.0,11.0,10.85,11.15
2024-06-18,92765,1027352,11.05,11.2,11.0,11.1,0.1,73,1.0,11.05,11.1,11.0,11.2
2024-06-19,173547,1908143,11.05,11.1,10.85,10.9,-0.2,75,1.0,11.05,10.9,10.85,11.1
2024-06-20,90228,999757,10.9,11.15,10.9,11.05,0.15,60,1.0,10.9,11.05,10.9,11.15
2024-06-21,87438,954037,10.95,11.0,10.9,11.0,-0.05,57,1.0,10.95,11.0,10.9,11.0
2024-06-24,191013,2058489,10.9,11.05,10.5,10.9,-0.1,72,1.0,10.9,10.9,10.5,11.05
2024-06-25,182306,1965982,11.05,11.05,10.7,10.85,-0.05,59,1.0,11.05,10.85,10.7,11.05
2024-06-26,97108,1045449,10.85,10.9,10.65,10.8,-0.05,63,1.0,10.85,10.8,10.65,10.9
2024-06-27,67967,727016,10.8,10.8,10.65,10.75,-0.05,50,1.0,10.8,10.75,10.65,10.8
2024-06-28,36190,391695,10.9,10.9,10.75,10.75,0.0,67,1.0,10.9,10.75,10.75,10.9
2024-07-01,42296,456514,10.95,10.95,10.7,10.8,0.05,42,1.0,10.95,10.8,10.7,10.95
2024-07-02,114041,1213205,11.15,11.15,10.5,10.7,-0.1,87,1.0,11.15,10.7,10.5,11.15
2024-07-03,209669,2198333,10.7,10.7,10.25,10.5,-0.2,83,1.0,10.7,10.5,10.25,10.7
2024-07-04,95120,996435,10.5,10.6,10.35,10.5,0.0,80,1.0,10.5,10.5,10.35,10.6
2024-07-05,116826,1221243,10.45,10.55,10.35,10.5,0.0,85,1.0,10.45,10.5,10.35,10.55
2024-07-08,95451,993603,10.55,10.55,10.35,10.45,-0.05,59,1.0,10.55,10.45,10.35,10.55
2024-07-09,44534,462851,10.45,10.45,10.35,10.35,-0.1,37,1.0,10.45,10.35,10.35,10.45
2024-07-10,98256,1022619,10.25,10.5,10.25,10.45,0.1,48,1.0,10.25,10.45,10.25,10.5
2024-07-11,139315,1448597,10.45,10.6,10.35,10.4,-0.05,56,1.0,10.45,10.4,10.35,10.6
2024-07-12,55588,580366,10.4,10.5,10.4,10.5,0.1,40,1.0,10.4,10.5,10.4,10.5
2024-07-15,42481,443225,10.5,10.5,10.35,10.4,-0.1,42,1.0,10.5,10.4,10.35,10.5
2024-07-16,42640,440804,10.45,10.45,10.3,10.4,0.0,31,1.0,10.45,10.4,10.3,10.45
2024-07-17,51182,532685,10.35,10.5,10.35,10.45,0.05,37,1.0,10.35,10.45,10.35,10.5
2024-07-18,136288,1417594,10.4,10.5,10.35,10.35,-0.1,57,1.0,10.4,10.35,10.35,10.5
2024-07-19,87415,907122,10.45,10.45,10.3,10.35,0.0,51,1.0,10.45,10.35,10.3,10.45
2024-07-22,92589,944771,10.35,10.35,10.15,10.15,-0.2,58,1.0,10.35,10.15,10.15,10.35
2024-07-23,87198,892524,10.3,10.3,10.15,10.3,0.15,62,1.0,10.3,10.3,10.15,10.3
2024-07-26,106994,1092800,10.25,10.25,10.2,10.25,-0.05,25,1.0,10.25,10.25,10.2,10.25
2024-07-29,24003,245930,10.25,10.3,10.15,10.2,-0.05,23,1.0,10.25,10.2,10.15,10.3
2024-07-30,17275,175852,10.2,10.2,10.15,10.2,0.0,23,1.0,10.2,10.2,10.15,10.2
2024-07-31,33000,338050,10.2,10.3,10.2,10.3,0.1,15,1.0,10.2,10.3,10.2,10.3
2024-08-01,90722,928558,10.35,10.4,10.15,10.25,-0.05,45,1.0,10.35,10.25,10.15,10.4
2024-08-02,152530,1530095,10.35,10.35,10.0,10.0,-0.25,73,1.0,10.35,10.0,10.0,10.35
2024-08-05,270858,2548279,9.89,9.9,9.01,9.21,-0.79,131,1.0,9.89,9.21,9.01,9.9
2024-08-06,174758,1600050,9.11,9.3,9.11,9.25,0.04,76,1.0,9.11,9.25,9.11,9.3
2024-08-07,36502,347198,9.54,9.54,9.5,9.51,0.26,25,1.0,9.54,9.51,9.5,9.54
2024-08-08,43198,401131,9.5,9.5,9.24,9.28,-0.23,18,1.0,9.5,9.28,9.24,9.5
2024-08-09,38271,362570,9.23,9.53,9.23,9.41,0.13,28,1.0,9.23,9.41,9.23,9.53
2024-08-12,54000,514450,9.5,9.6,9.46,9.51,0.1,31,1.0,9.5,9.51,9.46,9.6
2024-08-13,10355,99455,9.45,9.65,9.45,9.65,0.14,20,1.0,9.45,9.65,9.45,9.65
2024-08-14,56302,546911,9.65,9.85,9.65,9.68,0.03,33,1.0,9.65,9.68,9.65,9.85
2024-08-15,19450,190227,9.69,9.87,9.69,9.77,0.09,17,1.0,9.69,9.77,9.69,9.87
2024-08-16,248049,2393231,9.72,9.96,9.53,9.56,-0.21,180,1.0,9.72,9.56,9.53,9.96
2024-08-19,238622,2249966,9.57,9.57,9.37,9.45,-0.11,196,1.0,9.57,9.45,9.37,9.57
2024-08-20,45051,424692,9.49,9.49,9.4,9.41,-0.04,34,1.0,9.49,9.41,9.4,9.49
2024-08-21,74298,706923,9.41,9.56,9.41,9.55,0.14,51,1.0,9.41,9.55,9.41,9.56
2024-08-22,37023,351853,9.55,9.55,9.5,9.5,-0.05,40,1.0,9.55,9.5,9.5,9.55
2024-08-23,25011,236063,9.41,9.61,9.33,9.61,0.11,18,1.0,9.41,9.61,9.33,9.61
2024-08-26,44382,423639,9.62,9.63,9.49,9.59,-0.02,28,1.0,9.62,9.59,9.49,9.63
2024-08-27,17237,163374,9.46,9.56,9.45,9.56,-0.03,18,1.0,9.46,9.56,9.45,9.56
2024-08-28,20256,193177,9.44,9.58,9.44,9.51,-0.05,17,1.0,9.44,9.51,9.44,9.58
2024-08-29,20700,196738,9.5,9.52,9.5,9.52,0.01,21,1.0,9.5,9.52,9.5,9.52
2024-08-30,61073,588378,9.58,9.67,9.58,9.67,0.15,49,1.0,9.58,9.67,9.58,9.67
2024-09-02,93543,913958,9.75,9.84,9.68,9.82,0.15,63,1.0,9.75,9.82,9.68,9.84
2024-09-03,45370,444185,9.85,9.85,9.73,9.82,0.0,29,1.0,9.85,9.82,9.73,9.85
2024-09-04,73001,702049,9.7,9.81,9.41,9.56,-0.26,44,1.0,9.7,9.56,9.41,9.81
2024-09-05,199595,1981539,9.8,10.0,9.6,9.9,0.34,85,1.0,9.8,9.9,9.6,10.0
2024-09-06,53270,534846,10.0,10.15,9.9,10.0,0.1,36,1.0,10.0,10.0,9.9,10.15
2024-09-09,22514,220453,9.69,9.97,9.69,9.87,-0.13,20,1.0,9.69,9.87,9.69,9.97
2024-09-10,40000,395710,10.05,10.05,9.82,9.92,0.05,20,1.0,10.05,9.92,9.82,10.05
2024-09-11,25045,248514,10.0,10.0,9.81,9.97,0.05,19,1.0,10.0,9.97,9.81,10.0
2024-09-12,14976,148733,9.91,10.0,9.9,9.99,0.02,17,1.0,9.91,9.99,9.9,10.0
2024-09-13,41508,413377,9.96,10.0,9.91,9.99,0.0,29,1.0,9.96,9.99,9.91,10.0
2024-09-16,35009,349428,9.99,10.1,9.94,10.0,0.01,21,1.0,9.99,10.0,9.94,10.1
2024-09-18,126331,1263323,9.99,10.05,9.98,10.0,0.0,47,1.0,9.99,10.0,9.98,10.05
2024-09-19,150691,1507170,10.0,10.05,9.96,10.05,0.05,47,1.0,10.0,10.05,9.96,10.05
2024-09-20,100681,1008173,10.05,10.05,9.96,10.05,0.0,44,1.0,10.05,10.05,9.96,10.05
2024-09-23,100510,1007255,10.0,10.05,9.97,10.05,0.0,34,1.0,10.0,10.05,9.97,10.05
2024-09-24,135180,1357095,10.0,10.15,10.0,10.05,0.0,55,1.0,10.0,10.05,10.0,10.15
2024-09-25,252896,2542294,10.05,10.1,9.98,10.05,0.0,59,1.0,10.05,10.05,9.98,10.1
2024-09-26,148941,1489642,9.72,10.05,9.71,10.0,-0.05,40,1.0,9.72,10.0,9.71,10.05
2024-09-27,75397,753449,9.99,10.0,9.95,10.0,0.0,50,1.0,9.99,10.0,9.95,10.0
2024-09-30,102001,1018509,10.0,10.0,9.96,9.99,-0.01,22,1.0,10.0,9.99,9.96,10.0
2024-10-01,57300,568776,10.0,10.0,9.8,9.98,-0.01,27,1.0,10.0,9.98,9.8,10.0
2024-10-04,36267,360165,9.98,9.98,9.9,9.9,-0.08,23,1.0,9.98,9.9,9.9,9.98
2024-10-07,85088,838930,9.89,9.89,9.77,9.87,-0.03,32,1.0,9.89,9.87,9.77,9.89
2024-10-08,34053,335878,9.86,9.87,9.85,9.85,-0.02,16,1.0,9.86,9.85,9.85,9.87
2024-10-09,27855,274027,9.85,9.96,9.8,9.96,0.11,22,1.0,9.85,9.96,9.8,9.96
2024-10-11,8040,79440,9.96,9.96,9.81,9.81,-0.15,7,1.0,9.96,9.81,9.81,9.96
2024-10-14,52493,510661,9.82,9.82,9.67,9.75,-0.06,37,1.0,9.82,9.75,9.67,9.82
2024-10-15,20453,200602,9.7,9.87,9.7,9.87,0.12,19,1.0,9.7,9.87,9.7,9.87
2024-10-16,6224,60905,9.78,9.79,9.78,9.79,-0.08,8,1.0,9.78,9.79,9.78,9.79
2024-10-17,58526,575613,9.79,9.97,9.79,9.79,0.0,24,1.0,9.79,9.79,9.79,9.97
2024-10-18,19152,186657,9.8,9.8,9.7,9.79,0.0,28,1.0,9.8,9.79,9.7,9.8
2024-10-21,19191,185187,9.71,9.87,9.51,9.85,0.06,11,1.0,9.71,9.85,9.51,9.87
2024-10-22,4316,42053,9.73,9.75,9.73,9.75,-0.1,8,1.0,9.73,9.75,9.73,9.75
2024-10-23,26093,254503,9.76,9.78,9.75,9.75,0.0,9,1.0,9.76,9.75,9.75,9.78
2024-10-24,27468,267507,9.78,9.79,9.7,9.76,0.01,27,1.0,9.78,9.76,9.7,9.79
2024-10-25,114009,1104056,9.8,9.85,9.51,9.63,-0.13,53,1.0,9.8,9.63,9.51,9.85
2024-10-28,44489,429247,9.63,9.66,9.6,9.65,0.02,31,1.0,9.63,9.65,9.6,9.66
2024-10-29,38397,371163,9.61,9.74,9.61,9.66,0.01,33,1.0,9.61,9.66,9.61,9.74
2024-10-30,39355,385475,9.86,9.91,9.69,9.7,0.04,25,1.0,9.86,9.7,9.69,9.91
2024-11-01,54436,526518,9.65,9.69,9.61,9.67,-0.03,21,1.0,9.65,9.67,9.61,9.69
2024-11-04,11002,106259,9.66,9.66,9.65,9.65,-0.02,9,1.0,9.66,9.65,9.65,9.66
2024-11-05,25000,241930,9.65,9.78,9.65,9.67,0.02,10,1.0,9.65,9.67,9.65,9.78
2024-11-06,24000,234730,9.69,9.8,9.68,9.68,0.01,6,1.0,9.69,9.68,9.68,9.8
2024-11-07,17029,164779,9.66,9.69,9.66,9.68,0.0,14,1.0,9.66,9.68,9.66,9.69
2024-11-08,41081,397803,9.74,9.74,9.68,9.68,0.0,15,1.0,9.74,9.68,9.68,9.74
2024-11-11,63031,608732,9.68,9.68,9.59,9.64,-0.04,30,1.0,9.68,9.64,9.59,9.68
2024-11-12,29111,280759,9.65,9.74,9.63,9.63,-0.01,23,1.0,9.65,9.63,9.63,9.74
2024-11-13,65045,626140,9.63,9.67,9.61,9.61,-0.02,24,1.0,9.63,9.61,9.61,9.67
2024-11-14,92140,884177,9.65,9.67,9.58,9.6,-0.01,36,1.0,9.65,9.6,9.58,9.67
2024-11-15,181491,1742228,9.6,9.66,9.58,9.6,0.0,37,1.0,9.6,9.6,9.58,9.66
2024-11-18,82288,794061,9.6,9.71,9.6,9.7,0.1,26,1.0,9.6,9.7,9.6,9.71
2024-11-19,92010,889230,9.64,9.75,9.63,9.75,0.05,33,1.0,9.64,9.75,9.63,9.75
2024-11-20,211229,2103741,9.74,10.1,9.74,10.1,0.35,99,1.0,9.74,10.1,9.74,10.1
2024-11-21,222686,2241236,10.2,10.2,9.93,10.1,0.0,67,1.0,10.2,10.1,9.93,10.2
2024-11-22,123648,1246279,10.1,10.15,10.0,10.1,0.0,64,1.0,10.1,10.1,10.0,10.15
2024-11-25,242479,2453936,10.1,10.15,10.1,10.15,0.05,78,1.0,10.1,10.15,10.1,10.15
2024-11-26,199138,2044330,10.15,10.5,10.15,10.35,0.2,89,1.0,10.15,10.35,10.15,10.5
2024-11-27,654104,7082647,10.45,11.1,10.4,10.85,0.5,237,1.0,10.45,10.85,10.4,11.1
2024-11-28,284625,3037632,10.85,10.9,10.45,10.75,-0.1,109,1.0,10.85,10.75,10.45,10.9
2024-11-29,226857,2448599,10.75,10.85,10.65,10.85,0.1,92,1.0,10.75,10.85,10.65,10.85
2024-12-02,203210,2202086,11.05,11.05,10.75,10.85,0.0,80,1.0,11.05,10.85,10.75,11.05
2024-12-03,117682,1269201,11.0,11.0,10.7,10.8,-0.05,53,1.0,11.0,10.8,10.7,11.0
2024-12-04,485388,5280806,10.85,11.0,10.75,10.95,0.15,125,1.0,10.85,10.95,10.75,11.0
2024-12-05,129010,1414809,11.0,11.0,10.8,10.9,-0.05,42,1.0,11.0,10.9,10.8,11.0
2024-12-06,110702,1196554,10.9,10.9,10.8,10.8,-0.1,59,1.0,10.9,10.8,10.8,10.9
2024-12-09,143820,1556518,10.8,10.9,10.8,10.8,0.0,44,1.0,10.8,10.8,10.8,10.9
2024-12-10,703647,7778006,10.85,11.15,10.8,11.15,0.35,168,1.0,10.85,11.15,10.8,11.15
2024-12-11,1069913,12519663,12.0,12.0,11.35,11.7,0.55,454,1.0,12.0,11.7,11.35,12.0
2024-12-12,547935,6441807,12.0,12.0,11.45,11.65,-0.05,204,1.0,12.0,11.65,11.45,12.0
2024-12-13,122771,1378505,11.1,11.4,11.1,11.3,-0.35,60,1.0,11.1,11.3,11.1,11.4
2024-12-16,363240,3986499,11.3,11.3,10.6,10.75,-0.55,123,1.0,11.3,10.75,10.6,11.3
2024-12-17,281895,2965385,10.75,10.8,10.4,10.45,-0.3,92,1.0,10.75,10.45,10.4,10.8
2024-12-18,56092,591919,10.3,10.65,10.3,10.6,0.15,35,1.0,10.3,10.6,10.3,10.65
2024-12-19,36434,383876,10.4,10.6,10.4,10.55,-0.05,30,1.0,10.4,10.55,10.4,10.6
2024-12-20,59010,621255,10.5,10.6,10.4,10.5,-0.05,26,1.0,10.5,10.5,10.4,10.6
2024-12-23,264073,2852285,10.5,11.0,10.45,10.8,0.3,83,1.0,10.5,10.8,10.45,11.0
2024-12-24,53234,578454,10.8,10.95,10.7,10.9,0.1,25,1.0,10.8,10.9,10.7,10.95
2024-12-25,67331,728806,10.75,10.95,10.7,10.85,-0.05,59,1.0,10.75,10.85,10.7,10.95
2024-12-26,184446,2003366,10.85,10.95,10.75,10.75,-0.1,54,1.0,10.85,10.75,10.75,10.95
2024-12-27,31101,336385,10.75,10.95,10.75,10.8,0.05,20,1.0,10.75,10.8,10.75,10.95
2024-12-30,97908,1070884,10.85,11.05,10.85,10.9,0.1,41,1.0,10.85,10.9,10.85,11.05
2024-12-31,48901,533486,10.75,10.95,10.75,10.9,0.0,31,1.0,10.75,10.9,10.75,10.95
2025-01-02,148271,1592866,10.9,10.9,10.5,10.8,-0.1,215,1.0,10.9,10.8,10.5,10.9
2025-01-03,49059,529281,10.8,10.95,10.75,10.95,0.15,25,1.0,10.8,10.95,10.75,10.95
2025-01-06,42505,457697,10.75,10.9,10.7,10.9,-0.05,32,1.0,10.75,10.9,10.7,10.9
2025-01-07,52452,569771,10.75,10.95,10.75,10.8,-0.1,34,1.0,10.75,10.8,10.75,10.95
2025-01-08,111820,1212893,10.8,10.9,10.8,10.9,0.1,26,1.0,10.8,10.9,10.8,10.9
2025-01-09,120450,1310759,10.95,10.95,10.8,10.9,0.0,46,1.0,10.95,10.9,10.8,10.95
2025-01-10,143786,1576749,11.1,11.1,10.9,11.05,0.15,67,1.0,11.1,11.05,10.9,11.1
2025-01-13,510889,5424743,10.65,10.8,10.4,10.6,-0.45,156,1.0,10.65,10.6,10.4,10.8
2025-01-14,72561,778913,10.6,10.9,10.6,10.9,0.3,41,1.0,10.6,10.9,10.6,10.9
2025-01-15,162044,1775475,10.9,11.1,10.75,11.1,0.2,49,1.0,10.9,11.1,10.75,11.1
2025-01-16,203524,2257337,11.2,11.2,11.0,11.1,0.0,91,1.0,11.2,11.1,11.0,11.2
2025-01-17,149829,1671511,11.1,11.2,11.0,11.2,0.1,46,1.0,11.1,11.2,11.0,11.2
2025-01-20,115580,1290008,11.15,11.2,11.1,11.2,0.0,62,1.0,11.15,11.2,11.1,11.2
2025-01-21,25382,284273,10.9,11.5,10.9,11.2,0.0,25,1.0,10.9,11.2,10.9,11.5
2025-01-22,70510,786286,11.2,11.2,11.05,11.2,0.0,29,1.0,11.2,11.2,11.05,11.2
2025-02-03,48628,544260,11.2,11.25,11.1,11.25,0.05,33,1.0,11.2,11.25,11.1,11.25
2025-02-04,43156,483189,11.25,11.3,11.1,11.2,-0.05,16,1.0,11.25,11.2,11.1,11.3
2025-02-05,37199,414138,11.15,11.2,11.05,11.2,0.0,26,1.0,11.15,11.2,11.05,11.2
2025-02-06,4000,44450,11.1,11.15,11.1,11.1,-0.1,3,1.0,11.1,11.1,11.1,11.15
2025-02-07,45717,508158,11.2,11.2,11.1,11.15,0.05,21,1.0,11.2,11.15,11.1,11.2
2025-02-10,38939,427923,10.75,11.1,10.75,11.1,-0.05,38,1.0,10.75,11.1,10.75,11.1
2025-02-11,41061,448567,10.8,11.05,10.8,11.05,-0.05,20,1.0,10.8,11.05,10.8,11.05
2025-02-12,25657,281403,10.9,11.1,10.9,11.1,0.05,17,1.0,10.9,11.1,10.9,11.1
2025-02-13,138459,1542293,11.15,11.15,11.05,11.15,0.05,28,1.0,11.15,11.15,11.05,11.15
2025-02-14,19144,211448,11.15,11.2,11.0,11.2,0.05,14,1.0,11.15,11.2,11.0,11.2
2025-02-17,55280,617830,11.15,11.25,11.1,11.25,0.05,28,1.0,11.15,11.25,11.1,11.25
2025-02-18,7814,87513,11.25,11.25,11.15,11.15,-0.1,16,1.0,11.25,11.15,11.15,11.25
2025-02-19,69047,767221,11.1,11.2,11.1,11.2,0.05,16,1.0,11.1,11.2,11.1,11.2
2025-02-20,221079,2522636,11.2,11.65,11.2,11.45,0.25,136,1.0,11.2,11.45,11.2,11.65
2025-02-21,335651,3932163,11.4,11.95,11.4,11.75,0.3,124,1.0,11.4,11.75,11.4,11.95
2025-02-24,127560,1503180,11.7,11.85,11.65,11.85,0.1,66,1.0,11.7,11.85,11.65,11.85
2025-02-25,253847,3010114,11.85,11.9,11.8,11.85,0.0,80,1.0,11.85,11.85,11.8,11.9
2025-02-26,99016,1176337,12.15,12.15,11.8,11.85,0.0,45,1.0,12.15,11.85,11.8,12.15
2025-02-27,713343,8653951,12.0,12.4,11.85,12.05,0.2,253,1.0,12.0,12.05,11.85,12.4
2025-03-03,208909,2534215,12.3,12.3,12.0,12.0,-0.05,132,1.0,12.3,12.0,12.0,12.3
2025-03-04,281482,3281604,12.05,12.05,11.25,11.85,-0.15,140,1.0,12.05,11.85,11.25,12.05
2025-03-05,92000,1084950,11.55,11.9,11.55,11.85,0.0,19,1.0,11.55,11.85,11.55,11.9
2025-03-06,95733,1131604,12.1,12.1,11.65,11.7,-0.15,38,1.0,12.1,11.7,11.65,12.1
2025-03-07,62600,733209,11.8,11.8,11.7,11.7,0.0,25,1.0,11.8,11.7,11.7,11.8
2025-03-10,36014,425262,11.75,11.9,11.75,11.75,0.05,17,1.0,11.75,11.75,11.75,11.9
2025-03-11,169800,1961137,11.85,11.85,11.35,11.65,-0.1,78,1.0,11.85,11.65,11.35,11.85
2025-03-12,97031,1131662,11.65,11.75,11.65,11.75,0.1,24,1.0,11.65,11.75,11.65,11.75
2025-03-13,206000,2427000,11.75,11.9,11.7,11.85,0.1,36,1.0,11.75,11.85,11.7,11.9
2025-03-14,293638,3486355,11.55,12.0,11.55,11.85,0.0,52,1.0,11.55,11.85,11.55,12.0
2025-03-17,396200,4828478,11.85,12.4,11.85,12.3,0.45,177,1.0,11.85,12.3,11.85,12.4
2025-03-18,359632,4469820,12.5,12.5,12.3,12.4,0.1,144,1.0,12.5,12.4,12.3,12.5
2025-03-19,233713,2883695,12.5,12.5,12.15,12.2,-0.2,67,1.0,12.5,12.2,12.15,12.5
2025-03-20,141470,1716896,12.2,12.3,12.1,12.25,0.05,62,1.0,12.2,12.25,12.1,12.3
2025-03-21,150068,1807312,12.0,12.35,11.9,12.15,-0.1,84,1.0,12.0,12.15,11.9,12.35
2025-03-24,72024,868036,12.05,12.1,12.0,12.1,-0.05,43,1.0,12.05,12.1,12.0,12.1
2025-03-25,179042,2186012,12.0,12.35,12.0,12.3,0.2,68,1.0,12.0,12.3,12.0,12.35
2025-03-26,244475,3043105,12.05,12.6,12.05,12.5,0.2,116,1.0,12.05,12.5,12.05,12.6
2025-03-27,76926,962000,12.5,12.55,12.4,12.4,-0.1,45,1.0,12.5,12.4,12.4,12.55
2025-03-28,239306,2937539,12.2,12.4,12.2,12.3,-0.1,70,1.0,12.2,12.3,12.2,12.4
2025-03-31,136405,1639906,12.25,12.25,11.9,11.9,-0.4,68,1.0,12.25,11.9,11.9,12.25
2025-04-01,186090,2211969,11.9,12.1,11.8,11.9,0.0,101,1.0,11.9,11.9,11.8,12.1
2025-04-02,32369,385804,11.95,11.95,11.9,11.95,0.05,31,1.0,11.95,11.95,11.9,11.95
2025-04-07,160549,1744303,10.85,11.1,10.8,10.85,-1.1,95,1.0,10.85,10.85,10.8,11.1
2025-04-08,171671,1844435,10.8,10.85,10.55,10.85,0.0,66,1.0,10.8,10.85,10.55,10.85
2025-04-09,282135,2964810,10.75,10.75,10.3,10.35,-0.5,93,1.0,10.75,10.35,10.3,10.75
2025-04-10,206637,2340297,10.75,11.35,10.75,11.35,1.0,72,1.0,10.75,11.35,10.75,11.35
2025-04-11,72004,803144,11.35,11.35,10.65,11.15,-0.2,25,1.0,11.35,11.15,10.65,11.35
2025-04-14,50057,557468,11.0,11.2,10.95,11.2,0.05,20,1.0,11.0,11.2,10.95,11.2
2025-04-15,107744,1227032,11.2,11.55,11.2,11.45,0.25,37,1.0,11.2,11.45,11.2,11.55
2025-04-16,21195,241753,11.25,11.5,11.25,11.45,0.0,13,1.0,11.25,11.45,11.25,11.5
2025-04-17,25009,287354,11.45,11.6,11.4,11.6,0.15,13,1.0,11.45,11.6,11.4,11.6
2025-04-18,9203,105744,11.5,11.5,11.45,11.45,-0.15,11,1.0,11.5,11.45,11.45,11.5
2025-04-21,10338,117251,11.35,11.4,11.3,11.4,-0.05,10,1.0,11.35,11.4,11.3,11.4
2025-04-22,56458,627028,11.05,11.45,11.05,11.45,0.05,17,1.0,11.05,11.45,11.05,11.45
2025-04-23,0,0,,,,,0.0,0,1.0,,,,
2025-04-24,7001,78061,11.1,11.2,11.1,11.2,0.0,6,1.0,11.1,11.2,11.1,11.2
2025-04-25,42672,481772,11.25,11.35,11.2,11.2,0.0,24,1.0,11.25,11.2,11.2,11.35
2025-04-28,16234,184447,11.3,11.4,11.3,11.4,0.2,11,1.0,11.3,11.4,11.3,11.4
2025-04-29,36285,415521,11.4,11.55,11.4,11.55,0.15,15,1.0,11.4,11.55,11.4,11.55
2025-04-30,22173,254847,11.2,11.65,11.2,11.65,0.1,16,1.0,11.2,11.65,11.2,11.65
2025-05-02,240902,2883293,11.65,12.0,11.65,11.95,0.3,54,1.0,11.65,11.95,11.65,12.0
2025-05-05,105199,1255844,11.95,12.0,11.75,11.9,-0.05,85,1.0,11.95,11.9,11.75,12.0
2025-05-06,32450,386363,11.9,12.0,11.75,11.95,0.05,33,1.0,11.9,11.95,11.75,12.0
2025-05-07,41574,496311,11.95,11.95,11.8,11.95,0.0,31,1.0,11.95,11.95,11.8,11.95
2025-05-08,5000,59800,11.95,12.0,11.95,12.0,0.05,4,1.0,11.95,12.0,11.95,12.0
2025-05-09,28300,338823,12.1,12.1,11.9,12.05,0.05,37,1.0,12.1,12.05,11.9,12.1
2025-05-12,40603,483105,12.0,12.0,11.85,11.9,-0.15,29,1.0,12.0,11.9,11.85,12.0
2025-05-13,64720,767574,12.0,12.0,11.8,11.85,-0.05,22,1.0,12.0,11.85,11.8,12.0
2025-05-14,28161,334179,11.9,11.95,11.85,11.95,0.1,94,1.0,11.9,11.95,11.85,11.95
2025-05-15,11000,130350,11.85,11.85,11.85,11.85,-0.1,5,1.0,11.85,11.85,11.85,11.85
2025-05-16,47177,562725,11.85,11.95,11.85,11.95,0.1,16,1.0,11.85,11.95,11.85,11.95
2025-05-19,5132,61266,11.9,12.0,11.9,12.0,0.05,8,1.0,11.9,12.0,11.9,12.0
2025-05-20,37719,449333,12.2,12.2,11.85,12.0,0.0,21,1.0,12.2,12.0,11.85,12.2
2025-05-21,28475,341040,12.0,12.0,11.9,11.9,-0.1,18,1.0,12.0,11.9,11.9,12.0
2025-05-22,37044,439810,11.85,11.9,11.85,11.9,0.0,17,1.0,11.85,11.9,11.85,11.9
2025-05-23,22341,266127,11.95,11.95,11.9,11.9,0.0,20,1.0,11.95,11.9,11.9,11.95
2025-05-26,25805,307268,11.9,12.0,11.9,12.0,0.1,19,1.0,11.9,12.0,11.9,12.0
2025-05-27,67003,801585,12.0,12.0,11.9,12.0,0.0,19,1.0,12.0,12.0,11.9,12.0
2025-05-28,116029,1398248,11.9,12.1,11.9,12.0,0.0,29,1.0,11.9,12.0,11.9,12.1
2025-05-29,38842,464889,11.9,12.0,11.9,12.0,0.0,23,1.0,11.9,12.0,11.9,12.0
2025-06-02,30000,357750,12.1,12.1,11.8,11.9,-0.1,10,1.0,12.1,11.9,11.8,12.1
2025-06-03,52481,623450,11.9,12.0,11.85,11.85,-0.05,35,1.0,11.9,11.85,11.85,12.0
2025-06-04,61075,730733,11.9,12.3,11.85,12.0,0.15,37,1.0,11.9,12.0,11.85,12.3
2025-06-05,23038,275297,11.85,12.0,11.85,12.0,0.0,10,1.0,11.85,12.0,11.85,12.0
2025-06-06,1600,18579,12.1,12.1,12.1,12.1,0.1,5,1.0,12.1,12.1,12.1,12.1
2025-06-09,34023,412223,12.25,12.25,11.9,11.95,-0.15,17,1.0,12.25,11.95,11.9,12.25
2025-06-10,44227,526192,11.85,11.95,11.85,11.95,0.0,30,1.0,11.85,11.95,11.85,11.95
2025-06-11,45208,541508,11.95,12.35,11.85,11.95,0.0,44,1.0,11.95,11.95,11.85,12.35
2025-06-12,23000,274300,11.95,11.95,11.9,11.9,-0.05,7,1.0,11.95,11.9,11.9,11.95
2025-06-13,45484,545585,11.9,12.2,11.9,12.0,0.1,34,1.0,11.9,12.0,11.9,12.2
2025-06-16,88000,1046000,12.0,12.0,11.8,12.0,0.0,31,1.0,12.0,12.0,11.8,12.0
2025-06-17,370506,4381059,12.15,12.15,11.8,12.0,0.0,62,1.0,12.15,12.0,11.8,12.15
2025-06-18,71289,857354,11.8,12.15,11.8,12.05,0.05,88,1.0,11.8,12.05,11.8,12.15
2025-06-19,25480,300912,11.8,11.9,11.8,11.9,-0.15,25,1.0,11.8,11.9,11.8,11.9
2025-06-20,30252,359443,11.95,11.95,11.85,11.85,-0.05,22,1.0,11.95,11.85,11.85,11.95
2025-06-23,12615,149146,11.9,11.95,11.8,11.95,0.1,22,1.0,11.9,11.95,11.8,11.95
2025-06-24,16077,191412,11.95,12.0,11.85,12.0,0.05,11,1.0,11.95,12.0,11.85,12.0
2025-06-25,13308,159406,11.95,12.0,11.9,11.95,-0.05,12,1.0,11.95,11.95,11.9,12.0
2025-06-26,42112,504075,11.95,12.1,11.9,12.0,0.05,24,1.0,11.95,12.0,11.9,12.1
2025-06-27,52731,632288,12.0,12.0,11.85,11.95,-0.05,27,1.0,12.0,11.95,11.85,12.0
2025-06-30,37000,443100,11.9,12.0,11.9,11.95,0.0,11,1.0,11.9,11.95,11.9,12.0
2025-07-01,161806,1912673,12.05,12.05,11.8,11.9,-0.05,47,1.0,12.05,11.9,11.8,12.05
2025-07-02,135367,1597714,11.9,11.9,11.8,11.85,-0.05,29,1.0,11.9,11.85,11.8,11.9
2025-07-03,77594,930990,11.95,12.05,11.8,12.0,0.15,105,1.0,11.95,12.0,11.8,12.05
2025-07-04,14000,167750,11.95,12.0,11.95,11.95,-0.05,6,1.0,11.95,11.95,11.95,12.0
2025-07-07,13345,158718,11.95,11.95,11.8,11.8,-0.15,6,1.0,11.95,11.8,11.8,11.95
2025-07-08,18028,214430,11.85,12.0,11.85,12.0,0.2,9,1.0,11.85,12.0,11.85,12.0
2025-07-09,30091,356626,11.85,11.9,11.85,11.85,-0.15,15,1.0,11.85,11.85,11.85,11.9
2025-07-10,476240,5470260,11.85,11.85,11.1,11.7,-0.15,56,1.0,11.85,11.7,11.1,11.85
2025-07-11,85245,999976,11.7,11.85,11.7,11.85,0.15,31,1.0,11.7,11.85,11.7,11.85
2025-07-14,23145,274196,11.85,11.85,11.8,11.8,-0.05,11,1.0,11.85,11.8,11.8,11.85
2025-07-15,40825,482949,11.8,11.85,11.8,11.85,0.05,17,1.0,11.8,11.85,11.8,11.85
2025-07-16,386632,4531599,11.85,11.85,11.5,11.75,-0.1,44,1.0,11.85,11.75,11.5,11.85
2025-07-17,334000,3895100,11.75,11.8,11.6,11.7,-0.05,26,1.0,11.75,11.7,11.6,11.8
2025-07-18,131585,1528568,11.7,11.7,11.6,11.65,-0.05,28,1.0,11.7,11.65,11.6,11.7
2025-07-21,23357,271156,11.65,11.7,11.55,11.7,0.05,20,1.0,11.65,11.7,11.55,11.7
2025-07-22,151375,1741202,11.7,11.7,11.4,11.4,-0.3,30,1.0,11.7,11.4,11.4,11.7
2025-07-23,435019,5004645,11.5,11.6,11.45,11.6,0.2,21,1.0,11.5,11.6,11.45,11.6
2025-07-24,5017,57883,11.55,11.75,11.55,11.75,0.15,10,1.0,11.55,11.75,11.55,11.75
2025-07-25,4029,46931,11.7,11.7,11.6,11.6,-0.15,6,1.0,11.7,11.6,11.6,11.7
2025-07-28,7646,87957,11.6,11.6,11.4,11.55,-0.05,13,1.0,11.6,11.55,11.4,11.6
2025-07-29,42197,491764,11.6,12.0,11.55,11.55,0.0,27,1.0,11.6,11.55,11.55,12.0
2025-07-30,8000,93300,11.7,11.7,11.65,11.65,0.1,6,1.0,11.7,11.65,11.65,11.7
2025-07-31,11934,138043,11.5,11.6,11.5,11.6,-0.05,16,1.0,11.5,11.6,11.5,11.6
2025-08-01,42184,487238,11.6,11.6,11.5,11.55,-0.05,16,1.0,11.6,11.55,11.5,11.6
2025-08-04,2484,28717,11.55,11.7,11.55,11.7,0.15,7,1.0,11.55,11.7,11.55,11.7
2025-08-05,55014,632561,11.5,11.55,11.45,11.5,-0.2,50,1.0,11.5,11.5,11.45,11.55
2025-08-06,7785,90277,11.5,11.65,11.5,11.65,0.15,10,1.0,11.5,11.65,11.5,11.65
2025-08-07,130052,1566412,11.8,12.5,11.65,11.65,0.0,83,1.0,11.8,11.65,11.65,12.5
2025-08-08,19200,221110,11.45,11.55,11.45,11.55,-0.1,12,1.0,11.45,11.55,11.45,11.55
2025-08-11,30799,358677,11.5,11.7,11.5,11.7,0.15,28,1.0,11.5,11.7,11.5,11.7
2025-08-12,13646,157990,11.6,11.6,11.55,11.6,-0.1,16,1.0,11.6,11.6,11.55,11.6
2025-08-13,9023,105016,11.6,11.7,11.6,11.7,0.1,9,1.0,11.6,11.7,11.6,11.7
2025-08-14,10811,126198,11.65,11.7,11.65,11.7,0.0,12,1.0,11.65,11.7,11.65,11.7
2025-08-15,16414,192741,11.7,11.8,11.7,11.8,0.1,14,1.0,11.7,11.8,11.7,11.8
2025-08-18,30252,355903,11.8,11.8,11.65,11.8,0.0,47,1.0,11.8,11.8,11.65,11.8
2025-08-19,24015,281732,11.6,11.85,11.55,11.6,-0.2,40,1.0,11.6,11.6,11.55,11.85
2025-08-20,200234,2266073,11.55,11.55,11.0,11.35,-0.25,54,1.0,11.55,11.35,11.0,11.55
2025-08-21,116438,1305466,11.35,11.45,11.1,11.35,0.0,55,1.0,11.35,11.35,11.1,11.45
2025-08-22,34161,389017,11.3,11.7,11.25,11.7,0.35,26,1.0,11.3,11.7,11.25,11.7
2025-08-25,9156,104929,11.65,11.65,11.45,11.45,-0.25,16,1.0,11.65,11.45,11.45,11.65
2025-08-26,8192,93534,11.35,11.45,11.35,11.4,-0.05,11,1.0,11.35,11.4,11.35,11.45
2025-08-27,27015,308921,11.45,11.45,11.3,11.45,0.05,13,1.0,11.45,11.45,11.3,11.45
2025-08-28,31868,361411,11.35,11.35,11.3,11.35,-0.1,23,1.0,11.35,11.35,11.3,11.35
2025-08-29,69076,771943,11.35,11.35,11.05,11.25,-0.1,67,1.0,11.35,11.25,11.05,11.35
2025-09-01,6007,67277,11.25,11.25,11.15,11.25,0.0,4,1.0,11.25,11.25,11.15,11.25
2025-09-02,105002,1156272,11.2,11.2,10.9,11.0,-0.25,36,1.0,11.2,11.0,10.9,11.2
2025-09-03,51370,564694,11.0,11.05,10.9,11.05,0.05,13,1.0,11.0,11.05,10.9,11.05
2025-09-04,13213,146200,11.1,11.1,11.0,11.1,0.05,12,1.0,11.1,11.1,11.0,11.1
2025-09-05,26610,291512,10.95,11.0,10.9,11.0,-0.1,37,1.0,10.95,11.0,10.9,11.0
2025-09-08,77253,838905,10.85,11.0,10.8,10.9,-0.1,31,1.0,10.85,10.9,10.8,11.0
2025-09-09,219147,2353816,10.75,10.8,10.7,10.8,-0.1,47,1.0,10.75,10.8,10.7,10.8
2025-09-10,75892,807319,10.6,10.75,10.55,10.7,-0.1,39,1.0,10.6,10.7,10.55,10.75
2025-09-11,57574,609652,10.65,10.75,10.55,10.75,0.05,28,1.0,10.65,10.75,10.55,10.75
2025-09-12,24976,263981,10.6,10.6,10.55,10.6,-0.15,20,1.0,10.6,10.6,10.55,10.6
2025-09-15,58253,628245,10.6,11.4,10.6,11.4,0.8,65,1.0,10.6,11.4,10.6,11.4
2025-09-16,7381,80309,10.85,10.9,10.85,10.9,-0.5,23,1.0,10.85,10.9,10.85,10.9
2025-09-17,4434,48037,10.85,10.9,10.75,10.75,-0.15,42,1.0,10.85,10.75,10.75,10.9
2025-09-18,25781,276426,10.75,10.8,10.65,10.7,-0.05,18,1.0,10.75,10.7,10.65,10.8
2025-09-19,38502,413525,10.65,11.1,10.6,11.1,0.4,26,1.0,10.65,11.1,10.6,11.1
2025-09-22,5627,60002,10.8,10.8,10.8,10.8,-0.3,11,1.0,10.8,10.8,10.8,10.8
2025-09-23,9621,104799,11.2,11.2,10.75,10.8,0.0,25,1.0,11.2,10.8,10.75,11.2
2025-09-24,5780,61829,10.75,10.8,10.65,10.8,0.0,11,1.0,10.75,10.8,10.65,10.8
2025-09-25,26507,285899,10.8,10.8,10.75,10.75,-0.05,13,1.0,10.8,10.75,10.75,10.8
2025-09-26,16000,170450,10.65,10.7,10.65,10.7,-0.05,12,1.0,10.65,10.7,10.65,10.7
2025-09-30,33376,355547,10.7,10.7,10.6,10.65,-0.05,24,1.0,10.7,10.65,10.6,10.7
2025-10-01,50000,526650,10.65,10.65,10.45,10.65,0.0,26,1.0,10.65,10.65,10.45,10.65
2025-10-02,20252,213854,10.6,10.65,10.55,10.65,0.0,21,1.0,10.6,10.65,10.55,10.65
2025-10-03,63445,667503,10.55,10.65,10.5,10.55,-0.1,21,1.0,10.55,10.55,10.5,10.65
2025-10-07,77458,813930,10.7,10.7,10.4,10.6,0.05,31,1.0,10.7,10.6,10.4,10.7
2025-10-08,59313,621162,10.4,10.6,10.4,10.5,-0.1,18,1.0,10.4,10.5,10.4,10.6
2025-10-09,31501,329704,10.4,10.5,10.4,10.5,0.0,22,1.0,10.4,10.5,10.4,10.5
2025-10-13,25669,269355,11.35,11.35,10.35,10.5,0.0,32,1.0,11.35,10.5,10.35,11.35
2025-10-14,66001,686060,10.45,10.45,10.35,10.35,-0.15,26,1.0,10.45,10.35,10.35,10.45
2025-10-15,24782,257790,10.45,10.45,10.35,10.4,0.05,27,1.0,10.45,10.4,10.35,10.45
2025-10-16,12201,127030,10.4,10.55,10.4,10.4,0.0,6,1.0,10.4,10.4,10.4,10.55
2025-10-17,29393,304917,10.4,10.4,10.3,10.35,-0.05,13,1.0,10.4,10.35,10.3,10.4
2025-10-20,4561,47178,10.35,10.35,10.35,10.35,0.0,6,1.0,10.35,10.35,10.35,10.35
2025-10-21,17432,180984,10.35,10.45,10.35,10.35,0.0,15,1.0,10.35,10.35,10.35,10.45
2025-10-22,40288,418980,10.4,10.4,10.4,10.4,0.05,8,1.0,10.4,10.4,10.4,10.4
2025-10-23,70793,734124,10.4,10.4,10.35,10.4,0.0,22,1.0,10.4,10.4,10.35,10.4
2025-10-27,50787,527790,10.4,10.4,10.35,10.4,0.0,27,1.0,10.4,10.4,10.35,10.4
2025-10-28,16093,166149,10.35,10.35,10.3,10.3,-0.1,24,1.0,10.35,10.3,10.3,10.35
2025-10-29,21801,225569,10.4,10.4,10.3,10.35,0.05,16,1.0,10.4,10.35,10.3,10.4
2025-10-30,26000,267900,10.35,10.35,10.3,10.35,0.0,9,1.0,10.35,10.35,10.3,10.35
2025-10-31,16843,171656,10.2,10.35,10.15,10.2,-0.15,16,1.0,10.2,10.2,10.15,10.35
2025-11-03,6516,66824,10.4,10.4,10.1,10.2,0.0,16,1.0,10.4,10.2,10.1,10.4
2025-11-04,3206,32800,10.2,10.3,10.2,10.3,0.1,6,1.0,10.2,10.3,10.2,10.3
2025-11-05,19401,193230,10.15,10.25,9.81,10.25,-0.05,11,1.0,10.15,10.25,9.81,10.25
2025-11-06,22200,225470,10.2,10.25,10.05,10.05,-0.2,10,1.0,10.2,10.05,10.05,10.25
2025-11-07,50453,508245,10.05,10.15,9.97,10.05,0.0,20,1.0,10.05,10.05,9.97,10.15
2025-11-10,9030,90401,9.91,10.05,9.91,10.05,0.0,13,1.0,9.91,10.05,9.91,10.05
2025-11-11,20309,203601,10.0,10.15,10.0,10.15,0.1,18,1.0,10.0,10.15,10.0,10.15
2025-11-12,4000,40450,10.1,10.15,10.1,10.1,-0.05,3,1.0,10.1,10.1,10.1,10.15
2025-11-13,9710,97120,10.0,10.05,9.99,10.05,-0.05,11,1.0,10.0,10.05,9.99,10.05
2025-11-14,7028,70380,10.05,10.05,10.0,10.0,-0.05,7,1.0,10.05,10.0,10.0,10.05
2025-11-17,4364,43684,10.0,10.1,9.99,9.99,-0.01,8,1.0,10.0,9.99,9.99,10.1
2025-11-18,4001,39800,9.94,10.0,9.86,9.99,0.0,5,1.0,9.94,9.99,9.86,10.0
2025-11-19,52010,520150,10.0,10.05,10.0,10.05,0.06,15,1.0,10.0,10.05,10.0,10.05
2025-11-20,1068,10719,10.05,10.05,10.05,10.05,0.0,2,1.0,10.05,10.05,10.05,10.05
2025-11-21,5316,53241,10.05,10.05,10.0,10.0,-0.05,6,1.0,10.05,10.0,10.0,10.05
2025-11-24,6135,61400,10.0,10.05,10.0,10.05,0.05,7,1.0,10.0,10.05,10.0,10.05
2025-11-25,217100,2171040,10.0,10.1,9.98,10.1,0.05,24,1.0,10.0,10.1,9.98,10.1
2025-11-26,13309,134303,10.0,10.15,10.0,10.15,0.05,13,1.0,10.0,10.15,10.0,10.15
2025-11-27,448,4152,,,,,0.0,2,1.0,,,,
2025-11-28,6580,66486,10.05,10.15,10.05,10.15,0.0,7,1.0,10.05,10.15,10.05,10.15
2025-12-01,3728,37669,10.15,10.15,10.1,10.1,-0.05,23,1.0,10.15,10.1,10.1,10.15
2025-12-02,11706,117961,10.25,10.3,10.0,10.3,0.2,15,1.0,10.25,10.3,10.0,10.3
2025-12-03,46138,462204,10.0,10.15,9.95,10.15,-0.15,31,1.0,10.0,10.15,9.95,10.15
2025-12-04,4000,40500,10.1,10.15,10.1,10.15,0.0,3,1.0,10.1,10.15,10.1,10.15
2025-12-05,4147,41874,10.1,10.1,10.1,10.1,-0.05,6,1.0,10.1,10.1,10.1,10.1
2025-12-08,10000,100700,10.05,10.15,10.05,10.15,0.05,3,1.0,10.05,10.15,10.05,10.15
2025-12-09,3585,36134,10.05,10.1,10.05,10.1,-0.05,6,1.0,10.05,10.1,10.05,10.1
2025-12-10,21902,219346,10.0,10.1,10.0,10.1,0.0,21,1.0,10.0,10.1,10.0,10.1
2025-12-11,3338,33378,10.05,10.05,10.05,10.05,-0.05,31,1.0,10.05,10.05,10.05,10.05
2025-12-12,13000,129360,10.0,10.0,9.86,10.0,-0.05,6,1.0,10.0,10.0,9.86,10.0
2025-12-15,52226,517890,9.9,10.05,9.9,10.05,0.05,16,1.0,9.9,10.05,9.9,10.05
2025-12-16,30393,301288,9.9,10.0,9.9,9.94,-0.11,26,1.0,9.9,9.94,9.9,10.0
2025-12-17,7000,70080,10.05,10.05,9.99,9.99,0.05,6,1.0,10.05,9.99,9.99,10.05
2025-12-18,30920,309574,10.0,10.25,9.99,10.25,0.26,10,1.0,10.0,10.25,9.99,10.25
2025-12-19,204279,2042939,10.0,10.3,9.97,10.0,-0.25,55,1.0,10.0,10.0,9.97,10.3
2025-12-22,32114,321135,10.0,10.0,10.0,10.0,0.0,11,1.0,10.0,10.0,10.0,10.0
2025-12-23,6130,61399,10.0,10.05,10.0,10.0,0.0,8,1.0,10.0,10.0,10.0,10.05
2025-12-24,6024,60118,9.98,9.98,9.98,9.98,-0.02,2,1.0,9.98,9.98,9.98,9.98
2025-12-26,10556,106636,10.2,10.2,10.0,10.0,0.02,10,1.0,10.2,10.0,10.0,10.2
2025-12-29,10201,102208,10.05,10.05,10.0,10.05,0.05,8,1.0,10.05,10.05,10.0,10.05
2025-12-30,7086,70731,9.97,9.99,9.97,9.98,-0.07,4,1.0,9.97,9.98,9.97,9.99
2025-12-31,15591,155745,9.98,10.0,9.93,10.0,0.02,12,1.0,9.98,10.0,9.93,10.0
2026-01-02,2000,20100,10.05,10.05,10.05,10.05,0.05,2,1.0,10.05,10.05,10.05,10.05
2026-01-05,35131,340786,9.7,10.05,9.5,10.0,-0.05,26,1.0,9.7,10.0,9.5,10.05
2026-01-06,18689,185173,9.97,9.97,9.71,9.75,-0.25,25,1.0,9.97,9.75,9.71,9.97
2026-01-07,3600,35934,10.35,10.35,9.88,9.88,0.13,6,1.0,10.35,9.88,9.88,10.35
2026-01-08,12460,121863,9.6,9.97,9.6,9.97,0.09,23,1.0,9.6,9.97,9.6,9.97
2026-01-09,10673,106208,9.98,10.0,9.77,9.98,0.01,15,1.0,9.98,9.98,9.77,10.0
2026-01-12,112268,1094147,9.65,9.94,9.65,9.94,-0.04,50,1.0,9.65,9.94,9.65,9.94
2026-01-13,32136,313093,9.69,9.89,9.69,9.89,-0.05,21,1.0,9.69,9.89,9.69,9.89
2026-01-14,17693,175152,9.97,9.99,9.89,9.9,0.01,23,1.0,9.97,9.9,9.89,9.99
2026-01-15,12262,120911,9.91,9.92,9.81,9.92,0.02,16,1.0,9.91,9.92,9.81,9.92
2026-01-16,32374,318211,9.79,9.96,9.75,9.95,0.03,22,1.0,9.79,9.95,9.75,9.96
2026-01-19,80914,794213,9.75,9.99,9.74,9.95,0.0,23,1.0,9.75,9.95,9.74,9.99
2026-01-20,10028,99346,9.91,9.91,9.9,9.9,-0.05,6,1.0,9.91,9.9,9.9,9.91
2026-01-21,14515,142482,9.9,10.0,9.79,9.8,-0.1,22,1.0,9.9,9.8,9.79,10.0
2026-01-22,26784,264688,9.87,10.05,9.85,10.05,0.25,20,1.0,9.87,10.05,9.85,10.05
2026-01-23,173102,1686368,9.95,9.99,9.7,9.79,-0.26,74,1.0,9.95,9.79,9.7,9.99
2026-01-26,182839,1794265,9.71,9.89,9.71,9.88,0.09,60,1.0,9.71,9.88,9.71,9.89
2026-01-27,36216,357044,9.84,9.92,9.84,9.92,0.04,16,1.0,9.84,9.92,9.84,9.92
2026-01-28,64589,647389,10.0,10.05,9.85,9.95,0.03,28,1.0,10.0,9.95,9.85,10.05
2026-01-29,9655,99589,10.4,10.4,10.1,10.1,0.15,11,1.0,10.4,10.1,10.1,10.4
2026-01-30,10528,103436,9.8,9.99,9.8,9.99,-0.11,9,1.0,9.8,9.99,9.8,9.99
2026-02-02,7000,69830,9.99,9.99,9.89,9.89,-0.1,3,1.0,9.99,9.89,9.89,9.99
2026-02-03,9124,89949,9.89,9.91,9.8,9.8,-0.09,13,1.0,9.89,9.8,9.8,9.91
2026-02-04,9050,89390,9.8,9.98,9.8,9.98,0.18,7,1.0,9.8,9.98,9.8,9.98
2026-02-05,3100,30800,9.93,9.94,9.93,9.94,-0.04,3,1.0,9.93,9.94,9.93,9.94
2026-02-06,3639,35871,9.94,9.94,9.68,9.8,-0.14,9,1.0,9.94,9.8,9.68,9.94
2026-02-09,15612,154409,9.8,10.3,9.8,9.8,0.0,21,1.0,9.8,9.8,9.8,10.3
2026-02-10,13095,129142,9.5,10.1,9.5,10.05,0.25,33,1.0,9.5,10.05,9.5,10.1
2026-02-11,15638,155820,9.71,10.05,9.71,10.05,0.0,20,1.0,9.71,10.05,9.71,10.05
2026-02-23,28830,287557,9.73,10.15,9.73,10.1,0.05,33,1.0,9.73,10.1,9.73,10.15
2026-02-24,30526,302240,10.05,10.05,9.82,9.97,-0.13,31,1.0,10.05,9.97,9.82,10.05
2026-02-25,32788,326957,9.89,10.15,9.85,10.15,0.18,27,1.0,9.89,10.15,9.85,10.15
2026-02-26,10679,106745,10.15,10.15,9.97,10.0,-0.15,15,1.0,10.15,10.0,9.97,10.15
2026-03-02,20130,203205,10.35,10.35,9.98,9.99,-0.01,16,1.0,10.35,9.99,9.98,10.35
2026-03-03,27504,275282,9.91,10.1,9.91,10.0,0.01,31,1.0,9.91,10.0,9.91,10.1
2026-03-04,24100,237650,10.0,10.0,9.64,9.76,-0.24,19,1.0,10.0,9.76,9.64,10.0
2026-03-05,30447,297370,9.78,9.78,9.76,9.78,0.02,33,1.0,9.78,9.78,9.76,9.78
2026-03-06,9156,89632,9.78,9.8,9.78,9.8,0.02,11,1.0,9.78,9.8,9.78,9.8
2026-03-09,17478,165969,9.45,9.75,9.45,9.75,-0.05,22,1.0,9.45,9.75,9.45,9.75
2026-03-10,5394,52530,9.57,9.89,9.57,9.89,0.14,9,1.0,9.57,9.89,9.57,9.89
2026-03-11,232316,2200763,9.45,9.73,9.44,9.73,-0.16,64,1.0,9.45,9.73,9.44,9.73
2026-03-12,49217,472645,9.58,9.69,9.58,9.58,-0.15,29,1.0,9.58,9.58,9.58,9.69
2026-03-13,47705,457390,9.6,9.6,9.58,9.59,0.01,29,1.0,9.6,9.59,9.58,9.6
2026-03-16,15077,145073,9.64,9.64,9.61,9.62,0.03,16,1.0,9.64,9.62,9.61,9.64
2026-03-17,27523,264800,9.63,9.69,9.62,9.67,0.05,28,1.0,9.63,9.67,9.62,9.69
2026-03-18,44381,429878,10.05,10.05,9.57,9.59,-0.08,34,1.0,10.05,9.59,9.57,10.05
2026-03-19,14196,136391,9.61,9.62,9.61,9.61,0.02,22,1.0,9.61,9.61,9.61,9.62
2026-03-20,9370,91066,9.98,9.98,9.68,9.72,0.11,10,1.0,9.98,9.72,9.68,9.98
2026-03-23,45750,439772,9.32,9.95,9.32,9.6,-0.12,23,1.0,9.32,9.6,9.32,9.95
2026-03-24,14451,138322,9.55,9.68,9.52,9.67,0.07,16,1.0,9.55,9.67,9.52,9.68
2026-03-25,32151,317481,10.0,10.0,9.65,9.68,0.01,21,1.0,10.0,9.68,9.65,10.0
2026-03-26,3271,32286,9.96,9.96,9.84,9.84,0.16,8,1.0,9.96,9.84,9.84,9.96
2026-03-27,22000,216170,9.82,9.84,9.82,9.82,-0.02,10,1.0,9.82,9.82,9.82,9.84
2026-03-30,20035,194558,9.71,9.73,9.64,9.73,-0.09,28,1.0,9.71,9.73,9.64,9.73
2026-03-31,13000,123870,9.43,9.74,9.42,9.7,-0.03,6,1.0,9.43,9.7,9.42,9.74
2026-04-01,34652,339975,9.7,9.88,9.68,9.84,0.14,22,1.0,9.7,9.84,9.68,9.88
2026-04-02,15187,149054,9.84,9.84,9.8,9.83,-0.01,11,1.0,9.84,9.83,9.8,9.84
2026-04-07,10361,101408,9.83,9.93,9.55,9.93,0.1,9,1.0,9.83,9.93,9.55,9.93
2026-04-08,7301,72423,9.93,9.93,9.91,9.92,-0.01,10,1.0,9.93,9.92,9.91,9.93
2026-04-09,38020,372767,9.92,9.93,9.7,9.93,0.01,19,1.0,9.92,9.93,9.7,9.93
2026-04-10,8892,87682,9.9,9.9,9.87,9.87,-0.06,11,1.0,9.9,9.87,9.87,9.9
2026-04-13,16286,158403,9.71,9.81,9.7,9.81,-0.06,22,1.0,9.71,9.81,9.7,9.81
2026-04-14,33537,327507,9.7,9.83,9.7,9.81,0.0,62,1.0,9.7,9.81,9.7,9.83
2026-04-15,14232,138650,9.81,9.85,9.75,9.83,0.02,51,1.0,9.81,9.83,9.75,9.85
2026-04-16,37511,365894,9.85,9.92,9.42,9.85,0.02,41,1.0,9.85,9.85,9.42,9.92
2026-04-17,18457,181182,9.7,9.85,9.7,9.85,0.0,26,1.0,9.7,9.85,9.7,9.85
2026-04-20,30777,300214,9.71,9.79,9.71,9.77,-0.08,28,1.0,9.71,9.77,9.71,9.79
2026-04-21,36964,361231,9.79,9.8,9.74,9.79,0.02,31,1.0,9.79,9.79,9.74,9.8
2026-04-22,20921,203688,9.8,9.8,9.7,9.75,-0.04,18,1.0,9.8,9.75,9.7,9.8
2026-04-23,12941,125199,9.66,9.74,9.65,9.65,-0.1,14,1.0,9.66,9.65,9.65,9.74
2026-04-24,21483,208328,9.68,9.78,9.6,9.75,0.1,16,1.0,9.68,9.75,9.6,9.78
2026-04-27,886,8076,,,,,0.0,6,1.0,,,,
2026-04-28,14103,136422,9.75,9.75,9.61,9.69,0.0,11,1.0,9.75,9.69,9.61,9.75
2026-04-29,22610,215432,9.74,9.74,9.4,9.5,-0.19,26,1.0,9.74,9.5,9.4,9.74
2026-04-30,15929,151846,9.57,9.57,9.52,9.53,0.03,16,1.0,9.57,9.53,9.52,9.57
2026-05-04,45194,431823,9.57,9.6,9.53,9.55,0.02,27,1.0,9.57,9.55,9.53,9.6
2026-05-05,23310,222596,9.53,9.6,9.53,9.55,0.0,33,1.0,9.53,9.55,9.53,9.6
2026-05-06,54351,522524,9.61,9.66,9.5,9.65,0.1,30,1.0,9.61,9.65,9.5,9.66
2026-05-07,5101,49209,9.65,9.65,9.64,9.64,-0.01,5,1.0,9.65,9.64,9.64,9.65
2026-05-08,12800,122122,9.68,9.68,9.44,9.65,0.01,16,1.0,9.68,9.65,9.44,9.68
2026-05-11,17220,164509,9.5,9.64,9.5,9.63,-0.02,20,1.0,9.5,9.63,9.5,9.64
2026-05-12,65223,619824,9.63,9.63,9.31,9.45,-0.18,37,1.0,9.63,9.45,9.31,9.63
