Date,Capacity,Turnover,Open,High,Low,Close,Change,Transaction,AdjFactor,Open_adj,Close_adj,Low_adj,High_adj
2020-05-04,30025,511220,17.0,17.1,17.0,17.0,0.0,16,0.7495016777124679,12.7415,12.7415,12.7415,12.8165
2020-05-05,27001,462667,17.2,17.2,17.0,17.15,0.15,17,0.7495016777124679,12.8914,12.854,12.7415,12.8914
2020-05-06,18000,308750,17.15,17.2,17.15,17.15,0.0,8,0.7495016777124679,12.854,12.854,12.854,12.8914
2020-05-07,35000,600550,17.1,17.2,17.0,17.2,0.05,19,0.7495016777124679,12.8165,12.8914,12.7415,12.8914
2020-05-08,48000,816850,17.3,17.3,16.9,16.9,-0.3,26,0.7495016777124679,12.9664,12.6666,12.6666,12.9664
2020-05-11,10000,171150,17.3,17.3,17.0,17.15,0.25,9,0.7495016777124679,12.9664,12.854,12.7415,12.9664
2020-05-12,26100,441290,17.15,17.15,16.6,16.75,-0.4,20,0.7495016777124679,12.854,12.5542,12.4417,12.854
2020-05-13,23000,392550,16.75,17.4,16.75,17.15,0.4,18,0.7495016777124679,12.5542,12.854,12.5542,13.0413
2020-05-14,37000,629150,17.0,17.1,16.95,17.05,-0.1,17,0.7495016777124679,12.7415,12.779,12.7041,12.8165
2020-05-15,10001,171417,17.05,17.15,17.05,17.15,0.1,6,0.7495016777124679,12.779,12.854,12.779,12.854
2020-05-18,8000,135750,16.95,17.05,16.95,17.0,-0.15,5,0.7495016777124679,12.7041,12.7415,12.7041,12.779
2020-05-19,11000,188800,17.15,17.3,17.05,17.15,0.15,9,0.7495016777124679,12.854,12.854,12.779,12.9664
2020-05-20,12000,204050,17.05,17.05,16.95,17.0,-0.15,10,0.7495016777124679,12.779,12.7415,12.7041,12.779
2020-05-21,8000,136000,17.1,17.1,16.9,16.9,-0.1,5,0.7495016777124679,12.8165,12.6666,12.6666,12.8165
2020-05-22,149000,2458050,16.9,17.0,15.75,16.4,-0.5,82,0.7495016777124679,12.6666,12.2918,11.8047,12.7415
2020-05-25,42000,706700,16.5,17.0,16.5,17.0,0.6,21,0.7495016777124679,12.3668,12.7415,12.3668,12.7415
2020-05-26,9000,153300,16.95,17.2,16.95,17.0,0.0,9,0.7495016777124679,12.7041,12.7415,12.7041,12.8914
2020-05-27,13000,222650,17.1,17.25,16.95,16.95,-0.05,8,0.7495016777124679,12.8165,12.7041,12.7041,12.9289
2020-05-28,4265,72501,17.2,17.2,16.95,16.95,0.0,5,0.7495016777124679,12.8914,12.7041,12.7041,12.8914
2020-05-29,21100,361860,17.1,17.3,17.0,17.3,0.35,15,0.7495016777124679,12.8165,12.9664,12.7415,12.9664
2020-06-01,125000,2236500,19.0,19.0,17.5,17.65,0.35,70,0.7495016777124679,14.2405,13.2287,13.1163,14.2405
2020-06-02,33000,587650,17.75,18.05,17.6,17.85,0.2,21,0.7495016777124679,13.3037,13.3786,13.1912,13.5285
2020-06-03,44000,785250,17.7,18.35,17.7,17.9,0.05,26,0.7495016777124679,13.2662,13.4161,13.2662,13.7534
2020-06-04,114000,2001750,18.35,18.35,17.4,17.45,-0.45,45,0.7495016777124679,13.7534,13.0788,13.0413,13.7534
2020-06-05,22000,386600,17.55,17.85,17.45,17.8,0.35,15,0.7495016777124679,13.1538,13.3411,13.0788,13.3786
2020-06-08,60000,1028550,17.4,17.4,17.0,17.1,-0.7,38,0.7495016777124679,13.0413,12.8165,12.7415,13.0413
2020-06-09,30035,520009,17.1,17.6,17.1,17.6,0.5,21,0.7495016777124679,12.8165,13.1912,12.8165,13.1912
2020-06-10,54000,920200,17.2,17.35,16.95,17.35,-0.25,26,0.7495016777124679,12.8914,13.0039,12.7041,13.0039
2020-06-11,34000,583700,17.4,17.9,16.95,17.05,-0.3,20,0.7495016777124679,13.0413,12.779,12.7041,13.4161
2020-06-12,11001,187517,17.4,17.4,16.95,17.1,0.05,10,0.7495016777124679,13.0413,12.8165,12.7041,13.0413
2020-06-15,22000,381500,17.25,17.75,17.1,17.1,0.0,20,0.7495016777124679,12.9289,12.8165,12.8165,13.3037
2020-06-16,1000,17150,17.15,17.15,17.15,17.15,0.05,1,0.7495016777124679,12.854,12.854,12.854,12.854
2020-06-17,5100,86865,17.0,17.15,17.0,17.15,0.0,5,0.7495016777124679,12.7415,12.854,12.7415,12.854
2020-06-18,7000,119600,17.15,17.3,17.0,17.1,-0.05,6,0.7495016777124679,12.854,12.8165,12.7415,12.9664
2020-06-19,18000,306400,16.9,17.1,16.8,17.1,0.0,11,0.7495016777124679,12.6666,12.8165,12.5916,12.8165
2020-06-22,8000,136000,17.0,17.05,16.95,17.0,-0.1,7,0.7495016777124679,12.7415,12.7415,12.7041,12.779
2020-06-23,26000,438450,17.0,17.0,16.8,16.9,-0.1,13,0.7495016777124679,12.7415,12.6666,12.5916,12.7415
2020-06-24,4000,67500,16.9,16.9,16.8,16.8,-0.1,2,0.7495016777124679,12.6666,12.5916,12.5916,12.6666
2020-06-29,9000,150800,16.8,16.8,16.7,16.8,0.0,8,0.7495016777124679,12.5916,12.5916,12.5167,12.5916
2020-06-30,31800,543290,16.7,17.6,16.7,17.15,0.35,24,0.7495016777124679,12.5167,12.854,12.5167,13.1912
2020-07-01,35057,606938,17.25,17.65,17.0,17.2,0.05,27,0.7495016777124679,12.9289,12.8914,12.7415,13.2287
2020-07-02,37000,633100,17.35,17.4,17.05,17.2,0.0,30,0.7495016777124679,13.0039,12.8914,12.779,13.0413
2020-07-03,71000,1230500,17.35,17.65,17.15,17.4,0.2,40,0.7495016777124679,13.0039,13.0413,12.854,13.2287
2020-07-06,248000,4385950,17.65,17.95,17.3,17.8,0.4,141,0.7495016777124679,13.2287,13.3411,12.9664,13.4536
2020-07-07,102000,1796800,17.9,17.9,17.45,17.5,-0.3,41,0.7495016777124679,13.4161,13.1163,13.0788,13.4161
2020-07-08,60300,1040895,17.7,17.75,17.2,17.25,-0.25,30,0.7495016777124679,13.2662,12.9289,12.8914,13.3037
2020-07-09,74000,1277400,17.4,17.55,17.0,17.3,0.05,42,0.7495016777124679,13.0413,12.9664,12.7415,13.1538
2020-07-10,30000,519700,17.4,17.5,17.0,17.2,-0.1,22,0.7495016777124679,13.0413,12.8914,12.7415,13.1163
2020-07-13,12000,206000,17.05,17.3,17.05,17.3,0.1,9,0.7495016777124679,12.779,12.9664,12.779,12.9664
2020-07-14,22000,374250,17.1,17.1,17.0,17.0,-0.3,9,0.7495016777124679,12.8165,12.7415,12.7415,12.8165
2020-07-15,8001,137367,17.0,17.3,17.0,17.25,0.25,9,0.7495016777124679,12.7415,12.9289,12.7415,12.9664
2020-07-16,25000,427050,17.25,17.25,17.0,17.05,-0.2,17,0.7495016777124679,12.9289,12.779,12.7415,12.9289
2020-07-17,17000,289150,17.05,17.05,16.95,16.95,-0.1,11,0.7495016777124679,12.779,12.7041,12.7041,12.779
2020-07-20,18000,301400,16.85,17.05,16.4,17.05,0.1,14,0.7495016777124679,12.6291,12.779,12.2918,12.779
2020-07-21,11000,188400,17.0,17.3,17.0,17.2,0.15,10,0.7495016777124679,12.7415,12.8914,12.7415,12.9664
2020-07-22,2000,34200,17.1,17.1,17.1,17.1,-0.1,2,0.7495016777124679,12.8165,12.8165,12.8165,12.8165
2020-07-23,21000,355850,17.0,17.0,16.85,16.95,-0.15,17,0.7495016777124679,12.7415,12.7041,12.6291,12.7415
2020-07-24,20000,333950,16.9,16.9,16.6,16.75,-0.2,14,0.7495016777124679,12.6666,12.5542,12.4417,12.6666
2020-07-27,5858,99036,16.7,17.2,16.7,17.2,0.45,6,0.7495016777124679,12.5167,12.8914,12.5167,12.8914
2020-07-28,43057,713646,16.55,16.95,16.4,16.75,-0.45,35,0.7495016777124679,12.4043,12.5542,12.2918,12.7041
2020-07-29,21000,352000,16.7,16.95,16.6,16.75,0.0,14,0.7495016777124679,12.5167,12.5542,12.4417,12.7041
2020-07-30,16000,272050,16.95,17.3,16.8,16.85,0.1,12,0.7495016777124679,12.7041,12.6291,12.5916,12.9664
2020-07-31,11000,184450,17.1,17.1,16.65,16.85,0.0,10,0.7495016777124679,12.8165,12.6291,12.4792,12.8165
2020-08-03,6000,100650,16.85,16.85,16.7,16.85,0.0,6,0.7495016777124679,12.6291,12.6291,12.5167,12.6291
2020-08-04,21000,349950,16.7,16.75,16.55,16.7,-0.15,16,0.7495016777124679,12.5167,12.5167,12.4043,12.5542
2020-08-05,4000,67100,16.75,16.85,16.75,16.85,0.15,4,0.7495016777124679,12.5542,12.6291,12.5542,12.6291
2020-08-06,9000,150450,16.65,16.75,16.65,16.75,-0.1,6,0.7495016777124679,12.4792,12.5542,12.4792,12.5542
2020-08-07,11055,186440,16.75,17.0,16.75,16.95,0.2,12,0.7495016777124679,12.5542,12.7041,12.5542,12.7415
2020-08-10,31000,516250,16.9,16.9,16.5,16.75,-0.2,16,0.7495016777124679,12.6666,12.5542,12.3668,12.6666
2020-08-11,11001,183218,16.6,16.7,16.6,16.7,-0.05,5,0.7495016777124679,12.4417,12.5167,12.4417,12.5167
2020-08-12,2000,33400,16.7,16.7,16.7,16.7,0.0,2,0.7495016777124679,12.5167,12.5167,12.5167,12.5167
2020-08-13,12000,203950,16.7,17.15,16.7,17.05,0.35,7,0.7495016777124679,12.5167,12.779,12.5167,12.854
2020-08-14,1000,17000,17.0,17.0,17.0,17.0,-0.05,1,0.7495016777124679,12.7415,12.7415,12.7415,12.7415
2020-08-17,11010,186671,16.95,17.0,16.95,17.0,0.0,10,0.7495016777124679,12.7041,12.7415,12.7041,12.7415
2020-08-18,1000,17000,17.0,17.0,17.0,17.0,0.0,1,0.7495016777124679,12.7415,12.7415,12.7415,12.7415
2020-08-19,178000,2940600,16.6,16.85,16.45,16.8,-0.2,22,0.7495016777124679,12.4417,12.5916,12.3293,12.6291
2020-08-20,34000,567700,16.95,16.95,16.5,16.8,0.0,19,0.7495016777124679,12.7041,12.5916,12.3668,12.7041
2020-08-21,19000,318500,16.6,17.0,16.55,16.85,0.05,18,0.7495016777124679,12.4417,12.6291,12.4043,12.7415
2020-08-24,4000,67700,16.95,16.95,16.9,16.9,0.05,4,0.7495016777124679,12.7041,12.6666,12.6666,12.7041
2020-08-25,8000,134600,16.85,16.9,16.8,16.9,0.0,7,0.7495016777124679,12.6291,12.6666,12.5916,12.6666
2020-08-26,7000,117900,16.8,16.95,16.8,16.95,0.05,3,0.7495016777124679,12.5916,12.7041,12.5916,12.7041
2020-08-27,13000,217100,16.95,16.95,16.6,16.65,-0.3,11,0.7495016777124679,12.7041,12.4792,12.4417,12.7041
2020-08-28,25000,420150,16.65,17.0,16.65,16.85,0.2,10,0.7495016777124679,12.4792,12.6291,12.4792,12.7415
2020-08-31,89000,1487150,17.0,17.0,16.5,16.6,-0.25,49,0.7495016777124679,12.7415,12.4417,12.3668,12.7415
2020-09-01,67000,1112550,16.65,16.7,16.5,16.65,0.05,39,0.7495016777124679,12.4792,12.4792,12.3668,12.5167
2020-09-02,92000,1525400,16.65,16.7,16.45,16.55,-0.1,60,0.7495016777124679,12.4792,12.4043,12.3293,12.5167
2020-09-03,59000,929650,15.85,15.85,15.65,15.7,0.0,36,0.7900797940217418,12.5228,12.4043,12.3647,12.5228
2020-09-04,4000,62900,15.7,15.8,15.65,15.75,0.05,4,0.7900797940217418,12.4043,12.4438,12.3647,12.4833
2020-09-07,3000,47300,15.6,15.95,15.6,15.75,0.0,3,0.7900797940217418,12.3252,12.4438,12.3252,12.6018
2020-09-08,19106,299042,15.75,15.75,15.6,15.6,-0.15,12,0.7900797940217418,12.4438,12.3252,12.3252,12.4438
2020-09-09,9282,144598,15.55,15.7,15.55,15.6,0.0,11,0.7900797940217418,12.2857,12.3252,12.2857,12.4043
2020-09-10,4001,62315,15.6,15.6,15.55,15.55,-0.05,5,0.7900797940217418,12.3252,12.2857,12.2857,12.3252
2020-09-11,5000,78550,15.7,15.8,15.6,15.6,0.05,4,0.7900797940217418,12.4043,12.3252,12.3252,12.4833
2020-09-14,29000,453550,15.75,15.75,15.55,15.65,0.05,13,0.7900797940217418,12.4438,12.3647,12.2857,12.4438
2020-09-15,4101,64130,15.6,15.65,15.6,15.65,0.0,5,0.7900797940217418,12.3252,12.3647,12.3252,12.3647
2020-09-16,13000,203600,15.65,15.7,15.5,15.7,0.05,10,0.7900797940217418,12.3647,12.4043,12.2462,12.4043
2020-09-17,6000,94200,15.65,15.75,15.65,15.75,0.05,4,0.7900797940217418,12.3647,12.4438,12.3647,12.4438
2020-09-18,18000,282000,15.6,15.8,15.55,15.7,-0.05,17,0.7900797940217418,12.3252,12.4043,12.2857,12.4833
2020-09-21,12000,187450,15.7,15.7,15.5,15.5,-0.2,8,0.7900797940217418,12.4043,12.2462,12.2462,12.4043
2020-09-22,9000,139700,15.6,15.6,15.35,15.55,0.05,6,0.7900797940217418,12.3252,12.2857,12.1277,12.3252
2020-09-23,10000,155850,15.6,15.7,15.55,15.55,0.0,8,0.7900797940217418,12.3252,12.2857,12.2857,12.4043
2020-09-24,8000,124450,15.75,15.75,15.35,15.55,0.0,8,0.7900797940217418,12.4438,12.2857,12.1277,12.4438
2020-09-25,95000,1463600,15.7,15.7,15.3,15.35,-0.2,29,0.7900797940217418,12.4043,12.1277,12.0882,12.4043
2020-09-28,23000,356300,15.3,15.75,15.3,15.5,0.15,11,0.7900797940217418,12.0882,12.2462,12.0882,12.4438
2020-09-29,14000,218200,15.55,15.65,15.55,15.55,0.05,13,0.7900797940217418,12.2857,12.2857,12.2857,12.3647
2020-09-30,11000,170800,15.75,15.75,15.3,15.6,0.05,9,0.7900797940217418,12.4438,12.3252,12.0882,12.4438
2020-10-05,7000,109600,15.7,15.7,15.6,15.7,0.1,6,0.7900797940217418,12.4043,12.4043,12.3252,12.4043
2020-10-06,8000,125600,15.6,15.75,15.6,15.75,0.05,6,0.7900797940217418,12.3252,12.4438,12.3252,12.4438
2020-10-07,11000,172950,15.6,15.75,15.6,15.75,0.0,9,0.7900797940217418,12.3252,12.4438,12.3252,12.4438
2020-10-08,8000,128050,16.6,16.6,15.8,16.0,0.25,8,0.7900797940217418,13.1153,12.6413,12.4833,13.1153
2020-10-12,4002,64432,16.1,16.1,16.1,16.1,0.1,2,0.7900797940217418,12.7203,12.7203,12.7203,12.7203
2020-10-13,34000,531600,15.7,15.75,15.6,15.65,-0.45,9,0.7900797940217418,12.4043,12.3647,12.3252,12.4438
2020-10-14,5000,78000,15.55,15.7,15.55,15.65,0.0,5,0.7900797940217418,12.2857,12.3647,12.2857,12.4043
2020-10-15,16000,248700,15.65,15.65,15.5,15.5,-0.15,7,0.7900797940217418,12.3647,12.2462,12.2462,12.3647
2020-10-16,28000,436750,15.65,16.0,15.5,15.5,0.0,19,0.7900797940217418,12.3647,12.2462,12.2462,12.6413
2020-10-19,21000,326350,15.55,15.55,15.5,15.5,0.0,9,0.7900797940217418,12.2857,12.2462,12.2462,12.2857
2020-10-20,7000,108500,15.5,15.5,15.5,15.5,0.0,5,0.7900797940217418,12.2462,12.2462,12.2462,12.2462
2020-10-21,4000,62250,15.6,15.6,15.55,15.55,0.05,4,0.7900797940217418,12.3252,12.2857,12.2857,12.3252
2020-10-22,9000,139500,15.5,15.5,15.5,15.5,-0.05,7,0.7900797940217418,12.2462,12.2462,12.2462,12.2462
2020-10-23,5000,77400,15.45,15.5,15.45,15.5,0.0,5,0.7900797940217418,12.2067,12.2462,12.2067,12.2462
2020-10-26,10001,155214,15.5,15.6,15.5,15.6,0.1,8,0.7900797940217418,12.2462,12.3252,12.2462,12.3252
2020-10-27,2000,31050,15.5,15.55,15.5,15.55,-0.05,2,0.7900797940217418,12.2462,12.2857,12.2462,12.2857
2020-10-28,12119,188934,15.55,15.6,15.55,15.6,0.05,7,0.7900797940217418,12.2857,12.3252,12.2857,12.3252
2020-10-29,10000,155250,15.5,15.6,15.5,15.5,-0.1,7,0.7900797940217418,12.2462,12.2462,12.2462,12.3252
2020-10-30,41000,641450,15.55,16.0,15.5,15.5,0.0,20,0.7900797940217418,12.2857,12.2462,12.2462,12.6413
2020-11-02,7000,107800,15.45,15.45,15.25,15.45,-0.05,7,0.7900797940217418,12.2067,12.2067,12.0487,12.2067
2020-11-03,7000,109850,15.65,15.8,15.6,15.6,0.15,7,0.7900797940217418,12.3647,12.3252,12.3252,12.4833
2020-11-04,13000,204300,15.75,16.0,15.6,15.65,0.05,12,0.7900797940217418,12.4438,12.3647,12.3252,12.6413
2020-11-05,8000,125300,15.75,15.75,15.55,15.55,-0.1,8,0.7900797940217418,12.4438,12.2857,12.2857,12.4438
2020-11-06,20000,310150,15.5,15.55,15.5,15.55,0.0,4,0.7900797940217418,12.2462,12.2857,12.2462,12.2857
2020-11-09,57001,900665,15.55,16.0,15.55,15.9,0.35,33,0.7900797940217418,12.2857,12.5623,12.2857,12.6413
2020-11-10,4002,64030,16.2,16.2,15.85,15.85,-0.05,6,0.7900797940217418,12.7993,12.5228,12.5228,12.7993
2020-11-11,11000,173600,15.95,15.95,15.7,15.7,-0.15,11,0.7900797940217418,12.6018,12.4043,12.4043,12.6018
2020-11-12,2002,31730,15.85,15.85,15.85,15.85,0.15,4,0.7900797940217418,12.5228,12.5228,12.5228,12.5228
2020-11-13,4000,62850,15.6,15.85,15.55,15.85,0.0,4,0.7900797940217418,12.3252,12.5228,12.2857,12.5228
2020-11-16,12000,189250,15.8,15.85,15.7,15.7,-0.15,9,0.7900797940217418,12.4833,12.4043,12.4043,12.5228
2020-11-17,4000,63200,15.8,15.8,15.8,15.8,0.1,4,0.7900797940217418,12.4833,12.4833,12.4833,12.4833
2020-11-18,3000,47150,15.6,15.8,15.6,15.8,0.0,3,0.7900797940217418,12.3252,12.4833,12.3252,12.4833
2020-11-19,3000,46950,15.65,15.65,15.65,15.65,-0.15,3,0.7900797940217418,12.3647,12.3647,12.3647,12.3647
2020-11-20,21000,336000,16.15,16.2,15.7,16.05,0.4,18,0.7900797940217418,12.7598,12.6808,12.4043,12.7993
2020-11-23,37000,598350,16.3,16.4,15.95,15.95,-0.1,31,0.7900797940217418,12.8783,12.6018,12.6018,12.9573
2020-11-24,7000,111450,15.95,15.95,15.9,15.9,-0.05,7,0.7900797940217418,12.6018,12.5623,12.5623,12.6018
2020-11-25,48001,767816,16.15,16.15,15.85,16.0,0.1,32,0.7900797940217418,12.7598,12.6413,12.5228,12.7598
2020-11-26,29000,463950,16.1,16.15,15.85,16.0,0.0,24,0.7900797940217418,12.7203,12.6413,12.5228,12.7598
2020-11-27,42000,672600,16.0,16.2,15.9,16.0,0.0,28,0.7900797940217418,12.6413,12.6413,12.5623,12.7993
2020-11-30,35003,560098,16.0,16.1,15.95,16.0,0.0,16,0.7900797940217418,12.6413,12.6413,12.6018,12.7203
2020-12-01,33000,528500,16.05,16.1,16.0,16.0,0.0,12,0.7900797940217418,12.6808,12.6413,12.6413,12.7203
2020-12-02,20300,324164,16.05,16.05,15.95,16.0,0.0,12,0.7900797940217418,12.6808,12.6413,12.6018,12.6808
2020-12-03,15001,240315,16.05,16.1,15.95,15.95,-0.05,12,0.7900797940217418,12.6808,12.6018,12.6018,12.7203
2020-12-04,25001,397365,16.0,16.05,15.85,15.9,-0.05,20,0.7900797940217418,12.6413,12.5623,12.5228,12.6808
2020-12-07,18001,288165,16.0,16.05,16.0,16.0,0.1,12,0.7900797940217418,12.6413,12.6413,12.6413,12.6808
2020-12-08,32001,510865,16.0,16.05,15.85,16.0,0.0,19,0.7900797940217418,12.6413,12.6413,12.5228,12.6808
2020-12-09,27100,431719,16.0,16.0,15.85,15.85,-0.15,15,0.7900797940217418,12.6413,12.5228,12.5228,12.6413
2020-12-10,24098,380088,15.85,15.85,15.7,15.8,-0.05,16,0.7900797940217418,12.5228,12.4833,12.4043,12.5228
2020-12-11,12001,190215,15.9,15.9,15.8,15.85,0.05,10,0.7900797940217418,12.5623,12.5228,12.4833,12.5623
2020-12-14,24001,380865,15.8,15.95,15.8,15.85,0.0,19,0.7900797940217418,12.4833,12.5228,12.4833,12.6018
2020-12-15,24006,379697,15.95,16.0,15.75,15.9,0.05,14,0.7900797940217418,12.6018,12.5623,12.4438,12.6413
2020-12-16,27195,431640,15.95,15.95,15.8,15.85,-0.05,21,0.7900797940217418,12.6018,12.5228,12.4833,12.6018
2020-12-17,12000,191400,16.0,16.0,15.85,15.9,0.05,9,0.7900797940217418,12.6413,12.5623,12.5228,12.6413
2020-12-18,9000,143150,15.95,15.95,15.9,15.9,0.0,7,0.7900797940217418,12.6018,12.5623,12.5623,12.6018
2020-12-21,311376,5157928,15.95,16.95,15.95,16.7,0.8,164,0.7900797940217418,12.6018,13.1943,12.6018,13.3919
2020-12-22,157044,2619434,16.8,16.9,16.5,16.9,0.2,81,0.7900797940217418,13.2733,13.3523,13.0363,13.3523
2020-12-23,20101,333966,16.6,16.85,16.55,16.55,-0.35,20,0.7900797940217418,13.1153,13.0758,13.0758,13.3128
2020-12-24,34000,565350,16.5,16.7,16.5,16.65,0.1,27,0.7900797940217418,13.0363,13.1548,13.0363,13.1943
2020-12-25,31000,513200,16.65,16.65,16.45,16.5,-0.15,25,0.7900797940217418,13.1548,13.0363,12.9968,13.1548
2020-12-28,58000,965550,16.75,16.8,16.6,16.6,0.1,19,0.7900797940217418,13.2338,13.1153,13.1153,13.2733
2020-12-29,35157,583305,16.65,16.75,16.55,16.6,0.0,28,0.7900797940217418,13.1548,13.1153,13.0758,13.2338
2020-12-30,18230,301925,16.6,16.6,16.55,16.55,-0.05,17,0.7900797940217418,13.1153,13.0758,13.0758,13.1153
2020-12-31,42176,700871,16.65,16.9,16.55,16.6,0.05,21,0.7900797940217418,13.1548,13.1153,13.0758,13.3523
2021-01-04,138053,2325029,16.8,17.0,16.75,16.85,0.25,61,0.7900797940217418,13.2733,13.3128,13.2338,13.4314
2021-01-05,34023,573642,16.9,16.9,16.8,16.9,0.05,18,0.7900797940217418,13.3523,13.3523,13.2733,13.3523
2021-01-06,64000,1066700,16.9,16.9,16.45,16.55,-0.35,35,0.7900797940217418,13.3523,13.0758,12.9968,13.3523
2021-01-07,16000,264550,16.7,16.7,16.45,16.6,0.05,14,0.7900797940217418,13.1943,13.1153,12.9968,13.1943
2021-01-08,25000,417100,16.75,16.85,16.6,16.75,0.15,18,0.7900797940217418,13.2338,13.2338,13.1153,13.3128
2021-01-11,16003,265048,16.6,16.75,16.5,16.55,-0.2,15,0.7900797940217418,13.1153,13.0758,13.0363,13.2338
2021-01-12,30000,500250,16.55,16.8,16.55,16.7,0.15,16,0.7900797940217418,13.0758,13.1943,13.0758,13.2733
2021-01-13,39001,648016,16.6,16.7,16.5,16.7,0.0,28,0.7900797940217418,13.1153,13.1943,13.0363,13.1943
2021-01-14,35003,578998,16.65,16.65,16.45,16.45,-0.25,26,0.7900797940217418,13.1548,12.9968,12.9968,13.1548
2021-01-15,41000,666550,16.4,16.45,16.1,16.35,-0.1,26,0.7900797940217418,12.9573,12.9178,12.7203,12.9968
2021-01-18,58001,971066,16.05,17.1,16.05,16.65,0.3,40,0.7900797940217418,12.6808,13.1548,12.6808,13.5104
2021-01-19,13003,217895,16.75,16.85,16.75,16.85,0.2,11,0.7900797940217418,13.2338,13.3128,13.2338,13.3128
2021-01-20,8000,134450,16.9,16.9,16.75,16.75,-0.1,8,0.7900797940217418,13.3523,13.2338,13.2338,13.3523
2021-01-21,44004,727210,16.9,16.9,16.3,16.45,-0.3,36,0.7900797940217418,13.3523,12.9968,12.8783,13.3523
2021-01-22,8000,130500,16.1,16.45,16.1,16.45,0.0,5,0.7900797940217418,12.7203,12.9968,12.7203,12.9968
2021-01-25,22002,363330,16.2,16.85,16.2,16.5,0.05,19,0.7900797940217418,12.7993,13.0363,12.7993,13.3128
2021-01-26,53000,856100,16.35,16.75,15.9,16.75,0.25,28,0.7900797940217418,12.9178,13.2338,12.5623,13.2338
2021-01-27,15000,246200,16.75,16.75,16.25,16.45,-0.3,12,0.7900797940217418,13.2338,12.9968,12.8388,13.2338
2021-01-28,9009,145444,16.0,16.45,16.0,16.1,-0.35,15,0.7900797940217418,12.6413,12.7203,12.6413,12.9968
2021-01-29,30044,484758,16.15,16.25,16.05,16.15,0.05,23,0.7900797940217418,12.7598,12.7598,12.6808,12.8388
2021-02-01,16079,261075,16.4,16.75,15.95,15.95,-0.2,16,0.7900797940217418,12.9573,12.6018,12.6018,13.2338
2021-02-02,14003,223897,16.15,16.25,15.9,15.9,-0.05,17,0.7900797940217418,12.7598,12.5623,12.5623,12.8388
2021-02-03,16053,257898,15.85,16.2,15.85,16.2,0.3,10,0.7900797940217418,12.5228,12.7993,12.5228,12.7993
2021-02-04,7000,111850,15.9,16.0,15.9,16.0,-0.2,6,0.7900797940217418,12.5623,12.6413,12.5623,12.6413
2021-02-05,41000,657950,16.0,16.3,15.95,16.1,0.1,15,0.7900797940217418,12.6413,12.7203,12.6018,12.8783
2021-02-17,41000,659100,16.1,16.5,15.9,16.15,0.05,31,0.7900797940217418,12.7203,12.7598,12.5623,13.0363
2021-02-18,23000,372900,16.15,16.4,16.15,16.25,0.1,17,0.7900797940217418,12.7598,12.8388,12.7598,12.9573
2021-02-19,4001,65266,16.35,16.35,16.3,16.3,0.05,5,0.7900797940217418,12.9178,12.8783,12.8783,12.9178
2021-02-22,10003,162399,16.3,16.3,16.15,16.3,0.0,10,0.7900797940217418,12.8783,12.8783,12.7598,12.8783
2021-02-23,34000,559700,16.35,16.6,16.3,16.6,0.3,28,0.7900797940217418,12.9178,13.1153,12.8783,13.1153
2021-02-24,10000,165250,16.6,16.6,16.45,16.6,0.0,9,0.7900797940217418,13.1153,13.1153,12.9968,13.1153
2021-02-25,7000,116250,16.4,16.7,16.4,16.55,-0.05,6,0.7900797940217418,12.9573,13.0758,12.9573,13.1943
2021-02-26,36000,585550,16.75,16.75,16.15,16.35,-0.2,32,0.7900797940217418,13.2338,12.9178,12.7598,13.2338
2021-03-02,17000,277400,16.3,16.4,16.3,16.3,-0.05,14,0.7900797940217418,12.8783,12.8783,12.8783,12.9573
2021-03-03,10001,163266,16.35,16.45,16.3,16.35,0.05,10,0.7900797940217418,12.9178,12.9178,12.8783,12.9968
2021-03-04,0,0,,,,,0.0,0,0.7900797940217418,,,,
2021-03-05,4000,65300,16.35,16.35,16.3,16.3,0.0,3,0.7900797940217418,12.9178,12.8783,12.8783,12.9178
2021-03-08,14000,229350,16.3,16.45,16.3,16.45,0.15,10,0.7900797940217418,12.8783,12.9968,12.8783,12.9968
2021-03-09,2000,32850,16.45,16.45,16.4,16.4,-0.05,2,0.7900797940217418,12.9968,12.9573,12.9573,12.9968
2021-03-10,25001,409066,16.35,16.55,16.3,16.45,0.05,17,0.7900797940217418,12.9178,12.9968,12.8783,13.0758
2021-03-11,20008,326479,16.4,16.45,16.25,16.3,-0.15,23,0.7900797940217418,12.9573,12.8783,12.8388,12.9968
2021-03-12,31002,502832,16.3,16.35,16.15,16.35,0.05,19,0.7900797940217418,12.8783,12.9178,12.7598,12.9178
2021-03-15,16000,259200,16.15,16.35,16.15,16.3,-0.05,9,0.7900797940217418,12.7598,12.8783,12.7598,12.9178
2021-03-16,37104,610003,16.45,16.5,16.25,16.45,0.15,24,0.7900797940217418,12.9968,12.9968,12.8388,13.0363
2021-03-17,20105,328676,16.45,16.45,16.3,16.35,-0.1,19,0.7900797940217418,12.9968,12.9178,12.8783,12.9968
2021-03-18,28230,460882,16.35,16.5,16.25,16.4,0.05,21,0.7900797940217418,12.9178,12.9573,12.8388,13.0363
2021-03-19,14061,229700,16.45,16.45,16.25,16.4,0.0,15,0.7900797940217418,12.9968,12.9573,12.8388,12.9968
2021-03-22,34061,559497,16.4,16.5,16.4,16.4,0.0,16,0.7900797940217418,12.9573,12.9573,12.9573,13.0363
2021-03-23,27430,451802,16.6,16.65,16.3,16.4,0.0,17,0.7900797940217418,13.1153,12.9573,12.8783,13.1548
2021-03-24,53463,889059,16.6,16.75,16.5,16.7,0.3,43,0.7900797940217418,13.1153,13.1943,13.0363,13.2338
2021-03-25,68723,1148698,16.8,16.85,16.5,16.75,0.05,47,0.7900797940217418,13.2733,13.2338,13.0363,13.3128
2021-03-26,124000,2102850,16.85,17.3,16.75,16.75,0.0,63,0.7900797940217418,13.3128,13.2338,13.2338,13.6684
2021-03-29,61001,1026066,16.95,16.95,16.8,16.8,0.05,33,0.7900797940217418,13.3919,13.2733,13.2733,13.3919
2021-03-30,30005,506187,16.8,16.9,16.8,16.85,0.05,24,0.7900797940217418,13.2733,13.3128,13.2733,13.3523
2021-03-31,29198,492316,16.85,16.9,16.85,16.9,0.05,17,0.7900797940217418,13.3128,13.3523,13.3128,13.3523
2021-04-01,223230,3920947,16.9,18.5,16.9,17.55,0.65,128,0.7900797940217418,13.3523,13.8659,13.3523,14.6165
2021-04-06,156034,2853451,17.8,18.55,17.8,18.2,0.65,100,0.7900797940217418,14.0634,14.3795,14.0634,14.656
2021-04-07,76106,1393726,18.65,18.65,18.25,18.3,0.1,47,0.7900797940217418,14.735,14.4585,14.419,14.735
2021-04-08,104114,1891314,18.0,18.4,17.9,18.1,-0.2,59,0.7900797940217418,14.2214,14.3004,14.1424,14.5375
2021-04-09,32038,580588,18.25,18.3,18.0,18.0,-0.1,24,0.7900797940217418,14.419,14.2214,14.2214,14.4585
2021-04-12,58333,1047738,18.0,18.0,17.8,17.95,-0.05,34,0.7900797940217418,14.2214,14.1819,14.0634,14.2214
2021-04-13,73376,1315186,17.95,18.0,17.65,17.65,-0.3,45,0.7900797940217418,14.1819,13.9449,13.9449,14.2214
2021-04-14,47352,830692,17.9,17.9,17.4,17.45,-0.2,40,0.7900797940217418,14.1424,13.7869,13.7474,14.1424
2021-04-15,10000,175700,17.5,17.7,17.2,17.65,0.2,9,0.7900797940217418,13.8264,13.9449,13.5894,13.9844
2021-04-16,42160,749082,17.65,18.0,17.6,17.9,0.25,30,0.7900797940217418,13.9449,14.1424,13.9054,14.2214
2021-04-19,114332,2073213,17.9,18.3,17.55,18.2,0.3,59,0.7900797940217418,14.1424,14.3795,13.8659,14.4585
2021-04-20,47002,858484,18.2,18.4,18.2,18.2,0.0,37,0.7900797940217418,14.3795,14.3795,14.3795,14.5375
2021-04-21,79110,1433600,18.2,18.5,17.95,18.2,0.0,58,0.7900797940217418,14.3795,14.3795,14.1819,14.6165
2021-04-22,205395,3808755,18.3,19.0,18.0,18.55,0.35,99,0.7900797940217418,14.4585,14.656,14.2214,15.0115
2021-04-23,326292,6179174,18.5,19.0,18.5,19.0,0.45,120,0.7900797940217418,14.6165,15.0115,14.6165,15.0115
2021-04-26,290495,5607587,19.15,19.55,18.6,19.45,0.45,89,0.7900797940217418,15.13,15.3671,14.6955,15.4461
2021-04-27,269307,5323888,20.8,20.8,19.0,19.8,0.35,139,0.7900797940217418,16.4337,15.6436,15.0115,16.4337
2021-04-28,256166,5056131,20.0,20.15,19.2,19.75,-0.05,103,0.7900797940217418,15.8016,15.6041,15.1695,15.9201
2021-04-29,60126,1173487,19.7,19.7,19.25,19.6,-0.15,43,0.7900797940217418,15.5646,15.4856,15.209,15.5646
2021-05-03,34018,658369,19.6,19.6,19.2,19.2,-0.4,31,0.7900797940217418,15.4856,15.1695,15.1695,15.4856
2021-05-04,70100,1326848,19.2,19.6,18.45,18.85,-0.35,60,0.7900797940217418,15.1695,14.893,14.577,15.4856
2021-05-05,11000,208800,19.55,19.55,18.65,19.0,0.15,10,0.7900797940217418,15.4461,15.0115,14.735,15.4461
2021-05-06,20279,382400,19.0,19.0,18.6,18.6,-0.4,16,0.7900797940217418,15.0115,14.6955,14.6955,15.0115
2021-05-07,7002,131336,18.65,18.85,18.65,18.65,0.05,9,0.7900797940217418,14.735,14.735,14.735,14.893
2021-05-10,11101,208884,18.65,19.15,18.6,18.6,-0.05,17,0.7900797940217418,14.735,14.6955,14.6955,15.13
2021-05-11,33000,607150,18.4,18.6,18.0,18.0,-0.6,27,0.7900797940217418,14.5375,14.2214,14.2214,14.6955
2021-05-12,96002,1683136,17.8,18.3,17.0,17.45,-0.55,66,0.7900797940217418,14.0634,13.7869,13.4314,14.4585
2021-05-13,58012,1045005,17.05,19.0,17.05,17.3,-0.15,54,0.7900797940217418,13.4709,13.6684,13.4709,15.0115
2021-05-14,32000,568250,18.6,18.6,17.45,17.45,0.15,25,0.7900797940217418,14.6955,13.7869,13.7869,14.6955
2021-05-17,49729,839462,17.3,17.35,16.6,16.75,-0.7,42,0.7900797940217418,13.6684,13.2338,13.1153,13.7079
2021-05-18,28606,489860,16.2,17.9,16.2,17.0,0.25,27,0.7900797940217418,12.7993,13.4314,12.7993,14.1424
2021-05-19,26001,443466,17.75,17.75,16.8,17.0,0.0,24,0.7900797940217418,14.0239,13.4314,13.2733,14.0239
2021-05-20,21512,358071,16.8,16.85,16.45,16.45,-0.55,20,0.7900797940217418,13.2733,12.9968,12.9968,13.3128
2021-05-21,44001,743917,16.7,17.75,16.55,16.7,0.25,34,0.7900797940217418,13.1943,13.1943,13.0758,14.0239
2021-05-24,18000,304850,16.7,17.05,16.7,16.95,0.25,17,0.7900797940217418,13.1943,13.3919,13.1943,13.4709
2021-05-25,21000,363250,17.2,17.4,17.2,17.25,0.3,16,0.7900797940217418,13.5894,13.6289,13.5894,13.7474
2021-05-26,5000,87250,17.55,17.55,17.4,17.4,0.15,5,0.7900797940217418,13.8659,13.7474,13.7474,13.8659
2021-05-27,24000,415400,17.3,17.6,17.05,17.15,-0.25,18,0.7900797940217418,13.6684,13.5499,13.4709,13.9054
2021-05-28,22001,378767,17.45,17.45,17.2,17.2,0.05,14,0.7900797940217418,13.7869,13.5894,13.5894,13.7869
2021-05-31,11221,193161,17.25,17.25,17.2,17.2,0.0,11,0.7900797940217418,13.6289,13.5894,13.5894,13.6289
2021-06-01,39063,677800,17.3,17.55,17.2,17.55,0.35,38,0.7900797940217418,13.6684,13.8659,13.5894,13.8659
2021-06-02,47001,839517,17.55,18.35,17.55,17.9,0.35,25,0.7900797940217418,13.8659,14.1424,13.8659,14.498
2021-06-03,52000,932150,18.15,18.15,17.9,17.95,0.05,16,0.7900797940217418,14.3399,14.1819,14.1424,14.3399
2021-06-04,9056,161159,17.95,18.05,17.5,17.9,-0.05,12,0.7900797940217418,14.1819,14.1424,13.8264,14.2609
2021-06-07,10000,178050,17.9,17.95,17.55,17.9,0.0,10,0.7900797940217418,14.1424,14.1424,13.8659,14.1819
2021-06-08,52002,933234,17.75,18.4,17.75,17.85,-0.05,30,0.7900797940217418,14.0239,14.1029,14.0239,14.5375
2021-06-09,49000,869150,18.0,18.0,17.6,17.75,-0.1,24,0.7900797940217418,14.2214,14.0239,13.9054,14.2214
2021-06-10,7000,124550,17.95,17.95,17.75,17.75,0.0,6,0.7900797940217418,14.1819,14.0239,14.0239,14.1819
2021-06-11,21000,375200,17.85,17.9,17.8,17.8,0.05,10,0.7900797940217418,14.1029,14.0634,14.0634,14.1424
2021-06-15,22009,394361,17.9,17.95,17.9,17.9,0.1,14,0.7900797940217418,14.1424,14.1424,14.1424,14.1819
2021-06-16,5001,89267,17.85,17.85,17.85,17.85,-0.05,5,0.7900797940217418,14.1029,14.1029,14.1029,14.1029
2021-06-17,55001,977267,17.8,17.8,17.65,17.8,-0.05,27,0.7900797940217418,14.0634,14.0634,13.9449,14.0634
2021-06-18,19004,335420,17.7,17.75,17.6,17.75,-0.05,15,0.7900797940217418,13.9844,14.0239,13.9054,14.0239
2021-06-21,6060,107665,17.8,17.8,17.75,17.75,0.0,7,0.7900797940217418,14.0634,14.0239,14.0239,14.0634
2021-06-22,39006,693705,18.35,18.35,17.7,17.75,0.0,28,0.7900797940217418,14.498,14.0239,13.9844,14.498
2021-06-23,6001,106967,17.9,17.9,17.75,17.75,0.0,7,0.7900797940217418,14.1424,14.0239,14.0239,14.1424
2021-06-24,34000,607750,17.95,18.1,17.75,18.1,0.35,18,0.7900797940217418,14.1819,14.3004,14.0239,14.3004
2021-06-25,35001,630317,17.95,18.1,17.95,18.0,-0.1,13,0.7900797940217418,14.1819,14.2214,14.1819,14.3004
2021-06-28,54004,986822,18.1,18.7,18.0,18.45,0.45,41,0.7900797940217418,14.3004,14.577,14.2214,14.7745
2021-06-29,41002,754786,18.4,18.45,18.35,18.4,-0.05,23,0.7900797940217418,14.5375,14.5375,14.498,14.577
2021-06-30,184002,3350086,18.4,18.4,18.0,18.4,0.0,53,0.7900797940217418,14.5375,14.5375,14.2214,14.5375
2021-07-01,31000,563700,18.15,18.3,18.15,18.2,-0.2,18,0.7900797940217418,14.3399,14.3795,14.3399,14.4585
2021-07-02,16230,294213,17.95,18.25,17.95,18.25,0.05,11,0.7900797940217418,14.1819,14.419,14.1819,14.419
2021-07-05,14001,255218,18.4,18.4,18.15,18.15,-0.1,13,0.7900797940217418,14.5375,14.3399,14.3399,14.5375
2021-07-06,15005,272985,18.15,18.2,18.15,18.2,0.05,16,0.7900797940217418,14.3399,14.3795,14.3399,14.3795
2021-07-07,28361,517334,18.2,18.3,18.2,18.2,0.0,15,0.7900797940217418,14.3795,14.3795,14.3795,14.4585
2021-07-08,21072,386810,18.4,18.4,18.25,18.25,0.05,10,0.7900797940217418,14.5375,14.419,14.419,14.5375
2021-07-09,72000,1334800,18.25,18.75,18.25,18.5,0.25,36,0.7900797940217418,14.419,14.6165,14.419,14.814
2021-07-12,60532,1120134,18.5,18.65,18.3,18.45,-0.05,42,0.7900797940217418,14.6165,14.577,14.4585,14.735
2021-07-13,29000,534700,18.45,18.6,18.3,18.3,-0.15,13,0.7900797940217418,14.577,14.4585,14.4585,14.6955
2021-07-14,26016,474595,18.45,18.45,18.1,18.1,-0.2,22,0.7900797940217418,14.577,14.3004,14.3004,14.577
2021-07-15,47187,851925,18.15,18.15,17.95,18.15,0.05,36,0.7900797940217418,14.3399,14.3399,14.1819,14.3399
2021-07-16,15052,275706,18.15,18.4,18.15,18.4,0.25,12,0.7900797940217418,14.3399,14.5375,14.3399,14.5375
2021-07-19,14001,257469,18.6,18.6,18.25,18.25,-0.15,12,0.7900797940217418,14.6955,14.419,14.419,14.6955
2021-07-20,53000,953500,18.25,18.25,17.8,18.0,-0.25,30,0.7900797940217418,14.419,14.2214,14.0634,14.419
2021-07-21,15042,270966,18.1,18.1,18.0,18.1,0.1,12,0.7900797940217418,14.3004,14.3004,14.2214,14.3004
2021-07-22,29900,543300,18.2,18.25,18.1,18.2,0.1,19,0.7900797940217418,14.3795,14.3795,14.3004,14.419
2021-07-23,25900,477034,18.3,18.55,18.25,18.25,0.05,17,0.7900797940217418,14.4585,14.419,14.419,14.656
2021-07-26,13522,246174,18.5,18.5,18.1,18.25,0.0,15,0.7900797940217418,14.6165,14.419,14.3004,14.6165
2021-07-27,19004,344472,18.25,18.25,18.05,18.25,0.0,16,0.7900797940217418,14.419,14.419,14.2609,14.419
2021-07-28,47000,846000,18.1,18.1,17.9,17.95,-0.3,25,0.7900797940217418,14.3004,14.1819,14.1424,14.3004
2021-07-29,1000,18400,18.4,18.4,18.4,18.4,0.45,1,0.7900797940217418,14.5375,14.5375,14.5375,14.5375
2021-07-30,18024,326134,18.1,18.25,18.0,18.25,-0.15,18,0.7900797940217418,14.3004,14.419,14.2214,14.419
2021-08-02,7140,130290,18.3,18.35,18.15,18.25,0.0,10,0.7900797940217418,14.4585,14.419,14.3399,14.498
2021-08-03,42052,754138,18.2,18.2,17.85,17.9,-0.35,35,0.7900797940217418,14.3795,14.1424,14.1029,14.3795
2021-08-04,13000,232750,17.95,18.0,17.85,18.0,0.1,11,0.7900797940217418,14.1819,14.2214,14.1029,14.2214
2021-08-05,3000,53950,18.0,18.0,17.95,17.95,-0.05,3,0.7900797940217418,14.2214,14.1819,14.1819,14.2214
2021-08-06,10177,182927,17.95,18.15,17.95,17.95,0.0,10,0.7900797940217418,14.1819,14.1819,14.1819,14.3399
2021-08-09,26012,464175,17.95,17.95,17.8,17.8,-0.15,16,0.7900797940217418,14.1819,14.0634,14.0634,14.1819
2021-08-10,17000,305300,18.15,18.15,17.9,18.0,0.2,16,0.7900797940217418,14.3399,14.2214,14.1424,14.3399
2021-08-11,27010,481575,17.95,17.95,17.8,17.8,-0.2,20,0.7900797940217418,14.1819,14.0634,14.0634,14.1819
2021-08-12,9118,162910,17.85,17.9,17.85,17.9,0.1,8,0.7900797940217418,14.1029,14.1424,14.1029,14.1424
2021-08-13,6325,115156,18.25,18.25,18.0,18.0,0.1,10,0.7900797940217418,14.419,14.2214,14.2214,14.419
2021-08-16,106273,1954943,18.4,18.8,18.1,18.2,0.2,91,0.7900797940217418,14.5375,14.3795,14.3004,14.8535
2021-08-17,165050,3081689,18.35,18.85,18.3,18.8,0.6,114,0.7900797940217418,14.498,14.8535,14.4585,14.893
2021-08-18,1080176,21686836,18.8,20.65,18.75,20.65,1.85,742,0.7900797940217418,14.8535,16.3151,14.814,16.3151
2021-08-19,2261034,50568306,20.65,22.7,20.55,22.7,2.05,1138,0.7900797940217418,16.3151,17.9348,16.2361,17.9348
2021-08-20,3922669,92803384,24.0,24.95,20.45,20.6,-2.1,2329,0.7900797940217418,18.9619,16.2756,16.1571,19.7125
2021-08-23,1616502,33449065,21.2,21.9,19.5,19.9,-0.7,1039,0.7900797940217418,16.7497,15.7226,15.4066,17.3027
2021-08-24,869336,17436808,20.1,20.5,19.6,20.45,0.55,495,0.7900797940217418,15.8806,16.1571,15.4856,16.1966
2021-08-25,659657,12546293,19.0,19.45,18.8,18.8,0.0,423,0.8311281783819248,15.7914,15.6252,15.6252,16.1654
2021-08-26,299089,5647666,19.1,19.2,18.6,18.85,0.05,195,0.8311281783819248,15.8745,15.6668,15.459,15.9577
2021-08-27,215000,4111350,18.8,19.35,18.8,19.15,0.3,147,0.8311281783819248,15.6252,15.9161,15.6252,16.0823
2021-08-30,986898,20175060,19.45,21.05,19.45,21.05,1.9,516,0.8311281783819248,16.1654,17.4952,16.1654,17.4952
2021-08-31,2006798,45887984,21.75,23.15,21.5,23.15,2.1,778,0.8311281783819248,18.077,19.2406,17.8693,19.2406
2021-09-01,3903837,91969632,24.35,24.9,22.0,22.0,-1.15,2359,0.8311281783819248,20.238,18.2848,18.2848,20.6951
2021-09-02,944903,21099125,21.7,22.9,21.65,21.9,-0.1,594,0.8311281783819248,18.0355,18.2017,17.9939,19.0328
2021-09-03,1628017,37746636,22.55,24.0,21.95,23.8,1.9,1010,0.8311281783819248,18.7419,19.7809,18.2433,19.9471
2021-09-06,6935771,176393521,24.5,26.15,23.95,23.95,0.15,3181,0.8311281783819248,20.3626,19.9055,19.9055,21.734
2021-09-07,1784244,40596972,23.6,23.85,22.0,22.2,-1.75,1019,0.8311281783819248,19.6146,18.451,18.2848,19.8224
2021-09-08,2488425,59181485,22.3,24.4,22.3,24.4,2.2,1272,0.8311281783819248,18.5342,20.2795,18.5342,20.2795
2021-09-09,7126235,184736618,24.4,26.8,23.1,26.8,2.4,3615,0.8311281783819248,20.2795,22.2742,19.1991,22.2742
2021-09-10,9651449,266236900,27.05,28.6,26.45,26.7,-0.1,5569,0.8311281783819248,22.482,22.1911,21.9833,23.7703
2021-09-13,4034135,107568436,26.7,27.9,25.3,27.85,1.15,2477,0.8311281783819248,22.1911,23.1469,21.0275,23.1885
2021-09-14,8202354,233782775,27.85,29.9,27.0,27.0,-0.85,5227,0.8311281783819248,23.1469,22.4405,22.4405,24.8507
2021-09-15,4291519,116740071,27.1,28.0,26.3,27.0,0.0,2587,0.8311281783819248,22.5236,22.4405,21.8587,23.2716
2021-09-16,3311201,85430914,27.0,27.3,24.55,24.85,-2.15,2049,0.8311281783819248,22.4405,20.6535,20.4042,22.6898
2021-09-17,1449786,36130723,24.85,25.55,24.3,25.1,0.25,973,0.8311281783819248,20.6535,20.8613,20.1964,21.2353
2021-09-22,2029954,50091090,24.1,25.35,23.8,24.2,-0.9,1070,0.8311281783819248,20.0302,20.1133,19.7809,21.0691
2021-09-23,762782,18349243,24.35,24.75,23.75,23.95,-0.25,492,0.8311281783819248,20.238,19.9055,19.7393,20.5704
2021-09-24,454571,10925201,24.6,24.6,23.5,23.9,-0.05,321,0.8311281783819248,20.4458,19.864,19.5315,20.4458
2021-09-27,493338,11896221,24.05,24.5,23.8,24.2,0.3,287,0.8311281783819248,19.9886,20.1133,19.7809,20.3626
2021-09-28,3277971,85224499,24.2,26.6,24.2,26.6,2.4,1488,0.8311281783819248,20.1133,22.108,20.1133,22.108
2021-09-29,2891153,74559073,26.0,26.35,25.15,25.15,-1.45,1757,0.8311281783819248,21.6093,20.9029,20.9029,21.9002
2021-09-30,1155980,29213559,25.15,25.8,25.0,25.35,0.2,826,0.8311281783819248,20.9029,21.0691,20.7782,21.4431
2021-10-01,1776174,42068704,25.4,25.5,22.85,22.85,-2.5,1085,0.8311281783819248,21.1107,18.9913,18.9913,21.1938
2021-10-04,1052858,22681611,22.85,22.85,20.8,20.85,-2.0,624,0.8311281783819248,18.9913,17.329,17.2875,18.9913
2021-10-05,865560,18291714,20.0,22.15,20.0,21.3,0.45,514,0.8311281783819248,16.6226,17.703,16.6226,18.4095
2021-10-06,650410,14244322,21.1,22.45,21.1,21.9,0.6,468,0.8311281783819248,17.5368,18.2017,17.5368,18.6588
2021-10-07,637245,14452571,22.2,23.1,22.2,22.5,0.6,443,0.8311281783819248,18.451,18.7004,18.451,19.1991
2021-10-08,1100142,25971229,22.75,24.25,22.6,23.15,0.65,747,0.8311281783819248,18.9082,19.2406,18.7835,20.1549
2021-10-12,388110,8730793,23.15,23.3,22.0,22.25,-0.9,261,0.8311281783819248,19.2406,18.4926,18.2848,19.3653
2021-10-13,1949147,45953281,22.4,24.35,22.3,23.25,1.0,1215,0.8311281783819248,18.6173,19.3237,18.5342,20.238
2021-10-14,4845934,119670359,23.55,25.55,23.3,23.45,0.2,2586,0.8311281783819248,19.5731,19.49,19.3653,21.2353
2021-10-15,1210642,28361427,23.55,23.85,22.85,23.4,-0.05,768,0.8311281783819248,19.5731,19.4484,18.9913,19.8224
2021-10-18,1522308,36890365,23.4,25.0,23.3,24.0,0.6,986,0.8311281783819248,19.4484,19.9471,19.3653,20.7782
2021-10-19,1280935,31257280,24.5,25.2,24.0,24.0,0.0,792,0.8311281783819248,20.3626,19.9471,19.9471,20.9444
2021-10-20,633067,15169973,24.6,24.6,23.6,24.0,0.0,362,0.8311281783819248,20.4458,19.9471,19.6146,20.4458
2021-10-21,784509,19067248,24.15,24.85,23.85,24.4,0.4,415,0.8311281783819248,20.0717,20.2795,19.8224,20.6535
2021-10-22,745087,18075789,24.8,24.9,23.8,23.85,-0.55,418,0.8311281783819248,20.612,19.8224,19.7809,20.6951
2021-10-25,493195,11528908,23.65,23.75,23.0,23.3,-0.55,298,0.8311281783819248,19.6562,19.3653,19.1159,19.7393
2021-10-26,557055,12702944,22.9,23.4,22.45,22.65,-0.65,328,0.8311281783819248,19.0328,18.8251,18.6588,19.4484
2021-10-27,517593,11724140,22.9,23.25,22.15,22.65,0.0,373,0.8311281783819248,19.0328,18.8251,18.4095,19.3237
2021-10-28,258720,5892599,22.75,23.05,22.6,22.8,0.15,133,0.8311281783819248,18.9082,18.9497,18.7835,19.1575
2021-10-29,368181,8556469,23.0,23.65,22.85,23.1,0.3,259,0.8311281783819248,19.1159,19.1991,18.9913,19.6562
2021-11-01,220388,5044501,23.1,23.1,22.7,22.8,-0.3,175,0.8311281783819248,19.1991,18.9497,18.8666,19.1991
2021-11-02,778202,17061535,22.8,22.8,21.25,21.45,-1.35,449,0.8311281783819248,18.9497,17.8277,17.6615,18.9497
2021-11-03,770889,17358359,21.65,23.05,21.65,22.5,1.05,335,0.8311281783819248,17.9939,18.7004,17.9939,19.1575
2021-11-04,551426,12725510,22.25,23.75,22.25,22.9,0.4,394,0.8311281783819248,18.4926,19.0328,18.4926,19.7393
2021-11-05,2398768,57702161,23.2,24.6,22.9,24.0,1.1,1547,0.8311281783819248,19.2822,19.9471,19.0328,20.4458
2021-11-08,1249761,30134251,24.55,25.3,23.35,23.4,-0.6,743,0.8311281783819248,20.4042,19.4484,19.4068,21.0275
2021-11-09,1479161,36127485,23.6,25.05,23.1,24.5,1.1,862,0.8311281783819248,19.6146,20.3626,19.1991,20.8198
2021-11-10,1173408,28735822,24.7,25.3,23.8,24.1,-0.4,732,0.8311281783819248,20.5289,20.0302,19.7809,21.0275
2021-11-11,526600,12731611,24.1,24.7,23.6,23.85,-0.25,318,0.8311281783819248,20.0302,19.8224,19.6146,20.5289
2021-11-12,573252,13456306,23.45,23.95,23.25,23.3,-0.55,370,0.8311281783819248,19.49,19.3653,19.3237,19.9055
2021-11-15,438044,10410803,24.0,24.4,23.2,23.65,0.35,280,0.8311281783819248,19.9471,19.6562,19.2822,20.2795
2021-11-16,692849,16123575,24.0,24.2,22.65,22.8,-0.85,412,0.8311281783819248,19.9471,18.9497,18.8251,20.1133
2021-11-17,438229,9981954,23.0,23.2,22.5,22.75,-0.05,301,0.8311281783819248,19.1159,18.9082,18.7004,19.2822
2021-11-18,316025,7095307,22.8,22.8,22.0,22.55,-0.2,200,0.8311281783819248,18.9497,18.7419,18.2848,18.9497
2021-11-19,261179,5815906,22.6,22.75,22.0,22.25,-0.3,168,0.8311281783819248,18.7835,18.4926,18.2848,18.9082
2021-11-22,223187,5080347,22.35,23.2,22.0,23.0,0.75,164,0.8311281783819248,18.5757,19.1159,18.2848,19.2822
2021-11-23,456215,10580718,23.0,23.7,22.6,22.65,-0.35,294,0.8311281783819248,19.1159,18.8251,18.7835,19.6977
2021-11-24,1122235,25759339,22.5,23.4,22.4,23.15,0.5,394,0.8311281783819248,18.7004,19.2406,18.6173,19.4484
2021-11-25,2198374,50323221,23.15,23.6,22.2,22.4,-0.75,699,0.8311281783819248,19.2406,18.6173,18.451,19.6146
2021-11-26,424225,9296059,22.45,22.45,21.75,21.8,-0.6,251,0.8311281783819248,18.6588,18.1186,18.077,18.6588
2021-11-29,323378,6818773,21.05,21.4,20.7,21.35,-0.45,186,0.8311281783819248,17.4952,17.7446,17.2044,17.7861
2021-11-30,138000,3004050,21.7,21.9,21.6,21.8,0.45,83,0.8311281783819248,18.0355,18.1186,17.9524,18.2017
2021-12-01,137033,3001673,21.7,22.2,21.55,21.95,0.15,75,0.8311281783819248,18.0355,18.2433,17.9108,18.451
2021-12-02,169905,3656252,21.65,22.2,21.2,21.3,-0.65,148,0.8311281783819248,17.9939,17.703,17.6199,18.451
2021-12-03,78400,1678156,21.5,21.5,21.25,21.4,0.1,65,0.8311281783819248,17.8693,17.7861,17.6615,17.8693
2021-12-06,130314,2838505,21.6,22.0,21.5,21.85,0.45,123,0.8311281783819248,17.9524,18.1602,17.8693,18.2848
2021-12-07,130000,2878950,21.9,22.35,21.9,22.2,0.35,101,0.8311281783819248,18.2017,18.451,18.2017,18.5757
2021-12-08,127552,2851401,22.2,22.5,22.2,22.3,0.1,92,0.8311281783819248,18.451,18.5342,18.451,18.7004
2021-12-09,97298,2159094,22.7,22.7,21.9,22.0,-0.3,68,0.8311281783819248,18.8666,18.2848,18.2017,18.8666
2021-12-10,86143,1871746,22.05,22.05,21.6,21.65,-0.35,76,0.8311281783819248,18.3264,17.9939,17.9524,18.3264
2021-12-13,65096,1408527,21.85,21.85,21.55,21.65,0.0,52,0.8311281783819248,18.1602,17.9939,17.9108,18.1602
2021-12-14,161166,3422973,21.65,21.65,21.0,21.25,-0.4,138,0.8311281783819248,17.9939,17.6615,17.4537,17.9939
2021-12-15,37000,788600,21.5,21.5,21.25,21.3,0.05,26,0.8311281783819248,17.8693,17.703,17.6615,17.8693
2021-12-16,69000,1476600,21.45,21.5,21.3,21.4,0.1,48,0.8311281783819248,17.8277,17.7861,17.703,17.8693
2021-12-17,61005,1297207,21.25,21.5,21.1,21.2,-0.2,47,0.8311281783819248,17.6615,17.6199,17.5368,17.8693
2021-12-20,155812,3256699,21.2,21.2,20.7,21.0,-0.2,109,0.8311281783819248,17.6199,17.4537,17.2044,17.6199
2021-12-21,116001,2477671,21.0,21.6,21.0,21.35,0.35,99,0.8311281783819248,17.4537,17.7446,17.4537,17.9524
2021-12-22,110500,2349199,21.55,21.55,21.1,21.3,-0.05,101,0.8311281783819248,17.9108,17.703,17.5368,17.9108
2021-12-23,55139,1167696,21.3,21.35,21.0,21.25,-0.05,45,0.8311281783819248,17.703,17.6615,17.4537,17.7446
2021-12-24,122214,2574616,21.35,21.35,21.0,21.1,-0.15,80,0.8311281783819248,17.7446,17.5368,17.4537,17.7446
2021-12-27,121110,2555161,20.8,21.4,20.8,21.4,0.3,87,0.8311281783819248,17.2875,17.7861,17.2875,17.7861
2021-12-28,62424,1329482,21.55,21.55,21.1,21.2,-0.2,46,0.8311281783819248,17.9108,17.6199,17.5368,17.9108
2021-12-29,73155,1552094,21.05,21.5,21.05,21.5,0.3,50,0.8311281783819248,17.4952,17.8693,17.4952,17.8693
2021-12-30,46367,995324,21.65,21.65,21.4,21.5,0.0,40,0.8311281783819248,17.9939,17.8693,17.7861,17.9939
2022-01-03,128207,2738760,21.4,21.5,21.3,21.45,-0.05,74,0.8311281783819248,17.7861,17.8277,17.703,17.8693
2022-01-04,116400,2480356,21.4,21.45,21.3,21.35,-0.1,44,0.8311281783819248,17.7861,17.7446,17.703,17.8277
2022-01-05,112683,2397478,21.45,21.45,21.1,21.3,-0.05,57,0.8311281783819248,17.8277,17.703,17.5368,17.8277
2022-01-06,59084,1253389,21.3,21.35,21.1,21.3,0.0,55,0.8311281783819248,17.703,17.703,17.5368,17.7446
2022-01-07,124040,2634094,21.45,21.5,21.1,21.15,-0.15,86,0.8311281783819248,17.8277,17.5784,17.5368,17.8693
2022-01-10,26212,556110,21.05,21.3,21.0,21.3,0.15,23,0.8311281783819248,17.4952,17.703,17.4537,17.703
2022-01-11,55208,1168227,21.35,21.35,21.1,21.1,-0.2,54,0.8311281783819248,17.7446,17.5368,17.5368,17.7446
2022-01-12,82015,1718714,21.05,21.05,20.85,20.95,-0.15,60,0.8311281783819248,17.4952,17.4121,17.329,17.4952
2022-01-13,49028,1034588,21.05,21.35,20.95,21.15,0.2,38,0.8311281783819248,17.4952,17.5784,17.4121,17.7446
2022-01-14,48145,1007548,21.15,21.15,20.85,20.9,-0.25,40,0.8311281783819248,17.5784,17.3706,17.329,17.5784
2022-01-17,22000,461400,20.9,21.1,20.9,21.05,0.15,19,0.8311281783819248,17.3706,17.4952,17.3706,17.5368
2022-01-18,61000,1273650,21.0,21.15,20.75,20.75,-0.3,36,0.8311281783819248,17.4537,17.2459,17.2459,17.5784
2022-01-19,46000,956200,20.8,20.9,20.75,20.75,0.0,28,0.8311281783819248,17.2875,17.2459,17.2459,17.3706
2022-01-20,35000,725950,20.8,20.9,20.65,20.65,-0.1,26,0.8311281783819248,17.2875,17.1628,17.1628,17.3706
2022-01-21,145001,2968820,20.65,20.9,20.4,20.4,-0.25,53,0.8311281783819248,17.1628,16.955,16.955,17.3706
2022-01-24,98100,1962650,20.4,20.4,19.4,20.2,-0.2,69,0.8311281783819248,16.955,16.7888,16.1239,16.955
2022-01-25,72000,1441400,20.1,20.1,20.0,20.05,-0.15,45,0.8311281783819248,16.7057,16.6641,16.6226,16.7057
2022-01-26,53000,1065000,20.3,20.5,19.95,20.05,0.0,31,0.8311281783819248,16.8719,16.6641,16.581,17.0381
2022-02-07,30008,610212,20.6,20.6,20.15,20.45,0.4,21,0.8311281783819248,17.1212,16.9966,16.7472,17.1212
2022-02-08,17026,346831,20.3,20.55,20.25,20.5,0.05,14,0.8311281783819248,16.8719,17.0381,16.8303,17.0797
2022-02-09,19006,393173,20.55,20.8,20.55,20.75,0.25,21,0.8311281783819248,17.0797,17.2459,17.0797,17.2875
2022-02-10,83106,1744576,20.9,21.2,20.7,21.05,0.3,57,0.8311281783819248,17.3706,17.4952,17.2044,17.6199
2022-02-11,33007,688497,21.15,21.15,20.65,20.9,-0.15,26,0.8311281783819248,17.5784,17.3706,17.1628,17.5784
2022-02-14,32029,662149,21.0,21.0,20.6,20.6,-0.3,30,0.8311281783819248,17.4537,17.1212,17.1212,17.4537
2022-02-15,26045,536976,20.7,20.7,20.5,20.55,-0.05,24,0.8311281783819248,17.2044,17.0797,17.0381,17.2044
2022-02-16,22063,460318,20.95,20.95,20.7,20.9,0.35,31,0.8311281783819248,17.4121,17.3706,17.2044,17.4121
2022-02-17,47000,983600,20.9,21.0,20.8,20.95,0.05,30,0.8311281783819248,17.3706,17.4121,17.2875,17.4537
2022-02-18,60006,1242825,20.7,20.9,20.7,20.9,-0.05,27,0.8311281783819248,17.2044,17.3706,17.2044,17.3706
2022-02-21,27000,563100,20.95,20.95,20.75,20.9,0.0,20,0.8311281783819248,17.4121,17.3706,17.2459,17.4121
2022-02-22,96085,1973060,20.75,20.75,20.45,20.6,-0.3,55,0.8311281783819248,17.2459,17.1212,16.9966,17.2459
2022-02-23,37114,763257,20.5,20.85,20.3,20.75,0.15,34,0.8311281783819248,17.0381,17.2459,16.8719,17.329
2022-02-24,104135,2137733,20.8,20.85,20.4,20.5,-0.25,51,0.8311281783819248,17.2875,17.0381,16.955,17.329
2022-02-25,76114,1560463,20.5,20.55,20.45,20.5,0.0,49,0.8311281783819248,17.0381,17.0381,16.9966,17.0797
2022-03-01,21010,433259,20.55,20.75,20.5,20.75,0.25,22,0.8311281783819248,17.0797,17.2459,17.0381,17.2459
2022-03-02,33003,680261,20.9,20.9,20.55,20.6,-0.15,30,0.8311281783819248,17.3706,17.1212,17.0797,17.3706
2022-03-03,32370,670676,20.7,20.8,20.7,20.75,0.15,32,0.8311281783819248,17.2044,17.2459,17.2044,17.2875
2022-03-04,61000,1253250,20.25,20.8,20.25,20.8,0.05,42,0.8311281783819248,16.8303,17.2875,16.8303,17.2875
2022-03-07,87013,1776920,20.5,20.8,20.35,20.35,-0.45,49,0.8311281783819248,17.0381,16.9135,16.9135,17.2875
2022-03-08,132246,2656965,20.35,20.4,19.95,20.0,-0.35,58,0.8311281783819248,16.9135,16.6226,16.581,16.955
2022-03-09,38017,765590,20.0,20.35,20.0,20.15,0.15,26,0.8311281783819248,16.6226,16.7472,16.6226,16.9135
2022-03-10,216236,4577578,20.7,21.55,20.7,20.95,0.8,140,0.8311281783819248,17.2044,17.4121,17.2044,17.9108
2022-03-11,52143,1091307,20.9,21.0,20.75,21.0,0.05,38,0.8311281783819248,17.3706,17.4537,17.2459,17.4537
2022-03-14,108219,2297881,21.05,21.35,21.05,21.35,0.35,69,0.8311281783819248,17.4952,17.7446,17.4952,17.7446
2022-03-15,71109,1512692,21.45,21.45,21.1,21.35,0.0,64,0.8311281783819248,17.8277,17.7446,17.5368,17.8277
2022-03-16,134850,2888025,21.4,21.55,21.25,21.4,0.05,96,0.8311281783819248,17.7861,17.7861,17.6615,17.9108
2022-03-17,76150,1629616,21.55,21.55,21.3,21.4,0.0,47,0.8311281783819248,17.9108,17.7861,17.703,17.9108
2022-03-18,95016,2043695,21.5,21.6,21.4,21.55,0.15,74,0.8311281783819248,17.8693,17.9108,17.7861,17.9524
2022-03-21,129186,2799033,21.55,21.8,21.55,21.7,0.15,80,0.8311281783819248,17.9108,18.0355,17.9108,18.1186
2022-03-22,97732,2132969,21.7,21.9,21.7,21.85,0.15,74,0.8311281783819248,18.0355,18.1602,18.0355,18.2017
2022-03-23,148336,3233149,21.9,21.9,21.75,21.8,-0.05,72,0.8311281783819248,18.2017,18.1186,18.077,18.2017
2022-03-24,94267,2060008,21.8,21.95,21.8,21.9,0.1,66,0.8311281783819248,18.1186,18.2017,18.1186,18.2433
2022-03-25,309398,6915136,21.95,23.0,21.9,22.3,0.4,187,0.8311281783819248,18.2433,18.5342,18.2017,19.1159
2022-03-28,114689,2540039,22.3,22.5,21.95,22.1,-0.2,105,0.8311281783819248,18.5342,18.3679,18.2433,18.7004
2022-03-29,102114,2250804,22.2,22.2,21.9,21.95,-0.15,70,0.8311281783819248,18.451,18.2433,18.2017,18.451
2022-03-30,107409,2348252,22.0,22.1,21.75,21.9,-0.05,58,0.8311281783819248,18.2848,18.2017,18.077,18.3679
2022-03-31,30400,661371,21.85,21.85,21.65,21.65,-0.25,34,0.8311281783819248,18.1602,17.9939,17.9939,18.1602
2022-04-01,37002,792892,21.3,21.6,21.2,21.5,-0.15,34,0.8311281783819248,17.703,17.8693,17.6199,17.9524
2022-04-06,68677,1480921,21.45,22.0,21.35,21.9,0.4,62,0.8311281783819248,17.8277,18.2017,17.7446,18.2848
2022-04-07,50063,1087860,21.8,21.85,21.5,21.7,-0.2,32,0.8311281783819248,18.1186,18.0355,17.8693,18.1602
2022-04-08,30151,657461,21.7,21.9,21.5,21.9,0.2,30,0.8311281783819248,18.0355,18.2017,17.8693,18.2017
2022-04-11,40300,874798,22.0,22.0,21.6,21.6,-0.3,31,0.8311281783819248,18.2848,17.9524,17.9524,18.2848
2022-04-12,8634,186521,21.6,21.65,21.5,21.6,0.0,29,0.8311281783819248,17.9524,17.9524,17.8693,17.9939
2022-04-13,73155,1602682,21.6,22.2,21.6,21.8,0.2,63,0.8311281783819248,17.9524,18.1186,17.9524,18.451
2022-04-14,41145,895765,21.8,21.95,21.6,21.6,-0.2,44,0.8311281783819248,18.1186,17.9524,17.9524,18.2433
2022-04-15,36296,777832,21.4,21.5,21.35,21.5,-0.1,28,0.8311281783819248,17.7861,17.8693,17.7446,17.8693
2022-04-18,52002,1125542,21.55,21.7,21.55,21.65,0.15,38,0.8311281783819248,17.9108,17.9939,17.9108,18.0355
2022-04-19,47002,1018742,21.65,21.7,21.65,21.7,0.05,16,0.8311281783819248,17.9939,18.0355,17.9939,18.0355
2022-04-20,41000,889400,21.7,21.75,21.65,21.65,-0.05,24,0.8311281783819248,18.0355,17.9939,17.9939,18.077
2022-04-21,89032,1932194,21.75,21.85,21.5,21.55,-0.1,44,0.8311281783819248,18.077,17.9108,17.8693,18.1602
2022-04-22,51231,1106665,21.6,21.7,21.55,21.6,0.05,49,0.8311281783819248,17.9524,17.9524,17.9108,18.0355
2022-04-25,63528,1354042,21.5,21.5,21.25,21.25,-0.35,51,0.8311281783819248,17.8693,17.6615,17.6615,17.8693
2022-04-26,28000,595000,21.25,21.25,21.25,21.25,0.0,16,0.8311281783819248,17.6615,17.6615,17.6615,17.6615
2022-04-27,67406,1399476,21.1,21.1,20.5,20.7,-0.55,53,0.8311281783819248,17.5368,17.2044,17.0381,17.5368
2022-04-28,51000,1060250,20.7,21.0,20.7,20.85,0.15,20,0.8311281783819248,17.2044,17.329,17.2044,17.4537
2022-04-29,73000,1559550,20.85,21.85,20.85,21.1,0.25,44,0.8311281783819248,17.329,17.5368,17.329,18.1602
2022-05-03,26000,539950,20.8,20.85,20.6,20.85,-0.25,12,0.8311281783819248,17.2875,17.329,17.1212,17.329
2022-05-04,19100,398850,21.2,21.2,20.8,20.8,-0.05,14,0.8311281783819248,17.6199,17.2875,17.2875,17.6199
2022-05-05,27177,569334,20.8,21.3,20.8,21.1,0.3,20,0.8311281783819248,17.2875,17.5368,17.2875,17.703
2022-05-06,89000,1829100,20.6,20.7,20.45,20.55,-0.55,54,0.8311281783819248,17.1212,17.0797,16.9966,17.2044
2022-05-09,41050,827000,20.3,20.4,20.1,20.1,-0.45,35,0.8311281783819248,16.8719,16.7057,16.7057,16.955
2022-05-10,69100,1381380,20.15,20.2,19.7,20.2,0.1,40,0.8311281783819248,16.7472,16.7888,16.3732,16.7888
2022-05-11,30000,598750,20.05,20.2,19.85,19.95,-0.25,22,0.8311281783819248,16.6641,16.581,16.4979,16.7888
2022-05-12,61086,1206030,19.8,19.95,19.65,19.7,-0.25,46,0.8311281783819248,16.4563,16.3732,16.3317,16.581
2022-05-13,45001,887769,19.75,19.85,19.65,19.75,0.05,30,0.8311281783819248,16.4148,16.4148,16.3317,16.4979
2022-05-16,36765,720858,19.75,19.75,19.5,19.5,-0.25,33,0.8311281783819248,16.4148,16.207,16.207,16.4148
2022-05-17,99648,1925357,19.6,19.6,19.1,19.35,-0.15,66,0.8311281783819248,16.2901,16.0823,15.8745,16.2901
2022-05-18,27296,530645,19.3,19.65,19.3,19.5,0.15,22,0.8311281783819248,16.0408,16.207,16.0408,16.3317
2022-05-19,42000,811600,19.3,19.6,19.25,19.6,0.1,28,0.8311281783819248,16.0408,16.2901,15.9992,16.2901
2022-05-20,24293,480000,19.55,19.9,19.5,19.85,0.25,27,0.8311281783819248,16.2486,16.4979,16.207,16.5395
2022-05-23,46725,915724,19.8,19.85,19.4,19.65,-0.2,51,0.8311281783819248,16.4563,16.3317,16.1239,16.4979
2022-05-24,29160,574652,19.9,19.95,19.55,19.55,-0.1,23,0.8311281783819248,16.5395,16.2486,16.2486,16.581
2022-05-25,46150,901570,19.45,19.75,19.35,19.65,0.1,31,0.8311281783819248,16.1654,16.3317,16.0823,16.4148
2022-05-26,2000,39300,19.65,19.65,19.65,19.65,0.0,1,0.8311281783819248,16.3317,16.3317,16.3317,16.3317
2022-05-27,16067,316263,19.75,19.75,19.65,19.65,0.0,20,0.8311281783819248,16.4148,16.3317,16.3317,16.4148
2022-05-30,15001,297419,19.7,19.85,19.7,19.85,0.2,15,0.8311281783819248,16.3732,16.4979,16.3732,16.4979
2022-05-31,30104,600076,19.95,20.0,19.85,19.9,0.05,32,0.8311281783819248,16.581,16.5395,16.4979,16.6226
2022-06-01,49108,1004573,20.7,20.7,20.15,20.25,0.35,43,0.8311281783819248,17.2044,16.8303,16.7472,17.2044
2022-06-02,10070,202472,20.1,20.15,20.1,20.15,-0.1,8,0.8311281783819248,16.7057,16.7472,16.7057,16.7472
2022-06-06,60048,1245750,20.5,20.85,20.5,20.75,0.6,49,0.8311281783819248,17.0381,17.2459,17.0381,17.329
2022-06-07,22250,458287,20.7,20.85,20.5,20.5,-0.25,24,0.8311281783819248,17.2044,17.0381,17.0381,17.329
2022-06-08,8050,165026,20.5,20.5,20.5,20.5,0.0,11,0.8311281783819248,17.0381,17.0381,17.0381,17.0381
2022-06-09,7750,157224,20.2,20.3,20.15,20.3,-0.2,11,0.8311281783819248,16.7888,16.8719,16.7472,16.8719
2022-06-10,13000,263700,20.3,20.3,20.25,20.25,-0.05,11,0.8311281783819248,16.8719,16.8303,16.8303,16.8719
2022-06-13,16451,329879,20.0,20.1,20.0,20.0,-0.25,15,0.8311281783819248,16.6226,16.6226,16.6226,16.7057
2022-06-14,13203,264869,20.35,20.35,20.0,20.0,0.0,16,0.8311281783819248,16.9135,16.6226,16.6226,16.9135
2022-06-15,43848,883096,20.0,20.5,20.0,20.05,0.05,30,0.8311281783819248,16.6226,16.6641,16.6226,17.0381
2022-06-16,42111,839076,20.1,20.1,19.8,19.8,-0.25,32,0.8311281783819248,16.7057,16.4563,16.4563,16.7057
2022-06-17,22009,434678,19.6,20.0,19.35,19.75,-0.05,20,0.8311281783819248,16.2901,16.4148,16.0823,16.6226
2022-06-20,25000,487300,19.75,19.75,19.35,19.35,-0.4,24,0.8311281783819248,16.4148,16.0823,16.0823,16.4148
2022-06-21,31153,607304,19.35,19.75,19.35,19.55,0.2,28,0.8311281783819248,16.0823,16.2486,16.0823,16.4148
2022-06-22,39137,761165,19.6,19.6,19.3,19.45,-0.1,33,0.8311281783819248,16.2901,16.1654,16.0408,16.2901
2022-06-23,15775,306109,19.4,19.5,19.35,19.5,0.05,14,0.8311281783819248,16.1239,16.207,16.0823,16.207
2022-06-24,27258,539490,19.95,20.0,19.4,19.45,-0.05,25,0.8311281783819248,16.581,16.1654,16.1239,16.6226
2022-06-27,36020,714594,19.95,20.0,19.55,19.7,0.25,24,0.8311281783819248,16.581,16.3732,16.2486,16.6226
2022-06-28,1070,21068,19.7,19.7,19.7,19.7,0.0,2,0.8311281783819248,16.3732,16.3732,16.3732,16.3732
2022-06-29,15028,294915,19.7,19.7,19.6,19.65,-0.05,13,0.8311281783819248,16.3732,16.3317,16.2901,16.3732
2022-06-30,24006,465267,19.55,19.55,19.3,19.3,-0.35,24,0.8311281783819248,16.2486,16.0408,16.0408,16.2486
2022-08-01,10070,192500,19.05,19.25,19.05,19.1,-0.15,10,0.8311281783819248,15.833,15.8745,15.833,15.9992
2022-08-02,37099,697687,19.0,19.25,18.6,18.8,-0.3,33,0.8311281783819248,15.7914,15.6252,15.459,15.9992
2022-08-03,15129,285026,18.8,19.0,18.75,19.0,0.2,16,0.8311281783819248,15.6252,15.7914,15.5837,15.7914
2022-08-04,14180,268367,19.0,19.0,18.8,18.95,-0.05,18,0.8311281783819248,15.7914,15.7499,15.6252,15.7914
2022-08-05,14050,266610,18.8,19.2,18.8,18.95,0.0,13,0.8311281783819248,15.6252,15.7499,15.6252,15.9577
2022-08-08,4008,76152,18.9,19.1,18.9,19.1,0.15,5,0.8311281783819248,15.7083,15.8745,15.7083,15.8745
2022-08-09,7050,135015,19.2,19.25,19.1,19.1,0.0,8,0.8311281783819248,15.9577,15.8745,15.8745,15.9992
2022-08-10,44056,843779,18.95,19.4,18.85,19.35,0.25,35,0.8311281783819248,15.7499,16.0823,15.6668,16.1239
2022-08-11,24509,476349,19.35,19.55,19.3,19.45,0.1,29,0.8311281783819248,16.0823,16.1654,16.0408,16.2486
2022-08-12,43682,860157,19.65,19.9,19.4,19.7,0.25,40,0.8311281783819248,16.3317,16.3732,16.1239,16.5395
2022-08-15,74901,1484440,19.8,20.2,19.65,19.9,0.2,53,0.8311281783819248,16.4563,16.5395,16.3317,16.7888
2022-08-16,33226,655063,19.95,19.95,19.55,19.7,-0.2,31,0.8311281783819248,16.581,16.3732,16.2486,16.581
2022-08-17,36446,720490,19.7,19.95,19.7,19.7,0.0,27,0.8311281783819248,16.3732,16.3732,16.3732,16.581
2022-08-18,22274,438550,19.7,19.8,19.55,19.7,0.0,18,0.8311281783819248,16.3732,16.3732,16.2486,16.4563
2022-08-19,11190,221150,19.95,19.95,19.7,19.75,0.05,14,0.8311281783819248,16.581,16.4148,16.3732,16.581
2022-08-22,53617,1054305,19.7,19.85,19.5,19.75,0.0,39,0.8311281783819248,16.3732,16.4148,16.207,16.4979
2022-08-23,56458,1119118,19.65,19.9,19.65,19.8,0.05,43,0.8311281783819248,16.3317,16.4563,16.3317,16.5395
2022-08-24,61601,1224718,19.8,19.95,19.8,19.9,0.1,40,0.8311281783819248,16.4563,16.5395,16.4563,16.581
2022-08-25,161910,3238679,19.9,20.15,19.9,20.15,0.25,117,0.8311281783819248,16.5395,16.7472,16.5395,16.7472
2022-08-26,110278,2057217,18.6,18.95,18.45,18.95,0.0,94,0.897974948761168,16.7023,17.0166,16.5676,17.0166
2022-08-29,48148,888937,18.5,18.6,18.4,18.4,-0.55,41,0.897974948761168,16.6125,16.5227,16.5227,16.7023
2022-08-30,16051,297088,18.45,18.55,18.45,18.55,0.15,15,0.897974948761168,16.5676,16.6574,16.5676,16.6574
2022-08-31,16000,295950,18.55,18.55,18.45,18.5,-0.05,13,0.897974948761168,16.6574,16.6125,16.5676,16.6574
2022-09-01,53034,975783,18.5,18.5,18.3,18.35,-0.15,32,0.897974948761168,16.6125,16.4778,16.4329,16.6125
2022-09-02,25550,469437,18.4,18.45,18.3,18.3,-0.05,21,0.897974948761168,16.5227,16.4329,16.4329,16.5676
2022-09-05,35755,652958,18.35,18.35,18.15,18.2,-0.1,50,0.897974948761168,16.4778,16.3431,16.2982,16.4778
2022-09-06,18075,329677,18.25,18.3,18.15,18.15,-0.05,16,0.897974948761168,16.388,16.2982,16.2982,16.4329
2022-09-07,55055,981305,18.0,18.0,17.65,18.0,-0.15,42,0.897974948761168,16.1635,16.1635,15.8493,16.1635
2022-09-08,8000,144550,18.0,18.15,18.0,18.15,0.15,8,0.897974948761168,16.1635,16.2982,16.1635,16.2982
2022-09-12,3363,61036,18.15,18.15,18.15,18.15,0.0,9,0.897974948761168,16.2982,16.2982,16.2982,16.2982
2022-09-13,29788,540139,18.15,18.25,18.0,18.2,0.05,33,0.897974948761168,16.2982,16.3431,16.1635,16.388
2022-09-14,34331,614417,18.05,18.1,17.7,18.1,-0.1,41,0.897974948761168,16.2084,16.2533,15.8942,16.2533
2022-09-15,57150,1028715,18.45,18.45,17.7,18.1,0.0,42,0.897974948761168,16.5676,16.2533,15.8942,16.5676
2022-09-16,15493,276977,17.8,17.9,17.8,17.9,-0.2,38,0.897974948761168,15.984,16.0738,15.984,16.0738
2022-09-19,8000,143650,17.9,18.2,17.85,17.85,-0.05,7,0.897974948761168,16.0738,16.0289,16.0289,16.3431
2022-09-20,17000,306650,17.9,18.1,17.85,18.05,0.2,12,0.897974948761168,16.0738,16.2084,16.0289,16.2533
2022-09-21,0,0,,,,,0.0,0,0.897974948761168,,,,
2022-09-22,2080,37440,18.05,18.05,17.95,17.95,0.0,3,0.897974948761168,16.2084,16.1187,16.1187,16.2084
2022-09-23,10955,196320,18.0,18.0,17.85,17.95,0.0,15,0.897974948761168,16.1635,16.1187,16.0289,16.1635
2022-09-26,19201,338107,17.85,17.85,17.55,17.7,-0.25,20,0.897974948761168,16.0289,15.8942,15.7595,16.0289
2022-09-27,20123,353938,17.7,17.7,17.5,17.65,-0.05,17,0.897974948761168,15.8942,15.8493,15.7146,15.8942
2022-09-28,34722,597196,17.7,17.7,17.0,17.0,-0.65,33,0.897974948761168,15.8942,15.2656,15.2656,15.8942
2022-09-29,34000,585300,17.0,17.3,17.0,17.2,0.2,19,0.897974948761168,15.2656,15.4452,15.2656,15.535
2022-09-30,6185,107050,17.35,17.35,17.25,17.25,0.05,8,0.897974948761168,15.5799,15.4901,15.4901,15.5799
2022-10-03,16000,276050,17.25,17.3,17.25,17.25,0.0,6,0.897974948761168,15.4901,15.4901,15.4901,15.535
2022-10-04,6256,110076,17.6,17.6,17.6,17.6,0.35,9,0.897974948761168,15.8044,15.8044,15.8044,15.8044
2022-10-05,11000,193050,17.55,17.6,17.5,17.5,-0.1,10,0.897974948761168,15.7595,15.7146,15.7146,15.8044
2022-10-06,2000,35000,17.5,17.5,17.5,17.5,0.0,2,0.897974948761168,15.7146,15.7146,15.7146,15.7146
2022-10-07,42099,742384,17.35,17.8,17.2,17.75,0.25,32,0.897974948761168,15.5799,15.9391,15.4452,15.984
2022-10-11,5350,94552,17.75,17.75,17.55,17.55,-0.2,6,0.897974948761168,15.9391,15.7595,15.7595,15.9391
2022-10-12,21241,364406,17.15,17.25,17.1,17.15,-0.4,18,0.897974948761168,15.4003,15.4003,15.3554,15.4901
2022-10-13,26575,444867,17.0,17.0,16.6,16.6,-0.55,32,0.897974948761168,15.2656,14.9064,14.9064,15.2656
2022-10-14,12000,204600,16.95,17.2,16.85,17.05,0.45,12,0.897974948761168,15.2207,15.3105,15.1309,15.4452
2022-10-17,5006,85504,17.0,17.15,17.0,17.15,0.1,9,0.897974948761168,15.2656,15.4003,15.2656,15.4003
2022-10-18,5200,90079,17.25,17.4,17.2,17.3,0.15,7,0.897974948761168,15.4901,15.535,15.4452,15.6248
2022-10-19,17121,298690,17.4,17.5,17.3,17.4,0.1,18,0.897974948761168,15.6248,15.6248,15.535,15.7146
2022-10-20,16012,273905,17.1,17.2,17.05,17.2,-0.2,14,0.897974948761168,15.3554,15.4452,15.3105,15.4452
2022-10-21,29277,494340,17.0,17.1,16.75,16.75,-0.45,23,0.897974948761168,15.2656,15.0411,15.0411,15.3554
2022-10-24,34171,571501,16.85,16.85,16.6,16.7,-0.05,29,0.897974948761168,15.1309,14.9962,14.9064,15.1309
2022-10-25,44232,726382,16.7,16.7,16.25,16.4,-0.3,26,0.897974948761168,14.9962,14.7268,14.5921,14.9962
2022-10-26,35192,574050,16.4,16.4,16.2,16.35,-0.05,23,0.897974948761168,14.7268,14.6819,14.5472,14.7268
2022-10-27,18022,295658,16.35,16.6,16.35,16.6,0.25,10,0.897974948761168,14.6819,14.9064,14.6819,14.9064
2022-10-28,7118,116668,16.6,16.6,16.2,16.35,-0.25,15,0.897974948761168,14.9064,14.6819,14.5472,14.9064
2022-10-31,8343,137057,16.35,16.5,16.35,16.5,0.15,16,0.897974948761168,14.6819,14.8166,14.6819,14.8166
2022-11-01,14621,242346,16.6,16.6,16.5,16.5,0.0,13,0.897974948761168,14.9064,14.8166,14.8166,14.9064
2022-11-02,8200,134730,16.4,16.5,16.35,16.4,-0.1,8,0.897974948761168,14.7268,14.7268,14.6819,14.8166
2022-11-03,1400,23058,16.5,16.5,16.5,16.5,0.1,6,0.897974948761168,14.8166,14.8166,14.8166,14.8166
2022-11-04,3400,55588,16.5,16.5,16.25,16.25,-0.25,6,0.897974948761168,14.8166,14.5921,14.5921,14.8166
2022-11-07,11120,181528,16.35,16.45,16.25,16.4,0.15,11,0.897974948761168,14.6819,14.7268,14.5921,14.7717
2022-11-08,32000,524250,16.45,16.45,16.3,16.45,0.05,20,0.897974948761168,14.7717,14.7717,14.637,14.7717
2022-11-09,3000,49400,16.4,16.55,16.4,16.55,0.1,3,0.897974948761168,14.7268,14.8615,14.7268,14.8615
2022-11-10,59630,970402,16.3,16.45,16.2,16.25,-0.3,35,0.897974948761168,14.637,14.5921,14.5472,14.7717
2022-11-11,87000,1419250,16.35,16.45,16.25,16.45,0.2,37,0.897974948761168,14.6819,14.7717,14.5921,14.7717
2022-11-14,26230,428403,16.45,16.45,16.25,16.3,-0.15,20,0.897974948761168,14.7717,14.637,14.5921,14.7717
2022-11-15,18007,295516,16.5,16.5,16.35,16.35,0.05,7,0.897974948761168,14.8166,14.6819,14.6819,14.8166
2022-11-16,26130,427037,16.4,16.4,16.3,16.3,-0.05,18,0.897974948761168,14.7268,14.637,14.637,14.7268
2022-11-17,31828,519515,16.25,16.45,16.25,16.45,0.15,23,0.897974948761168,14.5921,14.7717,14.5921,14.7717
2022-11-18,21750,357103,16.45,16.5,16.35,16.35,-0.1,20,0.897974948761168,14.7717,14.6819,14.6819,14.8166
2022-11-21,7395,121406,16.4,16.5,16.4,16.5,0.15,8,0.897974948761168,14.7268,14.8166,14.7268,14.8166
2022-11-22,19060,311696,16.4,16.4,16.3,16.35,-0.15,13,0.897974948761168,14.7268,14.6819,14.637,14.7268
2022-11-23,7000,113800,16.35,16.45,16.2,16.45,0.1,3,0.897974948761168,14.6819,14.7717,14.5472,14.7717
2022-11-24,31301,523696,16.5,16.95,16.5,16.75,0.3,30,0.897974948761168,14.8166,15.0411,14.8166,15.2207
2022-11-25,4070,67471,16.5,16.6,16.5,16.6,-0.15,6,0.897974948761168,14.8166,14.9064,14.8166,14.9064
2022-11-28,15091,251167,16.6,16.7,16.6,16.65,0.05,15,0.897974948761168,14.9064,14.9513,14.9064,14.9962
2022-11-29,10900,178975,16.45,16.6,16.45,16.6,-0.05,11,0.897974948761168,14.7717,14.9064,14.7717,14.9064
2022-11-30,37914,641573,16.6,17.1,16.6,17.0,0.4,32,0.897974948761168,14.9064,15.2656,14.9064,15.3554
2022-12-01,24044,412952,17.3,17.4,17.05,17.1,0.1,21,0.897974948761168,15.535,15.3554,15.3105,15.6248
2022-12-02,2198,37485,17.1,17.1,17.0,17.0,-0.1,6,0.897974948761168,15.3554,15.2656,15.2656,15.3554
2022-12-05,16209,274953,16.9,17.1,16.9,17.1,0.1,16,0.897974948761168,15.1758,15.3554,15.1758,15.3554
2022-12-06,13785,232698,16.85,16.9,16.8,16.9,-0.2,15,0.897974948761168,15.1309,15.1758,15.086,15.1758
2022-12-07,17060,285661,16.75,16.85,16.7,16.7,-0.2,11,0.897974948761168,15.0411,14.9962,14.9962,15.1309
2022-12-08,17030,290463,16.7,17.25,16.7,16.85,0.15,16,0.897974948761168,14.9962,15.1309,14.9962,15.4901
2022-12-09,11000,184400,16.95,16.95,16.7,16.75,-0.1,6,0.897974948761168,15.2207,15.0411,14.9962,15.2207
2022-12-12,23357,386851,16.6,16.75,16.45,16.65,-0.1,20,0.897974948761168,14.9064,14.9513,14.7717,15.0411
2022-12-13,4081,68065,16.65,16.75,16.65,16.75,0.1,8,0.897974948761168,14.9513,15.0411,14.9513,15.0411
2022-12-14,49160,817503,16.6,16.7,16.5,16.7,-0.05,26,0.897974948761168,14.9064,14.9962,14.8166,14.9962
2022-12-15,14000,233200,16.75,16.75,16.55,16.7,0.0,9,0.897974948761168,15.0411,14.9962,14.8615,15.0411
2022-12-16,15564,258154,16.7,16.7,16.55,16.6,-0.1,18,0.897974948761168,14.9962,14.9064,14.8615,14.9962
2022-12-19,5385,89387,16.6,16.6,16.55,16.6,0.0,10,0.897974948761168,14.9064,14.9064,14.8615,14.9064
2022-12-20,25061,413665,16.6,16.6,16.4,16.45,-0.15,16,0.897974948761168,14.9064,14.7717,14.7268,14.9064
2022-12-21,11030,180977,16.45,16.45,16.4,16.4,-0.05,11,0.897974948761168,14.7717,14.7268,14.7268,14.7717
2022-12-22,7230,118783,16.4,16.5,16.4,16.5,0.1,7,0.897974948761168,14.7268,14.8166,14.7268,14.8166
2022-12-23,771,12721,,,,,0.0,3,0.897974948761168,,,,
2022-12-26,22060,362299,16.5,16.5,16.4,16.45,0.0,11,0.897974948761168,14.8166,14.7717,14.7268,14.8166
2022-12-27,11000,180600,16.4,16.55,16.4,16.55,0.1,5,0.897974948761168,14.7268,14.8615,14.7268,14.8615
2022-12-28,9001,149716,16.8,16.8,16.35,16.35,-0.2,9,0.897974948761168,15.086,14.6819,14.6819,15.086
2022-12-29,50,817,,,,,0.0,2,0.897974948761168,,,,
2022-12-30,10060,166402,16.5,16.65,16.5,16.5,0.0,7,0.897974948761168,14.8166,14.8166,14.8166,14.9513
2023-01-03,8000,130950,16.5,16.5,16.3,16.45,-0.05,3,0.897974948761168,14.8166,14.7717,14.637,14.8166
2023-01-04,5000,82150,16.4,16.5,16.4,16.5,0.05,5,0.897974948761168,14.7268,14.8166,14.7268,14.8166
2023-01-05,4002,65932,16.4,16.6,16.35,16.55,0.05,6,0.897974948761168,14.7268,14.8615,14.6819,14.9064
2023-01-06,4434,72924,16.6,16.6,16.35,16.45,-0.1,13,0.897974948761168,14.9064,14.7717,14.6819,14.9064
2023-01-09,25007,411716,16.5,16.55,16.4,16.5,0.05,20,0.897974948761168,14.8166,14.8166,14.7268,14.8615
2023-01-10,8143,135736,16.6,16.7,16.6,16.65,0.15,9,0.897974948761168,14.9064,14.9513,14.9064,14.9962
2023-01-11,2032,33691,16.5,16.65,16.5,16.65,0.0,4,0.897974948761168,14.8166,14.9513,14.8166,14.9513
2023-01-12,15750,262860,16.75,16.75,16.55,16.75,0.1,14,0.897974948761168,15.0411,15.0411,14.8615,15.0411
2023-01-13,6294,105171,16.65,16.75,16.65,16.7,-0.05,10,0.897974948761168,14.9513,14.9962,14.9513,15.0411
2023-01-16,7117,119131,16.75,16.75,16.7,16.75,0.05,10,0.897974948761168,15.0411,15.0411,14.9962,15.0411
2023-01-17,15338,254660,16.65,16.65,16.5,16.55,-0.2,10,0.897974948761168,14.9513,14.8615,14.8166,14.9513
2023-01-30,4638,77154,16.65,16.65,16.55,16.55,0.0,11,0.897974948761168,14.9513,14.8615,14.8615,14.9513
2023-01-31,13041,216034,16.55,16.65,16.5,16.65,0.1,11,0.897974948761168,14.8615,14.9513,14.8166,14.9513
2023-02-01,27000,454050,16.7,16.85,16.7,16.85,0.2,16,0.897974948761168,14.9962,15.1309,14.9962,15.1309
2023-02-02,16001,269416,16.8,16.85,16.8,16.8,-0.05,9,0.897974948761168,15.086,15.086,15.086,15.1309
2023-02-03,28060,472126,16.8,16.9,16.8,16.9,0.1,12,0.897974948761168,15.086,15.1758,15.086,15.1758
2023-02-06,29505,499128,16.9,17.0,16.85,16.9,0.0,22,0.897974948761168,15.1758,15.1758,15.1309,15.2656
2023-02-07,41100,690172,16.8,16.9,16.65,16.8,-0.1,20,0.897974948761168,15.086,15.086,14.9513,15.1758
2023-02-08,11032,185594,16.7,16.85,16.7,16.85,0.05,12,0.897974948761168,14.9962,15.1309,14.9962,15.1309
2023-02-09,33001,556568,16.85,17.0,16.8,17.0,0.15,17,0.897974948761168,15.1309,15.2656,15.086,15.2656
2023-02-10,33049,566087,17.05,17.4,16.85,16.85,-0.15,25,0.897974948761168,15.3105,15.1309,15.1309,15.6248
2023-02-13,50059,844991,16.85,16.95,16.8,16.8,-0.05,26,0.897974948761168,15.1309,15.086,15.086,15.2207
2023-02-14,21001,352568,16.85,16.85,16.7,16.8,0.0,20,0.897974948761168,15.1309,15.086,14.9962,15.1309
2023-02-15,83668,1400723,16.7,16.85,16.7,16.75,-0.05,49,0.897974948761168,14.9962,15.0411,14.9962,15.1309
2023-02-16,5343,89740,16.8,16.8,16.8,16.8,0.05,11,0.897974948761168,15.086,15.086,15.086,15.086
2023-02-17,40521,681113,16.8,16.85,16.75,16.75,-0.05,30,0.897974948761168,15.086,15.0411,15.0411,15.1309
2023-02-20,99065,1656800,16.8,16.8,16.7,16.75,0.0,46,0.897974948761168,15.086,15.0411,14.9962,15.086
2023-02-21,21106,358365,16.8,17.1,16.8,17.0,0.25,24,0.897974948761168,15.086,15.2656,15.086,15.3554
2023-02-22,28359,479831,16.95,17.0,16.85,17.0,0.0,26,0.897974948761168,15.2207,15.2656,15.1309,15.2656
2023-02-23,96372,1630718,17.0,17.0,16.9,16.95,-0.05,65,0.897974948761168,15.2656,15.2207,15.1758,15.2656
2023-02-24,9302,157789,17.0,17.0,16.95,16.95,0.0,19,0.897974948761168,15.2656,15.2207,15.2207,15.2656
2023-03-01,26212,442929,16.95,16.95,16.85,16.85,-0.1,29,0.897974948761168,15.2207,15.1309,15.1309,15.2207
2023-03-02,26392,445604,16.9,16.95,16.8,16.95,0.1,24,0.897974948761168,15.1758,15.2207,15.086,15.2207
2023-03-03,27064,456742,16.95,16.95,16.8,16.95,0.0,26,0.897974948761168,15.2207,15.2207,15.086,15.2207
2023-03-06,31178,530981,17.05,17.1,16.95,16.95,0.0,30,0.897974948761168,15.3105,15.2207,15.2207,15.3554
2023-03-07,61119,1046975,16.95,17.45,16.9,17.15,0.2,42,0.897974948761168,15.2207,15.4003,15.1758,15.6697
2023-03-08,20293,346968,17.2,17.2,17.05,17.05,-0.1,32,0.897974948761168,15.4452,15.3105,15.3105,15.4452
2023-03-09,36060,619579,17.15,17.3,17.1,17.15,0.1,27,0.897974948761168,15.4003,15.4003,15.3554,15.535
2023-03-10,16191,275788,17.05,17.2,16.95,17.0,-0.15,21,0.897974948761168,15.3105,15.2656,15.2207,15.4452
2023-03-13,24291,409123,17.0,17.0,16.7,16.9,-0.1,26,0.897974948761168,15.2656,15.1758,14.9962,15.2656
2023-03-14,44352,749895,17.0,17.25,16.65,17.0,0.1,35,0.897974948761168,15.2656,15.2656,14.9513,15.4901
2023-03-15,1280,21629,16.9,16.9,16.9,16.9,-0.1,7,0.897974948761168,15.1758,15.1758,15.1758,15.1758
2023-03-16,26021,434654,16.7,16.95,16.6,16.7,-0.2,25,0.897974948761168,14.9962,14.9962,14.9064,15.2207
2023-03-17,23001,387466,16.7,16.9,16.7,16.85,0.15,11,0.897974948761168,14.9962,15.1309,14.9962,15.1758
2023-03-20,16087,268608,16.85,16.85,16.65,16.75,-0.1,19,0.897974948761168,15.1309,15.0411,14.9513,15.1309
2023-03-21,13001,217516,16.7,16.75,16.7,16.75,0.0,11,0.897974948761168,14.9962,15.0411,14.9962,15.0411
2023-03-22,16002,268682,16.75,16.8,16.75,16.8,0.05,9,0.897974948761168,15.0411,15.086,15.0411,15.086
2023-03-23,7059,118489,16.8,16.85,16.75,16.85,0.05,8,0.897974948761168,15.086,15.1309,15.0411,15.1309
2023-03-24,24000,404150,16.9,16.9,16.8,16.8,-0.05,15,0.897974948761168,15.1758,15.086,15.086,15.1758
2023-03-27,8059,135388,16.8,16.8,16.8,16.8,0.0,12,0.897974948761168,15.086,15.086,15.086,15.086
2023-03-28,8002,133982,16.8,16.85,16.7,16.7,-0.1,9,0.897974948761168,15.086,14.9962,14.9962,15.1309
2023-03-29,10062,168034,16.7,16.7,16.7,16.7,0.0,9,0.897974948761168,14.9962,14.9962,14.9962,14.9962
2023-03-30,3188,53267,16.7,16.7,16.7,16.7,0.0,16,0.897974948761168,14.9962,14.9962,14.9962,14.9962
2023-03-31,65200,1100958,16.7,17.25,16.7,16.85,0.15,34,0.897974948761168,14.9962,15.1309,14.9962,15.4901
2023-04-06,6109,103247,17.0,17.0,16.8,16.95,0.1,10,0.897974948761168,15.2656,15.2207,15.086,15.2656
2023-04-07,34696,585142,16.95,17.0,16.8,16.85,-0.1,28,0.897974948761168,15.2207,15.1309,15.086,15.2656
2023-04-10,23058,390360,16.85,17.0,16.8,16.9,0.05,18,0.897974948761168,15.1309,15.1758,15.086,15.2656
2023-04-11,9201,155598,16.95,16.95,16.8,16.8,-0.1,7,0.897974948761168,15.2207,15.086,15.086,15.2207
2023-04-12,19000,321150,17.0,17.0,16.85,16.85,0.05,16,0.897974948761168,15.2656,15.1309,15.1309,15.2656
2023-04-13,8001,134866,16.85,16.9,16.85,16.85,0.0,8,0.897974948761168,15.1309,15.1309,15.1309,15.1758
2023-04-14,14510,247210,16.85,17.4,16.85,16.95,0.1,18,0.897974948761168,15.1309,15.2207,15.1309,15.6248
2023-04-17,38070,645695,16.95,17.0,16.9,16.95,0.0,18,0.897974948761168,15.2207,15.2207,15.1758,15.2656
2023-04-18,11501,194746,16.95,16.95,16.9,16.95,0.0,13,0.897974948761168,15.2207,15.2207,15.1758,15.2207
2023-04-19,26419,448612,17.0,17.0,16.9,16.9,-0.05,24,0.897974948761168,15.2656,15.1758,15.1758,15.2656
2023-04-20,8011,135684,16.9,17.0,16.9,16.9,0.0,11,0.897974948761168,15.1758,15.1758,15.1758,15.2656
2023-04-21,43034,732628,16.9,17.3,16.85,16.9,0.0,32,0.897974948761168,15.1758,15.1758,15.1309,15.535
2023-04-24,115101,1974162,17.0,17.25,17.0,17.25,0.35,72,0.897974948761168,15.2656,15.4901,15.2656,15.4901
2023-04-25,230695,4063622,17.5,18.35,17.15,17.15,-0.1,174,0.897974948761168,15.7146,15.4003,15.4003,16.4778
2023-04-26,177252,3091957,17.15,17.85,16.95,17.5,0.35,135,0.897974948761168,15.4003,15.7146,15.2207,16.0289
2023-04-27,780927,14688547,17.8,19.25,17.65,19.25,1.75,461,0.897974948761168,15.984,17.286,15.8493,17.286
2023-04-28,1457355,30823038,21.15,21.15,21.15,21.15,1.9,528,0.897974948761168,18.9922,18.9922,18.9922,18.9922
2023-05-02,6801628,156939196,22.8,23.25,22.5,23.25,2.1,2626,0.897974948761168,20.4738,20.8779,20.2044,20.8779
2023-05-03,3178922,72249989,23.95,23.95,22.1,22.25,-1.0,1742,0.897974948761168,21.5065,19.9799,19.8452,21.5065
2023-05-04,1452956,32284105,22.25,22.85,21.6,22.35,0.1,949,0.897974948761168,19.9799,20.0697,19.3963,20.5187
2023-05-05,1505008,34278985,22.55,23.3,22.4,22.4,0.05,1003,0.897974948761168,20.2493,20.1146,20.1146,20.9228
2023-05-08,962331,20912214,22.7,22.7,21.35,21.65,-0.75,657,0.897974948761168,20.384,19.4412,19.1718,20.384
2023-05-09,1670245,33543819,21.6,21.6,19.5,19.5,-2.15,1005,0.897974948761168,19.3963,17.5105,17.5105,19.3963
2023-05-10,690148,13449133,19.55,19.9,19.05,19.9,0.4,432,0.897974948761168,17.5554,17.8697,17.1064,17.8697
2023-05-11,1021591,19563029,20.0,20.3,18.5,18.8,-1.1,568,0.897974948761168,17.9595,16.8819,16.6125,18.2289
2023-05-12,248059,4594427,18.8,18.9,18.15,18.5,-0.3,197,0.897974948761168,16.8819,16.6125,16.2982,16.9717
2023-05-15,270424,4908834,18.5,18.55,18.0,18.0,-0.5,206,0.897974948761168,16.6125,16.1635,16.1635,16.6574
2023-05-16,718471,13984773,18.3,19.8,18.3,19.8,1.8,350,0.897974948761168,16.4329,17.7799,16.4329,17.7799
2023-05-17,1506811,29661399,19.8,20.15,19.15,19.25,-0.55,882,0.897974948761168,17.7799,17.286,17.1962,18.0942
2023-05-18,375141,7224104,19.7,19.75,19.0,19.0,-0.25,304,0.897974948761168,17.6901,17.0615,17.0615,17.735
2023-05-19,811019,15912252,19.0,20.2,19.0,19.25,0.25,561,0.897974948761168,17.0615,17.286,17.0615,18.1391
2023-05-22,298192,5737894,19.3,19.4,19.1,19.35,0.1,185,0.897974948761168,17.3309,17.3758,17.1513,17.4207
2023-05-23,177000,3422050,19.5,19.6,19.2,19.35,0.0,115,0.897974948761168,17.5105,17.3758,17.2411,17.6003
2023-05-24,398000,7697350,19.45,19.55,19.2,19.25,-0.1,240,0.897974948761168,17.4656,17.286,17.2411,17.5554
2023-05-25,434194,8189131,19.4,19.45,18.65,18.65,-0.6,285,0.897974948761168,17.4207,16.7472,16.7472,17.4656
2023-05-26,210300,3900649,18.9,18.9,18.4,18.55,-0.1,138,0.897974948761168,16.9717,16.6574,16.5227,16.9717
2023-05-29,167067,3113841,18.6,18.8,18.55,18.8,0.25,115,0.897974948761168,16.7023,16.8819,16.6574,16.8819
2023-05-30,211857,3937223,18.8,18.8,18.45,18.5,-0.3,146,0.897974948761168,16.8819,16.6125,16.5676,16.8819
2023-05-31,61100,1137899,18.5,18.8,18.5,18.6,0.1,46,0.897974948761168,16.6125,16.7023,16.6125,16.8819
2023-06-01,318370,6002651,18.5,19.15,18.5,18.85,0.25,211,0.897974948761168,16.6125,16.9268,16.6125,17.1962
2023-06-02,166740,3120632,18.85,18.85,18.55,18.75,-0.1,143,0.897974948761168,16.9268,16.837,16.6574,16.9268
2023-06-05,208132,3957639,18.75,19.15,18.75,19.1,0.35,158,0.897974948761168,16.837,17.1513,16.837,17.1962
2023-06-06,98373,1861275,19.05,19.05,18.85,18.9,-0.2,92,0.897974948761168,17.1064,16.9717,16.9268,17.1064
2023-06-07,147424,2786702,18.95,19.1,18.8,18.85,-0.05,100,0.897974948761168,17.0166,16.9268,16.8819,17.1513
2023-06-08,130225,2439186,18.85,18.95,18.55,18.65,-0.2,107,0.897974948761168,16.9268,16.7472,16.6574,17.0166
2023-06-09,121221,2252454,18.6,18.8,18.55,18.55,-0.1,98,0.897974948761168,16.7023,16.6574,16.6574,16.8819
2023-06-12,230672,4227606,18.55,18.7,18.15,18.15,-0.4,193,0.897974948761168,16.6574,16.2982,16.2982,16.7921
2023-06-13,100232,1827677,18.15,18.3,18.15,18.2,0.05,70,0.897974948761168,16.2982,16.3431,16.2982,16.4329
2023-06-14,77308,1420561,18.25,18.5,18.25,18.3,0.1,56,0.897974948761168,16.388,16.4329,16.388,16.6125
2023-06-15,68913,1258532,18.3,18.35,18.2,18.3,0.0,56,0.897974948761168,16.4329,16.4329,16.3431,16.4778
2023-06-16,183549,3357297,18.6,18.6,18.15,18.15,-0.15,106,0.897974948761168,16.7023,16.2982,16.2982,16.7023
2023-06-19,157569,2874009,18.3,18.35,18.15,18.25,0.1,108,0.897974948761168,16.4329,16.388,16.2982,16.4778
2023-06-20,134946,2395083,17.95,17.95,17.65,17.75,0.0,90,0.9285010093422843,16.6666,16.4809,16.388,16.6666
2023-06-21,68795,1234433,17.9,18.1,17.75,18.0,0.25,59,0.9285010093422843,16.6202,16.713,16.4809,16.8059
2023-06-26,71410,1266373,18.0,18.0,17.6,17.65,-0.35,54,0.9285010093422843,16.713,16.388,16.3416,16.713
2023-06-27,116556,2044040,17.65,17.7,17.3,17.45,-0.2,95,0.9285010093422843,16.388,16.2023,16.0631,16.4345
2023-06-28,62398,1089464,17.7,17.7,17.35,17.45,0.0,59,0.9285010093422843,16.4345,16.2023,16.1095,16.4345
2023-06-29,34636,605796,17.5,17.65,17.45,17.6,0.15,35,0.9285010093422843,16.2488,16.3416,16.2023,16.388
2023-06-30,97590,1722686,17.5,17.9,17.35,17.75,0.15,86,0.9285010093422843,16.2488,16.4809,16.1095,16.6202
2023-07-03,32210,574388,17.8,17.9,17.75,17.85,0.1,30,0.9285010093422843,16.5273,16.5737,16.4809,16.6202
2023-07-04,77255,1363755,17.85,17.85,17.55,17.7,-0.15,47,0.9285010093422843,16.5737,16.4345,16.2952,16.5737
2023-07-05,51648,909312,17.7,17.7,17.5,17.6,-0.1,46,0.9285010093422843,16.4345,16.3416,16.2488,16.4345
2023-07-06,44020,772901,17.5,17.7,17.45,17.65,0.05,33,0.9285010093422843,16.2488,16.388,16.2023,16.4345
2023-07-07,118858,2069906,17.55,17.55,17.3,17.4,-0.25,75,0.9285010093422843,16.2952,16.1559,16.0631,16.2952
2023-07-10,109039,1871777,17.4,17.4,17.1,17.1,-0.3,97,0.9285010093422843,16.1559,15.8774,15.8774,16.1559
2023-07-11,87460,1495068,17.15,17.15,17.0,17.1,0.0,53,0.9285010093422843,15.9238,15.8774,15.7845,15.9238
2023-07-12,80473,1373861,17.05,17.25,17.0,17.0,-0.1,61,0.9285010093422843,15.8309,15.7845,15.7845,16.0166
2023-07-13,63399,1077052,17.05,17.05,16.95,16.95,-0.05,58,0.9285010093422843,15.8309,15.7381,15.7381,15.8309
2023-07-14,38030,646453,16.95,17.05,16.9,17.05,0.1,33,0.9285010093422843,15.7381,15.8309,15.6917,15.8309
2023-07-17,54075,935647,17.35,17.4,17.1,17.3,0.25,53,0.9285010093422843,16.1095,16.0631,15.8774,16.1559
2023-07-18,105182,1809483,17.65,17.65,17.1,17.15,-0.15,91,0.9285010093422843,16.388,15.9238,15.8774,16.388
2023-07-19,43167,738167,17.4,17.4,17.0,17.0,-0.15,47,0.9285010093422843,16.1559,15.7845,15.7845,16.1559
2023-07-20,62129,1060382,17.05,17.15,17.0,17.05,0.05,54,0.9285010093422843,15.8309,15.8309,15.7845,15.9238
2023-07-21,177677,3100599,17.05,17.75,17.05,17.55,0.5,151,0.9285010093422843,15.8309,16.2952,15.8309,16.4809
2023-07-24,45045,782718,17.55,17.55,17.3,17.3,-0.25,37,0.9285010093422843,16.2952,16.0631,16.0631,16.2952
2023-07-25,51570,888828,17.2,17.45,17.2,17.2,-0.1,105,0.9285010093422843,15.9702,15.9702,15.9702,16.2023
2023-07-26,63030,1078211,17.15,17.15,17.05,17.1,-0.1,43,0.9285010093422843,15.9238,15.8774,15.8309,15.9238
2023-07-27,22478,387249,17.4,17.4,17.15,17.25,0.15,20,0.9285010093422843,16.1559,16.0166,15.9238,16.1559
2023-07-28,36005,624436,17.35,17.4,17.25,17.3,0.05,33,0.9285010093422843,16.1095,16.0631,16.0166,16.1559
2023-07-31,18163,311759,17.15,17.2,17.15,17.15,-0.15,28,0.9285010093422843,15.9238,15.9238,15.9238,15.9702
2023-08-01,58343,994333,17.1,17.15,16.95,17.1,-0.05,58,0.9285010093422843,15.8774,15.8774,15.7381,15.9238
2023-08-02,55001,938217,17.05,17.3,16.95,17.0,-0.1,45,0.9285010093422843,15.8309,15.7845,15.7381,16.0631
2023-08-04,27461,468737,17.05,17.15,17.0,17.15,0.15,44,0.9285010093422843,15.8309,15.9238,15.7845,15.9238
2023-08-07,44562,761141,17.1,17.2,17.05,17.15,0.0,81,0.9285010093422843,15.8774,15.9238,15.8309,15.9702
2023-08-08,37187,635415,17.15,17.15,17.05,17.05,-0.1,29,0.9285010093422843,15.9238,15.8309,15.8309,15.9238
2023-08-09,167000,2879650,17.1,18.0,17.0,17.1,0.05,106,0.9285010093422843,15.8774,15.8774,15.7845,16.713
2023-08-10,117351,1997093,17.15,17.15,16.9,16.95,-0.15,84,0.9285010093422843,15.9238,15.7381,15.6917,15.9238
2023-08-11,50218,846551,16.95,17.1,16.8,16.8,-0.15,38,0.9285010093422843,15.7381,15.5988,15.5988,15.8774
2023-08-14,59532,985214,16.8,16.8,16.5,16.5,-0.3,64,0.9285010093422843,15.5988,15.3203,15.3203,15.5988
2023-08-15,44075,729448,16.5,16.65,16.5,16.5,0.0,46,0.9285010093422843,15.3203,15.3203,15.3203,15.4595
2023-08-16,15053,248926,16.5,16.65,16.45,16.55,0.05,16,0.9285010093422843,15.3203,15.3667,15.2738,15.4595
2023-08-17,28427,475898,16.6,17.0,16.6,16.85,0.3,30,0.9285010093422843,15.4131,15.6452,15.4131,15.7845
2023-08-18,33307,555830,16.85,16.85,16.6,16.6,-0.25,57,0.9285010093422843,15.6452,15.4131,15.4131,15.6452
2023-08-21,26182,434552,16.6,16.65,16.55,16.6,0.0,39,0.9285010093422843,15.4131,15.4131,15.3667,15.4595
2023-08-22,21302,355011,16.6,16.8,16.6,16.8,0.2,22,0.9285010093422843,15.4131,15.5988,15.4131,15.5988
2023-08-23,6002,100432,16.8,16.8,16.7,16.7,-0.1,6,0.9285010093422843,15.5988,15.506,15.506,15.5988
2023-08-24,43066,714603,16.85,16.85,16.5,16.55,-0.15,28,0.9285010093422843,15.6452,15.3667,15.3203,15.6452
2023-08-25,8005,132832,16.65,16.65,16.55,16.6,0.05,11,0.9285010093422843,15.4595,15.4131,15.3667,15.4595
2023-08-28,1006,16752,16.65,16.65,16.65,16.65,0.05,7,0.9285010093422843,15.4595,15.4595,15.4595,15.4595
2023-08-29,10000,165500,16.55,16.65,16.45,16.5,-0.15,9,0.9285010093422843,15.3667,15.3203,15.2738,15.4595
2023-08-30,64020,1058225,16.5,16.95,16.4,16.95,0.45,53,0.9285010093422843,15.3203,15.7381,15.2274,15.7381
2023-08-31,70002,1180036,16.95,17.1,16.7,16.85,-0.1,65,0.9285010093422843,15.7381,15.6452,15.506,15.8774
2023-09-01,13071,219737,16.85,16.85,16.8,16.8,-0.05,15,0.9285010093422843,15.6452,15.5988,15.5988,15.6452
2023-09-04,10163,171532,16.85,16.9,16.8,16.85,0.05,19,0.9285010093422843,15.6452,15.6452,15.5988,15.6917
2023-09-05,49007,838513,17.0,17.3,17.0,17.1,0.25,47,0.9285010093422843,15.7845,15.8774,15.7845,16.0631
2023-09-06,34001,580667,17.15,17.3,16.85,16.85,-0.25,29,0.9285010093422843,15.9238,15.6452,15.6452,16.0631
2023-09-07,11055,185925,16.85,16.85,16.75,16.8,-0.05,13,0.9285010093422843,15.6452,15.5988,15.5524,15.6452
2023-09-08,32001,534016,16.95,16.95,16.55,16.6,-0.2,26,0.9285010093422843,15.7381,15.4131,15.3667,15.7381
2023-09-11,79012,1304403,16.5,16.6,16.4,16.45,-0.15,49,0.9285010093422843,15.3203,15.2738,15.2274,15.4131
2023-09-12,7125,118435,16.7,16.7,16.5,16.5,0.05,14,0.9285010093422843,15.506,15.3203,15.3203,15.506
2023-09-13,6011,99485,16.55,16.55,16.55,16.55,0.05,8,0.9285010093422843,15.3667,15.3667,15.3667,15.3667
2023-09-14,23000,386250,16.7,16.85,16.7,16.85,0.3,18,0.9285010093422843,15.506,15.6452,15.506,15.6452
2023-09-15,15106,253489,16.9,16.9,16.75,16.8,-0.05,17,0.9285010093422843,15.6917,15.5988,15.5524,15.6917
2023-09-18,28070,472239,16.85,16.9,16.8,16.8,0.0,29,0.9285010093422843,15.6452,15.5988,15.5988,15.6917
2023-09-19,11080,185138,16.8,16.8,16.6,16.65,-0.15,15,0.9285010093422843,15.5988,15.4595,15.4131,15.5988
2023-09-20,29338,484973,16.6,16.65,16.5,16.65,0.0,28,0.9285010093422843,15.4131,15.4595,15.3203,15.4595
2023-09-21,27102,450592,16.7,16.7,16.55,16.55,-0.1,18,0.9285010093422843,15.506,15.3667,15.3667,15.506
2023-09-22,28001,461416,16.55,16.6,16.4,16.5,-0.05,20,0.9285010093422843,15.3667,15.3203,15.2274,15.4131
2023-09-25,108014,1765875,16.5,16.5,16.15,16.25,-0.25,81,0.9285010093422843,15.3203,15.0881,14.9953,15.3203
2023-09-26,42219,684429,16.25,16.35,16.15,16.15,-0.1,39,0.9285010093422843,15.0881,14.9953,14.9953,15.181
2023-10-11,84791,1410274,16.9,17.0,16.1,16.6,0.0,106,0.9285010093422843,15.6917,15.4131,14.9489,15.7845
2023-10-12,46264,764006,16.55,16.65,16.45,16.55,-0.05,95,0.9285010093422843,15.3667,15.3667,15.2738,15.4595
2023-10-13,87895,1430863,16.45,16.45,16.1,16.2,-0.35,114,0.9285010093422843,15.2738,15.0417,14.9489,15.2738
2023-10-16,24610,396207,16.2,16.2,16.05,16.1,-0.1,69,0.9285010093422843,15.0417,14.9489,14.9024,15.0417
2023-10-17,33640,542807,16.15,16.25,16.05,16.15,0.05,50,0.9285010093422843,14.9953,14.9953,14.9024,15.0881
2023-10-18,50062,811390,16.2,16.4,16.1,16.3,0.15,60,0.9285010093422843,15.0417,15.1346,14.9489,15.2274
2023-10-19,11841,192778,16.3,16.3,16.2,16.2,-0.1,27,0.9285010093422843,15.1346,15.0417,15.0417,15.1346
2023-10-20,2193,35624,16.2,16.2,16.2,16.2,0.0,15,0.9285010093422843,15.0417,15.0417,15.0417,15.0417
2023-10-23,18619,303071,16.2,16.45,16.2,16.35,0.15,36,0.9285010093422843,15.0417,15.181,15.0417,15.2738
2023-10-24,14526,236431,16.3,16.3,16.25,16.25,-0.1,21,0.9285010093422843,15.1346,15.0881,15.0881,15.1346
2023-10-25,27021,447246,16.3,16.7,16.3,16.5,0.25,37,0.9285010093422843,15.1346,15.3203,15.1346,15.506
2023-10-26,21525,353142,16.5,16.5,16.35,16.35,-0.15,23,0.9285010093422843,15.3203,15.181,15.181,15.3203
2023-10-27,1753,28518,16.25,16.25,16.25,16.25,-0.1,8,0.9285010093422843,15.0881,15.0881,15.0881,15.0881
2023-10-30,13551,220453,16.3,16.45,16.25,16.25,0.0,22,0.9285010093422843,15.1346,15.0881,15.0881,15.2738
2023-10-31,20475,333019,16.3,16.65,16.1,16.2,-0.05,22,0.9285010093422843,15.1346,15.0417,14.9489,15.4595
2023-11-01,3821,61888,16.2,16.2,16.2,16.2,0.0,11,0.9285010093422843,15.0417,15.0417,15.0417,15.0417
2023-11-02,16552,269415,16.25,16.35,16.25,16.3,0.1,29,0.9285010093422843,15.0881,15.1346,15.0881,15.181
2023-11-03,23611,387966,16.4,16.55,16.3,16.35,0.05,34,0.9285010093422843,15.2274,15.181,15.1346,15.3667
2023-11-06,15782,260397,16.5,16.55,16.45,16.55,0.2,23,0.9285010093422843,15.3203,15.3667,15.2738,15.3667
2023-11-07,33169,552631,16.65,16.75,16.6,16.6,0.05,43,0.9285010093422843,15.4595,15.4131,15.4131,15.5524
2023-11-08,63270,1073392,16.5,17.25,16.5,16.95,0.35,68,0.9285010093422843,15.3203,15.7381,15.3203,16.0166
2023-11-09,221970,3858081,17.25,17.9,16.95,16.95,0.0,158,0.9285010093422843,16.0166,15.7381,15.7381,16.6202
2023-11-10,35371,599251,17.05,17.15,16.8,16.85,-0.1,38,0.9285010093422843,15.8309,15.6452,15.5988,15.9238
2023-11-13,18175,306360,16.95,16.95,16.7,16.7,-0.15,19,0.9285010093422843,15.7381,15.506,15.506,15.7381
2023-11-14,17045,286059,16.85,16.85,16.75,16.8,0.1,19,0.9285010093422843,15.6452,15.5988,15.5524,15.6452
2023-11-15,23459,393323,16.9,16.9,16.65,16.8,0.0,30,0.9285010093422843,15.6917,15.5988,15.4595,15.6917
2023-11-16,29312,498494,16.85,17.1,16.85,17.0,0.2,24,0.9285010093422843,15.6452,15.7845,15.6452,15.8774
2023-11-17,23512,399499,17.0,17.05,16.9,17.05,0.05,26,0.9285010093422843,15.7845,15.8309,15.6917,15.8309
2023-11-20,6312,107604,17.05,17.05,17.05,17.05,0.0,13,0.9285010093422843,15.8309,15.8309,15.8309,15.8309
2023-11-21,30363,519633,17.2,17.25,17.05,17.1,0.05,36,0.9285010093422843,15.9702,15.8774,15.8309,16.0166
2023-11-22,7956,136137,17.05,17.15,17.05,17.1,0.0,11,0.9285010093422843,15.8309,15.8774,15.8309,15.9238
2023-11-23,23005,395254,17.0,17.3,17.0,17.3,0.2,29,0.9285010093422843,15.7845,16.0631,15.7845,16.0631
2023-11-24,12923,222376,17.2,17.25,17.2,17.2,-0.1,15,0.9285010093422843,15.9702,15.9702,15.9702,16.0166
2023-11-27,6521,111969,17.25,17.25,17.05,17.05,-0.15,21,0.9285010093422843,16.0166,15.8309,15.8309,16.0166
2023-11-28,15660,269691,17.2,17.25,17.15,17.25,0.2,17,0.9285010093422843,15.9702,16.0166,15.9238,16.0166
2023-11-29,21907,375170,17.25,17.25,17.05,17.1,-0.15,32,0.9285010093422843,16.0166,15.8774,15.8309,16.0166
2023-11-30,14903,254901,17.1,17.2,17.05,17.15,0.05,25,0.9285010093422843,15.8774,15.9238,15.8309,15.9702
2023-12-01,16419,282955,17.2,17.3,17.1,17.1,-0.05,16,0.9285010093422843,15.9702,15.8774,15.8774,16.0631
2023-12-04,39174,678767,17.15,17.45,17.1,17.25,0.15,36,0.9285010093422843,15.9238,16.0166,15.8774,16.2023
2023-12-05,27378,468550,17.25,17.25,16.95,17.1,-0.15,26,0.9285010093422843,16.0166,15.8774,15.7381,16.0166
2023-12-06,10425,179383,17.1,17.4,17.1,17.2,0.1,17,0.9285010093422843,15.8774,15.9702,15.8774,16.1559
2023-12-07,15778,270648,17.2,17.2,17.1,17.2,0.0,17,0.9285010093422843,15.9702,15.9702,15.8774,15.9702
2023-12-08,2975,50845,17.2,17.2,17.2,17.2,0.0,11,0.9285010093422843,15.9702,15.9702,15.9702,15.9702
2023-12-11,15833,269896,17.1,17.1,17.0,17.05,-0.15,22,0.9285010093422843,15.8774,15.8309,15.7845,15.8774
2023-12-12,13882,239468,17.35,17.35,17.1,17.25,0.2,28,0.9285010093422843,16.1095,16.0166,15.8774,16.1095
2023-12-13,52469,892492,17.1,17.1,16.95,17.0,-0.25,44,0.9285010093422843,15.8774,15.7845,15.7381,15.8774
2023-12-14,65256,1104821,17.1,17.1,16.85,16.85,-0.15,45,0.9285010093422843,15.8774,15.6452,15.6452,15.8774
2023-12-15,71882,1221759,17.0,17.25,16.9,16.9,0.05,51,0.9285010093422843,15.7845,15.6917,15.6917,16.0166
2023-12-18,13861,234227,16.9,16.9,16.9,16.9,0.0,16,0.9285010093422843,15.6917,15.6917,15.6917,15.6917
2023-12-19,85942,1443634,16.8,16.95,16.7,16.9,0.0,36,0.9285010093422843,15.5988,15.6917,15.506,15.7381
2023-12-20,17337,294163,16.9,17.15,16.9,17.1,0.2,38,0.9285010093422843,15.6917,15.8774,15.6917,15.9238
2023-12-21,23123,394052,17.05,17.1,16.95,17.0,-0.1,27,0.9285010093422843,15.8309,15.7845,15.7381,15.8774
2023-12-22,4715,80619,17.2,17.2,17.05,17.15,0.15,7,0.9285010093422843,15.9702,15.9238,15.8309,15.9702
2023-12-25,17945,308372,17.2,17.3,17.2,17.25,0.1,40,0.9285010093422843,15.9702,16.0166,15.9702,16.0631
2023-12-26,39008,669648,17.05,17.35,17.0,17.2,-0.05,42,0.9285010093422843,15.8309,15.9702,15.7845,16.1095
2023-12-27,6436,110218,17.1,17.2,17.1,17.15,-0.05,18,0.9285010093422843,15.8774,15.9238,15.8774,15.9702
2023-12-28,25081,430135,17.3,17.35,17.0,17.25,0.1,26,0.9285010093422843,16.0631,16.0166,15.7845,16.1095
2023-12-29,13600,232547,17.35,17.35,17.05,17.1,-0.15,34,0.9285010093422843,16.1095,15.8774,15.8309,16.1095
2024-01-02,38944,660587,17.1,17.1,16.9,17.0,-0.1,48,0.9285010093422843,15.8774,15.7845,15.6917,15.8774
2024-01-03,6032,102394,16.9,17.05,16.9,16.95,-0.05,11,0.9285010093422843,15.6917,15.7381,15.6917,15.8309
2024-01-04,12110,205115,16.95,17.05,16.9,16.9,-0.05,15,0.9285010093422843,15.7381,15.6917,15.6917,15.8309
2024-01-05,8853,150145,17.1,17.1,16.95,16.95,0.05,20,0.9285010093422843,15.8774,15.7381,15.7381,15.8774
2024-01-08,28779,485358,16.95,16.95,16.85,16.9,-0.05,24,0.9285010093422843,15.7381,15.6917,15.6452,15.7381
2024-01-09,13595,227971,16.9,16.9,16.85,16.85,-0.05,26,0.9285010093422843,15.6917,15.6452,15.6452,15.6917
2024-01-10,14457,242956,16.85,16.85,16.8,16.8,-0.05,17,0.9285010093422843,15.6452,15.5988,15.5988,15.6452
2024-01-11,10565,178941,16.95,17.0,16.95,17.0,0.2,17,0.9285010093422843,15.7381,15.7845,15.7381,15.7845
2024-01-12,16180,271997,17.15,17.15,16.8,16.8,-0.2,21,0.9285010093422843,15.9238,15.5988,15.5988,15.9238
2024-01-15,6353,106743,16.75,16.85,16.75,16.8,0.0,13,0.9285010093422843,15.5524,15.5988,15.5524,15.6452
2024-01-16,16116,268526,16.7,16.7,16.6,16.65,-0.15,26,0.9285010093422843,15.506,15.4595,15.4131,15.506
2024-01-17,25228,417689,16.6,16.6,16.55,16.55,-0.1,29,0.9285010093422843,15.4131,15.3667,15.3667,15.4131
2024-01-18,9369,154071,16.55,16.55,16.35,16.35,-0.2,12,0.9285010093422843,15.3667,15.181,15.181,15.3667
2024-01-19,5419,89428,16.4,16.65,16.4,16.6,0.25,16,0.9285010093422843,15.2274,15.4131,15.2274,15.4595
2024-01-22,14281,237669,16.8,16.8,16.55,16.6,0.0,18,0.9285010093422843,15.5988,15.4131,15.3667,15.5988
2024-01-23,22465,378688,16.7,17.0,16.7,16.85,0.25,23,0.9285010093422843,15.506,15.6452,15.506,15.7845
2024-01-24,33522,558654,17.05,17.05,16.6,16.6,-0.25,34,0.9285010093422843,15.8309,15.4131,15.4131,15.8309
2024-01-25,15404,256749,16.7,16.7,16.6,16.65,0.05,18,0.9285010093422843,15.506,15.4595,15.4131,15.506
2024-01-26,1000,16700,16.7,16.7,16.7,16.7,0.05,1,0.9285010093422843,15.506,15.506,15.506,15.506
2024-01-29,17761,292767,16.5,16.65,16.3,16.6,-0.1,28,0.9285010093422843,15.3203,15.4131,15.1346,15.4595
2024-01-30,1182,19720,16.7,16.7,16.7,16.7,0.1,4,0.9285010093422843,15.506,15.506,15.506,15.506
2024-01-31,8156,135639,16.65,16.65,16.55,16.6,-0.1,7,0.9285010093422843,15.4595,15.4131,15.3667,15.4595
2024-02-01,6487,107629,16.75,16.75,16.5,16.6,0.0,17,0.9285010093422843,15.5524,15.4131,15.3203,15.5524
2024-02-02,1337,22284,16.7,16.7,16.7,16.7,0.1,6,0.9285010093422843,15.506,15.506,15.506,15.506
2024-02-05,38889,648500,16.8,16.9,16.5,16.9,0.2,38,0.9285010093422843,15.5988,15.6917,15.3203,15.6917
2024-02-15,49718,821846,16.65,16.65,16.45,16.5,-0.4,52,0.9285010093422843,15.4595,15.3203,15.2738,15.4595
2024-02-16,31324,522708,16.45,16.8,16.45,16.65,0.15,38,0.9285010093422843,15.2738,15.4595,15.2738,15.5988
2024-02-19,36141,608861,16.8,16.95,16.8,16.8,0.15,37,0.9285010093422843,15.5988,15.5988,15.5988,15.7381
2024-02-20,25337,428405,16.85,17.0,16.8,16.8,0.0,26,0.9285010093422843,15.6452,15.5988,15.5988,15.7845
2024-02-21,35811,602082,16.8,17.0,16.75,17.0,0.2,38,0.9285010093422843,15.5988,15.7845,15.5524,15.7845
2024-02-22,43550,729658,16.9,16.9,16.6,16.7,-0.3,46,0.9285010093422843,15.6917,15.506,15.4131,15.6917
2024-02-23,16469,277229,16.8,16.9,16.8,16.8,0.1,17,0.9285010093422843,15.5988,15.5988,15.5988,15.6917
2024-02-26,807081,14794044,16.9,18.45,16.9,18.45,1.65,426,0.9285010093422843,15.6917,17.1308,15.6917,17.1308
2024-02-27,1998966,37990001,18.9,19.65,18.25,18.25,-0.2,1223,0.9285010093422843,17.5487,16.9451,16.9451,18.245
2024-02-29,291299,5386632,18.25,18.9,18.25,18.4,0.15,218,0.9285010093422843,16.9451,17.0844,16.9451,17.5487
2024-03-01,173663,3153894,18.4,18.55,17.95,17.95,-0.45,147,0.9285010093422843,17.0844,16.6666,16.6666,17.2237
2024-03-04,150753,2674827,18.0,18.0,17.5,17.75,-0.2,119,0.9285010093422843,16.713,16.4809,16.2488,16.713
2024-03-05,119620,2114129,17.7,17.95,17.55,17.7,-0.05,66,0.9285010093422843,16.4345,16.4345,16.2952,16.6666
2024-03-06,108533,1930666,17.75,17.9,17.75,17.8,0.1,94,0.9285010093422843,16.4809,16.5273,16.4809,16.6202
2024-03-07,115196,2027666,17.8,17.85,17.45,17.55,-0.25,107,0.9285010093422843,16.5273,16.2952,16.2023,16.5737
2024-03-08,65075,1135306,17.5,17.55,17.35,17.4,-0.15,64,0.9285010093422843,16.2488,16.1559,16.1095,16.2952
2024-03-11,46120,806598,17.75,17.75,17.4,17.45,0.05,35,0.9285010093422843,16.4809,16.2023,16.1559,16.4809
2024-03-12,46905,824452,17.65,17.65,17.5,17.6,0.15,39,0.9285010093422843,16.388,16.3416,16.2488,16.388
2024-03-13,46661,813129,17.55,17.6,17.3,17.3,-0.3,44,0.9285010093422843,16.2952,16.0631,16.0631,16.3416
2024-03-14,28938,497211,17.1,17.3,17.1,17.2,-0.1,44,0.9285010093422843,15.8774,15.9702,15.8774,16.0631
2024-03-15,24606,423572,17.2,17.25,17.2,17.2,0.0,23,0.9285010093422843,15.9702,15.9702,15.9702,16.0166
2024-03-18,29584,509602,17.3,17.3,17.15,17.2,0.0,31,0.9285010093422843,16.0631,15.9702,15.9238,16.0631
2024-03-19,37939,656246,17.3,17.35,17.25,17.25,0.05,27,0.9285010093422843,16.0631,16.0166,16.0166,16.1095
2024-03-20,11060,190696,17.25,17.25,17.2,17.2,-0.05,16,0.9285010093422843,16.0166,15.9702,15.9702,16.0166
2024-03-21,26165,449627,17.2,17.25,17.15,17.15,-0.05,39,0.9285010093422843,15.9702,15.9238,15.9238,16.0166
2024-03-22,37334,643378,17.2,17.35,17.15,17.15,0.0,46,0.9285010093422843,15.9702,15.9238,15.9238,16.1095
2024-03-25,30289,527301,17.25,17.5,17.25,17.35,0.2,34,0.9285010093422843,16.0166,16.1095,16.0166,16.2488
2024-03-26,35630,613598,17.45,17.45,17.1,17.15,-0.2,31,0.9285010093422843,16.2023,15.9238,15.8774,16.2023
2024-03-27,79554,1378163,17.15,17.45,17.15,17.25,0.1,53,0.9285010093422843,15.9238,16.0166,15.9238,16.2023
2024-03-28,29078,502692,17.35,17.4,17.2,17.25,0.0,29,0.9285010093422843,16.1095,16.0166,15.9702,16.1559
2024-03-29,8073,139246,17.25,17.25,17.25,17.25,0.0,11,0.9285010093422843,16.0166,16.0166,16.0166,16.0166
2024-04-01,57893,995821,17.25,17.4,17.15,17.15,-0.1,49,0.9285010093422843,16.0166,15.9238,15.9238,16.1559
2024-04-02,7459,128001,17.15,17.2,17.1,17.2,0.05,14,0.9285010093422843,15.9238,15.9702,15.8774,15.9702
2024-04-03,45295,771665,17.05,17.2,16.95,17.15,-0.05,31,0.9285010093422843,15.8309,15.9238,15.7381,15.9702
2024-04-08,33330,573499,17.2,17.3,17.1,17.3,0.15,27,0.9285010093422843,15.9702,16.0631,15.8774,16.0631
2024-04-09,52810,911580,17.15,17.4,17.15,17.35,0.05,37,0.9285010093422843,15.9238,16.1095,15.9238,16.1559
2024-04-10,29275,504729,17.25,17.35,17.1,17.3,-0.05,26,0.9285010093422843,16.0166,16.0631,15.8774,16.1095
2024-04-11,181217,3182921,17.3,18.0,17.3,17.5,0.2,145,0.9285010093422843,16.0631,16.2488,16.0631,16.713
2024-04-12,80896,1420378,17.8,17.8,17.45,17.5,0.0,55,0.9285010093422843,16.5273,16.2488,16.2023,16.5273
2024-04-15,73179,1291000,17.5,17.9,17.35,17.5,0.0,53,0.9285010093422843,16.2488,16.2488,16.1095,16.6202
2024-04-16,50808,872802,17.35,17.35,17.1,17.15,-0.35,45,0.9285010093422843,16.1095,15.9238,15.8774,16.1095
2024-04-17,56130,978490,17.35,17.7,17.25,17.3,0.15,37,0.9285010093422843,16.1095,16.0631,16.0166,16.4345
2024-04-18,27040,465292,17.15,17.35,17.1,17.35,0.05,24,0.9285010093422843,15.9238,16.1095,15.8774,16.1095
2024-04-19,90205,1523278,17.35,17.35,16.6,16.85,-0.5,76,0.9285010093422843,16.1095,15.6452,15.4131,16.1095
2024-04-22,25855,435377,16.9,17.0,16.75,16.9,0.05,25,0.9285010093422843,15.6917,15.6917,15.5524,15.7845
2024-04-23,95151,1631085,16.95,17.5,16.8,17.2,0.3,75,0.9285010093422843,15.7381,15.9702,15.5988,16.2488
2024-04-24,108861,1891648,17.35,17.5,17.2,17.45,0.25,63,0.9285010093422843,16.1095,16.2023,15.9702,16.2488
2024-04-25,46910,816469,17.4,17.55,17.3,17.45,0.0,42,0.9285010093422843,16.1559,16.2023,16.0631,16.2952
2024-04-26,29342,512894,17.3,17.6,17.3,17.4,-0.05,26,0.9285010093422843,16.0631,16.1559,16.0631,16.3416
2024-04-29,110587,1964580,17.45,17.9,17.45,17.85,0.45,84,0.9285010093422843,16.2023,16.5737,16.2023,16.6202
2024-04-30,81218,1446055,18.0,18.0,17.65,17.7,-0.15,60,0.9285010093422843,16.713,16.4345,16.388,16.713
2024-05-02,24314,425758,17.7,17.7,17.45,17.55,-0.15,26,0.9285010093422843,16.4345,16.2952,16.2023,16.4345
2024-05-03,42181,747765,17.95,18.0,17.6,17.7,0.15,40,0.9285010093422843,16.6666,16.4345,16.3416,16.713
2024-05-06,47190,833754,17.7,17.75,17.6,17.75,0.05,33,0.9285010093422843,16.4345,16.4809,16.3416,16.4809
2024-05-07,29707,525826,17.7,18.0,17.6,17.6,-0.15,33,0.9285010093422843,16.4345,16.3416,16.3416,16.713
2024-05-08,10066,177765,17.8,17.8,17.6,17.6,0.0,14,0.9285010093422843,16.5273,16.3416,16.3416,16.5273
2024-05-09,20274,356071,17.7,17.7,17.45,17.5,-0.1,34,0.9285010093422843,16.4345,16.2488,16.2023,16.4345
2024-05-10,84223,1485055,17.55,17.85,17.5,17.65,0.15,43,0.9285010093422843,16.2952,16.388,16.2488,16.5737
2024-05-13,398653,7305348,17.8,19.15,17.8,18.6,0.95,280,0.9285010093422843,16.5273,17.2701,16.5273,17.7808
2024-05-14,273113,5007924,18.75,18.8,18.0,18.2,-0.4,272,0.9285010093422843,17.4094,16.8987,16.713,17.4558
2024-05-15,112768,2080915,18.4,18.6,18.25,18.35,0.15,78,0.9285010093422843,17.0844,17.038,16.9451,17.2701
2024-05-16,52651,965570,18.5,18.5,18.25,18.25,-0.1,43,0.9285010093422843,17.1773,16.9451,16.9451,17.1773
2024-05-17,153797,2836042,18.25,18.6,18.25,18.55,0.3,95,0.9285010093422843,16.9451,17.2237,16.9451,17.2701
2024-05-20,90256,1670487,18.75,18.75,18.4,18.5,-0.05,66,0.9285010093422843,17.4094,17.1773,17.0844,17.4094
2024-05-21,43765,807036,18.5,18.65,18.35,18.35,-0.15,34,0.9285010093422843,17.1773,17.038,17.038,17.3165
2024-05-22,49908,919511,18.55,18.55,18.35,18.4,0.05,93,0.9285010093422843,17.2237,17.0844,17.038,17.2237
2024-05-23,62222,1147225,18.4,18.6,18.3,18.35,-0.05,68,0.9285010093422843,17.0844,17.038,16.9916,17.2701
2024-05-24,90731,1657175,18.35,18.45,18.15,18.25,-0.1,85,0.9285010093422843,17.038,16.9451,16.8523,17.1308
2024-05-27,32297,595728,18.6,18.6,18.35,18.35,0.1,31,0.9285010093422843,17.2701,17.038,17.038,17.2701
2024-05-28,64214,1181215,18.35,18.55,18.3,18.35,0.0,55,0.9285010093422843,17.038,17.038,16.9916,17.2237
2024-05-29,197038,3676773,18.6,18.85,18.45,18.5,0.15,149,0.9285010093422843,17.2701,17.1773,17.1308,17.5022
2024-05-30,40117,743658,18.65,18.65,18.45,18.5,0.0,45,0.9285010093422843,17.3165,17.1773,17.1308,17.3165
2024-05-31,47868,888126,18.55,18.65,18.45,18.45,-0.05,48,0.9285010093422843,17.2237,17.1308,17.1308,17.3165
2024-06-03,48970,905216,18.6,18.65,18.4,18.45,0.0,56,0.9285010093422843,17.2701,17.1308,17.0844,17.3165
2024-06-04,93440,1712438,18.45,18.5,18.2,18.3,-0.15,123,0.9285010093422843,17.1308,16.9916,16.8987,17.1773
2024-06-05,141239,2572107,18.35,18.35,18.15,18.2,-0.1,63,0.9285010093422843,17.038,16.8987,16.8523,17.038
2024-06-06,134803,2427527,18.2,18.2,17.85,17.85,-0.35,96,0.9285010093422843,16.8987,16.5737,16.5737,16.8987
2024-06-07,11895,213329,17.85,18.05,17.85,18.0,0.15,16,0.9285010093422843,16.5737,16.713,16.5737,16.7594
2024-06-11,71086,1271312,18.0,18.05,17.8,18.0,0.0,110,0.9285010093422843,16.713,16.713,16.5273,16.7594
2024-06-12,59805,1070747,17.9,17.95,17.85,17.9,-0.1,138,0.9285010093422843,16.6202,16.6202,16.5737,16.6666
2024-06-13,86997,1521184,17.5,17.75,17.4,17.4,0.0,83,0.9551820728291316,16.7157,16.6202,16.6202,16.9545
2024-06-14,38409,674047,17.4,17.8,17.4,17.6,0.2,57,0.9551820728291316,16.6202,16.8112,16.6202,17.0022
2024-06-17,20943,366714,17.6,17.6,17.5,17.5,-0.1,41,0.9551820728291316,16.8112,16.7157,16.7157,16.8112
2024-06-18,100658,1783661,17.5,18.2,17.45,18.0,0.5,115,0.9551820728291316,16.7157,17.1933,16.6679,17.3843
2024-06-19,68127,1220132,17.95,18.05,17.75,17.75,-0.25,66,0.9551820728291316,17.1455,16.9545,16.9545,17.241
2024-06-20,16703,296054,17.6,17.8,17.6,17.75,0.0,22,0.9551820728291316,16.8112,16.9545,16.8112,17.0022
2024-06-21,11442,205302,18.1,18.1,17.8,17.85,0.1,30,0.9551820728291316,17.2888,17.05,17.0022,17.2888
2024-06-24,29924,526389,17.6,17.65,17.45,17.6,-0.25,62,0.9551820728291316,16.8112,16.8112,16.6679,16.859
2024-06-25,73848,1291291,17.75,17.75,17.45,17.45,-0.15,65,0.9551820728291316,16.9545,16.6679,16.6679,16.9545
2024-06-26,61155,1078835,17.5,17.75,17.5,17.6,0.15,52,0.9551820728291316,16.7157,16.8112,16.7157,16.9545
2024-06-27,18398,322603,17.5,17.6,17.5,17.55,-0.05,18,0.9551820728291316,16.7157,16.7634,16.7157,16.8112
2024-06-28,10865,192780,17.75,17.85,17.65,17.65,0.1,14,0.9551820728291316,16.9545,16.859,16.859,17.05
2024-07-01,32050,571279,17.85,17.85,17.8,17.8,0.15,20,0.9551820728291316,17.05,17.0022,17.0022,17.05
2024-07-02,10550,186230,17.65,17.7,17.65,17.7,-0.1,13,0.9551820728291316,16.859,16.9067,16.859,16.9067
2024-07-03,32355,576712,17.8,18.0,17.75,17.8,0.1,36,0.9551820728291316,17.0022,17.0022,16.9545,17.1933
2024-07-04,57297,1020539,17.85,17.95,17.7,17.8,0.0,83,0.9551820728291316,17.05,17.0022,16.9067,17.1455
2024-07-05,64951,1163337,17.85,18.0,17.85,18.0,0.2,54,0.9551820728291316,17.05,17.1933,17.05,17.1933
2024-07-08,129701,2332376,18.3,18.3,17.85,18.05,0.05,102,0.9551820728291316,17.4798,17.241,17.05,17.4798
2024-07-09,98880,1790894,18.4,18.4,17.95,18.05,0.0,60,0.9551820728291316,17.5754,17.241,17.1455,17.5754
2024-07-10,74181,1330537,18.05,18.05,17.85,18.0,-0.05,45,0.9551820728291316,17.241,17.1933,17.05,17.241
2024-07-11,41210,738909,18.0,18.05,17.85,18.0,0.0,28,0.9551820728291316,17.1933,17.1933,17.05,17.241
2024-07-12,5514,98633,18.05,18.05,17.95,17.95,-0.05,15,0.9551820728291316,17.241,17.1455,17.1455,17.241
2024-07-15,21297,382282,18.0,18.0,17.85,18.0,0.05,46,0.9551820728291316,17.1933,17.1933,17.05,17.1933
2024-07-16,51525,923072,17.9,18.0,17.75,17.95,-0.05,39,0.9551820728291316,17.0978,17.1455,16.9545,17.1933
2024-07-17,36820,665410,17.9,18.15,17.9,18.0,0.05,34,0.9551820728291316,17.0978,17.1933,17.0978,17.3366
2024-07-18,151566,2731801,17.95,18.2,17.9,17.95,-0.05,60,0.9551820728291316,17.1455,17.1455,17.0978,17.3843
2024-07-19,67015,1212203,18.35,18.4,17.95,18.05,0.1,48,0.9551820728291316,17.5276,17.241,17.1455,17.5754
2024-07-22,93965,1702244,18.1,18.35,18.0,18.0,-0.05,68,0.9551820728291316,17.2888,17.1933,17.1933,17.5276
2024-07-23,42196,761136,18.05,18.15,18.0,18.05,0.05,32,0.9551820728291316,17.241,17.241,17.1933,17.3366
2024-07-26,32100,578470,18.05,18.1,17.95,18.0,-0.05,32,0.9551820728291316,17.241,17.1933,17.1455,17.2888
2024-07-29,69378,1242531,18.05,18.15,17.7,17.9,-0.1,72,0.9551820728291316,17.241,17.0978,16.9067,17.3366
2024-07-30,54336,966485,17.8,17.95,17.6,17.9,0.0,61,0.9551820728291316,17.0022,17.0978,16.8112,17.1455
2024-07-31,14261,255201,17.9,17.9,17.85,17.85,-0.05,12,0.9551820728291316,17.0978,17.05,17.05,17.0978
2024-08-01,35417,637444,18.0,18.15,17.9,18.0,0.15,34,0.9551820728291316,17.1933,17.1933,17.0978,17.3366
2024-08-02,27998,499737,17.9,17.9,17.8,17.85,-0.15,25,0.9551820728291316,17.0978,17.05,17.0022,17.0978
2024-08-05,139976,2399773,17.65,17.75,16.75,16.75,-1.1,264,0.9551820728291316,16.859,15.9993,15.9993,16.9545
2024-08-06,35070,602012,17.3,17.4,16.8,17.25,0.5,33,0.9551820728291316,16.5246,16.4769,16.0471,16.6202
2024-08-07,37196,647420,17.1,17.85,17.1,17.45,0.2,24,0.9551820728291316,16.3336,16.6679,16.3336,17.05
2024-08-08,12015,208605,17.25,17.65,17.25,17.45,0.0,20,0.9551820728291316,16.4769,16.6679,16.4769,16.859
2024-08-09,29590,518624,17.45,17.65,17.45,17.45,0.0,25,0.9551820728291316,16.6679,16.6679,16.6679,16.859
2024-08-12,19169,336055,17.6,17.6,17.4,17.45,0.0,36,0.9551820728291316,16.8112,16.6679,16.6202,16.8112
2024-08-13,10970,190416,17.45,17.45,17.35,17.45,0.0,24,0.9551820728291316,16.6679,16.6679,16.5724,16.6679
2024-08-14,16292,286179,17.25,17.6,17.25,17.6,0.15,20,0.9551820728291316,16.4769,16.8112,16.4769,16.8112
2024-08-15,3002,52834,17.65,17.65,17.5,17.5,-0.1,3,0.9551820728291316,16.859,16.7157,16.7157,16.859
2024-08-16,19691,349361,17.7,17.8,17.65,17.65,0.15,22,0.9551820728291316,16.9067,16.859,16.859,17.0022
2024-08-19,22261,391722,17.55,17.8,17.5,17.55,-0.1,20,0.9551820728291316,16.7634,16.7634,16.7157,17.0022
2024-08-20,31030,539475,17.45,17.5,17.35,17.5,-0.05,10,0.9551820728291316,16.6679,16.7157,16.5724,16.7157
2024-08-21,15010,263925,17.6,17.65,17.5,17.65,0.15,13,0.9551820728291316,16.8112,16.859,16.7157,16.859
2024-08-22,1222716,23419269,17.5,19.4,17.5,19.4,1.75,816,0.9551820728291316,16.7157,18.5305,16.7157,18.5305
2024-08-23,4476391,93637988,19.7,21.3,19.4,21.3,1.9,2683,0.9551820728291316,18.8171,20.3454,18.5305,20.3454
2024-08-26,1805429,37093554,21.25,21.25,20.0,20.45,-0.85,1105,0.9551820728291316,20.2976,19.5335,19.1036,20.2976
2024-08-27,3389419,75095043,20.35,22.45,20.25,22.45,2.0,1695,0.9551820728291316,19.438,21.4438,19.3424,21.4438
2024-08-28,4777871,110073190,23.0,24.0,21.7,23.7,1.25,3272,0.9551820728291316,21.9692,22.6378,20.7275,22.9244
2024-08-29,3214071,77184425,23.7,25.3,23.2,23.75,0.05,2201,0.9551820728291316,22.6378,22.6856,22.1602,24.1661
2024-08-30,1568574,35909114,23.55,23.9,22.2,22.2,-1.55,1110,0.9551820728291316,22.4945,21.205,21.205,22.8289
2024-09-02,792512,17372313,22.4,22.75,21.3,21.3,-0.9,846,0.9551820728291316,21.3961,20.3454,20.3454,21.7304
2024-09-03,897122,19964308,21.7,23.0,21.6,22.15,0.85,734,0.9551820728291316,20.7275,21.1573,20.6319,21.9692
2024-09-04,933268,19718640,21.55,22.0,20.1,21.1,-1.05,618,0.9551820728291316,20.5842,20.1543,19.1992,21.014
2024-09-05,3100223,71232534,21.2,23.2,21.2,23.0,1.9,1679,0.9551820728291316,20.2499,21.9692,20.2499,22.1602
2024-09-06,3698723,83792810,22.6,24.3,21.05,21.15,-1.85,2925,0.9551820728291316,21.5871,20.2021,20.1066,23.2109
2024-09-09,483162,10191348,20.5,21.5,20.5,21.15,0.0,377,0.9551820728291316,19.5812,20.2021,19.5812,20.5364
2024-09-10,596415,12325845,21.55,21.55,20.0,20.15,-1.0,433,0.9551820728291316,20.5842,19.2469,19.1036,20.5842
2024-09-11,427014,8513537,20.2,20.85,19.35,19.7,-0.45,355,0.9551820728291316,19.2947,18.8171,18.4828,19.9155
2024-09-12,424159,8600786,20.3,20.9,19.7,20.4,0.7,310,0.9551820728291316,19.3902,19.4857,18.8171,19.9633
2024-09-13,178719,3674165,20.5,20.9,20.35,20.4,0.0,127,0.9551820728291316,19.5812,19.4857,19.438,19.9633
2024-09-16,526037,11104991,20.6,21.65,20.5,20.7,0.3,506,0.9551820728291316,19.6768,19.7723,19.5812,20.6797
2024-09-18,3163595,70665304,20.4,22.75,20.4,22.75,2.05,2161,0.9551820728291316,19.4857,21.7304,19.4857,21.7304
2024-09-19,5318786,126719182,23.05,24.8,22.9,23.0,0.25,3783,0.9551820728291316,22.0169,21.9692,21.8737,23.6885
2024-09-20,3637724,89777279,23.15,25.3,23.1,25.3,2.3,2014,0.9551820728291316,22.1125,24.1661,22.0647,24.1661
2024-09-23,15216641,415057130,27.8,27.8,25.6,26.5,1.2,7545,0.9551820728291316,26.5541,25.3123,24.4527,26.5541
2024-09-24,4274881,105884969,26.0,26.35,23.9,24.0,-2.5,2620,0.9551820728291316,24.8347,22.9244,22.8289,25.169
2024-09-25,1512621,36528168,24.3,24.8,23.75,23.9,-0.1,1276,0.9551820728291316,23.2109,22.8289,22.6856,23.6885
2024-09-26,1619996,39117146,24.1,25.3,23.5,23.55,-0.35,1367,0.9551820728291316,23.0199,22.4945,22.4468,24.1661
2024-09-27,688060,16396082,23.8,24.3,23.5,23.6,0.05,611,0.9551820728291316,22.7333,22.5423,22.4468,23.2109
2024-09-30,685282,15941626,23.8,23.8,22.8,23.35,-0.25,578,0.9551820728291316,22.7333,22.3035,21.7782,22.7333
2024-10-01,906654,20619416,23.25,23.55,22.35,22.85,-0.5,632,0.9551820728291316,22.208,21.8259,21.3483,22.4945
2024-10-04,686335,15130617,22.85,23.0,21.65,21.8,-1.05,559,0.9551820728291316,21.8259,20.823,20.6797,21.9692
2024-10-07,573814,12484939,22.0,22.2,21.25,21.85,0.05,477,0.9551820728291316,21.014,20.8707,20.2976,21.205
2024-10-08,530541,11332740,21.85,21.85,21.1,21.5,-0.35,385,0.9551820728291316,20.8707,20.5364,20.1543,20.8707
2024-10-09,397379,8343450,21.55,21.55,20.65,20.75,-0.75,415,0.9551820728291316,20.5842,19.82,19.7245,20.5842
2024-10-11,426418,8726608,20.6,21.0,20.25,20.3,-0.45,363,0.9551820728291316,19.6768,19.3902,19.3424,20.0588
2024-10-14,400010,8322884,20.55,21.2,20.35,21.05,0.75,288,0.9551820728291316,19.629,20.1066,19.438,20.2499
2024-10-15,409066,8491862,21.4,21.4,20.4,20.5,-0.55,346,0.9551820728291316,20.4409,19.5812,19.4857,20.4409
2024-10-16,232211,4776065,20.5,20.85,20.4,20.6,0.1,197,0.9551820728291316,19.5812,19.6768,19.4857,19.9155
2024-10-17,639126,13790525,20.8,22.05,20.7,21.75,1.15,423,0.9551820728291316,19.8678,20.7752,19.7723,21.0618
2024-10-18,611616,13302074,21.8,22.25,21.2,21.7,-0.05,479,0.9551820728291316,20.823,20.7275,20.2499,21.2528
2024-10-21,285353,6220855,21.75,22.05,21.55,21.95,0.25,220,0.9551820728291316,20.7752,20.9662,20.5842,21.0618
2024-10-22,2056075,46914852,21.95,23.95,21.6,22.35,0.4,1469,0.9551820728291316,20.9662,21.3483,20.6319,22.8766
2024-10-23,1900529,43727314,22.45,23.7,22.4,22.4,0.05,1452,0.9551820728291316,21.4438,21.3961,21.3961,22.6378
2024-10-24,597487,13282111,22.85,22.9,21.8,22.3,-0.1,450,0.9551820728291316,21.8259,21.3006,20.823,21.8737
2024-10-25,489339,10695189,22.7,22.7,21.5,21.5,-0.8,403,0.9551820728291316,21.6826,20.5364,20.5364,21.6826
2024-10-28,265573,5626781,21.5,21.6,20.85,21.4,-0.1,241,0.9551820728291316,20.5364,20.4409,19.9155,20.6319
2024-10-29,266876,5575511,21.4,21.4,20.6,20.85,-0.55,230,0.9551820728291316,20.4409,19.9155,19.6768,20.4409
2024-10-30,283511,5802929,20.9,21.1,20.2,20.35,-0.5,239,0.9551820728291316,19.9633,19.438,19.2947,20.1543
2024-11-01,360489,7173039,20.25,20.25,19.4,19.95,-0.4,259,0.9551820728291316,19.3424,19.0559,18.5305,19.3424
2024-11-04,163682,3266896,20.05,20.1,19.85,19.85,-0.1,117,0.9551820728291316,19.1514,18.9604,18.9604,19.1992
2024-11-05,86973,1734109,19.85,20.2,19.85,19.85,0.0,76,0.9551820728291316,18.9604,18.9604,18.9604,19.2947
2024-11-06,138513,2750306,19.95,20.05,19.7,19.7,-0.15,106,0.9551820728291316,19.0559,18.8171,18.8171,19.1514
2024-11-07,163469,3277880,19.7,20.25,19.7,20.05,0.35,119,0.9551820728291316,18.8171,19.1514,18.8171,19.3424
2024-11-08,230039,4551202,20.1,20.25,19.5,19.55,-0.5,357,0.9551820728291316,19.1992,18.6738,18.6261,19.3424
2024-11-11,251642,4844673,19.55,19.55,19.05,19.05,-0.5,199,0.9551820728291316,18.6738,18.1962,18.1962,18.6738
2024-11-12,287912,5402790,18.95,19.05,18.55,18.8,-0.25,213,0.9551820728291316,18.1007,17.9574,17.7186,18.1962
2024-11-13,103710,1973142,19.0,19.25,18.85,19.05,0.25,95,0.9551820728291316,18.1485,18.1962,18.0052,18.3873
2024-11-14,69058,1303632,19.15,19.15,18.75,18.85,-0.2,66,0.9551820728291316,18.2917,18.0052,17.9097,18.2917
2024-11-15,71681,1371972,19.0,19.3,18.95,19.1,0.25,70,0.9551820728291316,18.1485,18.244,18.1007,18.435
2024-11-18,76204,1455988,19.15,19.35,19.0,19.0,-0.1,80,0.9551820728291316,18.2917,18.1485,18.1485,18.4828
2024-11-19,71518,1359040,18.85,19.2,18.85,19.0,0.0,61,0.9551820728291316,18.0052,18.1485,18.0052,18.3395
2024-11-20,85327,1605611,18.8,18.95,18.7,18.7,-0.3,58,0.9551820728291316,17.9574,17.8619,17.8619,18.1007
2024-11-21,46146,870116,18.6,19.05,18.6,18.9,0.2,53,0.9551820728291316,17.7664,18.0529,17.7664,18.1962
2024-11-22,92133,1753877,19.05,19.1,18.9,19.0,0.1,75,0.9551820728291316,18.1962,18.1485,18.0529,18.244
2024-11-25,221829,4324641,19.0,19.95,19.0,19.4,0.4,138,0.9551820728291316,18.1485,18.5305,18.1485,19.0559
2024-11-26,40298,780079,19.45,19.65,19.2,19.35,-0.05,38,0.9551820728291316,18.5783,18.4828,18.3395,18.7693
2024-11-27,142680,2696959,19.2,19.25,18.6,18.7,-0.65,103,0.9551820728291316,18.3395,17.8619,17.7664,18.3873
2024-11-28,196540,3644743,18.8,18.9,18.4,18.5,-0.2,113,0.9551820728291316,17.9574,17.6709,17.5754,18.0529
2024-11-29,57733,1075395,18.55,18.8,18.55,18.55,0.05,47,0.9551820728291316,17.7186,17.7186,17.7186,17.9574
2024-12-02,124802,2311437,18.8,18.8,18.35,18.6,0.05,122,0.9551820728291316,17.9574,17.7664,17.5276,17.9574
2024-12-03,93335,1738208,18.65,18.75,18.55,18.55,-0.05,80,0.9551820728291316,17.8141,17.7186,17.7186,17.9097
2024-12-04,109052,2050675,18.55,19.25,18.55,18.8,0.25,88,0.9551820728291316,17.7186,17.9574,17.7186,18.3873
2024-12-05,59147,1113419,18.8,19.15,18.7,18.75,-0.05,53,0.9551820728291316,17.9574,17.9097,17.8619,18.2917
2024-12-06,114809,2183751,18.85,19.25,18.85,18.95,0.2,83,0.9551820728291316,18.0052,18.1007,18.0052,18.3873
2024-12-09,79809,1502617,18.95,19.1,18.65,18.85,-0.1,70,0.9551820728291316,18.1007,18.0052,17.8141,18.244
2024-12-10,145060,2698268,18.95,19.0,18.5,18.7,-0.15,68,0.9551820728291316,18.1007,17.8619,17.6709,18.1485
2024-12-11,78028,1461485,18.8,18.85,18.55,18.8,0.1,303,0.9551820728291316,17.9574,17.9574,17.7186,18.0052
2024-12-12,73279,1374303,18.75,18.95,18.65,18.75,-0.05,54,0.9551820728291316,17.9097,17.9097,17.8141,18.1007
2024-12-13,35031,650529,18.65,18.7,18.5,18.6,-0.15,32,0.9551820728291316,17.8141,17.7664,17.6709,17.8619
2024-12-16,176480,3216860,18.6,18.6,18.0,18.05,-0.55,113,0.9551820728291316,17.7664,17.241,17.1933,17.7664
2024-12-17,86520,1561878,18.15,18.2,18.0,18.1,0.05,37,0.9551820728291316,17.3366,17.2888,17.1933,17.3843
2024-12-18,37258,674961,17.85,18.25,17.85,18.25,0.15,39,0.9551820728291316,17.05,17.4321,17.05,17.4321
2024-12-19,33589,613118,18.2,18.4,18.1,18.4,0.15,39,0.9551820728291316,17.3843,17.5754,17.2888,17.5754
2024-12-20,103667,1877675,18.2,18.25,17.85,18.2,-0.2,101,0.9551820728291316,17.3843,17.3843,17.05,17.4321
2024-12-23,43116,790712,18.2,18.45,18.2,18.4,0.2,29,0.9551820728291316,17.3843,17.5754,17.3843,17.6231
2024-12-24,46147,849424,18.45,18.5,18.25,18.5,0.1,36,0.9551820728291316,17.6231,17.6709,17.4321,17.6709
2024-12-25,42176,780617,18.45,19.0,18.3,19.0,0.5,40,0.9551820728291316,17.6231,18.1485,17.4798,18.1485
2024-12-26,86349,1612210,18.8,19.0,18.5,18.9,-0.1,82,0.9551820728291316,17.9574,18.0529,17.6709,18.1485
2024-12-27,143957,2708629,18.9,19.1,18.6,19.05,0.15,103,0.9551820728291316,18.0529,18.1962,17.7664,18.244
2024-12-30,91165,1716218,19.05,19.05,18.7,18.9,-0.15,65,0.9551820728291316,18.1962,18.0529,17.8619,18.1962
2024-12-31,80205,1504899,18.65,18.95,18.6,18.95,0.05,63,0.9551820728291316,17.8141,18.1007,17.7664,18.1007
2025-01-02,86600,1619829,18.7,18.85,18.65,18.65,-0.3,60,0.9551820728291316,17.8619,17.8141,17.8141,18.0052
2025-01-03,78292,1457980,18.55,18.9,18.45,18.75,0.1,68,0.9551820728291316,17.7186,17.9097,17.6231,18.0529
2025-01-06,90020,1677260,18.6,18.95,18.1,18.95,0.2,87,0.9551820728291316,17.7664,18.1007,17.2888,18.1007
2025-01-07,88046,1630694,18.7,18.7,18.4,18.4,-0.55,96,0.9551820728291316,17.8619,17.5754,17.5754,17.8619
2025-01-08,69760,1281645,18.4,18.45,18.3,18.45,0.05,117,0.9551820728291316,17.5754,17.6231,17.4798,17.6231
2025-01-09,109499,1985692,18.6,18.6,18.0,18.0,-0.45,99,0.9551820728291316,17.7664,17.1933,17.1933,17.7664
2025-01-10,40493,727216,17.85,18.05,17.85,18.05,0.05,41,0.9551820728291316,17.05,17.241,17.05,17.241
2025-01-13,369741,6798832,18.4,19.2,17.95,17.95,-0.1,484,0.9551820728291316,17.5754,17.1455,17.1455,18.3395
2025-01-14,94149,1702568,17.95,18.3,17.9,18.3,0.35,81,0.9551820728291316,17.1455,17.4798,17.0978,17.4798
2025-01-15,32108,583760,18.05,18.3,18.05,18.3,0.0,41,0.9551820728291316,17.241,17.4798,17.241,17.4798
2025-01-16,17594,324698,18.4,18.65,18.35,18.5,0.2,15,0.9551820728291316,17.5754,17.6709,17.5276,17.8141
2025-01-17,25156,460553,18.3,18.4,18.2,18.4,-0.1,24,0.9551820728291316,17.4798,17.5754,17.3843,17.5754
2025-01-20,874578,17313142,18.65,20.2,18.65,20.2,1.8,457,0.9551820728291316,17.8141,19.2947,17.8141,19.2947
2025-01-21,2503182,51735272,21.0,21.5,20.05,20.1,-0.1,1735,0.9551820728291316,20.0588,19.1992,19.1514,20.5364
2025-01-22,452462,8982278,20.2,20.4,19.35,19.65,-0.45,407,0.9551820728291316,19.2947,18.7693,18.4828,19.4857
2025-02-03,202926,3845790,19.4,19.55,18.75,19.0,-0.65,196,0.9551820728291316,18.5305,18.1485,17.9097,18.6738
2025-02-04,132169,2570111,19.2,19.7,19.05,19.55,0.55,112,0.9551820728291316,18.3395,18.6738,18.1962,18.8171
2025-02-05,242193,4830556,19.85,20.3,19.55,20.3,0.75,208,0.9551820728291316,18.9604,19.3902,18.6738,19.3902
2025-02-06,200053,4050588,20.45,20.45,19.9,20.2,-0.1,168,0.9551820728291316,19.5335,19.2947,19.0081,19.5335
2025-02-07,190003,3783984,20.45,20.45,19.55,19.9,-0.3,165,0.9551820728291316,19.5335,19.0081,18.6738,19.5335
2025-02-10,312413,6379633,19.95,20.7,19.9,20.4,0.5,238,0.9551820728291316,19.0559,19.4857,19.0081,19.7723
2025-02-11,377539,7389632,20.25,20.25,19.15,19.15,-1.25,337,0.9551820728291316,19.3424,18.2917,18.2917,19.3424
2025-02-12,98044,1886755,19.25,19.35,19.1,19.25,0.1,79,0.9551820728291316,18.3873,18.3873,18.244,18.4828
2025-02-13,96140,1866013,19.2,19.6,19.2,19.6,0.35,73,0.9551820728291316,18.3395,18.7216,18.3395,18.7216
2025-02-14,85181,1648357,19.45,19.45,19.2,19.45,-0.15,67,0.9551820728291316,18.5783,18.5783,18.3395,18.5783
2025-02-17,85253,1654799,19.75,19.75,19.3,19.4,-0.05,63,0.9551820728291316,18.8648,18.5305,18.435,18.8648
2025-02-18,46382,897655,19.5,19.5,19.25,19.25,-0.15,35,0.9551820728291316,18.6261,18.3873,18.3873,18.6261
2025-02-19,46191,896131,19.3,19.6,19.25,19.6,0.35,41,0.9551820728291316,18.435,18.7216,18.3873,18.7216
2025-02-20,98163,1903573,19.4,19.55,19.3,19.55,-0.05,75,0.9551820728291316,18.5305,18.6738,18.435,18.6738
2025-02-21,82066,1595432,19.6,19.6,19.3,19.55,0.0,61,0.9551820728291316,18.7216,18.6738,18.435,18.7216
2025-02-24,78266,1519097,19.25,19.5,19.25,19.4,-0.15,44,0.9551820728291316,18.3873,18.5305,18.3873,18.6261
2025-02-25,113380,2179390,19.35,19.35,19.1,19.35,-0.05,79,0.9551820728291316,18.4828,18.4828,18.244,18.4828
2025-02-26,74119,1422965,19.1,19.3,19.1,19.3,-0.05,89,0.9551820728291316,18.244,18.435,18.244,18.435
2025-02-27,97471,1863459,19.25,19.25,19.05,19.05,-0.25,84,0.9551820728291316,18.3873,18.1962,18.1962,18.3873
2025-03-03,151350,2847053,18.95,19.2,18.65,19.2,0.15,127,0.9551820728291316,18.1007,18.3395,17.8141,18.3395
2025-03-04,103113,1952145,19.15,19.15,18.7,19.1,-0.1,85,0.9551820728291316,18.2917,18.244,17.8619,18.2917
2025-03-05,101324,1929054,18.85,19.3,18.85,19.3,0.2,116,0.9551820728291316,18.0052,18.435,18.0052,18.435
2025-03-06,103868,1985010,19.25,19.25,19.0,19.25,-0.05,122,0.9551820728291316,18.3873,18.3873,18.1485,18.3873
2025-03-07,88140,1680718,19.1,19.15,18.95,19.15,-0.1,96,0.9551820728291316,18.244,18.2917,18.1007,18.2917
2025-03-10,40916,782787,19.15,19.2,19.05,19.15,0.0,42,0.9551820728291316,18.2917,18.2917,18.1962,18.3395
2025-03-11,117551,2229712,19.0,19.25,18.75,19.2,0.05,98,0.9551820728291316,18.1485,18.3395,17.9097,18.3873
2025-03-12,68115,1323676,19.2,19.6,19.2,19.25,0.05,59,0.9551820728291316,18.3395,18.3873,18.3395,18.7216
2025-03-13,131824,2556344,19.5,19.75,19.05,19.35,0.1,137,0.9551820728291316,18.6261,18.4828,18.1962,18.8648
2025-03-14,200464,3902209,19.35,19.65,19.3,19.4,0.05,124,0.9551820728291316,18.4828,18.5305,18.435,18.7693
2025-03-17,85246,1657544,19.35,19.55,19.25,19.55,0.15,74,0.9551820728291316,18.4828,18.6738,18.3873,18.6738
2025-03-18,90026,1758506,19.7,19.7,19.4,19.6,0.05,74,0.9551820728291316,18.8171,18.7216,18.5305,18.8171
2025-03-19,70210,1370315,19.65,19.65,19.35,19.65,0.05,55,0.9551820728291316,18.7693,18.7693,18.4828,18.7693
2025-03-20,172005,3392848,19.7,19.95,19.55,19.6,-0.05,103,0.9551820728291316,18.8171,18.7216,18.6738,19.0559
2025-03-21,88701,1748470,19.65,19.85,19.6,19.75,0.15,75,0.9551820728291316,18.7693,18.8648,18.7216,18.9604
2025-03-24,106482,2110588,19.75,20.05,19.7,19.7,-0.05,87,0.9551820728291316,18.8648,18.8171,18.8171,19.1514
2025-03-25,159093,3124861,19.75,19.9,19.4,19.7,0.0,88,0.9551820728291316,18.8648,18.8171,18.5305,19.0081
2025-03-26,76572,1499472,19.7,19.7,19.5,19.7,0.0,56,0.9551820728291316,18.8171,18.8171,18.6261,18.8171
2025-03-27,89609,1750410,19.45,19.65,19.4,19.65,-0.05,61,0.9551820728291316,18.5783,18.7693,18.5305,18.7693
2025-03-28,119074,2295845,19.5,19.5,19.2,19.25,-0.4,91,0.9551820728291316,18.6261,18.3873,18.3395,18.6261
2025-03-31,153050,2865442,18.95,19.0,18.55,18.7,-0.55,97,0.9551820728291316,18.1007,17.8619,17.7186,18.1485
2025-04-01,90536,1721970,18.9,19.1,18.7,19.05,0.35,65,0.9551820728291316,18.0529,18.1962,17.8619,18.244
2025-04-02,63858,1215051,18.85,19.15,18.85,19.15,0.1,41,0.9551820728291316,18.0052,18.2917,18.0052,18.2917
2025-04-07,429387,7408642,17.25,17.35,17.25,17.25,-1.9,147,0.9551820728291316,16.4769,16.4769,16.4769,16.5724
2025-04-08,472786,7974704,17.0,17.25,16.5,16.75,-0.5,265,0.9551820728291316,16.2381,15.9993,15.7605,16.4769
2025-04-09,401713,6478528,16.35,16.85,15.45,15.95,-0.8,210,0.9551820728291316,15.6172,15.2352,14.7576,16.0948
2025-04-10,112738,1950164,17.0,17.5,17.0,17.5,1.55,76,0.9551820728291316,16.2381,16.7157,16.2381,16.7157
2025-04-11,42673,732800,17.1,17.3,16.95,17.3,-0.2,29,0.9551820728291316,16.3336,16.5246,16.1903,16.5246
2025-04-14,85548,1506782,17.3,17.75,17.3,17.65,0.35,58,0.9551820728291316,16.5246,16.859,16.5246,16.9545
2025-04-15,91116,1621415,17.65,18.0,17.6,17.9,0.25,73,0.9551820728291316,16.859,17.0978,16.8112,17.1933
2025-04-16,23104,412101,17.7,17.95,17.65,17.9,0.0,18,0.9551820728291316,16.9067,17.0978,16.859,17.1455
2025-04-17,29349,520691,17.75,17.9,17.65,17.7,-0.2,24,0.9551820728291316,16.9545,16.9067,16.859,17.0978
2025-04-18,26532,474278,17.7,18.45,17.65,17.9,0.2,25,0.9551820728291316,16.9067,17.0978,16.859,17.6231
2025-04-21,10599,188907,17.9,17.9,17.75,17.85,-0.05,15,0.9551820728291316,17.0978,17.05,16.9545,17.0978
2025-04-22,81035,1407256,17.45,17.8,17.25,17.3,-0.55,78,0.9551820728291316,16.6679,16.5246,16.4769,17.0022
2025-04-23,45274,793785,17.5,17.7,17.5,17.5,0.2,48,0.9551820728291316,16.7157,16.7157,16.7157,16.9067
2025-04-24,63547,1113936,17.75,17.75,17.4,17.5,0.0,61,0.9551820728291316,16.9545,16.7157,16.6202,16.9545
2025-04-25,47376,829863,17.6,17.75,17.4,17.5,0.0,52,0.9551820728291316,16.8112,16.7157,16.6202,16.9545
2025-04-28,4450,77840,17.4,17.6,17.4,17.55,0.05,12,0.9551820728291316,16.6202,16.7634,16.6202,16.8112
2025-04-29,42080,749244,17.55,18.25,17.55,17.95,0.4,42,0.9551820728291316,16.7634,17.1455,16.7634,17.4321
2025-04-30,35809,631845,17.7,17.8,17.6,17.7,-0.25,38,0.9551820728291316,16.9067,16.9067,16.8112,17.0022
2025-05-02,21140,376537,17.7,17.95,17.7,17.8,0.1,24,0.9551820728291316,16.9067,17.0022,16.9067,17.1455
2025-05-05,55338,985108,18.0,18.0,17.7,17.8,0.0,38,0.9551820728291316,17.1933,17.0022,16.9067,17.1933
2025-05-06,9019,162688,17.75,18.3,17.75,18.0,0.2,11,0.9551820728291316,16.9545,17.1933,16.9545,17.4798
2025-05-07,15050,270555,18.0,18.05,17.9,18.05,0.05,15,0.9551820728291316,17.1933,17.241,17.0978,17.241
2025-05-08,26831,485524,18.05,18.15,18.05,18.05,0.0,27,0.9551820728291316,17.241,17.241,17.241,17.3366
2025-05-09,19190,345439,17.9,18.1,17.9,18.1,0.05,14,0.9551820728291316,17.0978,17.2888,17.0978,17.2888
2025-05-12,28774,518617,18.0,18.15,18.0,18.05,-0.05,34,0.9551820728291316,17.1933,17.241,17.1933,17.3366
2025-05-13,39510,716003,18.2,18.2,18.05,18.15,0.1,20,0.9551820728291316,17.3843,17.3366,17.241,17.3843
2025-05-14,113620,2048188,18.0,18.2,18.0,18.15,0.0,102,0.9551820728291316,17.1933,17.3366,17.1933,17.3843
2025-05-15,22145,404251,18.15,18.4,18.15,18.4,0.25,21,0.9551820728291316,17.3366,17.5754,17.3366,17.5754
2025-05-16,7309,133047,18.1,18.3,18.1,18.3,-0.1,9,0.9551820728291316,17.2888,17.4798,17.2888,17.4798
2025-05-19,9231,167034,18.0,18.2,18.0,18.2,-0.1,21,0.9551820728291316,17.1933,17.3843,17.1933,17.3843
2025-05-20,33486,605384,18.1,18.2,18.0,18.15,-0.05,28,0.9551820728291316,17.2888,17.3366,17.1933,17.3843
2025-05-21,22096,398572,18.0,18.1,17.9,18.1,-0.05,35,0.9551820728291316,17.1933,17.2888,17.0978,17.2888
2025-05-22,13130,236952,18.1,18.1,17.95,18.1,0.0,15,0.9551820728291316,17.2888,17.2888,17.1455,17.2888
2025-05-23,14168,255883,18.05,18.2,18.0,18.2,0.1,23,0.9551820728291316,17.241,17.3843,17.1933,17.3843
2025-05-26,49759,896768,18.2,18.25,17.9,18.05,-0.15,42,0.9551820728291316,17.3843,17.241,17.0978,17.4321
2025-05-27,626801,11421704,18.1,18.5,17.75,17.75,-0.3,247,0.9551820728291316,17.2888,16.9545,16.9545,17.6709
2025-05-28,82634,1475378,18.0,18.05,17.7,17.75,0.0,60,0.9551820728291316,17.1933,16.9545,16.9067,17.241
2025-05-29,58091,1042481,17.85,18.0,17.85,17.85,0.1,37,0.9551820728291316,17.05,17.05,17.05,17.1933
2025-06-02,15148,269342,17.7,17.85,17.7,17.8,-0.05,28,0.9551820728291316,16.9067,17.0022,16.9067,17.05
2025-06-03,14215,251616,17.8,17.8,17.65,17.65,-0.15,17,0.9551820728291316,17.0022,16.859,16.859,17.0022
2025-06-04,35333,624184,17.65,17.75,17.65,17.7,0.05,39,0.9551820728291316,16.859,16.9067,16.859,16.9545
2025-06-05,12182,216020,17.9,17.9,17.65,17.75,0.05,14,0.9551820728291316,17.0978,16.9545,16.859,17.0978
2025-06-06,21191,375839,17.8,17.8,17.65,17.75,0.0,29,0.9551820728291316,17.0022,16.9545,16.859,17.0022
2025-06-09,65350,1165264,17.85,17.9,17.75,17.8,0.05,31,0.9551820728291316,17.05,17.0022,16.9545,17.0978
2025-06-10,30029,536671,17.85,17.95,17.8,17.85,0.05,24,0.9551820728291316,17.05,17.05,17.0022,17.1455
2025-06-11,32248,577136,17.9,18.0,17.85,17.9,0.05,26,0.9551820728291316,17.0978,17.0978,17.05,17.1933
2025-06-12,111652,2001339,18.0,18.05,17.85,17.85,-0.05,74,0.9551820728291316,17.1933,17.05,17.05,17.241
2025-06-13,83274,1425780,17.2,17.2,17.1,17.1,0.0,49,1.0,17.2,17.1,17.1,17.2
2025-06-16,51330,873868,17.05,17.1,17.0,17.0,-0.1,24,1.0,17.05,17.0,17.0,17.1
2025-06-17,14052,238288,16.95,17.0,16.9,17.0,0.0,13,1.0,16.95,17.0,16.9,17.0
2025-06-18,13459,227990,16.95,17.0,16.85,17.0,0.0,27,1.0,16.95,17.0,16.85,17.0
2025-06-19,43013,725017,17.0,17.0,16.8,16.85,-0.15,30,1.0,17.0,16.85,16.8,17.0
2025-06-20,18790,310784,16.5,16.65,16.45,16.55,-0.3,27,1.0,16.5,16.55,16.45,16.65
2025-06-23,14907,245249,16.55,16.6,16.35,16.6,0.05,72,1.0,16.55,16.6,16.35,16.6
2025-06-24,45049,746510,16.6,16.65,16.4,16.5,-0.1,31,1.0,16.6,16.5,16.4,16.65
2025-06-25,13211,216514,16.45,16.45,16.35,16.35,-0.15,19,1.0,16.45,16.35,16.35,16.45
2025-06-26,95364,1534364,16.25,16.25,16.0,16.0,-0.35,114,1.0,16.25,16.0,16.0,16.25
2025-06-27,57537,923726,16.2,16.2,16.0,16.1,0.1,56,1.0,16.2,16.1,16.0,16.2
2025-06-30,31827,507281,16.05,16.05,15.8,15.85,-0.25,40,1.0,16.05,15.85,15.8,16.05
2025-07-01,31001,494166,16.0,16.0,15.9,15.9,0.05,22,1.0,16.0,15.9,15.9,16.0
2025-07-02,22565,358253,16.2,16.2,15.75,15.85,-0.05,25,1.0,16.2,15.85,15.75,16.2
2025-07-03,8019,127816,15.85,16.0,15.85,16.0,0.15,13,1.0,15.85,16.0,15.85,16.0
2025-07-04,20039,321377,16.05,16.2,15.95,15.95,-0.05,19,1.0,16.05,15.95,15.95,16.2
2025-07-07,6235,99637,16.0,16.0,15.95,15.95,0.0,10,1.0,16.0,15.95,15.95,16.0
2025-07-08,9040,143390,15.95,15.95,15.8,15.85,-0.1,10,1.0,15.95,15.85,15.8,15.95
2025-07-09,20040,315180,15.75,15.8,15.7,15.8,-0.05,15,1.0,15.75,15.8,15.7,15.8
2025-07-10,1001,15765,15.75,15.75,15.75,15.75,-0.05,2,1.0,15.75,15.75,15.75,15.75
2025-07-11,49000,770250,15.65,15.75,15.65,15.7,-0.05,21,1.0,15.65,15.7,15.65,15.75
2025-07-14,10247,161078,15.75,15.75,15.65,15.75,0.05,10,1.0,15.75,15.75,15.65,15.75
2025-07-15,7117,111942,15.75,15.75,15.7,15.7,-0.05,8,1.0,15.75,15.7,15.7,15.75
2025-07-16,39400,615029,15.7,15.7,15.55,15.6,-0.1,26,1.0,15.7,15.6,15.55,15.7
2025-07-17,429024,6485547,15.3,15.4,14.95,15.0,-0.6,286,1.0,15.3,15.0,14.95,15.4
2025-07-18,103272,1553358,15.1,15.15,15.0,15.0,0.0,59,1.0,15.1,15.0,15.0,15.15
2025-07-21,240834,3648150,15.05,15.2,15.0,15.1,0.1,60,1.0,15.05,15.1,15.0,15.2
2025-07-22,328503,5073720,15.2,15.65,15.2,15.4,0.3,189,1.0,15.2,15.4,15.2,15.65
2025-07-23,68161,1059994,15.55,15.7,15.45,15.5,0.1,43,1.0,15.55,15.5,15.45,15.7
2025-07-24,22000,342800,15.6,15.65,15.55,15.55,0.05,14,1.0,15.6,15.55,15.55,15.65
2025-07-25,59731,926859,15.6,15.6,15.45,15.5,-0.05,35,1.0,15.6,15.5,15.45,15.6
2025-07-28,29160,451780,15.5,15.6,15.45,15.45,-0.05,29,1.0,15.5,15.45,15.45,15.6
2025-07-29,50144,773074,15.45,15.5,15.35,15.4,-0.05,43,1.0,15.45,15.4,15.35,15.5
2025-07-30,40483,626936,15.4,15.55,15.4,15.5,0.1,36,1.0,15.4,15.5,15.4,15.55
2025-07-31,6297,97491,15.5,15.5,15.45,15.45,-0.05,18,1.0,15.5,15.45,15.45,15.5
2025-08-01,82000,1256750,15.4,15.45,15.25,15.35,-0.1,42,1.0,15.4,15.35,15.25,15.45
2025-08-04,51135,780470,15.3,15.35,15.2,15.3,-0.05,41,1.0,15.3,15.3,15.2,15.35
2025-08-05,28092,430066,15.3,15.35,15.25,15.35,0.05,21,1.0,15.3,15.35,15.25,15.35
2025-08-06,49891,776174,15.45,15.65,15.4,15.65,0.3,44,1.0,15.45,15.65,15.4,15.65
2025-08-07,43521,686569,15.65,15.95,15.65,15.8,0.15,35,1.0,15.65,15.8,15.65,15.95
2025-08-08,119217,1905695,15.9,16.2,15.7,15.7,-0.1,75,1.0,15.9,15.7,15.7,16.2
2025-08-11,18761,295844,15.7,15.95,15.7,15.8,0.1,21,1.0,15.7,15.8,15.7,15.95
2025-08-12,30781,487569,15.75,15.95,15.75,15.8,0.0,30,1.0,15.75,15.8,15.75,15.95
2025-08-13,14051,222061,15.9,15.9,15.75,15.8,0.0,11,1.0,15.9,15.8,15.75,15.9
2025-08-14,37281,587734,15.85,15.85,15.7,15.75,-0.05,33,1.0,15.85,15.75,15.7,15.85
2025-08-15,23001,359715,15.65,15.65,15.6,15.65,-0.1,20,1.0,15.65,15.65,15.6,15.65
2025-08-18,39046,616622,15.55,15.9,15.55,15.9,0.25,33,1.0,15.55,15.9,15.55,15.9
2025-08-19,19239,303802,15.9,15.9,15.75,15.8,-0.1,30,1.0,15.9,15.8,15.75,15.9
2025-08-20,70333,1087676,15.8,15.8,15.35,15.35,-0.45,52,1.0,15.8,15.35,15.35,15.8
2025-08-21,69822,1081591,15.5,15.55,15.4,15.5,0.15,38,1.0,15.5,15.5,15.4,15.55
2025-08-22,5464,84924,15.5,15.55,15.5,15.55,0.05,11,1.0,15.5,15.55,15.5,15.55
2025-08-25,21930,340879,15.55,15.6,15.5,15.6,0.05,25,1.0,15.55,15.6,15.5,15.6
2025-08-26,12336,191920,15.7,15.7,15.5,15.5,-0.1,17,1.0,15.7,15.5,15.5,15.7
2025-08-27,22426,347353,15.5,15.5,15.45,15.5,0.0,33,1.0,15.5,15.5,15.45,15.5
2025-08-28,12080,187240,15.5,15.55,15.45,15.5,0.0,12,1.0,15.5,15.5,15.45,15.55
2025-08-29,63812,986947,15.65,15.65,15.4,15.5,0.0,84,1.0,15.65,15.5,15.4,15.65
2025-09-01,11237,174421,15.5,15.55,15.45,15.5,0.0,16,1.0,15.5,15.5,15.45,15.55
2025-09-02,102134,1615517,16.45,16.45,15.5,15.55,0.05,76,1.0,16.45,15.55,15.5,16.45
2025-09-03,156566,2408249,15.55,15.6,15.35,15.4,-0.15,50,1.0,15.55,15.4,15.35,15.6
2025-09-04,18019,279796,15.5,15.55,15.5,15.5,0.1,16,1.0,15.5,15.5,15.5,15.55
2025-09-05,10180,158661,15.55,15.65,15.55,15.65,0.15,10,1.0,15.55,15.65,15.55,15.65
2025-09-08,14426,223142,15.5,15.5,15.45,15.5,-0.15,23,1.0,15.5,15.5,15.45,15.5
2025-09-09,26548,408412,15.4,15.5,15.3,15.5,0.0,21,1.0,15.4,15.5,15.3,15.5
2025-09-10,28100,435855,15.5,15.6,15.45,15.6,0.1,19,1.0,15.5,15.6,15.45,15.6
2025-09-11,27082,422771,15.65,15.65,15.55,15.55,-0.05,21,1.0,15.65,15.55,15.55,15.65
2025-09-12,24458,377597,15.5,15.55,15.35,15.45,-0.1,32,1.0,15.5,15.45,15.35,15.55
2025-09-15,53090,810587,15.45,15.45,15.15,15.3,-0.15,33,1.0,15.45,15.3,15.15,15.45
2025-09-16,7906,120907,15.35,15.35,15.25,15.25,-0.05,7,1.0,15.35,15.25,15.25,15.35
2025-09-17,48728,734862,15.15,15.2,15.0,15.15,-0.1,62,1.0,15.15,15.15,15.0,15.2
2025-09-18,21490,326514,15.15,15.25,15.15,15.2,0.05,24,1.0,15.15,15.2,15.15,15.25
2025-09-19,26230,398173,15.15,15.25,15.1,15.2,0.0,28,1.0,15.15,15.2,15.1,15.25
2025-09-22,21132,320006,15.1,15.25,15.05,15.15,-0.05,38,1.0,15.1,15.15,15.05,15.25
2025-09-23,52602,806857,15.25,15.55,15.15,15.2,0.05,45,1.0,15.25,15.2,15.15,15.55
2025-09-24,8814,134484,15.25,15.3,15.2,15.3,0.1,19,1.0,15.25,15.3,15.2,15.3
2025-09-25,37070,570973,15.35,15.45,15.35,15.35,0.05,25,1.0,15.35,15.35,15.35,15.45
2025-09-26,43938,670300,15.45,15.45,15.15,15.15,-0.2,37,1.0,15.45,15.15,15.15,15.45
2025-09-30,5552,84287,15.15,15.25,15.15,15.25,0.1,14,1.0,15.15,15.25,15.15,15.25
2025-10-01,74115,1122031,15.2,15.3,15.0,15.15,-0.1,49,1.0,15.2,15.15,15.0,15.3
2025-10-02,30070,460157,15.15,15.4,15.15,15.4,0.25,23,1.0,15.15,15.4,15.15,15.4
2025-10-03,84508,1315594,15.5,15.7,15.45,15.5,0.1,62,1.0,15.5,15.5,15.45,15.7
2025-10-07,26181,404660,15.5,15.5,15.3,15.5,0.0,31,1.0,15.5,15.5,15.3,15.5
2025-10-08,10364,160600,15.6,15.6,15.4,15.45,-0.05,20,1.0,15.6,15.45,15.4,15.6
2025-10-09,201194,3196842,15.5,16.35,15.5,15.8,0.35,129,1.0,15.5,15.8,15.5,16.35
2025-10-13,63880,1012413,15.7,16.05,15.5,16.05,0.25,47,1.0,15.7,16.05,15.5,16.05
2025-10-14,103829,1632109,16.2,16.2,15.6,15.7,-0.35,75,1.0,16.2,15.7,15.6,16.2
2025-10-15,31608,495393,15.65,15.7,15.6,15.65,-0.05,32,1.0,15.65,15.65,15.6,15.7
2025-10-16,20200,313950,15.6,15.6,15.5,15.6,-0.05,18,1.0,15.6,15.6,15.5,15.6
2025-10-17,10529,163652,15.6,15.6,15.5,15.55,-0.05,12,1.0,15.6,15.55,15.5,15.6
2025-10-20,139293,2122492,15.55,15.7,15.0,15.15,-0.4,98,1.0,15.55,15.15,15.0,15.7
2025-10-21,79139,1198957,15.3,15.3,15.05,15.1,-0.05,42,1.0,15.3,15.1,15.05,15.3
2025-10-22,10666,161950,15.15,15.2,15.15,15.2,0.1,13,1.0,15.15,15.2,15.15,15.2
2025-10-23,20006,303691,15.15,15.2,15.15,15.15,-0.05,12,1.0,15.15,15.15,15.15,15.2
2025-10-27,54216,836617,15.4,15.55,15.25,15.3,0.15,49,1.0,15.4,15.3,15.25,15.55
2025-10-28,25567,395974,15.3,15.65,15.25,15.45,0.15,32,1.0,15.3,15.45,15.25,15.65
2025-10-29,24730,379716,15.45,15.45,15.3,15.3,-0.15,19,1.0,15.45,15.3,15.3,15.45
2025-10-30,10170,154551,15.15,15.2,15.15,15.2,-0.1,9,1.0,15.15,15.2,15.15,15.2
2025-10-31,29263,445526,15.35,15.35,15.15,15.15,-0.05,25,1.0,15.35,15.15,15.15,15.35
2025-11-03,30586,462399,15.15,15.2,15.1,15.15,0.0,19,1.0,15.15,15.15,15.1,15.2
2025-11-04,51733,780912,15.1,15.1,15.05,15.05,-0.1,51,1.0,15.1,15.05,15.05,15.1
2025-11-05,16000,243450,15.05,15.35,15.05,15.1,0.05,15,1.0,15.05,15.1,15.05,15.35
2025-11-06,44990,678246,15.1,15.1,15.05,15.1,0.0,31,1.0,15.1,15.1,15.05,15.1
2025-11-07,18000,272900,15.1,15.2,15.1,15.1,0.0,12,1.0,15.1,15.1,15.1,15.2
2025-11-10,24146,368567,15.05,15.35,15.05,15.25,0.15,21,1.0,15.05,15.25,15.05,15.35
2025-11-11,6413,97153,15.2,15.2,15.1,15.15,-0.1,24,1.0,15.2,15.15,15.1,15.2
2025-11-12,11281,170902,15.1,15.2,15.1,15.15,0.0,15,1.0,15.1,15.15,15.1,15.2
2025-11-13,31048,469676,15.15,15.2,15.05,15.15,0.0,20,1.0,15.15,15.15,15.05,15.2
2025-11-14,5638,85513,15.3,15.3,15.15,15.15,0.0,8,1.0,15.3,15.15,15.15,15.3
2025-11-17,7100,107965,15.05,15.35,15.05,15.15,0.0,7,1.0,15.05,15.15,15.05,15.35
2025-11-18,38150,573007,15.05,15.05,15.0,15.0,-0.15,18,1.0,15.05,15.0,15.0,15.05
2025-11-19,3002,45079,15.0,15.05,15.0,15.05,0.05,5,1.0,15.0,15.05,15.0,15.05
2025-11-20,8201,123454,15.05,15.05,15.05,15.05,0.0,10,1.0,15.05,15.05,15.05,15.05
2025-11-21,26387,394951,15.0,15.0,14.9,14.9,-0.15,38,1.0,15.0,14.9,14.9,15.0
2025-11-24,14687,219521,14.95,14.95,14.9,14.9,0.0,16,1.0,14.95,14.9,14.9,14.95
2025-11-25,5000,74400,14.8,14.9,14.8,14.9,0.0,5,1.0,14.8,14.9,14.8,14.9
2025-11-26,22153,334457,15.0,15.2,14.9,15.05,0.15,18,1.0,15.0,15.05,14.9,15.2
2025-11-27,10861,163885,15.1,15.1,15.05,15.1,0.05,19,1.0,15.1,15.1,15.05,15.1
2025-11-28,18043,272898,15.15,15.25,15.0,15.1,0.0,20,1.0,15.15,15.1,15.0,15.25
2025-12-01,10549,159292,15.0,15.15,15.0,15.1,0.0,13,1.0,15.0,15.1,15.0,15.15
2025-12-02,7111,107529,15.1,15.15,15.1,15.1,0.0,10,1.0,15.1,15.1,15.1,15.15
2025-12-03,10073,152259,15.1,15.15,15.1,15.15,0.05,8,1.0,15.1,15.15,15.1,15.15
2025-12-04,6101,92381,15.15,15.15,15.1,15.1,-0.05,8,1.0,15.15,15.1,15.1,15.15
2025-12-05,9411,141615,15.05,15.1,15.0,15.1,0.0,9,1.0,15.05,15.1,15.0,15.1
2025-12-08,41412,619156,15.1,15.1,14.9,15.0,-0.1,45,1.0,15.1,15.0,14.9,15.1
2025-12-09,19000,284550,14.95,15.0,14.95,15.0,0.0,5,1.0,14.95,15.0,14.95,15.0
2025-12-10,13360,199990,15.0,15.0,14.9,14.9,-0.1,12,1.0,15.0,14.9,14.9,15.0
2025-12-11,13073,194922,14.95,14.95,14.85,14.95,0.05,11,1.0,14.95,14.95,14.85,14.95
2025-12-12,10360,154824,14.95,14.95,14.9,14.9,-0.05,13,1.0,14.95,14.9,14.9,14.95
2025-12-15,18002,268528,14.9,14.95,14.9,14.9,0.0,16,1.0,14.9,14.9,14.9,14.95
2025-12-16,21496,318225,14.8,14.95,14.7,14.95,0.05,25,1.0,14.8,14.95,14.7,14.95
2025-12-17,21660,322557,14.9,14.9,14.85,14.85,-0.1,16,1.0,14.9,14.85,14.85,14.9
2025-12-18,16043,235590,14.75,14.75,14.6,14.65,-0.2,19,1.0,14.75,14.65,14.6,14.75
2025-12-19,50496,737012,14.5,14.8,14.5,14.6,-0.05,40,1.0,14.5,14.6,14.5,14.8
2025-12-22,126734,1918655,14.8,15.25,14.8,15.2,0.6,92,1.0,14.8,15.2,14.8,15.25
2025-12-23,338724,5415631,15.2,16.3,15.2,15.9,0.7,269,1.0,15.2,15.9,15.2,16.3
2025-12-24,88442,1399814,16.35,16.35,15.65,15.65,-0.25,88,1.0,16.35,15.65,15.65,16.35
2025-12-26,34139,536335,15.45,15.9,15.45,15.7,0.05,28,1.0,15.45,15.7,15.45,15.9
2025-12-29,29836,465968,15.7,15.75,15.5,15.55,-0.15,39,1.0,15.7,15.55,15.5,15.75
2025-12-30,12231,190767,15.8,15.8,15.5,15.55,0.0,19,1.0,15.8,15.55,15.5,15.8
2025-12-31,23582,361345,15.4,15.45,15.25,15.3,-0.25,32,1.0,15.4,15.3,15.25,15.45
2026-01-02,56370,872205,15.3,15.6,15.3,15.35,0.05,50,1.0,15.3,15.35,15.3,15.6
2026-01-05,90500,1406656,15.4,15.7,15.3,15.65,0.3,74,1.0,15.4,15.65,15.3,15.7
2026-01-06,123123,1891281,15.7,15.7,15.15,15.5,-0.15,85,1.0,15.7,15.5,15.15,15.7
2026-01-07,50950,785082,15.55,15.55,15.35,15.4,-0.1,34,1.0,15.55,15.4,15.35,15.55
2026-01-08,36527,564385,15.45,15.5,15.35,15.5,0.1,35,1.0,15.45,15.5,15.35,15.5
2026-01-09,21001,324014,15.6,15.6,15.4,15.45,-0.05,12,1.0,15.6,15.45,15.4,15.6
2026-01-12,42530,649906,15.4,15.45,15.15,15.3,-0.15,41,1.0,15.4,15.3,15.15,15.45
2026-01-13,15380,234088,15.2,15.3,15.2,15.3,0.0,35,1.0,15.2,15.3,15.2,15.3
2026-01-14,122148,1905682,15.35,15.85,15.35,15.4,0.1,103,1.0,15.35,15.4,15.35,15.85
2026-01-15,51554,798613,15.45,15.7,15.25,15.55,0.15,69,1.0,15.45,15.55,15.25,15.7
2026-01-16,56687,876316,15.7,15.7,15.35,15.4,-0.15,52,1.0,15.7,15.4,15.35,15.7
2026-01-19,64159,1001522,15.5,15.75,15.4,15.7,0.3,45,1.0,15.5,15.7,15.4,15.75
2026-01-20,39491,619722,15.7,15.8,15.55,15.65,-0.05,34,1.0,15.7,15.65,15.55,15.8
2026-01-21,34014,529791,15.65,15.7,15.5,15.7,0.05,36,1.0,15.65,15.7,15.5,15.7
2026-01-22,28887,449699,15.6,15.65,15.5,15.5,-0.2,31,1.0,15.6,15.5,15.5,15.65
2026-01-23,11225,173769,15.5,15.5,15.45,15.5,0.0,13,1.0,15.5,15.5,15.45,15.5
2026-01-26,23461,360836,15.5,15.5,15.2,15.45,-0.05,33,1.0,15.5,15.45,15.2,15.5
2026-01-27,61153,948627,15.45,15.65,15.45,15.55,0.1,54,1.0,15.45,15.55,15.45,15.65
2026-01-28,42930,664691,15.4,15.55,15.4,15.55,0.0,58,1.0,15.4,15.55,15.4,15.55
2026-01-29,62581,963346,15.4,15.45,15.3,15.45,-0.1,37,1.0,15.4,15.45,15.3,15.45
2026-01-30,38200,580249,15.25,15.3,15.15,15.3,-0.15,34,1.0,15.25,15.3,15.15,15.3
2026-02-02,42000,632301,15.2,15.25,14.95,15.1,-0.2,31,1.0,15.2,15.1,14.95,15.25
2026-02-03,25867,391095,15.6,15.6,15.0,15.05,-0.05,22,1.0,15.6,15.05,15.0,15.6
2026-02-04,48004,728360,15.25,15.3,15.0,15.2,0.15,25,1.0,15.25,15.2,15.0,15.3
2026-02-05,28134,424110,15.35,15.35,14.9,15.0,-0.2,26,1.0,15.35,15.0,14.9,15.35
2026-02-06,27206,407560,14.9,15.0,14.9,14.95,-0.05,32,1.0,14.9,14.95,14.9,15.0
2026-02-09,855,12397,,,,,0.0,4,1.0,,,,
2026-02-10,110842,1640975,15.0,15.15,14.7,15.1,0.0,68,1.0,15.0,15.1,14.7,15.15
2026-02-11,8020,122049,15.25,15.25,15.1,15.1,0.0,9,1.0,15.25,15.1,15.1,15.25
2026-02-23,40308,616852,15.2,15.45,15.2,15.35,0.25,33,1.0,15.2,15.35,15.2,15.45
2026-02-24,22787,346777,15.45,15.45,15.15,15.2,-0.15,28,1.0,15.45,15.2,15.15,15.45
2026-02-25,58864,897314,15.2,15.6,15.05,15.35,0.15,61,1.0,15.2,15.35,15.05,15.6
2026-02-26,56444,857189,15.35,15.4,15.1,15.3,-0.05,46,1.0,15.35,15.3,15.1,15.4
2026-03-02,19462,295827,15.25,15.3,15.1,15.2,-0.1,24,1.0,15.25,15.2,15.1,15.3
2026-03-03,59280,895777,15.2,15.25,14.8,15.2,0.0,45,1.0,15.2,15.2,14.8,15.25
2026-03-04,62293,920395,14.85,14.95,14.7,14.85,-0.35,51,1.0,14.85,14.85,14.7,14.95
2026-03-05,18656,277346,14.85,15.0,14.85,15.0,0.15,25,1.0,14.85,15.0,14.85,15.0
2026-03-06,23183,349360,14.95,15.15,14.95,15.15,0.15,18,1.0,14.95,15.15,14.95,15.15
2026-03-09,41876,622797,15.15,15.15,14.7,14.75,-0.4,62,1.0,15.15,14.75,14.7,15.15
2026-03-10,10000,149050,15.15,15.15,14.8,14.9,0.15,8,1.0,15.15,14.9,14.8,15.15
2026-03-11,16030,238397,14.7,14.95,14.7,14.85,-0.05,16,1.0,14.7,14.85,14.7,14.95
2026-03-12,37133,551888,14.95,14.95,14.85,14.95,0.1,25,1.0,14.95,14.95,14.85,14.95
2026-03-13,119248,1791379,14.95,15.35,14.9,14.95,0.0,76,1.0,14.95,14.95,14.9,15.35
2026-03-16,614815,9909689,15.1,16.4,15.1,16.4,1.45,289,1.0,15.1,16.4,15.1,16.4
2026-03-17,1334224,23181998,17.95,18.0,16.55,16.55,0.15,802,1.0,17.95,16.55,16.55,18.0
2026-03-18,274751,4515028,16.55,17.05,16.2,16.35,-0.2,244,1.0,16.55,16.35,16.2,17.05
2026-03-19,153795,2537108,16.9,16.9,16.3,16.35,0.0,150,1.0,16.9,16.35,16.3,16.9
2026-03-20,114211,1849950,16.45,16.45,16.0,16.0,-0.35,97,1.0,16.45,16.0,16.0,16.45
2026-03-23,67838,1065772,15.9,16.05,15.5,15.5,-0.5,76,1.0,15.9,15.5,15.5,16.05
2026-03-24,41145,644193,15.7,15.9,15.5,15.55,0.05,37,1.0,15.7,15.55,15.5,15.9
2026-03-25,33904,537429,15.85,15.95,15.75,15.75,0.2,36,1.0,15.85,15.75,15.75,15.95
2026-03-26,49386,779464,15.8,15.95,15.75,15.75,0.0,29,1.0,15.8,15.75,15.75,15.95
2026-03-27,30045,469306,15.55,15.9,15.5,15.65,-0.1,34,1.0,15.55,15.65,15.5,15.9
2026-03-30,123832,2006874,15.65,16.5,15.65,16.3,0.65,129,1.0,15.65,16.3,15.65,16.5
2026-03-31,47110,751752,16.3,16.3,15.75,15.95,-0.35,43,1.0,16.3,15.95,15.75,16.3
2026-04-01,47084,749395,15.95,16.1,15.7,15.85,-0.1,35,1.0,15.95,15.85,15.7,16.1
2026-04-02,64101,998025,15.75,15.75,15.5,15.55,-0.3,44,1.0,15.75,15.55,15.5,15.75
2026-04-07,33311,513095,15.5,15.55,15.35,15.45,-0.1,32,1.0,15.5,15.45,15.35,15.55
2026-04-08,30476,473719,15.7,15.7,15.4,15.4,-0.05,35,1.0,15.7,15.4,15.4,15.7
2026-04-09,84266,1339677,15.55,16.2,15.55,15.85,0.45,68,1.0,15.55,15.85,15.55,16.2
2026-04-10,37021,590433,15.95,16.1,15.75,15.85,0.0,32,1.0,15.95,15.85,15.75,16.1
2026-04-13,160554,2608421,16.15,16.4,16.1,16.3,0.45,113,1.0,16.15,16.3,16.1,16.4
2026-04-14,77044,1262041,16.75,16.75,16.2,16.2,-0.1,94,1.0,16.75,16.2,16.2,16.75
2026-04-15,85197,1375641,16.35,16.35,16.0,16.25,0.05,76,1.0,16.35,16.25,16.0,16.35
2026-04-16,101241,1660840,16.3,16.55,16.25,16.3,0.05,78,1.0,16.3,16.3,16.25,16.55
2026-04-17,34696,560431,16.3,16.35,16.05,16.15,-0.15,49,1.0,16.3,16.15,16.05,16.35
2026-04-20,181484,3014284,16.2,16.9,16.15,16.7,0.55,148,1.0,16.2,16.7,16.15,16.9
2026-04-21,214948,3682970,17.45,17.45,16.95,16.95,0.25,166,1.0,17.45,16.95,16.95,17.45
2026-04-22,130547,2181439,16.95,17.1,16.5,16.6,-0.35,109,1.0,16.95,16.6,16.5,17.1
2026-04-23,189724,3182101,16.6,17.45,16.2,16.4,-0.2,155,1.0,16.6,16.4,16.2,17.45
2026-04-24,105329,1731790,16.45,16.6,16.05,16.05,-0.35,64,1.0,16.45,16.05,16.05,16.6
2026-04-27,86225,1387049,16.1,16.4,15.95,16.05,0.0,68,1.0,16.1,16.05,15.95,16.4
2026-04-28,58534,952506,16.25,16.45,16.05,16.45,0.4,46,1.0,16.25,16.45,16.05,16.45
2026-04-29,69159,1139876,16.45,16.65,16.3,16.45,0.0,56,1.0,16.45,16.45,16.3,16.65
2026-04-30,82140,1357305,16.5,16.7,16.45,16.5,0.05,63,1.0,16.5,16.5,16.45,16.7
2026-05-04,200619,3350840,16.55,16.85,16.55,16.8,0.3,144,1.0,16.55,16.8,16.55,16.85
2026-05-05,155020,2640399,16.9,17.2,16.85,17.15,0.35,115,1.0,16.9,17.15,16.85,17.2
2026-05-06,111406,1918232,17.5,17.55,16.9,16.95,-0.2,97,1.0,17.5,16.95,16.9,17.55
2026-05-07,175771,3039134,17.2,17.45,16.95,17.35,0.4,115,1.0,17.2,17.35,16.95,17.45
2026-05-08,81402,1387101,17.25,17.25,16.95,17.0,-0.35,73,1.0,17.25,17.0,16.95,17.25
2026-05-11,89773,1527097,17.25,17.3,16.85,16.85,-0.15,65,1.0,17.25,16.85,16.85,17.3
2026-05-12,41551,698162,17.0,17.0,16.55,16.85,0.0,35,1.0,17.0,16.85,16.55,17.0
