Date,Capacity,Turnover,Open,High,Low,Close,Change,Transaction,AdjFactor,Open_adj,Close_adj,Low_adj,High_adj
2020-05-04,599000,14167247,23.9,23.9,23.55,23.6,-0.3,299,0.7135864863258758,17.0547,16.8406,16.805,17.0547
2020-05-05,256763,6106781,23.65,24.0,23.6,23.95,0.35,163,0.7135864863258758,16.8763,17.0904,16.8406,17.1261
2020-05-06,430538,10275253,23.95,24.0,23.75,23.75,-0.2,197,0.7135864863258758,17.0904,16.9477,16.9477,17.1261
2020-05-07,338915,8054621,23.8,23.95,23.55,23.8,0.05,172,0.7135864863258758,16.9834,16.9834,16.805,17.0904
2020-05-08,273056,6513278,23.8,23.9,23.8,23.85,0.05,163,0.7135864863258758,16.9834,17.019,16.9834,17.0547
2020-05-11,907427,21635279,23.85,23.95,23.65,23.8,-0.05,383,0.7135864863258758,17.019,16.9834,16.8763,17.0904
2020-05-12,414218,9819138,23.8,23.85,23.65,23.65,-0.15,228,0.7135864863258758,16.9834,16.8763,16.8763,17.019
2020-05-13,336411,7923889,23.65,23.65,23.5,23.6,-0.05,187,0.7135864863258758,16.8763,16.8406,16.7693,16.8763
2020-05-14,480000,11270598,23.55,23.55,23.4,23.4,-0.2,219,0.7135864863258758,16.805,16.6979,16.6979,16.805
2020-05-15,384000,8998200,23.5,23.6,23.3,23.35,-0.05,222,0.7135864863258758,16.7693,16.6622,16.6266,16.8406
2020-05-18,251809,5907397,23.35,23.65,23.3,23.55,0.2,141,0.7135864863258758,16.6622,16.805,16.6266,16.8763
2020-05-19,285089,6767498,23.9,23.9,23.7,23.7,0.15,170,0.7135864863258758,17.0547,16.912,16.912,17.0547
2020-05-20,330147,7819317,23.7,23.9,23.6,23.6,-0.1,180,0.7135864863258758,16.912,16.8406,16.8406,17.0547
2020-05-21,306114,7269305,23.8,23.9,23.65,23.75,0.15,131,0.7135864863258758,16.9834,16.9477,16.8763,17.0547
2020-05-22,301897,7155757,23.75,23.8,23.65,23.7,-0.05,137,0.7135864863258758,16.9477,16.912,16.8763,16.9834
2020-05-25,219700,5211319,23.85,23.85,23.6,23.8,0.1,123,0.7135864863258758,17.019,16.9834,16.8406,17.019
2020-05-26,306796,7316910,23.8,23.95,23.8,23.9,0.1,190,0.7135864863258758,16.9834,17.0547,16.9834,17.0904
2020-05-27,314844,7525516,23.9,24.0,23.85,23.9,0.0,204,0.7135864863258758,17.0547,17.0547,17.019,17.1261
2020-05-28,595278,14280922,24.0,24.1,23.85,23.9,0.0,283,0.7135864863258758,17.1261,17.0547,17.019,17.1974
2020-05-29,295451,7072324,24.0,24.0,23.85,24.0,0.1,155,0.7135864863258758,17.1261,17.1261,17.019,17.1261
2020-06-01,387990,9320307,24.05,24.1,24.0,24.05,0.05,189,0.7135864863258758,17.1618,17.1618,17.1261,17.1974
2020-06-02,316379,7627946,24.1,24.2,24.05,24.15,0.1,163,0.7135864863258758,17.1974,17.2331,17.1618,17.2688
2020-06-03,564830,13804931,24.3,24.6,24.3,24.55,0.4,305,0.7135864863258758,17.3402,17.5185,17.3402,17.5542
2020-06-04,517238,12718979,24.65,24.8,24.5,24.6,0.05,268,0.7135864863258758,17.5899,17.5542,17.4829,17.6969
2020-06-05,319574,7850638,24.55,24.7,24.45,24.65,0.05,180,0.7135864863258758,17.5185,17.5899,17.4472,17.6256
2020-06-08,489574,12087774,24.6,24.8,24.55,24.8,0.15,239,0.7135864863258758,17.5542,17.6969,17.5185,17.6969
2020-06-09,742405,18519975,24.85,25.1,24.75,25.0,0.2,368,0.7135864863258758,17.7326,17.8397,17.6613,17.911
2020-06-10,392934,9794404,25.0,25.0,24.85,24.9,-0.1,189,0.7135864863258758,17.8397,17.7683,17.7326,17.8397
2020-06-11,581041,14474761,24.95,25.05,24.8,24.85,-0.05,322,0.7135864863258758,17.804,17.7326,17.6969,17.8753
2020-06-12,704000,17135597,24.45,24.55,24.1,24.55,-0.3,361,0.7135864863258758,17.4472,17.5185,17.1974,17.5185
2020-06-15,293600,7206399,24.55,24.7,24.5,24.5,-0.05,161,0.7135864863258758,17.5185,17.4829,17.4829,17.6256
2020-06-16,389309,9651810,24.5,24.9,24.5,24.9,0.4,253,0.7135864863258758,17.4829,17.7683,17.4829,17.7683
2020-06-17,347370,8664491,24.95,25.0,24.8,25.0,0.1,178,0.7135864863258758,17.804,17.8397,17.6969,17.8397
2020-06-18,255119,6377525,25.0,25.1,24.9,25.05,0.05,105,0.7135864863258758,17.8397,17.8753,17.7683,17.911
2020-06-19,584585,14402881,24.95,25.0,24.35,24.35,-0.7,242,0.7135864863258758,17.804,17.3758,17.3758,17.8397
2020-06-22,554082,13738525,24.6,24.9,24.55,24.85,0.5,218,0.7135864863258758,17.5542,17.7326,17.5185,17.7683
2020-06-23,292102,7237267,24.9,24.95,24.65,24.8,-0.05,138,0.7135864863258758,17.7683,17.6969,17.5899,17.804
2020-06-24,208701,5175749,24.95,24.95,24.7,24.8,0.0,105,0.7135864863258758,17.804,17.6969,17.6256,17.804
2020-06-29,308778,7617403,24.7,24.8,24.5,24.75,-0.05,169,0.7135864863258758,17.6256,17.6613,17.4829,17.6969
2020-06-30,205126,5101917,24.8,24.95,24.75,24.9,0.15,116,0.7135864863258758,17.6969,17.7683,17.6613,17.804
2020-07-01,274941,6846378,24.9,24.95,24.8,24.95,0.05,140,0.7135864863258758,17.7683,17.804,17.6969,17.804
2020-07-02,523326,13077730,24.95,25.05,24.9,25.0,0.05,200,0.7135864863258758,17.804,17.8397,17.7683,17.8753
2020-07-03,437264,10975569,25.0,25.2,25.0,25.05,0.05,163,0.7135864863258758,17.8397,17.8753,17.8397,17.9824
2020-07-06,731862,18439678,25.0,25.3,25.0,25.3,0.25,286,0.7135864863258758,17.8397,18.0537,17.8397,18.0537
2020-07-07,804624,20365952,25.3,25.5,25.15,25.4,0.1,305,0.7135864863258758,18.0537,18.1251,17.9467,18.1965
2020-07-08,721320,18295389,25.4,25.5,25.25,25.45,0.05,300,0.7135864863258758,18.1251,18.1608,18.0181,18.1965
2020-07-09,1529824,39426210,25.45,26.1,25.45,25.65,0.2,454,0.7135864863258758,18.1608,18.3035,18.1608,18.6246
2020-07-10,934784,23772908,25.65,25.75,25.2,25.45,-0.2,352,0.7135864863258758,18.3035,18.1608,17.9824,18.3749
2020-07-13,1104222,28228658,25.5,25.75,25.45,25.6,0.15,409,0.7135864863258758,18.1965,18.2678,18.1608,18.3749
2020-07-14,2354230,60113346,25.7,25.7,25.4,25.5,-0.1,820,0.7135864863258758,18.3392,18.1965,18.1251,18.3392
2020-07-15,1891500,45865144,24.25,24.45,24.05,24.3,0.0,628,0.758185641721243,18.386,18.4239,18.2344,18.5376
2020-07-16,501095,12116357,24.3,24.3,24.1,24.15,-0.15,256,0.758185641721243,18.4239,18.3102,18.2723,18.4239
2020-07-17,895347,21517278,24.2,24.2,23.9,23.9,-0.25,347,0.758185641721243,18.3481,18.1206,18.1206,18.3481
2020-07-20,511118,12034331,23.8,23.8,23.5,23.5,-0.4,260,0.758185641721243,18.0448,17.8174,17.8174,18.0448
2020-07-21,2034739,47213163,23.35,23.45,23.05,23.25,-0.25,863,0.758185641721243,17.7036,17.6278,17.4762,17.7795
2020-07-22,295344,6926947,23.3,23.55,23.2,23.55,0.3,175,0.758185641721243,17.6657,17.8553,17.5899,17.8553
2020-07-23,255659,5987681,23.55,23.55,23.35,23.35,-0.2,149,0.758185641721243,17.8553,17.7036,17.7036,17.8553
2020-07-24,508053,11809376,23.35,23.35,23.2,23.2,-0.15,204,0.758185641721243,17.7036,17.5899,17.5899,17.7036
2020-07-27,789557,18195911,23.15,23.2,23.0,23.0,-0.2,291,0.758185641721243,17.552,17.4383,17.4383,17.5899
2020-07-28,464168,10649892,23.0,23.4,22.9,22.9,-0.1,272,0.758185641721243,17.4383,17.3625,17.3625,17.7415
2020-07-29,261457,6035561,23.0,23.25,23.0,23.0,0.1,136,0.758185641721243,17.4383,17.4383,17.4383,17.6278
2020-07-30,183550,4238374,23.5,23.5,23.05,23.05,0.05,137,0.758185641721243,17.8174,17.4762,17.4762,17.8174
2020-07-31,181138,4187894,23.2,23.2,23.05,23.15,0.1,101,0.758185641721243,17.5899,17.552,17.4762,17.5899
2020-08-03,448487,10311548,23.2,23.25,22.85,22.9,-0.25,288,0.758185641721243,17.5899,17.3625,17.3245,17.6278
2020-08-04,271571,6241783,22.9,23.1,22.8,23.0,0.1,120,0.758185641721243,17.3625,17.4383,17.2866,17.5141
2020-08-05,318273,7327979,22.9,23.1,22.9,23.05,0.05,115,0.758185641721243,17.3625,17.4762,17.3625,17.5141
2020-08-06,238774,5526765,23.1,23.3,23.05,23.15,0.1,140,0.758185641721243,17.5141,17.552,17.4762,17.6657
2020-08-07,186831,4316293,23.15,23.15,23.05,23.1,-0.05,108,0.758185641721243,17.552,17.5141,17.4762,17.552
2020-08-10,316738,7367116,23.1,23.35,23.1,23.3,0.2,163,0.758185641721243,17.5141,17.6657,17.5141,17.7036
2020-08-11,425491,9992286,23.3,23.6,23.3,23.5,0.2,235,0.758185641721243,17.6657,17.8174,17.6657,17.8932
2020-08-12,122778,2855897,23.3,23.35,23.15,23.3,-0.2,83,0.758185641721243,17.6657,17.6657,17.552,17.7036
2020-08-13,217336,5044308,23.3,23.3,23.15,23.15,-0.15,128,0.758185641721243,17.6657,17.552,17.552,17.6657
2020-08-14,453478,10596451,23.15,23.55,23.15,23.55,0.4,200,0.758185641721243,17.552,17.8553,17.552,17.8553
2020-08-17,440991,10380787,23.4,23.65,23.4,23.65,0.1,233,0.758185641721243,17.7415,17.9311,17.7415,17.9311
2020-08-18,289538,6821447,23.65,23.65,23.5,23.6,-0.05,159,0.758185641721243,17.9311,17.8932,17.8174,17.9311
2020-08-19,428636,10097675,23.75,23.75,23.4,23.55,-0.05,280,0.758185641721243,18.0069,17.8553,17.7415,18.0069
2020-08-20,619547,14389858,23.75,23.75,23.0,23.2,-0.35,283,0.758185641721243,18.0069,17.5899,17.4383,18.0069
2020-08-21,403850,9424759,23.3,23.5,23.05,23.5,0.3,183,0.758185641721243,17.6657,17.8174,17.4762,17.8174
2020-08-24,253022,5875421,23.5,23.5,23.15,23.15,-0.35,155,0.758185641721243,17.8174,17.552,17.552,17.8174
2020-08-25,145971,3388169,23.2,23.3,23.15,23.25,0.1,97,0.758185641721243,17.5899,17.6278,17.552,17.6657
2020-08-26,170093,3960010,23.2,23.4,23.2,23.35,0.1,83,0.758185641721243,17.5899,17.7036,17.5899,17.7415
2020-08-27,298009,6990358,23.4,23.5,23.4,23.5,0.15,153,0.758185641721243,17.7415,17.8174,17.7415,17.8174
2020-08-28,528162,12462972,23.5,23.7,23.4,23.65,0.15,302,0.758185641721243,17.8174,17.9311,17.7415,17.969
2020-08-31,489517,11646599,23.8,23.95,23.7,23.8,0.15,218,0.758185641721243,18.0448,18.0448,17.969,18.1585
2020-09-01,496405,11701706,23.85,23.85,23.45,23.6,-0.2,180,0.758185641721243,18.0827,17.8932,17.7795,18.0827
2020-09-02,480228,11354700,23.6,23.75,23.6,23.7,0.1,163,0.758185641721243,17.8932,17.969,17.8932,18.0069
2020-09-03,517760,12284983,23.8,23.85,23.6,23.6,-0.1,221,0.758185641721243,18.0448,17.8932,17.8932,18.0827
2020-09-04,406120,9552029,23.45,23.7,23.4,23.55,-0.05,205,0.758185641721243,17.7795,17.8553,17.7415,17.969
2020-09-07,1451965,34984810,23.75,24.4,23.75,24.05,0.5,657,0.758185641721243,18.0069,18.2344,18.0069,18.4997
2020-09-08,620092,15003372,24.3,24.45,24.0,24.2,0.15,297,0.758185641721243,18.4239,18.3481,18.1965,18.5376
2020-09-09,488579,11674984,24.0,24.15,23.75,24.05,-0.15,266,0.758185641721243,18.1965,18.2344,18.0069,18.3102
2020-09-10,532018,12666827,24.1,24.1,23.7,23.75,-0.3,272,0.758185641721243,18.2723,18.0069,17.969,18.2723
2020-09-11,356838,8492742,23.75,23.95,23.6,23.65,-0.1,181,0.758185641721243,18.0069,17.9311,17.8932,18.1585
2020-09-14,200176,4710099,23.7,23.85,22.9,23.55,-0.1,148,0.758185641721243,17.969,17.8553,17.3625,18.0827
2020-09-15,272953,6446094,23.75,23.75,23.55,23.65,0.1,157,0.758185641721243,18.0069,17.9311,17.8553,18.0069
2020-09-16,199522,4715467,23.7,23.7,23.55,23.65,0.0,146,0.758185641721243,17.969,17.9311,17.8553,17.969
2020-09-17,149267,3537723,23.8,23.9,23.6,23.65,0.0,98,0.758185641721243,18.0448,17.9311,17.8932,18.1206
2020-09-18,342700,8132088,23.65,23.8,23.65,23.7,0.05,188,0.758185641721243,17.9311,17.969,17.9311,18.0448
2020-09-21,258267,6126899,23.7,23.8,23.6,23.7,0.0,148,0.758185641721243,17.969,17.969,17.8932,18.0448
2020-09-22,191634,4514961,23.6,23.6,23.5,23.5,-0.2,106,0.758185641721243,17.8932,17.8174,17.8174,17.8932
2020-09-23,411099,9586052,23.5,23.65,23.15,23.3,-0.2,239,0.758185641721243,17.8174,17.6657,17.552,17.9311
2020-09-24,674300,15504085,23.05,23.15,22.9,22.95,-0.35,328,0.758185641721243,17.4762,17.4004,17.3625,17.552
2020-09-25,552045,12624829,22.9,23.05,22.8,22.8,-0.15,276,0.758185641721243,17.3625,17.2866,17.2866,17.4762
2020-09-28,233732,5371436,22.8,23.15,22.8,23.0,0.2,126,0.758185641721243,17.2866,17.4383,17.2866,17.552
2020-09-29,397520,9160556,23.05,23.35,23.0,23.05,0.05,80,0.758185641721243,17.4762,17.4762,17.4383,17.7036
2020-09-30,319971,7323385,23.05,23.05,22.8,22.9,-0.15,197,0.758185641721243,17.4762,17.3625,17.2866,17.4762
2020-10-05,106788,2470406,22.9,23.3,22.9,23.1,0.2,74,0.758185641721243,17.3625,17.5141,17.3625,17.6657
2020-10-06,159694,3714534,23.25,23.35,23.15,23.35,0.25,114,0.758185641721243,17.6278,17.7036,17.552,17.7036
2020-10-07,207201,4832461,23.3,23.45,23.15,23.45,0.1,108,0.758185641721243,17.6657,17.7795,17.552,17.7795
2020-10-08,200544,4677026,23.45,23.45,23.25,23.35,-0.1,114,0.758185641721243,17.7795,17.7036,17.6278,17.7795
2020-10-12,237197,5549857,23.35,23.5,23.15,23.45,0.1,171,0.758185641721243,17.7036,17.7795,17.552,17.8174
2020-10-13,140158,3249334,23.45,23.45,23.15,23.15,-0.3,113,0.758185641721243,17.7795,17.552,17.552,17.7795
2020-10-14,239986,5550224,23.15,23.25,23.05,23.05,-0.1,199,0.758185641721243,17.552,17.4762,17.4762,17.6278
2020-10-15,181962,4185718,23.05,23.1,22.95,23.0,-0.05,149,0.758185641721243,17.4762,17.4383,17.4004,17.5141
2020-10-16,291352,6696430,23.0,23.05,22.95,23.0,0.0,193,0.758185641721243,17.4383,17.4383,17.4004,17.4762
2020-10-19,377227,8718113,23.1,23.3,22.95,23.3,0.3,272,0.758185641721243,17.5141,17.6657,17.4004,17.6657
2020-10-20,158735,3663623,23.3,23.3,23.0,23.1,-0.2,152,0.758185641721243,17.6657,17.5141,17.4383,17.6657
2020-10-21,285666,6604281,23.2,23.25,23.05,23.25,0.15,195,0.758185641721243,17.5899,17.6278,17.4762,17.6278
2020-10-22,2214842,50910482,23.25,23.25,22.8,23.1,-0.15,635,0.758185641721243,17.6278,17.5141,17.2866,17.6278
2020-10-23,363980,8353740,23.1,23.1,22.8,23.0,-0.1,177,0.758185641721243,17.5141,17.4383,17.2866,17.5141
2020-10-26,159151,3661103,23.0,23.15,22.85,23.0,0.0,120,0.758185641721243,17.4383,17.4383,17.3245,17.552
2020-10-27,398034,9167544,23.0,23.05,22.9,23.05,0.05,117,0.758185641721243,17.4383,17.4762,17.3625,17.4762
2020-10-28,355505,8204975,23.0,23.2,23.0,23.05,0.0,163,0.758185641721243,17.4383,17.4762,17.4383,17.5899
2020-10-29,168306,3862414,23.0,23.05,22.85,22.95,-0.1,98,0.758185641721243,17.4383,17.4004,17.3245,17.4762
2020-10-30,454052,10399097,22.9,23.1,22.85,22.9,-0.05,171,0.758185641721243,17.3625,17.3625,17.3245,17.5141
2020-11-02,267906,6144637,23.05,23.05,22.8,22.95,0.05,141,0.758185641721243,17.4762,17.4004,17.2866,17.4762
2020-11-03,307774,7110204,23.05,23.15,23.0,23.1,0.15,166,0.758185641721243,17.4762,17.5141,17.4383,17.552
2020-11-04,382993,8910771,23.25,23.35,23.2,23.25,0.15,213,0.758185641721243,17.6278,17.6278,17.5899,17.7036
2020-11-05,143454,3329003,23.3,23.35,23.1,23.1,-0.15,96,0.758185641721243,17.6657,17.5141,17.5141,17.7036
2020-11-06,108609,2519039,23.15,23.2,23.15,23.2,0.1,61,0.758185641721243,17.552,17.5899,17.552,17.5899
2020-11-09,184219,4286809,23.25,23.35,23.25,23.25,0.05,104,0.758185641721243,17.6278,17.6278,17.6278,17.7036
2020-11-10,209033,4864461,23.25,23.3,23.2,23.3,0.05,133,0.758185641721243,17.6278,17.6657,17.5899,17.6657
2020-11-11,701500,16527822,23.3,23.85,23.3,23.75,0.45,410,0.758185641721243,17.6657,18.0069,17.6657,18.0827
2020-11-12,262403,6201594,23.75,23.75,23.55,23.6,-0.15,159,0.758185641721243,18.0069,17.8932,17.8553,18.0069
2020-11-13,174094,4105014,23.55,23.7,23.5,23.7,0.1,103,0.758185641721243,17.8553,17.969,17.8174,17.969
2020-11-16,280841,6651223,23.55,23.9,23.5,23.7,0.0,175,0.758185641721243,17.8553,17.969,17.8174,18.1206
2020-11-17,518715,12308096,23.7,23.85,23.65,23.8,0.1,261,0.758185641721243,17.969,18.0448,17.9311,18.0827
2020-11-18,385875,9217648,23.95,23.95,23.8,23.9,0.1,200,0.758185641721243,18.1585,18.1206,18.0448,18.1585
2020-11-19,330024,7878562,24.0,24.0,23.8,23.9,0.0,132,0.758185641721243,18.1965,18.1206,18.0448,18.1965
2020-11-20,355725,8490065,23.9,23.95,23.8,23.9,0.0,191,0.758185641721243,18.1206,18.1206,18.0448,18.1585
2020-11-23,509904,12208386,24.0,24.0,23.85,24.0,0.1,244,0.758185641721243,18.1965,18.1965,18.0827,18.1965
2020-11-24,517140,12405358,24.0,24.1,23.85,24.0,0.0,348,0.758185641721243,18.1965,18.1965,18.0827,18.2723
2020-11-25,2630361,64887368,24.45,24.95,24.4,24.5,0.5,1246,0.758185641721243,18.5376,18.5755,18.4997,18.9167
2020-11-26,3012886,74748009,24.4,25.15,24.3,25.0,0.5,1137,0.758185641721243,18.4997,18.9546,18.4239,19.0684
2020-11-27,1159922,29021138,25.15,25.2,24.9,24.95,-0.05,617,0.758185641721243,19.0684,18.9167,18.8788,19.1063
2020-11-30,4159629,105767073,24.8,25.95,24.8,25.65,0.7,1730,0.758185641721243,18.803,19.4475,18.803,19.6749
2020-12-01,3070004,78236238,25.45,25.9,25.15,25.3,-0.35,1286,0.758185641721243,19.2958,19.1821,19.0684,19.637
2020-12-02,1388330,35050316,25.5,25.55,25.1,25.2,-0.1,605,0.758185641721243,19.3337,19.1063,19.0305,19.3716
2020-12-03,1461798,37186263,25.2,25.7,25.1,25.35,0.15,739,0.758185641721243,19.1063,19.22,19.0305,19.4854
2020-12-04,1303386,33227166,25.3,25.6,25.25,25.5,0.15,581,0.758185641721243,19.1821,19.3337,19.1442,19.4096
2020-12-07,2368383,61009579,25.6,26.05,25.5,25.75,0.25,1020,0.758185641721243,19.4096,19.5233,19.3337,19.7507
2020-12-08,2944450,76505770,25.8,26.2,25.8,25.95,0.2,1014,0.758185641721243,19.5612,19.6749,19.5612,19.8645
2020-12-09,1536073,39761942,26.0,26.05,25.75,25.9,-0.05,668,0.758185641721243,19.7128,19.637,19.5233,19.7507
2020-12-10,7871242,209540597,25.85,27.15,25.8,26.7,0.0,2961,0.7703808599678382,19.9143,20.5692,19.8758,20.9158
2020-12-11,4264390,114010205,27.0,27.25,26.1,26.65,-0.05,1642,0.7703808599678382,20.8003,20.5306,20.1069,20.9929
2020-12-14,5239172,142036833,26.7,27.75,26.7,26.9,0.25,2032,0.7703808599678382,20.5692,20.7232,20.5692,21.3781
2020-12-15,5489065,148992505,26.9,27.7,26.55,26.85,-0.05,2063,0.7703808599678382,20.7232,20.6847,20.4536,21.3395
2020-12-16,4611477,125684090,27.25,27.6,26.95,27.2,0.35,1901,0.7703808599678382,20.9929,20.9544,20.7618,21.2625
2020-12-17,2236477,60255799,27.35,27.4,26.65,26.9,-0.3,1017,0.7703808599678382,21.0699,20.7232,20.5306,21.1084
2020-12-18,2198073,59154087,26.9,27.1,26.75,26.75,-0.15,944,0.7703808599678382,20.7232,20.6077,20.6077,20.8773
2020-12-21,16087550,445466598,26.75,28.15,26.75,27.8,1.05,5575,0.7703808599678382,20.6077,21.4166,20.6077,21.6862
2020-12-22,19199528,533796609,28.15,29.0,26.25,26.3,-1.5,7659,0.7703808599678382,21.6862,20.261,20.2225,22.341
2020-12-23,6857562,184536740,26.3,27.45,26.05,27.35,1.05,2559,0.7703808599678382,20.261,21.0699,20.0684,21.147
2020-12-24,16738232,466799874,27.4,28.2,27.3,28.2,0.85,5106,0.7703808599678382,21.1084,21.7247,21.0314,21.7247
2020-12-25,15913652,448702467,28.4,28.5,27.75,27.9,-0.3,5942,0.7703808599678382,21.8788,21.4936,21.3781,21.9559
2020-12-28,11489440,323322823,27.9,28.45,27.45,28.0,0.1,4125,0.7703808599678382,21.4936,21.5707,21.147,21.9173
2020-12-29,8282332,233784843,28.35,28.5,27.95,28.2,0.2,3019,0.7703808599678382,21.8403,21.7247,21.5321,21.9559
2020-12-30,15559125,448819076,28.5,29.4,28.45,28.5,0.3,5712,0.7703808599678382,21.9559,21.9559,21.9173,22.6492
2020-12-31,9164424,262426967,28.8,29.0,28.35,28.55,0.05,4682,0.7703808599678382,22.187,21.9944,21.8403,22.341
2021-01-04,5544216,157105971,28.7,28.8,28.1,28.2,-0.35,2939,0.7703808599678382,22.1099,21.7247,21.6477,22.187
2021-01-05,33710985,988105211,28.2,29.7,28.1,29.3,1.1,10641,0.7703808599678382,21.7247,22.5722,21.6477,22.8803
2021-01-06,13732472,401989286,29.5,29.95,28.6,29.1,-0.2,6182,0.7703808599678382,22.7262,22.4181,22.0329,23.0729
2021-01-07,5600422,161325842,29.0,29.15,28.5,28.75,-0.35,2692,0.7703808599678382,22.341,22.1484,21.9559,22.4566
2021-01-08,5188404,147171243,28.85,28.95,28.1,28.25,-0.5,2703,0.7703808599678382,22.2255,21.7633,21.6477,22.3025
2021-01-11,6350157,175389925,28.25,28.25,27.15,27.3,-0.95,3297,0.7703808599678382,21.7633,21.0314,20.9158,21.7633
2021-01-12,7775231,204439460,27.15,27.15,26.0,26.05,-1.25,3646,0.7703808599678382,20.9158,20.0684,20.0299,20.9158
2021-01-13,3407490,89302360,26.15,26.7,25.95,26.15,0.1,1645,0.7703808599678382,20.1455,20.1455,19.9914,20.5692
2021-01-14,1892988,49806450,26.35,26.55,26.15,26.15,0.0,1026,0.7703808599678382,20.2995,20.1455,20.1455,20.4536
2021-01-15,4282084,109850587,26.2,26.35,25.4,25.45,-0.7,1813,0.7703808599678382,20.184,19.6062,19.5677,20.2995
2021-01-18,2050136,51859915,25.5,25.8,24.8,25.6,0.15,999,0.7703808599678382,19.6447,19.7218,19.1054,19.8758
2021-01-19,1920380,49229087,25.55,25.95,25.5,25.5,-0.1,915,0.7703808599678382,19.6832,19.6447,19.6447,19.9914
2021-01-20,3177634,79038306,25.35,25.35,24.6,24.65,-0.85,1553,0.7703808599678382,19.5292,18.9899,18.9514,19.5292
2021-01-21,1585985,39312155,24.7,25.0,24.55,24.8,0.15,789,0.7703808599678382,19.0284,19.1054,18.9129,19.2595
2021-01-22,2041696,50509160,24.85,25.15,24.4,25.0,0.2,898,0.7703808599678382,19.144,19.2595,18.7973,19.3751
2021-01-25,3751823,95287318,25.05,25.7,24.65,25.5,0.5,1334,0.7703808599678382,19.298,19.6447,18.9899,19.7988
2021-01-26,1779387,44459192,25.2,25.35,24.75,24.9,-0.6,795,0.7703808599678382,19.4136,19.1825,19.0669,19.5292
2021-01-27,761129,19043336,25.25,25.25,24.9,25.05,0.15,417,0.7703808599678382,19.4521,19.298,19.1825,19.4521
2021-01-28,1629543,40798838,25.0,25.2,24.9,25.1,0.05,652,0.7703808599678382,19.2595,19.3366,19.1825,19.4136
2021-01-29,1533946,38621149,25.3,25.45,25.0,25.0,-0.1,751,0.7703808599678382,19.4906,19.2595,19.2595,19.6062
2021-02-01,1131464,28328134,25.0,25.35,24.8,25.1,0.1,445,0.7703808599678382,19.2595,19.3366,19.1054,19.5292
2021-02-02,1032127,26042057,25.1,25.4,25.1,25.35,0.25,458,0.7703808599678382,19.3366,19.5292,19.3366,19.5677
2021-02-03,858942,21706106,25.5,25.5,25.2,25.25,-0.1,340,0.7703808599678382,19.6447,19.4521,19.4136,19.6447
2021-02-04,691918,17440148,25.2,25.3,25.15,25.15,-0.1,277,0.7703808599678382,19.4136,19.3751,19.3751,19.4906
2021-02-05,1167468,29520129,25.25,25.45,25.1,25.25,0.1,497,0.7703808599678382,19.4521,19.4521,19.3366,19.6062
2021-02-17,2003392,51478386,25.35,26.0,25.35,25.8,0.55,930,0.7703808599678382,19.5292,19.8758,19.5292,20.0299
2021-02-18,2461071,64929238,25.8,26.65,25.8,26.45,0.65,1261,0.7703808599678382,19.8758,20.3766,19.8758,20.5306
2021-02-19,1549420,41034778,26.5,26.7,26.35,26.65,0.2,829,0.7703808599678382,20.4151,20.5306,20.2995,20.5692
2021-02-22,3254694,87624833,27.0,27.2,26.7,26.95,0.3,1094,0.7703808599678382,20.8003,20.7618,20.5692,20.9544
2021-02-23,11269141,315536431,27.2,28.7,27.2,27.95,1.0,4814,0.7703808599678382,20.9544,21.5321,20.9544,22.1099
2021-02-24,4255675,116719978,27.95,27.95,27.1,27.6,-0.35,2273,0.7703808599678382,21.5321,21.2625,20.8773,21.5321
2021-02-25,3572448,98709124,27.9,27.95,27.3,27.55,-0.05,1854,0.7703808599678382,21.4936,21.224,21.0314,21.5321
2021-02-26,2477185,68067069,27.25,27.8,27.2,27.4,-0.15,1213,0.7703808599678382,20.9929,21.1084,20.9544,21.4166
2021-03-02,1783941,48566758,27.5,27.7,26.9,26.9,-0.5,1045,0.7703808599678382,21.1855,20.7232,20.7232,21.3395
2021-03-03,1568646,42267027,26.8,27.2,26.7,26.9,0.0,781,0.7703808599678382,20.6462,20.7232,20.5692,20.9544
2021-03-04,2664541,72231619,26.7,27.6,26.65,26.85,-0.05,1310,0.7703808599678382,20.5692,20.6847,20.5306,21.2625
2021-03-05,1777866,47118346,26.5,26.6,26.3,26.45,-0.4,901,0.7703808599678382,20.4151,20.3766,20.261,20.4921
2021-03-08,722954,19293974,26.7,27.0,26.5,26.55,0.1,432,0.7703808599678382,20.5692,20.4536,20.4151,20.8003
2021-03-09,7504346,204222145,26.55,27.55,26.55,27.1,0.55,2929,0.7703808599678382,20.4536,20.8773,20.4536,21.224
2021-03-10,1659144,44497733,27.0,27.05,26.7,26.8,-0.3,973,0.7703808599678382,20.8003,20.6462,20.5692,20.8388
2021-03-11,1259701,33738337,27.0,27.0,26.7,26.7,-0.1,697,0.7703808599678382,20.8003,20.5692,20.5692,20.8003
2021-03-12,1107801,29426837,26.8,26.85,26.5,26.55,-0.15,696,0.7703808599678382,20.6462,20.4536,20.4151,20.6847
2021-03-15,1008589,26776374,26.6,26.8,26.45,26.5,-0.05,615,0.7703808599678382,20.4921,20.4151,20.3766,20.6462
2021-03-16,1140233,30101939,26.55,26.7,26.3,26.4,-0.1,622,0.7703808599678382,20.4536,20.3381,20.261,20.5692
2021-03-17,1434048,37631902,26.4,26.4,26.1,26.2,-0.2,781,0.7703808599678382,20.3381,20.184,20.1069,20.3381
2021-03-18,1110685,29079083,26.3,26.4,26.1,26.2,0.0,639,0.7703808599678382,20.261,20.184,20.1069,20.3381
2021-03-19,1343072,35096634,26.2,26.25,26.05,26.1,-0.1,672,0.7703808599678382,20.184,20.1069,20.0684,20.2225
2021-03-22,1337730,34960846,26.1,26.4,25.85,26.35,0.25,645,0.7703808599678382,20.1069,20.2995,19.9143,20.3381
2021-03-23,1028721,27050671,26.5,26.5,26.2,26.25,-0.1,500,0.7703808599678382,20.4151,20.2225,20.184,20.4151
2021-03-24,1277339,33798650,26.25,26.65,26.25,26.5,0.25,648,0.7703808599678382,20.2225,20.4151,20.2225,20.5306
2021-03-25,2331259,62664654,26.5,27.2,26.4,26.6,0.1,1301,0.7703808599678382,20.4151,20.4921,20.3381,20.9544
2021-03-26,1230961,32979833,26.8,27.0,26.6,26.8,0.2,609,0.7703808599678382,20.6462,20.6462,20.4921,20.8003
2021-03-29,6720025,182675196,26.85,27.35,26.85,27.25,0.45,2506,0.7703808599678382,20.6847,20.9929,20.6847,21.0699
2021-03-30,2091024,56440955,27.25,27.25,26.8,27.0,-0.25,1019,0.7703808599678382,20.9929,20.8003,20.6462,20.9929
2021-03-31,2552203,68347959,27.0,27.15,26.55,26.85,-0.15,1114,0.7703808599678382,20.8003,20.6847,20.4536,20.9158
2021-04-01,1764196,47568640,26.85,27.1,26.8,27.0,0.15,925,0.7703808599678382,20.6847,20.8003,20.6462,20.8773
2021-04-06,3624387,98412368,27.1,27.4,27.0,27.1,0.1,1527,0.7703808599678382,20.8773,20.8773,20.8003,21.1084
2021-04-07,7107050,196133305,27.2,27.95,27.2,27.55,0.45,2958,0.7703808599678382,20.9544,21.224,20.9544,21.5321
2021-04-08,14097229,401301200,27.65,29.0,27.65,28.3,0.75,6155,0.7703808599678382,21.301,21.8018,21.301,22.341
2021-04-09,4880171,135447006,28.3,28.5,27.25,27.6,-0.7,2405,0.7703808599678382,21.8018,21.2625,20.9929,21.9559
2021-04-12,6558548,185018660,27.7,28.75,27.7,28.2,0.6,2888,0.7703808599678382,21.3395,21.7247,21.3395,22.1484
2021-04-13,3831168,107500923,28.6,28.6,27.6,27.75,-0.45,1906,0.7703808599678382,22.0329,21.3781,21.2625,22.0329
2021-04-14,7070414,198980988,27.8,28.7,27.45,27.7,-0.05,3134,0.7703808599678382,21.4166,21.3395,21.147,22.1099
2021-04-15,5608080,158836913,28.2,28.5,28.0,28.25,0.55,2640,0.7703808599678382,21.7247,21.7633,21.5707,21.9559
2021-04-16,33591946,998580063,28.45,30.35,28.4,29.8,1.55,13054,0.7703808599678382,21.9173,22.9573,21.8788,23.3811
2021-04-19,30680527,941432590,30.3,31.4,29.6,30.75,0.95,13109,0.7703808599678382,23.3425,23.6892,22.8033,24.19
2021-04-20,13021700,383301379,30.55,30.55,29.05,29.75,-1.0,6310,0.7703808599678382,23.5351,22.9188,22.3796,23.5351
2021-04-21,8426632,245576597,29.2,29.6,28.7,29.2,-0.55,3987,0.7703808599678382,22.4951,22.4951,22.1099,22.8033
2021-04-22,23137790,696399304,29.5,30.85,28.75,29.1,-0.1,9417,0.7703808599678382,22.7262,22.4181,22.1484,23.7662
2021-04-23,6953063,198819417,29.1,29.3,28.1,28.65,-0.45,3339,0.7703808599678382,22.4181,22.0714,21.6477,22.5722
2021-04-26,5048181,146400711,28.8,29.3,28.45,29.15,0.5,2183,0.7703808599678382,22.187,22.4566,21.9173,22.5722
2021-04-27,5027393,146183685,29.15,29.55,28.7,29.4,0.25,2350,0.7703808599678382,22.4566,22.6492,22.1099,22.7648
2021-04-28,5757021,170109994,29.6,30.05,29.05,29.45,0.05,2812,0.7703808599678382,22.8033,22.6877,22.3796,23.1499
2021-04-29,31264917,957791763,30.15,31.45,29.6,30.65,1.2,11751,0.7703808599678382,23.227,23.6122,22.8033,24.2285
2021-05-03,23188589,722152561,31.35,32.15,30.2,30.3,-0.35,9610,0.7703808599678382,24.1514,23.3425,23.2655,24.7677
2021-05-04,13904052,398231782,30.25,30.9,27.35,28.15,-2.15,6242,0.7703808599678382,23.304,21.6862,21.0699,23.8048
2021-05-05,10103866,298452570,28.55,30.2,28.0,29.4,1.25,4274,0.7703808599678382,21.9944,22.6492,21.5707,23.2655
2021-05-06,10140318,306498938,29.4,30.95,29.3,30.0,0.6,4460,0.7703808599678382,22.6492,23.1114,22.5722,23.8433
2021-05-07,24714394,770781112,30.5,32.45,29.6,32.3,2.3,10530,0.7703808599678382,23.4966,24.8833,22.8033,24.9989
2021-05-10,29991404,1048406444,34.5,35.5,33.8,35.5,3.2,10674,0.7703808599678382,26.5781,27.3485,26.0389,27.3485
2021-05-11,95827843,3527427184,35.6,38.5,34.5,36.6,1.1,36482,0.7703808599678382,27.4256,28.1959,26.5781,29.6597
2021-05-12,25202035,867920713,36.8,37.75,32.95,32.95,-3.65,10393,0.7703808599678382,28.35,25.384,25.384,29.0819
2021-05-13,23229564,702569058,29.7,32.4,29.7,29.75,-3.2,9144,0.7703808599678382,22.8803,22.9188,22.8803,24.9603
2021-05-14,17993977,519375958,30.2,30.75,27.55,29.25,-0.5,7811,0.7703808599678382,23.2655,22.5336,21.224,23.6892
2021-05-17,13760394,372713010,26.5,28.2,26.5,26.6,-2.65,4611,0.7703808599678382,20.4151,20.4921,20.4151,21.7247
2021-05-18,11234687,323002826,27.6,29.25,27.3,29.25,2.65,4333,0.7703808599678382,21.2625,22.5336,21.0314,22.5336
2021-05-19,21726870,662567138,29.45,31.6,29.0,30.4,1.15,10114,0.7703808599678382,22.6877,23.4196,22.341,24.344
2021-05-20,8816292,256082905,29.45,30.3,28.5,28.6,-1.8,4257,0.7703808599678382,22.6877,22.0329,21.9559,23.3425
2021-05-21,7557566,220689529,29.1,29.8,28.5,29.8,1.2,3394,0.7703808599678382,22.4181,22.9573,21.9559,22.9573
2021-05-24,5282248,155735703,29.0,30.2,28.8,29.35,-0.45,2441,0.7703808599678382,22.341,22.6107,22.187,23.2655
2021-05-25,4289884,125169531,29.4,29.75,28.85,28.9,-0.45,2113,0.7703808599678382,22.6492,22.264,22.2255,22.9188
2021-05-26,3681134,107723022,29.0,29.8,28.65,29.8,0.9,1629,0.7703808599678382,22.341,22.9573,22.0714,22.9573
2021-05-27,8440352,254702892,29.85,30.7,29.6,29.7,-0.1,3571,0.7703808599678382,22.9959,22.8803,22.8033,23.6507
2021-05-28,18986688,606107839,30.5,32.5,30.5,32.4,2.7,8668,0.7703808599678382,23.4966,24.9603,23.4966,25.0374
2021-05-31,26243958,879562329,33.0,34.8,32.05,32.2,-0.2,11560,0.7703808599678382,25.4226,24.8063,24.6907,26.8093
2021-06-01,7537630,243051522,32.15,33.1,31.5,32.3,0.1,3336,0.7703808599678382,24.7677,24.8833,24.267,25.4996
2021-06-02,16050985,517819094,32.5,33.0,31.45,32.45,0.15,6241,0.7703808599678382,25.0374,24.9989,24.2285,25.4226
2021-06-03,9571766,306900534,32.8,32.9,31.65,31.8,-0.65,4245,0.7703808599678382,25.2685,24.4981,24.3826,25.3455
2021-06-04,8893018,281021985,31.55,32.25,31.05,31.25,-0.55,4138,0.7703808599678382,24.3055,24.0744,23.9203,24.8448
2021-06-07,8077603,245807915,31.5,31.75,29.1,30.75,-0.5,3266,0.7703808599678382,24.267,23.6892,22.4181,24.4596
2021-06-08,3178133,98816406,30.9,31.6,30.8,30.9,0.15,1531,0.7703808599678382,23.8048,23.8048,23.7277,24.344
2021-06-09,3108658,95275477,31.15,31.5,30.3,30.45,-0.45,1471,0.7703808599678382,23.9974,23.4581,23.3425,24.267
2021-06-10,4991907,150047001,30.8,30.8,29.6,30.5,0.05,2325,0.7703808599678382,23.7277,23.4966,22.8033,23.7277
2021-06-11,2013380,61313611,30.5,30.9,30.15,30.4,-0.1,1029,0.7703808599678382,23.4966,23.4196,23.227,23.8048
2021-06-15,4250476,132211080,30.6,31.65,30.4,31.55,1.15,2233,0.7703808599678382,23.5737,24.3055,23.4196,24.3826
2021-06-16,3675250,114516002,31.4,31.75,30.7,30.75,-0.8,1805,0.7703808599678382,24.19,23.6892,23.6507,24.4596
2021-06-17,3411045,105158017,30.7,31.5,30.05,30.65,-0.1,1626,0.7703808599678382,23.6507,23.6122,23.1499,24.267
2021-06-18,4002761,121217865,30.6,30.65,30.15,30.3,-0.35,2278,0.7703808599678382,23.5737,23.3425,23.227,23.6122
2021-06-21,5151759,152131479,30.0,30.15,29.25,29.5,-0.8,2417,0.7703808599678382,23.1114,22.7262,22.5336,23.227
2021-06-22,12910696,400380721,29.95,31.65,29.75,30.9,1.4,6071,0.7703808599678382,23.0729,23.8048,22.9188,24.3826
2021-06-23,10305750,320799646,31.5,31.9,30.5,30.6,-0.3,4587,0.7703808599678382,24.267,23.5737,23.4966,24.5751
2021-06-24,7148455,224005307,30.65,31.8,30.6,31.3,0.7,3367,0.7703808599678382,23.6122,24.1129,23.5737,24.4981
2021-06-25,53690345,1816131488,32.25,34.4,32.05,34.4,3.1,17904,0.7703808599678382,24.8448,26.5011,24.6907,26.5011
2021-06-28,44665371,1646078261,35.05,37.8,34.8,37.8,3.4,13949,0.7703808599678382,27.0018,29.1204,26.8093,29.1204
2021-06-29,76531131,3140621501,39.7,41.55,39.5,41.55,3.75,23535,0.7703808599678382,30.5841,32.0093,30.43,32.0093
2021-06-30,142120231,6371156070,44.3,45.7,41.6,43.0,1.45,50308,0.7703808599678382,34.1279,33.1264,32.0478,35.2064
2021-07-01,63206008,2697024539,45.0,45.0,41.0,41.3,-1.7,28616,0.7703808599678382,34.6671,31.8167,31.5856,34.6671
2021-07-02,53958081,2275458650,42.2,44.6,40.2,43.1,1.8,24957,0.7703808599678382,32.5101,33.2034,30.9693,34.359
2021-07-05,49818775,2173279353,44.0,45.1,42.35,43.5,0.4,22842,0.7703808599678382,33.8968,33.5116,32.6256,34.7442
2021-07-06,27022292,1151240199,43.9,44.2,41.7,41.7,-1.8,12799,0.7703808599678382,33.8197,32.1249,32.1249,34.0508
2021-07-07,24104243,983556656,41.7,42.7,39.8,39.95,-1.75,11633,0.7703808599678382,32.1249,30.7767,30.6612,32.8953
2021-07-08,34227482,1425047723,41.05,43.25,39.95,41.65,1.7,15920,0.7703808599678382,31.6241,32.0864,30.7767,33.319
2021-07-09,22136414,928979597,41.0,42.95,40.5,41.65,0.0,10936,0.7703808599678382,31.5856,32.0864,31.2004,33.0879
2021-07-12,45730695,2006867761,44.1,45.0,42.5,42.9,1.25,20372,0.7703808599678382,33.9738,33.0493,32.7412,34.6671
2021-07-13,24402361,992390787,43.15,43.5,39.1,39.2,-3.7,11921,0.7703808599678382,33.2419,30.1989,30.1219,33.5116
2021-07-14,21330821,801570476,38.8,39.5,36.7,37.1,-2.1,9553,0.7703808599678382,29.8908,28.5811,28.273,30.43
2021-07-15,25439393,985604015,38.0,40.55,37.3,40.0,2.9,12491,0.7703808599678382,29.2745,30.8152,28.7352,31.2389
2021-07-16,25259391,1024144121,39.95,41.45,39.2,40.9,0.9,11271,0.7703808599678382,30.7767,31.5086,30.1989,31.9323
2021-07-19,45033594,1995046531,42.0,44.95,41.8,44.95,4.05,16384,0.7703808599678382,32.356,34.6286,32.2019,34.6286
2021-07-20,126297429,5672873391,45.0,47.3,41.85,44.35,-0.6,56107,0.7703808599678382,34.6671,34.1664,32.2404,36.439
2021-07-21,66224345,2980585435,45.8,47.3,42.4,42.4,-1.95,31474,0.7703808599678382,35.2834,32.6641,32.6641,36.439
2021-07-22,27347066,1164703135,43.9,44.0,41.5,41.75,-0.65,13357,0.7703808599678382,33.8197,32.1634,31.9708,33.8968
2021-07-23,34607609,1508606195,43.1,45.0,42.15,43.35,1.6,16289,0.7703808599678382,33.2034,33.396,32.4716,34.6671
2021-07-26,17937504,772941608,44.0,44.3,42.1,42.3,-1.05,8721,0.7703808599678382,33.8968,32.5871,32.433,34.1279
2021-07-27,19624354,816464218,42.5,42.9,40.3,41.2,-1.1,9503,0.7703808599678382,32.7412,31.7397,31.0463,33.0493
2021-07-28,75042919,3267636031,43.15,45.0,41.8,42.2,1.0,35005,0.7703808599678382,33.2419,32.5101,32.2019,34.6671
2021-07-29,37678367,1636214575,42.65,44.8,42.0,44.35,2.15,18456,0.7703808599678382,32.8567,34.1664,32.356,34.5131
2021-07-30,46766516,2090813246,44.4,46.2,42.3,43.35,-1.0,23160,0.7703808599678382,34.2049,33.396,32.5871,35.5916
2021-08-02,17303947,757757371,43.6,44.3,43.1,44.2,0.85,8009,0.7703808599678382,33.5886,34.0508,33.2034,34.1279
2021-08-03,12271262,538058965,44.15,44.6,43.35,43.7,-0.5,6000,0.7703808599678382,34.0123,33.6656,33.396,34.359
2021-08-04,12392681,532058244,43.85,44.2,42.35,42.65,-1.05,6328,0.7703808599678382,33.7812,32.8567,32.6256,34.0508
2021-08-05,18278497,747462331,42.55,42.55,40.2,40.5,-2.15,10008,0.7703808599678382,32.7797,31.2004,30.9693,32.7797
2021-08-06,13798468,559785124,40.5,41.55,39.45,40.0,-0.5,6787,0.7703808599678382,31.2004,30.8152,30.3915,32.0093
2021-08-09,13439754,544530192,40.0,41.3,39.75,39.75,-0.25,6664,0.7703808599678382,30.8152,30.6226,30.6226,31.8167
2021-08-10,10283361,401840139,40.5,40.5,38.4,38.55,-1.2,5271,0.7703808599678382,31.2004,29.6982,29.5826,31.2004
2021-08-11,13381509,515909890,39.2,39.95,37.25,38.0,-0.55,6050,0.7703808599678382,30.1989,29.2745,28.6967,30.7767
2021-08-12,10451932,407270951,38.6,39.85,37.9,39.8,1.8,4639,0.7703808599678382,29.7367,30.6612,29.1974,30.6997
2021-08-13,6573534,255674078,39.45,39.5,38.4,38.55,-1.25,3407,0.7703808599678382,30.3915,29.6982,29.5826,30.43
2021-08-16,11758295,439965733,38.75,39.1,36.6,36.7,-1.85,6143,0.7703808599678382,29.8523,28.273,28.1959,30.1219
2021-08-17,15040915,535654826,36.75,37.85,34.7,34.7,-2.0,6964,0.7703808599678382,28.3115,26.7322,26.7322,29.1589
2021-08-18,11885850,416492092,33.7,36.75,33.4,36.45,1.75,5626,0.7703808599678382,25.9618,28.0804,25.7307,28.3115
2021-08-19,7483883,263772507,35.85,36.35,34.5,34.65,-1.8,3906,0.7703808599678382,27.6182,26.6937,26.5781,28.0033
2021-08-20,6497432,225255894,34.1,35.5,33.7,34.85,0.2,3009,0.7703808599678382,26.27,26.8478,25.9618,27.3485
2021-08-23,8115303,290454256,35.25,36.6,35.2,35.35,0.5,3822,0.7703808599678382,27.1559,27.233,27.1174,28.1959
2021-08-24,8375663,294873452,35.45,35.9,34.5,35.7,0.35,4097,0.7703808599678382,27.31,27.5026,26.5781,27.6567
2021-08-25,4915972,174007635,35.5,35.9,34.95,35.8,0.1,2465,0.7703808599678382,27.3485,27.5796,26.9248,27.6567
2021-08-26,22859636,858781337,36.15,38.8,35.7,36.35,0.55,10811,0.7703808599678382,27.8493,28.0033,27.5026,29.8908
2021-08-27,5822874,210463799,35.8,36.7,35.5,36.45,0.1,2777,0.7703808599678382,27.5796,28.0804,27.3485,28.273
2021-08-30,5189992,189420406,36.9,37.05,36.15,36.25,-0.2,2167,0.7703808599678382,28.4271,27.9263,27.8493,28.5426
2021-08-31,11347283,422067460,36.9,37.8,36.4,37.15,0.9,5177,0.7703808599678382,28.4271,28.6196,28.0419,29.1204
2021-09-01,8978721,336121976,37.6,38.15,37.0,37.1,-0.05,4069,0.7703808599678382,28.9663,28.5811,28.5041,29.39
2021-09-02,4594607,167741016,37.1,37.15,36.15,36.25,-0.85,2655,0.7703808599678382,28.5811,27.9263,27.8493,28.6196
2021-09-03,5961052,219549862,36.75,37.4,36.1,36.35,0.1,3003,0.7703808599678382,28.3115,28.0033,27.8107,28.8122
2021-09-06,6595710,242470737,36.7,37.25,36.3,36.9,0.55,2940,0.7703808599678382,28.273,28.4271,27.9648,28.6967
2021-09-07,4937093,182166006,37.1,37.45,36.3,36.45,-0.45,2569,0.7703808599678382,28.5811,28.0804,27.9648,28.8508
2021-09-08,4316350,156769625,36.5,37.15,35.8,35.9,-0.55,2241,0.7703808599678382,28.1189,27.6567,27.5796,28.6196
2021-09-09,5599323,201523780,35.05,36.75,35.05,36.75,0.85,2650,0.7703808599678382,27.0018,28.3115,27.0018,28.3115
2021-09-10,5726476,211799730,36.75,37.45,36.55,36.8,0.05,2732,0.7703808599678382,28.3115,28.35,28.1574,28.8508
2021-09-13,9188173,346005875,36.8,38.3,36.75,37.9,1.1,4174,0.7703808599678382,28.35,29.1974,28.3115,29.5056
2021-09-14,8029159,295814075,38.0,38.0,36.4,36.8,-1.1,4075,0.7703808599678382,29.2745,28.35,28.0419,29.2745
2021-09-15,4069720,150485638,36.8,37.4,36.25,37.35,0.55,2058,0.7703808599678382,28.35,28.7737,27.9263,28.8122
2021-09-16,2798163,103177010,37.6,37.6,36.6,36.7,-0.65,1820,0.7703808599678382,28.9663,28.273,28.1959,28.9663
2021-09-17,2891166,105756074,36.6,37.05,36.35,36.9,0.2,1523,0.7703808599678382,28.1959,28.4271,28.0033,28.5426
2021-09-22,4222227,150835440,35.05,36.25,35.05,35.75,-1.15,2288,0.7703808599678382,27.0018,27.5411,27.0018,27.9263
2021-09-23,3151251,112369746,36.05,36.3,35.2,35.5,-0.25,1785,0.7703808599678382,27.7722,27.3485,27.1174,27.9648
2021-09-24,2349623,84301063,35.9,36.35,35.6,35.65,0.15,1388,0.7703808599678382,27.6567,27.4641,27.4256,28.0033
2021-09-27,3119695,113132884,36.1,36.7,35.9,36.1,0.45,1662,0.7703808599678382,27.8107,27.8107,27.6567,28.273
2021-09-28,1404942,50459857,36.2,36.3,35.75,35.9,-0.2,864,0.7703808599678382,27.8878,27.6567,27.5411,27.9648
2021-09-29,2950027,105328029,35.6,36.25,35.4,35.4,-0.5,1746,0.7703808599678382,27.4256,27.2715,27.2715,27.9263
2021-09-30,8560269,315281926,36.15,37.45,35.75,37.3,1.9,4165,0.7703808599678382,27.8493,28.7352,27.5411,28.8508
2021-10-01,6992851,252744730,36.75,36.75,35.55,35.9,-1.4,3441,0.7703808599678382,28.3115,27.6567,27.387,28.3115
2021-10-04,7383331,257589212,36.2,36.4,34.15,34.2,-1.7,3468,0.7703808599678382,27.8878,26.347,26.3085,28.0419
2021-10-05,4584641,147610189,32.0,32.95,31.2,32.7,0.0,2370,0.8052269379859435,25.7673,26.3309,25.1231,26.5322
2021-10-06,3666247,117592185,32.75,32.95,31.5,31.5,-1.2,1776,0.8052269379859435,26.3712,25.3646,25.3646,26.5322
2021-10-07,4410305,140163451,31.8,32.2,31.4,32.05,0.55,2310,0.8052269379859435,25.6062,25.8075,25.2841,25.9283
2021-10-08,3872449,123070664,32.35,32.65,31.3,31.4,-0.65,2169,0.8052269379859435,26.0491,25.2841,25.2036,26.2907
2021-10-12,3778534,117644150,31.3,31.95,30.7,30.85,-0.55,1952,0.8052269379859435,25.2036,24.8413,24.7205,25.727
2021-10-13,2750574,84588511,31.2,31.45,30.3,30.5,-0.35,1465,0.8052269379859435,25.1231,24.5594,24.3984,25.3244
2021-10-14,2467577,76168035,30.85,31.4,30.35,31.1,0.6,1307,0.8052269379859435,24.8413,25.0426,24.4386,25.2841
2021-10-15,1767107,55383748,31.55,31.55,31.15,31.3,0.2,915,0.8052269379859435,25.4049,25.2036,25.0828,25.4049
2021-10-18,2045577,63926963,31.6,32.0,30.85,30.9,-0.4,1183,0.8052269379859435,25.4452,24.8815,24.8413,25.7673
2021-10-19,2278136,72211088,31.3,32.0,31.2,31.5,0.6,1349,0.8052269379859435,25.2036,25.3646,25.1231,25.7673
2021-10-20,1715155,53949116,31.65,32.0,31.15,31.15,-0.35,1067,0.8052269379859435,25.4854,25.0828,25.0828,25.7673
2021-10-21,4304226,138395638,31.55,32.5,31.5,32.3,1.15,2244,0.8052269379859435,25.4049,26.0088,25.3646,26.1699
2021-10-22,4684746,146029943,32.0,32.05,30.85,30.95,-1.35,2667,0.8052269379859435,25.7673,24.9218,24.8413,25.8075
2021-10-25,2252694,70707628,30.8,31.7,30.7,31.6,0.65,1271,0.8052269379859435,24.801,25.4452,24.7205,25.5257
2021-10-26,2041528,64833617,31.6,32.0,31.35,31.85,0.25,985,0.8052269379859435,25.4452,25.6465,25.2439,25.7673
2021-10-27,1284500,40555525,31.75,32.0,31.35,31.5,-0.35,672,0.8052269379859435,25.566,25.3646,25.2439,25.7673
2021-10-28,1297667,40882426,31.5,31.8,31.2,31.65,0.15,679,0.8052269379859435,25.3646,25.4854,25.1231,25.6062
2021-10-29,1640258,51680409,31.85,31.95,31.25,31.55,-0.1,888,0.8052269379859435,25.6465,25.4049,25.1633,25.727
2021-11-01,1881993,59286533,31.8,31.95,31.3,31.5,-0.05,943,0.8052269379859435,25.6062,25.3646,25.2036,25.727
2021-11-02,2028003,64137062,31.55,32.2,31.25,31.3,-0.2,1162,0.8052269379859435,25.4049,25.2036,25.1633,25.9283
2021-11-03,2997150,95878258,31.35,32.25,31.3,32.15,0.85,1886,0.8052269379859435,25.2439,25.888,25.2036,25.9686
2021-11-04,1856450,59619134,32.7,32.7,31.85,31.9,-0.25,1260,0.8052269379859435,26.3309,25.6867,25.6465,26.3309
2021-11-05,1082821,34366318,31.95,32.1,31.6,31.8,-0.1,614,0.8052269379859435,25.727,25.6062,25.4452,25.8478
2021-11-08,9622966,319873811,32.5,33.8,32.3,33.05,1.25,4829,0.8052269379859435,26.1699,26.6128,26.0088,27.2167
2021-11-09,3932223,129672234,33.5,33.6,32.65,32.8,-0.25,2376,0.8052269379859435,26.9751,26.4114,26.2907,27.0556
2021-11-10,2129750,69817750,33.0,33.25,32.5,32.6,-0.2,1181,0.8052269379859435,26.5725,26.2504,26.1699,26.7738
2021-11-11,5571103,185198026,33.0,34.0,32.35,32.65,0.05,3093,0.8052269379859435,26.5725,26.2907,26.0491,27.3777
2021-11-12,2220589,72334868,32.8,33.2,32.3,32.6,-0.05,1220,0.8052269379859435,26.4114,26.2504,26.0088,26.7335
2021-11-15,2183425,70135169,32.8,32.8,32.0,32.05,-0.55,1116,0.8052269379859435,26.4114,25.8075,25.7673,26.4114
2021-11-16,1623018,51872690,32.3,32.65,31.8,31.85,-0.2,1014,0.8052269379859435,26.0088,25.6465,25.6062,26.2907
2021-11-17,1923424,60940228,31.9,32.1,31.55,31.55,-0.3,1291,0.8052269379859435,25.6867,25.4049,25.4049,25.8478
2021-11-18,1884280,59090338,31.55,31.7,31.2,31.3,-0.25,1140,0.8052269379859435,25.4049,25.2036,25.1231,25.5257
2021-11-19,1603378,50064722,31.4,31.5,31.1,31.1,-0.2,953,0.8052269379859435,25.2841,25.0426,25.0426,25.3646
2021-11-22,1065349,33330129,31.2,31.65,30.9,31.4,0.3,671,0.8052269379859435,25.1231,25.2841,24.8815,25.4854
2021-11-23,3328463,106487177,31.5,32.35,31.45,31.65,0.25,1619,0.8052269379859435,25.3646,25.4854,25.3244,26.0491
2021-11-24,4615804,150400637,31.85,33.1,31.8,32.6,0.95,2418,0.8052269379859435,25.6465,26.2504,25.6062,26.653
2021-11-25,3342731,110171866,33.05,33.45,32.6,32.7,0.1,1833,0.8052269379859435,26.6128,26.3309,26.2504,26.9348
2021-11-26,1904315,61934536,32.95,33.0,32.25,32.3,-0.4,1071,0.8052269379859435,26.5322,26.0088,25.9686,26.5725
2021-11-29,2313291,73002632,31.7,31.95,31.3,31.4,-0.9,1299,0.8052269379859435,25.5257,25.2841,25.2036,25.727
2021-11-30,1697707,53471802,31.7,31.8,31.35,31.4,0.0,812,0.8052269379859435,25.5257,25.2841,25.2439,25.6062
2021-12-01,849161,26770645,31.4,31.7,31.2,31.55,0.15,605,0.8052269379859435,25.2841,25.4049,25.1231,25.5257
2021-12-02,1514820,47713835,31.7,31.7,31.35,31.6,0.05,734,0.8052269379859435,25.5257,25.4452,25.2439,25.5257
2021-12-03,1466863,46749329,31.65,32.15,31.65,31.65,0.05,721,0.8052269379859435,25.4854,25.4854,25.4854,25.888
2021-12-06,902413,28741697,32.0,32.15,31.6,31.7,0.05,629,0.8052269379859435,25.7673,25.5257,25.4452,25.888
2021-12-07,2610876,84178098,31.8,32.55,31.8,32.45,0.75,1236,0.8052269379859435,25.6062,26.1296,25.6062,26.2101
2021-12-08,3702038,121041545,32.8,33.15,32.25,32.25,-0.2,1969,0.8052269379859435,26.4114,25.9686,25.9686,26.6933
2021-12-09,1823539,58274489,32.2,32.4,31.7,31.8,-0.45,1319,0.8052269379859435,25.9283,25.6062,25.5257,26.0894
2021-12-10,1063756,33967553,32.05,32.35,31.75,31.8,0.0,624,0.8052269379859435,25.8075,25.6062,25.566,26.0491
2021-12-13,4992145,163661687,32.1,33.15,32.05,32.85,1.05,2536,0.8052269379859435,25.8478,26.4517,25.8075,26.6933
2021-12-14,2551845,81987382,32.5,32.5,31.9,32.05,-0.8,1550,0.8052269379859435,26.1699,25.8075,25.6867,26.1699
2021-12-15,880907,28298888,32.05,32.3,31.95,32.15,0.1,552,0.8052269379859435,25.8075,25.888,25.727,26.0088
2021-12-16,911685,29190043,32.3,32.35,31.9,31.95,-0.2,590,0.8052269379859435,26.0088,25.727,25.6867,26.0491
2021-12-17,4335603,141938949,32.2,33.15,32.15,32.85,0.9,1836,0.8052269379859435,25.9283,26.4517,25.888,26.6933
2021-12-20,4185745,138573841,32.95,33.45,32.65,33.15,0.3,2489,0.8052269379859435,26.5322,26.6933,26.2907,26.9348
2021-12-21,2110696,69221156,33.15,33.35,32.3,33.1,-0.05,1249,0.8052269379859435,26.6933,26.653,26.0088,26.8543
2021-12-22,1063464,34883625,33.1,33.3,32.6,32.7,-0.4,774,0.8052269379859435,26.653,26.3309,26.2504,26.8141
2021-12-23,716438,23360412,33.0,33.0,32.45,32.6,-0.1,462,0.8052269379859435,26.5725,26.2504,26.1296,26.5725
2021-12-24,1168523,37896785,32.6,32.85,32.3,32.3,-0.3,697,0.8052269379859435,26.2504,26.0088,26.0088,26.4517
2021-12-27,1074813,34675731,32.3,32.5,32.15,32.2,-0.1,596,0.8052269379859435,26.0088,25.9283,25.888,26.1699
2021-12-28,798252,25720699,32.3,32.4,32.1,32.15,-0.05,510,0.8052269379859435,26.0088,25.888,25.8478,26.0894
2021-12-29,792852,25563807,32.15,32.4,32.1,32.3,0.15,471,0.8052269379859435,25.888,26.0088,25.8478,26.0894
2021-12-30,475327,15338562,32.45,32.45,32.2,32.3,0.0,394,0.8052269379859435,26.1296,26.0088,25.9283,26.1296
2022-01-03,934442,30096524,32.55,32.6,32.05,32.2,-0.1,640,0.8052269379859435,26.2101,25.9283,25.8075,26.2504
2022-01-04,833272,26714647,32.2,32.2,32.0,32.05,-0.15,644,0.8052269379859435,25.9283,25.8075,25.7673,25.9283
2022-01-05,881068,28285365,32.05,32.4,32.0,32.0,-0.05,523,0.8052269379859435,25.8075,25.7673,25.7673,26.0894
2022-01-06,730363,23321477,32.05,32.1,31.85,31.9,-0.1,552,0.8052269379859435,25.8075,25.6867,25.6465,25.8478
2022-01-07,2859862,89772661,31.9,32.1,31.15,31.35,-0.55,1313,0.8052269379859435,25.6867,25.2439,25.0828,25.8478
2022-01-10,2801091,86739908,31.25,31.4,30.8,30.95,-0.4,1477,0.8052269379859435,25.1633,24.9218,24.801,25.2841
2022-01-11,4730919,142722405,30.45,30.65,30.0,30.1,-0.85,2665,0.8052269379859435,24.5192,24.2373,24.1568,24.6802
2022-01-12,2493714,75196605,30.45,30.45,29.95,30.25,0.15,1229,0.8052269379859435,24.5192,24.3581,24.1165,24.5192
2022-01-13,1889898,58124936,30.25,31.2,30.15,30.65,0.4,1277,0.8052269379859435,24.3581,24.6802,24.2776,25.1231
2022-01-14,1939075,58574007,30.9,30.9,30.05,30.25,-0.4,1058,0.8052269379859435,24.8815,24.3581,24.1971,24.8815
2022-01-17,700519,21116081,30.15,30.3,30.0,30.15,-0.1,412,0.8052269379859435,24.2776,24.2776,24.1568,24.3984
2022-01-18,1098088,33249399,30.2,30.65,30.1,30.2,0.05,645,0.8052269379859435,24.3179,24.3179,24.2373,24.6802
2022-01-19,844159,25405618,30.15,30.25,30.05,30.05,-0.15,570,0.8052269379859435,24.2776,24.1971,24.1971,24.3581
2022-01-20,1582559,48124987,30.15,30.65,30.1,30.65,0.6,850,0.8052269379859435,24.2776,24.6802,24.2373,24.6802
2022-01-21,2338746,71077918,30.65,30.95,30.1,30.15,-0.5,1273,0.8052269379859435,24.6802,24.2776,24.2373,24.9218
2022-01-24,1691139,50541609,30.1,30.15,29.6,30.15,0.0,1093,0.8052269379859435,24.2373,24.2776,23.8347,24.2776
2022-01-25,1609261,48208896,29.95,30.35,29.85,29.9,-0.25,996,0.8052269379859435,24.1165,24.0763,24.036,24.4386
2022-01-26,1369029,40927642,30.0,30.0,29.7,29.85,-0.05,736,0.8052269379859435,24.1568,24.036,23.9152,24.1568
2022-02-07,3346982,101375786,30.25,30.65,29.9,30.5,0.65,1599,0.8052269379859435,24.3581,24.5594,24.0763,24.6802
2022-02-08,1922439,59341158,30.7,31.05,30.55,30.95,0.45,1342,0.8052269379859435,24.7205,24.9218,24.5997,25.0023
2022-02-09,1095921,33964509,31.0,31.25,30.85,31.05,0.1,821,0.8052269379859435,24.962,25.0023,24.8413,25.1633
2022-02-10,1564121,48811865,31.1,31.45,31.05,31.2,0.15,811,0.8052269379859435,25.0426,25.1231,25.0023,25.3244
2022-02-11,2168709,68150664,31.2,31.75,31.1,31.4,0.2,979,0.8052269379859435,25.1231,25.2841,25.0426,25.566
2022-02-14,970024,30051621,31.2,31.3,30.8,31.0,-0.4,615,0.8052269379859435,25.1231,24.962,24.801,25.2036
2022-02-15,768481,23770412,31.05,31.15,30.8,30.95,-0.05,495,0.8052269379859435,25.0023,24.9218,24.801,25.0828
2022-02-16,793479,24669279,31.2,31.25,30.95,31.1,0.15,471,0.8052269379859435,25.1231,25.0426,24.9218,25.1633
2022-02-17,956569,29886380,31.2,31.5,31.05,31.3,0.2,482,0.8052269379859435,25.1231,25.2036,25.0023,25.3646
2022-02-18,1534995,48353356,31.2,31.75,31.05,31.7,0.4,1017,0.8052269379859435,25.1231,25.5257,25.0023,25.566
2022-02-21,10379385,341698412,31.7,33.7,31.6,32.75,1.05,4964,0.8052269379859435,25.5257,26.3712,25.4452,27.1361
2022-02-22,7722774,253123396,33.25,33.6,32.15,32.25,-0.5,4287,0.8052269379859435,26.7738,25.9686,25.888,27.0556
2022-02-23,3000513,97938893,32.8,33.05,32.25,32.8,0.55,2052,0.8052269379859435,26.4114,26.4114,25.9686,26.6128
2022-02-24,3438543,111509241,32.5,32.95,32.0,32.15,-0.65,2196,0.8052269379859435,26.1699,25.888,25.7673,26.5322
2022-02-25,4044434,133151334,32.9,33.15,32.55,33.0,0.85,2519,0.8052269379859435,26.492,26.5725,26.2101,26.6933
2022-03-01,11935055,407428327,34.45,35.35,33.35,33.45,0.45,5540,0.8052269379859435,27.7401,26.9348,26.8543,28.4648
2022-03-02,4999193,169024228,33.5,34.3,33.5,33.75,0.3,2502,0.8052269379859435,26.9751,27.1764,26.9751,27.6193
2022-03-03,3262476,110011647,34.15,34.2,33.55,33.65,-0.1,1636,0.8052269379859435,27.4985,27.0959,27.0154,27.5388
2022-03-04,3564405,120589495,33.9,34.2,33.45,33.7,0.05,1643,0.8052269379859435,27.2972,27.1361,26.9348,27.5388
2022-03-07,7289256,247310701,34.25,34.5,33.25,33.8,0.1,3336,0.8052269379859435,27.579,27.2167,26.7738,27.7803
2022-03-08,19224378,661824831,35.0,36.15,32.5,32.8,-1.0,8340,0.8052269379859435,28.1829,26.4114,26.1699,29.109
2022-03-09,6911180,233548391,33.65,34.6,32.9,34.5,1.7,3616,0.8052269379859435,27.0959,27.7803,26.492,27.8609
2022-03-10,4907379,165499748,34.1,34.15,33.4,33.95,-0.55,3312,0.8052269379859435,27.4582,27.3375,26.8946,27.4985
2022-03-11,2651605,89706478,33.5,34.2,33.5,33.75,-0.2,1363,0.8052269379859435,26.9751,27.1764,26.9751,27.5388
2022-03-14,1473672,49967743,34.15,34.15,33.7,33.95,0.2,904,0.8052269379859435,27.4985,27.3375,27.1361,27.4985
2022-03-15,7760542,266269199,34.45,34.6,33.9,34.0,0.05,4034,0.8052269379859435,27.7401,27.3777,27.2972,27.8609
2022-03-16,16967184,595310969,35.3,35.8,34.35,35.15,1.15,10260,0.8052269379859435,28.4245,28.3037,27.6595,28.8271
2022-03-17,7170772,246435688,34.55,34.8,34.1,34.3,-0.85,4027,0.8052269379859435,27.8206,27.6193,27.4582,28.0219
2022-03-18,3354328,114195257,34.0,34.45,33.8,33.8,-0.5,2089,0.8052269379859435,27.3777,27.2167,27.2167,27.7401
2022-03-21,8974067,312831898,34.1,35.35,34.1,35.0,1.2,4707,0.8052269379859435,27.4582,28.1829,27.4582,28.4648
2022-03-22,9708096,345530257,35.6,35.9,35.1,35.8,0.8,4807,0.8052269379859435,28.6661,28.8271,28.2635,28.9076
2022-03-23,8110728,291316937,35.95,36.6,35.25,36.05,0.25,4130,0.8052269379859435,28.9479,29.0284,28.3842,29.4713
2022-03-24,16234062,599136602,35.75,38.0,35.65,37.15,1.1,8101,0.8052269379859435,28.7869,29.9142,28.7063,30.5986
2022-03-25,13768010,515668613,37.3,38.25,36.5,37.55,0.4,7593,0.8052269379859435,30.035,30.2363,29.3908,30.7999
2022-03-28,7536224,272664525,36.85,36.85,35.9,35.95,-1.6,5024,0.8052269379859435,29.6726,28.9479,28.9076,29.6726
2022-03-29,3811897,135260855,35.85,36.05,35.2,35.3,-0.65,2174,0.8052269379859435,28.8674,28.4245,28.344,29.0284
2022-03-30,3410333,121799604,35.7,36.2,35.0,35.9,0.6,1948,0.8052269379859435,28.7466,28.9076,28.1829,29.1492
2022-03-31,2875419,102082452,35.9,36.3,35.1,35.1,-0.8,1728,0.8052269379859435,28.9076,28.2635,28.2635,29.2297
2022-04-01,1889562,66630779,35.1,35.55,34.9,35.25,0.15,1049,0.8052269379859435,28.2635,28.3842,28.1024,28.6258
2022-04-06,2128697,75385119,35.15,35.95,34.9,35.75,0.5,1099,0.8052269379859435,28.3037,28.7869,28.1024,28.9479
2022-04-07,4219993,149382333,35.8,36.3,34.55,34.55,-1.2,2139,0.8052269379859435,28.8271,27.8206,27.8206,29.2297
2022-04-08,3893036,138505599,35.0,36.0,34.75,35.9,1.35,1966,0.8052269379859435,28.1829,28.9076,27.9816,28.9882
2022-04-11,4973008,178081696,35.7,36.3,35.35,35.55,-0.35,2389,0.8052269379859435,28.7466,28.6258,28.4648,29.2297
2022-04-12,3265778,117379112,35.7,36.3,35.35,35.75,0.2,1918,0.8052269379859435,28.7466,28.7869,28.4648,29.2297
2022-04-13,12038257,444383090,36.1,37.5,36.0,37.0,1.25,5967,0.8052269379859435,29.0687,29.7934,28.9882,30.196
2022-04-14,4460565,164148922,37.3,37.35,36.4,36.6,-0.4,2502,0.8052269379859435,30.035,29.4713,29.3103,30.0752
2022-04-15,5829349,215895813,36.9,37.5,36.6,36.6,0.0,2982,0.8052269379859435,29.7129,29.4713,29.4713,30.196
2022-04-18,4955557,178582557,37.0,37.0,35.4,35.5,-1.1,2989,0.8052269379859435,29.7934,28.5856,28.505,29.7934
2022-04-19,6200084,226051745,36.0,36.8,35.3,36.65,1.15,2822,0.8052269379859435,28.9882,29.5116,28.4245,29.6324
2022-04-20,7386014,270729484,36.8,37.2,35.9,37.0,0.35,3533,0.8052269379859435,29.6324,29.7934,28.9076,29.9544
2022-04-21,6572651,239174757,37.1,37.25,36.0,36.0,-1.0,3406,0.8052269379859435,29.8739,28.9882,28.9882,29.9947
2022-04-22,4382957,159535676,35.5,36.95,35.5,36.3,0.3,2246,0.8052269379859435,28.5856,29.2297,28.5856,29.7531
2022-04-25,5454416,188753699,35.75,35.75,34.1,34.4,-1.9,2760,0.8052269379859435,28.7869,27.6998,27.4582,28.7869
2022-04-26,3653537,124574908,34.6,34.95,33.7,33.7,-0.7,1704,0.8052269379859435,27.8609,27.1361,27.1361,28.1427
2022-04-27,5671141,183814222,32.9,33.1,31.9,32.3,-1.4,2385,0.8052269379859435,26.492,26.0088,25.6867,26.653
2022-04-28,2344807,76666214,32.85,33.1,32.4,32.4,0.1,1106,0.8052269379859435,26.4517,26.0894,26.0894,26.653
2022-04-29,1950515,63274879,32.8,32.8,32.1,32.1,-0.3,969,0.8052269379859435,26.4114,25.8478,25.8478,26.4114
2022-05-03,2076787,65896913,32.1,32.2,31.4,31.75,-0.35,1081,0.8052269379859435,25.8478,25.566,25.2841,25.9283
2022-05-04,1882735,59532431,31.8,32.0,31.35,31.45,-0.3,1027,0.8052269379859435,25.6062,25.3244,25.2439,25.7673
2022-05-05,1354338,43621758,31.8,32.55,31.8,32.05,0.6,831,0.8052269379859435,25.6062,25.8075,25.6062,26.2101
2022-05-06,2170128,67710613,31.3,31.45,31.0,31.3,-0.75,1283,0.8052269379859435,25.2036,25.2036,24.962,25.3244
2022-05-09,2560594,78797805,31.3,31.45,30.4,30.55,-0.75,1377,0.8052269379859435,25.2036,24.5997,24.4789,25.3244
2022-05-10,2601066,79195770,29.8,31.0,29.8,31.0,0.45,1607,0.8052269379859435,23.9958,24.962,23.9958,24.962
2022-05-11,1766004,54175204,30.8,31.1,30.4,30.6,-0.4,1029,0.8052269379859435,24.801,24.6399,24.4789,25.0426
2022-05-12,3650256,109564631,30.5,30.7,29.6,29.65,-0.95,1958,0.8052269379859435,24.5594,23.875,23.8347,24.7205
2022-05-13,1659442,49972481,29.85,30.45,29.75,30.45,0.8,934,0.8052269379859435,24.036,24.5192,23.9555,24.5192
2022-05-16,1079451,33045897,30.6,30.85,30.35,30.5,0.05,610,0.8052269379859435,24.6399,24.5594,24.4386,24.8413
2022-05-17,1216080,37229963,30.6,30.95,30.4,30.65,0.15,780,0.8052269379859435,24.6399,24.6802,24.4789,24.9218
2022-05-18,1236765,38377573,30.65,31.25,30.65,31.15,0.5,728,0.8052269379859435,24.6802,25.0828,24.6802,25.1633
2022-05-19,1589230,48014569,30.4,30.45,30.0,30.45,-0.7,1036,0.8052269379859435,24.4789,24.5192,24.1568,24.5192
2022-05-20,2091554,64643035,30.5,31.25,30.45,30.9,0.45,1200,0.8052269379859435,24.5594,24.8815,24.5192,25.1633
2022-05-23,1508554,46948325,31.25,31.35,30.85,31.05,0.15,941,0.8052269379859435,25.1633,25.0023,24.8413,25.2439
2022-05-24,1052714,32639137,31.15,31.3,30.65,30.8,-0.25,584,0.8052269379859435,25.0828,24.801,24.6802,25.2036
2022-05-25,818992,25423863,30.85,31.2,30.75,31.1,0.3,499,0.8052269379859435,24.8413,25.0426,24.7607,25.1231
2022-05-26,1132621,34888845,31.15,31.45,30.5,30.75,-0.35,668,0.8052269379859435,25.0828,24.7607,24.5594,25.3244
2022-05-27,740593,22772037,30.85,30.85,30.6,30.75,0.0,466,0.8052269379859435,24.8413,24.7607,24.6399,24.8413
2022-05-30,788038,24452603,30.9,31.2,30.85,31.1,0.35,390,0.8052269379859435,24.8815,25.0426,24.8413,25.1231
2022-05-31,834526,25654122,31.05,31.05,30.6,30.7,-0.4,548,0.8052269379859435,25.0023,24.7205,24.6399,25.0023
2022-06-01,675381,20754435,30.75,30.85,30.6,30.65,-0.05,454,0.8052269379859435,24.7607,24.6802,24.6399,24.8413
2022-06-02,801132,24457563,30.6,30.65,30.45,30.5,-0.15,602,0.8052269379859435,24.6399,24.5594,24.5192,24.6802
2022-06-06,700572,21569071,30.5,30.95,30.5,30.85,0.35,525,0.8052269379859435,24.5594,24.8413,24.5594,24.9218
2022-06-07,491709,15161072,30.8,31.0,30.7,30.85,0.0,367,0.8052269379859435,24.801,24.8413,24.7205,24.962
2022-06-08,607777,18815616,30.85,31.15,30.85,30.85,0.0,464,0.8052269379859435,24.8413,24.8413,24.8413,25.0828
2022-06-09,1033654,32136193,30.8,31.25,30.8,31.25,0.4,664,0.8052269379859435,24.801,25.1633,24.801,25.1633
2022-06-10,967016,29989860,31.0,31.2,30.85,31.0,-0.25,702,0.8052269379859435,24.962,24.962,24.8413,25.1231
2022-06-13,3565975,106440431,30.5,30.5,29.6,29.75,-1.25,2242,0.8052269379859435,24.5594,23.9555,23.8347,24.5594
2022-06-14,2392588,69831354,29.45,29.45,29.0,29.35,-0.4,1428,0.8052269379859435,23.7139,23.6334,23.3516,23.7139
2022-06-15,1397433,41058849,29.4,29.75,29.2,29.3,-0.05,942,0.8052269379859435,23.6737,23.5931,23.5126,23.9555
2022-06-16,2066131,60103091,29.5,29.5,28.8,28.85,-0.45,1201,0.8052269379859435,23.7542,23.2308,23.1905,23.7542
2022-06-17,1914667,54373610,28.55,28.65,28.2,28.25,-0.6,1244,0.8052269379859435,22.9892,22.7477,22.7074,23.0698
2022-06-20,2955062,81176513,28.6,28.75,27.0,27.05,-1.2,1695,0.8052269379859435,23.0295,21.7814,21.7411,23.1503
2022-06-21,1343082,36889143,27.1,27.85,27.05,27.7,0.65,836,0.8052269379859435,21.8217,22.3048,21.7814,22.4256
2022-06-22,1984897,53641230,27.7,27.7,26.75,26.9,-0.8,1105,0.8052269379859435,22.3048,21.6606,21.5398,22.3048
2022-06-23,1232896,33472318,27.0,27.6,26.8,27.3,0.4,751,0.8052269379859435,21.7411,21.9827,21.5801,22.2243
2022-06-24,1086520,29684408,27.35,27.65,27.05,27.15,-0.15,830,0.8052269379859435,22.023,21.8619,21.7814,22.2645
2022-06-27,873758,24039259,27.45,27.7,27.3,27.65,0.5,512,0.8052269379859435,22.1035,22.2645,21.9827,22.3048
2022-06-28,841469,22828581,27.65,27.65,26.95,27.05,-0.6,526,0.8052269379859435,22.2645,21.7814,21.7009,22.2645
2022-06-29,938969,25608211,26.8,27.6,26.8,27.2,0.15,477,0.8052269379859435,21.5801,21.9022,21.5801,22.2243
2022-06-30,1237010,33079289,27.2,27.25,26.6,26.75,-0.45,706,0.8052269379859435,21.9022,21.5398,21.419,21.9424
2022-07-01,1851706,49100895,26.95,27.15,26.1,26.1,-0.65,1117,0.8052269379859435,21.7009,21.0164,21.0164,21.8619
2022-07-04,923269,24224672,26.3,26.55,25.85,26.15,0.05,522,0.8052269379859435,21.1775,21.0567,20.8151,21.3788
2022-07-05,756921,20089335,26.4,26.9,26.2,26.9,0.75,461,0.8052269379859435,21.258,21.6606,21.0969,21.6606
2022-07-06,916426,24159143,26.9,26.9,26.1,26.15,-0.75,620,0.8052269379859435,21.6606,21.0567,21.0164,21.6606
2022-07-07,879917,23095204,26.15,26.6,25.9,26.55,0.4,498,0.8052269379859435,21.0567,21.3788,20.8554,21.419
2022-07-08,1051070,28398606,26.85,27.25,26.7,27.1,0.55,631,0.8052269379859435,21.6203,21.8217,21.4996,21.9424
2022-07-11,843448,22453968,27.0,27.1,26.4,26.6,-0.5,506,0.8052269379859435,21.7411,21.419,21.258,21.8217
2022-07-12,1242648,32095695,26.2,26.2,25.7,25.85,-0.75,761,0.8052269379859435,21.0969,20.8151,20.6943,21.0969
2022-07-13,992961,26001880,26.4,26.5,26.0,26.25,0.4,561,0.8052269379859435,21.258,21.1372,20.9359,21.3385
2022-07-14,653912,17074639,26.1,26.35,25.8,26.25,0.0,440,0.8052269379859435,21.0164,21.1372,20.7749,21.2177
2022-07-15,3605861,97776674,26.2,28.2,25.95,27.85,1.6,1515,0.8052269379859435,21.0969,22.4256,20.8956,22.7074
2022-07-18,3975466,109202033,28.0,28.0,27.2,27.4,-0.45,2101,0.8052269379859435,22.5464,22.0632,21.9022,22.5464
2022-07-19,6729072,181250626,26.25,27.35,26.25,27.3,0.0,2323,0.8518617027341642,22.3614,23.2558,22.3614,23.2984
2022-07-20,7847885,221906596,28.0,28.75,27.65,28.5,1.2,3667,0.8518617027341642,23.8521,24.2781,23.554,24.491
2022-07-21,5426869,152239353,28.7,28.7,27.65,28.0,-0.5,3323,0.8518617027341642,24.4484,23.8521,23.554,24.4484
2022-07-22,3164492,88531515,28.4,28.45,27.35,27.5,-0.5,1694,0.8518617027341642,24.1929,23.4262,23.2984,24.2355
2022-07-25,1574707,44195531,27.5,28.45,27.5,28.05,0.55,1016,0.8518617027341642,23.4262,23.8947,23.4262,24.2355
2022-07-26,1141834,31723498,28.1,28.15,27.6,27.75,-0.3,734,0.8518617027341642,23.9373,23.6392,23.5114,23.9799
2022-07-27,821718,22609646,27.6,27.75,27.4,27.5,-0.25,520,0.8518617027341642,23.5114,23.4262,23.341,23.6392
2022-07-28,7504011,213852942,27.65,28.9,27.5,28.45,0.95,3050,0.8518617027341642,23.554,24.2355,23.4262,24.6188
2022-07-29,10775090,316227825,28.75,30.45,28.55,30.45,2.0,5212,0.8518617027341642,24.491,25.9392,24.3207,25.9392
2022-08-01,10196486,310121619,30.0,30.85,29.6,30.55,0.1,5161,0.8518617027341642,25.5559,26.0244,25.2151,26.2799
2022-08-02,4983290,147991738,29.8,30.2,29.2,29.7,-0.85,2911,0.8518617027341642,25.3855,25.3003,24.8744,25.7262
2022-08-03,4477976,130411648,29.55,29.55,28.7,29.05,-0.65,1835,0.8518617027341642,25.1725,24.7466,24.4484,25.1725
2022-08-04,2100828,60839690,29.05,29.35,28.5,29.35,0.3,1341,0.8518617027341642,24.7466,25.0021,24.2781,25.0021
2022-08-05,7001220,211313837,29.8,30.6,29.3,30.4,1.05,2708,0.8518617027341642,25.3855,25.8966,24.9595,26.067
2022-08-08,3022820,90264341,30.0,30.25,29.5,30.0,-0.4,1770,0.8518617027341642,25.5559,25.5559,25.1299,25.7688
2022-08-09,2020885,60625639,30.3,30.3,29.75,29.9,-0.1,1082,0.8518617027341642,25.8114,25.4707,25.3429,25.8114
2022-08-10,1544409,46229083,29.85,30.2,29.8,29.8,-0.1,930,0.8518617027341642,25.4281,25.3855,25.3855,25.7262
2022-08-11,4254772,124968894,30.05,30.15,29.0,29.25,-0.55,2075,0.8518617027341642,25.5984,24.917,24.704,25.6836
2022-08-12,4702086,139550683,29.4,30.1,29.25,29.5,0.25,2569,0.8518617027341642,25.0447,25.1299,24.917,25.641
2022-08-15,3809693,113645762,29.55,30.15,29.45,29.95,0.45,1476,0.8518617027341642,25.1725,25.5133,25.0873,25.6836
2022-08-16,1325534,39357877,30.05,30.05,29.5,29.6,-0.35,981,0.8518617027341642,25.5984,25.2151,25.1299,25.5984
2022-08-17,22274316,703549329,31.5,32.55,30.25,30.55,0.95,8647,0.8518617027341642,26.8336,26.0244,25.7688,27.7281
2022-08-18,5343950,163118201,30.95,31.0,30.2,30.4,-0.15,2794,0.8518617027341642,26.3651,25.8966,25.7262,26.4077
2022-08-19,1984383,60054214,30.5,30.55,30.1,30.3,-0.1,1250,0.8518617027341642,25.9818,25.8114,25.641,26.0244
2022-08-22,1584648,47788104,30.1,30.45,29.75,30.3,0.0,864,0.8518617027341642,25.641,25.8114,25.3429,25.9392
2022-08-23,1223829,36692067,30.1,30.1,29.9,30.0,-0.3,782,0.8518617027341642,25.641,25.5559,25.4707,25.641
2022-08-24,1395849,42171491,30.15,30.55,30.05,30.1,0.1,855,0.8518617027341642,25.6836,25.641,25.5984,26.0244
2022-08-25,1123326,34016773,30.35,30.6,30.1,30.15,0.05,646,0.8518617027341642,25.854,25.6836,25.641,26.067
2022-08-26,1123438,34047164,30.5,30.6,30.15,30.25,0.1,588,0.8518617027341642,25.9818,25.7688,25.6836,26.067
2022-08-29,1579689,46823050,29.5,29.9,29.35,29.65,-0.6,805,0.8518617027341642,25.1299,25.2577,25.0021,25.4707
2022-08-30,1290037,38883994,29.65,30.35,29.65,30.25,0.6,739,0.8518617027341642,25.2577,25.7688,25.2577,25.854
2022-08-31,3946124,121333259,30.25,31.2,30.1,30.85,0.6,1910,0.8518617027341642,25.7688,26.2799,25.641,26.5781
2022-09-01,1899403,57695614,30.45,30.7,30.2,30.3,-0.55,1120,0.8518617027341642,25.9392,25.8114,25.7262,26.1522
2022-09-02,1145366,34600090,30.5,30.6,30.05,30.2,-0.1,672,0.8518617027341642,25.9818,25.7262,25.5984,26.067
2022-09-05,2709189,82963944,30.45,31.0,30.1,30.55,0.35,1386,0.8518617027341642,25.9392,26.0244,25.641,26.4077
2022-09-06,3695046,111799322,31.0,31.2,29.8,30.05,-0.5,1971,0.8518617027341642,26.4077,25.5984,25.3855,26.5781
2022-09-07,1612708,48126563,29.8,30.45,29.4,29.4,-0.65,1073,0.8518617027341642,25.3855,25.0447,25.0447,25.9392
2022-09-08,2916053,88444746,29.9,30.55,29.85,30.45,1.05,1273,0.8518617027341642,25.4707,25.9392,25.4281,26.0244
2022-09-12,1771146,53568253,30.45,30.6,30.0,30.2,-0.25,1150,0.8518617027341642,25.9392,25.7262,25.5559,26.067
2022-09-13,1700325,51017358,30.45,30.45,29.8,29.95,-0.25,920,0.8518617027341642,25.9392,25.5133,25.3855,25.9392
2022-09-14,697196,20597193,29.25,29.75,29.2,29.65,-0.3,472,0.8518617027341642,24.917,25.2577,24.8744,25.3429
2022-09-15,1084037,32074932,29.7,29.75,29.45,29.5,-0.15,632,0.8518617027341642,25.3003,25.1299,25.0873,25.3429
2022-09-16,1037756,30326513,29.6,29.6,29.05,29.05,-0.45,645,0.8518617027341642,25.2151,24.7466,24.7466,25.2151
2022-09-19,760760,22126187,29.55,29.65,28.85,28.95,-0.1,543,0.8518617027341642,25.1725,24.6614,24.5762,25.2577
2022-09-20,499248,14474620,29.25,29.25,28.9,28.95,0.0,319,0.8518617027341642,24.917,24.6614,24.6188,24.917
2022-09-21,905670,26003971,29.0,29.0,28.5,28.6,-0.35,535,0.8518617027341642,24.704,24.3632,24.2781,24.704
2022-09-22,1009836,28604763,28.6,28.7,28.1,28.7,0.1,625,0.8518617027341642,24.3632,24.4484,23.9373,24.4484
2022-09-23,903781,26168783,28.8,29.35,28.55,28.75,0.05,592,0.8518617027341642,24.5336,24.491,24.3207,25.0021
2022-09-26,2399082,66245258,28.45,28.55,27.15,27.15,-1.6,1241,0.8518617027341642,24.2355,23.128,23.128,24.3207
2022-09-27,1052508,28652410,27.1,27.65,26.8,27.6,0.45,590,0.8518617027341642,23.0855,23.5114,22.8299,23.554
2022-09-28,1451846,38851844,27.5,27.7,26.45,26.55,-1.05,960,0.8518617027341642,23.4262,22.6169,22.5317,23.5966
2022-09-29,799356,21637330,26.6,27.35,26.6,27.1,0.55,422,0.8518617027341642,22.6595,23.0855,22.6595,23.2984
2022-09-30,805889,21614996,27.0,27.3,26.25,27.3,0.2,544,0.8518617027341642,23.0003,23.2558,22.3614,23.2558
2022-10-03,900419,24552453,27.45,27.5,26.95,27.05,-0.25,448,0.8518617027341642,23.3836,23.0429,22.9577,23.4262
2022-10-04,479499,13162245,27.55,27.8,27.25,27.4,0.35,322,0.8518617027341642,23.4688,23.341,23.2132,23.6818
2022-10-05,651157,18048093,27.9,27.9,27.55,27.55,0.15,383,0.8518617027341642,23.7669,23.4688,23.4688,23.7669
2022-10-06,417128,11469172,27.5,27.75,27.3,27.7,0.15,326,0.8518617027341642,23.4262,23.5966,23.2558,23.6392
2022-10-07,973595,27006075,27.7,28.15,27.5,27.65,-0.05,486,0.8518617027341642,23.5966,23.554,23.4262,23.9799
2022-10-11,756569,20376390,27.15,27.15,26.7,26.85,-0.8,506,0.8518617027341642,23.128,22.8725,22.7447,23.128
2022-10-12,1109782,29744839,26.85,27.3,26.4,26.95,0.1,419,0.8518617027341642,22.8725,22.9577,22.4891,23.2558
2022-10-13,2264898,59111873,26.95,26.95,25.6,25.75,-1.2,1319,0.8518617027341642,22.9577,21.9354,21.8077,22.9577
2022-10-14,1754912,46572641,26.35,26.9,26.3,26.6,0.85,594,0.8518617027341642,22.4466,22.6595,22.404,22.9151
2022-10-17,1873539,48248729,26.3,26.3,25.45,26.1,-0.5,833,0.8518617027341642,22.404,22.2336,21.6799,22.404
2022-10-18,1717060,44565980,26.35,26.4,25.65,26.1,0.0,605,0.8518617027341642,22.4466,22.2336,21.8503,22.4891
2022-10-19,2196942,56881744,26.2,26.3,25.7,25.9,-0.2,791,0.8518617027341642,22.3188,22.0632,21.8928,22.404
2022-10-20,3329434,83782791,25.85,25.85,25.0,25.05,-0.85,1472,0.8518617027341642,22.0206,21.3391,21.2965,22.0206
2022-10-21,1437312,36371054,25.05,25.65,25.05,25.4,0.35,577,0.8518617027341642,21.3391,21.6373,21.3391,21.8503
2022-10-24,905918,23466502,25.8,26.15,25.7,25.75,0.35,515,0.8518617027341642,21.978,21.9354,21.8928,22.2762
2022-10-25,708272,18062115,25.9,25.9,25.2,25.35,-0.4,441,0.8518617027341642,22.0632,21.5947,21.4669,22.0632
2022-10-26,678255,17221073,25.6,25.75,25.1,25.35,0.0,438,0.8518617027341642,21.8077,21.5947,21.3817,21.9354
2022-10-27,469206,12035583,25.45,25.8,25.45,25.7,0.35,336,0.8518617027341642,21.6799,21.8928,21.6799,21.978
2022-10-28,502819,12769322,25.7,25.75,25.25,25.3,-0.4,366,0.8518617027341642,21.8928,21.5521,21.5095,21.9354
2022-10-31,408925,10367094,25.5,25.5,25.25,25.35,0.05,258,0.8518617027341642,21.7225,21.5947,21.5095,21.7225
2022-11-01,320277,8205622,25.35,25.75,25.3,25.6,0.25,213,0.8518617027341642,21.5947,21.8077,21.5521,21.9354
2022-11-02,386916,10011434,25.7,25.95,25.7,25.85,0.25,275,0.8518617027341642,21.8928,22.0206,21.8928,22.1058
2022-11-03,353565,9088618,25.7,25.85,25.55,25.75,-0.1,233,0.8518617027341642,21.8928,21.9354,21.7651,22.0206
2022-11-04,587847,15102110,25.65,25.85,25.5,25.8,0.05,384,0.8518617027341642,21.8503,21.978,21.7225,22.0206
2022-11-07,1140947,30152529,26.0,26.7,26.0,26.4,0.6,725,0.8518617027341642,22.1484,22.4891,22.1484,22.7447
2022-11-08,1016755,27134205,26.55,26.95,26.55,26.6,0.2,577,0.8518617027341642,22.6169,22.6595,22.6169,22.9577
2022-11-09,850024,22555487,26.6,26.8,26.35,26.4,-0.2,522,0.8518617027341642,22.6595,22.4891,22.4466,22.8299
2022-11-10,595610,15755789,26.45,26.6,26.25,26.5,0.1,351,0.8518617027341642,22.5317,22.5743,22.3614,22.6595
2022-11-11,673801,17996903,27.05,27.05,26.55,26.55,0.05,402,0.8518617027341642,23.0429,22.6169,22.6169,23.0429
2022-11-14,1413242,38430726,26.7,27.45,26.65,27.2,0.65,807,0.8518617027341642,22.7447,23.1706,22.7021,23.3836
2022-11-15,2696297,75471778,28.0,28.3,27.7,27.85,0.65,1440,0.8518617027341642,23.8521,23.7243,23.5966,24.1077
2022-11-16,1343815,37399623,28.0,28.1,27.6,27.7,-0.15,743,0.8518617027341642,23.8521,23.5966,23.5114,23.9373
2022-11-17,27102108,760337302,27.8,28.45,27.65,28.05,0.35,934,0.8518617027341642,23.6818,23.8947,23.554,24.2355
2022-11-18,16019055,443172166,28.5,28.5,27.45,27.65,-0.4,1150,0.8518617027341642,24.2781,23.554,23.3836,24.2781
2022-11-21,2998957,85009652,27.9,29.0,27.4,28.55,0.9,1448,0.8518617027341642,23.7669,24.3207,23.341,24.704
2022-11-22,3164789,88855452,28.7,28.7,27.65,27.65,-0.9,1626,0.8518617027341642,24.4484,23.554,23.554,24.4484
2022-11-23,771202,21290451,27.8,27.8,27.5,27.5,-0.15,499,0.8518617027341642,23.6818,23.4262,23.4262,23.6818
2022-11-24,922535,25346614,27.6,27.7,27.3,27.45,-0.05,521,0.8518617027341642,23.5114,23.3836,23.2558,23.5966
2022-11-25,707425,19473999,27.5,27.85,27.35,27.35,-0.1,436,0.8518617027341642,23.4262,23.2984,23.2984,23.7243
2022-11-28,419538,11460468,27.6,27.6,27.1,27.3,-0.05,277,0.8518617027341642,23.5114,23.2558,23.0855,23.5114
2022-11-29,514685,14220749,27.45,27.85,27.3,27.7,0.4,312,0.8518617027341642,23.3836,23.5966,23.2558,23.7243
2022-11-30,1211592,33979635,28.0,28.2,27.9,27.9,0.2,703,0.8518617027341642,23.8521,23.7669,23.7669,24.0225
2022-12-01,2140843,60606831,28.25,28.65,28.0,28.45,0.55,1191,0.8518617027341642,24.0651,24.2355,23.8521,24.4058
2022-12-02,776877,21965772,28.4,28.55,28.15,28.2,-0.25,403,0.8518617027341642,24.1929,24.0225,23.9799,24.3207
2022-12-05,1643482,47078614,28.2,28.8,28.2,28.55,0.35,728,0.8518617027341642,24.0225,24.3207,24.0225,24.5336
2022-12-06,891965,25386771,28.5,28.75,28.1,28.1,-0.45,539,0.8518617027341642,24.2781,23.9373,23.9373,24.491
2022-12-07,1172069,33133537,28.35,28.7,27.95,27.95,-0.15,593,0.8518617027341642,24.1503,23.8095,23.8095,24.4484
2022-12-08,791384,22047067,28.05,28.2,27.55,27.9,-0.05,397,0.8518617027341642,23.8947,23.7669,23.4688,24.0225
2022-12-09,458942,12781790,27.95,28.0,27.75,27.85,-0.05,250,0.8518617027341642,23.8095,23.7243,23.6392,23.8521
2022-12-12,445087,12272631,27.75,27.75,27.35,27.6,-0.25,293,0.8518617027341642,23.6392,23.5114,23.2984,23.6392
2022-12-13,2510996,71130794,27.8,28.65,27.6,28.2,0.6,1090,0.8518617027341642,23.6818,24.0225,23.5114,24.4058
2022-12-14,1145046,32522102,28.4,28.7,28.2,28.4,0.2,616,0.8518617027341642,24.1929,24.1929,24.0225,24.4484
2022-12-15,3359082,97795475,28.4,29.45,28.4,28.7,0.3,1620,0.8518617027341642,24.1929,24.4484,24.1929,25.0873
2022-12-16,1739304,49364089,28.5,28.7,28.15,28.2,-0.5,883,0.8518617027341642,24.2781,24.0225,23.9799,24.4484
2022-12-19,858140,24023517,28.2,28.4,27.75,27.95,-0.25,487,0.8518617027341642,24.0225,23.8095,23.6392,24.1929
2022-12-20,900210,25243332,28.0,28.5,27.7,27.8,-0.15,486,0.8518617027341642,23.8521,23.6818,23.5966,24.2781
2022-12-21,5709696,166673160,28.3,29.7,28.3,28.95,1.15,2923,0.8518617027341642,24.1077,24.6614,24.1077,25.3003
2022-12-22,9764801,289641124,29.55,30.2,29.2,29.75,0.8,4724,0.8518617027341642,25.1725,25.3429,24.8744,25.7262
2022-12-23,3354326,99639911,29.3,30.1,29.25,29.6,-0.15,1736,0.8518617027341642,24.9595,25.2151,24.917,25.641
2022-12-26,1212390,35563515,29.4,29.85,29.05,29.1,-0.5,793,0.8518617027341642,25.0447,24.7892,24.7466,25.4281
2022-12-27,796972,23107919,29.2,29.2,28.85,29.0,-0.1,534,0.8518617027341642,24.8744,24.704,24.5762,24.8744
2022-12-28,1452733,41876407,29.15,29.35,28.5,28.5,-0.5,916,0.8518617027341642,24.8318,24.2781,24.2781,25.0021
2022-12-29,1265138,36235396,28.55,28.85,28.2,28.8,0.3,660,0.8518617027341642,24.3207,24.5336,24.0225,24.5762
2022-12-30,1145295,33477783,29.2,29.55,28.9,28.95,0.15,633,0.8518617027341642,24.8744,24.6614,24.6188,25.1725
2023-01-03,845215,24689728,28.95,29.35,28.9,29.3,0.35,619,0.8518617027341642,24.6614,24.9595,24.6188,25.0021
2023-01-04,769296,22583847,29.45,29.55,29.25,29.3,0.0,447,0.8518617027341642,25.0873,24.9595,24.917,25.1725
2023-01-05,1085582,31891420,29.35,29.55,29.2,29.3,0.0,627,0.8518617027341642,25.0021,24.9595,24.8744,25.1725
2023-01-06,956815,27803562,29.15,29.4,28.9,29.0,-0.3,445,0.8518617027341642,24.8318,24.704,24.6188,25.0447
2023-01-09,1295647,37618049,29.3,29.3,28.9,29.0,0.0,624,0.8518617027341642,24.9595,24.704,24.6188,24.9595
2023-01-10,844899,24422004,29.1,29.15,28.7,28.9,-0.1,453,0.8518617027341642,24.7892,24.6188,24.4484,24.8318
2023-01-11,584734,16955437,28.9,29.3,28.75,28.9,0.0,338,0.8518617027341642,24.6188,24.6188,24.491,24.9595
2023-01-12,742430,21638288,28.95,29.35,28.95,28.95,0.05,491,0.8518617027341642,24.6614,24.6614,24.6614,25.0021
2023-01-13,433106,12573287,29.1,29.3,28.9,29.0,0.05,312,0.8518617027341642,24.7892,24.704,24.6188,24.9595
2023-01-16,2308099,67570401,29.0,29.5,29.0,29.45,0.45,1082,0.8518617027341642,24.704,25.0873,24.704,25.1299
2023-01-17,1690928,50102310,29.55,29.7,29.55,29.65,0.2,903,0.8518617027341642,25.1725,25.2577,25.1725,25.3003
2023-01-30,2316033,69310575,29.85,30.15,29.75,29.95,0.3,1065,0.8518617027341642,25.4281,25.5133,25.3429,25.6836
2023-01-31,2209311,67095208,30.0,30.5,30.0,30.45,0.5,1200,0.8518617027341642,25.5559,25.9392,25.5559,25.9818
2023-02-01,2937917,90570472,30.6,31.0,30.5,30.95,0.5,1615,0.8518617027341642,26.067,26.3651,25.9818,26.4077
2023-02-02,1954956,59928062,31.0,31.0,30.45,30.7,-0.25,1212,0.8518617027341642,26.4077,26.1522,25.9392,26.4077
2023-02-03,1187240,36111128,30.6,30.6,30.3,30.35,-0.35,641,0.8518617027341642,26.067,25.854,25.8114,26.067
2023-02-06,1136578,34478703,30.3,30.65,30.15,30.35,0.0,658,0.8518617027341642,25.8114,25.854,25.6836,26.1096
2023-02-07,2032719,62514894,30.6,31.3,30.5,30.75,0.4,1092,0.8518617027341642,26.067,26.1947,25.9818,26.6633
2023-02-08,3435252,106507046,31.05,31.15,30.8,31.1,0.35,1364,0.8518617027341642,26.4503,26.4929,26.2373,26.5355
2023-02-09,2164506,67059955,31.45,31.45,30.7,30.75,-0.35,1246,0.8518617027341642,26.7911,26.1947,26.1522,26.7911
2023-02-10,1689268,51336459,30.9,30.9,30.15,30.2,-0.55,940,0.8518617027341642,26.3225,25.7262,25.6836,26.3225
2023-02-13,3400277,104148790,30.55,30.85,30.1,30.75,0.55,1749,0.8518617027341642,26.0244,26.1947,25.641,26.2799
2023-02-14,1801918,55571326,30.75,31.1,30.6,30.8,0.05,1060,0.8518617027341642,26.1947,26.2373,26.067,26.4929
2023-02-15,1080899,33113116,30.9,30.9,30.4,30.7,-0.1,688,0.8518617027341642,26.3225,26.1522,25.8966,26.3225
2023-02-16,751834,23134328,30.7,30.95,30.65,30.7,0.0,464,0.8518617027341642,26.1522,26.1522,26.1096,26.3651
2023-02-17,2232593,69221920,30.65,31.25,30.55,31.1,0.4,1015,0.8518617027341642,26.1096,26.4929,26.0244,26.6207
2023-02-20,1979487,61585672,31.45,31.45,30.95,31.2,0.1,929,0.8518617027341642,26.7911,26.5781,26.3651,26.7911
2023-02-21,1224257,38028337,31.25,31.35,30.95,31.1,-0.1,602,0.8518617027341642,26.6207,26.4929,26.3651,26.7059
2023-02-22,1561580,48582429,30.9,31.3,30.85,31.15,0.05,730,0.8518617027341642,26.3225,26.5355,26.2799,26.6633
2023-02-23,1704051,53410103,31.35,31.45,31.25,31.4,0.25,763,0.8518617027341642,26.7059,26.7485,26.6207,26.7911
2023-02-24,1814114,56393819,31.4,31.4,30.95,31.1,-0.3,753,0.8518617027341642,26.7485,26.4929,26.3651,26.7485
2023-03-01,1822347,55713652,30.9,30.9,30.3,30.6,-0.5,883,0.8518617027341642,26.3225,26.067,25.8114,26.3225
2023-03-02,677665,20732402,30.65,30.75,30.45,30.65,0.05,414,0.8518617027341642,26.1096,26.1096,25.9392,26.1947
2023-03-03,1098904,33961221,30.85,31.1,30.65,31.05,0.4,513,0.8518617027341642,26.2799,26.4503,26.1096,26.4929
2023-03-06,856759,26688258,31.05,31.35,31.05,31.05,0.0,460,0.8518617027341642,26.4503,26.4503,26.4503,26.7059
2023-03-07,1331301,41552068,31.15,31.35,31.0,31.25,0.2,680,0.8518617027341642,26.5355,26.6207,26.4077,26.7059
2023-03-08,967665,30186983,31.0,31.35,30.95,31.35,0.1,515,0.8518617027341642,26.4077,26.7059,26.3651,26.7059
2023-03-09,1247629,38864597,31.5,31.5,30.95,31.0,-0.35,624,0.8518617027341642,26.8336,26.4077,26.3651,26.8336
2023-03-10,2115862,64442115,30.6,30.9,30.2,30.2,-0.8,969,0.8518617027341642,26.067,25.7262,25.7262,26.3225
2023-03-13,2572905,76203698,29.65,29.95,29.2,29.9,-0.3,1377,0.8518617027341642,25.2577,25.4707,24.8744,25.5133
2023-03-14,1555462,46372670,29.95,30.1,29.65,29.7,-0.2,874,0.8518617027341642,25.5133,25.3003,25.2577,25.641
2023-03-15,2147672,63348156,29.7,29.75,29.25,29.35,-0.35,1101,0.8518617027341642,25.3003,25.0021,24.917,25.3429
2023-03-16,1482902,42996292,29.15,29.3,28.85,28.95,-0.4,826,0.8518617027341642,24.8318,24.6614,24.5762,24.9595
2023-03-17,954450,27956392,29.2,29.5,29.1,29.45,0.5,492,0.8518617027341642,24.8744,25.0873,24.7892,25.1299
2023-03-20,965065,28137859,29.45,29.55,29.0,29.05,-0.4,663,0.8518617027341642,25.0873,24.7466,24.704,25.1725
2023-03-21,612067,17907916,29.2,29.4,29.1,29.3,0.25,393,0.8518617027341642,24.8744,24.9595,24.7892,25.0447
2023-03-22,885119,25894115,29.45,29.45,29.15,29.2,-0.1,483,0.8518617027341642,25.0873,24.8744,24.8318,25.0873
2023-03-23,603978,17665412,29.4,29.4,29.15,29.3,0.1,368,0.8518617027341642,25.0447,24.9595,24.8318,25.0447
2023-03-24,923211,26960141,29.35,29.35,29.1,29.2,-0.1,418,0.8518617027341642,25.0021,24.8744,24.7892,25.0021
2023-03-27,372157,10907372,29.25,29.45,29.25,29.3,0.1,277,0.8518617027341642,24.917,24.9595,24.917,25.0873
2023-03-28,434016,12654750,29.4,29.4,29.1,29.1,-0.2,304,0.8518617027341642,25.0447,24.7892,24.7892,25.0447
2023-03-29,469784,13694543,29.1,29.3,29.1,29.2,0.1,295,0.8518617027341642,24.7892,24.8744,24.7892,24.9595
2023-03-30,551860,16154417,29.4,29.4,29.2,29.3,0.1,286,0.8518617027341642,25.0447,24.9595,24.8744,25.0447
2023-03-31,847776,24887479,29.3,29.5,29.2,29.5,0.2,401,0.8518617027341642,24.9595,25.1299,24.8744,25.1299
2023-04-06,846087,24723983,29.5,29.5,29.1,29.15,-0.35,512,0.8518617027341642,25.1299,24.8318,24.7892,25.1299
2023-04-07,622354,18164074,29.3,29.3,29.05,29.15,0.0,396,0.8518617027341642,24.9595,24.8318,24.7466,24.9595
2023-04-10,746126,21952934,29.5,29.55,29.3,29.35,0.2,401,0.8518617027341642,25.1299,25.0021,24.9595,25.1725
2023-04-11,616832,18195890,29.5,29.6,29.4,29.4,0.05,341,0.8518617027341642,25.1299,25.0447,25.0447,25.2151
2023-04-12,792110,23412312,29.65,29.65,29.4,29.55,0.15,432,0.8518617027341642,25.2577,25.1725,25.0447,25.2577
2023-04-13,1481266,44118529,29.55,30.0,29.5,29.75,0.2,691,0.8518617027341642,25.1725,25.3429,25.1299,25.5559
2023-04-14,642232,19076890,29.75,29.8,29.6,29.8,0.05,457,0.8518617027341642,25.3429,25.3855,25.2151,25.3855
2023-04-17,480103,14314064,29.8,29.9,29.75,29.8,0.0,330,0.8518617027341642,25.3855,25.3855,25.3429,25.4707
2023-04-18,910357,26973082,29.85,29.85,29.5,29.55,-0.25,469,0.8518617027341642,25.4281,25.1725,25.1299,25.4281
2023-04-19,657294,19387804,29.55,29.65,29.4,29.5,-0.05,376,0.8518617027341642,25.1725,25.1299,25.0447,25.2577
2023-04-20,880392,25704786,29.45,29.45,29.1,29.2,-0.3,595,0.8518617027341642,25.0873,24.8744,24.7892,25.0873
2023-04-21,1519273,43955934,29.2,29.25,28.8,28.85,-0.35,811,0.8518617027341642,24.8744,24.5762,24.5336,24.917
2023-04-24,506412,14600780,28.9,28.95,28.7,28.85,0.0,375,0.8518617027341642,24.6188,24.5762,24.4484,24.6614
2023-04-25,583857,16871291,28.95,29.15,28.75,28.95,0.1,382,0.8518617027341642,24.6614,24.6614,24.491,24.8318
2023-04-26,689240,19830175,28.95,29.0,28.6,29.0,0.05,391,0.8518617027341642,24.6614,24.704,24.3632,24.704
2023-04-27,369777,10708068,28.95,29.15,28.8,29.05,0.05,200,0.8518617027341642,24.6614,24.7466,24.5336,24.8318
2023-04-28,386745,11265870,29.05,29.2,29.0,29.2,0.15,229,0.8518617027341642,24.7466,24.8744,24.704,24.8744
2023-05-02,311003,9068996,29.2,29.25,29.05,29.25,0.05,225,0.8518617027341642,24.8744,24.917,24.7466,24.917
2023-05-03,381559,11166024,29.25,29.35,29.1,29.25,0.0,219,0.8518617027341642,24.917,24.917,24.7892,25.0021
2023-05-04,374501,10988593,29.25,29.4,29.25,29.35,0.1,222,0.8518617027341642,24.917,25.0021,24.917,25.0447
2023-05-05,337170,9891268,29.35,29.45,29.25,29.25,-0.1,193,0.8518617027341642,25.0021,24.917,24.917,25.0873
2023-05-08,409223,11976436,29.25,29.35,29.15,29.25,0.0,239,0.8518617027341642,24.917,24.917,24.8318,25.0021
2023-05-09,447992,13021822,29.2,29.2,28.95,29.1,-0.15,313,0.8518617027341642,24.8744,24.7892,24.6614,24.8744
2023-05-10,667986,19357950,29.0,29.1,28.9,29.05,-0.05,315,0.8518617027341642,24.704,24.7466,24.6188,24.7892
2023-05-11,1067612,30733088,29.0,29.05,28.65,28.7,-0.35,621,0.8518617027341642,24.704,24.4484,24.4058,24.7466
2023-05-12,521083,14970317,28.65,29.0,28.55,28.85,0.15,317,0.8518617027341642,24.4058,24.5762,24.3207,24.704
2023-05-15,687741,19654674,28.9,28.9,28.5,28.6,-0.25,485,0.8518617027341642,24.6188,24.3632,24.2781,24.6188
2023-05-16,857239,24493524,28.6,28.7,28.5,28.5,-0.1,554,0.8518617027341642,24.3632,24.2781,24.2781,24.4484
2023-05-17,1046742,29860286,28.55,28.65,28.45,28.65,0.15,746,0.8518617027341642,24.3207,24.4058,24.2355,24.4058
2023-05-18,681013,19506892,28.65,28.75,28.55,28.7,0.05,503,0.8518617027341642,24.4058,24.4484,24.3207,24.491
2023-05-19,512506,14775555,28.8,29.0,28.7,28.8,0.1,373,0.8518617027341642,24.5336,24.5336,24.4484,24.704
2023-05-22,574720,16594828,28.8,29.0,28.75,28.95,0.15,328,0.8518617027341642,24.5336,24.6614,24.491,24.704
2023-05-23,437223,12677139,29.0,29.1,28.85,29.1,0.15,267,0.8518617027341642,24.704,24.7892,24.5762,24.7892
2023-05-24,560312,16272037,29.0,29.15,28.95,29.1,0.0,238,0.8518617027341642,24.704,24.7892,24.6614,24.8318
2023-05-25,427842,12405570,29.1,29.15,28.9,28.9,-0.2,347,0.8518617027341642,24.7892,24.6188,24.6188,24.8318
2023-05-26,615726,17728375,28.9,28.9,28.7,28.75,-0.15,434,0.8518617027341642,24.6188,24.491,24.4484,24.6188
2023-05-29,694551,19968166,28.75,28.9,28.65,28.65,-0.1,396,0.8518617027341642,24.491,24.4058,24.4058,24.6188
2023-05-30,324609,9322857,28.75,28.8,28.65,28.7,0.05,233,0.8518617027341642,24.491,24.4484,24.4058,24.5336
2023-05-31,903231,26045263,28.7,28.9,28.7,28.9,0.2,344,0.8518617027341642,24.4484,24.6188,24.4484,24.6188
2023-06-01,406321,11713189,28.9,28.95,28.75,28.9,0.0,267,0.8518617027341642,24.6188,24.6188,24.491,24.6614
2023-06-02,680441,19617079,28.9,28.9,28.75,28.75,-0.15,363,0.8518617027341642,24.6188,24.491,24.491,24.6188
2023-06-05,999599,29083645,28.8,29.35,28.8,28.9,0.15,548,0.8518617027341642,24.5336,24.6188,24.5336,25.0021
2023-06-06,400355,11619859,28.95,29.15,28.9,29.0,0.1,277,0.8518617027341642,24.6614,24.704,24.6188,24.8318
2023-06-07,459746,13355300,29.0,29.1,29.0,29.05,0.05,319,0.8518617027341642,24.704,24.7466,24.704,24.7892
2023-06-08,481401,13918613,29.0,29.0,28.85,29.0,-0.05,324,0.8518617027341642,24.704,24.704,24.5762,24.704
2023-06-09,802955,23114727,28.9,28.9,28.7,28.8,-0.2,568,0.8518617027341642,24.6188,24.5336,24.4484,24.6188
2023-06-12,692419,19929569,28.85,28.95,28.7,28.8,0.0,369,0.8518617027341642,24.5762,24.5336,24.4484,24.6614
2023-06-13,489960,14135982,28.85,28.9,28.8,28.85,0.05,302,0.8518617027341642,24.5762,24.5762,24.5336,24.6188
2023-06-14,438443,12672140,28.85,29.0,28.8,28.85,0.0,294,0.8518617027341642,24.5762,24.5762,24.5336,24.704
2023-06-15,447551,12942115,29.0,29.0,28.85,28.95,0.1,294,0.8518617027341642,24.704,24.6614,24.5762,24.704
2023-06-16,1403942,40890742,29.0,29.35,28.95,29.0,0.05,664,0.8518617027341642,24.704,24.704,24.6614,25.0021
2023-06-19,563632,16394524,29.0,29.2,29.0,29.1,0.1,321,0.8518617027341642,24.704,24.7892,24.704,24.8744
2023-06-20,444366,12909486,29.3,29.3,29.0,29.05,-0.05,308,0.8518617027341642,24.9595,24.7466,24.704,24.9595
2023-06-21,394844,11450804,29.05,29.1,28.9,29.05,0.0,278,0.8518617027341642,24.7466,24.7466,24.6188,24.7892
2023-06-26,1212546,35588727,29.1,29.6,29.05,29.5,0.45,689,0.8518617027341642,24.7892,25.1299,24.7466,25.2151
2023-06-27,649152,19099068,29.55,29.6,29.25,29.3,-0.2,424,0.8518617027341642,25.1725,24.9595,24.917,25.2151
2023-06-28,416557,12201688,29.35,29.4,29.2,29.2,-0.1,275,0.8518617027341642,25.0021,24.8744,24.8744,25.0447
2023-06-29,362979,10636435,29.3,29.5,29.25,29.25,0.05,240,0.8518617027341642,24.9595,24.917,24.917,25.1299
2023-06-30,435104,12772655,29.25,29.5,29.25,29.4,0.15,302,0.8518617027341642,24.917,25.0447,24.917,25.1299
2023-07-03,1055207,31284534,29.55,29.8,29.5,29.7,0.3,572,0.8518617027341642,25.1725,25.3003,25.1299,25.3855
2023-07-04,589418,17452429,29.9,29.9,29.5,29.55,-0.15,468,0.8518617027341642,25.4707,25.1725,25.1299,25.4707
2023-07-05,576156,16967774,29.55,29.7,29.35,29.4,-0.15,372,0.8518617027341642,25.1725,25.0447,25.0021,25.3003
2023-07-06,643074,18808239,29.4,29.4,29.15,29.2,-0.2,396,0.8518617027341642,25.0447,24.8744,24.8318,25.0447
2023-07-07,716282,20742776,29.05,29.05,28.9,28.9,-0.3,462,0.8518617027341642,24.7466,24.6188,24.6188,24.7466
2023-07-10,512999,14838644,28.9,29.1,28.85,28.9,0.0,361,0.8518617027341642,24.6188,24.6188,24.5762,24.7892
2023-07-11,534721,15511112,28.95,29.2,28.9,29.0,0.1,327,0.8518617027341642,24.6614,24.704,24.6188,24.8744
2023-07-12,723123,20924011,28.9,29.05,28.85,28.9,-0.1,450,0.8518617027341642,24.6188,24.6188,24.5762,24.7466
2023-07-13,811412,23416263,28.95,29.05,28.75,28.85,-0.05,524,0.8518617027341642,24.6614,24.5762,24.491,24.7466
2023-07-14,575767,16640206,28.85,29.0,28.85,28.9,0.05,328,0.8518617027341642,24.5762,24.6188,24.5762,24.704
2023-07-17,900853,26199574,28.95,29.2,28.95,29.2,0.3,490,0.8518617027341642,24.6614,24.8744,24.6614,24.8744
2023-07-18,1254142,36430787,29.0,29.2,28.95,29.0,-0.2,500,0.8518617027341642,24.704,24.704,24.6614,24.8744
2023-07-19,1856293,53809080,29.0,29.1,28.9,29.05,0.05,760,0.8518617027341642,24.704,24.7466,24.6188,24.7892
2023-07-20,1764262,49095670,27.7,28.05,27.7,27.9,0.0,746,0.8982425576924671,24.8813,25.061,24.8813,25.1957
2023-07-21,727933,20137604,27.9,27.9,27.6,27.8,-0.1,607,0.8982425576924671,25.061,24.9711,24.7915,25.061
2023-07-24,729707,20052646,27.8,27.8,27.35,27.5,-0.3,469,0.8982425576924671,24.9711,24.7017,24.5669,24.9711
2023-07-25,572678,15757895,27.5,27.95,27.3,27.65,0.15,354,0.8982425576924671,24.7017,24.8364,24.522,25.1059
2023-07-26,514994,14176791,27.65,27.65,27.4,27.5,-0.15,373,0.8982425576924671,24.8364,24.7017,24.6118,24.8364
2023-07-27,696586,19234796,27.65,27.8,27.55,27.7,0.2,381,0.8982425576924671,24.8364,24.8813,24.7466,24.9711
2023-07-28,734972,20254095,27.9,27.9,27.45,27.5,-0.2,498,0.8982425576924671,25.061,24.7017,24.6568,25.061
2023-07-31,691331,18968881,27.5,27.6,27.35,27.4,-0.1,385,0.8982425576924671,24.7017,24.6118,24.5669,24.7915
2023-08-01,537452,14746440,27.4,27.55,27.35,27.55,0.15,362,0.8982425576924671,24.6118,24.7466,24.5669,24.7466
2023-08-02,1104056,30763865,27.6,28.25,27.5,27.7,0.15,662,0.8982425576924671,24.7915,24.8813,24.7017,25.3754
2023-08-04,494715,13692107,27.65,27.8,27.55,27.7,0.0,300,0.8982425576924671,24.8364,24.8813,24.7466,24.9711
2023-08-07,415219,11460861,27.95,27.95,27.5,27.7,0.0,282,0.8982425576924671,25.1059,24.8813,24.7017,25.1059
2023-08-08,610643,16896716,27.7,27.8,27.55,27.6,-0.1,287,0.8982425576924671,24.8813,24.7915,24.7466,24.9711
2023-08-09,358912,9860889,27.7,27.7,27.4,27.5,-0.1,272,0.8982425576924671,24.8813,24.7017,24.6118,24.8813
2023-08-10,522834,14317208,27.7,27.7,27.3,27.4,-0.1,353,0.8982425576924671,24.8813,24.6118,24.522,24.8813
2023-08-11,452136,12345558,27.4,27.4,27.25,27.3,-0.1,291,0.8982425576924671,24.6118,24.522,24.4771,24.6118
2023-08-14,733897,19743997,27.3,27.3,26.8,26.9,-0.4,546,0.8982425576924671,24.522,24.1627,24.0729,24.522
2023-08-15,317663,8544862,26.9,27.05,26.85,26.85,-0.05,225,0.8982425576924671,24.1627,24.1178,24.1178,24.2975
2023-08-16,287322,7721084,26.85,27.2,26.8,26.85,0.0,239,0.8982425576924671,24.1178,24.1178,24.0729,24.4322
2023-08-17,552623,14776442,26.85,27.0,26.5,26.9,0.05,346,0.8982425576924671,24.1178,24.1627,23.8034,24.2525
2023-08-18,746378,20324907,26.9,27.4,26.85,27.3,0.4,387,0.8982425576924671,24.1627,24.522,24.1178,24.6118
2023-08-21,255975,6981919,27.3,27.35,27.1,27.3,0.0,143,0.8982425576924671,24.522,24.522,24.3424,24.5669
2023-08-22,431937,11681616,27.2,27.3,26.95,27.05,-0.25,231,0.8982425576924671,24.4322,24.2975,24.2076,24.522
2023-08-23,260530,7036483,27.2,27.2,26.95,26.95,-0.1,141,0.8982425576924671,24.4322,24.2076,24.2076,24.4322
2023-08-24,443281,11958310,27.0,27.2,26.9,26.9,-0.05,191,0.8982425576924671,24.2525,24.1627,24.1627,24.4322
2023-08-25,256126,6926045,26.9,27.15,26.9,26.95,0.05,157,0.8982425576924671,24.1627,24.2076,24.1627,24.3873
2023-08-28,133832,3620128,26.95,27.15,26.95,27.05,0.1,108,0.8982425576924671,24.2076,24.2975,24.2076,24.3873
2023-08-29,172698,4675249,27.05,27.2,26.9,27.1,0.05,147,0.8982425576924671,24.2975,24.3424,24.1627,24.4322
2023-08-30,367185,10040044,27.1,27.5,27.1,27.4,0.3,206,0.8982425576924671,24.3424,24.6118,24.3424,24.7017
2023-08-31,500021,13676079,27.4,27.45,27.25,27.25,-0.15,236,0.8982425576924671,24.6118,24.4771,24.4771,24.6568
2023-09-01,751392,20739650,27.3,27.75,27.3,27.75,0.5,308,0.8982425576924671,24.522,24.9262,24.522,24.9262
2023-09-04,331433,9158119,27.7,27.8,27.4,27.6,-0.15,192,0.8982425576924671,24.8813,24.7915,24.6118,24.9711
2023-09-05,192183,5297097,27.65,27.75,27.45,27.55,-0.05,165,0.8982425576924671,24.8364,24.7466,24.6568,24.9262
2023-09-06,206263,5651625,27.55,27.55,27.3,27.4,-0.15,177,0.8982425576924671,24.7466,24.6118,24.522,24.7466
2023-09-07,355571,9667469,27.2,27.5,27.05,27.3,-0.1,221,0.8982425576924671,24.4322,24.522,24.2975,24.7017
2023-09-08,326239,8844226,27.1,27.2,27.05,27.15,-0.15,197,0.8982425576924671,24.3424,24.3873,24.2975,24.4322
2023-09-11,333971,9136415,27.45,27.5,27.2,27.5,0.35,243,0.8982425576924671,24.6568,24.7017,24.4322,24.7017
2023-09-12,230472,6322459,27.7,27.7,27.35,27.5,0.0,150,0.8982425576924671,24.8813,24.7017,24.5669,24.8813
2023-09-13,306210,8426582,27.5,27.6,27.25,27.6,0.1,209,0.8982425576924671,24.7017,24.7915,24.4771,24.7915
2023-09-14,353720,9798477,27.8,27.8,27.6,27.7,0.1,211,0.8982425576924671,24.9711,24.8813,24.7915,24.9711
2023-09-15,532874,14808664,27.75,27.95,27.65,27.95,0.25,308,0.8982425576924671,24.9262,25.1059,24.8364,25.1059
2023-09-18,688414,19283302,27.95,28.15,27.9,28.05,0.1,389,0.8982425576924671,25.1059,25.1957,25.061,25.2855
2023-09-19,414055,11614886,28.05,28.2,27.95,27.95,-0.1,235,0.8982425576924671,25.1957,25.1059,25.1059,25.3304
2023-09-20,222921,6228828,27.9,28.0,27.8,28.0,0.05,202,0.8982425576924671,25.061,25.1508,24.9711,25.1508
2023-09-21,393346,10905519,27.8,27.9,27.55,27.65,-0.35,284,0.8982425576924671,24.9711,24.8364,24.7466,25.061
2023-09-22,287989,7691277,27.55,27.8,27.55,27.7,0.05,137,0.8982425576924671,24.7466,24.8813,24.7466,24.9711
2023-09-25,130657,3614170,27.7,27.75,27.55,27.7,0.0,101,0.8982425576924671,24.8813,24.8813,24.7466,24.9262
2023-09-26,333377,9161043,27.65,27.7,27.4,27.4,-0.3,243,0.8982425576924671,24.8364,24.6118,24.6118,24.8813
2023-09-27,193475,5281811,27.3,27.4,27.2,27.25,-0.15,154,0.8982425576924671,24.522,24.4771,24.4322,24.6118
2023-09-28,405500,11049082,27.25,27.35,27.15,27.3,0.05,230,0.8982425576924671,24.4771,24.522,24.3873,24.5669
2023-10-02,268497,7319100,27.3,27.4,27.2,27.3,0.0,181,0.8982425576924671,24.522,24.522,24.4322,24.6118
2023-10-03,388936,10553929,27.25,27.25,27.0,27.05,-0.25,251,0.8982425576924671,24.4771,24.2975,24.2525,24.4771
2023-10-04,424042,11404159,27.0,27.0,26.85,26.85,-0.2,278,0.8982425576924671,24.2525,24.1178,24.1178,24.2525
2023-10-05,242620,6533612,26.95,27.0,26.85,26.9,0.05,181,0.8982425576924671,24.2076,24.1627,24.1178,24.2525
2023-10-06,165857,4461815,26.85,27.0,26.85,26.95,0.05,113,0.8982425576924671,24.1178,24.2076,24.1178,24.2525
2023-10-11,620203,16774103,26.95,27.2,26.9,27.0,0.05,424,0.8982425576924671,24.2076,24.2525,24.1627,24.4322
2023-10-12,360538,9776481,27.05,27.25,26.9,27.2,0.2,272,0.8982425576924671,24.2975,24.4322,24.1627,24.4771
2023-10-13,389545,10519988,27.0,27.15,26.8,27.0,-0.2,186,0.8982425576924671,24.2525,24.2525,24.0729,24.3873
2023-10-16,436506,11851191,26.85,27.25,26.85,27.25,0.25,250,0.8982425576924671,24.1178,24.4771,24.1178,24.4771
2023-10-17,365836,9904036,27.25,27.25,26.95,26.95,-0.3,300,0.8982425576924671,24.4771,24.2076,24.2076,24.4771
2023-10-18,2324214,61858660,26.9,27.05,26.5,26.5,-0.45,558,0.8982425576924671,24.1627,23.8034,23.8034,24.2975
2023-10-19,686360,18211893,26.45,26.7,26.45,26.45,-0.05,339,0.8982425576924671,23.7585,23.7585,23.7585,23.9831
2023-10-20,647441,16911653,26.45,26.45,25.9,26.2,-0.25,431,0.8982425576924671,23.7585,23.534,23.2645,23.7585
2023-10-23,208004,5439787,26.2,26.2,26.0,26.1,-0.1,155,0.8982425576924671,23.534,23.4441,23.3543,23.534
2023-10-24,246285,6443125,26.1,26.3,26.05,26.25,0.15,165,0.8982425576924671,23.4441,23.5789,23.3992,23.6238
2023-10-25,206467,5438036,26.15,26.45,26.15,26.4,0.15,137,0.8982425576924671,23.489,23.7136,23.489,23.7585
2023-10-26,148720,3910040,26.15,26.45,26.15,26.35,-0.05,149,0.8982425576924671,23.489,23.6687,23.489,23.7585
2023-10-27,174911,4604828,26.25,26.4,26.25,26.3,-0.05,111,0.8982425576924671,23.5789,23.6238,23.5789,23.7136
2023-10-30,110722,2913891,26.35,26.4,26.25,26.25,-0.05,88,0.8982425576924671,23.6687,23.5789,23.5789,23.7136
2023-10-31,161068,4232359,26.3,26.4,26.15,26.25,0.0,144,0.8982425576924671,23.6238,23.5789,23.489,23.7136
2023-11-01,103725,2721037,26.15,26.3,26.15,26.25,0.0,86,0.8982425576924671,23.489,23.5789,23.489,23.6238
2023-11-02,310127,8233694,26.2,26.65,26.2,26.65,0.4,176,0.8982425576924671,23.534,23.9382,23.534,23.9382
2023-11-03,235704,6280773,26.8,26.9,26.55,26.65,0.0,176,0.8982425576924671,24.0729,23.9382,23.8483,24.1627
2023-11-06,399454,10621014,26.65,26.65,26.5,26.55,-0.1,250,0.8982425576924671,23.9382,23.8483,23.8034,23.9382
2023-11-07,228302,6055258,26.55,26.7,26.45,26.55,0.0,158,0.8982425576924671,23.8483,23.8483,23.7585,23.9831
2023-11-08,257198,6825644,26.65,26.65,26.5,26.55,0.0,160,0.8982425576924671,23.9382,23.8483,23.8034,23.9382
2023-11-09,556490,14862542,26.6,26.8,26.6,26.8,0.25,260,0.8982425576924671,23.8933,24.0729,23.8933,24.0729
2023-11-10,256717,6877740,26.7,26.9,26.7,26.75,-0.05,180,0.8982425576924671,23.9831,24.028,23.9831,24.1627
2023-11-13,790828,20812577,26.6,26.6,26.2,26.35,-0.4,498,0.8982425576924671,23.8933,23.6687,23.534,23.8933
2023-11-14,647710,16908856,26.3,26.3,26.0,26.1,-0.25,470,0.8982425576924671,23.6238,23.4441,23.3543,23.6238
2023-11-15,685941,18103006,26.1,26.6,26.1,26.6,0.5,435,0.8982425576924671,23.4441,23.8933,23.4441,23.8933
2023-11-16,299771,7964557,26.65,26.65,26.45,26.65,0.05,219,0.8982425576924671,23.9382,23.9382,23.7585,23.9382
2023-11-17,306733,8160183,26.65,26.7,26.5,26.65,0.0,235,0.8982425576924671,23.9382,23.9382,23.8034,23.9831
2023-11-20,297159,7957960,26.65,26.9,26.65,26.75,0.1,253,0.8982425576924671,23.9382,24.028,23.9382,24.1627
2023-11-21,676957,18219997,26.8,27.1,26.65,27.0,0.25,384,0.8982425576924671,24.0729,24.2525,23.9382,24.3424
2023-11-22,518970,13929532,27.0,27.0,26.8,26.85,-0.15,374,0.8982425576924671,24.2525,24.1178,24.0729,24.2525
2023-11-23,224410,6022683,26.7,26.95,26.7,26.8,-0.05,247,0.8982425576924671,23.9831,24.0729,23.9831,24.2076
2023-11-24,386434,10376742,27.0,27.0,26.7,26.95,0.15,216,0.8982425576924671,24.2525,24.2076,23.9831,24.2525
2023-11-27,324746,8729910,26.95,27.05,26.8,26.8,-0.15,173,0.8982425576924671,24.2076,24.0729,24.0729,24.2975
2023-11-28,395361,10665698,26.8,27.05,26.8,26.9,0.1,250,0.8982425576924671,24.0729,24.1627,24.0729,24.2975
2023-11-29,243486,6554479,26.9,27.05,26.85,26.95,0.05,199,0.8982425576924671,24.1627,24.2076,24.1178,24.2975
2023-11-30,588282,15840525,27.0,27.0,26.75,27.0,0.05,255,0.8982425576924671,24.2525,24.2525,24.028,24.2525
2023-12-01,393050,10597616,27.0,27.05,26.9,27.0,0.0,237,0.8982425576924671,24.2525,24.2525,24.1627,24.2975
2023-12-04,244288,6590798,27.15,27.15,26.9,26.95,-0.05,180,0.8982425576924671,24.3873,24.2076,24.1627,24.3873
2023-12-05,640395,17305221,27.05,27.15,26.9,27.15,0.2,407,0.8982425576924671,24.2975,24.3873,24.1627,24.3873
2023-12-06,315073,8528641,27.05,27.15,27.0,27.1,-0.05,251,0.8982425576924671,24.2975,24.3424,24.2525,24.3873
2023-12-07,411198,11071780,27.2,27.2,26.85,26.85,-0.25,284,0.8982425576924671,24.4322,24.1178,24.1178,24.4322
2023-12-08,493423,13174217,26.8,26.95,26.6,26.75,-0.1,380,0.8982425576924671,24.0729,24.028,23.8933,24.2076
2023-12-11,323315,8584762,26.65,26.65,26.45,26.55,-0.2,209,0.8982425576924671,23.9382,23.8483,23.7585,23.9382
2023-12-12,606181,16004486,26.6,26.6,26.3,26.4,-0.15,403,0.8982425576924671,23.8933,23.7136,23.6238,23.8933
2023-12-13,352565,9315324,26.5,26.55,26.35,26.4,0.0,261,0.8982425576924671,23.8034,23.7136,23.6687,23.8483
2023-12-14,443996,11761737,26.4,26.55,26.35,26.45,0.05,313,0.8982425576924671,23.7136,23.7585,23.6687,23.8483
2023-12-15,3779347,103652944,26.5,27.85,26.5,27.3,0.85,2148,0.8982425576924671,23.8034,24.522,23.8034,25.0161
2023-12-18,1509111,41445894,27.5,27.75,27.3,27.3,0.0,1158,0.8982425576924671,24.7017,24.522,24.522,24.9262
2023-12-19,532763,14463944,27.5,27.55,26.85,27.3,0.0,479,0.8982425576924671,24.7017,24.522,24.1178,24.7466
2023-12-20,529396,14530477,27.4,27.7,27.3,27.55,0.25,389,0.8982425576924671,24.6118,24.7466,24.522,24.8813
2023-12-21,357777,9773720,27.45,27.45,27.2,27.2,-0.35,362,0.8982425576924671,24.6568,24.4322,24.4322,24.6568
2023-12-22,349594,9456534,27.3,27.3,26.95,27.15,-0.05,228,0.8982425576924671,24.522,24.3873,24.2076,24.522
2023-12-25,915890,25277439,27.3,27.9,27.3,27.4,0.25,474,0.8982425576924671,24.522,24.6118,24.522,25.061
2023-12-26,677267,18548892,27.4,27.45,27.3,27.4,0.0,294,0.8982425576924671,24.6118,24.6118,24.522,24.6568
2023-12-27,398660,10898814,27.5,27.5,27.2,27.2,-0.2,277,0.8982425576924671,24.7017,24.4322,24.4322,24.7017
2023-12-28,238023,6484886,27.15,27.45,27.15,27.25,0.05,170,0.8982425576924671,24.3873,24.4771,24.3873,24.6568
2023-12-29,329308,8946005,27.25,27.35,27.05,27.35,0.1,190,0.8982425576924671,24.4771,24.5669,24.2975,24.5669
2024-01-02,287305,7825636,27.3,27.35,27.1,27.1,-0.25,171,0.8982425576924671,24.522,24.3424,24.3424,24.5669
2024-01-03,431093,11616518,27.0,27.05,26.9,26.9,-0.2,284,0.8982425576924671,24.2525,24.1627,24.1627,24.2975
2024-01-04,241933,6515723,26.9,27.0,26.9,26.95,0.05,145,0.8982425576924671,24.1627,24.2076,24.1627,24.2525
2024-01-05,248230,6694486,26.9,27.05,26.9,27.05,0.1,187,0.8982425576924671,24.1627,24.2975,24.1627,24.2975
2024-01-08,156012,4221419,27.05,27.15,26.95,26.95,-0.1,127,0.8982425576924671,24.2975,24.2076,24.2076,24.3873
2024-01-09,301424,8112099,27.0,27.05,26.85,26.95,0.0,185,0.8982425576924671,24.2525,24.2076,24.1178,24.2975
2024-01-10,252019,6751817,26.85,26.85,26.7,26.75,-0.2,160,0.8982425576924671,24.1178,24.028,23.9831,24.1178
2024-01-11,326080,8726141,26.75,26.9,26.7,26.75,0.0,158,0.8982425576924671,24.028,24.028,23.9831,24.1627
2024-01-12,257091,6901319,26.65,27.0,26.65,27.0,0.25,179,0.8982425576924671,23.9382,24.2525,23.9382,24.2525
2024-01-15,192414,5159517,26.7,27.1,26.7,26.8,-0.2,170,0.8982425576924671,23.9831,24.0729,23.9831,24.3424
2024-01-16,556702,14824804,26.8,26.8,26.55,26.55,-0.25,427,0.8982425576924671,24.0729,23.8483,23.8483,24.0729
2024-01-17,643828,16950392,26.4,26.5,26.25,26.3,-0.25,465,0.8982425576924671,23.7136,23.6238,23.5789,23.8034
2024-01-18,462654,12133657,26.3,26.55,26.1,26.15,-0.15,238,0.8982425576924671,23.6238,23.489,23.4441,23.8483
2024-01-19,362176,9468453,26.15,26.3,26.05,26.3,0.15,205,0.8982425576924671,23.489,23.6238,23.3992,23.6238
2024-01-22,442638,11621955,26.3,26.4,26.15,26.35,0.05,213,0.8982425576924671,23.6238,23.6687,23.489,23.7136
2024-01-23,520975,13746352,26.55,26.6,26.25,26.45,0.1,236,0.8982425576924671,23.8483,23.7585,23.5789,23.8933
2024-01-24,277071,7318835,26.45,26.6,26.3,26.35,-0.1,210,0.8982425576924671,23.7585,23.6687,23.6238,23.8933
2024-01-25,232706,6126059,26.35,26.4,26.25,26.35,0.0,152,0.8982425576924671,23.6687,23.6687,23.5789,23.7136
2024-01-26,307403,8103579,26.35,26.5,26.3,26.45,0.1,185,0.8982425576924671,23.6687,23.7585,23.6238,23.8034
2024-01-29,146925,3878991,26.4,26.45,26.35,26.4,-0.05,142,0.8982425576924671,23.7136,23.7136,23.6687,23.7585
2024-01-30,532742,13951694,26.4,26.4,26.1,26.1,-0.3,358,0.8982425576924671,23.7136,23.4441,23.4441,23.7136
2024-01-31,511747,13339410,26.1,26.15,26.0,26.05,-0.05,273,0.8982425576924671,23.4441,23.3992,23.3543,23.489
2024-02-01,252752,6610163,26.35,26.4,26.05,26.15,0.1,173,0.8982425576924671,23.6687,23.489,23.3992,23.7136
2024-02-02,344761,9028955,26.05,26.25,26.05,26.1,-0.05,200,0.8982425576924671,23.3992,23.4441,23.3992,23.5789
2024-02-05,466849,12179870,26.1,26.15,26.05,26.05,-0.05,238,0.8982425576924671,23.4441,23.3992,23.3992,23.489
2024-02-15,793925,20432675,26.0,26.0,25.5,25.9,-0.15,560,0.8982425576924671,23.3543,23.2645,22.9052,23.3543
2024-02-16,415287,10775308,25.9,26.05,25.8,26.0,0.1,254,0.8982425576924671,23.2645,23.3543,23.1747,23.3992
2024-02-19,584910,15284499,26.0,26.35,26.0,26.25,0.25,321,0.8982425576924671,23.3543,23.5789,23.3543,23.6687
2024-02-20,487263,12727312,26.25,26.3,26.05,26.05,-0.2,277,0.8982425576924671,23.5789,23.3992,23.3992,23.6238
2024-02-21,284662,7433643,26.15,26.2,26.05,26.1,0.05,239,0.8982425576924671,23.489,23.4441,23.3992,23.534
2024-02-22,533498,13919435,26.1,26.15,26.05,26.1,0.0,286,0.8982425576924671,23.4441,23.4441,23.3992,23.489
2024-02-23,478378,12470632,26.15,26.2,26.0,26.05,-0.05,319,0.8982425576924671,23.489,23.3992,23.3543,23.534
2024-02-26,424614,11034473,25.95,26.1,25.9,25.95,-0.1,274,0.8982425576924671,23.3094,23.3094,23.2645,23.4441
2024-02-27,1115010,28667873,26.0,26.0,25.6,25.6,-0.35,703,0.8982425576924671,23.3543,22.995,22.995,23.3543
2024-02-29,695861,17837720,25.6,25.7,25.6,25.6,0.0,382,0.8982425576924671,22.995,22.995,22.995,23.0848
2024-03-01,616578,15749898,25.55,25.7,25.45,25.55,-0.05,385,0.8982425576924671,22.9501,22.9501,22.8603,23.0848
2024-03-04,1128503,28535418,25.55,25.55,25.2,25.2,-0.35,770,0.8982425576924671,22.9501,22.6357,22.6357,22.9501
2024-03-05,653966,16435828,25.2,25.2,25.05,25.15,-0.05,529,0.8982425576924671,22.6357,22.5908,22.501,22.6357
2024-03-06,416836,10492375,25.05,25.25,25.05,25.15,0.0,347,0.8982425576924671,22.501,22.5908,22.501,22.6806
2024-03-07,758474,19015844,25.1,25.2,25.0,25.1,-0.05,452,0.8982425576924671,22.5459,22.5459,22.4561,22.6357
2024-03-08,1231093,30744653,25.0,25.1,24.9,24.95,-0.15,770,0.8982425576924671,22.4561,22.4112,22.3662,22.5459
2024-03-11,839330,20843922,24.9,24.95,24.75,24.9,-0.05,484,0.8982425576924671,22.3662,22.3662,22.2315,22.4112
2024-03-12,547107,13612028,24.8,25.0,24.8,24.9,0.0,405,0.8982425576924671,22.2764,22.3662,22.2764,22.4561
2024-03-13,967744,23975637,24.95,24.95,24.7,24.8,-0.1,613,0.8982425576924671,22.4112,22.2764,22.1866,22.4112
2024-03-14,868831,21515394,24.8,24.85,24.6,24.85,0.05,503,0.8982425576924671,22.2764,22.3213,22.0968,22.3213
2024-03-15,438788,10916779,24.85,24.95,24.8,24.9,0.05,246,0.8982425576924671,22.3213,22.3662,22.2764,22.4112
2024-03-18,480327,11901963,24.9,24.9,24.75,24.8,-0.1,286,0.8982425576924671,22.3662,22.2764,22.2315,22.3662
2024-03-19,610149,15109984,24.75,24.95,24.7,24.75,-0.05,369,0.8982425576924671,22.2315,22.2315,22.1866,22.4112
2024-03-20,981962,24145316,24.75,24.75,24.5,24.55,-0.2,519,0.8982425576924671,22.2315,22.0519,22.0069,22.2315
2024-03-21,535367,13230709,24.6,24.85,24.55,24.8,0.25,280,0.8982425576924671,22.0968,22.2764,22.0519,22.3213
2024-03-22,466640,11578484,24.8,24.9,24.65,24.85,0.05,238,0.8982425576924671,22.2764,22.3213,22.1417,22.3662
2024-03-25,443060,11050321,24.85,25.05,24.85,25.05,0.2,283,0.8982425576924671,22.3213,22.501,22.3213,22.501
2024-03-26,561263,14040138,25.0,25.25,24.85,24.85,-0.2,360,0.8982425576924671,22.4561,22.3213,22.3213,22.6806
2024-03-27,313387,7831346,24.85,25.1,24.85,25.05,0.2,256,0.8982425576924671,22.3213,22.501,22.3213,22.5459
2024-03-28,519465,13058785,25.1,25.2,25.1,25.1,0.05,283,0.8982425576924671,22.5459,22.5459,22.5459,22.6357
2024-03-29,309539,7745062,25.15,25.15,24.95,25.1,0.0,227,0.8982425576924671,22.5908,22.5459,22.4112,22.5908
2024-04-01,325190,8192146,25.0,25.3,25.0,25.25,0.15,213,0.8982425576924671,22.4561,22.6806,22.4561,22.7255
2024-04-02,322505,8118659,25.2,25.3,25.05,25.25,0.0,176,0.8982425576924671,22.6357,22.6806,22.501,22.7255
2024-04-03,963245,24677130,25.4,26.2,25.3,25.35,0.1,583,0.8982425576924671,22.8154,22.7704,22.7255,23.534
2024-04-08,466936,11942081,25.4,25.7,25.35,25.6,0.25,358,0.8982425576924671,22.8154,22.995,22.7704,23.0848
2024-04-09,776549,20159049,25.6,26.1,25.5,26.0,0.4,641,0.8982425576924671,22.995,23.3543,22.9052,23.4441
2024-04-10,450730,11669139,26.25,26.25,25.7,25.75,-0.25,605,0.8982425576924671,23.5789,23.1297,23.0848,23.5789
2024-04-11,352737,9069642,25.75,25.85,25.65,25.7,-0.05,211,0.8982425576924671,23.1297,23.0848,23.0399,23.2196
2024-04-12,312010,7943887,25.6,25.6,25.4,25.5,-0.2,277,0.8982425576924671,22.995,22.9052,22.8154,22.995
2024-04-15,308023,7889116,25.6,26.0,25.45,25.45,-0.05,270,0.8982425576924671,22.995,22.8603,22.8603,23.3543
2024-04-16,628454,15818514,25.6,25.6,25.05,25.15,-0.3,421,0.8982425576924671,22.995,22.5908,22.501,22.995
2024-04-17,268004,6766035,25.15,25.35,25.05,25.2,0.05,237,0.8982425576924671,22.5908,22.6357,22.501,22.7704
2024-04-18,664389,16967057,25.2,25.8,25.15,25.6,0.4,463,0.8982425576924671,22.6357,22.995,22.5908,23.1747
2024-04-19,903064,22707969,25.7,25.7,24.85,25.2,-0.4,720,0.8982425576924671,23.0848,22.6357,22.3213,23.0848
2024-04-22,1179323,29649332,25.4,25.55,24.95,25.2,0.0,644,0.8982425576924671,22.8154,22.6357,22.4112,22.9501
2024-04-23,871732,21862821,25.4,25.5,24.95,25.15,-0.05,589,0.8982425576924671,22.8154,22.5908,22.4112,22.9052
2024-04-24,759758,19010379,25.35,25.35,24.9,25.05,-0.1,518,0.8982425576924671,22.7704,22.501,22.3662,22.7704
2024-04-25,231621,5798892,25.05,25.15,24.95,25.0,-0.05,182,0.8982425576924671,22.501,22.4561,22.4112,22.5908
2024-04-26,326415,8161001,25.0,25.1,24.9,25.0,0.0,263,0.8982425576924671,22.4561,22.4561,22.3662,22.5459
2024-04-29,630993,15951530,25.0,25.45,25.0,25.45,0.45,311,0.8982425576924671,22.4561,22.8603,22.4561,22.8603
2024-04-30,339448,8605556,25.35,25.45,25.25,25.4,-0.05,281,0.8982425576924671,22.7704,22.8154,22.6806,22.8603
2024-05-02,364616,9229333,25.4,25.45,25.2,25.4,0.0,261,0.8982425576924671,22.8154,22.8154,22.6357,22.8603
2024-05-03,568925,14522109,25.5,25.65,25.3,25.45,0.05,311,0.8982425576924671,22.9052,22.8603,22.7255,23.0399
2024-05-06,530845,13530234,25.45,25.6,25.35,25.45,0.0,320,0.8982425576924671,22.8603,22.8603,22.7704,22.995
2024-05-07,540365,13613249,25.45,25.45,25.1,25.2,-0.25,353,0.8982425576924671,22.8603,22.6357,22.5459,22.8603
2024-05-08,446202,11303965,25.2,25.45,25.15,25.45,0.25,335,0.8982425576924671,22.6357,22.8603,22.5908,22.8603
2024-05-09,745210,18874652,25.3,25.5,25.25,25.25,-0.2,426,0.8982425576924671,22.7255,22.6806,22.6806,22.9052
2024-05-10,326371,8254420,25.25,25.4,25.15,25.3,0.05,235,0.8982425576924671,22.6806,22.7255,22.5908,22.8154
2024-05-13,1081807,27477675,25.3,25.6,25.25,25.5,0.2,370,0.8982425576924671,22.7255,22.9052,22.6806,22.995
2024-05-14,509138,13001691,25.55,25.65,25.45,25.45,-0.05,392,0.8982425576924671,22.9501,22.8603,22.8603,23.0399
2024-05-15,526433,13448837,25.45,25.65,25.45,25.5,0.05,384,0.8982425576924671,22.8603,22.9052,22.8603,23.0399
2024-05-16,592410,15133825,25.75,25.75,25.45,25.6,0.1,449,0.8982425576924671,23.1297,22.995,22.8603,23.1297
2024-05-17,450148,11559511,25.7,25.75,25.5,25.75,0.15,339,0.8982425576924671,23.0848,23.1297,22.9052,23.1297
2024-05-20,3314639,87469795,26.0,26.6,26.0,26.2,0.45,2013,0.8982425576924671,23.3543,23.534,23.3543,23.8933
2024-05-21,1283740,33448414,26.5,26.5,25.85,26.0,-0.2,937,0.8982425576924671,23.8034,23.3543,23.2196,23.8034
2024-05-22,494271,12785341,26.0,26.0,25.8,25.85,-0.15,482,0.8982425576924671,23.3543,23.2196,23.1747,23.3543
2024-05-23,827935,21126238,25.9,25.9,25.4,25.45,-0.4,605,0.8982425576924671,23.2645,22.8603,22.8154,23.2645
2024-05-24,323560,8216343,25.25,25.55,25.25,25.35,-0.1,240,0.8982425576924671,22.6806,22.7704,22.6806,22.9501
2024-05-27,661878,16833149,25.3,25.6,25.3,25.4,0.05,407,0.8982425576924671,22.7255,22.8154,22.7255,22.995
2024-05-28,581567,14934952,25.4,25.85,25.4,25.8,0.4,400,0.8982425576924671,22.8154,23.1747,22.8154,23.2196
2024-05-29,386043,9904512,25.7,25.9,25.5,25.75,-0.05,272,0.8982425576924671,23.0848,23.1297,22.9052,23.2645
2024-05-30,314420,8053739,25.8,25.8,25.5,25.5,-0.25,226,0.8982425576924671,23.1747,22.9052,22.9052,23.1747
2024-05-31,296282,7578232,25.55,25.7,25.45,25.55,0.05,174,0.8982425576924671,22.9501,22.9501,22.8603,23.0848
2024-06-03,394021,10036785,25.5,25.55,25.4,25.4,-0.15,263,0.8982425576924671,22.9052,22.8154,22.8154,22.9501
2024-06-04,249039,6345710,25.4,25.6,25.35,25.6,0.2,167,0.8982425576924671,22.8154,22.995,22.7704,22.995
2024-06-05,283140,7217079,25.7,25.7,25.35,25.4,-0.2,183,0.8982425576924671,23.0848,22.8154,22.7704,23.0848
2024-06-06,334044,8465814,25.35,25.45,25.3,25.35,-0.05,205,0.8982425576924671,22.7704,22.7704,22.7255,22.8603
2024-06-07,356672,9059194,25.4,25.55,25.25,25.45,0.1,208,0.8982425576924671,22.8154,22.8603,22.6806,22.9501
2024-06-11,378938,9618468,25.45,25.5,25.3,25.3,-0.15,289,0.8982425576924671,22.8603,22.7255,22.7255,22.9052
2024-06-12,574273,14482509,25.35,25.35,25.15,25.15,-0.15,340,0.8982425576924671,22.7704,22.5908,22.5908,22.7704
2024-06-13,347622,8766162,25.35,25.35,25.1,25.2,0.05,231,0.8982425576924671,22.7704,22.6357,22.5459,22.7704
2024-06-14,308485,7789482,25.2,25.3,25.2,25.3,0.1,208,0.8982425576924671,22.6357,22.7255,22.6357,22.7255
2024-06-17,407296,10322838,25.3,25.45,25.3,25.3,0.0,231,0.8982425576924671,22.7255,22.7255,22.7255,22.8603
2024-06-18,350753,8880190,25.55,25.55,25.25,25.35,0.05,282,0.8982425576924671,22.9501,22.7704,22.6806,22.9501
2024-06-19,509921,12919564,25.35,25.45,25.25,25.3,-0.05,349,0.8982425576924671,22.7704,22.7255,22.6806,22.8603
2024-06-20,414566,10540852,25.4,25.5,25.35,25.4,0.1,309,0.8982425576924671,22.8154,22.8154,22.7704,22.9052
2024-06-21,1008479,25878383,25.35,25.8,25.35,25.8,0.4,363,0.8982425576924671,22.7704,23.1747,22.7704,23.1747
2024-06-24,430602,11004667,25.8,25.8,25.45,25.6,-0.2,323,0.8982425576924671,23.1747,22.995,22.8603,23.1747
2024-06-25,240959,6148120,25.75,25.75,25.4,25.6,0.0,187,0.8982425576924671,23.1297,22.995,22.8154,23.1297
2024-06-26,262872,6705524,25.6,25.65,25.4,25.4,-0.2,279,0.8982425576924671,22.995,22.8154,22.8154,23.0399
2024-06-27,303079,7669932,25.4,25.4,25.25,25.3,-0.1,202,0.8982425576924671,22.8154,22.7255,22.6806,22.8154
2024-06-28,269023,6811947,25.2,25.45,25.2,25.3,0.0,173,0.8982425576924671,22.6357,22.7255,22.6357,22.8603
2024-07-01,175323,4448508,25.5,25.5,25.3,25.35,0.05,139,0.8982425576924671,22.9052,22.7704,22.7255,22.9052
2024-07-02,635655,16660114,25.25,25.4,25.2,25.3,-0.05,221,0.8982425576924671,22.6806,22.7255,22.6357,22.8154
2024-07-03,222021,5635052,25.3,25.5,25.25,25.35,0.05,174,0.8982425576924671,22.7255,22.7704,22.6806,22.9052
2024-07-04,372273,9478224,25.45,25.55,25.35,25.45,0.1,252,0.8982425576924671,22.8603,22.8603,22.7704,22.9501
2024-07-05,319021,8121844,25.45,25.5,25.4,25.45,0.0,208,0.8982425576924671,22.8603,22.8603,22.8154,22.9052
2024-07-08,466492,11904174,25.5,25.6,25.4,25.6,0.15,331,0.8982425576924671,22.9052,22.995,22.8154,22.995
2024-07-09,757261,19305586,25.6,25.65,25.35,25.45,-0.15,432,0.8982425576924671,22.995,22.8603,22.7704,23.0399
2024-07-10,343725,8729578,25.45,25.45,25.3,25.35,-0.1,183,0.8982425576924671,22.8603,22.7704,22.7255,22.8603
2024-07-11,386300,9800460,25.35,25.45,25.3,25.4,0.05,241,0.8982425576924671,22.7704,22.8154,22.7255,22.8603
2024-07-12,600198,15265994,25.4,25.55,25.35,25.45,0.05,522,0.8982425576924671,22.8154,22.8603,22.7704,22.9501
2024-07-15,597353,15108240,25.45,25.45,25.2,25.25,-0.2,484,0.8982425576924671,22.8603,22.6806,22.6357,22.8603
2024-07-16,341423,8637521,25.35,25.4,25.25,25.25,0.0,271,0.8982425576924671,22.7704,22.6806,22.6806,22.8154
2024-07-17,383723,9728135,25.25,25.5,25.25,25.5,0.25,284,0.8982425576924671,22.6806,22.9052,22.6806,22.9052
2024-07-18,744539,19016305,25.45,25.7,25.35,25.6,0.1,430,0.8982425576924671,22.8603,22.995,22.7704,23.0848
2024-07-19,893944,22689722,25.6,25.6,25.25,25.4,-0.2,392,0.8982425576924671,22.995,22.8154,22.6806,22.995
2024-07-22,754745,19024547,25.35,25.4,25.1,25.15,-0.25,434,0.8982425576924671,22.7704,22.5908,22.5459,22.8154
2024-07-23,529343,13405385,25.15,25.45,25.15,25.3,0.15,242,0.8982425576924671,22.5908,22.7255,22.5908,22.8603
2024-07-26,756109,18309962,24.5,24.5,24.0,24.2,0.0,520,0.9352072720007991,22.9126,22.632,22.445,22.9126
2024-07-29,431629,10463181,24.2,24.3,24.2,24.2,0.0,289,0.9352072720007991,22.632,22.632,22.632,22.7255
2024-07-30,378305,9123958,24.2,24.3,24.05,24.1,-0.1,274,0.9352072720007991,22.632,22.5385,22.4917,22.7255
2024-07-31,402864,9699234,24.1,24.2,24.05,24.05,-0.05,256,0.9352072720007991,22.5385,22.4917,22.4917,22.632
2024-08-01,378858,9238487,24.15,24.5,24.1,24.5,0.45,274,0.9352072720007991,22.5853,22.9126,22.5385,22.9126
2024-08-02,314643,7612909,24.25,24.3,24.15,24.15,-0.35,272,0.9352072720007991,22.6788,22.5853,22.5853,22.7255
2024-08-05,1695151,39131202,24.0,24.0,22.8,22.95,-1.2,1042,0.9352072720007991,22.445,21.463,21.3227,22.445
2024-08-06,910152,20931347,23.0,23.5,22.45,23.35,0.4,578,0.9352072720007991,21.5098,21.8371,20.9954,21.9774
2024-08-07,269523,6367851,23.2,23.8,23.2,23.7,0.35,226,0.9352072720007991,21.6968,22.1644,21.6968,22.2579
2024-08-08,372508,8821476,23.5,23.85,23.35,23.75,0.05,228,0.9352072720007991,21.9774,22.2112,21.8371,22.3047
2024-08-09,402534,9630336,23.7,24.2,23.7,23.8,0.05,251,0.9352072720007991,22.1644,22.2579,22.1644,22.632
2024-08-12,227833,5436867,23.65,24.25,23.65,23.7,-0.1,167,0.9352072720007991,22.1177,22.1644,22.1177,22.6788
2024-08-13,336604,7934496,23.7,23.7,23.45,23.45,-0.25,180,0.9352072720007991,22.1644,21.9306,21.9306,22.1644
2024-08-14,645368,15074993,23.45,23.55,23.2,23.45,0.0,455,0.9352072720007991,21.9306,21.9306,21.6968,22.0241
2024-08-15,221060,5167571,23.5,23.5,23.3,23.3,-0.15,153,0.9352072720007991,21.9774,21.7903,21.7903,21.9774
2024-08-16,649453,14614434,23.45,23.45,23.2,23.2,-0.1,345,0.9352072720007991,21.9306,21.6968,21.6968,21.9306
2024-08-19,476374,10998875,23.25,23.25,23.0,23.0,-0.2,405,0.9352072720007991,21.7436,21.5098,21.5098,21.7436
2024-08-20,636590,14599014,23.0,23.0,22.8,22.9,-0.1,388,0.9352072720007991,21.5098,21.4162,21.3227,21.5098
2024-08-21,611944,13937119,22.9,23.0,22.7,22.8,-0.1,365,0.9352072720007991,21.4162,21.3227,21.2292,21.5098
2024-08-22,341751,7820281,22.75,23.0,22.7,23.0,0.2,222,0.9352072720007991,21.276,21.5098,21.2292,21.5098
2024-08-23,485946,11106907,23.1,23.1,22.7,22.9,-0.1,327,0.9352072720007991,21.6033,21.4162,21.2292,21.6033
2024-08-26,287065,6623997,22.9,23.2,22.9,23.05,0.15,205,0.9352072720007991,21.4162,21.5565,21.4162,21.6968
2024-08-27,225252,5195569,23.05,23.15,23.0,23.1,0.05,177,0.9352072720007991,21.5565,21.6033,21.5098,21.65
2024-08-28,340864,7920344,23.1,23.3,23.1,23.25,0.15,213,0.9352072720007991,21.6033,21.7436,21.6033,21.7903
2024-08-29,395449,9134988,23.25,23.3,23.0,23.1,-0.15,274,0.9352072720007991,21.7436,21.6033,21.5098,21.7903
2024-08-30,849471,19972366,23.1,23.75,23.1,23.75,0.65,502,0.9352072720007991,21.6033,22.2112,21.6033,22.2112
2024-09-02,169720,4004126,23.75,23.8,23.5,23.6,-0.15,141,0.9352072720007991,22.2112,22.0709,21.9774,22.2579
2024-09-03,202168,4742115,23.6,23.65,23.35,23.35,-0.25,162,0.9352072720007991,22.0709,21.8371,21.8371,22.1177
2024-09-04,828145,18938812,23.2,23.2,22.5,22.75,-0.6,510,0.9352072720007991,21.6968,21.276,21.0422,21.6968
2024-09-05,460170,10446441,22.8,22.9,22.55,22.55,-0.2,306,0.9352072720007991,21.3227,21.0889,21.0889,21.4162
2024-09-06,463530,10394022,22.55,22.55,22.3,22.5,-0.05,292,0.9352072720007991,21.0889,21.0422,20.8551,21.0889
2024-09-09,593330,13070686,22.1,22.15,21.9,22.1,-0.4,397,0.9352072720007991,20.6681,20.6681,20.481,20.7148
2024-09-10,592403,13069271,22.1,22.25,22.0,22.0,-0.1,317,0.9352072720007991,20.6681,20.5746,20.5746,20.8084
2024-09-11,490557,10860765,22.15,22.35,21.95,22.15,0.15,298,0.9352072720007991,20.7148,20.7148,20.5278,20.9019
2024-09-12,270387,6052395,22.35,22.55,22.25,22.35,0.2,205,0.9352072720007991,20.9019,20.9019,20.8084,21.0889
2024-09-13,235747,5300026,22.2,22.6,22.2,22.55,0.2,149,0.9352072720007991,20.7616,21.0889,20.7616,21.1357
2024-09-16,446939,10254970,22.55,23.15,22.5,23.0,0.45,284,0.9352072720007991,21.0889,21.5098,21.0422,21.65
2024-09-18,345525,7947012,22.85,23.15,22.85,23.05,0.05,266,0.9352072720007991,21.3695,21.5565,21.3695,21.65
2024-09-19,561765,13088831,23.3,23.5,23.15,23.3,0.25,406,0.9352072720007991,21.7903,21.7903,21.65,21.9774
2024-09-20,583888,13690427,23.55,23.65,23.2,23.65,0.35,367,0.9352072720007991,22.0241,22.1177,21.6968,22.1177
2024-09-23,296786,6957870,23.65,23.7,23.3,23.3,-0.35,366,0.9352072720007991,22.1177,21.7903,21.7903,22.1644
2024-09-24,443976,10427200,23.3,23.6,23.3,23.6,0.3,277,0.9352072720007991,21.7903,22.0709,21.7903,22.0709
2024-09-25,372499,8800382,23.5,23.75,23.5,23.6,0.0,264,0.9352072720007991,21.9774,22.0709,21.9774,22.2112
2024-09-26,528472,12534858,23.7,23.8,23.65,23.75,0.15,344,0.9352072720007991,22.1644,22.2112,22.1177,22.2579
2024-09-27,1910783,46719596,23.95,24.95,23.7,24.7,0.95,1246,0.9352072720007991,22.3982,23.0996,22.1644,23.3334
2024-09-30,431201,10544485,24.65,24.8,24.25,24.4,-0.3,526,0.9352072720007991,23.0529,22.8191,22.6788,23.1931
2024-10-01,1221783,30326420,24.75,24.95,24.55,24.8,0.4,722,0.9352072720007991,23.1464,23.1931,22.9593,23.3334
2024-10-04,1757198,43863813,24.6,25.1,24.6,25.1,0.3,832,0.9352072720007991,23.0061,23.4737,23.0061,23.4737
2024-10-07,1410591,34054605,24.95,24.95,23.9,24.05,-1.05,1469,0.9352072720007991,23.3334,22.4917,22.3515,23.3334
2024-10-08,771210,18427146,23.85,24.25,23.7,23.75,-0.3,648,0.9352072720007991,22.3047,22.2112,22.1644,22.6788
2024-10-09,962673,22484854,23.6,23.65,23.1,23.3,-0.45,479,0.9352072720007991,22.0709,21.7903,21.6033,22.1177
2024-10-11,361138,8506143,23.7,23.75,23.35,23.5,0.2,236,0.9352072720007991,22.1644,21.9774,21.8371,22.2112
2024-10-14,392898,9125364,23.1,23.55,23.1,23.2,0.0,289,0.9530516431924883,22.0155,22.1108,22.0155,22.4444
2024-10-15,765095,17531741,23.25,23.25,22.8,22.85,-0.35,451,0.9530516431924883,22.1585,21.7772,21.7296,22.1585
2024-10-16,1552363,35813309,22.95,23.15,22.8,23.1,0.25,393,0.9530516431924883,21.8725,22.0155,21.7296,22.0631
2024-10-17,433801,9972101,23.1,23.2,22.85,22.95,-0.15,352,0.9530516431924883,22.0155,21.8725,21.7772,22.1108
2024-10-18,263087,6063038,22.95,23.2,22.85,23.05,0.1,214,0.9530516431924883,21.8725,21.9678,21.7772,22.1108
2024-10-21,629839,14343232,23.15,23.15,22.55,22.75,-0.3,482,0.9530516431924883,22.0631,21.6819,21.4913,22.0631
2024-10-22,696641,15688824,22.8,22.8,22.4,22.45,-0.3,555,0.9530516431924883,21.7296,21.396,21.3484,21.7296
2024-10-23,1274067,28335105,22.45,22.5,22.0,22.35,-0.1,792,0.9530516431924883,21.396,21.3007,20.9671,21.4437
2024-10-24,888194,19623555,22.35,22.35,22.0,22.05,-0.3,681,0.9530516431924883,21.3007,21.0148,20.9671,21.3007
2024-10-25,430398,9514102,22.1,22.15,22.05,22.1,0.05,371,0.9530516431924883,21.0624,21.0624,21.0148,21.1101
2024-10-28,786531,17354146,22.05,22.3,21.95,22.15,0.05,595,0.9530516431924883,21.0148,21.1101,20.9195,21.2531
2024-10-29,767113,16794628,22.15,22.15,21.75,21.85,-0.3,610,0.9530516431924883,21.1101,20.8242,20.7289,21.1101
2024-10-30,528128,11454689,21.85,21.9,21.6,21.7,-0.15,507,0.9530516431924883,20.8242,20.6812,20.5859,20.8718
2024-11-01,583930,12762795,21.5,22.1,21.4,22.05,0.35,469,0.9530516431924883,20.4906,21.0148,20.3953,21.0624
2024-11-04,309286,6782770,22.0,22.1,21.8,21.9,-0.15,242,0.9530516431924883,20.9671,20.8718,20.7765,21.0624
2024-11-05,263278,5765984,21.9,22.05,21.8,21.9,0.0,213,0.9530516431924883,20.8718,20.8718,20.7765,21.0148
2024-11-06,427083,9339709,21.9,22.0,21.75,21.85,-0.05,278,0.9530516431924883,20.8718,20.8242,20.7289,20.9671
2024-11-07,912766,20355847,22.0,22.7,22.0,22.15,0.3,635,0.9530516431924883,20.9671,21.1101,20.9671,21.6343
2024-11-08,3400697,72966092,21.5,21.75,21.2,21.35,-0.8,3015,0.9530516431924883,20.4906,20.3477,20.2047,20.7289
2024-11-11,2917445,59918338,21.0,21.0,20.3,20.5,-0.85,1921,0.9530516431924883,20.0141,19.5376,19.3469,20.0141
2024-11-12,2330998,46877008,20.2,20.2,20.05,20.05,-0.45,1434,0.9530516431924883,19.2516,19.1087,19.1087,19.2516
2024-11-13,2109248,42275778,20.0,20.2,19.9,19.9,-0.15,1182,0.9530516431924883,19.061,18.9657,18.9657,19.2516
2024-11-14,2334100,45828093,19.9,20.05,19.35,19.35,-0.55,1587,0.9530516431924883,18.9657,18.4415,18.4415,19.1087
2024-11-15,1793269,35514841,19.4,20.0,19.4,19.7,0.35,945,0.9530516431924883,18.4892,18.7751,18.4892,19.061
2024-11-18,1076238,21344423,19.95,20.05,19.7,19.7,0.0,697,0.9530516431924883,19.0134,18.7751,18.7751,19.1087
2024-11-19,580606,11514670,19.7,19.95,19.7,19.9,0.2,489,0.9530516431924883,18.7751,18.9657,18.7751,19.0134
2024-11-20,811497,16029235,19.9,19.95,19.55,19.9,0.0,583,0.9530516431924883,18.9657,18.9657,18.6322,19.0134
2024-11-21,621165,12279541,19.75,19.9,19.6,19.85,-0.05,486,0.9530516431924883,18.8228,18.9181,18.6798,18.9657
2024-11-22,504133,10050562,19.85,20.05,19.8,19.85,0.0,377,0.9530516431924883,18.9181,18.9181,18.8704,19.1087
2024-11-25,9625734,198935788,20.05,21.2,20.05,20.65,0.8,1746,0.9530516431924883,19.1087,19.6805,19.1087,20.2047
2024-11-26,1511212,31319536,20.35,21.05,20.25,20.65,0.0,764,0.9530516431924883,19.3946,19.6805,19.2993,20.0617
2024-11-27,640704,13156097,20.7,20.7,20.4,20.4,-0.25,428,0.9530516431924883,19.7282,19.4423,19.4423,19.7282
2024-11-28,609612,12482454,20.6,20.7,20.2,20.45,0.05,577,0.9530516431924883,19.6329,19.4899,19.2516,19.7282
2024-11-29,314110,6383475,20.35,20.4,20.25,20.25,-0.2,397,0.9530516431924883,19.3946,19.2993,19.2993,19.4423
2024-12-02,353808,7158257,20.15,20.5,20.05,20.2,-0.05,316,0.9530516431924883,19.204,19.2516,19.1087,19.5376
2024-12-03,2776952,54912353,20.05,20.1,19.55,19.55,-0.65,1370,0.9530516431924883,19.1087,18.6322,18.6322,19.1563
2024-12-04,870568,17414278,19.8,20.25,19.8,20.05,0.5,505,0.9530516431924883,18.8704,19.1087,18.8704,19.2993
2024-12-05,570319,11340822,20.1,20.1,19.75,19.85,-0.2,500,0.9530516431924883,19.1563,18.9181,18.8228,19.1563
2024-12-06,570052,11366461,19.85,20.05,19.85,19.85,0.0,386,0.9530516431924883,18.9181,18.9181,18.9181,19.1087
2024-12-09,1188040,24227903,20.0,20.65,20.0,20.6,0.75,848,0.9530516431924883,19.061,19.6329,19.061,19.6805
2024-12-10,1307766,27307132,20.6,21.15,20.5,20.7,0.1,753,0.9530516431924883,19.6329,19.7282,19.5376,20.157
2024-12-11,936381,19437120,20.65,20.9,20.45,20.75,0.05,529,0.9530516431924883,19.6805,19.7758,19.4899,19.9188
2024-12-12,935096,19723073,20.8,21.3,20.75,21.0,0.25,627,0.9530516431924883,19.8235,20.0141,19.7758,20.3
2024-12-13,745577,15228523,20.8,20.85,20.25,20.3,-0.7,642,0.9530516431924883,19.8235,19.3469,19.2993,19.8711
2024-12-16,668627,13743901,20.4,20.7,20.4,20.45,0.15,433,0.9530516431924883,19.4423,19.4899,19.4423,19.7282
2024-12-17,380905,7765351,20.5,20.55,20.3,20.35,-0.1,313,0.9530516431924883,19.5376,19.3946,19.3469,19.5852
2024-12-18,829322,16765247,20.3,20.4,20.1,20.3,-0.05,413,0.9530516431924883,19.3469,19.3469,19.1563,19.4423
2024-12-19,672802,13498763,20.0,20.15,19.95,20.15,-0.15,500,0.9530516431924883,19.061,19.204,19.0134,19.204
2024-12-20,2899997,57174794,19.95,20.2,19.65,19.65,-0.5,734,0.9530516431924883,19.0134,18.7275,18.7275,19.2516
2024-12-23,482431,9566616,19.65,20.0,19.65,19.85,0.2,350,0.9530516431924883,18.7275,18.9181,18.7275,19.061
2024-12-24,256199,5135542,19.85,20.25,19.85,19.9,0.05,199,0.9530516431924883,18.9181,18.9657,18.9181,19.2993
2024-12-25,133914,2678128,20.1,20.15,19.85,20.05,0.15,132,0.9530516431924883,19.1563,19.1087,18.9181,19.204
2024-12-26,273597,5495699,19.95,20.35,19.95,20.0,-0.05,186,0.9530516431924883,19.0134,19.061,19.0134,19.3946
2024-12-27,247220,4919550,20.0,20.0,19.85,19.9,-0.1,232,0.9530516431924883,19.061,18.9657,18.9181,19.061
2024-12-30,221764,4393932,19.9,19.9,19.75,19.8,-0.1,169,0.9530516431924883,18.9657,18.8704,18.8228,18.9657
2024-12-31,1060493,20702499,19.8,19.8,19.4,19.55,-0.25,570,0.9530516431924883,18.8704,18.6322,18.4892,18.8704
2025-01-02,541213,10488972,19.5,19.55,19.2,19.4,-0.15,361,0.9530516431924883,18.5845,18.4892,18.2986,18.6322
2025-01-03,517630,10010565,19.4,19.6,19.2,19.2,-0.2,375,0.9530516431924883,18.4892,18.2986,18.2986,18.6798
2025-01-06,640238,12353057,19.45,19.5,19.05,19.2,0.0,422,0.9530516431924883,18.5369,18.2986,18.1556,18.5845
2025-01-07,1310879,24907271,19.2,19.25,18.85,18.85,-0.35,785,0.9530516431924883,18.2986,17.965,17.965,18.3462
2025-01-08,1355273,25299269,18.85,18.85,18.55,18.6,-0.25,708,0.9530516431924883,17.965,17.7268,17.6791,17.965
2025-01-09,1140146,21183336,18.65,18.9,18.4,18.45,-0.15,612,0.9530516431924883,17.7744,17.5838,17.5362,18.0127
2025-01-10,857325,15771673,18.3,18.65,18.3,18.6,0.15,373,0.9530516431924883,17.4408,17.7268,17.4408,17.7744
2025-01-13,915417,16724791,18.45,18.45,18.15,18.45,-0.15,525,0.9530516431924883,17.5838,17.5838,17.2979,17.5838
2025-01-14,826136,15367168,18.45,18.8,18.4,18.7,0.25,437,0.9530516431924883,17.5838,17.8221,17.5362,17.9174
2025-01-15,676203,12994035,18.7,19.4,18.7,19.2,0.5,426,0.9530516431924883,17.8221,18.2986,17.8221,18.4892
2025-01-16,541261,10482086,19.6,19.7,19.2,19.25,0.05,345,0.9530516431924883,18.6798,18.3462,18.2986,18.7751
2025-01-17,578793,11348210,19.25,19.75,19.25,19.65,0.4,400,0.9530516431924883,18.3462,18.7275,18.3462,18.8228
2025-01-20,479898,9473232,19.7,19.9,19.45,19.85,0.2,279,0.9530516431924883,18.7751,18.9181,18.5369,18.9657
2025-01-21,686983,13818607,19.85,20.35,19.8,20.05,0.2,378,0.9530516431924883,18.9181,19.1087,18.8704,19.3946
2025-01-22,781925,15680630,20.05,20.2,19.9,20.2,0.15,358,0.9530516431924883,19.1087,19.2516,18.9657,19.2516
2025-02-03,812411,16426422,20.15,20.4,20.0,20.3,0.1,555,0.9530516431924883,19.204,19.3469,19.061,19.4423
2025-02-04,997467,20548409,20.3,20.8,20.05,20.65,0.35,573,0.9530516431924883,19.3469,19.6805,19.1087,19.8235
2025-02-05,758081,15647679,20.7,20.95,20.3,20.3,-0.35,603,0.9530516431924883,19.7282,19.3469,19.3469,19.9664
2025-02-06,500572,10226948,20.4,20.6,20.3,20.5,0.2,295,0.9530516431924883,19.4423,19.5376,19.3469,19.6329
2025-02-07,531816,10743201,20.5,20.6,20.1,20.1,-0.4,434,0.9530516431924883,19.5376,19.1563,19.1563,19.6329
2025-02-10,3660862,77402031,20.0,21.65,20.0,21.15,1.05,2023,0.9530516431924883,19.061,20.157,19.061,20.6336
2025-02-11,1405383,29448451,21.1,21.3,20.55,20.75,-0.4,1191,0.9530516431924883,20.1094,19.7758,19.5852,20.3
2025-02-12,475159,9832560,20.75,20.95,20.55,20.75,0.0,341,0.9530516431924883,19.7758,19.7758,19.5852,19.9664
2025-02-13,5369079,121334008,21.0,22.8,21.0,22.8,2.05,2362,0.9530516431924883,20.0141,21.7296,20.0141,21.7296
2025-02-14,28634843,712792485,24.85,25.05,24.0,25.05,2.25,14076,0.9530516431924883,23.6833,23.8739,22.8732,23.8739
2025-02-17,19841795,491183668,24.95,25.3,24.15,24.6,-0.45,8918,0.9530516431924883,23.7786,23.4451,23.0162,24.1122
2025-02-18,29718674,775807996,25.0,27.05,24.5,26.65,2.05,13468,0.9530516431924883,23.8263,25.3988,23.3498,25.78
2025-02-19,31812970,871694925,26.65,28.2,26.25,27.3,0.65,13632,0.9530516431924883,25.3988,26.0183,25.0176,26.8761
2025-02-20,21623098,581961489,27.35,28.15,26.1,26.65,-0.65,9769,0.9530516431924883,26.066,25.3988,24.8746,26.8284
2025-02-21,13424639,344681596,26.35,26.65,25.0,25.6,-1.05,6129,0.9530516431924883,25.1129,24.3981,23.8263,25.3988
2025-02-24,13402044,352590317,25.55,27.2,25.4,26.75,1.15,7264,0.9530516431924883,24.3505,25.4941,24.2075,25.923
2025-02-25,31468048,858360853,26.65,28.0,26.1,27.2,0.45,14329,0.9530516431924883,25.3988,25.923,24.8746,26.6854
2025-02-26,29891877,833578467,28.2,28.95,27.05,27.55,0.35,14517,0.9530516431924883,26.8761,26.2566,25.78,27.5908
2025-02-27,24383493,681451431,27.3,28.75,27.05,27.55,0.0,12178,0.9530516431924883,26.0183,26.2566,25.78,27.4002
2025-03-03,10072181,268003382,25.7,27.4,25.65,27.0,-0.55,5445,0.9530516431924883,24.4934,25.7324,24.4458,26.1136
2025-03-04,6442636,170778265,26.6,27.0,26.2,26.45,-0.55,3702,0.9530516431924883,25.3512,25.2082,24.97,25.7324
2025-03-05,9903821,267574406,26.7,27.55,26.2,27.1,0.65,5646,0.9530516431924883,25.4465,25.8277,24.97,26.2566
2025-03-06,4728280,126642727,26.95,27.15,26.6,26.7,-0.4,3286,0.9530516431924883,25.6847,25.4465,25.3512,25.8754
2025-03-07,5763453,153212628,26.5,27.2,26.25,26.35,-0.35,3440,0.9530516431924883,25.2559,25.1129,25.0176,25.923
2025-03-10,5509484,148290650,26.3,27.3,26.3,26.85,0.5,3272,0.9530516431924883,25.0653,25.5894,25.0653,26.0183
2025-03-11,4368324,115493683,26.65,26.85,25.95,26.7,-0.15,2549,0.9530516431924883,25.3988,25.4465,24.7317,25.5894
2025-03-12,10867187,295455408,27.35,27.95,26.7,27.05,0.35,5852,0.9530516431924883,26.066,25.78,25.4465,26.6378
2025-03-13,5929153,156546300,27.15,27.35,25.9,25.9,-1.15,3775,0.9530516431924883,25.8754,24.684,24.684,26.066
2025-03-14,5090026,134944675,26.3,26.85,26.25,26.4,0.5,2670,0.9530516431924883,25.0653,25.1606,25.0176,25.5894
2025-03-17,2506077,66217619,26.65,26.7,26.2,26.3,-0.1,1772,0.9530516431924883,25.3988,25.0653,24.97,25.4465
2025-03-18,9546591,258972172,26.85,27.45,26.45,27.35,1.05,4537,0.9530516431924883,25.5894,26.066,25.2082,26.1613
2025-03-19,6156660,166873917,27.5,27.5,26.75,27.1,-0.25,3232,0.9530516431924883,26.2089,25.8277,25.4941,26.2089
2025-03-20,3609787,97191927,27.2,27.35,26.7,26.8,-0.3,2337,0.9530516431924883,25.923,25.5418,25.4465,26.066
2025-03-21,5183337,135603431,26.85,26.85,25.85,25.85,-0.95,3042,0.9530516431924883,25.5894,24.6364,24.6364,25.5894
2025-03-24,2966384,76805777,25.9,26.25,25.65,25.7,-0.15,1447,0.9530516431924883,24.684,24.4934,24.4458,25.0176
2025-03-25,4968605,125421776,25.9,25.9,24.95,25.1,-0.6,2490,0.9530516431924883,24.684,23.9216,23.7786,24.684
2025-03-26,1802260,45686623,25.1,25.6,25.05,25.45,0.35,956,0.9530516431924883,23.9216,24.2552,23.8739,24.3981
2025-03-27,1788271,45846822,25.5,25.9,25.25,25.55,0.1,1081,0.9530516431924883,24.3028,24.3505,24.0646,24.684
2025-03-28,4138677,102535390,25.4,25.55,24.45,24.9,-0.65,1900,0.9530516431924883,24.2075,23.731,23.3021,24.3505
2025-03-31,2581637,62677099,24.55,24.75,24.0,24.15,-0.75,1403,0.9530516431924883,23.3974,23.0162,22.8732,23.588
2025-04-01,1156723,28364872,24.25,24.75,24.15,24.65,0.5,749,0.9530516431924883,23.1115,23.4927,23.0162,23.588
2025-04-02,891302,21773721,24.7,24.7,24.2,24.4,-0.25,510,0.9530516431924883,23.5404,23.2545,23.0638,23.5404
2025-04-07,578419,12725218,22.0,22.0,22.0,22.0,-2.4,318,0.9530516431924883,20.9671,20.9671,20.9671,20.9671
2025-04-08,6145264,123950277,19.8,20.85,19.8,20.35,-1.65,2709,0.9530516431924883,18.8704,19.3946,18.8704,19.8711
2025-04-09,5863633,112800753,19.8,20.25,18.5,18.8,-1.55,2448,0.9530516431924883,18.8704,17.9174,17.6315,19.2993
2025-04-10,790489,16323585,20.65,20.65,20.65,20.65,1.85,364,0.9530516431924883,19.6805,19.6805,19.6805,19.6805
2025-04-11,2882536,57924328,20.6,20.6,19.6,20.3,-0.35,1136,0.9530516431924883,19.6329,19.3469,18.6798,19.6329
2025-04-14,2107479,43973821,20.7,21.1,20.65,20.75,0.45,964,0.9530516431924883,19.7282,19.7758,19.6805,20.1094
2025-04-15,1615496,33960274,21.15,21.2,20.8,21.0,0.25,815,0.9530516431924883,20.157,20.0141,19.8235,20.2047
2025-04-16,1513374,30990048,21.1,21.1,20.25,20.3,-0.7,877,0.9530516431924883,20.1094,19.3469,19.2993,20.1094
2025-04-17,1288964,25941493,20.2,20.3,20.0,20.1,-0.2,578,0.9530516431924883,19.2516,19.1563,19.061,19.3469
2025-04-18,851069,17089522,20.2,20.3,19.95,20.0,-0.1,502,0.9530516431924883,19.2516,19.061,19.0134,19.3469
2025-04-21,1093251,21656770,20.1,20.1,19.65,19.7,-0.3,656,0.9530516431924883,19.1563,18.7751,18.7275,19.1563
2025-04-22,818400,16193898,19.6,19.95,19.4,19.8,0.1,474,0.9530516431924883,18.6798,18.8704,18.4892,19.0134
2025-04-23,1813306,37214632,20.5,20.75,20.1,20.7,0.9,1046,0.9530516431924883,19.5376,19.7282,19.1563,19.7758
2025-04-24,1317707,27433250,20.7,21.05,20.6,20.8,0.1,612,0.9530516431924883,19.7282,19.8235,19.6329,20.0617
2025-04-25,1429492,30310502,20.85,21.5,20.85,21.35,0.55,680,0.9530516431924883,19.8711,20.3477,19.8711,20.4906
2025-04-28,870492,18920734,21.5,21.9,21.5,21.85,0.5,501,0.9530516431924883,20.4906,20.8242,20.4906,20.8718
2025-04-29,2497634,56815240,22.2,23.2,22.2,22.75,0.9,1289,0.9530516431924883,21.1577,21.6819,21.1577,22.1108
2025-04-30,2774199,60420008,22.75,22.75,21.2,21.2,-1.55,1799,0.9530516431924883,21.6819,20.2047,20.2047,21.6819
2025-05-02,3376317,75526116,21.9,22.8,21.9,22.4,1.2,1611,0.9530516431924883,20.8718,21.3484,20.8718,21.7296
2025-05-05,2100845,45034253,22.5,22.5,20.95,21.1,-1.3,1121,0.9530516431924883,21.4437,20.1094,19.9664,21.4437
2025-05-06,891101,19084019,21.15,21.7,21.15,21.3,0.2,581,0.9530516431924883,20.157,20.3,20.157,20.6812
2025-05-07,795766,16935956,21.15,21.5,21.1,21.35,0.05,520,0.9530516431924883,20.157,20.3477,20.1094,20.4906
2025-05-08,667847,14424299,21.35,21.75,21.35,21.6,0.25,421,0.9530516431924883,20.3477,20.5859,20.3477,20.7289
2025-05-09,668246,14447217,21.6,21.75,21.45,21.65,0.05,417,0.9530516431924883,20.5859,20.6336,20.443,20.7289
2025-05-12,6597366,155467050,22.85,23.8,22.85,23.8,2.15,3825,0.9530516431924883,21.7772,22.6826,21.7772,22.6826
2025-05-13,7225375,174035355,24.5,24.65,23.6,24.0,0.2,3746,0.9530516431924883,23.3498,22.8732,22.492,23.4927
2025-05-14,3124016,75415437,24.1,24.4,23.8,24.35,0.35,1696,0.9530516431924883,22.9685,23.2068,22.6826,23.2545
2025-05-15,3094124,73466560,24.5,24.65,23.4,23.5,-0.85,2051,0.9530516431924883,23.3498,22.3967,22.3014,23.4927
2025-05-16,2418440,56346966,23.55,23.65,23.05,23.5,0.0,1723,0.9530516431924883,22.4444,22.3967,21.9678,22.5397
2025-05-19,2712458,64141444,23.6,24.3,23.15,23.3,-0.2,1694,0.9530516431924883,22.492,22.2061,22.0631,23.1592
2025-05-20,2564191,61529459,23.8,24.35,23.55,24.15,0.85,1504,0.9530516431924883,22.6826,23.0162,22.4444,23.2068
2025-05-21,1489459,35407587,24.15,24.15,23.6,23.8,-0.35,950,0.9530516431924883,23.0162,22.6826,22.492,23.0162
2025-05-22,1153773,26919250,23.7,23.7,23.2,23.5,-0.3,795,0.9530516431924883,22.5873,22.3967,22.1108,22.5873
2025-05-23,649020,15170701,23.35,23.5,23.2,23.45,-0.05,449,0.9530516431924883,22.2538,22.3491,22.1108,22.3967
2025-05-26,821112,19195246,23.6,23.8,23.1,23.25,-0.2,536,0.9530516431924883,22.492,22.1585,22.0155,22.6826
2025-05-27,928228,21467713,23.2,23.4,22.95,23.15,-0.1,448,0.9530516431924883,22.1108,22.0631,21.8725,22.3014
2025-05-28,831632,19133235,23.35,23.35,22.8,23.05,-0.1,434,0.9530516431924883,22.2538,21.9678,21.7296,22.2538
2025-05-29,802910,18361899,23.25,23.25,22.6,23.05,0.0,492,0.9530516431924883,22.1585,21.9678,21.539,22.1585
2025-06-02,8230571,187293977,23.45,24.25,21.75,22.0,-1.05,4212,0.9530516431924883,22.3491,20.9671,20.7289,23.1115
2025-06-03,1239637,27370678,22.2,22.3,21.8,22.1,0.1,720,0.9530516431924883,21.1577,21.0624,20.7765,21.2531
2025-06-04,573977,12759851,22.25,22.4,22.1,22.2,0.1,429,0.9530516431924883,21.2054,21.1577,21.0624,21.3484
2025-06-05,706056,15683491,22.05,22.4,21.9,22.3,0.1,529,0.9530516431924883,21.0148,21.2531,20.8718,21.3484
2025-06-06,733386,16205266,22.1,22.35,22.0,22.05,-0.25,396,0.9530516431924883,21.0624,21.0148,20.9671,21.3007
2025-06-09,1063729,23239895,22.3,22.3,21.65,21.65,-0.4,517,0.9530516431924883,21.2531,20.6336,20.6336,21.2531
2025-06-10,1141836,24779882,21.65,21.95,21.55,21.6,-0.05,589,0.9530516431924883,20.6336,20.5859,20.5383,20.9195
2025-06-11,1196058,25542003,21.6,21.85,21.2,21.45,-0.15,597,0.9530516431924883,20.5859,20.443,20.2047,20.8242
2025-06-12,524963,11204171,21.5,21.5,21.2,21.45,0.0,325,0.9530516431924883,20.4906,20.443,20.2047,20.4906
2025-06-13,1599997,33551690,21.2,21.25,20.7,20.7,-0.75,970,0.9530516431924883,20.2047,19.7282,19.7282,20.2523
2025-06-16,625995,13057913,20.65,21.15,20.4,21.15,0.45,399,0.9530516431924883,19.6805,20.157,19.4423,20.157
2025-06-17,749207,15737092,21.25,21.3,20.9,21.0,-0.15,453,0.9530516431924883,20.2523,20.0141,19.9188,20.3
2025-06-18,748798,15824917,20.95,21.4,20.9,21.15,0.15,450,0.9530516431924883,19.9664,20.157,19.9188,20.3953
2025-06-19,719905,14996381,21.0,21.1,20.65,20.8,-0.35,478,0.9530516431924883,20.0141,19.8235,19.6805,20.1094
2025-06-20,1030080,21390222,20.95,20.95,20.55,20.75,-0.05,535,0.9530516431924883,19.9664,19.7758,19.5852,19.9664
2025-06-23,817515,17091143,20.7,21.25,20.4,21.25,0.5,532,0.9530516431924883,19.7282,20.2523,19.4423,20.2523
2025-06-24,802834,17418771,21.35,21.8,21.35,21.75,0.5,619,0.9530516431924883,20.3477,20.7289,20.3477,20.7765
2025-06-25,696947,15203616,21.95,22.15,21.45,21.55,-0.2,466,0.9530516431924883,20.9195,20.5383,20.443,21.1101
2025-06-26,583858,12648444,21.55,21.85,21.5,21.65,0.1,400,0.9530516431924883,20.5383,20.6336,20.4906,20.8242
2025-06-27,1350927,29807661,21.85,22.25,21.8,22.1,0.45,729,0.9530516431924883,20.8242,21.0624,20.7765,21.2054
2025-06-30,453694,9999184,22.3,22.3,21.8,22.15,0.05,294,0.9530516431924883,21.2531,21.1101,20.7765,21.2531
2025-07-01,564666,12546350,22.3,22.35,22.05,22.05,-0.1,403,0.9530516431924883,21.2531,21.0148,21.0148,21.3007
2025-07-02,1067990,23989291,22.05,22.7,22.05,22.35,0.3,742,0.9530516431924883,21.0148,21.3007,21.0148,21.6343
2025-07-03,1133595,25856357,22.3,23.1,22.3,22.7,0.35,679,0.9530516431924883,21.2531,21.6343,21.2531,22.0155
2025-07-04,924318,21022539,22.7,22.9,22.5,22.8,0.1,640,0.9530516431924883,21.6343,21.7296,21.4437,21.8249
2025-07-07,524315,11900262,22.6,22.85,22.45,22.6,-0.2,408,0.9530516431924883,21.539,21.539,21.396,21.7772
2025-07-08,826590,18217888,22.55,22.55,21.8,21.8,-0.8,618,0.9530516431924883,21.4913,20.7765,20.7765,21.4913
2025-07-09,594001,12902761,21.6,22.0,21.6,21.6,-0.2,386,0.9530516431924883,20.5859,20.5859,20.5859,20.9671
2025-07-10,1165421,24665411,21.6,21.6,21.0,21.1,-0.5,805,0.9530516431924883,20.5859,20.1094,20.0141,20.5859
2025-07-11,788671,16810627,21.05,21.5,21.05,21.35,0.25,457,0.9530516431924883,20.0617,20.3477,20.0617,20.4906
2025-07-14,1033342,22104257,21.5,21.6,21.25,21.3,-0.05,622,0.9530516431924883,20.4906,20.3,20.2523,20.5859
2025-07-15,1425100,29441224,20.3,20.9,20.1,20.6,0.0,837,1.0,20.3,20.6,20.1,20.9
2025-07-16,857871,17749973,20.6,21.0,20.45,20.5,-0.1,585,1.0,20.6,20.5,20.45,21.0
2025-07-17,680165,14162378,20.6,20.95,20.6,20.8,0.3,462,1.0,20.6,20.8,20.6,20.95
2025-07-18,463697,9612361,20.95,21.0,20.65,20.7,-0.1,383,1.0,20.95,20.7,20.65,21.0
2025-07-21,568816,11879869,20.85,21.0,20.75,20.8,0.1,400,1.0,20.85,20.8,20.75,21.0
2025-07-22,1351197,28342155,20.8,21.4,20.7,20.8,0.0,814,1.0,20.8,20.8,20.7,21.4
2025-07-23,2441774,52819887,20.95,22.0,20.95,21.95,1.15,1140,1.0,20.95,21.95,20.95,22.0
2025-07-24,1058766,22916873,21.95,22.05,21.5,21.6,-0.35,663,1.0,21.95,21.6,21.5,22.05
2025-07-25,1090958,23975403,21.5,22.4,21.5,21.7,0.1,644,1.0,21.5,21.7,21.5,22.4
2025-07-28,774865,16540216,21.7,21.7,21.25,21.25,-0.45,514,1.0,21.7,21.25,21.25,21.7
2025-07-29,750370,16004550,21.25,21.65,21.05,21.3,0.05,410,1.0,21.25,21.3,21.05,21.65
2025-07-30,1039690,22477228,21.45,21.9,21.15,21.85,0.55,613,1.0,21.45,21.85,21.15,21.9
2025-07-31,1208986,25911191,21.85,21.85,21.25,21.4,-0.45,836,1.0,21.85,21.4,21.25,21.85
2025-08-01,939880,20180334,21.35,21.75,21.25,21.65,0.25,497,1.0,21.35,21.65,21.25,21.75
2025-08-04,647375,13896488,21.35,21.7,21.2,21.6,-0.05,420,1.0,21.35,21.6,21.2,21.7
2025-08-05,531405,11442786,21.55,21.7,21.4,21.45,-0.15,336,1.0,21.55,21.45,21.4,21.7
2025-08-06,570847,12293236,21.5,21.7,21.4,21.5,0.05,332,1.0,21.5,21.5,21.4,21.7
2025-08-07,654611,14018341,21.5,21.7,21.3,21.45,-0.05,414,1.0,21.5,21.45,21.3,21.7
2025-08-08,2569820,57218628,21.7,22.45,21.7,22.25,0.8,1454,1.0,21.7,22.25,21.7,22.45
2025-08-11,3074185,65215167,21.8,21.8,20.8,21.25,-1.0,1590,1.0,21.8,21.25,20.8,21.8
2025-08-12,1929111,40371175,21.15,21.3,20.7,20.75,-0.5,1229,1.0,21.15,20.75,20.7,21.3
2025-08-13,1638821,34067893,20.95,21.1,20.5,20.75,0.0,890,1.0,20.95,20.75,20.5,21.1
2025-08-14,1938377,41062765,20.8,21.45,20.75,21.25,0.5,1096,1.0,20.8,21.25,20.75,21.45
2025-08-15,3855365,84509493,21.5,22.4,21.45,22.2,0.95,1979,1.0,21.5,22.2,21.45,22.4
2025-08-18,2864617,63369759,22.05,22.55,21.9,21.9,-0.3,1401,1.0,22.05,21.9,21.9,22.55
2025-08-19,4949053,112468055,22.35,23.35,21.95,22.65,0.75,2470,1.0,22.35,22.65,21.95,23.35
2025-08-20,2372582,52577031,22.55,22.6,21.95,21.95,-0.7,1446,1.0,22.55,21.95,21.95,22.6
2025-08-21,1670581,36795998,22.25,22.5,21.75,21.9,-0.05,957,1.0,22.25,21.9,21.75,22.5
2025-08-22,1224268,26382984,21.75,21.8,21.4,21.6,-0.3,733,1.0,21.75,21.6,21.4,21.8
2025-08-25,1649798,35218090,21.7,21.8,21.2,21.3,-0.3,769,1.0,21.7,21.3,21.2,21.8
2025-08-26,2619731,54701595,21.0,21.25,20.7,20.8,-0.5,1215,1.0,21.0,20.8,20.7,21.25
2025-08-27,1404274,29267241,20.9,21.1,20.65,20.75,-0.05,791,1.0,20.9,20.75,20.65,21.1
2025-08-28,1495203,30918612,20.8,20.9,20.45,20.9,0.15,725,1.0,20.8,20.9,20.45,20.9
2025-08-29,1305295,27002792,20.95,20.95,20.6,20.6,-0.3,714,1.0,20.95,20.6,20.6,20.95
2025-09-01,1961459,39655264,20.65,20.65,19.95,20.2,-0.4,1130,1.0,20.65,20.2,19.95,20.65
2025-09-02,1916658,38322718,20.05,20.25,19.8,20.1,-0.1,1069,1.0,20.05,20.1,19.8,20.25
2025-09-03,3061943,60414142,20.0,20.1,19.55,19.65,-0.45,1624,1.0,20.0,19.65,19.55,20.1
2025-09-04,1197716,23802202,19.7,20.05,19.7,19.95,0.3,718,1.0,19.7,19.95,19.7,20.05
2025-09-05,979323,19460994,20.05,20.05,19.8,19.8,-0.15,624,1.0,20.05,19.8,19.8,20.05
2025-09-08,718952,14308952,19.8,20.0,19.75,19.95,0.15,438,1.0,19.8,19.95,19.75,20.0
2025-09-09,766763,15252871,20.0,20.0,19.85,19.85,-0.1,498,1.0,20.0,19.85,19.85,20.0
2025-09-10,1404883,27893533,19.85,20.2,19.65,19.9,0.05,749,1.0,19.85,19.9,19.65,20.2
2025-09-11,1441581,28343847,19.9,19.9,19.55,19.65,-0.25,954,1.0,19.9,19.65,19.55,19.9
2025-09-12,880454,17402428,19.8,19.95,19.65,19.8,0.15,461,1.0,19.8,19.8,19.65,19.95
2025-09-15,636322,12585356,19.7,19.9,19.7,19.7,-0.1,302,1.0,19.7,19.7,19.7,19.9
2025-09-16,576005,11326431,19.7,19.75,19.6,19.65,-0.05,355,1.0,19.7,19.65,19.6,19.75
2025-09-17,953768,19016098,19.8,20.2,19.8,19.95,0.3,555,1.0,19.8,19.95,19.8,20.2
2025-09-18,941631,18837274,20.1,20.2,19.8,19.95,0.0,475,1.0,20.1,19.95,19.8,20.2
2025-09-19,874813,17378689,20.05,20.15,19.75,19.75,-0.2,401,1.0,20.05,19.75,19.75,20.15
2025-09-22,726585,14465406,19.95,20.0,19.8,19.9,0.15,302,1.0,19.95,19.9,19.8,20.0
2025-09-23,494302,9805720,19.9,20.0,19.75,19.75,-0.15,315,1.0,19.9,19.75,19.75,20.0
2025-09-24,583103,11567985,19.75,19.95,19.7,19.85,0.1,358,1.0,19.75,19.85,19.7,19.95
2025-09-25,1508193,30469001,19.95,20.5,19.95,20.05,0.2,800,1.0,19.95,20.05,19.95,20.5
2025-09-26,981857,19433014,20.05,20.1,19.7,19.8,-0.25,548,1.0,20.05,19.8,19.7,20.1
2025-09-30,819835,16155478,19.8,19.8,19.65,19.7,-0.1,497,1.0,19.8,19.7,19.65,19.8
2025-10-01,728257,14321729,19.7,19.8,19.6,19.65,-0.05,406,1.0,19.7,19.65,19.6,19.8
2025-10-02,2145171,41582661,19.65,19.65,19.25,19.35,-0.3,1115,1.0,19.65,19.35,19.25,19.65
2025-10-03,998074,19176092,19.2,19.3,19.15,19.15,-0.2,523,1.0,19.2,19.15,19.15,19.3
2025-10-07,703451,13518122,19.15,19.3,19.1,19.3,0.15,446,1.0,19.15,19.3,19.1,19.3
2025-10-08,536449,10355642,19.2,19.5,19.15,19.45,0.15,373,1.0,19.2,19.45,19.15,19.5
2025-10-09,829159,16297493,19.5,19.75,19.45,19.65,0.2,413,1.0,19.5,19.65,19.45,19.75
2025-10-13,681240,13227908,19.5,19.65,19.2,19.65,0.0,486,1.0,19.5,19.65,19.2,19.65
2025-10-14,5638755,115980787,19.8,21.5,19.7,20.45,0.8,2716,1.0,19.8,20.45,19.7,21.5
2025-10-15,1923879,38412362,20.45,20.6,19.75,19.8,-0.65,1374,1.0,20.45,19.8,19.75,20.6
2025-10-16,603800,11995136,19.8,20.05,19.75,19.85,0.05,360,1.0,19.8,19.85,19.75,20.05
2025-10-17,3547240,72680721,20.15,20.85,20.15,20.2,0.35,1960,1.0,20.15,20.2,20.15,20.85
2025-10-20,981878,19600451,20.2,20.25,19.8,20.0,-0.2,544,1.0,20.2,20.0,19.8,20.25
2025-10-21,966707,19207183,20.0,20.05,19.75,19.8,-0.2,663,1.0,20.0,19.8,19.75,20.05
2025-10-22,413308,8232706,19.9,20.05,19.8,20.0,0.2,283,1.0,19.9,20.0,19.8,20.05
2025-10-23,457942,9133911,19.9,20.05,19.85,19.9,-0.1,288,1.0,19.9,19.9,19.85,20.05
2025-10-27,608574,12100188,19.95,20.0,19.8,19.95,0.05,330,1.0,19.95,19.95,19.8,20.0
2025-10-28,695848,13802242,20.05,20.05,19.75,19.8,-0.15,375,1.0,20.05,19.8,19.75,20.05
2025-10-29,672035,13246901,19.8,19.9,19.65,19.7,-0.1,432,1.0,19.8,19.7,19.65,19.9
2025-10-30,1030729,20126203,19.7,19.7,19.45,19.45,-0.25,610,1.0,19.7,19.45,19.45,19.7
2025-10-31,1152713,22266450,19.55,19.55,19.2,19.25,-0.2,670,1.0,19.55,19.25,19.2,19.55
2025-11-03,1881849,35714954,19.2,19.2,18.85,19.05,-0.2,1041,1.0,19.2,19.05,18.85,19.2
2025-11-04,1420134,26687469,18.85,18.95,18.7,18.9,-0.15,826,1.0,18.85,18.9,18.7,18.95
2025-11-05,841387,15676267,18.9,18.9,18.4,18.65,-0.25,599,1.0,18.9,18.65,18.4,18.9
2025-11-06,615302,11560227,18.65,18.95,18.65,18.9,0.25,386,1.0,18.65,18.9,18.65,18.95
2025-11-07,546453,10394439,18.9,19.15,18.8,19.0,0.1,404,1.0,18.9,19.0,18.8,19.15
2025-11-10,755064,14149582,19.0,19.0,18.6,18.85,-0.15,444,1.0,19.0,18.85,18.6,19.0
2025-11-11,547700,10368076,18.9,19.05,18.85,18.9,0.05,311,1.0,18.9,18.9,18.85,19.05
2025-11-12,827243,15821730,18.85,19.25,18.85,19.25,0.35,478,1.0,18.85,19.25,18.85,19.25
2025-11-13,1390520,27092626,19.25,19.6,19.25,19.55,0.3,783,1.0,19.25,19.55,19.25,19.6
2025-11-14,1511061,29897782,19.5,20.0,19.4,19.7,0.15,899,1.0,19.5,19.7,19.4,20.0
2025-11-17,2059606,41554725,20.1,20.45,19.9,19.9,0.2,1185,1.0,20.1,19.9,19.9,20.45
2025-11-18,1113079,22007057,19.95,20.35,19.4,19.4,-0.5,750,1.0,19.95,19.4,19.4,20.35
2025-11-19,1335006,25410999,19.45,19.55,18.9,18.9,-0.5,764,1.0,19.45,18.9,18.9,19.55
2025-11-20,840246,15986358,19.2,19.3,18.8,19.25,0.35,483,1.0,19.2,19.25,18.8,19.3
2025-11-21,757102,14439758,19.2,19.45,18.9,19.0,-0.25,419,1.0,19.2,19.0,18.9,19.45
2025-11-24,2188924,43465545,19.5,20.25,19.5,19.85,0.85,1169,1.0,19.5,19.85,19.5,20.25
2025-11-25,1344072,26830670,19.8,20.2,19.75,20.05,0.2,793,1.0,19.8,20.05,19.75,20.2
2025-11-26,6307505,132621113,20.5,21.7,20.5,20.6,0.55,2702,1.0,20.5,20.6,20.5,21.7
2025-11-27,2221352,45607941,20.75,20.8,20.35,20.55,-0.05,875,1.0,20.75,20.55,20.35,20.8
2025-11-28,1781106,36258724,20.55,20.55,20.2,20.3,-0.25,744,1.0,20.55,20.3,20.2,20.55
2025-12-01,4087718,85106848,20.35,21.2,20.35,20.65,0.35,1647,1.0,20.35,20.65,20.35,21.2
2025-12-02,1580465,32542519,20.6,20.85,20.45,20.6,-0.05,803,1.0,20.6,20.6,20.45,20.85
2025-12-03,1314256,26834641,20.6,20.6,20.35,20.4,-0.2,682,1.0,20.6,20.4,20.35,20.6
2025-12-04,1575957,32455665,20.55,20.7,20.4,20.65,0.25,789,1.0,20.55,20.65,20.4,20.7
2025-12-05,1665664,33707156,20.65,20.65,20.05,20.2,-0.45,819,1.0,20.65,20.2,20.05,20.65
2025-12-08,1041670,20909430,20.35,20.35,19.95,20.1,-0.1,461,1.0,20.35,20.1,19.95,20.35
2025-12-09,1444662,28684924,20.05,20.05,19.7,19.85,-0.25,587,1.0,20.05,19.85,19.7,20.05
2025-12-10,679114,13454630,19.9,20.0,19.7,19.75,-0.1,397,1.0,19.9,19.75,19.7,20.0
2025-12-11,552397,10918867,19.9,19.9,19.7,19.8,0.05,311,1.0,19.9,19.8,19.7,19.9
2025-12-12,1214399,24507525,19.95,20.35,19.95,20.1,0.3,527,1.0,19.95,20.1,19.95,20.35
2025-12-15,3742489,77170208,20.2,20.95,20.05,20.45,0.35,1481,1.0,20.2,20.45,20.05,20.95
2025-12-16,1543705,31179432,20.45,20.5,20.05,20.1,-0.35,850,1.0,20.45,20.1,20.05,20.5
2025-12-17,1202128,24336796,20.35,20.65,20.1,20.15,0.05,526,1.0,20.35,20.15,20.1,20.65
2025-12-18,1241905,25220488,20.15,20.55,20.0,20.2,0.05,555,1.0,20.15,20.2,20.0,20.55
2025-12-19,948753,19332930,20.4,20.55,20.2,20.35,0.15,422,1.0,20.4,20.35,20.2,20.55
2025-12-22,812311,16594276,20.35,20.55,20.25,20.45,0.1,366,1.0,20.35,20.45,20.25,20.55
2025-12-23,1371807,28243213,20.5,20.7,20.45,20.55,0.1,609,1.0,20.5,20.55,20.45,20.7
2025-12-24,1049498,21721159,20.55,20.9,20.55,20.65,0.1,491,1.0,20.55,20.65,20.55,20.9
2025-12-26,2474383,51780107,20.7,21.05,20.7,20.9,0.25,1052,1.0,20.7,20.9,20.7,21.05
2025-12-29,4697854,101463425,21.2,21.85,21.2,21.7,0.8,2259,1.0,21.2,21.7,21.2,21.85
2025-12-30,2716063,58392429,21.8,21.85,21.2,21.4,-0.3,1212,1.0,21.8,21.4,21.2,21.85
2025-12-31,4042660,88301287,22.4,22.6,21.4,21.4,0.0,2778,1.0,22.4,21.4,21.4,22.6
2026-01-02,2393669,50478056,21.6,21.6,20.85,20.9,-0.5,1622,1.0,21.6,20.9,20.85,21.6
2026-01-05,1942507,39908464,20.85,20.85,20.35,20.45,-0.45,1108,1.0,20.85,20.45,20.35,20.85
2026-01-06,1520815,30880321,20.45,20.55,20.2,20.3,-0.15,787,1.0,20.45,20.3,20.2,20.55
2026-01-07,6234823,134074991,20.9,22.0,20.8,21.8,1.5,2969,1.0,20.9,21.8,20.8,22.0
2026-01-08,3845512,81924009,21.8,22.2,20.7,20.8,-1.0,2442,1.0,21.8,20.8,20.7,22.2
2026-01-09,2104628,43508729,21.0,21.15,20.35,20.75,-0.05,1016,1.0,21.0,20.75,20.35,21.15
2026-01-12,2095665,44168066,20.85,21.3,20.65,21.2,0.45,1009,1.0,20.85,21.2,20.65,21.3
2026-01-13,1390971,29195235,21.4,21.4,20.8,21.05,-0.15,697,1.0,21.4,21.05,20.8,21.4
2026-01-14,1250145,26320270,21.15,21.2,20.9,21.1,0.05,632,1.0,21.15,21.1,20.9,21.2
2026-01-15,4824876,106302134,21.9,22.6,21.65,21.65,0.55,2275,1.0,21.9,21.65,21.65,22.6
2026-01-16,3192064,67490199,21.85,21.85,21.0,21.0,-0.65,1774,1.0,21.85,21.0,21.0,21.85
2026-01-19,1928792,40365518,20.8,21.25,20.6,20.9,-0.1,992,1.0,20.8,20.9,20.6,21.25
2026-01-20,1694462,35348198,21.0,21.0,20.75,20.75,-0.15,1116,1.0,21.0,20.75,20.75,21.0
2026-01-21,2079546,42663716,20.6,20.7,20.35,20.5,-0.25,1171,1.0,20.6,20.5,20.35,20.7
2026-01-22,1362686,28036351,20.75,20.8,20.45,20.55,0.05,638,1.0,20.75,20.55,20.45,20.8
2026-01-23,2345395,49412101,20.65,21.35,20.65,21.1,0.55,1159,1.0,20.65,21.1,20.65,21.35
2026-01-26,3661620,79201191,21.15,21.9,21.1,21.8,0.7,1767,1.0,21.15,21.8,21.1,21.9
2026-01-27,1655417,35581846,21.8,21.95,21.3,21.35,-0.45,967,1.0,21.8,21.35,21.3,21.95
2026-01-28,3145343,68747626,21.7,22.1,21.55,21.9,0.55,1408,1.0,21.7,21.9,21.55,22.1
2026-01-29,7399513,167140823,21.85,23.3,21.8,22.35,0.45,3392,1.0,21.85,22.35,21.8,23.3
2026-01-30,12161903,279019662,22.4,23.95,22.0,22.55,0.2,5321,1.0,22.4,22.55,22.0,23.95
2026-02-02,6751077,151313254,22.2,23.5,21.85,22.0,-0.55,3026,1.0,22.2,22.0,21.85,23.5
2026-02-03,2716101,59348241,22.0,22.3,21.5,21.9,-0.1,1485,1.0,22.0,21.9,21.5,22.3
2026-02-04,1784440,39528724,21.95,22.35,21.65,22.15,0.25,939,1.0,21.95,22.15,21.65,22.35
2026-02-05,1519833,33569296,22.2,22.3,21.8,21.95,-0.2,802,1.0,22.2,21.95,21.8,22.3
2026-02-06,2606317,55399642,21.7,21.7,20.95,21.3,-0.65,982,1.0,21.7,21.3,20.95,21.7
2026-02-09,1533625,32424172,21.55,21.6,21.0,21.1,-0.2,754,1.0,21.55,21.1,21.0,21.6
2026-02-10,981104,20566490,21.1,21.15,20.85,21.0,-0.1,641,1.0,21.1,21.0,20.85,21.15
2026-02-11,801117,16958938,21.1,21.3,21.0,21.15,0.15,504,1.0,21.1,21.15,21.0,21.3
2026-02-23,1654631,34572441,21.35,21.35,20.7,20.85,-0.3,1040,1.0,21.35,20.85,20.7,21.35
2026-02-24,2919468,60399877,20.8,20.95,20.5,20.65,-0.2,1353,1.0,20.8,20.65,20.5,20.95
2026-02-25,1897586,39609876,20.8,21.15,20.6,21.0,0.35,964,1.0,20.8,21.0,20.6,21.15
2026-02-26,1405613,29199519,21.0,21.05,20.65,20.85,-0.15,1173,1.0,21.0,20.85,20.65,21.05
2026-03-02,2039153,41928060,21.0,21.0,20.4,20.5,-0.35,1023,1.0,21.0,20.5,20.4,21.0
2026-03-03,1554175,31572110,20.5,20.75,20.15,20.15,-0.35,853,1.0,20.5,20.15,20.15,20.75
2026-03-04,2548445,50292086,20.05,20.05,19.55,19.65,-0.5,1439,1.0,20.05,19.65,19.55,20.05
2026-03-05,1380472,27491153,19.9,20.05,19.8,19.9,0.25,737,1.0,19.9,19.9,19.8,20.05
2026-03-06,1162974,23361379,19.85,20.35,19.6,20.2,0.3,605,1.0,19.85,20.2,19.6,20.35
2026-03-09,1778034,34773157,19.6,19.85,19.4,19.55,-0.65,1027,1.0,19.6,19.55,19.4,19.85
2026-03-10,1155287,22687304,19.85,19.85,19.45,19.55,0.0,511,1.0,19.85,19.55,19.45,19.85
2026-03-11,708134,14188252,19.65,20.2,19.65,20.0,0.45,444,1.0,19.65,20.0,19.65,20.2
2026-03-12,1356720,27427165,19.85,20.5,19.85,20.3,0.3,770,1.0,19.85,20.3,19.85,20.5
2026-03-13,733633,14725688,20.0,20.25,19.9,20.0,-0.3,429,1.0,20.0,20.0,19.9,20.25
2026-03-16,772994,15555588,20.25,20.45,19.95,20.05,0.05,504,1.0,20.25,20.05,19.95,20.45
2026-03-17,700187,14265303,20.4,20.45,20.2,20.35,0.3,378,1.0,20.4,20.35,20.2,20.45
2026-03-18,1099504,22607887,20.55,20.8,20.4,20.45,0.1,616,1.0,20.55,20.45,20.4,20.8
2026-03-19,959430,19311924,20.3,20.3,20.05,20.05,-0.4,483,1.0,20.3,20.05,20.05,20.3
2026-03-20,2772387,57206330,20.15,20.85,20.15,20.5,0.45,1182,1.0,20.15,20.5,20.15,20.85
2026-03-23,1521653,31014529,20.6,20.75,20.1,20.1,-0.4,850,1.0,20.6,20.1,20.1,20.75
2026-03-24,744613,15075486,20.45,20.45,20.1,20.2,0.1,455,1.0,20.45,20.2,20.1,20.45
2026-03-25,696868,14194019,20.55,20.6,20.2,20.4,0.2,379,1.0,20.55,20.4,20.2,20.6
2026-03-26,939766,19423625,20.6,20.8,20.5,20.5,0.1,554,1.0,20.6,20.5,20.5,20.8
2026-03-27,399267,8168148,20.5,20.6,20.35,20.5,0.0,262,1.0,20.5,20.5,20.35,20.6
2026-03-30,3111730,64322496,20.8,21.5,20.25,20.25,-0.25,1652,1.0,20.8,20.25,20.25,21.5
2026-03-31,915028,18526577,20.4,20.55,20.05,20.05,-0.2,531,1.0,20.4,20.05,20.05,20.55
2026-04-01,715941,14578740,20.45,20.5,20.3,20.3,0.25,407,1.0,20.45,20.3,20.3,20.5
2026-04-02,618647,12569119,20.55,20.55,20.2,20.25,-0.05,330,1.0,20.55,20.25,20.2,20.55
2026-04-07,982334,20122224,20.45,20.65,20.2,20.45,0.2,423,1.0,20.45,20.45,20.2,20.65
2026-04-08,1612517,33302301,20.55,20.8,20.45,20.7,0.25,660,1.0,20.55,20.7,20.45,20.8
2026-04-09,1269017,26306772,20.8,20.85,20.55,20.85,0.15,664,1.0,20.8,20.85,20.55,20.85
2026-04-10,1206984,25316947,21.0,21.15,20.8,20.85,0.0,650,1.0,21.0,20.85,20.8,21.15
2026-04-13,920782,19001403,20.85,20.9,20.55,20.55,-0.3,521,1.0,20.85,20.55,20.55,20.9
2026-04-14,957022,19735511,20.7,20.8,20.5,20.5,-0.05,436,1.0,20.7,20.5,20.5,20.8
2026-04-15,1595332,32915135,20.7,20.85,20.5,20.55,0.05,841,1.0,20.7,20.55,20.5,20.85
2026-04-16,1035228,21414901,20.65,20.8,20.55,20.75,0.2,618,1.0,20.65,20.75,20.55,20.8
2026-04-17,1605260,33686156,20.95,21.1,20.8,21.0,0.25,837,1.0,20.95,21.0,20.8,21.1
2026-04-20,1680386,35262045,21.15,21.15,20.85,20.95,-0.05,773,1.0,21.15,20.95,20.85,21.15
2026-04-21,1974523,41764090,21.1,21.35,20.95,21.3,0.35,936,1.0,21.1,21.3,20.95,21.35
2026-04-22,1061456,22548394,21.35,21.35,21.15,21.25,-0.05,595,1.0,21.35,21.25,21.15,21.35
2026-04-23,2166575,44796086,21.15,21.15,20.35,20.5,-0.75,1075,1.0,21.15,20.5,20.35,21.15
2026-04-24,1310355,26456237,20.45,20.45,20.05,20.2,-0.3,796,1.0,20.45,20.2,20.05,20.45
2026-04-27,1656179,33085589,20.2,20.2,19.8,20.15,-0.05,859,1.0,20.2,20.15,19.8,20.2
2026-04-28,1365695,28309019,20.35,21.0,20.25,21.0,0.85,793,1.0,20.35,21.0,20.25,21.0
2026-04-29,5986838,130225063,21.6,22.0,21.5,22.0,1.0,2718,1.0,21.6,22.0,21.5,22.0
2026-04-30,2350141,50641772,21.9,21.9,21.15,21.3,-0.7,1233,1.0,21.9,21.3,21.15,21.9
2026-05-04,1657490,34808009,21.45,21.45,20.75,20.85,-0.45,843,1.0,21.45,20.85,20.75,21.45
2026-05-05,966926,20014620,20.7,20.85,20.6,20.75,-0.1,523,1.0,20.7,20.75,20.6,20.85
2026-05-06,1859228,39358563,20.9,21.5,20.7,21.4,0.65,935,1.0,20.9,21.4,20.7,21.5
2026-05-07,1668115,35740762,21.3,21.7,21.1,21.55,0.15,726,1.0,21.3,21.55,21.1,21.7
2026-05-08,1339264,28308826,21.55,21.55,20.95,21.2,-0.35,615,1.0,21.55,21.2,20.95,21.55
2026-05-11,2549163,53739784,20.9,21.3,20.7,21.05,-0.15,889,1.0,20.9,21.05,20.7,21.3
2026-05-12,3446925,70701276,21.1,21.15,20.15,20.3,-0.75,1600,1.0,21.1,20.3,20.15,21.15
