Date,Capacity,Turnover,Open,High,Low,Close,Change,Transaction,AdjFactor,Open_adj,Close_adj,Low_adj,High_adj
2020-05-04,452645,141243320,308.0,316.0,306.0,313.0,2.5,417,0.8950971005449585,275.6899,280.1654,273.8997,282.8507
2020-05-05,313219,98672923,317.0,317.5,313.5,315.5,2.5,282,0.8950971005449585,283.7458,282.4031,280.6129,284.1933
2020-05-06,277423,87827378,317.0,317.5,315.5,316.5,1.0,247,0.8950971005449585,283.7458,283.2982,282.4031,284.1933
2020-05-07,408129,127613877,316.5,318.0,310.0,311.5,-5.0,350,0.8950971005449585,283.2982,278.8227,277.4801,284.6409
2020-05-08,519132,160302420,311.5,312.5,306.0,308.0,-3.5,435,0.8950971005449585,278.8227,275.6899,273.8997,279.7178
2020-05-11,452401,141137018,309.0,315.0,308.5,312.0,4.0,396,0.8950971005449585,276.585,279.2703,276.1375,281.9556
2020-05-12,343479,107749060,312.0,317.0,312.0,312.5,0.5,318,0.8950971005449585,279.2703,279.7178,279.2703,283.7458
2020-05-13,358735,111084320,311.0,311.5,307.5,309.0,-3.5,298,0.8950971005449585,278.3752,276.585,275.2424,278.8227
2020-05-14,417062,128720894,309.0,312.5,306.0,307.0,-2.0,292,0.8950971005449585,276.585,274.7948,273.8997,279.7178
2020-05-15,433189,131223668,308.0,309.0,300.0,301.0,-6.0,415,0.8950971005449585,275.6899,269.4242,268.5291,276.585
2020-05-18,548519,171258428,302.0,317.5,302.0,312.0,11.0,533,0.8950971005449585,270.3193,279.2703,270.3193,284.1933
2020-05-19,308416,96915413,316.0,318.0,312.5,313.0,1.0,294,0.8950971005449585,282.8507,280.1654,279.7178,284.6409
2020-05-20,829162,269282502,316.0,331.5,316.0,323.5,10.5,713,0.8950971005449585,282.8507,289.5639,282.8507,296.7247
2020-05-21,334469,106716080,323.5,323.5,316.5,320.0,-3.5,323,0.8950971005449585,289.5639,286.4311,283.2982,289.5639
2020-05-22,382240,122830820,320.0,326.0,318.0,320.0,0.0,331,0.8950971005449585,286.4311,286.4311,284.6409,291.8017
2020-05-25,266290,86034250,323.5,325.0,321.5,323.5,3.5,250,0.8950971005449585,289.5639,289.5639,287.7737,290.9066
2020-05-26,459658,153256441,327.0,339.5,327.0,333.5,10.0,438,0.8950971005449585,292.6968,298.5149,292.6968,303.8855
2020-05-27,386412,130090813,337.0,342.0,334.0,334.5,1.0,372,0.8950971005449585,301.6477,299.41,298.9624,306.1232
2020-05-28,312420,105125400,336.0,342.0,332.5,333.0,-1.5,285,0.8950971005449585,300.7526,298.0673,297.6198,306.1232
2020-05-29,480070,156910530,332.0,334.5,324.0,325.0,-8.0,357,0.8950971005449585,297.1722,290.9066,290.0115,299.41
2020-06-01,178222,58870260,328.0,333.5,328.0,329.0,4.0,174,0.8950971005449585,293.5918,294.4869,293.5918,298.5149
2020-06-02,164070,54036100,332.0,333.5,327.0,328.5,-0.5,158,0.8950971005449585,297.1722,294.0394,292.6968,298.5149
2020-06-03,927245,316819848,331.0,352.0,331.0,351.0,22.5,839,0.8950971005449585,296.2771,314.1791,296.2771,315.0742
2020-06-04,609351,210482701,355.0,356.0,342.0,342.0,-9.0,566,0.8950971005449585,317.7595,306.1232,306.1232,318.6546
2020-06-05,356301,123130994,345.0,351.0,341.5,344.0,2.0,318,0.8950971005449585,308.8085,307.9134,305.6757,314.1791
2020-06-08,370219,128319212,348.0,350.0,344.0,347.5,3.5,331,0.8950971005449585,311.4938,311.0462,307.9134,313.284
2020-06-09,368250,127418500,348.0,351.5,342.5,342.5,-5.0,345,0.8950971005449585,311.4938,306.5708,306.5708,314.6266
2020-06-10,372080,127769600,344.0,346.5,341.0,344.5,2.0,292,0.8950971005449585,307.9134,308.361,305.2281,310.1511
2020-06-11,630370,216482485,344.5,350.0,338.0,340.0,-4.5,518,0.8950971005449585,308.361,304.333,302.5428,313.284
2020-06-12,253309,84743060,333.5,340.0,330.0,339.5,-0.5,226,0.8950971005449585,298.5149,303.8855,295.382,304.333
2020-06-15,265252,89400680,339.5,341.0,331.0,332.0,-7.5,236,0.8950971005449585,303.8855,297.1722,296.2771,305.2281
2020-06-16,217122,73383736,337.0,340.5,336.0,338.0,6.0,203,0.8950971005449585,301.6477,302.5428,300.7526,304.7806
2020-06-17,232020,78357800,338.5,340.0,335.5,338.5,0.5,209,0.8950971005449585,302.9904,302.9904,300.3051,304.333
2020-06-18,200310,67718900,342.0,342.5,335.5,339.5,1.0,180,0.8950971005449585,306.1232,303.8855,300.3051,306.5708
2020-06-19,386800,129827000,342.0,342.0,333.0,333.0,-6.5,321,0.8950971005449585,306.1232,298.0673,298.0673,306.1232
2020-06-22,204010,68719900,336.0,339.0,334.0,338.5,5.5,175,0.8950971005449585,300.7526,302.9904,298.9624,303.4379
2020-06-23,259567,88049115,339.0,342.0,337.5,340.0,1.5,186,0.8950971005449585,303.4379,304.333,302.0953,306.1232
2020-06-24,244100,82695000,342.0,342.0,336.0,336.0,-4.0,216,0.8950971005449585,306.1232,300.7526,300.7526,306.1232
2020-06-29,142275,47866000,334.0,338.0,333.5,336.0,0.0,119,0.8950971005449585,298.9624,300.7526,298.5149,302.5428
2020-06-30,181043,61070991,337.5,339.5,335.5,335.5,-0.5,163,0.8950971005449585,302.0953,300.3051,300.3051,303.8855
2020-07-01,390980,132648748,337.0,341.0,336.0,339.5,4.0,323,0.8950971005449585,301.6477,303.8855,300.7526,305.2281
2020-07-02,396127,135119434,340.5,343.0,338.0,341.5,2.0,334,0.8950971005449585,304.7806,305.6757,302.5428,307.0183
2020-07-03,487433,167245452,342.0,346.0,341.0,346.0,4.5,351,0.8950971005449585,306.1232,309.7036,305.2281,309.7036
2020-07-06,502720,176195419,349.0,353.0,347.5,350.5,4.5,406,0.8950971005449585,312.3889,313.7315,311.0462,315.9693
2020-07-07,390367,134789349,352.5,353.5,341.5,347.0,-3.5,328,0.8950971005449585,315.5217,310.5987,305.6757,316.4168
2020-07-08,278045,95568025,348.0,349.5,341.5,342.5,-4.5,266,0.8950971005449585,311.4938,306.5708,305.6757,312.8364
2020-07-09,223180,76470780,343.0,345.0,341.0,343.5,1.0,179,0.8950971005449585,307.0183,307.4659,305.2281,308.8085
2020-07-10,329153,110947983,343.5,343.5,334.0,334.0,-9.5,282,0.8950971005449585,307.4659,298.9624,298.9624,307.4659
2020-07-13,359417,120183695,335.5,338.0,333.0,333.0,-1.0,309,0.8950971005449585,300.3051,298.0673,298.0673,302.5428
2020-07-14,225210,75477350,333.0,337.5,333.0,333.5,0.5,221,0.8950971005449585,298.0673,298.5149,298.0673,302.0953
2020-07-15,386448,131357164,335.0,344.5,335.0,343.0,9.5,383,0.8950971005449585,299.8575,307.0183,299.8575,308.361
2020-07-16,320433,109568019,343.0,346.0,337.5,343.5,0.5,313,0.8950971005449585,307.0183,307.4659,302.0953,309.7036
2020-07-17,308150,105880100,344.0,346.5,341.5,343.5,0.0,229,0.8950971005449585,307.9134,307.4659,305.6757,310.1511
2020-07-20,594230,207668850,343.5,357.0,343.5,346.5,3.0,544,0.8950971005449585,307.4659,310.1511,307.4659,319.5497
2020-07-21,579379,200717876,349.5,356.0,343.0,344.0,-2.5,519,0.8950971005449585,312.8364,307.9134,307.0183,318.6546
2020-07-22,283400,98018100,343.0,348.0,343.0,348.0,4.0,270,0.8950971005449585,307.0183,311.4938,307.0183,311.4938
2020-07-23,364195,127277860,348.5,354.0,345.5,348.0,0.0,315,0.8950971005449585,311.9413,311.4938,309.256,316.8644
2020-07-24,241012,83877652,348.0,350.5,344.0,344.0,-4.0,226,0.8950971005449585,311.4938,307.9134,307.9134,313.7315
2020-07-27,265112,90296248,345.0,346.5,337.0,341.0,-3.0,240,0.8950971005449585,308.8085,305.2281,301.6477,310.1511
2020-07-28,329483,112938993,345.0,347.0,338.0,341.0,0.0,314,0.8950971005449585,308.8085,305.2281,302.5428,310.5987
2020-07-29,247418,84357702,341.0,345.5,338.0,338.0,-3.0,239,0.8950971005449585,305.2281,302.5428,302.5428,309.256
2020-07-30,314103,106741173,339.0,342.5,338.0,341.0,3.0,299,0.8950971005449585,303.4379,305.2281,302.5428,306.5708
2020-07-31,224400,76244200,341.0,343.0,338.0,338.0,-3.0,204,0.8950971005449585,305.2281,302.5428,302.5428,307.0183
2020-08-03,191052,65114628,341.0,344.0,338.5,340.0,2.0,161,0.8950971005449585,305.2281,304.333,302.9904,307.9134
2020-08-04,190118,65133974,341.0,345.0,341.0,344.0,4.0,164,0.8950971005449585,305.2281,307.9134,305.2281,308.8085
2020-08-05,213118,73650710,345.0,347.5,344.0,345.0,1.0,192,0.8950971005449585,308.8085,308.8085,307.9134,311.0462
2020-08-06,233060,81261468,349.0,351.5,346.5,349.5,4.5,211,0.8950971005449585,312.3889,312.8364,310.1511,314.6266
2020-08-07,202389,70467788,350.0,351.5,346.0,347.5,-2.0,182,0.8950971005449585,313.284,311.0462,309.7036,314.6266
2020-08-10,577858,193101714,340.0,340.0,332.0,332.5,-15.0,485,0.8950971005449585,304.333,297.6198,297.1722,304.333
2020-08-11,264120,88087820,334.0,335.0,332.0,334.0,1.5,238,0.8950971005449585,298.9624,298.9624,297.1722,299.8575
2020-08-12,442601,145273229,335.0,335.5,323.5,325.0,-9.0,319,0.8950971005449585,299.8575,290.9066,289.5639,300.3051
2020-08-13,341341,111106530,325.0,328.5,324.0,328.0,3.0,301,0.8950971005449585,290.9066,293.5918,290.0115,294.0394
2020-08-14,386308,125734177,328.0,328.5,324.5,327.0,-1.0,283,0.8950971005449585,293.5918,292.6968,290.459,294.0394
2020-08-17,394268,128352672,327.0,330.0,323.5,327.5,0.5,327,0.8950971005449585,292.6968,293.1443,289.5639,295.382
2020-08-18,264229,86644757,327.5,331.5,324.5,331.0,3.5,227,0.8950971005449585,293.1443,296.2771,290.459,296.7247
2020-08-19,315104,105061568,331.0,335.5,331.0,335.0,4.0,258,0.8950971005449585,296.2771,299.8575,296.2771,300.3051
2020-08-20,277317,90787195,333.0,333.0,323.5,329.5,-5.5,264,0.8950971005449585,298.0673,294.9345,289.5639,298.0673
2020-08-21,259413,84834377,330.0,332.0,324.0,328.0,-1.5,229,0.8950971005449585,295.382,293.5918,290.0115,297.1722
2020-08-24,438128,142519905,331.0,331.5,319.0,320.5,-7.5,413,0.8950971005449585,296.2771,286.8786,285.536,296.7247
2020-08-25,302603,96231960,322.5,322.5,312.0,318.5,-2.0,267,0.8950971005449585,288.6688,285.0884,279.2703,288.6688
2020-08-26,521064,167519202,321.5,323.5,318.0,322.5,4.0,424,0.8950971005449585,287.7737,288.6688,284.6409,289.5639
2020-08-27,389266,120504960,315.0,315.5,304.5,306.0,0.0,325,0.9178658662185981,289.1277,280.867,279.4902,289.5867
2020-08-28,282109,87278671,309.5,314.0,307.0,311.0,5.0,252,0.9178658662185981,284.0795,285.4563,281.7848,288.2099
2020-08-31,202748,62005257,313.5,313.5,304.0,304.5,-6.5,196,0.9178658662185981,287.7509,279.4902,279.0312,287.7509
2020-09-01,164350,50297950,306.0,308.0,305.0,306.0,1.5,134,0.9178658662185981,280.867,280.867,279.9491,282.7027
2020-09-02,150380,46063160,307.0,308.0,305.0,305.5,-0.5,142,0.9178658662185981,281.7848,280.408,279.9491,282.7027
2020-09-03,152207,46473756,306.5,308.0,303.5,305.5,0.0,150,0.9178658662185981,281.3259,280.408,278.5723,282.7027
2020-09-04,401411,119758444,304.0,304.0,295.0,299.0,-6.5,338,0.9178658662185981,279.0312,274.4419,270.7704,279.0312
2020-09-07,237838,72139993,300.0,307.0,300.0,301.0,2.0,227,0.9178658662185981,275.3598,276.2776,275.3598,281.7848
2020-09-08,247350,75382600,307.0,307.5,302.0,304.0,3.0,210,0.9178658662185981,281.7848,279.0312,277.1955,282.2438
2020-09-09,161438,48767152,304.0,304.0,301.0,303.0,-1.0,151,0.9178658662185981,279.0312,278.1134,276.2776,279.0312
2020-09-10,167259,50431977,304.0,306.0,299.5,302.5,-0.5,155,0.9178658662185981,279.0312,277.6544,274.9008,280.867
2020-09-11,162242,48806326,302.5,303.0,299.5,300.0,-2.5,150,0.9178658662185981,277.6544,275.3598,274.9008,278.1134
2020-09-14,221189,66874645,304.0,304.0,301.0,303.5,3.5,216,0.9178658662185981,279.0312,278.5723,276.2776,279.0312
2020-09-15,203330,61584153,303.5,304.5,302.0,304.5,1.0,194,0.9178658662185981,278.5723,279.4902,277.1955,279.4902
2020-09-16,215087,65184816,305.0,305.5,300.5,300.5,-4.0,192,0.9178658662185981,279.9491,275.8187,275.8187,280.408
2020-09-17,274276,82301352,303.0,303.0,298.0,298.0,-2.5,217,0.9178658662185981,278.1134,273.524,273.524,278.1134
2020-09-18,296822,88190778,300.0,300.0,296.0,296.0,-2.0,243,0.9178658662185981,275.3598,271.6883,271.6883,275.3598
2020-09-21,229291,67356571,298.5,299.5,292.5,294.0,-2.0,220,0.9178658662185981,273.983,269.8526,268.4758,274.9008
2020-09-22,190206,55625666,295.0,296.0,289.0,292.5,-1.5,177,0.9178658662185981,270.7704,268.4758,265.2632,271.6883
2020-09-23,167163,48895674,293.0,294.0,290.0,290.5,-2.0,158,0.9178658662185981,268.9347,266.64,266.1811,269.8526
2020-09-24,350293,99055358,290.5,290.5,280.0,280.0,-10.5,337,0.9178658662185981,266.64,257.0024,257.0024,266.64
2020-09-25,220213,61360927,284.0,284.0,275.0,276.5,-3.5,231,0.9178658662185981,260.6739,253.7899,252.4131,260.6739
2020-09-28,432291,119691460,285.0,285.0,274.0,276.5,0.0,395,0.9178658662185981,261.5918,253.7899,251.4952,261.5918
2020-09-29,371538,103481754,279.0,280.0,277.0,280.0,3.5,303,0.9178658662185981,256.0846,257.0024,254.2488,257.0024
2020-09-30,339600,95108100,280.0,282.0,279.5,280.0,0.0,242,0.9178658662185981,257.0024,257.0024,256.5435,258.8382
2020-10-05,331200,92881000,279.0,283.5,278.0,283.5,3.5,261,0.9178658662185981,256.0846,260.215,255.1667,260.215
2020-10-06,377250,106424873,283.5,285.0,280.5,282.0,-1.5,313,0.9178658662185981,260.215,258.8382,257.4614,261.5918
2020-10-07,269200,75563600,282.0,283.0,279.0,282.0,0.0,249,0.9178658662185981,258.8382,258.8382,256.0846,259.756
2020-10-08,214191,60074053,282.0,282.5,279.5,281.5,-0.5,198,0.9178658662185981,258.8382,258.3792,256.5435,259.2971
2020-10-12,477915,132420830,278.5,278.5,275.5,277.5,-4.0,212,0.9178658662185981,255.6256,254.7078,252.872,255.6256
2020-10-13,357741,98554257,277.5,277.5,274.0,276.0,-1.5,340,0.9178658662185981,254.7078,253.331,251.4952,254.7078
2020-10-14,372996,106539841,277.0,290.0,277.0,288.5,12.5,345,0.9178658662185981,254.2488,264.8043,254.2488,266.1811
2020-10-15,319213,92210770,288.0,291.5,283.0,288.5,0.0,307,0.9178658662185981,264.3454,264.8043,259.756,267.5579
2020-10-16,278370,81179670,289.0,294.0,289.0,292.0,3.5,266,0.9178658662185981,265.2632,268.0168,265.2632,269.8526
2020-10-19,215241,62530131,296.0,296.5,289.0,290.5,-1.5,211,0.9178658662185981,271.6883,266.64,265.2632,272.1472
2020-10-20,366077,106279598,292.0,294.5,286.5,294.5,4.0,334,0.9178658662185981,268.0168,270.3115,262.9686,270.3115
2020-10-21,270110,79944950,298.0,298.5,292.0,296.5,2.0,259,0.9178658662185981,273.524,272.1472,268.0168,273.983
2020-10-22,383315,111101350,297.0,298.0,286.0,287.0,-9.5,319,0.9178658662185981,272.6062,263.4275,262.5096,273.524
2020-10-23,364012,104547432,289.0,290.5,285.5,287.0,0.0,292,0.9178658662185981,265.2632,263.4275,262.0507,266.64
2020-10-26,218239,63241716,287.0,292.5,286.5,288.0,1.0,195,0.9178658662185981,263.4275,264.3454,262.9686,268.4758
2020-10-27,242150,70162650,288.0,292.0,287.0,290.0,2.0,210,0.9178658662185981,264.3454,266.1811,263.4275,268.0168
2020-10-28,201524,58376074,290.0,292.0,287.5,290.0,0.0,183,0.9178658662185981,266.1811,266.1811,263.8864,268.0168
2020-10-29,174218,50269260,289.0,290.0,287.0,290.0,0.0,158,0.9178658662185981,265.2632,266.1811,263.4275,266.1811
2020-10-30,143570,41453603,290.5,291.5,287.0,288.0,-2.0,141,0.9178658662185981,266.64,264.3454,263.4275,267.5579
2020-11-02,177685,50745975,290.0,292.0,280.5,283.0,-5.0,176,0.9178658662185981,266.1811,259.756,257.4614,268.0168
2020-11-03,160246,45955626,286.0,289.0,284.5,286.0,3.0,154,0.9178658662185981,262.5096,262.5096,261.1328,265.2632
2020-11-04,273110,79328960,288.0,292.0,288.0,290.0,4.0,258,0.9178658662185981,264.3454,266.1811,264.3454,268.0168
2020-11-05,190371,55428987,290.5,293.0,289.0,292.5,2.5,178,0.9178658662185981,266.64,268.4758,265.2632,268.9347
2020-11-06,339378,100132581,293.0,297.0,293.0,295.0,2.5,284,0.9178658662185981,268.9347,270.7704,268.9347,272.6062
2020-11-09,397172,115098839,295.0,296.0,287.0,292.5,-2.5,391,0.9178658662185981,270.7704,268.4758,263.4275,271.6883
2020-11-10,280300,81168191,292.5,292.5,287.5,290.5,-2.0,252,0.9178658662185981,268.4758,266.64,263.8864,268.4758
2020-11-11,214829,62176885,292.0,292.5,288.0,289.0,-1.5,210,0.9178658662185981,268.0168,265.2632,264.3454,268.4758
2020-11-12,404779,116155153,290.0,290.0,284.0,287.5,-1.5,364,0.9178658662185981,266.1811,263.8864,260.6739,266.1811
2020-11-13,264179,75726760,287.5,290.0,285.0,287.5,0.0,257,0.9178658662185981,263.8864,263.8864,261.5918,266.1811
2020-11-16,466603,135216882,288.0,293.0,287.5,292.5,5.0,423,0.9178658662185981,264.3454,268.4758,263.8864,268.9347
2020-11-17,333846,96881886,292.5,293.0,288.0,288.0,-4.5,339,0.9178658662185981,268.4758,264.3454,264.3454,268.9347
2020-11-18,343016,98347187,288.0,289.0,285.0,286.0,-2.0,320,0.9178658662185981,264.3454,262.5096,261.5918,265.2632
2020-11-19,268718,76817087,285.5,288.0,285.0,285.0,-1.0,253,0.9178658662185981,262.0507,261.5918,261.5918,264.3454
2020-11-20,259646,74385873,285.5,288.5,285.0,285.0,0.0,273,0.9178658662185981,262.0507,261.5918,261.5918,264.8043
2020-11-23,339502,99448945,287.0,297.5,287.0,294.5,9.5,351,0.9178658662185981,263.4275,270.3115,263.4275,273.0651
2020-11-24,276041,80991623,296.0,298.5,291.0,294.0,-0.5,290,0.9178658662185981,271.6883,269.8526,267.099,273.983
2020-11-25,305203,89721303,293.0,296.0,292.0,294.5,0.5,278,0.9178658662185981,268.9347,270.3115,268.0168,271.6883
2020-11-26,252543,74272315,295.5,296.5,292.0,295.0,0.5,248,0.9178658662185981,271.2294,270.7704,268.0168,272.1472
2020-11-27,317762,94320554,295.0,298.0,295.0,297.5,2.5,300,0.9178658662185981,270.7704,273.0651,270.7704,273.524
2020-11-30,488420,147193181,299.0,304.5,299.0,300.0,2.5,436,0.9178658662185981,274.4419,275.3598,274.4419,279.4902
2020-12-01,279444,84035129,302.0,303.0,299.5,300.0,0.0,257,0.9178658662185981,277.1955,275.3598,274.9008,278.1134
2020-12-02,290104,87271163,301.0,302.5,300.0,300.5,0.5,258,0.9178658662185981,276.2776,275.8187,275.3598,277.6544
2020-12-03,237291,71376605,303.0,303.0,299.5,301.0,0.5,218,0.9178658662185981,278.1134,276.2776,274.9008,278.1134
2020-12-04,268018,80632440,303.0,303.0,300.0,300.0,-1.0,227,0.9178658662185981,278.1134,275.3598,275.3598,278.1134
2020-12-07,297184,89179188,303.0,303.0,298.5,301.0,1.0,285,0.9178658662185981,278.1134,276.2776,273.983,278.1134
2020-12-08,324535,97763570,302.0,303.0,299.5,303.0,2.0,276,0.9178658662185981,277.1955,278.1134,274.9008,278.1134
2020-12-09,274478,83372262,303.0,306.5,302.5,303.5,0.5,256,0.9178658662185981,278.1134,278.5723,277.6544,281.3259
2020-12-10,358070,108635587,303.5,305.5,301.5,305.0,1.5,338,0.9178658662185981,278.5723,279.9491,276.7366,280.408
2020-12-11,285502,86045496,305.0,305.0,300.0,301.0,-4.0,249,0.9178658662185981,279.9491,276.2776,275.3598,279.9491
2020-12-14,231056,69932896,302.0,304.5,300.0,303.0,2.0,208,0.9178658662185981,277.1955,278.1134,275.3598,279.4902
2020-12-15,198833,59625571,303.0,304.0,297.0,299.0,-4.0,187,0.9178658662185981,278.1134,274.4419,272.6062,279.0312
2020-12-16,181668,54448797,301.0,303.0,298.5,300.5,1.5,176,0.9178658662185981,276.2776,275.8187,273.983,278.1134
2020-12-17,146429,43581400,300.5,301.0,295.0,296.0,-4.5,147,0.9178658662185981,275.8187,271.6883,270.7704,276.2776
2020-12-18,153397,45492702,296.0,299.5,293.0,299.5,3.5,149,0.9178658662185981,271.6883,274.9008,268.9347,274.9008
2020-12-21,150018,44978172,300.0,303.0,296.5,302.0,2.5,147,0.9178658662185981,275.3598,277.1955,272.1472,278.1134
2020-12-22,120285,36149085,302.0,302.0,298.0,299.0,-3.0,111,0.9178658662185981,277.1955,274.4419,273.524,277.1955
2020-12-23,117132,35127271,301.0,302.0,298.0,298.0,-1.0,105,0.9178658662185981,276.2776,273.524,273.524,277.1955
2020-12-24,141067,42368565,300.0,301.5,298.5,300.0,2.0,131,0.9178658662185981,275.3598,275.3598,273.983,276.7366
2020-12-25,140360,42098345,300.0,302.0,298.0,301.5,1.5,125,0.9178658662185981,275.3598,276.7366,273.524,277.1955
2020-12-28,134333,40391471,301.5,302.5,300.0,301.5,0.0,128,0.9178658662185981,276.7366,276.7366,275.3598,277.6544
2020-12-29,91880,27531555,302.0,302.5,297.5,299.5,-2.0,99,0.9178658662185981,277.1955,274.9008,273.0651,277.6544
2020-12-30,111070,33173415,301.0,301.0,298.0,298.5,-1.0,98,0.9178658662185981,276.2776,273.983,273.524,276.2776
2020-12-31,100235,29971134,300.5,301.5,297.0,297.0,-1.5,88,0.9178658662185981,275.8187,272.6062,272.6062,276.7366
2021-01-04,303097,89106643,296.0,298.0,292.0,293.0,-4.0,292,0.9178658662185981,271.6883,268.9347,268.0168,273.524
2021-01-05,125900,36898167,293.5,295.0,291.5,293.0,0.0,142,0.9178658662185981,269.3936,268.9347,267.5579,270.7704
2021-01-06,155371,45198295,294.0,295.0,288.0,288.0,-5.0,173,0.9178658662185981,269.8526,264.3454,264.3454,270.7704
2021-01-07,203971,58475685,291.0,291.0,285.0,287.0,-1.0,222,0.9178658662185981,267.099,263.4275,261.5918,267.099
2021-01-08,261845,75653225,289.5,294.5,285.0,287.0,0.0,269,0.9178658662185981,265.7222,263.4275,261.5918,270.3115
2021-01-11,188041,54156150,289.0,290.0,286.0,288.5,1.5,161,0.9178658662185981,265.2632,264.8043,262.5096,266.1811
2021-01-12,144403,42036281,288.0,292.5,287.5,292.0,3.5,148,0.9178658662185981,264.3454,268.0168,263.8864,268.4758
2021-01-13,136703,40204899,292.5,295.0,292.5,295.0,3.0,127,0.9178658662185981,268.4758,270.7704,268.4758,270.7704
2021-01-14,91212,26942294,296.0,296.0,294.0,294.5,-0.5,87,0.9178658662185981,271.6883,270.3115,269.8526,271.6883
2021-01-15,281447,83923557,296.5,301.5,295.5,300.0,5.5,272,0.9178658662185981,272.1472,275.3598,271.2294,276.7366
2021-01-18,143202,42643457,297.0,301.0,296.0,297.5,-2.5,142,0.9178658662185981,272.6062,273.0651,271.6883,276.2776
2021-01-19,235864,70780494,299.5,301.5,298.5,301.5,4.0,217,0.9178658662185981,274.9008,276.7366,273.983,276.7366
2021-01-20,407585,123183306,303.0,305.0,301.0,302.0,0.5,373,0.9178658662185981,278.1134,277.1955,276.2776,279.9491
2021-01-21,182046,55267787,303.0,305.0,302.5,303.5,1.5,187,0.9178658662185981,278.1134,278.5723,277.6544,279.9491
2021-01-22,244421,74094918,300.5,304.5,300.5,303.0,-0.5,233,0.9178658662185981,275.8187,278.1134,275.8187,279.4902
2021-01-25,327462,99039233,303.0,303.5,301.5,303.0,0.0,142,0.9178658662185981,278.1134,278.1134,276.7366,278.5723
2021-01-26,339721,102896342,303.5,305.0,302.0,303.0,0.0,199,0.9178658662185981,278.5723,278.1134,277.1955,279.9491
2021-01-27,509019,157151527,304.5,312.0,303.0,310.0,7.0,455,0.9178658662185981,279.4902,284.5384,278.1134,286.3742
2021-01-28,311769,94442013,308.0,308.0,301.0,301.5,-8.5,290,0.9178658662185981,282.7027,276.7366,276.2776,282.7027
2021-01-29,308275,91913077,305.0,305.0,294.5,299.0,-2.5,294,0.9178658662185981,279.9491,274.4419,270.3115,279.9491
2021-02-01,197975,58627712,300.0,300.5,293.0,299.5,0.5,197,0.9178658662185981,275.3598,274.9008,268.9347,275.8187
2021-02-02,252568,75677642,300.0,303.5,295.0,303.0,3.5,251,0.9178658662185981,275.3598,278.1134,270.7704,278.5723
2021-02-03,186175,56667040,304.5,308.0,303.0,304.0,1.0,146,0.9178658662185981,279.4902,279.0312,278.1134,282.7027
2021-02-04,124105,37813462,304.0,306.0,303.5,305.0,1.0,123,0.9178658662185981,279.0312,279.9491,278.5723,280.867
2021-02-05,102378,31304069,306.0,310.0,303.0,303.0,-2.0,109,0.9178658662185981,280.867,278.1134,278.1134,284.5384
2021-02-17,393383,124147872,306.5,326.0,306.5,315.0,12.0,427,0.9178658662185981,281.3259,289.1277,281.3259,299.2243
2021-02-18,255964,81367777,317.0,320.5,315.0,320.0,5.0,267,0.9178658662185981,290.9635,293.7171,289.1277,294.176
2021-02-19,187524,60490498,322.0,324.0,320.0,323.0,3.0,229,0.9178658662185981,295.5528,296.4707,293.7171,297.3885
2021-02-22,136364,43672008,324.5,324.5,318.5,319.5,-3.5,173,0.9178658662185981,297.8475,293.2581,292.3403,297.8475
2021-02-23,173734,55845101,317.5,324.5,313.0,322.0,2.5,181,0.9178658662185981,291.4224,295.5528,287.292,297.8475
2021-02-24,137468,44089380,321.0,323.0,318.5,319.5,-2.5,149,0.9178658662185981,294.6349,293.2581,292.3403,296.4707
2021-02-25,117341,37530818,322.5,322.5,318.0,322.0,2.5,126,0.9178658662185981,296.0117,295.5528,291.8813,296.0117
2021-02-26,167244,53382718,319.0,321.0,316.5,321.0,-1.0,176,0.9178658662185981,292.7992,294.6349,290.5045,294.6349
2021-03-02,305372,98281872,322.0,325.0,320.0,321.5,0.5,301,0.9178658662185981,295.5528,295.0939,293.7171,298.3064
2021-03-03,288442,93388528,323.0,330.0,315.5,322.0,0.5,310,0.9178658662185981,296.4707,295.5528,289.5867,302.8957
2021-03-04,132052,42270538,323.0,323.0,317.0,317.5,-4.5,148,0.9178658662185981,296.4707,291.4224,290.9635,296.4707
2021-03-05,183087,58038375,315.0,319.5,314.5,315.5,-2.0,213,0.9178658662185981,289.1277,289.5867,288.6688,293.2581
2021-03-08,175435,55886011,317.5,321.5,315.5,318.0,2.5,149,0.9178658662185981,291.4224,291.8813,289.5867,295.0939
2021-03-09,243634,78296224,317.0,323.5,317.0,322.0,4.0,213,0.9178658662185981,290.9635,295.5528,290.9635,296.9296
2021-03-10,123785,39996812,323.0,327.0,320.0,320.0,-2.0,141,0.9178658662185981,296.4707,293.7171,293.7171,300.1421
2021-03-11,157468,50132730,317.0,319.5,317.0,318.5,-1.5,153,0.9178658662185981,290.9635,292.3403,290.9635,293.2581
2021-03-12,179376,57308138,319.5,320.5,318.0,318.0,-0.5,173,0.9178658662185981,293.2581,291.8813,291.8813,294.176
2021-03-15,158209,50070776,319.0,319.0,313.5,315.0,-3.0,173,0.9178658662185981,292.7992,289.1277,287.7509,292.7992
2021-03-16,168232,52790932,315.0,316.5,313.0,315.0,0.0,160,0.9178658662185981,289.1277,289.1277,287.292,290.5045
2021-03-17,117210,37013808,316.0,319.5,314.0,315.0,0.0,120,0.9178658662185981,290.0456,289.1277,288.2099,293.2581
2021-03-18,113133,36096557,319.0,320.5,316.0,320.0,5.0,112,0.9178658662185981,292.7992,293.7171,290.0456,294.176
2021-03-19,209399,66468243,316.5,321.0,316.5,317.0,-3.0,109,0.9178658662185981,290.5045,290.9635,290.5045,294.6349
2021-03-22,157117,50327954,317.0,322.0,317.0,321.0,4.0,176,0.9178658662185981,290.9635,294.6349,290.9635,295.5528
2021-03-23,82465,26435833,322.0,322.5,319.0,321.0,0.0,93,0.9178658662185981,295.5528,294.6349,292.7992,296.0117
2021-03-24,60652,19397864,320.5,322.0,318.5,320.0,-1.0,67,0.9178658662185981,294.176,293.7171,292.3403,295.5528
2021-03-25,119437,38042406,321.0,321.0,315.5,317.0,-3.0,121,0.9178658662185981,294.6349,290.9635,289.5867,294.6349
2021-03-26,155111,49770821,319.0,323.0,319.0,320.0,3.0,149,0.9178658662185981,292.7992,293.7171,292.7992,296.4707
2021-03-29,175557,57064189,324.5,328.0,320.5,327.0,7.0,191,0.9178658662185981,297.8475,300.1421,294.176,301.06
2021-03-30,144461,47291983,328.0,329.5,326.0,328.5,1.5,150,0.9178658662185981,301.06,301.5189,299.2243,302.4368
2021-03-31,126642,41597390,329.0,330.0,327.0,329.5,1.0,129,0.9178658662185981,301.9779,302.4368,300.1421,302.8957
2021-04-01,106605,35080010,330.5,331.0,327.5,329.5,0.0,107,0.9178658662185981,303.3547,302.4368,300.6011,303.8136
2021-04-06,109789,36167712,331.0,332.0,328.0,330.0,0.5,107,0.9178658662185981,303.8136,302.8957,301.06,304.7315
2021-04-07,164877,54323575,332.0,332.0,328.5,331.5,1.5,122,0.9178658662185981,304.7315,304.2725,301.5189,304.7315
2021-04-08,114863,38119986,333.0,334.0,329.0,334.0,2.5,121,0.9178658662185981,305.6493,306.5672,301.9779,306.5672
2021-04-09,103878,34522179,334.0,335.0,330.5,333.5,-0.5,106,0.9178658662185981,306.5672,306.1083,303.3547,307.4851
2021-04-12,111528,37159762,334.5,334.5,331.5,333.0,-0.5,138,0.9178658662185981,307.0261,305.6493,304.2725,307.0261
2021-04-13,127921,42649380,333.0,334.5,331.5,334.0,1.0,125,0.9178658662185981,305.6493,306.5672,304.2725,307.0261
2021-04-14,111639,37030397,335.0,335.0,329.5,333.0,-1.0,102,0.9178658662185981,307.4851,305.6493,302.4368,307.4851
2021-04-15,148429,49606338,334.0,335.5,332.0,333.0,0.0,151,0.9178658662185981,306.5672,305.6493,304.7315,307.944
2021-04-16,204765,69913703,333.0,344.5,333.0,343.0,10.0,222,0.9178658662185981,305.6493,314.828,305.6493,316.2048
2021-04-19,138548,48214968,346.0,350.0,346.0,348.0,5.0,151,0.9178658662185981,317.5816,319.4173,317.5816,321.2531
2021-04-20,183349,64124464,352.0,353.0,347.0,351.0,3.0,188,0.9178658662185981,323.0888,322.1709,318.4995,324.0067
2021-04-21,359189,128112968,350.5,365.5,350.0,358.0,7.0,372,0.9178658662185981,321.712,328.596,321.2531,335.48
2021-04-22,417254,153991995,361.0,375.0,361.0,367.5,9.5,406,0.9178658662185981,331.3496,337.3157,331.3496,344.1997
2021-04-23,325364,119773548,372.0,378.0,364.5,367.5,0.0,292,0.9178658662185981,341.4461,337.3157,334.5621,346.9533
2021-04-26,161556,58937025,367.5,368.0,362.0,365.5,-2.0,162,0.9178658662185981,337.3157,335.48,332.2674,337.7746
2021-04-27,130379,47528317,367.0,367.5,362.0,365.0,-0.5,116,0.9178658662185981,336.8568,335.021,332.2674,337.3157
2021-04-28,123829,44592990,365.0,367.0,358.5,360.5,-4.5,128,0.9178658662185981,335.021,330.8906,329.0549,336.8568
2021-04-29,120286,43097770,360.5,360.5,354.5,360.0,-0.5,144,0.9178658662185981,330.8906,330.4317,325.3834,330.8906
2021-05-03,103280,36662511,358.5,358.5,352.0,354.5,-5.5,124,0.9178658662185981,329.0549,325.3834,323.0888,329.0549
2021-05-04,104051,36107899,357.5,357.5,343.0,351.5,-3.0,132,0.9178658662185981,328.137,322.6299,314.828,328.137
2021-05-05,117210,40859358,351.0,353.0,345.5,349.5,-2.0,126,0.9178658662185981,322.1709,320.7941,317.1227,324.0067
2021-05-06,73208,25620924,352.0,359.0,346.5,346.5,-3.0,94,0.9178658662185981,323.0888,318.0405,318.0405,329.5138
2021-05-07,114995,40352688,346.0,354.0,346.0,354.0,7.5,104,0.9178658662185981,317.5816,324.9245,317.5816,324.9245
2021-05-10,499340,190531672,369.5,389.0,369.5,374.0,20.0,510,0.9178658662185981,339.1514,343.2818,339.1514,357.0498
2021-05-11,500640,190902201,382.0,385.5,375.0,380.0,6.0,507,0.9178658662185981,350.6248,348.789,344.1997,353.8373
2021-05-12,365994,136717571,386.0,387.0,350.5,364.5,-15.5,392,0.9178658662185981,354.2962,334.5621,321.712,355.2141
2021-05-13,166764,60769195,369.0,372.5,348.0,366.0,1.5,176,0.9178658662185981,338.6925,335.9389,319.4173,341.905
2021-05-14,218860,80096564,375.0,380.0,369.5,376.0,10.0,195,0.9178658662185981,344.1997,345.1176,339.1514,348.789
2021-05-17,199474,73344107,369.5,379.0,358.0,362.0,-14.0,216,0.9178658662185981,339.1514,332.2674,328.596,347.8712
2021-05-18,188896,71672478,370.0,384.0,370.0,383.5,21.5,216,0.9178658662185981,339.6104,352.0016,339.6104,352.4605
2021-05-19,144778,55627246,386.0,392.0,373.0,382.5,-1.0,162,0.9178658662185981,354.2962,351.0837,342.364,359.8034
2021-05-20,92165,34868751,380.0,385.0,376.0,380.5,-2.0,91,0.9178658662185981,348.789,349.248,345.1176,353.3784
2021-05-21,100373,38334918,382.0,386.0,377.5,383.0,2.5,105,0.9178658662185981,350.6248,351.5426,346.4944,354.2962
2021-05-24,229019,89570376,382.0,399.5,381.0,390.0,7.0,220,0.9178658662185981,350.6248,357.9677,349.7069,366.6874
2021-05-25,98717,38657331,393.0,396.0,387.5,390.5,0.5,112,0.9178658662185981,360.7213,358.4266,355.673,363.4749
2021-05-26,97550,38131229,393.0,395.0,385.0,389.5,-1.0,106,0.9178658662185981,360.7213,357.5088,353.3784,362.557
2021-05-27,127030,49391663,387.0,391.0,385.0,390.5,1.0,121,0.9178658662185981,355.2141,358.4266,353.3784,358.8856
2021-05-28,242554,92291514,394.5,394.5,375.0,376.5,-14.0,280,0.9178658662185981,362.0981,345.5765,344.1997,362.0981
2021-05-31,113327,42033585,376.5,383.5,376.5,383.5,7.0,98,0.9178658662185981,345.5765,352.0016,345.5765,352.0016
2021-06-01,71794,27773961,383.5,389.0,383.5,389.0,5.5,94,0.9178658662185981,352.0016,357.0498,352.0016,357.0498
2021-06-02,86232,33441091,389.0,393.0,384.5,389.0,0.0,97,0.9178658662185981,357.0498,357.0498,352.9194,360.7213
2021-06-03,80498,31027909,389.0,392.0,382.0,386.5,-2.5,81,0.9178658662185981,357.0498,354.7552,350.6248,359.8034
2021-06-04,68386,26453059,389.0,390.5,382.5,382.5,-4.0,85,0.9178658662185981,357.0498,351.0837,351.0837,358.4266
2021-06-07,69526,26649616,388.0,388.0,381.0,388.0,5.5,85,0.9178658662185981,356.132,356.132,349.7069,356.132
2021-06-08,91077,35321262,391.5,393.0,382.0,387.5,-0.5,102,0.9178658662185981,359.3445,355.673,350.6248,360.7213
2021-06-09,80351,31218197,387.0,391.0,385.0,390.5,3.0,91,0.9178658662185981,355.2141,358.4266,353.3784,358.8856
2021-06-10,63187,24726424,390.5,393.0,388.0,392.0,1.5,75,0.9178658662185981,358.4266,359.8034,356.132,360.7213
2021-06-11,99446,38932883,391.0,394.0,387.5,393.0,1.0,108,0.9178658662185981,358.8856,360.7213,355.673,361.6392
2021-06-15,123015,48310265,393.0,396.5,389.0,394.5,1.5,155,0.9178658662185981,360.7213,362.0981,357.0498,363.9338
2021-06-16,541650,221278923,394.5,419.0,394.5,411.5,17.0,580,0.9178658662185981,362.0981,377.7018,362.0981,384.5858
2021-06-17,369599,149865844,410.5,417.0,400.5,402.5,-9.0,365,0.9178658662185981,376.7839,369.441,367.6053,382.7501
2021-06-18,337749,135824636,405.0,409.0,395.5,395.5,-7.0,319,0.9178658662185981,371.7357,363.016,363.016,375.4071
2021-06-21,163988,64726695,395.0,397.5,392.0,397.5,2.0,194,0.9178658662185981,362.557,364.8517,359.8034,364.8517
2021-06-22,209171,84042661,394.0,407.0,394.0,401.0,3.5,220,0.9178658662185981,361.6392,368.0642,361.6392,373.5714
2021-06-23,125148,50639408,399.5,408.0,396.0,405.5,4.5,135,0.9178658662185981,366.6874,372.1946,363.4749,374.4893
2021-06-24,144449,59579685,414.5,417.0,407.5,412.0,6.5,152,0.9178658662185981,380.4554,378.1607,374.0303,382.7501
2021-06-25,75609,31280648,412.0,416.0,411.0,414.0,2.0,98,0.9178658662185981,378.1607,379.9965,377.2429,381.8322
2021-06-28,162486,65452130,409.0,414.0,399.0,400.0,-14.0,170,0.9178658662185981,375.4071,367.1463,366.2285,379.9965
2021-06-29,155789,61863488,400.0,401.5,395.0,395.0,-5.0,243,0.9178658662185981,367.1463,362.557,362.557,368.5231
2021-06-30,113278,44695508,400.0,400.5,392.0,392.5,-2.5,143,0.9178658662185981,367.1463,360.2624,359.8034,367.6053
2021-07-01,123804,48936530,400.5,401.0,392.0,392.0,-0.5,115,0.9178658662185981,367.6053,359.8034,359.8034,368.0642
2021-07-02,127450,49826501,397.0,398.5,388.5,388.5,-3.5,144,0.9178658662185981,364.3927,356.5909,356.5909,365.7695
2021-07-05,141690,55145208,390.0,393.0,387.5,390.5,2.0,141,0.9178658662185981,357.9677,358.4266,355.673,360.7213
2021-07-06,84172,32827679,394.5,396.0,388.0,388.5,-2.0,91,0.9178658662185981,362.0981,356.5909,356.132,363.4749
2021-07-07,142457,55064575,388.5,391.5,384.5,387.5,-1.0,142,0.9178658662185981,356.5909,355.673,352.9194,359.3445
2021-07-08,70443,27450222,390.0,394.0,386.0,390.0,2.5,71,0.9178658662185981,357.9677,357.9677,354.2962,361.6392
2021-07-09,113392,43853766,389.0,392.5,381.0,388.0,-2.0,109,0.9178658662185981,357.0498,356.132,349.7069,360.2624
2021-07-12,103204,39915015,388.0,393.0,381.5,384.5,-3.5,119,0.9178658662185981,356.132,352.9194,350.1658,360.7213
2021-07-13,97597,37317651,382.0,389.0,381.0,382.0,-2.5,114,0.9178658662185981,350.6248,350.6248,349.7069,357.0498
2021-07-14,111579,42359669,383.0,385.5,376.5,380.0,-2.0,126,0.9178658662185981,351.5426,348.789,345.5765,353.8373
2021-07-15,95125,36102125,381.0,381.0,378.5,380.0,0.0,97,0.9178658662185981,349.7069,348.789,347.4122,349.7069
2021-07-16,190632,71648048,378.5,380.0,370.5,379.0,-1.0,185,0.9178658662185981,347.4122,347.8712,340.0693,348.789
2021-07-19,98561,36730018,379.0,382.0,369.0,373.0,-6.0,113,0.9178658662185981,347.8712,342.364,338.6925,350.6248
2021-07-20,103404,38374442,368.5,374.5,368.5,374.0,1.0,99,0.9178658662185981,338.2336,343.2818,338.2336,343.7408
2021-07-21,161392,59705503,379.5,379.5,366.5,368.5,-5.5,168,0.9178658662185981,348.3301,338.2336,336.3978,348.3301
2021-07-22,227715,82794725,368.0,369.0,358.0,362.0,-6.5,255,0.9178658662185981,337.7746,332.2674,328.596,338.6925
2021-07-23,71285,26197853,362.0,369.5,362.0,367.0,5.0,76,0.9178658662185981,332.2674,336.8568,332.2674,339.1514
2021-07-26,88356,32607821,368.0,372.0,366.0,370.0,3.0,97,0.9178658662185981,337.7746,339.6104,335.9389,341.4461
2021-07-27,151145,56012465,370.0,375.5,367.0,371.0,1.0,126,0.9178658662185981,339.6104,340.5282,336.8568,344.6586
2021-07-28,131139,48437342,372.0,374.0,367.0,372.5,1.5,115,0.9178658662185981,341.4461,341.905,336.8568,343.2818
2021-07-29,365520,136442543,373.0,376.5,368.0,375.0,2.5,288,0.9178658662185981,342.364,344.1997,337.7746,345.5765
2021-07-30,62062,23258250,377.0,380.0,372.0,372.5,-2.5,73,0.9178658662185981,346.0354,341.905,341.4461,348.789
2021-08-02,112239,41057766,373.0,374.0,361.5,365.5,-7.0,127,0.9178658662185981,342.364,335.48,331.8085,343.2818
2021-08-03,57247,20905437,367.0,367.0,362.5,367.0,1.5,67,0.9178658662185981,336.8568,336.8568,332.7264,336.8568
2021-08-04,81365,29769316,367.0,369.0,363.0,366.0,-1.0,87,0.9178658662185981,336.8568,335.9389,333.1853,338.6925
2021-08-05,76298,27792662,366.5,367.0,362.5,363.0,-3.0,84,0.9178658662185981,336.3978,333.1853,332.7264,336.8568
2021-08-06,103163,37259003,364.0,364.0,358.5,363.0,0.0,100,0.9178658662185981,334.1032,333.1853,329.0549,334.1032
2021-08-09,397383,149011990,371.0,379.0,370.5,375.0,12.0,382,0.9178658662185981,340.5282,344.1997,340.0693,347.8712
2021-08-10,240503,88437446,375.0,375.0,363.5,365.0,-10.0,270,0.9178658662185981,344.1997,335.021,333.6442,344.1997
2021-08-11,157002,57747250,364.0,370.0,364.0,368.0,3.0,144,0.9178658662185981,334.1032,337.7746,334.1032,339.6104
2021-08-12,132413,48145745,367.0,367.0,361.0,364.5,-3.5,138,0.9178658662185981,336.8568,334.5621,331.3496,336.8568
2021-08-13,237042,86742970,364.5,370.0,364.5,366.0,1.5,203,0.9178658662185981,334.5621,335.9389,334.5621,339.6104
2021-08-16,196212,72487292,367.0,373.5,366.0,370.5,4.5,193,0.9178658662185981,336.8568,340.0693,335.9389,342.8229
2021-08-17,207385,76620365,370.0,372.0,366.5,369.0,-1.5,198,0.9178658662185981,339.6104,338.6925,336.3978,341.4461
2021-08-18,200193,73222355,365.0,370.0,362.0,364.5,-4.5,180,0.9178658662185981,335.021,334.5621,332.2674,339.6104
2021-08-19,236267,85920163,363.0,365.0,361.0,361.0,-3.5,203,0.9178658662185981,333.1853,331.3496,331.3496,335.021
2021-08-20,115040,41715119,361.0,366.0,361.0,362.5,1.5,110,0.9178658662185981,331.3496,332.7264,331.3496,335.9389
2021-08-23,160100,58385620,364.5,366.5,362.5,362.5,0.0,140,0.9178658662185981,334.5621,332.7264,332.7264,336.3978
2021-08-24,143217,52281518,364.0,368.0,358.0,366.0,3.5,147,0.9178658662185981,334.1032,335.9389,328.596,337.7746
2021-08-25,146407,53417341,369.0,369.0,363.5,365.0,-1.0,135,0.9178658662185981,338.6925,335.021,333.6442,338.6925
2021-08-26,216376,78985958,364.5,367.0,363.0,365.5,0.0,198,0.9335182823500566,340.2674,341.2009,338.8671,342.6012
2021-08-27,93297,33688252,365.0,365.0,357.0,363.0,-2.5,107,0.9335182823500566,340.7342,338.8671,333.266,340.7342
2021-08-30,110020,40246872,365.0,368.0,363.0,368.0,5.0,106,0.9335182823500566,340.7342,343.5347,338.8671,343.5347
2021-08-31,244409,90663959,370.5,375.0,368.0,373.5,5.5,216,0.9335182823500566,345.8685,348.6691,343.5347,350.0694
2021-09-01,484381,178949334,374.5,374.5,364.0,370.0,-3.5,147,0.9335182823500566,349.6026,345.4018,339.8007,349.6026
2021-09-02,987333,360478514,368.0,368.0,360.0,364.5,-5.5,208,0.9335182823500566,343.5347,340.2674,336.0666,343.5347
2021-09-03,179010,66047690,367.0,372.0,367.0,369.0,4.5,172,0.9335182823500566,342.6012,344.4682,342.6012,347.2688
2021-09-06,98112,36376520,371.0,372.0,369.0,372.0,3.0,102,0.9335182823500566,346.3353,347.2688,344.4682,347.2688
2021-09-07,487077,185479300,372.0,392.0,368.5,392.0,20.0,478,0.9335182823500566,347.2688,365.9392,344.0015,365.9392
2021-09-08,172256,66880879,392.0,394.0,380.0,387.0,-5.0,192,0.9335182823500566,365.9392,361.2716,354.7369,367.8062
2021-09-09,199874,75953388,390.0,390.0,375.5,377.0,-10.0,204,0.9335182823500566,364.0721,351.9364,350.5361,364.0721
2021-09-10,353163,134840034,381.0,386.0,376.0,382.0,5.0,338,0.9335182823500566,355.6705,356.604,351.0029,360.3381
2021-09-13,247348,95089094,385.0,387.0,382.0,387.0,5.0,259,0.9335182823500566,359.4045,361.2716,356.604,361.2716
2021-09-14,281864,111096336,389.5,399.0,389.5,398.0,11.0,290,0.9335182823500566,363.6054,371.5403,363.6054,372.4738
2021-09-15,162357,63925695,398.0,400.0,390.0,390.0,-8.0,167,0.9335182823500566,371.5403,364.0721,364.0721,373.4073
2021-09-16,388069,153489130,390.0,402.0,389.0,396.0,6.0,379,0.9335182823500566,364.0721,369.6732,363.1386,375.2743
2021-09-17,357368,143171375,395.0,403.0,395.0,399.0,3.0,353,0.9335182823500566,368.7397,372.4738,368.7397,376.2079
2021-09-22,199668,79447521,395.0,400.0,394.0,398.0,-1.0,183,0.9335182823500566,368.7397,371.5403,367.8062,373.4073
2021-09-23,330700,132225839,399.0,401.5,398.5,400.5,2.5,363,0.9335182823500566,372.4738,373.8741,372.007,374.8076
2021-09-24,179972,73161309,404.0,410.0,404.0,407.0,6.5,204,0.9335182823500566,377.1414,379.9419,377.1414,382.7425
2021-09-27,204075,82387314,409.0,410.0,398.0,399.0,-8.0,204,0.9335182823500566,381.809,372.4738,371.5403,382.7425
2021-09-28,157055,61822947,399.0,401.0,390.0,394.0,-5.0,156,0.9335182823500566,372.4738,367.8062,364.0721,374.3408
2021-09-29,336857,128352792,392.0,392.0,376.5,379.5,-14.5,292,0.9335182823500566,365.9392,354.2702,351.4696,365.9392
2021-09-30,295036,111663976,382.0,390.0,370.0,388.0,8.5,288,0.9335182823500566,356.604,362.2051,345.4018,364.0721
2021-10-01,166353,63257987,385.0,385.0,375.0,381.0,-7.0,158,0.9335182823500566,359.4045,355.6705,350.0694,359.4045
2021-10-04,124888,47087622,382.0,382.5,373.0,379.0,-2.0,131,0.9335182823500566,356.604,353.8034,348.2023,357.0707
2021-10-05,216166,82026622,376.0,384.5,376.0,379.5,0.5,183,0.9335182823500566,351.0029,354.2702,351.0029,358.9378
2021-10-06,113038,42613849,379.0,379.5,374.0,377.0,-2.5,108,0.9335182823500566,353.8034,351.9364,349.1358,354.2702
2021-10-07,257758,97451390,373.5,382.0,373.5,378.5,1.5,324,0.9335182823500566,348.6691,353.3367,348.6691,356.604
2021-10-08,133351,50274829,378.0,379.0,376.0,377.0,-1.5,160,0.9335182823500566,352.8699,351.9364,351.0029,353.8034
2021-10-12,162087,61242809,376.0,381.5,375.0,378.5,1.5,161,0.9335182823500566,351.0029,353.3367,350.0694,356.1372
2021-10-13,132028,49558529,375.0,378.5,373.0,376.0,-2.5,129,0.9335182823500566,350.0694,351.0029,348.2023,353.3367
2021-10-14,185357,69691475,372.5,379.5,372.0,377.0,1.0,183,0.9335182823500566,347.7356,351.9364,347.2688,354.2702
2021-10-15,197046,75770704,378.5,398.5,378.5,388.5,11.5,192,0.9335182823500566,353.3367,362.6719,353.3367,372.007
2021-10-18,112550,43216311,388.5,388.5,382.0,384.5,-4.0,105,0.9335182823500566,362.6719,358.9378,356.604,362.6719
2021-10-19,155054,59803713,388.0,391.5,383.0,385.5,1.0,153,0.9335182823500566,362.2051,359.8713,357.5375,365.4724
2021-10-20,219456,84675451,385.0,388.5,384.0,386.5,1.0,201,0.9335182823500566,359.4045,360.8048,358.471,362.6719
2021-10-21,333424,130145866,385.5,395.0,385.5,387.5,1.0,291,0.9335182823500566,359.8713,361.7383,359.8713,368.7397
2021-10-22,652209,253992740,387.5,395.0,386.5,392.5,5.0,391,0.9335182823500566,361.7383,366.4059,360.8048,368.7397
2021-10-25,265152,103516113,394.0,394.0,389.0,390.0,-2.5,188,0.9335182823500566,367.8062,364.0721,363.1386,367.8062
2021-10-26,723622,287125059,390.0,407.5,389.0,397.0,7.0,636,0.9335182823500566,364.0721,370.6068,363.1386,380.4087
2021-10-27,676576,281990547,400.0,430.0,400.0,421.5,24.5,675,0.9335182823500566,373.4073,393.478,373.4073,401.4129
2021-10-28,176853,74165077,421.5,424.0,415.0,421.0,-0.5,233,0.9335182823500566,393.478,393.0112,387.4101,395.8118
2021-10-29,271918,115646864,421.0,430.5,418.0,427.0,6.0,275,0.9335182823500566,393.0112,398.6123,390.2106,401.8796
2021-11-01,163148,69050012,430.0,430.0,419.0,423.0,-4.0,293,0.9335182823500566,401.4129,394.8782,391.1442,401.4129
2021-11-02,251065,104326035,423.5,423.5,408.0,413.0,-10.0,266,0.9335182823500566,395.345,385.5431,380.8755,395.345
2021-11-03,117173,49098669,419.0,426.0,413.5,418.0,5.0,123,0.9335182823500566,391.1442,390.2106,386.0098,397.6788
2021-11-04,132337,55913603,420.0,426.0,418.5,420.0,2.0,156,0.9335182823500566,392.0777,392.0777,390.6774,397.6788
2021-11-05,110478,46405013,418.5,425.0,413.5,424.5,4.5,121,0.9335182823500566,390.6774,396.2785,386.0098,396.7453
2021-11-08,344079,149694448,433.5,440.5,430.0,439.0,14.5,393,0.9335182823500566,404.6802,409.8145,401.4129,411.2148
2021-11-09,744729,346132682,454.5,471.5,448.0,465.0,26.0,875,0.9335182823500566,424.2841,434.086,418.2162,440.1539
2021-11-10,467181,215632147,471.5,471.5,449.0,467.0,2.0,808,0.9335182823500566,440.1539,435.953,419.1497,440.1539
2021-11-11,300206,137713028,459.0,466.5,454.5,461.0,-6.0,437,0.9335182823500566,428.4849,430.3519,424.2841,435.4863
2021-11-12,230505,105081729,461.0,463.0,450.0,459.5,-1.5,240,0.9335182823500566,430.3519,428.9517,420.0832,432.219
2021-11-15,171254,78845383,457.0,466.5,453.5,465.5,6.0,212,0.9335182823500566,426.6179,434.5528,423.3505,435.4863
2021-11-16,170610,79629338,471.5,471.5,460.5,467.0,1.5,209,0.9335182823500566,440.1539,435.953,429.8852,440.1539
2021-11-17,192778,89045347,466.0,470.0,458.0,461.5,-5.5,214,0.9335182823500566,435.0195,430.8187,427.5514,438.7536
2021-11-18,209680,97286529,461.5,467.0,453.5,461.5,0.0,203,0.9335182823500566,430.8187,430.8187,423.3505,435.953
2021-11-19,424905,200889528,461.5,479.5,457.0,476.0,14.5,462,0.9335182823500566,430.8187,444.3547,426.6179,447.622
2021-11-22,336374,162715176,473.0,487.5,473.0,487.5,11.5,336,0.9335182823500566,441.5541,455.0902,441.5541,455.0902
2021-11-23,225417,108631331,487.5,487.5,477.5,482.0,-5.5,333,0.9335182823500566,455.0902,449.9558,445.755,455.0902
2021-11-24,405911,191846726,478.0,485.5,466.0,466.5,-15.5,437,0.9335182823500566,446.2217,435.4863,435.0195,453.2231
2021-11-25,298379,142496486,467.0,482.5,467.0,478.0,11.5,310,0.9335182823500566,435.953,446.2217,435.953,450.4226
2021-11-26,219967,104229131,474.0,481.0,468.0,469.0,-9.0,254,0.9335182823500566,442.4877,437.8201,436.8866,449.0223
2021-11-29,325817,152152976,468.0,474.0,462.5,468.0,-1.0,270,0.9335182823500566,436.8866,436.8866,431.7522,442.4877
2021-11-30,397588,190749008,476.0,490.0,472.5,481.5,13.5,397,0.9335182823500566,444.3547,449.4891,441.0874,457.424
2021-12-01,242218,117078774,481.5,487.5,473.0,485.5,4.0,333,0.9335182823500566,449.4891,453.2231,441.5541,455.0902
2021-12-02,222310,105234656,485.5,485.5,466.0,470.0,-15.5,389,0.9335182823500566,453.2231,438.7536,435.0195,453.2231
2021-12-03,336315,162901941,470.5,491.5,470.5,490.0,20.0,355,0.9335182823500566,439.2204,457.424,439.2204,458.8242
2021-12-06,199969,96565530,490.0,490.5,476.0,490.0,0.0,273,0.9335182823500566,457.424,457.424,444.3547,457.8907
2021-12-07,240112,116623578,493.0,493.0,479.0,487.0,-3.0,248,0.9335182823500566,460.2245,454.6234,447.1553,460.2245
2021-12-08,164287,80611735,486.5,492.5,486.5,492.0,5.0,185,0.9335182823500566,454.1566,459.291,454.1566,459.7578
2021-12-09,178852,87560154,492.0,496.5,482.5,484.5,-7.5,535,0.9335182823500566,459.291,452.2896,450.4226,463.4918
2021-12-10,118846,57989610,483.0,490.0,483.0,488.5,4.0,140,0.9335182823500566,450.8893,456.0237,450.8893,457.424
2021-12-13,313794,156864928,496.0,503.0,495.0,501.0,12.5,312,0.9335182823500566,463.0251,467.6927,462.0915,469.5597
2021-12-14,241892,119666667,501.0,503.0,485.0,493.0,-8.0,600,0.9335182823500566,467.6927,460.2245,452.7564,469.5597
2021-12-15,114645,55768200,491.0,491.0,483.0,487.5,-5.5,231,0.9335182823500566,458.3575,455.0902,450.8893,458.3575
2021-12-16,153580,75775038,500.0,500.0,489.0,494.0,6.5,285,0.9335182823500566,466.7591,461.158,456.4904,466.7591
2021-12-17,143469,71034519,494.0,499.0,491.5,491.5,-2.5,146,0.9335182823500566,461.158,458.8242,458.8242,465.8256
2021-12-20,112433,54844465,491.5,491.5,485.0,489.5,-2.0,120,0.9335182823500566,458.8242,456.9572,452.7564,458.8242
2021-12-21,249318,122409915,490.0,497.5,486.0,489.0,-0.5,266,0.9335182823500566,457.424,456.4904,453.6899,464.4253
2021-12-22,179633,88960787,489.0,498.0,489.0,498.0,9.0,193,0.9335182823500566,456.4904,464.8921,456.4904,464.8921
2021-12-23,147498,73473495,499.0,501.0,495.0,501.0,3.0,150,0.9335182823500566,465.8256,467.6927,462.0915,467.6927
2021-12-24,259152,130749203,501.0,508.0,500.0,508.0,7.0,280,0.9335182823500566,467.6927,474.2273,466.7591,474.2273
2021-12-27,169943,86424616,507.0,512.0,505.0,505.0,-3.0,214,0.9335182823500566,473.2938,471.4267,471.4267,477.9614
2021-12-28,233824,120711850,515.0,519.0,514.0,517.0,12.0,566,0.9335182823500566,480.7619,482.629,479.8284,484.496
2021-12-29,344570,180359338,521.0,539.0,511.0,518.0,1.0,770,0.9335182823500566,486.363,483.5625,477.0278,503.1664
2021-12-30,100529,51909651,518.0,522.0,511.0,517.0,-1.0,213,0.9335182823500566,483.5625,482.629,477.0278,487.2965
2022-01-03,222440,114207346,519.0,524.0,505.0,512.0,-5.0,280,0.9335182823500566,484.496,477.9614,471.4267,489.1636
2022-01-04,167288,84016125,515.0,515.0,499.0,501.0,-11.0,200,0.9335182823500566,480.7619,467.6927,465.8256,480.7619
2022-01-05,208216,102579571,501.0,501.0,486.0,494.5,-6.5,245,0.9335182823500566,467.6927,461.6248,453.6899,467.6927
2022-01-06,168536,82152607,490.5,491.0,483.5,490.0,-4.5,188,0.9335182823500566,457.8907,457.424,451.3561,458.3575
2022-01-07,425617,203085855,500.0,502.0,467.5,471.0,-19.0,488,0.9335182823500566,466.7591,439.6871,436.4198,468.6262
2022-01-10,348305,162358021,468.0,475.5,462.0,465.0,-6.0,358,0.9335182823500566,436.8866,434.086,431.2854,443.8879
2022-01-11,351823,160823797,465.0,466.0,452.0,458.0,-7.0,393,0.9335182823500566,434.086,427.5514,421.9503,435.0195
2022-01-12,139707,63543137,464.5,464.5,452.5,453.5,-4.5,147,0.9335182823500566,433.6192,423.3505,422.417,433.6192
2022-01-13,401441,185888672,458.5,470.0,453.5,469.0,15.5,389,0.9335182823500566,428.0181,437.8201,423.3505,438.7536
2022-01-14,262422,122535858,469.0,473.0,460.5,469.5,0.5,248,0.9335182823500566,437.8201,438.2868,429.8852,441.5541
2022-01-17,154999,73568279,465.5,479.0,464.0,478.0,8.5,159,0.9335182823500566,434.5528,446.2217,433.1525,447.1553
2022-01-18,158043,75191939,476.0,480.5,470.5,474.0,-4.0,162,0.9335182823500566,444.3547,442.4877,439.2204,448.5555
2022-01-19,184750,87771128,472.5,478.5,469.5,477.0,3.0,183,0.9335182823500566,441.0874,445.2882,438.2868,446.6885
2022-01-20,94042,44123278,474.0,476.5,466.5,467.5,-9.5,112,0.9335182823500566,442.4877,436.4198,435.4863,444.8215
2022-01-21,138888,64062089,464.5,469.5,456.5,456.5,-11.0,151,0.9335182823500566,433.6192,426.1511,426.1511,438.2868
2022-01-24,254219,115152232,450.0,457.5,445.0,454.5,-2.0,208,0.9335182823500566,420.0832,424.2841,415.4156,427.0846
2022-01-25,141375,63303485,455.0,455.0,444.0,444.0,-10.5,147,0.9335182823500566,424.7508,414.4821,414.4821,424.7508
2022-01-26,246800,109564921,444.0,449.5,440.0,448.0,4.0,261,0.9335182823500566,414.4821,418.2162,410.748,419.6165
2022-02-07,222883,99572105,448.5,460.0,440.0,450.5,2.5,224,0.9335182823500566,418.6829,420.55,410.748,429.4184
2022-02-08,317367,146532813,452.0,471.0,452.0,465.0,14.5,311,0.9335182823500566,421.9503,434.086,421.9503,439.6871
2022-02-09,223486,105986891,466.0,479.5,466.0,474.5,9.5,236,0.9335182823500566,435.0195,442.9544,435.0195,447.622
2022-02-10,202089,95496502,475.0,478.0,467.5,472.0,-2.5,193,0.9335182823500566,443.4212,440.6206,436.4198,446.2217
2022-02-11,187077,88232902,475.0,475.0,466.5,473.0,1.0,184,0.9335182823500566,443.4212,441.5541,435.4863,443.4212
2022-02-14,124854,57451789,471.0,471.0,456.0,457.5,-15.5,125,0.9335182823500566,439.6871,427.0846,425.6843,439.6871
2022-02-15,162229,73772126,459.0,460.0,450.0,450.0,-7.5,168,0.9335182823500566,428.4849,420.0832,420.0832,429.4184
2022-02-16,121339,54988523,456.5,460.0,450.0,450.0,0.0,128,0.9335182823500566,426.1511,420.0832,420.0832,429.4184
2022-02-17,104177,47239695,446.5,457.0,446.5,451.5,1.5,112,0.9335182823500566,416.8159,421.4835,416.8159,426.6179
2022-02-18,167442,74440180,450.0,450.0,441.0,445.0,-6.5,152,0.9335182823500566,420.0832,415.4156,411.6816,420.0832
2022-02-21,142485,62756344,445.0,445.0,438.5,442.0,-3.0,142,0.9335182823500566,415.4156,412.6151,409.3478,415.4156
2022-02-22,164057,71148364,442.0,444.5,429.0,431.0,-11.0,200,0.9335182823500566,412.6151,402.3464,400.4793,414.9489
2022-02-23,133179,58335036,435.5,443.5,432.0,441.0,10.0,133,0.9335182823500566,406.5472,411.6816,403.2799,414.0154
2022-02-24,354381,150793767,433.0,438.0,420.0,420.0,-21.0,325,0.9335182823500566,404.2134,392.0777,392.0777,408.881
2022-02-25,199997,85206009,425.0,431.5,419.5,428.0,8.0,197,0.9335182823500566,396.7453,399.5458,391.6109,402.8131
2022-03-01,238217,104460966,430.0,448.0,430.0,441.0,13.0,241,0.9335182823500566,401.4129,411.6816,401.4129,418.2162
2022-03-02,94209,41831614,443.0,446.5,441.0,445.0,4.0,103,0.9335182823500566,413.5486,415.4156,411.6816,416.8159
2022-03-03,112004,50210297,449.0,452.5,443.0,446.0,1.0,104,0.9335182823500566,419.1497,416.3492,413.5486,422.417
2022-03-04,92411,40645830,445.0,445.5,435.5,441.0,-5.0,108,0.9335182823500566,415.4156,411.6816,406.5472,415.8824
2022-03-07,202257,85109158,435.5,435.5,414.0,415.5,-25.5,235,0.9335182823500566,406.5472,387.8768,386.4766,406.5472
2022-03-08,130179,53278447,415.5,418.0,403.5,406.5,-9.0,158,0.9335182823500566,387.8768,379.4752,376.6746,390.2106
2022-03-09,152414,63071745,410.0,418.5,409.5,412.5,6.0,162,0.9335182823500566,382.7425,385.0763,382.2757,390.6774
2022-03-10,180507,76175750,420.0,426.0,419.0,423.0,10.5,172,0.9335182823500566,392.0777,394.8782,391.1442,397.6788
2022-03-11,95465,39976397,423.0,426.5,415.0,420.5,-2.5,104,0.9335182823500566,394.8782,392.5444,387.4101,398.1455
2022-03-14,114384,48221232,421.0,425.0,417.0,422.0,1.5,114,0.9335182823500566,393.0112,393.9447,389.2771,396.7453
2022-03-15,121806,51171139,422.0,424.0,418.0,421.5,-0.5,136,0.9335182823500566,393.9447,393.478,390.2106,395.8118
2022-03-16,112262,47634131,422.0,427.5,420.0,427.5,6.0,124,0.9335182823500566,393.9447,399.0791,392.0777,399.0791
2022-03-17,175306,74986359,432.0,435.0,423.0,428.5,1.0,183,0.9335182823500566,403.2799,400.0126,394.8782,406.0805
2022-03-18,150719,63131057,429.0,429.0,414.0,414.0,-14.5,150,0.9335182823500566,400.4793,386.4766,386.4766,400.4793
2022-03-21,107371,45656191,414.0,430.0,414.0,429.5,15.5,115,0.9335182823500566,386.4766,400.9461,386.4766,401.4129
2022-03-22,88120,37784421,430.0,432.0,426.5,430.0,0.5,90,0.9335182823500566,401.4129,401.4129,398.1455,403.2799
2022-03-23,140245,60776215,430.0,437.5,429.0,429.5,-0.5,149,0.9335182823500566,401.4129,400.9461,400.4793,408.4142
2022-03-24,74200,31922067,429.0,435.0,426.5,427.0,-2.5,88,0.9335182823500566,400.4793,398.6123,398.1455,406.0805
2022-03-25,127418,54689060,428.5,434.0,424.5,434.0,7.0,140,0.9335182823500566,400.0126,405.1469,396.2785,405.1469
2022-03-28,194542,81826784,434.5,434.5,415.5,419.0,-15.0,236,0.9335182823500566,405.6137,391.1442,387.8768,405.6137
2022-03-29,128743,54987534,419.5,434.0,419.5,425.5,6.5,136,0.9335182823500566,391.6109,397.212,391.6109,405.1469
2022-03-30,199416,86949289,430.0,439.5,430.0,439.5,14.0,207,0.9335182823500566,401.4129,410.2813,401.4129,410.2813
2022-03-31,114851,50425615,439.5,442.5,435.5,437.0,-2.5,129,0.9335182823500566,410.2813,407.9475,406.5472,413.0818
2022-04-01,149180,65270017,436.5,441.0,431.5,438.0,1.0,167,0.9335182823500566,407.4807,408.881,402.8131,411.6816
2022-04-06,190791,82981765,435.0,441.5,431.0,431.5,-6.5,167,0.9335182823500566,406.0805,402.8131,402.3464,412.1483
2022-04-07,115116,49276068,428.0,434.5,421.5,425.0,-6.5,140,0.9335182823500566,399.5458,396.7453,393.478,405.6137
2022-04-08,254662,112594253,435.0,447.5,430.0,446.0,21.0,299,0.9335182823500566,406.0805,416.3492,401.4129,417.7494
2022-04-11,295696,132282424,443.5,455.5,438.5,438.5,-7.5,326,0.9335182823500566,414.0154,409.3478,409.3478,425.2176
2022-04-12,192801,83354920,436.5,441.0,428.5,430.0,-8.5,215,0.9335182823500566,407.4807,401.4129,400.0126,411.6816
2022-04-13,126245,55345198,435.0,441.0,434.5,439.0,9.0,130,0.9335182823500566,406.0805,409.8145,405.6137,411.6816
2022-04-14,120196,53241495,443.0,447.0,440.0,443.0,4.0,132,0.9335182823500566,413.5486,413.5486,410.748,417.2827
2022-04-15,190883,81971175,442.0,442.0,425.0,425.0,-18.0,221,0.9335182823500566,412.6151,396.7453,396.7453,412.6151
2022-04-18,133244,56677860,425.5,431.5,420.5,427.5,2.5,139,0.9335182823500566,397.212,399.0791,392.5444,402.8131
2022-04-19,115118,49953448,434.0,437.0,430.0,433.5,6.0,110,0.9335182823500566,405.1469,404.6802,401.4129,407.9475
2022-04-20,121074,52796669,438.0,441.0,433.5,433.5,0.0,111,0.9335182823500566,408.881,404.6802,404.6802,411.6816
2022-04-21,156521,67787080,435.0,442.0,426.0,426.0,-7.5,147,0.9335182823500566,406.0805,397.6788,397.6788,412.6151
2022-04-22,275062,113754262,425.0,425.0,407.0,409.5,-16.5,318,0.9335182823500566,396.7453,382.2757,379.9419,396.7453
2022-04-25,287463,111821164,392.0,403.0,381.5,385.0,-24.5,347,0.9335182823500566,365.9392,359.4045,356.1372,376.2079
2022-04-26,446742,171279113,392.0,392.0,377.0,383.0,-2.0,464,0.9335182823500566,365.9392,357.5375,351.9364,365.9392
2022-04-27,455550,170338187,379.0,379.0,371.5,377.5,-5.5,427,0.9335182823500566,353.8034,352.4032,346.802,353.8034
2022-04-28,216095,83220269,380.5,390.5,378.5,386.5,9.0,208,0.9335182823500566,355.2037,360.8048,353.3367,364.5389
2022-04-29,170456,67349120,393.0,398.0,390.0,397.0,10.5,176,0.9335182823500566,366.8727,370.6068,364.0721,371.5403
2022-05-03,71482,28447179,399.5,400.0,395.0,399.0,2.0,79,0.9335182823500566,372.9406,372.4738,368.7397,373.4073
2022-05-04,100669,40935073,402.0,409.5,402.0,407.0,8.0,115,0.9335182823500566,375.2743,379.9419,375.2743,382.2757
2022-05-05,134562,55149106,410.5,413.0,407.0,409.5,2.5,150,0.9335182823500566,383.2093,382.2757,379.9419,385.5431
2022-05-06,91479,36752641,400.5,405.5,398.5,405.0,-4.5,104,0.9335182823500566,373.8741,378.0749,372.007,378.5417
2022-05-09,226723,93615493,412.0,417.5,407.5,415.0,10.0,257,0.9335182823500566,384.6095,387.4101,380.4087,389.7439
2022-05-10,296945,120295119,408.0,410.0,398.5,410.0,-5.0,296,0.9335182823500566,380.8755,382.7425,372.007,382.7425
2022-05-11,167071,68197117,412.0,412.5,404.5,408.5,-1.5,196,0.9335182823500566,384.6095,381.3422,377.6081,385.0763
2022-05-12,734412,312919516,415.5,432.0,415.5,425.0,16.5,676,0.9335182823500566,387.8768,396.7453,387.8768,403.2799
2022-05-13,596781,262876099,431.0,451.0,428.0,440.0,15.0,613,0.9335182823500566,402.3464,410.748,399.5458,421.0167
2022-05-16,240693,106500946,445.0,449.0,436.5,437.5,-2.5,253,0.9335182823500566,415.4156,408.4142,407.4807,419.1497
2022-05-17,217700,97148663,445.0,455.0,441.5,446.5,9.0,237,0.9335182823500566,415.4156,416.8159,412.1483,424.7508
2022-05-18,239934,106956897,452.5,453.0,440.0,446.5,0.0,241,0.9335182823500566,422.417,416.8159,410.748,422.8838
2022-05-19,196297,86283599,438.0,444.0,432.5,444.0,-2.5,208,0.9335182823500566,408.881,414.4821,403.7467,414.4821
2022-05-20,205244,90034572,444.0,444.0,435.0,438.0,-6.0,218,0.9335182823500566,414.4821,408.881,406.0805,414.4821
2022-05-23,180963,78939470,442.0,444.0,433.5,435.0,-3.0,188,0.9335182823500566,412.6151,406.0805,404.6802,414.4821
2022-05-24,121097,52722034,443.0,443.0,430.5,430.5,-4.5,145,0.9335182823500566,413.5486,401.8796,401.8796,413.5486
2022-05-25,197028,85972413,428.5,440.0,428.5,434.0,3.5,207,0.9335182823500566,400.0126,405.1469,400.0126,410.748
2022-05-26,71107,30873173,439.0,439.5,430.0,434.0,0.0,83,0.9335182823500566,409.8145,405.1469,401.4129,410.2813
2022-05-27,129783,56002230,434.0,438.0,428.0,432.0,-2.0,168,0.9335182823500566,405.1469,403.2799,399.5458,408.881
2022-05-30,139962,61518775,439.0,443.5,434.5,441.0,9.0,174,0.9335182823500566,409.8145,411.6816,405.6137,414.0154
2022-05-31,167970,74571614,441.0,448.5,440.0,448.0,7.0,200,0.9335182823500566,411.6816,418.2162,410.748,418.6829
2022-06-01,172392,76525480,450.0,450.0,440.5,448.0,0.0,166,0.9335182823500566,420.0832,418.2162,411.2148,420.0832
2022-06-02,127547,56557739,446.0,447.0,440.5,445.5,-2.5,124,0.9335182823500566,416.3492,415.8824,411.2148,417.2827
2022-06-06,177450,78525170,448.0,448.0,439.0,446.0,0.5,187,0.9335182823500566,418.2162,416.3492,409.8145,418.2162
2022-06-07,236454,105827480,446.0,450.0,444.5,446.5,0.5,299,0.9335182823500566,416.3492,416.8159,414.9489,420.0832
2022-06-08,343036,158088682,450.0,469.0,450.0,456.0,9.5,423,0.9335182823500566,420.0832,425.6843,420.0832,437.8201
2022-06-09,149965,68202135,458.0,458.0,452.5,456.0,0.0,241,0.9335182823500566,427.5514,425.6843,422.417,427.5514
2022-06-10,207600,93368439,455.0,455.0,446.0,453.0,-3.0,222,0.9335182823500566,424.7508,422.8838,416.3492,424.7508
2022-06-13,235332,103145347,441.0,443.0,432.0,442.0,-11.0,323,0.9335182823500566,411.6816,412.6151,403.2799,413.5486
2022-06-14,204189,88226433,442.0,442.0,427.5,434.0,-8.0,278,0.9335182823500566,412.6151,405.1469,399.0791,412.6151
2022-06-15,255139,111373736,436.0,445.0,427.5,441.0,7.0,287,0.9335182823500566,407.014,411.6816,399.0791,415.4156
2022-06-16,190389,82113907,444.0,444.0,420.0,420.0,-21.0,211,0.9335182823500566,414.4821,392.0777,392.0777,414.4821
2022-06-17,145442,60421458,418.0,424.5,411.0,411.0,-9.0,195,0.9335182823500566,390.2106,383.676,383.676,396.2785
2022-06-20,88509,36469450,415.0,415.5,409.0,411.5,0.5,109,0.9335182823500566,387.4101,384.1428,381.809,387.8768
2022-06-21,112633,47075127,412.5,422.5,411.5,420.0,8.5,124,0.9335182823500566,385.0763,392.0777,384.1428,394.4115
2022-06-22,64880,26788912,419.5,420.0,405.5,410.0,-10.0,88,0.9335182823500566,391.6109,382.7425,378.5417,392.0777
2022-06-23,141245,57568556,410.0,415.0,401.0,409.5,-0.5,130,0.9335182823500566,382.7425,382.2757,374.3408,387.4101
2022-06-24,160187,66379978,412.0,420.5,407.0,409.5,0.0,186,0.9335182823500566,384.6095,382.2757,379.9419,392.5444
2022-06-27,202524,84792153,414.0,423.5,413.5,418.5,9.0,163,0.9335182823500566,386.4766,390.6774,386.0098,395.345
2022-06-28,82833,34208279,416.5,418.5,410.0,413.0,-5.5,103,0.9335182823500566,388.8104,385.5431,382.7425,390.6774
2022-06-29,68755,28353547,410.5,416.0,408.0,414.0,1.0,97,0.9335182823500566,383.2093,386.4766,380.8755,388.3436
2022-06-30,81417,33176400,410.5,411.5,403.0,408.0,-6.0,118,0.9335182823500566,383.2093,380.8755,376.2079,384.1428
2022-07-01,247050,97224645,407.0,409.5,387.0,388.5,-19.5,308,0.9335182823500566,379.9419,362.6719,361.2716,382.2757
2022-07-04,107417,41854822,388.0,394.0,385.0,390.5,2.0,134,0.9335182823500566,362.2051,364.5389,359.4045,367.8062
2022-07-05,108816,43188600,393.0,403.0,390.0,398.5,8.0,134,0.9335182823500566,366.8727,372.007,364.0721,376.2079
2022-07-06,113815,44765819,398.0,404.5,386.5,386.5,-12.0,136,0.9335182823500566,371.5403,360.8048,360.8048,377.6081
2022-07-07,313642,129214076,402.0,425.0,400.0,418.0,31.5,389,0.9335182823500566,375.2743,390.2106,373.4073,396.7453
2022-07-08,164596,68743393,418.0,425.0,408.5,412.5,-5.5,293,0.9335182823500566,390.2106,385.0763,381.3422,396.7453
2022-07-11,90871,37161278,419.5,419.5,405.0,406.0,-6.5,151,0.9335182823500566,391.6109,379.0084,378.0749,391.6109
2022-07-12,143338,57109800,404.0,404.0,394.0,398.0,-8.0,184,0.9335182823500566,377.1414,371.5403,367.8062,377.1414
2022-07-13,111026,44354883,404.0,407.0,394.5,396.0,-2.0,156,0.9335182823500566,377.1414,369.6732,368.273,379.9419
2022-07-14,130288,51383537,392.5,399.5,390.0,399.5,3.5,153,0.9335182823500566,366.4059,372.9406,364.0721,372.9406
2022-07-15,153924,61889017,400.0,405.0,399.0,403.5,4.0,158,0.9335182823500566,373.4073,376.6746,372.4738,378.0749
2022-07-18,117511,47655529,400.5,409.0,399.5,408.5,5.0,140,0.9335182823500566,373.8741,381.3422,372.9406,381.809
2022-07-19,79546,32218762,408.5,411.0,402.0,405.0,-3.5,111,0.9335182823500566,381.3422,378.0749,375.2743,383.676
2022-07-20,280057,116163477,406.5,420.5,406.5,415.5,10.5,297,0.9335182823500566,379.4752,387.8768,379.4752,392.5444
2022-07-21,217699,91657653,416.5,425.0,415.0,423.0,7.5,238,0.9335182823500566,388.8104,394.8782,387.4101,396.7453
2022-07-22,244331,104588243,423.0,434.0,420.5,434.0,11.0,275,0.9335182823500566,394.8782,405.1469,392.5444,405.1469
2022-07-25,159699,68787029,433.0,433.5,426.0,430.5,-3.5,149,0.9335182823500566,404.2134,401.8796,397.6788,404.6802
2022-07-26,282156,123123715,433.0,440.0,429.0,438.5,8.0,292,0.9335182823500566,404.2134,409.3478,400.4793,410.748
2022-07-27,623471,277204346,438.5,453.0,435.0,445.0,6.5,580,0.9335182823500566,409.3478,415.4156,406.0805,422.8838
2022-07-28,576429,263976646,452.0,462.0,451.5,458.0,13.0,552,0.9335182823500566,421.9503,427.5514,421.4835,431.2854
2022-07-29,322568,144856654,456.5,461.0,441.0,455.0,-3.0,376,0.9335182823500566,426.1511,424.7508,411.6816,430.3519
2022-08-01,191723,86146358,455.0,455.5,444.5,452.0,-3.0,236,0.9335182823500566,424.7508,421.9503,414.9489,425.2176
2022-08-02,336389,153192364,448.5,460.5,443.0,457.0,5.0,382,0.9335182823500566,418.6829,426.6179,413.5486,429.8852
2022-08-03,248780,111858650,460.5,460.5,445.0,445.0,-12.0,303,0.9335182823500566,429.8852,415.4156,415.4156,429.8852
2022-08-04,223025,99681526,450.0,450.5,442.5,449.5,4.5,270,0.9335182823500566,420.0832,419.6165,413.0818,420.55
2022-08-05,199991,90168975,447.0,455.0,446.5,453.0,3.5,213,0.9335182823500566,417.2827,422.8838,416.8159,424.7508
2022-08-08,670280,312148908,463.0,471.0,459.0,469.0,16.0,702,0.9335182823500566,432.219,437.8201,428.4849,439.6871
2022-08-09,1231632,597901156,469.0,494.5,468.5,494.5,25.5,1226,0.9335182823500566,437.8201,461.6248,437.3533,461.6248
2022-08-10,733720,349953367,490.0,490.5,469.0,473.5,-21.0,1077,0.9335182823500566,457.424,442.0209,437.8201,457.8907
2022-08-11,513086,242935525,482.0,484.5,467.0,473.5,0.0,535,0.9335182823500566,449.9558,442.0209,435.953,452.2896
2022-08-12,301255,142405737,473.5,478.0,465.5,474.0,0.5,343,0.9335182823500566,442.0209,442.4877,434.5528,446.2217
2022-08-15,440805,207222783,474.0,477.0,464.5,470.0,-4.0,450,0.9335182823500566,442.4877,438.7536,433.6192,445.2882
2022-08-16,378717,179517268,467.5,476.5,467.5,476.5,6.5,372,0.9335182823500566,436.4198,444.8215,436.4198,444.8215
2022-08-17,413894,197012115,477.0,484.0,469.0,470.0,-6.5,463,0.9335182823500566,445.2882,438.7536,437.8201,451.8228
2022-08-18,321759,151959519,472.5,478.0,466.5,470.0,0.0,325,0.9335182823500566,441.0874,438.7536,435.4863,446.2217
2022-08-19,342072,160274874,470.0,474.0,463.0,469.0,-1.0,370,0.9335182823500566,438.7536,437.8201,432.219,442.4877
2022-08-22,297313,137651726,469.0,469.0,459.5,459.5,-9.5,353,0.9335182823500566,437.8201,428.9517,428.9517,437.8201
2022-08-23,131263,60025010,451.5,463.0,451.5,457.0,-2.5,193,0.9335182823500566,421.4835,426.6179,421.4835,432.219
2022-08-24,361565,163611528,462.5,462.5,448.5,451.5,-5.5,398,0.9335182823500566,431.7522,421.4835,418.6829,431.7522
2022-08-25,305104,139825197,455.0,462.0,453.0,460.0,8.5,307,0.9335182823500566,424.7508,429.4184,422.8838,431.2854
2022-08-26,328066,152152001,466.0,468.0,456.5,463.5,3.5,364,0.9335182823500566,435.0195,432.6857,426.1511,436.8866
2022-08-29,331244,151222211,451.5,464.0,447.0,463.0,-0.5,403,0.9335182823500566,421.4835,432.219,417.2827,433.1525
2022-08-30,259253,118359831,453.5,461.0,453.0,454.0,0.0,301,0.9559828468726803,433.5382,434.0162,433.0602,440.7081
2022-08-31,282741,127651096,454.0,457.0,446.0,457.0,3.0,317,0.9559828468726803,434.0162,436.8842,426.3683,436.8842
2022-09-01,254068,114658536,453.0,457.5,446.0,448.0,-9.0,279,0.9559828468726803,433.0602,428.2803,426.3683,437.3622
2022-09-02,343247,155061913,448.5,463.5,446.0,446.0,-2.0,365,0.9559828468726803,428.7583,426.3683,426.3683,443.098
2022-09-05,153090,68176467,445.5,448.0,442.0,445.5,-0.5,197,0.9559828468726803,425.8904,425.8904,422.5444,428.2803
2022-09-06,160200,71232785,447.0,449.0,442.5,443.0,-2.5,207,0.9559828468726803,427.3243,423.5004,423.0224,429.2363
2022-09-07,169067,74657986,445.5,447.5,437.5,442.0,-1.0,190,0.9559828468726803,425.8904,422.5444,418.2425,427.8023
2022-09-08,154102,68753061,444.0,450.0,441.0,450.0,8.0,188,0.9559828468726803,424.4564,430.1923,421.5884,430.1923
2022-09-12,136637,61353761,451.5,456.0,445.5,446.0,-4.0,184,0.9559828468726803,431.6263,426.3683,425.8904,435.9282
2022-09-13,144874,65007362,447.5,451.0,444.5,449.5,3.5,191,0.9559828468726803,427.8023,429.7143,424.9344,431.1483
2022-09-14,73881,32861169,441.0,447.5,441.0,446.5,-3.0,125,0.9559828468726803,421.5884,426.8463,421.5884,427.8023
2022-09-15,673369,310296569,445.0,466.5,444.5,464.0,17.5,665,0.9559828468726803,425.4124,443.576,424.9344,445.966
2022-09-16,601623,281505539,466.5,473.5,459.0,470.0,6.0,715,0.9559828468726803,445.966,449.3119,438.7961,452.6579
2022-09-19,238663,109999175,471.5,472.5,456.0,456.0,-14.0,735,0.9559828468726803,450.7459,435.9282,435.9282,451.7019
2022-09-20,198964,90190599,462.0,462.0,449.5,452.0,-4.0,264,0.9559828468726803,441.6641,432.1042,429.7143,441.6641
2022-09-21,323287,146978720,452.0,459.0,450.5,455.0,3.0,341,0.9559828468726803,432.1042,434.9722,430.6703,438.7961
2022-09-22,271437,123636922,455.0,462.0,447.0,458.5,3.5,379,0.9559828468726803,434.9722,438.3181,427.3243,441.6641
2022-09-23,473201,220708695,460.5,475.5,456.0,460.0,1.5,586,0.9559828468726803,440.2301,439.7521,435.9282,454.5698
2022-09-26,553225,253075783,463.5,463.5,448.0,456.0,-4.0,633,0.9559828468726803,443.098,435.9282,428.2803,443.098
2022-09-27,635338,297010707,463.5,473.0,460.0,467.5,11.5,729,0.9559828468726803,443.098,446.922,439.7521,452.1799
2022-09-28,393553,181324022,472.0,472.0,452.0,454.5,-13.0,981,0.9559828468726803,451.2239,434.4942,432.1042,451.2239
2022-09-29,455985,210733551,462.5,468.0,455.0,459.5,5.0,536,0.9559828468726803,442.1421,439.2741,434.9722,447.4
2022-09-30,444191,205102165,456.0,473.0,448.0,473.0,13.5,599,0.9559828468726803,435.9282,452.1799,428.2803,452.1799
2022-10-03,593087,279631889,470.0,475.5,465.5,466.5,-6.5,694,0.9559828468726803,449.3119,445.966,445.01,454.5698
2022-10-04,1491539,720188597,483.0,494.0,472.5,482.5,16.0,2370,0.9559828468726803,461.7397,461.2617,451.7019,472.2555
2022-10-05,745213,355599118,486.0,486.0,472.0,472.0,-10.5,822,0.9559828468726803,464.6077,451.2239,451.2239,464.6077
2022-10-06,384364,181523723,480.0,483.0,465.5,469.0,-3.0,454,0.9559828468726803,458.8718,448.356,445.01,461.7397
2022-10-07,663819,310283180,467.0,474.0,461.5,471.5,2.5,645,0.9559828468726803,446.444,450.7459,441.1861,453.1359
2022-10-11,872498,385203730,457.0,457.0,432.0,438.0,-33.5,1053,0.9559828468726803,436.8842,418.7205,412.9846,436.8842
2022-10-12,721765,308116953,440.5,442.5,421.0,423.5,-14.5,852,0.9559828468726803,421.1104,404.8587,402.4688,423.0224
2022-10-13,769789,318602402,423.5,426.0,408.0,411.0,-12.5,999,0.9559828468726803,404.8587,392.909,390.041,407.2487
2022-10-14,984509,422656227,423.5,440.0,415.0,431.5,20.5,974,0.9559828468726803,404.8587,412.5066,396.7329,420.6325
2022-10-17,210661,89540116,425.0,431.5,421.5,430.5,-1.0,256,0.9559828468726803,406.2927,411.5506,402.9468,412.5066
2022-10-18,283357,122560604,436.0,438.5,429.5,433.0,2.5,278,0.9559828468726803,416.8085,413.9406,410.5946,419.1985
2022-10-19,322038,139944564,436.5,440.0,431.5,433.0,0.0,331,0.9559828468726803,417.2865,413.9406,412.5066,420.6325
2022-10-20,345919,145700971,433.0,433.0,417.0,420.0,-13.0,861,0.9559828468726803,413.9406,401.5128,398.6448,413.9406
2022-10-21,443805,181687022,422.0,422.5,404.0,404.0,-16.0,919,0.9559828468726803,403.4248,386.2171,386.2171,403.9028
2022-10-24,184496,75642991,410.5,415.5,407.0,408.5,4.5,182,0.9559828468726803,392.431,390.519,389.085,397.2109
2022-10-25,209534,85126567,409.0,411.0,400.5,407.0,-1.5,294,0.9559828468726803,390.997,389.085,382.8711,392.909
2022-10-26,339657,137849923,408.5,411.0,399.0,410.0,3.0,371,0.9559828468726803,390.519,391.953,381.4372,392.909
2022-10-27,328409,137003197,413.0,420.0,411.0,420.0,10.0,378,0.9559828468726803,394.8209,401.5128,392.909,401.5128
2022-10-28,114320,47545013,419.0,419.0,412.0,416.5,-3.5,134,0.9559828468726803,400.5568,398.1669,393.8649,400.5568
2022-10-31,166276,69619197,417.5,421.5,415.0,419.0,2.5,211,0.9559828468726803,399.1228,400.5568,396.7329,402.9468
2022-11-01,178770,74926424,419.0,423.5,416.0,419.0,0.0,236,0.9559828468726803,400.5568,400.5568,397.6889,404.8587
2022-11-02,856778,359846394,419.0,428.0,411.0,418.5,-0.5,747,0.9559828468726803,400.5568,400.0788,392.909,409.1607
2022-11-03,486366,207483760,415.0,434.5,414.0,432.0,13.5,542,0.9559828468726803,396.7329,412.9846,395.7769,415.3745
2022-11-04,293155,127409797,432.0,438.0,429.5,437.5,5.5,311,0.9559828468726803,412.9846,418.2425,410.5946,418.7205
2022-11-07,873086,373646460,445.0,445.0,417.0,430.0,-7.5,1038,0.9559828468726803,425.4124,411.0726,398.6448,425.4124
2022-11-08,551675,243334694,429.0,447.0,429.0,441.0,11.0,570,0.9559828468726803,410.1166,421.5884,410.1166,427.3243
2022-11-09,323506,143505240,446.0,449.5,439.5,440.0,-1.0,409,0.9559828468726803,426.3683,420.6325,420.1545,429.7143
2022-11-10,306242,134941794,440.0,445.0,438.0,440.0,0.0,354,0.9559828468726803,420.6325,420.6325,418.7205,425.4124
2022-11-11,653774,286860230,453.5,457.5,431.0,432.0,-8.0,704,0.9559828468726803,433.5382,412.9846,412.0286,437.3622
2022-11-14,997591,418565863,434.0,436.0,412.5,419.0,-13.0,1196,0.9559828468726803,414.8966,400.5568,394.3429,416.8085
2022-11-15,1117852,456334117,418.5,419.5,403.0,406.5,-12.5,1395,0.9559828468726803,400.0788,388.607,385.2611,401.0348
2022-11-16,619484,251738490,408.0,412.0,403.0,404.5,-2.0,799,0.9559828468726803,390.041,386.6951,385.2611,393.8649
2022-11-17,808489,329042506,405.0,414.5,399.0,412.0,7.5,1088,0.9559828468726803,387.1731,393.8649,381.4372,396.2549
2022-11-18,496193,201865286,412.5,412.5,402.5,405.5,-6.5,642,0.9559828468726803,394.3429,387.651,384.7831,394.3429
2022-11-21,224187,90583534,407.0,407.0,402.0,402.0,-3.5,369,0.9559828468726803,389.085,384.3051,384.3051,389.085
2022-11-22,309237,123798151,402.0,403.0,399.0,400.0,-2.0,515,0.9559828468726803,384.3051,382.3931,381.4372,385.2611
2022-11-23,423004,170549396,402.5,407.5,400.0,402.0,2.0,524,0.9559828468726803,384.7831,384.3051,382.3931,389.563
2022-11-24,457244,187474897,403.5,414.0,403.5,412.0,10.0,589,0.9559828468726803,385.7391,393.8649,385.7391,395.7769
2022-11-25,463975,191430897,415.0,416.0,408.0,413.5,1.5,565,0.9559828468726803,396.7329,395.2989,390.041,397.6889
2022-11-28,238529,98133747,411.0,414.0,408.5,410.5,-3.0,312,0.9559828468726803,392.909,392.431,390.519,395.7769
2022-11-29,136103,55847607,414.0,414.0,409.0,409.5,-1.0,187,0.9559828468726803,395.7769,391.475,390.997,395.7769
2022-11-30,261413,107465997,409.5,413.0,409.0,412.5,3.0,338,0.9559828468726803,391.475,394.3429,390.997,394.8209
2022-12-01,547908,229740354,416.0,422.5,412.5,421.5,9.0,670,0.9559828468726803,397.6889,402.9468,394.3429,403.9028
2022-12-02,475780,200900665,424.0,427.5,418.5,421.0,-0.5,796,0.9559828468726803,405.3367,402.4688,400.0788,408.6827
2022-12-05,528982,218880442,419.0,421.0,411.0,411.5,-9.5,730,0.9559828468726803,400.5568,393.3869,392.909,402.4688
2022-12-06,339677,138769127,412.5,413.0,406.5,407.0,-4.5,488,0.9559828468726803,394.3429,389.085,388.607,394.8209
2022-12-07,643072,257141828,407.0,407.0,395.0,398.5,-8.5,1048,0.9559828468726803,389.085,380.9592,377.6132,389.085
2022-12-08,341393,134979556,395.0,399.0,391.0,397.0,-1.5,596,0.9559828468726803,377.6132,379.5252,373.7893,381.4372
2022-12-09,204011,81742414,399.0,402.0,398.0,400.0,3.0,291,0.9559828468726803,381.4372,382.3931,380.4812,384.3051
2022-12-12,217538,87311084,402.0,406.0,396.5,402.5,2.5,345,0.9559828468726803,384.3051,384.7831,379.0472,388.129
2022-12-13,177946,72090936,406.5,408.0,402.5,403.5,1.0,249,0.9559828468726803,388.607,385.7391,384.7831,390.041
2022-12-14,234009,94629823,405.0,408.0,402.0,403.0,-0.5,291,0.9559828468726803,387.1731,385.2611,384.3051,390.041
2022-12-15,195653,78361484,404.0,404.0,399.0,399.5,-3.5,286,0.9559828468726803,386.2171,381.9151,381.4372,386.2171
2022-12-16,199274,79280503,398.0,402.0,395.5,398.0,-1.5,297,0.9559828468726803,380.4812,380.4812,378.0912,384.3051
2022-12-19,159565,63558443,398.0,402.0,396.0,396.5,-1.5,220,0.9559828468726803,380.4812,379.0472,378.5692,384.3051
2022-12-20,388660,152602464,396.5,400.0,386.0,386.0,-10.5,677,0.9559828468726803,379.0472,369.0094,369.0094,382.3931
2022-12-21,193852,75217428,390.0,393.0,385.5,388.5,2.5,336,0.9559828468726803,372.8333,371.3993,368.5314,375.7013
2022-12-22,221592,87581111,391.5,399.0,389.0,397.5,9.0,301,0.9559828468726803,374.2673,380.0032,371.8773,381.4372
2022-12-23,106298,42037117,397.0,398.0,392.0,395.0,-2.5,187,0.9559828468726803,379.5252,377.6132,374.7453,380.4812
2022-12-26,47930,18937481,398.0,399.0,392.5,392.5,-2.5,133,0.9559828468726803,380.4812,375.2233,375.2233,381.4372
2022-12-27,80092,31644043,395.0,397.0,393.0,394.0,1.5,142,0.9559828468726803,377.6132,376.6572,375.7013,379.5252
2022-12-28,232232,90017558,393.0,395.5,385.5,386.5,-7.5,430,0.9559828468726803,375.7013,369.4874,368.5314,378.0912
2022-12-29,150567,57761297,382.0,386.0,381.0,385.5,-1.0,320,0.9559828468726803,365.1854,368.5314,364.2295,369.0094
2022-12-30,107065,41290041,390.0,390.0,384.0,384.0,-1.5,180,0.9559828468726803,372.8333,367.0974,367.0974,372.8333
2023-01-03,182308,69689320,384.0,384.5,380.0,382.5,-1.5,320,0.9559828468726803,367.0974,365.6634,363.2735,367.5754
2023-01-04,276800,108893478,382.5,400.0,382.5,394.0,11.5,428,0.9559828468726803,365.6634,376.6572,365.6634,382.3931
2023-01-05,238844,92885273,397.5,397.5,385.5,385.5,-8.5,649,0.9559828468726803,380.0032,368.5314,368.5314,380.0032
2023-01-06,121114,46875878,385.0,388.5,385.0,388.0,2.5,202,0.9559828468726803,368.0534,370.9213,368.0534,371.3993
2023-01-09,243350,94893739,389.5,392.5,388.5,390.0,2.0,309,0.9559828468726803,372.3553,372.8333,371.3993,375.2233
2023-01-10,368015,144906089,390.5,398.0,390.5,393.5,3.5,424,0.9559828468726803,373.3113,376.1793,373.3113,380.4812
2023-01-11,145782,57138058,394.0,397.0,390.0,391.0,-2.5,245,0.9559828468726803,376.6572,373.7893,372.8333,379.5252
2023-01-12,425424,169566837,393.5,402.5,393.5,398.0,7.0,530,0.9559828468726803,376.1793,380.4812,376.1793,384.7831
2023-01-13,363034,144828706,400.0,402.5,394.0,400.5,2.5,469,0.9559828468726803,382.3931,382.8711,376.6572,384.7831
2023-01-16,295647,116638586,400.5,400.5,392.0,393.5,-7.0,551,0.9559828468726803,382.8711,376.1793,374.7453,382.8711
2023-01-17,320493,128234934,396.0,402.5,395.5,400.5,7.0,431,0.9559828468726803,378.5692,382.8711,378.0912,384.7831
2023-01-30,561951,227437359,408.0,409.5,402.0,402.0,1.5,636,0.9559828468726803,390.041,384.3051,384.3051,391.475
2023-01-31,496577,200174049,406.0,408.0,399.5,404.0,2.0,562,0.9559828468726803,388.129,386.2171,381.9151,390.041
2023-02-01,704944,279738226,402.5,404.0,393.5,396.5,-7.5,1060,0.9559828468726803,384.7831,379.0472,376.1793,386.2171
2023-02-02,773227,313872988,398.0,411.0,398.0,408.5,12.0,977,0.9559828468726803,380.4812,390.519,380.4812,392.909
2023-02-03,189766,76992083,408.5,408.5,404.0,405.0,-3.5,295,0.9559828468726803,390.519,387.1731,386.2171,390.519
2023-02-06,252414,100950821,403.5,403.5,399.0,399.0,-6.0,326,0.9559828468726803,385.7391,381.4372,381.4372,385.7391
2023-02-07,514931,205256065,394.5,403.5,393.0,401.0,2.0,731,0.9559828468726803,377.1352,383.3491,375.7013,385.7391
2023-02-08,149051,59834032,405.0,405.0,400.5,400.5,-0.5,235,0.9559828468726803,387.1731,382.8711,382.8711,387.1731
2023-02-09,230575,91721249,404.0,404.0,396.0,396.0,-4.5,398,0.9559828468726803,386.2171,378.5692,378.5692,386.2171
2023-02-10,197756,77815179,397.0,399.0,392.5,392.5,-3.5,415,0.9559828468726803,379.5252,375.2233,375.2233,381.4372
2023-02-13,204563,79889746,393.0,394.0,389.5,389.5,-3.0,413,0.9559828468726803,375.7013,372.3553,372.3553,376.6572
2023-02-14,352610,137725270,391.0,395.0,389.0,390.0,0.5,520,0.9559828468726803,373.7893,372.8333,371.8773,377.6132
2023-02-15,295272,114523187,392.5,392.5,385.5,386.5,-3.5,730,0.9559828468726803,375.2233,369.4874,368.5314,375.2233
2023-02-16,361761,142156904,390.0,397.0,389.0,395.5,9.0,550,0.9559828468726803,372.8333,378.0912,371.8773,379.5252
2023-02-17,556145,223861122,397.5,407.5,394.5,402.0,6.5,786,0.9559828468726803,380.0032,384.3051,377.1352,389.563
2023-02-20,160079,64399693,403.0,404.5,400.5,400.5,-1.5,302,0.9559828468726803,385.2611,382.8711,382.8711,386.6951
2023-02-21,150442,60597405,402.0,404.5,400.0,403.5,3.0,226,0.9559828468726803,384.3051,385.7391,382.3931,386.6951
2023-02-22,235671,94722649,400.0,405.0,399.0,401.0,-2.5,339,0.9559828468726803,382.3931,383.3491,381.4372,387.1731
2023-02-23,290150,117124951,402.5,405.0,401.0,404.0,3.0,351,0.9559828468726803,384.7831,386.2171,383.3491,387.1731
2023-02-24,1140644,475269992,405.5,424.0,405.5,417.5,13.5,1507,0.9559828468726803,387.651,399.1228,387.651,405.3367
2023-03-01,1126937,459044347,415.5,416.5,403.0,403.0,-14.5,2233,0.9559828468726803,397.2109,385.2611,385.2611,398.1669
2023-03-02,378410,152126539,404.5,405.0,400.5,401.5,-1.5,573,0.9559828468726803,386.6951,383.8271,382.8711,387.1731
2023-03-03,298189,119511475,402.0,404.5,399.5,399.5,-2.0,552,0.9559828468726803,384.3051,381.9151,381.9151,386.6951
2023-03-06,240208,96174367,403.0,403.0,399.5,399.5,0.0,399,0.9559828468726803,385.2611,381.9151,381.9151,385.2611
2023-03-07,444386,175235404,397.5,398.0,391.5,393.5,-6.0,955,0.9559828468726803,380.0032,376.1793,374.2673,380.4812
2023-03-08,246023,97289393,393.5,397.5,392.5,395.5,2.0,448,0.9559828468726803,376.1793,378.0912,375.2233,380.0032
2023-03-09,285772,112675275,397.0,397.5,393.0,393.0,-2.5,490,0.9559828468726803,379.5252,375.7013,375.7013,380.0032
2023-03-10,422685,165010456,393.0,393.0,388.5,389.0,-4.0,791,0.9559828468726803,375.7013,371.8773,371.3993,375.7013
2023-03-13,532630,204676293,389.0,391.0,382.0,384.5,-4.5,1073,0.9559828468726803,371.8773,367.5754,365.1854,373.7893
2023-03-14,446414,169423854,384.5,384.5,378.0,378.5,-6.0,1131,0.9559828468726803,367.5754,361.8395,361.3615,367.5754
2023-03-15,380382,144120790,380.0,380.5,378.0,378.5,0.0,643,0.9559828468726803,363.2735,361.8395,361.3615,363.7515
2023-03-16,418172,155957285,376.0,378.0,370.5,372.0,-6.5,1014,0.9559828468726803,359.4496,355.6256,354.1916,361.3615
2023-03-17,517022,191073963,375.0,376.0,367.5,368.5,-3.5,1131,0.9559828468726803,358.4936,352.2797,351.3237,359.4496
2023-03-20,317034,116868712,367.5,372.0,363.5,369.0,0.5,625,0.9559828468726803,351.3237,352.7577,347.4998,355.6256
2023-03-21,424281,159219167,371.0,378.0,371.0,374.5,5.5,604,0.9559828468726803,354.6696,358.0156,354.6696,361.3615
2023-03-22,483515,184918349,379.0,385.0,377.0,384.0,9.5,682,0.9559828468726803,362.3175,367.0974,360.4055,368.0534
2023-03-23,615981,234234290,384.0,386.0,377.5,379.0,-5.0,893,0.9559828468726803,367.0974,362.3175,360.8835,369.0094
2023-03-24,557146,211823875,381.5,381.5,379.0,379.5,0.5,630,0.9559828468726803,364.7075,362.7955,362.3175,364.7075
2023-03-27,305981,116669548,381.0,383.0,379.5,381.0,1.5,332,0.9559828468726803,364.2295,364.2295,362.7955,366.1414
2023-03-28,338317,129349135,383.5,385.0,381.0,381.5,0.5,407,0.9559828468726803,366.6194,364.7075,364.2295,368.0534
2023-03-29,227612,86900780,382.0,383.5,380.5,382.0,0.5,331,0.9559828468726803,365.1854,365.1854,363.7515,366.6194
2023-03-30,278799,106398875,385.5,385.5,380.0,380.5,-1.5,402,0.9559828468726803,368.5314,363.7515,363.2735,368.5314
2023-03-31,228543,87730666,383.0,385.5,381.5,384.5,4.0,372,0.9559828468726803,366.1414,367.5754,364.7075,368.5314
2023-04-06,124827,47686331,385.5,386.0,380.5,381.5,-3.0,272,0.9559828468726803,368.5314,364.7075,363.7515,369.0094
2023-04-07,334160,129720249,387.0,392.0,386.5,386.5,5.0,620,0.9559828468726803,369.9654,369.4874,369.4874,374.7453
2023-04-10,1380386,552244636,390.0,405.0,390.0,403.5,17.0,1740,0.9559828468726803,372.8333,385.7391,372.8333,387.1731
2023-04-11,830846,335220564,404.5,406.5,401.0,404.5,1.0,992,0.9559828468726803,386.6951,386.6951,383.3491,388.607
2023-04-12,1757298,725344262,409.5,418.0,405.0,414.0,9.5,2449,0.9559828468726803,391.475,395.7769,387.1731,399.6008
2023-04-13,836652,347573100,414.5,419.5,411.0,414.5,0.5,1247,0.9559828468726803,396.2549,396.2549,392.909,401.0348
2023-04-14,667473,277196511,417.5,418.0,413.0,415.5,1.0,962,0.9559828468726803,399.1228,397.2109,394.8209,399.6008
2023-04-17,748929,310742422,419.5,419.5,410.5,413.0,-2.5,1134,0.9559828468726803,401.0348,394.8209,392.431,401.0348
2023-04-18,700143,282992299,410.0,410.0,401.0,403.0,-10.0,1684,0.9559828468726803,391.953,385.2611,383.3491,391.953
2023-04-19,2498455,1060682180,405.5,435.5,405.5,422.0,19.0,2715,0.9559828468726803,387.651,403.4248,387.651,416.3305
2023-04-20,1642117,698576883,421.0,432.0,417.5,423.0,1.0,2628,0.9559828468726803,402.4688,404.3807,399.1228,412.9846
2023-04-21,870515,361610589,423.0,426.0,408.0,409.0,-14.0,1725,0.9559828468726803,404.3807,390.997,390.041,407.2487
2023-04-24,326899,133103577,411.0,414.0,403.0,406.0,-3.0,675,0.9559828468726803,392.909,388.129,385.2611,395.7769
2023-04-25,472392,190534858,407.0,408.0,400.0,401.0,-5.0,801,0.9559828468726803,389.085,383.3491,382.3931,390.041
2023-04-26,537496,214897636,401.0,405.5,397.0,400.0,-1.0,756,0.9559828468726803,383.3491,382.3931,379.5252,387.651
2023-04-27,559742,227609402,400.0,412.0,397.0,406.5,6.5,770,0.9559828468726803,382.3931,388.607,379.5252,393.8649
2023-04-28,420785,173039590,410.0,414.0,406.0,413.0,6.5,629,0.9559828468726803,391.953,394.8209,388.129,395.7769
2023-05-02,427221,177058567,415.0,417.5,411.0,414.0,1.0,625,0.9559828468726803,396.7329,395.7769,392.909,399.1228
2023-05-03,356739,145273945,412.0,413.0,404.0,405.0,-9.0,610,0.9559828468726803,393.8649,387.1731,386.2171,394.8209
2023-05-04,501777,201507584,407.5,409.0,399.0,402.0,-3.0,768,0.9559828468726803,389.563,384.3051,381.4372,390.997
2023-05-05,283931,114068191,405.0,405.0,400.0,402.0,0.0,448,0.9559828468726803,387.1731,384.3051,382.3931,387.1731
2023-05-08,939566,389625766,403.5,420.0,403.5,419.0,17.0,1199,0.9559828468726803,385.7391,400.5568,385.7391,401.5128
2023-05-09,438718,180015703,417.5,420.0,406.0,406.0,-13.0,884,0.9559828468726803,399.1228,388.129,388.129,401.5128
2023-05-10,328940,133089297,406.0,408.0,403.0,404.5,-1.5,538,0.9559828468726803,388.129,386.6951,385.2611,390.041
2023-05-11,426069,170896024,403.0,405.5,398.5,399.5,-5.0,674,0.9559828468726803,385.2611,381.9151,380.9592,387.651
2023-05-12,274717,109949862,400.0,404.5,395.0,403.5,4.0,479,0.9559828468726803,382.3931,385.7391,377.6132,386.6951
2023-05-15,235520,95976059,406.0,411.0,404.0,407.0,3.5,412,0.9559828468726803,388.129,389.085,386.2171,392.909
2023-05-16,1933536,818844057,411.0,432.0,411.0,421.5,14.5,2050,0.9559828468726803,392.909,402.9468,392.909,412.9846
2023-05-17,631129,264184762,422.0,425.5,416.0,416.0,-5.5,2337,0.9559828468726803,403.4248,397.6889,397.6889,406.7707
2023-05-18,813442,341964438,422.5,425.0,415.0,423.5,7.5,1120,0.9559828468726803,403.9028,404.8587,396.7329,406.2927
2023-05-19,747313,311471991,421.0,423.5,413.0,414.5,-9.0,1128,0.9559828468726803,402.4688,396.2549,394.8209,404.8587
2023-05-22,545804,225225004,417.5,417.5,411.0,412.0,-2.5,637,0.9559828468726803,399.1228,393.8649,392.909,399.1228
2023-05-23,479275,198888295,415.0,419.5,409.5,419.0,7.0,657,0.9559828468726803,396.7329,400.5568,391.475,401.0348
2023-05-24,472886,197709099,418.5,421.5,416.0,418.0,-1.0,685,0.9559828468726803,400.0788,399.6008,397.6889,402.9468
2023-05-25,1072471,450842552,420.5,425.5,412.5,422.5,4.5,1331,0.9559828468726803,401.9908,403.9028,394.3429,406.7707
2023-05-26,1419713,602468823,428.0,430.0,419.0,420.0,-2.5,1736,0.9559828468726803,409.1607,401.5128,400.5568,411.0726
2023-05-29,1902574,820040963,421.0,437.0,421.0,436.0,16.0,2215,0.9559828468726803,402.4688,416.8085,402.4688,417.7645
2023-05-30,1443603,625764107,439.0,443.0,425.5,427.0,-9.0,2969,0.9559828468726803,419.6765,408.2047,406.7707,423.5004
2023-05-31,1005646,425020527,425.0,425.0,420.0,424.0,-3.0,1226,0.9559828468726803,406.2927,405.3367,401.5128,406.2927
2023-06-01,616576,264125108,424.0,431.0,424.0,429.0,5.0,746,0.9559828468726803,405.3367,410.1166,405.3367,412.0286
2023-06-02,728299,311667207,431.0,432.0,424.0,427.0,-2.0,1033,0.9559828468726803,412.0286,408.2047,405.3367,412.9846
2023-06-05,887803,384636961,429.0,437.0,424.0,435.5,8.5,1112,0.9559828468726803,410.1166,416.3305,405.3367,417.7645
2023-06-06,724546,312740307,433.0,437.0,424.0,435.5,0.0,1019,0.9559828468726803,413.9406,416.3305,405.3367,417.7645
2023-06-07,874294,382018140,435.0,442.0,431.0,437.0,1.5,1119,0.9559828468726803,415.8525,417.7645,412.0286,422.5444
2023-06-08,704068,308737450,440.0,442.5,434.0,438.0,1.0,930,0.9559828468726803,420.6325,418.7205,414.8966,423.0224
2023-06-09,1019323,454948881,440.5,452.5,439.5,447.0,9.0,1285,0.9559828468726803,421.1104,427.3243,420.1545,432.5822
2023-06-12,1411969,642054464,452.0,461.0,441.0,459.5,12.5,1938,0.9559828468726803,432.1042,439.2741,421.5884,440.7081
2023-06-13,1223019,558326826,459.0,459.0,450.0,450.5,-9.0,1824,0.9559828468726803,438.7961,430.6703,430.1923,438.7961
2023-06-14,764967,347577397,450.5,457.5,448.0,456.0,5.5,955,0.9559828468726803,430.6703,435.9282,428.2803,437.3622
2023-06-15,1063201,491244038,459.0,469.0,454.5,461.5,5.5,1331,0.9559828468726803,438.7961,441.1861,434.4942,448.356
2023-06-16,1123938,518760920,458.0,465.0,453.0,459.5,-2.0,1355,0.9559828468726803,437.8401,439.2741,433.0602,444.532
2023-06-19,521170,239812909,459.5,462.5,457.0,461.0,1.5,687,0.9559828468726803,439.2741,440.7081,436.8842,442.1421
2023-06-20,3600742,1798800580,469.0,507.0,469.0,507.0,46.0,4122,0.9559828468726803,448.356,484.6833,448.356,484.6833
2023-06-21,1992920,1109893440,557.0,557.0,551.0,557.0,50.0,1209,0.9559828468726803,532.4824,532.4824,526.7465,532.4824
2023-06-26,4298992,2571841443,565.0,612.0,565.0,612.0,55.0,3437,0.9559828468726803,540.1303,585.0615,540.1303,585.0615
2023-06-27,3521316,2132154264,614.0,619.0,592.0,607.0,-5.0,3736,0.9559828468726803,586.9735,580.2816,565.9418,591.7534
2023-06-28,6015297,3893586534,667.0,667.0,608.0,634.0,27.0,5355,0.9559828468726803,637.6406,606.0931,581.2376,637.6406
2023-06-29,644373,408810720,631.0,645.0,628.0,628.0,-6.0,904,0.9559828468726803,603.2252,600.3572,600.3572,616.6089
2023-06-30,1246753,805489411,628.0,666.0,616.0,663.0,35.0,1659,0.9559828468726803,600.3572,633.8166,588.8854,636.6846
2023-07-03,1037133,719559138,673.0,709.0,673.0,709.0,46.0,1565,0.9559828468726803,643.3765,677.7918,643.3765,677.7918
2023-07-04,330021,229510856,699.0,700.0,690.0,697.0,-12.0,475,0.9559828468726803,668.232,666.32,659.6282,669.188
2023-07-05,374136,253202253,704.0,704.0,667.0,670.0,-27.0,620,0.9559828468726803,673.0119,640.5085,637.6406,673.0119
2023-07-06,296092,198110975,670.0,685.0,657.0,667.0,-3.0,438,0.9559828468726803,640.5085,637.6406,628.0807,654.8483
2023-07-07,340365,230751558,671.0,690.0,660.0,690.0,23.0,449,0.9559828468726803,641.4645,659.6282,630.9487,659.6282
2023-07-10,550751,388775863,701.0,715.0,689.0,689.0,-1.0,803,0.9559828468726803,670.144,658.6722,658.6722,683.5277
2023-07-11,353368,247307116,700.0,702.0,693.0,693.0,4.0,461,0.9559828468726803,669.188,662.4961,662.4961,671.1
2023-07-12,407744,288904714,695.0,715.0,695.0,715.0,22.0,493,0.9559828468726803,664.4081,683.5277,664.4081,683.5277
2023-07-13,493051,379814392,729.0,786.0,729.0,742.0,27.0,814,0.9559828468726803,696.9115,709.3393,696.9115,751.4025
2023-07-14,371328,294845968,779.0,800.0,777.0,800.0,58.0,601,0.9559828468726803,744.7106,764.7863,742.7987,764.7863
2023-07-17,640748,519296494,860.0,860.0,767.0,792.0,-8.0,828,0.9559828468726803,822.1452,757.1384,733.2388,822.1452
2023-07-18,4626468,3950534018,870.0,871.0,803.0,871.0,79.0,4716,0.9559828468726803,831.7051,832.6611,767.6542,832.6611
2023-07-19,3054272,2882137333,915.0,958.0,912.0,958.0,87.0,2518,0.9559828468726803,874.7243,915.8316,871.8564,915.8316
2023-07-20,3868715,3720516191,954.0,999.0,921.0,947.0,-11.0,4478,0.9559828468726803,912.0076,905.3158,880.4602,955.0269
2023-07-21,2128046,2010415718,922.0,966.0,922.0,941.0,-6.0,2582,0.9559828468726803,881.4162,899.5799,881.4162,923.4794
2023-07-24,2198813,2179133443,985.0,1015.0,961.0,991.0,50.0,2839,0.9559828468726803,941.6431,947.379,918.6995,970.3226
2023-07-25,2966116,3029296162,1010.0,1060.0,989.0,1015.0,24.0,3344,0.9559828468726803,965.5427,970.3226,945.467,1013.3418
2023-07-26,2638304,2563522375,1020.0,1025.0,930.0,943.0,-72.0,3819,0.9559828468726803,975.1025,901.4918,889.064,979.8824
2023-07-27,1853216,1752831825,962.0,972.0,921.0,942.0,-1.0,2179,0.9559828468726803,919.6555,900.5358,880.4602,929.2153
2023-07-28,2990208,2761537692,932.0,948.0,880.0,937.0,-5.0,4317,0.9559828468726803,890.976,895.7559,841.2649,906.2717
2023-07-31,2656621,2468066449,987.0,987.0,883.0,907.0,-30.0,4087,0.9559828468726803,943.5551,867.0764,844.1329,943.5551
2023-08-01,2430212,2144276507,924.0,924.0,851.0,880.0,-27.0,3475,0.9559828468726803,883.3282,841.2649,813.5414,883.3282
2023-08-02,3170465,2640553019,879.0,892.0,792.0,822.0,-58.0,4258,0.9559828468726803,840.3089,785.8179,757.1384,852.7367
2023-08-04,2481068,2033991892,822.0,844.0,796.0,817.0,-5.0,2795,0.9559828468726803,785.8179,781.038,760.9623,806.8495
2023-08-07,2665620,2280093025,818.0,888.0,812.0,877.0,60.0,3627,0.9559828468726803,781.994,838.397,776.2581,848.9128
2023-08-08,5735323,5235490947,901.0,944.0,887.0,888.0,11.0,6213,0.9559828468726803,861.3405,848.9128,847.9568,902.4478
2023-08-09,2690349,2356844837,888.0,903.0,852.0,857.0,-31.0,3488,0.9559828468726803,848.9128,819.2773,814.4974,863.2525
2023-08-10,2890925,2317380174,830.0,838.0,778.0,787.0,-70.0,4603,0.9559828468726803,793.4658,752.3585,743.7547,801.1136
2023-08-11,2522853,2050813861,811.0,834.0,796.0,812.0,25.0,2914,0.9559828468726803,775.3021,776.2581,760.9623,797.2897
2023-08-14,1390954,1130129012,800.0,829.0,784.0,817.0,5.0,1895,0.9559828468726803,764.7863,781.038,749.4906,792.5098
2023-08-15,3836913,3386348319,861.0,898.0,853.0,881.0,64.0,3664,0.9559828468726803,823.1012,842.2209,815.4534,858.4726
2023-08-16,2622880,2361341657,850.0,929.0,850.0,920.0,39.0,3341,0.9559828468726803,812.5854,879.5042,812.5854,888.1081
2023-08-17,2512662,2349402903,910.0,960.0,904.0,956.0,36.0,3271,0.9559828468726803,869.9444,913.9196,864.2085,917.7435
2023-08-18,3134087,2882162049,962.0,978.0,871.0,906.0,-50.0,4445,0.9559828468726803,919.6555,866.1205,832.6611,934.9512
2023-08-21,1377545,1255228272,921.0,932.0,893.0,904.0,-2.0,1742,0.9559828468726803,880.4602,864.2085,853.6927,890.976
2023-08-22,1281583,1171863332,937.0,938.0,901.0,904.0,0.0,1684,0.9559828468726803,895.7559,864.2085,861.3405,896.7119
2023-08-23,1782358,1659404715,916.0,945.0,907.0,935.0,31.0,2384,0.9559828468726803,875.6803,893.844,867.0764,903.4038
2023-08-24,2254605,2154681756,980.0,985.0,925.0,925.0,-10.0,3209,0.9559828468726803,936.8632,884.2841,884.2841,941.6431
2023-08-25,1189634,1069176833,891.0,916.0,882.0,893.0,-32.0,2097,0.9559828468726803,851.7807,853.6927,843.1769,875.6803
2023-08-28,1046313,931787054,905.0,908.0,874.0,892.0,-1.0,1471,0.9559828468726803,865.1645,852.7367,835.529,868.0324
2023-08-29,1845382,1584511952,888.0,889.0,837.0,864.0,0.0,3258,0.977909058956916,868.3832,844.9134,818.5099,869.3612
2023-08-30,2169177,1975686238,883.0,937.0,880.0,909.0,45.0,3096,0.977909058956916,863.4937,888.9193,860.56,916.3008
2023-08-31,1224891,1110812372,899.0,918.0,885.0,915.0,6.0,2582,0.977909058956916,879.1402,894.7868,865.4495,897.7205
2023-09-01,1303240,1163771842,915.0,927.0,872.0,874.0,-41.0,2791,0.977909058956916,894.7868,854.6925,852.7367,906.5217
2023-09-04,1164438,1009509631,881.0,881.0,858.0,868.0,-6.0,1840,0.977909058956916,861.5379,848.8251,839.046,861.5379
2023-09-05,1194212,1018678099,860.0,864.0,845.0,856.0,-12.0,1991,0.977909058956916,841.0018,837.0902,826.3332,844.9134
2023-09-06,1789530,1593605536,863.0,915.0,855.0,900.0,44.0,2530,0.977909058956916,843.9355,880.1182,836.1122,894.7868
2023-09-07,755993,666219302,894.0,894.0,875.0,875.0,-25.0,1420,0.977909058956916,874.2507,855.6704,855.6704,874.2507
2023-09-08,1285419,1106286297,865.0,883.0,842.0,847.0,-28.0,2689,0.977909058956916,845.8913,828.289,823.3994,863.4937
2023-09-11,979470,813150705,848.0,848.0,815.0,830.0,-17.0,1760,0.977909058956916,829.2669,811.6645,796.9959,829.2669
2023-09-12,917985,766729745,831.0,848.0,820.0,828.0,-2.0,1439,0.977909058956916,812.6424,809.7087,801.8854,829.2669
2023-09-13,981472,813329096,829.0,844.0,819.0,822.0,-6.0,1461,0.977909058956916,810.6866,803.8412,800.9075,825.3552
2023-09-14,1822212,1562171120,833.0,873.0,830.0,869.0,47.0,2397,0.977909058956916,814.5982,849.803,811.6645,853.7146
2023-09-15,1794342,1575903807,869.0,899.0,860.0,867.0,-2.0,2704,0.977909058956916,849.803,847.8472,841.0018,879.1402
2023-09-18,1967929,1624572230,853.0,856.0,811.0,811.0,-56.0,3802,0.977909058956916,834.1564,793.0842,793.0842,837.0902
2023-09-19,958728,781305193,812.0,826.0,805.0,811.0,0.0,1666,0.977909058956916,794.0622,793.0842,787.2168,807.7529
2023-09-20,1279661,1038643021,808.0,831.0,797.0,805.0,-6.0,1718,0.977909058956916,790.1505,787.2168,779.3935,812.6424
2023-09-21,1425050,1130852127,792.0,808.0,772.0,803.0,-2.0,1961,0.977909058956916,774.504,785.261,754.9458,790.1505
2023-09-22,1059878,864705256,795.0,829.0,791.0,829.0,26.0,1511,0.977909058956916,777.4377,810.6866,773.5261,810.6866
2023-09-25,622152,518695102,832.0,840.0,823.0,837.0,8.0,896,0.977909058956916,813.6203,818.5099,804.8192,821.4436
2023-09-26,887091,746507709,837.0,851.0,826.0,827.0,-10.0,1306,0.977909058956916,818.5099,808.7308,807.7529,832.2006
2023-09-27,1106594,909641154,826.0,838.0,813.0,828.0,1.0,1436,0.977909058956916,807.7529,809.7087,795.0401,819.4878
2023-09-28,910263,759980343,834.0,847.0,825.0,828.0,0.0,1193,0.977909058956916,815.5762,809.7087,806.775,828.289
2023-10-02,3543786,3166174739,840.0,910.0,840.0,900.0,72.0,4337,0.977909058956916,821.4436,880.1182,821.4436,889.8972
2023-10-03,2139640,1931664981,902.0,914.0,882.0,907.0,7.0,3133,0.977909058956916,882.074,886.9635,862.5158,893.8089
2023-10-04,1973723,1810009664,898.0,935.0,890.0,923.0,16.0,2597,0.977909058956916,878.1623,902.6101,870.3391,914.345
2023-10-05,2255575,2090181256,936.0,941.0,912.0,930.0,7.0,3821,0.977909058956916,915.3229,909.4554,891.8531,920.2124
2023-10-06,991848,915226322,930.0,940.0,910.0,910.0,-20.0,1558,0.977909058956916,909.4554,889.8972,889.8972,919.2345
2023-10-11,1212732,1101343517,918.0,925.0,895.0,898.0,-12.0,2598,0.977909058956916,897.7205,878.1623,875.2286,904.5659
2023-10-12,1033719,941700665,905.0,925.0,898.0,907.0,9.0,1770,0.977909058956916,885.0077,886.9635,878.1623,904.5659
2023-10-13,882712,786706434,907.0,914.0,877.0,888.0,-19.0,6458,0.977909058956916,886.9635,868.3832,857.6262,893.8089
2023-10-16,450172,400938575,876.0,897.0,876.0,893.0,5.0,750,0.977909058956916,856.6483,873.2728,856.6483,877.1844
2023-10-17,686021,603818050,900.0,908.0,860.0,862.0,-31.0,1561,0.977909058956916,880.1182,842.9576,841.0018,887.9414
2023-10-18,1610851,1323082433,852.0,857.0,807.0,809.0,-53.0,3147,0.977909058956916,833.1785,791.1284,789.1726,838.0681
2023-10-19,808362,655890937,809.0,823.0,805.0,805.0,-4.0,1360,0.977909058956916,791.1284,787.2168,787.2168,804.8192
2023-10-20,963653,769342740,810.0,812.0,785.0,797.0,-8.0,1692,0.977909058956916,792.1063,779.3935,767.6586,794.0622
2023-10-23,555799,442480023,793.0,806.0,788.0,788.0,-9.0,1039,0.977909058956916,775.4819,770.5923,770.5923,788.1947
2023-10-24,920751,729838496,798.0,806.0,784.0,795.0,7.0,1521,0.977909058956916,780.3714,777.4377,766.6807,788.1947
2023-10-25,1763873,1439548684,811.0,834.0,801.0,821.0,26.0,2110,0.977909058956916,793.0842,802.8633,783.3052,815.5762
2023-10-26,966122,766828423,801.0,805.0,783.0,785.0,-36.0,2105,0.977909058956916,783.3052,767.6586,765.7028,787.2168
2023-10-27,751341,587480340,790.0,798.0,769.0,773.0,-12.0,1660,0.977909058956916,772.5482,755.9237,752.0121,780.3714
2023-10-30,1920416,1449502067,773.0,779.0,742.0,744.0,-29.0,3421,0.977909058956916,755.9237,727.5643,725.6085,761.7912
2023-10-31,2211095,1597267113,752.0,757.0,701.0,702.0,-42.0,3943,0.977909058956916,735.3876,686.4922,685.5143,740.2772
2023-11-01,3486912,2375499059,703.0,705.0,665.0,684.0,-18.0,4835,0.977909058956916,687.4701,668.8898,650.3095,689.4259
2023-11-02,1786813,1271302627,715.0,728.0,698.0,713.0,29.0,2409,0.977909058956916,699.205,697.2492,682.5805,711.9178
2023-11-03,1063826,766985726,719.0,737.0,707.0,719.0,6.0,1635,0.977909058956916,703.1166,703.1166,691.3817,720.719
2023-11-06,1677409,1223865677,729.0,748.0,719.0,724.0,5.0,2192,0.977909058956916,712.8957,708.0062,703.1166,731.476
2023-11-07,4344329,3403479162,762.0,796.0,754.0,796.0,72.0,4406,0.977909058956916,745.1667,778.4156,737.3434,778.4156
2023-11-08,3476240,2993308157,845.0,875.0,835.0,875.0,79.0,5336,0.977909058956916,826.3332,855.6704,816.5541,855.6704
2023-11-09,4221724,3621214012,879.0,881.0,837.0,854.0,-21.0,7374,0.977909058956916,859.5821,835.1343,818.5099,861.5379
2023-11-10,1849636,1566569000,860.0,860.0,835.0,848.0,-6.0,2568,0.977909058956916,841.0018,829.2669,816.5541,841.0018
2023-11-13,1829996,1554552161,867.0,868.0,833.0,849.0,1.0,2519,0.977909058956916,847.8472,830.2448,814.5982,848.8251
2023-11-14,1015992,869500136,855.0,863.0,847.0,856.0,7.0,1506,0.977909058956916,836.1122,837.0902,828.289,843.9355
2023-11-15,2752719,2389952411,883.0,892.0,852.0,867.0,11.0,3355,0.977909058956916,863.4937,847.8472,833.1785,872.2949
2023-11-16,1145101,982025383,867.0,876.0,848.0,857.0,-10.0,1833,0.977909058956916,847.8472,838.0681,829.2669,856.6483
2023-11-17,1064073,906755058,855.0,867.0,845.0,849.0,-8.0,1727,0.977909058956916,836.1122,830.2448,826.3332,847.8472
2023-11-20,949434,801600884,849.0,856.0,838.0,842.0,-7.0,1669,0.977909058956916,830.2448,823.3994,819.4878,837.0902
2023-11-21,3534436,3096543628,848.0,895.0,848.0,895.0,53.0,4458,0.977909058956916,829.2669,875.2286,829.2669,875.2286
2023-11-22,1601533,1406024860,882.0,888.0,871.0,875.0,-20.0,2327,0.977909058956916,862.5158,855.6704,851.7588,868.3832
2023-11-23,1241423,1070209021,880.0,884.0,849.0,851.0,-24.0,2482,0.977909058956916,860.56,832.2006,830.2448,864.4716
2023-11-24,1207881,1046711653,861.0,879.0,850.0,872.0,21.0,1641,0.977909058956916,841.9797,852.7367,831.2227,859.5821
2023-11-27,2180121,1854935655,868.0,875.0,835.0,856.0,-16.0,3206,0.977909058956916,848.8251,837.0902,816.5541,855.6704
2023-11-28,854052,732862126,866.0,866.0,853.0,855.0,-1.0,1194,0.977909058956916,846.8692,836.1122,834.1564,846.8692
2023-11-29,1895342,1669426903,860.0,891.0,856.0,880.0,25.0,2730,0.977909058956916,841.0018,860.56,837.0902,871.317
2023-11-30,1014893,893266980,879.0,895.0,871.0,873.0,-7.0,1738,0.977909058956916,859.5821,853.7146,851.7588,875.2286
2023-12-01,872915,767971600,873.0,888.0,869.0,884.0,11.0,1377,0.977909058956916,853.7146,864.4716,849.803,868.3832
2023-12-04,1148362,997339797,892.0,895.0,857.0,857.0,-27.0,2420,0.977909058956916,872.2949,838.0681,838.0681,875.2286
2023-12-05,1227900,1032802246,842.0,849.0,836.0,840.0,-17.0,2322,0.977909058956916,823.3994,821.4436,817.532,830.2448
2023-12-06,1217297,1058365912,848.0,882.0,846.0,868.0,28.0,1743,0.977909058956916,829.2669,848.8251,827.3111,862.5158
2023-12-07,808208,696843862,866.0,877.0,851.0,858.0,-10.0,2068,0.977909058956916,846.8692,839.046,832.2006,857.6262
2023-12-08,997343,868567103,870.0,882.0,860.0,869.0,11.0,1441,0.977909058956916,850.7809,849.803,841.0018,862.5158
2023-12-11,723057,634642974,877.0,885.0,870.0,880.0,11.0,1209,0.977909058956916,857.6262,860.56,850.7809,865.4495
2023-12-12,1678103,1474594053,893.0,905.0,863.0,863.0,-17.0,2527,0.977909058956916,873.2728,843.9355,843.9355,885.0077
2023-12-13,1940825,1726642155,870.0,899.0,870.0,892.0,29.0,2978,0.977909058956916,850.7809,872.2949,850.7809,879.1402
2023-12-14,1585570,1407198886,900.0,907.0,873.0,877.0,-15.0,2722,0.977909058956916,880.1182,857.6262,853.7146,886.9635
2023-12-15,1378345,1190118634,882.0,885.0,857.0,857.0,-20.0,3253,0.977909058956916,862.5158,838.0681,838.0681,865.4495
2023-12-18,776251,662792951,857.0,865.0,848.0,857.0,0.0,1415,0.977909058956916,838.0681,838.0681,829.2669,845.8913
2023-12-19,1028604,881383746,861.0,872.0,846.0,846.0,-11.0,1673,0.977909058956916,841.9797,827.3111,827.3111,852.7367
2023-12-20,518593,442900581,852.0,860.0,847.0,857.0,11.0,888,0.977909058956916,833.1785,838.0681,828.289,841.0018
2023-12-21,676211,579030661,848.0,864.0,842.0,861.0,4.0,1077,0.977909058956916,829.2669,841.9797,823.3994,844.9134
2023-12-22,553810,475399288,865.0,866.0,853.0,855.0,-6.0,863,0.977909058956916,845.8913,836.1122,834.1564,846.8692
2023-12-25,1897555,1667443009,862.0,888.0,861.0,868.0,13.0,2906,0.977909058956916,842.9576,848.8251,841.9797,868.3832
2023-12-26,2896318,2595527347,877.0,907.0,874.0,904.0,36.0,4564,0.977909058956916,857.6262,884.0298,854.6925,886.9635
2023-12-27,3602800,3367725900,914.0,948.0,911.0,942.0,38.0,5181,0.977909058956916,893.8089,921.1903,890.8752,927.0578
2023-12-28,2582127,2388707605,949.0,956.0,907.0,910.0,-32.0,8664,0.977909058956916,928.0357,889.8972,886.9635,934.8811
2023-12-29,951545,868797961,917.0,919.0,907.0,914.0,4.0,1597,0.977909058956916,896.7426,893.8089,886.9635,898.6984
2024-01-02,1164112,1038632589,918.0,920.0,882.0,890.0,-24.0,2452,0.977909058956916,897.7205,870.3391,862.5158,899.6763
2024-01-03,776557,681000848,880.0,885.0,871.0,872.0,-18.0,1528,0.977909058956916,860.56,852.7367,851.7588,865.4495
2024-01-04,740797,642771412,872.0,878.0,861.0,862.0,-10.0,1466,0.977909058956916,852.7367,842.9576,841.9797,858.6042
2024-01-05,423858,367405309,866.0,872.0,861.0,870.0,8.0,736,0.977909058956916,846.8692,850.7809,841.9797,852.7367
2024-01-08,1772169,1596937400,882.0,922.0,873.0,915.0,45.0,2921,0.977909058956916,862.5158,894.7868,853.7146,901.6322
2024-01-09,2131037,1956325633,923.0,938.0,901.0,910.0,-5.0,2884,0.977909058956916,902.6101,889.8972,881.0961,917.2787
2024-01-10,729297,656725263,910.0,912.0,893.0,896.0,-14.0,1565,0.977909058956916,889.8972,876.2065,873.2728,891.8531
2024-01-11,1074146,985264605,900.0,927.0,897.0,923.0,27.0,1995,0.977909058956916,880.1182,902.6101,877.1844,906.5217
2024-01-12,815894,752522662,916.0,934.0,912.0,918.0,-5.0,1409,0.977909058956916,895.7647,897.7205,891.8531,913.3671
2024-01-15,691809,631726280,927.0,928.0,903.0,910.0,-8.0,1947,0.977909058956916,906.5217,889.8972,883.0519,907.4996
2024-01-16,874350,795309868,909.0,922.0,897.0,920.0,10.0,1288,0.977909058956916,888.9193,899.6763,877.1844,901.6322
2024-01-17,677837,620465326,915.0,930.0,903.0,904.0,-16.0,1359,0.977909058956916,894.7868,884.0298,883.0519,909.4554
2024-01-18,1920564,1779953295,912.0,938.0,907.0,936.0,32.0,3656,0.977909058956916,891.8531,915.3229,886.9635,917.2787
2024-01-19,5010925,4893503240,949.0,1020.0,930.0,1000.0,64.0,7283,0.977909058956916,928.0357,977.9091,909.4554,997.4672
2024-01-22,4434966,4713758200,1030.0,1100.0,1015.0,1075.0,75.0,6154,0.977909058956916,1007.2463,1051.2522,992.5777,1075.7
2024-01-23,2419932,2587296370,1075.0,1095.0,1045.0,1070.0,-5.0,3097,0.977909058956916,1051.2522,1046.3627,1021.915,1070.8104
2024-01-24,1322555,1395567100,1075.0,1085.0,1035.0,1040.0,-30.0,2049,0.977909058956916,1051.2522,1017.0254,1012.1359,1061.0313
2024-01-25,3175018,3235951645,1045.0,1060.0,992.0,999.0,-41.0,4432,0.977909058956916,1021.915,976.9311,970.0858,1036.5836
2024-01-26,1438074,1437826741,1005.0,1010.0,984.0,1000.0,1.0,1900,0.977909058956916,982.7986,977.9091,962.2625,987.6881
2024-01-29,1099187,1114479831,1005.0,1035.0,996.0,1020.0,20.0,1632,0.977909058956916,982.7986,997.4672,973.9974,1012.1359
2024-01-30,1783826,1867304085,1035.0,1065.0,1020.0,1065.0,45.0,2613,0.977909058956916,1012.1359,1041.4731,997.4672,1041.4731
2024-01-31,1353552,1415069960,1040.0,1075.0,1030.0,1040.0,-25.0,2104,0.977909058956916,1017.0254,1017.0254,1007.2463,1051.2522
2024-02-01,1081687,1128568275,1030.0,1060.0,1015.0,1055.0,15.0,1501,0.977909058956916,1007.2463,1031.6941,992.5777,1036.5836
2024-02-02,1631860,1749898000,1070.0,1095.0,1045.0,1085.0,30.0,2333,0.977909058956916,1046.3627,1061.0313,1021.915,1070.8104
2024-02-05,3226625,3279627044,1085.0,1085.0,994.0,1010.0,-75.0,4794,0.977909058956916,1061.0313,987.6881,972.0416,1061.0313
2024-02-15,2883808,3186332850,1085.0,1110.0,1080.0,1110.0,100.0,2837,0.977909058956916,1061.0313,1085.4791,1056.1418,1085.4791
2024-02-16,4094096,4755374265,1135.0,1185.0,1120.0,1180.0,70.0,4947,0.977909058956916,1109.9268,1153.9327,1095.2581,1158.8222
2024-02-19,2384395,2844480475,1175.0,1225.0,1150.0,1195.0,15.0,3256,0.977909058956916,1149.0431,1168.6013,1124.5954,1197.9386
2024-02-20,2022396,2437175560,1210.0,1220.0,1180.0,1220.0,25.0,2514,0.977909058956916,1183.27,1193.0491,1153.9327,1193.0491
2024-02-21,5034988,6446214230,1255.0,1315.0,1225.0,1285.0,65.0,6342,0.977909058956916,1227.2759,1256.6131,1197.9386,1285.9504
2024-02-22,3043822,3957621330,1310.0,1335.0,1265.0,1315.0,30.0,4154,0.977909058956916,1281.0609,1285.9504,1237.055,1305.5086
2024-02-23,4167466,5635976175,1375.0,1390.0,1315.0,1355.0,40.0,4719,0.977909058956916,1344.625,1325.0668,1285.9504,1359.2936
2024-02-26,2934735,3809547215,1300.0,1330.0,1265.0,1315.0,-40.0,4225,0.977909058956916,1271.2818,1285.9504,1237.055,1300.619
2024-02-27,1858290,2409132135,1320.0,1330.0,1270.0,1290.0,-25.0,2680,0.977909058956916,1290.84,1261.5027,1241.9445,1300.619
2024-02-29,1808915,2395315905,1290.0,1355.0,1270.0,1355.0,65.0,2499,0.977909058956916,1261.5027,1325.0668,1241.9445,1325.0668
2024-03-01,1184417,1616863060,1350.0,1385.0,1345.0,1375.0,20.0,1844,0.977909058956916,1320.1772,1344.625,1315.2877,1354.404
2024-03-04,2178294,2980536150,1415.0,1425.0,1325.0,1340.0,-35.0,3420,0.977909058956916,1383.7413,1310.3981,1295.7295,1393.5204
2024-03-05,2816005,3963277560,1350.0,1455.0,1340.0,1445.0,105.0,4049,0.977909058956916,1320.1772,1413.0786,1310.3981,1422.8577
2024-03-06,2094833,3017781635,1425.0,1475.0,1395.0,1470.0,25.0,3150,0.977909058956916,1393.5204,1437.5263,1364.1831,1442.4159
2024-03-07,2921974,4119891700,1470.0,1470.0,1355.0,1365.0,-105.0,5722,0.977909058956916,1437.5263,1334.8459,1325.0668,1437.5263
2024-03-08,2082517,2796257805,1375.0,1390.0,1300.0,1325.0,-40.0,3457,0.977909058956916,1344.625,1295.7295,1271.2818,1359.2936
2024-03-11,1328270,1736668685,1300.0,1325.0,1280.0,1310.0,-15.0,2000,0.977909058956916,1271.2818,1281.0609,1251.7236,1295.7295
2024-03-12,1302795,1724953880,1320.0,1365.0,1300.0,1310.0,0.0,1941,0.977909058956916,1290.84,1281.0609,1271.2818,1334.8459
2024-03-13,2387355,3003484410,1320.0,1320.0,1215.0,1260.0,-50.0,3931,0.977909058956916,1290.84,1232.1654,1188.1595,1290.84
2024-03-14,1317719,1629872915,1250.0,1265.0,1215.0,1230.0,-30.0,1952,0.977909058956916,1222.3863,1202.8281,1188.1595,1237.055
2024-03-15,1528075,1855324835,1200.0,1240.0,1190.0,1205.0,-25.0,2061,0.977909058956916,1173.4909,1178.3804,1163.7118,1212.6072
2024-03-18,1480090,1867775900,1215.0,1290.0,1215.0,1290.0,85.0,1972,0.977909058956916,1188.1595,1261.5027,1188.1595,1261.5027
2024-03-19,1747999,2230692765,1300.0,1315.0,1245.0,1260.0,-30.0,2565,0.977909058956916,1271.2818,1232.1654,1217.4968,1285.9504
2024-03-20,1963931,2460442425,1275.0,1305.0,1215.0,1220.0,-40.0,2678,0.977909058956916,1246.8341,1193.0491,1188.1595,1276.1713
2024-03-21,968802,1221616430,1245.0,1280.0,1240.0,1265.0,45.0,1374,0.977909058956916,1217.4968,1237.055,1212.6072,1251.7236
2024-03-22,2063643,2717098220,1270.0,1350.0,1260.0,1320.0,55.0,3021,0.977909058956916,1241.9445,1290.84,1232.1654,1320.1772
2024-03-25,762547,990944810,1325.0,1330.0,1280.0,1285.0,-35.0,1391,0.977909058956916,1295.7295,1256.6131,1251.7236,1300.619
2024-03-26,1633546,2009979715,1280.0,1285.0,1190.0,1220.0,-65.0,3070,0.977909058956916,1251.7236,1193.0491,1163.7118,1256.6131
2024-03-27,659784,801789195,1225.0,1235.0,1195.0,1210.0,-10.0,1141,0.977909058956916,1197.9386,1183.27,1168.6013,1207.7177
2024-03-28,650747,794150995,1230.0,1240.0,1195.0,1230.0,20.0,1015,0.977909058956916,1202.8281,1202.8281,1168.6013,1212.6072
2024-03-29,695009,873632190,1230.0,1275.0,1225.0,1250.0,20.0,1216,0.977909058956916,1202.8281,1222.3863,1197.9386,1246.8341
2024-04-01,507382,642091745,1265.0,1290.0,1250.0,1260.0,10.0,1010,0.977909058956916,1237.055,1232.1654,1222.3863,1261.5027
2024-04-02,479787,605298550,1260.0,1280.0,1250.0,1250.0,-10.0,834,0.977909058956916,1232.1654,1222.3863,1222.3863,1251.7236
2024-04-03,1414023,1860287990,1240.0,1355.0,1225.0,1325.0,75.0,2355,0.977909058956916,1212.6072,1295.7295,1197.9386,1325.0668
2024-04-08,1407572,1896286810,1325.0,1375.0,1320.0,1340.0,15.0,1965,0.977909058956916,1295.7295,1310.3981,1290.84,1344.625
2024-04-09,3083870,4161377315,1405.0,1430.0,1280.0,1350.0,10.0,4484,0.977909058956916,1373.9622,1320.1772,1251.7236,1398.41
2024-04-10,1107673,1504251505,1370.0,1380.0,1340.0,1345.0,-5.0,1593,0.977909058956916,1339.7354,1315.2877,1310.3981,1349.5145
2024-04-11,1321884,1711631445,1340.0,1340.0,1270.0,1275.0,-70.0,3091,0.977909058956916,1310.3981,1246.8341,1241.9445,1310.3981
2024-04-12,1449248,1947519805,1310.0,1365.0,1310.0,1355.0,80.0,2339,0.977909058956916,1281.0609,1325.0668,1281.0609,1334.8459
2024-04-15,1112618,1427221425,1325.0,1335.0,1250.0,1250.0,-105.0,3581,0.977909058956916,1295.7295,1222.3863,1222.3863,1305.5086
2024-04-16,1221116,1454614585,1235.0,1235.0,1165.0,1175.0,-75.0,2777,0.977909058956916,1207.7177,1149.0431,1139.2641,1207.7177
2024-04-17,1064576,1276729930,1195.0,1235.0,1175.0,1175.0,0.0,1835,0.977909058956916,1168.6013,1149.0431,1149.0431,1207.7177
2024-04-18,1437371,1783659335,1140.0,1290.0,1140.0,1290.0,115.0,2114,0.977909058956916,1114.8163,1261.5027,1114.8163,1261.5027
2024-04-19,2840231,3551088185,1275.0,1320.0,1205.0,1230.0,-60.0,3532,0.977909058956916,1246.8341,1202.8281,1178.3804,1290.84
2024-04-22,2317598,2646021255,1240.0,1240.0,1110.0,1110.0,-120.0,3823,0.977909058956916,1212.6072,1085.4791,1085.4791,1212.6072
2024-04-23,1687335,1835811820,1145.0,1150.0,1065.0,1080.0,-30.0,2476,0.977909058956916,1119.7059,1056.1418,1041.4731,1124.5954
2024-04-24,1552619,1776651850,1125.0,1170.0,1115.0,1160.0,80.0,2083,0.977909058956916,1100.1477,1134.3745,1090.3686,1144.1536
2024-04-25,1239907,1361553110,1130.0,1150.0,1075.0,1080.0,-80.0,2468,0.977909058956916,1105.0372,1056.1418,1051.2522,1124.5954
2024-04-26,1429385,1669039505,1120.0,1185.0,1110.0,1185.0,105.0,1990,0.977909058956916,1095.2581,1158.8222,1085.4791,1158.8222
2024-04-29,1374520,1651331850,1215.0,1220.0,1180.0,1190.0,5.0,1816,0.977909058956916,1188.1595,1163.7118,1153.9327,1193.0491
2024-04-30,1367593,1685360525,1190.0,1260.0,1190.0,1230.0,40.0,1860,0.977909058956916,1163.7118,1202.8281,1163.7118,1232.1654
2024-05-02,981055,1181782605,1210.0,1235.0,1190.0,1200.0,-30.0,1429,0.977909058956916,1183.27,1173.4909,1163.7118,1207.7177
2024-05-03,638538,767261135,1225.0,1235.0,1180.0,1185.0,-15.0,1474,0.977909058956916,1197.9386,1158.8222,1153.9327,1207.7177
2024-05-06,748211,901239470,1215.0,1230.0,1190.0,1200.0,15.0,1001,0.977909058956916,1188.1595,1173.4909,1163.7118,1202.8281
2024-05-07,1093982,1330702030,1215.0,1245.0,1170.0,1245.0,45.0,1589,0.977909058956916,1188.1595,1217.4968,1144.1536,1217.4968
2024-05-08,2085299,2551093895,1200.0,1265.0,1185.0,1260.0,15.0,2746,0.977909058956916,1173.4909,1232.1654,1158.8222,1237.055
2024-05-09,2997663,3818356430,1280.0,1315.0,1220.0,1285.0,25.0,3914,0.977909058956916,1251.7236,1256.6131,1193.0491,1285.9504
2024-05-10,1389933,1751436620,1315.0,1315.0,1235.0,1240.0,-45.0,2650,0.977909058956916,1285.9504,1212.6072,1207.7177,1285.9504
2024-05-13,665879,833994515,1245.0,1270.0,1230.0,1250.0,10.0,932,0.977909058956916,1217.4968,1222.3863,1202.8281,1241.9445
2024-05-14,813496,1029340440,1245.0,1290.0,1245.0,1250.0,0.0,1392,0.977909058956916,1217.4968,1222.3863,1217.4968,1261.5027
2024-05-15,1205613,1556654805,1280.0,1310.0,1270.0,1280.0,30.0,1900,0.977909058956916,1251.7236,1251.7236,1241.9445,1281.0609
2024-05-16,735789,951079275,1315.0,1320.0,1270.0,1290.0,10.0,1384,0.977909058956916,1285.9504,1261.5027,1241.9445,1290.84
2024-05-17,336862,431440390,1285.0,1290.0,1270.0,1280.0,-10.0,637,0.977909058956916,1256.6131,1251.7236,1241.9445,1261.5027
2024-05-20,745409,933420565,1270.0,1285.0,1235.0,1245.0,-35.0,1477,0.977909058956916,1241.9445,1217.4968,1207.7177,1256.6131
2024-05-21,715926,910348145,1250.0,1285.0,1245.0,1280.0,35.0,1030,0.977909058956916,1222.3863,1251.7236,1217.4968,1256.6131
2024-05-22,536359,689842750,1275.0,1300.0,1270.0,1285.0,5.0,1007,0.977909058956916,1246.8341,1256.6131,1241.9445,1271.2818
2024-05-23,945603,1224425980,1295.0,1320.0,1260.0,1285.0,0.0,1516,0.977909058956916,1266.3922,1256.6131,1232.1654,1290.84
2024-05-24,613866,794559240,1275.0,1320.0,1275.0,1275.0,-10.0,1182,0.977909058956916,1246.8341,1246.8341,1246.8341,1290.84
2024-05-27,678191,878743450,1295.0,1315.0,1275.0,1275.0,0.0,1264,0.977909058956916,1266.3922,1246.8341,1246.8341,1285.9504
2024-05-28,1186546,1477720855,1290.0,1290.0,1215.0,1225.0,-50.0,4315,0.977909058956916,1261.5027,1197.9386,1188.1595,1261.5027
2024-05-29,1506578,1877510100,1230.0,1285.0,1215.0,1230.0,5.0,2003,0.977909058956916,1202.8281,1202.8281,1188.1595,1256.6131
2024-05-30,1627077,1909300490,1230.0,1230.0,1145.0,1165.0,-65.0,4129,0.977909058956916,1202.8281,1139.2641,1119.7059,1202.8281
2024-05-31,1555086,1779128570,1170.0,1170.0,1125.0,1125.0,-40.0,2865,0.977909058956916,1144.1536,1100.1477,1100.1477,1144.1536
2024-06-03,1062769,1240973795,1155.0,1190.0,1150.0,1160.0,35.0,1682,0.977909058956916,1129.485,1134.3745,1124.5954,1163.7118
2024-06-04,1068704,1208547380,1160.0,1165.0,1105.0,1115.0,-45.0,3040,0.977909058956916,1134.3745,1090.3686,1080.5895,1139.2641
2024-06-05,892580,994771815,1145.0,1145.0,1100.0,1105.0,-10.0,2191,0.977909058956916,1119.7059,1080.5895,1075.7,1119.7059
2024-06-06,1166557,1317301565,1130.0,1155.0,1095.0,1145.0,40.0,2067,0.977909058956916,1105.0372,1119.7059,1070.8104,1129.485
2024-06-07,1507280,1759404425,1175.0,1190.0,1150.0,1175.0,30.0,2486,0.977909058956916,1149.0431,1149.0431,1124.5954,1163.7118
2024-06-11,982116,1161522620,1180.0,1205.0,1160.0,1180.0,5.0,1744,0.977909058956916,1153.9327,1153.9327,1134.3745,1178.3804
2024-06-12,1284510,1558277685,1185.0,1235.0,1185.0,1215.0,35.0,2189,0.977909058956916,1158.8222,1188.1595,1158.8222,1207.7177
2024-06-13,946056,1149149005,1230.0,1240.0,1200.0,1205.0,-10.0,1549,0.977909058956916,1202.8281,1178.3804,1173.4909,1212.6072
2024-06-14,608911,728149920,1210.0,1215.0,1180.0,1195.0,-10.0,1233,0.977909058956916,1183.27,1168.6013,1153.9327,1188.1595
2024-06-17,962279,1166308715,1185.0,1230.0,1185.0,1195.0,0.0,1410,0.977909058956916,1158.8222,1168.6013,1158.8222,1202.8281
2024-06-18,865091,1023525000,1200.0,1220.0,1165.0,1170.0,-25.0,1859,0.977909058956916,1173.4909,1144.1536,1139.2641,1193.0491
2024-06-19,1244835,1439385455,1180.0,1185.0,1140.0,1145.0,-25.0,2820,0.977909058956916,1153.9327,1119.7059,1114.8163,1158.8222
2024-06-20,1042615,1241133195,1145.0,1210.0,1145.0,1210.0,65.0,1969,0.977909058956916,1119.7059,1183.27,1119.7059,1183.27
2024-06-21,873653,1040993030,1190.0,1220.0,1165.0,1200.0,-10.0,1751,0.977909058956916,1163.7118,1173.4909,1139.2641,1193.0491
2024-06-24,627165,755697895,1195.0,1220.0,1185.0,1200.0,0.0,1189,0.977909058956916,1168.6013,1173.4909,1158.8222,1193.0491
2024-06-25,883181,1076733225,1215.0,1240.0,1180.0,1220.0,20.0,1771,0.977909058956916,1188.1595,1193.0491,1153.9327,1212.6072
2024-06-26,1090906,1364897940,1220.0,1265.0,1220.0,1255.0,35.0,2172,0.977909058956916,1193.0491,1227.2759,1193.0491,1237.055
2024-06-27,511721,635483525,1245.0,1260.0,1225.0,1240.0,-15.0,1175,0.977909058956916,1217.4968,1212.6072,1197.9386,1232.1654
2024-06-28,433097,540425770,1240.0,1260.0,1240.0,1240.0,0.0,911,0.977909058956916,1212.6072,1212.6072,1212.6072,1232.1654
2024-07-01,417389,511586405,1245.0,1245.0,1210.0,1220.0,-20.0,1002,0.977909058956916,1217.4968,1193.0491,1183.27,1217.4968
2024-07-02,380392,467515755,1225.0,1240.0,1205.0,1240.0,20.0,765,0.977909058956916,1197.9386,1212.6072,1178.3804,1212.6072
2024-07-03,901264,1143093010,1255.0,1285.0,1235.0,1280.0,40.0,1775,0.977909058956916,1227.2759,1251.7236,1207.7177,1256.6131
2024-07-04,1730736,2308469145,1295.0,1360.0,1290.0,1355.0,75.0,4503,0.977909058956916,1266.3922,1325.0668,1261.5027,1329.9563
2024-07-05,800400,1089233245,1365.0,1375.0,1340.0,1375.0,20.0,1657,0.977909058956916,1334.8459,1344.625,1310.3981,1344.625
2024-07-08,1318111,1818921540,1370.0,1410.0,1340.0,1375.0,0.0,2339,0.977909058956916,1339.7354,1344.625,1310.3981,1378.8518
2024-07-09,960177,1305880095,1375.0,1405.0,1320.0,1355.0,-20.0,1800,0.977909058956916,1344.625,1325.0668,1290.84,1373.9622
2024-07-10,512208,701816305,1355.0,1385.0,1345.0,1365.0,10.0,966,0.977909058956916,1325.0668,1334.8459,1315.2877,1354.404
2024-07-11,859022,1152823165,1400.0,1400.0,1300.0,1310.0,-55.0,3794,0.977909058956916,1369.0727,1281.0609,1271.2818,1369.0727
2024-07-12,747515,954841065,1295.0,1295.0,1260.0,1280.0,-30.0,1929,0.977909058956916,1266.3922,1251.7236,1232.1654,1266.3922
2024-07-15,926484,1187477975,1310.0,1335.0,1255.0,1260.0,-20.0,5253,0.977909058956916,1281.0609,1232.1654,1227.2759,1305.5086
2024-07-16,1047365,1320045920,1260.0,1300.0,1225.0,1290.0,30.0,2240,0.977909058956916,1232.1654,1261.5027,1197.9386,1271.2818
2024-07-17,1001676,1296257005,1290.0,1340.0,1255.0,1255.0,-35.0,1879,0.977909058956916,1261.5027,1227.2759,1227.2759,1310.3981
2024-07-18,1279787,1523774780,1220.0,1220.0,1170.0,1200.0,-55.0,3337,0.977909058956916,1193.0491,1173.4909,1144.1536,1193.0491
2024-07-19,1129420,1314427550,1185.0,1200.0,1140.0,1140.0,-60.0,3205,0.977909058956916,1158.8222,1114.8163,1114.8163,1173.4909
2024-07-22,947739,1074304620,1160.0,1175.0,1095.0,1120.0,-20.0,1933,0.977909058956916,1134.3745,1095.2581,1070.8104,1149.0431
2024-07-23,632075,731543920,1150.0,1170.0,1135.0,1170.0,50.0,1170,0.977909058956916,1124.5954,1144.1536,1109.9268,1144.1536
2024-07-26,904796,1013974650,1095.0,1140.0,1090.0,1125.0,-45.0,1939,0.977909058956916,1070.8104,1100.1477,1065.9209,1114.8163
2024-07-29,1041863,1207207515,1150.0,1190.0,1135.0,1145.0,20.0,1600,0.977909058956916,1124.5954,1119.7059,1109.9268,1163.7118
2024-07-30,1468210,1621182185,1140.0,1150.0,1065.0,1125.0,-20.0,2796,0.977909058956916,1114.8163,1100.1477,1041.4731,1124.5954
2024-07-31,1122253,1229165755,1100.0,1115.0,1080.0,1105.0,-20.0,2192,0.977909058956916,1075.7,1080.5895,1056.1418,1090.3686
2024-08-01,887233,1016341825,1145.0,1170.0,1130.0,1135.0,30.0,1737,0.977909058956916,1119.7059,1109.9268,1105.0372,1144.1536
2024-08-02,701175,761608190,1090.0,1110.0,1065.0,1065.0,-70.0,2276,0.977909058956916,1065.9209,1041.4731,1041.4731,1085.4791
2024-08-05,961287,926658423,994.0,994.0,959.0,959.0,-106.0,2936,0.977909058956916,972.0416,937.8148,937.8148,972.0416
2024-08-06,2250835,2167775753,989.0,1010.0,879.0,997.0,38.0,3169,0.977909058956916,967.1521,974.9753,859.5821,987.6881
2024-08-07,1993856,2169480230,1055.0,1095.0,1050.0,1095.0,98.0,1546,0.977909058956916,1031.6941,1070.8104,1026.8045,1070.8104
2024-08-08,3718859,4159370185,1100.0,1175.0,1065.0,1070.0,-25.0,5187,0.977909058956916,1075.7,1046.3627,1041.4731,1149.0431
2024-08-09,1813096,2002183595,1130.0,1135.0,1070.0,1110.0,40.0,2889,0.977909058956916,1105.0372,1085.4791,1046.3627,1109.9268
2024-08-12,823961,910314930,1120.0,1125.0,1090.0,1095.0,-15.0,1784,0.977909058956916,1095.2581,1070.8104,1065.9209,1100.1477
2024-08-13,530726,587412215,1120.0,1120.0,1090.0,1110.0,15.0,951,0.977909058956916,1095.2581,1085.4791,1065.9209,1095.2581
2024-08-14,1169578,1338541050,1155.0,1165.0,1120.0,1135.0,25.0,2017,0.977909058956916,1129.485,1109.9268,1095.2581,1139.2641
2024-08-15,1066077,1242944540,1140.0,1180.0,1125.0,1165.0,30.0,2044,0.977909058956916,1114.8163,1139.2641,1100.1477,1153.9327
2024-08-16,1355130,1649191790,1200.0,1230.0,1190.0,1215.0,50.0,2695,0.977909058956916,1173.4909,1188.1595,1163.7118,1202.8281
2024-08-19,1370257,1731302535,1235.0,1285.0,1215.0,1260.0,45.0,2753,0.977909058956916,1207.7177,1232.1654,1188.1595,1256.6131
2024-08-20,1057956,1334546350,1280.0,1300.0,1230.0,1230.0,-30.0,2069,0.977909058956916,1251.7236,1202.8281,1202.8281,1271.2818
2024-08-21,881048,1077970210,1230.0,1255.0,1205.0,1210.0,-20.0,1488,0.977909058956916,1202.8281,1183.27,1178.3804,1227.2759
2024-08-22,585603,721132345,1220.0,1245.0,1220.0,1230.0,20.0,984,0.977909058956916,1193.0491,1202.8281,1193.0491,1217.4968
2024-08-23,1281796,1630215240,1200.0,1305.0,1200.0,1300.0,70.0,2665,0.977909058956916,1173.4909,1271.2818,1173.4909,1276.1713
2024-08-26,727212,937662030,1305.0,1310.0,1270.0,1270.0,-30.0,1910,0.977909058956916,1276.1713,1241.9445,1241.9445,1281.0609
2024-08-27,596656,760556925,1280.0,1295.0,1250.0,1280.0,10.0,1240,0.977909058956916,1251.7236,1251.7236,1222.3863,1266.3922
2024-08-28,602559,761933600,1280.0,1290.0,1250.0,1260.0,-20.0,1485,0.977909058956916,1251.7236,1232.1654,1222.3863,1261.5027
2024-08-29,1072349,1323667575,1245.0,1275.0,1195.0,1260.0,0.0,2322,0.9890476190476191,1231.3643,1246.2,1181.9119,1261.0357
2024-08-30,415010,525791460,1265.0,1285.0,1255.0,1265.0,5.0,840,0.9890476190476191,1251.1452,1251.1452,1241.2548,1270.9262
2024-09-02,593984,731541825,1275.0,1285.0,1205.0,1205.0,-60.0,1804,0.9890476190476191,1261.0357,1191.8024,1191.8024,1270.9262
2024-09-03,359996,441716060,1220.0,1240.0,1215.0,1225.0,20.0,679,0.9890476190476191,1206.6381,1211.5833,1201.6929,1226.419
2024-09-04,1101965,1267853600,1145.0,1175.0,1115.0,1150.0,-75.0,2554,0.9890476190476191,1132.4595,1137.4048,1102.7881,1162.131
2024-09-05,705573,801780705,1175.0,1175.0,1115.0,1120.0,-30.0,2197,0.9890476190476191,1162.131,1107.7333,1102.7881,1162.131
2024-09-06,647910,753925555,1125.0,1195.0,1120.0,1165.0,45.0,1181,0.9890476190476191,1112.6786,1152.2405,1107.7333,1181.9119
2024-09-09,850259,960347480,1120.0,1160.0,1100.0,1160.0,-5.0,1552,0.9890476190476191,1107.7333,1147.2952,1087.9524,1147.2952
2024-09-10,946707,1083996840,1175.0,1185.0,1115.0,1125.0,-35.0,1533,0.9890476190476191,1162.131,1112.6786,1102.7881,1172.0214
2024-09-11,470992,529303480,1130.0,1145.0,1110.0,1115.0,-10.0,774,0.9890476190476191,1117.6238,1102.7881,1097.8429,1132.4595
2024-09-12,872521,1014818425,1150.0,1185.0,1145.0,1150.0,35.0,1535,0.9890476190476191,1137.4048,1137.4048,1132.4595,1172.0214
2024-09-13,776456,906975540,1160.0,1190.0,1140.0,1185.0,35.0,1220,0.9890476190476191,1147.2952,1172.0214,1127.5143,1176.9667
2024-09-16,571335,692604450,1180.0,1230.0,1180.0,1210.0,25.0,1024,0.9890476190476191,1167.0762,1196.7476,1167.0762,1216.5286
2024-09-18,810720,954093790,1215.0,1225.0,1145.0,1150.0,-60.0,1866,0.9890476190476191,1201.6929,1137.4048,1132.4595,1211.5833
2024-09-19,963949,1127169790,1165.0,1220.0,1155.0,1210.0,60.0,1377,0.9890476190476191,1152.2405,1196.7476,1142.35,1206.6381
2024-09-20,1240508,1476527210,1220.0,1240.0,1165.0,1165.0,-45.0,3920,0.9890476190476191,1206.6381,1152.2405,1152.2405,1226.419
2024-09-23,523772,617078180,1190.0,1195.0,1165.0,1165.0,0.0,830,0.9890476190476191,1176.9667,1152.2405,1152.2405,1181.9119
2024-09-24,413476,489208925,1165.0,1210.0,1160.0,1190.0,25.0,768,0.9890476190476191,1152.2405,1176.9667,1147.2952,1196.7476
2024-09-25,1114609,1326025705,1215.0,1230.0,1160.0,1160.0,-30.0,2365,0.9890476190476191,1201.6929,1147.2952,1147.2952,1216.5286
2024-09-26,490343,574863150,1175.0,1185.0,1160.0,1170.0,10.0,971,0.9890476190476191,1162.131,1157.1857,1147.2952,1172.0214
2024-09-27,1500532,1814329630,1190.0,1230.0,1190.0,1205.0,35.0,1994,0.9890476190476191,1176.9667,1191.8024,1176.9667,1216.5286
2024-09-30,1820573,2050065140,1180.0,1195.0,1090.0,1100.0,-105.0,6051,0.9890476190476191,1167.0762,1087.9524,1078.0619,1181.9119
2024-10-01,1361357,1479699705,1110.0,1120.0,1065.0,1090.0,-10.0,3215,0.9890476190476191,1097.8429,1078.0619,1053.3357,1107.7333
2024-10-04,969211,1022491630,1090.0,1090.0,1040.0,1045.0,-45.0,2714,0.9890476190476191,1078.0619,1033.5548,1028.6095,1078.0619
2024-10-07,546617,581558975,1055.0,1075.0,1045.0,1070.0,25.0,1042,0.9890476190476191,1043.4452,1058.281,1033.5548,1063.2262
2024-10-08,492323,533690210,1070.0,1105.0,1055.0,1100.0,30.0,1143,0.9890476190476191,1058.281,1087.9524,1043.4452,1092.8976
2024-10-09,966048,1026485965,1110.0,1115.0,1030.0,1040.0,-60.0,3282,0.9890476190476191,1097.8429,1028.6095,1018.719,1102.7881
2024-10-11,1166421,1244793630,1050.0,1090.0,1025.0,1075.0,35.0,1910,0.9890476190476191,1038.5,1063.2262,1013.7738,1078.0619
2024-10-14,1601028,1763241620,1070.0,1130.0,1070.0,1080.0,5.0,2224,0.9890476190476191,1058.281,1068.1714,1058.281,1117.6238
2024-10-15,1297010,1411837045,1090.0,1110.0,1075.0,1095.0,15.0,1788,0.9890476190476191,1078.0619,1083.0071,1063.2262,1097.8429
2024-10-16,816074,882100480,1075.0,1110.0,1050.0,1085.0,-10.0,1345,0.9890476190476191,1063.2262,1073.1167,1038.5,1097.8429
2024-10-17,611812,678913970,1090.0,1120.0,1090.0,1115.0,30.0,1067,0.9890476190476191,1078.0619,1102.7881,1078.0619,1107.7333
2024-10-18,1036917,1150568825,1125.0,1140.0,1075.0,1080.0,-35.0,1901,0.9890476190476191,1112.6786,1068.1714,1063.2262,1127.5143
2024-10-21,434275,477263575,1090.0,1110.0,1080.0,1095.0,15.0,836,0.9890476190476191,1078.0619,1083.0071,1068.1714,1097.8429
2024-10-22,1082681,1226890590,1090.0,1150.0,1090.0,1145.0,50.0,2155,0.9890476190476191,1078.0619,1132.4595,1078.0619,1137.4048
2024-10-23,3111682,3796928965,1165.0,1255.0,1160.0,1245.0,100.0,5382,0.9890476190476191,1152.2405,1231.3643,1147.2952,1241.2548
2024-10-24,1788444,2204329115,1220.0,1255.0,1210.0,1245.0,0.0,2817,0.9890476190476191,1206.6381,1231.3643,1196.7476,1241.2548
2024-10-25,1586601,1975477235,1240.0,1270.0,1200.0,1255.0,10.0,2656,0.9890476190476191,1226.419,1241.2548,1186.8571,1256.0905
2024-10-28,1469997,1814204615,1245.0,1275.0,1210.0,1210.0,-45.0,2989,0.9890476190476191,1231.3643,1196.7476,1196.7476,1261.0357
2024-10-29,835948,1021968965,1205.0,1240.0,1205.0,1230.0,20.0,1438,0.9890476190476191,1191.8024,1216.5286,1191.8024,1226.419
2024-10-30,1226905,1546813500,1225.0,1280.0,1225.0,1250.0,20.0,2235,0.9890476190476191,1211.5833,1236.3095,1211.5833,1265.981
2024-11-01,761234,954218155,1225.0,1275.0,1220.0,1275.0,25.0,1220,0.9890476190476191,1211.5833,1261.0357,1206.6381,1261.0357
2024-11-04,986512,1258463310,1295.0,1310.0,1255.0,1275.0,0.0,1921,0.9890476190476191,1280.8167,1261.0357,1241.2548,1295.6524
2024-11-05,746217,957654695,1275.0,1300.0,1260.0,1290.0,15.0,1368,0.9890476190476191,1261.0357,1275.8714,1246.2,1285.7619
2024-11-06,745356,966272190,1300.0,1305.0,1280.0,1300.0,10.0,1396,0.9890476190476191,1285.7619,1285.7619,1265.981,1290.7071
2024-11-07,4352200,6178563180,1330.0,1430.0,1330.0,1430.0,130.0,4727,0.9890476190476191,1315.4333,1414.3381,1315.4333,1414.3381
2024-11-08,3821994,5474813340,1455.0,1480.0,1395.0,1405.0,-25.0,4599,0.9890476190476191,1439.0643,1389.6119,1379.7214,1463.7905
2024-11-11,1195470,1700607080,1425.0,1445.0,1405.0,1435.0,30.0,2074,0.9890476190476191,1409.3929,1419.2833,1389.6119,1429.1738
2024-11-12,1015678,1431401985,1420.0,1445.0,1380.0,1380.0,-55.0,2498,0.9890476190476191,1404.4476,1364.8857,1364.8857,1429.1738
2024-11-13,947079,1297398710,1395.0,1400.0,1355.0,1365.0,-15.0,1753,0.9890476190476191,1379.7214,1350.05,1340.1595,1384.6667
2024-11-14,1738268,2437379160,1370.0,1435.0,1365.0,1385.0,20.0,2245,0.9890476190476191,1354.9952,1369.831,1350.05,1419.2833
2024-11-15,1604057,2177718165,1390.0,1405.0,1310.0,1355.0,-30.0,2552,0.9890476190476191,1374.7762,1340.1595,1295.6524,1389.6119
2024-11-18,914516,1207047015,1350.0,1350.0,1300.0,1300.0,-55.0,1643,0.9890476190476191,1335.2143,1285.7619,1285.7619,1335.2143
2024-11-19,892338,1207695575,1325.0,1375.0,1320.0,1370.0,70.0,1565,0.9890476190476191,1310.4881,1354.9952,1305.5429,1359.9405
2024-11-20,1481350,2078516015,1395.0,1430.0,1370.0,1395.0,25.0,2339,0.9890476190476191,1379.7214,1379.7214,1354.9952,1414.3381
2024-11-21,1063468,1507770650,1390.0,1430.0,1380.0,1425.0,30.0,1621,0.9890476190476191,1374.7762,1409.3929,1364.8857,1414.3381
2024-11-22,1893165,2735238880,1460.0,1480.0,1420.0,1430.0,5.0,2470,0.9890476190476191,1444.0095,1414.3381,1404.4476,1463.7905
2024-11-25,1119105,1613523350,1450.0,1465.0,1415.0,1465.0,35.0,1947,0.9890476190476191,1434.119,1448.9548,1399.5024,1448.9548
2024-11-26,1587294,2313257510,1460.0,1480.0,1440.0,1445.0,-20.0,2151,0.9890476190476191,1444.0095,1429.1738,1424.2286,1463.7905
2024-11-27,970199,1390492480,1465.0,1465.0,1410.0,1420.0,-25.0,1468,0.9890476190476191,1448.9548,1404.4476,1394.5571,1448.9548
2024-11-28,1234231,1710507160,1425.0,1425.0,1360.0,1390.0,-30.0,1981,0.9890476190476191,1409.3929,1374.7762,1345.1048,1409.3929
2024-11-29,990096,1419415210,1385.0,1460.0,1380.0,1460.0,70.0,1696,0.9890476190476191,1369.831,1444.0095,1364.8857,1444.0095
2024-12-02,1200818,1775974245,1475.0,1495.0,1450.0,1495.0,35.0,2209,0.9890476190476191,1458.8452,1478.6262,1434.119,1478.6262
2024-12-03,1923342,2897416565,1505.0,1540.0,1480.0,1495.0,0.0,4394,0.9890476190476191,1488.5167,1478.6262,1463.7905,1523.1333
2024-12-04,1604410,2489149900,1500.0,1580.0,1500.0,1570.0,75.0,2804,0.9890476190476191,1483.5714,1552.8048,1483.5714,1562.6952
2024-12-05,2135596,3416694085,1575.0,1640.0,1560.0,1595.0,25.0,2982,0.9890476190476191,1557.75,1577.531,1542.9143,1622.0381
2024-12-06,1359939,2160103495,1615.0,1620.0,1565.0,1575.0,-20.0,2134,0.9890476190476191,1597.3119,1557.75,1547.8595,1602.2571
2024-12-09,764326,1206489040,1585.0,1595.0,1565.0,1575.0,0.0,1159,0.9890476190476191,1567.6405,1557.75,1547.8595,1577.531
2024-12-10,1160177,1777994405,1535.0,1555.0,1515.0,1525.0,-50.0,2213,0.9890476190476191,1518.1881,1508.2976,1498.4071,1537.969
2024-12-11,1308888,2005845410,1515.0,1555.0,1510.0,1535.0,10.0,1975,0.9890476190476191,1498.4071,1518.1881,1493.4619,1537.969
2024-12-12,1559030,2385672500,1545.0,1550.0,1505.0,1550.0,15.0,2038,0.9890476190476191,1528.0786,1533.0238,1488.5167,1533.0238
2024-12-13,590961,911726700,1540.0,1555.0,1530.0,1545.0,-5.0,1125,0.9890476190476191,1523.1333,1528.0786,1513.2429,1537.969
2024-12-16,1151491,1740509770,1555.0,1565.0,1485.0,1490.0,-55.0,2702,0.9890476190476191,1537.969,1473.681,1468.7357,1547.8595
2024-12-17,1013984,1556330135,1505.0,1555.0,1490.0,1545.0,55.0,1855,0.9890476190476191,1488.5167,1528.0786,1473.681,1537.969
2024-12-18,1039962,1559587865,1540.0,1545.0,1480.0,1500.0,-45.0,2387,0.9890476190476191,1523.1333,1483.5714,1463.7905,1528.0786
2024-12-19,693268,1031913660,1450.0,1510.0,1445.0,1500.0,0.0,1202,0.9890476190476191,1434.119,1483.5714,1429.1738,1493.4619
2024-12-20,742012,1089348015,1500.0,1500.0,1450.0,1450.0,-50.0,1809,0.9890476190476191,1483.5714,1434.119,1434.119,1483.5714
2024-12-23,453133,669957120,1475.0,1490.0,1455.0,1490.0,40.0,811,0.9890476190476191,1458.8452,1473.681,1439.0643,1473.681
2024-12-24,509148,745686155,1505.0,1505.0,1450.0,1450.0,-40.0,1444,0.9890476190476191,1488.5167,1434.119,1434.119,1488.5167
2024-12-25,375647,550288275,1475.0,1495.0,1450.0,1450.0,0.0,699,0.9890476190476191,1458.8452,1434.119,1434.119,1478.6262
2024-12-26,358013,528088010,1460.0,1490.0,1455.0,1465.0,15.0,665,0.9890476190476191,1444.0095,1448.9548,1439.0643,1473.681
2024-12-27,214854,316516125,1480.0,1485.0,1465.0,1470.0,5.0,462,0.9890476190476191,1463.7905,1453.9,1448.9548,1468.7357
2024-12-30,1620896,2497681595,1485.0,1565.0,1480.0,1545.0,75.0,3044,0.9890476190476191,1468.7357,1528.0786,1463.7905,1547.8595
2024-12-31,1810195,2823691780,1555.0,1590.0,1530.0,1550.0,5.0,4982,0.9890476190476191,1537.969,1533.0238,1513.2429,1572.5857
2025-01-02,2103776,3203056880,1550.0,1615.0,1470.0,1475.0,-75.0,6213,0.9890476190476191,1533.0238,1458.8452,1453.9,1597.3119
2025-01-03,659336,970707785,1490.0,1500.0,1460.0,1465.0,-10.0,1663,0.9890476190476191,1473.681,1448.9548,1444.0095,1483.5714
2025-01-06,730056,1093487355,1495.0,1525.0,1480.0,1490.0,25.0,1642,0.9890476190476191,1478.6262,1473.681,1463.7905,1508.2976
2025-01-07,948729,1447535290,1520.0,1560.0,1495.0,1515.0,25.0,1963,0.9890476190476191,1503.3524,1498.4071,1478.6262,1542.9143
2025-01-08,1316956,2017873530,1535.0,1570.0,1505.0,1505.0,-10.0,3160,0.9890476190476191,1518.1881,1488.5167,1488.5167,1552.8048
2025-01-09,913935,1381326035,1505.0,1540.0,1485.0,1510.0,5.0,1596,0.9890476190476191,1488.5167,1493.4619,1468.7357,1523.1333
2025-01-10,1009417,1512134865,1510.0,1540.0,1470.0,1475.0,-35.0,3911,0.9890476190476191,1493.4619,1458.8452,1453.9,1523.1333
2025-01-13,1136844,1608464035,1460.0,1460.0,1395.0,1400.0,-75.0,2692,0.9890476190476191,1444.0095,1384.6667,1379.7214,1444.0095
2025-01-14,516735,725398970,1405.0,1420.0,1380.0,1415.0,15.0,1078,0.9890476190476191,1389.6119,1399.5024,1364.8857,1404.4476
2025-01-15,577598,798766315,1410.0,1415.0,1365.0,1375.0,-40.0,1812,0.9890476190476191,1394.5571,1359.9405,1350.05,1399.5024
2025-01-16,545424,767190365,1410.0,1420.0,1395.0,1410.0,35.0,903,0.9890476190476191,1394.5571,1394.5571,1379.7214,1404.4476
2025-01-17,320801,452526800,1415.0,1425.0,1400.0,1410.0,0.0,622,0.9890476190476191,1399.5024,1394.5571,1384.6667,1409.3929
2025-01-20,632294,913333535,1420.0,1460.0,1420.0,1460.0,50.0,1136,0.9890476190476191,1404.4476,1444.0095,1404.4476,1444.0095
2025-01-21,926649,1373129900,1460.0,1515.0,1420.0,1485.0,25.0,1691,0.9890476190476191,1444.0095,1468.7357,1404.4476,1498.4071
2025-01-22,838578,1271351120,1500.0,1530.0,1495.0,1520.0,35.0,1575,0.9890476190476191,1483.5714,1503.3524,1478.6262,1513.2429
2025-02-03,1371563,1889703230,1400.0,1405.0,1370.0,1370.0,-150.0,4885,0.9890476190476191,1384.6667,1354.9952,1354.9952,1389.6119
2025-02-04,1475706,2033452870,1395.0,1405.0,1335.0,1345.0,-25.0,2837,0.9890476190476191,1379.7214,1330.269,1320.3786,1389.6119
2025-02-05,1077522,1521172195,1355.0,1440.0,1355.0,1410.0,65.0,1856,0.9890476190476191,1340.1595,1394.5571,1340.1595,1424.2286
2025-02-06,972722,1402366900,1445.0,1470.0,1420.0,1425.0,15.0,1463,0.9890476190476191,1429.1738,1409.3929,1404.4476,1453.9
2025-02-07,1727063,2667753145,1500.0,1565.0,1500.0,1565.0,140.0,8359,0.9890476190476191,1483.5714,1547.8595,1483.5714,1547.8595
2025-02-10,1620600,2569471905,1595.0,1615.0,1560.0,1570.0,5.0,3617,0.9890476190476191,1577.531,1552.8048,1542.9143,1597.3119
2025-02-11,1130023,1812241160,1575.0,1635.0,1555.0,1620.0,50.0,2292,0.9890476190476191,1557.75,1602.2571,1537.969,1617.0929
2025-02-12,1375797,2250710825,1635.0,1665.0,1600.0,1655.0,35.0,2666,0.9890476190476191,1617.0929,1636.8738,1582.4762,1646.7643
2025-02-13,1335245,2240002635,1660.0,1715.0,1635.0,1670.0,15.0,2547,0.9890476190476191,1641.819,1651.7095,1617.0929,1696.2167
2025-02-14,770483,1297156240,1660.0,1715.0,1655.0,1675.0,5.0,1589,0.9890476190476191,1641.819,1656.6548,1636.8738,1696.2167
2025-02-17,795050,1374330210,1695.0,1755.0,1695.0,1755.0,80.0,2096,0.9890476190476191,1676.4357,1735.7786,1676.4357,1735.7786
2025-02-18,1690571,3072064525,1780.0,1860.0,1760.0,1855.0,100.0,3218,0.9890476190476191,1760.5048,1834.6833,1740.7238,1839.6286
2025-02-19,1060763,1974412165,1860.0,1880.0,1840.0,1870.0,15.0,2018,0.9890476190476191,1839.6286,1849.519,1819.8476,1859.4095
2025-02-20,1505533,2789507090,1860.0,1890.0,1800.0,1875.0,5.0,2622,0.9890476190476191,1839.6286,1854.4643,1780.2857,1869.3
2025-02-21,3002390,5529376850,1950.0,1950.0,1765.0,1865.0,-10.0,6557,0.9890476190476191,1928.6429,1844.5738,1745.669,1928.6429
2025-02-24,2404707,4486258255,1825.0,1930.0,1780.0,1930.0,65.0,3987,0.9890476190476191,1805.0119,1908.8619,1760.5048,1908.8619
2025-02-25,1619969,3148623835,1930.0,1975.0,1905.0,1955.0,25.0,2819,0.9890476190476191,1908.8619,1933.5881,1884.1357,1953.369
2025-02-26,2413560,4890714800,1955.0,2080.0,1935.0,2050.0,95.0,4438,0.9890476190476191,1933.5881,2027.5476,1913.8071,2057.219
2025-02-27,1670475,3380048840,2055.0,2085.0,1970.0,1990.0,-60.0,3347,0.9890476190476191,2032.4929,1968.2048,1948.4238,2062.1643
2025-03-03,1377891,2728833380,1970.0,2015.0,1945.0,2000.0,10.0,2304,0.9890476190476191,1948.4238,1978.0952,1923.6976,1992.931
2025-03-04,1383685,2741930830,1960.0,2010.0,1945.0,2005.0,5.0,2526,0.9890476190476191,1938.5333,1983.0405,1923.6976,1987.9857
2025-03-05,1440565,2845204845,2015.0,2035.0,1935.0,1960.0,-45.0,3039,0.9890476190476191,1992.931,1938.5333,1913.8071,2012.7119
2025-03-06,915313,1810826875,1985.0,2015.0,1955.0,1970.0,10.0,1670,0.9890476190476191,1963.2595,1948.4238,1933.5881,1992.931
2025-03-07,2155733,4174462890,1990.0,2030.0,1880.0,1925.0,-45.0,4270,0.9890476190476191,1968.2048,1903.9167,1859.4095,2007.7667
2025-03-10,729830,1394125655,1925.0,1935.0,1890.0,1900.0,-25.0,1715,0.9890476190476191,1903.9167,1879.1905,1869.3,1913.8071
2025-03-11,1680545,3103864255,1830.0,1890.0,1790.0,1870.0,-30.0,2767,0.9890476190476191,1809.9571,1849.519,1770.3952,1869.3
2025-03-12,1450279,2696827785,1885.0,1925.0,1820.0,1840.0,-30.0,3221,0.9890476190476191,1864.3548,1819.8476,1800.0667,1903.9167
2025-03-13,951507,1799818175,1870.0,1930.0,1855.0,1880.0,40.0,1831,0.9890476190476191,1849.519,1859.4095,1834.6833,1908.8619
2025-03-14,805418,1504448940,1885.0,1900.0,1840.0,1895.0,15.0,1449,0.9890476190476191,1864.3548,1874.2452,1819.8476,1879.1905
2025-03-17,828534,1585590955,1910.0,1950.0,1875.0,1915.0,20.0,1527,0.9890476190476191,1889.081,1894.0262,1854.4643,1928.6429
2025-03-18,853730,1676907360,1950.0,1980.0,1930.0,1980.0,65.0,1792,0.9890476190476191,1928.6429,1958.3143,1908.8619,1958.3143
2025-03-19,774616,1506717445,1970.0,1980.0,1920.0,1925.0,-55.0,1538,0.9890476190476191,1948.4238,1903.9167,1898.9714,1958.3143
2025-03-20,832644,1635980375,1950.0,1990.0,1940.0,1965.0,40.0,1568,0.9890476190476191,1928.6429,1943.4786,1918.7524,1968.2048
2025-03-21,1716508,3231971105,1965.0,1970.0,1860.0,1865.0,-100.0,2928,0.9890476190476191,1943.4786,1844.5738,1839.6286,1948.4238
2025-03-24,834804,1548454565,1900.0,1900.0,1830.0,1840.0,-25.0,1638,0.9890476190476191,1879.1905,1819.8476,1809.9571,1879.1905
2025-03-25,827487,1533096575,1885.0,1890.0,1825.0,1845.0,5.0,1704,0.9890476190476191,1864.3548,1824.7929,1805.0119,1869.3
2025-03-26,752859,1406693005,1855.0,1895.0,1820.0,1895.0,50.0,1322,0.9890476190476191,1834.6833,1874.2452,1800.0667,1874.2452
2025-03-27,1162563,2186403400,1855.0,1920.0,1820.0,1900.0,5.0,2005,0.9890476190476191,1834.6833,1879.1905,1800.0667,1898.9714
2025-03-28,1160039,2145424370,1875.0,1900.0,1825.0,1825.0,-75.0,2283,0.9890476190476191,1854.4643,1805.0119,1805.0119,1879.1905
2025-03-31,1934532,3280713150,1760.0,1785.0,1645.0,1650.0,-175.0,4421,0.9890476190476191,1740.7238,1631.9286,1626.9833,1765.45
2025-04-01,1215128,2034113700,1665.0,1705.0,1645.0,1665.0,15.0,1966,0.9890476190476191,1646.7643,1646.7643,1626.9833,1686.3262
2025-04-02,1110262,1833366280,1680.0,1690.0,1620.0,1640.0,-25.0,2205,0.9890476190476191,1661.6,1622.0381,1602.2571,1671.4905
2025-04-07,51656,76450880,1480.0,1480.0,1480.0,1480.0,-160.0,601,0.9890476190476191,1463.7905,1463.7905,1463.7905,1463.7905
2025-04-08,1250732,1702259295,1360.0,1405.0,1335.0,1335.0,-145.0,3240,0.9890476190476191,1345.1048,1320.3786,1320.3786,1389.6119
2025-04-09,2031257,2552040995,1280.0,1320.0,1205.0,1205.0,-130.0,3837,0.9890476190476191,1265.981,1191.8024,1191.8024,1305.5429
2025-04-10,157184,208268800,1325.0,1325.0,1325.0,1325.0,120.0,537,0.9890476190476191,1310.4881,1310.4881,1310.4881,1310.4881
2025-04-11,2277827,3203036155,1315.0,1455.0,1290.0,1455.0,130.0,3518,0.9890476190476191,1300.5976,1439.0643,1275.8714,1439.0643
2025-04-14,2380816,3746436245,1555.0,1600.0,1520.0,1585.0,130.0,4062,0.9890476190476191,1537.969,1567.6405,1503.3524,1582.4762
2025-04-15,1770103,2858057455,1600.0,1655.0,1570.0,1640.0,55.0,2733,0.9890476190476191,1582.4762,1622.0381,1552.8048,1636.8738
2025-04-16,1315748,2098601820,1600.0,1645.0,1560.0,1570.0,-70.0,2730,0.9890476190476191,1582.4762,1552.8048,1542.9143,1626.9833
2025-04-17,1555415,2515252900,1560.0,1660.0,1555.0,1615.0,45.0,2547,0.9890476190476191,1542.9143,1597.3119,1537.969,1641.819
2025-04-18,1180837,1923753615,1620.0,1645.0,1600.0,1640.0,25.0,1685,0.9890476190476191,1602.2571,1622.0381,1582.4762,1626.9833
2025-04-21,1275476,2095493855,1635.0,1670.0,1600.0,1645.0,5.0,2050,0.9890476190476191,1617.0929,1626.9833,1582.4762,1651.7095
2025-04-22,1017016,1638154480,1615.0,1660.0,1570.0,1570.0,-75.0,4413,0.9890476190476191,1597.3119,1552.8048,1552.8048,1641.819
2025-04-23,1660160,2794742710,1635.0,1720.0,1635.0,1670.0,100.0,4753,0.9890476190476191,1617.0929,1651.7095,1617.0929,1701.1619
2025-04-24,899033,1523511085,1700.0,1715.0,1670.0,1675.0,5.0,1514,0.9890476190476191,1681.381,1656.6548,1651.7095,1696.2167
2025-04-25,1397716,2493605960,1760.0,1815.0,1735.0,1795.0,120.0,2938,0.9890476190476191,1740.7238,1775.3405,1715.9976,1795.1214
2025-04-28,928077,1659186600,1825.0,1825.0,1750.0,1770.0,-25.0,2670,0.9890476190476191,1805.0119,1750.6143,1730.8333,1805.0119
2025-04-29,635631,1140681535,1790.0,1820.0,1760.0,1815.0,45.0,1372,0.9890476190476191,1770.3952,1795.1214,1740.7238,1800.0667
2025-04-30,1022357,1797142995,1790.0,1795.0,1730.0,1745.0,-70.0,2144,0.9890476190476191,1770.3952,1725.8881,1711.0524,1775.3405
2025-05-02,1125315,2042901190,1780.0,1845.0,1780.0,1840.0,95.0,2299,0.9890476190476191,1760.5048,1819.8476,1760.5048,1824.7929
2025-05-05,1313880,2385136625,1855.0,1860.0,1765.0,1815.0,-25.0,3142,0.9890476190476191,1834.6833,1795.1214,1745.669,1839.6286
2025-05-06,1024298,1908694055,1820.0,1900.0,1795.0,1855.0,40.0,2115,0.9890476190476191,1800.0667,1834.6833,1775.3405,1879.1905
2025-05-07,876795,1636308360,1880.0,1895.0,1845.0,1865.0,10.0,1492,0.9890476190476191,1859.4095,1844.5738,1824.7929,1874.2452
2025-05-08,2228346,4240849620,1970.0,1970.0,1850.0,1920.0,55.0,4626,0.9890476190476191,1948.4238,1898.9714,1829.7381,1948.4238
2025-05-09,1278211,2431391635,1920.0,1935.0,1875.0,1890.0,-30.0,2838,0.9890476190476191,1898.9714,1869.3,1854.4643,1913.8071
2025-05-12,999184,1907554895,1910.0,1945.0,1880.0,1880.0,-10.0,2154,0.9890476190476191,1889.081,1859.4095,1859.4095,1923.6976
2025-05-13,1063313,2050353450,1945.0,1955.0,1900.0,1925.0,45.0,2181,0.9890476190476191,1923.6976,1903.9167,1879.1905,1933.5881
2025-05-14,1198287,2341417605,1920.0,2000.0,1920.0,1940.0,15.0,2604,0.9890476190476191,1898.9714,1918.7524,1898.9714,1978.0952
2025-05-15,769899,1523065365,1970.0,2000.0,1940.0,2000.0,60.0,1855,0.9890476190476191,1948.4238,1978.0952,1918.7524,1978.0952
2025-05-16,752774,1513101375,2015.0,2025.0,1990.0,2020.0,20.0,1932,0.9890476190476191,1992.931,1997.8762,1968.2048,2002.8214
2025-05-19,1099959,2210557290,2020.0,2070.0,1965.0,1965.0,-55.0,2339,0.9890476190476191,1997.8762,1943.4786,1943.4786,2047.3286
2025-05-20,1248495,2529267660,2010.0,2065.0,1995.0,2010.0,45.0,2540,0.9890476190476191,1987.9857,1987.9857,1973.15,2042.3833
2025-05-21,542646,1104769370,2015.0,2050.0,2010.0,2050.0,40.0,1412,0.9890476190476191,1992.931,2027.5476,1987.9857,2027.5476
2025-05-22,1264798,2656410395,2045.0,2140.0,2020.0,2130.0,80.0,3205,0.9890476190476191,2022.6024,2106.6714,1997.8762,2116.5619
2025-05-23,729782,1534596330,2115.0,2130.0,2080.0,2095.0,-35.0,1979,0.9890476190476191,2091.8357,2072.0548,2057.219,2106.6714
2025-05-26,686067,1442520790,2090.0,2125.0,2080.0,2090.0,-5.0,1361,0.9890476190476191,2067.1095,2067.1095,2057.219,2101.7262
2025-05-27,505944,1047984670,2100.0,2125.0,2050.0,2050.0,-40.0,1592,0.9890476190476191,2077.0,2027.5476,2027.5476,2101.7262
2025-05-28,522822,1079492005,2095.0,2100.0,2040.0,2060.0,10.0,1083,0.9890476190476191,2072.0548,2037.4381,2017.6571,2077.0
2025-05-29,546404,1133710310,2085.0,2110.0,2050.0,2050.0,-10.0,1105,0.9890476190476191,2062.1643,2027.5476,2027.5476,2086.8905
2025-06-02,614146,1241270135,2020.0,2045.0,1990.0,2030.0,-20.0,1522,0.9890476190476191,1997.8762,2007.7667,1968.2048,2022.6024
2025-06-03,1375592,2930291770,2060.0,2175.0,2050.0,2160.0,130.0,3305,0.9890476190476191,2037.4381,2136.3429,2027.5476,2151.1786
2025-06-04,592111,1280277785,2170.0,2180.0,2135.0,2175.0,15.0,1642,0.9890476190476191,2146.2333,2151.1786,2111.6167,2156.1238
2025-06-05,455277,996155680,2175.0,2200.0,2160.0,2200.0,25.0,1416,0.9890476190476191,2151.1786,2175.9048,2136.3429,2175.9048
2025-06-06,664600,1419749825,2170.0,2175.0,2115.0,2135.0,-65.0,2352,0.9890476190476191,2146.2333,2111.6167,2091.8357,2151.1786
2025-06-09,320343,684456555,2145.0,2160.0,2115.0,2145.0,10.0,875,0.9890476190476191,2121.5071,2121.5071,2091.8357,2136.3429
2025-06-10,463802,1005997420,2150.0,2185.0,2145.0,2180.0,35.0,1225,0.9890476190476191,2126.4524,2156.1238,2121.5071,2161.069
2025-06-11,629626,1354502125,2205.0,2205.0,2120.0,2140.0,-40.0,1988,0.9890476190476191,2180.85,2116.5619,2096.781,2180.85
2025-06-12,622569,1319752900,2150.0,2150.0,2095.0,2130.0,-10.0,1854,0.9890476190476191,2126.4524,2106.6714,2072.0548,2126.4524
2025-06-13,713514,1519851315,2105.0,2165.0,2065.0,2165.0,35.0,1880,0.9890476190476191,2081.9452,2141.2881,2042.3833,2141.2881
2025-06-16,385089,833106925,2145.0,2185.0,2135.0,2185.0,20.0,993,0.9890476190476191,2121.5071,2161.069,2111.6167,2161.069
2025-06-17,588796,1268914000,2190.0,2210.0,2120.0,2130.0,-55.0,2019,0.9890476190476191,2166.0143,2106.6714,2096.781,2185.7952
2025-06-18,706663,1516251580,2145.0,2180.0,2115.0,2150.0,20.0,1393,0.9890476190476191,2121.5071,2126.4524,2091.8357,2156.1238
2025-06-19,411591,884938090,2150.0,2180.0,2130.0,2150.0,0.0,1007,0.9890476190476191,2126.4524,2126.4524,2106.6714,2156.1238
2025-06-20,1039758,2166628795,2140.0,2155.0,2060.0,2075.0,-75.0,2726,0.9890476190476191,2116.5619,2052.2738,2037.4381,2131.3976
2025-06-23,485764,1011970815,2095.0,2100.0,2050.0,2100.0,25.0,996,0.9890476190476191,2072.0548,2077.0,2027.5476,2077.0
2025-06-24,465330,993695335,2130.0,2150.0,2115.0,2145.0,45.0,1113,0.9890476190476191,2106.6714,2121.5071,2091.8357,2126.4524
2025-06-25,507151,1088605380,2175.0,2175.0,2130.0,2135.0,-10.0,1160,0.9890476190476191,2151.1786,2111.6167,2106.6714,2151.1786
2025-06-26,1609574,3279993165,2145.0,2145.0,1975.0,2050.0,-85.0,4974,0.9890476190476191,2121.5071,2027.5476,1953.369,2121.5071
2025-06-27,733546,1496405780,2045.0,2065.0,2010.0,2050.0,0.0,1925,0.9890476190476191,2022.6024,2027.5476,1987.9857,2042.3833
2025-06-30,473260,976692585,2050.0,2090.0,2030.0,2035.0,-15.0,1152,0.9890476190476191,2027.5476,2012.7119,2007.7667,2067.1095
2025-07-01,637673,1293540805,2055.0,2080.0,2010.0,2010.0,-25.0,1863,0.9890476190476191,2032.4929,1987.9857,1987.9857,2057.219
2025-07-02,326217,656525435,2020.0,2040.0,1995.0,2015.0,5.0,1266,0.9890476190476191,1997.8762,1992.931,1973.15,2017.6571
2025-07-03,395168,795187860,2035.0,2035.0,1990.0,1990.0,-25.0,1197,0.9890476190476191,2012.7119,1968.2048,1968.2048,2012.7119
2025-07-04,703133,1437751275,2020.0,2085.0,2015.0,2050.0,60.0,1905,0.9890476190476191,1997.8762,2027.5476,1992.931,2062.1643
2025-07-07,630947,1275675355,2050.0,2060.0,1970.0,2025.0,-25.0,1574,0.9890476190476191,2027.5476,2002.8214,1948.4238,2037.4381
2025-07-08,1097025,2316736925,1995.0,2155.0,1995.0,2145.0,120.0,3249,0.9890476190476191,1973.15,2121.5071,1973.15,2131.3976
2025-07-09,646393,1385024315,2125.0,2165.0,2110.0,2150.0,5.0,1680,0.9890476190476191,2101.7262,2126.4524,2086.8905,2141.2881
2025-07-10,323303,698699810,2155.0,2175.0,2140.0,2160.0,10.0,1116,0.9890476190476191,2131.3976,2136.3429,2116.5619,2151.1786
2025-07-11,460986,976666060,2150.0,2150.0,2090.0,2120.0,-40.0,1567,0.9890476190476191,2126.4524,2096.781,2067.1095,2126.4524
2025-07-14,403189,836807655,2100.0,2115.0,2055.0,2055.0,-65.0,1540,0.9890476190476191,2077.0,2032.4929,2032.4929,2091.8357
2025-07-15,433850,915384830,2075.0,2150.0,2065.0,2130.0,75.0,1246,0.9890476190476191,2052.2738,2106.6714,2042.3833,2126.4524
2025-07-16,968956,2132542865,2170.0,2245.0,2160.0,2185.0,55.0,2435,0.9890476190476191,2146.2333,2161.069,2136.3429,2220.4119
2025-07-17,1084421,2437423985,2215.0,2275.0,2200.0,2240.0,55.0,2786,0.9890476190476191,2190.7405,2215.4667,2175.9048,2250.0833
2025-07-18,1728365,4107476945,2255.0,2455.0,2255.0,2415.0,175.0,5266,0.9890476190476191,2230.3024,2388.55,2230.3024,2428.1119
2025-07-21,1499760,3687808285,2425.0,2505.0,2410.0,2500.0,85.0,3101,0.9890476190476191,2398.4405,2472.619,2383.6048,2477.5643
2025-07-22,1553406,3949300620,2500.0,2610.0,2480.0,2495.0,-5.0,4009,0.9890476190476191,2472.619,2467.6738,2452.8381,2581.4143
2025-07-23,933216,2342874060,2540.0,2565.0,2470.0,2500.0,5.0,1902,0.9890476190476191,2512.181,2472.619,2442.9476,2536.9071
2025-07-24,844606,2129542485,2515.0,2560.0,2480.0,2520.0,20.0,1808,0.9890476190476191,2487.4548,2492.4,2452.8381,2531.9619
2025-07-25,547124,1393343270,2510.0,2570.0,2500.0,2565.0,45.0,1499,0.9890476190476191,2482.5095,2536.9071,2472.619,2541.8524
2025-07-28,720284,1876405225,2565.0,2640.0,2545.0,2605.0,40.0,1950,0.9890476190476191,2536.9071,2576.469,2517.1262,2611.0857
2025-07-29,717783,1856581550,2540.0,2615.0,2535.0,2595.0,-10.0,1639,0.9890476190476191,2512.181,2566.5786,2507.2357,2586.3595
2025-07-30,444556,1145003075,2600.0,2615.0,2540.0,2605.0,10.0,1504,0.9890476190476191,2571.5238,2576.469,2512.181,2586.3595
2025-07-31,610392,1627969655,2610.0,2695.0,2610.0,2665.0,60.0,1670,0.9890476190476191,2581.4143,2635.8119,2581.4143,2665.4833
2025-08-01,604274,1595041285,2610.0,2670.0,2610.0,2640.0,-25.0,1923,0.9890476190476191,2581.4143,2611.0857,2581.4143,2640.7571
2025-08-04,342004,888658105,2600.0,2640.0,2575.0,2600.0,-40.0,1710,0.9890476190476191,2571.5238,2571.5238,2546.7976,2611.0857
2025-08-05,1495075,4147059690,2650.0,2860.0,2650.0,2725.0,125.0,5083,0.9890476190476191,2620.9762,2695.1548,2620.9762,2828.6762
2025-08-06,672334,1871364780,2740.0,2810.0,2735.0,2810.0,85.0,1928,0.9890476190476191,2709.9905,2779.2238,2705.0452,2779.2238
2025-08-07,2102439,6193380285,2820.0,3050.0,2790.0,2925.0,115.0,5683,0.9890476190476191,2789.1143,2892.9643,2759.4429,3016.5952
2025-08-08,901923,2667603565,2960.0,3020.0,2890.0,2960.0,35.0,2385,0.9890476190476191,2927.581,2927.581,2858.3476,2986.9238
2025-08-11,765332,2280685195,2990.0,3020.0,2930.0,3005.0,45.0,2036,0.9890476190476191,2957.2524,2972.0881,2897.9095,2986.9238
2025-08-12,816622,2441297940,3015.0,3035.0,2945.0,2990.0,-15.0,3239,0.9890476190476191,2981.9786,2957.2524,2912.7452,3001.7595
2025-08-13,963722,2949157105,3000.0,3120.0,2985.0,3055.0,65.0,2704,0.9890476190476191,2967.1429,3021.5405,2952.3071,3085.8286
2025-08-14,487075,1512250835,3035.0,3135.0,3035.0,3105.0,50.0,1471,0.9890476190476191,3001.7595,3070.9929,3001.7595,3100.6643
2025-08-15,483521,1515708310,3120.0,3185.0,3085.0,3130.0,25.0,1658,0.9890476190476191,3085.8286,3095.719,3051.2119,3150.1167
2025-08-18,540227,1710149485,3115.0,3200.0,3110.0,3180.0,50.0,1376,0.9890476190476191,3080.8833,3145.1714,3075.9381,3164.9524
2025-08-19,829691,2585582375,3150.0,3180.0,3080.0,3085.0,-95.0,3513,0.9890476190476191,3115.5,3051.2119,3046.2667,3145.1714
2025-08-20,1501089,4378738375,2935.0,3035.0,2840.0,2855.0,-230.0,6858,0.9890476190476191,2902.8548,2823.731,2808.8952,3001.7595
2025-08-21,999803,2960907955,2925.0,3030.0,2890.0,2965.0,110.0,2735,0.9890476190476191,2892.9643,2932.5262,2858.3476,2996.8143
2025-08-22,697681,2094128555,2965.0,3060.0,2955.0,2955.0,-10.0,1932,0.9890476190476191,2932.5262,2922.6357,2922.6357,3026.4857
2025-08-25,508720,1556382115,3070.0,3105.0,3035.0,3035.0,80.0,1503,0.9890476190476191,3036.3762,3001.7595,3001.7595,3070.9929
2025-08-26,5291581,15781811770,3035.0,3075.0,2955.0,2980.0,-55.0,2965,0.9890476190476191,3001.7595,2947.3619,2922.6357,3041.3214
2025-08-27,842357,2479116015,3000.0,3020.0,2905.0,2940.0,-40.0,4532,0.9890476190476191,2967.1429,2907.8,2873.1833,2986.9238
2025-08-28,653734,1916474404,2920.0,2965.0,2905.0,2925.0,0.0,1726,1.0,2920.0,2925.0,2905.0,2965.0
2025-08-29,807706,2435544550,2950.0,3045.0,2950.0,3025.0,100.0,2540,1.0,2950.0,3025.0,2950.0,3045.0
2025-09-01,778118,2333258040,3020.0,3070.0,2940.0,2965.0,-60.0,2632,1.0,3020.0,2965.0,2940.0,3070.0
2025-09-02,486966,1439244465,3000.0,3025.0,2925.0,2930.0,-35.0,1678,1.0,3000.0,2930.0,2925.0,3025.0
2025-09-03,1252213,3849856755,2910.0,3185.0,2905.0,3130.0,200.0,4166,1.0,2910.0,3130.0,2905.0,3185.0
2025-09-04,1115191,3390743265,3170.0,3200.0,2990.0,2995.0,-135.0,3648,1.0,3170.0,2995.0,2990.0,3200.0
2025-09-05,1364888,4359737685,3075.0,3250.0,3060.0,3210.0,215.0,4883,1.0,3075.0,3210.0,3060.0,3250.0
2025-09-08,577169,1843298230,3210.0,3240.0,3150.0,3220.0,10.0,2246,1.0,3210.0,3220.0,3150.0,3240.0
2025-09-09,1049942,3530317910,3300.0,3430.0,3270.0,3335.0,115.0,3313,1.0,3300.0,3335.0,3270.0,3430.0
2025-09-10,960328,3287832890,3410.0,3485.0,3365.0,3485.0,150.0,2470,1.0,3410.0,3485.0,3365.0,3485.0
2025-09-11,838449,2925310775,3450.0,3590.0,3415.0,3415.0,-70.0,3560,1.0,3450.0,3415.0,3415.0,3590.0
2025-09-12,813259,2781578100,3450.0,3475.0,3365.0,3430.0,15.0,2270,1.0,3450.0,3430.0,3365.0,3475.0
2025-09-15,588883,1999286685,3445.0,3445.0,3310.0,3410.0,-20.0,1728,1.0,3445.0,3410.0,3310.0,3445.0
2025-09-16,518119,1764614090,3375.0,3495.0,3350.0,3370.0,-40.0,2012,1.0,3375.0,3370.0,3350.0,3495.0
2025-09-17,560258,1897127980,3370.0,3475.0,3340.0,3370.0,0.0,1672,1.0,3370.0,3370.0,3340.0,3475.0
2025-09-18,323555,1100749825,3400.0,3430.0,3370.0,3415.0,45.0,1044,1.0,3400.0,3415.0,3370.0,3430.0
2025-09-19,1898650,6347953170,3420.0,3480.0,3315.0,3335.0,-80.0,2576,1.0,3420.0,3335.0,3315.0,3480.0
2025-09-22,574947,1918225605,3385.0,3460.0,3250.0,3250.0,-85.0,3001,1.0,3385.0,3250.0,3250.0,3460.0
2025-09-23,502835,1638125565,3255.0,3300.0,3210.0,3220.0,-30.0,1698,1.0,3255.0,3220.0,3210.0,3300.0
2025-09-24,564960,1814610640,3255.0,3270.0,3165.0,3220.0,0.0,1955,1.0,3255.0,3220.0,3165.0,3270.0
2025-09-25,512141,1645891925,3215.0,3285.0,3160.0,3170.0,-50.0,2306,1.0,3215.0,3170.0,3160.0,3285.0
2025-09-26,517748,1620593625,3170.0,3215.0,3100.0,3100.0,-70.0,1966,1.0,3170.0,3100.0,3100.0,3215.0
2025-09-30,779053,2575820735,3140.0,3380.0,3140.0,3290.0,190.0,2892,1.0,3140.0,3290.0,3140.0,3380.0
2025-10-01,415949,1377489075,3340.0,3355.0,3245.0,3310.0,20.0,1790,1.0,3340.0,3310.0,3245.0,3355.0
2025-10-02,359258,1198462405,3350.0,3380.0,3300.0,3340.0,30.0,1319,1.0,3350.0,3340.0,3300.0,3380.0
2025-10-03,604701,2055962590,3355.0,3435.0,3345.0,3415.0,75.0,2033,1.0,3355.0,3415.0,3345.0,3435.0
2025-10-07,426418,1468805790,3465.0,3485.0,3395.0,3470.0,55.0,1759,1.0,3465.0,3470.0,3395.0,3485.0
2025-10-08,1260024,4498696190,3510.0,3665.0,3495.0,3575.0,105.0,3003,1.0,3510.0,3575.0,3495.0,3665.0
2025-10-09,1005989,3721194200,3635.0,3775.0,3600.0,3745.0,170.0,3534,1.0,3635.0,3745.0,3600.0,3775.0
2025-10-13,618462,2273738690,3590.0,3720.0,3585.0,3720.0,-25.0,3060,1.0,3590.0,3720.0,3585.0,3720.0
2025-10-14,1177574,4581507430,3810.0,3945.0,3785.0,3795.0,75.0,3852,1.0,3810.0,3795.0,3785.0,3945.0
2025-10-15,630315,2459153275,3870.0,3960.0,3785.0,3920.0,125.0,2141,1.0,3870.0,3920.0,3785.0,3960.0
2025-10-16,543242,2131787095,3915.0,3985.0,3860.0,3930.0,10.0,2017,1.0,3915.0,3930.0,3860.0,3985.0
2025-10-17,772350,2939955745,3930.0,3930.0,3760.0,3760.0,-170.0,4856,1.0,3930.0,3760.0,3760.0,3930.0
2025-10-20,379988,1431423860,3790.0,3835.0,3715.0,3750.0,-10.0,2603,1.0,3790.0,3750.0,3715.0,3835.0
2025-10-21,567977,2175558710,3740.0,3890.0,3740.0,3860.0,110.0,2208,1.0,3740.0,3860.0,3740.0,3890.0
2025-10-22,315835,1201303730,3790.0,3855.0,3755.0,3805.0,-55.0,2204,1.0,3790.0,3805.0,3755.0,3855.0
2025-10-23,244630,924116715,3720.0,3810.0,3720.0,3780.0,-25.0,1392,1.0,3720.0,3780.0,3720.0,3810.0
2025-10-27,416608,1588352060,3865.0,3875.0,3770.0,3770.0,-10.0,1432,1.0,3865.0,3770.0,3770.0,3875.0
2025-10-28,288637,1104870175,3780.0,3860.0,3780.0,3860.0,90.0,1312,1.0,3780.0,3860.0,3780.0,3860.0
2025-10-29,715054,2841114940,3955.0,4050.0,3880.0,3920.0,60.0,3235,1.0,3955.0,3920.0,3880.0,4050.0
2025-10-30,752907,3043254880,4000.0,4095.0,3950.0,4095.0,175.0,3133,1.0,4000.0,4095.0,3950.0,4095.0
2025-10-31,471698,1924662340,4090.0,4155.0,4010.0,4110.0,15.0,2351,1.0,4090.0,4110.0,4010.0,4155.0
2025-11-03,516444,2195155465,4115.0,4320.0,4115.0,4280.0,170.0,2693,1.0,4115.0,4280.0,4115.0,4320.0
2025-11-04,540626,2293511140,4250.0,4335.0,4180.0,4195.0,-85.0,3878,1.0,4250.0,4195.0,4180.0,4335.0
2025-11-05,688170,2824034795,3960.0,4220.0,3960.0,4205.0,10.0,3242,1.0,3960.0,4205.0,3960.0,4220.0
2025-11-06,477676,2059304295,4210.0,4400.0,4190.0,4310.0,105.0,2311,1.0,4210.0,4310.0,4190.0,4400.0
2025-11-07,888255,3667044745,4210.0,4285.0,4075.0,4080.0,-230.0,5845,1.0,4210.0,4080.0,4075.0,4285.0
2025-11-10,1044178,4372829780,4145.0,4280.0,4115.0,4180.0,100.0,2946,1.0,4145.0,4180.0,4115.0,4280.0
2025-11-11,1439097,5998264900,4245.0,4310.0,4000.0,4025.0,-155.0,5768,1.0,4245.0,4025.0,4000.0,4310.0
2025-11-12,2149770,8509871420,3955.0,4205.0,3815.0,3855.0,-170.0,10744,1.0,3955.0,3855.0,3815.0,4205.0
2025-11-13,1268002,4819782675,3835.0,3875.0,3750.0,3775.0,-80.0,6163,1.0,3835.0,3775.0,3750.0,3875.0
2025-11-14,1495527,5557024325,3700.0,3790.0,3630.0,3715.0,-60.0,5569,1.0,3700.0,3715.0,3630.0,3790.0
2025-11-17,874247,3274072665,3800.0,3835.0,3700.0,3715.0,0.0,3095,1.0,3800.0,3715.0,3700.0,3835.0
2025-11-18,1124991,4051187105,3665.0,3675.0,3545.0,3550.0,-165.0,6457,1.0,3665.0,3550.0,3545.0,3675.0
2025-11-19,921773,3348630720,3605.0,3705.0,3540.0,3575.0,25.0,3339,1.0,3605.0,3575.0,3540.0,3705.0
2025-11-20,1149383,4198244390,3800.0,3830.0,3555.0,3630.0,55.0,3672,1.0,3800.0,3630.0,3555.0,3830.0
2025-11-21,780598,2743860210,3470.0,3610.0,3470.0,3525.0,-105.0,4294,1.0,3470.0,3525.0,3470.0,3610.0
2025-11-24,1562394,5522523610,3625.0,3685.0,3480.0,3505.0,-20.0,3624,1.0,3625.0,3505.0,3480.0,3685.0
2025-11-25,985382,3451872290,3625.0,3660.0,3450.0,3460.0,-45.0,4831,1.0,3625.0,3460.0,3450.0,3660.0
2025-11-26,1264894,4320125305,3510.0,3510.0,3360.0,3400.0,-60.0,7831,1.0,3510.0,3400.0,3360.0,3510.0
2025-11-27,1633252,5788689630,3450.0,3650.0,3420.0,3605.0,205.0,5575,1.0,3450.0,3605.0,3420.0,3650.0
2025-11-28,1803731,6799823050,3620.0,3920.0,3560.0,3815.0,210.0,7697,1.0,3620.0,3815.0,3560.0,3920.0
2025-12-01,1557328,5566593020,3815.0,3820.0,3460.0,3460.0,-355.0,12292,1.0,3815.0,3460.0,3460.0,3820.0
2025-12-02,1456871,4961341390,3515.0,3560.0,3345.0,3365.0,-95.0,10781,1.0,3515.0,3365.0,3345.0,3560.0
2025-12-03,674200,2310810415,3420.0,3455.0,3385.0,3445.0,80.0,2726,1.0,3420.0,3445.0,3385.0,3455.0
2025-12-04,399875,1390267120,3500.0,3500.0,3445.0,3490.0,45.0,2036,1.0,3500.0,3490.0,3445.0,3500.0
2025-12-05,798639,2800181555,3520.0,3570.0,3450.0,3460.0,-30.0,3865,1.0,3520.0,3460.0,3450.0,3570.0
2025-12-08,935445,3293110560,3530.0,3600.0,3425.0,3535.0,75.0,3565,1.0,3530.0,3535.0,3425.0,3600.0
2025-12-09,837835,2988410280,3610.0,3675.0,3500.0,3500.0,-35.0,4500,1.0,3610.0,3500.0,3500.0,3675.0
2025-12-10,663637,2348570810,3550.0,3615.0,3460.0,3615.0,115.0,3868,1.0,3550.0,3615.0,3460.0,3615.0
2025-12-11,1624116,6138698815,3660.0,3860.0,3660.0,3825.0,210.0,8479,1.0,3660.0,3825.0,3660.0,3860.0
2025-12-12,1057586,4007702285,3815.0,3930.0,3705.0,3740.0,-85.0,6276,1.0,3815.0,3740.0,3705.0,3930.0
2025-12-15,567990,2052150855,3615.0,3655.0,3565.0,3625.0,-115.0,6002,1.0,3615.0,3625.0,3565.0,3655.0
2025-12-16,509915,1831437615,3625.0,3640.0,3535.0,3590.0,-35.0,3889,1.0,3625.0,3590.0,3535.0,3640.0
2025-12-17,424748,1528163565,3640.0,3675.0,3535.0,3545.0,-45.0,2616,1.0,3640.0,3545.0,3535.0,3675.0
2025-12-18,473208,1665015440,3545.0,3565.0,3460.0,3520.0,-25.0,2443,1.0,3545.0,3520.0,3460.0,3565.0
2025-12-19,680541,2478972185,3575.0,3685.0,3575.0,3660.0,140.0,2738,1.0,3575.0,3660.0,3575.0,3685.0
2025-12-22,347680,1291758800,3740.0,3740.0,3680.0,3730.0,70.0,2222,1.0,3740.0,3730.0,3680.0,3740.0
2025-12-23,543347,2053771075,3740.0,3820.0,3720.0,3730.0,0.0,3223,1.0,3740.0,3730.0,3720.0,3820.0
2025-12-24,303007,1128492440,3780.0,3795.0,3685.0,3710.0,-20.0,2135,1.0,3780.0,3710.0,3685.0,3795.0
2025-12-26,289157,1066867005,3740.0,3745.0,3665.0,3690.0,-20.0,2327,1.0,3740.0,3690.0,3665.0,3745.0
2025-12-29,324338,1207439835,3690.0,3765.0,3640.0,3765.0,75.0,2101,1.0,3690.0,3765.0,3640.0,3765.0
2025-12-30,280148,1057892310,3750.0,3820.0,3730.0,3785.0,20.0,1869,1.0,3750.0,3785.0,3730.0,3820.0
2025-12-31,308785,1164553140,3785.0,3835.0,3735.0,3750.0,-35.0,2127,1.0,3785.0,3750.0,3735.0,3835.0
2026-01-02,1588691,5592403720,3750.0,3750.0,3420.0,3460.0,-290.0,17903,1.0,3750.0,3460.0,3420.0,3750.0
2026-01-05,1905192,6250324445,3485.0,3485.0,3200.0,3205.0,-255.0,20614,1.0,3485.0,3205.0,3200.0,3485.0
2026-01-06,1251609,4002531840,3225.0,3310.0,3160.0,3205.0,0.0,8825,1.0,3225.0,3205.0,3160.0,3310.0
2026-01-07,963948,3160932945,3280.0,3350.0,3240.0,3255.0,50.0,5163,1.0,3280.0,3255.0,3240.0,3350.0
2026-01-08,996060,3168391060,3265.0,3275.0,3150.0,3155.0,-100.0,9562,1.0,3265.0,3155.0,3150.0,3275.0
2026-01-09,1112273,3637947770,3190.0,3325.0,3170.0,3315.0,160.0,4995,1.0,3190.0,3315.0,3170.0,3325.0
2026-01-12,683660,2286119810,3375.0,3375.0,3275.0,3365.0,50.0,4198,1.0,3375.0,3365.0,3275.0,3375.0
2026-01-13,734586,2437313405,3385.0,3405.0,3250.0,3305.0,-60.0,4761,1.0,3385.0,3305.0,3250.0,3405.0
2026-01-14,621709,2059724965,3305.0,3350.0,3270.0,3345.0,40.0,3322,1.0,3305.0,3345.0,3270.0,3350.0
2026-01-15,1343693,4461561310,3315.0,3425.0,3200.0,3400.0,55.0,6793,1.0,3315.0,3400.0,3200.0,3425.0
2026-01-16,937257,3176792435,3445.0,3455.0,3310.0,3410.0,10.0,4330,1.0,3445.0,3410.0,3310.0,3455.0
2026-01-19,1803479,6281729230,3710.0,3710.0,3305.0,3310.0,-100.0,9795,1.0,3710.0,3310.0,3305.0,3710.0
2026-01-20,2060598,7333834560,3330.0,3640.0,3325.0,3640.0,330.0,14902,1.0,3330.0,3640.0,3325.0,3640.0
2026-01-21,814237,2918305125,3640.0,3675.0,3520.0,3520.0,-120.0,4812,1.0,3640.0,3520.0,3520.0,3675.0
2026-01-22,875651,3078245175,3565.0,3635.0,3440.0,3485.0,-35.0,8921,1.0,3565.0,3485.0,3440.0,3635.0
2026-01-23,396252,1408007480,3535.0,3590.0,3500.0,3570.0,85.0,2839,1.0,3535.0,3570.0,3500.0,3590.0
2026-01-26,994725,3480926240,3595.0,3635.0,3435.0,3500.0,-70.0,4787,1.0,3595.0,3500.0,3435.0,3635.0
2026-01-27,657706,2308060725,3500.0,3575.0,3460.0,3490.0,-10.0,3281,1.0,3500.0,3490.0,3460.0,3575.0
2026-01-28,846071,2883340735,3535.0,3535.0,3365.0,3380.0,-110.0,8289,1.0,3535.0,3380.0,3365.0,3535.0
2026-01-29,1712115,5519405770,3390.0,3415.0,3160.0,3205.0,-175.0,12780,1.0,3390.0,3205.0,3160.0,3415.0
2026-01-30,1025143,3217588420,3205.0,3210.0,3100.0,3140.0,-65.0,6582,1.0,3205.0,3140.0,3100.0,3210.0
2026-02-02,695556,2147694335,3120.0,3150.0,3050.0,3065.0,-75.0,6357,1.0,3120.0,3065.0,3050.0,3150.0
2026-02-03,1158091,3565756215,3160.0,3170.0,3045.0,3105.0,40.0,5099,1.0,3160.0,3105.0,3045.0,3170.0
2026-02-04,935637,2860574740,3090.0,3095.0,3020.0,3075.0,-30.0,6156,1.0,3090.0,3075.0,3020.0,3095.0
2026-02-05,841417,2591696770,3110.0,3165.0,3020.0,3020.0,-55.0,5759,1.0,3110.0,3020.0,3020.0,3165.0
2026-02-06,803941,2359839475,3005.0,3020.0,2875.0,2955.0,-65.0,7894,1.0,3005.0,2955.0,2875.0,3020.0
2026-02-09,799764,2358744485,3055.0,3055.0,2900.0,2910.0,-45.0,8344,1.0,3055.0,2910.0,2900.0,3055.0
2026-02-10,717161,2105891485,2945.0,2995.0,2885.0,2935.0,25.0,4913,1.0,2945.0,2935.0,2885.0,2995.0
2026-02-11,648559,1943358335,2945.0,3030.0,2920.0,3030.0,95.0,4464,1.0,2945.0,3030.0,2920.0,3030.0
2026-02-23,772315,2337970300,3075.0,3080.0,2965.0,3030.0,0.0,4043,1.0,3075.0,3030.0,2965.0,3080.0
2026-02-24,794879,2445140290,3080.0,3130.0,3015.0,3125.0,95.0,4905,1.0,3080.0,3125.0,3015.0,3130.0
2026-02-25,1819558,6039071295,3260.0,3415.0,3210.0,3360.0,235.0,11471,1.0,3260.0,3360.0,3210.0,3415.0
2026-02-26,1809148,6277040585,3490.0,3540.0,3400.0,3445.0,85.0,7733,1.0,3490.0,3445.0,3400.0,3540.0
2026-03-02,806332,2769234335,3395.0,3520.0,3350.0,3420.0,-25.0,5307,1.0,3395.0,3420.0,3350.0,3520.0
2026-03-03,755114,2525964900,3410.0,3445.0,3275.0,3280.0,-140.0,8216,1.0,3410.0,3280.0,3275.0,3445.0
2026-03-04,586728,1863641405,3200.0,3260.0,3085.0,3170.0,-110.0,4736,1.0,3200.0,3170.0,3085.0,3260.0
2026-03-05,524172,1743825260,3340.0,3390.0,3270.0,3320.0,150.0,3263,1.0,3340.0,3320.0,3270.0,3390.0
2026-03-06,645400,2082220870,3315.0,3315.0,3185.0,3205.0,-115.0,5134,1.0,3315.0,3205.0,3185.0,3315.0
2026-03-09,489742,1457297450,2990.0,3015.0,2925.0,3000.0,-205.0,5743,1.0,2990.0,3000.0,2925.0,3015.0
2026-03-10,387203,1187988950,3090.0,3130.0,3020.0,3060.0,60.0,2603,1.0,3090.0,3060.0,3020.0,3130.0
2026-03-11,695335,2267750150,3100.0,3365.0,3060.0,3355.0,295.0,6506,1.0,3100.0,3355.0,3060.0,3365.0
2026-03-12,427297,1415993840,3300.0,3365.0,3270.0,3290.0,-65.0,2914,1.0,3300.0,3290.0,3270.0,3365.0
2026-03-13,711594,2389553550,3220.0,3470.0,3180.0,3365.0,75.0,4013,1.0,3220.0,3365.0,3180.0,3470.0
2026-03-16,356463,1186465340,3385.0,3385.0,3280.0,3320.0,-45.0,2458,1.0,3385.0,3320.0,3280.0,3385.0
2026-03-17,367116,1237329325,3345.0,3420.0,3335.0,3350.0,30.0,2424,1.0,3345.0,3350.0,3335.0,3420.0
2026-03-18,594423,2043217140,3410.0,3485.0,3390.0,3410.0,60.0,4256,1.0,3410.0,3410.0,3390.0,3485.0
2026-03-19,1173347,4154685860,3400.0,3655.0,3365.0,3575.0,165.0,8621,1.0,3400.0,3575.0,3365.0,3655.0
2026-03-20,1099519,3813853265,3575.0,3575.0,3405.0,3405.0,-170.0,5781,1.0,3575.0,3405.0,3405.0,3575.0
2026-03-23,770838,2621283955,3280.0,3490.0,3275.0,3400.0,-5.0,3561,1.0,3280.0,3400.0,3275.0,3490.0
2026-03-24,980732,3467459030,3500.0,3600.0,3445.0,3520.0,120.0,5745,1.0,3500.0,3520.0,3445.0,3600.0
2026-03-25,788914,2852203320,3550.0,3680.0,3550.0,3615.0,95.0,3889,1.0,3550.0,3615.0,3550.0,3680.0
2026-03-26,765605,2824108440,3620.0,3790.0,3595.0,3615.0,0.0,4692,1.0,3620.0,3615.0,3595.0,3790.0
2026-03-27,425023,1528994870,3615.0,3660.0,3515.0,3600.0,-15.0,2891,1.0,3615.0,3600.0,3515.0,3660.0
2026-03-30,454470,1574321060,3545.0,3580.0,3385.0,3460.0,-140.0,4128,1.0,3545.0,3460.0,3385.0,3580.0
2026-03-31,1013316,3255571895,3350.0,3385.0,3150.0,3175.0,-285.0,7229,1.0,3350.0,3175.0,3150.0,3385.0
2026-04-01,803891,2742827170,3320.0,3490.0,3285.0,3455.0,280.0,5901,1.0,3320.0,3455.0,3285.0,3490.0
2026-04-02,520393,1788638950,3500.0,3560.0,3340.0,3345.0,-110.0,2894,1.0,3500.0,3345.0,3340.0,3560.0
2026-04-07,525557,1704669050,3400.0,3410.0,3170.0,3175.0,-170.0,6342,1.0,3400.0,3175.0,3170.0,3410.0
2026-04-08,490398,1630253520,3320.0,3380.0,3255.0,3315.0,140.0,3236,1.0,3320.0,3315.0,3255.0,3380.0
2026-04-09,429516,1417120815,3305.0,3360.0,3250.0,3275.0,-40.0,3595,1.0,3305.0,3275.0,3250.0,3360.0
2026-04-10,465081,1557153455,3375.0,3410.0,3265.0,3355.0,80.0,2738,1.0,3375.0,3355.0,3265.0,3410.0
2026-04-13,568616,1911779825,3380.0,3415.0,3305.0,3335.0,-20.0,3299,1.0,3380.0,3335.0,3305.0,3415.0
2026-04-14,1010618,3510163305,3405.0,3545.0,3400.0,3445.0,110.0,5078,1.0,3405.0,3445.0,3400.0,3545.0
2026-04-15,659022,2305265860,3510.0,3575.0,3435.0,3440.0,-5.0,3982,1.0,3510.0,3440.0,3435.0,3575.0
2026-04-16,615442,2147578095,3515.0,3570.0,3440.0,3445.0,5.0,4675,1.0,3515.0,3445.0,3440.0,3570.0
2026-04-17,1005655,3580212965,3490.0,3640.0,3440.0,3640.0,195.0,5872,1.0,3490.0,3640.0,3440.0,3640.0
2026-04-20,822167,3063840425,3735.0,3775.0,3640.0,3745.0,105.0,5097,1.0,3735.0,3745.0,3640.0,3775.0
2026-04-21,721678,2766173375,3790.0,3930.0,3745.0,3855.0,110.0,4700,1.0,3790.0,3855.0,3745.0,3930.0
2026-04-22,579744,2272313480,3905.0,3970.0,3815.0,3935.0,80.0,4322,1.0,3905.0,3935.0,3815.0,3970.0
2026-04-23,1196880,4447986080,4000.0,4025.0,3550.0,3585.0,-350.0,10011,1.0,4000.0,3585.0,3550.0,4025.0
2026-04-24,1669831,6216953435,3650.0,3870.0,3495.0,3795.0,210.0,9077,1.0,3650.0,3795.0,3495.0,3870.0
2026-04-27,1602220,6287322835,3880.0,4045.0,3745.0,3960.0,165.0,8568,1.0,3880.0,3960.0,3745.0,4045.0
2026-04-28,886060,3555225865,3970.0,4110.0,3890.0,3980.0,20.0,4825,1.0,3970.0,3980.0,3890.0,4110.0
2026-04-29,968800,3954739875,3980.0,4210.0,3885.0,4160.0,180.0,5940,1.0,3980.0,4160.0,3885.0,4210.0
2026-04-30,1278072,5105067225,4120.0,4170.0,3910.0,3910.0,-250.0,10053,1.0,4120.0,3910.0,3910.0,4170.0
2026-05-04,702607,2839381460,3980.0,4130.0,3895.0,4055.0,145.0,4259,1.0,3980.0,4055.0,3895.0,4130.0
2026-05-05,584743,2402991850,4045.0,4155.0,4000.0,4140.0,85.0,3259,1.0,4045.0,4140.0,4000.0,4155.0
2026-05-06,1317410,5631520670,4280.0,4530.0,4090.0,4400.0,260.0,7844,1.0,4280.0,4400.0,4090.0,4530.0
2026-05-07,448657,2166219880,4840.0,4840.0,4840.0,4840.0,440.0,2972,1.0,4840.0,4840.0,4840.0,4840.0
2026-05-08,1475214,7837967775,5320.0,5320.0,5185.0,5320.0,480.0,5908,1.0,5320.0,5320.0,5185.0,5320.0
2026-05-11,1794792,9826419795,5300.0,5615.0,5280.0,5520.0,200.0,6812,1.0,5300.0,5520.0,5280.0,5615.0
2026-05-12,959381,5265441000,5450.0,5600.0,5280.0,5445.0,-75.0,5229,1.0,5450.0,5445.0,5280.0,5600.0
