Date,Capacity,Turnover,Open,High,Low,Close,Change,Transaction,AdjFactor,Open_adj,Close_adj,Low_adj,High_adj
2020-05-04,11824909,541190356,44.6,46.5,44.6,46.5,0.0,5935,0.6974957752474337,31.1083,32.4336,31.1083,32.4336
2020-05-05,6659948,310618791,46.65,47.0,46.2,46.65,0.15,4192,0.6974957752474337,32.5382,32.5382,32.2243,32.7823
2020-05-06,7501559,348801933,46.25,46.9,45.9,46.55,-0.1,4098,0.6974957752474337,32.2592,32.4684,32.0151,32.7126
2020-05-07,9231588,430648684,46.6,47.25,46.45,46.45,-0.1,3900,0.6974957752474337,32.5033,32.3987,32.3987,32.9567
2020-05-08,7317170,343398243,46.9,47.15,46.65,46.95,0.5,3327,0.6974957752474337,32.7126,32.7474,32.5382,32.8869
2020-05-11,9015990,424552298,46.95,47.4,46.95,46.95,0.0,3850,0.6974957752474337,32.7474,32.7474,32.7474,33.0613
2020-05-12,8172194,383959738,46.6,47.2,46.6,46.9,-0.05,4125,0.6974957752474337,32.5033,32.7126,32.5033,32.9218
2020-05-13,5661560,265424056,46.85,47.0,46.7,46.85,-0.05,3417,0.6974957752474337,32.6777,32.6777,32.5731,32.7823
2020-05-14,7760185,363374640,46.85,47.1,46.5,46.85,0.0,4297,0.6974957752474337,32.6777,32.6777,32.4336,32.8521
2020-05-15,10804945,499222095,46.85,47.05,45.9,46.1,-0.75,6185,0.6974957752474337,32.6777,32.1546,32.0151,32.8172
2020-05-18,5874377,268092127,45.85,46.15,45.5,45.5,-0.6,2996,0.6974957752474337,31.9802,31.7361,31.7361,32.1894
2020-05-19,8547924,399303129,46.7,46.95,46.15,46.8,1.3,4164,0.6974957752474337,32.5731,32.6428,32.1894,32.7474
2020-05-20,4477494,210198188,47.2,47.2,46.8,46.8,0.0,2763,0.6974957752474337,32.9218,32.6428,32.6428,32.9218
2020-05-21,4949508,233900676,47.1,47.45,47.05,47.35,0.55,2396,0.6974957752474337,32.8521,33.0264,32.8172,33.0962
2020-05-22,4509678,211551523,47.35,47.35,46.5,46.75,-0.6,2249,0.6974957752474337,33.0264,32.6079,32.4336,33.0264
2020-05-25,3571143,166833059,46.8,47.25,46.2,47.25,0.5,2142,0.6974957752474337,32.6428,32.9567,32.2243,32.9567
2020-05-26,10947967,525078366,47.5,48.25,47.3,48.0,0.75,5278,0.6974957752474337,33.131,33.4798,32.9916,33.6542
2020-05-27,7250541,351616713,48.3,48.85,47.9,48.65,0.65,4354,0.6974957752474337,33.689,33.9332,33.41,34.0727
2020-05-28,8354656,404787749,48.8,49.0,48.1,48.2,-0.45,4509,0.6974957752474337,34.0378,33.6193,33.5495,34.1773
2020-05-29,10129195,488017510,47.9,48.75,47.65,48.1,-0.1,2636,0.6974957752474337,33.41,33.5495,33.2357,34.0029
2020-06-01,4891424,239114187,48.7,49.2,48.5,48.85,0.75,3055,0.6974957752474337,33.968,34.0727,33.8285,34.3168
2020-06-02,5831976,284974801,48.55,49.05,48.55,48.75,-0.1,2605,0.6974957752474337,33.8634,34.0029,33.8634,34.2122
2020-06-03,11858203,586590766,49.35,49.9,48.9,49.55,0.8,5882,0.6974957752474337,34.4214,34.5609,34.1075,34.805
2020-06-04,9677396,481694051,49.6,50.0,49.55,49.85,0.3,5048,0.6974957752474337,34.5958,34.7702,34.5609,34.8748
2020-06-05,7949374,398579000,49.8,50.5,49.6,50.4,0.55,3911,0.6974957752474337,34.7353,35.1538,34.5958,35.2235
2020-06-08,8144184,413843046,50.6,51.0,50.5,50.8,0.4,4730,0.6974957752474337,35.2933,35.4328,35.2235,35.5723
2020-06-09,9438573,478691712,50.8,51.3,50.3,50.6,-0.2,4729,0.6974957752474337,35.4328,35.2933,35.084,35.7815
2020-06-10,11648078,594484578,50.2,51.4,50.1,51.4,0.8,5338,0.6974957752474337,35.0143,35.8513,34.9445,35.8513
2020-06-11,13036252,666224208,51.3,51.6,50.5,50.7,-0.7,4756,0.6974957752474337,35.7815,35.363,35.2235,35.9908
2020-06-12,11142885,561759110,49.85,51.0,49.5,50.8,0.1,4862,0.6974957752474337,34.7702,35.4328,34.526,35.5723
2020-06-15,7420509,380525959,50.8,51.5,50.7,51.3,0.5,3722,0.6974957752474337,35.4328,35.7815,35.363,35.921
2020-06-16,11072177,565359989,51.3,51.3,50.8,51.1,-0.2,4401,0.6974957752474337,35.7815,35.642,35.4328,35.7815
2020-06-17,9298217,477234828,51.0,51.6,51.0,51.3,0.2,4971,0.6974957752474337,35.5723,35.7815,35.5723,35.9908
2020-06-18,14079949,728522383,50.9,52.4,50.9,52.4,1.1,5236,0.6974957752474337,35.5025,36.5488,35.5025,36.5488
2020-06-19,24565615,1279226480,51.4,52.6,51.3,52.4,0.0,6501,0.6974957752474337,35.8513,36.5488,35.7815,36.6883
2020-06-22,21384691,1135511187,52.4,53.7,52.1,53.1,0.7,7647,0.6974957752474337,36.5488,37.037,36.3395,37.4555
2020-06-23,42329001,2030451670,48.0,48.85,47.4,47.4,0.0,15891,0.7422249632392532,35.6268,35.1815,35.1815,36.2577
2020-06-24,15008281,713512401,47.6,48.2,47.2,47.3,-0.1,6846,0.7422249632392532,35.3299,35.1072,35.033,35.7752
2020-06-29,13925510,648992383,47.1,47.2,46.2,46.5,-0.8,7107,0.7422249632392532,34.9588,34.5135,34.2908,35.033
2020-06-30,9479999,441559929,46.75,47.0,46.3,46.3,-0.2,4090,0.7422249632392532,34.699,34.365,34.365,34.8846
2020-07-01,7655910,358585870,46.5,47.2,46.45,46.75,0.45,4259,0.7422249632392532,34.5135,34.699,34.4763,35.033
2020-07-02,7225771,339740220,46.95,47.25,46.85,47.15,0.4,3035,0.7422249632392532,34.8475,34.9959,34.7732,35.0701
2020-07-03,6042615,283331255,47.3,47.3,46.7,46.85,-0.3,3342,0.7422249632392532,35.1072,34.7732,34.6619,35.1072
2020-07-06,7124163,334680520,46.95,47.1,46.8,47.05,0.2,3275,0.7422249632392532,34.8475,34.9217,34.7361,34.9588
2020-07-07,8136927,381719869,47.05,47.2,46.6,47.05,0.0,3341,0.7422249632392532,34.9217,34.9217,34.5877,35.033
2020-07-08,8830314,416042957,47.15,47.2,46.8,47.15,0.1,3091,0.7422249632392532,34.9959,34.9959,34.7361,35.033
2020-07-09,11461213,540426442,47.4,47.5,47.05,47.1,-0.05,4676,0.7422249632392532,35.1815,34.9588,34.9217,35.2557
2020-07-10,7951179,372971511,47.25,47.3,46.7,46.7,-0.4,4010,0.7422249632392532,35.0701,34.6619,34.6619,35.1072
2020-07-13,9270876,432813622,46.75,47.1,46.5,47.1,0.4,4575,0.7422249632392532,34.699,34.9588,34.5135,34.9588
2020-07-14,9350320,439717940,47.25,47.25,46.9,46.95,-0.15,3329,0.7422249632392532,35.0701,34.8475,34.8104,35.0701
2020-07-15,12833123,604694800,47.35,47.4,46.85,47.4,0.45,4730,0.7422249632392532,35.1444,35.1815,34.7732,35.1815
2020-07-16,11568456,545797832,47.5,47.7,46.9,46.9,-0.5,4523,0.7422249632392532,35.2557,34.8104,34.8104,35.4041
2020-07-17,8002215,375242747,47.4,47.4,46.7,46.7,-0.2,3524,0.7422249632392532,35.1815,34.6619,34.6619,35.1815
2020-07-20,5737425,268069975,46.6,47.0,46.4,47.0,0.3,1891,0.7422249632392532,34.5877,34.8846,34.4392,34.8846
2020-07-21,7293420,342851270,47.2,47.2,46.8,46.8,-0.2,3179,0.7422249632392532,35.033,34.7361,34.7361,35.033
2020-07-22,5956610,278196552,46.55,46.85,46.55,46.7,-0.1,2367,0.7422249632392532,34.5506,34.6619,34.5506,34.7732
2020-07-23,6288543,293303334,46.6,46.9,46.5,46.55,-0.15,2702,0.7422249632392532,34.5877,34.5506,34.5135,34.8104
2020-07-24,6070836,281929230,46.4,46.7,46.2,46.5,-0.05,3079,0.7422249632392532,34.4392,34.5135,34.2908,34.6619
2020-07-27,6771565,310805288,46.45,46.8,45.5,45.5,-1.0,3286,0.7422249632392532,34.4763,33.7712,33.7712,34.7361
2020-07-28,8410085,380649951,45.2,46.15,45.0,45.05,-0.45,3817,0.7422249632392532,33.5486,33.4372,33.4001,34.2537
2020-07-29,6607546,298350625,45.3,45.8,44.8,44.8,-0.25,3215,0.7422249632392532,33.6228,33.2517,33.2517,33.9939
2020-07-30,9266481,421320914,45.45,46.0,44.95,45.7,0.9,3680,0.7422249632392532,33.7341,33.9197,33.363,34.1423
2020-07-31,50943642,2506808191,47.95,50.2,47.8,49.6,3.9,22542,0.7422249632392532,35.5897,36.8144,35.4784,37.2597
2020-08-03,23693924,1167460223,50.0,50.5,48.1,48.6,-1.0,11127,0.7422249632392532,37.1112,36.0721,35.701,37.4824
2020-08-04,12968456,635387280,48.8,49.35,48.6,49.35,0.75,5131,0.7422249632392532,36.2206,36.6288,36.0721,36.6288
2020-08-05,11039951,543559508,49.85,49.85,48.85,49.1,-0.25,5541,0.7422249632392532,36.9999,36.4432,36.2577,36.9999
2020-08-06,6871607,335347498,49.2,49.4,48.55,48.85,-0.25,3944,0.7422249632392532,36.5175,36.2577,36.035,36.6659
2020-08-07,6649196,325562597,49.1,49.15,48.7,48.95,0.1,3075,0.7422249632392532,36.4432,36.3319,36.1464,36.4804
2020-08-10,5421411,263883769,48.85,49.0,48.5,48.5,-0.45,2920,0.7422249632392532,36.2577,35.9979,35.9979,36.369
2020-08-11,8223223,394774184,48.45,48.45,47.65,48.0,-0.5,3395,0.7422249632392532,35.9608,35.6268,35.367,35.9608
2020-08-12,5849317,278132503,48.0,48.05,47.3,47.6,-0.4,3495,0.7422249632392532,35.6268,35.3299,35.1072,35.6639
2020-08-13,4078226,194407081,48.0,48.0,47.5,47.8,0.2,2250,0.7422249632392532,35.6268,35.4784,35.2557,35.6268
2020-08-14,5595522,263919958,47.05,47.75,46.5,47.2,-0.6,3214,0.7422249632392532,34.9217,35.033,34.5135,35.4412
2020-08-17,4242997,202502804,47.25,48.15,47.0,47.85,0.65,2479,0.7422249632392532,35.0701,35.5155,34.8846,35.7381
2020-08-18,3559303,170653993,48.3,48.3,47.6,47.95,0.1,1998,0.7422249632392532,35.8495,35.5897,35.3299,35.8495
2020-08-19,6562225,317566150,48.15,48.6,48.0,48.1,0.15,3797,0.7422249632392532,35.7381,35.701,35.6268,36.0721
2020-08-20,9798007,460554379,48.0,48.25,46.5,46.9,-1.2,5048,0.7422249632392532,35.6268,34.8104,34.5135,35.8124
2020-08-21,5382532,253334153,47.15,47.4,46.85,47.0,0.1,2920,0.7422249632392532,34.9959,34.8846,34.7732,35.1815
2020-08-24,3915363,183682811,47.0,47.2,46.8,46.9,-0.1,2102,0.7422249632392532,34.8846,34.8104,34.7361,35.033
2020-08-25,3487956,164514690,47.15,47.45,46.9,47.15,0.25,1877,0.7422249632392532,34.9959,34.9959,34.8104,35.2186
2020-08-26,3468163,162740927,46.95,47.1,46.75,47.0,-0.15,1830,0.7422249632392532,34.8475,34.8846,34.699,34.9588
2020-08-27,3164393,148126500,47.15,47.15,46.65,46.9,-0.1,1834,0.7422249632392532,34.9959,34.8104,34.6248,34.9959
2020-08-28,4659222,217514103,46.85,46.9,46.5,46.65,-0.25,2696,0.7422249632392532,34.7732,34.6248,34.5135,34.8104
2020-08-31,7586320,353772304,47.0,47.15,46.4,46.4,-0.25,2831,0.7422249632392532,34.8846,34.4392,34.4392,34.9959
2020-09-01,6721708,309945040,46.5,46.65,45.9,46.2,-0.2,3257,0.7422249632392532,34.5135,34.2908,34.0681,34.6248
2020-09-02,4392354,202698690,46.7,46.7,45.95,46.05,-0.15,2788,0.7422249632392532,34.6619,34.1795,34.1052,34.6619
2020-09-03,4782082,221499063,46.2,46.7,46.05,46.05,0.0,2676,0.7422249632392532,34.2908,34.1795,34.1795,34.6619
2020-09-04,6229202,284807786,45.75,46.05,45.5,45.95,-0.1,3335,0.7422249632392532,33.9568,34.1052,33.7712,34.1795
2020-09-07,3257535,150634219,45.7,46.5,45.7,46.2,0.25,1590,0.7422249632392532,33.9197,34.2908,33.9197,34.5135
2020-09-08,2585638,119762029,46.2,46.5,46.15,46.45,0.25,1505,0.7422249632392532,34.2908,34.4763,34.2537,34.5135
2020-09-09,5144786,236053049,46.1,46.15,45.6,46.15,-0.3,2576,0.7422249632392532,34.2166,34.2537,33.8455,34.2537
2020-09-10,3223508,148588268,46.15,46.45,46.0,46.0,-0.15,2082,0.7422249632392532,34.2537,34.1423,34.1423,34.4763
2020-09-11,2047607,94385358,46.1,46.25,46.0,46.25,0.25,1030,0.7422249632392532,34.2166,34.3279,34.1423,34.3279
2020-09-14,3613788,168521386,46.45,47.0,46.25,47.0,0.75,1724,0.7422249632392532,34.4763,34.8846,34.3279,34.8846
2020-09-15,5259056,246460000,46.75,47.1,46.6,47.0,0.0,2895,0.7422249632392532,34.699,34.8846,34.5877,34.9588
2020-09-16,6824072,323433334,47.2,47.65,47.1,47.5,0.5,3320,0.7422249632392532,35.033,35.2557,34.9588,35.367
2020-09-17,5977306,283427730,47.5,47.95,47.1,47.1,-0.4,3847,0.7422249632392532,35.2557,34.9588,34.9588,35.5897
2020-09-18,6045336,282730715,46.75,46.95,46.6,46.85,-0.25,2298,0.7422249632392532,34.699,34.7732,34.5877,34.8475
2020-09-21,3058989,142787664,46.6,47.0,46.5,46.6,-0.25,1645,0.7422249632392532,34.5877,34.5877,34.5135,34.8846
2020-09-22,5304973,243912308,46.3,46.3,45.85,45.85,-0.75,2664,0.7422249632392532,34.365,34.031,34.031,34.365
2020-09-23,3423580,157609982,46.0,46.3,45.85,46.0,0.15,2117,0.7422249632392532,34.1423,34.1423,34.031,34.365
2020-09-24,7302401,330465397,45.8,45.8,45.0,45.0,-1.0,3902,0.7422249632392532,33.9939,33.4001,33.4001,33.9939
2020-09-25,4674592,210913577,45.2,45.5,44.95,45.0,0.0,2355,0.7422249632392532,33.5486,33.4001,33.363,33.7712
2020-09-28,2161515,98922212,45.2,45.9,45.2,45.9,0.9,1169,0.7422249632392532,33.5486,34.0681,33.5486,34.0681
2020-09-29,4712645,214842024,45.95,46.05,45.4,45.5,-0.4,2128,0.7422249632392532,34.1052,33.7712,33.697,34.1795
2020-09-30,4460951,205674571,46.05,46.25,45.7,46.1,0.6,1820,0.7422249632392532,34.1795,34.2166,33.9197,34.3279
2020-10-05,3402004,156052184,46.1,46.35,45.65,45.8,-0.3,2325,0.7422249632392532,34.2166,33.9939,33.8826,34.4021
2020-10-06,6725626,308527171,46.1,46.3,45.6,45.9,0.1,1943,0.7422249632392532,34.2166,34.0681,33.8455,34.365
2020-10-07,4255573,193549772,45.6,45.7,45.35,45.4,-0.5,2024,0.7422249632392532,33.8455,33.697,33.6599,33.9197
2020-10-08,4711958,214722602,45.5,45.75,45.4,45.65,0.25,2387,0.7422249632392532,33.7712,33.8826,33.697,33.9568
2020-10-12,3586387,163793056,45.55,45.9,45.4,45.75,0.1,2269,0.7422249632392532,33.8083,33.9568,33.697,34.0681
2020-10-13,2831905,129421888,45.8,45.9,45.5,45.7,-0.05,1748,0.7422249632392532,33.9939,33.9197,33.7712,34.0681
2020-10-14,4910199,223382196,45.5,45.75,45.4,45.4,-0.3,1634,0.7422249632392532,33.7712,33.697,33.697,33.9568
2020-10-15,3635259,165632794,45.85,45.85,45.3,45.55,0.15,1929,0.7422249632392532,34.031,33.8083,33.6228,34.031
2020-10-16,4571395,210371370,45.8,46.15,45.7,46.0,0.45,2666,0.7422249632392532,33.9939,34.1423,33.9197,34.2537
2020-10-19,3224539,148788344,46.2,46.3,45.95,46.0,0.0,2052,0.7422249632392532,34.2908,34.1423,34.1052,34.365
2020-10-20,3958228,181365679,46.0,46.3,45.7,45.8,-0.2,2047,0.7422249632392532,34.1423,33.9939,33.9197,34.365
2020-10-21,3584563,163910267,45.85,46.25,45.5,45.5,-0.3,1678,0.7422249632392532,34.031,33.7712,33.7712,34.3279
2020-10-22,7775893,353491571,45.5,45.7,45.4,45.4,-0.1,3479,0.7422249632392532,33.7712,33.697,33.697,33.9197
2020-10-23,3123652,142071526,45.55,45.65,45.35,45.55,0.15,1617,0.7422249632392532,33.8083,33.8083,33.6599,33.8826
2020-10-26,3672185,168485377,45.85,46.1,45.65,45.95,0.4,2098,0.7422249632392532,34.031,34.1052,33.8826,34.2166
2020-10-27,5478918,252007157,45.6,46.15,45.6,46.0,0.05,2091,0.7422249632392532,33.8455,34.1423,33.8455,34.2537
2020-10-28,6283078,291193633,46.0,46.55,45.85,46.55,0.55,3274,0.7422249632392532,34.1423,34.5506,34.031,34.5506
2020-10-29,5033213,233528548,45.95,46.7,45.8,46.5,-0.05,2500,0.7422249632392532,34.1052,34.5135,33.9939,34.6619
2020-10-30,8212072,382878628,46.2,46.95,46.05,46.55,0.05,3205,0.7422249632392532,34.2908,34.5506,34.1795,34.8475
2020-11-02,7164070,330377911,46.7,46.85,45.8,45.85,-0.7,3994,0.7422249632392532,34.6619,34.031,33.9939,34.7732
2020-11-03,5233976,243417529,46.0,46.9,46.0,46.5,0.65,3218,0.7422249632392532,34.1423,34.5135,34.1423,34.8104
2020-11-04,5792900,272953253,46.6,47.4,46.6,47.25,0.75,3262,0.7422249632392532,34.5877,35.0701,34.5877,35.1815
2020-11-05,4350746,205610770,47.2,47.6,47.1,47.3,0.05,2148,0.7422249632392532,35.033,35.1072,34.9588,35.3299
2020-11-06,4219844,200000255,47.8,47.8,47.15,47.25,-0.05,2333,0.7422249632392532,35.4784,35.0701,34.9959,35.4784
2020-11-09,4307231,204083823,47.5,47.6,47.2,47.4,0.15,2199,0.7422249632392532,35.2557,35.1815,35.033,35.3299
2020-11-10,3429018,162646625,47.45,47.6,47.3,47.5,0.1,2028,0.7422249632392532,35.2186,35.2557,35.1072,35.3299
2020-11-11,5046816,239601411,47.5,47.7,47.0,47.7,0.2,3573,0.7422249632392532,35.2557,35.4041,34.8846,35.4041
2020-11-12,3900284,185425738,47.45,47.75,47.4,47.45,-0.25,1732,0.7422249632392532,35.2186,35.2186,35.1815,35.4412
2020-11-13,4231649,199635490,47.2,47.4,47.05,47.05,-0.4,2636,0.7422249632392532,35.033,34.9217,34.9217,35.1815
2020-11-16,6631412,316172425,47.65,47.9,47.3,47.6,0.55,3439,0.7422249632392532,35.367,35.3299,35.1072,35.5526
2020-11-17,8402154,404397602,47.65,48.4,47.6,48.3,0.7,4256,0.7422249632392532,35.367,35.8495,35.3299,35.9237
2020-11-18,7175552,348403084,48.1,49.0,48.05,48.55,0.25,3695,0.7422249632392532,35.701,36.035,35.6639,36.369
2020-11-19,5685474,276341184,48.2,48.8,48.15,48.75,0.2,2889,0.7422249632392532,35.7752,36.1835,35.7381,36.2206
2020-11-20,6063909,292057546,48.5,48.55,48.0,48.0,-0.75,3256,0.7422249632392532,35.9979,35.6268,35.6268,36.035
2020-11-23,6531065,316901431,48.6,48.75,48.1,48.5,0.5,3278,0.7422249632392532,36.0721,35.9979,35.701,36.1835
2020-11-24,5077128,245690629,48.35,48.55,48.3,48.3,-0.2,2513,0.7422249632392532,35.8866,35.8495,35.8495,36.035
2020-11-25,3515643,169979170,48.5,48.6,48.15,48.25,-0.05,2206,0.7422249632392532,35.9979,35.8124,35.7381,36.0721
2020-11-26,2726221,132259170,48.35,48.75,48.25,48.65,0.4,1686,0.7422249632392532,35.8866,36.1092,35.8124,36.1835
2020-11-27,5523967,270282162,48.65,49.1,48.65,49.05,0.4,2962,0.7422249632392532,36.1092,36.4061,36.1092,36.4432
2020-11-30,14522505,702251886,49.3,49.3,48.05,48.05,-1.0,3090,0.7422249632392532,36.5917,35.6639,35.6639,36.5917
2020-12-01,3905962,189846168,48.25,48.85,48.25,48.85,0.8,2298,0.7422249632392532,35.8124,36.2577,35.8124,36.2577
2020-12-02,6989924,344322149,49.1,49.5,49.0,49.35,0.5,3185,0.7422249632392532,36.4432,36.6288,36.369,36.7401
2020-12-03,4750441,234287902,49.35,49.6,49.05,49.2,-0.15,2518,0.7422249632392532,36.6288,36.5175,36.4061,36.8144
2020-12-04,3899155,192546240,49.5,49.5,49.15,49.4,0.2,2329,0.7422249632392532,36.7401,36.6659,36.4804,36.7401
2020-12-07,9426144,459916627,49.1,49.1,48.4,49.1,-0.3,4249,0.7422249632392532,36.4432,36.4432,35.9237,36.4432
2020-12-08,5368741,262704701,48.6,49.1,48.6,48.95,-0.15,2398,0.7422249632392532,36.0721,36.3319,36.0721,36.4432
2020-12-09,4415590,216769772,49.0,49.3,48.65,49.25,0.3,2117,0.7422249632392532,36.369,36.5546,36.1092,36.5917
2020-12-10,4733749,232657878,49.1,49.35,48.9,49.05,-0.2,2272,0.7422249632392532,36.4432,36.4061,36.2948,36.6288
2020-12-11,5027792,245646111,48.9,49.3,48.55,48.9,-0.15,2413,0.7422249632392532,36.2948,36.2948,36.035,36.5917
2020-12-14,4049021,197173101,48.75,49.0,48.5,48.5,-0.4,1297,0.7422249632392532,36.1835,35.9979,35.9979,36.369
2020-12-15,4945062,239094106,48.45,48.7,48.2,48.2,-0.3,2235,0.7422249632392532,35.9608,35.7752,35.7752,36.1464
2020-12-16,5206752,255045987,48.6,49.45,48.4,49.15,0.95,3313,0.7422249632392532,36.0721,36.4804,35.9237,36.703
2020-12-17,4663014,226661096,49.0,49.0,48.5,48.5,-0.65,2374,0.7422249632392532,36.369,35.9979,35.9979,36.369
2020-12-18,17070259,821348201,48.4,48.9,48.0,48.0,-0.5,2952,0.7422249632392532,35.9237,35.6268,35.6268,36.2948
2020-12-21,6273867,305900958,48.2,49.05,48.0,49.05,1.05,2233,0.7422249632392532,35.7752,36.4061,35.6268,36.4061
2020-12-22,5994962,293782018,48.6,49.4,48.6,48.75,-0.3,1994,0.7422249632392532,36.0721,36.1835,36.0721,36.6659
2020-12-23,4193080,205318638,48.85,49.15,48.65,49.0,0.25,1631,0.7422249632392532,36.2577,36.369,36.1092,36.4804
2020-12-24,4351901,214129356,49.15,49.45,49.05,49.2,0.2,1652,0.7422249632392532,36.4804,36.5175,36.4061,36.703
2020-12-25,2320028,114429226,49.2,49.4,49.2,49.3,0.1,1245,0.7422249632392532,36.5175,36.5917,36.5175,36.6659
2020-12-28,4635321,230892662,49.5,49.9,49.45,49.9,0.6,2559,0.7422249632392532,36.7401,37.037,36.703,37.037
2020-12-29,3543912,176748967,50.0,50.1,49.6,49.95,0.05,1782,0.7422249632392532,37.1112,37.0741,36.8144,37.1855
2020-12-30,4117202,205610708,49.9,50.0,49.6,50.0,0.05,2377,0.7422249632392532,37.037,37.1112,36.8144,37.1112
2020-12-31,4560829,227724925,50.3,50.3,49.8,49.8,-0.2,1583,0.7422249632392532,37.3339,36.9628,36.9628,37.3339
2021-01-04,11864667,604695842,49.9,51.7,49.8,51.4,1.6,5711,0.7422249632392532,37.037,38.1504,36.9628,38.373
2021-01-05,8653522,445544322,51.4,51.9,51.1,51.6,0.2,3667,0.7422249632392532,38.1504,38.2988,37.9277,38.5215
2021-01-06,15229230,793554329,51.7,53.5,51.1,51.5,-0.1,7603,0.7422249632392532,38.373,38.2246,37.9277,39.709
2021-01-07,7771015,406106099,52.0,52.6,51.9,52.2,0.7,4266,0.7422249632392532,38.5957,38.7441,38.5215,39.041
2021-01-08,9342062,488501063,52.6,52.7,51.6,52.6,0.4,3705,0.7422249632392532,39.041,39.041,38.2988,39.1153
2021-01-11,8363382,446481387,52.9,53.8,52.9,53.8,1.2,4328,0.7422249632392532,39.2637,39.9317,39.2637,39.9317
2021-01-12,7914869,419796508,53.5,53.5,52.5,52.8,-1.0,4632,0.7422249632392532,39.709,39.1895,38.9668,39.709
2021-01-13,7862808,421848626,53.0,54.1,52.9,53.6,0.8,4007,0.7422249632392532,39.3379,39.7833,39.2637,40.1544
2021-01-14,6445016,345688611,53.6,54.1,53.1,53.6,0.0,2682,0.7422249632392532,39.7833,39.7833,39.4121,40.1544
2021-01-15,8490076,456646543,54.1,54.1,53.3,53.8,0.2,3383,0.7422249632392532,40.1544,39.9317,39.5606,40.1544
2021-01-18,5539766,294487692,54.1,54.1,52.5,53.4,-0.4,2845,0.7422249632392532,40.1544,39.6348,38.9668,40.1544
2021-01-19,6272007,333531809,53.3,53.5,52.8,53.1,-0.3,2568,0.7422249632392532,39.5606,39.4121,39.1895,39.709
2021-01-20,9024505,471220066,53.0,53.1,51.4,51.9,-1.2,4106,0.7422249632392532,39.3379,38.5215,38.1504,39.4121
2021-01-21,4380829,231180771,52.0,53.0,52.0,52.7,0.8,2179,0.7422249632392532,38.5957,39.1153,38.5957,39.3379
2021-01-22,6370582,339349397,53.2,53.7,52.9,53.0,0.3,2640,0.7422249632392532,39.4864,39.3379,39.2637,39.8575
2021-01-25,8925984,484419932,53.2,55.4,52.9,54.4,1.4,4145,0.7422249632392532,39.4864,40.377,39.2637,41.1193
2021-01-26,17455629,993882843,56.2,58.2,55.8,56.6,2.2,8045,0.7422249632392532,41.713,42.0099,41.4162,43.1975
2021-01-27,14065194,811574510,57.1,58.3,56.8,57.6,1.0,6588,0.7422249632392532,42.381,42.7522,42.1584,43.2717
2021-01-28,11098555,626772253,56.2,57.1,55.6,57.0,-0.6,5217,0.7422249632392532,41.713,42.3068,41.2677,42.381
2021-01-29,14769622,816955179,56.0,56.7,54.3,54.9,-2.1,5265,0.7422249632392532,41.5646,40.7482,40.3028,42.0842
2021-02-01,8197365,452106877,54.7,55.8,54.7,55.1,0.2,3892,0.7422249632392532,40.5997,40.8966,40.5997,41.4162
2021-02-02,15690403,880506855,55.5,56.9,55.3,56.1,1.0,6399,0.7422249632392532,41.1935,41.6388,41.045,42.2326
2021-02-03,8316231,465302479,56.1,56.3,55.1,56.3,0.2,3702,0.7422249632392532,41.6388,41.7873,40.8966,41.7873
2021-02-04,7002596,392991496,55.5,56.5,55.3,56.1,-0.2,3567,0.7422249632392532,41.1935,41.6388,41.045,41.9357
2021-02-05,4794756,267729419,55.8,56.2,55.4,55.9,-0.2,2216,0.7422249632392532,41.4162,41.4904,41.1193,41.713
2021-02-17,10557873,596133393,57.0,57.0,55.5,56.8,0.9,5279,0.7422249632392532,42.3068,42.1584,41.1935,42.3068
2021-02-18,10910008,631908268,56.8,58.6,56.6,58.4,1.6,5743,0.7422249632392532,42.1584,43.3459,42.0099,43.4944
2021-02-19,10181812,593156356,57.7,58.9,57.4,58.5,0.1,4069,0.7422249632392532,42.8264,43.4202,42.6037,43.7171
2021-02-22,12079536,728561999,58.9,61.2,58.8,61.2,2.7,5427,0.7422249632392532,43.7171,45.4242,43.6428,45.4242
2021-02-23,9767014,589953888,60.5,61.0,59.0,60.2,-1.0,5354,0.7422249632392532,44.9046,44.6819,43.7913,45.2757
2021-02-24,11611837,701854619,60.1,61.1,59.7,60.0,-0.2,4694,0.7422249632392532,44.6077,44.5335,44.3108,45.3499
2021-02-25,9259949,564211820,60.9,61.4,60.0,60.7,0.7,4972,0.7422249632392532,45.2015,45.0531,44.5335,45.5726
2021-02-26,19973765,1185378378,59.0,60.0,58.6,59.4,-1.3,7309,0.7422249632392532,43.7913,44.0882,43.4944,44.5335
2021-03-02,12829490,763961406,60.9,60.9,58.8,58.8,-0.6,4695,0.7422249632392532,45.2015,43.6428,43.6428,45.2015
2021-03-03,8126871,482366057,59.7,59.8,59.0,59.3,0.5,3977,0.7422249632392532,44.3108,44.0139,43.7913,44.3851
2021-03-04,10265420,604746705,59.0,59.5,58.5,58.8,-0.5,4666,0.7422249632392532,43.7913,43.6428,43.4202,44.1624
2021-03-05,13161322,765830651,58.5,58.7,57.5,58.4,-0.4,5100,0.7422249632392532,43.4202,43.3459,42.6779,43.5686
2021-03-08,6908114,404360061,59.0,59.0,58.2,58.5,0.1,2493,0.7422249632392532,43.7913,43.4202,43.1975,43.7913
2021-03-09,22121116,1259942868,57.0,57.7,56.5,57.2,-1.3,9512,0.7422249632392532,42.3068,42.4553,41.9357,42.8264
2021-03-10,7446761,430687081,57.6,58.2,57.6,58.0,0.8,4635,0.7422249632392532,42.7522,43.049,42.7522,43.1975
2021-03-11,6604663,386939758,58.7,59.0,57.9,58.7,0.7,3750,0.7422249632392532,43.5686,43.5686,42.9748,43.7913
2021-03-12,20550146,1250475291,59.8,62.1,59.1,62.1,3.4,9699,0.7422249632392532,44.3851,46.0922,43.8655,46.0922
2021-03-15,12194435,734768022,61.3,61.6,59.8,59.9,-2.2,6058,0.7422249632392532,45.4984,44.4593,44.3851,45.7211
2021-03-16,6200877,374125757,60.0,61.0,59.7,60.3,0.4,3435,0.7422249632392532,44.5335,44.7562,44.3108,45.2757
2021-03-17,6127489,369208299,60.3,60.5,60.0,60.5,0.2,3501,0.7422249632392532,44.7562,44.9046,44.5335,44.9046
2021-03-18,7870677,483938635,61.0,61.9,60.7,61.6,1.1,4554,0.7422249632392532,45.2757,45.7211,45.0531,45.9437
2021-03-19,11870376,723043379,61.2,61.2,60.4,61.1,-0.5,3393,0.7422249632392532,45.4242,45.3499,44.8304,45.4242
2021-03-22,5142956,314107933,61.1,61.5,60.7,61.3,0.2,2373,0.7422249632392532,45.3499,45.4984,45.0531,45.6468
2021-03-23,5626247,344987827,61.3,61.6,61.0,61.6,0.3,2399,0.7422249632392532,45.4984,45.7211,45.2757,45.7211
2021-03-24,4566402,275486402,61.5,61.7,61.1,61.6,0.0,1735,0.7422249632392532,45.6468,45.7211,45.3499,45.7953
2021-03-25,3949328,243535078,61.6,61.9,61.4,61.9,0.3,1914,0.7422249632392532,45.7211,45.9437,45.5726,45.9437
2021-03-26,4611472,284780118,62.0,62.3,61.4,61.9,0.0,2474,0.7422249632392532,46.0179,45.9437,45.5726,46.2406
2021-03-29,6327839,395649881,62.0,62.9,61.8,62.7,0.8,3272,0.7422249632392532,46.0179,46.5375,45.8695,46.686
2021-03-30,6676206,424149022,63.0,64.1,62.7,64.0,1.3,4119,0.7422249632392532,46.7602,47.5024,46.5375,47.5766
2021-03-31,10495215,664025096,64.1,64.3,62.8,62.8,-1.2,3614,0.7422249632392532,47.5766,46.6117,46.6117,47.7251
2021-04-01,6861102,435097831,63.5,64.1,62.9,63.2,0.4,3553,0.7422249632392532,47.1313,46.9086,46.686,47.5766
2021-04-06,3995676,251985549,63.5,63.8,62.5,63.0,-0.2,1975,0.7422249632392532,47.1313,46.7602,46.3891,47.354
2021-04-07,6605306,424329406,63.7,64.5,63.7,64.5,1.5,3392,0.7422249632392532,47.2797,47.8735,47.2797,47.8735
2021-04-08,6491770,421962285,64.8,65.3,64.6,65.2,0.7,3609,0.7422249632392532,48.0962,48.3931,47.9477,48.4673
2021-04-09,4234994,275031675,65.2,65.4,64.6,64.8,-0.4,2854,0.7422249632392532,48.3931,48.0962,47.9477,48.5415
2021-04-12,3923454,251924084,64.5,65.0,63.9,64.0,-0.8,2422,0.7422249632392532,47.8735,47.5024,47.4282,48.2446
2021-04-13,4842603,306050638,63.7,64.0,62.8,63.0,-1.0,2874,0.7422249632392532,47.2797,46.7602,46.6117,47.5024
2021-04-14,8866301,549450025,63.0,63.5,61.1,62.3,-0.7,3548,0.7422249632392532,46.7602,46.2406,45.3499,47.1313
2021-04-15,5294868,330191002,62.0,62.8,61.9,62.5,0.2,2221,0.7422249632392532,46.0179,46.3891,45.9437,46.6117
2021-04-16,4625001,288976180,62.4,63.0,62.2,63.0,0.5,2887,0.7422249632392532,46.3148,46.7602,46.1664,46.7602
2021-04-19,4296456,271355156,62.6,63.6,62.5,63.5,0.5,2190,0.7422249632392532,46.4633,47.1313,46.3891,47.2055
2021-04-20,5831752,374641321,63.8,64.6,63.5,64.2,0.7,2819,0.7422249632392532,47.354,47.6508,47.1313,47.9477
2021-04-21,4330417,276302025,63.8,64.2,63.6,63.7,-0.5,2250,0.7422249632392532,47.354,47.2797,47.2055,47.6508
2021-04-22,7095947,452133915,64.0,64.2,63.3,63.5,-0.2,3032,0.7422249632392532,47.5024,47.1313,46.9828,47.6508
2021-04-23,4205238,268825319,63.9,64.2,63.2,64.1,0.6,2354,0.7422249632392532,47.4282,47.5766,46.9086,47.6508
2021-04-26,3925884,253959078,64.4,65.2,64.2,64.9,0.8,2244,0.7422249632392532,47.7993,48.1704,47.6508,48.3931
2021-04-27,6491098,418778208,64.5,65.0,64.3,64.4,-0.5,3066,0.7422249632392532,47.8735,47.7993,47.7251,48.2446
2021-04-28,4316855,277679310,64.4,64.7,64.0,64.5,0.1,2063,0.7422249632392532,47.7993,47.8735,47.5024,48.022
2021-04-29,7314521,470800788,64.1,64.9,63.9,63.9,-0.6,2877,0.7422249632392532,47.5766,47.4282,47.4282,48.1704
2021-05-03,16802345,1112710037,65.1,67.5,64.5,67.1,3.2,7855,0.7422249632392532,48.3188,49.8033,47.8735,50.1002
2021-05-04,11440093,764278542,67.6,67.9,65.3,66.3,-0.8,5918,0.7422249632392532,50.1744,49.2095,48.4673,50.3971
2021-05-05,5545457,366562507,67.0,67.0,65.2,65.8,-0.5,2762,0.7422249632392532,49.7291,48.8384,48.3931,49.7291
2021-05-06,8594824,556073360,65.4,65.7,64.0,64.0,-1.8,4129,0.7422249632392532,48.5415,47.5024,47.5024,48.7642
2021-05-07,7719433,515058685,64.5,67.4,64.3,67.4,3.4,4372,0.7422249632392532,47.8735,50.026,47.7251,50.026
2021-05-10,4503825,298173952,67.4,67.4,65.9,66.0,-1.4,2718,0.7422249632392532,50.026,48.9868,48.9126,50.026
2021-05-11,8697736,554685245,64.8,64.9,63.0,63.0,-3.0,3705,0.7422249632392532,48.0962,46.7602,46.7602,48.1704
2021-05-12,11860922,726761993,62.5,63.3,58.5,61.2,-1.8,5222,0.7422249632392532,46.3891,45.4242,43.4202,46.9828
2021-05-13,7609480,464608998,61.2,62.4,59.0,60.9,-0.3,4258,0.7422249632392532,45.4242,45.2015,43.7913,46.3148
2021-05-14,4550063,281837132,60.9,62.9,60.8,61.9,1.0,2627,0.7422249632392532,45.2015,45.9437,45.1273,46.686
2021-05-17,6319650,385280154,60.7,61.8,60.2,61.1,-0.8,3032,0.7422249632392532,45.0531,45.3499,44.6819,45.8695
2021-05-18,5852650,362395615,61.1,62.7,60.8,62.0,0.9,3115,0.7422249632392532,45.3499,46.0179,45.1273,46.5375
2021-05-19,3970774,246453515,61.2,62.6,61.2,62.0,0.0,2426,0.7422249632392532,45.4242,46.0179,45.4242,46.4633
2021-05-20,4883931,305861602,62.0,63.3,62.0,62.6,0.6,2235,0.7422249632392532,46.0179,46.4633,46.0179,46.9828
2021-05-21,3402354,214447013,63.3,63.6,62.5,63.1,0.5,1849,0.7422249632392532,46.9828,46.8344,46.3891,47.2055
2021-05-24,3672675,230145699,62.6,63.3,62.0,63.2,0.1,2394,0.7422249632392532,46.4633,46.9086,46.0179,46.9828
2021-05-25,5383442,340522169,62.7,63.7,62.7,63.0,-0.2,2640,0.7422249632392532,46.5375,46.7602,46.5375,47.2797
2021-05-26,2786844,176212791,63.1,63.7,63.0,63.2,0.2,1338,0.7422249632392532,46.8344,46.9086,46.7602,47.2797
2021-05-27,9729574,617599486,63.5,63.8,63.1,63.5,0.3,2314,0.7422249632392532,47.1313,47.1313,46.8344,47.354
2021-05-28,6860497,447656543,64.3,65.9,64.0,65.7,2.2,3046,0.7422249632392532,47.7251,48.7642,47.5024,48.9126
2021-05-31,4672468,308224192,65.7,66.4,65.2,66.2,0.5,2337,0.7422249632392532,48.7642,49.1353,48.3931,49.2837
2021-06-01,2823093,187262552,66.0,66.8,65.7,66.4,0.2,1852,0.7422249632392532,48.9868,49.2837,48.7642,49.5806
2021-06-02,3308604,219022561,66.2,66.8,65.7,66.2,-0.2,2301,0.7422249632392532,49.1353,49.1353,48.7642,49.5806
2021-06-03,2705734,177485541,66.0,66.1,65.3,65.6,-0.6,1673,0.7422249632392532,48.9868,48.69,48.4673,49.0611
2021-06-04,2483560,162319118,65.0,65.6,65.0,65.4,-0.2,1436,0.7422249632392532,48.2446,48.5415,48.2446,48.69
2021-06-07,4427307,289228594,65.0,65.7,64.7,65.3,-0.1,1758,0.7422249632392532,48.2446,48.4673,48.022,48.7642
2021-06-08,2720680,178188964,66.2,66.2,65.1,65.6,0.3,1463,0.7422249632392532,49.1353,48.69,48.3188,49.1353
2021-06-09,3301361,215552036,65.2,65.7,65.0,65.3,-0.3,1970,0.7422249632392532,48.3931,48.4673,48.2446,48.7642
2021-06-10,2958239,193020010,65.2,65.5,65.0,65.3,0.0,1484,0.7422249632392532,48.3931,48.4673,48.2446,48.6157
2021-06-11,2699266,177342436,65.3,66.2,65.3,65.5,0.2,1533,0.7422249632392532,48.4673,48.6157,48.4673,49.1353
2021-06-15,2773582,181654649,65.4,65.7,65.3,65.6,0.1,1867,0.7422249632392532,48.5415,48.69,48.4673,48.7642
2021-06-16,4783381,314988107,65.6,66.3,65.4,66.2,0.6,2920,0.7422249632392532,48.69,49.1353,48.5415,49.2095
2021-06-17,4459673,294897506,65.5,66.4,65.5,66.3,0.1,3123,0.7422249632392532,48.6157,49.2095,48.6157,49.2837
2021-06-18,13456686,881704786,66.5,67.3,64.9,64.9,-1.4,4379,0.7422249632392532,49.358,48.1704,48.1704,49.9517
2021-06-21,10491971,676931071,64.3,65.3,64.0,64.5,-0.4,4803,0.7422249632392532,47.7251,47.8735,47.5024,48.4673
2021-06-22,9379137,600902201,64.6,64.9,63.6,63.6,-0.9,3679,0.7422249632392532,47.9477,47.2055,47.2055,48.1704
2021-06-23,12215862,779102484,64.0,64.3,63.1,64.1,0.5,5739,0.7422249632392532,47.5024,47.5766,46.8344,47.7251
2021-06-24,12331015,796709721,64.3,65.2,64.1,64.7,0.6,4171,0.7422249632392532,47.7251,48.022,47.5766,48.3931
2021-06-25,8964347,580056102,65.6,65.6,64.1,64.1,-0.6,3018,0.7422249632392532,48.69,47.5766,47.5766,48.69
2021-06-28,11112788,710960400,64.1,64.4,63.6,63.7,-0.4,4704,0.7422249632392532,47.5766,47.2797,47.2055,47.7993
2021-06-29,30605146,1788069415,59.5,59.6,57.2,57.4,0.0,12326,0.7840751270039875,46.6525,45.0059,44.8491,46.7309
2021-06-30,9485920,546131323,57.3,58.2,57.2,57.6,0.2,4471,0.7840751270039875,44.9275,45.1627,44.8491,45.6332
2021-07-01,9805055,557498880,57.5,57.7,56.5,56.6,-1.0,5981,0.7840751270039875,45.0843,44.3787,44.3002,45.2411
2021-07-02,11194488,633798688,56.6,57.1,56.1,56.9,0.3,5390,0.7840751270039875,44.3787,44.6139,43.9866,44.7707
2021-07-05,14086792,811880667,57.1,58.2,57.1,57.9,1.0,7046,0.7840751270039875,44.7707,45.3979,44.7707,45.6332
2021-07-06,6374024,370118074,58.4,58.4,57.7,58.2,0.3,4019,0.7840751270039875,45.79,45.6332,45.2411,45.79
2021-07-07,4850230,280226108,58.0,58.0,57.2,58.0,-0.2,3520,0.7840751270039875,45.4764,45.4764,44.8491,45.4764
2021-07-08,6456284,372575246,58.3,58.3,57.4,57.8,-0.2,3154,0.7840751270039875,45.7116,45.3195,45.0059,45.7116
2021-07-09,6639064,379716634,57.2,57.6,56.9,57.5,-0.3,4321,0.7840751270039875,44.8491,45.0843,44.6139,45.1627
2021-07-12,6094414,348180361,58.0,58.1,56.8,57.0,-0.5,3243,0.7840751270039875,45.4764,44.6923,44.5355,45.5548
2021-07-13,8058869,464385843,57.3,58.0,56.9,57.9,0.9,3162,0.7840751270039875,44.9275,45.3979,44.6139,45.4764
2021-07-14,8165634,475051705,58.1,58.5,57.9,58.2,0.3,3335,0.7840751270039875,45.5548,45.6332,45.3979,45.8684
2021-07-15,6605795,385830024,58.4,58.7,58.2,58.4,0.2,2800,0.7840751270039875,45.79,45.79,45.6332,46.0252
2021-07-16,2856713,165953543,58.5,58.5,57.8,58.1,-0.3,1660,0.7840751270039875,45.8684,45.5548,45.3195,45.8684
2021-07-19,4724045,273804689,57.8,58.3,57.4,58.3,0.2,2282,0.7840751270039875,45.3195,45.7116,45.0059,45.7116
2021-07-20,4948478,286359941,58.0,58.3,57.4,58.0,-0.3,2550,0.7840751270039875,45.4764,45.4764,45.0059,45.7116
2021-07-21,8065510,472196525,58.0,59.1,57.9,58.5,0.5,3934,0.7840751270039875,45.4764,45.8684,45.3979,46.3388
2021-07-22,10333271,608276475,59.0,59.4,58.1,58.7,0.2,5256,0.7840751270039875,46.2604,46.0252,45.5548,46.5741
2021-07-23,5959730,346841813,59.0,59.0,57.8,57.9,-0.8,3112,0.7840751270039875,46.2604,45.3979,45.3195,46.2604
2021-07-26,4216811,247288382,58.0,58.9,58.0,58.7,0.8,2179,0.7840751270039875,45.4764,46.0252,45.4764,46.182
2021-07-27,3965742,232536616,58.6,59.2,58.1,58.7,0.0,2013,0.7840751270039875,45.9468,46.0252,45.5548,46.4172
2021-07-28,6413939,375383537,58.4,59.0,58.0,58.9,0.2,3112,0.7840751270039875,45.79,46.182,45.4764,46.2604
2021-07-29,7219992,430296381,59.2,60.0,59.0,59.8,0.9,3249,0.7840751270039875,46.4172,46.8877,46.2604,47.0445
2021-07-30,26731601,1703984829,63.0,65.0,62.2,64.1,4.3,12017,0.7840751270039875,49.3967,50.2592,48.7695,50.9649
2021-08-02,9917883,633663217,64.0,64.4,63.2,63.9,-0.2,5927,0.7840751270039875,50.1808,50.1024,49.5535,50.4944
2021-08-03,6476016,410539161,63.2,63.9,62.5,63.9,0.0,4214,0.7840751270039875,49.5535,50.1024,49.0047,50.1024
2021-08-04,6083119,385188454,63.5,63.9,62.9,63.2,-0.7,3295,0.7840751270039875,49.7888,49.5535,49.3183,50.1024
2021-08-05,4868070,306284429,63.2,63.7,62.5,62.9,-0.3,2774,0.7840751270039875,49.5535,49.3183,49.0047,49.9456
2021-08-06,4650232,290291808,62.8,62.8,61.7,62.5,-0.4,2874,0.7840751270039875,49.2399,49.0047,48.3774,49.2399
2021-08-09,4716386,293541174,62.4,62.8,61.3,62.6,0.1,2588,0.7840751270039875,48.9263,49.0831,48.0638,49.2399
2021-08-10,5069047,316139222,62.6,62.6,61.8,62.6,0.0,2732,0.7840751270039875,49.0831,49.0831,48.4558,49.0831
2021-08-11,5109827,318613610,62.2,62.7,61.8,62.6,0.0,2495,0.7840751270039875,48.7695,49.0831,48.4558,49.1615
2021-08-12,5675057,349345504,62.1,62.5,61.0,61.2,-1.4,3310,0.7840751270039875,48.6911,47.9854,47.8286,49.0047
2021-08-13,6619822,406295517,61.1,61.9,60.8,61.3,0.1,3221,0.7840751270039875,47.907,48.0638,47.6718,48.5343
2021-08-16,6133475,360159825,59.8,59.8,57.9,58.6,0.0,3324,0.8105194820462804,48.4691,47.4964,46.9291,48.4691
2021-08-17,7663723,448206045,58.6,59.1,58.0,58.5,-0.1,2670,0.8105194820462804,47.4964,47.4154,47.0101,47.9017
2021-08-18,5793687,338129825,57.9,58.8,57.6,58.5,0.0,2328,0.8105194820462804,46.9291,47.4154,46.6859,47.6585
2021-08-19,9300452,531458678,57.8,58.2,56.6,56.9,-1.6,4953,0.8105194820462804,46.848,46.1186,45.8754,47.1722
2021-08-20,6231167,359332361,57.7,58.4,56.9,57.5,0.6,3054,0.8105194820462804,46.767,46.6049,46.1186,47.3343
2021-08-23,3817636,223417697,58.1,59.0,58.0,58.3,0.8,1925,0.8105194820462804,47.0912,47.2533,47.0101,47.8206
2021-08-24,3803357,222891141,58.6,59.0,58.2,58.4,0.1,1566,0.8105194820462804,47.4964,47.3343,47.1722,47.8206
2021-08-25,6124059,363124112,58.7,59.6,58.5,59.4,1.0,2687,0.8105194820462804,47.5775,48.1449,47.4154,48.307
2021-08-26,7174063,422574344,59.1,59.5,58.3,58.9,-0.5,3086,0.8105194820462804,47.9017,47.7396,47.2533,48.2259
2021-08-27,5094886,303083919,59.1,59.9,58.9,59.7,0.8,2922,0.8105194820462804,47.9017,48.388,47.7396,48.5501
2021-08-30,4708686,285463386,60.2,61.0,59.9,61.0,1.3,1943,0.8105194820462804,48.7933,49.4417,48.5501,49.4417
2021-08-31,5784683,352810989,60.6,61.2,60.4,61.2,0.2,1897,0.8105194820462804,49.1175,49.6038,48.9554,49.6038
2021-09-01,4156356,253059511,60.3,61.6,60.3,60.8,-0.4,2303,0.8105194820462804,48.8743,49.2796,48.8743,49.928
2021-09-02,3900217,236468503,60.5,61.3,60.3,60.6,-0.2,2590,0.8105194820462804,49.0364,49.1175,48.8743,49.6848
2021-09-03,2902266,176616079,60.6,61.1,60.4,60.9,0.3,1200,0.8105194820462804,49.1175,49.3606,48.9554,49.5227
2021-09-06,5529229,337862393,60.5,61.8,60.4,60.9,0.0,2357,0.8105194820462804,49.0364,49.3606,48.9554,50.0901
2021-09-07,5456423,329620735,60.8,61.4,59.9,60.6,-0.3,2220,0.8105194820462804,49.2796,49.1175,48.5501,49.7659
2021-09-08,7564710,450821289,60.8,60.8,58.9,59.6,-1.0,3678,0.8105194820462804,49.2796,48.307,47.7396,49.2796
2021-09-09,4791440,285079927,58.7,60.0,58.5,59.6,0.0,1696,0.8105194820462804,47.5775,48.307,47.4154,48.6312
2021-09-10,4091335,245316562,59.6,60.3,59.4,60.0,0.4,2338,0.8105194820462804,48.307,48.6312,48.1449,48.8743
2021-09-13,3329462,201190592,59.6,60.7,59.6,60.6,0.6,1370,0.8105194820462804,48.307,49.1175,48.307,49.1985
2021-09-14,6750008,413174773,60.6,61.7,60.6,61.1,0.5,2435,0.8105194820462804,49.1175,49.5227,49.1175,50.0091
2021-09-15,7670352,473324705,61.5,62.3,61.2,61.5,0.4,3325,0.8105194820462804,49.8469,49.8469,49.6038,50.4954
2021-09-16,6444685,394384002,60.8,61.8,60.8,61.2,-0.3,3527,0.8105194820462804,49.2796,49.6038,49.2796,50.0901
2021-09-17,10893269,667701506,61.6,61.9,60.8,61.1,-0.1,2996,0.8105194820462804,49.928,49.5227,49.2796,50.1712
2021-09-22,8719175,533399732,60.1,61.9,60.1,61.8,0.7,2892,0.8105194820462804,48.7122,50.0901,48.7122,50.1712
2021-09-23,10812050,687760566,62.4,64.4,62.1,63.8,2.0,5097,0.8105194820462804,50.5764,51.7111,50.3333,52.1975
2021-09-24,6846235,439114873,63.9,64.6,63.7,64.0,0.2,3707,0.8105194820462804,51.7922,51.8732,51.6301,52.3596
2021-09-27,6269339,402651857,64.3,64.7,63.9,64.1,0.1,3007,0.8105194820462804,52.1164,51.9543,51.7922,52.4406
2021-09-28,6603879,426025102,63.7,65.2,63.0,64.5,0.4,3902,0.8105194820462804,51.6301,52.2785,51.0627,52.8459
2021-09-29,9368181,604323271,63.6,65.5,63.5,64.4,-0.1,4590,0.8105194820462804,51.549,52.1975,51.468,53.089
2021-09-30,7273249,455285423,63.5,63.6,61.8,62.5,-1.9,6742,0.8105194820462804,51.468,50.6575,50.0901,51.549
2021-10-01,6586510,406779605,61.8,62.4,61.0,62.2,-0.3,3229,0.8105194820462804,50.0901,50.4143,49.4417,50.5764
2021-10-04,3996488,248681795,62.2,62.8,61.6,62.2,0.0,2328,0.8105194820462804,50.4143,50.4143,49.928,50.9006
2021-10-05,6362011,395655617,61.6,63.0,61.0,62.3,0.1,3435,0.8105194820462804,49.928,50.4954,49.4417,51.0627
2021-10-06,7173412,449922575,62.3,63.4,61.5,63.0,0.7,3368,0.8105194820462804,50.4954,51.0627,49.8469,51.3869
2021-10-07,5596655,355184331,63.1,64.0,62.8,63.1,0.1,4131,0.8105194820462804,51.1438,51.1438,50.9006,51.8732
2021-10-08,3763012,240779595,63.3,64.6,63.2,64.0,0.9,2694,0.8105194820462804,51.3059,51.8732,51.2248,52.3596
2021-10-12,4384823,276660004,62.7,64.0,62.2,63.2,-0.8,2635,0.8105194820462804,50.8196,51.2248,50.4143,51.8732
2021-10-13,7059407,454179455,64.1,65.0,63.8,64.2,1.0,4019,0.8105194820462804,51.9543,52.0354,51.7111,52.6838
2021-10-14,4480415,291006109,65.0,65.8,63.9,64.3,0.1,3297,0.8105194820462804,52.6838,52.1164,51.7922,53.3322
2021-10-15,4498608,291046269,64.6,65.1,64.1,64.9,0.6,2594,0.8105194820462804,52.3596,52.6027,51.9543,52.7648
2021-10-18,4638975,301070566,65.2,65.5,64.5,64.8,-0.1,2075,0.8105194820462804,52.8459,52.5217,52.2785,53.089
2021-10-19,15202094,947695037,63.1,63.5,61.8,62.1,-2.7,8311,0.8105194820462804,51.1438,50.3333,50.0901,51.468
2021-10-20,15285801,929361651,62.1,62.3,60.2,60.4,-1.7,8616,0.8105194820462804,50.3333,48.9554,48.7933,50.4954
2021-10-21,8504034,515967102,60.2,61.3,60.2,60.4,0.0,3840,0.8105194820462804,48.7933,48.9554,48.7933,49.6848
2021-10-22,6242848,381064641,60.8,61.6,60.5,61.1,0.7,2695,0.8105194820462804,49.2796,49.5227,49.0364,49.928
2021-10-25,3809011,230698211,60.8,61.1,60.3,60.5,-0.6,2045,0.8105194820462804,49.2796,49.0364,48.8743,49.5227
2021-10-26,4772873,291436687,60.9,61.5,60.8,60.8,0.3,2240,0.8105194820462804,49.3606,49.2796,49.2796,49.8469
2021-10-27,4214359,260155140,60.7,62.0,60.5,62.0,1.2,2341,0.8105194820462804,49.1985,50.2522,49.0364,50.2522
2021-10-28,3256874,200639962,61.8,62.1,61.3,61.3,-0.7,1782,0.8105194820462804,50.0901,49.6848,49.6848,50.3333
2021-10-29,5397564,331834524,61.4,62.0,61.2,61.3,0.0,2222,0.8105194820462804,49.7659,49.6848,49.6038,50.2522
2021-11-01,3012199,184976103,61.6,61.7,61.1,61.5,0.2,1418,0.8105194820462804,49.928,49.8469,49.5227,50.0091
2021-11-02,5524048,337808873,61.8,62.0,60.6,61.0,-0.5,2587,0.8105194820462804,50.0901,49.4417,49.1175,50.2522
2021-11-03,2550933,157093188,61.1,61.8,60.9,61.8,0.8,1510,0.8105194820462804,49.5227,50.0901,49.3606,50.0901
2021-11-04,3968834,243087236,61.9,61.9,61.0,61.0,-0.8,2498,0.8105194820462804,50.1712,49.4417,49.4417,50.1712
2021-11-05,4707922,286567588,60.8,61.5,60.3,61.5,0.5,3054,0.8105194820462804,49.2796,49.8469,48.8743,49.8469
2021-11-08,2858956,175522985,61.5,61.7,61.0,61.7,0.2,1371,0.8105194820462804,49.8469,50.0091,49.4417,50.0091
2021-11-09,4531201,278339526,61.5,61.8,61.0,61.6,-0.1,2540,0.8105194820462804,49.8469,49.928,49.4417,50.0901
2021-11-10,2932105,179859870,61.6,61.9,61.2,61.2,-0.4,1435,0.8105194820462804,49.928,49.6038,49.6038,50.1712
2021-11-11,3794675,232195786,61.2,61.4,60.9,61.3,0.1,1625,0.8105194820462804,49.6038,49.6848,49.3606,49.7659
2021-11-12,3900268,239251034,61.8,61.8,61.0,61.5,0.2,2339,0.8105194820462804,50.0901,49.8469,49.4417,50.0901
2021-11-15,4041701,249970489,61.5,62.1,61.3,61.8,0.3,2183,0.8105194820462804,49.8469,50.0901,49.6848,50.3333
2021-11-16,4526886,281703749,62.0,62.6,61.7,62.6,0.8,2231,0.8105194820462804,50.2522,50.7385,50.0091,50.7385
2021-11-17,4994329,308947113,62.3,62.3,61.6,62.0,-0.6,3095,0.8105194820462804,50.4954,50.2522,49.928,50.4954
2021-11-18,4452028,274400018,62.1,62.4,61.3,61.7,-0.3,2694,0.8105194820462804,50.3333,50.0091,49.6848,50.5764
2021-11-19,4683384,287466604,61.7,61.9,61.1,61.6,-0.1,2546,0.8105194820462804,50.0091,49.928,49.5227,50.1712
2021-11-22,2407489,147468433,61.6,61.7,61.0,61.3,-0.3,1504,0.8105194820462804,49.928,49.6848,49.4417,50.0091
2021-11-23,4586173,277828224,61.0,61.0,60.4,60.4,-0.9,3355,0.8105194820462804,49.4417,48.9554,48.9554,49.4417
2021-11-24,2720526,164791280,60.4,61.0,60.3,60.7,0.3,2183,0.8105194820462804,48.9554,49.1985,48.8743,49.4417
2021-11-25,2284314,138652273,60.8,61.2,60.5,60.9,0.2,1655,0.8105194820462804,49.2796,49.3606,49.0364,49.6038
2021-11-26,4130351,248541205,60.5,60.6,60.0,60.1,-0.8,2901,0.8105194820462804,49.0364,48.7122,48.6312,49.1175
2021-11-29,3429219,207231052,59.8,61.0,59.7,60.6,0.5,2210,0.8105194820462804,48.4691,49.1175,48.388,49.4417
2021-11-30,9975462,602487709,60.4,61.1,60.3,60.3,-0.3,2844,0.8105194820462804,48.9554,48.8743,48.8743,49.5227
2021-12-01,3972097,239684548,60.1,60.8,59.7,60.5,0.2,2384,0.8105194820462804,48.7122,49.0364,48.388,49.2796
2021-12-02,3049472,184950005,60.9,61.0,60.4,60.5,0.0,1814,0.8105194820462804,49.3606,49.0364,48.9554,49.4417
2021-12-03,5895058,357470006,60.5,61.1,60.2,60.6,0.1,2006,0.8105194820462804,49.0364,49.1175,48.7933,49.5227
2021-12-06,7060657,436278574,60.4,62.3,60.4,62.1,1.5,4587,0.8105194820462804,48.9554,50.3333,48.9554,50.4954
2021-12-07,5415951,332487207,62.4,62.4,61.0,61.4,-0.7,5122,0.8105194820462804,50.5764,49.7659,49.4417,50.5764
2021-12-08,5036480,313249468,61.9,62.5,61.5,62.3,0.9,2914,0.8105194820462804,50.1712,50.4954,49.8469,50.6575
2021-12-09,4859185,301484608,62.1,62.6,61.2,62.6,0.3,2935,0.8105194820462804,50.3333,50.7385,49.6038,50.7385
2021-12-10,3723423,233142235,62.1,62.9,61.9,62.7,0.1,2302,0.8105194820462804,50.3333,50.8196,50.1712,50.9817
2021-12-13,2658839,165144646,62.2,62.7,61.8,62.0,-0.7,2798,0.8105194820462804,50.4143,50.2522,50.0901,50.8196
2021-12-14,3099309,191701725,61.6,62.2,61.3,61.8,-0.2,2149,0.8105194820462804,49.928,50.0901,49.6848,50.4143
2021-12-15,4404046,270660557,61.5,61.7,61.1,61.5,-0.3,3998,0.8105194820462804,49.8469,49.8469,49.5227,50.0091
2021-12-16,3623951,223279485,61.4,62.1,61.3,61.7,0.2,2037,0.8105194820462804,49.7659,50.0091,49.6848,50.3333
2021-12-17,5760650,355445588,61.4,61.9,61.0,61.9,0.2,2309,0.8105194820462804,49.7659,50.1712,49.4417,50.1712
2021-12-20,7403720,452321073,61.4,61.9,60.8,61.0,-0.9,4585,0.8105194820462804,49.7659,49.4417,49.2796,50.1712
2021-12-21,3071933,189197893,61.0,61.9,61.0,61.7,0.7,1355,0.8105194820462804,49.4417,50.0091,49.4417,50.1712
2021-12-22,5161166,319242172,61.6,62.5,61.5,61.5,-0.2,2310,0.8105194820462804,49.928,49.8469,49.8469,50.6575
2021-12-23,6039582,377148991,61.6,63.2,61.6,62.5,1.0,2487,0.8105194820462804,49.928,50.6575,49.928,51.2248
2021-12-24,2362587,148412127,62.8,63.1,62.6,62.7,0.2,1495,0.8105194820462804,50.9006,50.8196,50.7385,51.1438
2021-12-27,5023810,318280248,62.6,63.7,62.6,63.6,0.9,2724,0.8105194820462804,50.7385,51.549,50.7385,51.6301
2021-12-28,2382515,151526006,63.9,63.9,63.3,63.8,0.2,1979,0.8105194820462804,51.7922,51.7111,51.3059,51.7922
2021-12-29,3441986,220139088,63.8,64.2,63.4,64.1,0.3,1722,0.8105194820462804,51.7111,51.9543,51.3869,52.0354
2021-12-30,2009550,128126587,64.1,64.1,63.5,63.8,-0.3,1412,0.8105194820462804,51.9543,51.7111,51.468,51.9543
2022-01-03,2504797,158822120,63.9,64.1,62.9,63.4,-0.4,2587,0.8105194820462804,51.7922,51.3869,50.9817,51.9543
2022-01-04,5685537,364865848,63.4,64.7,63.2,64.4,1.0,3430,0.8105194820462804,51.3869,52.1975,51.2248,52.4406
2022-01-05,5020176,323427275,64.0,65.0,63.8,64.4,0.0,2759,0.8105194820462804,51.8732,52.1975,51.7111,52.6838
2022-01-06,5177799,329948651,64.5,64.5,63.1,63.5,-0.9,4433,0.8105194820462804,52.2785,51.468,51.1438,52.2785
2022-01-07,3804008,242344439,64.4,64.8,63.2,63.7,0.2,3606,0.8105194820462804,52.1975,51.6301,51.2248,52.5217
2022-01-10,3232177,204150727,63.6,63.6,62.8,63.5,-0.2,3064,0.8105194820462804,51.549,51.468,50.9006,51.549
2022-01-11,2538265,160809541,63.3,63.7,62.8,63.5,0.0,1577,0.8105194820462804,51.3059,51.468,50.9006,51.6301
2022-01-12,2245269,142201659,63.5,63.7,62.9,63.6,0.1,2001,0.8105194820462804,51.468,51.549,50.9817,51.6301
2022-01-13,3495400,223843883,63.6,64.6,63.5,64.3,0.7,2445,0.8105194820462804,51.549,52.1164,51.468,52.3596
2022-01-14,2841347,181646374,64.0,64.3,63.6,63.8,-0.5,1875,0.8105194820462804,51.8732,51.7111,51.549,52.1164
2022-01-17,1689420,108066995,63.6,64.2,63.6,63.8,0.0,1314,0.8105194820462804,51.549,51.7111,51.549,52.0354
2022-01-18,3919851,250185143,64.0,64.4,63.5,63.5,-0.3,2846,0.8105194820462804,51.8732,51.468,51.468,52.1975
2022-01-19,4401918,279234039,63.6,63.9,63.0,63.6,0.1,2850,0.8105194820462804,51.549,51.549,51.0627,51.7922
2022-01-20,3372087,214579245,63.5,64.1,63.3,63.7,0.1,1564,0.8105194820462804,51.468,51.6301,51.3059,51.9543
2022-01-21,7618227,482498819,63.5,63.7,62.8,63.7,0.0,2867,0.8105194820462804,51.468,51.6301,50.9006,51.6301
2022-01-24,4762156,302595965,63.6,64.0,62.9,63.9,0.2,2605,0.8105194820462804,51.549,51.7922,50.9817,51.8732
2022-01-25,6442901,407932357,63.1,63.8,62.9,63.8,-0.1,3270,0.8105194820462804,51.1438,51.7111,50.9817,51.7111
2022-01-26,3319983,211467614,63.9,64.0,63.5,63.5,-0.3,2668,0.8105194820462804,51.7922,51.468,51.468,51.8732
2022-02-07,5853884,376054131,63.4,64.8,63.4,64.6,1.1,3498,0.8105194820462804,51.3869,52.3596,51.3869,52.5217
2022-02-08,18275520,1237995454,65.0,69.0,64.8,68.8,4.2,10323,0.8105194820462804,52.6838,55.7637,52.5217,55.9258
2022-02-09,15655698,1075450527,68.8,69.5,68.0,69.1,0.3,8317,0.8105194820462804,55.7637,56.0069,55.1153,56.3311
2022-02-10,7535071,515937818,69.6,69.6,67.7,68.6,-0.5,8479,0.8105194820462804,56.4122,55.6016,54.8722,56.4122
2022-02-11,6823049,459775258,67.8,68.0,66.9,67.5,-1.1,7113,0.8105194820462804,54.9532,54.7101,54.2238,55.1153
2022-02-14,8363985,555426688,66.6,67.0,65.6,66.7,-0.8,4634,0.8105194820462804,53.9806,54.0616,53.1701,54.3048
2022-02-15,10233957,682267981,66.9,67.4,66.3,66.5,-0.2,7508,0.8105194820462804,54.2238,53.8995,53.7374,54.629
2022-02-16,9664248,654247979,67.3,68.4,66.6,67.9,1.4,5324,0.8105194820462804,54.548,55.0343,53.9806,55.4395
2022-02-17,9930002,682076284,68.3,69.4,67.8,68.6,0.7,5197,0.8105194820462804,55.3585,55.6016,54.9532,56.2501
2022-02-18,6975731,475208872,67.9,68.7,67.4,68.2,-0.4,3600,0.8105194820462804,55.0343,55.2774,54.629,55.6827
2022-02-21,5838418,397045217,67.7,68.6,67.3,68.2,0.0,2537,0.8105194820462804,54.8722,55.2774,54.548,55.6016
2022-02-22,8479085,569591620,67.4,67.9,66.6,67.5,-0.7,5631,0.8105194820462804,54.629,54.7101,53.9806,55.0343
2022-02-23,5848895,395116226,67.1,68.0,66.9,67.8,0.3,3118,0.8105194820462804,54.3859,54.9532,54.2238,55.1153
2022-02-24,8139901,549405096,67.1,68.0,66.7,67.6,-0.2,4315,0.8105194820462804,54.3859,54.7911,54.0616,55.1153
2022-02-25,15912093,1084861047,67.3,68.4,67.3,68.4,0.8,3737,0.8105194820462804,54.548,55.4395,54.548,55.4395
2022-03-01,6819989,469192404,68.5,69.4,68.4,68.6,0.2,3537,0.8105194820462804,55.5206,55.6016,55.4395,56.2501
2022-03-02,3840758,264230337,68.5,69.2,68.1,68.9,0.3,2026,0.8105194820462804,55.5206,55.8448,55.1964,56.0879
2022-03-03,5519677,384492099,70.0,70.5,69.3,69.8,0.9,3114,0.8105194820462804,56.7364,56.5743,56.169,57.1416
2022-03-04,4963882,345279042,69.4,70.0,68.6,69.6,-0.2,5134,0.8105194820462804,56.2501,56.4122,55.6016,56.7364
2022-03-07,10117555,690526062,68.5,68.9,67.2,68.5,-1.1,7412,0.8105194820462804,55.5206,55.5206,54.4669,55.8448
2022-03-08,7114137,486659882,67.6,68.9,67.6,68.2,-0.3,4619,0.8105194820462804,54.7911,55.2774,54.7911,55.8448
2022-03-09,4903134,341019104,68.9,70.2,68.7,69.5,1.3,2895,0.8105194820462804,55.8448,56.3311,55.6827,56.8985
2022-03-10,5662765,398484933,70.1,70.6,69.8,70.6,1.1,3467,0.8105194820462804,56.8174,57.2227,56.5743,57.2227
2022-03-11,5288406,373435206,70.2,70.9,70.1,70.6,0.0,2633,0.8105194820462804,56.8985,57.2227,56.8174,57.4658
2022-03-14,5540645,388869442,70.4,70.8,69.9,70.0,-0.6,4505,0.8105194820462804,57.0606,56.7364,56.6553,57.3848
2022-03-15,7402400,514149666,70.0,70.1,69.1,69.5,-0.5,3428,0.8105194820462804,56.7364,56.3311,56.0069,56.8174
2022-03-16,7689106,536592022,69.6,70.1,69.4,70.1,0.6,3608,0.8105194820462804,56.4122,56.8174,56.2501,56.8174
2022-03-17,10554629,746540232,70.0,71.3,69.9,71.0,0.9,4559,0.8105194820462804,56.7364,57.5469,56.6553,57.79
2022-03-18,21705932,1436020095,68.0,68.0,65.5,65.5,0.0,11066,0.8401004850406701,57.1268,55.0266,55.0266,57.1268
2022-03-21,6198797,411845186,65.7,66.8,65.7,66.6,1.1,3160,0.8401004850406701,55.1946,55.9507,55.1946,56.1187
2022-03-22,4034825,271065827,66.8,67.5,66.6,67.5,0.9,2296,0.8401004850406701,56.1187,56.7068,55.9507,56.7068
2022-03-23,4312649,291030120,67.9,67.9,67.1,67.5,0.0,2500,0.8401004850406701,57.0428,56.7068,56.3707,57.0428
2022-03-24,3164348,214033856,67.3,68.0,67.3,67.5,0.0,2507,0.8401004850406701,56.5388,56.7068,56.5388,57.1268
2022-03-25,3057133,206578370,67.2,67.9,67.1,67.8,0.3,1609,0.8401004850406701,56.4548,56.9588,56.3707,57.0428
2022-03-28,3467325,234884742,67.3,68.5,67.0,68.3,0.5,2059,0.8401004850406701,56.5388,57.3789,56.2867,57.5469
2022-03-29,2517708,171335646,67.8,68.4,67.8,68.0,-0.3,2229,0.8401004850406701,56.9588,57.1268,56.9588,57.4629
2022-03-30,6186097,422003155,68.3,69.0,67.8,68.2,0.2,3087,0.8401004850406701,57.3789,57.2949,56.9588,57.9669
2022-03-31,5233889,357580430,68.4,68.8,68.1,68.1,-0.1,1630,0.8401004850406701,57.4629,57.2108,57.2108,57.7989
2022-04-01,2314007,157491554,67.8,68.3,67.5,68.3,0.2,1233,0.8401004850406701,56.9588,57.3789,56.7068,57.3789
2022-04-06,3546310,240024548,68.0,68.4,67.3,67.8,-0.5,1808,0.8401004850406701,57.1268,56.9588,56.5388,57.4629
2022-04-07,5748592,383919932,67.1,67.3,66.4,66.4,-1.4,3156,0.8401004850406701,56.3707,55.7827,55.7827,56.5388
2022-04-08,2308719,155442228,67.1,67.8,66.9,67.6,1.2,2111,0.8401004850406701,56.3707,56.7908,56.2027,56.9588
2022-04-11,3216992,214459194,67.2,67.6,66.3,66.5,-1.1,3104,0.8401004850406701,56.4548,55.8667,55.6987,56.7908
2022-04-12,3173343,212128299,66.5,67.3,66.3,66.7,0.2,2113,0.8401004850406701,55.8667,56.0347,55.6987,56.5388
2022-04-13,3018265,204737214,67.8,68.5,67.1,68.1,1.4,2422,0.8401004850406701,56.9588,57.2108,56.3707,57.5469
2022-04-14,2542849,172931208,68.1,68.4,67.7,67.8,-0.3,2013,0.8401004850406701,57.2108,56.9588,56.8748,57.4629
2022-04-15,2207079,149628927,67.9,68.2,67.3,67.6,-0.2,2155,0.8401004850406701,57.0428,56.7908,56.5388,57.2949
2022-04-18,3783093,258152584,67.0,68.8,67.0,68.5,0.9,2692,0.8401004850406701,56.2867,57.5469,56.2867,57.7989
2022-04-19,5395279,370018108,69.0,69.5,68.2,68.2,-0.3,2630,0.8401004850406701,57.9669,57.2949,57.2949,58.387
2022-04-20,20109044,1307366910,65.8,66.2,63.5,65.7,-2.5,13240,0.8401004850406701,55.2786,55.1946,53.3464,55.6147
2022-04-21,8419580,555695102,65.5,66.8,65.0,66.8,1.1,4305,0.8401004850406701,55.0266,56.1187,54.6065,56.1187
2022-04-22,8782223,590391697,65.6,68.0,65.5,68.0,1.2,4775,0.8401004850406701,55.1106,57.1268,55.0266,57.1268
2022-04-25,10145672,682177594,66.2,68.0,66.2,68.0,0.0,5986,0.8401004850406701,55.6147,57.1268,55.6147,57.1268
2022-04-26,7672677,517361777,67.8,67.9,67.1,67.2,-0.8,4033,0.8401004850406701,56.9588,56.4548,56.3707,57.0428
2022-04-27,5660466,371639864,65.7,66.3,65.2,65.6,-1.6,3948,0.8401004850406701,55.1946,55.1106,54.7746,55.6987
2022-04-28,5828239,379238309,65.9,66.0,64.5,65.3,-0.3,4326,0.8401004850406701,55.3626,54.8586,54.1865,55.4466
2022-04-29,5095061,331638658,65.0,65.9,64.7,65.0,-0.3,2999,0.8401004850406701,54.6065,54.6065,54.3545,55.3626
2022-05-03,2970784,192926509,65.2,65.5,64.5,65.0,0.0,2605,0.8401004850406701,54.7746,54.6065,54.1865,55.0266
2022-05-04,3618757,234735617,65.0,65.4,64.5,65.2,0.2,1916,0.8401004850406701,54.6065,54.7746,54.1865,54.9426
2022-05-05,3281041,213968731,65.5,65.8,64.9,65.3,0.1,2890,0.8401004850406701,55.0266,54.8586,54.5225,55.2786
2022-05-06,3722176,239870817,64.3,65.0,63.9,64.8,-0.5,3179,0.8401004850406701,54.0185,54.4385,53.6824,54.6065
2022-05-09,4089962,261498466,63.6,64.4,63.5,63.8,-1.0,2051,0.8401004850406701,53.4304,53.5984,53.3464,54.1025
2022-05-10,7090675,454618060,63.6,65.0,62.9,64.4,0.6,3822,0.8401004850406701,53.4304,54.1025,52.8423,54.6065
2022-05-11,5106144,325487785,63.7,64.4,63.3,63.8,-0.6,3268,0.8401004850406701,53.5144,53.5984,53.1784,54.1025
2022-05-12,6593842,414342284,63.4,64.0,62.1,62.6,-1.2,3320,0.8401004850406701,53.2624,52.5903,52.1702,53.7664
2022-05-13,6803394,425156988,62.5,63.1,62.1,62.4,-0.2,4088,0.8401004850406701,52.5063,52.4223,52.1702,53.0103
2022-05-16,7927445,497892184,63.5,63.8,62.0,63.1,0.7,3780,0.8401004850406701,53.3464,53.0103,52.0862,53.5984
2022-05-17,5039246,316825218,63.4,63.5,62.5,62.6,-0.5,2598,0.8401004850406701,53.2624,52.5903,52.5063,53.3464
2022-05-18,5474752,345578517,62.6,63.9,62.3,63.4,0.8,4075,0.8401004850406701,52.5903,53.2624,52.3383,53.6824
2022-05-19,5174812,325718854,62.8,63.7,62.5,62.9,-0.5,3245,0.8401004850406701,52.7583,52.8423,52.5063,53.5144
2022-05-20,4200477,264575743,63.2,63.7,62.5,62.9,0.0,2720,0.8401004850406701,53.0944,52.8423,52.5063,53.5144
2022-05-23,5086514,316942103,63.8,63.8,61.8,62.4,-0.5,2593,0.8401004850406701,53.5984,52.4223,51.9182,53.5984
2022-05-24,4345755,270049922,62.2,62.9,61.6,61.9,-0.5,2347,0.8401004850406701,52.2543,52.0022,51.7502,52.8423
2022-05-25,5048124,313315847,62.0,62.4,61.4,62.2,0.3,2806,0.8401004850406701,52.0862,52.2543,51.5822,52.4223
2022-05-26,6546511,400551495,62.5,62.6,60.6,60.9,-1.3,3698,0.8401004850406701,52.5063,51.1621,50.9101,52.5903
2022-05-27,5656313,348106691,61.0,62.0,60.9,61.9,1.0,3644,0.8401004850406701,51.2461,52.0022,51.1621,52.0862
2022-05-30,5674877,353346570,62.1,62.8,61.6,62.8,0.9,3658,0.8401004850406701,52.1702,52.7583,51.7502,52.7583
2022-05-31,33664373,2121950138,62.6,63.2,61.4,63.2,0.4,4820,0.8401004850406701,52.5903,53.0944,51.5822,53.0944
2022-06-01,6278330,400414697,63.2,64.2,63.0,63.5,0.3,3195,0.8401004850406701,53.0944,53.3464,52.9263,53.9345
2022-06-02,3981464,250886766,63.1,63.4,62.6,62.9,-0.6,2168,0.8401004850406701,53.0103,52.8423,52.5903,53.2624
2022-06-06,5438265,340261980,62.5,63.0,61.9,62.9,0.0,3211,0.8401004850406701,52.5063,52.8423,52.0022,52.9263
2022-06-07,4066923,255911631,62.8,63.2,62.5,63.0,0.1,2277,0.8401004850406701,52.7583,52.9263,52.5063,53.0944
2022-06-08,4755961,303391218,64.3,64.3,63.3,63.6,0.6,2563,0.8401004850406701,54.0185,53.4304,53.1784,54.0185
2022-06-09,5003430,314881951,63.4,63.5,62.3,63.1,-0.5,2823,0.8401004850406701,53.2624,53.0103,52.3383,53.3464
2022-06-10,3070534,191735604,62.7,62.9,62.1,62.4,-0.7,1985,0.8401004850406701,52.6743,52.4223,52.1702,52.8423
2022-06-13,5938880,361661075,61.8,61.8,60.4,61.0,-1.4,3659,0.8401004850406701,51.9182,51.2461,50.7421,51.9182
2022-06-14,3653192,222738254,61.0,61.3,60.7,60.9,-0.1,1886,0.8401004850406701,51.2461,51.1621,50.9941,51.4982
2022-06-15,3985746,243575952,61.2,61.7,60.7,61.0,0.1,2329,0.8401004850406701,51.4141,51.2461,50.9941,51.8342
2022-06-16,3529883,214407304,61.5,61.6,60.3,60.3,-0.7,1880,0.8401004850406701,51.6662,50.6581,50.6581,51.7502
2022-06-17,11756084,694936371,59.0,60.0,58.6,59.1,-1.2,4147,0.8401004850406701,49.5659,49.6499,49.2299,50.406
2022-06-20,7109818,414955212,59.1,59.1,57.8,58.2,-0.9,3311,0.8401004850406701,49.6499,48.8938,48.5578,49.6499
2022-06-21,9559626,554153175,57.9,59.0,57.6,57.9,-0.3,3963,0.8401004850406701,48.6418,48.6418,48.3898,49.5659
2022-06-22,8907914,518588089,58.5,58.9,57.3,58.6,0.7,3070,0.8401004850406701,49.1459,49.2299,48.1378,49.4819
2022-06-23,10136942,590221554,58.3,58.7,57.6,58.3,-0.3,4050,0.8401004850406701,48.9779,48.9779,48.3898,49.3139
2022-06-24,7628505,438493242,59.0,59.6,56.5,56.8,-1.5,4953,0.8401004850406701,49.5659,47.7177,47.4657,50.07
2022-06-27,7856728,448456987,57.9,58.2,56.6,56.9,0.1,5325,0.8401004850406701,48.6418,47.8017,47.5497,48.8938
2022-06-28,4113595,236729831,57.6,57.8,57.2,57.6,0.7,2223,0.8401004850406701,48.3898,48.3898,48.0537,48.5578
2022-06-29,5755990,333251387,57.5,58.3,57.4,57.7,0.1,3262,0.8401004850406701,48.3058,48.4738,48.2218,48.9779
2022-06-30,9067129,523515757,57.5,58.5,56.7,57.9,0.2,2654,0.8401004850406701,48.3058,48.6418,47.6337,49.1459
2022-07-01,6512909,373574824,58.0,58.1,56.8,57.0,-0.9,3062,0.8401004850406701,48.7258,47.8857,47.7177,48.8098
2022-07-04,8910429,492303029,57.9,58.0,54.2,55.3,-1.7,5033,0.8401004850406701,48.6418,46.4576,45.5334,48.7258
2022-07-05,3640652,206900240,57.2,57.5,56.4,56.6,1.3,1803,0.8401004850406701,48.0537,47.5497,47.3817,48.3058
2022-07-06,4816514,269088834,57.1,57.3,55.4,55.4,-1.2,2546,0.8401004850406701,47.9697,46.5416,46.5416,48.1378
2022-07-07,4083204,232377741,55.8,57.6,55.8,57.1,1.7,2133,0.8401004850406701,46.8776,47.9697,46.8776,48.3898
2022-07-08,3758656,215304637,56.8,57.8,56.7,57.2,0.1,1992,0.8401004850406701,47.7177,48.0537,47.6337,48.5578
2022-07-11,1685439,96349969,57.5,58.0,56.8,57.1,-0.1,1113,0.8401004850406701,48.3058,47.9697,47.7177,48.7258
2022-07-12,3222269,182953953,56.6,57.3,56.2,56.8,-0.3,1679,0.8401004850406701,47.5497,47.7177,47.2136,48.1378
2022-07-13,5049001,293913569,57.5,58.8,57.1,58.2,1.4,2100,0.8401004850406701,48.3058,48.8938,47.9697,49.3979
2022-07-14,5456593,314069934,57.8,58.0,57.2,57.5,-0.7,2246,0.8401004850406701,48.5578,48.3058,48.0537,48.7258
2022-07-15,3152795,181549801,57.4,57.9,57.2,57.5,0.0,1355,0.8401004850406701,48.2218,48.3058,48.0537,48.6418
2022-07-18,3720516,215291344,57.4,58.4,57.2,57.9,0.4,2023,0.8401004850406701,48.2218,48.6418,48.0537,49.0619
2022-07-19,5380190,316570769,58.3,59.6,58.1,58.8,0.9,2411,0.8401004850406701,48.9779,49.3979,48.8098,50.07
2022-07-20,23109654,1474621344,61.3,64.6,61.3,64.6,5.8,8037,0.8401004850406701,51.4982,54.2705,51.4982,54.2705
2022-07-21,17787514,1106710766,63.0,64.2,61.3,62.2,-2.4,10390,0.8401004850406701,52.9263,52.2543,51.4982,53.9345
2022-07-22,5298466,331012977,62.9,63.1,61.8,62.6,0.4,2687,0.8401004850406701,52.8423,52.5903,51.9182,53.0103
2022-07-25,3161773,198687706,62.9,63.2,62.3,63.0,0.4,1823,0.8401004850406701,52.8423,52.9263,52.3383,53.0944
2022-07-26,8315516,525686008,62.6,63.9,62.2,63.5,0.5,4692,0.8401004850406701,52.5903,53.3464,52.2543,53.6824
2022-07-27,5180561,329517798,63.8,64.2,62.9,64.0,0.5,3340,0.8401004850406701,53.5984,53.7664,52.8423,53.9345
2022-07-28,4935443,316871233,63.6,64.7,63.4,64.3,0.3,3254,0.8401004850406701,53.4304,54.0185,53.2624,54.3545
2022-07-29,7363085,478460668,65.1,65.6,63.9,65.3,1.0,3847,0.8401004850406701,54.6905,54.8586,53.6824,55.1106
2022-08-01,4991436,325254488,65.3,65.6,64.7,65.0,-0.3,3158,0.8401004850406701,54.8586,54.6065,54.3545,55.1106
2022-08-02,7237872,470726499,64.5,65.4,64.2,65.1,0.1,4680,0.8401004850406701,54.1865,54.6905,53.9345,54.9426
2022-08-03,4626789,299450760,65.1,65.3,64.1,64.8,-0.3,3215,0.8401004850406701,54.6905,54.4385,53.8504,54.8586
2022-08-04,7208056,472140463,64.6,66.2,64.5,65.8,1.0,3591,0.8401004850406701,54.2705,55.2786,54.1865,55.6147
2022-08-05,6797648,451467615,66.1,67.0,65.4,66.5,0.7,3530,0.8401004850406701,55.5306,55.8667,54.9426,56.2867
2022-08-08,4756703,315538353,66.5,66.8,65.7,66.5,0.0,3035,0.8401004850406701,55.8667,55.8667,55.1946,56.1187
2022-08-09,8417529,568468141,66.5,68.2,66.2,68.1,1.6,4415,0.8401004850406701,55.8667,57.2108,55.6147,57.2949
2022-08-10,7561276,511499211,67.3,68.2,66.9,67.6,-0.5,3451,0.8401004850406701,56.5388,56.7908,56.2027,57.2949
2022-08-11,7520238,510852737,68.0,68.2,67.3,67.9,0.3,3191,0.8401004850406701,57.1268,57.0428,56.5388,57.2949
2022-08-12,8360192,574896641,68.2,69.4,67.7,69.2,1.3,4566,0.8401004850406701,57.2949,58.135,56.8748,58.303
2022-08-15,9098045,625542877,69.2,69.2,68.3,68.3,-0.9,3715,0.8401004850406701,58.135,57.3789,57.3789,58.135
2022-08-16,7333724,490791260,66.8,67.4,66.2,67.2,0.0,3582,0.8589650168903858,57.3789,57.7224,56.8635,57.8942
2022-08-17,6878566,462633336,66.7,67.7,66.6,67.7,0.5,3493,0.8589650168903858,57.293,58.1519,57.2071,58.1519
2022-08-18,4792818,324085100,67.7,68.1,67.3,67.7,0.0,2663,0.8589650168903858,58.1519,58.1519,57.8083,58.4955
2022-08-19,5077806,343217511,67.6,68.1,67.2,67.7,0.0,2291,0.8589650168903858,58.066,58.1519,57.7224,58.4955
2022-08-22,7032431,460768252,66.7,67.0,65.1,65.2,-2.5,3497,0.8589650168903858,57.293,56.0045,55.9186,57.5507
2022-08-23,5719628,370392964,65.0,65.3,64.5,64.6,-0.6,2230,0.8589650168903858,55.8327,55.4891,55.4032,56.0904
2022-08-24,5647068,367213299,65.3,65.8,64.7,64.9,0.3,2381,0.8589650168903858,56.0904,55.7468,55.575,56.5199
2022-08-25,3881101,251826406,65.4,65.5,64.7,64.8,-0.1,1923,0.8589650168903858,56.1763,55.6609,55.575,56.2622
2022-08-26,4943442,322252886,65.4,65.8,64.7,65.1,0.3,3341,0.8589650168903858,56.1763,55.9186,55.575,56.5199
2022-08-29,5885428,379620487,64.2,65.1,64.1,64.5,-0.6,3144,0.8589650168903858,55.1456,55.4032,55.0597,55.9186
2022-08-30,5115631,333735054,64.4,65.9,64.4,65.3,0.8,2508,0.8589650168903858,55.3173,56.0904,55.3173,56.6058
2022-08-31,7836855,514977609,64.9,66.0,64.9,65.8,0.5,1583,0.8589650168903858,55.7468,56.5199,55.7468,56.6917
2022-09-01,5755678,374120125,64.7,65.8,64.1,65.2,-0.6,3056,0.8589650168903858,55.575,56.0045,55.0597,56.5199
2022-09-02,4495812,295685750,65.2,66.1,65.1,65.6,0.4,2407,0.8589650168903858,56.0045,56.3481,55.9186,56.7776
2022-09-05,8952526,602713181,65.9,67.9,65.9,67.5,1.9,4949,0.8589650168903858,56.6058,57.9801,56.6058,58.3237
2022-09-06,7917493,535947123,67.8,68.4,67.0,67.8,0.3,4244,0.8589650168903858,58.2378,58.2378,57.5507,58.7532
2022-09-07,5852942,394372915,67.1,67.8,66.7,67.2,-0.6,3495,0.8589650168903858,57.6366,57.7224,57.293,58.2378
2022-09-08,5670832,386835273,67.5,68.7,67.4,68.7,1.5,3294,0.8589650168903858,57.9801,59.0109,57.8942,59.0109
2022-09-12,5095451,349728589,69.3,69.6,67.9,68.3,-0.4,3595,0.8589650168903858,59.5263,58.6673,58.3237,59.784
2022-09-13,4570533,314997171,68.8,69.2,68.3,69.2,0.9,2721,0.8589650168903858,59.0968,59.4404,58.6673,59.4404
2022-09-14,6472181,436065122,67.6,68.0,67.0,67.0,-2.2,5646,0.8589650168903858,58.066,57.5507,57.5507,58.4096
2022-09-15,9406459,645474211,67.4,69.4,66.9,69.0,2.0,5296,0.8589650168903858,57.8942,59.2686,57.4648,59.6122
2022-09-16,14434882,984248912,68.1,68.8,67.5,68.1,-0.9,5091,0.8589650168903858,58.4955,58.4955,57.9801,59.0968
2022-09-19,9505703,651434267,68.3,69.0,67.7,68.6,0.5,4553,0.8589650168903858,58.6673,58.925,58.1519,59.2686
2022-09-20,11214830,764870966,68.5,69.0,67.7,68.2,-0.4,5203,0.8589650168903858,58.8391,58.5814,58.1519,59.2686
2022-09-21,9861753,666675673,68.2,68.6,67.0,67.6,-0.6,5848,0.8589650168903858,58.5814,58.066,57.5507,58.925
2022-09-22,13144643,870318975,66.2,67.0,65.5,66.5,-1.1,9701,0.8589650168903858,56.8635,57.1212,56.2622,57.5507
2022-09-23,5257366,349774236,66.4,67.5,65.8,66.3,-0.2,4777,0.8589650168903858,57.0353,56.9494,56.5199,57.9801
2022-09-26,7611389,498631355,65.3,66.2,64.9,65.4,-0.9,3942,0.8589650168903858,56.0904,56.1763,55.7468,56.8635
2022-09-27,5922448,388072022,65.1,66.0,64.9,65.5,0.1,3029,0.8589650168903858,55.9186,56.2622,55.7468,56.6917
2022-09-28,7252651,468313162,65.5,65.9,64.1,64.1,-1.4,3227,0.8589650168903858,56.2622,55.0597,55.0597,56.6058
2022-09-29,8246460,534038566,64.5,65.5,64.3,64.7,0.6,4221,0.8589650168903858,55.4032,55.575,55.2315,56.2622
2022-09-30,7711374,491727623,64.7,64.9,63.1,63.8,-0.9,3361,0.8589650168903858,55.575,54.802,54.2007,55.7468
2022-10-03,4639705,293795365,63.4,63.8,62.9,63.2,-0.6,2437,0.8589650168903858,54.4584,54.2866,54.0289,54.802
2022-10-04,7420182,485417407,63.5,65.8,63.5,65.4,2.2,3716,0.8589650168903858,54.5443,56.1763,54.5443,56.5199
2022-10-05,10195462,679521576,65.2,67.2,65.1,66.7,1.3,4385,0.8589650168903858,56.0045,57.293,55.9186,57.7224
2022-10-06,5337566,354695183,66.9,67.1,66.0,66.4,-0.3,4378,0.8589650168903858,57.4648,57.0353,56.6917,57.6366
2022-10-07,3331433,219073715,65.9,66.4,65.3,65.5,-0.9,2993,0.8589650168903858,56.6058,56.2622,56.0904,57.0353
2022-10-11,9025677,577786480,63.9,64.7,63.4,63.8,-1.7,4507,0.8589650168903858,54.8879,54.802,54.4584,55.575
2022-10-12,8092603,520938450,63.7,65.1,63.7,64.5,0.7,5355,0.8589650168903858,54.7161,55.4032,54.7161,55.9186
2022-10-13,8289188,527897866,64.2,64.5,62.8,63.8,-0.7,3492,0.8589650168903858,55.1456,54.802,53.943,55.4032
2022-10-14,6140911,391453458,64.7,64.7,63.3,63.4,-0.4,3426,0.8589650168903858,55.575,54.4584,54.3725,55.575
2022-10-17,9444655,598801156,64.1,64.5,62.5,63.5,0.1,4418,0.8589650168903858,55.0597,54.5443,53.6853,55.4032
2022-10-18,13067300,814514015,63.7,63.9,61.3,62.7,-0.8,5922,0.8589650168903858,54.7161,53.8571,52.6546,54.8879
2022-10-19,13982689,909840754,62.6,66.0,62.4,65.0,2.3,7137,0.8589650168903858,53.7712,55.8327,53.5994,56.6917
2022-10-20,15436345,981786647,63.6,64.7,62.6,63.7,-1.3,6277,0.8589650168903858,54.6302,54.7161,53.7712,55.575
2022-10-21,11235028,733357917,64.0,65.9,63.5,65.5,1.8,5985,0.8589650168903858,54.9738,56.2622,54.5443,56.6058
2022-10-24,5424362,352985216,65.5,65.9,64.5,64.5,-1.0,4315,0.8589650168903858,56.2622,55.4032,55.4032,56.6058
2022-10-25,10157339,655749733,65.4,66.1,63.6,64.7,0.2,5629,0.8589650168903858,56.1763,55.575,54.6302,56.7776
2022-10-26,6141361,399342165,65.0,65.5,64.0,65.4,0.7,3804,0.8589650168903858,55.8327,56.1763,54.9738,56.2622
2022-10-27,6133458,397270802,64.9,65.6,64.3,64.5,-0.9,3794,0.8589650168903858,55.7468,55.4032,55.2315,56.3481
2022-10-28,3811944,245299633,64.9,65.0,63.8,64.2,-0.3,1883,0.8589650168903858,55.7468,55.1456,54.802,55.8327
2022-10-31,5091010,326577984,64.9,65.0,63.5,64.0,-0.2,2418,0.8589650168903858,55.7468,54.9738,54.5443,55.8327
2022-11-01,9523953,627531729,64.4,66.9,63.9,66.7,2.7,5146,0.8589650168903858,55.3173,57.293,54.8879,57.4648
2022-11-02,6187836,409673139,66.3,66.6,65.8,66.4,-0.3,4676,0.8589650168903858,56.9494,57.0353,56.5199,57.2071
2022-11-03,4688704,310239783,65.4,66.7,65.4,66.4,0.0,2986,0.8589650168903858,56.1763,57.0353,56.1763,57.293
2022-11-04,4206808,277626889,66.6,66.6,65.4,66.4,0.0,3043,0.8589650168903858,57.2071,57.0353,56.1763,57.2071
2022-11-07,4630966,309341292,66.3,67.2,66.1,67.0,0.6,2816,0.8589650168903858,56.9494,57.5507,56.7776,57.7224
2022-11-08,6098800,407142608,66.9,67.1,66.3,67.0,0.0,4106,0.8589650168903858,57.4648,57.5507,56.9494,57.6366
2022-11-09,4560002,303760268,66.6,67.2,66.3,66.6,-0.4,3077,0.8589650168903858,57.2071,57.2071,56.9494,57.7224
2022-11-10,5324004,349196238,67.0,67.1,65.1,65.6,-1.0,3709,0.8589650168903858,57.5507,56.3481,55.9186,57.6366
2022-11-11,5700769,376953997,66.6,66.7,65.8,65.9,0.3,3315,0.8589650168903858,57.2071,56.6058,56.5199,57.293
2022-11-14,5726243,382779649,66.7,67.2,66.3,67.1,1.2,3362,0.8589650168903858,57.293,57.6366,56.9494,57.7224
2022-11-15,9062386,598116709,66.3,66.8,64.8,66.7,-0.4,5562,0.8589650168903858,56.9494,57.293,55.6609,57.3789
2022-11-16,8110154,547403911,66.5,68.4,66.0,67.6,0.9,4412,0.8589650168903858,57.1212,58.066,56.6917,58.7532
2022-11-17,6442840,431549085,67.2,67.6,66.5,67.5,-0.1,3796,0.8589650168903858,57.7224,57.9801,57.1212,58.066
2022-11-18,5308145,356536981,67.0,67.5,66.8,67.4,-0.1,2841,0.8589650168903858,57.5507,57.8942,57.3789,57.9801
2022-11-21,8179180,539135622,66.9,67.3,65.4,65.7,-1.7,4813,0.8589650168903858,57.4648,56.434,56.1763,57.8083
2022-11-22,9335484,599281334,65.2,65.2,63.7,64.1,-1.6,5996,0.8589650168903858,56.0045,55.0597,54.7161,56.0045
2022-11-23,10146846,644999477,63.7,64.4,63.0,64.1,0.0,6824,0.8589650168903858,54.7161,55.0597,54.1148,55.3173
2022-11-24,7738102,501823476,64.6,66.1,64.0,66.1,2.0,4370,0.8589650168903858,55.4891,56.7776,54.9738,56.7776
2022-11-25,8604997,557091263,65.3,65.5,64.3,64.5,-1.6,4436,0.8589650168903858,56.0904,55.4032,55.2315,56.2622
2022-11-28,7550347,489421004,64.1,65.5,64.1,65.5,1.0,4101,0.8589650168903858,55.0597,56.2622,55.0597,56.2622
2022-11-29,7114940,465357151,65.3,66.2,64.7,65.6,0.1,4131,0.8589650168903858,56.0904,56.3481,55.575,56.8635
2022-11-30,17187493,1125004678,65.3,65.7,64.6,65.6,0.0,4361,0.8589650168903858,56.0904,56.3481,55.4891,56.434
2022-12-01,8140357,533320956,65.7,65.9,65.1,65.8,0.2,4737,0.8589650168903858,56.434,56.5199,55.9186,56.6058
2022-12-02,8251369,537902552,65.8,65.8,64.8,65.1,-0.7,4200,0.8589650168903858,56.5199,55.9186,55.6609,56.5199
2022-12-05,7478610,485949521,64.9,65.3,64.3,65.3,0.2,5138,0.8589650168903858,55.7468,56.0904,55.2315,56.0904
2022-12-06,6895586,452632754,65.3,66.0,64.8,65.8,0.5,4068,0.8589650168903858,56.0904,56.5199,55.6609,56.6917
2022-12-07,17428833,1104452967,65.2,65.3,62.6,62.6,-3.2,10499,0.8589650168903858,56.0045,53.7712,53.7712,56.0904
2022-12-08,9733063,612014190,62.6,63.3,62.1,63.1,0.5,4989,0.8589650168903858,53.7712,54.2007,53.3417,54.3725
2022-12-09,6741241,427583314,63.5,63.8,62.6,63.7,0.6,3632,0.8589650168903858,54.5443,54.7161,53.7712,54.802
2022-12-12,5718405,364159213,63.2,64.0,63.2,64.0,0.3,2996,0.8589650168903858,54.2866,54.9738,54.2866,54.9738
2022-12-13,7178979,455903992,64.0,64.2,63.2,63.4,-0.6,4118,0.8589650168903858,54.9738,54.4584,54.2866,55.1456
2022-12-14,8147003,526310819,64.1,65.1,63.7,65.1,1.7,4356,0.8589650168903858,55.0597,55.9186,54.7161,55.9186
2022-12-15,5600031,364200028,64.9,65.4,64.4,65.1,0.0,3509,0.8589650168903858,55.7468,55.9186,55.3173,56.1763
2022-12-16,30914170,2001263920,64.2,65.2,63.9,65.2,0.1,11929,0.8589650168903858,55.1456,56.0045,54.8879,56.0045
2022-12-19,27315695,1753534009,64.8,65.1,63.7,64.2,-1.0,9300,0.8589650168903858,55.6609,55.1456,54.7161,55.9186
2022-12-20,28037009,1777185864,64.2,64.5,62.8,63.2,-1.0,9121,0.8589650168903858,55.1456,54.2866,53.943,55.4032
2022-12-21,27943561,1767384290,63.0,63.8,62.9,63.3,0.1,9568,0.8589650168903858,54.1148,54.3725,54.0289,54.802
2022-12-22,25503637,1635413519,63.9,64.5,63.4,64.3,1.0,7914,0.8589650168903858,54.8879,55.2315,54.4584,55.4032
2022-12-23,4677652,297961686,63.5,64.0,63.1,64.0,-0.3,2468,0.8589650168903858,54.5443,54.9738,54.2007,54.9738
2022-12-26,1395180,89220578,64.3,64.3,63.7,64.0,0.0,1180,0.8589650168903858,55.2315,54.9738,54.7161,55.2315
2022-12-27,2311506,148211993,64.3,64.5,63.8,64.0,0.0,1405,0.8589650168903858,55.2315,54.9738,54.802,55.4032
2022-12-28,3280382,208669560,64.0,64.2,63.3,63.6,-0.4,2110,0.8589650168903858,54.9738,54.6302,54.3725,55.1456
2022-12-29,4669741,295358092,63.5,63.7,62.8,63.5,-0.1,2594,0.8589650168903858,54.5443,54.5443,53.943,54.7161
2022-12-30,3058875,195602671,63.8,64.4,63.7,63.8,0.3,1309,0.8589650168903858,54.802,54.802,54.7161,55.3173
2023-01-03,3480692,223536742,63.8,64.7,63.7,64.2,0.4,2124,0.8589650168903858,54.802,55.1456,54.7161,55.575
2023-01-04,2607691,167214647,64.4,64.5,63.9,63.9,-0.3,1664,0.8589650168903858,55.3173,54.8879,54.8879,55.4032
2023-01-05,5079597,328909950,64.2,65.1,64.2,64.9,1.0,2795,0.8589650168903858,55.1456,55.7468,55.1456,55.9186
2023-01-06,2370394,153618752,64.8,65.1,64.5,64.7,-0.2,1890,0.8589650168903858,55.6609,55.575,55.4032,55.9186
2023-01-09,8695464,566620991,65.5,65.8,64.8,65.0,0.3,3823,0.8589650168903858,56.2622,55.8327,55.6609,56.5199
2023-01-10,6600543,434364633,65.2,66.1,65.2,66.1,1.1,3476,0.8589650168903858,56.0045,56.7776,56.0045,56.7776
2023-01-11,6182926,404159753,65.7,66.1,65.1,65.1,-1.0,3726,0.8589650168903858,56.434,55.9186,55.9186,56.7776
2023-01-12,5890316,383684711,65.1,65.8,64.7,65.0,-0.1,3014,0.8589650168903858,55.9186,55.8327,55.575,56.5199
2023-01-13,4280552,278923040,65.4,65.8,64.6,65.1,0.1,2562,0.8589650168903858,56.1763,55.9186,55.4891,56.5199
2023-01-16,3190175,208062685,65.2,65.7,64.7,65.0,-0.1,2144,0.8589650168903858,56.0045,55.8327,55.575,56.434
2023-01-17,5486542,360089772,65.0,65.9,65.0,65.7,0.7,3277,0.8589650168903858,55.8327,56.434,55.8327,56.6058
2023-01-30,13511119,908200266,68.9,68.9,66.0,67.5,1.8,6741,0.8589650168903858,59.1827,57.9801,56.6917,59.1827
2023-01-31,8303528,555639969,66.9,67.9,66.0,66.4,-1.1,4612,0.8589650168903858,57.4648,57.0353,56.6917,58.3237
2023-02-01,4470978,297321697,67.0,67.0,66.1,66.4,0.0,2884,0.8589650168903858,57.5507,57.0353,56.7776,57.5507
2023-02-02,6231327,417671403,67.1,67.8,66.6,67.0,0.6,3762,0.8589650168903858,57.6366,57.5507,57.2071,58.2378
2023-02-03,6372513,432463856,67.1,68.4,66.7,68.2,1.2,4141,0.8589650168903858,57.6366,58.5814,57.293,58.7532
2023-02-06,5858526,400841485,67.5,68.8,67.5,68.3,0.1,3166,0.8589650168903858,57.9801,58.6673,57.9801,59.0968
2023-02-07,4577771,313682654,68.7,68.9,68.1,68.7,0.4,2433,0.8589650168903858,59.0109,59.0109,58.4955,59.1827
2023-02-08,5231755,363021448,68.9,69.7,68.9,69.4,0.7,3064,0.8589650168903858,59.1827,59.6122,59.1827,59.8699
2023-02-09,6884501,483752650,69.2,70.7,69.1,70.3,0.9,4000,0.8589650168903858,59.4404,60.3852,59.3545,60.7288
2023-02-10,6071950,423841176,69.9,70.3,69.2,69.5,-0.8,6174,0.8589650168903858,60.0417,59.6981,59.4404,60.3852
2023-02-13,4170361,290421126,69.2,69.9,69.1,69.6,0.1,2226,0.8589650168903858,59.4404,59.784,59.3545,60.0417
2023-02-14,3500069,243694416,70.0,70.1,69.3,69.6,0.0,2546,0.8589650168903858,60.1276,59.784,59.5263,60.2134
2023-02-15,3489614,241490482,69.9,70.0,68.8,69.1,-0.5,3452,0.8589650168903858,60.0417,59.3545,59.0968,60.1276
2023-02-16,6360129,444401071,69.4,70.3,69.3,70.0,0.9,3027,0.8589650168903858,59.6122,60.1276,59.5263,60.3852
2023-02-17,2653189,185837791,69.6,70.3,69.5,70.1,0.1,1890,0.8589650168903858,59.784,60.2134,59.6981,60.3852
2023-02-20,3736938,262135225,69.7,70.4,69.7,70.4,0.3,3713,0.8589650168903858,59.8699,60.4711,59.8699,60.4711
2023-02-21,4696660,328261269,70.0,70.1,69.7,69.8,-0.6,3785,0.8589650168903858,60.1276,59.9558,59.8699,60.2134
2023-02-22,8849309,615517131,69.6,70.3,69.1,69.4,-0.4,9240,0.8589650168903858,59.784,59.6122,59.3545,60.3852
2023-02-23,8074025,562448075,69.5,70.4,69.3,69.5,0.1,8873,0.8589650168903858,59.6981,59.6981,59.5263,60.4711
2023-02-24,13851965,962754539,69.5,69.9,69.2,69.5,0.0,6110,0.8589650168903858,59.6981,59.6981,59.4404,60.0417
2023-03-01,6807385,472132536,70.0,70.0,69.1,69.2,-0.3,4626,0.8589650168903858,60.1276,59.4404,59.3545,60.1276
2023-03-02,10632531,758265479,69.7,72.1,69.4,71.8,2.6,6731,0.8589650168903858,59.8699,61.6737,59.6122,61.9314
2023-03-03,10323618,750965465,72.2,73.3,71.9,72.7,0.9,6222,0.8589650168903858,62.0173,62.4468,61.7596,62.9621
2023-03-06,12111978,895884511,73.2,74.5,72.8,74.3,1.6,8376,0.8589650168903858,62.8762,63.8211,62.5327,63.9929
2023-03-07,10478588,788200096,74.5,75.9,74.4,75.3,1.0,5547,0.8589650168903858,63.9929,64.6801,63.907,65.1954
2023-03-08,14849041,1113020869,74.0,75.4,74.0,75.0,-0.3,8689,0.8589650168903858,63.5634,64.4224,63.5634,64.766
2023-03-09,10033527,745781818,75.3,75.4,73.5,73.6,-1.4,8044,0.8589650168903858,64.6801,63.2198,63.1339,64.766
2023-03-10,8336444,608911067,72.7,73.5,72.4,73.1,-0.5,7016,0.8589650168903858,62.4468,62.7903,62.1891,63.1339
2023-03-13,14169289,1050877920,73.1,75.1,72.5,74.4,1.3,8223,0.8589650168903858,62.7903,63.907,62.275,64.5083
2023-03-14,15658195,1166632347,73.8,75.1,72.8,74.2,-0.2,8046,0.8589650168903858,63.3916,63.7352,62.5327,64.5083
2023-03-15,12334932,917976183,74.2,75.1,73.7,74.1,-0.1,7395,0.8589650168903858,63.7352,63.6493,63.3057,64.5083
2023-03-16,10000997,703348329,70.8,71.4,69.5,70.0,0.0,5689,0.8952082665482082,63.3807,62.6646,62.217,63.9179
2023-03-17,15978495,1122305700,70.9,70.9,69.5,70.5,0.5,4951,0.8952082665482082,63.4703,63.1122,62.217,63.4703
2023-03-20,3184156,222684838,70.7,70.7,69.7,69.8,-0.7,2447,0.8952082665482082,63.2912,62.4855,62.396,63.2912
2023-03-21,3818047,265766207,70.2,70.2,69.4,69.6,-0.2,2933,0.8952082665482082,62.8436,62.3065,62.1275,62.8436
2023-03-22,5126035,363108108,70.2,71.3,69.7,71.0,1.4,3012,0.8952082665482082,62.8436,63.5598,62.396,63.8283
2023-03-23,4245594,301755906,71.1,71.4,70.5,71.3,0.3,2720,0.8952082665482082,63.6493,63.8283,63.1122,63.9179
2023-03-24,5982122,431881699,71.5,72.7,71.2,72.3,1.0,3424,0.8952082665482082,64.0074,64.7236,63.7388,65.0816
2023-03-27,6845726,499819449,71.9,73.8,71.9,73.0,0.7,4316,0.8952082665482082,64.3655,65.3502,64.3655,66.0664
2023-03-28,10470780,764621967,73.1,73.7,72.4,72.7,-0.3,5703,0.8952082665482082,65.4397,65.0816,64.8131,65.9768
2023-03-29,8468652,615697799,72.5,73.3,72.1,73.0,0.3,5199,0.8952082665482082,64.9026,65.3502,64.5445,65.6188
2023-03-30,4002071,292705587,73.1,73.5,72.5,73.5,0.5,2531,0.8952082665482082,65.4397,65.7978,64.9026,65.7978
2023-03-31,4940933,362724303,73.1,73.7,73.1,73.3,-0.2,2515,0.8952082665482082,65.4397,65.6188,65.4397,65.9768
2023-04-06,6921954,512144673,73.9,74.4,73.1,74.4,1.1,4701,0.8952082665482082,66.1559,66.6035,65.4397,66.6035
2023-04-07,2906631,213878095,74.4,74.4,73.2,73.2,-1.2,3303,0.8952082665482082,66.6035,65.5292,65.5292,66.6035
2023-04-10,4136636,303866432,73.2,73.9,73.1,73.4,0.2,3189,0.8952082665482082,65.5292,65.7083,65.4397,66.1559
2023-04-11,6533450,482054569,73.6,74.3,73.4,73.8,0.4,4641,0.8952082665482082,65.8873,66.0664,65.7083,66.514
2023-04-12,4933739,366364895,73.9,74.6,73.4,74.6,0.8,3638,0.8952082665482082,66.1559,66.7825,65.7083,66.7825
2023-04-13,5245538,392417330,74.6,75.5,74.2,74.4,-0.2,4337,0.8952082665482082,66.7825,66.6035,66.4245,67.5882
2023-04-14,9096745,693246690,74.6,77.3,74.4,76.3,1.9,6631,0.8952082665482082,66.7825,68.3044,66.6035,69.1996
2023-04-17,9093464,684098003,75.5,75.9,74.6,75.3,-1.0,8695,0.8952082665482082,67.5882,67.4092,66.7825,67.9463
2023-04-18,10469215,770894832,74.8,75.2,72.8,73.6,-1.7,6926,0.8952082665482082,66.9616,65.8873,65.1712,67.3197
2023-04-19,6301530,462867374,73.6,74.5,72.9,73.2,-0.4,3971,0.8952082665482082,65.8873,65.5292,65.2607,66.693
2023-04-20,4631168,338636104,73.2,73.6,72.7,72.9,-0.3,3133,0.8952082665482082,65.5292,65.2607,65.0816,65.8873
2023-04-21,9957737,730749963,72.9,74.1,72.5,73.2,0.3,5676,0.8952082665482082,65.2607,65.5292,64.9026,66.3349
2023-04-24,9028350,652923399,72.7,73.0,71.6,72.0,-1.2,5361,0.8952082665482082,65.0816,64.455,64.0969,65.3502
2023-04-25,11405065,820882509,72.2,73.4,71.2,71.8,-0.2,6684,0.8952082665482082,64.634,64.276,63.7388,65.7083
2023-04-26,9647925,693995976,71.6,72.4,71.5,72.2,0.4,5480,0.8952082665482082,64.0969,64.634,64.0074,64.8131
2023-04-27,9524574,697524562,71.9,74.0,71.6,73.3,1.1,5576,0.8952082665482082,64.3655,65.6188,64.0969,66.2454
2023-04-28,6946194,509213755,73.8,74.4,72.5,73.5,0.2,3820,0.8952082665482082,66.0664,65.7978,64.9026,66.6035
2023-05-02,8058713,606393209,73.6,75.9,73.6,75.9,2.4,5572,0.8952082665482082,65.8873,67.9463,65.8873,67.9463
2023-05-03,5436359,408950787,75.1,75.9,74.5,75.4,-0.5,4407,0.8952082665482082,67.2301,67.4987,66.693,67.9463
2023-05-04,5399539,408894677,75.0,76.2,74.6,76.0,0.6,3610,0.8952082665482082,67.1406,68.0358,66.7825,68.2149
2023-05-05,6138610,467452751,76.0,76.6,75.6,76.2,0.2,4232,0.8952082665482082,68.0358,68.2149,67.6777,68.573
2023-05-08,6394597,490396191,76.2,77.2,75.9,76.9,0.7,4571,0.8952082665482082,68.2149,68.8415,67.9463,69.1101
2023-05-09,4129242,315674554,76.6,76.9,75.7,76.6,-0.3,3675,0.8952082665482082,68.573,68.573,67.7673,68.8415
2023-05-10,5088534,386986851,76.6,76.6,75.1,76.6,0.0,3676,0.8952082665482082,68.573,68.573,67.2301,68.573
2023-05-11,4980505,383197802,76.6,77.3,76.5,77.2,0.6,3408,0.8952082665482082,68.573,69.1101,68.4834,69.1996
2023-05-12,4332979,329829976,76.7,76.7,75.8,76.1,-1.1,4638,0.8952082665482082,68.6625,68.1253,67.8568,68.6625
2023-05-15,4279400,326009281,75.9,76.8,75.3,76.4,0.3,2455,0.8952082665482082,67.9463,68.3939,67.4092,68.752
2023-05-16,10606787,826780354,77.0,78.7,76.2,78.6,2.2,7380,0.8952082665482082,68.931,70.3634,68.2149,70.4529
2023-05-17,9996925,801331184,78.6,80.8,78.5,80.5,1.9,7355,0.8952082665482082,70.3634,72.0643,70.2738,72.3328
2023-05-18,8419735,688235354,80.7,82.4,80.6,82.0,1.5,6078,0.8952082665482082,72.2433,73.4071,72.1538,73.7652
2023-05-19,6730876,549668247,82.0,82.2,80.7,81.9,-0.1,5080,0.8952082665482082,73.4071,73.3176,72.2433,73.5861
2023-05-22,7251947,590206555,81.1,82.6,80.5,81.4,-0.5,5922,0.8952082665482082,72.6014,72.87,72.0643,73.9442
2023-05-23,8745824,699188789,80.6,80.7,79.1,80.2,-1.2,10436,0.8952082665482082,72.1538,71.7957,70.811,72.2433
2023-05-24,9167248,730281529,80.1,80.1,79.3,79.8,-0.4,7634,0.8952082665482082,71.7062,71.4376,70.99,71.7062
2023-05-25,9749958,780425763,79.3,80.7,78.7,80.7,0.9,5712,0.8952082665482082,70.99,72.2433,70.4529,72.2433
2023-05-26,14733743,1224801562,80.6,84.5,80.5,83.3,2.6,9410,0.8952082665482082,72.1538,74.5708,72.0643,75.6451
2023-05-29,16240694,1401659134,84.5,87.6,84.4,86.4,3.1,10760,0.8952082665482082,75.6451,77.346,75.5556,78.4202
2023-05-30,14562055,1258304699,85.5,87.2,85.1,86.7,0.3,8408,0.8952082665482082,76.5403,77.6146,76.1822,78.0622
2023-05-31,38949089,3431309423,87.0,89.0,85.6,89.0,2.3,15367,0.8952082665482082,77.8831,79.6735,76.6298,79.6735
2023-06-01,13653349,1188281772,87.8,88.2,86.2,86.2,-2.8,11343,0.8952082665482082,78.5993,77.167,77.167,78.9574
2023-06-02,18726903,1665962344,86.4,90.9,86.3,89.8,3.6,10772,0.8952082665482082,77.346,80.3897,77.2565,81.3744
2023-06-05,25657497,2399804254,93.4,96.0,89.6,96.0,6.2,15253,0.8952082665482082,83.6125,85.94,80.2107,85.94
2023-06-06,11768510,1099276351,94.0,94.1,92.0,93.9,-2.1,9719,0.8952082665482082,84.1496,84.0601,82.3592,84.2391
2023-06-07,18787045,1797427362,95.2,97.5,93.6,96.2,2.3,9345,0.8952082665482082,85.2238,86.119,83.7915,87.2828
2023-06-08,13880851,1308302158,95.0,95.8,92.5,93.8,-2.4,11899,0.8952082665482082,85.0448,83.9705,82.8068,85.761
2023-06-09,19050191,1837700550,94.7,99.0,93.3,97.6,3.8,11278,0.8952082665482082,84.7762,87.3723,83.5229,88.6256
2023-06-12,27723121,2912149351,101.0,107.0,101.0,103.0,5.4,14932,0.8952082665482082,90.416,92.2065,90.416,95.7873
2023-06-13,20428066,2098372281,104.0,104.5,101.0,103.0,0.0,11151,0.8952082665482082,93.1017,92.2065,90.416,93.5493
2023-06-14,25777250,2629781238,101.5,105.5,99.9,101.0,-2.0,11284,0.8952082665482082,90.8636,90.416,89.4313,94.4445
2023-06-15,36268766,3966251014,104.5,111.0,103.5,111.0,10.0,14245,0.8952082665482082,93.5493,99.3681,92.6541,99.3681
2023-06-16,71062705,7632468669,112.0,112.0,104.0,105.0,-6.0,27584,0.8952082665482082,100.2633,93.9969,93.1017,100.2633
2023-06-19,40342671,4356272811,105.0,111.5,103.0,107.0,2.0,18759,0.8952082665482082,93.9969,95.7873,92.2065,99.8157
2023-06-20,31960154,3370998183,106.0,107.0,104.5,105.0,-2.0,12531,0.8952082665482082,94.8921,93.9969,93.5493,95.7873
2023-06-21,24687741,2579837730,103.5,107.0,102.0,105.0,0.0,10862,0.8952082665482082,92.6541,93.9969,91.3112,95.7873
2023-06-26,23830194,2397288233,102.0,102.5,98.8,101.0,-4.0,10902,0.8952082665482082,91.3112,90.416,88.4466,91.7588
2023-06-27,17198830,1717334208,100.0,101.5,98.6,99.3,-1.7,8249,0.8952082665482082,89.5208,88.8942,88.2675,90.8636
2023-06-28,17100392,1719568887,99.5,102.5,98.9,100.0,0.7,8513,0.8952082665482082,89.0732,89.5208,88.5361,91.7588
2023-06-29,13028915,1327385619,100.0,103.0,100.0,102.0,2.0,6571,0.8952082665482082,89.5208,91.3112,89.5208,92.2065
2023-06-30,17223325,1774283770,101.5,105.0,100.5,103.5,1.5,7510,0.8952082665482082,90.8636,92.6541,89.9684,93.9969
2023-07-03,47622595,5324409452,108.0,113.5,106.5,113.5,10.0,17703,0.8952082665482082,96.6825,101.6061,95.3397,101.6061
2023-07-04,65814478,7753736667,115.5,121.0,114.0,119.0,5.5,30762,0.8952082665482082,103.3966,106.5298,102.0537,108.3202
2023-07-05,32730722,3785915053,119.0,119.0,112.0,115.0,-4.0,15683,0.8952082665482082,106.5298,102.949,100.2633,106.5298
2023-07-06,40482336,4669879573,112.0,118.5,111.5,114.5,-0.5,15774,0.8952082665482082,100.2633,102.5013,99.8157,106.0822
2023-07-07,35589290,3989254033,112.0,116.0,110.0,111.0,-3.5,15959,0.8952082665482082,100.2633,99.3681,98.4729,103.8442
2023-07-10,29036905,3280000895,111.5,115.5,110.5,112.0,1.0,11524,0.8952082665482082,99.8157,100.2633,98.9205,103.3966
2023-07-11,62502074,7478349513,115.0,123.0,114.0,120.0,8.0,26856,0.8952082665482082,102.949,107.425,102.0537,110.1106
2023-07-12,92020659,11570418301,123.0,129.0,122.0,126.5,6.5,43726,0.8952082665482082,110.1106,113.2438,109.2154,115.4819
2023-07-13,111674529,14930703895,129.0,139.0,127.5,134.0,7.5,45486,0.8952082665482082,115.4819,119.9579,114.1391,124.4339
2023-07-14,123994021,17226242389,138.5,146.0,130.0,144.0,10.0,62995,0.8952082665482082,123.9863,128.91,116.3771,130.7004
2023-07-17,94853440,14018332725,141.0,153.5,140.0,145.5,1.5,49519,0.8952082665482082,126.2244,130.2528,125.3292,137.4145
2023-07-18,103368120,14658212457,150.5,151.0,131.5,139.5,-6.0,49499,0.8952082665482082,134.7288,124.8816,117.7199,135.1764
2023-07-19,60724371,8453856746,143.5,144.5,135.5,136.5,-3.0,28976,0.8952082665482082,128.4624,122.1959,121.3007,129.3576
2023-07-20,42802722,5930917964,137.0,140.5,134.5,139.0,2.5,20855,0.8952082665482082,122.6435,124.4339,120.4055,125.7768
2023-07-21,83226164,11898184249,134.5,149.5,134.0,146.0,7.0,40295,0.8952082665482082,120.4055,130.7004,119.9579,133.8336
2023-07-24,102672648,15189806059,149.5,151.5,142.0,149.0,3.0,51528,0.8952082665482082,133.8336,133.386,127.1196,135.6241
2023-07-25,117101629,17147807413,151.5,154.0,139.0,142.0,-7.0,55319,0.8952082665482082,135.6241,127.1196,124.4339,137.8621
2023-07-26,80309008,11687011512,142.0,149.5,139.0,146.5,4.5,39940,0.8952082665482082,127.1196,131.148,124.4339,133.8336
2023-07-27,64735092,9533265872,149.5,151.0,144.0,145.0,-1.5,34394,0.8952082665482082,133.8336,129.8052,128.91,135.1764
2023-07-28,111259689,16730004735,146.0,159.5,140.0,159.5,14.5,52043,0.8952082665482082,130.7004,142.7857,125.3292,142.7857
2023-07-31,221244282,35617737855,170.0,174.5,145.0,150.5,-9.0,104410,0.8952082665482082,152.1854,134.7288,129.8052,156.2138
2023-08-01,111508869,16919329242,150.5,156.0,146.0,154.0,3.5,60794,0.8952082665482082,134.7288,137.8621,130.7004,139.6525
2023-08-02,106345892,15327814084,155.0,156.0,139.0,139.0,-15.0,52796,0.8952082665482082,138.7573,124.4339,124.4339,139.6525
2023-08-04,106985504,14862393806,133.0,143.5,131.0,140.0,1.0,49832,0.8952082665482082,119.0627,125.3292,117.2723,128.4624
2023-08-07,123120650,17896237008,140.5,151.0,137.5,148.0,8.0,65593,0.8952082665482082,125.7768,132.4908,123.0911,135.1764
2023-08-08,90094356,12803796581,147.0,148.5,137.0,143.0,-5.0,51379,0.8952082665482082,131.5956,128.0148,122.6435,132.9384
2023-08-09,47202120,6628211607,138.5,143.5,137.0,141.0,-2.0,24447,0.8952082665482082,123.9863,126.2244,122.6435,128.4624
2023-08-10,56006090,7612537194,138.5,140.5,130.0,139.0,-2.0,30228,0.8952082665482082,123.9863,124.4339,116.3771,125.7768
2023-08-11,33082090,4591074036,141.0,142.0,136.5,137.0,-2.0,19456,0.8952082665482082,126.2244,122.6435,122.1959,127.1196
2023-08-14,29464428,4039100145,134.0,140.5,134.0,136.5,-0.5,15923,0.8952082665482082,119.9579,122.1959,119.9579,125.7768
2023-08-15,47245866,6754007301,141.5,146.0,140.0,143.5,7.0,25962,0.8952082665482082,126.672,128.4624,125.3292,130.7004
2023-08-16,43273106,6227964321,140.5,147.0,140.0,147.0,0.0,25336,0.9078613869234478,127.5545,133.4556,127.1006,133.4556
2023-08-17,46495223,6866811355,145.0,151.0,143.5,150.0,3.0,26593,0.9078613869234478,131.6399,136.1792,130.2781,137.0871
2023-08-18,50951644,7494945969,150.0,153.0,142.0,146.0,-4.0,30078,0.9078613869234478,136.1792,132.5478,128.9163,138.9028
2023-08-21,36667984,5282274500,147.5,149.0,140.5,144.0,-2.0,21294,0.9078613869234478,133.9096,130.732,127.5545,135.2713
2023-08-22,67790319,10198415231,149.0,154.0,146.0,149.0,5.0,39200,0.9078613869234478,135.2713,135.2713,132.5478,139.8107
2023-08-23,35502749,5244949233,149.5,150.0,145.0,148.5,-0.5,28817,0.9078613869234478,135.7253,134.8174,131.6399,136.1792
2023-08-24,70560896,10829052788,155.0,157.5,149.5,151.5,3.0,40607,0.9078613869234478,140.7185,137.541,135.7253,142.9882
2023-08-25,35518163,5236340560,147.0,151.0,144.5,145.0,-6.5,23658,0.9078613869234478,133.4556,131.6399,131.186,137.0871
2023-08-28,35722734,4996463723,146.0,146.0,136.5,138.5,-6.5,22518,0.9078613869234478,132.5478,125.7388,123.9231,132.5478
2023-08-29,24396296,3438849140,140.5,143.5,138.0,141.5,3.0,13226,0.9078613869234478,127.5545,128.4624,125.2849,130.2781
2023-08-30,32063885,4495275870,145.0,145.5,137.5,138.5,-3.0,20337,0.9078613869234478,131.6399,125.7388,124.8309,132.0938
2023-08-31,44638042,6087489561,136.0,138.5,134.0,137.0,-1.5,20065,0.9078613869234478,123.4691,124.377,121.6534,125.7388
2023-09-01,30383754,4105808985,138.0,139.0,133.0,134.5,-2.5,17915,0.9078613869234478,125.2849,122.1074,120.7456,126.1927
2023-09-04,27074894,3621866021,135.5,136.5,132.0,134.0,-0.5,16140,0.9078613869234478,123.0152,121.6534,119.8377,123.9231
2023-09-05,34391585,4557785215,133.0,134.5,130.0,134.0,0.0,18505,0.9078613869234478,120.7456,121.6534,118.022,122.1074
2023-09-06,18225477,2457179854,134.0,137.0,133.5,134.5,0.5,11446,0.9078613869234478,121.6534,122.1074,121.1995,124.377
2023-09-07,16518776,2220627876,133.5,136.0,132.0,134.0,-0.5,9333,0.9078613869234478,121.1995,121.6534,119.8377,123.4691
2023-09-08,23165080,3130829675,135.0,137.5,133.5,134.5,0.5,14362,0.9078613869234478,122.5613,122.1074,121.1995,124.8309
2023-09-11,35428716,4539440750,134.5,135.0,125.0,127.5,-7.0,21476,0.9078613869234478,122.1074,115.7523,113.4827,122.5613
2023-09-12,28806894,3610417454,127.0,127.5,123.5,125.0,-2.5,16986,0.9078613869234478,115.2984,113.4827,112.1209,115.7523
2023-09-13,29448939,3638535420,124.5,126.0,121.5,124.0,-1.0,14916,0.9078613869234478,113.0287,112.5748,110.3052,114.3905
2023-09-14,28073176,3562334516,126.0,129.5,125.0,126.5,2.5,15712,0.9078613869234478,114.3905,114.8445,113.4827,117.568
2023-09-15,55235313,6999794295,128.0,129.5,126.0,126.0,-0.5,13929,0.9078613869234478,116.2063,114.3905,114.3905,117.568
2023-09-18,34996536,4231476501,123.0,123.0,119.5,121.0,-5.0,18072,0.9078613869234478,111.667,109.8512,108.4894,111.667
2023-09-19,22669002,2746507249,121.5,124.0,119.5,120.0,-1.0,12034,0.9078613869234478,110.3052,108.9434,108.4894,112.5748
2023-09-20,24274399,2935844125,120.5,124.0,119.5,120.0,0.0,14125,0.9078613869234478,109.3973,108.9434,108.4894,112.5748
2023-09-21,19021438,2251649334,119.0,120.0,116.5,119.0,-1.0,10773,0.9078613869234478,108.0355,108.0355,105.7659,108.9434
2023-09-22,17629827,2095940821,117.5,120.5,116.0,120.0,1.0,10966,0.9078613869234478,106.6737,108.9434,105.3119,109.3973
2023-09-25,10691232,1282350763,120.0,121.0,118.5,120.0,0.0,6342,0.9078613869234478,108.9434,108.9434,107.5816,109.8512
2023-09-26,12848748,1547546251,120.0,122.0,119.0,120.0,0.0,7436,0.9078613869234478,108.9434,108.9434,108.0355,110.7591
2023-09-27,15237043,1811516926,119.0,120.0,116.5,120.0,0.0,8113,0.9078613869234478,108.0355,108.9434,105.7659,108.9434
2023-09-28,25024415,3037739539,121.0,124.0,119.0,121.5,1.5,14115,0.9078613869234478,109.8512,110.3052,108.0355,112.5748
2023-10-02,34454255,4305371194,122.0,128.0,120.5,125.5,4.0,19352,0.9078613869234478,110.7591,113.9366,109.3973,116.2063
2023-10-03,19080860,2368742655,125.5,127.0,122.5,123.0,-2.5,10255,0.9078613869234478,113.9366,111.667,111.213,115.2984
2023-10-04,14501826,1747360781,120.5,121.5,119.0,121.0,-2.0,8289,0.9078613869234478,109.3973,109.8512,108.0355,110.3052
2023-10-05,13384118,1624568091,122.0,122.5,120.5,121.5,0.5,7135,0.9078613869234478,110.7591,110.3052,109.3973,111.213
2023-10-06,16894372,2045703090,123.0,124.5,119.0,119.5,-2.0,10076,0.9078613869234478,111.667,108.4894,108.0355,113.0287
2023-10-11,32199627,3913912311,123.5,125.5,119.5,119.5,0.0,14895,0.9078613869234478,112.1209,108.4894,108.4894,113.9366
2023-10-12,15426590,1890819432,121.5,124.0,120.5,122.5,3.0,8397,0.9078613869234478,110.3052,111.213,109.3973,112.5748
2023-10-13,35187208,4091706086,121.0,121.5,113.5,115.5,-7.0,23216,0.9078613869234478,109.8512,104.858,103.0423,110.3052
2023-10-16,17853283,2023956277,114.0,115.0,112.5,113.0,-2.5,9395,0.9078613869234478,103.4962,102.5883,102.1344,104.4041
2023-10-17,38946532,4283544596,112.5,114.0,108.0,109.5,-3.5,21147,0.9078613869234478,102.1344,99.4108,98.049,103.4962
2023-10-18,35317767,3744417681,107.5,109.5,103.5,106.0,-3.5,16902,0.9078613869234478,97.5951,96.2333,93.9637,99.4108
2023-10-19,17654007,1878759776,105.5,108.0,105.0,107.0,1.0,8618,0.9078613869234478,95.7794,97.1412,95.3254,98.049
2023-10-20,28071756,2993449615,106.0,108.5,103.0,108.0,1.0,13103,0.9078613869234478,96.2333,98.049,93.5097,98.503
2023-10-23,21932979,2334795436,107.0,108.5,105.0,106.0,-2.0,9728,0.9078613869234478,97.1412,96.2333,95.3254,98.503
2023-10-24,24490498,2655366327,107.5,109.5,106.5,109.0,3.0,12429,0.9078613869234478,97.5951,98.9569,96.6872,99.4108
2023-10-25,19170491,2088631712,110.0,110.0,108.0,109.0,0.0,8438,0.9078613869234478,99.8648,98.9569,98.049,99.8648
2023-10-26,11665965,1249018657,106.0,108.0,105.5,107.0,-2.0,6720,0.9078613869234478,96.2333,97.1412,95.7794,98.049
2023-10-27,11164451,1216183179,108.0,110.0,107.5,108.5,1.5,6042,0.9078613869234478,98.049,98.503,97.5951,99.8648
2023-10-30,16067612,1720249472,108.0,109.5,106.0,107.0,-1.5,8207,0.9078613869234478,98.049,97.1412,96.2333,99.4108
2023-10-31,49048075,5056203390,108.0,108.5,100.0,100.0,-7.0,24872,0.9078613869234478,98.049,90.7861,90.7861,98.503
2023-11-01,29099016,2990614942,101.0,104.5,100.0,103.5,3.5,13127,0.9078613869234478,91.694,93.9637,90.7861,94.8715
2023-11-02,26755834,2910518450,107.0,110.0,106.5,108.5,5.0,13491,0.9078613869234478,97.1412,98.503,96.6872,99.8648
2023-11-03,19300253,2120191988,110.0,111.5,108.5,109.0,0.5,10291,0.9078613869234478,99.8648,98.9569,98.503,101.2265
2023-11-06,13450821,1491984328,111.0,111.5,110.0,111.0,2.0,7366,0.9078613869234478,100.7726,100.7726,99.8648,101.2265
2023-11-07,10872182,1200569960,110.5,111.0,109.5,110.5,-0.5,6428,0.9078613869234478,100.3187,100.3187,99.4108,100.7726
2023-11-08,26236554,2999404441,111.0,116.5,111.0,113.5,3.0,14426,0.9078613869234478,100.7726,103.0423,100.7726,105.7659
2023-11-09,28037553,3125198006,111.0,113.5,108.5,112.0,-1.5,12688,0.9078613869234478,100.7726,101.6805,98.503,103.0423
2023-11-10,12215284,1371924743,111.5,114.0,110.5,112.5,0.5,6524,0.9078613869234478,101.2265,102.1344,100.3187,103.4962
2023-11-13,14596444,1643431678,115.0,115.5,111.0,112.5,0.0,7769,0.9078613869234478,104.4041,102.1344,100.7726,104.858
2023-11-14,12186941,1370594783,112.5,114.0,111.0,113.0,0.5,6249,0.9078613869234478,102.1344,102.5883,100.7726,103.4962
2023-11-15,21861279,2502890754,115.5,117.0,112.0,112.5,-0.5,10661,0.9078613869234478,104.858,102.1344,101.6805,106.2198
2023-11-16,13868827,1542984340,113.5,114.0,110.0,110.5,-2.0,8640,0.9078613869234478,103.0423,100.3187,99.8648,103.4962
2023-11-17,16297586,1783605687,110.5,110.5,108.5,109.5,-1.0,8562,0.9078613869234478,100.3187,99.4108,98.503,100.3187
2023-11-20,17114176,1862930046,110.0,110.5,107.5,109.0,-0.5,8822,0.9078613869234478,99.8648,98.9569,97.5951,100.3187
2023-11-21,20489855,2282321402,110.5,113.5,109.5,112.0,3.0,10517,0.9078613869234478,100.3187,101.6805,99.4108,103.0423
2023-11-22,25473424,2742647875,109.5,109.5,106.5,107.0,-5.0,15161,0.9078613869234478,99.4108,97.1412,96.6872,99.4108
2023-11-23,15100034,1614282774,107.5,108.5,106.0,106.5,-0.5,7261,0.9078613869234478,97.5951,96.6872,96.2333,98.503
2023-11-24,11972517,1277771815,106.5,108.0,105.5,107.5,1.0,6840,0.9078613869234478,96.6872,97.5951,95.7794,98.049
2023-11-27,11753148,1253024969,107.5,107.5,105.5,107.0,-0.5,5708,0.9078613869234478,97.5951,97.1412,95.7794,97.5951
2023-11-28,11591034,1243761111,107.0,108.0,106.0,107.5,0.5,6829,0.9078613869234478,97.1412,97.5951,96.2333,98.049
2023-11-29,13698775,1497645760,108.0,110.5,107.5,109.0,1.5,9155,0.9078613869234478,98.049,98.9569,97.5951,100.3187
2023-11-30,44832227,4898036286,109.5,110.0,106.5,110.0,1.0,9729,0.9078613869234478,99.4108,99.8648,96.6872,99.8648
2023-12-01,17681630,1912922190,109.5,110.0,107.0,108.0,-2.0,8504,0.9078613869234478,99.4108,98.049,97.1412,99.8648
2023-12-04,13458540,1484265691,109.0,111.0,108.5,110.5,2.5,7526,0.9078613869234478,98.9569,100.3187,98.503,100.7726
2023-12-05,13136643,1443521531,110.5,111.0,108.0,110.5,0.0,6545,0.9078613869234478,100.3187,100.3187,98.049,100.7726
2023-12-06,11804407,1318987694,111.5,113.0,110.5,111.5,1.0,6325,0.9078613869234478,101.2265,101.2265,100.3187,102.5883
2023-12-07,7721832,854175219,111.0,112.5,109.5,110.0,-1.5,4805,0.9078613869234478,100.7726,99.8648,99.4108,102.1344
2023-12-08,13933543,1568695288,112.0,113.5,111.0,113.0,3.0,7380,0.9078613869234478,101.6805,102.5883,100.7726,103.0423
2023-12-11,18580085,2088034879,114.0,115.5,110.0,110.5,-2.5,8931,0.9078613869234478,103.4962,100.3187,99.8648,104.858
2023-12-12,7419134,823936718,112.0,112.0,110.0,110.0,-0.5,3852,0.9078613869234478,101.6805,99.8648,99.8648,101.6805
2023-12-13,19382055,2198547497,111.0,115.0,111.0,113.0,3.0,9849,0.9078613869234478,100.7726,102.5883,100.7726,104.4041
2023-12-14,18774003,2154436271,115.0,116.0,113.5,114.5,1.5,10487,0.9078613869234478,104.4041,103.9501,103.0423,105.3119
2023-12-15,20519196,2328213901,116.0,116.5,112.0,112.0,-2.5,8431,0.9078613869234478,105.3119,101.6805,101.6805,105.7659
2023-12-18,12313295,1383321013,112.0,114.0,111.0,112.0,0.0,5179,0.9078613869234478,101.6805,101.6805,100.7726,103.4962
2023-12-19,15952651,1797981096,112.0,114.0,111.5,112.5,0.5,7043,0.9078613869234478,101.6805,102.1344,101.2265,103.4962
2023-12-20,19090938,2181988774,112.5,115.5,112.0,114.0,1.5,8672,0.9078613869234478,102.1344,103.4962,101.6805,104.858
2023-12-21,14882275,1696670424,112.5,115.0,112.0,114.0,0.0,6293,0.9078613869234478,102.1344,103.4962,101.6805,104.4041
2023-12-22,15489177,1788464614,114.5,116.5,114.0,115.5,1.5,8638,0.9078613869234478,103.9501,104.858,103.4962,105.7659
2023-12-25,11459297,1334496565,116.0,117.5,115.5,116.5,1.0,6880,0.9078613869234478,105.3119,105.7659,104.858,106.6737
2023-12-26,10114053,1172661067,116.5,117.0,114.5,117.0,0.5,5981,0.9078613869234478,105.7659,106.2198,103.9501,106.2198
2023-12-27,7618577,892798120,117.0,118.0,116.0,117.0,0.0,4877,0.9078613869234478,106.2198,106.2198,105.3119,107.1276
2023-12-28,11525867,1366346994,117.5,120.0,117.0,118.0,1.0,7988,0.9078613869234478,106.6737,107.1276,106.2198,108.9434
2023-12-29,6866572,808801743,118.0,119.0,117.0,117.0,-1.0,4473,0.9078613869234478,107.1276,106.2198,106.2198,108.0355
2024-01-02,9011783,1036933421,117.5,117.5,113.5,115.0,-2.0,5450,0.9078613869234478,106.6737,104.4041,103.0423,106.6737
2024-01-03,9955528,1125507515,113.5,114.5,112.5,112.5,-2.5,5149,0.9078613869234478,103.0423,102.1344,102.1344,103.9501
2024-01-04,5724882,650328458,113.0,114.5,112.0,113.5,1.0,3454,0.9078613869234478,102.5883,103.0423,101.6805,103.9501
2024-01-05,7903500,904133796,113.5,115.5,112.5,114.5,1.0,3880,0.9078613869234478,103.0423,103.9501,102.1344,104.858
2024-01-08,6494471,746711602,115.0,116.0,114.0,114.5,0.0,3262,0.9078613869234478,104.4041,103.9501,103.4962,105.3119
2024-01-09,10683231,1240284447,116.0,118.0,114.0,114.5,0.0,5798,0.9078613869234478,105.3119,103.9501,103.4962,107.1276
2024-01-10,28227920,3065153032,114.0,114.5,106.0,107.0,-7.5,20184,0.9078613869234478,103.4962,97.1412,96.2333,103.9501
2024-01-11,14880918,1600202839,106.5,109.0,105.5,108.5,1.5,8499,0.9078613869234478,96.6872,98.503,95.7794,98.9569
2024-01-12,12971777,1392811152,107.5,108.5,106.0,107.0,-1.5,7009,0.9078613869234478,97.5951,97.1412,96.2333,98.503
2024-01-15,11747950,1263133365,108.0,109.0,106.5,107.0,0.0,6182,0.9078613869234478,98.049,97.1412,96.6872,98.9569
2024-01-16,14168100,1517995383,106.5,108.5,106.5,106.5,-0.5,6802,0.9078613869234478,96.6872,96.6872,96.6872,98.503
2024-01-17,17342944,1869099740,107.0,109.0,107.0,107.5,1.0,9304,0.9078613869234478,97.1412,97.5951,97.1412,98.9569
2024-01-18,8636718,924373110,108.0,108.5,106.0,106.5,-1.0,4700,0.9078613869234478,98.049,96.6872,96.2333,98.503
2024-01-19,15442442,1684087045,107.0,110.5,107.0,110.0,3.5,7874,0.9078613869234478,97.1412,99.8648,97.1412,100.3187
2024-01-22,39029181,4482703437,112.0,117.5,111.5,114.5,4.5,18764,0.9078613869234478,101.6805,103.9501,101.2265,106.6737
2024-01-23,14698209,1675568139,115.5,115.5,113.0,113.5,-1.0,8455,0.9078613869234478,104.858,103.0423,102.5883,104.858
2024-01-24,10534168,1189230428,113.5,114.5,111.5,112.0,-1.5,6212,0.9078613869234478,103.0423,101.6805,101.2265,103.9501
2024-01-25,12857560,1432328683,113.0,114.0,110.0,111.0,-1.0,7085,0.9078613869234478,102.5883,100.7726,99.8648,103.4962
2024-01-26,13816541,1503129617,110.5,111.0,107.5,107.5,-3.5,7675,0.9078613869234478,100.3187,97.5951,97.5951,100.7726
2024-01-29,11186933,1226990042,107.5,111.0,107.5,109.5,2.0,6322,0.9078613869234478,97.5951,99.4108,97.5951,100.7726
2024-01-30,11781260,1289353838,110.5,111.0,108.5,108.5,-1.0,5871,0.9078613869234478,100.3187,98.503,98.503,100.7726
2024-01-31,13878372,1511274609,108.5,110.5,107.5,108.5,0.0,6862,0.9078613869234478,98.503,98.503,97.5951,100.3187
2024-02-01,7116980,773398883,108.0,109.5,108.0,109.0,0.5,3502,0.9078613869234478,98.049,98.9569,98.049,99.4108
2024-02-02,11437799,1268505604,110.0,112.0,109.5,111.5,2.5,6155,0.9078613869234478,99.8648,101.2265,99.4108,101.6805
2024-02-05,14587371,1644917414,112.5,114.0,110.5,113.0,1.5,7880,0.9078613869234478,102.1344,102.5883,100.3187,103.4962
2024-02-15,24011158,2628671151,113.0,113.5,108.0,108.5,-4.5,14099,0.9078613869234478,102.5883,98.503,98.049,103.0423
2024-02-16,17991966,1987906710,109.0,112.5,108.0,110.0,1.5,8468,0.9078613869234478,98.9569,99.8648,98.049,102.1344
2024-02-19,10358552,1133915547,110.5,111.5,108.5,109.0,-1.0,5854,0.9078613869234478,100.3187,98.9569,98.503,101.2265
2024-02-20,13152480,1425590655,109.0,109.5,107.5,108.5,-0.5,6738,0.9078613869234478,98.9569,98.503,97.5951,99.4108
2024-02-21,17295441,1853013999,108.5,109.0,106.0,106.0,-2.5,11020,0.9078613869234478,98.503,96.2333,96.2333,98.9569
2024-02-22,15181084,1651068482,107.5,109.5,107.5,108.5,2.5,7644,0.9078613869234478,97.5951,98.503,97.5951,99.4108
2024-02-23,15327295,1679676068,110.0,110.5,108.5,108.5,0.0,8112,0.9078613869234478,99.8648,98.503,98.503,100.3187
2024-02-26,15149436,1629561101,108.5,109.5,107.0,107.0,-1.5,8236,0.9078613869234478,98.503,97.1412,97.1412,99.4108
2024-02-27,42381578,4601894377,110.5,112.5,106.0,107.5,0.5,21539,0.9078613869234478,100.3187,97.5951,96.2333,102.1344
2024-02-29,27587231,3016129481,108.5,110.0,108.0,109.5,2.0,11641,0.9078613869234478,98.503,99.4108,98.049,99.8648
2024-03-01,22468113,2514783036,110.0,113.5,109.0,112.5,3.0,13864,0.9078613869234478,99.8648,102.1344,98.9569,103.0423
2024-03-04,25924561,2975675977,115.0,116.0,113.5,114.0,1.5,13939,0.9078613869234478,104.4041,103.4962,103.0423,105.3119
2024-03-05,18189248,2063650882,113.5,115.0,111.5,114.0,0.0,10145,0.9078613869234478,103.0423,103.4962,101.2265,104.4041
2024-03-06,15403476,1750646925,113.5,114.5,112.5,113.5,-0.5,7916,0.9078613869234478,103.0423,103.0423,102.1344,103.9501
2024-03-07,19662911,2201509628,114.0,114.5,110.5,111.0,-2.5,10879,0.9078613869234478,103.4962,100.7726,100.3187,103.9501
2024-03-08,29207618,3336093781,111.5,117.0,111.5,114.0,3.0,17285,0.9078613869234478,101.2265,103.4962,101.2265,106.2198
2024-03-11,18248141,2075351369,114.0,115.0,112.5,113.5,-0.5,10953,0.9078613869234478,103.4962,103.0423,102.1344,104.4041
2024-03-12,19103045,2189023770,114.0,116.0,113.5,115.0,1.5,11715,0.9078613869234478,103.4962,104.4041,103.0423,105.3119
2024-03-13,21995679,2527887375,115.5,117.5,113.0,114.5,-0.5,10672,0.9078613869234478,104.858,103.9501,102.5883,106.6737
2024-03-14,19671848,2214682725,114.5,115.0,111.5,112.0,-2.5,10172,0.9078613869234478,103.9501,101.6805,101.2265,104.4041
2024-03-15,26059277,2924875598,112.0,114.0,111.0,112.0,0.0,9542,0.9078613869234478,101.6805,101.6805,100.7726,103.4962
2024-03-18,15804972,1761450359,112.0,113.0,110.5,112.0,0.0,8336,0.9078613869234478,101.6805,101.6805,100.3187,102.5883
2024-03-19,31882215,3678944805,112.0,117.0,111.5,116.0,4.0,18998,0.9078613869234478,101.6805,105.3119,101.2265,106.2198
2024-03-20,74752873,9016578748,118.0,124.0,116.5,123.0,7.0,42324,0.9078613869234478,107.1276,111.667,105.7659,112.5748
2024-03-21,57903148,7184461296,126.0,126.0,122.5,123.5,0.5,28425,0.9078613869234478,114.3905,112.1209,111.213,114.3905
2024-03-22,48993446,5901545399,122.0,122.5,118.5,121.5,-2.0,30488,0.9078613869234478,110.7591,110.3052,107.5816,111.213
2024-03-25,23743939,2829110578,121.0,121.5,118.0,119.0,-2.5,14855,0.9078613869234478,109.8512,108.0355,107.1276,110.3052
2024-03-26,27914342,3291133253,119.0,120.5,115.0,120.5,1.5,15994,0.9078613869234478,108.0355,109.3973,104.4041,109.3973
2024-03-27,38196989,4350971769,118.0,118.0,112.0,112.5,0.0,28045,0.9271743124355917,109.4066,104.3071,103.8435,109.4066
2024-03-28,44323297,4794585855,110.0,111.0,106.0,106.0,-6.5,33364,0.9271743124355917,101.9892,98.2805,98.2805,102.9163
2024-03-29,66886126,6740683625,104.0,104.0,99.4,101.0,-5.0,38819,0.9271743124355917,96.4261,93.6446,92.1611,96.4261
2024-04-01,20586862,2078631181,102.0,102.5,100.0,100.0,-1.0,14437,0.9271743124355917,94.5718,92.7174,92.7174,95.0354
2024-04-02,38634690,4000601431,100.5,105.5,100.5,104.0,4.0,22947,0.9271743124355917,93.181,96.4261,93.181,97.8169
2024-04-03,23246472,2431640804,103.0,106.0,102.5,104.0,0.0,16191,0.9271743124355917,95.499,96.4261,95.0354,98.2805
2024-04-08,11627163,1222781375,104.5,106.0,104.0,105.0,1.0,7616,0.9271743124355917,96.8897,97.3533,96.4261,98.2805
2024-04-09,10884806,1133197887,105.5,105.5,103.0,104.0,-1.0,8113,0.9271743124355917,97.8169,96.4261,95.499,97.8169
2024-04-10,12624615,1315260716,104.5,105.0,103.5,103.5,-0.5,9261,0.9271743124355917,96.8897,95.9625,95.9625,97.3533
2024-04-11,9342931,966031893,103.5,104.0,102.5,104.0,0.5,6377,0.9271743124355917,95.9625,96.4261,95.0354,96.4261
2024-04-12,9210220,955284205,104.0,105.0,103.0,103.0,-1.0,7416,0.9271743124355917,96.4261,95.499,95.499,97.3533
2024-04-15,15931004,1610580049,102.0,102.5,100.0,102.0,-1.0,10354,0.9271743124355917,94.5718,94.5718,92.7174,95.0354
2024-04-16,39754480,3852933694,101.0,101.0,94.1,95.3,-6.7,30721,0.9271743124355917,93.6446,88.3597,87.2471,93.6446
2024-04-17,23167536,2224122926,96.0,97.7,95.0,96.3,1.0,16525,0.9271743124355917,89.0087,89.2869,88.0816,90.5849
2024-04-18,20137918,1989121231,96.3,100.5,96.3,99.0,2.7,15706,0.9271743124355917,89.2869,91.7903,89.2869,93.181
2024-04-19,23933390,2311535323,97.3,99.0,94.3,96.1,-2.9,17190,0.9271743124355917,90.2141,89.1015,87.4325,91.7903
2024-04-22,13323049,1291816497,96.2,97.9,95.9,96.8,0.7,9288,0.9271743124355917,89.1942,89.7505,88.916,90.7704
2024-04-23,22822428,2175536936,97.5,98.0,94.3,94.6,-2.2,18909,0.9271743124355917,90.3995,87.7107,87.4325,90.8631
2024-04-24,14110438,1379887355,96.0,98.8,95.9,98.4,3.8,9857,0.9271743124355917,89.0087,91.234,88.916,91.6048
2024-04-25,15668081,1557944499,97.5,101.0,96.9,99.4,1.0,14028,0.9271743124355917,90.3995,92.1611,89.8432,93.6446
2024-04-26,11849375,1196343102,99.9,102.0,99.5,101.0,1.6,8427,0.9271743124355917,92.6247,93.6446,92.2538,94.5718
2024-04-29,10504070,1064261667,102.5,102.5,100.5,101.0,0.0,8750,0.9271743124355917,95.0354,93.6446,93.181,95.0354
2024-04-30,7041535,711613692,101.5,102.5,100.0,100.0,-1.0,4793,0.9271743124355917,94.1082,92.7174,92.7174,95.0354
2024-05-02,18447518,1826031724,99.1,100.5,97.2,99.1,-0.9,11748,0.9271743124355917,91.883,91.883,90.1213,93.181
2024-05-03,17078911,1726224819,100.5,103.0,99.7,99.7,0.6,10023,0.9271743124355917,93.181,92.4393,92.4393,95.499
2024-05-06,11786185,1177079042,100.5,101.5,99.1,99.4,-0.3,10068,0.9271743124355917,93.181,92.1611,91.883,94.1082
2024-05-07,16712981,1646775325,99.9,99.9,97.5,99.1,-0.3,11257,0.9271743124355917,92.6247,91.883,90.3995,92.6247
2024-05-08,17508048,1769107922,99.5,102.0,99.5,101.5,2.4,8833,0.9271743124355917,92.2538,94.1082,92.2538,94.5718
2024-05-09,11334220,1139579475,101.0,101.5,99.7,101.0,-0.5,5996,0.9271743124355917,93.6446,93.6446,92.4393,94.1082
2024-05-10,43801701,4559739792,101.5,106.0,101.0,105.0,4.0,22916,0.9271743124355917,94.1082,97.3533,93.6446,98.2805
2024-05-13,14736694,1544196173,105.0,106.0,103.0,105.0,0.0,9625,0.9271743124355917,97.3533,97.3533,95.499,98.2805
2024-05-14,12316393,1281149713,105.5,106.0,103.0,103.5,-1.5,8026,0.9271743124355917,97.8169,95.9625,95.499,98.2805
2024-05-15,11413253,1190619581,105.0,105.5,103.0,104.5,1.0,6256,0.9271743124355917,97.3533,96.8897,95.499,97.8169
2024-05-16,33095455,3368195171,104.5,105.0,100.5,100.5,-4.0,18730,0.9271743124355917,96.8897,93.181,93.181,97.3533
2024-05-17,20286984,2045074225,101.0,103.0,100.0,100.0,-0.5,9523,0.9271743124355917,93.6446,92.7174,92.7174,95.499
2024-05-20,24563171,2464238864,99.5,102.0,98.2,100.5,0.5,11926,0.9271743124355917,92.2538,93.181,91.0485,94.5718
2024-05-21,20787779,2098354700,100.0,102.0,99.8,101.5,1.0,6743,0.9271743124355917,92.7174,94.1082,92.532,94.5718
2024-05-22,19367564,2001670324,102.0,104.5,101.5,103.5,2.0,10291,0.9271743124355917,94.5718,95.9625,94.1082,96.8897
2024-05-23,111019234,12307981341,107.5,113.5,106.5,112.0,8.5,51293,0.9271743124355917,99.6712,103.8435,98.7441,105.2343
2024-05-24,64159533,7228691033,111.5,115.0,110.0,114.5,2.5,39421,0.9271743124355917,103.3799,106.1615,101.9892,106.625
2024-05-27,99751525,12128685714,121.5,124.0,118.0,121.0,6.5,47909,0.9271743124355917,112.6517,112.1881,109.4066,114.9696
2024-05-28,54914459,6454312183,120.0,121.0,116.0,116.5,-4.5,30857,0.9271743124355917,111.2609,108.0158,107.5522,112.1881
2024-05-29,34969480,4021882431,117.0,118.0,113.0,113.5,-3.0,19940,0.9271743124355917,108.4794,105.2343,104.7707,109.4066
2024-05-30,44078841,4835461751,111.0,112.5,108.0,108.0,-5.5,23693,0.9271743124355917,102.9163,100.1348,100.1348,104.3071
2024-05-31,48220357,5246785078,109.0,112.5,107.5,107.5,-0.5,15889,0.9271743124355917,101.062,99.6712,99.6712,104.3071
2024-06-03,25053063,2756215520,110.0,111.5,107.5,110.5,3.0,13659,0.9271743124355917,101.9892,102.4528,99.6712,103.3799
2024-06-04,31416285,3397690731,111.5,111.5,106.5,107.0,-3.5,19959,0.9271743124355917,103.3799,99.2077,98.7441,103.3799
2024-06-05,25402491,2713349823,107.5,108.5,105.0,107.0,0.0,13348,0.9271743124355917,99.6712,99.2077,97.3533,100.5984
2024-06-06,14957347,1599116056,108.0,109.0,105.5,106.5,-0.5,8140,0.9271743124355917,100.1348,98.7441,97.8169,101.062
2024-06-07,9341288,999650489,107.5,108.0,106.0,107.0,0.5,6192,0.9271743124355917,99.6712,99.2077,98.2805,100.1348
2024-06-11,20815510,2175492138,107.0,107.5,103.5,104.0,-3.0,10983,0.9271743124355917,99.2077,96.4261,95.9625,99.6712
2024-06-12,10911459,1145031428,103.5,106.5,103.5,104.5,0.5,7190,0.9271743124355917,95.9625,96.8897,95.9625,98.7441
2024-06-13,13127095,1398541045,105.5,108.0,104.5,107.0,2.5,8096,0.9271743124355917,97.8169,99.2077,96.8897,100.1348
2024-06-14,11390024,1225108074,107.5,108.5,106.0,107.5,0.5,6719,0.9271743124355917,99.6712,99.6712,98.2805,100.5984
2024-06-17,9650790,1037197400,107.5,108.0,106.5,108.0,0.5,5566,0.9271743124355917,99.6712,100.1348,98.7441,100.1348
2024-06-18,16427505,1740474774,108.0,108.0,105.0,105.5,-2.5,10247,0.9271743124355917,100.1348,97.8169,97.3533,100.1348
2024-06-19,22333991,2368291403,106.0,107.5,104.5,106.0,0.5,12890,0.9271743124355917,98.2805,98.2805,96.8897,99.6712
2024-06-20,11807565,1254457226,106.0,107.5,105.5,106.0,0.0,7492,0.9271743124355917,98.2805,98.2805,97.8169,99.6712
2024-06-21,18623736,1963070240,105.5,107.0,104.0,105.0,-1.0,8397,0.9271743124355917,97.8169,97.3533,96.4261,99.2077
2024-06-24,13499056,1406015765,105.0,105.5,103.5,103.5,-1.5,8361,0.9271743124355917,97.3533,95.9625,95.9625,97.8169
2024-06-25,13913734,1446465455,104.0,105.0,102.0,105.0,1.5,6837,0.9271743124355917,96.4261,97.3533,94.5718,97.3533
2024-06-26,24213606,2563474327,105.5,107.0,104.0,106.5,1.5,11642,0.9271743124355917,97.8169,98.7441,96.4261,99.2077
2024-06-27,39539538,4226290659,106.0,108.0,105.0,108.0,1.5,18740,0.9271743124355917,98.2805,100.1348,97.3533,100.1348
2024-06-28,30843868,3300513065,108.0,108.5,106.0,106.0,-2.0,14899,0.9271743124355917,100.1348,98.2805,98.2805,100.5984
2024-07-01,40180011,4394245343,107.0,110.5,106.5,110.5,4.5,19737,0.9271743124355917,99.2077,102.4528,98.7441,102.4528
2024-07-02,26745668,2919886046,110.0,110.0,108.0,110.0,-0.5,12671,0.9271743124355917,101.9892,101.9892,100.1348,101.9892
2024-07-03,23406447,2536552457,110.5,111.0,107.0,108.0,-2.0,12005,0.9271743124355917,102.4528,100.1348,99.2077,102.9163
2024-07-04,44059582,4873380855,108.5,112.0,108.0,111.5,3.5,19620,0.9271743124355917,100.5984,103.3799,100.1348,103.8435
2024-07-05,25338532,2738916131,110.5,111.0,107.0,107.0,-4.5,17985,0.9271743124355917,102.4528,99.2077,99.2077,102.9163
2024-07-08,21372305,2285075282,107.0,108.5,105.5,107.5,0.5,12174,0.9271743124355917,99.2077,99.6712,97.8169,100.5984
2024-07-09,17877310,1905880155,107.5,108.0,105.0,107.0,-0.5,8742,0.9271743124355917,99.6712,99.2077,97.3533,100.1348
2024-07-10,33470573,3675606610,107.5,111.5,107.0,109.0,2.0,17878,0.9271743124355917,99.6712,101.062,99.2077,103.3799
2024-07-11,16578336,1825927867,110.0,111.5,109.0,109.5,0.5,9952,0.9271743124355917,101.9892,101.5256,101.062,103.3799
2024-07-12,10836193,1183212052,109.0,110.5,108.0,109.0,-0.5,6890,0.9271743124355917,101.062,101.062,100.1348,102.4528
2024-07-15,6926896,754998695,109.5,110.0,108.5,109.0,0.0,4459,0.9271743124355917,101.5256,101.062,100.5984,101.9892
2024-07-16,13500517,1490020933,109.5,111.0,109.0,111.0,2.0,8527,0.9271743124355917,101.5256,102.9163,101.062,102.9163
2024-07-17,17956950,1954680107,111.0,111.0,108.0,108.0,-3.0,11262,0.9271743124355917,102.9163,100.1348,100.1348,102.9163
2024-07-18,15334639,1660705048,106.5,109.5,106.0,109.5,1.5,8176,0.9271743124355917,98.7441,101.5256,98.2805,101.5256
2024-07-19,16252722,1767607395,109.0,109.5,107.5,109.5,0.0,7252,0.9271743124355917,101.062,101.5256,99.6712,101.5256
2024-07-22,18936742,2009422801,108.5,109.0,104.0,106.0,-3.5,9601,0.9271743124355917,100.5984,98.2805,96.4261,101.062
2024-07-23,16269373,1717469139,106.5,107.5,104.5,106.0,0.0,8796,0.9271743124355917,98.7441,98.2805,96.8897,99.6712
2024-07-26,19383468,1962950536,101.5,103.0,99.9,102.0,-4.0,10140,0.9271743124355917,94.1082,94.5718,92.6247,95.499
2024-07-29,15422047,1556785695,103.0,103.5,99.8,99.8,-2.2,8198,0.9271743124355917,95.499,92.532,92.532,95.9625
2024-07-30,20240717,1992820699,99.0,99.8,96.7,99.8,0.0,12008,0.9271743124355917,91.7903,92.532,89.6578,92.532
2024-07-31,13516633,1341972770,99.0,100.0,98.0,99.1,-0.7,8796,0.9271743124355917,91.7903,91.883,90.8631,92.7174
2024-08-01,36418374,3891335327,103.0,109.0,102.5,109.0,9.9,21073,0.9271743124355917,95.499,101.062,95.0354,101.062
2024-08-02,50480009,5419581438,107.0,110.0,105.0,106.0,-3.0,23342,0.9271743124355917,99.2077,98.2805,97.3533,101.9892
2024-08-05,38296066,3708526994,100.5,101.0,95.4,95.9,-10.1,21747,0.9271743124355917,93.181,88.916,88.4524,93.6446
2024-08-06,23223287,2270109946,99.8,99.8,93.2,98.5,2.6,15598,0.9271743124355917,92.532,91.3267,86.4126,92.532
2024-08-07,19441870,1998015698,99.5,105.0,99.0,104.0,5.5,12240,0.9271743124355917,92.2538,96.4261,91.7903,97.3533
2024-08-08,18285731,1869809669,102.0,104.0,100.5,102.0,-2.0,9116,0.9271743124355917,94.5718,94.5718,93.181,96.4261
2024-08-09,14057931,1462491161,105.0,105.5,103.0,104.0,2.0,8167,0.9271743124355917,97.3533,96.4261,95.499,97.8169
2024-08-12,7408708,774763102,104.5,105.0,103.5,105.0,1.0,5375,0.9271743124355917,96.8897,97.3533,95.9625,97.3533
2024-08-13,16754545,1778686291,106.0,108.0,103.5,108.0,3.0,8098,0.9271743124355917,98.2805,100.1348,95.9625,100.1348
2024-08-14,17687097,1915364228,108.5,109.5,106.0,109.5,1.5,10216,0.9271743124355917,100.5984,101.5256,98.2805,101.5256
2024-08-15,10126379,1095859708,109.5,110.0,107.0,107.0,-2.5,6965,0.9271743124355917,101.5256,99.2077,99.2077,101.9892
2024-08-16,16749974,1812989338,108.5,109.0,107.0,108.0,1.0,8121,0.9271743124355917,100.5984,100.1348,99.2077,101.062
2024-08-19,18298132,1972792404,106.5,109.0,106.0,109.0,0.0,9306,0.9446681673872066,100.6072,102.9688,100.1348,102.9688
2024-08-20,8598542,928617141,109.0,109.5,107.0,107.0,-2.0,6731,0.9446681673872066,102.9688,101.0795,101.0795,103.4412
2024-08-21,5315376,569307176,107.0,108.0,106.0,107.0,0.0,3985,0.9446681673872066,101.0795,101.0795,100.1348,102.0242
2024-08-22,4904144,523248150,107.5,108.0,106.0,106.5,-0.5,3251,0.9446681673872066,101.5518,100.6072,100.1348,102.0242
2024-08-23,6648233,711077015,107.0,108.0,105.5,107.5,1.0,5080,0.9446681673872066,101.0795,101.5518,99.6625,102.0242
2024-08-26,5120150,551705352,108.0,109.0,107.0,107.5,0.0,4340,0.9446681673872066,102.0242,101.5518,101.0795,102.9688
2024-08-27,3504819,375608452,107.0,108.0,106.5,107.5,0.0,3093,0.9446681673872066,101.0795,101.5518,100.6072,102.0242
2024-08-28,5442206,580632254,107.5,108.0,106.0,106.5,-1.0,4215,0.9446681673872066,101.5518,100.6072,100.1348,102.0242
2024-08-29,8759365,926458938,105.5,107.5,104.0,106.5,0.0,5271,0.9446681673872066,99.6625,100.6072,98.2455,101.5518
2024-08-30,13956803,1494931889,107.0,108.0,106.5,107.0,0.5,3618,0.9446681673872066,101.0795,101.0795,100.6072,102.0242
2024-09-02,3526346,376645003,107.5,108.0,106.0,107.0,0.0,2513,0.9446681673872066,101.5518,101.0795,100.1348,102.0242
2024-09-03,7537431,794219390,106.5,107.0,104.5,105.0,-2.0,4720,0.9446681673872066,100.6072,99.1902,98.7178,101.0795
2024-09-04,11546853,1170235828,100.5,103.5,99.2,100.5,-4.5,7236,0.9446681673872066,94.9392,94.9392,93.7111,97.7732
2024-09-05,7407463,754389506,102.5,103.0,101.0,101.5,1.0,3970,0.9446681673872066,96.8285,95.8838,95.4115,97.3008
2024-09-06,5279577,538093363,101.5,103.0,100.5,102.0,0.5,3934,0.9446681673872066,95.8838,96.3562,94.9392,97.3008
2024-09-09,6687368,675693271,100.0,102.5,100.0,101.5,-0.5,4218,0.9446681673872066,94.4668,95.8838,94.4668,96.8285
2024-09-10,12990486,1287698196,101.5,102.5,96.7,96.7,-4.8,9707,0.9446681673872066,95.8838,91.3494,91.3494,96.8285
2024-09-11,7985747,784830021,95.5,99.6,95.5,99.6,2.9,4656,0.9446681673872066,90.2158,94.0889,90.2158,94.0889
2024-09-12,7165190,725775535,101.0,102.0,100.5,101.5,1.9,4449,0.9446681673872066,95.4115,95.8838,94.9392,96.3562
2024-09-13,7052332,710695163,102.0,102.0,100.0,101.5,0.0,4834,0.9446681673872066,96.3562,95.8838,94.4668,96.3562
2024-09-16,2479553,250851326,101.5,101.5,100.5,101.5,0.0,2068,0.9446681673872066,95.8838,95.8838,94.9392,95.8838
2024-09-18,8138094,821935944,101.5,102.5,99.8,100.5,-1.0,4445,0.9446681673872066,95.8838,94.9392,94.2779,96.8285
2024-09-19,10639532,1071572805,100.5,102.0,99.5,100.5,0.0,4369,0.9446681673872066,94.9392,94.9392,93.9945,96.3562
2024-09-20,20940396,2081970877,100.5,102.0,98.7,98.7,-1.8,5005,0.9446681673872066,94.9392,93.2387,93.2387,96.3562
2024-09-23,8177878,808872663,100.0,100.0,98.0,98.6,-0.1,6625,0.9446681673872066,94.4668,93.1443,92.5775,94.4668
2024-09-24,8918302,887219778,98.7,100.5,98.7,99.6,1.0,4607,0.9446681673872066,93.2387,94.0889,93.2387,94.9392
2024-09-25,10471013,1056067612,100.5,102.0,100.0,100.5,0.9,4681,0.9446681673872066,94.9392,94.9392,94.4668,96.3562
2024-09-26,7733610,776723975,101.5,102.0,99.5,100.0,-0.5,3655,0.9446681673872066,95.8838,94.4668,93.9945,96.3562
2024-09-27,7827698,786853298,101.0,101.5,100.0,100.0,0.0,3320,0.9446681673872066,95.4115,94.4668,94.4668,95.8838
2024-09-30,5663492,567435430,100.5,101.0,99.5,99.5,-0.5,3706,0.9446681673872066,94.9392,93.9945,93.9945,95.4115
2024-10-01,5761377,582580234,100.0,102.0,100.0,101.5,2.0,3020,0.9446681673872066,94.4668,95.8838,94.4668,96.3562
2024-10-04,7680509,771716160,100.5,101.5,99.8,99.8,-1.7,4502,0.9446681673872066,94.9392,94.2779,94.2779,95.8838
2024-10-07,5401276,545345089,100.5,101.5,100.5,101.0,1.2,3053,0.9446681673872066,94.9392,95.4115,94.9392,95.8838
2024-10-08,6682372,666818932,100.5,100.5,99.0,99.7,-1.3,4170,0.9446681673872066,94.9392,94.1834,93.5221,94.9392
2024-10-09,5742920,580150761,100.0,102.0,100.0,100.5,0.8,3617,0.9446681673872066,94.4668,94.9392,94.4668,96.3562
2024-10-11,3814498,384339363,100.5,101.5,100.0,100.5,0.0,2663,0.9446681673872066,94.9392,94.9392,94.4668,95.8838
2024-10-14,3557513,360712879,101.0,102.0,100.5,101.5,1.0,2211,0.9446681673872066,95.4115,95.8838,94.9392,96.3562
2024-10-15,5793962,590595196,102.0,103.0,101.0,101.5,0.0,3554,0.9446681673872066,96.3562,95.8838,95.4115,97.3008
2024-10-16,7051063,717671847,101.0,102.5,101.0,101.5,0.0,4032,0.9446681673872066,95.4115,95.8838,95.4115,96.8285
2024-10-17,10147600,1055375547,102.0,105.0,102.0,104.5,3.0,6385,0.9446681673872066,96.3562,98.7178,96.3562,99.1902
2024-10-18,11023918,1162185712,106.0,107.0,104.0,104.5,0.0,6754,0.9446681673872066,100.1348,98.7178,98.2455,101.0795
2024-10-21,4905646,517357994,104.5,106.0,104.0,106.0,1.5,3675,0.9446681673872066,98.7178,100.1348,98.2455,100.1348
2024-10-22,4111623,430922271,105.5,106.0,104.0,105.0,-1.0,3191,0.9446681673872066,99.6625,99.1902,98.2455,100.1348
2024-10-23,4185154,434844292,105.0,105.0,103.5,104.0,-1.0,2908,0.9446681673872066,99.1902,98.2455,97.7732,99.1902
2024-10-24,5873255,605562749,103.5,104.0,102.5,103.0,-1.0,3108,0.9446681673872066,97.7732,97.3008,96.8285,98.2455
2024-10-25,2676627,278036978,103.5,104.5,103.0,104.0,1.0,2233,0.9446681673872066,97.7732,98.2455,97.3008,98.7178
2024-10-28,3658029,382997228,104.5,105.5,104.0,104.5,0.5,2505,0.9446681673872066,98.7178,98.7178,98.2455,99.6625
2024-10-29,4979711,511760536,105.0,105.0,102.0,103.0,-1.5,3011,0.9446681673872066,99.1902,97.3008,96.3562,99.1902
2024-10-30,6020387,622750115,104.0,104.5,102.5,102.5,-0.5,3214,0.9446681673872066,98.2455,96.8285,96.8285,98.7178
2024-11-01,14853633,1486395700,99.5,101.0,99.0,101.0,-1.5,10456,0.9446681673872066,93.9945,95.4115,93.5221,95.4115
2024-11-04,5555594,563677373,101.0,102.5,100.0,102.0,1.0,3297,0.9446681673872066,95.4115,96.3562,94.4668,96.8285
2024-11-05,4443818,450349590,101.5,102.5,101.0,102.5,0.5,2465,0.9446681673872066,95.8838,96.8285,95.4115,96.8285
2024-11-06,8565880,898120624,102.5,105.5,102.0,105.5,3.0,5323,0.9446681673872066,96.8285,99.6625,96.3562,99.6625
2024-11-07,3763778,395741830,105.0,106.0,104.5,105.0,-0.5,3073,0.9446681673872066,99.1902,99.1902,98.7178,100.1348
2024-11-08,3566774,375917611,106.0,106.0,105.0,105.0,0.0,2647,0.9446681673872066,100.1348,99.1902,99.1902,100.1348
2024-11-11,32663319,3563672957,106.5,111.0,106.0,109.0,4.0,19515,0.9446681673872066,100.6072,102.9688,100.1348,104.8582
2024-11-12,15423170,1638044436,107.0,108.0,105.0,105.0,-4.0,9284,0.9446681673872066,101.0795,99.1902,99.1902,102.0242
2024-11-13,7984995,853056306,105.0,108.0,105.0,107.0,2.0,4952,0.9446681673872066,99.1902,101.0795,99.1902,102.0242
2024-11-14,8411285,892267806,107.0,107.5,105.0,105.0,-2.0,5153,0.9446681673872066,101.0795,99.1902,99.1902,101.5518
2024-11-15,13292377,1367802714,106.0,106.5,101.5,101.5,-3.5,8148,0.9446681673872066,100.1348,95.8838,95.8838,100.6072
2024-11-18,7290253,741186820,102.0,103.0,100.5,100.5,-1.0,5148,0.9446681673872066,96.3562,94.9392,94.9392,97.3008
2024-11-19,6210464,634469872,102.0,103.5,100.5,102.5,2.0,3506,0.9446681673872066,96.3562,96.8285,94.9392,97.7732
2024-11-20,7300709,741971312,102.5,103.0,100.5,101.5,-1.0,4599,0.9446681673872066,96.8285,95.8838,94.9392,97.3008
2024-11-21,5235165,538939407,101.5,104.0,101.0,103.5,2.0,3166,0.9446681673872066,95.8838,97.7732,95.4115,98.2455
2024-11-22,10910597,1159277818,104.0,107.5,104.0,107.0,3.5,6661,0.9446681673872066,98.2455,101.0795,98.2455,101.5518
2024-11-25,22611800,2427239829,108.0,109.5,106.0,106.0,-1.0,9641,0.9446681673872066,102.0242,100.1348,100.1348,103.4412
2024-11-26,7471694,794746742,106.0,107.0,105.0,107.0,1.0,4183,0.9446681673872066,100.1348,101.0795,99.1902,101.0795
2024-11-27,7354225,773739491,106.0,106.5,104.5,104.5,-2.5,3885,0.9446681673872066,100.1348,98.7178,98.7178,100.6072
2024-11-28,6438892,666129297,104.5,105.0,102.5,104.0,-0.5,3951,0.9446681673872066,98.7178,98.2455,96.8285,99.1902
2024-11-29,7127917,743782907,103.0,105.5,102.5,104.0,0.0,3212,0.9446681673872066,97.3008,98.2455,96.8285,99.6625
2024-12-02,5027400,533750459,105.5,107.0,105.0,105.5,1.5,3405,0.9446681673872066,99.6625,99.6625,99.1902,101.0795
2024-12-03,11997857,1275402963,106.0,108.0,105.0,105.5,0.0,6588,0.9446681673872066,100.1348,99.6625,99.1902,102.0242
2024-12-04,10686007,1112353786,105.5,106.0,103.5,104.5,-1.0,7182,0.9446681673872066,99.6625,98.7178,97.7732,100.1348
2024-12-05,9265763,964100574,104.5,105.0,103.5,104.0,-0.5,4970,0.9446681673872066,98.7178,98.2455,97.7732,99.1902
2024-12-06,7006111,735964362,104.0,106.0,103.5,104.5,0.5,3940,0.9446681673872066,98.2455,98.7178,97.7732,100.1348
2024-12-09,4217809,442072353,105.0,106.0,104.0,105.0,0.5,2970,0.9446681673872066,99.1902,99.1902,98.2455,100.1348
2024-12-10,8180619,844216725,105.0,105.5,102.0,103.0,-2.0,5178,0.9446681673872066,99.1902,97.3008,96.3562,99.6625
2024-12-11,5971954,616331831,103.0,104.5,102.5,102.5,-0.5,3499,0.9446681673872066,97.3008,96.8285,96.8285,98.7178
2024-12-12,7677007,805399246,103.5,106.0,103.0,104.5,2.0,4529,0.9446681673872066,97.7732,98.7178,97.3008,100.1348
2024-12-13,7508754,771094653,104.0,104.5,101.5,102.0,-2.5,4624,0.9446681673872066,98.2455,96.3562,95.8838,98.7178
2024-12-16,5127844,518991435,103.0,103.0,100.5,100.5,-1.5,3804,0.9446681673872066,97.3008,94.9392,94.9392,97.3008
2024-12-17,9730998,975651074,100.0,101.5,99.8,99.8,-0.7,5820,0.9446681673872066,94.4668,94.2779,94.2779,95.8838
2024-12-18,5494639,551694877,99.8,101.0,99.8,100.5,0.7,3806,0.9446681673872066,94.2779,94.9392,94.2779,95.4115
2024-12-19,7347025,734635616,99.3,101.5,98.8,100.0,-0.5,5349,0.9446681673872066,93.8055,94.4668,93.3332,95.8838
2024-12-20,8431897,841953541,100.0,101.0,99.5,99.5,-0.5,4171,0.9446681673872066,94.4668,93.9945,93.9945,95.4115
2024-12-23,5268812,528700140,100.5,101.5,100.0,100.0,0.5,2891,0.9446681673872066,94.9392,94.4668,94.4668,95.8838
2024-12-24,3911531,394249703,101.0,101.5,100.5,100.5,0.5,2048,0.9446681673872066,95.4115,94.9392,94.9392,95.8838
2024-12-25,2832583,286617891,101.0,102.0,101.0,101.0,0.5,1713,0.9446681673872066,95.4115,95.4115,95.4115,96.3562
2024-12-26,3097250,314801737,101.5,102.0,101.0,102.0,1.0,1925,0.9446681673872066,95.8838,96.3562,95.4115,96.3562
2024-12-27,4224069,431798756,102.0,103.0,101.5,101.5,-0.5,2958,0.9446681673872066,96.3562,95.8838,95.8838,97.3008
2024-12-30,2841235,287419859,102.0,102.0,100.5,100.5,-1.0,1977,0.9446681673872066,96.3562,94.9392,94.9392,96.3562
2024-12-31,5420227,540241522,100.0,100.5,99.2,99.5,-1.0,4624,0.9446681673872066,94.4668,93.9945,93.7111,94.9392
2025-01-02,5029023,506878029,99.8,101.5,99.7,100.5,1.0,3102,0.9446681673872066,94.2779,94.9392,94.1834,95.8838
2025-01-03,3042247,307646598,101.5,101.5,101.0,101.0,0.5,1726,0.9446681673872066,95.8838,95.4115,95.4115,95.8838
2025-01-06,5055156,515546482,101.5,102.5,101.0,102.0,1.0,3095,0.9446681673872066,95.8838,96.3562,95.4115,96.8285
2025-01-07,4732758,482017268,102.5,103.0,101.5,101.5,-0.5,2200,0.9446681673872066,96.8285,95.8838,95.8838,97.3008
2025-01-08,5323474,542166670,102.0,102.5,101.5,101.5,0.0,2048,0.9446681673872066,96.3562,95.8838,95.8838,96.8285
2025-01-09,17925476,1874466850,102.0,106.0,102.0,104.0,2.5,11162,0.9446681673872066,96.3562,98.2455,96.3562,100.1348
2025-01-10,5853554,606821729,103.5,105.0,103.0,103.0,-1.0,4015,0.9446681673872066,97.7732,97.3008,97.3008,99.1902
2025-01-13,6477138,662743350,102.5,103.5,101.0,102.0,-1.0,3574,0.9446681673872066,96.8285,96.3562,95.4115,97.7732
2025-01-14,4566348,473696402,102.5,104.5,102.5,104.0,2.0,2866,0.9446681673872066,96.8285,98.2455,96.8285,98.7178
2025-01-15,6147382,631673652,103.5,104.5,101.0,101.0,-3.0,4215,0.9446681673872066,97.7732,95.4115,95.4115,98.7178
2025-01-16,21484691,2293683159,104.0,107.5,103.5,107.5,6.5,12737,0.9446681673872066,98.2455,101.5518,97.7732,101.5518
2025-01-17,7567884,807264811,106.5,107.5,106.0,107.0,-0.5,6044,0.9446681673872066,100.6072,101.0795,100.1348,101.5518
2025-01-20,14478547,1570389095,106.5,109.5,106.5,108.0,1.0,8069,0.9446681673872066,100.6072,102.0242,100.6072,103.4412
2025-01-21,6756338,723587161,108.0,108.5,106.0,107.0,-1.0,3750,0.9446681673872066,102.0242,101.0795,100.1348,102.4965
2025-01-22,7361724,800381320,108.0,109.0,107.5,109.0,2.0,5074,0.9446681673872066,102.0242,102.9688,101.5518,102.9688
2025-02-03,9527540,1014561226,105.0,108.0,104.5,107.5,-1.5,4888,0.9446681673872066,99.1902,101.5518,98.7178,102.0242
2025-02-04,4895572,525260418,108.0,108.5,106.5,106.5,-1.0,3144,0.9446681673872066,102.0242,100.6072,100.6072,102.4965
2025-02-05,6098712,660815044,108.0,109.5,107.5,108.5,2.0,3556,0.9446681673872066,102.0242,102.4965,101.5518,103.4412
2025-02-06,3934108,427615828,109.0,109.5,108.0,108.5,0.0,2942,0.9446681673872066,102.9688,102.4965,102.0242,103.4412
2025-02-07,4356847,468217400,108.5,109.0,106.5,107.5,-1.0,3247,0.9446681673872066,102.4965,101.5518,100.6072,102.9688
2025-02-10,7043856,762332286,107.5,109.0,107.0,108.5,1.0,4177,0.9446681673872066,101.5518,102.4965,101.0795,102.9688
2025-02-11,3412332,369978361,109.0,109.0,108.0,108.0,-0.5,2486,0.9446681673872066,102.9688,102.0242,102.0242,102.9688
2025-02-12,4047702,437354061,108.5,109.0,107.5,108.0,0.0,2188,0.9446681673872066,102.4965,102.0242,101.5518,102.9688
2025-02-13,19461318,2153063115,108.5,112.0,108.5,111.0,3.0,11588,0.9446681673872066,102.4965,104.8582,102.4965,105.8028
2025-02-14,5002204,549178760,111.5,111.5,109.0,109.0,-2.0,3198,0.9446681673872066,105.3305,102.9688,102.9688,105.3305
2025-02-17,6385245,706310380,110.0,111.5,109.5,111.0,2.0,4356,0.9446681673872066,103.9135,104.8582,103.4412,105.3305
2025-02-18,5487485,610262875,111.0,111.5,110.5,111.5,0.5,3361,0.9446681673872066,104.8582,105.3305,104.3858,105.3305
2025-02-19,12294757,1375791588,111.5,113.5,110.0,111.0,-0.5,7152,0.9446681673872066,105.3305,104.8582,103.9135,107.2198
2025-02-20,11629896,1290559292,111.0,112.0,109.5,111.5,0.5,5640,0.9446681673872066,104.8582,105.3305,103.4412,105.8028
2025-02-21,5201860,581613231,111.5,112.0,110.5,112.0,0.5,3680,0.9446681673872066,105.3305,105.8028,104.3858,105.8028
2025-02-24,5796940,645535459,111.5,113.0,110.5,111.5,-0.5,3862,0.9446681673872066,105.3305,105.3305,104.3858,106.7475
2025-02-25,8962167,1001524392,111.0,112.5,110.5,111.5,0.0,4456,0.9446681673872066,104.8582,105.3305,104.3858,106.2752
2025-02-26,10415889,1157409126,111.5,112.0,109.5,112.0,0.5,4832,0.9446681673872066,105.3305,105.8028,103.4412,105.8028
2025-02-27,23529426,2541072412,111.5,111.5,106.0,107.0,-5.0,11461,0.9446681673872066,105.3305,101.0795,100.1348,105.3305
2025-03-03,11614960,1264100716,107.0,110.0,106.5,109.5,2.5,6181,0.9446681673872066,101.0795,103.4412,100.6072,103.9135
2025-03-04,12175179,1329848804,108.0,110.0,107.5,109.0,-0.5,5047,0.9446681673872066,102.0242,102.9688,101.5518,103.9135
2025-03-05,7571795,828427640,109.5,110.0,108.5,109.0,0.0,4328,0.9446681673872066,103.4412,102.9688,102.4965,103.9135
2025-03-06,6433039,697739016,109.5,110.0,107.0,107.5,-1.5,4359,0.9446681673872066,103.4412,101.5518,101.0795,103.9135
2025-03-07,6559735,704457999,107.5,108.5,106.5,106.5,-1.0,4340,0.9446681673872066,101.5518,100.6072,100.6072,102.4965
2025-03-10,7010210,749248147,107.0,108.0,105.5,106.5,0.0,4125,0.9446681673872066,101.0795,100.6072,99.6625,102.0242
2025-03-11,11590151,1220287952,105.0,106.5,104.5,105.0,-1.5,6348,0.9446681673872066,99.1902,99.1902,98.7178,100.6072
2025-03-12,6312948,677857636,106.5,108.5,106.0,107.0,2.0,3639,0.9446681673872066,100.6072,101.0795,100.1348,102.4965
2025-03-13,7462950,794807042,108.0,108.5,105.0,105.5,-1.5,3802,0.9446681673872066,102.0242,99.6625,99.1902,102.4965
2025-03-14,5977471,630881180,106.0,106.5,105.0,105.5,0.0,3106,0.9446681673872066,100.1348,99.6625,99.1902,100.6072
2025-03-17,5334580,573434319,108.0,108.0,106.5,107.0,1.5,2860,0.9446681673872066,102.0242,101.0795,100.6072,102.0242
2025-03-18,7521922,803552416,107.5,108.5,105.5,107.0,0.0,3964,0.9446681673872066,101.5518,101.0795,99.6625,102.4965
2025-03-19,7431145,788507483,107.5,108.0,105.0,105.5,-1.5,4210,0.9446681673872066,101.5518,99.6625,99.1902,102.0242
2025-03-20,9356286,965978555,103.5,104.5,102.5,102.5,0.0,6515,0.9676909569798068,100.156,99.1883,99.1883,101.1237
2025-03-21,16398796,1704219934,104.0,105.0,103.0,104.0,1.5,3899,0.9676909569798068,100.6399,100.6399,99.6722,101.6076
2025-03-24,8139480,832482090,104.0,105.0,101.5,101.5,-2.5,5661,0.9676909569798068,100.6399,98.2206,98.2206,101.6076
2025-03-25,11656622,1173447025,102.5,103.0,100.0,100.0,-1.5,7995,0.9676909569798068,99.1883,96.7691,96.7691,99.6722
2025-03-26,7485123,757534981,101.0,102.0,100.5,101.5,1.5,3434,0.9676909569798068,97.7368,98.2206,97.2529,98.7045
2025-03-27,6579388,665564649,101.0,102.0,100.0,101.5,0.0,3150,0.9676909569798068,97.7368,98.2206,96.7691,98.7045
2025-03-28,14685843,1446352878,100.0,100.0,97.3,98.0,-3.5,11536,0.9676909569798068,96.7691,94.8337,94.1563,96.7691
2025-03-31,18148753,1690145251,95.5,95.9,90.9,90.9,-7.1,10973,0.9676909569798068,92.4145,87.9631,87.9631,92.8016
2025-04-01,8529869,802789331,92.8,95.3,92.6,94.3,3.4,6470,0.9676909569798068,89.8017,91.2533,89.6082,92.2209
2025-04-02,4316114,409268199,94.0,95.3,93.9,94.8,0.5,3203,0.9676909569798068,90.9629,91.7371,90.8662,92.2209
2025-04-07,2197008,187624243,85.4,85.4,85.4,85.4,-9.4,2122,0.9676909569798068,82.6408,82.6408,82.6408,82.6408
2025-04-08,17834960,1383163037,78.0,81.0,76.9,76.9,-8.5,11041,0.9676909569798068,75.4799,74.4154,74.4154,78.383
2025-04-09,19688722,1454918809,72.9,76.9,70.5,71.6,-5.3,10801,0.9676909569798068,70.5447,69.2867,68.2222,74.4154
2025-04-10,3338764,262760685,78.7,78.7,78.7,78.7,7.1,897,0.9676909569798068,76.1573,76.1573,76.1573,76.1573
2025-04-11,20342299,1684308610,75.8,86.0,75.8,85.6,6.9,17559,0.9676909569798068,73.351,82.8343,73.351,83.2214
2025-04-14,15722192,1388496710,88.9,90.8,86.7,87.2,1.6,11020,0.9676909569798068,86.0277,84.3827,83.8988,87.8663
2025-04-15,9752512,871059901,87.8,91.0,87.3,89.6,2.4,6979,0.9676909569798068,84.9633,86.7051,84.4794,88.0599
2025-04-16,6356047,567678886,88.9,90.2,88.5,88.8,-0.8,5883,0.9676909569798068,86.0277,85.931,85.6406,87.2857
2025-04-17,7502919,660190858,88.5,88.8,87.1,88.1,-0.7,5204,0.9676909569798068,85.6406,85.2536,84.2859,85.931
2025-04-18,4642986,414700766,88.7,90.1,88.6,89.0,0.9,3460,0.9676909569798068,85.8342,86.1245,85.7374,87.189
2025-04-21,4977520,444195292,89.0,89.9,88.8,88.8,-0.2,3444,0.9676909569798068,86.1245,85.931,85.931,86.9954
2025-04-22,6985776,620622989,87.9,89.4,87.9,88.8,0.0,3812,0.9676909569798068,85.06,85.931,85.06,86.5116
2025-04-23,8047994,723731710,90.0,90.3,89.5,89.9,1.1,3943,0.9676909569798068,87.0922,86.9954,86.6083,87.3825
2025-04-24,6149477,553455230,90.0,90.7,89.6,89.9,0.0,3344,0.9676909569798068,87.0922,86.9954,86.7051,87.7696
2025-04-25,3770796,346162066,91.0,92.4,91.0,91.7,1.8,3139,0.9676909569798068,88.0599,88.7373,88.0599,89.4146
2025-04-28,4046075,377327764,92.3,94.0,92.1,93.5,1.8,3951,0.9676909569798068,89.3179,90.4791,89.1243,90.9629
2025-04-29,7248939,680162747,93.2,95.0,92.1,93.8,0.3,4867,0.9676909569798068,90.1888,90.7694,89.1243,91.9306
2025-04-30,7305676,696882909,93.1,96.2,93.1,96.0,2.2,4614,0.9676909569798068,90.092,92.8983,90.092,93.0919
2025-05-02,13801434,1373546441,96.6,101.0,95.7,100.5,4.5,8327,0.9676909569798068,93.4789,97.2529,92.608,97.7368
2025-05-05,9061585,910632894,101.5,102.0,98.9,100.5,0.0,6424,0.9676909569798068,98.2206,97.2529,95.7046,98.7045
2025-05-06,10371161,1047318130,100.0,103.0,99.9,100.0,-0.5,6705,0.9676909569798068,96.7691,96.7691,96.6723,99.6722
2025-05-07,6569876,655518289,100.5,101.5,98.9,99.3,-0.7,12254,0.9676909569798068,97.2529,96.0917,95.7046,98.2206
2025-05-08,5771564,573447054,99.7,100.5,98.8,98.9,-0.4,3467,0.9676909569798068,96.4788,95.7046,95.6079,97.2529
2025-05-09,9072938,907500757,99.5,101.5,98.9,100.5,1.6,5606,0.9676909569798068,96.2853,97.2529,95.7046,98.2206
2025-05-12,3824165,385751933,100.5,101.5,100.5,101.0,0.5,2830,0.9676909569798068,97.2529,97.7368,97.2529,98.2206
2025-05-13,7742015,787895053,101.5,102.5,101.0,101.5,0.5,3945,0.9676909569798068,98.2206,98.2206,97.7368,99.1883
2025-05-14,6694655,687681361,102.0,103.5,102.0,103.0,1.5,4332,0.9676909569798068,98.7045,99.6722,98.7045,100.156
2025-05-15,3739550,385310691,103.0,103.5,102.5,103.0,0.0,2737,0.9676909569798068,99.6722,99.6722,99.1883,100.156
2025-05-16,7080159,722028051,102.5,104.0,100.5,102.0,-1.0,7799,0.9676909569798068,99.1883,98.7045,97.2529,100.6399
2025-05-19,5118767,519597195,101.0,103.0,100.5,101.0,-1.0,4253,0.9676909569798068,97.7368,97.7368,97.2529,99.6722
2025-05-20,3166163,321300914,102.5,103.0,101.0,101.0,0.0,2014,0.9676909569798068,99.1883,97.7368,97.7368,99.6722
2025-05-21,8921473,923197946,102.0,104.5,101.5,104.5,3.5,5847,0.9676909569798068,98.7045,101.1237,98.2206,101.1237
2025-05-22,7024849,718637824,103.0,104.0,101.5,102.5,-2.0,8458,0.9676909569798068,99.6722,99.1883,98.2206,100.6399
2025-05-23,6692130,676458909,102.0,102.5,100.5,101.0,-1.5,5282,0.9676909569798068,98.7045,97.7368,97.2529,99.1883
2025-05-26,8123690,819953619,101.5,101.5,100.0,101.5,0.5,4779,0.9676909569798068,98.2206,98.2206,96.7691,98.2206
2025-05-27,13065607,1332741012,101.5,103.5,100.5,101.5,0.0,6418,0.9676909569798068,98.2206,98.2206,97.2529,100.156
2025-05-28,13238678,1353022307,102.5,103.0,100.5,103.0,1.5,6137,0.9676909569798068,99.1883,99.6722,97.2529,99.6722
2025-05-29,18471607,1881574318,103.5,104.0,101.0,101.5,-1.5,5271,0.9676909569798068,100.156,98.2206,97.7368,100.6399
2025-06-02,7013450,705678362,101.0,101.5,100.0,101.0,-0.5,3377,0.9676909569798068,97.7368,97.7368,96.7691,98.2206
2025-06-03,8630547,886253864,101.5,103.5,101.0,103.0,2.0,3641,0.9676909569798068,98.2206,99.6722,97.7368,100.156
2025-06-04,15950113,1685881334,103.5,107.5,103.5,106.0,3.0,8009,0.9676909569798068,100.156,102.5752,100.156,104.0268
2025-06-05,9961892,1058815268,106.0,107.5,105.0,106.0,0.0,4843,0.9676909569798068,102.5752,102.5752,101.6076,104.0268
2025-06-06,4476941,475686112,106.0,107.0,105.5,106.0,0.0,2882,0.9676909569798068,102.5752,102.5752,102.0914,103.5429
2025-06-09,3196263,337250173,107.0,107.0,104.5,105.5,-0.5,2054,0.9676909569798068,103.5429,102.0914,101.1237,103.5429
2025-06-10,4658085,496216523,105.5,107.0,105.0,107.0,1.5,2747,0.9676909569798068,102.0914,103.5429,101.6076,103.5429
2025-06-11,9783310,1027930886,107.0,107.5,104.0,106.0,-1.0,3995,0.9676909569798068,103.5429,102.5752,100.6399,104.0268
2025-06-12,5462093,584677702,106.0,107.5,105.5,107.5,1.5,3425,0.9676909569798068,102.5752,104.0268,102.0914,104.0268
2025-06-13,8772918,946497115,107.0,108.5,106.0,108.5,1.0,5112,0.9676909569798068,103.5429,104.9945,102.5752,104.9945
2025-06-16,3681739,398117106,107.5,108.5,107.0,108.5,0.0,2547,0.9676909569798068,104.0268,104.9945,103.5429,104.9945
2025-06-17,5088998,549521747,109.0,109.5,107.0,107.5,-1.0,3182,0.9676909569798068,105.4783,104.0268,103.5429,105.9622
2025-06-18,5646590,614307585,108.5,109.5,107.5,108.5,1.0,3681,0.9676909569798068,104.9945,104.9945,104.0268,105.9622
2025-06-19,2721306,292801598,108.5,109.0,107.0,107.0,-1.5,2166,0.9676909569798068,104.9945,103.5429,103.5429,105.4783
2025-06-20,14538268,1555740478,107.0,108.5,106.0,107.0,0.0,3087,0.9676909569798068,103.5429,103.5429,102.5752,104.9945
2025-06-23,6670307,707581815,106.0,107.5,105.5,106.0,-1.0,3113,0.9676909569798068,102.5752,102.5752,102.0914,104.0268
2025-06-24,10043147,1097145942,108.0,110.0,107.5,109.0,3.0,4903,0.9676909569798068,104.5106,105.4783,104.0268,106.446
2025-06-25,5287120,578902378,109.0,110.0,108.0,109.5,0.5,3701,0.9676909569798068,105.4783,105.9622,104.5106,106.446
2025-06-26,11433945,1270810855,110.0,112.0,110.0,111.0,1.5,6524,0.9676909569798068,106.446,107.4137,106.446,108.3814
2025-06-27,11143378,1244827352,111.5,112.5,110.5,111.5,0.5,7642,0.9676909569798068,107.8975,107.8975,106.9299,108.8652
2025-06-30,9395829,1041234977,111.0,112.5,109.5,110.5,-1.0,4862,0.9676909569798068,107.4137,106.9299,105.9622,108.8652
2025-07-01,7236793,807063158,111.0,112.5,110.5,111.5,1.0,4341,0.9676909569798068,107.4137,107.8975,106.9299,108.8652
2025-07-02,6053589,676863351,110.5,112.5,110.5,112.0,0.5,3355,0.9676909569798068,106.9299,108.3814,106.9299,108.8652
2025-07-03,15130188,1725717604,112.0,115.0,112.0,115.0,3.0,9789,0.9676909569798068,108.3814,111.2845,108.3814,111.2845
2025-07-04,9567325,1093468857,115.0,116.5,112.5,113.5,-1.5,5755,0.9676909569798068,111.2845,109.8329,108.8652,112.736
2025-07-07,7664416,868047074,113.5,114.0,111.5,114.0,0.5,4239,0.9676909569798068,109.8329,110.3168,107.8975,110.3168
2025-07-08,7870213,896991535,114.0,115.0,113.0,114.5,0.5,5221,0.9676909569798068,110.3168,110.8006,109.3491,111.2845
2025-07-09,9244171,1070018688,115.0,116.5,114.0,116.5,2.0,6453,0.9676909569798068,111.2845,112.736,110.3168,112.736
2025-07-10,10160252,1189962562,116.0,118.0,115.0,117.5,1.0,6626,0.9676909569798068,112.2522,113.7037,111.2845,114.1875
2025-07-11,11071433,1299074172,117.5,118.5,115.5,118.0,0.5,7135,0.9676909569798068,113.7037,114.1875,111.7683,114.6714
2025-07-14,5921135,682540491,117.5,118.0,114.0,115.5,-2.5,4441,0.9676909569798068,113.7037,111.7683,110.3168,114.1875
2025-07-15,7463348,868079101,115.0,117.0,115.0,117.0,1.5,4516,0.9676909569798068,111.2845,113.2198,111.2845,113.2198
2025-07-16,12374838,1449659206,117.0,118.0,116.5,117.0,0.0,7948,0.9676909569798068,113.2198,113.2198,112.736,114.1875
2025-07-17,10255797,1182922218,117.0,117.0,114.5,115.0,-2.0,5917,0.9676909569798068,113.2198,111.2845,110.8006,113.2198
2025-07-18,5955483,687176776,115.5,116.5,114.5,116.0,1.0,3892,0.9676909569798068,111.7683,112.2522,110.8006,112.736
2025-07-21,7258755,848831571,116.5,118.0,115.5,116.0,0.0,4523,0.9676909569798068,112.736,112.2522,111.7683,114.1875
2025-07-22,10921766,1272572710,116.5,118.5,114.5,115.0,-1.0,6644,0.9676909569798068,112.736,111.2845,110.8006,114.6714
2025-07-23,8714160,1015951476,116.5,117.0,115.5,117.0,2.0,4441,0.9676909569798068,112.736,113.2198,111.7683,113.2198
2025-07-24,7006775,818794445,117.0,118.0,115.5,116.5,-0.5,3883,0.9676909569798068,113.2198,112.736,111.7683,114.1875
2025-07-25,6387760,748282004,116.5,117.5,116.0,117.5,1.0,4019,0.9676909569798068,112.736,113.7037,112.2522,113.7037
2025-07-28,31543485,3897848625,118.5,126.5,118.5,124.5,7.0,19392,0.9676909569798068,114.6714,120.4775,114.6714,122.4129
2025-07-29,16089748,1985106687,124.5,124.5,121.5,124.5,0.0,11375,0.9676909569798068,120.4775,120.4775,117.5745,120.4775
2025-07-30,17498310,2199829428,124.5,128.0,123.5,126.0,1.5,11206,0.9676909569798068,120.4775,121.9291,119.5098,123.8644
2025-07-31,38023651,4500960536,121.5,121.5,115.0,119.0,-7.0,25233,0.9676909569798068,117.5745,115.1552,111.2845,117.5745
2025-08-01,21101469,2542906221,116.5,122.5,115.5,121.5,2.5,11322,0.9676909569798068,112.736,117.5745,111.7683,118.5421
2025-08-04,14053659,1697049660,119.5,122.0,119.0,121.5,0.0,7142,0.9676909569798068,115.6391,117.5745,115.1552,118.0583
2025-08-05,60756283,7851112556,125.0,133.5,122.5,133.5,12.0,35308,0.9676909569798068,120.9614,129.1867,118.5421,129.1867
2025-08-06,128300961,17491840672,136.0,141.0,132.5,133.0,-0.5,66619,0.9676909569798068,131.606,128.7029,128.2191,136.4444
2025-08-07,69822230,9615755696,135.0,142.5,133.0,137.5,4.5,39406,0.9676909569798068,130.6383,133.0575,128.7029,137.896
2025-08-08,38130566,5274792390,138.5,141.5,136.5,137.0,-0.5,24032,0.9676909569798068,134.0252,132.5737,132.0898,136.9283
2025-08-11,39908762,5522456357,137.5,141.5,134.5,140.5,3.5,20974,0.9676909569798068,133.0575,135.9606,130.1544,136.9283
2025-08-12,26942849,3756199563,142.0,142.5,137.0,137.5,-3.0,17035,0.9676909569798068,137.4121,133.0575,132.5737,137.896
2025-08-13,35544365,4908588374,140.0,141.0,135.5,137.0,-0.5,23361,0.9676909569798068,135.4767,132.5737,131.1221,136.4444
2025-08-14,32354032,4296366308,137.5,138.0,130.5,132.5,-4.5,24657,0.9676909569798068,133.0575,128.2191,126.2837,133.5414
2025-08-15,24024659,3209480641,132.5,136.0,130.5,134.0,1.5,14822,0.9676909569798068,128.2191,129.6706,126.2837,131.606
2025-08-18,21679166,2917448034,134.5,137.5,132.5,134.0,0.0,15377,0.9676909569798068,130.1544,129.6706,128.2191,133.0575
2025-08-19,32576457,4193579997,132.5,133.0,127.0,127.5,0.0,23216,0.9823529411764705,130.1618,125.25,124.7588,130.6529
2025-08-20,18330799,2270563904,126.0,126.5,122.0,123.0,-4.5,16485,0.9823529411764705,123.7765,120.8294,119.8471,124.2676
2025-08-21,17660711,2221275019,124.5,127.5,123.5,125.0,2.0,11207,0.9823529411764705,122.3029,122.7941,121.3206,125.25
2025-08-22,13900638,1742518526,125.0,127.0,124.0,124.0,-1.0,7938,0.9823529411764705,122.7941,121.8118,121.8118,124.7588
2025-08-25,10329127,1297677897,127.0,127.5,124.5,125.0,1.0,7873,0.9823529411764705,124.7588,122.7941,122.3029,125.25
2025-08-26,8871425,1110218656,125.0,127.0,123.0,125.0,0.0,5404,0.9823529411764705,122.7941,122.7941,120.8294,124.7588
2025-08-27,28824994,3763260839,125.0,133.0,124.0,131.0,6.0,16463,0.9823529411764705,122.7941,128.6882,121.8118,130.6529
2025-08-28,10836889,1416171209,131.0,132.5,129.0,130.0,-1.0,7931,0.9823529411764705,128.6882,127.7059,126.7235,130.1618
2025-08-29,23152125,3051587235,131.0,135.0,130.0,130.0,0.0,11549,0.9823529411764705,128.6882,127.7059,127.7059,132.6176
2025-09-01,13897980,1760186721,129.5,130.5,124.0,126.0,-4.0,9920,0.9823529411764705,127.2147,123.7765,121.8118,128.1971
2025-09-02,12192391,1520928780,127.0,128.5,122.5,125.0,-1.0,8725,0.9823529411764705,124.7588,122.7941,120.3382,126.2324
2025-09-03,4836067,605828924,125.5,127.0,124.5,125.0,0.0,4447,0.9823529411764705,123.2853,122.7941,122.3029,124.7588
2025-09-04,12344708,1559472709,126.0,128.0,125.0,125.5,0.5,6847,0.9823529411764705,123.7765,123.2853,122.7941,125.7412
2025-09-05,21545379,2796289213,128.0,131.5,127.0,130.5,5.0,11779,0.9823529411764705,125.7412,128.1971,124.7588,129.1794
2025-09-08,21983813,2925576107,133.5,135.0,130.5,134.0,3.5,15326,0.9823529411764705,131.1441,131.6353,128.1971,132.6176
2025-09-09,59240623,8340008773,135.5,144.5,134.0,140.5,6.5,46882,0.9823529411764705,133.1088,138.0206,131.6353,141.95
2025-09-10,20822620,3198565328,150.0,154.5,149.5,154.5,14.0,12691,0.9823529411764705,147.3529,151.7735,146.8618,151.7735
2025-09-11,160599726,26332561950,161.0,169.5,156.5,165.5,11.0,89710,0.9823529411764705,158.1588,162.5794,153.7382,166.5088
2025-09-12,87816778,14580130117,169.0,173.0,160.5,163.0,-2.5,58255,0.9823529411764705,166.0176,160.1235,157.6676,169.9471
2025-09-15,49112871,7975915133,168.0,168.0,158.5,161.0,-2.0,34724,0.9823529411764705,165.0353,158.1588,155.7029,165.0353
2025-09-16,44987528,7394549115,161.0,167.0,160.0,167.0,6.0,25956,0.9823529411764705,158.1588,164.0529,157.1765,164.0529
2025-09-17,35686645,5763387238,165.5,166.5,159.0,159.5,-7.5,29875,0.9823529411764705,162.5794,156.6853,156.1941,163.5618
2025-09-18,42834068,7027121926,159.5,168.0,159.5,164.5,5.0,23658,0.9823529411764705,156.6853,161.5971,156.6853,165.0353
2025-09-19,50127108,8414002726,165.0,170.5,163.5,169.0,4.5,28726,0.9823529411764705,162.0882,166.0176,160.6147,167.4912
2025-09-22,66747712,11859034478,168.5,185.5,167.0,185.5,16.5,44006,0.9823529411764705,165.5265,182.2265,164.0529,182.2265
2025-09-23,68259245,12544248302,185.0,189.5,179.0,183.0,-2.5,47695,0.9823529411764705,181.7353,179.7706,175.8412,186.1559
2025-09-24,48127570,8549562254,184.0,186.5,174.0,175.0,-8.0,35079,0.9823529411764705,180.7529,171.9118,170.9294,183.2088
2025-09-25,27376151,4728582667,175.0,175.5,170.5,172.0,-3.0,21133,0.9823529411764705,171.9118,168.9647,167.4912,172.4029
2025-09-26,32492448,5340538856,168.5,170.5,161.0,163.5,-8.5,22983,0.9823529411764705,165.5265,160.6147,158.1588,167.4912
2025-09-30,41834780,7202611958,168.5,176.0,168.0,172.5,9.0,25773,0.9823529411764705,165.5265,169.4559,165.0353,172.8941
2025-10-01,24584656,4206160787,173.0,174.0,169.0,169.5,-3.0,16895,0.9823529411764705,169.9471,166.5088,166.0176,170.9294
2025-10-02,25703160,4426326997,172.0,174.5,170.5,170.5,1.0,14920,0.9823529411764705,168.9647,167.4912,167.4912,171.4206
2025-10-03,22753417,3895858644,171.0,174.0,168.0,172.0,1.5,18002,0.9823529411764705,167.9824,168.9647,165.0353,170.9294
2025-10-07,40013645,6956539039,174.0,178.0,170.0,173.0,1.0,29448,0.9823529411764705,170.9294,169.9471,167.0,174.8588
2025-10-08,21334236,3655816060,170.5,174.0,168.0,172.0,-1.0,16188,0.9823529411764705,167.4912,168.9647,165.0353,170.9294
2025-10-09,25183757,4316071548,174.5,176.0,169.0,171.0,-1.0,17584,0.9823529411764705,171.4206,167.9824,166.0176,172.8941
2025-10-13,24693057,4121213801,162.0,170.0,161.0,168.0,-3.0,20042,0.9823529411764705,159.1412,165.0353,158.1588,167.0
2025-10-14,29250489,4797796204,170.5,171.5,160.0,160.0,-8.0,25742,0.9823529411764705,167.4912,157.1765,157.1765,168.4735
2025-10-15,35671295,5734819787,160.5,163.5,158.5,161.5,1.5,18545,0.9823529411764705,157.6676,158.65,155.7029,160.6147
2025-10-16,53538919,9053601828,170.0,172.5,165.5,169.0,7.5,33785,0.9823529411764705,167.0,166.0176,162.5794,169.4559
2025-10-17,25118689,4176167197,167.0,169.0,164.0,165.5,-3.5,18067,0.9823529411764705,164.0529,162.5794,161.1059,166.0176
2025-10-20,25076152,4101723139,166.0,167.5,161.0,164.5,-1.0,18447,0.9823529411764705,163.0706,161.5971,158.1588,164.5441
2025-10-21,23784896,3976374671,166.0,169.5,164.0,165.5,1.0,17667,0.9823529411764705,163.0706,162.5794,161.1059,166.5088
2025-10-22,15219695,2533044884,164.5,169.0,164.0,167.5,2.0,11390,0.9823529411764705,161.5971,164.5441,161.1059,166.0176
2025-10-23,26201669,4445993200,165.0,173.5,164.5,170.5,3.0,19164,0.9823529411764705,162.0882,167.4912,161.5971,170.4382
2025-10-27,63265858,11440653511,177.5,185.0,176.5,182.0,11.5,43558,0.9823529411764705,174.3676,178.7882,173.3853,181.7353
2025-10-28,68530039,12906809382,181.0,194.0,180.0,188.5,6.5,69335,0.9823529411764705,177.8059,185.1735,176.8235,190.5765
2025-10-29,57329638,11090039016,189.0,197.0,188.0,195.0,6.5,47025,0.9823529411764705,185.6647,191.5588,184.6824,193.5235
2025-10-30,106013672,18962263591,185.0,186.0,175.5,181.0,-14.0,95285,0.9823529411764705,181.7353,177.8059,172.4029,182.7176
2025-10-31,45567195,8076593863,179.0,181.5,173.5,179.5,-1.5,37362,0.9823529411764705,175.8412,176.3324,170.4382,178.2971
2025-11-03,29037097,5216444693,180.0,181.5,177.0,180.0,0.5,20529,0.9823529411764705,176.8235,176.8235,173.8765,178.2971
2025-11-04,34225055,5941425095,180.5,181.5,170.0,170.0,-10.0,32364,0.9823529411764705,177.3147,167.0,167.0,178.2971
2025-11-05,20471360,3415799275,165.0,169.5,164.0,169.0,-1.0,17707,0.9823529411764705,162.0882,166.0176,161.1059,166.5088
2025-11-06,16548291,2812798835,171.0,172.0,168.0,169.0,0.0,12324,0.9823529411764705,167.9824,166.0176,165.0353,168.9647
2025-11-07,12087601,2017842526,168.0,169.0,165.5,166.5,-2.5,10216,0.9823529411764705,165.0353,163.5618,162.5794,166.0176
2025-11-10,12470380,2108763329,168.5,170.5,167.5,169.0,2.5,9582,0.9823529411764705,165.5265,166.0176,164.5441,167.4912
2025-11-11,16318136,2782582652,171.0,175.0,167.5,167.5,-1.5,13355,0.9823529411764705,167.9824,164.5441,164.5441,171.9118
2025-11-12,10572395,1767869347,168.0,169.0,166.5,166.5,-1.0,9716,0.9823529411764705,165.0353,163.5618,163.5618,166.0176
2025-11-13,18316036,3031713588,167.0,168.0,164.0,164.5,-2.0,14201,0.9823529411764705,164.0529,161.5971,161.1059,165.0353
2025-11-14,20868953,3371858763,160.5,164.0,159.5,162.5,-2.0,15577,0.9823529411764705,157.6676,159.6324,156.6853,161.1059
2025-11-17,17878211,2918829265,163.0,165.0,161.5,162.5,0.0,11324,0.9823529411764705,160.1235,159.6324,158.65,162.0882
2025-11-18,49387854,7649479589,160.0,160.0,152.5,154.5,-8.0,30389,0.9823529411764705,157.1765,151.7735,149.8088,157.1765
2025-11-19,32964363,5022784742,154.5,156.5,150.0,153.5,-1.0,19979,0.9823529411764705,151.7735,150.7912,147.3529,153.7382
2025-11-20,29854124,4735213004,158.0,160.5,156.5,160.0,6.5,17333,0.9823529411764705,155.2118,157.1765,153.7382,157.6676
2025-11-21,25557881,3892624091,154.5,155.5,150.5,153.5,-6.5,16867,0.9823529411764705,151.7735,150.7912,147.8441,152.7559
2025-11-24,34493665,5330763891,157.0,157.5,152.5,155.0,1.5,10288,0.9823529411764705,154.2294,152.2647,149.8088,154.7206
2025-11-25,22922967,3561255788,158.0,158.5,154.0,154.5,-0.5,11975,0.9823529411764705,155.2118,151.7735,151.2824,155.7029
2025-11-26,19947221,3170553681,157.0,161.5,156.0,158.5,4.0,13133,0.9823529411764705,154.2294,155.7029,153.2471,158.65
2025-11-27,9840705,1561883942,159.5,160.0,158.0,158.0,-0.5,6834,0.9823529411764705,156.6853,155.2118,155.2118,157.1765
2025-11-28,9048721,1436098926,160.5,160.5,156.5,159.0,1.0,6309,0.9823529411764705,157.6676,156.1941,153.7382,157.6676
2025-12-01,11319678,1804310071,158.5,162.0,156.0,159.0,0.0,8355,0.9823529411764705,155.7029,156.1941,153.2471,159.1412
2025-12-02,9729233,1562084876,160.0,162.0,159.5,160.0,1.0,6645,0.9823529411764705,157.1765,157.1765,156.6853,159.1412
2025-12-03,8281413,1327575822,160.5,161.5,159.0,160.0,0.0,6070,0.9823529411764705,157.6676,157.1765,156.1941,158.65
2025-12-04,10303307,1670140676,161.0,163.5,160.0,162.0,2.0,6936,0.9823529411764705,158.1588,159.1412,157.1765,160.6147
2025-12-05,9904010,1595488361,162.5,164.5,159.0,160.0,-2.0,7953,0.9823529411764705,159.6324,157.1765,156.1941,161.5971
2025-12-08,8776830,1404237744,160.0,161.0,158.0,160.5,0.5,5592,0.9823529411764705,157.1765,157.6676,155.2118,158.1588
2025-12-09,6333966,1010711169,160.0,161.5,159.0,159.0,-1.5,5227,0.9823529411764705,157.1765,156.1941,156.1941,158.65
2025-12-10,8047863,1286615288,160.5,161.0,158.0,159.5,0.5,5629,0.9823529411764705,157.6676,156.6853,155.2118,158.1588
2025-12-11,15257305,2380940959,159.0,161.0,153.5,153.5,-6.0,15881,0.9823529411764705,156.1941,150.7912,150.7912,158.1588
2025-12-12,9256813,1422131166,154.5,155.5,152.5,153.5,0.0,7780,0.9823529411764705,151.7735,150.7912,149.8088,152.7559
2025-12-15,7536112,1140006150,148.5,153.0,148.0,151.5,-2.0,7130,0.9823529411764705,145.8794,148.8265,145.3882,150.3
2025-12-16,11195558,1697314622,151.0,152.5,150.5,151.5,0.0,6984,0.9823529411764705,148.3353,148.8265,147.8441,149.8088
2025-12-17,9846989,1519718865,152.5,156.0,152.0,154.5,3.0,7277,0.9823529411764705,149.8088,151.7735,149.3176,153.2471
2025-12-18,8851255,1371194578,153.5,156.0,153.0,155.0,0.5,5551,0.9823529411764705,150.7912,152.2647,150.3,153.2471
2025-12-19,17954983,2860371066,157.0,161.0,156.0,159.5,4.5,9866,0.9823529411764705,154.2294,156.6853,153.2471,158.1588
2025-12-22,36831072,6200743529,162.0,171.0,161.0,169.0,9.5,25632,0.9823529411764705,159.1412,166.0176,158.1588,167.9824
2025-12-23,14877931,2456087185,169.0,169.0,163.0,163.0,-6.0,33867,0.9823529411764705,166.0176,160.1235,160.1235,166.0176
2025-12-24,8636912,1423648233,164.0,165.5,163.5,165.5,2.5,5496,0.9823529411764705,161.1059,162.5794,160.6147,162.5794
2025-12-26,16606801,2691715872,165.5,165.5,160.5,162.5,-3.0,11459,0.9823529411764705,162.5794,159.6324,157.6676,162.5794
2025-12-29,13449592,2205654598,163.5,166.0,162.0,165.0,2.5,6992,0.9823529411764705,160.6147,162.0882,159.1412,163.0706
2025-12-30,14561517,2360818022,164.0,165.5,161.0,162.0,-3.0,8599,0.9823529411764705,161.1059,159.1412,158.1588,162.5794
2025-12-31,14463579,2346821744,164.0,164.0,160.5,163.5,1.5,7751,0.9823529411764705,161.1059,160.6147,157.6676,161.1059
2026-01-02,24704090,4159909142,164.5,171.5,164.5,167.0,3.5,19360,0.9823529411764705,161.5971,164.0529,161.5971,168.4735
2026-01-05,27328397,4638149624,170.0,172.5,166.5,169.5,2.5,21172,0.9823529411764705,167.0,166.5088,163.5618,169.4559
2026-01-06,19302766,3272038530,170.0,171.0,166.5,170.5,1.0,15094,0.9823529411764705,167.0,167.4912,163.5618,167.9824
2026-01-07,25905660,4311512067,171.5,173.0,163.0,163.5,-7.0,33967,0.9823529411764705,168.4735,160.6147,160.1235,169.9471
2026-01-08,12255306,1980731655,163.5,164.5,160.0,161.5,-2.0,9880,0.9823529411764705,160.6147,158.65,157.1765,161.5971
2026-01-09,13640375,2179916773,161.0,162.0,157.5,160.0,-1.5,10273,0.9823529411764705,158.1588,157.1765,154.7206,159.1412
2026-01-12,11161468,1829411362,162.0,165.5,162.0,164.5,4.5,8932,0.9823529411764705,159.1412,161.5971,159.1412,162.5794
2026-01-13,14483784,2393827004,166.0,168.5,163.0,163.5,-1.0,10225,0.9823529411764705,163.0706,160.6147,160.1235,165.5265
2026-01-14,14628426,2436977648,163.5,168.5,162.5,167.0,3.5,10529,0.9823529411764705,160.6147,164.0529,159.6324,165.5265
2026-01-15,9905068,1638172322,168.0,169.0,163.5,165.0,-2.0,12347,0.9823529411764705,165.0353,162.0882,160.6147,166.0176
2026-01-16,22573921,3802084132,166.0,172.0,165.5,166.0,1.0,16201,0.9823529411764705,163.0706,163.0706,162.5794,168.9647
2026-01-19,13796904,2267936148,166.0,169.0,162.5,163.0,-3.0,13810,0.9823529411764705,163.0706,160.1235,159.6324,166.0176
2026-01-20,11484784,1850666885,161.0,163.0,159.5,161.5,-1.5,9866,0.9823529411764705,158.1588,158.65,156.6853,160.1235
2026-01-21,17617790,2882272563,159.5,167.5,159.0,161.0,-0.5,13915,0.9823529411764705,156.6853,158.1588,156.1941,164.5441
2026-01-22,54698973,9595855844,166.0,177.0,166.0,177.0,16.0,32342,0.9823529411764705,163.0706,173.8765,163.0706,173.8765
2026-01-23,82732555,14612157412,182.5,184.5,171.0,172.0,-5.0,65655,0.9823529411764705,179.2794,168.9647,167.9824,181.2441
2026-01-26,29509746,4965143559,171.5,174.0,165.5,167.0,-5.0,32586,0.9823529411764705,168.4735,164.0529,162.5794,170.9294
2026-01-27,21946578,3665977995,167.0,170.0,164.0,169.5,2.5,14417,0.9823529411764705,164.0529,166.5088,161.1059,167.0
2026-01-28,28389917,4855131833,170.5,174.5,167.5,172.5,3.0,19048,0.9823529411764705,167.4912,169.4559,164.5441,171.4206
2026-01-29,21179095,3544009832,174.0,174.0,165.0,167.0,-5.5,25098,0.9823529411764705,170.9294,164.0529,162.0882,170.9294
2026-01-30,16724517,2738201062,165.5,166.5,161.5,164.0,-3.0,11830,0.9823529411764705,162.5794,161.1059,158.65,163.5618
2026-02-02,18031050,2888591680,162.5,164.0,158.0,160.5,-3.5,14757,0.9823529411764705,159.6324,157.6676,155.2118,161.1059
2026-02-03,22807522,3801499931,163.5,171.5,162.0,170.5,10.0,15164,0.9823529411764705,160.6147,167.4912,159.1412,168.4735
2026-02-04,33575165,5813182466,170.5,178.0,167.5,173.5,3.0,29973,0.9823529411764705,167.4912,170.4382,164.5441,174.8588
2026-02-05,20834939,3481786289,170.0,172.0,165.0,165.5,-8.0,39922,0.9823529411764705,167.0,162.5794,162.0882,168.9647
2026-02-06,12317547,2009946102,163.0,165.0,161.0,164.5,-1.0,8787,0.9823529411764705,160.1235,161.5971,158.1588,162.0882
2026-02-09,26286133,4488008990,169.0,174.0,167.0,173.5,9.0,17307,0.9823529411764705,166.0176,170.4382,164.0529,170.9294
2026-02-10,52348989,9318756105,174.0,180.5,172.0,177.5,4.0,33310,0.9823529411764705,170.9294,174.3676,168.9647,177.3147
2026-02-11,33625719,6007849674,175.5,181.0,174.0,179.5,2.0,21406,0.9823529411764705,172.4029,176.3324,170.9294,177.8059
2026-02-23,39472491,7304673004,184.5,187.5,180.5,184.5,5.0,29952,0.9823529411764705,181.2441,181.2441,177.3147,184.1912
2026-02-24,38376937,7308286609,186.5,194.0,183.5,193.5,9.0,45135,0.9823529411764705,183.2088,190.0853,180.2618,190.5765
2026-02-25,30447331,5863121094,197.0,200.0,188.0,192.0,-1.5,47841,0.9823529411764705,193.5235,188.6118,184.6824,196.4706
2026-02-26,98092075,17078574787,185.0,185.5,173.0,173.0,-19.0,78744,0.9823529411764705,181.7353,169.9471,169.9471,182.2265
2026-03-02,33393984,5661746112,167.0,174.0,165.5,169.0,-4.0,30623,0.9823529411764705,164.0529,166.0176,162.5794,170.9294
2026-03-03,29085972,4848716881,170.0,171.0,164.0,165.0,-4.0,25016,0.9823529411764705,167.0,162.0882,161.1059,167.9824
2026-03-04,39068518,6169380282,162.0,163.5,155.0,155.5,-9.5,32890,0.9823529411764705,159.1412,152.7559,152.2647,160.6147
2026-03-05,24197040,3878521463,161.5,162.5,158.5,161.0,5.5,16536,0.9823529411764705,158.65,158.1588,155.7029,159.6324
2026-03-06,15607363,2480717869,158.5,161.0,157.0,159.0,-2.0,12154,0.9823529411764705,155.7029,156.1941,154.2294,158.1588
2026-03-09,21883775,3232591142,147.0,150.0,146.0,149.0,-10.0,19109,0.9823529411764705,144.4059,146.3706,143.4235,147.3529
2026-03-10,18333361,2851322431,155.5,158.5,153.0,155.0,6.0,12909,0.9823529411764705,152.7559,152.2647,150.3,155.7029
2026-03-11,12130179,1931735594,157.5,161.0,157.5,159.0,4.0,10509,0.9823529411764705,154.7206,156.1941,154.7206,158.1588
2026-03-12,18215891,2911189492,157.5,161.5,155.0,159.5,0.5,10627,0.9823529411764705,154.7206,156.6853,152.2647,158.65
2026-03-13,27991686,4674142932,158.0,171.5,157.5,167.0,7.5,20191,0.9823529411764705,155.2118,164.0529,154.7206,168.4735
2026-03-16,13174816,2177031526,167.0,168.0,163.0,165.0,-2.0,11757,0.9823529411764705,164.0529,162.0882,160.1235,165.0353
2026-03-17,18588175,3106654332,165.0,169.5,164.5,168.0,3.0,11575,0.9823529411764705,162.0882,165.0353,161.5971,166.5088
2026-03-18,23443533,3984716568,171.0,173.0,167.5,170.0,2.0,16336,0.9823529411764705,167.9824,167.0,164.5441,169.9471
2026-03-19,20898618,3383653511,164.5,165.0,160.5,160.5,0.0,19341,1.0,164.5,160.5,160.5,165.0
2026-03-20,13701865,2189382410,161.0,162.5,158.5,160.0,-0.5,10019,1.0,161.0,160.0,158.5,162.5
2026-03-23,10396796,1605798787,153.5,157.0,151.0,154.0,-6.0,10910,1.0,153.5,154.0,151.0,157.0
2026-03-24,8715043,1350591119,156.5,158.5,152.5,153.0,-1.0,7996,1.0,156.5,153.0,152.5,158.5
2026-03-25,14502718,2295660200,158.5,161.5,156.5,157.5,4.5,10933,1.0,158.5,157.5,156.5,161.5
2026-03-26,15055347,2348985816,158.5,159.5,153.5,154.0,-3.5,12626,1.0,158.5,154.0,153.5,159.5
2026-03-27,13188257,1994343294,153.5,154.5,149.0,152.0,-2.0,12678,1.0,153.5,152.0,149.0,154.5
2026-03-30,8895888,1332346901,148.0,151.5,147.5,149.5,-2.5,7563,1.0,148.0,149.5,147.5,151.5
2026-03-31,25193642,3590252908,147.5,147.5,139.5,140.5,-9.0,23530,1.0,147.5,140.5,139.5,147.5
2026-04-01,10190138,1500329149,147.0,148.0,146.0,147.5,7.0,8932,1.0,147.0,147.5,146.0,148.0
2026-04-02,11205949,1623886102,148.5,148.5,142.5,145.0,-2.5,8505,1.0,148.5,145.0,142.5,148.5
2026-04-07,14927551,2136673453,145.5,147.0,141.5,142.5,-2.5,11699,1.0,145.5,142.5,141.5,147.0
2026-04-08,17193891,2664866020,152.0,156.5,150.5,156.5,14.0,12613,1.0,152.0,156.5,150.5,156.5
2026-04-09,25479732,3947711303,156.5,159.5,152.0,155.0,-1.5,18190,1.0,156.5,155.0,152.0,159.5
2026-04-10,39144190,6276480585,158.5,164.5,156.0,161.5,6.5,25531,1.0,158.5,161.5,156.0,164.5
2026-04-13,30958213,4769438451,159.5,159.5,153.0,153.5,-8.0,26831,1.0,159.5,153.5,153.0,159.5
2026-04-14,16947337,2661681872,156.5,158.0,155.5,157.5,4.0,13120,1.0,156.5,157.5,155.5,158.0
2026-04-15,24555323,3880394857,159.5,160.5,155.5,159.0,1.5,14605,1.0,159.5,159.0,155.5,160.5
2026-04-16,18577520,2992575955,161.5,162.5,159.5,161.0,2.0,11971,1.0,161.5,161.0,159.5,162.5
2026-04-17,18876840,3057067605,161.5,163.5,160.0,162.0,1.0,12321,1.0,161.5,162.0,160.0,163.5
2026-04-20,30332619,5032540152,164.5,169.5,163.5,165.0,3.0,18851,1.0,164.5,165.0,163.5,169.5
2026-04-21,45494582,7744773913,165.0,173.5,163.5,171.5,6.5,30555,1.0,165.0,171.5,163.5,173.5
2026-04-22,37025384,6479765500,172.0,178.0,170.0,176.0,4.5,28798,1.0,172.0,176.0,170.0,178.0
2026-04-23,48873804,8256224732,181.0,181.0,160.5,164.5,-11.5,43563,1.0,181.0,164.5,160.5,181.0
2026-04-24,25524324,4273956553,166.0,170.5,162.5,169.5,5.0,19894,1.0,166.0,169.5,162.5,170.5
2026-04-27,38618473,6749350620,174.5,181.0,171.0,172.0,2.5,26132,1.0,174.5,172.0,171.0,181.0
2026-04-28,23859971,4111394263,173.0,175.0,169.0,172.5,0.5,28716,1.0,173.0,172.5,169.0,175.0
2026-04-29,21954424,3752154970,171.0,174.0,168.0,172.0,-0.5,16531,1.0,171.0,172.0,168.0,174.0
2026-04-30,57280644,9838257184,170.0,179.5,164.5,166.0,-6.0,38140,1.0,170.0,166.0,164.5,179.5
2026-05-04,36940897,6344125083,168.5,175.5,168.0,171.5,5.5,27184,1.0,168.5,171.5,168.0,175.5
2026-05-05,16969753,2885861668,172.0,172.5,168.5,171.0,-0.5,13765,1.0,172.0,171.0,168.5,172.5
2026-05-06,90200922,16257089915,175.0,187.0,173.5,185.0,14.0,57518,1.0,175.0,185.0,173.5,187.0
2026-05-07,53993413,10769030615,188.0,203.5,185.5,203.5,18.5,30615,1.0,188.0,203.5,185.5,203.5
2026-05-08,98460939,20399945595,208.0,214.5,198.5,204.0,0.5,88322,1.0,208.0,204.0,198.5,214.5
2026-05-11,44158814,9732511570,210.5,224.0,208.0,224.0,20.0,29539,1.0,210.5,224.0,208.0,224.0
2026-05-12,91946205,22064875325,245.0,246.0,230.0,234.5,10.5,58161,1.0,245.0,234.5,230.0,246.0
