Date,Capacity,Turnover,Open,High,Low,Close,Change,Transaction,AdjFactor,Open_adj,Close_adj,Low_adj,High_adj
2020-05-04,86712,638176,7.44,7.44,7.28,7.4,-0.05,48,0.8626066437025501,6.4178,6.3833,6.2798,6.4178
2020-05-05,124858,930398,7.4,7.49,7.4,7.45,0.05,50,0.8626066437025501,6.3833,6.4264,6.3833,6.4609
2020-05-06,159499,1172290,7.45,7.5,7.27,7.36,-0.09,72,0.8626066437025501,6.4264,6.3488,6.2712,6.4695
2020-05-07,93023,683866,7.22,7.38,7.22,7.34,-0.02,48,0.8626066437025501,6.228,6.3315,6.228,6.366
2020-05-08,126498,926824,7.55,7.67,7.25,7.29,-0.05,59,0.8626066437025501,6.5127,6.2884,6.2539,6.6162
2020-05-11,110577,805938,7.22,7.32,7.22,7.3,0.01,49,0.8626066437025501,6.228,6.297,6.228,6.3143
2020-05-12,103226,743126,7.27,7.3,7.16,7.28,-0.02,46,0.8626066437025501,6.2712,6.2798,6.1763,6.297
2020-05-13,92379,659920,7.28,7.28,7.02,7.11,-0.17,57,0.8626066437025501,6.2798,6.1331,6.0555,6.2798
2020-05-14,76286,544339,7.19,7.2,7.08,7.12,0.01,37,0.8626066437025501,6.2021,6.1418,6.1073,6.2108
2020-05-15,77025,548816,7.17,7.2,7.05,7.08,-0.04,39,0.8626066437025501,6.1849,6.1073,6.0814,6.2108
2020-05-18,118000,828970,7.04,7.09,7.0,7.01,-0.07,48,0.8626066437025501,6.0728,6.0469,6.0382,6.1159
2020-05-19,57361,405707,7.06,7.1,7.06,7.07,0.06,36,0.8626066437025501,6.09,6.0986,6.09,6.1245
2020-05-20,141503,994271,7.08,7.1,7.0,7.02,-0.05,60,0.8626066437025501,6.1073,6.0555,6.0382,6.1245
2020-05-21,68223,482632,7.19,7.19,7.03,7.13,0.11,39,0.8626066437025501,6.2021,6.1504,6.0641,6.2021
2020-05-22,41540,292530,7.06,7.07,7.02,7.02,-0.11,26,0.8626066437025501,6.09,6.0555,6.0555,6.0986
2020-05-25,73371,515859,7.04,7.06,6.98,6.98,-0.04,35,0.8626066437025501,6.0728,6.021,6.021,6.09
2020-05-26,113468,800526,6.98,7.12,6.98,7.07,0.09,52,0.8626066437025501,6.021,6.0986,6.021,6.1418
2020-05-27,60249,422963,6.97,7.09,6.97,7.03,-0.04,29,0.8626066437025501,6.0124,6.0641,6.0124,6.1159
2020-05-28,280454,1970208,7.18,7.18,7.0,7.03,0.0,41,0.8626066437025501,6.1935,6.0641,6.0382,6.1935
2020-05-29,48360,342590,7.01,7.13,7.01,7.08,0.05,32,0.8626066437025501,6.0469,6.1073,6.0469,6.1504
2020-06-01,95442,688376,7.2,7.27,7.15,7.18,0.1,54,0.8626066437025501,6.2108,6.1935,6.1676,6.2712
2020-06-02,100195,715472,7.1,7.2,7.1,7.2,0.02,33,0.8626066437025501,6.1245,6.2108,6.1245,6.2108
2020-06-03,140499,1018739,7.15,7.32,7.13,7.31,0.11,73,0.8626066437025501,6.1676,6.3057,6.1504,6.3143
2020-06-04,152939,1136453,7.36,7.6,7.35,7.37,0.06,80,0.8626066437025501,6.3488,6.3574,6.3402,6.5558
2020-06-05,138724,1024766,7.32,7.46,7.3,7.44,0.07,48,0.8626066437025501,6.3143,6.4178,6.297,6.435
2020-06-08,82675,609973,7.42,7.49,7.34,7.36,-0.08,47,0.8626066437025501,6.4005,6.3488,6.3315,6.4609
2020-06-09,23199,170582,7.3,7.38,7.3,7.31,-0.05,16,0.8626066437025501,6.297,6.3057,6.297,6.366
2020-06-10,89041,654638,7.28,7.4,7.28,7.36,0.05,47,0.8626066437025501,6.2798,6.3488,6.2798,6.3833
2020-06-11,120239,883604,7.36,7.4,7.28,7.32,-0.04,54,0.8626066437025501,6.3488,6.3143,6.2798,6.3833
2020-06-12,234221,1715448,7.3,7.49,7.2,7.38,0.06,70,0.8626066437025501,6.297,6.366,6.2108,6.4609
2020-06-15,300477,2250674,7.5,7.59,7.39,7.4,0.02,109,0.8626066437025501,6.4695,6.3833,6.3747,6.5472
2020-06-16,98337,731551,7.4,7.54,7.4,7.42,0.02,51,0.8626066437025501,6.3833,6.4005,6.3833,6.5041
2020-06-17,180048,1329974,7.5,7.5,7.28,7.42,0.0,67,0.8626066437025501,6.4695,6.4005,6.2798,6.4695
2020-06-18,135001,993695,7.42,7.42,7.3,7.33,-0.09,47,0.8626066437025501,6.4005,6.3229,6.297,6.4005
2020-06-19,133053,973403,7.34,7.38,7.26,7.28,-0.05,48,0.8626066437025501,6.3315,6.2798,6.2625,6.366
2020-06-22,396594,2957654,7.38,7.59,7.34,7.55,0.27,160,0.8626066437025501,6.366,6.5127,6.3315,6.5472
2020-06-23,338877,2567042,7.67,7.71,7.46,7.48,-0.07,138,0.8626066437025501,6.6162,6.4523,6.435,6.6507
2020-06-24,161164,1207389,7.5,7.73,7.42,7.43,-0.05,81,0.8626066437025501,6.4695,6.4092,6.4005,6.6679
2020-06-29,147322,1080350,7.21,7.47,7.21,7.39,-0.04,70,0.8626066437025501,6.2194,6.3747,6.2194,6.4437
2020-06-30,130122,959807,7.39,7.44,7.3,7.37,-0.02,49,0.8626066437025501,6.3747,6.3574,6.297,6.4178
2020-07-01,219257,1620909,7.37,7.48,7.37,7.42,0.05,74,0.8626066437025501,6.3574,6.4005,6.3574,6.4523
2020-07-02,361096,2674802,7.32,7.5,7.31,7.5,0.08,116,0.8626066437025501,6.3143,6.4695,6.3057,6.4695
2020-07-03,434868,3286374,7.51,7.62,7.48,7.6,0.1,157,0.8626066437025501,6.4782,6.5558,6.4523,6.5731
2020-07-06,1886241,15360546,8.0,8.36,7.9,8.36,0.76,561,0.8626066437025501,6.9009,7.2114,6.8146,7.2114
2020-07-07,1422517,12216200,8.8,8.8,8.36,8.49,0.13,475,0.8626066437025501,7.5909,7.3235,7.2114,7.5909
2020-07-08,703305,5867617,8.5,8.56,8.0,8.45,-0.04,290,0.8626066437025501,7.3322,7.289,6.9009,7.3839
2020-07-09,337233,2823715,8.45,8.59,8.27,8.38,-0.07,159,0.8626066437025501,7.289,7.2286,7.1338,7.4098
2020-07-10,290076,2374179,8.38,8.38,8.12,8.23,-0.15,122,0.8626066437025501,7.2286,7.0993,7.0044,7.2286
2020-07-13,1287773,11264855,8.25,9.05,8.25,9.05,0.82,361,0.8626066437025501,7.1165,7.8066,7.1165,7.8066
2020-07-14,3313106,31805040,9.18,9.95,8.71,9.95,0.9,960,0.8626066437025501,7.9187,8.5829,7.5133,8.5829
2020-07-15,2662461,26497893,10.0,10.5,9.6,9.77,-0.18,987,0.8626066437025501,8.6261,8.4277,8.281,9.0574
2020-07-16,784340,7578150,9.93,9.95,9.54,9.57,-0.2,306,0.8626066437025501,8.5657,8.2551,8.2293,8.5829
2020-07-17,837761,7824411,9.58,9.8,9.07,9.3,-0.27,330,0.8626066437025501,8.2638,8.0222,7.8238,8.4535
2020-07-20,557059,5029331,9.32,9.32,8.72,9.1,-0.2,225,0.8626066437025501,8.0395,7.8497,7.5219,8.0395
2020-07-21,365832,3343113,9.1,9.25,9.05,9.1,0.0,179,0.8626066437025501,7.8497,7.8497,7.8066,7.9791
2020-07-22,588490,5332274,9.1,9.4,8.87,9.22,0.12,217,0.8626066437025501,7.8497,7.9532,7.6513,8.1085
2020-07-23,572222,5220970,9.19,9.19,9.04,9.14,-0.08,147,0.8626066437025501,7.9274,7.8842,7.798,7.9274
2020-07-24,659059,6032843,9.15,9.3,9.0,9.06,-0.08,214,0.8626066437025501,7.8929,7.8152,7.7635,8.0222
2020-07-27,341864,3132410,9.15,9.34,9.07,9.08,0.02,157,0.8626066437025501,7.8929,7.8325,7.8238,8.0567
2020-07-28,573870,5015352,9.15,9.15,8.55,8.87,-0.21,243,0.8626066437025501,7.8929,7.6513,7.3753,7.8929
2020-07-29,353779,3074583,8.78,8.86,8.5,8.85,-0.02,161,0.8626066437025501,7.5737,7.6341,7.3322,7.6427
2020-07-30,209511,1865431,8.8,9.0,8.8,8.92,0.07,123,0.8626066437025501,7.5909,7.6945,7.5909,7.7635
2020-07-31,180453,1628257,8.92,9.17,8.92,9.04,0.12,101,0.8626066437025501,7.6945,7.798,7.6945,7.9101
2020-08-03,211849,1904621,9.04,9.04,8.91,9.03,-0.01,127,0.8626066437025501,7.798,7.7893,7.6858,7.798
2020-08-04,163557,1469003,9.06,9.06,8.92,8.96,-0.07,98,0.8626066437025501,7.8152,7.729,7.6945,7.8152
2020-08-05,151165,1357697,8.98,9.05,8.95,8.99,0.03,88,0.8626066437025501,7.7462,7.7548,7.7203,7.8066
2020-08-06,747856,6887401,9.19,9.46,9.04,9.31,0.32,367,0.8626066437025501,7.9274,8.0309,7.798,8.1603
2020-08-07,274917,2552602,9.45,9.45,9.17,9.3,-0.01,164,0.8626066437025501,8.1516,8.0222,7.9101,8.1516
2020-08-10,264800,2459700,9.34,9.48,9.22,9.24,-0.06,135,0.8626066437025501,8.0567,7.9705,7.9532,8.1775
2020-08-11,378235,3509572,9.26,9.39,9.19,9.19,-0.05,166,0.8626066437025501,7.9877,7.9274,7.9274,8.0999
2020-08-12,280599,2579276,9.3,9.33,9.14,9.21,0.02,122,0.8626066437025501,8.0222,7.9446,7.8842,8.0481
2020-08-13,224599,2065719,9.27,9.28,9.13,9.13,-0.08,87,0.8626066437025501,7.9964,7.8756,7.8756,8.005
2020-08-14,193617,1757803,9.17,9.18,9.01,9.06,-0.07,110,0.8626066437025501,7.9101,7.8152,7.7721,7.9187
2020-08-17,287180,2582469,9.1,9.1,8.92,8.95,-0.11,131,0.8626066437025501,7.8497,7.7203,7.6945,7.8497
2020-08-18,170830,1542280,8.95,9.2,8.95,9.06,0.11,75,0.8626066437025501,7.7203,7.8152,7.7203,7.936
2020-08-19,1909782,18568798,9.06,9.96,8.92,9.96,0.9,550,0.8626066437025501,7.8152,8.5916,7.6945,8.5916
2020-08-20,4579800,47169894,9.96,10.95,9.0,10.95,0.99,1582,0.8626066437025501,8.5916,9.4455,7.7635,9.4455
2020-08-21,3358487,35692229,10.4,11.35,10.2,10.55,-0.4,1243,0.8626066437025501,8.9711,9.1005,8.7986,9.7906
2020-08-24,905873,9425903,10.35,10.7,10.25,10.3,-0.25,359,0.8626066437025501,8.928,8.8848,8.8417,9.2299
2020-08-25,1139504,11557606,10.3,10.5,9.64,9.9,-0.4,421,0.8626066437025501,8.8848,8.5398,8.3155,9.0574
2020-08-26,997949,9718190,10.25,10.25,9.59,9.75,-0.15,411,0.8626066437025501,8.8417,8.4104,8.2724,8.8417
2020-08-27,467599,4510798,9.8,9.8,9.55,9.73,-0.02,237,0.8626066437025501,8.4535,8.3932,8.2379,8.4535
2020-08-28,1503232,15149747,9.73,10.6,9.54,10.4,0.67,611,0.8626066437025501,8.3932,8.9711,8.2293,9.1436
2020-08-31,1048329,10818970,10.3,10.6,10.1,10.15,-0.25,494,0.8626066437025501,8.8848,8.7555,8.7123,9.1436
2020-09-01,2900869,31414413,10.1,11.15,10.0,11.15,1.0,913,0.8626066437025501,8.7123,9.6181,8.6261,9.6181
2020-09-02,5323360,61514654,11.0,12.2,10.8,11.95,0.8,1856,0.8626066437025501,9.4887,10.3081,9.3162,10.5238
2020-09-03,4476026,54486696,11.85,12.8,11.5,12.0,0.05,1645,0.8626066437025501,10.2219,10.3513,9.92,11.0414
2020-09-04,2476635,29660150,11.65,12.3,11.55,11.95,-0.05,925,0.8626066437025501,10.0494,10.3081,9.9631,10.6101
2020-09-07,1677607,19970887,12.0,12.3,11.7,11.7,-0.25,640,0.8626066437025501,10.3513,10.0925,10.0925,10.6101
2020-09-08,1328711,15197851,11.8,11.95,11.0,11.5,-0.2,552,0.8626066437025501,10.1788,9.92,9.4887,10.3081
2020-09-09,468800,5302138,11.3,11.5,11.15,11.4,-0.1,220,0.8626066437025501,9.7475,9.8337,9.6181,9.92
2020-09-10,1128418,13453035,11.5,12.15,11.5,11.95,0.55,524,0.8626066437025501,9.92,10.3081,9.92,10.4807
2020-09-11,1965849,23780888,12.4,12.4,11.85,12.1,0.15,691,0.8626066437025501,10.6963,10.4375,10.2219,10.6963
2020-09-14,2332046,28762383,12.2,13.0,11.9,13.0,0.9,832,0.8626066437025501,10.5238,11.2139,10.265,11.2139
2020-09-15,4428025,59919718,13.1,14.0,12.9,13.55,0.55,1680,0.8626066437025501,11.3001,11.6883,11.1276,12.0765
2020-09-16,2416399,33378876,13.55,14.2,13.55,13.7,0.15,1076,0.8626066437025501,11.6883,11.8177,11.6883,12.249
2020-09-17,1473787,20277235,13.7,14.0,13.4,13.75,0.05,650,0.8626066437025501,11.8177,11.8608,11.5589,12.0765
2020-09-18,3337055,48415148,13.8,15.1,13.75,14.85,1.1,1319,0.8626066437025501,11.904,12.8097,11.8608,13.0254
2020-09-21,4990753,78003636,14.9,16.3,14.35,16.3,1.45,1749,0.8626066437025501,12.8528,14.0605,12.3784,14.0605
2020-09-22,5300685,88344627,16.4,17.85,15.4,17.25,0.95,2316,0.8626066437025501,14.1467,14.88,13.2841,15.3975
2020-09-23,3274384,56215426,17.2,17.65,16.7,17.05,-0.2,1449,0.8626066437025501,14.8368,14.7074,14.4055,15.225
2020-09-24,3659903,58806698,17.0,17.05,15.35,16.0,-1.05,1620,0.8626066437025501,14.6643,13.8017,13.241,14.7074
2020-09-25,3331901,49558855,16.0,16.3,14.4,14.7,-1.3,1421,0.8626066437025501,13.8017,12.6803,12.4215,14.0605
2020-09-28,1447998,21351520,14.7,15.25,14.2,14.6,-0.1,599,0.8626066437025501,12.6803,12.5941,12.249,13.1548
2020-09-29,1158700,16565512,15.0,15.1,13.8,13.95,-0.65,515,0.8626066437025501,12.9391,12.0334,11.904,13.0254
2020-09-30,1379700,19973476,13.95,14.95,13.55,14.65,0.7,602,0.8626066437025501,12.0334,12.6372,11.6883,12.896
2020-10-05,1462640,21937037,14.0,15.3,14.0,15.3,0.65,748,0.8626066437025501,12.0765,13.1979,12.0765,13.1979
2020-10-06,1272287,19640282,15.35,15.85,15.0,15.2,-0.1,665,0.8626066437025501,13.241,13.1116,12.9391,13.6723
2020-10-07,768428,11540711,15.1,15.4,14.8,15.1,-0.1,375,0.8626066437025501,13.0254,13.0254,12.7666,13.2841
2020-10-08,776540,11565291,15.15,15.2,14.7,14.9,-0.2,381,0.8626066437025501,13.0685,12.8528,12.6803,13.1116
2020-10-12,1523409,23657496,15.5,16.0,15.2,15.5,0.6,716,0.8626066437025501,13.3704,13.3704,13.1116,13.8017
2020-10-13,818966,12502135,15.55,15.85,15.0,15.15,-0.35,440,0.8626066437025501,13.4135,13.0685,12.9391,13.6723
2020-10-14,3446554,55761987,15.25,16.65,15.15,16.65,1.5,1337,0.8626066437025501,13.1548,14.3624,13.0685,14.3624
2020-10-15,4051373,67166499,16.55,17.55,15.7,16.85,0.2,1818,0.8626066437025501,14.2761,14.5349,13.5429,15.1387
2020-10-16,1926152,31856868,16.9,16.9,16.2,16.35,-0.5,904,0.8626066437025501,14.5781,14.1036,13.9742,14.5781
2020-10-19,1128605,18240415,16.45,16.5,15.75,16.0,-0.35,509,0.8626066437025501,14.1899,13.8017,13.5861,14.233
2020-10-20,904507,14483958,16.0,16.4,15.8,16.0,0.0,387,0.8626066437025501,13.8017,13.8017,13.6292,14.1467
2020-10-21,636400,10118896,16.05,16.1,15.8,15.85,-0.15,282,0.8626066437025501,13.8448,13.6723,13.6292,13.888
2020-10-22,2968447,50000392,16.0,17.35,16.0,17.0,1.15,1490,0.8626066437025501,13.8017,14.6643,13.8017,14.9662
2020-10-23,1524447,25708365,17.1,17.3,16.55,16.7,-0.3,853,0.8626066437025501,14.7506,14.4055,14.2761,14.9231
2020-10-26,4563521,82411497,17.0,18.35,17.0,18.35,1.65,1845,0.8626066437025501,14.6643,15.8288,14.6643,15.8288
2020-10-27,9356335,184707022,18.5,20.15,18.5,20.15,1.8,4532,0.8626066437025501,15.9582,17.3815,15.9582,17.3815
2020-10-28,6279688,119114269,19.7,19.85,18.15,18.3,-1.85,3222,0.8626066437025501,16.9934,15.7857,15.6563,17.1227
2020-10-29,3304257,57741363,17.3,18.5,16.55,17.95,-0.35,1892,0.8626066437025501,14.9231,15.4838,14.2761,15.9582
2020-10-30,2101696,36788866,17.95,18.0,17.1,17.1,-0.85,1045,0.8626066437025501,15.4838,14.7506,14.7506,15.5269
2020-11-02,1651055,27743388,17.1,17.5,16.2,17.5,0.4,926,0.8626066437025501,14.7506,15.0956,13.9742,15.0956
2020-11-03,3728573,70131956,18.0,19.25,18.0,19.25,1.75,1931,0.8626066437025501,15.5269,16.6052,15.5269,16.6052
2020-11-04,3199417,61238531,19.3,20.0,18.5,18.95,-0.3,1583,0.8626066437025501,16.6483,16.3464,15.9582,17.2521
2020-11-05,1555041,29329047,18.95,19.25,18.55,18.85,-0.1,779,0.8626066437025501,16.3464,16.2601,16.0014,16.6052
2020-11-06,2084871,40080076,18.85,19.75,18.85,18.85,0.0,1089,0.8626066437025501,16.2601,16.2601,16.2601,17.0365
2020-11-09,1658437,31301678,19.05,19.25,18.65,18.85,0.0,793,0.8626066437025501,16.4327,16.2601,16.0876,16.6052
2020-11-10,2282781,41418961,18.9,18.95,17.8,18.0,-0.85,1122,0.8626066437025501,16.3033,15.5269,15.3544,16.3464
2020-11-11,1282180,23645355,18.05,18.75,18.05,18.35,0.35,690,0.8626066437025501,15.57,15.8288,15.57,16.1739
2020-11-12,1039987,18928912,18.35,18.55,17.85,18.15,-0.2,608,0.8626066437025501,15.8288,15.6563,15.3975,16.0014
2020-11-13,2400252,45674884,18.15,19.8,18.0,19.8,1.65,1096,0.8626066437025501,15.6563,17.0796,15.5269,17.0796
2020-11-16,4731798,94456236,19.75,21.0,19.1,20.15,0.35,2240,0.8626066437025501,17.0365,17.3815,16.4758,18.1147
2020-11-17,3162527,63605304,20.1,20.45,19.8,19.8,-0.35,1731,0.8626066437025501,17.3384,17.0796,17.0796,17.6403
2020-11-18,1519856,29509468,19.75,19.9,19.1,19.2,-0.6,967,0.8626066437025501,17.0365,16.562,16.4758,17.1659
2020-11-19,1466655,28712426,19.0,20.05,18.9,19.5,0.3,789,0.8626066437025501,16.3895,16.8208,16.3033,17.2953
2020-11-20,2099282,42060896,19.6,20.8,19.45,19.65,0.15,1075,0.8626066437025501,16.9071,16.9502,16.7777,17.9422
2020-11-23,2582607,51303433,19.5,20.5,19.25,20.5,0.85,1181,0.8626066437025501,16.8208,17.6834,16.6052,17.6834
2020-11-24,3868941,79434821,21.3,21.3,19.9,20.0,-0.5,1936,0.8626066437025501,18.3735,17.2521,17.1659,18.3735
2020-11-25,1958050,38985007,19.85,20.2,19.7,19.7,-0.3,968,0.8626066437025501,17.1227,16.9934,16.9934,17.4247
2020-11-26,991795,19501227,19.7,20.05,19.35,19.6,-0.1,589,0.8626066437025501,16.9934,16.9071,16.6914,17.2953
2020-11-27,1927072,38351824,19.8,20.55,19.4,19.95,0.35,799,0.8626066437025501,17.0796,17.209,16.7346,17.7266
2020-11-30,1264440,24943771,19.85,19.95,19.6,19.6,-0.35,612,0.8626066437025501,17.1227,16.9071,16.9071,17.209
2020-12-01,928572,18138808,19.6,19.8,19.4,19.4,-0.2,551,0.8626066437025501,16.9071,16.7346,16.7346,17.0796
2020-12-02,1029711,20010828,19.6,19.7,19.15,19.15,-0.25,596,0.8626066437025501,16.9071,16.5189,16.5189,16.9934
2020-12-03,3144186,57495935,18.85,19.0,17.7,18.15,-1.0,1606,0.8626066437025501,16.2601,15.6563,15.2681,16.3895
2020-12-04,2195899,39487122,18.05,18.4,17.7,17.85,-0.3,967,0.8626066437025501,15.57,15.3975,15.2681,15.872
2020-12-07,2808789,53256183,17.55,19.6,17.55,19.45,1.6,1451,0.8626066437025501,15.1387,16.7777,15.1387,16.9071
2020-12-08,1472590,28184936,19.45,19.65,18.8,19.0,-0.45,816,0.8626066437025501,16.7777,16.3895,16.217,16.9502
2020-12-09,856422,16177835,19.4,19.4,18.65,18.75,-0.25,474,0.8626066437025501,16.7346,16.1739,16.0876,16.7346
2020-12-10,837215,15490101,18.6,18.85,18.2,18.4,-0.35,462,0.8626066437025501,16.0445,15.872,15.6994,16.2601
2020-12-11,6162558,124259523,20.0,20.2,19.8,20.2,1.8,2242,0.8626066437025501,17.2521,17.4247,17.0796,17.4247
2020-12-14,6369890,129634076,20.25,22.0,19.2,20.7,0.5,2591,0.8626066437025501,17.4678,17.856,16.562,18.9773
2020-12-15,3959183,82621924,20.7,21.8,20.1,21.65,0.95,1958,0.8626066437025501,17.856,18.6754,17.3384,18.8048
2020-12-16,5172788,119483287,21.6,23.8,21.25,23.8,2.15,2088,0.8626066437025501,18.6323,20.53,18.3304,20.53
2020-12-17,9297258,236816465,23.75,26.15,23.0,26.15,2.35,3790,0.8626066437025501,20.4869,22.5572,19.84,22.5572
2020-12-18,7428151,204385912,26.05,28.75,26.0,27.8,1.65,3545,0.8626066437025501,22.4709,23.9805,22.4278,24.7999
2020-12-21,7095300,180744786,26.0,26.9,25.05,25.1,-2.7,3342,0.8626066437025501,22.4278,21.6514,21.6083,23.2041
2020-12-22,4604804,111191118,24.7,25.5,23.1,23.35,-1.75,2498,0.8626066437025501,21.3064,20.1419,19.9262,21.9965
2020-12-23,3058335,73935459,24.0,25.3,22.9,24.4,1.05,1766,0.8626066437025501,20.7026,21.0476,19.7537,21.8239
2020-12-24,2115716,51311567,24.4,24.9,23.9,24.5,0.1,1138,0.8626066437025501,21.0476,21.1339,20.6163,21.4789
2020-12-25,1971073,48798347,24.7,25.6,24.1,24.5,0.0,1076,0.8626066437025501,21.3064,21.1339,20.7888,22.0827
2020-12-28,1695752,42018701,24.5,25.3,24.3,24.7,0.2,963,0.8626066437025501,21.1339,21.3064,20.9613,21.8239
2020-12-29,2352795,57022206,24.95,25.05,23.6,23.8,-0.9,1124,0.8626066437025501,21.522,20.53,20.3575,21.6083
2020-12-30,1120378,27010627,24.35,24.4,23.8,23.95,0.15,523,0.8626066437025501,21.0045,20.6594,20.53,21.0476
2020-12-31,1708697,41926102,23.8,25.45,23.8,24.5,0.55,895,0.8626066437025501,20.53,21.1339,20.53,21.9533
2021-01-04,4316491,109746505,24.5,26.3,24.35,26.3,1.8,2038,0.8626066437025501,21.1339,22.6866,21.0045,22.6866
2021-01-05,3720672,92585641,26.0,26.1,24.2,24.3,-2.0,2078,0.8626066437025501,22.4278,20.9613,20.8751,22.514
2021-01-06,2601179,62099830,24.3,24.85,23.3,23.6,-0.7,1200,0.8626066437025501,20.9613,20.3575,20.0987,21.4358
2021-01-07,793360,18970017,23.95,24.4,23.7,23.85,0.25,469,0.8626066437025501,20.6594,20.5732,20.4438,21.0476
2021-01-08,1045072,25257932,24.0,24.4,23.85,23.9,0.05,627,0.8626066437025501,20.7026,20.6163,20.5732,21.0476
2021-01-11,810325,19302761,24.05,24.5,23.5,23.7,-0.2,543,0.8626066437025501,20.7457,20.4438,20.2713,21.1339
2021-01-12,3095726,68681354,22.95,22.95,21.5,22.15,-1.55,1459,0.8626066437025501,19.7968,19.1067,18.546,19.7968
2021-01-13,1135880,25300425,22.15,22.75,22.1,22.25,0.1,552,0.8626066437025501,19.1067,19.193,19.0636,19.6243
2021-01-14,1905629,41607111,22.25,22.45,21.5,21.55,-0.7,872,0.8626066437025501,19.193,18.5892,18.546,19.3655
2021-01-15,1924653,41822199,21.55,22.25,21.1,21.7,0.15,853,0.8626066437025501,18.5892,18.7186,18.201,19.193
2021-01-18,1798994,40483636,21.75,23.0,21.35,22.9,1.2,962,0.8626066437025501,18.7617,19.7537,18.4167,19.84
2021-01-19,1162708,25929602,22.9,22.9,22.0,22.0,-0.9,699,0.8626066437025501,19.7537,18.9773,18.9773,19.7537
2021-01-20,1899954,39330089,22.1,22.1,19.9,20.25,-1.75,944,0.8626066437025501,19.0636,17.4678,17.1659,19.0636
2021-01-21,1224073,24876201,20.25,21.0,20.0,20.0,-0.25,574,0.8626066437025501,17.4678,17.2521,17.2521,18.1147
2021-01-22,709087,14241506,20.35,20.6,19.9,20.0,0.0,365,0.8626066437025501,17.554,17.2521,17.1659,17.7697
2021-01-25,563028,11423464,20.0,20.5,20.0,20.4,0.4,309,0.8626066437025501,17.2521,17.5972,17.2521,17.6834
2021-01-26,473958,9579768,20.55,20.65,20.0,20.1,-0.3,271,0.8626066437025501,17.7266,17.3384,17.2521,17.8128
2021-01-27,272043,5486575,20.35,20.4,20.0,20.05,-0.05,171,0.8626066437025501,17.554,17.2953,17.2521,17.5972
2021-01-28,742191,14819578,20.05,20.25,19.8,20.0,-0.05,302,0.8626066437025501,17.2953,17.2521,17.0796,17.4678
2021-01-29,3003619,65381409,21.0,22.0,20.65,22.0,2.0,1183,0.8626066437025501,18.1147,18.9773,17.8128,18.9773
2021-02-01,3521502,81234591,23.0,23.9,22.3,23.0,1.0,1705,0.8626066437025501,19.84,19.84,19.2361,20.6163
2021-02-02,1992242,44868540,23.95,23.95,21.7,21.9,-1.1,959,0.8626066437025501,20.6594,18.8911,18.7186,20.6594
2021-02-03,1053536,22545222,21.8,21.9,20.9,21.1,-0.8,583,0.8626066437025501,18.8048,18.201,18.0285,18.8911
2021-02-04,721398,15030711,21.0,21.45,20.4,20.6,-0.5,399,0.8626066437025501,18.1147,17.7697,17.5972,18.5029
2021-02-05,689857,14143764,20.6,20.95,20.3,20.8,0.2,384,0.8626066437025501,17.7697,17.9422,17.5109,18.0716
2021-02-17,1887034,38212398,20.8,20.8,19.95,20.8,0.0,789,0.8626066437025501,17.9422,17.9422,17.209,17.9422
2021-02-18,773633,16134190,20.8,21.0,20.55,20.95,0.15,378,0.8626066437025501,17.9422,18.0716,17.7266,18.1147
2021-02-19,956213,20503859,21.0,21.75,21.0,21.4,0.45,567,0.8626066437025501,18.1147,18.4598,18.1147,18.7617
2021-02-22,1374052,29857570,21.45,22.35,21.25,22.2,0.8,742,0.8626066437025501,18.5029,19.1499,18.3304,19.2793
2021-02-23,859701,18840244,22.3,22.35,21.65,21.75,-0.45,526,0.8626066437025501,19.2361,18.7617,18.6754,19.2793
2021-02-24,832999,17685902,21.4,21.8,20.95,21.2,-0.55,487,0.8626066437025501,18.4598,18.2873,18.0716,18.8048
2021-02-25,561816,11957606,21.3,21.55,21.1,21.2,0.0,310,0.8626066437025501,18.3735,18.2873,18.201,18.5892
2021-02-26,590770,12250652,20.75,21.0,20.6,20.7,-0.5,355,0.8626066437025501,17.8991,17.856,17.7697,18.1147
2021-03-02,841816,17295009,20.85,21.0,20.2,20.2,-0.5,477,0.8626066437025501,17.9853,17.4247,17.4247,18.1147
2021-03-03,460157,9338266,20.4,20.55,20.0,20.4,0.2,242,0.8626066437025501,17.5972,17.5972,17.2521,17.7266
2021-03-04,581454,11675030,20.4,20.45,19.95,20.1,-0.3,322,0.8626066437025501,17.5972,17.3384,17.209,17.6403
2021-03-05,404462,8066736,19.9,20.15,19.7,20.0,-0.1,287,0.8626066437025501,17.1659,17.2521,16.9934,17.3815
2021-03-08,407053,8106802,20.0,20.1,19.8,20.0,0.0,246,0.8626066437025501,17.2521,17.2521,17.0796,17.3384
2021-03-09,286200,5709999,20.05,20.1,19.8,20.0,0.0,174,0.8626066437025501,17.2953,17.2521,17.0796,17.3384
2021-03-10,281263,5662337,20.1,20.35,20.0,20.15,0.15,182,0.8626066437025501,17.3384,17.3815,17.2521,17.554
2021-03-11,316207,6375645,20.2,20.3,20.05,20.1,-0.05,218,0.8626066437025501,17.4247,17.3384,17.2953,17.5109
2021-03-12,411146,8349419,20.25,20.5,20.15,20.25,0.15,234,0.8626066437025501,17.4678,17.4678,17.3815,17.6834
2021-03-15,3276633,71622275,20.3,22.25,20.3,22.25,2.0,1403,0.8626066437025501,17.5109,19.193,17.5109,19.193
2021-03-16,3455180,77601832,22.35,23.2,22.05,22.25,0.0,1608,0.8626066437025501,19.2793,19.193,19.0205,20.0125
2021-03-17,1416665,30744364,22.1,22.45,21.3,21.6,-0.65,819,0.8626066437025501,19.0636,18.6323,18.3735,19.3655
2021-03-18,999658,21478422,21.8,21.95,21.1,21.1,-0.5,537,0.8626066437025501,18.8048,18.201,18.201,18.9342
2021-03-19,650734,13772747,21.3,21.35,21.0,21.1,0.0,434,0.8626066437025501,18.3735,18.201,18.1147,18.4167
2021-03-22,994259,21226844,21.65,21.65,21.15,21.2,0.1,471,0.8626066437025501,18.6754,18.2873,18.2441,18.6754
2021-03-23,661697,14003110,21.35,21.6,20.9,21.0,-0.2,358,0.8626066437025501,18.4167,18.1147,18.0285,18.6323
2021-03-24,370925,7793076,21.15,21.25,20.85,20.85,-0.15,251,0.8626066437025501,18.2441,17.9853,17.9853,18.3304
2021-03-25,477001,9788354,20.9,21.0,20.25,20.5,-0.35,271,0.8626066437025501,18.0285,17.6834,17.4678,18.1147
2021-03-26,537557,11067430,20.6,20.95,20.25,20.9,0.4,301,0.8626066437025501,17.7697,18.0285,17.4678,18.0716
2021-03-29,492822,10394172,21.0,21.3,20.75,21.2,0.3,299,0.8626066437025501,18.1147,18.2873,17.8991,18.3735
2021-03-30,578674,12421924,21.4,21.7,21.3,21.4,0.2,334,0.8626066437025501,18.4598,18.4598,18.3735,18.7186
2021-03-31,478298,10088666,21.6,21.6,20.85,21.05,-0.35,292,0.8626066437025501,18.6323,18.1579,17.9853,18.6323
2021-04-01,1348026,29297635,21.6,22.3,21.3,21.85,0.8,753,0.8626066437025501,18.6323,18.848,18.3735,19.2361
2021-04-06,1136028,25116495,22.3,22.35,21.9,22.05,0.2,646,0.8626066437025501,19.2361,19.0205,18.8911,19.2793
2021-04-07,1711857,37940459,22.2,22.55,21.8,22.5,0.45,878,0.8626066437025501,19.1499,19.4086,18.8048,19.4518
2021-04-08,6037959,145372344,22.5,24.75,22.25,24.75,2.25,2602,0.8626066437025501,19.4086,21.3495,19.193,21.3495
2021-04-09,3733080,87798826,23.6,24.15,23.05,23.1,-1.65,1981,0.8626066437025501,20.3575,19.9262,19.8831,20.832
2021-04-12,2427035,56199572,23.6,23.7,22.5,22.75,-0.35,1189,0.8626066437025501,20.3575,19.6243,19.4086,20.4438
2021-04-13,1941188,43499203,22.55,23.05,21.8,21.85,-0.9,965,0.8626066437025501,19.4518,18.848,18.8048,19.8831
2021-04-14,1608796,34431256,21.9,22.4,20.7,21.35,-0.5,782,0.8626066437025501,18.8911,18.4167,17.856,19.3224
2021-04-15,657124,14213516,21.4,22.2,21.2,21.85,0.5,388,0.8626066437025501,18.4598,18.848,18.2873,19.1499
2021-04-16,1298196,29073369,22.1,22.7,22.1,22.15,0.3,681,0.8626066437025501,19.0636,19.1067,19.0636,19.5812
2021-04-19,1891577,41952288,22.3,22.9,21.6,22.6,0.45,827,0.8626066437025501,19.2361,19.4949,18.6323,19.7537
2021-04-20,1418152,31728090,22.9,22.9,22.15,22.2,-0.4,642,0.8626066437025501,19.7537,19.1499,19.1067,19.7537
2021-04-21,1474458,32162081,22.1,22.15,21.6,21.7,-0.5,810,0.8626066437025501,19.0636,18.7186,18.6323,19.1067
2021-04-22,2184543,46296722,21.9,22.0,20.55,20.55,-1.15,1121,0.8626066437025501,18.8911,17.7266,17.7266,18.9773
2021-04-23,871422,18343291,20.55,21.25,20.55,21.05,0.5,392,0.8626066437025501,17.7266,18.1579,17.7266,18.3304
2021-04-26,3913122,88195236,21.3,22.9,21.3,22.65,1.6,2001,0.8626066437025501,18.3735,19.538,18.3735,19.7537
2021-04-27,2818399,64305482,22.8,23.5,22.15,22.4,-0.25,1445,0.8626066437025501,19.6674,19.3224,19.1067,20.2713
2021-04-28,850899,18906471,22.4,22.65,22.0,22.1,-0.3,510,0.8626066437025501,19.3224,19.0636,18.9773,19.538
2021-04-29,1129976,24626496,22.1,22.4,21.6,21.6,-0.5,595,0.8626066437025501,19.0636,18.6323,18.6323,19.3224
2021-05-03,1837161,38961951,21.6,21.9,20.9,20.95,-0.65,541,0.8626066437025501,18.6323,18.0716,18.0285,18.8911
2021-05-04,2043701,41958381,21.0,21.35,19.9,20.4,-0.55,688,0.8626066437025501,18.1147,17.5972,17.1659,18.4167
2021-05-05,2157956,45763720,20.4,21.95,20.4,21.95,1.55,768,0.8626066437025501,17.5972,18.9342,17.5972,18.9342
2021-05-06,6037031,136184797,21.95,24.0,20.9,21.0,-0.95,2509,0.8626066437025501,18.9342,18.1147,18.0285,20.7026
2021-05-07,737202,15894268,21.6,21.85,21.3,21.85,0.85,442,0.8626066437025501,18.6323,18.848,18.3735,18.848
2021-05-10,705426,15408059,21.85,22.15,21.6,21.75,-0.1,356,0.8626066437025501,18.848,18.7617,18.6323,19.1067
2021-05-11,1589439,32746531,21.1,21.75,19.9,20.3,-1.45,833,0.8626066437025501,18.201,17.5109,17.1659,18.7617
2021-05-12,1742079,32950816,20.3,20.3,18.3,18.35,-1.95,893,0.8626066437025501,17.5109,15.8288,15.7857,17.5109
2021-05-13,1385902,23884014,16.85,18.15,16.55,17.15,-1.2,669,0.8626066437025501,14.5349,14.7937,14.2761,15.6563
2021-05-14,1717556,29384431,17.2,18.1,16.3,16.65,-0.5,632,0.8626066437025501,14.8368,14.3624,14.0605,15.6132
2021-05-17,1484346,22573242,15.05,15.9,15.0,15.0,-1.65,529,0.8626066437025501,12.9822,12.9391,12.9391,13.7154
2021-05-18,1532056,24303541,15.05,16.5,15.05,16.5,1.5,526,0.8626066437025501,12.9822,14.233,12.9822,14.233
2021-05-19,1029524,17510494,16.55,17.4,16.05,17.25,0.75,510,0.8626066437025501,14.2761,14.88,13.8448,15.0094
2021-05-20,700981,11651833,17.4,17.4,16.2,16.4,-0.85,391,0.8626066437025501,15.0094,14.1467,13.9742,15.0094
2021-05-21,432575,7221311,16.75,17.05,16.4,16.7,0.3,248,0.8626066437025501,14.4487,14.4055,14.1467,14.7074
2021-05-24,668190,11360440,16.7,17.4,16.6,17.1,0.4,266,0.8626066437025501,14.4055,14.7506,14.3193,15.0094
2021-05-25,645849,11365114,17.3,17.9,17.3,17.7,0.6,372,0.8626066437025501,14.9231,15.2681,14.9231,15.4407
2021-05-26,310150,5409766,17.7,17.75,17.25,17.55,-0.15,203,0.8626066437025501,15.2681,15.1387,14.88,15.3113
2021-05-27,213762,3709126,17.8,17.8,17.05,17.3,-0.25,143,0.8626066437025501,15.3544,14.9231,14.7074,15.3544
2021-05-28,528474,9335775,17.4,17.95,17.4,17.5,0.2,280,0.8626066437025501,15.0094,15.0956,15.0094,15.4838
2021-05-31,839911,15051915,17.3,18.35,17.3,18.1,0.6,464,0.8626066437025501,14.9231,15.6132,14.9231,15.8288
2021-06-01,505322,9145335,18.5,18.5,17.9,18.25,0.15,261,0.8626066437025501,15.9582,15.7426,15.4407,15.9582
2021-06-02,568208,10163250,18.25,18.25,17.6,17.8,-0.45,333,0.8626066437025501,15.7426,15.3544,15.1819,15.7426
2021-06-03,397859,7099334,17.8,18.05,17.65,17.85,0.05,231,0.8626066437025501,15.3544,15.3975,15.225,15.57
2021-06-04,303052,5341943,17.9,17.9,17.5,17.5,-0.35,211,0.8626066437025501,15.4407,15.0956,15.0956,15.4407
2021-06-07,372769,6373459,17.35,17.45,16.7,17.15,-0.35,244,0.8626066437025501,14.9662,14.7937,14.4055,15.0525
2021-06-08,96885,1673789,17.0,17.4,17.0,17.4,0.25,99,0.8626066437025501,14.6643,15.0094,14.6643,15.0094
2021-06-09,370204,6466226,17.35,17.9,17.1,17.2,-0.2,270,0.8626066437025501,14.9662,14.8368,14.7506,15.4407
2021-06-10,516824,9099933,17.2,17.85,17.15,17.55,0.35,223,0.8626066437025501,14.8368,15.1387,14.7937,15.3975
2021-06-11,337136,5873213,17.3,17.65,17.25,17.3,-0.25,178,0.8626066437025501,14.9231,14.9231,14.88,15.225
2021-06-15,210026,3649509,17.4,17.6,17.15,17.5,0.2,158,0.8626066437025501,15.0094,15.0956,14.7937,15.1819
2021-06-16,282388,4955510,17.8,17.8,17.2,17.25,-0.25,179,0.8626066437025501,15.3544,14.88,14.8368,15.3544
2021-06-17,307352,5400593,17.2,17.85,17.2,17.75,0.5,188,0.8626066437025501,14.8368,15.3113,14.8368,15.3975
2021-06-18,385152,6769617,17.8,17.8,17.3,17.65,-0.1,215,0.8626066437025501,15.3544,15.225,14.9231,15.3544
2021-06-21,413701,7107008,17.4,17.55,17.0,17.1,-0.55,254,0.8626066437025501,15.0094,14.7506,14.6643,15.1387
2021-06-22,271274,4660313,17.55,17.55,17.05,17.05,-0.05,182,0.8626066437025501,15.1387,14.7074,14.7074,15.1387
2021-06-23,506633,8701256,17.1,17.4,17.0,17.4,0.35,248,0.8626066437025501,14.7506,15.0094,14.6643,15.0094
2021-06-24,2544794,47958156,17.85,19.1,17.85,19.1,1.7,1003,0.8626066437025501,15.3975,16.4758,15.3975,16.4758
2021-06-25,6093431,122084188,20.0,20.9,19.5,19.7,0.6,3243,0.8626066437025501,17.2521,16.9934,16.8208,18.0285
2021-06-28,1565079,29953061,19.7,19.85,18.75,19.1,-0.6,916,0.8626066437025501,16.9934,16.4758,16.1739,17.1227
2021-06-29,928532,17781699,19.15,19.65,18.8,19.15,0.05,585,0.8626066437025501,16.5189,16.5189,16.217,16.9502
2021-06-30,1067207,20571583,19.55,19.55,19.05,19.3,0.15,538,0.8626066437025501,16.864,16.6483,16.4327,16.864
2021-07-01,594583,11219120,19.45,19.45,18.55,19.0,-0.3,446,0.8626066437025501,16.7777,16.3895,16.0014,16.7777
2021-07-02,778725,14882996,18.95,19.45,18.65,19.4,0.4,444,0.8626066437025501,16.3464,16.7346,16.0876,16.7777
2021-07-05,10676437,225105797,19.8,21.3,19.25,21.3,1.9,3449,0.8626066437025501,17.0796,18.3735,16.6052,18.3735
2021-07-06,4305772,87787729,21.3,21.3,19.9,20.3,-1.0,2331,0.8626066437025501,18.3735,17.5109,17.1659,18.3735
2021-07-07,1755919,35407696,20.2,20.65,19.7,20.0,-0.3,974,0.8626066437025501,17.4247,17.2521,16.9934,17.8128
2021-07-08,3447512,72126872,20.25,21.35,20.1,21.0,1.0,1833,0.8626066437025501,17.4678,18.1147,17.3384,18.4167
2021-07-09,14808793,333042869,21.0,23.1,20.6,22.4,1.4,6110,0.8626066437025501,18.1147,19.3224,17.7697,19.9262
2021-07-12,6691586,147508586,21.9,22.85,21.4,22.0,-0.4,3179,0.8626066437025501,18.8911,18.9773,18.4598,19.7106
2021-07-13,5662165,126263620,22.35,23.0,21.2,21.25,-0.75,2843,0.8626066437025501,19.2793,18.3304,18.2873,19.84
2021-07-14,2424111,49827755,21.5,21.9,20.0,20.2,-1.05,1223,0.8626066437025501,18.546,17.4247,17.2521,18.8911
2021-07-15,1210622,24597463,20.65,20.65,20.05,20.5,0.3,574,0.8626066437025501,17.8128,17.6834,17.2953,17.8128
2021-07-16,964663,19720927,20.4,20.8,20.2,20.25,-0.25,502,0.8626066437025501,17.5972,17.4678,17.4247,17.9422
2021-07-19,783824,15791424,20.25,20.5,19.9,20.1,-0.15,503,0.8626066437025501,17.4678,17.3384,17.1659,17.6834
2021-07-20,1760667,34641212,19.9,20.3,19.2,19.3,-0.8,915,0.8626066437025501,17.1659,16.6483,16.562,17.5109
2021-07-21,4147371,85660305,19.9,21.2,19.75,20.2,0.9,2062,0.8626066437025501,17.1659,17.4247,17.0365,18.2873
2021-07-22,1566568,31842186,20.3,20.75,20.05,20.2,0.0,859,0.8626066437025501,17.5109,17.4247,17.2953,17.8991
2021-07-23,919308,18814271,20.3,20.9,20.2,20.45,0.25,588,0.8626066437025501,17.5109,17.6403,17.4247,18.0285
2021-07-26,984376,20321108,20.7,20.9,20.4,20.8,0.35,520,0.8626066437025501,17.856,17.9422,17.5972,18.0285
2021-07-27,3136042,65620762,21.4,21.45,20.0,20.0,-0.8,1247,0.8626066437025501,18.4598,17.2521,17.2521,18.5029
2021-07-28,1010128,19690197,19.9,20.1,19.0,19.35,-0.65,633,0.8626066437025501,17.1659,16.6914,16.3895,17.3384
2021-07-29,475493,9276384,19.55,19.7,19.35,19.55,0.2,286,0.8626066437025501,16.864,16.864,16.6914,16.9934
2021-07-30,695217,13725445,19.6,20.15,19.5,19.55,0.0,452,0.8626066437025501,16.9071,16.864,16.8208,17.3815
2021-08-02,378749,7438624,19.5,19.85,19.5,19.6,0.05,248,0.8626066437025501,16.8208,16.9071,16.8208,17.1227
2021-08-03,331667,6518906,19.6,19.85,19.55,19.75,0.15,204,0.8626066437025501,16.9071,17.0365,16.864,17.1227
2021-08-04,714531,14190152,19.75,20.0,19.75,19.75,0.0,303,0.8626066437025501,17.0365,17.0365,17.0365,17.2521
2021-08-05,637597,12458692,19.85,19.85,19.4,19.4,-0.35,368,0.8626066437025501,17.1227,16.7346,16.7346,17.1227
2021-08-06,515249,10099741,19.45,19.95,19.3,19.65,0.25,316,0.8626066437025501,16.7777,16.9502,16.6483,17.209
2021-08-09,504589,9734410,19.7,19.7,19.1,19.1,-0.55,315,0.8626066437025501,16.9934,16.4758,16.4758,16.9934
2021-08-10,648229,12067092,19.05,19.05,18.45,18.45,-0.65,387,0.8626066437025501,16.4327,15.9151,15.9151,16.4327
2021-08-11,615500,11197481,18.35,18.65,17.9,18.05,-0.4,380,0.8626066437025501,15.8288,15.57,15.4407,16.0876
2021-08-12,360217,6675450,18.1,19.1,18.1,18.7,0.65,274,0.8626066437025501,15.6132,16.1307,15.6132,16.4758
2021-08-13,330388,6022527,18.55,18.55,18.05,18.05,-0.65,234,0.8626066437025501,16.0014,15.57,15.57,16.0014
2021-08-16,338060,6002936,18.05,18.35,17.4,17.6,-0.45,268,0.8626066437025501,15.57,15.1819,15.0094,15.8288
2021-08-17,484356,8379889,17.65,17.85,16.85,16.85,-0.75,287,0.8626066437025501,15.225,14.5349,14.5349,15.3975
2021-08-18,728212,12413503,16.4,18.05,16.3,17.85,1.0,391,0.8626066437025501,14.1467,15.3975,14.0605,15.57
2021-08-19,403247,6901393,17.6,17.6,16.8,16.9,-0.95,276,0.8626066437025501,15.1819,14.5781,14.4918,15.1819
2021-08-20,380406,6452407,16.9,17.15,16.7,16.85,-0.05,229,0.8626066437025501,14.5781,14.5349,14.4055,14.7937
2021-08-23,306643,5374468,17.3,17.95,17.25,17.55,0.7,186,0.8626066437025501,14.9231,15.1387,14.88,15.4838
2021-08-24,663071,11723678,17.9,17.9,17.4,17.6,0.05,222,0.8626066437025501,15.4407,15.1819,15.0094,15.4407
2021-08-25,263310,4719889,17.6,18.25,17.6,17.8,0.2,162,0.8626066437025501,15.1819,15.3544,15.1819,15.7426
2021-08-26,252434,4437550,17.9,17.95,17.4,17.45,-0.35,170,0.8626066437025501,15.4407,15.0525,15.0094,15.4838
2021-08-27,237935,4186254,17.5,17.8,17.4,17.7,0.25,138,0.8626066437025501,15.0956,15.2681,15.0094,15.3544
2021-08-30,136324,2422138,17.9,17.95,17.6,17.65,-0.05,94,0.8626066437025501,15.4407,15.225,15.1819,15.4838
2021-08-31,162177,2868338,17.75,17.95,17.5,17.85,0.2,105,0.8626066437025501,15.3113,15.3975,15.0956,15.4838
2021-09-01,761184,13619771,17.8,18.05,17.8,17.9,0.05,178,0.8626066437025501,15.3544,15.4407,15.3544,15.57
2021-09-02,458752,8193593,17.85,18.5,17.35,17.4,-0.5,270,0.8626066437025501,15.3975,15.0094,14.9662,15.9582
2021-09-03,226281,3966015,17.5,17.65,17.4,17.55,0.15,116,0.8626066437025501,15.0956,15.1387,15.0094,15.225
2021-09-06,412483,7079227,17.45,17.6,16.85,16.9,-0.65,257,0.8626066437025501,15.0525,14.5781,14.5349,15.1819
2021-09-07,307006,5120611,16.9,17.0,16.5,16.65,-0.25,158,0.8626066437025501,14.5781,14.3624,14.233,14.6643
2021-09-08,465957,7579805,16.55,16.65,16.1,16.15,-0.5,229,0.8626066437025501,14.2761,13.9311,13.888,14.3624
2021-09-09,337032,5537792,16.05,16.7,15.95,16.6,0.45,183,0.8626066437025501,13.8448,14.3193,13.7586,14.4055
2021-09-10,588277,10128327,16.9,18.0,16.6,17.1,0.5,343,0.8626066437025501,14.5781,14.7506,14.3193,15.5269
2021-09-13,204851,3507354,17.0,17.5,16.9,17.05,-0.05,157,0.8626066437025501,14.6643,14.7074,14.5781,15.0956
2021-09-14,160066,2708264,17.1,17.2,16.75,16.9,-0.15,109,0.8626066437025501,14.7506,14.5781,14.4487,14.8368
2021-09-15,340775,5628263,17.0,17.0,16.25,16.5,-0.4,207,0.8626066437025501,14.6643,14.233,14.0174,14.6643
2021-09-16,92946,1539663,16.5,16.7,16.4,16.45,-0.05,90,0.8626066437025501,14.233,14.1899,14.1467,14.4055
2021-09-17,194753,3184076,16.45,16.45,16.3,16.4,-0.05,121,0.8626066437025501,14.1899,14.1467,14.0605,14.1899
2021-09-22,450644,7226220,16.1,16.15,15.75,16.0,-0.4,138,0.8626066437025501,13.888,13.8017,13.5861,13.9311
2021-09-23,96736,1568511,16.25,16.3,16.1,16.25,0.25,72,0.8626066437025501,14.0174,14.0174,13.888,14.0605
2021-09-24,102429,1671826,16.15,16.45,16.15,16.3,0.05,78,0.8626066437025501,13.9311,14.0605,13.9311,14.1899
2021-09-27,162264,2669351,16.3,16.6,16.2,16.5,0.2,101,0.8626066437025501,14.0605,14.233,13.9742,14.3193
2021-09-28,92720,1507134,16.55,16.55,16.15,16.3,-0.2,77,0.8626066437025501,14.2761,14.0605,13.9311,14.2761
2021-09-29,182674,2933032,16.25,16.25,16.0,16.05,-0.25,119,0.8626066437025501,14.0174,13.8448,13.8017,14.0174
2021-09-30,139461,2249656,16.15,16.4,16.05,16.2,0.15,96,0.8626066437025501,13.9311,13.9742,13.8448,14.1467
2021-10-01,645182,10124729,16.25,16.25,15.5,15.5,-0.7,273,0.8626066437025501,14.0174,13.3704,13.3704,14.0174
2021-10-04,506516,7688587,15.95,16.0,15.0,15.0,-0.5,199,0.8626066437025501,13.7586,12.9391,12.9391,13.8017
2021-10-05,487705,7291517,14.7,15.4,14.6,15.1,0.1,172,0.8626066437025501,12.6803,13.0254,12.5941,13.2841
2021-10-06,317902,4818308,15.3,15.45,15.0,15.0,-0.1,113,0.8626066437025501,13.1979,12.9391,12.9391,13.3273
2021-10-07,213724,3322770,15.05,15.95,15.05,15.5,0.5,165,0.8626066437025501,12.9822,13.3704,12.9822,13.7586
2021-10-08,138228,2186355,15.75,16.1,15.55,15.6,0.1,104,0.8626066437025501,13.5861,13.4567,13.4135,13.888
2021-10-12,134725,2076441,15.85,15.9,15.25,15.3,-0.3,95,0.8626066437025501,13.6723,13.1979,13.1548,13.7154
2021-10-13,544340,8192596,15.3,15.75,14.8,15.05,-0.25,156,0.8626066437025501,13.1979,12.9822,12.7666,13.5861
2021-10-14,273540,4111852,15.0,15.3,14.95,15.15,0.1,102,0.8626066437025501,12.9391,13.0685,12.896,13.1979
2021-10-15,207594,3205235,15.2,15.6,15.2,15.6,0.45,136,0.8626066437025501,13.1116,13.4567,13.1116,13.4567
2021-10-18,159424,2518543,16.05,16.05,15.65,15.75,0.15,100,0.8626066437025501,13.8448,13.5861,13.4998,13.8448
2021-10-19,539631,8855988,15.9,16.8,15.9,16.65,0.9,319,0.8626066437025501,13.7154,14.3624,13.7154,14.4918
2021-10-20,274425,4572809,16.9,16.95,16.35,16.6,-0.05,179,0.8626066437025501,14.5781,14.3193,14.1036,14.6212
2021-10-21,230507,3846176,16.6,17.0,16.35,16.6,0.0,150,0.8626066437025501,14.3193,14.3193,14.1036,14.6643
2021-10-22,183251,3039178,16.65,16.7,16.4,16.5,-0.1,109,0.8626066437025501,14.3624,14.233,14.1467,14.4055
2021-10-25,147015,2403154,16.1,16.55,16.1,16.45,-0.05,101,0.8626066437025501,13.888,14.1899,13.888,14.2761
2021-10-26,284505,4695444,16.55,16.8,16.3,16.3,-0.15,177,0.8626066437025501,14.2761,14.0605,14.0605,14.4918
2021-10-27,198286,3275893,16.45,16.65,16.35,16.65,0.35,120,0.8626066437025501,14.1899,14.3624,14.1036,14.3624
2021-10-28,133804,2219457,16.75,16.75,16.4,16.5,-0.15,88,0.8626066437025501,14.4487,14.233,14.1467,14.4487
2021-10-29,416186,6958082,16.75,16.9,16.5,16.7,0.2,230,0.8626066437025501,14.4487,14.4055,14.233,14.5781
2021-11-01,1341698,24312601,16.8,18.35,16.75,18.35,1.65,554,0.8626066437025501,14.4918,15.8288,14.4487,15.8288
2021-11-02,6569533,129029702,18.75,20.15,18.7,18.85,0.5,2910,0.8626066437025501,16.1739,16.2601,16.1307,17.3815
2021-11-03,1390183,25294322,18.4,18.85,17.6,18.1,-0.75,800,0.8626066437025501,15.872,15.6132,15.1819,16.2601
2021-11-04,1156081,20637838,18.35,18.5,17.4,17.65,-0.45,594,0.8626066437025501,15.8288,15.225,15.0094,15.9582
2021-11-05,559827,9965980,18.0,18.05,17.5,17.75,0.1,298,0.8626066437025501,15.5269,15.3113,15.0956,15.57
2021-11-08,644833,11311759,17.75,17.85,17.3,17.4,-0.35,318,0.8626066437025501,15.3113,15.0094,14.9231,15.3975
2021-11-09,362468,6347306,17.55,17.8,17.35,17.45,0.05,202,0.8626066437025501,15.1387,15.0525,14.9662,15.3544
2021-11-10,310359,5478147,17.4,17.85,17.35,17.7,0.25,180,0.8626066437025501,15.0094,15.2681,14.9662,15.3975
2021-11-11,337048,5841457,17.45,17.5,17.2,17.2,-0.5,207,0.8626066437025501,15.0525,14.8368,14.8368,15.0956
2021-11-12,204084,3542177,17.25,17.5,17.2,17.3,0.1,135,0.8626066437025501,14.88,14.9231,14.8368,15.0956
2021-11-15,304038,5356502,17.55,17.8,17.4,17.6,0.3,189,0.8626066437025501,15.1387,15.1819,15.0094,15.3544
2021-11-16,566803,10158218,17.7,18.2,17.65,17.65,0.05,375,0.8626066437025501,15.2681,15.225,15.225,15.6994
2021-11-17,372172,6713076,17.9,18.3,17.85,17.85,0.2,239,0.8626066437025501,15.4407,15.3975,15.3975,15.7857
2021-11-18,408583,7364185,17.9,18.25,17.85,17.85,0.0,260,0.8626066437025501,15.4407,15.3975,15.3975,15.7426
2021-11-19,306236,5486159,18.0,18.0,17.7,17.8,-0.05,179,0.8626066437025501,15.5269,15.3544,15.2681,15.5269
2021-11-22,173209,3067073,17.5,17.85,17.5,17.75,-0.05,135,0.8626066437025501,15.0956,15.3113,15.0956,15.3975
2021-11-23,201803,3534016,17.75,17.8,17.4,17.4,-0.35,141,0.8626066437025501,15.3113,15.0094,15.0094,15.3544
2021-11-24,395407,6819174,17.3,17.4,17.15,17.35,-0.05,219,0.8626066437025501,14.9231,14.9662,14.7937,15.0094
2021-11-25,271533,4724128,17.3,17.6,17.25,17.3,-0.05,159,0.8626066437025501,14.9231,14.9231,14.88,15.1819
2021-11-26,313943,5344325,17.2,17.3,16.9,16.95,-0.35,212,0.8626066437025501,14.8368,14.6212,14.5781,14.9231
2021-11-29,277209,4632036,16.9,17.1,16.3,17.05,0.1,175,0.8626066437025501,14.5781,14.7074,14.0605,14.7506
2021-11-30,258699,4432291,17.1,17.3,16.95,17.15,0.0,138,0.878580840808153,15.0237,15.0677,14.8919,15.1994
2021-12-01,115697,1969286,17.1,17.1,16.95,17.05,-0.1,83,0.878580840808153,15.0237,14.9798,14.8919,15.0237
2021-12-02,423979,7325866,17.05,17.65,17.0,17.05,0.0,268,0.878580840808153,14.9798,14.9798,14.9359,15.507
2021-12-03,229214,3935019,17.1,17.3,17.05,17.3,0.25,150,0.878580840808153,15.0237,15.1994,14.9798,15.1994
2021-12-06,229429,3922129,17.35,17.35,16.95,16.95,-0.35,158,0.878580840808153,15.2434,14.8919,14.8919,15.2434
2021-12-07,207927,3521059,17.15,17.15,16.85,16.9,-0.05,136,0.878580840808153,15.0677,14.848,14.8041,15.0677
2021-12-08,286974,4872765,17.1,17.1,16.85,16.9,0.0,145,0.878580840808153,15.0237,14.848,14.8041,15.0237
2021-12-09,395221,6779408,16.95,17.35,16.95,17.2,0.3,215,0.878580840808153,14.8919,15.1116,14.8919,15.2434
2021-12-10,163666,2778852,17.05,17.15,16.9,16.9,-0.3,149,0.878580840808153,14.9798,14.848,14.848,15.0677
2021-12-13,315327,5311053,16.9,17.0,16.75,16.95,0.05,180,0.878580840808153,14.848,14.8919,14.7162,14.9359
2021-12-14,326750,5434886,16.95,16.95,16.5,16.55,-0.4,199,0.878580840808153,14.8919,14.5405,14.4966,14.8919
2021-12-15,182708,3028412,16.4,16.7,16.4,16.5,-0.05,116,0.878580840808153,14.4087,14.4966,14.4087,14.6723
2021-12-16,232843,3917946,16.7,16.95,16.6,16.75,0.25,160,0.878580840808153,14.6723,14.7162,14.5844,14.8919
2021-12-17,164685,2754177,16.75,16.85,16.6,16.7,-0.05,107,0.878580840808153,14.7162,14.6723,14.5844,14.8041
2021-12-20,168368,2793307,16.85,16.95,16.5,16.65,-0.05,106,0.878580840808153,14.8041,14.6284,14.4966,14.8919
2021-12-21,117701,1968705,16.75,16.8,16.6,16.7,0.05,76,0.878580840808153,14.7162,14.6723,14.5844,14.7602
2021-12-22,158439,2656292,16.7,16.9,16.65,16.65,-0.05,118,0.878580840808153,14.6723,14.6284,14.6284,14.848
2021-12-23,481538,8205030,16.85,17.3,16.85,16.95,0.3,277,0.878580840808153,14.8041,14.8919,14.8041,15.1994
2021-12-24,393232,6647945,17.0,17.2,16.8,16.8,-0.15,228,0.878580840808153,14.9359,14.7602,14.7602,15.1116
2021-12-27,285056,4821673,16.85,17.15,16.8,17.05,0.25,199,0.878580840808153,14.8041,14.9798,14.7602,15.0677
2021-12-28,469742,8077098,17.1,17.45,17.05,17.1,0.05,364,0.878580840808153,15.0237,15.0237,14.9798,15.3312
2021-12-29,337300,5745487,17.25,17.25,16.9,17.0,-0.1,261,0.878580840808153,15.1555,14.9359,14.848,15.1555
2021-12-30,385400,6520906,17.05,17.05,16.85,16.9,-0.1,173,0.878580840808153,14.9798,14.848,14.8041,14.9798
2022-01-03,1743631,30187346,16.9,17.7,16.55,17.6,0.7,810,0.878580840808153,14.848,15.463,14.5405,15.5509
2022-01-04,2282588,40280710,17.55,17.9,17.25,17.3,-0.3,785,0.878580840808153,15.4191,15.1994,15.1555,15.7266
2022-01-05,344779,5890187,17.35,17.35,16.9,16.95,-0.35,232,0.878580840808153,15.2434,14.8919,14.848,15.2434
2022-01-06,196338,3311136,16.95,17.0,16.7,16.8,-0.15,131,0.878580840808153,14.8919,14.7602,14.6723,14.9359
2022-01-07,269502,4493968,16.8,16.85,16.6,16.6,-0.2,195,0.878580840808153,14.7602,14.5844,14.5844,14.8041
2022-01-10,115203,1906901,16.55,16.75,16.35,16.6,0.0,82,0.878580840808153,14.5405,14.5844,14.3648,14.7162
2022-01-11,287971,4720266,16.6,16.6,16.2,16.2,-0.4,232,0.878580840808153,14.5844,14.233,14.233,14.5844
2022-01-12,179796,2924439,16.25,16.45,16.2,16.25,0.05,146,0.878580840808153,14.2769,14.2769,14.233,14.4527
2022-01-13,142780,2312120,16.25,16.35,16.15,16.15,-0.1,114,0.878580840808153,14.2769,14.1891,14.1891,14.3648
2022-01-14,341561,5441730,16.3,16.4,15.6,15.9,-0.25,214,0.878580840808153,14.3209,13.9694,13.7059,14.4087
2022-01-17,120004,1926968,15.9,16.2,15.85,16.2,0.3,78,0.878580840808153,13.9694,14.233,13.9255,14.233
2022-01-18,350246,5609919,16.35,16.4,15.8,15.95,-0.25,218,0.878580840808153,14.3648,14.0134,13.8816,14.4087
2022-01-19,232180,3659840,15.85,15.9,15.7,15.8,-0.15,139,0.878580840808153,13.9255,13.8816,13.7937,13.9694
2022-01-20,78904,1245040,15.8,15.85,15.7,15.85,0.05,62,0.878580840808153,13.8816,13.9255,13.7937,13.9255
2022-01-21,174597,2720245,15.8,15.8,15.5,15.6,-0.25,126,0.878580840808153,13.8816,13.7059,13.618,13.8816
2022-01-24,465082,7261758,15.6,15.9,15.4,15.8,0.2,227,0.878580840808153,13.7059,13.8816,13.5301,13.9694
2022-01-25,136026,2124436,15.65,15.95,15.5,15.5,-0.3,127,0.878580840808153,13.7498,13.618,13.618,14.0134
2022-01-26,174814,2714248,15.45,15.95,15.4,15.6,0.1,83,0.878580840808153,13.5741,13.7059,13.5301,14.0134
2022-02-07,184652,2879158,15.6,15.9,15.4,15.9,0.3,110,0.878580840808153,13.7059,13.9694,13.5301,13.9694
2022-02-08,159730,2571779,15.9,16.25,15.9,16.0,0.1,118,0.878580840808153,13.9694,14.0573,13.9694,14.2769
2022-02-09,161339,2616603,16.2,16.3,16.15,16.2,0.2,120,0.878580840808153,14.233,14.233,14.1891,14.3209
2022-02-10,266020,4365528,16.35,16.55,16.3,16.45,0.25,163,0.878580840808153,14.3648,14.4527,14.3209,14.5405
2022-02-11,314213,5197192,16.45,16.7,16.4,16.6,0.15,176,0.878580840808153,14.4527,14.5844,14.4087,14.6723
2022-02-14,119066,1931063,16.5,16.5,16.1,16.15,-0.45,89,0.878580840808153,14.4966,14.1891,14.1452,14.4966
2022-02-15,155338,2530379,16.2,16.4,16.15,16.25,0.1,89,0.878580840808153,14.233,14.2769,14.1891,14.4087
2022-02-16,137838,2256911,16.55,16.55,16.2,16.3,0.05,88,0.878580840808153,14.5405,14.3209,14.233,14.5405
2022-02-17,245676,3957127,16.3,16.3,15.8,16.0,-0.3,208,0.878580840808153,14.3209,14.0573,13.8816,14.3209
2022-02-18,127287,2024740,15.7,16.05,15.7,16.0,0.0,99,0.878580840808153,13.7937,14.0573,13.7937,14.1012
2022-02-21,119682,1912143,15.8,16.1,15.8,16.0,0.0,83,0.878580840808153,13.8816,14.0573,13.8816,14.1452
2022-02-22,230421,3618009,15.8,15.85,15.6,15.7,-0.3,661,0.878580840808153,13.8816,13.7937,13.7059,13.9255
2022-02-23,76317,1202470,15.9,15.9,15.7,15.75,0.05,348,0.878580840808153,13.9694,13.8376,13.7937,13.9694
2022-02-24,357935,5522787,15.75,15.75,15.25,15.3,-0.45,185,0.878580840808153,13.8376,13.4423,13.3984,13.8376
2022-02-25,157124,2413872,15.3,15.55,15.3,15.45,0.15,89,0.878580840808153,13.4423,13.5741,13.4423,13.6619
2022-03-01,99099,1556030,15.6,15.8,15.6,15.75,0.3,66,0.878580840808153,13.7059,13.8376,13.7059,13.8816
2022-03-02,63210,995277,15.85,15.85,15.7,15.75,0.0,49,0.878580840808153,13.9255,13.8376,13.7937,13.9255
2022-03-03,61827,980038,15.9,16.0,15.75,15.75,0.0,61,0.878580840808153,13.9694,13.8376,13.8376,14.0573
2022-03-04,80970,1273822,15.95,15.95,15.65,15.7,-0.05,62,0.878580840808153,14.0134,13.7937,13.7498,14.0134
2022-03-07,248729,3769670,15.7,15.7,15.0,15.2,-0.5,151,0.878580840808153,13.7937,13.3544,13.1787,13.7937
2022-03-08,210593,3155978,15.2,15.2,14.9,14.9,-0.3,98,0.878580840808153,13.3544,13.0909,13.0909,13.3544
2022-03-09,217389,3279749,15.0,15.45,15.0,15.2,0.3,61,0.878580840808153,13.1787,13.3544,13.1787,13.5741
2022-03-10,73873,1138535,15.35,15.5,15.35,15.4,0.2,60,0.878580840808153,13.4862,13.5301,13.4862,13.618
2022-03-11,108784,1683193,15.75,15.75,15.3,15.35,-0.05,66,0.878580840808153,13.8376,13.4862,13.4423,13.8376
2022-03-14,66036,1013282,15.4,15.45,15.25,15.25,-0.1,46,0.878580840808153,13.5301,13.3984,13.3984,13.5741
2022-03-15,72428,1088867,15.25,15.25,15.0,15.05,-0.2,64,0.878580840808153,13.3984,13.2226,13.1787,13.3984
2022-03-16,84090,1268679,15.15,15.2,15.0,15.2,0.15,75,0.878580840808153,13.3105,13.3544,13.1787,13.3544
2022-03-17,109263,1678328,15.4,15.45,15.2,15.4,0.2,83,0.878580840808153,13.5301,13.5301,13.3544,13.5741
2022-03-18,56232,858577,15.25,15.35,15.15,15.35,-0.05,47,0.878580840808153,13.3984,13.4862,13.3105,13.4862
2022-03-21,51250,791228,15.65,15.65,15.4,15.45,0.1,48,0.878580840808153,13.7498,13.5741,13.5301,13.7498
2022-03-22,45355,698021,15.5,15.5,15.3,15.4,-0.05,45,0.878580840808153,13.618,13.5301,13.4423,13.618
2022-03-23,101482,1566131,15.6,15.6,15.4,15.45,0.05,78,0.878580840808153,13.7059,13.5741,13.5301,13.7059
2022-03-24,105198,1610081,15.45,15.45,15.2,15.25,-0.2,81,0.878580840808153,13.5741,13.3984,13.3544,13.5741
2022-03-25,92089,1412720,15.5,15.5,15.25,15.25,0.0,69,0.878580840808153,13.618,13.3984,13.3984,13.618
2022-03-28,113449,1711315,15.25,15.25,15.0,15.2,-0.05,87,0.878580840808153,13.3984,13.3544,13.1787,13.3984
2022-03-29,31488,479891,15.3,15.3,15.2,15.25,0.05,37,0.878580840808153,13.4423,13.3984,13.3544,13.4423
2022-03-30,638525,10229984,15.4,16.5,15.4,15.9,0.65,399,0.878580840808153,13.5301,13.9694,13.5301,14.4966
2022-03-31,136149,2155738,16.0,16.0,15.7,15.7,-0.2,105,0.878580840808153,14.0573,13.7937,13.7937,14.0573
2022-04-01,140902,2226994,15.6,15.95,15.4,15.95,0.25,108,0.878580840808153,13.7059,14.0134,13.5301,14.0134
2022-04-06,136059,2163632,15.9,16.1,15.75,15.95,0.0,96,0.878580840808153,13.9694,14.0134,13.8376,14.1452
2022-04-07,693220,11029471,15.9,16.05,15.8,15.95,0.0,162,0.878580840808153,13.9694,14.0134,13.8816,14.1012
2022-04-08,585659,9375454,16.0,16.25,15.9,16.05,0.1,187,0.878580840808153,14.0573,14.1012,13.9694,14.2769
2022-04-11,172412,2716096,16.15,16.15,15.55,15.55,-0.5,126,0.878580840808153,14.1891,13.6619,13.6619,14.1891
2022-04-12,77134,1193992,15.5,15.7,15.4,15.4,-0.15,60,0.878580840808153,13.618,13.5301,13.5301,13.7937
2022-04-13,189127,2977024,15.4,15.85,15.4,15.85,0.45,48,0.878580840808153,13.5301,13.9255,13.5301,13.9255
2022-04-14,194918,3067852,15.9,15.9,15.6,15.7,-0.15,79,0.878580840808153,13.9694,13.7937,13.7059,13.9694
2022-04-15,107160,1675795,15.8,15.8,15.45,15.5,-0.2,64,0.878580840808153,13.8816,13.618,13.5741,13.8816
2022-04-18,155603,2383223,15.5,15.5,15.2,15.3,-0.2,67,0.878580840808153,13.618,13.4423,13.3544,13.618
2022-04-19,186056,2931868,15.6,15.95,15.5,15.55,0.25,61,0.878580840808153,13.7059,13.6619,13.618,14.0134
2022-04-20,300212,4718649,15.85,15.85,15.5,15.6,0.05,85,0.878580840808153,13.9255,13.7059,13.618,13.9255
2022-04-21,201803,3185291,15.65,15.95,15.6,15.65,0.05,98,0.878580840808153,13.7498,13.7498,13.7059,14.0134
2022-04-22,343056,5372073,15.8,15.8,15.4,15.65,0.0,126,0.878580840808153,13.8816,13.7498,13.5301,13.8816
2022-04-25,158298,2446923,15.25,15.9,15.25,15.45,-0.2,104,0.878580840808153,13.3984,13.5741,13.3984,13.9694
2022-04-26,155282,2388346,15.5,15.5,15.25,15.35,-0.1,76,0.878580840808153,13.618,13.4862,13.3984,13.618
2022-04-27,263820,3921746,15.2,15.2,14.7,15.0,-0.35,183,0.878580840808153,13.3544,13.1787,12.9151,13.3544
2022-04-28,70685,1059764,15.25,15.25,14.9,15.0,0.0,50,0.878580840808153,13.3984,13.1787,13.0909,13.3984
2022-04-29,97106,1470510,15.0,15.45,15.0,15.1,0.1,63,0.878580840808153,13.1787,13.2666,13.1787,13.5741
2022-05-03,100304,1508538,15.1,15.25,14.9,14.9,-0.2,75,0.878580840808153,13.2666,13.0909,13.0909,13.3984
2022-05-04,250010,3788999,15.05,15.35,14.9,15.1,0.2,87,0.878580840808153,13.2226,13.2666,13.0909,13.4862
2022-05-05,5497064,91013832,15.4,16.6,15.4,16.6,1.5,1582,0.878580840808153,13.5301,14.5844,13.5301,14.5844
2022-05-06,2030387,32476312,15.9,16.4,15.5,16.0,-0.6,924,0.878580840808153,13.9694,14.0573,13.618,14.4087
2022-05-09,3035569,49353636,16.2,16.6,15.65,15.95,-0.05,1406,0.878580840808153,14.233,14.0134,13.7498,14.5844
2022-05-10,1030133,16240203,15.45,16.0,15.4,15.8,-0.15,412,0.878580840808153,13.5741,13.8816,13.5301,14.0573
2022-05-11,1702732,27693728,15.8,16.45,15.8,16.1,0.3,684,0.878580840808153,13.8816,14.1452,13.8816,14.4527
2022-05-12,3669554,61877650,16.1,17.45,15.9,16.45,0.35,1972,0.878580840808153,14.1452,14.4527,13.9694,15.3312
2022-05-13,3378544,57193846,16.75,17.4,16.3,16.55,0.1,1508,0.878580840808153,14.7162,14.5405,14.3209,15.2873
2022-05-16,1064830,17652490,16.65,17.0,16.3,16.55,0.0,495,0.878580840808153,14.6284,14.5405,14.3209,14.9359
2022-05-17,3069954,52430333,16.75,17.5,16.7,17.05,0.5,1229,0.878580840808153,14.7162,14.9798,14.6723,15.3752
2022-05-18,1827272,31621053,17.3,17.6,17.0,17.1,0.05,778,0.878580840808153,15.1994,15.0237,14.9359,15.463
2022-05-19,1138010,18629905,16.45,16.8,16.1,16.45,-0.65,584,0.878580840808153,14.4527,14.4527,14.1452,14.7602
2022-05-20,3786614,66426570,16.9,18.0,16.6,17.4,0.95,2019,0.878580840808153,14.848,15.2873,14.5844,15.8145
2022-05-23,8700290,161172166,17.75,19.1,17.55,19.1,1.7,3714,0.878580840808153,15.5948,16.7809,15.4191,16.7809
2022-05-24,15951476,310954423,19.3,20.45,19.0,19.05,-0.05,7655,0.878580840808153,16.9566,16.737,16.693,17.967
2022-05-25,8202135,159401331,19.25,19.95,18.65,19.1,0.05,3904,0.878580840808153,16.9127,16.7809,16.3855,17.5277
2022-05-26,5018701,93305067,19.1,19.25,18.05,18.15,-0.95,2625,0.878580840808153,16.7809,15.9462,15.8584,16.9127
2022-05-27,2435482,44666346,18.5,18.55,18.15,18.15,0.0,1008,0.878580840808153,16.2537,15.9462,15.9462,16.2977
2022-05-30,5929241,112845380,18.4,19.45,18.2,18.95,0.8,2644,0.878580840808153,16.1659,16.6491,15.9902,17.0884
2022-05-31,4473973,84913090,18.95,19.3,18.55,18.65,-0.3,1981,0.878580840808153,16.6491,16.3855,16.2977,16.9566
2022-06-01,2491361,47185914,18.95,19.2,18.65,19.0,0.35,1279,0.878580840808153,16.6491,16.693,16.3855,16.8688
2022-06-02,3741173,72288126,18.8,19.5,18.8,19.45,0.45,1984,0.878580840808153,16.5173,17.0884,16.5173,17.1323
2022-06-06,2029668,38824215,19.65,19.65,18.85,18.9,-0.55,1089,0.878580840808153,17.2641,16.6052,16.5612,17.2641
2022-06-07,2033470,37320989,18.9,19.0,18.05,18.1,-0.8,1213,0.878580840808153,16.6052,15.9023,15.8584,16.693
2022-06-08,828690,14973389,18.35,18.35,17.9,17.95,-0.15,517,0.878580840808153,16.122,15.7705,15.7266,16.122
2022-06-09,1018857,18125330,17.75,18.0,17.6,17.9,-0.05,580,0.878580840808153,15.5948,15.7266,15.463,15.8145
2022-06-10,487946,8695960,17.65,17.95,17.6,17.85,-0.05,302,0.878580840808153,15.507,15.6827,15.463,15.7705
2022-06-13,853149,14727908,17.6,17.6,17.05,17.1,-0.75,503,0.878580840808153,15.463,15.0237,14.9798,15.463
2022-06-14,3000375,53217159,16.9,18.35,16.8,18.0,0.9,1658,0.878580840808153,14.848,15.8145,14.7602,16.122
2022-06-15,1371873,24754478,17.65,18.4,17.65,18.2,0.2,867,0.878580840808153,15.507,15.9902,15.507,16.1659
2022-06-16,1804965,32690548,18.25,18.75,17.35,17.4,-0.8,1003,0.878580840808153,16.0341,15.2873,15.2434,16.4734
2022-06-17,777672,13546634,17.45,17.8,17.1,17.6,0.2,451,0.878580840808153,15.3312,15.463,15.0237,15.6387
2022-06-20,862761,15167707,17.75,17.9,17.1,17.15,-0.45,441,0.878580840808153,15.5948,15.0677,15.0237,15.7266
2022-06-21,875498,15503761,17.25,17.9,17.25,17.85,0.7,469,0.878580840808153,15.1555,15.6827,15.1555,15.7266
2022-06-22,985325,16919032,17.85,17.85,16.9,16.9,-0.95,550,0.878580840808153,15.6827,14.848,14.848,15.6827
2022-06-23,555007,9536774,17.0,17.45,16.9,17.25,0.35,380,0.878580840808153,14.9359,15.1555,14.848,15.3312
2022-06-24,3620665,66692738,17.4,18.9,17.4,18.6,1.35,1692,0.878580840808153,15.2873,16.3416,15.2873,16.6052
2022-06-27,10295617,201303139,19.05,20.0,18.75,19.7,1.1,4336,0.878580840808153,16.737,17.308,16.4734,17.5716
2022-06-28,5753623,113431267,19.55,19.95,19.3,19.65,-0.05,2241,0.878580840808153,17.1763,17.2641,16.9566,17.5277
2022-06-29,10535260,202059698,20.3,20.3,17.8,17.85,-1.8,4899,0.878580840808153,17.8352,15.6827,15.6387,17.8352
2022-06-30,3130169,54816083,18.0,18.15,17.05,17.1,-0.75,1582,0.878580840808153,15.8145,15.0237,14.9798,15.9462
2022-07-01,3178461,52241643,17.1,17.2,15.7,15.75,-1.35,1494,0.878580840808153,15.0237,13.8376,13.7937,15.1116
2022-07-04,1524432,24001518,15.8,16.15,15.35,15.35,-0.4,769,0.878580840808153,13.8816,13.4862,13.4862,14.1891
2022-07-05,995133,15442715,15.9,15.9,15.2,15.4,0.05,583,0.878580840808153,13.9694,13.5301,13.3544,13.9694
2022-07-06,1520297,22891109,15.25,15.6,14.75,14.85,-0.55,635,0.878580840808153,13.3984,13.0469,12.9591,13.7059
2022-07-07,1357906,20804043,15.25,15.6,15.1,15.55,0.7,521,0.878580840808153,13.3984,13.6619,13.2666,13.7059
2022-07-08,1277526,20136911,15.65,16.15,15.55,15.95,0.4,589,0.878580840808153,13.7498,14.0134,13.6619,14.1891
2022-07-11,913160,14491519,16.0,16.2,15.65,15.7,-0.25,403,0.878580840808153,14.0573,13.7937,13.7498,14.233
2022-07-12,1903166,28414130,15.6,15.6,14.4,14.95,-0.75,785,0.878580840808153,13.7059,13.1348,12.6516,13.7059
2022-07-13,744031,11591385,15.5,15.75,15.4,15.7,0.75,345,0.878580840808153,13.618,13.7937,13.5301,13.8376
2022-07-14,878264,13891249,15.8,16.1,15.5,15.9,0.2,350,0.878580840808153,13.8816,13.9694,13.618,14.1452
2022-07-15,515069,8141435,15.9,15.95,15.65,15.85,-0.05,253,0.878580840808153,13.9694,13.9255,13.7498,14.0134
2022-07-18,819304,13365895,16.0,16.45,16.0,16.45,0.6,443,0.878580840808153,14.0573,14.4527,14.0573,14.4527
2022-07-19,451828,7423277,16.25,16.6,16.25,16.5,0.05,234,0.878580840808153,14.2769,14.4966,14.2769,14.5844
2022-07-20,1227777,20528756,16.9,17.0,16.5,16.65,0.15,584,0.878580840808153,14.848,14.6284,14.4966,14.9359
2022-07-21,545608,8814749,16.5,16.5,16.0,16.2,0.0,312,0.9119932044548471,15.0479,14.7743,14.5919,15.0479
2022-07-22,4235137,72016157,16.3,17.5,16.25,16.8,0.6,1894,0.9119932044548471,14.8655,15.3215,14.8199,15.9599
2022-07-25,1017286,16666375,16.8,16.8,16.2,16.2,-0.6,629,0.9119932044548471,15.3215,14.7743,14.7743,15.3215
2022-07-26,775459,12374131,16.25,16.3,15.65,15.75,-0.45,443,0.9119932044548471,14.8199,14.3639,14.2727,14.8655
2022-07-27,485504,7715902,15.75,16.15,15.7,16.15,0.4,282,0.9119932044548471,14.3639,14.7287,14.3183,14.7287
2022-07-28,571082,9119994,16.25,16.35,15.75,15.75,-0.4,306,0.9119932044548471,14.8199,14.3639,14.3639,14.9111
2022-07-29,2911796,48166956,15.95,16.95,15.9,16.8,1.05,1373,0.9119932044548471,14.5463,15.3215,14.5007,15.4583
2022-08-01,905329,14977497,16.7,16.9,16.45,16.45,-0.35,441,0.9119932044548471,15.2303,15.0023,15.0023,15.4127
2022-08-02,809481,12924311,16.2,16.25,15.8,16.05,-0.4,466,0.9119932044548471,14.7743,14.6375,14.4095,14.8199
2022-08-03,517999,8223433,15.9,16.2,15.7,15.7,-0.35,279,0.9119932044548471,14.5007,14.3183,14.3183,14.7743
2022-08-04,599953,9279896,15.8,15.8,15.2,15.65,-0.05,347,0.9119932044548471,14.4095,14.2727,13.8623,14.4095
2022-08-05,503140,8046396,15.85,16.15,15.85,15.95,0.3,291,0.9119932044548471,14.4551,14.5463,14.4551,14.7287
2022-08-08,390837,6244584,15.95,16.2,15.8,16.2,0.25,224,0.9119932044548471,14.5463,14.7743,14.4095,14.7743
2022-08-09,249251,3991469,16.0,16.1,15.95,15.95,-0.25,161,0.9119932044548471,14.5919,14.5463,14.5463,14.6831
2022-08-10,841140,13665174,15.9,16.6,15.8,16.25,0.3,444,0.9119932044548471,14.5007,14.8199,14.4095,15.1391
2022-08-11,701495,11425263,16.5,16.55,16.2,16.2,-0.05,335,0.9119932044548471,15.0479,14.7743,14.7743,15.0935
2022-08-12,1069730,17723274,16.25,16.8,16.25,16.5,0.3,504,0.9119932044548471,14.8199,15.0479,14.8199,15.3215
2022-08-15,884280,14827075,16.7,17.0,16.55,16.8,0.3,433,0.9119932044548471,15.2303,15.3215,15.0935,15.5039
2022-08-16,3519528,61413083,17.15,18.05,17.0,17.3,0.5,1637,0.9119932044548471,15.6407,15.7775,15.5039,16.4615
2022-08-17,1665470,29621386,17.6,18.1,17.5,17.7,0.4,839,0.9119932044548471,16.0511,16.1423,15.9599,16.5071
2022-08-18,1979534,35955940,17.7,18.45,17.7,18.3,0.6,918,0.9119932044548471,16.1423,16.6895,16.1423,16.8263
2022-08-19,2289635,42829123,18.5,19.1,18.2,18.7,0.4,1102,0.9119932044548471,16.8719,17.0543,16.5983,17.4191
2022-08-22,1488185,28216341,18.5,19.3,18.5,18.6,-0.1,768,0.9119932044548471,16.8719,16.9631,16.8719,17.6015
2022-08-23,1674136,30965224,18.85,19.0,17.8,18.35,-0.25,891,0.9119932044548471,17.1911,16.7351,16.2335,17.3279
2022-08-24,1435246,27061641,18.75,19.1,18.55,19.1,0.75,685,0.9119932044548471,17.0999,17.4191,16.9175,17.4191
2022-08-25,1728438,33077613,19.0,19.3,18.8,19.1,0.0,766,0.9119932044548471,17.3279,17.4191,17.1455,17.6015
2022-08-26,810573,15435357,19.3,19.35,18.85,18.9,-0.2,457,0.9119932044548471,17.6015,17.2367,17.1911,17.6471
2022-08-29,801625,15006244,18.3,19.15,18.2,18.85,-0.05,415,0.9119932044548471,16.6895,17.1911,16.5983,17.4647
2022-08-30,532334,10090833,19.2,19.2,18.8,18.85,0.0,280,0.9119932044548471,17.5103,17.1911,17.1455,17.5103
2022-08-31,872799,16471919,18.85,19.1,18.55,18.8,-0.05,408,0.9119932044548471,17.1911,17.1455,16.9175,17.4191
2022-09-01,1279727,23209655,18.85,18.85,17.85,17.9,-0.9,778,0.9119932044548471,17.1911,16.3247,16.2791,17.1911
2022-09-02,1382847,25729404,18.05,18.95,18.05,18.65,0.75,704,0.9119932044548471,16.4615,17.0087,16.4615,17.2823
2022-09-05,643515,11748171,18.9,18.9,18.05,18.05,-0.6,414,0.9119932044548471,17.2367,16.4615,16.4615,17.2367
2022-09-06,542364,9671347,18.15,18.2,17.6,17.6,-0.45,291,0.9119932044548471,16.5527,16.0511,16.0511,16.5983
2022-09-07,447083,7875288,17.7,17.9,17.3,17.45,-0.15,240,0.9119932044548471,16.1423,15.9143,15.7775,16.3247
2022-09-08,365544,6490619,17.8,17.9,17.55,17.75,0.3,202,0.9119932044548471,16.2335,16.1879,16.0055,16.3247
2022-09-12,771646,14305201,18.3,18.8,18.15,18.7,0.95,466,0.9119932044548471,16.6895,17.0543,16.5527,17.1455
2022-09-13,2356954,45194355,18.9,19.6,18.75,18.95,0.25,1183,0.9119932044548471,17.2367,17.2823,17.0999,17.8751
2022-09-14,1915638,36952924,18.4,19.65,18.25,19.3,0.35,1031,0.9119932044548471,16.7807,17.6015,16.6439,17.9207
2022-09-15,1339972,25841683,19.3,19.6,18.9,18.95,-0.35,813,0.9119932044548471,17.6015,17.2823,17.2367,17.8751
2022-09-16,404821,7634081,18.95,19.1,18.8,18.8,-0.15,263,0.9119932044548471,17.2823,17.1455,17.1455,17.4191
2022-09-19,841615,15332240,19.0,19.0,17.9,18.1,-0.7,531,0.9119932044548471,17.3279,16.5071,16.3247,17.3279
2022-09-20,230768,4218975,18.4,18.45,18.2,18.25,0.15,149,0.9119932044548471,16.7807,16.6439,16.5983,16.8263
2022-09-21,522202,9292266,18.2,18.2,17.65,17.65,-0.6,301,0.9119932044548471,16.5983,16.0967,16.0967,16.5983
2022-09-22,381095,6754754,17.5,17.95,17.3,17.9,0.25,220,0.9119932044548471,15.9599,16.3247,15.7775,16.3703
2022-09-23,462739,8053806,17.9,17.9,17.1,17.2,-0.7,290,0.9119932044548471,16.3247,15.6863,15.5951,16.3247
2022-09-26,703350,11540828,16.95,16.95,16.0,16.2,-1.0,432,0.9119932044548471,15.4583,14.7743,14.5919,15.4583
2022-09-27,432151,7032707,16.35,16.55,16.0,16.45,0.25,263,0.9119932044548471,14.9111,15.0023,14.5919,15.0935
2022-09-28,666211,10481239,16.45,16.5,15.45,15.5,-0.95,408,0.9119932044548471,15.0023,14.1359,14.0903,15.0479
2022-09-29,286112,4589336,15.7,16.3,15.7,15.95,0.45,162,0.9119932044548471,14.3183,14.5463,14.3183,14.8655
2022-09-30,487590,7639703,15.6,16.15,15.2,16.1,0.15,259,0.9119932044548471,14.2271,14.6831,13.8623,14.7287
2022-10-03,386335,6077253,15.7,15.95,15.5,15.8,-0.3,233,0.9119932044548471,14.3183,14.4095,14.1359,14.5463
2022-10-04,311422,5062214,16.2,16.5,16.05,16.3,0.5,230,0.9119932044548471,14.7743,14.8655,14.6375,15.0479
2022-10-05,532422,8743923,16.7,16.7,16.05,16.1,-0.2,340,0.9119932044548471,15.2303,14.6831,14.6375,15.2303
2022-10-06,219001,3554916,16.15,16.6,16.05,16.25,0.15,160,0.9119932044548471,14.7287,14.8199,14.6375,15.1391
2022-10-07,359447,5740853,16.1,16.2,15.85,15.9,-0.35,262,0.9119932044548471,14.6831,14.5007,14.4551,14.7743
2022-10-11,575203,8839307,15.7,15.7,15.1,15.4,-0.5,275,0.9119932044548471,14.3183,14.0447,13.7711,14.3183
2022-10-12,411848,6303130,15.3,15.55,15.1,15.45,0.05,225,0.9119932044548471,13.9535,14.0903,13.7711,14.1815
2022-10-13,1061240,15611750,15.4,15.4,14.2,14.35,-1.1,537,0.9119932044548471,14.0447,13.0871,12.9503,14.0447
2022-10-14,744526,11290677,14.75,15.4,14.65,15.25,0.9,332,0.9119932044548471,13.4519,13.9079,13.3607,14.0447
2022-10-17,363158,5346187,15.0,15.05,14.45,15.0,-0.25,223,0.9119932044548471,13.6799,13.6799,13.1783,13.7255
2022-10-18,464542,6986074,15.35,15.35,14.8,15.1,0.1,241,0.9119932044548471,13.9991,13.7711,13.4975,13.9991
2022-10-19,324587,4916805,15.2,15.3,14.95,15.0,-0.1,190,0.9119932044548471,13.8623,13.6799,13.6343,13.9535
2022-10-20,580829,8496240,15.05,15.05,14.4,14.65,-0.35,291,0.9119932044548471,13.7255,13.3607,13.1327,13.7255
2022-10-21,552953,7970275,14.7,14.7,14.3,14.3,-0.35,228,0.9119932044548471,13.4063,13.0415,13.0415,13.4063
2022-10-24,413454,6112701,14.7,15.0,14.55,14.55,0.25,223,0.9119932044548471,13.4063,13.2695,13.2695,13.6799
2022-10-25,609232,8833951,14.8,14.8,14.15,14.35,-0.2,245,0.9119932044548471,13.4975,13.0871,12.9047,13.4975
2022-10-26,376485,5413264,14.5,14.55,14.25,14.35,0.0,186,0.9119932044548471,13.2239,13.0871,12.9959,13.2695
2022-10-27,285174,4191711,14.5,14.85,14.5,14.85,0.5,220,0.9119932044548471,13.2239,13.5431,13.2239,13.5431
2022-10-28,248496,3592806,14.75,14.75,14.3,14.35,-0.5,172,0.9119932044548471,13.4519,13.0871,13.0415,13.4519
2022-10-31,141197,2062423,14.65,14.7,14.55,14.6,0.25,99,0.9119932044548471,13.3607,13.3151,13.2695,13.4063
2022-11-01,435525,6488157,14.7,15.05,14.65,15.05,0.45,249,0.9119932044548471,13.4063,13.7255,13.3607,13.7255
2022-11-02,335258,5133901,15.1,15.6,15.05,15.55,0.5,214,0.9119932044548471,13.7711,14.1815,13.7255,14.2271
2022-11-03,284118,4384113,15.35,15.65,15.2,15.55,0.0,144,0.9119932044548471,13.9991,14.1815,13.8623,14.2727
2022-11-04,845503,13654958,15.5,16.75,15.35,16.5,0.95,478,0.9119932044548471,14.1359,15.0479,13.9991,15.2759
2022-11-07,1875438,34026340,18.15,18.15,17.6,18.15,1.65,641,0.9119932044548471,16.5527,16.5527,16.0511,16.5527
2022-11-08,5129286,96519382,19.5,19.6,18.2,18.35,0.2,2259,0.9119932044548471,17.7839,16.7351,16.5983,17.8751
2022-11-09,2169422,40418940,18.35,19.0,18.15,18.85,0.5,1073,0.9119932044548471,16.7351,17.1911,16.5527,17.3279
2022-11-10,4087212,78605670,18.8,19.6,18.75,18.9,0.05,2044,0.9119932044548471,17.1455,17.2367,17.0999,17.8751
2022-11-11,2919452,55975161,19.5,19.8,18.7,18.7,-0.2,1557,0.9119932044548471,17.7839,17.0543,17.0543,18.0575
2022-11-14,1131934,21356017,19.0,19.15,18.6,19.1,0.4,585,0.9119932044548471,17.3279,17.4191,16.9631,17.4647
2022-11-15,1371149,26028122,19.1,19.4,18.7,18.7,-0.4,724,0.9119932044548471,17.4191,17.0543,17.0543,17.6927
2022-11-16,2175654,40990583,19.1,19.4,18.45,18.45,-0.25,966,0.9119932044548471,17.4191,16.8263,16.8263,17.6927
2022-11-17,1090950,20274802,18.45,18.85,18.4,18.7,0.25,417,0.9119932044548471,16.8263,17.0543,16.7807,17.1911
2022-11-18,1012480,19091769,18.9,19.1,18.5,18.75,0.05,448,0.9119932044548471,17.2367,17.0999,16.8719,17.4191
2022-11-21,1087862,20802300,18.75,19.3,18.75,19.05,0.3,538,0.9119932044548471,17.0999,17.3735,17.0999,17.6015
2022-11-22,746950,13984092,19.2,19.2,18.55,18.55,-0.5,394,0.9119932044548471,17.5103,16.9175,16.9175,17.5103
2022-11-23,427812,7975728,18.7,18.8,18.55,18.6,0.05,219,0.9119932044548471,17.0543,16.9631,16.9175,17.1455
2022-11-24,532365,10010660,18.75,18.95,18.6,18.85,0.25,264,0.9119932044548471,17.0999,17.1911,16.9631,17.2823
2022-11-25,701040,13104454,18.8,19.05,18.45,18.5,-0.35,357,0.9119932044548471,17.1455,16.8719,16.8263,17.3735
2022-11-28,309271,5751041,18.2,18.85,18.2,18.6,0.1,182,0.9119932044548471,16.5983,16.9631,16.5983,17.1911
2022-11-29,662294,12346486,18.65,19.0,18.25,18.85,0.25,285,0.9119932044548471,17.0087,17.1911,16.6439,17.3279
2022-11-30,861511,16251332,18.85,19.2,18.65,18.8,-0.05,444,0.9119932044548471,17.1911,17.1455,17.0087,17.5103
2022-12-01,1681713,32142967,18.95,19.3,18.9,19.1,0.3,625,0.9119932044548471,17.2823,17.4191,17.2367,17.6015
2022-12-02,876013,16713221,19.2,19.4,18.85,18.9,-0.2,402,0.9119932044548471,17.5103,17.2367,17.1911,17.6927
2022-12-05,611938,11575868,19.0,19.05,18.7,19.0,0.1,248,0.9119932044548471,17.3279,17.3279,17.0543,17.3735
2022-12-06,1105439,20567706,19.0,19.1,18.25,18.3,-0.7,576,0.9119932044548471,17.3279,16.6895,16.6439,17.4191
2022-12-07,879071,15769512,18.3,18.4,17.6,17.65,-0.65,468,0.9119932044548471,16.6895,16.0967,16.0511,16.7807
2022-12-08,349935,6213198,17.75,17.95,17.55,17.85,0.2,200,0.9119932044548471,16.1879,16.2791,16.0055,16.3703
2022-12-09,339050,6047923,17.9,18.0,17.7,17.7,-0.15,171,0.9119932044548471,16.3247,16.1423,16.1423,16.4159
2022-12-12,294248,5289906,17.65,18.15,17.65,18.15,0.45,190,0.9119932044548471,16.0967,16.5527,16.0967,16.5527
2022-12-13,281882,5085247,18.15,18.2,17.95,18.0,-0.15,163,0.9119932044548471,16.5527,16.4159,16.3703,16.5983
2022-12-14,606659,11194744,17.95,18.65,17.95,18.55,0.55,332,0.9119932044548471,16.3703,16.9175,16.3703,17.0087
2022-12-15,321730,5988113,18.45,18.75,18.45,18.5,-0.05,219,0.9119932044548471,16.8263,16.8719,16.8263,17.0999
2022-12-16,555648,9992657,18.25,18.25,17.8,17.85,-0.65,312,0.9119932044548471,16.6439,16.2791,16.2335,16.6439
2022-12-19,330472,5834539,17.7,17.9,17.5,17.8,-0.05,161,0.9119932044548471,16.1423,16.2335,15.9599,16.3247
2022-12-20,628200,10937929,17.6,17.85,17.05,17.05,-0.75,340,0.9119932044548471,16.0511,15.5495,15.5495,16.2791
2022-12-21,267407,4568575,17.15,17.35,16.95,17.0,-0.05,151,0.9119932044548471,15.6407,15.5039,15.4583,15.8231
2022-12-22,258998,4438479,17.15,17.25,17.0,17.2,0.2,130,0.9119932044548471,15.6407,15.6863,15.5039,15.7319
2022-12-23,280660,4719475,16.9,17.05,16.55,17.05,-0.15,172,0.9119932044548471,15.4127,15.5495,15.0935,15.5495
2022-12-26,161331,2733261,17.35,17.35,16.85,17.0,-0.05,90,0.9119932044548471,15.8231,15.5039,15.3671,15.8231
2022-12-27,203419,3463273,17.0,17.1,16.95,17.0,0.0,105,0.9119932044548471,15.5039,15.5039,15.4583,15.5951
2022-12-28,470128,7881599,17.0,17.1,16.6,16.8,-0.2,234,0.9119932044548471,15.5039,15.3215,15.1391,15.5951
2022-12-29,221211,3657141,16.7,16.75,16.3,16.7,-0.1,133,0.9119932044548471,15.2303,15.2303,14.8655,15.2759
2022-12-30,129150,2155097,16.8,16.95,16.55,16.7,0.0,87,0.9119932044548471,15.3215,15.2303,15.0935,15.4583
2023-01-03,162311,2699330,16.65,16.8,16.4,16.75,0.05,87,0.9119932044548471,15.1847,15.2759,14.9567,15.3215
2023-01-04,179494,2992052,16.75,16.75,16.55,16.7,-0.05,80,0.9119932044548471,15.2759,15.2303,15.0935,15.2759
2023-01-05,259781,4351064,16.75,16.9,16.65,16.7,0.0,126,0.9119932044548471,15.2759,15.2303,15.1847,15.4127
2023-01-06,333451,5574881,16.7,16.8,16.6,16.8,0.1,118,0.9119932044548471,15.2303,15.3215,15.1391,15.3215
2023-01-09,404449,6853178,17.3,17.3,16.75,17.05,0.25,232,0.9119932044548471,15.7775,15.5495,15.2759,15.7775
2023-01-10,265546,4499733,17.05,17.05,16.85,16.9,-0.15,163,0.9119932044548471,15.5495,15.4127,15.3671,15.5495
2023-01-11,965853,15691560,16.6,16.6,16.1,16.15,-0.75,620,0.9119932044548471,15.1391,14.7287,14.6831,15.1391
2023-01-12,507248,8112664,16.1,16.2,15.8,15.85,-0.3,384,0.9119932044548471,14.6831,14.4551,14.4095,14.7743
2023-01-13,528898,8330612,15.95,16.0,15.6,15.6,-0.25,369,0.9119932044548471,14.5463,14.2271,14.2271,14.5919
2023-01-16,267201,4143493,15.75,15.75,15.45,15.5,-0.1,185,0.9119932044548471,14.3639,14.1359,14.0903,14.3639
2023-01-17,173069,2720840,15.5,15.85,15.45,15.8,0.3,135,0.9119932044548471,14.1359,14.4095,14.0903,14.4551
2023-01-30,381033,6152282,16.05,16.25,16.0,16.15,0.35,229,0.9119932044548471,14.6375,14.7287,14.5919,14.8199
2023-01-31,2431078,41148955,16.15,17.2,16.15,17.05,0.9,1074,0.9119932044548471,14.7287,15.5495,14.7287,15.6863
2023-02-01,1528380,26181614,17.05,17.35,16.8,17.05,0.0,815,0.9119932044548471,15.5495,15.5495,15.3215,15.8231
2023-02-02,610080,10433273,17.2,17.2,17.0,17.0,-0.05,312,0.9119932044548471,15.6863,15.5039,15.5039,15.6863
2023-02-03,271750,4606466,17.05,17.05,16.9,16.9,-0.1,172,0.9119932044548471,15.5495,15.4127,15.4127,15.5495
2023-02-06,296775,5017137,16.85,17.1,16.75,16.8,-0.1,161,0.9119932044548471,15.3671,15.3215,15.2759,15.5951
2023-02-07,2876121,50140183,16.95,17.65,16.8,17.55,0.75,1255,0.9119932044548471,15.4583,16.0055,15.3215,16.0967
2023-02-08,757584,13101010,17.55,17.55,17.15,17.3,-0.25,534,0.9119932044548471,16.0055,15.7775,15.6407,16.0055
2023-02-09,1496550,26224327,17.3,17.75,17.1,17.6,0.3,682,0.9119932044548471,15.7775,16.0511,15.5951,16.1879
2023-02-10,579120,9991469,17.55,17.55,17.0,17.1,-0.5,460,0.9119932044548471,16.0055,15.5951,15.5039,16.0055
2023-02-13,340771,5776292,17.1,17.1,16.85,16.9,-0.2,192,0.9119932044548471,15.5951,15.4127,15.3671,15.5951
2023-02-14,1840855,32553232,17.2,18.05,17.15,17.75,0.85,776,0.9119932044548471,15.6863,16.1879,15.6407,16.4615
2023-02-15,2217437,39463821,18.1,18.2,17.4,17.85,0.1,995,0.9119932044548471,16.5071,16.2791,15.8687,16.5983
2023-02-16,2446401,44056477,18.05,18.35,17.7,17.7,-0.15,1096,0.9119932044548471,16.4615,16.1423,16.1423,16.7351
2023-02-17,410830,7241121,17.7,17.7,17.55,17.6,-0.1,261,0.9119932044548471,16.1423,16.0511,16.0055,16.1423
2023-02-20,462566,8201114,17.6,17.85,17.6,17.7,0.1,291,0.9119932044548471,16.0511,16.1423,16.0511,16.2791
2023-02-21,461843,8193759,17.8,17.9,17.6,17.6,-0.1,297,0.9119932044548471,16.2335,16.0511,16.0511,16.3247
2023-02-22,447827,7785387,17.45,17.5,17.25,17.35,-0.25,237,0.9119932044548471,15.9143,15.8231,15.7319,15.9599
2023-02-23,376551,6632275,17.4,17.7,17.4,17.65,0.3,200,0.9119932044548471,15.8687,16.0967,15.8687,16.1423
2023-02-24,449156,7891251,17.7,17.75,17.45,17.5,-0.15,211,0.9119932044548471,16.1423,15.9599,15.9143,16.1879
2023-03-01,158371,2757054,17.6,17.6,17.35,17.5,0.0,101,0.9119932044548471,16.0511,15.9599,15.8231,16.0511
2023-03-02,214028,3730274,17.5,17.6,17.35,17.35,-0.15,126,0.9119932044548471,15.9599,15.8231,15.8231,16.0511
2023-03-03,344158,6035204,17.4,17.6,17.4,17.55,0.2,218,0.9119932044548471,15.8687,16.0055,15.8687,16.0511
2023-03-06,5878580,110436155,17.65,19.3,17.65,19.25,1.7,2138,0.9119932044548471,16.0967,17.5559,16.0967,17.6015
2023-03-07,4069188,78392513,18.9,19.75,18.8,19.55,0.3,1715,0.9119932044548471,17.2367,17.8295,17.1455,18.0119
2023-03-08,1375854,26487764,19.4,19.5,18.95,19.1,-0.45,769,0.9119932044548471,17.6927,17.4191,17.2823,17.7839
2023-03-09,2114039,40632559,19.2,19.85,18.75,19.1,0.0,900,0.9119932044548471,17.5103,17.4191,17.0999,18.1031
2023-03-10,3409115,66578501,19.1,20.05,18.6,19.55,0.45,1579,0.9119932044548471,17.4191,17.8295,16.9631,18.2855
2023-03-13,3642168,69547720,19.55,19.65,18.1,19.15,-0.4,1678,0.9119932044548471,17.8295,17.4647,16.5071,17.9207
2023-03-14,978408,18313249,18.95,19.05,18.4,18.4,-0.75,609,0.9119932044548471,17.2823,16.7807,16.7807,17.3735
2023-03-15,3612657,70989662,18.6,20.0,18.6,19.9,1.5,1711,0.9119932044548471,16.9631,18.1487,16.9631,18.2399
2023-03-16,10420129,207490849,20.0,20.8,18.85,18.9,-1.0,5221,0.9119932044548471,18.2399,17.2367,17.1911,18.9695
2023-03-17,2296460,44100891,19.0,19.65,18.9,19.35,0.45,1188,0.9119932044548471,17.3279,17.6471,17.2367,17.9207
2023-03-20,3815866,75777207,19.25,20.35,19.25,19.8,0.45,1809,0.9119932044548471,17.5559,18.0575,17.5559,18.5591
2023-03-21,12523957,261877897,20.0,21.75,20.0,21.75,1.95,4656,0.9119932044548471,18.2399,19.8359,18.2399,19.8359
2023-03-22,23492885,529199995,21.95,23.45,21.8,22.35,0.6,10909,0.9119932044548471,20.0183,20.383,19.8815,21.3862
2023-03-23,7189978,154879668,22.0,22.15,21.05,21.25,-1.1,3512,0.9119932044548471,20.0639,19.3799,19.1975,20.2006
2023-03-24,11115645,244853803,21.05,22.85,20.9,22.3,1.05,5020,0.9119932044548471,19.1975,20.3374,19.0607,20.839
2023-03-27,4015118,87418536,22.0,22.2,21.5,21.5,-0.8,2066,0.9119932044548471,20.0639,19.6079,19.6079,20.2462
2023-03-28,2540900,53668485,21.5,21.7,20.8,20.95,-0.55,1309,0.9119932044548471,19.6079,19.1063,18.9695,19.7903
2023-03-29,4734873,103016998,21.15,22.3,21.15,21.45,0.5,2470,0.9119932044548471,19.2887,19.5623,19.2887,20.3374
2023-03-30,14569989,331310373,22.1,23.45,21.75,22.55,1.1,6752,0.9119932044548471,20.155,20.5654,19.8359,21.3862
2023-03-31,11670031,267570329,22.9,23.5,22.55,22.85,0.3,5566,0.9119932044548471,20.8846,20.839,20.5654,21.4318
2023-04-06,3281940,72905180,22.55,22.7,22.0,22.05,-0.8,1708,0.9119932044548471,20.5654,20.1095,20.0639,20.7022
2023-04-07,8209365,185848827,22.25,23.3,21.8,23.1,1.05,4007,0.9119932044548471,20.2918,21.067,19.8815,21.2494
2023-04-10,5498668,126028687,23.1,23.4,22.4,23.0,-0.1,2593,0.9119932044548471,21.067,20.9758,20.4286,21.3406
2023-04-11,5039284,116451952,23.3,23.75,22.7,22.7,-0.3,2096,0.9119932044548471,21.2494,20.7022,20.7022,21.6598
2023-04-12,3451415,79408621,22.95,23.3,22.75,22.75,0.05,1434,0.9119932044548471,20.9302,20.7478,20.7478,21.2494
2023-04-13,4173541,92770882,22.85,23.0,21.8,21.8,-0.95,1986,0.9119932044548471,20.839,19.8815,19.8815,20.9758
2023-04-14,4583472,102343943,22.1,22.85,21.8,21.9,0.1,2047,0.9119932044548471,20.155,19.9727,19.8815,20.839
2023-04-17,2290923,51202393,22.1,22.6,21.95,22.3,0.4,1064,0.9119932044548471,20.155,20.3374,20.0183,20.611
2023-04-18,1839965,41128291,22.45,22.7,22.0,22.05,-0.25,1051,0.9119932044548471,20.4742,20.1095,20.0639,20.7022
2023-04-19,1524293,33930110,22.1,22.55,22.0,22.3,0.25,801,0.9119932044548471,20.155,20.3374,20.0639,20.5654
2023-04-20,2557224,55507164,22.1,22.4,21.35,21.5,-0.8,1243,0.9119932044548471,20.155,19.6079,19.4711,20.4286
2023-04-21,1661027,35182814,21.35,21.8,20.8,20.95,-0.55,866,0.9119932044548471,19.4711,19.1063,18.9695,19.8815
2023-04-24,1346861,28327271,20.95,21.35,20.75,21.0,0.05,569,0.9119932044548471,19.1063,19.1519,18.9239,19.4711
2023-04-25,1809755,37562841,21.2,21.45,20.25,20.45,-0.55,921,0.9119932044548471,19.3343,18.6503,18.4679,19.5623
2023-04-26,884919,17999143,20.25,20.55,20.1,20.55,0.1,431,0.9119932044548471,18.4679,18.7415,18.3311,18.7415
2023-04-27,901553,18415838,20.6,20.75,20.25,20.3,-0.25,394,0.9119932044548471,18.7871,18.5135,18.4679,18.9239
2023-04-28,927083,19151862,20.85,20.85,20.5,20.6,0.3,420,0.9119932044548471,19.0151,18.7871,18.6959,19.0151
2023-05-02,669492,13811117,20.6,20.8,20.5,20.6,0.0,317,0.9119932044548471,18.7871,18.7871,18.6959,18.9695
2023-05-03,998159,20117883,20.6,20.75,20.0,20.0,-0.6,529,0.9119932044548471,18.7871,18.2399,18.2399,18.9239
2023-05-04,898206,17990460,20.0,20.2,19.7,20.05,0.05,397,0.9119932044548471,18.2399,18.2855,17.9663,18.4223
2023-05-05,493697,9867830,20.05,20.25,19.8,19.9,-0.15,271,0.9119932044548471,18.2855,18.1487,18.0575,18.4679
2023-05-08,483923,9682534,20.1,20.1,19.9,20.05,0.15,277,0.9119932044548471,18.3311,18.2855,18.1487,18.3311
2023-05-09,1139354,22240778,20.05,20.1,19.3,19.4,-0.65,587,0.9119932044548471,18.2855,17.6927,17.6015,18.3311
2023-05-10,523817,10189770,19.45,19.65,19.2,19.6,0.2,305,0.9119932044548471,17.7383,17.8751,17.5103,17.9207
2023-05-11,1048197,20399150,19.7,20.0,19.1,19.2,-0.4,553,0.9119932044548471,17.9663,17.5103,17.4191,18.2399
2023-05-12,405159,7850508,19.05,19.6,19.05,19.55,0.35,256,0.9119932044548471,17.3735,17.8295,17.3735,17.8751
2023-05-15,579193,11142745,19.4,19.55,18.9,19.1,-0.45,305,0.9119932044548471,17.6927,17.4191,17.2367,17.8295
2023-05-16,628531,12174275,19.1,19.55,19.1,19.4,0.3,296,0.9119932044548471,17.4191,17.6927,17.4191,17.8295
2023-05-17,605084,11805309,19.4,19.65,19.2,19.55,0.15,365,0.9119932044548471,17.6927,17.8295,17.5103,17.9207
2023-05-18,458071,8934114,19.6,19.7,19.4,19.45,-0.1,314,0.9119932044548471,17.8751,17.7383,17.6927,17.9663
2023-05-19,1305457,24998210,19.55,19.7,19.0,19.1,-0.35,519,0.9119932044548471,17.8295,17.4191,17.3279,17.9663
2023-05-22,1385166,27385899,19.1,20.1,19.1,20.0,0.9,809,0.9119932044548471,17.4191,18.2399,17.4191,18.3311
2023-05-23,849136,16807553,20.0,20.05,19.65,19.85,-0.15,490,0.9119932044548471,18.2399,18.1031,17.9207,18.2855
2023-05-24,879052,17432841,20.0,20.0,19.7,19.9,0.05,401,0.9119932044548471,18.2399,18.1487,17.9663,18.2399
2023-05-25,722366,14178313,20.1,20.1,19.5,19.5,-0.4,412,0.9119932044548471,18.3311,17.7839,17.7839,18.3311
2023-05-26,961095,18567650,19.8,19.8,19.1,19.35,-0.15,459,0.9119932044548471,18.0575,17.6471,17.4191,18.0575
2023-05-29,980244,19440767,19.55,19.95,19.55,19.9,0.55,478,0.9119932044548471,17.8295,18.1487,17.8295,18.1943
2023-05-30,10753662,220589889,20.0,20.95,19.65,20.9,1.0,2433,0.9119932044548471,18.2399,19.0607,17.9207,19.1063
2023-05-31,2785063,57488773,20.7,20.95,20.4,20.7,-0.2,1432,0.9119932044548471,18.8783,18.8783,18.6047,19.1063
2023-06-01,7573322,162653684,20.7,22.0,20.3,21.25,0.55,3319,0.9119932044548471,18.8783,19.3799,18.5135,20.0639
2023-06-02,2328768,49111689,21.2,21.4,20.75,20.95,-0.3,1249,0.9119932044548471,19.3343,19.1063,18.9239,19.5167
2023-06-05,2089136,44738432,21.4,21.7,21.2,21.3,0.35,1034,0.9119932044548471,19.5167,19.4255,19.3343,19.7903
2023-06-06,1482099,31537647,21.5,21.65,21.1,21.3,0.0,832,0.9119932044548471,19.6079,19.4255,19.2431,19.7447
2023-06-07,987364,21087151,21.5,21.5,21.25,21.25,-0.05,515,0.9119932044548471,19.6079,19.3799,19.3799,19.6079
2023-06-08,1881928,40343088,21.5,21.8,20.95,21.35,0.1,920,0.9119932044548471,19.6079,19.4711,19.1063,19.8815
2023-06-09,1830735,39738673,21.6,22.0,21.4,21.5,0.15,929,0.9119932044548471,19.6991,19.6079,19.5167,20.0639
2023-06-12,1925491,40472676,21.75,21.75,20.75,20.8,-0.7,915,0.9119932044548471,19.8359,18.9695,18.9239,19.8359
2023-06-13,1488128,31540721,21.0,21.55,20.9,21.1,0.3,698,0.9119932044548471,19.1519,19.2431,19.0607,19.6535
2023-06-14,1161483,24822846,21.45,21.55,21.15,21.4,0.3,605,0.9119932044548471,19.5623,19.5167,19.2887,19.6535
2023-06-15,996480,21273631,21.65,21.65,21.2,21.4,0.0,471,0.9119932044548471,19.7447,19.5167,19.3343,19.7447
2023-06-16,1216671,25703864,21.6,21.6,20.9,20.9,-0.5,573,0.9119932044548471,19.6991,19.0607,19.0607,19.6991
2023-06-19,1138563,23323430,20.75,20.75,20.2,20.5,-0.4,686,0.9119932044548471,18.9239,18.6959,18.4223,18.9239
2023-06-20,1453983,29302549,20.7,20.7,20.0,20.05,-0.45,632,0.9119932044548471,18.8783,18.2855,18.2399,18.8783
2023-06-21,1707950,34264623,20.2,20.4,19.85,20.25,0.2,626,0.9119932044548471,18.4223,18.4679,18.1031,18.6047
2023-06-26,1675081,33141585,20.3,20.3,19.6,19.6,-0.65,763,0.9119932044548471,18.5135,17.8751,17.8751,18.5135
2023-06-27,1513929,30182138,19.75,20.4,19.6,19.7,0.1,656,0.9119932044548471,18.0119,17.9663,17.8751,18.6047
2023-06-28,878899,17583077,19.95,20.35,19.75,19.75,0.05,486,0.9119932044548471,18.1943,18.0119,18.0119,18.5591
2023-06-29,1018757,20491953,20.0,20.3,19.8,20.0,0.25,457,0.9119932044548471,18.2399,18.2399,18.0575,18.5135
2023-06-30,371171,7424619,20.2,20.2,19.9,20.1,0.1,225,0.9119932044548471,18.4223,18.3311,18.1487,18.4223
2023-07-03,821137,16532163,20.1,20.25,20.0,20.15,0.05,350,0.9119932044548471,18.3311,18.3767,18.2399,18.4679
2023-07-04,715053,14431820,20.25,20.35,20.05,20.2,0.05,338,0.9119932044548471,18.4679,18.4223,18.2855,18.5591
2023-07-05,2655657,54747912,20.25,21.1,20.05,20.5,0.3,832,0.9119932044548471,18.4679,18.6959,18.2855,19.2431
2023-07-06,878477,18100872,20.65,20.9,20.45,20.55,0.05,440,0.9119932044548471,18.8327,18.7415,18.6503,19.0607
2023-07-07,484685,9818821,20.35,20.5,20.1,20.2,-0.35,288,0.9119932044548471,18.5591,18.4223,18.3311,18.6959
2023-07-10,1333632,27482982,20.3,20.75,20.3,20.65,0.45,573,0.9119932044548471,18.5135,18.8327,18.5135,18.9239
2023-07-11,1020938,20390224,19.95,20.15,19.8,19.95,0.0,465,0.948748598085269,18.9275,18.9275,18.7852,19.1173
2023-07-12,1644230,32881353,20.0,20.65,19.65,19.65,-0.3,655,0.948748598085269,18.975,18.6429,18.6429,19.5917
2023-07-13,1134933,22151670,19.7,20.0,19.1,19.1,-0.55,531,0.948748598085269,18.6903,18.1211,18.1211,18.975
2023-07-14,997960,19009448,19.1,19.25,18.85,18.9,-0.2,442,0.948748598085269,18.1211,17.9313,17.8839,18.2634
2023-07-17,786748,14722970,18.95,19.0,18.4,18.8,-0.1,456,0.948748598085269,17.9788,17.8365,17.457,18.0262
2023-07-18,1574766,29057442,19.0,19.0,18.25,18.3,-0.5,637,0.948748598085269,18.0262,17.3621,17.3147,18.0262
2023-07-19,738793,13466216,18.7,18.7,18.0,18.0,-0.3,346,0.948748598085269,17.7416,17.0775,17.0775,17.7416
2023-07-20,326857,5911307,18.0,18.25,18.0,18.05,0.05,201,0.948748598085269,17.0775,17.1249,17.0775,17.3147
2023-07-21,768386,13872157,18.05,18.3,17.9,18.05,0.0,358,0.948748598085269,17.1249,17.1249,16.9826,17.3621
2023-07-24,961351,16990611,18.05,18.05,17.5,17.6,-0.45,457,0.948748598085269,17.1249,16.698,16.6031,17.1249
2023-07-25,402952,7152395,17.85,17.9,17.5,17.8,0.2,237,0.948748598085269,16.9352,16.8877,16.6031,16.9826
2023-07-26,514529,9078555,18.0,18.0,17.55,17.55,-0.25,289,0.948748598085269,17.0775,16.6505,16.6505,17.0775
2023-07-27,620232,11106632,17.55,18.1,17.55,18.05,0.5,281,0.948748598085269,16.6505,17.1249,16.6505,17.1723
2023-07-28,425025,7731573,18.05,18.35,18.05,18.2,0.15,240,0.948748598085269,17.1249,17.2672,17.1249,17.4095
2023-07-31,597951,10985858,18.4,18.6,18.15,18.3,0.1,310,0.948748598085269,17.457,17.3621,17.2198,17.6467
2023-08-01,211093,3828816,18.3,18.4,18.0,18.1,-0.2,170,0.948748598085269,17.3621,17.1723,17.0775,17.457
2023-08-02,492322,8997583,18.2,18.6,17.9,18.1,0.0,294,0.948748598085269,17.2672,17.1723,16.9826,17.6467
2023-08-04,1396035,24605590,18.1,18.15,17.25,17.25,-0.85,463,0.948748598085269,17.1723,16.3659,16.3659,17.2198
2023-08-07,855487,15023638,17.45,17.95,17.2,17.7,0.45,348,0.948748598085269,16.5557,16.7929,16.3185,17.03
2023-08-08,442463,7835470,17.9,18.0,17.6,17.65,-0.05,193,0.948748598085269,16.9826,16.7454,16.698,17.0775
2023-08-09,254117,4473165,17.55,17.8,17.35,17.65,0.0,172,0.948748598085269,16.6505,16.7454,16.4608,16.8877
2023-08-10,511867,8847788,17.6,17.95,17.15,17.25,-0.4,325,0.948748598085269,16.698,16.3659,16.271,17.03
2023-08-11,333160,5777615,17.25,17.45,17.2,17.35,0.1,158,0.948748598085269,16.3659,16.4608,16.3185,16.5557
2023-08-14,376373,6433468,17.25,17.7,16.9,16.95,-0.4,233,0.948748598085269,16.3659,16.0813,16.0339,16.7929
2023-08-15,226655,3911075,17.1,17.4,17.1,17.4,0.45,150,0.948748598085269,16.2236,16.5082,16.2236,16.5082
2023-08-16,264857,4540790,17.1,17.65,16.85,17.25,-0.15,193,0.948748598085269,16.2236,16.3659,15.9864,16.7454
2023-08-17,263042,4609875,17.1,17.65,17.1,17.6,0.35,186,0.948748598085269,16.2236,16.698,16.2236,16.7454
2023-08-18,287789,5062298,17.5,17.85,17.3,17.35,-0.25,193,0.948748598085269,16.6031,16.4608,16.4134,16.9352
2023-08-21,139958,2431952,17.35,17.65,17.2,17.3,-0.05,113,0.948748598085269,16.4608,16.4134,16.3185,16.7454
2023-08-22,230398,3980617,17.6,17.6,17.1,17.3,0.0,153,0.948748598085269,16.698,16.4134,16.2236,16.698
2023-08-23,239913,4199110,17.4,17.6,17.25,17.55,0.25,158,0.948748598085269,16.5082,16.6505,16.3659,16.698
2023-08-24,397879,7055708,17.75,18.0,17.45,17.65,0.1,220,0.948748598085269,16.8403,16.7454,16.5557,17.0775
2023-08-25,274596,4875418,17.55,17.9,17.4,17.7,0.05,164,0.948748598085269,16.6505,16.7929,16.5082,16.9826
2023-08-28,245264,4312572,17.95,18.0,17.3,17.35,-0.35,163,0.948748598085269,17.03,16.4608,16.4134,17.0775
2023-08-29,168001,2929186,17.6,17.75,17.35,17.55,0.2,121,0.948748598085269,16.698,16.6505,16.4608,16.8403
2023-08-30,570290,10219463,17.6,18.15,17.6,18.05,0.5,324,0.948748598085269,16.698,17.1249,16.698,17.2198
2023-08-31,186490,3330587,18.05,18.1,17.75,17.9,-0.15,139,0.948748598085269,17.1249,16.9826,16.8403,17.1723
2023-09-01,409682,7402571,17.9,18.2,17.85,18.05,0.15,210,0.948748598085269,16.9826,17.1249,16.9352,17.2672
2023-09-04,270396,4889309,18.2,18.2,17.9,18.15,0.1,165,0.948748598085269,17.2672,17.2198,16.9826,17.2672
2023-09-05,272445,4964304,18.15,18.5,18.0,18.15,0.0,154,0.948748598085269,17.2198,17.2198,17.0775,17.5518
2023-09-06,274190,4970064,18.4,18.45,17.95,18.05,-0.1,202,0.948748598085269,17.457,17.1249,17.03,17.5044
2023-09-07,370646,6648676,18.0,18.3,17.8,17.9,-0.15,182,0.948748598085269,17.0775,16.9826,16.8877,17.3621
2023-09-08,222853,3985868,18.05,18.1,17.7,17.85,-0.05,115,0.948748598085269,17.1249,16.9352,16.7929,17.1723
2023-09-11,223670,3954850,17.75,18.15,17.55,17.55,-0.3,138,0.948748598085269,16.8403,16.6505,16.6505,17.2198
2023-09-12,328011,5716785,17.5,17.6,17.3,17.4,-0.15,201,0.948748598085269,16.6031,16.5082,16.4134,16.698
2023-09-13,185127,3256273,17.45,17.75,17.45,17.55,0.15,91,0.948748598085269,16.5557,16.6505,16.5557,16.8403
2023-09-14,186413,3314236,17.55,17.85,17.55,17.75,0.2,140,0.948748598085269,16.6505,16.8403,16.6505,16.9352
2023-09-15,241904,4322506,17.8,18.1,17.75,17.8,0.05,151,0.948748598085269,16.8877,16.8877,16.8403,17.1723
2023-09-18,187351,3348319,17.8,18.1,17.65,17.9,0.1,113,0.948748598085269,16.8877,16.9826,16.7454,17.1723
2023-09-19,199922,3567342,17.85,18.05,17.65,17.85,-0.05,145,0.948748598085269,16.9352,16.9352,16.7454,17.1249
2023-09-20,273388,4821229,17.85,17.9,17.4,17.6,-0.25,133,0.948748598085269,16.9352,16.698,16.5082,16.9826
2023-09-21,323600,5605356,17.8,17.8,17.2,17.25,-0.35,188,0.948748598085269,16.8877,16.3659,16.3185,16.8877
2023-09-22,154352,2658921,17.25,17.4,17.1,17.2,-0.05,94,0.948748598085269,16.3659,16.3185,16.2236,16.5082
2023-09-25,185657,3235381,17.2,17.55,17.2,17.45,0.25,119,0.948748598085269,16.3185,16.5557,16.3185,16.6505
2023-09-26,158765,2780354,17.55,17.7,17.4,17.5,0.05,118,0.948748598085269,16.6505,16.6031,16.5082,16.7929
2023-09-27,113253,1971843,17.5,17.65,17.3,17.35,-0.15,93,0.948748598085269,16.6031,16.4608,16.4134,16.7454
2023-09-28,294893,5127416,17.55,17.6,17.2,17.5,0.15,135,0.948748598085269,16.6505,16.6031,16.3185,16.698
2023-10-02,429746,7633281,17.5,18.0,17.35,17.7,0.2,213,0.948748598085269,16.6031,16.7929,16.4608,17.0775
2023-10-03,197556,3534980,17.8,18.05,17.75,17.8,0.1,152,0.948748598085269,16.8877,16.8877,16.8403,17.1249
2023-10-04,210420,3725720,17.8,17.9,17.55,17.85,0.05,114,0.948748598085269,16.8877,16.9352,16.6505,16.9826
2023-10-05,217733,3921818,17.9,18.15,17.85,18.0,0.15,143,0.948748598085269,16.9826,17.0775,16.9352,17.2198
2023-10-06,139159,2505938,18.0,18.15,17.9,18.0,0.0,87,0.948748598085269,17.0775,17.0775,16.9826,17.2198
2023-10-11,250997,4451964,18.0,18.25,17.6,17.7,-0.3,174,0.948748598085269,17.0775,16.7929,16.698,17.3147
2023-10-12,184570,3268608,17.65,17.9,17.55,17.7,0.0,113,0.948748598085269,16.7454,16.7929,16.6505,16.9826
2023-10-13,190613,3411610,17.75,18.05,17.7,17.8,0.1,138,0.948748598085269,16.8403,16.8877,16.7929,17.1249
2023-10-16,159478,2807541,17.8,18.1,17.45,17.65,-0.15,184,0.948748598085269,16.8877,16.7454,16.5557,17.1723
2023-10-17,189893,3309409,17.65,17.85,17.3,17.3,-0.35,144,0.948748598085269,16.7454,16.4134,16.4134,16.9352
2023-10-18,473607,8081209,17.4,17.45,16.9,17.05,-0.25,230,0.948748598085269,16.5082,16.1762,16.0339,16.5557
2023-10-19,154446,2667807,17.1,17.5,17.05,17.5,0.45,95,0.948748598085269,16.2236,16.6031,16.1762,16.6031
2023-10-20,424522,7441939,17.4,18.05,17.0,17.8,0.3,266,0.948748598085269,16.5082,16.8877,16.1287,17.1249
2023-10-23,2213994,41471101,17.8,19.35,17.6,18.6,0.8,1291,0.948748598085269,16.8877,17.6467,16.698,18.3583
2023-10-24,840085,15691055,19.0,19.1,18.45,18.7,0.1,500,0.948748598085269,18.0262,17.7416,17.5044,18.1211
2023-10-25,494690,9273958,18.85,19.0,18.55,18.75,0.05,302,0.948748598085269,17.8839,17.789,17.5993,18.0262
2023-10-26,532990,10047208,18.4,19.2,18.4,18.4,-0.35,394,0.948748598085269,17.457,17.457,17.457,18.216
2023-10-27,186888,3452010,18.45,18.7,18.3,18.3,-0.1,169,0.948748598085269,17.5044,17.3621,17.3621,17.7416
2023-10-30,238615,4455940,18.3,18.85,18.3,18.55,0.25,161,0.948748598085269,17.3621,17.5993,17.3621,17.8839
2023-10-31,276528,5027192,18.65,18.8,17.75,17.75,-0.8,233,0.948748598085269,17.6942,16.8403,16.8403,17.8365
2023-11-01,135403,2428764,17.9,18.1,17.75,18.0,0.25,104,0.948748598085269,16.9826,17.0775,16.8403,17.1723
2023-11-02,156237,2863760,18.55,18.6,18.15,18.2,0.2,139,0.948748598085269,17.5993,17.2672,17.2198,17.6467
2023-11-03,91661,1677181,18.35,18.6,18.15,18.3,0.1,75,0.948748598085269,17.4095,17.3621,17.2198,17.6467
2023-11-06,86473,1593978,18.5,18.5,18.3,18.4,0.1,78,0.948748598085269,17.5518,17.457,17.3621,17.5518
2023-11-07,229475,4221714,18.45,18.55,18.2,18.3,-0.1,171,0.948748598085269,17.5044,17.3621,17.2672,17.5993
2023-11-08,124104,2271307,18.3,18.5,18.15,18.15,-0.15,70,0.948748598085269,17.3621,17.2198,17.2198,17.5518
2023-11-09,123200,2242009,18.3,18.3,18.05,18.15,0.0,72,0.948748598085269,17.3621,17.2198,17.1249,17.3621
2023-11-10,147868,2658532,18.0,18.15,17.9,17.9,-0.25,120,0.948748598085269,17.0775,16.9826,16.9826,17.2198
2023-11-13,163317,2919057,17.9,18.05,17.75,17.8,-0.1,97,0.948748598085269,16.9826,16.8877,16.8403,17.1249
2023-11-14,158810,2823166,18.0,18.05,17.6,17.7,-0.1,140,0.948748598085269,17.0775,16.7929,16.698,17.1249
2023-11-15,224817,4038208,17.85,18.15,17.85,17.9,0.2,150,0.948748598085269,16.9352,16.9826,16.9352,17.2198
2023-11-16,260617,4724092,18.0,18.25,17.9,18.2,0.3,140,0.948748598085269,17.0775,17.2672,16.9826,17.3147
2023-11-17,148674,2692236,18.3,18.3,17.95,18.1,-0.1,109,0.948748598085269,17.3621,17.1723,17.03,17.3621
2023-11-20,219884,4017907,18.2,18.4,18.15,18.25,0.15,146,0.948748598085269,17.2672,17.3147,17.2198,17.457
2023-11-21,195061,3581258,18.35,18.45,18.25,18.4,0.15,130,0.948748598085269,17.4095,17.457,17.3147,17.5044
2023-11-22,149032,2750373,18.35,18.55,18.35,18.4,0.0,122,0.948748598085269,17.4095,17.457,17.4095,17.5993
2023-11-23,166470,3055515,18.4,18.5,18.2,18.3,-0.1,149,0.948748598085269,17.457,17.3621,17.2672,17.5518
2023-11-24,294265,5388759,18.3,18.45,18.15,18.15,-0.15,177,0.948748598085269,17.3621,17.2198,17.2198,17.5044
2023-11-27,217953,3925300,18.3,18.35,17.5,17.75,-0.4,159,0.948748598085269,17.3621,16.8403,16.6031,17.4095
2023-11-28,147489,2649738,17.95,18.1,17.85,18.0,0.25,93,0.948748598085269,17.03,17.0775,16.9352,17.1723
2023-11-29,109477,1984129,18.15,18.2,18.0,18.0,0.0,81,0.948748598085269,17.2198,17.0775,17.0775,17.2672
2023-11-30,310844,5663705,18.15,18.4,18.0,18.4,0.4,203,0.948748598085269,17.2198,17.457,17.0775,17.457
2023-12-01,240422,4423742,18.4,18.5,18.3,18.45,0.05,146,0.948748598085269,17.457,17.5044,17.3621,17.5518
2023-12-04,412413,7702328,18.5,19.05,18.5,18.5,0.05,288,0.948748598085269,17.5518,17.5518,17.5518,18.0737
2023-12-05,147097,2691869,18.3,18.5,18.15,18.35,-0.15,107,0.948748598085269,17.3621,17.4095,17.2198,17.5518
2023-12-06,159043,2939294,18.45,18.55,18.4,18.55,0.2,111,0.948748598085269,17.5044,17.5993,17.457,17.5993
2023-12-07,187989,3474717,18.5,18.7,18.35,18.5,-0.05,105,0.948748598085269,17.5518,17.5518,17.4095,17.7416
2023-12-08,171126,3152237,18.65,18.65,18.35,18.45,-0.05,119,0.948748598085269,17.6942,17.5044,17.4095,17.6942
2023-12-11,190483,3497000,18.6,18.6,18.15,18.3,-0.15,129,0.948748598085269,17.6467,17.3621,17.2198,17.6467
2023-12-12,188463,3450923,18.25,18.45,18.2,18.3,0.0,121,0.948748598085269,17.3147,17.3621,17.2672,17.5044
2023-12-13,257323,4763776,18.45,18.65,18.35,18.4,0.1,166,0.948748598085269,17.5044,17.457,17.4095,17.6942
2023-12-14,276167,5071544,18.55,18.6,18.25,18.4,0.0,219,0.948748598085269,17.5993,17.457,17.3147,17.6467
2023-12-15,713205,13431389,18.65,19.15,18.6,18.65,0.25,516,0.948748598085269,17.6942,17.6942,17.6467,18.1685
2023-12-18,208377,3893079,18.6,18.9,18.5,18.7,0.05,130,0.948748598085269,17.6467,17.7416,17.5518,17.9313
2023-12-19,214758,3978668,18.7,18.8,18.35,18.5,-0.2,142,0.948748598085269,17.7416,17.5518,17.4095,17.8365
2023-12-20,139380,2589127,18.75,18.75,18.45,18.6,0.1,120,0.948748598085269,17.789,17.6467,17.5044,17.789
2023-12-21,193492,3580592,18.4,18.8,18.05,18.5,-0.1,166,0.948748598085269,17.457,17.5518,17.1249,17.8365
2023-12-22,199470,3722221,18.8,18.8,18.35,18.45,-0.05,169,0.948748598085269,17.8365,17.5044,17.4095,17.8365
2023-12-25,121322,2236301,18.65,18.7,18.35,18.45,0.0,72,0.948748598085269,17.6942,17.5044,17.4095,17.7416
2023-12-26,120895,2243510,18.6,18.7,18.5,18.6,0.15,90,0.948748598085269,17.6467,17.6467,17.5518,17.7416
2023-12-27,229051,4274158,18.55,18.8,18.55,18.55,-0.05,150,0.948748598085269,17.5993,17.5993,17.5993,17.8365
2023-12-28,172552,3208891,18.7,18.8,18.45,18.55,0.0,139,0.948748598085269,17.7416,17.5993,17.5044,17.8365
2023-12-29,230741,4255434,18.55,18.55,18.35,18.45,-0.1,166,0.948748598085269,17.5993,17.5044,17.4095,17.5993
2024-01-02,109204,2010256,18.6,18.6,18.35,18.4,-0.05,52,0.948748598085269,17.6467,17.457,17.4095,17.6467
2024-01-03,178457,3263353,18.4,18.45,18.2,18.35,-0.05,120,0.948748598085269,17.457,17.4095,17.2672,17.5044
2024-01-04,349663,6323774,18.3,18.35,17.9,18.0,-0.35,199,0.948748598085269,17.3621,17.0775,16.9826,17.4095
2024-01-05,265768,4766222,18.15,18.2,17.75,17.95,-0.05,196,0.948748598085269,17.2198,17.03,16.8403,17.2672
2024-01-08,301628,5428123,18.15,18.35,17.8,17.85,-0.1,186,0.948748598085269,17.2198,16.9352,16.8877,17.4095
2024-01-09,142231,2533027,18.1,18.1,17.7,17.75,-0.1,105,0.948748598085269,17.1723,16.8403,16.7929,17.1723
2024-01-10,215065,3823202,17.8,17.85,17.65,17.75,0.0,97,0.948748598085269,16.8877,16.8403,16.7454,16.9352
2024-01-11,158758,2809035,17.65,17.85,17.6,17.7,-0.05,110,0.948748598085269,16.7454,16.7929,16.698,16.9352
2024-01-12,429105,7655755,17.85,18.2,17.5,17.85,0.15,274,0.948748598085269,16.9352,16.9352,16.6031,17.2672
2024-01-15,590619,10648662,18.0,18.45,17.6,18.0,0.15,346,0.948748598085269,17.0775,17.0775,16.698,17.5044
2024-01-16,891442,16150578,17.95,18.45,17.7,18.0,0.0,434,0.948748598085269,17.03,17.0775,16.7929,17.5044
2024-01-17,8018574,154604774,18.15,19.8,18.05,18.55,0.55,3868,0.948748598085269,17.2198,17.5993,17.1249,18.7852
2024-01-18,3509875,66864549,18.65,19.65,18.5,18.75,0.2,1862,0.948748598085269,17.6942,17.789,17.5518,18.6429
2024-01-19,1332647,24736327,18.95,19.15,18.3,18.35,-0.4,687,0.948748598085269,17.9788,17.4095,17.3621,18.1685
2024-01-22,502738,9273668,18.65,18.65,18.3,18.5,0.15,322,0.948748598085269,17.6942,17.5518,17.3621,17.6942
2024-01-23,368521,6773994,18.6,18.6,18.2,18.4,-0.1,293,0.948748598085269,17.6467,17.457,17.2672,17.6467
2024-01-24,377728,6975460,18.35,18.6,18.2,18.45,0.05,249,0.948748598085269,17.4095,17.5044,17.2672,17.6467
2024-01-25,158480,2914783,18.5,18.55,18.3,18.35,-0.1,165,0.948748598085269,17.5518,17.4095,17.3621,17.5993
2024-01-26,419543,7596333,18.3,18.45,17.9,18.0,-0.35,269,0.948748598085269,17.3621,17.0775,16.9826,17.5044
2024-01-29,235175,4223509,18.1,18.1,17.85,17.9,-0.1,143,0.948748598085269,17.1723,16.9826,16.9352,17.1723
2024-01-30,138574,2471300,18.0,18.0,17.8,17.85,-0.05,105,0.948748598085269,17.0775,16.9352,16.8877,17.0775
2024-01-31,161883,2900060,17.85,18.05,17.8,17.8,-0.05,129,0.948748598085269,16.9352,16.8877,16.8877,17.1249
2024-02-01,159594,2857749,17.9,18.0,17.85,17.85,0.05,121,0.948748598085269,16.9826,16.9352,16.9352,17.0775
2024-02-02,316394,5678671,18.0,18.4,17.8,17.8,-0.05,218,0.948748598085269,17.0775,16.8877,16.8877,17.457
2024-02-05,255567,4566998,17.8,18.25,17.7,18.05,0.25,159,0.948748598085269,16.8877,17.1249,16.7929,17.3147
2024-02-15,305081,5548522,18.3,18.3,18.05,18.15,0.1,176,0.948748598085269,17.3621,17.2198,17.1249,17.3621
2024-02-16,450094,8206299,18.15,18.45,17.9,18.35,0.2,282,0.948748598085269,17.2198,17.4095,16.9826,17.5044
2024-02-19,645789,12094055,18.35,19.0,18.35,18.75,0.4,402,0.948748598085269,17.4095,17.789,17.4095,18.0262
2024-02-20,1125855,21492018,18.75,19.3,18.75,18.9,0.15,551,0.948748598085269,17.789,17.9313,17.789,18.3108
2024-02-21,1092078,21104415,19.2,19.7,18.9,19.15,0.25,648,0.948748598085269,18.216,18.1685,17.9313,18.6903
2024-02-22,1612509,31628388,19.2,19.9,19.2,19.45,0.3,861,0.948748598085269,18.216,18.4532,18.216,18.8801
2024-02-23,1875737,37532465,19.8,20.3,19.75,19.85,0.4,1166,0.948748598085269,18.7852,18.8327,18.7378,19.2596
2024-02-26,2294846,46633495,19.9,20.55,19.9,20.35,0.5,1299,0.948748598085269,18.8801,19.307,18.8801,19.4968
2024-02-27,2002802,40817970,20.6,20.7,20.0,20.3,-0.05,1029,0.948748598085269,19.5442,19.2596,18.975,19.6391
2024-02-29,491313,9894315,20.5,20.5,19.95,20.0,-0.3,406,0.948748598085269,19.4493,18.975,18.9275,19.4493
2024-03-01,803520,15807069,20.0,20.0,19.5,19.55,-0.45,532,0.948748598085269,18.975,18.548,18.5006,18.975
2024-03-04,634878,12479380,19.6,20.0,19.5,19.55,0.0,418,0.948748598085269,18.5955,18.548,18.5006,18.975
2024-03-05,384485,7442019,19.6,19.7,19.25,19.25,-0.3,374,0.948748598085269,18.5955,18.2634,18.2634,18.6903
2024-03-06,798190,15366881,19.3,19.5,19.05,19.1,-0.15,406,0.948748598085269,18.3108,18.1211,18.0737,18.5006
2024-03-07,428353,8103066,19.15,19.2,18.75,18.8,-0.3,316,0.948748598085269,18.1685,17.8365,17.789,18.216
2024-03-08,410193,7572398,18.75,18.95,18.05,18.25,-0.55,336,0.948748598085269,17.789,17.3147,17.1249,17.9788
2024-03-11,293802,5492659,18.3,18.9,18.3,18.9,0.65,202,0.948748598085269,17.3621,17.9313,17.3621,17.9313
2024-03-12,328025,6144412,18.9,18.9,18.65,18.7,-0.2,211,0.948748598085269,17.9313,17.7416,17.6942,17.9313
2024-03-13,531213,9700657,18.7,18.7,18.1,18.15,-0.55,296,0.948748598085269,17.7416,17.2198,17.1723,17.7416
2024-03-14,276154,5014438,18.2,18.3,18.05,18.25,0.1,147,0.948748598085269,17.2672,17.3147,17.1249,17.3621
2024-03-15,438556,7949833,18.15,18.4,18.0,18.1,-0.15,166,0.948748598085269,17.2198,17.1723,17.0775,17.457
2024-03-18,585524,10377824,17.95,17.95,17.55,17.75,-0.35,308,0.948748598085269,17.03,16.8403,16.6505,17.03
2024-03-19,314918,5580475,17.75,17.85,17.6,17.65,-0.1,216,0.948748598085269,16.8403,16.7454,16.698,16.9352
2024-03-20,628936,11012932,17.8,17.8,17.4,17.45,-0.2,339,0.948748598085269,16.8877,16.5557,16.5082,16.8877
2024-03-21,243417,4272379,17.5,17.7,17.4,17.55,0.1,178,0.948748598085269,16.6031,16.6505,16.5082,16.7929
2024-03-22,309511,5432879,17.6,17.7,17.4,17.65,0.1,181,0.948748598085269,16.698,16.7454,16.5082,16.7929
2024-03-25,236160,4194317,17.65,17.85,17.65,17.8,0.15,184,0.948748598085269,16.7454,16.8877,16.7454,16.9352
2024-03-26,267013,4710652,17.8,17.8,17.5,17.7,-0.1,153,0.948748598085269,16.8877,16.7929,16.6031,16.8877
2024-03-27,475118,8367170,17.6,17.8,17.5,17.5,-0.2,188,0.948748598085269,16.698,16.6031,16.6031,16.8877
2024-03-28,472855,8258859,17.6,17.65,17.35,17.35,-0.15,243,0.948748598085269,16.698,16.4608,16.4608,16.7454
2024-03-29,258862,4494435,17.35,17.45,17.3,17.45,0.1,160,0.948748598085269,16.4608,16.5557,16.4134,16.5557
2024-04-01,288678,5056750,17.5,17.55,17.4,17.55,0.1,111,0.948748598085269,16.6031,16.6505,16.5082,16.6505
2024-04-02,482083,8452394,17.4,17.75,17.4,17.6,0.05,166,0.948748598085269,16.5082,16.698,16.5082,16.8403
2024-04-03,173217,3028660,17.5,17.6,17.4,17.5,-0.1,112,0.948748598085269,16.6031,16.6031,16.5082,16.698
2024-04-08,132944,2322739,17.5,17.6,17.4,17.45,-0.05,127,0.948748598085269,16.6031,16.5557,16.5082,16.698
2024-04-09,166450,2922912,17.45,17.65,17.45,17.65,0.2,180,0.948748598085269,16.5557,16.7454,16.5557,16.7454
2024-04-10,386311,6853946,17.65,17.85,17.6,17.8,0.15,185,0.948748598085269,16.7454,16.8877,16.698,16.9352
2024-04-11,254007,4467518,17.7,17.75,17.55,17.55,-0.25,177,0.948748598085269,16.7929,16.6505,16.6505,16.8403
2024-04-12,174879,3089825,17.55,17.8,17.55,17.75,0.2,146,0.948748598085269,16.6505,16.8403,16.6505,16.8877
2024-04-15,169528,2970999,17.7,17.7,17.45,17.6,-0.15,201,0.948748598085269,16.7929,16.698,16.5557,16.7929
2024-04-16,548257,9342939,17.5,17.55,16.85,17.0,-0.6,324,0.948748598085269,16.6031,16.1287,15.9864,16.6505
2024-04-17,281537,4813501,17.0,17.3,17.0,17.2,0.2,167,0.948748598085269,16.1287,16.3185,16.1287,16.4134
2024-04-18,370215,6353047,17.05,17.4,16.85,17.1,-0.1,223,0.948748598085269,16.1762,16.2236,15.9864,16.5082
2024-04-19,569104,9505785,16.9,17.0,16.3,16.75,-0.35,361,0.948748598085269,16.0339,15.8915,15.4646,16.1287
2024-04-22,116896,1965572,17.0,17.05,16.7,16.75,0.0,100,0.948748598085269,16.1287,15.8915,15.8441,16.1762
2024-04-23,119424,2022616,16.95,17.0,16.8,17.0,0.25,95,0.948748598085269,16.0813,16.1287,15.939,16.1287
2024-04-24,148277,2529227,17.15,17.15,17.0,17.05,0.05,106,0.948748598085269,16.271,16.1762,16.1287,16.271
2024-04-25,90766,1545208,17.1,17.2,16.95,16.95,-0.1,98,0.948748598085269,16.2236,16.0813,16.0813,16.3185
2024-04-26,68666,1171439,17.15,17.15,16.95,17.0,0.05,67,0.948748598085269,16.271,16.1287,16.0813,16.271
2024-04-29,213055,3663782,17.2,17.35,17.0,17.35,0.35,156,0.948748598085269,16.3185,16.4608,16.1287,16.4608
2024-04-30,118082,2039114,17.35,17.4,17.1,17.2,-0.15,74,0.948748598085269,16.4608,16.3185,16.2236,16.5082
2024-05-02,134546,2325981,17.2,17.4,17.2,17.4,0.2,117,0.948748598085269,16.3185,16.5082,16.3185,16.5082
2024-05-03,153270,2641271,17.45,17.5,17.1,17.25,-0.15,183,0.948748598085269,16.5557,16.3659,16.2236,16.6031
2024-05-06,325018,5638618,17.4,17.6,17.1,17.25,0.0,196,0.948748598085269,16.5082,16.3659,16.2236,16.698
2024-05-07,171222,2962946,17.55,17.55,17.1,17.3,0.05,130,0.948748598085269,16.6505,16.4134,16.2236,16.6505
2024-05-08,101910,1759150,17.3,17.45,17.15,17.25,-0.05,83,0.948748598085269,16.4134,16.3659,16.271,16.5557
2024-05-09,129336,2229257,17.3,17.35,17.1,17.3,0.05,93,0.948748598085269,16.4134,16.4134,16.2236,16.4608
2024-05-10,103659,1785661,17.3,17.3,17.15,17.3,0.0,87,0.948748598085269,16.4134,16.4134,16.271,16.4134
2024-05-13,127260,2204840,17.45,17.5,17.25,17.3,0.0,100,0.948748598085269,16.5557,16.4134,16.3659,16.6031
2024-05-14,155656,2702720,17.4,17.45,17.3,17.4,0.1,110,0.948748598085269,16.5082,16.5082,16.4134,16.5557
2024-05-15,488731,8554082,17.5,17.6,17.3,17.6,0.2,276,0.948748598085269,16.6031,16.698,16.4134,16.698
2024-05-16,433212,7635643,17.8,17.85,17.5,17.55,-0.05,286,0.948748598085269,16.8877,16.6505,16.6031,16.9352
2024-05-17,1286318,23404800,17.55,18.7,17.55,18.35,0.8,873,0.948748598085269,16.6505,17.4095,16.6505,17.7416
2024-05-20,705796,12876457,18.35,18.55,18.0,18.0,-0.35,432,0.948748598085269,17.4095,17.0775,17.0775,17.5993
2024-05-21,223244,4032689,18.0,18.2,18.0,18.0,0.0,188,0.948748598085269,17.0775,17.0775,17.0775,17.2672
2024-05-22,410026,7403786,18.1,18.15,17.95,18.0,0.0,243,0.948748598085269,17.1723,17.0775,17.03,17.2198
2024-05-23,7581494,148507867,18.3,19.8,18.25,19.8,1.8,3162,0.948748598085269,17.3621,18.7852,17.3147,18.7852
2024-05-24,5178010,101215756,20.3,20.3,19.0,19.35,-0.45,2285,0.948748598085269,19.2596,18.3583,18.0262,19.2596
2024-05-27,1267321,24162191,19.45,19.45,18.9,19.1,-0.25,692,0.948748598085269,18.4532,18.1211,17.9313,18.4532
2024-05-28,776265,14994643,19.25,19.6,19.2,19.2,0.1,501,0.948748598085269,18.2634,18.216,18.216,18.5955
2024-05-29,1041670,20156785,19.25,19.65,19.0,19.5,0.3,632,0.948748598085269,18.2634,18.5006,18.0262,18.6429
2024-05-30,721067,13802667,19.3,19.3,19.0,19.0,-0.5,417,0.948748598085269,18.3108,18.0262,18.0262,18.3108
2024-05-31,290807,5557153,19.25,19.25,19.0,19.0,0.0,217,0.948748598085269,18.2634,18.0262,18.0262,18.2634
2024-06-03,692637,13022648,19.05,19.05,18.6,18.7,-0.3,491,0.948748598085269,18.0737,17.7416,17.6467,18.0737
2024-06-04,1066859,20439600,19.6,19.6,18.65,18.65,-0.05,524,0.948748598085269,18.5955,17.6942,17.6942,18.5955
2024-06-05,387191,7287121,18.7,18.95,18.7,18.85,0.2,266,0.948748598085269,17.7416,17.8839,17.7416,17.9788
2024-06-06,414389,7765563,18.8,19.1,18.5,18.5,-0.35,367,0.948748598085269,17.8365,17.5518,17.5518,18.1211
2024-06-07,473447,8963602,18.65,19.15,18.65,18.9,0.4,295,0.948748598085269,17.6942,17.9313,17.6942,18.1685
2024-06-11,679159,12669751,18.85,19.4,17.95,18.15,-0.75,574,0.948748598085269,17.8839,17.2198,17.03,18.4057
2024-06-12,310854,5735452,18.25,18.75,18.25,18.45,0.3,252,0.948748598085269,17.3147,17.5044,17.3147,17.789
2024-06-13,186283,3430170,18.6,18.8,18.25,18.35,-0.1,165,0.948748598085269,17.6467,17.4095,17.3147,17.8365
2024-06-14,452575,8279020,18.3,18.55,18.2,18.2,-0.15,269,0.948748598085269,17.3621,17.2672,17.2672,17.5993
2024-06-17,382740,6993586,18.25,18.4,18.2,18.35,0.15,176,0.948748598085269,17.3147,17.4095,17.2672,17.457
2024-06-18,276138,5038326,18.45,18.5,18.15,18.2,-0.15,250,0.948748598085269,17.5044,17.2672,17.2198,17.5518
2024-06-19,293284,5324349,18.2,18.3,18.05,18.05,-0.15,202,0.948748598085269,17.2672,17.1249,17.1249,17.3621
2024-06-20,291404,5293145,18.05,18.35,18.0,18.35,0.3,218,0.948748598085269,17.1249,17.4095,17.0775,17.4095
2024-06-21,211041,3849415,18.2,18.3,18.15,18.2,-0.15,121,0.948748598085269,17.2672,17.2672,17.2198,17.3621
2024-06-24,195313,3548652,18.2,18.3,18.05,18.15,-0.05,148,0.948748598085269,17.2672,17.2198,17.1249,17.3621
2024-06-25,261830,4726453,18.25,18.25,17.85,18.25,0.1,173,0.948748598085269,17.3147,17.3147,16.9352,17.3147
2024-06-26,177100,3254156,18.35,18.55,18.25,18.25,0.0,143,0.948748598085269,17.4095,17.3147,17.3147,17.5993
2024-06-27,173655,3147224,18.2,18.25,18.05,18.1,-0.15,103,0.948748598085269,17.2672,17.1723,17.1249,17.3147
2024-06-28,245952,4466914,18.15,18.35,18.0,18.25,0.15,153,0.948748598085269,17.2198,17.3147,17.0775,17.4095
2024-07-01,252456,4631970,18.3,18.45,18.25,18.4,0.15,167,0.948748598085269,17.3621,17.457,17.3147,17.5044
2024-07-02,252908,4652084,18.4,18.55,18.2,18.2,-0.2,156,0.948748598085269,17.457,17.2672,17.2672,17.5993
2024-07-03,482025,8911631,18.25,18.7,18.25,18.5,0.3,238,0.948748598085269,17.3147,17.5518,17.3147,17.7416
2024-07-04,878805,16410387,18.6,18.85,18.45,18.85,0.35,335,0.948748598085269,17.6467,17.8839,17.5044,17.8839
2024-07-05,599258,11268511,18.85,19.0,18.6,18.95,0.1,314,0.948748598085269,17.8839,17.9788,17.6467,18.0262
2024-07-08,723974,13820724,19.0,19.35,18.8,19.1,0.15,482,0.948748598085269,18.0262,18.1211,17.8365,18.3583
2024-07-09,575576,10742015,19.1,19.2,18.3,18.4,-0.7,528,0.948748598085269,18.1211,17.457,17.3621,18.216
2024-07-10,233048,4287524,18.65,18.65,18.3,18.45,0.05,191,0.948748598085269,17.6942,17.5044,17.3621,17.6942
2024-07-11,762762,14170821,18.8,18.85,18.4,18.7,0.25,396,0.948748598085269,17.8365,17.7416,17.457,17.8839
2024-07-12,279364,5156514,18.35,18.65,18.2,18.5,0.0,185,0.964741641337386,17.703,17.8477,17.5583,17.9924
2024-07-15,245050,4515608,18.55,18.55,18.3,18.45,-0.05,185,0.964741641337386,17.896,17.7995,17.6548,17.896
2024-07-16,257374,4766399,18.5,18.85,18.35,18.4,-0.05,173,0.964741641337386,17.8477,17.7512,17.703,18.1854
2024-07-17,198984,3684574,18.4,18.7,18.4,18.4,0.0,143,0.964741641337386,17.7512,17.7512,17.7512,18.0407
2024-07-18,219704,4012820,18.4,18.4,18.2,18.3,-0.1,131,0.964741641337386,17.7512,17.6548,17.5583,17.7512
2024-07-19,624035,11131731,18.3,18.3,17.65,17.65,-0.65,471,0.964741641337386,17.6548,17.0277,17.0277,17.6548
2024-07-22,553834,9590953,17.9,17.9,17.1,17.3,-0.35,327,0.964741641337386,17.2689,16.69,16.4971,17.2689
2024-07-23,267650,4722826,17.35,17.9,17.35,17.75,0.45,178,0.964741641337386,16.7383,17.1242,16.7383,17.2689
2024-07-26,161799,2816595,17.4,17.6,17.2,17.5,-0.25,106,0.964741641337386,16.7865,16.883,16.5936,16.9795
2024-07-29,177471,3089118,17.6,17.6,17.25,17.25,-0.25,106,0.964741641337386,16.9795,16.6418,16.6418,16.9795
2024-07-30,96369,1668058,17.25,17.5,17.2,17.5,0.25,69,0.964741641337386,16.6418,16.883,16.5936,16.883
2024-07-31,253365,4514706,17.5,17.95,17.5,17.9,0.4,158,0.964741641337386,16.883,17.2689,16.883,17.3171
2024-08-01,301415,5479111,17.9,18.3,17.9,18.25,0.35,193,0.964741641337386,17.2689,17.6065,17.2689,17.6548
2024-08-02,195681,3513823,18.2,18.2,17.75,17.8,-0.45,137,0.964741641337386,17.5583,17.1724,17.1242,17.5583
2024-08-05,974838,15838591,16.85,16.9,16.05,16.05,-1.75,587,0.964741641337386,16.2559,15.4841,15.4841,16.3041
2024-08-06,593504,9466866,16.6,16.8,15.2,16.0,-0.05,254,0.964741641337386,16.0147,15.4359,14.6641,16.2077
2024-08-07,457417,7657961,16.3,17.2,16.05,16.9,0.9,275,0.964741641337386,15.7253,16.3041,15.4841,16.5936
2024-08-08,126460,2086372,16.4,16.7,16.3,16.55,-0.35,114,0.964741641337386,15.8218,15.9665,15.7253,16.1112
2024-08-09,226399,3798529,17.05,17.05,16.7,16.7,0.15,118,0.964741641337386,16.4488,16.1112,16.1112,16.4488
2024-08-12,112232,1898906,16.7,17.15,16.7,16.75,0.05,95,0.964741641337386,16.1112,16.1594,16.1112,16.5453
2024-08-13,192424,3239125,17.05,17.15,16.65,16.9,0.15,139,0.964741641337386,16.4488,16.3041,16.0629,16.5453
2024-08-14,239538,4098175,17.1,17.25,17.0,17.05,0.15,140,0.964741641337386,16.4971,16.4488,16.4006,16.6418
2024-08-15,183915,3111114,17.0,17.1,16.8,16.85,-0.2,111,0.964741641337386,16.4006,16.2559,16.2077,16.4971
2024-08-16,291640,4985363,17.0,17.45,16.8,17.05,0.2,209,0.964741641337386,16.4006,16.4488,16.2077,16.8347
2024-08-19,119726,2041060,17.1,17.3,16.95,17.05,0.0,119,0.964741641337386,16.4971,16.4488,16.3524,16.69
2024-08-20,180142,3069223,17.1,17.25,16.9,16.9,-0.15,120,0.964741641337386,16.4971,16.3041,16.3041,16.6418
2024-08-21,152245,2559748,17.15,17.15,16.6,16.8,-0.1,90,0.964741641337386,16.5453,16.2077,16.0147,16.5453
2024-08-22,218802,3707882,17.05,17.05,16.85,17.05,0.25,97,0.964741641337386,16.4488,16.4488,16.2559,16.4488
2024-08-23,155960,2628626,16.9,17.05,16.65,17.05,0.0,103,0.964741641337386,16.3041,16.4488,16.0629,16.4488
2024-08-26,235595,4047756,17.05,17.45,17.0,17.0,-0.05,160,0.964741641337386,16.4488,16.4006,16.4006,16.8347
2024-08-27,146769,2488716,17.25,17.25,16.8,17.05,0.05,115,0.964741641337386,16.6418,16.4488,16.2077,16.6418
2024-08-28,95258,1619601,17.1,17.1,16.95,16.95,-0.1,93,0.964741641337386,16.4971,16.3524,16.3524,16.4971
2024-08-29,112599,1917090,17.1,17.1,16.95,17.1,0.15,82,0.964741641337386,16.4971,16.4971,16.3524,16.4971
2024-08-30,180683,3107799,17.1,17.3,17.1,17.25,0.15,123,0.964741641337386,16.4971,16.6418,16.4971,16.69
2024-09-02,191735,3274689,17.4,17.4,16.9,16.9,-0.35,181,0.964741641337386,16.7865,16.3041,16.3041,16.7865
2024-09-03,69257,1174793,17.05,17.05,16.85,17.05,0.15,87,0.964741641337386,16.4488,16.4488,16.2559,16.4488
2024-09-04,1155863,18550357,15.85,16.55,15.85,16.0,-1.05,556,0.964741641337386,15.2912,15.4359,15.2912,15.9665
2024-09-05,297373,4809834,16.45,16.45,16.05,16.05,0.05,138,0.964741641337386,15.87,15.4841,15.4841,15.87
2024-09-06,229174,3747026,16.3,16.7,16.05,16.65,0.6,155,0.964741641337386,15.7253,16.0629,15.4841,16.1112
2024-09-09,118645,1932984,16.55,16.55,16.15,16.2,-0.45,103,0.964741641337386,15.9665,15.6288,15.5806,15.9665
2024-09-10,157209,2550091,16.25,16.5,16.0,16.2,0.0,114,0.964741641337386,15.6771,15.6288,15.4359,15.9182
2024-09-11,135870,2224429,16.35,16.5,16.2,16.3,0.1,108,0.964741641337386,15.7735,15.7253,15.6288,15.9182
2024-09-12,400409,6827041,16.65,17.35,16.55,17.3,1.0,291,0.964741641337386,16.0629,16.69,15.9665,16.7383
2024-09-13,158509,2711633,16.95,17.45,16.95,17.0,-0.3,173,0.964741641337386,16.3524,16.4006,16.3524,16.8347
2024-09-16,146226,2538200,17.25,17.5,17.15,17.45,0.45,126,0.964741641337386,16.6418,16.8347,16.5453,16.883
2024-09-18,112806,1955283,17.25,17.5,17.2,17.25,-0.2,116,0.964741641337386,16.6418,16.6418,16.5936,16.883
2024-09-19,219544,3790780,17.25,17.45,17.2,17.35,0.1,97,0.964741641337386,16.6418,16.7383,16.5936,16.8347
2024-09-20,372359,6564517,17.45,17.9,17.35,17.4,0.05,240,0.964741641337386,16.8347,16.7865,16.7383,17.2689
2024-09-23,238636,4221697,17.35,17.8,17.35,17.8,0.4,242,0.964741641337386,16.7383,17.1724,16.7383,17.1724
2024-09-24,267055,4697242,17.85,17.95,17.3,17.45,-0.35,194,0.964741641337386,17.2206,16.8347,16.69,17.3171
2024-09-25,1724860,31819689,17.7,19.1,17.7,18.3,0.85,1018,0.964741641337386,17.0759,17.6548,17.0759,18.4266
2024-09-26,680218,12354820,18.5,18.6,17.8,17.8,-0.5,402,0.964741641337386,17.8477,17.1724,17.1724,17.9442
2024-09-27,335532,6028091,18.0,18.1,17.85,18.05,0.25,212,0.964741641337386,17.3653,17.4136,17.2206,17.4618
2024-09-30,196709,3570389,18.05,18.35,17.9,18.15,0.1,129,0.964741641337386,17.4136,17.5101,17.2689,17.703
2024-10-01,145640,2617411,18.15,18.2,17.85,17.95,-0.2,112,0.964741641337386,17.5101,17.3171,17.2206,17.5583
2024-10-04,162681,2872770,17.9,17.95,17.55,17.55,-0.4,114,0.964741641337386,17.2689,16.9312,16.9312,17.3171
2024-10-07,136952,2432026,17.7,17.95,17.7,17.95,0.4,89,0.964741641337386,17.0759,17.3171,17.0759,17.3171
2024-10-08,122563,2151229,17.95,17.95,17.5,17.5,-0.45,101,0.964741641337386,17.3171,16.883,16.883,17.3171
2024-10-09,248962,4285424,17.65,17.65,17.0,17.0,-0.5,247,0.964741641337386,17.0277,16.4006,16.4006,17.0277
2024-10-11,121110,2087779,17.25,17.35,17.1,17.1,0.1,87,0.964741641337386,16.6418,16.4971,16.4971,16.7383
2024-10-14,213614,3633580,17.1,17.1,16.8,17.0,-0.1,131,0.964741641337386,16.4971,16.4006,16.2077,16.4971
2024-10-15,93054,1591547,17.0,17.3,17.0,17.05,0.05,72,0.964741641337386,16.4006,16.4488,16.4006,16.69
2024-10-16,127158,2169116,17.05,17.25,16.9,16.95,-0.1,110,0.964741641337386,16.4488,16.3524,16.3041,16.6418
2024-10-17,90314,1543139,17.1,17.15,17.0,17.1,0.15,105,0.964741641337386,16.4971,16.4971,16.4006,16.5453
2024-10-18,121070,2088245,17.45,17.45,17.1,17.15,0.05,100,0.964741641337386,16.8347,16.5453,16.4971,16.8347
2024-10-21,98654,1696758,17.45,17.45,17.15,17.2,0.05,71,0.964741641337386,16.8347,16.5936,16.5453,16.8347
2024-10-22,68342,1174479,17.15,17.35,17.1,17.15,-0.05,52,0.964741641337386,16.5453,16.5453,16.4971,16.7383
2024-10-23,2913998,52458998,17.35,18.45,17.05,17.9,0.75,1463,0.964741641337386,16.7383,17.2689,16.4488,17.7995
2024-10-24,426578,7488546,17.9,17.95,17.35,17.5,-0.4,367,0.964741641337386,17.2689,16.883,16.7383,17.3171
2024-10-25,10267535,196363116,18.0,19.25,18.0,19.25,1.75,3255,0.964741641337386,17.3653,18.5713,17.3653,18.5713
2024-10-28,20286506,404806598,19.25,20.95,19.15,19.15,-0.1,9811,0.964741641337386,18.5713,18.4748,18.4748,20.2113
2024-10-29,3639002,68233730,19.25,19.35,18.4,18.4,-0.75,1797,0.964741641337386,18.5713,17.7512,17.7512,18.6678
2024-10-30,2041069,37333916,18.6,18.85,18.0,18.0,-0.4,1124,0.964741641337386,17.9442,17.3653,17.3653,18.1854
2024-11-01,1404316,25564511,17.7,18.8,17.45,18.35,0.35,779,0.964741641337386,17.0759,17.703,16.8347,18.1371
2024-11-04,591926,10750444,18.45,18.45,17.9,18.3,-0.05,412,0.964741641337386,17.7995,17.6548,17.2689,17.7995
2024-11-05,1433565,26208743,18.3,18.65,17.9,17.9,-0.4,699,0.964741641337386,17.6548,17.2689,17.2689,17.9924
2024-11-06,2259593,42189370,18.1,19.4,17.9,18.7,0.8,1300,0.964741641337386,17.4618,18.0407,17.2689,18.716
2024-11-07,1095395,20568457,19.1,19.1,18.6,18.7,0.0,557,0.964741641337386,18.4266,18.0407,17.9442,18.4266
2024-11-08,1923585,36997174,18.7,19.8,18.65,19.15,0.45,1104,0.964741641337386,18.0407,18.4748,17.9924,19.1019
2024-11-11,3038017,60207295,19.45,20.4,19.15,19.95,0.8,1660,0.964741641337386,18.7642,19.2466,18.4748,19.6807
2024-11-12,2021396,38437206,19.95,20.0,18.55,18.75,-1.2,1126,0.964741641337386,19.2466,18.0889,17.896,19.2948
2024-11-13,628309,11794913,18.75,19.1,18.55,18.65,-0.1,411,0.964741641337386,18.0889,17.9924,17.896,18.4266
2024-11-14,894873,16410458,18.45,18.6,18.15,18.2,-0.45,403,0.964741641337386,17.7995,17.5583,17.5101,17.9442
2024-11-15,487554,8955934,18.4,18.7,18.2,18.3,0.1,301,0.964741641337386,17.7512,17.6548,17.5583,18.0407
2024-11-18,450982,8158014,18.35,18.55,17.95,18.0,-0.3,296,0.964741641337386,17.703,17.3653,17.3171,17.896
2024-11-19,238787,4346431,18.05,18.35,17.9,18.3,0.3,187,0.964741641337386,17.4136,17.6548,17.2689,17.703
2024-11-20,988481,17954346,18.5,18.5,17.95,18.15,-0.15,363,0.964741641337386,17.8477,17.5101,17.3171,17.8477
2024-11-21,1234692,22485405,18.25,18.45,17.95,18.35,0.2,314,0.964741641337386,17.6065,17.703,17.3171,17.7995
2024-11-22,1502020,27713835,18.4,18.9,18.2,18.25,-0.1,571,0.964741641337386,17.7512,17.6065,17.5583,18.2336
2024-11-25,1110448,20845289,18.45,19.2,18.35,18.95,0.7,594,0.964741641337386,17.7995,18.2819,17.703,18.523
2024-11-26,558766,10537711,18.95,19.15,18.65,18.75,-0.2,304,0.964741641337386,18.2819,18.0889,17.9924,18.4748
2024-11-27,288104,5340289,18.95,19.0,18.3,18.4,-0.35,211,0.964741641337386,18.2819,17.7512,17.6548,18.3301
2024-11-28,292053,5356753,18.4,18.65,18.2,18.25,-0.15,192,0.964741641337386,17.7512,17.6065,17.5583,17.9924
2024-11-29,5062979,100347845,18.35,20.05,18.25,19.75,1.5,2222,0.964741641337386,17.703,19.0536,17.6065,19.3431
2024-12-02,11490463,235752783,19.75,21.5,19.75,19.8,0.05,5610,0.964741641337386,19.0536,19.1019,19.0536,20.7419
2024-12-03,5641552,114173697,19.95,20.8,19.75,19.85,0.05,3196,0.964741641337386,19.2466,19.1501,19.0536,20.0666
2024-12-04,4419915,90395321,20.0,20.75,19.9,20.65,0.8,2272,0.964741641337386,19.2948,19.9219,19.1984,20.0184
2024-12-05,2245226,45643059,20.8,20.8,20.0,20.35,-0.3,1189,0.964741641337386,20.0666,19.6325,19.2948,20.0666
2024-12-06,1689516,33647600,20.35,20.5,19.5,19.75,-0.6,935,0.964741641337386,19.6325,19.0536,18.8125,19.7772
2024-12-09,1132132,21606432,19.5,19.7,18.85,18.95,-0.8,716,0.964741641337386,18.8125,18.2819,18.1854,19.0054
2024-12-10,715855,13329550,18.8,19.05,18.4,18.45,-0.5,457,0.964741641337386,18.1371,17.7995,17.7512,18.3783
2024-12-11,1298256,24521648,18.6,19.1,18.55,19.05,0.6,576,0.964741641337386,17.9442,18.3783,17.896,18.4266
2024-12-12,1112936,21448310,19.05,19.75,18.85,18.85,-0.2,674,0.964741641337386,18.3783,18.1854,18.1854,19.0536
2024-12-13,654671,12094324,19.05,19.05,18.25,18.3,-0.55,432,0.964741641337386,18.3783,17.6548,17.6065,18.3783
2024-12-16,875175,15897463,18.6,18.6,17.85,18.3,0.0,454,0.964741641337386,17.9442,17.6548,17.2206,17.9442
2024-12-17,405776,7414001,18.45,18.45,18.15,18.15,-0.15,267,0.964741641337386,17.7995,17.5101,17.5101,17.7995
2024-12-18,341287,6210027,18.15,18.4,18.05,18.2,0.05,206,0.964741641337386,17.5101,17.5583,17.4136,17.7512
2024-12-19,699027,12564198,18.1,18.2,17.75,18.2,0.0,332,0.964741641337386,17.4618,17.5583,17.1242,17.5583
2024-12-20,416952,7514118,18.1,18.3,17.9,17.9,-0.3,254,0.964741641337386,17.4618,17.2689,17.2689,17.6548
2024-12-23,401880,7343579,18.1,18.5,18.0,18.05,0.15,213,0.964741641337386,17.4618,17.4136,17.3653,17.8477
2024-12-24,377556,6877270,18.2,18.45,18.1,18.1,0.05,191,0.964741641337386,17.5583,17.4618,17.4618,17.7995
2024-12-25,937310,17499515,18.35,19.0,18.2,18.8,0.7,434,0.964741641337386,17.703,18.1371,17.5583,18.3301
2024-12-26,3293777,65220910,19.0,20.3,18.8,19.9,1.1,1733,0.964741641337386,18.3301,19.1984,18.1371,19.5843
2024-12-27,1152030,22420947,19.9,20.05,19.0,19.35,-0.55,903,0.964741641337386,19.1984,18.6678,18.3301,19.3431
2024-12-30,522558,9934132,19.35,19.35,18.75,18.75,-0.6,453,0.964741641337386,18.6678,18.0889,18.0889,18.6678
2024-12-31,283959,5270163,18.85,18.85,18.3,18.7,-0.05,224,0.964741641337386,18.1854,18.0407,17.6548,18.1854
2025-01-02,259824,4825450,18.65,18.8,18.45,18.65,-0.05,182,0.964741641337386,17.9924,17.9924,17.7995,18.1371
2025-01-03,272364,5034597,18.8,18.9,18.3,18.4,-0.25,178,0.964741641337386,18.1371,17.7512,17.6548,18.2336
2025-01-06,372977,7008765,18.55,19.05,18.5,18.9,0.5,260,0.964741641337386,17.896,18.2336,17.8477,18.3783
2025-01-07,271682,5122650,18.95,19.2,18.65,18.65,-0.25,187,0.964741641337386,18.2819,17.9924,17.9924,18.523
2025-01-08,2242416,44263688,18.65,20.2,18.6,19.85,1.2,1175,0.964741641337386,17.9924,19.1501,17.9442,19.4878
2025-01-09,3582393,71688690,20.15,20.55,19.35,19.45,-0.4,2184,0.964741641337386,19.4395,18.7642,18.6678,19.8254
2025-01-10,709351,13713512,19.45,19.6,19.1,19.2,-0.25,426,0.964741641337386,18.7642,18.523,18.4266,18.9089
2025-01-13,2139339,38925527,19.05,19.15,17.8,18.2,-1.0,1092,0.964741641337386,18.3783,17.5583,17.1724,18.4748
2025-01-14,938417,17021886,18.2,18.35,17.95,18.15,-0.05,488,0.964741641337386,17.5583,17.5101,17.3171,17.703
2025-01-15,338601,6139776,18.15,18.35,18.0,18.2,0.05,239,0.964741641337386,17.5101,17.5583,17.3653,17.703
2025-01-16,364332,6710800,18.25,18.65,18.25,18.25,0.05,249,0.964741641337386,17.6065,17.6065,17.6065,17.9924
2025-01-17,368743,6759710,18.4,18.55,18.2,18.2,-0.05,211,0.964741641337386,17.7512,17.5583,17.5583,17.896
2025-01-20,206827,3757420,18.3,18.3,18.05,18.15,-0.05,143,0.964741641337386,17.6548,17.5101,17.4136,17.6548
2025-01-21,338454,6100829,18.15,18.25,17.95,17.95,-0.2,235,0.964741641337386,17.5101,17.3171,17.3171,17.6065
2025-01-22,365606,6579484,18.15,18.15,17.85,17.95,0.0,195,0.964741641337386,17.5101,17.3171,17.2206,17.5101
2025-02-03,550432,9631487,17.7,17.8,17.3,17.75,-0.2,329,0.964741641337386,17.0759,17.1242,16.69,17.1724
2025-02-04,244845,4394868,17.8,18.1,17.8,18.0,0.25,141,0.964741641337386,17.1724,17.3653,17.1724,17.4618
2025-02-05,269738,4934139,18.1,18.4,18.1,18.3,0.3,174,0.964741641337386,17.4618,17.6548,17.4618,17.7512
2025-02-06,676775,12724660,18.3,19.2,18.3,18.75,0.45,438,0.964741641337386,17.6548,18.0889,17.6548,18.523
2025-02-07,1805894,35130094,19.0,19.8,18.6,19.45,0.7,887,0.964741641337386,18.3301,18.7642,17.9442,19.1019
2025-02-10,866515,17009062,19.6,19.9,19.4,19.55,0.1,530,0.964741641337386,18.9089,18.8607,18.716,19.1984
2025-02-11,1041370,20662802,19.9,20.2,19.6,19.65,0.1,531,0.964741641337386,19.1984,18.9572,18.9089,19.4878
2025-02-12,2741269,55452528,19.65,20.6,19.65,20.05,0.4,1278,0.964741641337386,18.9572,19.3431,18.9572,19.8737
2025-02-13,1496291,30664535,20.4,21.2,20.1,20.1,0.05,819,0.964741641337386,19.6807,19.3913,19.3913,20.4525
2025-02-14,815027,16395451,20.4,20.4,19.85,20.1,0.0,439,0.964741641337386,19.6807,19.3913,19.1501,19.6807
2025-02-17,3742873,78760429,20.1,21.5,20.1,21.2,1.1,1884,0.964741641337386,19.3913,20.4525,19.3913,20.7419
2025-02-18,3367729,71967684,21.6,22.15,20.7,21.15,-0.05,1895,0.964741641337386,20.8384,20.4043,19.9702,21.369
2025-02-19,1081954,22526716,21.15,21.25,20.65,20.75,-0.4,553,0.964741641337386,20.4043,20.0184,19.9219,20.5008
2025-02-20,1318927,28030542,21.05,21.6,20.9,21.1,0.35,777,0.964741641337386,20.3078,20.356,20.1631,20.8384
2025-02-21,956975,20024464,21.1,21.25,20.7,21.15,0.05,495,0.964741641337386,20.356,20.4043,19.9702,20.5008
2025-02-24,1791860,38643898,21.2,21.85,21.15,21.85,0.7,947,0.964741641337386,20.4525,21.0796,20.4043,21.0796
2025-02-25,1327848,28832335,21.35,22.0,21.3,21.65,-0.2,701,0.964741641337386,20.5972,20.8867,20.549,21.2243
2025-02-26,755462,16408447,21.65,22.0,21.35,21.65,0.0,509,0.964741641337386,20.8867,20.8867,20.5972,21.2243
2025-02-27,668819,14370485,21.55,21.75,21.3,21.3,-0.35,396,0.964741641337386,20.7902,20.549,20.549,20.9831
2025-03-03,432855,9060671,21.4,21.4,20.7,20.9,-0.4,303,0.964741641337386,20.6455,20.1631,19.9702,20.6455
2025-03-04,807143,17169850,20.85,21.7,20.3,21.7,0.8,471,0.964741641337386,20.1149,20.9349,19.5843,20.9349
2025-03-05,1248858,27258855,21.7,22.25,21.45,21.5,-0.2,677,0.964741641337386,20.9349,20.7419,20.6937,21.4655
2025-03-06,880932,18908045,21.6,21.85,21.25,21.25,-0.25,510,0.964741641337386,20.8384,20.5008,20.5008,21.0796
2025-03-07,751798,15515134,21.0,21.25,20.4,20.4,-0.85,443,0.964741641337386,20.2596,19.6807,19.6807,20.5008
2025-03-10,722010,14730955,20.4,20.7,20.2,20.2,-0.2,325,0.964741641337386,19.6807,19.4878,19.4878,19.9702
2025-03-11,1030131,20651168,19.8,20.75,19.3,20.7,0.5,540,0.964741641337386,19.1019,19.9702,18.6195,20.0184
2025-03-12,863119,18239615,20.75,21.7,20.7,21.05,0.35,470,0.964741641337386,20.0184,20.3078,19.9702,20.9349
2025-03-13,535903,11289503,21.1,21.5,20.7,20.8,-0.25,324,0.964741641337386,20.356,20.0666,19.9702,20.7419
2025-03-14,318630,6649279,20.8,21.05,20.7,20.8,0.0,222,0.964741641337386,20.0666,20.0666,19.9702,20.3078
2025-03-17,1235178,26681204,20.9,21.95,20.9,21.25,0.45,637,0.964741641337386,20.1631,20.5008,20.1631,21.1761
2025-03-18,641692,13619039,21.65,21.65,20.95,21.0,-0.25,407,0.964741641337386,20.8867,20.2596,20.2113,20.8867
2025-03-19,1882105,40965630,21.0,22.05,20.9,21.8,0.8,971,0.964741641337386,20.2596,21.0314,20.1631,21.2726
2025-03-20,13307534,314245996,22.2,23.95,22.0,23.85,2.05,7970,0.964741641337386,21.4173,23.0091,21.2243,23.1056
2025-03-21,5990723,134503353,23.35,23.4,22.0,22.35,-1.5,3301,0.964741641337386,22.5267,21.562,21.2243,22.575
2025-03-24,3295287,75828439,22.4,23.8,22.2,23.8,1.45,1878,0.964741641337386,21.6102,22.9609,21.4173,22.9609
2025-03-25,3676577,86534861,24.05,24.3,23.1,23.3,-0.5,1898,0.964741641337386,23.202,22.4785,22.2855,23.4432
2025-03-26,2941476,66958392,23.75,23.8,22.2,22.3,-1.0,1411,0.964741641337386,22.9126,21.5137,21.4173,22.9609
2025-03-27,2882471,64611450,22.15,23.35,22.0,22.1,-0.2,1445,0.964741641337386,21.369,21.3208,21.2243,22.5267
2025-03-28,1482948,32395886,22.2,22.25,21.4,21.75,-0.35,761,0.964741641337386,21.4173,20.9831,20.6455,21.4655
2025-03-31,3222097,64272997,20.95,21.0,19.6,19.85,-1.9,1473,0.964741641337386,20.2113,19.1501,18.9089,20.2596
2025-04-01,862301,17506073,19.95,20.75,19.75,20.15,0.3,576,0.964741641337386,19.2466,19.4395,19.0536,20.0184
2025-04-02,477428,9745010,20.35,20.75,20.05,20.35,0.2,279,0.964741641337386,19.6325,19.6325,19.3431,20.0184
2025-04-07,274811,5042768,18.35,18.35,18.35,18.35,-2.0,121,0.964741641337386,17.703,17.703,17.703,17.703
2025-04-08,1675106,27828434,16.6,17.1,16.55,16.55,-1.8,688,0.964741641337386,16.0147,15.9665,15.9665,16.4971
2025-04-09,3941182,60227437,16.25,16.4,14.9,14.9,-1.65,1349,0.964741641337386,15.6771,14.3747,14.3747,15.8218
2025-04-10,467583,7644977,16.35,16.35,16.35,16.35,1.45,158,0.964741641337386,15.7735,15.7735,15.7735,15.7735
2025-04-11,1481551,24267990,15.6,17.0,15.2,16.75,0.4,827,0.964741641337386,15.05,16.1594,14.6641,16.4006
2025-04-14,1012882,17718807,17.05,17.9,17.05,17.45,0.7,636,0.964741641337386,16.4488,16.8347,16.4488,17.2689
2025-04-15,710600,12656004,17.7,17.95,17.6,17.75,0.3,407,0.964741641337386,17.0759,17.1242,16.9795,17.3171
2025-04-16,742062,12939164,17.95,17.95,17.1,17.2,-0.55,381,0.964741641337386,17.3171,16.5936,16.4971,17.3171
2025-04-17,388473,6649896,17.15,17.4,16.85,17.0,-0.2,290,0.964741641337386,16.5453,16.4006,16.2559,16.7865
2025-04-18,336705,5789609,17.1,17.35,16.95,17.35,0.35,218,0.964741641337386,16.4971,16.7383,16.3524,16.7383
2025-04-21,630804,10644793,17.2,17.3,16.65,16.75,-0.6,338,0.964741641337386,16.5936,16.1594,16.0629,16.69
2025-04-22,515278,8593641,16.55,17.1,16.5,16.7,-0.05,281,0.964741641337386,15.9665,16.1112,15.9182,16.4971
2025-04-23,712123,12175472,17.3,17.4,16.95,17.1,0.4,350,0.964741641337386,16.69,16.4971,16.3524,16.7865
2025-04-24,509852,8773789,17.3,17.45,17.0,17.2,0.1,256,0.964741641337386,16.69,16.5936,16.4006,16.8347
2025-04-25,560145,9764579,17.35,17.7,17.2,17.2,0.0,360,0.964741641337386,16.7383,16.5936,16.5936,17.0759
2025-04-28,356743,6202699,17.4,17.55,17.15,17.35,0.15,208,0.964741641337386,16.7865,16.7383,16.5453,16.9312
2025-04-29,606530,10681917,17.5,17.75,17.4,17.7,0.35,334,0.964741641337386,16.883,17.0759,16.7865,17.1242
2025-04-30,1057076,18763581,17.75,18.05,17.2,17.2,-0.5,493,0.964741641337386,17.1242,16.5936,16.5936,17.4136
2025-05-02,442478,7788036,17.45,17.75,17.45,17.55,0.35,249,0.964741641337386,16.8347,16.9312,16.8347,17.1242
2025-05-05,716627,12147995,17.6,17.7,16.6,16.75,-0.8,497,0.964741641337386,16.9795,16.1594,16.0147,17.0759
2025-05-06,149874,2529534,16.9,17.0,16.75,16.85,0.1,105,0.964741641337386,16.3041,16.2559,16.1594,16.4006
2025-05-07,107363,1807110,16.9,16.95,16.75,16.9,0.05,92,0.964741641337386,16.3041,16.3041,16.1594,16.3524
2025-05-08,410587,7115427,16.95,17.55,16.95,17.55,0.65,231,0.964741641337386,16.3524,16.9312,16.3524,16.9312
2025-05-09,200002,3481861,17.55,17.65,17.25,17.4,-0.15,143,0.964741641337386,16.9312,16.7865,16.6418,17.0277
2025-05-12,346387,6141689,17.45,17.95,17.45,17.8,0.4,222,0.964741641337386,16.8347,17.1724,16.8347,17.3171
2025-05-13,453679,8212909,18.25,18.5,17.75,17.75,-0.05,271,0.964741641337386,17.6065,17.1242,17.1242,17.8477
2025-05-14,440134,7955870,18.15,18.25,17.85,18.05,0.3,303,0.964741641337386,17.5101,17.4136,17.2206,17.6065
2025-05-15,1485754,25727384,17.75,17.75,17.1,17.2,-0.85,876,0.964741641337386,17.1242,16.5936,16.4971,17.1242
2025-05-16,396342,6788469,17.3,17.35,17.05,17.1,-0.1,318,0.964741641337386,16.69,16.4971,16.4488,16.7383
2025-05-19,327735,5549529,17.1,17.1,16.85,16.85,-0.25,247,0.964741641337386,16.4971,16.2559,16.2559,16.4971
2025-05-20,221443,3787451,17.05,17.2,17.05,17.1,0.25,129,0.964741641337386,16.4488,16.4971,16.4488,16.5936
2025-05-21,1658167,28891530,17.1,17.6,17.0,17.35,0.25,778,0.964741641337386,16.4971,16.7383,16.4006,16.9795
2025-05-22,552606,9442250,17.35,17.35,17.0,17.05,-0.3,263,0.964741641337386,16.7383,16.4488,16.4006,16.7383
2025-05-23,494735,8368654,17.2,17.25,16.45,16.9,-0.15,286,0.964741641337386,16.5936,16.3041,15.87,16.6418
2025-05-26,311674,5245353,16.95,16.95,16.75,16.8,-0.1,186,0.964741641337386,16.3524,16.2077,16.1594,16.3524
2025-05-27,288363,4826322,16.75,17.0,16.55,16.7,-0.1,208,0.964741641337386,16.1594,16.1112,15.9665,16.4006
2025-05-28,291972,4889957,16.8,17.0,16.6,16.65,-0.05,168,0.964741641337386,16.2077,16.0629,16.0147,16.4006
2025-05-29,445843,7437175,16.75,16.8,16.6,16.7,0.05,201,0.964741641337386,16.1594,16.1112,16.0147,16.2077
2025-06-02,408220,6646831,16.55,16.55,16.1,16.2,-0.5,205,0.964741641337386,15.9665,15.6288,15.5323,15.9665
2025-06-03,237871,3888104,16.25,16.5,16.1,16.5,0.3,166,0.964741641337386,15.6771,15.9182,15.5323,15.9182
2025-06-04,235304,3919833,16.7,16.75,16.55,16.6,0.1,151,0.964741641337386,16.1112,16.0147,15.9665,16.1594
2025-06-05,264178,4437331,16.75,16.95,16.65,16.7,0.1,151,0.964741641337386,16.1594,16.1112,16.0629,16.3524
2025-06-06,218333,3669685,16.7,17.0,16.7,16.7,0.0,126,0.964741641337386,16.1112,16.1112,16.1112,16.4006
2025-06-09,628915,10343504,16.9,16.9,16.4,16.4,-0.3,237,0.964741641337386,16.3041,15.8218,15.8218,16.3041
2025-06-10,207167,3461514,16.65,16.8,16.55,16.75,0.35,131,0.964741641337386,16.0629,16.1594,15.9665,16.2077
2025-06-11,235896,3960838,16.75,16.85,16.7,16.75,0.0,171,0.964741641337386,16.1594,16.1594,16.1112,16.2559
2025-06-12,313273,5275860,16.8,16.95,16.75,16.75,0.0,169,0.964741641337386,16.2077,16.1594,16.1594,16.3524
2025-06-13,459117,7611378,16.75,16.8,16.4,16.45,-0.3,220,0.964741641337386,16.1594,15.87,15.8218,16.2077
2025-06-16,285654,4705131,16.45,16.55,16.2,16.45,0.0,144,0.964741641337386,15.87,15.87,15.6288,15.9665
2025-06-17,221591,3580120,16.0,16.3,16.0,16.1,0.0,175,1.0,16.0,16.1,16.0,16.3
2025-06-18,138348,2240331,16.25,16.35,16.1,16.1,0.0,115,1.0,16.25,16.1,16.1,16.35
2025-06-19,296715,4718608,16.1,16.1,15.8,15.85,-0.25,186,1.0,16.1,15.85,15.8,16.1
2025-06-20,579239,9035198,15.85,15.85,15.5,15.55,-0.3,229,1.0,15.85,15.55,15.5,15.85
2025-06-23,404422,6133153,15.5,15.5,15.0,15.15,-0.4,176,1.0,15.5,15.15,15.0,15.5
2025-06-24,267927,4204679,15.45,15.85,15.35,15.65,0.5,171,1.0,15.45,15.65,15.35,15.85
2025-06-25,212407,3367659,15.85,16.1,15.7,15.75,0.1,137,1.0,15.85,15.75,15.7,16.1
2025-06-26,93061,1480041,15.95,16.05,15.8,15.8,0.05,106,1.0,15.95,15.8,15.8,16.05
2025-06-27,148080,2341300,15.85,15.9,15.7,15.75,-0.05,113,1.0,15.85,15.75,15.7,15.9
2025-06-30,185257,2916316,16.1,16.1,15.6,15.65,-0.1,94,1.0,16.1,15.65,15.6,16.1
2025-07-01,172464,2747347,15.85,16.05,15.75,15.85,0.2,113,1.0,15.85,15.85,15.75,16.05
2025-07-02,134821,2119399,15.85,15.85,15.65,15.65,-0.2,104,1.0,15.85,15.65,15.65,15.85
2025-07-03,116947,1852165,15.75,15.9,15.75,15.8,0.15,114,1.0,15.75,15.8,15.75,15.9
2025-07-04,235601,3662928,15.8,15.8,15.4,15.4,-0.4,184,1.0,15.8,15.4,15.4,15.8
2025-07-07,233471,3544406,15.4,15.4,15.1,15.2,-0.2,155,1.0,15.4,15.2,15.1,15.4
2025-07-08,367588,5533965,15.2,15.35,14.9,15.1,-0.1,237,1.0,15.2,15.1,14.9,15.35
2025-07-09,166431,2518845,15.05,15.25,15.05,15.15,0.05,114,1.0,15.05,15.15,15.05,15.25
2025-07-10,155015,2340477,15.15,15.2,15.05,15.1,-0.05,121,1.0,15.15,15.1,15.05,15.2
2025-07-11,312505,4847848,15.0,15.75,15.0,15.4,0.3,235,1.0,15.0,15.4,15.0,15.75
2025-07-14,371829,5726498,15.4,15.65,15.2,15.25,-0.15,185,1.0,15.4,15.25,15.2,15.65
2025-07-15,169084,2596780,15.3,15.45,15.25,15.25,0.0,127,1.0,15.3,15.25,15.25,15.45
2025-07-16,332312,5095923,15.25,15.6,15.2,15.2,-0.05,199,1.0,15.25,15.2,15.2,15.6
2025-07-17,346253,5336097,15.3,15.55,15.3,15.35,0.15,182,1.0,15.3,15.35,15.3,15.55
2025-07-18,318605,4929670,15.65,15.85,15.3,15.3,-0.05,199,1.0,15.65,15.3,15.3,15.85
2025-07-21,234455,3601135,15.5,15.5,15.3,15.35,0.05,110,1.0,15.5,15.35,15.3,15.5
2025-07-22,420960,6373362,15.45,15.55,15.0,15.0,-0.35,217,1.0,15.45,15.0,15.0,15.55
2025-07-23,238725,3657259,15.2,15.4,15.05,15.35,0.35,157,1.0,15.2,15.35,15.05,15.4
2025-07-24,118180,1829209,15.45,15.6,15.3,15.4,0.05,116,1.0,15.45,15.4,15.3,15.6
2025-07-25,174531,2712805,15.5,15.6,15.4,15.5,0.1,129,1.0,15.5,15.5,15.4,15.6
2025-07-28,279079,4343469,15.7,15.7,15.5,15.55,0.05,128,1.0,15.7,15.55,15.5,15.7
2025-07-29,253407,3914299,15.5,15.65,15.3,15.35,-0.2,135,1.0,15.5,15.35,15.3,15.65
2025-07-30,186858,2849330,15.35,15.35,15.15,15.35,0.0,111,1.0,15.35,15.35,15.15,15.35
2025-07-31,223043,3415727,15.35,15.45,15.2,15.35,0.0,118,1.0,15.35,15.35,15.2,15.45
2025-08-01,355700,5409150,15.3,15.45,14.8,15.45,0.1,187,1.0,15.3,15.45,14.8,15.45
2025-08-04,368685,5757428,15.35,15.95,15.05,15.7,0.25,224,1.0,15.35,15.7,15.05,15.95
2025-08-05,299910,4782629,15.75,16.15,15.7,16.05,0.35,212,1.0,15.75,16.05,15.7,16.15
2025-08-06,184712,2966275,16.0,16.25,15.95,16.0,-0.05,123,1.0,16.0,16.0,15.95,16.25
2025-08-07,635372,10155455,16.0,16.2,15.75,15.8,-0.2,276,1.0,16.0,15.8,15.75,16.2
2025-08-08,297327,4806368,15.9,16.35,15.9,16.0,0.2,223,1.0,15.9,16.0,15.9,16.35
2025-08-11,197702,3146480,16.2,16.2,15.85,15.85,-0.15,135,1.0,16.2,15.85,15.85,16.2
2025-08-12,179498,2880979,16.1,16.15,16.0,16.0,0.15,111,1.0,16.1,16.0,16.0,16.15
2025-08-13,509204,8313737,16.15,16.6,16.05,16.05,0.05,311,1.0,16.15,16.05,16.05,16.6
2025-08-14,380599,6115601,16.05,16.15,16.0,16.1,0.05,191,1.0,16.05,16.1,16.0,16.15
2025-08-15,539999,8644399,16.1,16.15,15.8,16.05,-0.05,257,1.0,16.1,16.05,15.8,16.15
2025-08-18,446624,7231392,16.0,16.4,16.0,16.15,0.1,280,1.0,16.0,16.15,16.0,16.4
2025-08-19,473417,7517588,16.05,16.2,15.6,15.65,-0.5,316,1.0,16.05,15.65,15.6,16.2
2025-08-20,416334,6597829,15.8,16.1,15.7,15.7,0.05,226,1.0,15.8,15.7,15.7,16.1
2025-08-21,824016,13087545,15.6,16.15,15.5,16.0,0.3,381,1.0,15.6,16.0,15.5,16.15
2025-08-22,197976,3164031,16.0,16.2,15.9,15.9,-0.1,112,1.0,16.0,15.9,15.9,16.2
2025-08-25,608496,9840125,16.25,16.35,15.75,16.1,0.2,254,1.0,16.25,16.1,15.75,16.35
2025-08-26,292044,4710654,16.25,16.35,16.05,16.05,-0.05,120,1.0,16.25,16.05,16.05,16.35
2025-08-27,293152,4728603,16.05,16.25,16.05,16.1,0.05,138,1.0,16.05,16.1,16.05,16.25
2025-08-28,397206,6512510,16.1,16.6,16.1,16.3,0.2,261,1.0,16.1,16.3,16.1,16.6
2025-08-29,232491,3782244,16.55,16.55,16.2,16.2,-0.1,137,1.0,16.55,16.2,16.2,16.55
2025-09-01,381268,6115235,16.35,16.35,15.9,15.95,-0.25,159,1.0,16.35,15.95,15.9,16.35
2025-09-02,211465,3377639,15.95,16.2,15.8,16.0,0.05,139,1.0,15.95,16.0,15.8,16.2
2025-09-03,786928,13023350,16.05,16.8,16.05,16.6,0.6,395,1.0,16.05,16.6,16.05,16.8
2025-09-04,479632,7987235,16.85,16.95,16.35,16.35,-0.25,263,1.0,16.85,16.35,16.35,16.95
2025-09-05,204038,3353071,16.7,16.7,16.25,16.5,0.15,115,1.0,16.7,16.5,16.25,16.7
2025-09-08,169825,2796888,16.5,16.65,16.3,16.3,-0.2,126,1.0,16.5,16.3,16.3,16.65
2025-09-09,383575,6195387,16.35,16.35,16.05,16.05,-0.25,193,1.0,16.35,16.05,16.05,16.35
2025-09-10,203996,3270535,16.1,16.1,15.95,16.1,0.05,124,1.0,16.1,16.1,15.95,16.1
2025-09-11,385513,6259974,16.3,16.4,16.05,16.1,0.0,222,1.0,16.3,16.1,16.05,16.4
2025-09-12,404419,6634068,16.25,16.65,16.25,16.25,0.15,293,1.0,16.25,16.25,16.25,16.65
2025-09-15,209807,3439230,16.25,16.55,16.25,16.4,0.15,157,1.0,16.25,16.4,16.25,16.55
2025-09-16,420416,6938098,16.6,16.6,16.4,16.5,0.1,161,1.0,16.6,16.5,16.4,16.6
2025-09-17,2909624,52101005,16.65,18.15,16.55,18.15,1.65,1452,1.0,16.65,18.15,16.55,18.15
2025-09-18,7658750,142104566,18.4,19.25,18.15,18.2,0.05,3780,1.0,18.4,18.2,18.15,19.25
2025-09-19,2136720,37913596,18.1,18.15,17.5,17.6,-0.6,1065,1.0,18.1,17.6,17.5,18.15
2025-09-22,3569472,64636407,17.7,18.85,17.4,18.25,0.65,1892,1.0,17.7,18.25,17.4,18.85
2025-09-23,1335869,23793302,18.2,18.2,17.55,17.8,-0.45,834,1.0,18.2,17.8,17.55,18.2
2025-09-24,842040,14801671,17.9,17.95,17.45,17.45,-0.35,402,1.0,17.9,17.45,17.45,17.95
2025-09-25,406247,7146645,17.5,17.75,17.45,17.5,0.05,241,1.0,17.5,17.5,17.45,17.75
2025-09-26,512835,8846440,17.7,17.7,17.0,17.0,-0.5,323,1.0,17.7,17.0,17.0,17.7
2025-09-30,409628,7056838,17.1,17.4,17.1,17.35,0.35,258,1.0,17.1,17.35,17.1,17.4
2025-10-01,251258,4346200,17.35,17.55,17.15,17.2,-0.15,182,1.0,17.35,17.2,17.15,17.55
2025-10-02,310347,5354654,17.3,17.45,17.05,17.05,-0.15,183,1.0,17.3,17.05,17.05,17.45
2025-10-03,271876,4667858,17.2,17.3,17.05,17.05,0.0,172,1.0,17.2,17.05,17.05,17.3
2025-10-07,657246,11542495,17.15,17.8,17.1,17.5,0.45,370,1.0,17.15,17.5,17.1,17.8
2025-10-08,266563,4646119,17.35,17.6,17.25,17.45,-0.05,185,1.0,17.35,17.45,17.25,17.6
2025-10-09,397036,6946284,17.7,17.7,17.4,17.4,-0.05,229,1.0,17.7,17.4,17.4,17.7
2025-10-13,565076,9616003,16.95,17.3,16.75,17.3,-0.1,324,1.0,16.95,17.3,16.75,17.3
2025-10-14,1154577,20530397,17.55,18.15,17.35,17.35,0.05,675,1.0,17.55,17.35,17.35,18.15
2025-10-15,6141085,113998748,17.7,19.05,17.55,18.95,1.6,4165,1.0,17.7,18.95,17.55,19.05
2025-10-16,3585586,66239873,18.55,19.05,18.15,18.3,-0.65,1870,1.0,18.55,18.3,18.15,19.05
2025-10-17,992584,17983790,18.2,18.5,17.9,17.9,-0.4,627,1.0,18.2,17.9,17.9,18.5
2025-10-20,6976667,134512932,17.95,19.65,17.95,19.65,1.75,3248,1.0,17.95,19.65,17.95,19.65
2025-10-21,12085001,244903447,19.75,21.3,19.5,20.15,0.5,6724,1.0,19.75,20.15,19.5,21.3
2025-10-22,3964931,79264082,20.15,20.25,19.7,20.15,0.0,2001,1.0,20.15,20.15,19.7,20.25
2025-10-23,3223042,64712292,20.0,20.75,19.7,19.7,-0.45,1802,1.0,20.0,19.7,19.7,20.75
2025-10-27,1711003,33839709,20.0,20.1,19.6,19.95,0.25,1070,1.0,20.0,19.95,19.6,20.1
2025-10-28,1647145,32269376,19.8,19.9,19.35,19.4,-0.55,945,1.0,19.8,19.4,19.35,19.9
2025-10-29,11123020,230770937,19.55,21.3,19.55,19.85,0.45,5514,1.0,19.55,19.85,19.55,21.3
2025-10-30,2345654,46199951,20.0,20.3,19.25,19.65,-0.2,1419,1.0,20.0,19.65,19.25,20.3
2025-10-31,1450091,27685074,19.5,19.5,18.85,18.85,-0.8,925,1.0,19.5,18.85,18.85,19.5
2025-11-03,927164,17505103,19.0,19.2,18.6,19.05,0.2,562,1.0,19.0,19.05,18.6,19.2
2025-11-04,980594,18274213,19.4,19.4,18.3,18.35,-0.7,586,1.0,19.4,18.35,18.3,19.4
2025-11-05,721063,13128337,18.3,18.65,17.9,18.65,0.3,452,1.0,18.3,18.65,17.9,18.65
2025-11-06,540274,10170344,18.65,19.0,18.65,18.85,0.2,337,1.0,18.65,18.85,18.65,19.0
2025-11-07,516152,9466145,18.6,18.65,18.15,18.25,-0.6,285,1.0,18.6,18.25,18.15,18.65
2025-11-10,497138,9141236,18.05,18.6,18.0,18.45,0.2,315,1.0,18.05,18.45,18.0,18.6
2025-11-11,852589,16090852,18.6,19.1,18.6,18.75,0.3,493,1.0,18.6,18.75,18.6,19.1
2025-11-12,929256,17775549,18.95,19.25,18.85,19.1,0.35,541,1.0,18.95,19.1,18.85,19.25
2025-11-13,1350943,26122470,19.35,19.8,19.0,19.05,-0.05,719,1.0,19.35,19.05,19.0,19.8
2025-11-14,1525111,29611492,19.05,19.65,18.9,19.15,0.1,778,1.0,19.05,19.15,18.9,19.65
2025-11-17,1015024,19641382,19.35,19.75,19.0,19.1,-0.05,648,1.0,19.35,19.1,19.0,19.75
2025-11-18,656316,12368639,19.0,19.3,18.65,18.65,-0.45,389,1.0,19.0,18.65,18.65,19.3
2025-11-19,428200,7915222,18.65,18.8,18.2,18.25,-0.4,280,1.0,18.65,18.25,18.2,18.8
2025-11-20,586812,10909947,18.6,18.9,18.3,18.6,0.35,295,1.0,18.6,18.6,18.3,18.9
2025-11-21,549611,9911672,18.05,18.35,17.85,17.95,-0.65,341,1.0,18.05,17.95,17.85,18.35
2025-11-24,253286,4582364,18.1,18.3,17.9,18.0,0.05,191,1.0,18.1,18.0,17.9,18.3
2025-11-25,630558,11808588,18.1,19.15,18.1,18.95,0.95,358,1.0,18.1,18.95,18.1,19.15
2025-11-26,576568,11042893,19.1,19.55,18.85,18.85,-0.1,405,1.0,19.1,18.85,18.85,19.55
2025-11-27,293429,5567662,19.0,19.35,18.7,19.05,0.2,224,1.0,19.0,19.05,18.7,19.35
2025-11-28,482151,9216926,19.2,19.4,19.0,19.0,-0.05,293,1.0,19.2,19.0,19.0,19.4
2025-12-01,234618,4456393,19.2,19.25,18.85,18.85,-0.15,174,1.0,19.2,18.85,18.85,19.25
2025-12-02,327653,6162460,18.9,19.05,18.6,18.6,-0.25,184,1.0,18.9,18.6,18.6,19.05
2025-12-03,212275,3989030,18.7,18.9,18.7,18.8,0.2,130,1.0,18.7,18.8,18.7,18.9
2025-12-04,376790,7154194,18.75,19.2,18.75,19.0,0.2,220,1.0,18.75,19.0,18.75,19.2
2025-12-05,452134,8600467,19.25,19.25,18.85,18.85,-0.15,280,1.0,19.25,18.85,18.85,19.25
2025-12-08,433483,8245943,18.85,19.15,18.85,19.15,0.3,264,1.0,18.85,19.15,18.85,19.15
2025-12-09,524426,9971629,19.25,19.3,18.85,18.85,-0.3,425,1.0,19.25,18.85,18.85,19.3
2025-12-10,397340,7461335,18.95,19.0,18.55,18.55,-0.3,275,1.0,18.95,18.55,18.55,19.0
2025-12-11,1247346,22225381,18.2,18.2,17.6,17.7,-0.85,718,1.0,18.2,17.7,17.6,18.2
2025-12-12,654380,11563494,17.75,17.9,17.5,17.7,0.0,302,1.0,17.75,17.7,17.5,17.9
2025-12-15,335834,5917146,17.65,17.85,17.3,17.7,0.0,208,1.0,17.65,17.7,17.3,17.85
2025-12-16,279706,4891523,17.55,17.8,17.3,17.45,-0.25,229,1.0,17.55,17.45,17.3,17.8
2025-12-17,206874,3659801,17.6,17.85,17.55,17.55,0.1,152,1.0,17.6,17.55,17.55,17.85
2025-12-18,263573,4617742,17.55,17.7,17.4,17.45,-0.1,171,1.0,17.55,17.45,17.4,17.7
2025-12-19,181100,3166629,17.5,17.65,17.35,17.45,0.0,166,1.0,17.5,17.45,17.35,17.65
2025-12-22,424546,7530041,17.65,17.9,17.5,17.7,0.25,261,1.0,17.65,17.7,17.5,17.9
2025-12-23,207499,3653387,17.8,17.8,17.5,17.55,-0.15,182,1.0,17.8,17.55,17.5,17.8
2025-12-24,269634,4724427,17.6,17.65,17.4,17.4,-0.15,151,1.0,17.6,17.4,17.4,17.65
2025-12-26,257354,4494563,17.45,17.55,17.4,17.4,0.0,162,1.0,17.45,17.4,17.4,17.55
2025-12-29,327711,5813246,17.45,17.85,17.45,17.7,0.3,196,1.0,17.45,17.7,17.45,17.85
2025-12-30,184738,3242358,17.7,17.7,17.45,17.55,-0.15,125,1.0,17.7,17.55,17.45,17.7
2025-12-31,519251,9117840,17.8,17.85,17.35,17.6,0.05,282,1.0,17.8,17.6,17.35,17.85
2026-01-02,245457,4360755,17.6,17.9,17.6,17.65,0.05,161,1.0,17.6,17.65,17.6,17.9
2026-01-05,460210,8072274,17.7,17.95,17.35,17.35,-0.3,296,1.0,17.7,17.35,17.35,17.95
2026-01-06,1206190,21521240,17.35,18.2,17.35,18.05,0.7,541,1.0,17.35,18.05,17.35,18.2
2026-01-07,1130671,20945676,18.25,18.8,18.25,18.4,0.35,601,1.0,18.25,18.4,18.25,18.8
2026-01-08,631397,11356593,18.6,18.6,17.6,17.7,-0.7,430,1.0,18.6,17.7,17.6,18.6
2026-01-09,340153,6004382,17.9,17.9,17.45,17.7,0.0,209,1.0,17.9,17.7,17.45,17.9
2026-01-12,720839,13248346,17.9,18.65,17.9,18.05,0.35,440,1.0,17.9,18.05,17.9,18.65
2026-01-13,802107,14744051,18.5,18.55,18.2,18.35,0.3,461,1.0,18.5,18.35,18.2,18.55
2026-01-14,1223782,22932486,18.4,18.9,18.4,18.7,0.35,595,1.0,18.4,18.7,18.4,18.9
2026-01-15,521654,9761534,19.0,19.0,18.5,18.7,0.0,327,1.0,19.0,18.7,18.5,19.0
2026-01-16,1451117,27611090,18.8,19.3,18.75,19.1,0.4,669,1.0,18.8,19.1,18.75,19.3
2026-01-19,3809873,77664387,19.3,21.0,19.3,20.5,1.4,3777,1.0,19.3,20.5,19.3,21.0
2026-01-20,2198196,44679776,20.05,20.85,19.9,20.05,-0.45,1314,1.0,20.05,20.05,19.9,20.85
2026-01-21,7441906,159331807,20.3,22.0,19.95,21.35,1.3,3910,1.0,20.3,21.35,19.95,22.0
2026-01-22,4870330,103297778,21.1,22.1,20.55,20.9,-0.45,2627,1.0,21.1,20.9,20.55,22.1
2026-01-23,4105547,88534809,22.0,22.65,21.0,21.15,0.25,2142,1.0,22.0,21.15,21.0,22.65
2026-01-26,2088389,43032257,20.95,20.95,20.3,20.8,-0.35,1140,1.0,20.95,20.8,20.3,20.95
2026-01-27,4902036,105294962,21.0,22.2,20.45,21.2,0.4,2480,1.0,21.0,21.2,20.45,22.2
2026-01-28,1772071,37230504,21.2,21.5,20.75,20.75,-0.45,982,1.0,21.2,20.75,20.75,21.5
2026-01-29,1293502,26428483,20.65,20.75,20.05,20.45,-0.3,670,1.0,20.65,20.45,20.05,20.75
2026-01-30,1276929,25088263,20.45,20.45,19.1,19.6,-0.85,718,1.0,20.45,19.6,19.1,20.45
2026-02-02,920881,17508073,19.3,19.35,18.75,18.85,-0.75,488,1.0,19.3,18.85,18.75,19.35
2026-02-03,423925,8084351,19.2,19.4,18.85,19.05,0.2,304,1.0,19.2,19.05,18.85,19.4
2026-02-04,412966,7933630,19.0,19.45,19.0,19.25,0.2,278,1.0,19.0,19.25,19.0,19.45
2026-02-05,407584,7845943,19.2,19.6,19.0,19.15,-0.1,241,1.0,19.2,19.15,19.0,19.6
2026-02-06,825095,15256201,18.8,18.8,18.25,18.4,-0.75,452,1.0,18.8,18.4,18.25,18.8
2026-02-09,518230,9680405,18.65,18.85,18.5,18.6,0.2,349,1.0,18.65,18.6,18.5,18.85
2026-02-10,331403,6162523,18.65,18.8,18.45,18.5,-0.1,216,1.0,18.65,18.5,18.45,18.8
2026-02-11,916822,16607786,18.4,18.4,17.9,18.05,-0.45,511,1.0,18.4,18.05,17.9,18.4
2026-02-23,599863,11036236,18.15,18.6,18.1,18.35,0.3,362,1.0,18.15,18.35,18.1,18.6
2026-02-24,456263,8509797,18.4,18.85,18.4,18.6,0.25,334,1.0,18.4,18.6,18.4,18.85
2026-02-25,928304,17505618,18.7,19.3,18.55,18.65,0.05,453,1.0,18.7,18.65,18.55,19.3
2026-02-26,1327998,25551226,18.8,19.7,18.8,19.05,0.4,695,1.0,18.8,19.05,18.8,19.7
2026-03-02,545892,10196206,18.8,19.0,18.25,18.65,-0.4,369,1.0,18.8,18.65,18.25,19.0
2026-03-03,651798,11964622,18.65,18.95,18.15,18.15,-0.5,379,1.0,18.65,18.15,18.15,18.95
2026-03-04,1276050,21842585,17.9,17.9,16.8,16.8,-1.35,706,1.0,17.9,16.8,16.8,17.9
2026-03-05,675776,11779514,17.3,17.6,17.3,17.45,0.65,299,1.0,17.3,17.45,17.3,17.6
2026-03-06,673844,12017394,17.5,18.45,17.35,18.4,0.95,327,1.0,17.5,18.4,17.35,18.45
2026-03-09,961729,16256642,17.5,17.5,16.65,16.9,-1.5,540,1.0,17.5,16.9,16.65,17.5
2026-03-10,423958,7371662,17.55,17.65,17.15,17.2,0.3,251,1.0,17.55,17.2,17.15,17.65
2026-03-11,1930385,35988334,17.8,18.9,17.8,18.9,1.7,1197,1.0,17.8,18.9,17.8,18.9
2026-03-12,1836561,34602439,19.1,19.15,18.45,18.6,-0.3,925,1.0,19.1,18.6,18.45,19.15
2026-03-13,799778,14789329,18.3,18.7,18.2,18.5,-0.1,409,1.0,18.3,18.5,18.2,18.7
2026-03-16,843756,16011970,18.85,19.5,18.7,18.75,0.25,531,1.0,18.85,18.75,18.7,19.5
2026-03-17,1280113,24797665,19.0,19.65,19.0,19.2,0.45,693,1.0,19.0,19.2,19.0,19.65
2026-03-18,863481,16716051,19.5,19.8,19.05,19.05,-0.15,479,1.0,19.5,19.05,19.05,19.8
2026-03-19,532302,10160425,18.8,19.3,18.8,19.15,0.1,311,1.0,18.8,19.15,18.8,19.3
2026-03-20,615992,11739321,19.15,19.55,18.8,18.85,-0.3,387,1.0,19.15,18.85,18.8,19.55
2026-03-23,674809,12467410,18.5,18.85,18.3,18.3,-0.55,317,1.0,18.5,18.3,18.3,18.85
2026-03-24,512238,9521666,18.7,19.0,18.3,18.4,0.1,301,1.0,18.7,18.4,18.3,19.0
2026-03-25,352675,6622197,18.8,19.05,18.7,18.7,0.3,213,1.0,18.8,18.7,18.7,19.05
2026-03-26,866835,16393904,18.7,19.4,18.65,18.65,-0.05,424,1.0,18.7,18.65,18.65,19.4
2026-03-27,504642,9183568,18.35,18.4,18.0,18.2,-0.45,276,1.0,18.35,18.2,18.0,18.4
2026-03-30,396645,7049837,17.95,17.95,17.6,17.8,-0.4,316,1.0,17.95,17.8,17.6,17.95
2026-03-31,482545,8416884,17.7,17.95,17.15,17.2,-0.6,321,1.0,17.7,17.2,17.15,17.95
2026-04-01,236371,4189214,17.7,17.85,17.6,17.7,0.5,156,1.0,17.7,17.7,17.6,17.85
2026-04-02,243354,4282619,17.85,17.95,17.4,17.4,-0.3,197,1.0,17.85,17.4,17.4,17.95
2026-04-07,515389,9134697,17.5,18.0,17.4,17.7,0.3,279,1.0,17.5,17.7,17.4,18.0
2026-04-08,399371,7253115,18.0,18.3,17.95,18.1,0.4,252,1.0,18.0,18.1,17.95,18.3
2026-04-09,353051,6349188,18.15,18.15,17.85,18.15,0.05,185,1.0,18.15,18.15,17.85,18.15
2026-04-10,340343,6162920,18.15,18.3,18.0,18.0,-0.15,206,1.0,18.15,18.0,18.0,18.3
2026-04-13,349487,6319543,17.95,18.35,17.85,18.0,0.0,241,1.0,17.95,18.0,17.85,18.35
2026-04-14,372671,6793472,18.2,18.4,18.15,18.15,0.15,247,1.0,18.2,18.15,18.15,18.4
2026-04-15,786910,14435457,18.35,18.7,18.05,18.05,-0.1,421,1.0,18.35,18.05,18.05,18.7
2026-04-16,574827,10584376,18.25,18.6,18.25,18.3,0.25,334,1.0,18.25,18.3,18.25,18.6
2026-04-17,3413513,65707396,18.4,19.65,18.3,19.4,1.1,1809,1.0,18.4,19.4,18.3,19.65
2026-04-20,1712892,33131475,19.5,20.0,18.9,18.9,-0.5,1099,1.0,19.5,18.9,18.9,20.0
2026-04-21,1403214,27037917,19.1,19.6,18.5,19.35,0.45,760,1.0,19.1,19.35,18.5,19.6
2026-04-22,755052,14711666,19.55,19.8,19.3,19.4,0.05,498,1.0,19.55,19.4,19.3,19.8
2026-04-23,1171694,22196978,19.7,19.9,18.1,18.4,-1.0,718,1.0,19.7,18.4,18.1,19.9
2026-04-24,756590,13819942,18.4,18.85,17.95,17.95,-0.45,439,1.0,18.4,17.95,17.95,18.85
2026-04-27,1339061,23878632,18.5,18.75,17.15,18.05,0.1,580,1.0,18.5,18.05,17.15,18.75
2026-04-28,375235,6890905,18.2,18.55,18.1,18.5,0.45,238,1.0,18.2,18.5,18.1,18.55
2026-04-29,693131,12924963,18.5,19.15,18.1,18.65,0.15,401,1.0,18.5,18.65,18.1,19.15
2026-04-30,559552,10506663,18.8,19.05,18.6,18.7,0.05,308,1.0,18.8,18.7,18.6,19.05
2026-05-04,2787069,55526015,18.8,20.5,18.7,19.55,0.85,1573,1.0,18.8,19.55,18.7,20.5
2026-05-05,5177919,104447206,19.15,20.6,19.15,20.3,0.75,2342,1.0,19.15,20.3,19.15,20.6
2026-05-06,2311132,46434395,20.5,20.6,19.75,19.85,-0.45,1303,1.0,20.5,19.85,19.75,20.6
2026-05-07,2387951,48521348,20.1,20.65,19.9,20.15,0.3,1145,1.0,20.1,20.15,19.9,20.65
2026-05-08,1144345,22585527,20.15,20.35,19.1,19.55,-0.6,694,1.0,20.15,19.55,19.1,20.35
2026-05-11,4993779,104737859,20.0,21.5,19.95,21.5,1.95,2417,1.0,20.0,21.5,19.95,21.5
2026-05-12,3781777,89438978,23.65,23.65,23.65,23.65,2.15,954,1.0,23.65,23.65,23.65,23.65
