Date,Capacity,Turnover,Open,High,Low,Close,Change,Transaction,AdjFactor,Open_adj,Close_adj,Low_adj,High_adj
2020-05-04,4201082,43788116,10.0,10.9,9.83,10.1,0.1,1741,0.9097263390087544,9.0973,9.1882,8.9426,9.916
2020-05-05,1095252,11192556,10.25,10.45,10.05,10.15,0.05,520,0.9097263390087544,9.3247,9.2337,9.1427,9.5066
2020-05-06,1358683,13873984,10.2,10.4,10.0,10.4,0.25,514,0.9097263390087544,9.2792,9.4612,9.0973,9.4612
2020-05-07,1973000,20348650,10.4,10.5,10.15,10.15,-0.25,631,0.9097263390087544,9.4612,9.2337,9.2337,9.5521
2020-05-08,4603475,48959739,10.5,10.95,10.25,10.4,0.25,1691,0.9097263390087544,9.5521,9.4612,9.3247,9.9615
2020-05-11,1407632,14383882,10.25,10.4,10.1,10.2,-0.2,551,0.9097263390087544,9.3247,9.2792,9.1882,9.4612
2020-05-12,1117754,11156122,10.05,10.1,9.91,9.92,-0.28,438,0.9097263390087544,9.1427,9.0245,9.0154,9.1882
2020-05-13,917336,9268440,9.92,10.25,9.87,10.05,0.13,417,0.9097263390087544,9.0245,9.1427,8.979,9.3247
2020-05-14,1216001,12229359,10.2,10.3,9.81,9.81,-0.24,496,0.9097263390087544,9.2792,8.9244,8.9244,9.3702
2020-05-15,673000,6620150,10.0,10.1,9.7,9.7,-0.11,318,0.9097263390087544,9.0973,8.8243,8.8243,9.1882
2020-05-18,795341,7888401,9.98,10.05,9.72,9.92,0.22,350,0.9097263390087544,9.0791,9.0245,8.8425,9.1427
2020-05-19,600060,5958225,10.15,10.15,9.85,9.89,-0.03,236,0.9097263390087544,9.2337,8.9972,8.9608,9.2337
2020-05-20,404587,4027080,9.9,10.05,9.87,9.95,0.06,183,0.9097263390087544,9.0063,9.0518,8.979,9.1427
2020-05-21,790040,7885450,9.98,10.1,9.9,9.96,0.01,281,0.9097263390087544,9.0791,9.0609,9.0063,9.1882
2020-05-22,572001,5599349,9.97,9.97,9.66,9.68,-0.28,266,0.9097263390087544,9.07,8.8062,8.788,9.07
2020-05-25,466150,4425342,9.7,9.7,9.41,9.46,-0.22,248,0.9097263390087544,8.8243,8.606,8.5605,8.8243
2020-05-26,768270,7349552,9.47,9.65,9.47,9.48,0.02,271,0.9097263390087544,8.6151,8.6242,8.6151,8.7789
2020-05-27,472629,4534494,9.5,9.67,9.5,9.57,0.09,264,0.9097263390087544,8.6424,8.7061,8.6424,8.7971
2020-05-28,449100,4320464,9.65,9.77,9.47,9.55,-0.02,240,0.9097263390087544,8.7789,8.6879,8.6151,8.888
2020-05-29,4686025,47238517,9.67,10.5,9.64,9.94,0.39,1784,0.9097263390087544,8.7971,9.0427,8.7698,9.5521
2020-06-01,736971,7327461,10.0,10.05,9.87,10.0,0.06,332,0.9097263390087544,9.0973,9.0973,8.979,9.1427
2020-06-02,5263001,54882660,10.35,10.75,10.1,10.1,0.1,1962,0.9097263390087544,9.4157,9.1882,9.1882,9.7796
2020-06-03,673163,6790996,10.05,10.15,10.05,10.15,0.05,327,0.9097263390087544,9.1427,9.2337,9.1427,9.2337
2020-06-04,620020,6253001,10.15,10.25,10.0,10.05,-0.1,242,0.9097263390087544,9.2337,9.1427,9.0973,9.3247
2020-06-05,881660,8969416,10.15,10.25,10.05,10.1,0.05,378,0.9097263390087544,9.2337,9.1882,9.1427,9.3247
2020-06-08,637505,6395850,10.2,10.2,9.98,10.0,-0.1,266,0.9097263390087544,9.2792,9.0973,9.0791,9.2792
2020-06-09,1110040,11169419,9.95,10.2,9.95,10.0,0.0,319,0.9097263390087544,9.0518,9.0973,9.0518,9.2792
2020-06-10,308175,3076439,10.0,10.05,9.95,9.95,-0.05,159,0.9097263390087544,9.0973,9.0518,9.0518,9.1427
2020-06-11,1784001,17921089,10.1,10.3,9.6,9.64,-0.31,652,0.9097263390087544,9.1882,8.7698,8.7334,9.3702
2020-06-12,721300,6764622,9.47,9.5,9.25,9.5,-0.14,304,0.9097263390087544,8.6151,8.6424,8.415,8.6424
2020-06-15,339230,3204975,9.5,9.55,9.34,9.41,-0.09,187,0.9097263390087544,8.6424,8.5605,8.4968,8.6879
2020-06-16,544061,5239483,9.44,9.87,9.44,9.68,0.27,264,0.9097263390087544,8.5878,8.8062,8.5878,8.979
2020-06-17,317000,3081850,9.8,9.8,9.69,9.72,0.04,161,0.9097263390087544,8.9153,8.8425,8.8152,8.9153
2020-06-18,352080,3452778,9.74,9.88,9.67,9.88,0.16,171,0.9097263390087544,8.8607,8.9881,8.7971,8.9881
2020-06-19,606000,6002000,9.85,9.99,9.85,9.88,0.0,242,0.9097263390087544,8.9608,8.9881,8.9608,9.0882
2020-06-22,1046001,10399059,9.88,10.0,9.82,9.92,0.04,320,0.9097263390087544,8.9881,9.0245,8.9335,9.0973
2020-06-23,412000,4079870,9.98,10.0,9.8,9.82,-0.1,192,0.9097263390087544,9.0791,8.9335,8.9153,9.0973
2020-06-24,226640,2224324,9.85,9.89,9.77,9.79,-0.03,95,0.9097263390087544,8.9608,8.9062,8.888,8.9972
2020-06-29,439001,4235089,9.79,9.79,9.53,9.6,-0.19,193,0.9097263390087544,8.9062,8.7334,8.6697,8.9062
2020-06-30,536347,5187805,9.67,9.79,9.53,9.72,0.12,118,0.9097263390087544,8.7971,8.8425,8.6697,8.9062
2020-07-01,8917353,91416592,9.73,10.4,9.72,10.05,0.33,1414,0.9097263390087544,8.8516,9.1427,8.8425,9.4612
2020-07-02,846270,8460620,10.1,10.15,9.93,10.05,0.0,333,0.9097263390087544,9.1882,9.1427,9.0336,9.2337
2020-07-03,544670,5444394,10.05,10.05,9.95,9.96,-0.09,209,0.9097263390087544,9.1427,9.0609,9.0518,9.1427
2020-07-06,1209000,12124390,9.98,10.15,9.96,10.0,0.04,429,0.9097263390087544,9.0791,9.0973,9.0609,9.2337
2020-07-07,1421368,14334716,10.2,10.2,10.0,10.2,0.2,494,0.9097263390087544,9.2792,9.2792,9.0973,9.2792
2020-07-08,800587,8113378,10.2,10.25,10.05,10.15,-0.05,298,0.9097263390087544,9.2792,9.2337,9.1427,9.3247
2020-07-09,1115750,11301504,10.2,10.3,10.0,10.0,-0.15,379,0.9097263390087544,9.2792,9.0973,9.0973,9.3702
2020-07-10,902285,8914650,10.05,10.05,9.72,9.87,-0.13,369,0.9097263390087544,9.1427,8.979,8.8425,9.1427
2020-07-13,2919026,29683710,10.05,10.3,10.0,10.1,0.23,724,0.9097263390087544,9.1427,9.1882,9.0973,9.3702
2020-07-14,1372643,13810390,10.05,10.15,9.99,10.1,0.0,405,0.9097263390087544,9.1427,9.1882,9.0882,9.2337
2020-07-15,7377239,75851101,10.15,10.5,9.91,10.0,-0.1,1197,0.9097263390087544,9.2337,9.0973,9.0154,9.5521
2020-07-16,714047,7097953,9.93,10.05,9.86,9.87,-0.13,326,0.9097263390087544,9.0336,8.979,8.9699,9.1427
2020-07-17,1134503,10957127,9.89,9.9,9.52,9.57,-0.3,437,0.9097263390087544,8.9972,8.7061,8.6606,9.0063
2020-07-20,247336,2352379,9.57,9.68,9.41,9.57,0.0,135,0.9097263390087544,8.7061,8.7061,8.5605,8.8062
2020-07-21,656127,6316318,9.57,9.74,9.55,9.6,0.03,292,0.9097263390087544,8.7061,8.7334,8.6879,8.8607
2020-07-22,707740,6891297,9.72,9.9,9.63,9.74,0.14,294,0.9097263390087544,8.8425,8.8607,8.7607,9.0063
2020-07-23,569402,5519810,9.8,9.84,9.59,9.63,-0.11,263,0.9097263390087544,8.9153,8.7607,8.7243,8.9517
2020-07-24,696718,6561315,9.65,9.65,9.26,9.31,-0.32,338,0.9097263390087544,8.7789,8.4696,8.4241,8.7789
2020-07-27,1453010,13970043,9.8,9.8,9.37,9.37,0.06,580,0.9097263390087544,8.9153,8.5241,8.5241,8.9153
2020-07-28,5849856,58111730,9.75,10.25,9.5,10.05,0.68,2207,0.9097263390087544,8.8698,9.1427,8.6424,9.3247
2020-07-29,9662977,98941002,10.05,10.65,9.8,9.8,-0.25,3188,0.9097263390087544,9.1427,8.9153,8.9153,9.6886
2020-07-30,1228100,12074819,9.86,10.0,9.76,9.78,-0.02,542,0.9097263390087544,8.9699,8.8971,8.8789,9.0973
2020-07-31,931301,9069478,9.89,9.89,9.66,9.69,-0.09,432,0.9097263390087544,8.9972,8.8152,8.788,8.9972
2020-08-03,1250167,12271646,9.79,10.0,9.71,9.71,0.02,449,0.9097263390087544,8.9062,8.8334,8.8334,9.0973
2020-08-04,2530401,25048195,9.88,10.1,9.67,9.9,0.19,938,0.9097263390087544,8.9881,9.0063,8.7971,9.1882
2020-08-05,707869,7011970,10.05,10.05,9.81,9.84,-0.06,282,0.9097263390087544,9.1427,8.9517,8.9244,9.1427
2020-08-06,960006,9506128,9.97,10.05,9.8,9.9,0.06,367,0.9097263390087544,9.07,9.0063,8.9153,9.1427
2020-08-07,1055100,10366304,9.93,9.96,9.69,9.74,-0.16,348,0.9097263390087544,9.0336,8.8607,8.8152,9.0609
2020-08-10,539000,5246850,9.74,9.82,9.68,9.73,-0.01,233,0.9097263390087544,8.8607,8.8516,8.8062,8.9335
2020-08-11,431000,4199670,9.79,9.81,9.68,9.68,-0.05,167,0.9097263390087544,8.9062,8.8062,8.8062,8.9244
2020-08-12,556087,5327738,9.64,9.69,9.51,9.54,-0.14,234,0.9097263390087544,8.7698,8.6788,8.6515,8.8152
2020-08-13,1084156,10328451,9.7,9.71,9.48,9.48,-0.06,384,0.9097263390087544,8.8243,8.6242,8.6242,8.8334
2020-08-14,869150,8261313,9.56,9.56,9.48,9.49,0.01,308,0.9097263390087544,8.697,8.6333,8.6242,8.697
2020-08-17,3945881,39102267,9.78,10.15,9.65,10.1,0.61,1203,0.9097263390087544,8.8971,9.1882,8.7789,9.2337
2020-08-18,16515406,176243201,10.45,11.1,10.4,11.1,1.0,5028,0.9097263390087544,9.5066,10.098,9.4612,10.098
2020-08-19,20120001,238260758,11.7,12.2,11.5,11.75,0.65,6428,0.9097263390087544,10.6438,10.6893,10.4619,11.0987
2020-08-20,7528438,82525004,11.4,11.65,10.6,10.75,-1.0,2521,0.9097263390087544,10.3709,9.7796,9.6431,10.5983
2020-08-21,3611003,39855032,11.0,11.35,10.75,10.95,0.2,1401,0.9097263390087544,10.007,9.9615,9.7796,10.3254
2020-08-24,3965500,45105048,11.1,11.75,10.9,11.3,0.35,1520,0.9097263390087544,10.098,10.2799,9.916,10.6893
2020-08-25,5614878,64308396,11.2,11.65,11.1,11.45,0.15,1810,0.9097263390087544,10.1889,10.4164,10.098,10.5983
2020-08-26,2852400,31707069,11.45,11.5,10.85,11.05,-0.4,1095,0.9097263390087544,10.4164,10.0525,9.8705,10.4619
2020-08-27,3558072,38988381,11.15,11.15,10.7,10.8,-0.25,1066,0.9097263390087544,10.1434,9.825,9.7341,10.1434
2020-08-28,2050001,21786311,10.85,10.85,10.5,10.55,-0.25,705,0.9097263390087544,9.8705,9.5976,9.5521,9.8705
2020-08-31,1719001,18362960,10.75,10.8,10.5,10.7,0.15,585,0.9097263390087544,9.7796,9.7341,9.5521,9.825
2020-09-01,4508600,50170269,10.8,11.5,10.7,11.35,0.65,1652,0.9097263390087544,9.825,10.3254,9.7341,10.4619
2020-09-02,12590041,148455235,11.4,12.2,11.3,11.9,0.55,4338,0.9097263390087544,10.3709,10.8257,10.2799,11.0987
2020-09-03,5336316,61690849,11.75,12.0,11.3,11.4,-0.5,1976,0.9097263390087544,10.6893,10.3709,10.2799,10.9167
2020-09-04,2700001,30224361,11.2,11.4,11.0,11.25,-0.15,987,0.9097263390087544,10.1889,10.2344,10.007,10.3709
2020-09-07,2935201,33297150,11.3,11.65,11.15,11.2,-0.05,1114,0.9097263390087544,10.2799,10.1889,10.1434,10.5983
2020-09-08,2414174,27077880,11.3,11.6,10.95,11.0,-0.2,974,0.9097263390087544,10.2799,10.007,9.9615,10.5528
2020-09-09,2044570,22553326,11.0,11.2,10.9,11.0,0.0,682,0.9097263390087544,10.007,10.007,9.916,10.1889
2020-09-10,1288630,14249742,11.2,11.2,10.9,10.95,-0.05,422,0.9097263390087544,10.1889,9.9615,9.916,10.1889
2020-09-11,2233355,24368499,11.05,11.1,10.7,10.75,-0.2,670,0.9097263390087544,10.0525,9.7796,9.7341,10.098
2020-09-14,1027388,11160427,10.9,11.0,10.7,10.95,0.2,373,0.9097263390087544,9.916,9.9615,9.7341,10.007
2020-09-15,720708,7922867,11.05,11.05,10.9,11.0,0.05,327,0.9097263390087544,10.0525,10.007,9.916,10.0525
2020-09-16,2684270,30043060,11.15,11.35,11.0,11.15,0.15,793,0.9097263390087544,10.1434,10.1434,10.007,10.3254
2020-09-17,1640121,18505610,11.15,11.4,11.15,11.25,0.1,610,0.9097263390087544,10.1434,10.2344,10.1434,10.3709
2020-09-18,1675814,19038065,11.4,11.5,11.25,11.25,0.0,606,0.9097263390087544,10.3709,10.2344,10.2344,10.4619
2020-09-21,11757074,141633660,11.3,12.35,11.3,12.35,1.1,2704,0.9097263390087544,10.2799,11.2351,10.2799,11.2351
2020-09-22,27741887,348165105,13.4,13.4,11.65,11.75,-0.6,9145,0.9097263390087544,12.1903,10.6893,10.5983,12.1903
2020-09-23,10750395,125003412,11.75,12.15,11.0,11.2,-0.55,3304,0.9097263390087544,10.6893,10.1889,10.007,11.0532
2020-09-24,4554100,49929564,10.9,11.25,10.8,11.05,-0.15,1416,0.9097263390087544,9.916,10.0525,9.825,10.2344
2020-09-25,6966469,76219121,10.95,11.3,10.3,10.7,-0.35,1600,0.9097263390087544,9.9615,9.7341,9.3702,10.2799
2020-09-28,1614000,17332500,10.75,10.85,10.65,10.7,0.0,535,0.9097263390087544,9.7796,9.7341,9.6886,9.8705
2020-09-29,1152001,12407410,11.0,11.0,10.6,10.65,-0.05,476,0.9097263390087544,10.007,9.6886,9.6431,10.007
2020-09-30,4430062,48864067,10.9,11.25,10.8,10.9,0.25,1563,0.9097263390087544,9.916,9.916,9.825,10.2344
2020-10-05,2070000,22691400,11.0,11.1,10.8,11.0,0.1,643,0.9097263390087544,10.007,10.007,9.825,10.098
2020-10-06,1811405,20223395,11.1,11.35,11.0,11.15,0.15,646,0.9097263390087544,10.098,10.1434,10.007,10.3254
2020-10-07,2453510,27663811,11.15,11.4,11.1,11.25,0.1,736,0.9097263390087544,10.1434,10.2344,10.098,10.3709
2020-10-08,1345000,15079700,11.3,11.35,11.05,11.2,-0.05,471,0.9097263390087544,10.2799,10.1889,10.0525,10.3254
2020-10-12,7878190,90199637,11.3,11.6,11.05,11.3,0.1,1529,0.9097263390087544,10.2799,10.2799,10.0525,10.5528
2020-10-13,16966564,208203890,11.8,12.4,11.75,12.4,1.1,4089,0.9097263390087544,10.7348,11.2806,10.6893,11.2806
2020-10-14,28413254,363719272,12.5,13.35,12.15,13.0,0.6,7950,0.9097263390087544,11.3716,11.8264,11.0532,12.1448
2020-10-15,9485964,121993546,12.9,13.3,12.55,12.55,-0.45,3060,0.9097263390087544,11.7355,11.4171,11.4171,12.0994
2020-10-16,6775500,85193872,12.55,13.0,12.25,12.3,-0.25,2039,0.9097263390087544,11.4171,11.1896,11.1441,11.8264
2020-10-19,5346800,66776119,12.3,12.7,12.2,12.6,0.3,1466,0.9097263390087544,11.1896,11.4626,11.0987,11.5535
2020-10-20,2265100,28116840,12.5,12.6,12.3,12.4,-0.2,843,0.9097263390087544,11.3716,11.2806,11.1896,11.4626
2020-10-21,20066989,265396650,12.7,13.6,12.55,13.6,1.2,5762,0.9097263390087544,11.5535,12.3723,11.4171,12.3723
2020-10-22,71700773,1045447650,14.0,14.95,13.9,14.95,1.35,20558,0.9097263390087544,12.7362,13.6004,12.6452,13.6004
2020-10-23,45395374,674834560,15.0,15.25,14.4,15.05,0.1,13919,0.9097263390087544,13.6459,13.6914,13.1001,13.8733
2020-10-26,29525256,445752921,15.6,15.95,14.4,14.7,-0.35,9368,0.9097263390087544,14.1917,13.373,13.1001,14.5101
2020-10-27,8402404,122653522,14.45,14.95,14.4,14.45,-0.25,3119,0.9097263390087544,13.1455,13.1455,13.1001,13.6004
2020-10-28,53137652,826401558,15.0,15.85,14.8,15.5,1.05,14523,0.9097263390087544,13.6459,14.1008,13.4639,14.4192
2020-10-29,21222380,319420527,15.05,15.3,14.7,15.1,-0.4,6842,0.9097263390087544,13.6914,13.7369,13.373,13.9188
2020-10-30,39566828,616111884,15.5,16.1,14.75,15.0,-0.1,12896,0.9097263390087544,14.1008,13.6459,13.4185,14.6466
2020-11-02,8897133,132378239,15.05,15.3,14.65,14.7,-0.3,3020,0.9097263390087544,13.6914,13.373,13.3275,13.9188
2020-11-03,8043430,119861111,14.85,15.25,14.65,14.7,0.0,2690,0.9097263390087544,13.5094,13.373,13.3275,13.8733
2020-11-04,7874047,117956154,15.1,15.25,14.7,15.25,0.55,2755,0.9097263390087544,13.7369,13.8733,13.373,13.8733
2020-11-05,12814609,194964785,15.45,15.5,14.9,15.1,-0.15,3743,0.9097263390087544,14.0553,13.7369,13.5549,14.1008
2020-11-06,61689052,1018209718,15.7,16.6,15.7,16.6,1.5,11594,0.9097263390087544,14.2827,15.1015,14.2827,15.1015
2020-11-09,75202033,1274890913,16.6,17.5,16.5,17.05,0.45,20938,0.9097263390087544,15.1015,15.5108,15.0105,15.9202
2020-11-10,36358209,604974946,16.9,17.45,16.0,16.55,-0.5,12649,0.9097263390087544,15.3744,15.056,14.5556,15.8747
2020-11-11,14104945,232585127,16.55,17.0,16.1,16.15,-0.4,5144,0.9097263390087544,15.056,14.6921,14.6466,15.4653
2020-11-12,11809142,192490180,16.5,16.65,15.85,16.2,0.05,4125,0.9097263390087544,15.0105,14.7376,14.4192,15.1469
2020-11-13,72092753,1255756998,17.0,17.8,16.9,17.3,1.1,20068,0.9097263390087544,15.4653,15.7383,15.3744,16.1931
2020-11-16,32578612,560930644,17.3,17.55,16.85,17.3,0.0,9728,0.9097263390087544,15.7383,15.7383,15.3289,15.9657
2020-11-17,39207726,702750281,17.95,18.65,17.2,17.25,-0.05,13807,0.9097263390087544,16.3296,15.6928,15.6473,16.9664
2020-11-18,59668302,1093007449,18.3,18.85,17.8,18.55,1.3,18341,0.9097263390087544,16.648,16.8754,16.1931,17.1483
2020-11-19,102995569,2006195247,18.5,20.25,18.25,19.1,0.55,32982,0.9097263390087544,16.8299,17.3758,16.6025,18.422
2020-11-20,53215504,1009727671,19.0,19.4,18.35,19.2,0.1,16730,0.9097263390087544,17.2848,17.4667,16.6935,17.6487
2020-11-23,23508123,453616835,19.0,19.75,19.0,19.0,-0.2,8196,0.9097263390087544,17.2848,17.2848,17.2848,17.9671
2020-11-24,16332251,307311141,19.15,19.35,18.55,18.65,-0.35,5614,0.9097263390087544,17.4213,16.9664,16.8754,17.6032
2020-11-25,25796171,499278255,19.6,20.0,18.9,18.95,0.3,8268,0.9097263390087544,17.8306,17.2393,17.1938,18.1945
2020-11-26,15313709,289410475,18.6,19.3,18.55,18.75,-0.2,5093,0.9097263390087544,16.9209,17.0574,16.8754,17.5577
2020-11-27,17097347,305037085,17.55,18.15,17.55,17.85,-0.9,6271,0.9097263390087544,15.9657,16.2386,15.9657,16.5115
2020-11-30,8949115,162146782,18.3,18.4,17.95,18.1,0.25,3053,0.9097263390087544,16.648,16.466,16.3296,16.739
2020-12-01,17704569,330802465,19.1,19.25,18.1,18.3,0.2,6124,0.9097263390087544,17.3758,16.648,16.466,17.5122
2020-12-02,9905299,176535727,18.1,18.15,17.7,17.7,-0.6,3558,0.9097263390087544,16.466,16.1022,16.1022,16.5115
2020-12-03,8204725,145145383,17.95,18.0,17.4,17.45,-0.25,2990,0.9097263390087544,16.3296,15.8747,15.8292,16.3751
2020-12-04,48307840,891644840,17.9,19.05,17.85,17.95,0.5,15303,0.9097263390087544,16.2841,16.3296,16.2386,17.3303
2020-12-07,14433534,259363415,18.25,18.45,17.6,17.7,-0.25,5437,0.9097263390087544,16.6025,16.1022,16.0112,16.7845
2020-12-08,10515329,190022969,17.95,18.35,17.75,17.9,0.2,4058,0.9097263390087544,16.3296,16.2841,16.1476,16.6935
2020-12-09,17994232,309611447,17.8,17.8,16.85,17.05,-0.85,6732,0.9097263390087544,16.1931,15.5108,15.3289,16.1931
2020-12-10,12330104,209469312,17.05,17.45,16.5,16.65,-0.4,4185,0.9097263390087544,15.5108,15.1469,15.0105,15.8747
2020-12-11,12041165,192556294,16.5,16.65,15.6,16.0,-0.65,4518,0.9097263390087544,15.0105,14.5556,14.1917,15.1469
2020-12-14,16233013,272074580,16.7,17.1,16.4,16.6,0.6,5497,0.9097263390087544,15.1924,15.1015,14.9195,15.5563
2020-12-15,7072485,115282992,16.65,16.7,16.0,16.2,-0.4,2637,0.9097263390087544,15.1469,14.7376,14.5556,15.1924
2020-12-16,9029241,149762993,16.55,16.9,16.35,16.55,0.35,3177,0.9097263390087544,15.056,15.056,14.874,15.3744
2020-12-17,33277365,602159678,17.75,18.2,17.65,18.2,1.65,7871,0.9097263390087544,16.1476,16.557,16.0567,16.557
2020-12-18,97454475,1855449893,18.7,19.7,18.15,18.7,0.5,29536,0.9097263390087544,17.0119,17.0119,16.5115,17.9216
2020-12-21,27905761,520217772,19.0,19.3,18.05,18.05,-0.65,10168,0.9097263390087544,17.2848,16.4206,16.4206,17.5577
2020-12-22,21071613,374219070,18.1,18.3,17.05,17.05,-1.0,6870,0.9097263390087544,16.466,15.5108,15.5108,16.648
2020-12-23,15100521,268539325,17.8,18.15,17.5,17.55,0.5,5308,0.9097263390087544,16.1931,15.9657,15.9202,16.5115
2020-12-24,18677712,329137681,17.65,17.85,17.3,17.5,-0.05,4159,0.9097263390087544,16.0567,15.9202,15.7383,16.2386
2020-12-25,10534212,183992230,17.9,18.1,17.15,17.25,-0.25,3653,0.9097263390087544,16.2841,15.6928,15.6018,16.466
2020-12-28,22484630,405348309,18.35,18.5,17.65,17.65,0.4,7717,0.9097263390087544,16.6935,16.0567,16.0567,16.8299
2020-12-29,9753308,171273066,18.0,18.1,17.15,17.3,-0.35,3623,0.9097263390087544,16.3751,15.7383,15.6018,16.466
2020-12-30,6523822,113411393,17.5,17.7,17.1,17.4,0.1,2564,0.9097263390087544,15.9202,15.8292,15.5563,16.1022
2020-12-31,6183472,108016963,17.9,17.95,17.2,17.25,-0.15,2469,0.9097263390087544,16.2841,15.6928,15.6473,16.3296
2021-01-04,14212342,253209229,18.1,18.25,17.45,17.5,0.25,5094,0.9097263390087544,16.466,15.9202,15.8747,16.6025
2021-01-05,7892518,134664881,17.5,17.5,16.75,17.0,-0.5,3261,0.9097263390087544,15.9202,15.4653,15.2379,15.9202
2021-01-06,13146812,214898956,17.0,17.1,15.7,16.5,-0.5,5102,0.9097263390087544,15.4653,15.0105,14.2827,15.5563
2021-01-07,12364204,208460555,17.15,17.25,16.45,16.85,0.35,4272,0.9097263390087544,15.6018,15.3289,14.965,15.6928
2021-01-08,11792315,201069207,17.3,17.45,16.5,16.6,-0.25,4288,0.9097263390087544,15.7383,15.1015,15.0105,15.8747
2021-01-11,7042857,117160017,16.55,17.0,16.35,16.65,0.05,2180,0.9097263390087544,15.056,15.1469,14.874,15.4653
2021-01-12,10353498,161409655,16.05,16.15,15.1,15.4,-1.25,4167,0.9097263390087544,14.6011,14.0098,13.7369,14.6921
2021-01-13,4618117,70237628,15.4,15.5,15.0,15.1,-0.3,2010,0.9097263390087544,14.0098,13.7369,13.6459,14.1008
2021-01-14,6222887,96036251,15.3,15.75,15.15,15.3,0.2,2379,0.9097263390087544,13.9188,13.9188,13.7824,14.3282
2021-01-15,4895320,73757550,15.35,15.45,14.7,14.7,-0.6,1659,0.9097263390087544,13.9643,13.373,13.373,14.0553
2021-01-18,4403364,64605978,14.7,15.05,14.15,14.9,0.2,1725,0.9097263390087544,13.373,13.5549,12.8726,13.6914
2021-01-19,4334499,64492555,14.9,15.2,14.5,14.5,-0.4,1433,0.9097263390087544,13.5549,13.191,13.191,13.8278
2021-01-20,5513093,76702723,14.5,14.6,13.5,13.65,-0.85,2022,0.9097263390087544,13.191,12.4178,12.2813,13.282
2021-01-21,2882262,39718796,13.8,14.1,13.55,13.6,-0.05,1191,0.9097263390087544,12.5542,12.3723,12.3268,12.8271
2021-01-22,7682713,103434450,13.5,13.7,13.2,13.6,0.0,1956,0.9097263390087544,12.2813,12.3723,12.0084,12.4633
2021-01-25,4925747,69643518,13.65,14.6,13.65,14.3,0.7,2147,0.9097263390087544,12.4178,13.0091,12.4178,13.282
2021-01-26,3523867,49052452,14.3,14.35,13.65,13.7,-0.6,1284,0.9097263390087544,13.0091,12.4633,12.4178,13.0546
2021-01-27,2772317,38823312,13.85,14.15,13.8,14.05,0.35,1078,0.9097263390087544,12.5997,12.7817,12.5542,12.8726
2021-01-28,3729691,53019692,13.95,14.4,13.9,14.3,0.25,1503,0.9097263390087544,12.6907,13.0091,12.6452,13.1001
2021-01-29,21890429,330328303,14.65,15.65,14.45,15.65,1.35,7929,0.9097263390087544,13.3275,14.2372,13.1455,14.2372
2021-02-01,14333060,223791029,15.65,16.0,15.15,16.0,0.35,5775,0.9097263390087544,14.2372,14.5556,13.7824,14.5556
2021-02-02,5672436,90258044,15.85,16.2,15.65,16.05,0.05,2425,0.9097263390087544,14.4192,14.6011,14.2372,14.7376
2021-02-03,5568415,90115341,16.35,16.6,15.7,16.1,0.05,2374,0.9097263390087544,14.874,14.6466,14.2827,15.1015
2021-02-04,3800639,61410092,16.25,16.3,16.0,16.15,0.05,1506,0.9097263390087544,14.7831,14.6921,14.5556,14.8285
2021-02-05,4711428,76525450,16.2,16.5,16.05,16.05,-0.1,1757,0.9097263390087544,14.7376,14.6011,14.6011,15.0105
2021-02-17,8195684,144128808,17.5,17.65,17.25,17.65,1.6,2541,0.9097263390087544,15.9202,16.0567,15.6928,16.0567
2021-02-18,29393018,547930284,18.65,19.15,17.95,18.5,0.85,11144,0.9097263390087544,16.9664,16.8299,16.3296,17.4213
2021-02-19,12416369,230377238,18.5,18.95,18.15,18.4,-0.1,5147,0.9097263390087544,16.8299,16.739,16.5115,17.2393
2021-02-22,12366778,234438123,19.5,19.5,18.55,18.75,0.35,5194,0.9097263390087544,17.7397,17.0574,16.8754,17.7397
2021-02-23,9573338,170989619,18.15,18.15,17.6,17.6,-1.15,3890,0.9097263390087544,16.5115,16.0112,16.0112,16.5115
2021-02-24,11159294,196733489,17.45,17.85,17.15,17.5,-0.1,3075,0.9097263390087544,15.8747,15.9202,15.6018,16.2386
2021-02-25,4400396,77025784,17.65,17.8,17.3,17.5,0.0,1731,0.9097263390087544,16.0567,15.9202,15.7383,16.1931
2021-02-26,3687276,64660168,17.2,17.75,17.0,17.7,0.2,1530,0.9097263390087544,15.6473,16.1022,15.4653,16.1476
2021-03-02,10146196,180267979,18.2,18.4,17.1,17.35,-0.35,3526,0.9097263390087544,16.557,15.7838,15.5563,16.739
2021-03-03,4421963,76329877,17.4,17.55,16.85,17.2,-0.15,1349,0.9097263390087544,15.8292,15.6473,15.3289,15.9657
2021-03-04,16411718,289849439,17.5,17.9,17.2,17.3,0.1,3997,0.9097263390087544,15.9202,15.7383,15.6473,16.2841
2021-03-05,2879081,48759789,16.9,17.15,16.8,16.8,-0.5,1180,0.9097263390087544,15.3744,15.2834,15.2834,15.6018
2021-03-08,1732797,29394759,17.2,17.25,16.65,16.75,-0.05,922,0.9097263390087544,15.6473,15.2379,15.1469,15.6928
2021-03-09,2391347,39957334,16.8,16.95,16.35,16.95,0.2,1054,0.9097263390087544,15.2834,15.4199,14.874,15.4199
2021-03-10,2535546,43370216,17.35,17.4,16.9,16.95,0.0,1173,0.9097263390087544,15.7838,15.4199,15.3744,15.8292
2021-03-11,4233272,73337369,17.3,17.6,17.05,17.3,0.35,1609,0.9097263390087544,15.7383,15.7383,15.5108,16.0112
2021-03-12,5823226,102550425,17.65,17.85,17.35,17.65,0.35,2591,0.9097263390087544,16.0567,16.0567,15.7838,16.2386
2021-03-15,10929544,196883089,18.1,18.35,17.65,18.05,0.4,4325,0.9097263390087544,16.466,16.4206,16.0567,16.6935
2021-03-16,26744369,491467705,18.2,19.0,17.9,19.0,0.95,7032,0.9097263390087544,16.557,17.2848,16.2841,17.2848
2021-03-17,54847615,1064563112,19.0,19.9,18.75,19.9,0.9,14622,0.9097263390087544,17.2848,18.1036,17.0574,18.1036
2021-03-18,11208747,244911100,21.85,21.85,21.85,21.85,1.95,3190,0.9097263390087544,19.8775,19.8775,19.8775,19.8775
2021-03-19,7603640,182487360,24.0,24.0,24.0,24.0,2.15,2258,0.9097263390087544,21.8334,21.8334,21.8334,21.8334
2021-03-22,3262271,86123947,26.4,26.4,26.4,26.4,2.4,1045,0.9097263390087544,24.0168,24.0168,24.0168,24.0168
2021-03-23,76551179,1971357004,27.0,28.15,23.85,24.35,-2.05,31416,0.9097263390087544,24.5626,22.1518,21.697,25.6088
2021-03-24,17892364,468439670,25.5,26.75,25.05,26.75,2.4,6223,0.9097263390087544,23.198,24.3352,22.7886,24.3352
2021-03-25,27823679,780422452,27.9,29.35,26.3,27.9,1.15,11644,0.9097263390087544,25.3814,25.3814,23.9258,26.7005
2021-03-26,10735877,294859255,27.75,28.1,26.55,28.0,0.1,5638,0.9097263390087544,25.2449,25.4723,24.1532,25.5633
2021-03-29,6647988,184857185,28.5,28.5,27.5,27.55,-0.45,3741,0.9097263390087544,25.9272,25.063,25.0175,25.9272
2021-03-30,8352648,236392122,28.0,28.9,27.95,27.95,0.4,4309,0.9097263390087544,25.4723,25.4269,25.4269,26.2911
2021-03-31,20382497,615477301,28.75,30.7,28.6,30.7,2.75,8600,0.9097263390087544,26.1546,27.9286,26.0182,27.9286
2021-04-01,21624638,689224997,30.9,33.75,30.15,33.5,2.8,10544,0.9097263390087544,28.1105,30.4758,27.4282,30.7033
2021-04-06,9798471,353256877,33.55,36.85,33.55,36.85,3.35,4936,0.9097263390087544,30.5213,33.5234,30.5213,33.5234
2021-04-07,11585792,458593480,39.5,40.5,39.0,40.5,3.65,6099,0.9097263390087544,35.9342,36.8439,35.4793,36.8439
2021-04-08,18143616,717770370,40.5,42.0,36.6,39.85,-0.65,10484,0.9097263390087544,36.8439,36.2526,33.296,38.2085
2021-04-09,13654050,518952319,40.0,40.0,36.65,37.8,-2.05,7875,0.9097263390087544,36.3891,34.3877,33.3415,36.3891
2021-04-12,4577751,172088799,36.9,39.8,36.1,36.5,-1.3,2072,0.9097263390087544,33.5689,33.205,32.8411,36.2071
2021-04-13,4599008,162116384,37.0,37.2,33.0,33.2,-3.3,1953,0.9097263390087544,33.6599,30.2029,30.021,33.8418
2021-04-14,5505338,174940864,34.9,34.9,29.9,31.9,-1.3,2749,0.9097263390087544,31.7494,29.0203,27.2008,31.7494
2021-04-15,2398400,77806767,32.8,33.0,31.8,33.0,1.1,1152,0.9097263390087544,29.839,30.021,28.9293,30.021
2021-04-16,3435110,123233490,34.0,36.3,34.0,36.3,3.3,1583,0.9097263390087544,30.9307,33.0231,30.9307,33.0231
2021-04-19,3709471,123828887,32.7,34.9,32.7,32.75,-3.55,2252,0.9097263390087544,29.7481,29.7935,29.7481,31.7494
2021-04-20,2161702,68754325,31.65,32.6,31.45,31.7,-1.05,1197,0.9097263390087544,28.7928,28.8383,28.6109,29.6571
2021-04-21,2094437,65343912,32.5,32.5,30.8,31.0,-0.7,1136,0.9097263390087544,29.5661,28.2015,28.0196,29.5661
2021-04-22,4250077,120671646,30.5,30.5,27.9,27.9,-3.1,2473,0.9097263390087544,27.7467,25.3814,25.3814,27.7467
2021-04-23,5018920,150446055,26.15,30.65,26.15,30.65,2.75,1892,0.9097263390087544,23.7893,27.8831,23.7893,27.8831
2021-04-26,30890631,995163153,31.0,33.7,29.95,32.6,1.95,13915,0.9097263390087544,28.2015,29.6571,27.2463,30.6578
2021-04-27,20648637,686810789,32.6,35.0,32.0,32.3,-0.3,10589,0.9097263390087544,29.6571,29.3842,29.1112,31.8404
2021-04-28,16418943,533880985,32.55,33.9,30.8,31.25,-1.05,8430,0.9097263390087544,29.6116,28.4289,28.0196,30.8397
2021-04-29,8179978,256894136,32.2,32.35,30.7,31.0,-0.25,4515,0.9097263390087544,29.2932,28.2015,27.9286,29.4296
2021-05-03,9865642,297490195,32.05,32.15,28.5,28.65,-2.35,5320,0.9097263390087544,29.1567,26.0637,25.9272,29.2477
2021-05-04,11502061,307759558,29.5,29.65,25.8,26.2,-2.45,5741,0.9097263390087544,26.8369,23.8348,23.4709,26.9734
2021-05-05,12120251,337811409,26.5,28.8,25.5,27.65,1.45,5910,0.9097263390087544,24.1077,25.1539,23.198,26.2001
2021-05-06,12316291,343755966,29.25,30.25,26.45,26.7,-0.95,6203,0.9097263390087544,26.6095,24.2897,24.0623,27.5192
2021-05-07,8365697,234056308,27.05,29.2,26.5,28.6,1.9,4416,0.9097263390087544,24.6081,26.0182,24.1077,26.564
2021-05-10,18754554,574293766,30.4,31.45,29.5,31.45,2.85,8374,0.9097263390087544,27.6557,28.6109,26.8369,28.6109
2021-05-11,18639114,551034678,30.9,31.4,28.35,28.35,-3.1,9335,0.9097263390087544,28.1105,25.7907,25.7907,28.5654
2021-05-12,7662856,199931352,28.0,28.0,25.55,25.55,-2.8,3891,0.9097263390087544,25.4723,23.2435,23.2435,25.4723
2021-05-13,10559592,246378917,23.0,24.85,23.0,23.0,-2.55,5264,0.9097263390087544,20.9237,20.9237,20.9237,22.6067
2021-05-14,12661055,282322339,23.0,24.3,20.8,21.75,-1.25,6247,0.9097263390087544,20.9237,19.7865,18.9223,22.1064
2021-05-17,9096774,184388701,19.7,21.75,19.6,19.6,-2.15,4252,0.9097263390087544,17.9216,17.8306,17.8306,19.7865
2021-05-18,6144647,129267524,20.5,21.55,20.0,21.55,1.95,2591,0.9097263390087544,18.6494,19.6046,18.1945,19.6046
2021-05-19,9896970,219763485,21.95,23.3,21.35,22.4,0.85,4875,0.9097263390087544,19.9685,20.3779,19.4227,21.1966
2021-05-20,5577388,137203736,24.6,24.6,24.6,24.6,2.2,1672,0.9097263390087544,22.3793,22.3793,22.3793,22.3793
2021-05-21,26592252,657868725,25.6,25.9,23.55,24.2,-0.4,11134,0.9097263390087544,23.289,22.0154,21.4241,23.5619
2021-05-24,9294763,217405238,23.1,24.15,22.55,24.0,-0.2,4377,0.9097263390087544,21.0147,21.8334,20.5143,21.9699
2021-05-25,14817447,372506050,25.35,26.15,24.4,25.0,1.0,6651,0.9097263390087544,23.0616,22.7432,22.1973,23.7893
2021-05-26,9676888,241967154,25.5,25.85,24.4,24.75,-0.25,4385,0.9097263390087544,23.198,22.5157,22.1973,23.5164
2021-05-27,5208884,127396283,24.6,24.95,24.1,24.2,-0.55,2398,0.9097263390087544,22.3793,22.0154,21.9244,22.6977
2021-05-28,10019996,250228714,24.7,25.4,24.6,24.75,0.55,3590,0.9097263390087544,22.4702,22.5157,22.3793,23.107
2021-05-31,7001189,175953375,25.5,25.7,24.9,25.05,0.3,2999,0.9097263390087544,23.198,22.7886,22.6522,23.38
2021-06-01,7971899,214212281,25.6,27.55,25.45,27.55,2.5,2979,0.9097263390087544,23.289,25.063,23.1525,25.063
2021-06-02,32271821,946479414,30.3,30.3,28.15,28.9,1.35,13852,0.9097263390087544,27.5647,26.2911,25.6088,27.5647
2021-06-03,13113566,382077077,29.6,29.8,28.6,29.35,0.45,6445,0.9097263390087544,26.9279,26.7005,26.0182,27.1098
2021-06-04,12216909,352933856,28.85,29.7,28.05,28.1,-1.25,5197,0.9097263390087544,26.2456,25.5633,25.5178,27.0189
2021-06-07,8275172,223603262,28.0,28.6,26.05,26.95,-1.15,4035,0.9097263390087544,25.4723,24.5171,23.6984,26.0182
2021-06-08,12690292,358037943,26.95,29.35,26.85,28.05,1.1,6421,0.9097263390087544,24.5171,25.5178,24.4262,26.7005
2021-06-09,16104127,462748485,28.2,29.45,28.15,28.4,0.35,7690,0.9097263390087544,25.6543,25.8362,25.6088,26.7914
2021-06-10,23079034,680431125,28.7,30.4,28.65,28.75,0.35,10800,0.9097263390087544,26.1091,26.1546,26.0637,27.6557
2021-06-11,8183502,234151022,29.0,29.35,28.2,28.3,-0.45,4211,0.9097263390087544,26.3821,25.7453,25.6543,26.7005
2021-06-15,12025201,352312260,29.3,30.0,28.65,29.2,0.9,5593,0.9097263390087544,26.655,26.564,26.0637,27.2918
2021-06-16,10446890,302228441,29.1,29.65,28.05,28.3,-0.9,4557,0.9097263390087544,26.473,25.7453,25.5178,26.9734
2021-06-17,5213995,145847662,28.3,28.3,27.65,28.0,-0.3,2732,0.9097263390087544,25.7453,25.4723,25.1539,25.7453
2021-06-18,10477070,300124969,28.25,29.2,27.9,28.95,0.95,5003,0.9097263390087544,25.6998,26.3366,25.3814,26.564
2021-06-21,7401114,204737185,28.4,28.65,27.25,27.25,-1.7,3788,0.9097263390087544,25.8362,24.79,24.79,26.0637
2021-06-22,16236445,441883439,27.45,27.85,26.45,26.75,-0.5,5418,0.9097263390087544,24.972,24.3352,24.0623,25.3359
2021-06-23,4039909,108449547,26.8,27.3,26.4,26.4,-0.35,2138,0.9097263390087544,24.3807,24.0168,24.0168,24.8355
2021-06-24,6209205,168694730,26.8,27.6,26.6,27.2,0.8,2672,0.9097263390087544,24.3807,24.7446,24.1987,25.1084
2021-06-25,11285800,311010898,27.5,27.9,26.85,26.9,-0.3,3218,0.9097263390087544,25.0175,24.4716,24.4262,25.3814
2021-06-28,5394033,141877844,26.65,27.0,26.05,26.25,-0.65,2771,0.9097263390087544,24.2442,23.8803,23.6984,24.5626
2021-06-29,6096308,158624431,26.5,26.6,25.5,25.6,-0.65,2548,0.9097263390087544,24.1077,23.289,23.198,24.1987
2021-06-30,4899030,127651881,25.9,26.45,25.7,25.85,0.25,1877,0.9097263390087544,23.5619,23.5164,23.38,24.0623
2021-07-01,3679299,94750423,26.1,26.25,25.15,25.55,-0.3,1755,0.9097263390087544,23.7439,23.2435,22.8796,23.8803
2021-07-02,6322218,161864876,25.7,25.95,25.15,25.3,-0.25,2021,0.9097263390087544,23.38,23.0161,22.8796,23.6074
2021-07-05,6328774,166173207,25.6,26.7,25.45,26.45,1.15,2976,0.9097263390087544,23.289,24.0623,23.1525,24.2897
2021-07-06,3496495,90847259,26.7,26.75,25.6,25.65,-0.8,1771,0.9097263390087544,24.2897,23.3345,23.289,24.3352
2021-07-07,2501466,63804025,25.4,25.95,25.2,25.35,-0.3,1191,0.9097263390087544,23.107,23.0616,22.9251,23.6074
2021-07-08,2065962,52734605,25.5,25.8,25.25,25.6,0.25,1020,0.9097263390087544,23.198,23.289,22.9706,23.4709
2021-07-09,2469849,62062327,25.4,25.45,25.0,25.0,-0.6,1296,0.9097263390087544,23.107,22.7432,22.7432,23.1525
2021-07-12,4727930,118484858,25.3,25.45,24.65,25.25,0.25,1787,0.9097263390087544,23.0161,22.9706,22.4248,23.1525
2021-07-13,5397568,135187913,25.4,26.0,23.9,24.15,-1.1,2547,0.9097263390087544,23.107,21.9699,21.7425,23.6529
2021-07-14,10379711,253892244,24.15,24.9,23.75,23.85,-0.3,2371,0.9097263390087544,21.9699,21.697,21.606,22.6522
2021-07-15,1799159,43882146,24.0,24.75,23.95,24.65,0.8,928,0.9097263390087544,21.8334,22.4248,21.7879,22.5157
2021-07-16,2285911,57065475,24.4,25.4,24.2,24.85,0.2,1173,0.9097263390087544,22.1973,22.6067,22.0154,23.107
2021-07-19,2499349,61553509,25.0,25.15,24.2,24.25,-0.6,1206,0.9097263390087544,22.7432,22.0609,22.0154,22.8796
2021-07-20,6924264,168648758,23.8,24.8,23.65,23.75,-0.5,1836,0.9097263390087544,21.6515,21.606,21.515,22.5612
2021-07-21,3088377,72048762,24.0,24.25,22.65,23.05,-0.7,1470,0.9097263390087544,21.8334,20.9692,20.6053,22.0609
2021-07-22,2810940,66456181,23.55,24.2,23.15,23.25,0.2,1335,0.9097263390087544,21.4241,21.1511,21.0602,22.0154
2021-07-23,2324143,54984966,23.9,24.05,23.3,23.55,0.3,1062,0.9097263390087544,21.7425,21.4241,21.1966,21.8789
2021-07-26,13035737,332637048,24.25,25.9,24.0,25.9,2.35,5503,0.9097263390087544,22.0609,23.5619,21.8334,23.5619
2021-07-27,42911361,1180150984,26.35,28.45,26.0,26.3,0.4,19092,0.9097263390087544,23.9713,23.9258,23.6529,25.8817
2021-07-28,36074556,935086806,25.7,26.7,23.7,25.2,-1.1,8976,0.9097263390087544,23.38,22.9251,21.5605,24.2897
2021-07-29,6042947,153636237,25.05,26.35,24.8,25.4,0.2,3261,0.9097263390087544,22.7886,23.107,22.5612,23.9713
2021-07-30,4018889,102163244,25.5,25.85,24.8,25.75,0.35,1993,0.9097263390087544,23.198,23.4255,22.5612,23.5164
2021-08-02,7117287,190283153,26.7,27.6,26.15,26.55,0.8,3707,0.9097263390087544,24.2897,24.1532,23.7893,25.1084
2021-08-03,2556432,66861569,26.8,26.85,25.85,25.85,-0.7,1496,0.9097263390087544,24.3807,23.5164,23.5164,24.4262
2021-08-04,2322065,59365554,26.0,26.1,25.35,25.4,-0.45,1256,0.9097263390087544,23.6529,23.107,23.0616,23.7439
2021-08-05,2643058,67679149,25.65,26.1,25.2,25.3,-0.1,1450,0.9097263390087544,23.3345,23.0161,22.9251,23.7439
2021-08-06,11052640,291820296,26.1,27.3,25.6,25.6,0.3,5219,0.9097263390087544,23.7439,23.289,23.289,24.8355
2021-08-09,9195193,244463440,26.7,27.1,26.05,26.05,0.45,4621,0.9097263390087544,24.2897,23.6984,23.6984,24.6536
2021-08-10,4512117,115980892,26.8,26.8,25.05,25.2,-0.85,2355,0.9097263390087544,24.3807,22.9251,22.7886,24.3807
2021-08-11,4724018,114382210,25.0,25.25,23.25,23.6,-1.6,2321,0.9097263390087544,22.7432,21.4695,21.1511,22.9706
2021-08-12,1145804,27286059,23.8,24.1,23.65,23.85,0.25,665,0.9097263390087544,21.6515,21.697,21.515,21.9244
2021-08-13,2296021,53084263,23.8,24.0,22.75,22.8,-1.05,1316,0.9097263390087544,21.6515,20.7418,20.6963,21.8334
2021-08-16,1885683,42496586,23.1,23.35,22.0,22.25,-0.55,1055,0.9097263390087544,21.0147,20.2414,20.014,21.2421
2021-08-17,1419692,30889818,22.05,22.5,21.0,21.0,0.0,881,0.9263803680981595,20.4267,19.454,19.454,20.8436
2021-08-18,2254132,48448180,20.55,22.3,20.55,22.0,1.0,1185,0.9263803680981595,19.0371,20.3804,19.0371,20.6583
2021-08-19,1935360,41212229,22.1,22.1,20.9,20.9,-1.1,992,0.9263803680981595,20.473,19.3613,19.3613,20.473
2021-08-20,1556361,33193422,21.6,21.75,21.0,21.05,0.15,772,0.9263803680981595,20.0098,19.5003,19.454,20.1488
2021-08-23,2898788,63582246,21.65,22.3,21.55,22.3,1.25,1349,0.9263803680981595,20.0561,20.6583,19.9635,20.6583
2021-08-24,5350209,124403465,23.3,24.1,22.65,22.85,0.55,2532,0.9263803680981595,21.5847,21.1678,20.9825,22.3258
2021-08-25,2742135,63046993,23.0,23.4,22.65,22.95,0.1,1155,0.9263803680981595,21.3067,21.2604,20.9825,21.6773
2021-08-26,13435858,315032819,23.25,23.75,22.75,23.1,0.15,2522,0.9263803680981595,21.5383,21.3994,21.0752,22.0015
2021-08-27,1703580,38732110,22.7,23.0,22.45,22.95,-0.15,881,0.9263803680981595,21.0288,21.2604,20.7972,21.3067
2021-08-30,970180,22143555,23.0,23.4,22.6,22.65,-0.3,538,0.9263803680981595,21.3067,20.9825,20.9362,21.6773
2021-08-31,1524773,34030310,22.8,22.8,22.1,22.15,-0.5,836,0.9263803680981595,21.1215,20.5193,20.473,21.1215
2021-09-01,4472636,101715958,22.25,23.3,22.25,22.6,0.45,1951,0.9263803680981595,20.612,20.9362,20.612,21.5847
2021-09-02,3157859,69860323,22.6,22.8,21.7,21.75,-0.85,1599,0.9263803680981595,20.9362,20.1488,20.1025,21.1215
2021-09-03,4482996,96569875,21.85,22.05,21.2,21.35,-0.4,1752,0.9263803680981595,20.2414,19.7782,19.6393,20.4267
2021-09-06,10021157,226745503,22.0,23.45,21.9,21.9,0.55,4502,0.9263803680981595,20.3804,20.2877,20.2877,21.7236
2021-09-07,2367969,51769637,22.15,22.3,21.6,21.65,-0.25,1230,0.9263803680981595,20.5193,20.0561,20.0098,20.6583
2021-09-08,3772054,79397546,21.5,21.8,20.7,20.9,-0.75,1702,0.9263803680981595,19.9172,19.3613,19.1761,20.1951
2021-09-09,1457860,30547650,21.0,21.25,20.7,20.9,0.0,799,0.9263803680981595,19.454,19.3613,19.1761,19.6856
2021-09-10,1319790,27591469,21.05,21.2,20.7,20.8,-0.1,692,0.9263803680981595,19.5003,19.2687,19.1761,19.6393
2021-09-13,1691879,35691594,21.25,21.3,20.9,21.0,0.2,867,0.9263803680981595,19.6856,19.454,19.3613,19.7319
2021-09-14,11492478,247210503,21.15,21.8,20.85,21.6,0.6,2457,0.9263803680981595,19.5929,20.0098,19.315,20.1951
2021-09-15,2192196,46581119,21.4,21.5,21.05,21.2,-0.4,1072,0.9263803680981595,19.8245,19.6393,19.5003,19.9172
2021-09-16,1759806,36928621,21.3,21.35,20.75,20.75,-0.45,840,0.9263803680981595,19.7319,19.2224,19.2224,19.7782
2021-09-17,1782589,36981520,20.9,20.95,20.5,20.95,0.2,920,0.9263803680981595,19.3613,19.4077,18.9908,19.4077
2021-09-22,2285051,45739844,19.6,20.45,19.6,20.0,-0.95,1114,0.9263803680981595,18.1571,18.5276,18.1571,18.9445
2021-09-23,1342489,27055966,20.6,20.6,19.95,20.05,0.05,678,0.9263803680981595,19.0834,18.5739,18.4813,19.0834
2021-09-24,1257541,25728088,20.2,20.75,20.15,20.5,0.45,639,0.9263803680981595,18.7129,18.9908,18.6666,19.2224
2021-09-27,1485320,30457015,20.5,20.8,20.25,20.35,-0.15,763,0.9263803680981595,18.9908,18.8518,18.7592,19.2687
2021-09-28,2595541,51640385,20.25,20.25,19.7,19.95,-0.4,1182,0.9263803680981595,18.7592,18.4813,18.2497,18.7592
2021-09-29,3939929,74706711,19.35,19.6,18.55,18.65,-1.3,1921,0.9263803680981595,17.9255,17.277,17.1844,18.1571
2021-09-30,3105154,59852455,18.85,19.7,18.75,19.55,0.9,1520,0.9263803680981595,17.4623,18.1107,17.3696,18.2497
2021-10-01,3062966,57529605,19.5,19.5,18.3,18.55,-1.0,1460,0.9263803680981595,18.0644,17.1844,16.9528,18.0644
2021-10-04,2963157,54426950,19.0,19.1,17.75,17.75,-0.8,1588,0.9263803680981595,17.6012,16.4433,16.4433,17.6939
2021-10-05,3009920,54421674,17.65,18.7,17.1,18.5,0.75,1533,0.9263803680981595,16.3506,17.138,15.8411,17.3233
2021-10-06,2662924,49739634,19.1,19.1,18.3,18.4,-0.1,1084,0.9263803680981595,17.6939,17.0454,16.9528,17.6939
2021-10-07,13979937,272282102,18.9,19.95,18.75,19.35,0.95,5654,0.9263803680981595,17.5086,17.9255,17.3696,18.4813
2021-10-08,4913250,94135174,19.25,19.55,18.8,18.9,-0.45,1951,0.9263803680981595,17.8328,17.5086,17.416,18.1107
2021-10-12,6586270,126796013,19.55,20.0,18.6,18.6,-0.3,2969,0.9263803680981595,18.1107,17.2307,17.2307,18.5276
2021-10-13,11359889,211902750,18.75,18.9,18.05,18.3,-0.3,2227,0.9263803680981595,17.3696,16.9528,16.7212,17.5086
2021-10-14,4583609,86466962,18.7,19.3,18.45,18.5,0.2,2211,0.9263803680981595,17.3233,17.138,17.0917,17.8791
2021-10-15,2709397,51021293,18.75,19.2,18.45,19.1,0.6,1404,0.9263803680981595,17.3696,17.6939,17.0917,17.7865
2021-10-18,22936042,470497898,20.15,21.0,19.75,21.0,1.9,8629,0.9263803680981595,18.6666,19.454,18.296,19.454
2021-10-19,30545831,656100139,21.6,22.0,20.8,21.6,0.6,13332,0.9263803680981595,20.0098,20.0098,19.2687,20.3804
2021-10-20,19345137,418198975,21.7,22.2,21.1,21.2,-0.4,6742,0.9263803680981595,20.1025,19.6393,19.5466,20.5656
2021-10-21,22263050,493829244,22.0,23.0,21.4,21.6,0.4,10268,0.9263803680981595,20.3804,20.0098,19.8245,21.3067
2021-10-22,4925951,104102647,21.45,21.45,20.8,21.15,-0.45,2531,0.9263803680981595,19.8709,19.5929,19.2687,19.8709
2021-10-25,3267994,67551099,20.65,21.1,20.5,20.7,-0.45,1759,0.9263803680981595,19.1298,19.1761,18.9908,19.5466
2021-10-26,3895782,80021245,20.95,21.25,20.15,20.2,-0.5,1839,0.9263803680981595,19.4077,18.7129,18.6666,19.6856
2021-10-27,2731114,56393922,20.3,20.95,20.3,20.95,0.75,1353,0.9263803680981595,18.8055,19.4077,18.8055,19.4077
2021-10-28,2655903,55358653,20.8,21.2,20.55,21.0,0.05,1179,0.9263803680981595,19.2687,19.454,19.0371,19.6393
2021-10-29,4030204,83236571,21.45,21.45,20.25,20.25,-0.75,1594,0.9263803680981595,19.8709,18.7592,18.7592,19.8709
2021-11-01,3556631,73774132,20.4,21.0,20.3,20.7,0.45,1429,0.9263803680981595,18.8982,19.1761,18.8055,19.454
2021-11-02,3077742,62971152,20.95,21.1,20.1,20.2,-0.5,1569,0.9263803680981595,19.4077,18.7129,18.6202,19.5466
2021-11-03,3293571,68728442,20.55,21.2,20.45,20.85,0.65,1470,0.9263803680981595,19.0371,19.315,18.9445,19.6393
2021-11-04,1835135,38066350,21.0,21.0,20.6,20.6,-0.25,842,0.9263803680981595,19.454,19.0834,19.0834,19.454
2021-11-05,12362630,263353866,20.95,21.85,20.8,21.3,0.7,5277,0.9263803680981595,19.4077,19.7319,19.2687,20.2414
2021-11-08,26777715,610531763,21.75,23.4,21.6,23.0,1.7,11334,0.9263803680981595,20.1488,21.3067,20.0098,21.6773
2021-11-09,37221297,910178389,23.15,25.3,23.15,24.6,1.6,16830,0.9263803680981595,21.4457,22.789,21.4457,23.4374
2021-11-10,24504435,610065122,24.95,25.65,24.5,24.6,0.0,11716,0.9263803680981595,23.1132,22.789,22.6963,23.7617
2021-11-11,12934162,311342233,24.2,24.95,23.5,23.5,-1.1,6187,0.9263803680981595,22.4184,21.7699,21.7699,23.1132
2021-11-12,13251049,321589902,23.9,24.75,23.8,23.85,0.35,6347,0.9263803680981595,22.1405,22.0942,22.0479,22.9279
2021-11-15,7490157,176639890,24.05,24.3,23.25,23.5,-0.35,3559,0.9263803680981595,22.2794,21.7699,21.5383,22.511
2021-11-16,10440637,245700409,23.1,24.0,23.0,23.05,-0.45,3532,0.9263803680981595,21.3994,21.3531,21.3067,22.2331
2021-11-17,7290315,162108146,22.9,22.9,21.85,22.35,-0.7,3460,0.9263803680981595,21.2141,20.7046,20.2414,21.2141
2021-11-18,4715370,105759103,22.4,22.9,22.2,22.2,-0.15,2024,0.9263803680981595,20.7509,20.5656,20.5656,21.2141
2021-11-19,18321701,429257467,22.25,24.1,22.25,24.0,1.8,7977,0.9263803680981595,20.612,22.2331,20.612,22.3258
2021-11-22,7671877,180439168,24.2,24.2,23.05,23.55,-0.45,3475,0.9263803680981595,22.4184,21.8163,21.3531,22.4184
2021-11-23,3453127,78992104,23.25,23.25,22.5,22.55,-1.0,2071,0.9263803680981595,21.5383,20.8899,20.8436,21.5383
2021-11-24,2093808,47989571,22.85,23.2,22.65,22.9,0.35,1128,0.9263803680981595,21.1678,21.2141,20.9825,21.492
2021-11-25,6427729,151025924,23.15,23.9,22.95,23.45,0.55,3299,0.9263803680981595,21.4457,21.7236,21.2604,22.1405
2021-11-26,4723727,108626335,23.55,23.65,22.55,22.6,-0.85,2470,0.9263803680981595,21.8163,20.9362,20.8899,21.9089
2021-11-29,3572646,77769150,22.0,22.2,21.05,21.95,-0.65,1958,0.9263803680981595,20.3804,20.334,19.5003,20.5656
2021-11-30,5966518,137603973,22.45,23.5,22.2,23.05,1.1,2758,0.9263803680981595,20.7972,21.3531,20.5656,21.7699
2021-12-01,2764045,63771041,23.05,23.4,22.6,23.15,0.1,1503,0.9263803680981595,21.3531,21.4457,20.9362,21.6773
2021-12-02,4929752,114677892,23.35,23.6,22.8,23.2,0.05,2282,0.9263803680981595,21.631,21.492,21.1215,21.8626
2021-12-03,8286449,197410160,23.4,24.3,23.1,23.8,0.6,3570,0.9263803680981595,21.6773,22.0479,21.3994,22.511
2021-12-06,4111495,94377624,23.0,23.15,22.65,23.15,-0.65,1870,0.9263803680981595,21.3067,21.4457,20.9825,21.4457
2021-12-07,2551322,59235428,23.35,23.5,23.0,23.5,0.35,1272,0.9263803680981595,21.631,21.7699,21.3067,21.7699
2021-12-08,3926892,92693030,23.75,24.0,23.4,23.4,-0.1,1785,0.9263803680981595,22.0015,21.6773,21.6773,22.2331
2021-12-09,7135647,169262669,23.65,24.2,23.25,23.35,-0.05,2577,0.9263803680981595,21.9089,21.631,21.5383,22.4184
2021-12-10,5273023,123921379,23.65,24.0,23.1,23.3,-0.05,1866,0.9263803680981595,21.9089,21.5847,21.3994,22.2331
2021-12-13,22400294,552416560,24.3,25.6,23.85,23.95,0.65,8648,0.9263803680981595,22.511,22.1868,22.0942,23.7153
2021-12-14,7558241,172442824,23.7,23.7,22.05,22.4,-1.55,3234,0.9263803680981595,21.9552,20.7509,20.4267,21.9552
2021-12-15,2104383,47759975,22.75,22.95,22.55,22.75,0.35,989,0.9263803680981595,21.0752,21.0752,20.8899,21.2604
2021-12-16,2382368,54777584,23.0,23.2,22.85,22.9,0.15,1102,0.9263803680981595,21.3067,21.2141,21.1678,21.492
2021-12-17,2687831,61256097,22.8,23.15,22.55,22.6,-0.3,1172,0.9263803680981595,21.1215,20.9362,20.8899,21.4457
2021-12-20,3870425,89271953,22.85,23.3,22.7,22.85,0.25,1826,0.9263803680981595,21.1678,21.1678,21.0288,21.5847
2021-12-21,1746804,40101387,23.05,23.25,22.65,23.05,0.2,926,0.9263803680981595,21.3531,21.3531,20.9825,21.5383
2021-12-22,19418091,482159240,23.4,25.35,23.3,25.35,2.3,6714,0.9263803680981595,21.6773,23.4837,21.5847,23.4837
2021-12-23,84972059,2253050545,26.05,27.2,25.5,27.0,1.65,33655,0.9263803680981595,24.1322,25.0123,23.6227,25.1975
2021-12-24,19420853,515042772,26.7,26.95,26.2,26.55,-0.45,9168,0.9263803680981595,24.7344,24.5954,24.2712,24.966
2021-12-27,11896229,314659369,26.7,27.0,25.75,27.0,0.45,5965,0.9263803680981595,24.7344,25.0123,23.8543,25.0123
2021-12-28,17752258,475274014,27.95,28.0,25.8,26.0,-1.0,8652,0.9263803680981595,25.8923,24.0859,23.9006,25.9387
2021-12-29,8326462,211013285,25.4,25.8,25.05,25.35,-0.65,4110,0.9263803680981595,23.5301,23.4837,23.2058,23.9006
2021-12-30,5629249,139497388,25.15,25.3,24.5,24.6,-0.75,2978,0.9263803680981595,23.2985,22.789,22.6963,23.4374
2022-01-03,3383931,83911455,24.5,25.2,24.5,24.55,-0.05,1773,0.9263803680981595,22.6963,22.7426,22.6963,23.3448
2022-01-04,3374370,82206112,24.7,24.7,24.15,24.5,-0.05,2919,0.9263803680981595,22.8816,22.6963,22.3721,22.8816
2022-01-05,7036847,175900894,24.55,25.35,24.55,24.85,0.35,3441,0.9263803680981595,22.7426,23.0206,22.7426,23.4837
2022-01-06,4693138,113322242,24.55,24.55,23.8,23.9,-0.95,2469,0.9263803680981595,22.7426,22.1405,22.0479,22.7426
2022-01-07,5037968,117105161,24.0,24.05,22.95,22.95,-0.95,2337,0.9263803680981595,22.2331,21.2604,21.2604,22.2794
2022-01-10,2019483,46602541,22.6,23.4,22.6,23.2,0.25,1047,0.9263803680981595,20.9362,21.492,20.9362,21.6773
2022-01-11,2934555,66631439,23.2,23.35,22.4,22.6,-0.6,1520,0.9263803680981595,21.492,20.9362,20.7509,21.631
2022-01-12,1775050,40246116,22.75,23.05,22.45,22.7,0.1,834,0.9263803680981595,21.0752,21.0288,20.7972,21.3531
2022-01-13,1246175,28178683,22.95,22.95,22.5,22.5,-0.2,747,0.9263803680981595,21.2604,20.8436,20.8436,21.2604
2022-01-14,2902122,63198544,22.4,22.4,21.45,21.75,-0.75,1404,0.9263803680981595,20.7509,20.1488,19.8709,20.7509
2022-01-17,1588855,35108015,22.0,22.4,21.7,22.3,0.55,840,0.9263803680981595,20.3804,20.6583,20.1025,20.7509
2022-01-18,1315534,29508609,22.3,22.75,22.2,22.25,-0.05,783,0.9263803680981595,20.6583,20.612,20.5656,21.0752
2022-01-19,938452,20649264,21.85,22.25,21.8,22.1,-0.15,559,0.9263803680981595,20.2414,20.473,20.1951,20.612
2022-01-20,1251413,27453551,22.35,22.35,21.8,22.0,-0.1,623,0.9263803680981595,20.7046,20.3804,20.1951,20.7046
2022-01-21,1439367,31087465,21.8,22.0,21.4,21.45,-0.55,789,0.9263803680981595,20.1951,19.8709,19.8245,20.3804
2022-01-24,1868509,39150223,20.7,21.5,20.45,21.15,-0.3,927,0.9263803680981595,19.1761,19.5929,18.9445,19.9172
2022-01-25,1655032,34336639,21.2,21.35,20.5,20.55,-0.6,891,0.9263803680981595,19.6393,19.0371,18.9908,19.7782
2022-01-26,1233566,25359695,20.55,20.8,20.25,20.55,0.0,667,0.9263803680981595,19.0371,19.0371,18.7592,19.2687
2022-02-07,3906990,80407832,21.2,21.95,19.8,19.8,-0.75,1591,0.9263803680981595,19.6393,18.3423,18.3423,20.334
2022-02-08,4991547,106271724,20.45,21.75,20.35,21.75,1.95,2237,0.9263803680981595,18.9445,20.1488,18.8518,20.1488
2022-02-09,10165325,227261380,22.85,22.9,21.85,22.45,0.7,5851,0.9263803680981595,21.1678,20.7972,20.2414,21.2141
2022-02-10,2729955,60313304,22.45,22.55,21.8,22.3,-0.15,1485,0.9263803680981595,20.7972,20.6583,20.1951,20.8899
2022-02-11,1686666,37432191,21.85,22.4,21.85,22.1,-0.2,921,0.9263803680981595,20.2414,20.473,20.2414,20.7509
2022-02-14,2009713,42824886,21.7,21.8,21.1,21.3,-0.8,1173,0.9263803680981595,20.1025,19.7319,19.5466,20.1951
2022-02-15,1589894,34610102,21.45,22.05,21.45,21.8,0.5,1258,0.9263803680981595,19.8709,20.1951,19.8709,20.4267
2022-02-16,5164157,118527182,22.5,23.9,22.0,23.9,2.1,2229,0.9263803680981595,20.8436,22.1405,20.3804,22.1405
2022-02-17,6014680,140712754,23.5,23.8,23.05,23.1,-0.8,3432,0.9263803680981595,21.7699,21.3994,21.3531,22.0479
2022-02-18,1996550,45224493,22.55,22.9,22.45,22.9,-0.2,1571,0.9263803680981595,20.8899,21.2141,20.7972,21.2141
2022-02-21,1210272,27266426,22.75,22.75,22.35,22.55,-0.35,996,0.9263803680981595,21.0752,20.8899,20.7046,21.0752
2022-02-22,1341685,29462770,22.35,22.4,21.75,21.85,-0.7,1091,0.9263803680981595,20.7046,20.2414,20.1488,20.7509
2022-02-23,1172466,26126319,22.05,22.5,22.05,22.35,0.5,668,0.9263803680981595,20.4267,20.7046,20.4267,20.8436
2022-02-24,1601920,34719475,22.05,22.3,21.3,21.5,-0.85,1259,0.9263803680981595,20.4267,19.9172,19.7319,20.6583
2022-02-25,1251379,27350312,21.8,22.2,21.55,21.8,0.3,854,0.9263803680981595,20.1951,20.1951,19.9635,20.5656
2022-03-01,8191243,190611008,23.35,23.6,22.85,22.95,1.15,3629,0.9263803680981595,21.631,21.2604,21.1678,21.8626
2022-03-02,3466322,80080398,22.85,23.45,22.7,23.25,0.3,1717,0.9263803680981595,21.1678,21.5383,21.0288,21.7236
2022-03-03,1782985,41311526,23.5,23.55,23.0,23.0,-0.25,968,0.9263803680981595,21.7699,21.3067,21.3067,21.8163
2022-03-04,1229700,27767555,22.75,22.85,22.45,22.55,-0.45,689,0.9263803680981595,21.0752,20.8899,20.7972,21.1678
2022-03-07,2455355,52535307,22.1,22.2,21.15,21.3,-1.25,1229,0.9263803680981595,20.473,19.7319,19.5929,20.5656
2022-03-08,1388098,29054527,20.5,21.5,20.5,20.8,-0.5,853,0.9263803680981595,18.9908,19.2687,18.9908,19.9172
2022-03-09,1133167,24052379,21.1,21.6,20.95,21.45,0.65,613,0.9263803680981595,19.5466,19.8709,19.4077,20.0098
2022-03-10,5030355,113182412,23.0,23.0,22.0,22.1,0.65,2611,0.9263803680981595,21.3067,20.473,20.3804,21.3067
2022-03-11,1381927,30011203,21.75,21.9,21.55,21.9,-0.2,770,0.9263803680981595,20.1488,20.2877,19.9635,20.2877
2022-03-14,1228430,26655186,21.95,22.0,21.55,21.7,-0.2,664,0.9263803680981595,20.334,20.1025,19.9635,20.3804
2022-03-15,1124262,23918316,21.8,21.8,21.1,21.1,-0.6,688,0.9263803680981595,20.1951,19.5466,19.5466,20.1951
2022-03-16,957975,20452285,21.4,21.55,21.15,21.3,0.2,582,0.9263803680981595,19.8245,19.7319,19.5929,19.9635
2022-03-17,1274173,27769158,21.75,21.9,21.6,21.75,0.45,687,0.9263803680981595,20.1488,20.1488,20.0098,20.2877
2022-03-18,870000,18932857,21.75,22.0,21.55,22.0,0.25,583,0.9263803680981595,20.1488,20.3804,19.9635,20.3804
2022-03-21,705118,15493424,22.05,22.3,21.85,21.85,-0.15,442,0.9263803680981595,20.4267,20.2414,20.2414,20.6583
2022-03-22,2165206,46748305,21.1,22.05,21.0,22.0,0.15,1029,0.9263803680981595,19.5466,20.3804,19.454,20.4267
2022-03-23,1131340,24900930,21.95,22.25,21.8,21.9,-0.1,647,0.9263803680981595,20.334,20.2877,20.1951,20.612
2022-03-24,871711,19138819,21.9,22.1,21.85,21.95,0.05,427,0.9263803680981595,20.2877,20.334,20.2414,20.473
2022-03-25,3121309,69905853,22.45,23.0,22.0,22.0,0.05,1696,0.9263803680981595,20.7972,20.3804,20.3804,21.3067
2022-03-28,3216793,72318207,22.35,22.65,22.3,22.4,0.4,1821,0.9263803680981595,20.7046,20.7509,20.6583,20.9825
2022-03-29,1427428,31868633,22.6,22.75,22.1,22.1,-0.3,813,0.9263803680981595,20.9362,20.473,20.473,21.0752
2022-03-30,904398,19957385,22.15,22.3,21.9,21.9,-0.2,545,0.9263803680981595,20.5193,20.2877,20.2877,20.6583
2022-03-31,744071,16206310,22.0,22.05,21.6,21.7,-0.2,614,0.9263803680981595,20.3804,20.1025,20.0098,20.4267
2022-04-01,580472,12470140,21.4,21.65,21.3,21.6,-0.1,432,0.9263803680981595,19.8245,20.0098,19.7319,20.0561
2022-04-06,455733,9830895,21.6,21.75,21.35,21.75,0.15,360,0.9263803680981595,20.0098,20.1488,19.7782,20.1488
2022-04-07,912546,19353557,21.5,21.6,21.0,21.0,-0.75,546,0.9263803680981595,19.9172,19.454,19.454,20.0098
2022-04-08,360756,7630763,21.1,21.3,21.1,21.1,0.1,287,0.9263803680981595,19.5466,19.5466,19.5466,19.7319
2022-04-11,1329674,27160695,21.05,21.05,20.15,20.15,-0.95,774,0.9263803680981595,19.5003,18.6666,18.6666,19.5003
2022-04-12,1117328,22608801,19.8,20.65,19.8,20.65,0.5,661,0.9263803680981595,18.3423,19.1298,18.3423,19.1298
2022-04-13,1004401,21233792,21.25,21.3,21.0,21.15,0.5,606,0.9263803680981595,19.6856,19.5929,19.454,19.7319
2022-04-14,491691,10360309,21.25,21.3,20.85,20.9,-0.25,322,0.9263803680981595,19.6856,19.3613,19.315,19.7319
2022-04-15,462426,9624605,20.9,21.0,20.7,20.7,-0.2,410,0.9263803680981595,19.3613,19.1761,19.1761,19.454
2022-04-18,1299200,27265754,20.65,21.8,20.35,20.75,0.05,907,0.9263803680981595,19.1298,19.2224,18.8518,20.1951
2022-04-19,981455,20776996,21.15,21.75,20.75,20.8,0.05,691,0.9263803680981595,19.5929,19.2687,19.2224,20.1488
2022-04-20,481326,10053789,21.1,21.1,20.75,20.85,0.05,386,0.9263803680981595,19.5466,19.315,19.2224,19.5466
2022-04-21,456981,9504160,21.0,21.05,20.65,20.7,-0.15,285,0.9263803680981595,19.454,19.1761,19.1298,19.5003
2022-04-22,717872,14628044,20.55,20.6,20.3,20.35,-0.35,425,0.9263803680981595,19.0371,18.8518,18.8055,19.0834
2022-04-25,1101531,21801008,20.0,20.0,19.6,19.7,-0.65,613,0.9263803680981595,18.5276,18.2497,18.1571,18.5276
2022-04-26,1329317,25684829,19.8,19.9,19.0,19.0,-0.7,854,0.9263803680981595,18.3423,17.6012,17.6012,18.435
2022-04-27,1773526,32075888,18.35,18.55,17.6,18.35,-0.65,878,0.9263803680981595,16.9991,16.9991,16.3043,17.1844
2022-04-28,807212,14806568,18.55,18.6,17.9,18.45,0.1,475,0.9263803680981595,17.1844,17.0917,16.5822,17.2307
2022-04-29,937035,17779426,18.95,19.35,18.8,18.9,0.45,513,0.9263803680981595,17.5549,17.5086,17.416,17.9255
2022-05-03,309445,5821298,18.9,18.95,18.65,18.8,-0.1,201,0.9263803680981595,17.5086,17.416,17.277,17.5549
2022-05-04,362573,6876186,19.0,19.25,18.8,18.9,0.1,281,0.9263803680981595,17.6012,17.5086,17.416,17.8328
2022-05-05,484200,9337888,19.2,19.5,19.15,19.25,0.35,317,0.9263803680981595,17.7865,17.8328,17.7402,18.0644
2022-05-06,2159582,39221728,18.55,18.6,17.95,17.95,-1.3,823,0.9263803680981595,17.1844,16.6285,16.6285,17.2307
2022-05-09,1287624,22649377,17.9,18.05,17.3,17.35,-0.6,716,0.9263803680981595,16.5822,16.0727,16.0264,16.7212
2022-05-10,847798,14655969,16.85,17.6,16.75,17.55,0.2,497,0.9263803680981595,15.6095,16.258,15.5169,16.3043
2022-05-11,1253901,21437308,17.6,17.6,16.85,17.1,-0.45,737,0.9263803680981595,16.3043,15.8411,15.6095,16.3043
2022-05-12,1244212,21196595,17.0,17.45,16.7,16.7,-0.4,753,0.9263803680981595,15.7485,15.4706,15.4706,16.1653
2022-05-13,873434,15058074,16.9,17.55,16.85,17.2,0.5,553,0.9263803680981595,15.6558,15.9337,15.6095,16.258
2022-05-16,604172,10595049,17.4,17.75,17.35,17.55,0.35,371,0.9263803680981595,16.119,16.258,16.0727,16.4433
2022-05-17,437770,7807697,17.7,17.95,17.55,17.85,0.3,282,0.9263803680981595,16.3969,16.5359,16.258,16.6285
2022-05-18,672515,12133727,18.0,18.2,17.8,18.1,0.25,402,0.9263803680981595,16.6748,16.7675,16.4896,16.8601
2022-05-19,425070,7543387,17.8,17.9,17.5,17.85,-0.25,280,0.9263803680981595,16.4896,16.5359,16.2117,16.5822
2022-05-20,277503,4978330,18.15,18.15,17.85,17.95,0.1,207,0.9263803680981595,16.8138,16.6285,16.5359,16.8138
2022-05-23,560494,10059030,18.05,18.1,17.85,17.9,-0.05,377,0.9263803680981595,16.7212,16.5822,16.5359,16.7675
2022-05-24,742155,13254993,18.05,18.2,17.5,17.5,-0.4,478,0.9263803680981595,16.7212,16.2117,16.2117,16.8601
2022-05-25,558187,9914822,17.5,18.0,17.45,17.7,0.2,326,0.9263803680981595,16.2117,16.3969,16.1653,16.6748
2022-05-26,528957,9463388,18.0,18.05,17.7,17.7,0.0,323,0.9263803680981595,16.6748,16.3969,16.3969,16.7212
2022-05-27,278354,4976973,17.85,18.0,17.8,17.8,0.1,237,0.9263803680981595,16.5359,16.4896,16.4896,16.6748
2022-05-30,931017,16979093,18.0,18.4,17.95,18.3,0.5,546,0.9263803680981595,16.6748,16.9528,16.6285,17.0454
2022-05-31,331261,6049618,18.5,18.5,18.1,18.25,-0.05,224,0.9263803680981595,17.138,16.9064,16.7675,17.138
2022-06-01,511139,9368642,18.3,18.5,18.25,18.25,0.0,319,0.9263803680981595,16.9528,16.9064,16.9064,17.138
2022-06-02,1093473,19974865,18.15,18.4,18.1,18.15,-0.1,341,0.9263803680981595,16.8138,16.8138,16.7675,17.0454
2022-06-06,241118,4368528,18.15,18.2,18.05,18.15,0.0,153,0.9263803680981595,16.8138,16.8138,16.7212,16.8601
2022-06-07,245022,4454759,18.15,18.3,18.1,18.15,0.0,170,0.9263803680981595,16.8138,16.8138,16.7675,16.9528
2022-06-08,331057,6017239,18.35,18.35,18.05,18.05,-0.1,205,0.9263803680981595,16.9991,16.7212,16.7212,16.9991
2022-06-09,256214,4644458,18.0,18.2,18.0,18.15,0.1,184,0.9263803680981595,16.6748,16.8138,16.6748,16.8601
2022-06-10,242477,4346772,18.0,18.05,17.85,17.95,-0.2,189,0.9263803680981595,16.6748,16.6285,16.5359,16.7212
2022-06-13,821148,14199270,17.6,17.6,17.1,17.2,-0.75,418,0.9263803680981595,16.3043,15.9337,15.8411,16.3043
2022-06-14,1506364,25085829,16.6,16.85,16.45,16.8,-0.4,761,0.9263803680981595,15.3779,15.5632,15.239,15.6095
2022-06-15,509867,8602824,16.85,17.0,16.75,16.8,0.0,320,0.9263803680981595,15.6095,15.5632,15.5169,15.7485
2022-06-16,655260,11050862,17.05,17.25,16.5,16.5,-0.3,400,0.9263803680981595,15.7948,15.2853,15.2853,15.9801
2022-06-17,1089793,17408557,15.9,16.2,15.8,15.95,-0.55,511,0.9263803680981595,14.7294,14.7758,14.6368,15.0074
2022-06-20,1553443,23907899,16.0,16.1,14.95,14.95,-1.0,840,0.9263803680981595,14.8221,13.8494,13.8494,14.9147
2022-06-21,1066831,16594256,15.05,15.95,15.05,15.9,0.95,590,0.9263803680981595,13.942,14.7294,13.942,14.7758
2022-06-22,933443,14376652,15.9,16.0,15.05,15.15,-0.75,438,0.9263803680981595,14.7294,14.0347,13.942,14.8221
2022-06-23,800573,12215068,15.5,15.6,14.85,15.1,-0.05,422,0.9263803680981595,14.3589,13.9883,13.7567,14.4515
2022-06-24,522187,8062050,15.4,15.6,15.2,15.25,0.15,316,0.9263803680981595,14.2663,14.1273,14.081,14.4515
2022-06-27,891136,14166021,15.6,16.05,15.55,15.95,0.7,424,0.9263803680981595,14.4515,14.7758,14.4052,14.8684
2022-06-28,552327,8644435,16.0,16.0,15.5,15.65,-0.3,297,0.9263803680981595,14.8221,14.4979,14.3589,14.8221
2022-06-29,240539,3728757,15.5,15.65,15.4,15.55,-0.1,155,0.9263803680981595,14.3589,14.4052,14.2663,14.4979
2022-06-30,1029018,15423453,15.7,15.7,14.75,14.8,-0.75,506,0.9263803680981595,14.5442,13.7104,13.6641,14.5442
2022-07-01,1902070,26843431,14.8,14.8,13.5,13.5,-1.3,768,0.9263803680981595,13.7104,12.5061,12.5061,13.7104
2022-07-04,1292364,18338054,14.15,14.4,13.85,14.05,0.55,630,0.9263803680981595,13.1083,13.0156,12.8304,13.3399
2022-07-05,775916,11241145,14.6,14.7,14.2,14.55,0.5,379,0.9263803680981595,13.5252,13.4788,13.1546,13.6178
2022-07-06,403433,5749896,14.65,14.65,14.1,14.1,-0.45,249,0.9263803680981595,13.5715,13.062,13.062,13.5715
2022-07-07,553554,7892825,14.65,14.65,13.85,14.4,0.3,327,0.9263803680981595,13.5715,13.3399,12.8304,13.5715
2022-07-08,726423,10751356,14.45,15.0,14.45,14.9,0.5,392,0.9263803680981595,13.3862,13.8031,13.3862,13.8957
2022-07-11,278153,4101852,14.75,14.9,14.55,14.8,-0.1,155,0.9263803680981595,13.6641,13.7104,13.4788,13.8031
2022-07-12,651059,9172975,14.45,14.45,14.0,14.0,-0.8,282,0.9263803680981595,13.3862,12.9693,12.9693,13.3862
2022-07-13,522202,7554345,14.35,14.6,14.3,14.5,0.5,253,0.9263803680981595,13.2936,13.4325,13.2472,13.5252
2022-07-14,358288,5247627,14.5,14.8,14.2,14.75,0.25,208,0.9263803680981595,13.4325,13.6641,13.1546,13.7104
2022-07-15,311196,4594583,14.8,14.85,14.65,14.75,0.0,200,0.9263803680981595,13.7104,13.6641,13.5715,13.7567
2022-07-18,600581,9085842,14.95,15.2,14.8,15.1,0.35,302,0.9263803680981595,13.8494,13.9883,13.7104,14.081
2022-07-19,4679314,76907243,15.25,16.6,15.2,16.6,1.5,1828,0.9263803680981595,14.1273,15.3779,14.081,15.3779
2022-07-20,11270439,193224813,17.4,17.75,16.6,16.7,0.1,5482,0.9263803680981595,16.119,15.4706,15.3779,16.4433
2022-07-21,2115942,34701224,16.7,16.7,16.2,16.45,-0.25,1243,0.9263803680981595,15.4706,15.239,15.0074,15.4706
2022-07-22,1456109,23981001,16.6,16.9,16.2,16.5,0.05,836,0.9263803680981595,15.3779,15.2853,15.0074,15.6558
2022-07-25,1055729,17158968,16.1,16.6,16.05,16.45,-0.05,646,0.9263803680981595,14.9147,15.239,14.8684,15.3779
2022-07-26,2162182,33985690,16.35,16.35,15.35,15.4,-1.05,1285,0.9263803680981595,15.1463,14.2663,14.2199,15.1463
2022-07-27,1713141,26275226,15.05,15.6,15.05,15.55,0.15,746,0.9263803680981595,13.942,14.4052,13.942,14.4515
2022-07-28,5047123,76166043,15.6,15.65,14.75,14.8,-0.75,2169,0.9263803680981595,14.4515,13.7104,13.6641,14.4979
2022-07-29,19343674,294806072,14.95,15.95,14.9,14.9,0.1,5077,0.9263803680981595,13.8494,13.8031,13.8031,14.7758
2022-08-01,2570089,38639613,14.9,15.2,14.8,15.2,0.3,1143,0.9263803680981595,13.8031,14.081,13.7104,14.081
2022-08-02,1588624,23532190,15.05,15.1,14.7,14.8,-0.4,788,0.9263803680981595,13.942,13.7104,13.6178,13.9883
2022-08-03,980026,14506853,14.85,15.0,14.6,14.65,-0.15,541,0.9263803680981595,13.7567,13.5715,13.5252,13.8957
2022-08-04,1602686,23343948,14.75,14.95,14.2,14.45,-0.2,796,0.9263803680981595,13.6641,13.3862,13.1546,13.8494
2022-08-05,1249523,18478026,14.75,15.0,14.4,14.75,0.3,594,0.9263803680981595,13.6641,13.6641,13.3399,13.8957
2022-08-08,1305483,19575034,14.95,15.2,14.7,15.15,0.4,651,0.9263803680981595,13.8494,14.0347,13.6178,14.081
2022-08-09,1897544,28995212,15.3,15.6,15.1,15.1,-0.05,1013,0.9263803680981595,14.1736,13.9883,13.9883,14.4515
2022-08-10,942000,14304389,15.05,15.3,15.0,15.3,0.2,490,0.9263803680981595,13.942,14.1736,13.8957,14.1736
2022-08-11,1440617,22329642,15.65,15.75,15.4,15.4,0.1,716,0.9263803680981595,14.4979,14.2663,14.2663,14.5905
2022-08-12,1941351,30192682,15.55,15.7,15.4,15.6,0.2,775,0.9263803680981595,14.4052,14.4515,14.2663,14.5442
2022-08-15,2441066,38718417,15.8,16.05,15.65,16.0,0.4,987,0.9263803680981595,14.6368,14.8221,14.4979,14.8684
2022-08-16,1717984,27350886,16.1,16.1,15.8,15.8,-0.2,863,0.9263803680981595,14.9147,14.6368,14.6368,14.9147
2022-08-17,3265749,52902629,15.9,16.4,15.9,16.3,0.5,1335,0.9263803680981595,14.7294,15.1,14.7294,15.1926
2022-08-18,1465470,22187761,15.15,15.25,15.0,15.15,0.0,760,1.0,15.15,15.15,15.0,15.25
2022-08-19,1101176,16651552,15.2,15.25,15.0,15.1,-0.05,539,1.0,15.2,15.1,15.0,15.25
2022-08-22,1074877,15957791,14.95,14.95,14.75,14.8,-0.3,532,1.0,14.95,14.8,14.75,14.95
2022-08-23,847014,12350757,14.85,14.85,14.5,14.55,-0.25,402,1.0,14.85,14.55,14.5,14.85
2022-08-24,536519,7894301,14.6,14.85,14.6,14.65,0.1,303,1.0,14.6,14.65,14.6,14.85
2022-08-25,1023946,15336434,14.75,15.05,14.75,15.05,0.4,463,1.0,14.75,15.05,14.75,15.05
2022-08-26,940674,14220260,15.2,15.25,15.0,15.1,0.05,447,1.0,15.2,15.1,15.0,15.25
2022-08-29,757704,11028868,14.6,14.65,14.45,14.6,-0.5,424,1.0,14.6,14.6,14.45,14.65
2022-08-30,753457,11176850,14.65,15.0,14.6,15.0,0.4,366,1.0,14.65,15.0,14.6,15.0
2022-08-31,895639,13528592,15.05,15.25,14.95,15.15,0.15,417,1.0,15.05,15.15,14.95,15.25
2022-09-01,745043,11108920,15.15,15.15,14.75,14.85,-0.3,340,1.0,15.15,14.85,14.75,15.15
2022-09-02,561449,8398270,14.9,15.05,14.85,14.9,0.05,259,1.0,14.9,14.9,14.85,15.05
2022-09-05,836278,12167009,14.8,14.8,14.4,14.45,-0.45,396,1.0,14.8,14.45,14.4,14.8
2022-09-06,1086566,15420612,14.5,14.65,14.0,14.0,-0.45,524,1.0,14.5,14.0,14.0,14.65
2022-09-07,792440,11036606,14.0,14.1,13.8,13.9,-0.1,316,1.0,14.0,13.9,13.8,14.1
2022-09-08,532274,7481510,14.05,14.15,13.95,14.05,0.15,240,1.0,14.05,14.05,13.95,14.15
2022-09-12,1292580,18711477,14.7,14.8,14.2,14.2,0.15,601,1.0,14.7,14.2,14.2,14.8
2022-09-13,1287474,18810403,14.4,14.75,14.4,14.65,0.45,619,1.0,14.4,14.65,14.4,14.75
2022-09-14,459058,6611549,14.3,14.55,14.2,14.55,-0.1,249,1.0,14.3,14.55,14.2,14.55
2022-09-15,397155,5774550,14.5,14.65,14.45,14.5,-0.05,220,1.0,14.5,14.5,14.45,14.65
2022-09-16,405693,5835513,14.6,14.6,14.3,14.3,-0.2,212,1.0,14.6,14.3,14.3,14.6
2022-09-19,586455,8327856,14.25,14.4,14.05,14.05,-0.25,270,1.0,14.25,14.05,14.05,14.4
2022-09-20,375162,5291442,14.2,14.3,14.0,14.1,0.05,186,1.0,14.2,14.1,14.0,14.3
2022-09-21,588657,8176670,14.0,14.05,13.8,13.8,-0.3,293,1.0,14.0,13.8,13.8,14.05
2022-09-22,561734,7598125,13.8,13.8,13.35,13.65,-0.15,338,1.0,13.8,13.65,13.35,13.8
2022-09-23,620173,8361241,13.65,13.75,13.3,13.3,-0.35,361,1.0,13.65,13.3,13.3,13.75
2022-09-26,1837371,22831938,13.05,13.05,12.05,12.1,-1.2,903,1.0,13.05,12.1,12.05,13.05
2022-09-27,6490722,80183178,11.85,12.5,11.85,12.5,0.4,1058,1.0,11.85,12.5,11.85,12.5
2022-09-28,1981124,23607394,12.45,12.5,11.6,11.6,-0.9,878,1.0,12.45,11.6,11.6,12.5
2022-09-29,1186147,14290540,12.1,12.25,11.85,12.15,0.55,507,1.0,12.1,12.15,11.85,12.25
2022-09-30,685443,8232151,11.9,12.3,11.65,12.25,0.1,346,1.0,11.9,12.25,11.65,12.3
2022-11-01,1178342,15118732,12.9,12.9,12.65,12.85,0.05,550,1.0,12.9,12.85,12.65,12.9
2022-11-02,1701011,22016591,13.0,13.1,12.8,12.95,0.1,674,1.0,13.0,12.95,12.8,13.1
2022-11-03,1771075,23126876,12.85,13.3,12.7,13.15,0.2,772,1.0,12.85,13.15,12.7,13.3
2022-11-04,1423784,18629856,13.15,13.25,12.95,13.1,-0.05,582,1.0,13.15,13.1,12.95,13.25
2022-11-07,6512913,91723904,13.25,14.4,13.25,14.4,1.3,2220,1.0,13.25,14.4,13.25,14.4
2022-11-08,19884294,290232814,14.95,15.45,13.8,14.1,-0.3,7738,1.0,14.95,14.1,13.8,15.45
2022-11-09,33855043,495674582,14.1,15.0,14.1,14.45,0.35,6702,1.0,14.1,14.45,14.1,15.0
2022-11-10,5260959,74325645,14.45,14.45,13.8,14.0,-0.45,2192,1.0,14.45,14.0,13.8,14.45
2022-11-11,3634912,51044184,14.55,14.7,13.6,13.6,-0.4,1610,1.0,14.55,13.6,13.6,14.7
2022-11-14,2102879,28706338,13.5,13.85,13.45,13.7,0.1,992,1.0,13.5,13.7,13.45,13.85
2022-11-15,1817722,24781052,13.8,13.8,13.4,13.8,0.1,763,1.0,13.8,13.8,13.4,13.8
2022-11-16,6504847,93080547,13.8,14.75,13.8,14.05,0.25,3163,1.0,13.8,14.05,13.8,14.75
2022-11-17,2115399,29719350,14.05,14.25,13.8,14.2,0.15,1038,1.0,14.05,14.2,13.8,14.25
2022-11-18,2836932,40587333,14.3,14.6,14.05,14.05,-0.15,1287,1.0,14.3,14.05,14.05,14.6
2022-11-21,1493478,20752678,14.15,14.2,13.7,13.75,-0.3,724,1.0,14.15,13.75,13.7,14.2
2022-11-22,1028773,14196165,13.8,14.0,13.7,13.8,0.05,552,1.0,13.8,13.8,13.7,14.0
2022-11-23,3023675,42803981,13.95,14.35,13.9,13.9,0.1,1517,1.0,13.95,13.9,13.9,14.35
2022-11-24,974014,13590755,14.0,14.2,13.8,14.0,0.1,526,1.0,14.0,14.0,13.8,14.2
2022-11-25,2513196,35629838,14.05,14.45,13.9,13.9,-0.1,1148,1.0,14.05,13.9,13.9,14.45
2022-11-28,842174,11720082,13.95,14.1,13.85,13.85,-0.05,390,1.0,13.95,13.85,13.85,14.1
2022-11-29,1610988,22080185,13.85,13.9,13.5,13.85,0.0,661,1.0,13.85,13.85,13.5,13.9
2022-11-30,2238045,31560811,13.7,14.3,13.7,14.15,0.3,963,1.0,13.7,14.15,13.7,14.3
2022-12-01,2371129,33936001,14.45,14.45,14.15,14.3,0.15,958,1.0,14.45,14.3,14.15,14.45
2022-12-02,1193979,17143579,14.35,14.5,14.25,14.3,0.0,514,1.0,14.35,14.3,14.25,14.5
2022-12-05,3374150,48854953,14.35,14.8,14.25,14.25,-0.05,1301,1.0,14.35,14.25,14.25,14.8
2022-12-06,1352472,19052721,14.25,14.4,13.9,13.9,-0.35,638,1.0,14.25,13.9,13.9,14.4
2022-12-07,1102590,15052648,14.0,14.05,13.45,13.55,-0.35,621,1.0,14.0,13.55,13.45,14.05
2022-12-08,600079,8168523,13.55,13.7,13.5,13.7,0.15,301,1.0,13.55,13.7,13.5,13.7
2022-12-09,600664,8247592,13.85,13.9,13.65,13.65,-0.05,346,1.0,13.85,13.65,13.65,13.9
2022-12-12,296323,4000979,13.7,13.7,13.4,13.55,-0.1,199,1.0,13.7,13.55,13.4,13.7
2022-12-13,637513,8628349,13.7,13.7,13.45,13.45,-0.1,357,1.0,13.7,13.45,13.45,13.7
2022-12-14,11143004,160772133,13.65,14.7,13.65,14.45,1.0,4962,1.0,13.65,14.45,13.65,14.7
2022-12-15,16579332,243198185,14.55,15.3,14.2,14.6,0.15,6871,1.0,14.55,14.6,14.2,15.3
2022-12-16,3989911,56438697,14.4,14.45,13.95,14.0,-0.6,1681,1.0,14.4,14.0,13.95,14.45
2022-12-19,1193048,16439766,13.8,14.0,13.65,13.7,-0.3,665,1.0,13.8,13.7,13.65,14.0
2022-12-20,2642316,36310747,13.75,14.25,13.3,13.4,-0.3,1226,1.0,13.75,13.4,13.3,14.25
2022-12-21,742216,10006016,13.5,13.6,13.3,13.5,0.1,409,1.0,13.5,13.5,13.3,13.6
2022-12-22,536472,7268384,13.6,13.7,13.45,13.55,0.05,313,1.0,13.6,13.55,13.45,13.7
2022-12-23,558813,7527329,13.45,13.6,13.3,13.55,0.0,286,1.0,13.45,13.55,13.3,13.6
2022-12-26,538225,7294697,13.65,13.75,13.45,13.5,-0.05,271,1.0,13.65,13.5,13.45,13.75
2022-12-27,477754,6472694,13.6,13.65,13.45,13.55,0.05,235,1.0,13.6,13.55,13.45,13.65
2022-12-28,959399,12693696,13.5,13.5,13.05,13.1,-0.45,464,1.0,13.5,13.1,13.05,13.5
2022-12-29,3505233,47056294,13.05,13.85,12.8,13.5,0.4,1533,1.0,13.05,13.5,12.8,13.85
2022-12-30,919621,12332864,13.6,13.7,13.3,13.3,-0.2,539,1.0,13.6,13.3,13.3,13.7
2023-01-03,8033481,112348955,13.45,14.35,13.45,13.7,0.4,3834,1.0,13.45,13.7,13.45,14.35
2023-01-04,1619517,22281830,13.75,13.9,13.65,13.75,0.05,841,1.0,13.75,13.75,13.65,13.9
2023-01-05,1845634,25644133,14.0,14.1,13.7,13.7,-0.05,874,1.0,14.0,13.7,13.7,14.1
2023-01-06,626603,8591829,13.75,13.8,13.6,13.8,0.1,361,1.0,13.75,13.8,13.6,13.8
2023-01-09,735347,10169388,13.95,14.0,13.75,13.8,0.0,405,1.0,13.95,13.8,13.75,14.0
2023-01-10,669969,9276077,13.95,13.95,13.75,13.85,0.05,360,1.0,13.95,13.85,13.75,13.95
2023-01-11,1566781,21901702,13.95,14.3,13.8,13.8,-0.05,702,1.0,13.95,13.8,13.8,14.3
2023-01-12,644140,8866391,13.9,13.95,13.65,13.65,-0.15,335,1.0,13.9,13.65,13.65,13.95
2023-01-13,4096788,57028887,13.9,14.3,13.55,13.55,-0.1,1912,1.0,13.9,13.55,13.55,14.3
2023-01-16,3389897,47097344,13.9,14.15,13.7,13.75,0.2,1818,1.0,13.9,13.75,13.7,14.15
2023-01-17,979881,13524056,13.85,14.0,13.7,13.8,0.05,549,1.0,13.85,13.8,13.7,14.0
2023-01-30,5110438,72852592,14.2,14.45,13.95,14.3,0.5,2029,1.0,14.2,14.3,13.95,14.45
2023-01-31,1311770,18704725,14.15,14.35,14.1,14.35,0.05,691,1.0,14.15,14.35,14.1,14.35
2023-02-01,1522303,21874614,14.4,14.5,14.2,14.4,0.05,649,1.0,14.4,14.4,14.2,14.5
2023-02-02,2756267,40347867,14.65,14.85,14.5,14.55,0.15,1228,1.0,14.65,14.55,14.5,14.85
2023-02-03,1565684,22897121,14.65,14.75,14.55,14.7,0.15,717,1.0,14.65,14.7,14.55,14.75
2023-02-06,782186,11397319,14.6,14.75,14.45,14.5,-0.2,444,1.0,14.6,14.5,14.45,14.75
2023-02-07,836410,12200483,14.5,14.7,14.45,14.6,0.1,454,1.0,14.5,14.6,14.45,14.7
2023-02-08,1173225,17226507,14.75,14.8,14.6,14.65,0.05,563,1.0,14.75,14.65,14.6,14.8
2023-02-09,1039887,15308634,14.75,14.8,14.65,14.65,0.0,465,1.0,14.75,14.65,14.65,14.8
2023-02-10,1242585,17752825,14.65,14.65,14.1,14.1,-0.55,642,1.0,14.65,14.1,14.1,14.65
2023-02-13,6465350,94461656,14.6,14.9,14.3,14.4,0.3,2297,1.0,14.6,14.4,14.3,14.9
2023-02-14,1092681,15775341,14.4,14.55,14.3,14.5,0.1,602,1.0,14.4,14.5,14.3,14.55
2023-02-15,848695,12319061,14.6,14.65,14.4,14.5,0.0,469,1.0,14.6,14.5,14.4,14.65
2023-02-16,5984854,89825145,14.9,15.4,14.85,14.9,0.4,2542,1.0,14.9,14.9,14.85,15.4
2023-02-17,2269742,33978638,14.75,15.1,14.7,15.05,0.15,1104,1.0,14.75,15.05,14.7,15.1
2023-02-20,1262001,18959576,15.15,15.2,14.95,15.05,0.0,750,1.0,15.15,15.05,14.95,15.2
2023-02-21,1554979,23381572,15.15,15.2,14.9,14.9,-0.15,748,1.0,15.15,14.9,14.9,15.2
2023-02-22,1188254,17545230,14.8,14.9,14.6,14.8,-0.1,576,1.0,14.8,14.8,14.6,14.9
2023-02-23,16392099,259661940,15.0,16.25,15.0,16.25,1.45,5713,1.0,15.0,16.25,15.0,16.25
2023-02-24,13427750,215557533,16.35,16.75,15.55,15.75,-0.5,6203,1.0,16.35,15.75,15.55,16.75
2023-03-01,2293575,35330705,15.65,15.65,15.2,15.35,-0.4,1450,1.0,15.65,15.35,15.2,15.65
2023-03-02,1408055,21722741,15.55,15.6,15.3,15.4,0.05,737,1.0,15.55,15.4,15.3,15.6
2023-03-03,1944393,30277273,15.55,15.7,15.4,15.6,0.2,1040,1.0,15.55,15.6,15.4,15.7
2023-03-06,1221991,19214969,15.8,15.85,15.65,15.7,0.1,725,1.0,15.8,15.7,15.65,15.85
2023-03-07,2622314,41420881,15.75,15.95,15.6,15.75,0.05,933,1.0,15.75,15.75,15.6,15.95
2023-03-08,1840392,29124900,15.65,15.95,15.6,15.95,0.2,821,1.0,15.65,15.95,15.6,15.95
2023-03-09,1541718,24475597,15.9,16.1,15.7,15.75,-0.2,800,1.0,15.9,15.75,15.7,16.1
2023-03-10,1795761,28137070,15.75,15.75,15.5,15.6,-0.15,749,1.0,15.75,15.6,15.5,15.75
2023-03-13,2700390,42372220,15.55,15.95,15.25,15.8,0.2,1258,1.0,15.55,15.8,15.25,15.95
2023-03-14,6247353,100360705,16.1,16.4,15.65,15.65,-0.15,2960,1.0,16.1,15.65,15.65,16.4
2023-03-15,9628817,156770154,15.8,16.55,15.8,16.2,0.55,3937,1.0,15.8,16.2,15.8,16.55
2023-03-16,3060741,48882617,16.05,16.15,15.7,16.0,-0.2,1424,1.0,16.05,16.0,15.7,16.15
2023-03-17,9995529,164818192,16.15,16.7,16.15,16.55,0.55,4172,1.0,16.15,16.55,16.15,16.7
2023-03-20,4677897,77750470,16.8,16.95,16.4,16.4,-0.15,2122,1.0,16.8,16.4,16.4,16.95
2023-03-21,10287604,176257509,16.6,17.5,16.45,17.2,0.8,4477,1.0,16.6,17.2,16.45,17.5
2023-03-22,4183924,71977166,17.2,17.45,17.05,17.1,-0.1,1952,1.0,17.2,17.1,17.05,17.45
2023-03-23,3316710,56796389,17.1,17.45,16.85,17.05,-0.05,1666,1.0,17.1,17.05,16.85,17.45
2023-03-24,2256332,38661376,17.1,17.25,17.0,17.2,0.15,965,1.0,17.1,17.2,17.0,17.25
2023-03-27,2681862,45098106,17.05,17.15,16.65,16.7,-0.5,1236,1.0,17.05,16.7,16.65,17.15
2023-03-28,2412595,39628159,16.8,16.8,16.25,16.25,-0.45,1116,1.0,16.8,16.25,16.25,16.8
2023-03-29,1237942,20222214,16.35,16.55,16.15,16.25,0.0,705,1.0,16.35,16.25,16.15,16.55
2023-03-30,871027,14210493,16.5,16.5,16.2,16.25,0.0,499,1.0,16.5,16.25,16.2,16.5
2023-03-31,1597401,25565013,16.35,16.35,15.9,15.95,-0.3,1025,1.0,16.35,15.95,15.9,16.35
2023-04-06,938461,14894437,16.2,16.2,15.7,15.85,-0.1,652,1.0,16.2,15.85,15.7,16.2
2023-04-07,779151,12365934,15.9,16.0,15.8,15.85,0.0,449,1.0,15.9,15.85,15.8,16.0
2023-04-10,899165,14433358,16.1,16.15,16.0,16.05,0.2,527,1.0,16.1,16.05,16.0,16.15
2023-04-11,1169532,18886060,16.3,16.3,16.05,16.05,0.0,569,1.0,16.3,16.05,16.05,16.3
2023-04-12,3035596,49923447,16.25,16.6,16.25,16.5,0.45,1508,1.0,16.25,16.5,16.25,16.6
2023-04-13,1646553,26739415,16.3,16.35,16.1,16.2,-0.3,828,1.0,16.3,16.2,16.1,16.35
2023-04-14,1344553,21985425,16.4,16.55,16.2,16.2,0.0,878,1.0,16.4,16.2,16.2,16.55
2023-04-17,1315035,21197107,16.25,16.25,16.0,16.05,-0.15,881,1.0,16.25,16.05,16.0,16.25
2023-04-18,1381067,21921428,16.05,16.05,15.75,15.8,-0.25,1537,1.0,16.05,15.8,15.75,16.05
2023-04-19,892623,14122097,15.9,15.95,15.7,15.75,-0.05,1367,1.0,15.9,15.75,15.7,15.95
2023-04-20,1205362,18791593,15.8,15.8,15.45,15.45,-0.3,589,1.0,15.8,15.45,15.45,15.8
2023-04-21,1229340,18710875,15.55,15.6,15.0,15.0,-0.45,646,1.0,15.55,15.0,15.0,15.6
2023-04-24,637120,9760767,15.1,15.5,15.05,15.4,0.4,416,1.0,15.1,15.4,15.05,15.5
2023-04-25,1221464,18320664,15.4,15.4,14.8,14.8,-0.6,509,1.0,15.4,14.8,14.8,15.4
2023-04-26,808967,12124184,14.8,15.15,14.8,15.1,0.3,394,1.0,14.8,15.1,14.8,15.15
2023-04-27,833428,12746980,15.4,15.45,15.05,15.25,0.15,463,1.0,15.4,15.25,15.05,15.45
2023-04-28,521461,8032571,15.35,15.5,15.3,15.4,0.15,299,1.0,15.35,15.4,15.3,15.5
2023-05-02,817475,12669792,15.4,15.6,15.3,15.6,0.2,370,1.0,15.4,15.6,15.3,15.6
2023-05-03,764195,11775649,15.6,15.65,15.2,15.2,-0.4,328,1.0,15.6,15.2,15.2,15.65
2023-05-04,342729,5219313,15.3,15.35,15.1,15.25,0.05,204,1.0,15.3,15.25,15.1,15.35
2023-05-05,386499,5894257,15.25,15.4,15.15,15.2,-0.05,195,1.0,15.25,15.2,15.15,15.4
2023-05-08,445698,6828669,15.25,15.45,15.25,15.3,0.1,207,1.0,15.25,15.3,15.25,15.45
2023-05-09,556287,8450108,15.35,15.35,15.1,15.1,-0.2,228,1.0,15.35,15.1,15.1,15.35
2023-05-10,578374,8794163,15.15,15.35,15.05,15.35,0.25,258,1.0,15.15,15.35,15.05,15.35
2023-05-11,1001659,14989367,15.3,15.3,14.8,14.85,-0.5,445,1.0,15.3,14.85,14.8,15.3
2023-05-12,356423,5286267,14.8,15.1,14.6,15.05,0.2,172,1.0,14.8,15.05,14.6,15.1
2023-05-15,591411,8929605,15.0,15.25,15.0,15.2,0.15,265,1.0,15.0,15.2,15.0,15.25
2023-05-16,874633,13486172,15.2,15.55,15.2,15.45,0.25,424,1.0,15.2,15.45,15.2,15.55
2023-05-17,757309,11774668,15.4,15.65,15.4,15.55,0.1,323,1.0,15.4,15.55,15.4,15.65
2023-05-18,816203,12753477,15.65,15.8,15.55,15.6,0.05,387,1.0,15.65,15.6,15.55,15.8
2023-05-19,7480318,123565902,16.0,17.0,16.0,16.15,0.55,3008,1.0,16.0,16.15,16.0,17.0
2023-05-22,12436520,215790416,16.35,17.75,16.3,17.75,1.6,4814,1.0,16.35,17.75,16.3,17.75
2023-05-23,18772438,360020375,18.8,19.5,18.6,19.5,1.75,7082,1.0,18.8,19.5,18.6,19.5
2023-05-24,35394085,706293418,20.3,20.35,19.55,19.9,0.4,13395,1.0,20.3,19.9,19.55,20.35
2023-05-25,23521187,487939979,20.05,21.5,20.05,20.65,0.75,10215,1.0,20.05,20.65,20.05,21.5
2023-05-26,16109150,335990898,20.65,21.65,20.25,20.65,0.0,7189,1.0,20.65,20.65,20.25,21.65
2023-05-29,17924437,372778340,21.25,21.35,20.2,20.8,0.15,7365,1.0,21.25,20.8,20.2,21.35
2023-05-30,22648015,468358675,20.9,21.35,19.8,20.0,-0.8,9547,1.0,20.9,20.0,19.8,21.35
2023-05-31,7307436,146897948,20.25,20.45,19.8,19.8,-0.2,3301,1.0,20.25,19.8,19.8,20.45
2023-06-01,5087698,101266993,19.85,20.15,19.5,20.1,0.3,2235,1.0,19.85,20.1,19.5,20.15
2023-06-02,12129106,250770165,20.15,21.2,19.95,20.6,0.5,6007,1.0,20.15,20.6,19.95,21.2
2023-06-05,18587142,408438734,20.8,22.65,20.8,22.65,2.05,6743,1.0,20.8,22.65,20.8,22.65
2023-06-06,35074367,780903866,22.85,23.4,21.45,21.6,-1.05,13887,1.0,22.85,21.6,21.45,23.4
2023-06-07,9403434,202103307,21.85,22.2,21.1,21.15,-0.45,4826,1.0,21.85,21.15,21.1,22.2
2023-06-08,9979226,214533576,21.15,21.9,20.9,21.35,0.2,4995,1.0,21.15,21.35,20.9,21.9
2023-06-09,25987462,590776175,21.55,23.4,21.45,22.7,1.35,13028,1.0,21.55,22.7,21.45,23.4
2023-06-12,13889167,315903203,22.95,23.3,22.15,22.4,-0.3,7163,1.0,22.95,22.4,22.15,23.3
2023-06-13,9300542,211548164,22.95,23.2,22.4,22.55,0.15,4426,1.0,22.95,22.55,22.4,23.2
2023-06-14,12459746,286525378,23.0,23.3,22.6,23.2,0.65,5857,1.0,23.0,23.2,22.6,23.3
2023-06-15,17059257,399033865,23.55,24.2,22.8,23.1,-0.1,8387,1.0,23.55,23.1,22.8,24.2
2023-06-16,6731196,152393585,23.05,23.05,22.4,22.6,-0.5,3362,1.0,23.05,22.6,22.4,23.05
2023-06-19,3763275,83924244,22.5,22.6,22.15,22.3,-0.3,1989,1.0,22.5,22.3,22.15,22.6
2023-06-20,3902354,87400616,22.3,22.7,22.1,22.6,0.3,1820,1.0,22.3,22.6,22.1,22.7
2023-06-21,10281112,236290895,22.8,23.3,22.7,22.95,0.35,4711,1.0,22.8,22.95,22.7,23.3
2023-06-26,4680207,106269913,23.05,23.25,22.3,22.3,-0.65,2188,1.0,23.05,22.3,22.3,23.25
2023-06-27,3109800,68814881,22.45,22.65,21.75,21.85,-0.45,1625,1.0,22.45,21.85,21.75,22.65
2023-06-28,3456725,77530692,22.05,22.8,22.05,22.3,0.45,1662,1.0,22.05,22.3,22.05,22.8
2023-06-29,4778755,108906480,22.5,22.95,22.4,22.95,0.65,2136,1.0,22.5,22.95,22.4,22.95
2023-06-30,4357624,100435049,23.0,23.3,22.6,23.2,0.25,2178,1.0,23.0,23.2,22.6,23.3
2023-07-03,8019008,203324068,24.25,25.5,24.15,25.5,2.3,2646,1.0,24.25,25.5,24.15,25.5
2023-07-04,35197266,939431279,28.0,28.0,25.8,26.55,1.05,15461,1.0,28.0,26.55,25.8,28.0
2023-07-05,11704068,299598413,26.55,26.6,25.0,25.35,-1.2,6404,1.0,26.55,25.35,25.0,26.6
2023-07-06,6134131,155117863,24.8,25.85,24.65,25.35,0.0,3395,1.0,24.8,25.35,24.65,25.85
2023-07-07,5504866,136723549,25.0,25.4,24.4,24.9,-0.45,2800,1.0,25.0,24.9,24.4,25.4
2023-07-10,5402013,136063716,25.0,25.8,24.55,25.0,0.1,2949,1.0,25.0,25.0,24.55,25.8
2023-07-11,7382777,185495530,24.7,25.7,24.7,25.2,0.2,3559,1.0,24.7,25.2,24.7,25.7
2023-07-12,28736470,764999960,25.85,27.2,25.7,26.75,1.55,14211,1.0,25.85,26.75,25.7,27.2
2023-07-13,17298430,457823965,27.0,27.4,25.55,26.5,-0.25,8611,1.0,27.0,26.5,25.55,27.4
2023-07-14,11024986,293204892,26.4,27.1,26.0,26.7,0.2,5394,1.0,26.4,26.7,26.0,27.1
2023-07-17,13808803,373759220,27.0,27.7,26.55,26.7,0.0,6944,1.0,27.0,26.7,26.55,27.7
2023-07-18,35980691,993894621,27.5,28.6,26.2,27.75,1.05,17315,1.0,27.5,27.75,26.2,28.6
2023-07-19,14215140,389027213,28.25,28.5,26.65,26.85,-0.9,7197,1.0,28.25,26.85,26.65,28.5
2023-07-20,6166197,165175779,26.7,27.35,26.35,26.55,-0.3,3655,1.0,26.7,26.55,26.35,27.35
2023-07-21,8511544,229215619,26.0,27.4,25.7,27.1,0.55,4291,1.0,26.0,27.1,25.7,27.4
2023-07-24,5711041,153541908,27.2,27.45,26.45,27.0,-0.1,3199,1.0,27.2,27.0,26.45,27.45
2023-07-25,15264335,424277138,26.75,28.15,26.75,27.85,0.85,7916,1.0,26.75,27.85,26.75,28.15
2023-07-26,10322342,277927955,27.95,28.1,26.35,26.4,-1.45,5720,1.0,27.95,26.4,26.35,28.1
2023-07-27,5067589,134048705,26.5,26.8,26.2,26.45,0.05,2566,1.0,26.5,26.45,26.2,26.8
2023-07-28,8246790,211647300,26.4,26.7,25.1,25.4,-1.05,4319,1.0,26.4,25.4,25.1,26.7
2023-07-31,5533570,141107058,25.8,26.15,24.75,25.15,-0.25,2814,1.0,25.8,25.15,24.75,26.15
2023-08-01,5896832,145377661,25.4,25.6,23.5,24.75,-0.4,2899,1.0,25.4,24.75,23.5,25.6
2023-08-02,4022005,96750391,25.0,25.0,23.5,23.75,-1.0,2226,1.0,25.0,23.75,23.5,25.0
2023-08-04,2297134,54103276,23.9,23.9,23.05,23.45,-0.3,1460,1.0,23.9,23.45,23.05,23.9
2023-08-07,2676162,63530321,23.55,24.2,23.1,23.9,0.45,1612,1.0,23.55,23.9,23.1,24.2
2023-08-08,2274166,53329584,23.95,23.95,23.15,23.4,-0.5,1332,1.0,23.95,23.4,23.15,23.95
2023-08-09,3268731,77351503,23.3,24.2,23.25,23.45,0.05,1874,1.0,23.3,23.45,23.25,24.2
2023-08-10,3938791,89210806,23.45,23.45,22.3,22.5,-0.95,2059,1.0,23.45,22.5,22.3,23.45
2023-08-11,2222061,50155891,22.6,22.95,22.4,22.45,-0.05,1088,1.0,22.6,22.45,22.4,22.95
2023-08-14,2253790,49630360,22.4,22.4,21.75,21.95,-0.5,1061,1.0,22.4,21.95,21.75,22.4
2023-08-15,2343552,52917195,22.45,22.75,22.35,22.55,0.6,1159,1.0,22.45,22.55,22.35,22.75
2023-08-16,1712370,38299396,22.5,22.7,21.85,22.65,0.1,989,1.0,22.5,22.65,21.85,22.7
2023-08-17,10988307,259412284,22.5,24.2,22.15,24.2,1.55,5460,1.0,22.5,24.2,22.15,24.2
2023-08-18,6278013,150390822,23.95,24.5,23.5,23.6,-0.6,3298,1.0,23.95,23.6,23.5,24.5
2023-08-21,1761795,41120177,23.6,23.85,23.15,23.2,-0.4,1077,1.0,23.6,23.2,23.15,23.85
2023-08-22,2548767,58868339,23.45,23.65,22.8,22.85,-0.35,1297,1.0,23.45,22.85,22.8,23.65
2023-08-23,1793661,41526297,22.95,23.4,22.9,23.25,0.4,1018,1.0,22.95,23.25,22.9,23.4
2023-08-24,21075638,526246449,24.0,25.55,23.65,25.4,2.15,9767,1.0,24.0,25.4,23.65,25.55
2023-08-25,7682671,186278135,24.55,24.55,24.0,24.05,-1.35,4358,1.0,24.55,24.05,24.0,24.55
2023-08-28,4718628,110389125,24.05,24.25,23.0,23.1,-0.95,2577,1.0,24.05,23.1,23.0,24.25
2023-08-29,2023666,46910494,23.3,23.4,22.9,23.35,0.25,1158,1.0,23.3,23.35,22.9,23.4
2023-08-30,3992829,95686654,24.2,24.65,23.5,23.5,0.15,2391,1.0,24.2,23.5,23.5,24.65
2023-08-31,1920883,44951905,23.4,23.6,23.2,23.5,0.0,1041,1.0,23.4,23.5,23.2,23.6
2023-09-01,8758843,211973232,23.5,24.65,23.45,24.2,0.7,4609,1.0,23.5,24.2,23.45,24.65
2023-09-04,2300593,55153428,24.25,24.35,23.75,23.9,-0.3,1286,1.0,24.25,23.9,23.75,24.35
2023-09-05,1452543,34839193,23.75,24.1,23.75,24.1,0.2,1010,1.0,23.75,24.1,23.75,24.1
2023-09-06,1796449,43139122,24.15,24.45,23.8,23.8,-0.3,1192,1.0,24.15,23.8,23.8,24.45
2023-09-07,3124952,74448355,23.65,24.15,23.5,24.0,0.2,1336,1.0,23.65,24.0,23.5,24.15
2023-09-08,1582408,37446794,23.7,24.0,23.5,23.5,-0.5,822,1.0,23.7,23.5,23.5,24.0
2023-09-11,3133734,71386257,23.4,23.5,22.4,22.4,-1.1,1800,1.0,23.4,22.4,22.4,23.5
2023-09-12,1398334,31833673,22.85,23.05,22.55,22.55,0.15,906,1.0,22.85,22.55,22.55,23.05
2023-09-13,1067670,24288195,22.6,22.85,22.6,22.85,0.3,565,1.0,22.6,22.85,22.6,22.85
2023-09-14,1605412,37515532,22.95,23.65,22.95,23.3,0.45,1001,1.0,22.95,23.3,22.95,23.65
2023-09-15,12172290,298414623,23.3,25.0,23.25,24.4,1.1,5486,1.0,23.3,24.4,23.25,25.0
2023-09-18,5103840,124607382,24.6,24.95,24.05,24.2,-0.2,2813,1.0,24.6,24.2,24.05,24.95
2023-09-19,2657841,63940754,24.15,24.55,23.8,23.85,-0.35,1522,1.0,24.15,23.85,23.8,24.55
2023-09-20,3752456,91498768,23.85,24.8,23.75,24.25,0.4,2179,1.0,23.85,24.25,23.75,24.8
2023-09-21,6921706,168990334,24.65,24.7,23.9,24.35,0.1,3621,1.0,24.65,24.35,23.9,24.7
2023-09-22,1929599,46558634,24.0,24.35,24.0,24.2,-0.15,1182,1.0,24.0,24.2,24.0,24.35
2023-09-25,2361253,57308454,24.2,24.55,24.0,24.0,-0.2,1426,1.0,24.2,24.0,24.0,24.55
2023-09-26,1432287,34111757,24.0,24.25,23.5,23.55,-0.45,952,1.0,24.0,23.55,23.5,24.25
2023-09-27,1175646,27521586,23.5,23.7,23.3,23.3,-0.25,724,1.0,23.5,23.3,23.3,23.7
2023-09-28,938849,21982934,23.3,23.65,23.3,23.3,0.0,641,1.0,23.3,23.3,23.3,23.65
2023-10-02,3489263,84863284,23.65,24.8,23.65,24.25,0.95,2049,1.0,23.65,24.25,23.65,24.8
2023-10-03,1911782,45844404,24.4,24.45,23.65,23.7,-0.55,1222,1.0,24.4,23.7,23.65,24.45
2023-10-04,2133501,49471340,23.7,23.7,23.0,23.05,-0.65,1359,1.0,23.7,23.05,23.0,23.7
2023-10-05,2122969,50615667,23.35,24.15,23.35,23.65,0.6,1264,1.0,23.35,23.65,23.35,24.15
2023-10-06,8171156,200032589,23.8,24.75,23.8,24.55,0.9,4441,1.0,23.8,24.55,23.8,24.75
2023-10-11,11119796,276886096,25.35,25.45,24.1,24.1,-0.45,5985,1.0,25.35,24.1,24.1,25.45
2023-10-12,7198737,179123860,24.35,25.2,24.2,24.85,0.75,3827,1.0,24.35,24.85,24.2,25.2
2023-10-13,3473503,84407117,24.65,24.65,24.1,24.15,-0.7,2051,1.0,24.65,24.15,24.1,24.65
2023-10-16,2659815,62769560,24.05,24.05,23.45,23.6,-0.55,1390,1.0,24.05,23.6,23.45,24.05
2023-10-17,2003427,47470787,23.85,24.2,23.3,23.35,-0.25,1241,1.0,23.85,23.35,23.3,24.2
2023-10-18,3600821,84554178,23.65,23.8,23.25,23.35,0.0,1835,1.0,23.65,23.35,23.25,23.8
2023-10-19,2098791,48260573,23.0,23.35,22.75,22.9,-0.45,1138,1.0,23.0,22.9,22.75,23.35
2023-10-20,2286461,51326433,22.55,22.75,22.2,22.5,-0.4,1204,1.0,22.55,22.5,22.2,22.75
2023-10-23,12295211,297844088,22.15,24.75,22.15,24.05,1.55,6069,1.0,22.15,24.05,22.15,24.75
2023-10-24,10653471,260940239,24.9,25.05,24.05,24.45,0.4,5335,1.0,24.9,24.45,24.05,25.05
2023-10-25,9939023,247353587,24.6,25.65,24.3,24.3,-0.15,5114,1.0,24.6,24.3,24.3,25.65
2023-10-26,6678703,163343321,24.0,24.9,23.9,23.9,-0.4,3700,1.0,24.0,23.9,23.9,24.9
2023-10-27,6990007,170236272,24.25,24.8,23.95,24.2,0.3,3624,1.0,24.25,24.2,23.95,24.8
2023-10-30,2941668,69872739,24.15,24.15,23.5,23.55,-0.65,1657,1.0,24.15,23.55,23.5,24.15
2023-10-31,4204612,100118328,23.6,24.25,23.5,23.55,0.0,2333,1.0,23.6,23.55,23.5,24.25
2023-11-01,2697863,63659980,23.8,24.15,23.2,23.25,-0.3,1506,1.0,23.8,23.25,23.2,24.15
2023-11-02,6315745,152615708,23.85,24.5,23.55,24.25,1.0,3215,1.0,23.85,24.25,23.55,24.5
2023-11-03,4048593,98784192,24.3,24.55,24.2,24.45,0.2,1926,1.0,24.3,24.45,24.2,24.55
2023-11-06,2414358,58943003,24.4,24.65,24.25,24.5,0.05,1330,1.0,24.4,24.5,24.25,24.65
2023-11-07,1796655,43918991,24.3,24.7,24.3,24.35,-0.15,920,1.0,24.3,24.35,24.3,24.7
2023-11-08,2547662,62377973,24.7,24.8,24.15,24.15,-0.2,1581,1.0,24.7,24.15,24.15,24.8
2023-11-09,12200286,300997215,24.35,25.2,24.1,24.1,-0.05,6015,1.0,24.35,24.1,24.1,25.2
2023-11-10,3515504,83277252,24.2,24.2,23.5,23.55,-0.55,2032,1.0,24.2,23.55,23.5,24.2
2023-11-13,4879984,119140748,23.95,24.75,23.8,24.4,0.85,2329,1.0,23.95,24.4,23.8,24.75
2023-11-14,2009434,49188767,24.75,24.85,24.25,24.35,-0.05,1240,1.0,24.75,24.35,24.25,24.85
2023-11-15,3747837,91500165,24.75,24.75,24.15,24.3,-0.05,1695,1.0,24.75,24.3,24.15,24.75
2023-11-16,2126612,51772195,24.75,24.8,24.1,24.2,-0.1,1248,1.0,24.75,24.2,24.1,24.8
2023-11-17,1751368,42038587,24.25,24.3,23.85,23.9,-0.3,1042,1.0,24.25,23.9,23.85,24.3
2023-11-20,1508068,36532183,24.05,24.4,24.05,24.2,0.3,854,1.0,24.05,24.2,24.05,24.4
2023-11-21,3441602,84336006,24.4,24.85,24.25,24.4,0.2,1743,1.0,24.4,24.4,24.25,24.85
2023-11-22,1859876,45092411,24.4,24.5,24.05,24.05,-0.35,1112,1.0,24.4,24.05,24.05,24.5
2023-11-23,3493525,82936845,24.25,24.25,23.5,23.55,-0.5,1930,1.0,24.25,23.55,23.5,24.25
2023-11-24,2102302,49148402,23.75,23.75,23.25,23.3,-0.25,1250,1.0,23.75,23.3,23.25,23.75
2023-11-27,1562909,36137459,23.45,23.45,23.0,23.0,-0.3,969,1.0,23.45,23.0,23.0,23.45
2023-11-28,4289538,101396566,23.1,23.9,23.05,23.9,0.9,2649,1.0,23.1,23.9,23.05,23.9
2023-11-29,3911964,93826099,23.8,24.4,23.65,23.75,-0.15,2053,1.0,23.8,23.75,23.65,24.4
2023-11-30,1468225,35043807,23.95,24.1,23.75,23.8,0.05,833,1.0,23.95,23.8,23.75,24.1
2023-12-01,1159055,27472482,23.75,23.9,23.65,23.65,-0.15,718,1.0,23.75,23.65,23.65,23.9
2023-12-04,2416862,58054595,24.05,24.3,23.75,23.75,0.1,1224,1.0,24.05,23.75,23.75,24.3
2023-12-05,8132802,197344773,24.15,24.6,23.9,24.0,0.25,4235,1.0,24.15,24.0,23.9,24.6
2023-12-06,35051383,917919095,24.7,26.4,24.7,26.4,2.4,11904,1.0,24.7,26.4,24.7,26.4
2023-12-07,43898065,1157862286,27.0,27.35,25.15,25.15,-1.25,20257,1.0,27.0,25.15,25.15,27.35
2023-12-08,9461072,241210104,25.5,26.15,25.1,25.2,0.05,5080,1.0,25.5,25.2,25.1,26.15
2023-12-11,5159560,128201307,25.25,25.35,24.6,24.65,-0.55,2766,1.0,25.25,24.65,24.6,25.35
2023-12-12,4913060,119007480,24.75,24.9,24.0,24.05,-0.6,2729,1.0,24.75,24.05,24.0,24.9
2023-12-13,11125863,276774630,24.15,25.45,24.15,24.5,0.45,6012,1.0,24.15,24.5,24.15,25.45
2023-12-14,3049933,74744116,24.9,24.9,24.2,24.4,-0.1,1740,1.0,24.9,24.4,24.2,24.9
2023-12-15,2119782,51375982,24.45,24.65,24.1,24.1,-0.3,1205,1.0,24.45,24.1,24.1,24.65
2023-12-18,1736516,41549191,24.1,24.25,23.8,23.8,-0.3,1020,1.0,24.1,23.8,23.8,24.25
2023-12-19,2841307,66760162,24.0,24.0,23.35,23.45,-0.35,1532,1.0,24.0,23.45,23.35,24.0
2023-12-20,1360312,32351035,23.55,23.9,23.55,23.85,0.4,761,1.0,23.55,23.85,23.55,23.9
2023-12-21,1182262,28176408,23.6,24.1,23.5,23.75,-0.1,713,1.0,23.6,23.75,23.5,24.1
2023-12-22,1408874,33707551,23.85,24.15,23.7,23.9,0.15,750,1.0,23.85,23.9,23.7,24.15
2023-12-25,3227984,78420353,24.1,24.45,24.1,24.2,0.3,1856,1.0,24.1,24.2,24.1,24.45
2023-12-26,2048909,49957746,24.2,24.6,24.15,24.3,0.1,1046,1.0,24.2,24.3,24.15,24.6
2023-12-27,11889793,299074796,24.55,25.5,24.55,25.05,0.75,5545,1.0,24.55,25.05,24.55,25.5
2023-12-28,4509308,112744168,25.15,25.5,24.65,24.7,-0.35,2642,1.0,25.15,24.7,24.65,25.5
2023-12-29,1851539,45401536,25.0,25.0,24.35,24.4,-0.3,1109,1.0,25.0,24.4,24.35,25.0
2024-01-02,1909153,46939091,24.45,24.8,24.35,24.65,0.25,1005,1.0,24.45,24.65,24.35,24.8
2024-01-03,3316381,81384926,24.5,24.85,24.15,24.15,-0.5,1733,1.0,24.5,24.15,24.15,24.85
2024-01-04,2379068,56835169,24.25,24.25,23.7,23.95,-0.2,1420,1.0,24.25,23.95,23.7,24.25
2024-01-05,1073228,25646075,24.05,24.15,23.75,23.9,-0.05,734,1.0,24.05,23.9,23.75,24.15
2024-01-08,1030513,24513877,24.0,24.05,23.65,23.7,-0.2,651,1.0,24.0,23.7,23.65,24.05
2024-01-09,2094496,49997671,24.3,24.5,23.55,23.6,-0.1,1194,1.0,24.3,23.6,23.55,24.5
2024-01-10,1795680,41967928,23.75,23.75,23.15,23.3,-0.3,1040,1.0,23.75,23.3,23.15,23.75
2024-01-11,6099671,146480637,23.7,24.65,23.55,24.35,1.05,3063,1.0,23.7,24.35,23.55,24.65
2024-01-12,3967018,94361263,24.3,24.3,23.55,23.6,-0.75,2209,1.0,24.3,23.6,23.55,24.3
2024-01-15,1067732,25375830,23.6,23.95,23.6,23.8,0.2,648,1.0,23.6,23.8,23.6,23.95
2024-01-16,904807,21318172,23.85,23.85,23.5,23.5,-0.3,636,1.0,23.85,23.5,23.5,23.85
2024-01-17,1205125,28000440,23.5,23.65,23.1,23.1,-0.4,784,1.0,23.5,23.1,23.1,23.65
2024-01-18,1463422,33392024,23.05,23.4,22.6,22.85,-0.25,918,1.0,23.05,22.85,22.6,23.4
2024-01-19,1130923,26148396,23.05,23.4,22.95,23.05,0.2,749,1.0,23.05,23.05,22.95,23.4
2024-01-22,1284328,30139903,23.4,23.65,23.3,23.55,0.5,910,1.0,23.4,23.55,23.3,23.65
2024-01-23,791213,18498960,23.5,23.6,23.25,23.45,-0.1,546,1.0,23.5,23.45,23.25,23.6
2024-01-24,757717,17758311,23.6,23.8,23.3,23.3,-0.15,519,1.0,23.6,23.3,23.3,23.8
2024-01-25,4393356,104575512,23.55,24.05,23.4,23.75,0.45,2465,1.0,23.55,23.75,23.4,24.05
2024-01-26,1337057,31174359,23.7,23.7,23.15,23.15,-0.6,963,1.0,23.7,23.15,23.15,23.7
2024-01-29,723078,16739939,23.1,23.35,23.05,23.15,0.0,520,1.0,23.1,23.15,23.05,23.35
2024-01-30,957667,22266674,23.3,23.55,23.1,23.15,0.0,575,1.0,23.3,23.15,23.1,23.55
2024-01-31,681140,15692765,23.25,23.25,22.95,23.0,-0.15,504,1.0,23.25,23.0,22.95,23.25
2024-02-01,755156,17274156,22.95,23.1,22.8,22.85,-0.15,544,1.0,22.95,22.85,22.8,23.1
2024-02-02,658525,15173046,23.05,23.2,22.9,22.9,0.05,477,1.0,23.05,22.9,22.9,23.2
2024-02-05,4728745,111192327,23.25,23.9,22.95,23.1,0.2,2600,1.0,23.25,23.1,22.95,23.9
2024-02-15,13105757,322479705,24.0,25.3,23.6,24.4,1.3,6106,1.0,24.0,24.4,23.6,25.3
2024-02-16,16743531,428085053,24.9,26.25,24.7,25.8,1.4,7929,1.0,24.9,25.8,24.7,26.25
2024-02-19,5606105,143409674,25.8,25.9,25.25,25.45,-0.35,2994,1.0,25.8,25.45,25.25,25.9
2024-02-20,3590363,90151152,25.75,25.75,24.85,24.9,-0.55,2108,1.0,25.75,24.9,24.85,25.75
2024-02-21,2894068,72099928,25.05,25.25,24.6,24.75,-0.15,1554,1.0,25.05,24.75,24.6,25.25
2024-02-22,2005375,49536920,25.1,25.15,24.5,24.55,-0.2,1165,1.0,25.1,24.55,24.5,25.15
2024-02-23,2095136,51532009,24.9,24.95,24.35,24.35,-0.2,1300,1.0,24.9,24.35,24.35,24.95
2024-02-26,1935302,47828539,24.4,24.9,24.4,24.9,0.55,1072,1.0,24.4,24.9,24.4,24.9
2024-02-27,4269436,105680739,25.3,25.5,24.2,24.25,-0.65,2097,1.0,25.3,24.25,24.2,25.5
2024-02-29,8881359,234853103,25.4,26.65,25.4,26.65,2.4,3018,1.0,25.4,26.65,25.4,26.65
2024-03-01,29445992,778532544,27.3,28.0,25.35,25.95,-0.7,14034,1.0,27.3,25.95,25.35,28.0
2024-03-04,9116627,228601640,25.45,25.65,24.6,24.65,-1.3,4822,1.0,25.45,24.65,24.6,25.65
2024-03-05,14372139,365531226,25.3,26.25,24.85,25.15,0.5,6739,1.0,25.3,25.15,24.85,26.25
2024-03-06,3392583,84110169,24.95,25.1,24.65,24.65,-0.5,2000,1.0,24.95,24.65,24.65,25.1
2024-03-07,6129298,151754233,25.3,25.7,24.15,24.15,-0.5,3062,1.0,25.3,24.15,24.15,25.7
2024-03-08,4529191,107467760,24.35,24.55,23.35,23.9,-0.25,2283,1.0,24.35,23.9,23.35,24.55
2024-03-11,2550018,61241565,23.65,24.45,23.65,24.1,0.2,1442,1.0,23.65,24.1,23.65,24.45
2024-03-12,8054640,198618306,24.9,25.0,24.3,24.8,0.7,4187,1.0,24.9,24.8,24.3,25.0
2024-03-13,2505591,60619562,24.6,24.8,23.8,23.8,-1.0,1695,1.0,24.6,23.8,23.8,24.8
2024-03-14,1759269,41819224,24.05,24.1,23.6,23.75,-0.05,1364,1.0,24.05,23.75,23.6,24.1
2024-03-15,1392356,32674946,23.5,23.7,23.35,23.35,-0.4,1100,1.0,23.5,23.35,23.35,23.7
2024-03-18,851479,19928779,23.3,23.5,23.25,23.4,0.05,695,1.0,23.3,23.4,23.25,23.5
2024-03-19,1179710,27404436,23.45,23.5,23.1,23.15,-0.25,852,1.0,23.45,23.15,23.1,23.5
2024-03-20,2101238,48203707,23.2,23.35,22.8,22.8,-0.35,1325,1.0,23.2,22.8,22.8,23.35
2024-03-21,1231056,28254974,23.15,23.15,22.85,22.9,0.1,731,1.0,23.15,22.9,22.85,23.15
2024-03-22,989846,22848459,23.0,23.25,22.95,23.1,0.2,673,1.0,23.0,23.1,22.95,23.25
2024-03-25,1168344,26978366,23.25,23.25,23.0,23.15,0.05,658,1.0,23.25,23.15,23.0,23.25
2024-03-26,2838296,66746338,23.45,24.0,23.25,23.25,0.1,1669,1.0,23.45,23.25,23.25,24.0
2024-03-27,746150,17382885,23.3,23.45,23.2,23.3,0.05,501,1.0,23.3,23.3,23.2,23.45
2024-03-28,976582,22738618,23.45,23.5,23.15,23.3,0.0,506,1.0,23.45,23.3,23.15,23.5
2024-03-29,1179571,27580736,23.6,23.7,23.2,23.2,-0.1,733,1.0,23.6,23.2,23.2,23.7
2024-04-01,980263,22926700,23.2,23.55,23.2,23.4,0.2,601,1.0,23.2,23.4,23.2,23.55
2024-04-02,830284,19354884,23.4,23.6,23.1,23.1,-0.3,569,1.0,23.4,23.1,23.1,23.6
2024-04-03,780643,17982302,23.25,23.25,22.95,23.1,0.0,465,1.0,23.25,23.1,22.95,23.25
2024-04-08,1192704,27429994,23.1,23.15,22.9,22.9,-0.2,715,1.0,23.1,22.9,22.9,23.15
2024-04-09,1000262,23020004,23.25,23.3,22.9,23.05,0.15,664,1.0,23.25,23.05,22.9,23.3
2024-04-10,868034,20030935,23.0,23.25,22.95,23.05,0.0,565,1.0,23.0,23.05,22.95,23.25
2024-04-11,2026170,46248091,23.05,23.05,22.7,22.85,-0.2,917,1.0,23.05,22.85,22.7,23.05
2024-04-12,786834,18078788,22.95,23.1,22.9,22.95,0.1,577,1.0,22.95,22.95,22.9,23.1
2024-04-15,1853099,41377890,22.9,22.9,22.2,22.2,-0.75,1241,1.0,22.9,22.2,22.2,22.9
2024-04-16,2415540,51294009,21.9,21.9,20.75,21.25,-0.95,1460,1.0,21.9,21.25,20.75,21.9
2024-04-17,736019,15827961,21.3,21.6,21.3,21.5,0.25,744,1.0,21.3,21.5,21.3,21.6
2024-04-18,601220,12888181,21.3,21.6,21.3,21.3,-0.2,514,1.0,21.3,21.3,21.3,21.6
2024-04-19,1645825,33716917,21.0,21.3,20.0,20.4,-0.9,941,1.0,21.0,20.4,20.0,21.3
2024-04-22,872429,17801260,20.6,20.75,20.15,20.2,-0.2,589,1.0,20.6,20.2,20.15,20.75
2024-04-23,472256,9669331,20.45,20.75,20.3,20.45,0.25,377,1.0,20.45,20.45,20.3,20.75
2024-04-24,868540,17951873,20.6,20.8,20.45,20.65,0.2,490,1.0,20.6,20.65,20.45,20.8
2024-04-25,745341,15136353,20.45,20.5,20.15,20.4,-0.25,431,1.0,20.45,20.4,20.15,20.5
2024-04-26,571067,11655689,20.2,20.55,20.2,20.3,-0.1,391,1.0,20.2,20.3,20.2,20.55
2024-04-29,811381,16654420,20.4,20.65,20.4,20.45,0.15,453,1.0,20.4,20.45,20.4,20.65
2024-04-30,598687,12289245,20.6,20.65,20.45,20.45,0.0,418,1.0,20.6,20.45,20.45,20.65
2024-06-03,4348268,99709713,23.15,23.6,22.3,23.1,-0.1,2352,1.0,23.15,23.1,22.3,23.6
2024-06-04,4377245,101016541,23.3,23.8,22.5,22.5,-0.6,2522,1.0,23.3,22.5,22.5,23.8
2024-06-05,5486786,123783286,22.9,23.1,21.8,21.9,-0.6,2129,1.0,22.9,21.9,21.8,23.1
2024-06-06,1740893,37689541,21.85,22.0,21.5,21.5,-0.4,1115,1.0,21.85,21.5,21.5,22.0
2024-06-07,1084364,23668232,21.55,22.0,21.55,21.95,0.45,657,1.0,21.55,21.95,21.55,22.0
2024-06-11,1087298,23351142,21.55,21.8,21.3,21.3,-0.65,645,1.0,21.55,21.3,21.3,21.8
2024-06-12,755422,16042907,21.45,21.6,21.0,21.35,0.05,501,1.0,21.45,21.35,21.0,21.6
2024-06-13,847502,18215747,21.55,21.75,21.25,21.5,0.15,415,1.0,21.55,21.5,21.25,21.75
2024-06-14,575758,12485226,21.65,21.75,21.55,21.75,0.25,414,1.0,21.65,21.75,21.55,21.75
2024-06-17,1723890,37935965,21.95,22.7,21.8,21.9,0.15,916,1.0,21.95,21.9,21.8,22.7
2024-06-18,966062,21042609,22.1,22.2,21.6,21.75,-0.15,569,1.0,22.1,21.75,21.6,22.2
2024-06-19,7756341,178058718,22.55,23.5,22.3,22.65,0.9,4307,1.0,22.55,22.65,22.3,23.5
2024-06-20,1611894,36475087,22.65,23.1,22.4,22.65,0.0,1153,1.0,22.65,22.65,22.4,23.1
2024-06-21,1860771,42086309,22.6,23.0,22.3,22.95,0.3,963,1.0,22.6,22.95,22.3,23.0
2024-06-24,1293906,29198824,22.85,22.9,22.35,22.6,-0.35,828,1.0,22.85,22.6,22.35,22.9
2024-06-25,892017,19880503,22.75,22.75,22.1,22.3,-0.3,572,1.0,22.75,22.3,22.1,22.75
2024-06-26,678053,15104698,22.3,22.45,22.15,22.2,-0.1,433,1.0,22.3,22.2,22.15,22.45
2024-06-27,822134,18164936,22.15,22.35,21.85,21.9,-0.3,526,1.0,22.15,21.9,21.85,22.35
2024-06-28,501126,11027240,21.9,22.15,21.9,21.95,0.05,347,1.0,21.9,21.95,21.9,22.15
2024-07-01,728349,15905582,22.15,22.15,21.6,21.6,-0.35,472,1.0,22.15,21.6,21.6,22.15
2024-07-02,655486,14129124,21.65,21.8,21.45,21.6,0.0,402,1.0,21.65,21.6,21.45,21.8
2024-07-03,943351,20697619,21.6,22.2,21.6,21.95,0.35,543,1.0,21.6,21.95,21.6,22.2
2024-07-04,1088189,24114721,22.15,22.3,22.0,22.2,0.25,554,1.0,22.15,22.2,22.0,22.3
2024-07-05,1497566,33701578,22.5,22.65,22.15,22.6,0.4,903,1.0,22.5,22.6,22.15,22.65
2024-07-08,2170597,49252735,22.55,23.25,22.25,23.05,0.45,1053,1.0,22.55,23.05,22.25,23.25
2024-07-09,1340293,30071345,23.05,23.1,22.15,22.25,-0.8,925,1.0,23.05,22.25,22.15,23.1
2024-07-10,818973,18390877,22.4,22.7,22.3,22.35,0.1,461,1.0,22.4,22.35,22.3,22.7
2024-07-11,1250612,28171109,22.5,22.7,22.3,22.55,0.2,621,1.0,22.5,22.55,22.3,22.7
2024-07-12,5834271,135668575,22.55,23.6,22.3,23.4,0.85,2701,1.0,22.55,23.4,22.3,23.6
2024-07-15,26226592,646441609,24.4,25.3,23.8,23.8,0.4,12110,1.0,24.4,23.8,23.8,25.3
2024-07-16,7845597,189683671,24.3,24.85,23.6,23.9,0.1,4121,1.0,24.3,23.9,23.6,24.85
2024-07-17,18221315,456876545,24.85,25.8,24.2,24.8,0.9,8237,1.0,24.85,24.8,24.2,25.8
2024-07-18,3890643,93885906,24.85,24.85,23.8,23.85,-0.95,2150,1.0,24.85,23.85,23.8,24.85
2024-07-19,3258735,75792962,23.85,24.0,22.9,22.9,-0.95,1542,1.0,23.85,22.9,22.9,24.0
2024-07-22,7060971,167660185,23.95,24.45,22.9,23.15,0.25,3758,1.0,23.95,23.15,22.9,24.45
2024-07-23,5405007,129354058,23.5,24.25,23.5,23.8,0.65,2719,1.0,23.5,23.8,23.5,24.25
2024-07-26,2020916,46856560,23.3,23.5,22.8,23.3,-0.5,1295,1.0,23.3,23.3,22.8,23.5
2024-07-29,10474800,250338326,24.1,24.8,22.85,22.85,-0.45,5269,1.0,24.1,22.85,22.85,24.8
2024-07-30,4691081,109003597,22.5,24.4,22.3,24.4,1.55,2534,1.0,22.5,24.4,22.3,24.4
2024-07-31,5795672,138979357,24.0,24.5,23.5,23.5,-0.9,3198,1.0,24.0,23.5,23.5,24.5
2024-08-01,2216567,52381503,23.55,23.85,23.4,23.8,0.3,1270,1.0,23.55,23.8,23.4,23.85
2024-08-02,1895208,43600992,23.2,23.3,22.8,22.85,-0.95,1158,1.0,23.2,22.85,22.8,23.3
2024-08-05,2406759,50080464,21.9,21.9,20.6,20.6,-2.25,1300,1.0,21.9,20.6,20.6,21.9
2024-08-06,2915687,56178045,21.2,21.2,18.55,19.2,-1.4,1656,1.0,21.2,19.2,18.55,21.2
2024-08-07,1809032,36932035,19.5,21.05,19.45,20.8,1.6,1148,1.0,19.5,20.8,19.45,21.05
2024-08-08,1389244,28030893,19.9,20.5,19.85,20.15,-0.65,825,1.0,19.9,20.15,19.85,20.5
2024-08-09,1660527,34429871,20.7,21.1,20.4,20.4,0.25,1068,1.0,20.7,20.4,20.4,21.1
2024-08-12,1353324,27886381,20.6,20.95,20.35,20.35,-0.05,761,1.0,20.6,20.35,20.35,20.95
2024-08-13,1147939,23286205,20.45,20.5,20.05,20.2,-0.15,535,1.0,20.45,20.2,20.05,20.5
2024-08-14,1138551,23214590,20.5,20.6,20.25,20.45,0.25,686,1.0,20.5,20.45,20.25,20.6
2024-08-15,973417,19835496,20.55,20.55,20.15,20.4,-0.05,498,1.0,20.55,20.4,20.15,20.55
2024-08-16,1700268,34826707,20.6,20.75,20.35,20.35,-0.05,894,1.0,20.6,20.35,20.35,20.75
2024-08-19,995596,20631995,20.6,20.95,20.4,20.8,0.45,586,1.0,20.6,20.8,20.4,20.95
2024-08-20,1009356,21173327,21.0,21.2,20.8,20.95,0.15,639,1.0,21.0,20.95,20.8,21.2
2024-08-21,869934,18282847,21.0,21.35,20.7,20.9,-0.05,580,1.0,21.0,20.9,20.7,21.35
2024-08-22,625539,13102591,21.2,21.25,20.8,20.8,-0.1,402,1.0,21.2,20.8,20.8,21.25
2024-08-23,1264233,26359793,20.65,21.1,20.5,21.1,0.3,729,1.0,20.65,21.1,20.5,21.1
2024-08-26,11938454,276335031,22.55,23.2,22.4,23.2,2.1,3479,1.0,22.55,23.2,22.4,23.2
2024-08-27,64131978,1575889876,24.4,25.4,23.8,24.85,1.65,28833,1.0,24.4,24.85,23.8,25.4
2024-08-28,14458283,353939038,24.6,25.0,24.1,24.4,-0.45,7716,1.0,24.6,24.4,24.1,25.0
2024-08-29,18449126,458622329,24.65,25.5,24.2,24.7,0.3,8668,1.0,24.65,24.7,24.2,25.5
2024-08-30,7818126,190632858,25.05,25.05,24.0,24.1,-0.6,4135,1.0,25.05,24.1,24.0,25.05
2024-09-02,4453162,104331303,24.0,24.2,23.0,23.05,-1.05,2781,1.0,24.0,23.05,23.0,24.2
2024-09-03,3555663,81092216,23.35,23.5,22.5,22.55,-0.5,2009,1.0,23.35,22.55,22.5,23.5
2024-09-04,2787906,59120207,21.05,21.65,20.65,21.15,-1.4,1662,1.0,21.05,21.15,20.65,21.65
2024-09-05,1628773,34505176,21.15,21.55,20.85,20.95,-0.2,920,1.0,21.15,20.95,20.85,21.55
2024-09-06,1799833,38447352,21.25,21.75,20.9,21.2,0.25,1055,1.0,21.25,21.2,20.9,21.75
2024-09-09,3898227,86741738,21.0,23.25,20.6,22.95,1.75,2226,1.0,21.0,22.95,20.6,23.25
2024-09-10,30870727,768854718,25.15,25.2,24.15,24.25,1.3,10031,1.0,25.15,24.25,24.15,25.2
2024-09-11,39468769,977300483,24.9,25.8,23.5,24.9,0.65,18437,1.0,24.9,24.9,23.5,25.8
2024-09-12,27778899,695837037,24.65,25.65,24.2,24.8,-0.1,14011,1.0,24.65,24.8,24.2,25.65
2024-09-13,34185416,880831356,24.85,26.8,24.75,25.25,0.45,15871,1.0,24.85,25.25,24.75,26.8
2024-09-16,15154649,387608480,25.9,26.0,25.1,25.9,0.65,7398,1.0,25.9,25.9,25.1,26.0
2024-09-18,63985652,1760123633,25.95,28.45,25.7,28.45,2.55,26221,1.0,25.95,28.45,25.7,28.45
2024-09-19,126384584,3774440785,29.5,31.25,28.65,31.25,2.8,52524,1.0,29.5,31.25,28.65,31.25
2024-09-20,146005141,4806514985,32.45,34.35,31.6,31.8,0.55,61276,1.0,32.45,31.8,31.6,34.35
2024-09-23,62495982,1970952330,31.5,33.15,30.6,30.6,-1.2,28347,1.0,31.5,30.6,30.6,33.15
2024-09-24,81337224,2587372280,31.0,33.0,30.2,32.0,1.4,36124,1.0,31.0,32.0,30.2,33.0
2024-09-25,42140900,1344941161,32.5,32.9,31.1,31.65,-0.35,20341,1.0,32.5,31.65,31.1,32.9
2024-09-26,22406481,691799290,31.9,32.0,30.25,30.4,-1.25,10976,1.0,31.9,30.4,30.25,32.0
2024-09-27,22290214,683485043,30.85,31.45,30.2,30.55,0.15,11333,1.0,30.85,30.55,30.2,31.45
2024-09-30,11510561,346750550,30.15,30.7,29.7,30.1,-0.45,5614,1.0,30.15,30.1,29.7,30.7
2024-10-01,59372069,1894458223,30.45,32.9,30.3,32.0,1.9,30106,1.0,30.45,32.0,30.3,32.9
2024-10-04,106798699,3641201746,32.55,35.2,32.5,35.2,3.2,46793,1.0,32.55,35.2,32.5,35.2
2024-10-07,47249098,1798335358,37.75,38.7,37.2,38.7,3.5,16502,1.0,37.75,38.7,37.2,38.7
2024-10-08,144268101,5766949961,40.6,41.45,38.8,39.75,1.05,60851,1.0,40.6,39.75,38.8,41.45
2024-10-09,97485325,3841968236,39.95,41.0,38.25,38.35,-1.4,46865,1.0,39.95,38.35,38.25,41.0
2024-10-11,52856007,2058222319,38.35,40.15,37.65,37.7,-0.65,27931,1.0,38.35,37.7,37.65,40.15
2024-10-14,80073113,3163072816,38.0,41.0,37.9,39.8,2.1,41722,1.0,38.0,39.8,37.9,41.0
2024-10-15,67369744,2684059205,40.6,42.0,38.25,39.2,-0.6,35188,1.0,40.6,39.2,38.25,42.0
2024-10-16,83072896,3466410500,38.35,43.1,38.3,43.1,3.9,37922,1.0,38.35,43.1,38.3,43.1
2024-10-17,99030170,4251832385,44.4,44.5,41.75,41.8,-1.3,46653,1.0,44.4,41.8,41.75,44.5
2024-10-18,55711879,2335860528,42.1,43.15,41.0,41.05,-0.75,26722,1.0,42.1,41.05,41.0,43.15
2024-10-21,42422779,1789123463,41.25,43.3,41.25,42.6,1.55,22680,1.0,41.25,42.6,41.25,43.3
2024-10-22,61659063,2643946231,42.9,44.15,41.9,43.1,0.5,32074,1.0,42.9,43.1,41.9,44.15
2024-10-23,65764484,2877936643,43.15,44.95,42.5,43.2,0.1,34440,1.0,43.15,43.2,42.5,44.95
2024-10-24,47748799,2023380325,43.9,44.05,40.8,41.0,-2.2,25221,1.0,43.9,41.0,40.8,44.05
2024-10-25,21707440,890021110,41.5,41.85,40.5,40.5,-0.5,11331,1.0,41.5,40.5,40.5,41.85
2024-10-28,45630695,1716209437,39.55,39.65,36.45,36.45,-4.05,21628,1.0,39.55,36.45,36.45,39.65
2024-10-29,43430627,1571014584,36.5,37.2,35.55,35.6,-0.85,20248,1.0,36.5,35.6,35.55,37.2
2024-10-30,36417474,1274791907,36.05,36.8,33.9,34.3,-1.3,17309,1.0,36.05,34.3,33.9,36.8
2024-11-01,15278055,517742082,33.6,34.55,33.3,34.0,-0.3,8601,1.0,33.6,34.0,33.3,34.55
2024-11-04,17808764,606655383,33.6,34.9,32.8,34.05,0.05,10074,1.0,33.6,34.05,32.8,34.9
2024-11-05,24429570,861568131,33.6,36.15,33.6,35.85,1.8,13403,1.0,33.6,35.85,33.6,36.15
2024-11-06,27627077,979794470,35.8,36.5,34.7,35.2,-0.65,15234,1.0,35.8,35.2,34.7,36.5
2024-11-07,30131180,1086620543,36.2,37.3,35.2,35.2,0.0,16784,1.0,36.2,35.2,35.2,37.3
2024-11-08,31652606,1142375110,35.4,37.2,35.15,35.15,-0.05,17732,1.0,35.4,35.15,35.15,37.2
2024-11-11,21714972,778985637,35.9,36.6,35.2,35.7,0.55,12397,1.0,35.9,35.7,35.2,36.6
2024-11-12,15026924,512247820,34.85,35.4,33.5,33.55,-2.15,7739,1.0,34.85,33.55,33.5,35.4
2024-11-13,8694349,291294361,33.7,34.2,33.1,33.2,-0.35,5080,1.0,33.7,33.2,33.1,34.2
2024-11-14,7331098,239746540,33.3,33.45,32.15,32.6,-0.6,3795,1.0,33.3,32.6,32.15,33.45
2024-11-15,8453552,270906346,32.55,32.85,31.6,31.65,-0.95,4582,1.0,32.55,31.65,31.6,32.85
2024-11-18,5684814,177754118,31.7,31.7,31.0,31.05,-0.6,3160,1.0,31.7,31.05,31.0,31.7
2024-11-19,22271066,739831135,31.6,34.1,31.3,33.35,2.3,11960,1.0,31.6,33.35,31.3,34.1
2024-11-20,8823355,289559823,33.4,33.55,32.35,32.45,-0.9,5116,1.0,33.4,32.45,32.35,33.55
2024-11-21,4957504,161214207,32.7,33.05,32.2,32.2,-0.25,3382,1.0,32.7,32.2,32.2,33.05
2024-11-22,6745665,215723404,32.65,32.9,31.3,31.3,-0.9,4192,1.0,32.65,31.3,31.3,32.9
2024-11-25,5506304,174508451,31.8,32.1,31.35,31.6,0.3,2853,1.0,31.8,31.6,31.35,32.1
2024-11-26,3580298,111434449,31.7,31.7,30.9,31.1,-0.5,2590,1.0,31.7,31.1,30.9,31.7
2024-11-27,7905036,237030025,31.25,31.4,29.45,29.45,-1.65,4431,1.0,31.25,29.45,29.45,31.4
2024-11-28,6996532,206844637,29.55,30.35,29.0,29.0,-0.45,3942,1.0,29.55,29.0,29.0,30.35
2024-11-29,3459534,100856239,28.55,29.5,28.45,29.25,0.25,2123,1.0,28.55,29.25,28.45,29.5
2024-12-02,3874156,111651664,29.35,29.6,28.5,28.7,-0.55,2391,1.0,29.35,28.7,28.5,29.6
2024-12-03,3522576,102410720,29.15,29.45,28.8,29.05,0.35,2189,1.0,29.15,29.05,28.8,29.45
2024-12-04,3113974,91106318,29.2,29.5,28.9,29.5,0.45,1988,1.0,29.2,29.5,28.9,29.5
2024-12-05,8660426,258608083,29.55,30.8,28.95,29.75,0.25,5116,1.0,29.55,29.75,28.95,30.8
2024-12-06,39568290,1265982472,29.85,32.7,29.8,32.7,2.95,19586,1.0,29.85,32.7,29.8,32.7
2024-12-09,53775826,1761334708,33.35,34.05,31.4,32.35,-0.35,28992,1.0,33.35,32.35,31.4,34.05
2024-12-10,11541922,356747293,32.0,32.0,30.05,30.2,-2.15,6567,1.0,32.0,30.2,30.05,32.0
2024-12-11,8939871,261908456,29.3,29.95,28.7,29.15,-1.05,4884,1.0,29.3,29.15,28.7,29.95
2024-12-12,5424120,157583290,29.55,29.75,28.7,28.75,-0.4,3304,1.0,29.55,28.75,28.7,29.75
2024-12-13,6001338,168429144,29.0,29.0,27.7,27.95,-0.8,3119,1.0,29.0,27.95,27.7,29.0
2024-12-16,5218037,143802618,28.3,28.4,27.15,27.2,-0.75,2892,1.0,28.3,27.2,27.15,28.4
2024-12-17,2959639,81766658,27.5,27.95,27.4,27.5,0.3,2003,1.0,27.5,27.5,27.4,27.95
2024-12-18,2846329,76885643,27.5,27.5,26.7,27.05,-0.45,1876,1.0,27.5,27.05,26.7,27.5
2024-12-19,2690110,71023320,26.1,26.65,26.05,26.6,-0.45,1708,1.0,26.1,26.6,26.05,26.65
2024-12-20,3351876,89197251,26.6,27.05,26.35,26.35,-0.25,1999,1.0,26.6,26.35,26.35,27.05
2024-12-23,1665194,44280605,26.75,27.0,26.35,26.4,0.05,1333,1.0,26.75,26.4,26.35,27.0
2024-12-24,4009973,107615807,26.85,27.5,26.4,26.45,0.05,2475,1.0,26.85,26.45,26.4,27.5
2024-12-25,2195545,58473576,26.9,27.05,26.4,26.6,0.15,1400,1.0,26.9,26.6,26.4,27.05
2024-12-26,2413026,63741050,26.6,26.95,26.1,26.2,-0.4,1595,1.0,26.6,26.2,26.1,26.95
2024-12-27,2064485,54061904,26.0,26.45,25.95,26.2,0.0,1274,1.0,26.0,26.2,25.95,26.45
2024-12-30,2156417,55582717,26.0,26.25,25.55,25.65,-0.55,1443,1.0,26.0,25.65,25.55,26.25
2024-12-31,2520642,63950049,25.75,25.75,25.15,25.55,-0.1,1396,1.0,25.75,25.55,25.15,25.75
2025-01-02,2434981,62719085,25.55,26.25,25.35,25.6,0.05,1537,1.0,25.55,25.6,25.35,26.25
2025-01-03,2516051,63961363,25.95,26.05,25.1,25.1,-0.5,1470,1.0,25.95,25.1,25.1,26.05
2025-01-06,2973058,76642760,25.45,26.1,25.3,26.0,0.9,1815,1.0,25.45,26.0,25.3,26.1
2025-01-07,8044805,212576233,26.2,26.95,25.75,26.6,0.6,4743,1.0,26.2,26.6,25.75,26.95
2025-01-08,3428593,89510536,26.5,26.6,25.7,25.95,-0.65,2251,1.0,26.5,25.95,25.7,26.6
2025-01-09,3795813,95417006,25.95,26.0,24.8,24.85,-1.1,2193,1.0,25.95,24.85,24.8,26.0
2025-01-10,2382654,59009655,24.9,25.1,24.5,25.0,0.15,1280,1.0,24.9,25.0,24.5,25.1
2025-01-13,2765289,66672954,24.8,25.0,23.85,24.1,-0.9,1720,1.0,24.8,24.1,23.85,25.0
2025-01-14,2714737,66665074,24.15,25.4,24.0,25.4,1.3,1253,1.0,24.15,25.4,24.0,25.4
2025-01-15,1826039,45486929,25.15,25.5,24.55,24.6,-0.8,1235,1.0,25.15,24.6,24.55,25.5
2025-01-16,2608413,65639265,25.0,25.5,24.8,25.3,0.7,1626,1.0,25.0,25.3,24.8,25.5
2025-01-17,5229045,132703838,25.3,26.1,24.7,24.7,-0.6,2910,1.0,25.3,24.7,24.7,26.1
2025-01-20,2535553,63333918,24.75,25.35,24.45,25.05,0.35,1423,1.0,24.75,25.05,24.45,25.35
2025-01-21,2285366,57353787,25.1,25.5,24.7,24.7,-0.35,1354,1.0,25.1,24.7,24.7,25.5
2025-01-22,2111297,52412175,24.95,25.05,24.6,24.9,0.2,1150,1.0,24.95,24.9,24.6,25.05
2025-02-03,3046698,75276942,24.4,25.5,23.8,25.05,0.15,1836,1.0,24.4,25.05,23.8,25.5
2025-02-04,1924690,48037542,25.2,25.45,24.65,25.0,-0.05,1258,1.0,25.2,25.0,24.65,25.45
2025-02-05,2682705,68345725,25.4,25.85,25.2,25.55,0.55,1608,1.0,25.4,25.55,25.2,25.85
2025-02-06,1474145,37705151,25.6,25.75,25.45,25.5,-0.05,1037,1.0,25.6,25.5,25.45,25.75
2025-02-07,2567840,66492045,25.8,26.15,25.45,25.95,0.45,1534,1.0,25.8,25.95,25.45,26.15
2025-02-10,1770421,45947610,25.9,26.25,25.7,26.05,0.1,1238,1.0,25.9,26.05,25.7,26.25
2025-02-11,2418816,62582658,26.15,26.3,25.6,25.6,-0.45,1333,1.0,26.15,25.6,25.6,26.3
2025-02-12,2070117,53433241,25.65,26.15,25.4,25.85,0.25,1305,1.0,25.65,25.85,25.4,26.15
2025-02-13,1518389,39475531,25.65,26.15,25.65,26.1,0.25,973,1.0,25.65,26.1,25.65,26.15
2025-02-14,5846794,156509715,26.1,27.4,25.95,26.7,0.6,3377,1.0,26.1,26.7,25.95,27.4
2025-02-17,6062825,162412060,27.0,27.7,26.35,26.4,-0.3,3627,1.0,27.0,26.4,26.35,27.7
2025-02-18,3844210,102819204,26.15,27.05,26.0,27.05,0.65,2209,1.0,26.15,27.05,26.0,27.05
2025-02-19,2073060,55465116,27.0,27.05,26.55,26.75,-0.3,1512,1.0,27.0,26.75,26.55,27.05
2025-02-20,2035773,53727560,27.0,27.05,26.1,26.15,-0.6,1520,1.0,27.0,26.15,26.1,27.05
2025-02-21,1615151,42236380,26.35,26.35,25.9,26.2,0.05,1118,1.0,26.35,26.2,25.9,26.35
2025-02-24,1210282,31525042,25.85,26.25,25.8,26.1,-0.1,809,1.0,25.85,26.1,25.8,26.25
2025-02-25,1317747,34049049,26.0,26.2,25.7,25.8,-0.3,970,1.0,26.0,25.8,25.7,26.2
2025-02-26,994834,25674348,25.8,26.0,25.6,25.9,0.1,768,1.0,25.8,25.9,25.6,26.0
2025-02-27,1951740,50203068,25.9,26.3,25.4,25.45,-0.45,1198,1.0,25.9,25.45,25.4,26.3
2025-03-03,15001168,391460058,26.5,27.4,25.05,25.05,-0.4,8179,1.0,26.5,25.05,25.05,27.4
2025-03-04,2952382,73950433,24.8,25.35,24.5,25.1,0.05,1958,1.0,24.8,25.1,24.5,25.35
2025-03-05,1703464,42671363,25.25,25.3,24.9,25.05,-0.05,1171,1.0,25.25,25.05,24.9,25.3
2025-03-06,2785349,68604550,25.15,25.35,24.3,24.3,-0.75,1935,1.0,25.15,24.3,24.3,25.35
2025-03-07,2193487,53575966,24.3,24.8,24.05,24.55,0.25,1371,1.0,24.3,24.55,24.05,24.8
2025-03-10,1833523,44171799,24.65,24.65,23.9,23.95,-0.6,1258,1.0,24.65,23.95,23.9,24.65
2025-03-11,2008989,46795705,23.4,23.75,22.85,23.6,-0.35,1260,1.0,23.4,23.6,22.85,23.75
2025-03-12,1001387,23632582,23.7,23.75,23.45,23.55,-0.05,684,1.0,23.7,23.55,23.45,23.75
2025-03-13,1314395,30913354,23.75,24.0,23.15,23.25,-0.3,901,1.0,23.75,23.25,23.15,24.0
2025-03-14,1222268,28388973,23.25,23.45,23.05,23.35,0.1,802,1.0,23.25,23.35,23.05,23.45
2025-03-17,736413,17294952,23.7,23.75,23.35,23.4,0.05,577,1.0,23.7,23.4,23.35,23.75
2025-03-18,966016,22917146,23.55,23.9,23.55,23.7,0.3,629,1.0,23.55,23.7,23.55,23.9
2025-03-19,979882,22889424,23.7,23.7,23.15,23.2,-0.5,765,1.0,23.7,23.2,23.15,23.7
2025-03-20,924495,21806034,23.45,23.75,23.45,23.65,0.45,627,1.0,23.45,23.65,23.45,23.75
2025-03-21,591604,13913619,23.65,23.65,23.35,23.4,-0.25,509,1.0,23.65,23.4,23.35,23.65
2025-03-24,949202,22098387,23.75,23.75,23.1,23.1,-0.3,612,1.0,23.75,23.1,23.1,23.75
2025-03-25,1126009,25804681,23.25,23.45,22.7,22.85,-0.25,789,1.0,23.25,22.85,22.7,23.45
2025-03-26,783311,18038374,22.95,23.35,22.85,22.9,0.05,519,1.0,22.95,22.9,22.85,23.35
2025-03-27,1009512,22833119,22.9,22.9,22.5,22.55,-0.35,652,1.0,22.9,22.55,22.5,22.9
2025-03-28,2028144,44277984,22.55,22.55,21.5,21.8,-0.75,1138,1.0,22.55,21.8,21.5,22.55
2025-03-31,2942134,61015736,20.6,21.3,20.55,20.6,-1.2,1715,1.0,20.6,20.6,20.55,21.3
2025-04-01,1245413,26299542,20.8,21.35,20.8,21.35,0.75,801,1.0,20.8,21.35,20.8,21.35
2025-04-02,783304,16724650,21.5,21.55,21.1,21.35,0.0,609,1.0,21.5,21.35,21.1,21.55
2025-04-07,155050,2984678,19.25,19.25,19.25,19.25,-2.1,229,1.0,19.25,19.25,19.25,19.25
2025-04-08,1318876,22882451,17.35,17.35,17.35,17.35,-1.9,737,1.0,17.35,17.35,17.35,17.35
2025-04-09,4082090,64388931,15.7,16.15,15.65,15.65,-1.7,1883,1.0,15.7,15.65,15.65,16.15
2025-04-10,2089302,35738838,16.95,17.2,16.75,17.2,1.55,1085,1.0,16.95,17.2,16.75,17.2
2025-04-11,3377869,57294337,16.3,17.5,16.0,17.5,0.3,1933,1.0,16.3,17.5,16.0,17.5
2025-04-14,2095736,38053157,18.2,18.7,17.8,18.0,0.5,1449,1.0,18.2,18.0,17.8,18.7
2025-04-15,1343481,25021786,18.3,18.95,18.2,18.8,0.8,920,1.0,18.3,18.8,18.2,18.95
2025-04-16,956773,17501677,18.8,18.8,18.0,18.0,-0.8,772,1.0,18.8,18.0,18.0,18.8
2025-04-17,842065,15097905,17.8,18.15,17.7,17.95,-0.05,1306,1.0,17.8,17.95,17.7,18.15
2025-04-18,670006,12083038,17.85,18.2,17.85,18.15,0.2,516,1.0,17.85,18.15,17.85,18.2
2025-04-21,880594,15449985,17.95,18.2,17.15,17.2,-0.95,679,1.0,17.95,17.2,17.15,18.2
2025-04-22,809921,13926013,16.95,17.5,16.95,17.05,-0.15,536,1.0,16.95,17.05,16.95,17.5
2025-04-23,1277595,22777301,17.7,18.0,17.6,17.75,0.7,778,1.0,17.7,17.75,17.6,18.0
2025-04-24,762922,13737927,18.25,18.3,17.75,18.05,0.3,540,1.0,18.25,18.05,17.75,18.3
2025-04-25,933387,17013267,18.35,18.4,17.95,18.25,0.2,568,1.0,18.35,18.25,17.95,18.4
2025-04-28,964134,17991149,18.45,18.85,18.3,18.75,0.5,617,1.0,18.45,18.75,18.3,18.85
2025-04-29,905421,17089194,18.6,19.05,18.6,18.95,0.2,520,1.0,18.6,18.95,18.6,19.05
2025-04-30,1134309,21565357,19.15,19.5,18.7,18.75,-0.2,740,1.0,19.15,18.75,18.7,19.5
2025-05-02,1085060,20866743,19.25,19.7,19.0,19.15,0.4,748,1.0,19.25,19.15,19.0,19.7
2025-05-05,1009649,18690988,19.4,19.4,18.05,18.4,-0.75,633,1.0,19.4,18.4,18.05,19.4
2025-05-06,530798,9797014,18.4,18.65,18.3,18.45,0.05,341,1.0,18.4,18.45,18.3,18.65
2025-05-07,311119,5728389,18.75,18.75,18.25,18.35,-0.1,240,1.0,18.75,18.35,18.25,18.75
2025-05-08,984479,18584716,18.45,19.05,18.45,19.0,0.65,667,1.0,18.45,19.0,18.45,19.05
2025-05-09,11614094,235738211,20.0,20.9,19.65,19.7,0.7,5129,1.0,20.0,19.7,19.65,20.9
2025-05-12,5359900,109093596,19.8,21.3,19.65,20.9,1.2,2639,1.0,19.8,20.9,19.65,21.3
2025-05-13,5164253,105785462,20.9,21.2,20.05,20.15,-0.75,2897,1.0,20.9,20.15,20.05,21.2
2025-05-14,1989560,40007967,20.3,20.3,19.9,20.25,0.1,1190,1.0,20.3,20.25,19.9,20.3
2025-05-15,1595657,32028557,20.3,20.3,19.9,20.15,-0.1,755,1.0,20.3,20.15,19.9,20.3
2025-05-16,766132,15366232,20.15,20.25,19.95,20.0,-0.15,480,1.0,20.15,20.0,19.95,20.25
2025-05-19,695567,13821675,20.1,20.1,19.75,19.8,-0.2,441,1.0,20.1,19.8,19.75,20.1
2025-05-20,616474,12306104,19.95,20.25,19.8,19.8,0.0,344,1.0,19.95,19.8,19.8,20.25
2025-05-21,1244247,25119979,20.1,20.35,20.0,20.15,0.35,660,1.0,20.1,20.15,20.0,20.35
2025-05-22,14912287,316702519,21.0,21.95,20.75,20.9,0.75,8019,1.0,21.0,20.9,20.75,21.95
2025-05-23,4786475,98701042,21.3,21.35,20.2,20.25,-0.65,2797,1.0,21.3,20.25,20.2,21.35
2025-05-26,6657617,137157400,20.55,21.05,20.1,20.2,-0.05,3532,1.0,20.55,20.2,20.1,21.05
2025-05-27,2333635,46292677,20.2,20.25,19.55,19.6,-0.6,1256,1.0,20.2,19.6,19.55,20.25
2025-05-28,1209257,23644387,20.0,20.05,19.2,19.35,-0.25,772,1.0,20.0,19.35,19.2,20.05
2025-05-29,879048,17083127,19.5,19.65,19.3,19.35,0.0,557,1.0,19.5,19.35,19.3,19.65
2025-06-02,1025677,19435439,19.2,19.2,18.75,19.0,-0.35,588,1.0,19.2,19.0,18.75,19.2
2025-06-03,894672,16987448,19.2,19.35,18.8,18.8,-0.2,446,1.0,19.2,18.8,18.8,19.35
2025-06-04,855225,16445895,18.85,19.35,18.85,19.35,0.55,516,1.0,18.85,19.35,18.85,19.35
2025-06-05,608521,11694010,19.35,19.45,19.05,19.05,-0.3,428,1.0,19.35,19.05,19.05,19.45
2025-06-06,552579,10466505,19.0,19.25,18.85,18.9,-0.15,348,1.0,19.0,18.9,18.85,19.25
2025-06-09,607407,11363899,19.2,19.2,18.4,18.8,-0.1,378,1.0,19.2,18.8,18.4,19.2
2025-06-10,884466,16883367,19.25,19.3,18.85,18.85,0.05,511,1.0,19.25,18.85,18.85,19.3
2025-06-11,821821,15545364,19.0,19.05,18.75,18.9,0.05,508,1.0,19.0,18.9,18.75,19.05
2025-06-12,496394,9348604,19.0,19.0,18.75,18.8,-0.1,317,1.0,19.0,18.8,18.75,19.0
2025-06-13,1360502,24837039,18.7,18.7,18.05,18.1,-0.7,739,1.0,18.7,18.1,18.05,18.7
2025-06-16,588772,10654524,18.05,18.3,17.75,18.3,0.2,329,1.0,18.05,18.3,17.75,18.3
2025-06-17,710800,13018768,18.4,18.65,18.05,18.2,-0.1,438,1.0,18.4,18.2,18.05,18.65
2025-06-18,1190976,22248777,18.4,18.9,18.15,18.85,0.65,701,1.0,18.4,18.85,18.15,18.9
2025-06-19,2471904,46804099,19.0,19.4,18.45,18.85,0.0,1351,1.0,19.0,18.85,18.45,19.4
2025-06-20,1253364,22994180,18.85,18.85,18.1,18.3,-0.55,744,1.0,18.85,18.3,18.1,18.85
2025-06-23,1067858,19577435,18.1,18.65,17.9,18.55,0.25,621,1.0,18.1,18.55,17.9,18.65
2025-06-24,2237750,42791592,18.85,19.35,18.7,19.15,0.6,1146,1.0,18.85,19.15,18.7,19.35
2025-06-25,5116746,98857426,19.2,19.65,19.05,19.2,0.05,2431,1.0,19.2,19.2,19.05,19.65
2025-06-26,1233557,23842627,19.25,19.5,19.15,19.15,-0.05,634,1.0,19.25,19.15,19.15,19.5
2025-06-27,673558,12837095,19.3,19.3,18.95,19.0,-0.15,460,1.0,19.3,19.0,18.95,19.3
2025-06-30,633607,11868343,19.0,19.05,18.6,18.6,-0.4,406,1.0,19.0,18.6,18.6,19.05
2025-07-01,477779,8990687,18.7,19.0,18.6,18.6,0.0,341,1.0,18.7,18.6,18.6,19.0
2025-07-02,506420,9376954,18.6,18.7,18.35,18.35,-0.25,355,1.0,18.6,18.35,18.35,18.7
2025-07-03,692005,12886905,18.55,18.75,18.55,18.55,0.2,401,1.0,18.55,18.55,18.55,18.75
2025-07-04,1334233,24237511,18.65,18.8,17.9,17.9,-0.65,740,1.0,18.65,17.9,17.9,18.8
2025-07-07,658906,11595695,18.05,18.05,17.5,17.5,-0.4,466,1.0,18.05,17.5,17.5,18.05
2025-07-08,478375,8246545,17.4,17.45,17.1,17.25,-0.25,306,1.0,17.4,17.25,17.1,17.45
2025-07-09,423134,7346229,17.3,17.45,17.2,17.3,0.05,279,1.0,17.3,17.3,17.2,17.45
2025-07-10,1200956,21313241,17.5,18.15,17.35,17.55,0.25,741,1.0,17.5,17.55,17.35,18.15
2025-07-11,2381933,43553898,18.0,18.75,17.85,18.45,0.9,1330,1.0,18.0,18.45,17.85,18.75
2025-07-14,970743,17555588,18.55,18.55,17.95,18.15,-0.3,560,1.0,18.55,18.15,17.95,18.55
2025-07-15,1033404,18979450,18.45,18.5,18.2,18.25,0.1,602,1.0,18.45,18.25,18.2,18.5
2025-07-16,705144,12862538,18.4,18.45,18.05,18.1,-0.15,406,1.0,18.4,18.1,18.05,18.45
2025-07-17,1132148,20856401,18.15,18.55,18.1,18.4,0.3,536,1.0,18.15,18.4,18.1,18.55
2025-07-18,696244,12848020,18.65,18.7,18.3,18.4,0.0,403,1.0,18.65,18.4,18.3,18.7
2025-07-21,1145367,21424752,18.75,19.15,18.5,18.55,0.15,705,1.0,18.75,18.55,18.5,19.15
2025-07-22,1062651,19251967,18.7,18.7,17.8,17.85,-0.7,583,1.0,18.7,17.85,17.8,18.7
2025-07-23,747444,13651028,18.15,18.4,18.05,18.2,0.35,425,1.0,18.15,18.2,18.05,18.4
2025-07-24,1229311,22724667,18.4,18.7,18.05,18.55,0.35,667,1.0,18.4,18.55,18.05,18.7
2025-07-25,613120,11380975,18.95,18.95,18.4,18.5,-0.05,417,1.0,18.95,18.5,18.4,18.95
2025-07-28,718920,13205715,18.6,18.6,18.1,18.3,-0.2,423,1.0,18.6,18.3,18.1,18.6
2025-07-29,734646,13457399,18.4,18.65,18.1,18.2,-0.1,459,1.0,18.4,18.2,18.1,18.65
2025-07-30,552142,10061186,18.2,18.4,18.0,18.2,0.0,323,1.0,18.2,18.2,18.0,18.4
2025-07-31,796237,14271847,18.2,18.2,17.8,17.8,-0.4,469,1.0,18.2,17.8,17.8,18.2
2025-08-01,1286266,23209657,17.8,18.35,17.3,18.25,0.45,594,1.0,17.8,18.25,17.3,18.35
2025-08-04,587236,10604022,17.8,18.35,17.6,18.25,0.0,431,1.0,17.8,18.25,17.6,18.35
2025-08-05,1058848,19686067,18.3,18.75,18.3,18.55,0.3,620,1.0,18.3,18.55,18.3,18.75
2025-08-06,1344955,25197656,18.8,18.95,18.5,18.55,0.0,795,1.0,18.8,18.55,18.5,18.95
2025-08-07,1046361,19631402,18.8,19.15,18.55,18.7,0.15,687,1.0,18.8,18.7,18.55,19.15
2025-08-08,1351505,25589797,18.75,19.15,18.65,18.75,0.05,783,1.0,18.75,18.75,18.65,19.15
2025-08-11,760755,14248565,18.8,19.0,18.5,18.8,0.05,405,1.0,18.8,18.8,18.5,19.0
2025-08-12,1425654,27119061,18.9,19.2,18.85,18.9,0.1,735,1.0,18.9,18.9,18.85,19.2
2025-08-13,1514018,28972810,19.1,19.35,18.8,18.95,0.05,861,1.0,19.1,18.95,18.8,19.35
2025-08-14,1327639,25469041,19.05,19.3,19.05,19.1,0.15,760,1.0,19.05,19.1,19.05,19.3
2025-08-15,2161220,41866063,19.3,19.7,19.15,19.25,0.15,1173,1.0,19.3,19.25,19.15,19.7
2025-08-18,1114980,21226758,19.35,19.35,18.9,18.95,-0.3,605,1.0,19.35,18.95,18.9,19.35
2025-08-19,691724,13012608,19.1,19.1,18.7,18.7,-0.25,450,1.0,19.1,18.7,18.7,19.1
2025-08-20,965800,17741225,18.75,18.75,18.15,18.3,-0.4,590,1.0,18.75,18.3,18.15,18.75
2025-08-21,772071,14365640,18.5,18.75,18.45,18.6,0.3,396,1.0,18.5,18.6,18.45,18.75
2025-08-22,706726,13230648,18.6,19.0,18.6,18.65,0.05,420,1.0,18.6,18.65,18.6,19.0
2025-08-25,1718178,33058681,19.0,19.45,18.8,19.2,0.55,966,1.0,19.0,19.2,18.8,19.45
2025-08-26,747401,14373422,19.25,19.35,19.1,19.25,0.05,490,1.0,19.25,19.25,19.1,19.35
2025-08-27,1527446,29752709,19.35,19.65,19.3,19.6,0.35,781,1.0,19.35,19.6,19.3,19.65
2025-08-28,1400565,27415784,19.5,19.8,19.4,19.45,-0.15,726,1.0,19.5,19.45,19.4,19.8
2025-08-29,2874461,56735039,19.85,20.35,19.25,19.25,-0.2,1600,1.0,19.85,19.25,19.25,20.35
2025-09-01,1165586,21966916,19.0,19.25,18.6,18.7,-0.55,694,1.0,19.0,18.7,18.6,19.25
2025-09-02,991704,18381377,18.75,18.95,18.3,18.5,-0.2,488,1.0,18.75,18.5,18.3,18.95
2025-09-03,655325,12153854,18.6,18.85,18.4,18.45,-0.05,384,1.0,18.6,18.45,18.4,18.85
2025-09-04,705594,13060564,18.65,18.7,18.35,18.5,0.05,379,1.0,18.65,18.5,18.35,18.7
2025-09-05,531742,9917831,18.55,18.8,18.55,18.65,0.15,295,1.0,18.55,18.65,18.55,18.8
2025-09-08,645178,12177804,18.9,19.0,18.7,18.9,0.25,336,1.0,18.9,18.9,18.7,19.0
2025-09-09,550618,10365908,19.1,19.1,18.7,18.9,0.0,344,1.0,19.1,18.9,18.7,19.1
2025-09-10,970367,18295127,19.1,19.2,18.65,18.9,0.0,490,1.0,19.1,18.9,18.65,19.2
2025-09-11,2075980,39817883,19.0,19.7,18.7,18.75,-0.15,1174,1.0,19.0,18.75,18.7,19.7
2025-09-12,1444893,27705320,19.0,19.45,18.8,18.9,0.15,823,1.0,19.0,18.9,18.8,19.45
2025-09-15,1161165,21701256,19.15,19.15,18.45,18.8,-0.1,643,1.0,19.15,18.8,18.45,19.15
2025-09-16,671827,12682882,18.8,19.1,18.65,19.1,0.3,415,1.0,18.8,19.1,18.65,19.1
2025-09-17,4412691,86881328,19.3,20.3,19.3,19.35,0.25,2282,1.0,19.3,19.35,19.3,20.3
2025-09-18,3094719,61517808,19.45,20.2,19.45,19.8,0.45,1703,1.0,19.45,19.8,19.45,20.2
2025-09-19,2576039,51386834,19.95,20.15,19.6,20.1,0.3,1275,1.0,19.95,20.1,19.6,20.15
2025-09-22,2074020,41166934,20.3,20.3,19.6,19.7,-0.4,1035,1.0,20.3,19.7,19.6,20.3
2025-09-23,1203225,23395301,19.7,19.8,19.3,19.3,-0.4,657,1.0,19.7,19.3,19.3,19.8
2025-09-24,1009632,19255387,19.3,19.35,18.85,19.05,-0.25,549,1.0,19.3,19.05,18.85,19.35
2025-09-25,917134,17757681,19.1,19.65,19.05,19.2,0.15,468,1.0,19.1,19.2,19.05,19.65
2025-09-26,978472,18393058,19.15,19.15,18.55,18.8,-0.4,493,1.0,19.15,18.8,18.55,19.15
2025-09-30,935213,17689440,18.8,19.1,18.65,19.1,0.3,490,1.0,18.8,19.1,18.65,19.1
2025-10-01,583796,11102939,19.35,19.35,18.85,18.95,-0.15,329,1.0,19.35,18.95,18.85,19.35
2025-10-02,1310916,25359415,19.1,19.55,19.1,19.15,0.2,694,1.0,19.1,19.15,19.1,19.55
2025-10-03,1434924,27784837,19.3,19.65,19.05,19.2,0.05,743,1.0,19.3,19.2,19.05,19.65
2025-10-07,8377532,172625339,19.6,20.95,19.6,20.85,1.65,4971,1.0,19.6,20.85,19.6,20.95
2025-10-08,13883072,291346405,20.65,21.35,20.3,21.05,0.2,6901,1.0,20.65,21.05,20.3,21.35
2025-10-09,26245211,590537489,21.05,23.15,20.8,23.15,2.1,15478,1.0,21.05,23.15,20.8,23.15
2025-10-13,14172043,304884431,22.05,22.05,21.05,21.8,-1.35,6883,1.0,22.05,21.8,21.05,22.05
2025-10-14,11778205,254570447,21.75,22.6,20.75,21.35,-0.45,6012,1.0,21.75,21.35,20.75,22.6
2025-10-15,4359684,91389685,21.25,21.25,20.55,20.9,-0.45,2716,1.0,21.25,20.9,20.55,21.25
2025-10-16,13963170,307692843,21.45,22.5,21.3,22.1,1.2,6976,1.0,21.45,22.1,21.3,22.5
2025-10-17,4591145,98025730,21.7,21.7,21.1,21.1,-1.0,2582,1.0,21.7,21.1,21.1,21.7
2025-10-20,3130700,66911093,21.3,21.9,21.1,21.35,0.25,2098,1.0,21.3,21.35,21.1,21.9
2025-10-21,7886531,173377938,21.4,22.6,21.2,22.55,1.2,4131,1.0,21.4,22.55,21.2,22.6
2025-10-22,22033214,540976339,24.0,24.8,23.75,24.8,2.25,7371,1.0,24.0,24.8,23.75,24.8
2025-10-23,41552981,1036059812,25.05,25.85,24.05,24.4,-0.4,19234,1.0,25.05,24.4,24.05,25.85
2025-10-27,29664243,775987558,24.6,26.8,24.25,26.05,1.65,12876,1.0,24.6,26.05,24.25,26.8
2025-10-28,9906398,253477581,26.1,26.3,25.05,25.6,-0.45,5476,1.0,26.1,25.6,25.05,26.3
2025-10-29,8147579,205351041,25.65,26.2,24.6,25.15,-0.45,4800,1.0,25.65,25.15,24.6,26.2
2025-10-30,6310964,152517033,25.0,25.15,23.75,23.8,-1.35,3414,1.0,25.0,23.8,23.75,25.15
2025-10-31,4821477,111158682,23.6,23.85,22.7,22.8,-1.0,2785,1.0,23.6,22.8,22.7,23.85
2025-11-03,2921363,66678267,22.8,23.25,22.5,22.7,-0.1,1887,1.0,22.8,22.7,22.5,23.25
2025-11-04,3246735,71821902,22.75,22.75,21.8,22.0,-0.7,1800,1.0,22.75,22.0,21.8,22.75
2025-11-05,1769226,38085247,21.5,21.9,21.15,21.9,-0.1,1275,1.0,21.5,21.9,21.15,21.9
2025-11-06,2033924,44879527,22.25,22.3,21.75,22.3,0.4,1381,1.0,22.25,22.3,21.75,22.3
2025-11-07,3420058,76141773,22.1,22.85,21.75,22.2,-0.1,1961,1.0,22.1,22.2,21.75,22.85
2025-11-10,9541351,223531705,22.2,24.1,21.65,23.85,1.65,5878,1.0,22.2,23.85,21.65,24.1
2025-11-11,6858195,151255619,22.5,22.5,21.8,22.0,-1.85,3951,1.0,22.5,22.0,21.8,22.5
2025-11-12,6638202,151884486,22.0,23.3,21.9,23.15,1.15,3827,1.0,22.0,23.15,21.9,23.3
2025-11-13,16551196,404430160,23.5,25.2,23.15,24.45,1.3,9031,1.0,23.5,24.45,23.15,25.2
2025-11-14,3857038,89856646,23.2,23.75,23.05,23.1,-1.35,3091,1.0,23.2,23.1,23.05,23.75
2025-11-17,4713512,108661455,23.0,24.1,22.15,22.25,-0.85,2999,1.0,23.0,22.25,22.15,24.1
2025-11-18,2146769,47371679,22.25,22.7,21.7,22.0,-0.25,1402,1.0,22.25,22.0,21.7,22.7
2025-11-19,2351008,50406284,21.95,22.25,21.0,21.05,-0.95,1528,1.0,21.95,21.05,21.0,22.25
2025-11-20,2384404,50588711,21.6,21.85,20.85,21.1,0.05,1158,1.0,21.6,21.1,20.85,21.85
2025-11-21,2311277,47493105,20.8,20.95,20.15,20.6,-0.5,1312,1.0,20.8,20.6,20.15,20.95
2025-11-24,1072032,22117198,20.95,21.15,20.4,20.55,-0.05,747,1.0,20.95,20.55,20.4,21.15
2025-11-25,7923985,176746147,21.2,22.6,21.2,22.6,2.05,5104,1.0,21.2,22.6,21.2,22.6
2025-11-26,3417591,75835085,22.6,22.6,21.9,22.1,-0.5,1966,1.0,22.6,22.1,21.9,22.6
2025-11-27,2703087,60829818,22.65,23.3,21.95,22.45,0.35,1737,1.0,22.65,22.45,21.95,23.3
2025-11-28,3254324,73707013,22.85,23.0,22.2,22.6,0.15,1995,1.0,22.85,22.6,22.2,23.0
2025-12-01,1245830,27683764,22.5,22.55,22.0,22.05,-0.55,897,1.0,22.5,22.05,22.0,22.55
2025-12-02,1063440,23307764,22.15,22.2,21.65,21.75,-0.3,739,1.0,22.15,21.75,21.65,22.2
2025-12-03,4622441,105397681,21.95,23.35,21.95,22.75,1.0,2775,1.0,21.95,22.75,21.95,23.35
2025-12-04,16590615,401894891,23.3,24.8,23.05,24.05,1.3,7988,1.0,23.3,24.05,23.05,24.8
2025-12-05,15772049,388116283,24.05,25.1,24.0,25.05,1.0,8402,1.0,24.05,25.05,24.0,25.1
2025-12-08,5228925,128803152,24.5,24.9,24.3,24.7,-0.35,3129,1.0,24.5,24.7,24.3,24.9
2025-12-09,10510954,264218593,24.7,25.65,24.2,25.0,0.3,6017,1.0,24.7,25.0,24.2,25.65
2025-12-10,4348184,107832026,25.0,25.3,24.35,24.65,-0.35,3491,1.0,25.0,24.65,24.35,25.3
2025-12-11,6477899,162838633,24.95,25.5,24.6,25.4,0.75,3395,1.0,24.95,25.4,24.6,25.5
2025-12-12,6302840,156586418,25.4,25.4,24.4,24.4,-1.0,3586,1.0,25.4,24.4,24.4,25.4
2025-12-15,2769105,67870232,23.9,25.0,23.8,24.95,0.55,1624,1.0,23.9,24.95,23.8,25.0
2025-12-16,2182517,53333121,24.9,25.1,24.05,24.15,-0.8,1459,1.0,24.9,24.15,24.05,25.1
2025-12-17,1522757,36783771,24.5,24.55,24.0,24.0,-0.15,926,1.0,24.5,24.0,24.0,24.55
2025-12-18,2496847,60981246,24.0,24.8,23.65,24.2,0.2,1666,1.0,24.0,24.2,23.65,24.8
2025-12-19,7638607,188572014,24.9,25.5,24.0,24.0,-0.2,3894,1.0,24.9,24.0,24.0,25.5
2025-12-22,1836218,44841530,24.2,24.65,24.1,24.4,0.4,1189,1.0,24.2,24.4,24.1,24.65
2025-12-23,22853273,586218035,24.8,26.1,24.3,26.0,1.6,10422,1.0,24.8,26.0,24.3,26.1
2025-12-24,12375744,319094833,25.8,26.2,25.25,26.0,0.0,7301,1.0,25.8,26.0,25.25,26.2
2025-12-26,15713697,417370758,26.3,26.95,25.75,26.35,0.35,8582,1.0,26.3,26.35,25.75,26.95
2025-12-29,7891205,201437166,26.35,26.35,25.0,25.1,-1.25,4780,1.0,26.35,25.1,25.0,26.35
2025-12-30,3603533,88229502,25.0,25.0,24.3,24.4,-0.7,2392,1.0,25.0,24.4,24.3,25.0
2025-12-31,10776951,275430325,24.45,26.25,24.4,26.15,1.75,5825,1.0,24.45,26.15,24.4,26.25
2026-02-02,2334559,52808855,23.2,23.2,22.25,22.55,-0.7,1531,1.0,23.2,22.55,22.25,23.2
2026-02-03,4719210,110997035,23.15,24.5,22.85,23.15,0.6,2705,1.0,23.15,23.15,22.85,24.5
2026-02-04,1389605,32350427,23.3,23.6,22.95,23.5,0.35,975,1.0,23.3,23.5,22.95,23.6
2026-02-05,1578597,36577349,23.2,23.65,22.95,22.95,-0.55,952,1.0,23.2,22.95,22.95,23.65
2026-02-06,1545141,34225724,22.6,22.6,21.8,22.2,-0.75,1041,1.0,22.6,22.2,21.8,22.6
2026-02-09,1381501,30551284,22.85,22.85,21.9,22.0,-0.2,1006,1.0,22.85,22.0,21.9,22.85
2026-02-10,966801,21251109,22.05,22.15,21.7,22.0,0.0,629,1.0,22.05,22.0,21.7,22.15
2026-02-11,1459814,31810838,21.8,22.0,21.7,21.7,-0.3,887,1.0,21.8,21.7,21.7,22.0
2026-02-23,2288723,51641652,21.8,23.05,21.7,22.9,1.2,1337,1.0,21.8,22.9,21.7,23.05
2026-02-24,1399328,32546462,22.8,23.55,22.7,23.4,0.5,1076,1.0,22.8,23.4,22.7,23.55
2026-02-25,1319874,30576525,23.8,23.95,22.8,22.8,-0.6,970,1.0,23.8,22.8,22.8,23.95
2026-02-26,2069573,48374060,23.05,23.75,22.75,23.65,0.85,1206,1.0,23.05,23.65,22.75,23.75
2026-03-02,1410756,32705916,22.4,23.65,22.1,23.2,-0.45,1104,1.0,22.4,23.2,22.1,23.65
2026-03-03,20340558,504848128,23.3,25.5,23.15,25.15,1.95,10940,1.0,23.3,25.15,23.15,25.5
2026-03-04,4644255,107690578,24.15,24.55,22.65,22.8,-2.35,3015,1.0,24.15,22.8,22.65,24.55
2026-03-05,3873726,92193339,23.55,24.3,23.25,23.65,0.85,2188,1.0,23.55,23.65,23.25,24.3
2026-03-06,1881030,44150824,23.4,23.95,23.2,23.2,-0.45,1309,1.0,23.4,23.2,23.2,23.95
2026-03-09,2214094,47347813,21.0,21.8,21.0,21.6,-1.6,1446,1.0,21.0,21.6,21.0,21.8
2026-03-10,1416093,31357450,22.15,22.5,21.8,22.15,0.55,997,1.0,22.15,22.15,21.8,22.5
2026-03-11,7692535,185716146,22.8,24.35,22.7,24.35,2.2,4500,1.0,22.8,24.35,22.7,24.35
2026-03-12,11187746,282988817,23.9,26.4,23.85,26.15,1.8,6312,1.0,23.9,26.15,23.85,26.4
2026-03-13,22137918,590232621,26.6,27.75,25.7,26.25,0.1,11674,1.0,26.6,26.25,25.7,27.75
2026-03-16,12479169,337742258,26.6,27.8,25.7,27.15,0.9,6837,1.0,26.6,27.15,25.7,27.8
2026-03-17,15910947,444319304,27.35,28.6,27.0,28.0,0.85,8326,1.0,27.35,28.0,27.0,28.6
2026-03-18,8970645,275999346,30.7,30.8,30.1,30.8,2.8,2975,1.0,30.7,30.8,30.1,30.8
2026-03-19,39614933,1294122401,31.35,33.85,30.7,33.85,3.05,17211,1.0,31.35,33.85,30.7,33.85
2026-03-20,52430514,1922830799,37.2,37.2,34.4,37.2,3.35,21834,1.0,37.2,37.2,34.4,37.2
2026-03-23,9150302,318945141,35.3,36.0,34.2,34.3,-2.9,5602,1.0,35.3,34.3,34.2,36.0
2026-03-24,9555839,308519866,35.85,35.9,30.9,30.9,-3.4,5619,1.0,35.85,30.9,30.9,35.9
2026-03-25,3781183,118566186,31.8,32.05,30.3,31.55,0.65,2731,1.0,31.8,31.55,30.3,32.05
2026-03-26,4249892,130722981,31.55,32.05,29.25,29.25,-2.3,3205,1.0,31.55,29.25,29.25,32.05
2026-03-27,2792885,84411780,28.85,31.0,28.85,31.0,1.75,2140,1.0,28.85,31.0,28.85,31.0
2026-03-30,1816475,55004710,30.0,30.75,29.8,30.55,-0.45,1428,1.0,30.0,30.55,29.8,30.75
2026-03-31,2097427,63648236,30.1,31.45,29.6,30.05,-0.5,1710,1.0,30.1,30.05,29.6,31.45
2026-04-01,3095917,98251142,31.5,32.5,30.6,31.85,1.8,2155,1.0,31.5,31.85,30.6,32.5
2026-04-02,7527622,250986761,32.85,33.85,32.6,33.8,1.95,4427,1.0,32.85,33.8,32.6,33.85
2026-04-07,7025324,243082085,35.2,35.6,33.8,34.5,0.7,4255,1.0,35.2,34.5,33.8,35.6
2026-04-08,40114675,1460985703,35.9,37.95,33.7,37.95,3.45,20405,1.0,35.9,37.95,33.7,37.95
2026-04-09,28992009,1014588900,36.65,36.65,34.2,35.45,-2.5,19474,1.0,36.65,35.45,34.2,36.65
2026-04-10,14264863,499598665,35.65,36.25,34.05,34.2,-1.25,9162,1.0,35.65,34.2,34.05,36.25
2026-04-13,9116578,301577666,33.0,33.75,32.25,33.0,-1.2,5612,1.0,33.0,33.0,32.25,33.75
2026-04-14,11371855,391499019,33.7,35.35,33.0,33.7,0.7,7148,1.0,33.7,33.7,33.0,35.35
2026-04-15,23953045,866762614,34.2,37.05,33.1,37.05,3.35,11219,1.0,34.2,37.05,33.1,37.05
2026-04-16,36327298,1335939368,37.7,38.35,34.8,35.0,-2.05,21884,1.0,37.7,35.0,34.8,38.35
2026-04-17,11600366,414665861,34.95,36.6,34.95,35.25,0.25,7421,1.0,34.95,35.25,34.95,36.6
2026-04-20,26157482,966148870,35.3,38.5,35.0,38.15,2.9,15126,1.0,35.3,38.15,35.0,38.5
2026-04-21,16909196,706901438,40.9,41.95,40.8,41.95,3.8,5833,1.0,40.9,41.95,40.8,41.95
2026-04-22,40228681,1685798431,45.0,45.5,40.1,40.2,-1.75,22412,1.0,45.0,40.2,40.1,45.5
2026-04-23,31892904,1278038871,42.4,43.05,37.1,39.7,-0.5,17441,1.0,42.4,39.7,37.1,43.05
2026-04-24,49139699,2089378212,41.1,43.65,40.5,43.65,3.95,26900,1.0,41.1,43.65,40.5,43.65
2026-04-27,34308618,1401901812,43.65,43.65,39.5,41.35,-2.3,18209,1.0,43.65,41.35,39.5,43.65
2026-04-28,20075457,845725142,41.6,43.5,40.8,41.8,0.45,13429,1.0,41.6,41.8,40.8,43.5
2026-04-29,20401587,863226246,41.7,43.15,40.6,42.7,0.9,12409,1.0,41.7,42.7,40.6,43.15
2026-04-30,20084036,857361578,42.7,43.4,41.7,42.45,-0.25,11710,1.0,42.7,42.45,41.7,43.4
2026-05-04,24606969,1061359566,42.75,43.8,42.2,43.75,1.3,14131,1.0,42.75,43.75,42.2,43.8
2026-05-05,13595576,589293437,43.0,44.7,42.75,43.1,-0.65,8636,1.0,43.0,43.1,42.75,44.7
2026-05-06,39573501,1793741022,43.5,47.0,43.4,44.8,1.7,25140,1.0,43.5,44.8,43.4,47.0
2026-05-07,19221011,836176357,44.8,44.8,42.7,43.5,-1.3,13477,1.0,44.8,43.5,42.7,44.8
2026-05-08,14536476,628213117,43.2,44.55,42.1,42.3,-1.2,9102,1.0,43.2,42.3,42.1,44.55
2026-05-11,25679481,1142449064,42.3,45.4,41.4,44.8,2.5,13887,1.0,42.3,44.8,41.4,45.4
2026-05-12,26698445,1221705840,45.0,46.6,44.1,46.45,1.65,16185,1.0,45.0,46.45,44.1,46.6
