Date,Capacity,Turnover,Open,High,Low,Close,Change,Transaction,AdjFactor,Open_adj,Close_adj,Low_adj,High_adj
2020-05-04,558981,25078487,44.9,45.35,44.4,45.05,-0.45,431,0.7301865517938405,32.7854,32.8949,32.4203,33.114
2020-05-05,534061,24145351,45.3,45.8,44.8,45.0,-0.05,280,0.7301865517938405,33.0775,32.8584,32.7124,33.4425
2020-05-06,820221,36882026,45.0,45.25,44.55,44.75,-0.25,436,0.7301865517938405,32.8584,32.6758,32.5298,33.0409
2020-05-07,630417,28760087,44.8,45.9,44.8,45.7,0.95,483,0.7301865517938405,32.7124,33.3695,32.7124,33.5156
2020-05-08,614457,28176034,46.0,46.35,45.4,45.6,-0.1,443,0.7301865517938405,33.5886,33.2965,33.1505,33.8441
2020-05-11,463800,21288550,45.8,46.2,45.6,45.6,0.0,284,0.7301865517938405,33.4425,33.2965,33.2965,33.7346
2020-05-12,497050,22545808,46.0,46.0,45.05,45.1,-0.5,317,0.7301865517938405,33.5886,32.9314,32.8949,33.5886
2020-05-13,465682,20979974,45.35,45.45,44.85,44.95,-0.15,288,0.7301865517938405,33.114,32.8219,32.7489,33.187
2020-05-14,565752,25304411,44.9,45.35,44.15,44.25,-0.7,394,0.7301865517938405,32.7854,32.3108,32.2377,33.114
2020-05-15,626484,27807589,44.5,44.9,44.1,44.1,-0.15,345,0.7301865517938405,32.4933,32.2012,32.2012,32.7854
2020-05-18,507276,22496951,44.15,44.65,44.1,44.2,0.1,315,0.7301865517938405,32.2377,32.2742,32.2012,32.6028
2020-05-19,804635,35993681,44.6,45.05,44.25,45.05,0.85,549,0.7301865517938405,32.5663,32.8949,32.3108,32.8949
2020-05-20,595675,27068143,45.15,45.65,45.15,45.6,0.55,468,0.7301865517938405,32.9679,33.2965,32.9679,33.333
2020-05-21,551509,25174031,45.75,46.0,45.5,45.65,0.05,415,0.7301865517938405,33.406,33.333,33.2235,33.5886
2020-05-22,586568,26465919,45.65,45.65,44.7,44.8,-0.85,379,0.7301865517938405,33.333,32.7124,32.6393,33.333
2020-05-25,353992,15845935,44.7,45.1,44.3,44.95,0.15,212,0.7301865517938405,32.6393,32.8219,32.3473,32.9314
2020-05-26,336143,15164785,45.2,45.3,45.0,45.05,0.1,271,0.7301865517938405,33.0044,32.8949,32.8584,33.0775
2020-05-27,722486,32351942,45.1,45.1,44.45,44.85,-0.2,485,0.7301865517938405,32.9314,32.7489,32.4568,32.9314
2020-05-28,553609,24892455,45.1,45.2,44.8,44.95,0.1,341,0.7301865517938405,32.9314,32.8219,32.7124,33.0044
2020-05-29,934309,42218364,45.2,45.8,45.0,45.0,0.05,367,0.7301865517938405,33.0044,32.8584,32.8584,33.4425
2020-06-01,419047,18986679,45.1,45.5,45.0,45.4,0.4,253,0.7301865517938405,32.9314,33.1505,32.8584,33.2235
2020-06-02,397277,18110587,45.75,45.75,45.45,45.45,0.05,284,0.7301865517938405,33.406,33.187,33.187,33.406
2020-06-03,1226572,56405950,45.6,46.3,45.6,45.9,0.45,753,0.7301865517938405,33.2965,33.5156,33.2965,33.8076
2020-06-04,503307,23258951,46.35,46.5,46.05,46.05,0.15,337,0.7301865517938405,33.8441,33.6251,33.6251,33.9537
2020-06-05,642934,29716748,46.1,46.35,46.05,46.2,0.15,441,0.7301865517938405,33.6616,33.7346,33.6251,33.8441
2020-06-08,531029,24513083,46.45,46.45,45.7,46.2,0.0,387,0.7301865517938405,33.9172,33.7346,33.3695,33.9172
2020-06-09,387826,17817684,46.3,46.3,45.75,45.9,-0.3,264,0.7301865517938405,33.8076,33.5156,33.406,33.8076
2020-06-10,976141,45400808,46.9,46.9,46.2,46.2,0.3,730,0.7301865517938405,34.2457,33.7346,33.7346,34.2457
2020-06-11,1027653,47207990,46.2,46.45,45.3,45.3,-0.9,653,0.7301865517938405,33.7346,33.0775,33.0775,33.9172
2020-06-12,556556,24905404,44.5,45.25,44.3,45.25,-0.05,394,0.7301865517938405,32.4933,33.0409,32.3473,33.0409
2020-06-15,773394,34770036,45.25,45.3,44.65,45.15,-0.1,509,0.7301865517938405,33.0409,32.9679,32.6028,33.0775
2020-06-16,439356,19908175,45.4,45.4,45.05,45.3,0.15,362,0.7301865517938405,33.1505,33.0775,32.8949,33.1505
2020-06-17,261779,11865614,45.3,45.4,45.25,45.3,0.0,196,0.7301865517938405,33.0775,33.0775,33.0409,33.1505
2020-06-18,566871,25955416,45.4,46.15,45.4,46.0,0.7,446,0.7301865517938405,33.1505,33.5886,33.1505,33.6981
2020-06-19,749758,34420479,46.05,46.1,45.65,45.95,-0.05,351,0.7301865517938405,33.6251,33.5521,33.333,33.6616
2020-06-22,584284,26895089,45.85,46.2,45.8,45.95,0.0,455,0.7301865517938405,33.4791,33.5521,33.4425,33.7346
2020-06-23,231816,10681186,46.4,46.4,45.9,46.0,0.05,202,0.7301865517938405,33.8807,33.5886,33.5156,33.8807
2020-06-24,355923,16394942,45.9,46.15,45.9,46.1,0.1,297,0.7301865517938405,33.5156,33.6616,33.5156,33.6981
2020-06-29,661243,30299775,46.0,46.15,45.6,46.0,-0.1,464,0.7301865517938405,33.5886,33.5886,33.2965,33.6981
2020-06-30,467197,21525780,46.0,46.3,45.8,46.25,0.25,321,0.7301865517938405,33.5886,33.7711,33.4425,33.8076
2020-07-01,570363,26484715,46.25,46.55,46.25,46.35,0.1,470,0.7301865517938405,33.7711,33.8441,33.7711,33.9902
2020-07-02,756209,35419695,46.5,47.1,46.5,47.0,0.65,539,0.7301865517938405,33.9537,34.3188,33.9537,34.3918
2020-07-03,1165936,55604040,47.2,47.9,47.2,47.7,0.7,698,0.7301865517938405,34.4648,34.8299,34.4648,34.9759
2020-07-06,2730326,133955479,48.0,49.9,47.85,49.35,1.65,1534,0.7301865517938405,35.049,36.0347,34.9394,36.4363
2020-07-07,2259599,111792702,49.6,50.3,48.55,49.45,0.1,1496,0.7301865517938405,36.2173,36.1077,35.4506,36.7284
2020-07-08,1460420,72292792,49.45,49.7,49.0,49.5,0.05,949,0.7301865517938405,36.1077,36.1442,35.7791,36.2903
2020-07-09,1294805,63917370,49.75,49.75,49.05,49.15,-0.35,890,0.7301865517938405,36.3268,35.8887,35.8157,36.3268
2020-07-10,2018121,99691597,49.3,49.7,48.25,49.5,0.35,1076,0.7301865517938405,35.9982,36.1442,35.2315,36.2903
2020-07-13,2720760,136912093,49.8,50.7,49.6,50.5,1.0,1413,0.7301865517938405,36.3633,36.8744,36.2173,37.0205
2020-07-14,2027552,100268575,50.4,50.4,48.75,49.65,-0.85,1173,0.7301865517938405,36.8014,36.2538,35.5966,36.8014
2020-07-15,1594713,79545343,49.95,50.7,49.5,50.0,0.35,844,0.7301865517938405,36.4728,36.5093,36.1442,37.0205
2020-07-16,1117567,55833386,50.1,50.3,49.6,49.9,-0.1,548,0.7301865517938405,36.5823,36.4363,36.2173,36.7284
2020-07-17,658497,32922244,50.0,50.6,49.65,49.7,-0.2,388,0.7301865517938405,36.5093,36.2903,36.2538,36.9474
2020-07-20,2250180,113222430,49.7,50.6,49.7,50.4,0.7,1234,0.7301865517938405,36.2903,36.8014,36.2903,36.9474
2020-07-21,4323711,223775392,50.7,52.4,50.6,52.4,2.0,2289,0.7301865517938405,37.0205,38.2618,36.9474,38.2618
2020-07-22,3860734,201958179,53.2,53.4,51.2,52.5,0.1,2086,0.7301865517938405,38.8459,38.3348,37.3856,38.992
2020-07-23,1180484,61532513,52.5,52.7,51.8,52.0,-0.5,765,0.7301865517938405,38.3348,37.9697,37.8237,38.4808
2020-07-24,1219048,62666954,51.9,51.9,51.1,51.5,-0.5,791,0.7301865517938405,37.8967,37.6046,37.3125,37.8967
2020-07-27,1296986,66959980,51.4,52.1,51.2,51.4,-0.1,773,0.7301865517938405,37.5316,37.5316,37.3856,38.0427
2020-07-28,2031933,104776883,51.9,52.1,51.1,51.1,-0.3,1210,0.7301865517938405,37.8967,37.3125,37.3125,38.0427
2020-07-29,894073,46066446,51.2,51.9,51.1,51.6,0.5,541,0.7301865517938405,37.3856,37.6776,37.3125,37.8967
2020-07-30,1744884,90786441,51.9,52.6,51.3,52.5,0.9,906,0.7301865517938405,37.8967,38.3348,37.4586,38.4078
2020-07-31,861844,45024638,52.5,52.5,51.8,52.4,-0.1,590,0.7301865517938405,38.3348,38.2618,37.8237,38.3348
2020-08-03,2269112,117966624,52.4,52.8,51.0,52.2,-0.2,1227,0.7301865517938405,38.2618,38.1157,37.2395,38.5538
2020-08-04,922918,47885954,52.4,52.4,51.5,51.7,-0.5,669,0.7301865517938405,38.2618,37.7506,37.6046,38.2618
2020-08-05,1900672,99089144,52.0,52.5,51.7,52.4,0.7,1116,0.7301865517938405,37.9697,38.2618,37.7506,38.3348
2020-08-06,1465816,76815206,51.9,52.8,51.9,52.4,0.0,925,0.7301865517938405,37.8967,38.2618,37.8967,38.5538
2020-08-07,860703,45088833,52.6,52.6,52.1,52.6,0.2,509,0.7301865517938405,38.4078,38.4078,38.0427,38.4078
2020-08-10,1286755,68355015,52.9,53.7,52.9,53.0,0.4,830,0.7301865517938405,38.6269,38.6999,38.6269,39.211
2020-08-11,933998,48868596,53.4,53.4,51.7,51.7,-1.3,659,0.7301865517938405,38.992,37.7506,37.7506,38.992
2020-08-12,1260965,64808680,51.7,52.1,50.5,52.1,0.4,819,0.7301865517938405,37.7506,38.0427,36.8744,38.0427
2020-08-13,473037,24639105,52.4,52.5,51.6,51.7,-0.4,351,0.7301865517938405,38.2618,37.7506,37.6776,38.3348
2020-08-14,824097,42769028,51.4,52.3,51.2,51.9,0.2,457,0.7301865517938405,37.5316,37.8967,37.3856,38.1888
2020-08-17,593987,30923424,51.9,52.4,51.6,52.0,0.1,425,0.7301865517938405,37.8967,37.9697,37.6776,38.2618
2020-08-18,1462124,76747580,52.2,53.3,51.9,52.5,0.5,936,0.7301865517938405,38.1157,38.3348,37.8967,38.9189
2020-08-19,1725065,89650545,52.5,52.9,51.3,51.3,-1.2,947,0.7301865517938405,38.3348,37.4586,37.4586,38.6269
2020-08-20,2679129,137101951,51.1,51.9,50.5,51.8,0.5,1296,0.7301865517938405,37.3125,37.8237,36.8744,37.8967
2020-08-21,5258723,281096345,51.4,55.1,51.4,54.0,2.2,2802,0.7301865517938405,37.5316,39.4301,37.5316,40.2333
2020-08-24,4841985,262475499,54.2,55.2,52.8,52.8,-1.2,2479,0.7301865517938405,39.5761,38.5538,38.5538,40.3063
2020-08-25,3455599,183092173,52.6,53.8,52.6,52.9,0.1,1723,0.7301865517938405,38.4078,38.6269,38.4078,39.284
2020-08-26,5198994,267292284,51.5,51.7,50.6,51.0,0.0,1950,0.7633768496026513,39.3139,38.9322,38.6269,39.4666
2020-08-27,1854451,94914658,51.2,51.9,50.6,50.7,-0.3,1135,0.7633768496026513,39.0849,38.7032,38.6269,39.6193
2020-08-28,1395581,70279268,50.7,50.8,49.65,50.3,-0.4,850,0.7633768496026513,38.7032,38.3979,37.9017,38.7795
2020-08-31,1159697,58332250,50.8,50.9,50.0,50.2,-0.1,643,0.7633768496026513,38.7795,38.3215,38.1688,38.8559
2020-09-01,1192660,59528950,50.1,50.4,49.7,49.85,-0.35,613,0.7633768496026513,38.2452,38.0543,37.9398,38.4742
2020-09-02,1246791,63354174,50.7,51.2,50.3,50.8,0.95,772,0.7633768496026513,38.7032,38.7795,38.3979,39.0849
2020-09-03,4683012,245964924,51.6,53.6,51.6,52.0,1.2,2863,0.7633768496026513,39.3902,39.6956,39.3902,40.917
2020-09-04,1595174,81340421,50.8,51.5,50.6,51.3,-0.7,1095,0.7633768496026513,38.7795,39.1612,38.6269,39.3139
2020-09-07,1636323,84572965,51.3,52.8,50.8,51.3,0.0,985,0.7633768496026513,39.1612,39.1612,38.7795,40.3063
2020-09-08,2953778,154970419,52.3,53.0,51.3,52.8,1.5,1608,0.7633768496026513,39.9246,40.3063,39.1612,40.459
2020-09-09,2271833,116308962,51.5,52.3,50.5,51.6,-1.2,1408,0.7633768496026513,39.3139,39.3902,38.5505,39.9246
2020-09-10,1616666,82933398,52.2,52.2,50.9,51.3,-0.3,1090,0.7633768496026513,39.8483,39.1612,38.8559,39.8483
2020-09-11,1419996,71822496,51.3,51.3,50.2,51.0,-0.3,1044,0.7633768496026513,39.1612,38.9322,38.3215,39.1612
2020-09-14,699386,35782738,51.2,51.6,50.6,51.2,0.2,454,0.7633768496026513,39.0849,39.0849,38.6269,39.3902
2020-09-15,596775,30621949,51.5,51.6,51.1,51.3,0.1,419,0.7633768496026513,39.3139,39.1612,39.0086,39.3902
2020-09-16,784878,40469988,51.5,51.9,51.4,51.7,0.4,544,0.7633768496026513,39.3139,39.4666,39.2376,39.6193
2020-09-17,1326963,69166768,51.9,52.5,51.7,51.9,0.2,825,0.7633768496026513,39.6193,39.6193,39.4666,40.0773
2020-09-18,799650,41521640,52.3,52.3,51.6,51.9,0.0,523,0.7633768496026513,39.9246,39.6193,39.3902,39.9246
2020-09-21,1048164,53502595,51.5,51.6,50.7,50.7,-1.2,733,0.7633768496026513,39.3139,38.7032,38.7032,39.3902
2020-09-22,670783,33703410,50.7,50.7,49.8,50.1,-0.6,504,0.7633768496026513,38.7032,38.2452,38.0162,38.7032
2020-09-23,687309,34479004,50.2,50.4,50.0,50.2,0.1,492,0.7633768496026513,38.3215,38.3215,38.1688,38.4742
2020-09-24,1013324,49949986,49.85,49.85,49.05,49.05,-1.15,742,0.7633768496026513,38.0543,37.4436,37.4436,38.0543
2020-09-25,1142812,55746073,49.05,49.65,48.2,48.65,-0.4,736,0.7633768496026513,37.4436,37.1383,36.7948,37.9017
2020-09-28,249000,12228946,49.0,49.35,48.75,49.05,0.4,162,0.7633768496026513,37.4055,37.4436,37.2146,37.6726
2020-09-29,1612942,79820364,49.65,50.4,48.8,48.8,-0.25,922,0.7633768496026513,37.9017,37.2528,37.2528,38.4742
2020-09-30,336773,16477913,48.8,49.3,48.5,49.1,0.3,242,0.7633768496026513,37.2528,37.4818,37.0238,37.6345
2020-10-05,659091,32497068,49.3,49.75,49.05,49.4,0.3,520,0.7633768496026513,37.6345,37.7108,37.4436,37.978
2020-10-06,471547,23533493,49.85,50.2,49.6,50.1,0.7,342,0.7633768496026513,38.0543,38.2452,37.8635,38.3215
2020-10-07,360283,18093280,50.1,50.6,49.75,50.6,0.5,277,0.7633768496026513,38.2452,38.6269,37.978,38.6269
2020-10-08,1139509,57819004,51.1,51.1,50.4,51.0,0.4,601,0.7633768496026513,39.0086,38.9322,38.4742,39.0086
2020-10-12,1619728,81362556,50.9,51.0,49.7,50.7,-0.3,1152,0.7633768496026513,38.8559,38.7032,37.9398,38.9322
2020-10-13,906083,45221385,50.8,50.8,49.65,49.8,-0.9,602,0.7633768496026513,38.7795,38.0162,37.9017,38.7795
2020-10-14,808700,40364550,49.8,50.2,49.65,49.95,0.15,550,0.7633768496026513,38.0162,38.1307,37.9017,38.3215
2020-10-15,1133374,57087134,50.1,50.9,49.95,50.3,0.35,710,0.7633768496026513,38.2452,38.3979,38.1307,38.8559
2020-10-16,717008,35822541,50.3,50.3,49.6,49.8,-0.5,513,0.7633768496026513,38.3979,38.0162,37.8635,38.3979
2020-10-19,810224,40599923,50.1,50.6,49.75,49.9,0.1,564,0.7633768496026513,38.2452,38.0925,37.978,38.6269
2020-10-20,946382,47761299,50.2,50.7,49.95,50.6,0.7,679,0.7633768496026513,38.3215,38.6269,38.1307,38.7032
2020-10-21,680169,34275546,50.9,50.9,49.9,50.1,-0.5,426,0.7633768496026513,38.8559,38.2452,38.0925,38.8559
2020-10-22,818034,40956850,50.0,50.4,49.85,49.95,-0.15,463,0.7633768496026513,38.1688,38.1307,38.0543,38.4742
2020-10-23,1194554,60354929,50.2,50.8,50.0,50.5,0.55,733,0.7633768496026513,38.3215,38.5505,38.1688,38.7795
2020-10-26,3310642,171084441,50.9,52.6,50.8,50.9,0.4,2029,0.7633768496026513,38.8559,38.8559,38.7795,40.1536
2020-10-27,1836095,94316260,51.2,51.8,50.9,51.3,0.4,1127,0.7633768496026513,39.0849,39.1612,38.8559,39.5429
2020-10-28,793843,40362981,51.3,51.6,50.4,50.6,-0.7,639,0.7633768496026513,39.1612,38.6269,38.4742,39.3902
2020-10-29,929685,46431965,50.0,50.3,49.7,50.2,-0.4,579,0.7633768496026513,38.1688,38.3215,37.9398,38.3979
2020-10-30,970243,48356346,50.2,50.3,49.7,49.75,-0.45,585,0.7633768496026513,38.3215,37.978,37.9398,38.3979
2020-11-02,630331,31240010,49.7,49.9,49.15,49.55,-0.2,521,0.7633768496026513,37.9398,37.8253,37.52,38.0925
2020-11-03,601068,29902972,50.0,50.0,49.45,49.65,0.1,502,0.7633768496026513,38.1688,37.9017,37.749,38.1688
2020-11-04,485756,24296958,50.0,50.2,49.75,50.1,0.45,279,0.7633768496026513,38.1688,38.2452,37.978,38.3215
2020-11-05,331594,16618325,50.5,50.5,50.0,50.1,0.0,205,0.7633768496026513,38.5505,38.2452,38.1688,38.5505
2020-11-06,485217,24348477,50.4,50.4,49.95,50.1,0.0,320,0.7633768496026513,38.4742,38.2452,38.1307,38.4742
2020-11-09,626410,31618734,50.5,50.7,50.3,50.6,0.5,445,0.7633768496026513,38.5505,38.6269,38.3979,38.7032
2020-11-10,1804871,92331478,50.8,51.5,50.7,51.4,0.8,1101,0.7633768496026513,38.7795,39.2376,38.7032,39.3139
2020-11-11,1407212,72620779,51.7,51.8,51.4,51.8,0.4,1086,0.7633768496026513,39.4666,39.5429,39.2376,39.5429
2020-11-12,1887856,98180640,52.0,52.2,51.8,52.0,0.2,1129,0.7633768496026513,39.6956,39.6956,39.5429,39.8483
2020-11-13,1467813,76511758,51.9,52.5,51.8,52.0,0.0,790,0.7633768496026513,39.6193,39.6956,39.5429,40.0773
2020-11-16,1698159,88601627,52.4,52.5,51.8,52.4,0.4,957,0.7633768496026513,40.0009,40.0009,39.5429,40.0773
2020-11-17,2902740,153617528,53.0,53.6,52.4,52.5,0.1,1603,0.7633768496026513,40.459,40.0773,40.0009,40.917
2020-11-18,732318,38276996,52.6,52.7,52.0,52.2,-0.3,567,0.7633768496026513,40.1536,39.8483,39.6956,40.23
2020-11-19,615534,31915395,52.2,52.2,51.7,51.8,-0.4,472,0.7633768496026513,39.8483,39.5429,39.4666,39.8483
2020-11-20,1362823,70739126,51.8,52.3,51.3,52.1,0.3,768,0.7633768496026513,39.5429,39.7719,39.1612,39.9246
2020-11-23,2546077,134629609,52.8,53.2,52.4,53.0,0.9,1371,0.7633768496026513,40.3063,40.459,40.0009,40.6116
2020-11-24,2888855,155345472,53.5,54.2,53.5,53.6,0.6,1641,0.7633768496026513,40.8407,40.917,40.8407,41.375
2020-11-25,2597397,140991812,54.2,54.7,53.7,54.2,0.6,1897,0.7633768496026513,41.375,41.375,40.9933,41.7567
2020-11-26,1498464,81628036,54.5,54.7,54.2,54.5,0.3,1038,0.7633768496026513,41.604,41.604,41.375,41.7567
2020-11-27,3135852,175450385,55.0,56.8,54.8,56.2,1.7,2080,0.7633768496026513,41.9857,42.9018,41.8331,43.3598
2020-11-30,3035014,170453858,56.6,57.1,55.0,55.0,-1.2,1557,0.7633768496026513,43.2071,41.9857,41.9857,43.5888
2020-12-01,2035684,112843152,55.7,56.0,54.8,55.8,0.8,1036,0.7633768496026513,42.5201,42.5964,41.8331,42.7491
2020-12-02,1471215,82442204,55.9,56.4,55.6,56.3,0.5,855,0.7633768496026513,42.6728,42.9781,42.4438,43.0545
2020-12-03,1045991,58642246,56.3,56.5,55.5,55.9,-0.4,683,0.7633768496026513,42.9781,42.6728,42.3674,43.1308
2020-12-04,1250226,70100135,56.2,56.3,55.8,56.2,0.3,800,0.7633768496026513,42.9018,42.9018,42.5964,42.9781
2020-12-07,1543890,87167104,56.2,57.2,56.0,56.3,0.1,1064,0.7633768496026513,42.9018,42.9781,42.7491,43.6652
2020-12-08,1711747,97052298,56.4,57.2,56.2,57.1,0.8,1036,0.7633768496026513,43.0545,43.5888,42.9018,43.6652
2020-12-09,2416255,140216811,57.4,58.4,57.0,58.3,1.2,1517,0.7633768496026513,43.8178,44.5049,43.5125,44.5812
2020-12-10,1915097,110195833,58.3,58.3,56.9,57.4,-0.9,1214,0.7633768496026513,44.5049,43.8178,43.4361,44.5049
2020-12-11,2281530,128328056,57.4,57.7,55.6,56.1,-1.3,1484,0.7633768496026513,43.8178,42.8254,42.4438,44.0468
2020-12-14,853226,48143470,56.1,57.1,56.0,56.3,0.2,622,0.7633768496026513,42.8254,42.9781,42.7491,43.5888
2020-12-15,1447916,79689325,56.5,56.5,54.4,54.6,-1.7,1070,0.7633768496026513,43.1308,41.6804,41.5277,43.1308
2020-12-16,1527242,84065941,55.2,55.6,54.5,55.0,0.4,979,0.7633768496026513,42.1384,41.9857,41.604,42.4438
2020-12-17,799490,43897547,55.0,55.6,54.5,54.8,-0.2,514,0.7633768496026513,41.9857,41.8331,41.604,42.4438
2020-12-18,1041050,56544695,55.0,55.1,53.9,53.9,-0.9,624,0.7633768496026513,41.9857,41.146,41.146,42.0621
2020-12-21,773209,41676493,54.0,54.4,53.4,54.2,0.3,544,0.7633768496026513,41.2223,41.375,40.7643,41.5277
2020-12-22,674898,36386327,54.3,54.6,52.9,53.2,-1.0,399,0.7633768496026513,41.4514,40.6116,40.3826,41.6804
2020-12-23,519968,27696776,53.2,53.6,52.7,53.4,0.2,372,0.7633768496026513,40.6116,40.7643,40.23,40.917
2020-12-24,748456,40415115,53.7,54.3,53.7,53.9,0.5,487,0.7633768496026513,40.9933,41.146,40.9933,41.4514
2020-12-25,819000,44612216,54.0,54.8,54.0,54.3,0.4,510,0.7633768496026513,41.2223,41.4514,41.2223,41.8331
2020-12-28,834278,45517766,54.8,54.9,54.3,54.6,0.3,515,0.7633768496026513,41.8331,41.6804,41.4514,41.9094
2020-12-29,885493,48217887,54.5,54.9,54.1,54.4,-0.2,523,0.7633768496026513,41.604,41.5277,41.2987,41.9094
2020-12-30,977914,53318524,54.4,55.0,54.1,54.8,0.4,529,0.7633768496026513,41.5277,41.8331,41.2987,41.9857
2020-12-31,983854,54128763,54.9,56.0,54.0,56.0,1.2,546,0.7633768496026513,41.9094,42.7491,41.2223,42.7491
2021-01-04,1029899,57186345,56.0,56.0,55.2,55.8,-0.2,778,0.7633768496026513,42.7491,42.5964,42.1384,42.7491
2021-01-05,1041533,57514816,55.4,55.5,55.0,55.4,-0.4,641,0.7633768496026513,42.2911,42.2911,41.9857,42.3674
2021-01-06,1731999,95387587,55.7,56.2,53.9,54.4,-1.0,1115,0.7633768496026513,42.5201,41.5277,41.146,42.9018
2021-01-07,830375,45393768,54.6,54.9,54.2,54.6,0.2,573,0.7633768496026513,41.6804,41.6804,41.375,41.9094
2021-01-08,749937,41047559,54.9,55.1,54.5,54.9,0.3,558,0.7633768496026513,41.9094,41.9094,41.604,42.0621
2021-01-11,2903321,164385060,55.3,57.8,55.2,57.4,2.5,1988,0.7633768496026513,42.2147,43.8178,42.1384,44.1232
2021-01-12,5742972,334721861,58.0,59.9,56.6,57.1,-0.3,3787,0.7633768496026513,44.2759,43.5888,43.2071,45.7263
2021-01-13,1423111,81467104,57.9,57.9,56.7,57.3,0.2,921,0.7633768496026513,44.1995,43.7415,43.2835,44.1995
2021-01-14,2283017,132827796,57.3,59.1,57.2,58.4,1.1,1432,0.7633768496026513,43.7415,44.5812,43.6652,45.1156
2021-01-15,2905901,170738710,59.0,59.4,58.1,58.5,0.1,1782,0.7633768496026513,45.0392,44.6575,44.3522,45.3446
2021-01-18,9283558,567335106,59.1,63.1,58.3,62.5,4.0,5884,0.7633768496026513,45.1156,47.7111,44.5049,48.1691
2021-01-19,12916950,820776409,63.2,65.3,62.0,64.2,1.7,6973,0.7633768496026513,48.2454,49.0088,47.3294,49.8485
2021-01-20,20447167,1376912980,65.0,69.5,65.0,67.5,3.3,12787,0.7633768496026513,49.6195,51.5279,49.6195,53.0547
2021-01-21,11215110,761306327,67.2,69.2,66.3,69.2,1.7,6671,0.7633768496026513,51.2989,52.8257,50.6119,52.8257
2021-01-22,6308449,436390824,69.3,70.0,68.0,70.0,0.8,3978,0.7633768496026513,52.902,53.4364,51.9096,53.4364
2021-01-25,9268918,661607650,71.0,73.3,69.6,70.8,0.8,6054,0.7633768496026513,54.1998,54.0471,53.131,55.9555
2021-01-26,4541931,319158406,70.7,71.5,68.6,69.7,-1.1,2827,0.7633768496026513,53.9707,53.2074,52.3677,54.5814
2021-01-27,8556288,581492562,69.7,71.0,66.5,67.7,-2.0,4887,0.7633768496026513,53.2074,51.6806,50.7646,54.1998
2021-01-28,3092750,207790465,66.5,68.8,66.0,67.3,-0.4,1961,0.7633768496026513,50.7646,51.3753,50.3829,52.5203
2021-01-29,7493071,488301194,67.8,68.3,63.2,63.5,-3.8,4705,0.7633768496026513,51.757,48.4744,48.2454,52.1386
2021-02-01,3152499,202114169,63.8,65.3,62.5,64.8,1.3,2010,0.7633768496026513,48.7034,49.4668,47.7111,49.8485
2021-02-02,2108934,138867215,64.8,66.4,64.4,66.3,1.5,1558,0.7633768496026513,49.4668,50.6119,49.1615,50.6882
2021-02-03,1745147,116178009,66.3,67.4,66.1,66.7,0.4,1250,0.7633768496026513,50.6119,50.9172,50.4592,51.4516
2021-02-04,1008227,66210731,66.1,66.7,65.0,65.6,-1.1,759,0.7633768496026513,50.4592,50.0775,49.6195,50.9172
2021-02-05,7702195,529484025,66.1,70.2,66.0,69.2,3.6,5103,0.7633768496026513,50.4592,52.8257,50.3829,53.5891
2021-02-17,8466810,632258428,73.5,76.1,72.5,76.1,6.9,5083,0.7633768496026513,56.1082,58.093,55.3448,58.093
2021-02-18,11290746,843794817,76.5,77.7,72.6,74.0,-2.1,7057,0.7633768496026513,58.3983,56.4899,55.4212,59.3144
2021-02-19,3315443,242970148,74.0,74.3,72.3,74.0,0.0,2118,0.7633768496026513,56.4899,56.4899,55.1921,56.7189
2021-02-22,3632398,269148889,74.7,75.4,73.5,74.5,0.5,2390,0.7633768496026513,57.0243,56.8716,56.1082,57.5586
2021-02-23,3501467,258670919,74.0,75.1,73.0,73.5,-1.0,2250,0.7633768496026513,56.4899,56.1082,55.7265,57.3296
2021-02-24,5872601,421448653,73.5,74.2,70.6,71.2,-2.3,3212,0.7633768496026513,56.1082,54.3524,53.8944,56.6426
2021-02-25,6952595,489476731,72.8,72.9,69.2,70.8,-0.4,4645,0.7633768496026513,55.5738,54.0471,52.8257,55.6502
2021-02-26,3466290,244806508,69.9,71.7,69.5,71.0,0.2,2389,0.7633768496026513,53.36,54.1998,53.0547,54.7341
2021-03-02,11116768,822337650,71.5,76.4,71.5,72.8,1.8,7510,0.7633768496026513,54.5814,55.5738,54.5814,58.322
2021-03-03,8607989,604864780,72.3,72.6,69.5,69.9,-2.9,5053,0.7633768496026513,55.1921,53.36,53.0547,55.4212
2021-03-04,5795711,399022961,70.0,70.7,68.0,68.1,-1.8,3961,0.7633768496026513,53.4364,51.986,51.9096,53.9707
2021-03-05,8576377,577545656,68.1,69.1,66.8,67.4,-0.7,4952,0.7633768496026513,51.986,51.4516,50.9936,52.7493
2021-03-08,8540830,573649337,69.3,69.6,66.2,66.4,-1.0,5968,0.7633768496026513,52.902,50.6882,50.5355,53.131
2021-03-09,5876069,385766036,67.3,67.7,65.0,65.7,-0.7,3851,0.7633768496026513,51.3753,50.1539,49.6195,51.6806
2021-03-10,5619568,374003019,66.7,67.4,65.7,67.3,1.6,3554,0.7633768496026513,50.9172,51.3753,50.1539,51.4516
2021-03-11,4945879,336187477,68.0,68.7,67.5,68.1,0.8,3200,0.7633768496026513,51.9096,51.986,51.5279,52.444
2021-03-12,4080487,274564152,68.6,68.6,66.8,67.0,-1.1,2833,0.7633768496026513,52.3677,51.1462,50.9936,52.3677
2021-03-15,5386386,366389553,67.9,68.8,67.5,67.8,0.8,3596,0.7633768496026513,51.8333,51.757,51.5279,52.5203
2021-03-16,4664663,317774712,68.2,68.5,67.8,68.4,0.6,2645,0.7633768496026513,52.0623,52.215,51.757,52.2913
2021-03-17,5892268,406996467,68.9,69.8,68.3,68.7,0.3,3906,0.7633768496026513,52.5967,52.444,52.1386,53.2837
2021-03-18,3587842,248689025,69.0,69.6,68.9,69.6,0.9,2401,0.7633768496026513,52.673,53.131,52.5967,53.131
2021-03-19,4527896,315381491,69.0,70.8,68.6,70.3,0.7,2917,0.7633768496026513,52.673,53.6654,52.3677,54.0471
2021-03-22,3378614,234579268,70.3,70.3,69.1,69.2,-1.1,2407,0.7633768496026513,53.6654,52.8257,52.7493,53.6654
2021-03-23,2912039,199244361,69.6,69.6,68.0,68.1,-1.1,2138,0.7633768496026513,53.131,51.986,51.9096,53.131
2021-03-24,1352645,91788784,67.9,68.6,67.5,67.9,-0.2,1087,0.7633768496026513,51.8333,51.8333,51.5279,52.3677
2021-03-25,1427497,96178784,67.7,67.9,67.0,67.5,-0.4,1069,0.7633768496026513,51.6806,51.5279,51.1462,51.8333
2021-03-26,2056339,140498305,67.7,68.9,67.5,68.6,1.1,1473,0.7633768496026513,51.6806,52.3677,51.5279,52.5967
2021-03-29,4759801,332025510,69.1,70.8,68.6,69.9,1.3,3123,0.7633768496026513,52.7493,53.36,52.3677,54.0471
2021-03-30,5340041,378030355,70.2,71.5,69.3,71.1,1.2,3550,0.7633768496026513,53.5891,54.2761,52.902,54.5814
2021-03-31,4125854,292676756,71.6,71.8,70.1,71.0,-0.1,2419,0.7633768496026513,54.6578,54.1998,53.5127,54.8105
2021-04-01,2621062,186661844,72.1,72.1,70.6,70.7,-0.3,1837,0.7633768496026513,55.0395,53.9707,53.8944,55.0395
2021-04-06,5939972,431906037,71.6,73.6,71.3,73.0,2.3,3747,0.7633768496026513,54.6578,55.7265,54.4288,56.1845
2021-04-07,3122157,226920287,73.0,73.6,72.1,73.1,0.1,2158,0.7633768496026513,55.7265,55.8028,55.0395,56.1845
2021-04-08,2489895,181067866,73.2,73.5,72.3,72.9,-0.2,1810,0.7633768496026513,55.8792,55.6502,55.1921,56.1082
2021-04-09,3823361,274026575,72.9,72.9,70.8,71.0,-1.9,2723,0.7633768496026513,55.6502,54.1998,54.0471,55.6502
2021-04-12,8174239,598122816,72.5,75.5,71.6,71.9,0.9,4938,0.7633768496026513,55.3448,54.8868,54.6578,57.635
2021-04-13,4262866,304674328,72.5,72.9,70.4,70.4,-1.5,2617,0.7633768496026513,55.3448,53.7417,53.7417,55.6502
2021-04-14,2883068,200672340,70.6,71.1,68.0,69.8,-0.6,2137,0.7633768496026513,53.8944,53.2837,51.9096,54.2761
2021-04-15,2004886,139988240,70.2,70.8,68.7,70.8,1.0,1466,0.7633768496026513,53.5891,54.0471,52.444,54.0471
2021-04-16,1528855,108077216,71.0,71.2,70.2,70.7,-0.1,1092,0.7633768496026513,54.1998,53.9707,53.5891,54.3524
2021-04-19,2384601,166580264,70.7,70.7,69.5,69.9,-0.8,1652,0.7633768496026513,53.9707,53.36,53.0547,53.9707
2021-04-20,2021750,141341231,69.7,70.3,69.4,69.9,0.0,1198,0.7633768496026513,53.2074,53.36,52.9784,53.6654
2021-04-21,1771631,124518685,69.9,70.9,69.9,70.5,0.6,1324,0.7633768496026513,53.36,53.8181,53.36,54.1234
2021-04-22,4397021,306683205,71.0,71.1,69.0,69.4,-1.1,2694,0.7633768496026513,54.1998,52.9784,52.673,54.2761
2021-04-23,2809038,196631613,69.1,70.5,68.9,70.3,0.9,1456,0.7633768496026513,52.7493,53.6654,52.5967,53.8181
2021-04-26,12968397,946823501,70.9,74.6,70.9,74.5,4.2,7008,0.7633768496026513,54.1234,56.8716,54.1234,56.9479
2021-04-27,11643851,856309625,75.5,75.6,72.5,73.0,-1.5,6632,0.7633768496026513,57.635,55.7265,55.3448,57.7113
2021-04-28,6227268,459737283,72.7,74.5,72.0,73.7,0.7,3872,0.7633768496026513,55.4975,56.2609,54.9631,56.8716
2021-04-29,6995365,518315982,74.9,75.1,73.0,73.4,-0.3,4560,0.7633768496026513,57.1769,56.0319,55.7265,57.3296
2021-05-03,8244443,611045575,74.8,75.7,73.0,73.5,0.1,4991,0.7633768496026513,57.1006,56.1082,55.7265,57.7876
2021-05-04,9236267,657347161,74.0,74.8,68.2,71.9,-1.6,5792,0.7633768496026513,56.4899,54.8868,52.0623,57.1006
2021-05-05,4559451,319255893,71.5,71.6,68.8,68.9,-3.0,3041,0.7633768496026513,54.5814,52.5967,52.5203,54.6578
2021-05-06,3842723,262782001,68.9,70.0,67.2,67.8,-1.1,2743,0.7633768496026513,52.5967,51.757,51.2989,53.4364
2021-05-07,4299602,301634799,68.3,71.0,68.1,70.3,2.5,2849,0.7633768496026513,52.1386,53.6654,51.986,54.1998
2021-05-10,2820098,200124540,71.2,72.3,70.0,70.7,0.4,1799,0.7633768496026513,54.3524,53.9707,53.4364,55.1921
2021-05-11,5213083,360217406,69.5,71.7,67.2,67.9,-2.8,3493,0.7633768496026513,53.0547,51.8333,51.2989,54.7341
2021-05-12,6129477,403313794,67.9,69.1,61.6,66.0,-1.9,4065,0.7633768496026513,51.8333,50.3829,47.024,52.7493
2021-05-13,3119274,202864923,64.1,66.9,62.5,65.0,-1.0,2076,0.7633768496026513,48.9325,49.6195,47.7111,51.0699
2021-05-14,2702285,177220296,65.9,67.5,63.9,64.4,-0.6,1817,0.7633768496026513,50.3065,49.1615,48.7798,51.5279
2021-05-17,3056654,188025193,61.5,63.8,59.6,60.2,-4.2,1915,0.7633768496026513,46.9477,45.9553,45.4973,48.7034
2021-05-18,2164631,139550326,62.0,66.0,61.7,65.8,5.6,1544,0.7633768496026513,47.3294,50.2302,47.1004,50.3829
2021-05-19,1965177,128029540,65.5,66.8,64.0,65.1,-0.7,1433,0.7633768496026513,50.0012,49.6958,48.8561,50.9936
2021-05-20,1581935,103615440,65.0,66.1,64.5,65.7,0.6,954,0.7633768496026513,49.6195,50.1539,49.2378,50.4592
2021-05-21,2727026,183565982,66.3,68.3,66.0,67.7,2.0,1968,0.7633768496026513,50.6119,51.6806,50.3829,52.1386
2021-05-24,1421183,95519545,67.3,68.2,66.1,67.5,-0.2,1038,0.7633768496026513,51.3753,51.5279,50.4592,52.0623
2021-05-25,2321647,160074971,68.3,69.8,67.5,69.1,1.6,1569,0.7633768496026513,52.1386,52.7493,51.5279,53.2837
2021-05-26,1834687,128592668,70.1,70.7,69.4,70.3,1.2,1279,0.7633768496026513,53.5127,53.6654,52.9784,53.9707
2021-05-27,2419913,171013216,70.0,71.4,69.1,70.5,0.2,1804,0.7633768496026513,53.4364,53.8181,52.7493,54.5051
2021-05-28,1645985,117117322,71.4,71.9,70.8,70.8,0.3,1114,0.7633768496026513,54.5051,54.0471,54.0471,54.8868
2021-05-31,3615264,260643990,71.5,72.7,71.2,72.1,1.3,2385,0.7633768496026513,54.5814,55.0395,54.3524,55.4975
2021-06-01,1973412,142875471,72.9,73.0,72.0,72.4,0.3,1403,0.7633768496026513,55.6502,55.2685,54.9631,55.7265
2021-06-02,7340827,541389207,72.9,74.3,72.7,74.0,1.6,4777,0.7633768496026513,55.6502,56.4899,55.4975,56.7189
2021-06-03,6485769,477169702,74.1,75.6,72.5,73.2,-0.8,3742,0.7633768496026513,56.5662,55.8792,55.3448,57.7113
2021-06-04,5622716,398305092,72.0,72.0,70.1,70.8,-2.4,3548,0.7633768496026513,54.9631,54.0471,53.5127,54.9631
2021-06-07,8965501,628909253,69.0,71.8,68.5,70.9,0.1,5805,0.7633768496026513,52.673,54.1234,52.2913,54.8105
2021-06-08,7866884,574600241,71.1,73.9,71.1,73.5,2.6,5025,0.7633768496026513,54.2761,56.1082,54.2761,56.4135
2021-06-09,6339659,453214836,73.5,73.5,70.5,71.2,-2.3,4280,0.7633768496026513,56.1082,54.3524,53.8181,56.1082
2021-06-10,3251539,235138494,71.2,73.0,71.0,72.7,1.5,2127,0.7633768496026513,54.3524,55.4975,54.1998,55.7265
2021-06-11,3419044,250213888,73.6,73.9,72.8,73.1,0.4,2063,0.7633768496026513,56.1845,55.8028,55.5738,56.4135
2021-06-15,3523460,261110325,73.9,74.9,73.6,73.9,0.8,2308,0.7633768496026513,56.4135,56.4135,56.1845,57.1769
2021-06-16,1883530,139406141,74.2,74.5,73.6,73.9,0.0,1349,0.7633768496026513,56.6426,56.4135,56.1845,56.8716
2021-06-17,7429534,558629755,73.9,76.5,73.7,76.5,2.6,4248,0.7633768496026513,56.4135,58.3983,56.2609,58.3983
2021-06-18,10550307,808310026,77.4,77.5,75.2,76.8,0.3,4187,0.7633768496026513,59.0854,58.6273,57.4059,59.1617
2021-06-21,14486983,1107017420,76.5,79.8,74.0,76.8,0.0,7208,0.7633768496026513,58.3983,58.6273,56.4899,60.9175
2021-06-22,10469777,813970620,78.0,78.5,76.5,78.0,1.2,4709,0.7633768496026513,59.5434,59.5434,58.3983,59.9251
2021-06-23,30215589,2512939459,78.5,85.8,77.3,84.1,6.1,15694,0.7633768496026513,59.9251,64.2,59.009,65.4977
2021-06-24,22313074,1824919856,85.0,86.2,79.4,81.6,-2.5,13485,0.7633768496026513,64.887,62.2916,60.6121,65.8031
2021-06-25,8377002,683102099,81.8,82.9,80.8,80.8,-0.8,6006,0.7633768496026513,62.4442,61.6808,61.6808,63.2839
2021-06-28,6184864,491535107,80.3,81.1,78.6,79.4,-1.4,4516,0.7633768496026513,61.2992,60.6121,60.0014,61.9099
2021-06-29,17172421,1382397179,79.2,81.6,78.8,78.9,-0.5,5795,0.7633768496026513,60.4594,60.2304,60.1541,62.2916
2021-06-30,5611535,438801224,78.3,79.1,77.3,78.8,-0.1,4011,0.7633768496026513,59.7724,60.1541,59.009,60.3831
2021-07-01,4046016,320837192,79.0,80.3,78.4,78.5,-0.3,2928,0.7633768496026513,60.3068,59.9251,59.8487,61.2992
2021-07-02,3111413,243805751,78.0,79.2,77.7,78.5,0.0,2061,0.7633768496026513,59.5434,59.9251,59.3144,60.4594
2021-07-05,3325157,260136283,78.9,79.0,77.8,78.4,-0.1,2261,0.7633768496026513,60.2304,59.8487,59.3907,60.3068
2021-07-06,4015319,319324185,78.7,80.2,78.7,79.9,1.5,2717,0.7633768496026513,60.0778,60.9938,60.0778,61.2228
2021-07-07,5013835,403341262,80.3,81.5,79.5,80.7,0.8,3417,0.7633768496026513,61.2992,61.6045,60.6885,62.2152
2021-07-08,5055060,412979618,81.1,82.8,81.0,81.9,1.2,3440,0.7633768496026513,61.9099,62.5206,61.8335,63.2076
2021-07-09,4242085,341779331,81.3,81.5,79.8,81.4,-0.5,3017,0.7633768496026513,62.0625,62.1389,60.9175,62.2152
2021-07-12,5173916,422010593,81.6,82.5,80.2,82.2,0.8,3771,0.7633768496026513,62.2916,62.7496,61.2228,62.9786
2021-07-13,4376715,358959891,82.5,83.2,80.5,80.9,-1.3,3183,0.7633768496026513,62.9786,61.7572,61.4518,63.513
2021-07-14,9557504,798507554,81.8,85.7,81.1,85.7,4.8,6482,0.7633768496026513,62.4442,65.4214,61.9099,65.4214
2021-07-15,7336347,611825264,85.1,85.5,82.3,83.0,-2.7,4875,0.7633768496026513,64.9634,63.3603,62.8259,65.2687
2021-07-16,2600828,214616541,82.2,83.5,81.7,82.9,-0.1,1849,0.7633768496026513,62.7496,63.2839,62.3679,63.742
2021-07-19,1916906,157309082,82.5,82.7,81.5,82.2,-0.7,1574,0.7633768496026513,62.9786,62.7496,62.2152,63.1313
2021-07-20,3022960,248414478,81.5,83.3,80.5,82.0,-0.2,2178,0.7633768496026513,62.2152,62.5969,61.4518,63.5893
2021-07-21,5858187,488784620,83.5,84.6,82.4,83.7,1.7,3535,0.7633768496026513,63.742,63.8946,62.9023,64.5817
2021-07-22,19788131,1751979437,85.0,90.7,85.0,89.6,5.9,12208,0.7633768496026513,64.887,68.3986,64.887,69.2383
2021-07-23,16920363,1501624493,91.8,93.2,85.1,88.0,-1.6,10508,0.7633768496026513,70.078,67.1772,64.9634,71.1467
2021-07-26,5587303,492254708,88.2,89.0,86.8,88.0,0.0,3294,0.7633768496026513,67.3298,67.1772,66.2611,67.9405
2021-07-27,11457459,1032660647,89.8,91.8,88.2,89.4,1.4,7165,0.7633768496026513,68.5512,68.2459,67.3298,70.078
2021-07-28,19134783,1714979903,90.5,92.7,83.4,92.4,3.0,12242,0.7633768496026513,69.0856,70.536,63.6656,70.765
2021-07-29,27017401,2604365660,96.8,99.5,93.7,95.5,3.1,19172,0.7633768496026513,73.8949,72.9025,71.5284,75.956
2021-07-30,15884295,1535416078,94.8,98.9,93.3,95.2,-0.3,11595,0.7633768496026513,72.3681,72.6735,71.2231,75.498
2021-08-02,10905397,1011469536,96.4,97.4,90.5,91.7,-3.5,8659,0.7633768496026513,73.5895,70.0017,69.0856,74.3529
2021-08-03,6063495,561812502,91.7,94.3,90.8,94.3,2.6,4645,0.7633768496026513,70.0017,71.9864,69.3146,71.9864
2021-08-04,4225144,394721003,94.3,94.8,92.5,94.2,-0.1,3214,0.7633768496026513,71.9864,71.9101,70.6124,72.3681
2021-08-05,4464704,421721864,95.0,95.1,93.1,94.9,0.7,3476,0.7633768496026513,72.5208,72.4445,71.0704,72.5971
2021-08-06,4128847,392244653,95.3,96.0,94.0,94.7,-0.2,3128,0.7633768496026513,72.7498,72.2918,71.7574,73.2842
2021-08-09,4908211,468245474,95.3,96.9,94.2,94.2,-0.5,3495,0.7633768496026513,72.7498,71.9101,71.9101,73.9712
2021-08-10,5456150,511769887,95.1,95.7,91.4,94.1,-0.1,3708,0.7633768496026513,72.5971,71.8338,69.7726,73.0552
2021-08-11,5217311,490079117,94.3,96.0,92.1,93.2,-0.9,3875,0.7633768496026513,71.9864,71.1467,70.307,73.2842
2021-08-12,2369958,221852119,93.2,94.8,92.5,93.8,0.6,1733,0.7633768496026513,71.1467,71.6047,70.6124,72.3681
2021-08-13,3804126,348981745,94.9,94.9,89.6,89.6,-4.2,2971,0.7633768496026513,72.4445,68.3986,68.3986,72.4445
2021-08-16,4413751,400800099,89.5,92.5,88.3,91.0,1.4,3261,0.7633768496026513,68.3222,69.4673,67.4062,70.6124
2021-08-17,4748050,417437234,91.0,91.3,85.4,86.1,-4.9,3700,0.7633768496026513,69.4673,65.7267,65.1924,69.6963
2021-08-18,4369750,376248776,85.1,88.6,83.5,88.5,2.4,3128,0.7633768496026513,64.9634,67.5589,63.742,67.6352
2021-08-19,2731183,239338635,87.9,88.4,86.4,86.8,-1.7,1750,0.7633768496026513,67.1008,66.2611,65.9558,67.4825
2021-08-20,2722242,237651017,87.1,88.1,86.2,87.3,0.5,1691,0.7633768496026513,66.4901,66.6428,65.8031,67.2535
2021-08-23,2906109,260706813,88.3,90.8,88.2,90.3,3.0,2056,0.7633768496026513,67.4062,68.9329,67.3298,69.3146
2021-08-24,3523404,315151564,91.8,91.9,88.1,88.1,-2.2,2098,0.7633768496026513,70.078,67.2535,67.2535,70.1543
2021-08-25,3385740,306539971,88.8,91.2,88.7,91.0,2.9,2305,0.7633768496026513,67.7879,69.4673,67.7115,69.62
2021-08-26,6169000,540307069,89.0,89.5,86.3,88.7,0.0,3761,0.7902991275749861,70.3366,70.0995,68.2028,70.7318
2021-08-27,3171268,280452642,88.4,89.7,87.3,88.0,-0.7,2820,0.7902991275749861,69.8624,69.5463,68.9931,70.8898
2021-08-30,1837658,164651616,89.5,90.4,88.8,89.5,1.5,1341,0.7902991275749861,70.7318,70.7318,70.1786,71.443
2021-08-31,1320057,117727730,88.9,89.9,88.2,89.7,0.2,1032,0.7902991275749861,70.2576,70.8898,69.7044,71.0479
2021-09-01,5380322,496148583,89.8,93.8,89.6,92.6,2.9,3582,0.7902991275749861,70.9689,73.1817,70.8108,74.1301
2021-09-02,8715998,822324011,92.6,96.9,92.2,92.3,-0.3,5997,0.7902991275749861,73.1817,72.9446,72.8656,76.58
2021-09-03,3434063,320069812,92.5,94.5,91.5,93.4,1.1,2471,0.7902991275749861,73.1027,73.8139,72.3124,74.6833
2021-09-06,2763050,256294505,93.5,94.7,91.1,91.3,-2.1,2142,0.7902991275749861,73.893,72.1543,71.9963,74.8413
2021-09-07,2333966,209187292,92.2,92.2,88.5,89.5,-1.8,1808,0.7902991275749861,72.8656,70.7318,69.9415,72.8656
2021-09-08,2466047,217758911,88.2,90.8,87.3,87.3,-2.2,1934,0.7902991275749861,69.7044,68.9931,68.9931,71.7592
2021-09-09,1175796,103867452,87.3,89.0,86.7,88.8,1.5,985,0.7902991275749861,68.9931,70.1786,68.5189,70.3366
2021-09-10,2135742,188630630,88.8,89.5,87.8,88.4,-0.4,1452,0.7902991275749861,70.1786,69.8624,69.3883,70.7318
2021-09-13,1821791,159392715,88.1,88.8,87.0,87.2,-1.2,1442,0.7902991275749861,69.6254,68.9141,68.756,70.1786
2021-09-14,1487232,131100720,87.4,88.8,87.4,87.7,0.5,1202,0.7902991275749861,69.0721,69.3092,69.0721,70.1786
2021-09-15,1460607,126612520,87.7,88.3,86.1,86.2,-1.5,1375,0.7902991275749861,69.3092,68.1238,68.0448,69.7834
2021-09-16,2779691,235327278,87.0,87.0,83.8,84.2,-2.0,2076,0.7902991275749861,68.756,66.5432,66.2271,68.756
2021-09-17,4000082,337705924,84.2,85.0,83.2,85.0,0.8,1701,0.7902991275749861,66.5432,67.1754,65.7529,67.1754
2021-09-22,4790532,395228471,83.0,85.5,81.1,81.1,-3.9,2776,0.7902991275749861,65.5948,64.0933,64.0933,67.5706
2021-09-23,3432720,283208784,82.8,83.5,81.4,81.4,0.3,2322,0.7902991275749861,65.4368,64.3303,64.3303,65.99
2021-09-24,3403435,281762334,82.5,83.8,81.8,82.2,0.8,2265,0.7902991275749861,65.1997,64.9626,64.6465,66.2271
2021-09-27,2668333,218998115,82.2,83.1,81.5,81.7,-0.5,1602,0.7902991275749861,64.9626,64.5674,64.4094,65.6739
2021-09-28,1830967,150611460,81.8,82.9,81.1,82.1,0.4,1279,0.7902991275749861,64.6465,64.8836,64.0933,65.5158
2021-09-29,3591702,287329025,81.2,81.3,79.1,79.3,-2.8,2451,0.7902991275749861,64.1723,62.6707,62.5127,64.2513
2021-09-30,2517657,202002327,79.4,81.4,78.2,81.4,2.1,1335,0.7902991275749861,62.7498,64.3303,61.8014,64.3303
2021-10-01,2835460,222965373,80.6,80.6,78.0,78.1,-3.3,2020,0.7902991275749861,63.6981,61.7224,61.6433,63.6981
2021-10-04,1515178,118249001,78.4,79.5,77.3,77.6,-0.5,1485,0.7902991275749861,61.9595,61.3272,61.0901,62.8288
2021-10-05,1930802,147980387,76.8,78.2,74.6,78.2,0.6,1730,0.7902991275749861,60.695,61.8014,58.9563,61.8014
2021-10-06,1199875,92954392,78.3,78.8,76.3,76.7,-1.5,938,0.7902991275749861,61.8804,60.6159,60.2998,62.2756
2021-10-07,1783463,141078305,77.3,79.8,77.3,79.0,2.3,1240,0.7902991275749861,61.0901,62.4336,61.0901,63.0659
2021-10-08,1115784,87364759,79.2,79.6,77.1,77.1,-1.9,929,0.7902991275749861,62.5917,60.9321,60.9321,62.9078
2021-10-12,1387755,104979917,77.1,77.6,75.0,75.2,-1.9,1007,0.7902991275749861,60.9321,59.4305,59.2724,61.3272
2021-10-13,1261711,93554581,75.2,76.0,73.5,74.1,-1.1,940,0.7902991275749861,59.4305,58.5612,58.087,60.0627
2021-10-14,1672665,123422058,74.5,75.0,73.0,73.8,-0.3,1042,0.7902991275749861,58.8773,58.3241,57.6918,59.2724
2021-10-15,2905182,222720968,74.8,77.9,74.8,76.4,2.6,1649,0.7902991275749861,59.1144,60.3789,59.1144,61.5643
2021-10-18,1272721,96465159,76.4,76.8,75.2,75.8,-0.6,1163,0.7902991275749861,60.3789,59.9047,59.4305,60.695
2021-10-19,1543957,119740442,75.8,78.4,75.8,77.8,2.0,1194,0.7902991275749861,59.9047,61.4853,59.9047,61.9595
2021-10-20,1343030,104113112,78.8,78.8,76.8,77.5,-0.3,846,0.7902991275749861,62.2756,61.2482,60.695,62.2756
2021-10-21,2833708,220180409,77.7,79.1,77.1,77.1,-0.4,1369,0.7902991275749861,61.4062,60.9321,60.9321,62.5127
2021-10-22,2887425,228978718,78.6,80.4,78.3,78.6,1.5,1960,0.7902991275749861,62.1175,62.1175,61.8804,63.54
2021-10-25,1274853,101829274,78.3,80.4,78.3,79.7,1.1,1181,0.7902991275749861,61.8804,62.9868,61.8804,63.54
2021-10-26,1577743,125013969,80.0,80.2,78.8,79.0,-0.7,1168,0.7902991275749861,63.2239,62.4336,62.2756,63.382
2021-10-27,864253,68755727,79.1,80.1,79.0,79.7,0.7,603,0.7902991275749861,62.5127,62.9868,62.4336,63.303
2021-10-28,1099892,88647287,80.8,81.6,79.6,80.1,0.4,879,0.7902991275749861,63.8562,63.303,62.9078,64.4884
2021-10-29,1596009,127164466,80.8,80.8,79.5,79.5,-0.6,669,0.7902991275749861,63.8562,62.8288,62.8288,63.8562
2021-11-01,1527824,123282813,80.1,82.0,79.7,80.0,0.5,1153,0.7902991275749861,63.303,63.2239,62.9868,64.8045
2021-11-02,2004379,157992739,80.4,80.6,78.0,78.0,-2.0,1645,0.7902991275749861,63.54,61.6433,61.6433,63.6981
2021-11-03,2237738,173546951,78.1,78.6,77.1,77.4,-0.6,1445,0.7902991275749861,61.7224,61.1692,60.9321,62.1175
2021-11-04,1607795,126423654,78.3,79.4,78.1,78.5,1.1,1197,0.7902991275749861,61.8804,62.0385,61.7224,62.7498
2021-11-05,1884920,146944764,79.1,79.2,77.6,77.9,-0.6,1302,0.7902991275749861,62.5127,61.5643,61.3272,62.5917
2021-11-08,2246993,177683702,78.7,79.9,78.2,78.7,0.8,1459,0.7902991275749861,62.1965,62.1965,61.8014,63.1449
2021-11-09,1830826,146074203,79.1,80.4,79.0,79.6,0.9,1310,0.7902991275749861,62.5127,62.9078,62.4336,63.54
2021-11-10,2015284,161422216,80.0,81.0,78.9,80.9,1.3,1476,0.7902991275749861,63.2239,63.9352,62.3546,64.0142
2021-11-11,1398334,112225899,80.4,80.8,79.8,80.2,-0.7,1118,0.7902991275749861,63.54,63.382,63.0659,63.8562
2021-11-12,1718705,136624397,80.2,80.5,78.9,79.0,-1.2,1289,0.7902991275749861,63.382,62.4336,62.3546,63.6191
2021-11-15,1800337,144938006,79.2,81.1,79.2,80.7,1.7,1191,0.7902991275749861,62.5917,63.7771,62.5917,64.0933
2021-11-16,1540675,124605444,80.8,81.8,80.3,80.7,0.0,1327,0.7902991275749861,63.8562,63.7771,63.461,64.6465
2021-11-17,1567803,127787089,81.0,81.9,80.8,81.8,1.1,1135,0.7902991275749861,64.0142,64.6465,63.8562,64.7255
2021-11-18,2903903,239322211,82.2,83.7,81.5,81.7,-0.1,2043,0.7902991275749861,64.9626,64.5674,64.4094,66.148
2021-11-19,3353591,268630825,82.1,82.1,79.0,80.0,-1.7,2796,0.7902991275749861,64.8836,63.2239,62.4336,64.8836
2021-11-22,2908856,230534518,80.0,80.4,78.8,79.6,-0.4,2470,0.7902991275749861,63.2239,62.9078,62.2756,63.54
2021-11-23,2161437,169742282,79.5,79.5,78.0,78.3,-1.3,1589,0.7902991275749861,62.8288,61.8804,61.6433,62.8288
2021-11-24,1265924,98777849,78.3,78.8,77.5,78.6,0.3,1065,0.7902991275749861,61.8804,62.1175,61.2482,62.2756
2021-11-25,1027742,80233194,78.8,78.8,77.9,77.9,-0.7,858,0.7902991275749861,62.2756,61.5643,61.5643,62.2756
2021-11-26,1619409,124706973,78.0,78.1,76.5,76.5,-1.4,1349,0.7902991275749861,61.6433,60.4579,60.4579,61.7224
2021-11-29,1312657,99392763,75.1,76.5,74.7,76.2,-0.3,922,0.7902991275749861,59.3515,60.2208,59.0353,60.4579
2021-11-30,1032489,80157578,77.0,78.3,77.0,77.1,0.9,918,0.7902991275749861,60.853,60.9321,60.853,61.8804
2021-12-01,1043542,81516055,77.0,78.7,76.8,78.6,1.5,971,0.7902991275749861,60.853,62.1175,60.695,62.1965
2021-12-02,1226528,96691538,79.0,79.6,78.1,78.2,-0.4,1126,0.7902991275749861,62.4336,61.8014,61.7224,62.9078
2021-12-03,1040509,81275010,78.9,78.9,77.8,77.8,-0.4,863,0.7902991275749861,62.3546,61.4853,61.4853,62.3546
2021-12-06,897708,69966503,78.0,78.4,77.6,78.2,0.4,711,0.7902991275749861,61.6433,61.8014,61.3272,61.9595
2021-12-07,1156118,89878825,78.2,78.7,77.4,77.6,-0.6,1034,0.7902991275749861,61.8014,61.3272,61.1692,62.1965
2021-12-08,916937,71393900,77.9,78.3,77.4,78.1,0.5,788,0.7902991275749861,61.5643,61.7224,61.1692,61.8804
2021-12-09,999736,77865860,78.3,78.5,77.1,77.3,-0.8,846,0.7902991275749861,61.8804,61.0901,60.9321,62.0385
2021-12-10,1223157,93580439,77.3,77.4,76.3,76.3,-1.0,1124,0.7902991275749861,61.0901,60.2998,60.2998,61.1692
2021-12-13,1221919,92670638,76.3,76.3,75.5,75.5,-0.8,1139,0.7902991275749861,60.2998,59.6676,59.6676,60.2998
2021-12-14,1050784,79492100,75.6,76.3,75.1,75.8,0.3,941,0.7902991275749861,59.7466,59.9047,59.3515,60.2998
2021-12-15,918746,69405197,75.6,76.0,75.0,75.6,-0.2,787,0.7902991275749861,59.7466,59.7466,59.2724,60.0627
2021-12-16,911138,69121194,76.0,76.3,75.4,76.2,0.6,728,0.7902991275749861,60.0627,60.2208,59.5886,60.2998
2021-12-17,2296711,173272270,76.0,76.2,75.0,76.2,0.0,1555,0.7902991275749861,60.0627,60.2208,59.2724,60.2208
2021-12-20,2239232,168243395,75.7,75.8,74.7,75.8,-0.4,1622,0.7902991275749861,59.8256,59.9047,59.0353,59.9047
2021-12-21,1707851,129524580,75.7,76.3,75.1,76.0,0.2,1147,0.7902991275749861,59.8256,60.0627,59.3515,60.2998
2021-12-22,1505761,114457233,76.4,76.7,75.6,76.0,0.0,875,0.7902991275749861,60.3789,60.0627,59.7466,60.6159
2021-12-23,2122002,162016293,76.5,76.8,75.8,76.6,0.6,1140,0.7902991275749861,60.4579,60.5369,59.9047,60.695
2021-12-24,956116,73623602,76.6,77.3,76.5,77.1,0.5,809,0.7902991275749861,60.5369,60.9321,60.4579,61.0901
2021-12-27,1249731,96685360,77.3,78.1,76.8,77.4,0.3,840,0.7902991275749861,61.0901,61.1692,60.695,61.7224
2021-12-28,1598843,123033463,77.6,77.9,76.6,76.7,-0.7,1123,0.7902991275749861,61.3272,60.6159,60.5369,61.5643
2021-12-29,1208519,93034637,76.8,77.4,76.5,77.3,0.6,1000,0.7902991275749861,60.695,61.0901,60.4579,61.1692
2021-12-30,983060,76313497,77.5,78.1,77.2,78.1,0.8,633,0.7902991275749861,61.2482,61.7224,61.0111,61.7224
2022-01-03,800910,62106442,78.1,78.1,77.2,77.2,-0.9,656,0.7902991275749861,61.7224,61.0111,61.0111,61.7224
2022-01-04,868999,66898283,77.3,77.6,76.6,76.6,-0.6,1478,0.7902991275749861,61.0901,60.5369,60.5369,61.3272
2022-01-05,983618,75580748,76.8,77.9,76.4,76.7,0.1,697,0.7902991275749861,60.695,60.6159,60.3789,61.5643
2022-01-06,944059,72061023,76.7,76.7,75.9,76.1,-0.6,838,0.7902991275749861,60.6159,60.1418,59.9837,60.6159
2022-01-07,1979736,149259221,76.8,76.8,75.0,75.0,-1.1,2162,0.7902991275749861,60.695,59.2724,59.2724,60.695
2022-01-10,1128741,85070794,74.6,75.9,74.4,75.9,0.9,1025,0.7902991275749861,58.9563,59.9837,58.7983,59.9837
2022-01-11,1316538,99801535,75.8,76.2,75.1,75.1,-0.8,1269,0.7902991275749861,59.9047,59.3515,59.3515,60.2208
2022-01-12,1623535,121687156,75.4,75.6,74.6,74.7,-0.4,1633,0.7902991275749861,59.5886,59.0353,58.9563,59.7466
2022-01-13,788824,59362919,74.8,75.7,74.8,75.0,0.3,645,0.7902991275749861,59.1144,59.2724,59.1144,59.8256
2022-01-14,891797,66563050,75.5,75.5,74.3,74.8,-0.2,833,0.7902991275749861,59.6676,59.1144,58.7192,59.6676
2022-01-17,660203,49687051,75.0,75.6,74.6,75.4,0.6,851,0.7902991275749861,59.2724,59.5886,58.9563,59.7466
2022-01-18,980321,74703049,75.8,76.9,75.5,75.5,0.1,1659,0.7902991275749861,59.9047,59.6676,59.6676,60.774
2022-01-19,1195959,89784745,76.0,76.0,74.7,74.8,-0.7,999,0.7902991275749861,60.0627,59.1144,59.0353,60.0627
2022-01-20,604600,45416429,75.3,75.7,74.7,75.4,0.6,500,0.7902991275749861,59.5095,59.5886,59.0353,59.8256
2022-01-21,1022311,76490120,75.2,75.3,74.6,74.6,-0.8,692,0.7902991275749861,59.4305,58.9563,58.9563,59.5095
2022-01-24,915523,67729591,74.5,74.6,73.3,74.0,-0.6,987,0.7902991275749861,58.8773,58.4821,57.9289,58.9563
2022-01-25,1079487,79833663,74.0,74.6,73.6,74.0,0.0,1086,0.7902991275749861,58.4821,58.4821,58.166,58.9563
2022-01-26,2087526,154043699,74.2,74.7,73.1,73.2,-0.8,2416,0.7902991275749861,58.6402,57.8499,57.7709,59.0353
2022-02-07,2464430,178384780,73.4,73.6,72.0,72.0,-1.2,2189,0.7902991275749861,58.008,56.9015,56.9015,58.166
2022-02-08,2066629,149458422,72.2,73.0,72.0,72.0,0.0,1963,0.7902991275749861,57.0596,56.9015,56.9015,57.6918
2022-02-09,1585528,116509118,72.6,74.2,72.5,74.0,2.0,1529,0.7902991275749861,57.3757,58.4821,57.2967,58.6402
2022-02-10,2322539,172651322,74.4,75.6,73.3,73.3,-0.7,1935,0.7902991275749861,58.7983,57.9289,57.9289,59.7466
2022-02-11,1223680,90253326,73.3,74.2,73.3,73.4,0.1,1307,0.7902991275749861,57.9289,58.008,57.9289,58.6402
2022-02-14,1477972,107066572,72.8,73.5,72.1,72.1,-1.3,1409,0.7902991275749861,57.5338,56.9806,56.9806,58.087
2022-02-15,955262,69800919,72.2,73.5,72.2,72.9,0.8,1184,0.7902991275749861,57.0596,57.6128,57.0596,58.087
2022-02-16,1326770,98552843,73.5,74.8,73.5,74.2,1.3,1432,0.7902991275749861,58.087,58.6402,58.087,59.1144
2022-02-17,948473,70485271,74.3,74.8,73.9,74.1,-0.1,1057,0.7902991275749861,58.7192,58.5612,58.4031,59.1144
2022-02-18,701224,52001672,73.7,74.5,73.6,74.2,0.1,1081,0.7902991275749861,58.245,58.6402,58.166,58.8773
2022-02-21,915104,68103008,73.7,74.8,73.7,74.4,0.2,664,0.7902991275749861,58.245,58.7983,58.245,59.1144
2022-02-22,1673123,122653932,74.0,74.2,72.6,72.7,-1.7,1453,0.7902991275749861,58.4821,57.4547,57.3757,58.6402
2022-02-23,561289,41007545,72.8,73.4,72.8,73.1,0.4,688,0.7902991275749861,57.5338,57.7709,57.5338,58.008
2022-02-24,1536588,111240875,72.9,73.0,72.0,72.2,-0.9,1439,0.7902991275749861,57.6128,57.0596,56.9015,57.6918
2022-02-25,735329,53494053,72.5,73.2,72.5,72.6,0.4,1186,0.7902991275749861,57.2967,57.3757,57.2967,57.8499
2022-03-01,1174765,86874086,73.6,74.4,73.2,73.8,1.2,1238,0.7902991275749861,58.166,58.3241,57.8499,58.7983
2022-03-02,793581,58900198,73.7,74.5,73.7,74.5,0.7,908,0.7902991275749861,58.245,58.8773,58.245,58.8773
2022-03-03,1066748,79923552,74.9,75.2,74.5,75.0,0.5,1041,0.7902991275749861,59.1934,59.2724,58.8773,59.4305
2022-03-04,971337,72238630,75.0,75.0,74.1,74.1,-0.9,775,0.7902991275749861,59.2724,58.5612,58.5612,59.2724
2022-03-07,1286944,94046664,73.6,73.7,72.5,73.2,-0.9,981,0.7902991275749861,58.166,57.8499,57.2967,58.245
2022-03-08,2293202,165704237,72.1,73.3,71.7,72.2,-1.0,1636,0.7902991275749861,56.9806,57.0596,56.6644,57.9289
2022-03-09,1386644,101377734,72.6,73.6,72.6,73.2,1.0,1040,0.7902991275749861,57.3757,57.8499,57.3757,58.166
2022-03-10,1488692,109494328,73.7,74.2,73.1,73.1,-0.1,1065,0.7902991275749861,58.245,57.7709,57.7709,58.6402
2022-03-11,560623,40914183,73.1,73.4,72.7,72.8,-0.3,510,0.7902991275749861,57.7709,57.5338,57.4547,58.008
2022-03-14,726075,53357712,73.1,73.7,73.1,73.7,0.9,656,0.7902991275749861,57.7709,58.245,57.7709,58.245
2022-03-15,1128107,81983363,73.7,73.7,72.3,72.4,-1.3,1009,0.7902991275749861,58.245,57.2177,57.1386,58.245
2022-03-16,942900,68178020,72.8,73.1,72.0,72.4,0.0,777,0.7902991275749861,57.5338,57.2177,56.9015,57.7709
2022-03-17,1048768,77095389,73.1,73.8,73.1,73.7,1.3,778,0.7902991275749861,57.7709,58.245,57.7709,58.3241
2022-03-18,1403378,104542564,74.0,75.0,73.8,75.0,1.3,894,0.7902991275749861,58.4821,59.2724,58.3241,59.2724
2022-03-21,1037132,77890246,75.5,75.5,74.8,75.1,0.1,861,0.7902991275749861,59.6676,59.3515,59.1144,59.6676
2022-03-22,729002,54609625,75.2,75.2,74.5,75.2,0.1,589,0.7902991275749861,59.4305,59.4305,58.8773,59.4305
2022-03-23,733008,55145888,75.6,75.6,75.0,75.4,0.2,608,0.7902991275749861,59.7466,59.5886,59.2724,59.7466
2022-03-24,626493,47014950,75.3,75.4,74.6,75.4,0.0,520,0.7902991275749861,59.5095,59.5886,58.9563,59.5886
2022-03-25,561024,42090223,75.6,75.6,74.8,74.8,-0.6,497,0.7902991275749861,59.7466,59.1144,59.1144,59.7466
2022-03-28,534816,39807519,74.7,74.9,74.1,74.8,0.0,442,0.7902991275749861,59.0353,59.1144,58.5612,59.1934
2022-03-29,501671,37437102,75.1,75.1,74.4,74.4,-0.4,462,0.7902991275749861,59.3515,58.7983,58.7983,59.3515
2022-03-30,553220,41364332,74.9,75.0,74.5,74.9,0.5,493,0.7902991275749861,59.1934,59.1934,58.8773,59.2724
2022-03-31,588776,43793896,74.9,74.9,74.2,74.2,-0.7,477,0.7902991275749861,59.1934,58.6402,58.6402,59.1934
2022-04-01,565107,41606369,74.0,74.0,73.2,73.6,-0.6,492,0.7902991275749861,58.4821,58.166,57.8499,58.4821
2022-04-06,679559,49649840,73.2,73.3,72.9,73.0,-0.6,600,0.7902991275749861,57.8499,57.6918,57.6128,57.9289
2022-04-07,927710,67637051,73.0,73.4,72.5,72.5,-0.5,796,0.7902991275749861,57.6918,57.2967,57.2967,58.008
2022-04-08,682098,49515011,72.9,73.1,72.2,72.9,0.4,586,0.7902991275749861,57.6128,57.6128,57.0596,57.7709
2022-04-11,1804947,129220546,72.5,72.6,71.0,71.0,-1.9,1494,0.7902991275749861,57.2967,56.1112,56.1112,57.3757
2022-04-12,896094,63216025,70.8,71.0,70.2,70.3,-0.7,775,0.7902991275749861,55.9532,55.558,55.479,56.1112
2022-04-13,468348,33172081,70.4,71.3,70.4,71.3,1.0,461,0.7902991275749861,55.6371,56.3483,55.6371,56.3483
2022-04-14,683471,48453312,71.6,71.6,70.7,70.7,-0.6,615,0.7902991275749861,56.5854,55.8741,55.8741,56.5854
2022-04-15,461995,32636794,70.8,71.2,70.5,70.6,-0.1,423,0.7902991275749861,55.9532,55.7951,55.7161,56.2693
2022-04-18,910598,63763003,70.3,70.5,69.7,70.0,-0.6,732,0.7902991275749861,55.558,55.3209,55.0838,55.7161
2022-04-19,420958,29577595,70.2,70.8,70.1,70.1,0.1,383,0.7902991275749861,55.479,55.4,55.4,55.9532
2022-04-20,618085,43531736,70.4,70.8,70.1,70.4,0.3,555,0.7902991275749861,55.6371,55.6371,55.4,55.9532
2022-04-21,547041,38614708,70.6,70.9,70.3,70.9,0.5,487,0.7902991275749861,55.7951,56.0322,55.558,56.0322
2022-04-22,700230,49752550,70.5,71.6,70.5,71.6,0.7,479,0.7902991275749861,55.7161,56.5854,55.7161,56.5854
2022-04-25,1645377,114252715,71.0,71.0,68.8,69.2,-2.4,1242,0.7902991275749861,56.1112,54.6887,54.3726,56.1112
2022-04-26,982920,67899932,69.4,69.7,68.8,68.8,-0.4,822,0.7902991275749861,54.8468,54.3726,54.3726,55.0838
2022-04-27,1127657,76391499,68.0,68.1,67.4,67.8,-1.0,941,0.7902991275749861,53.7403,53.5823,53.2662,53.8194
2022-04-28,624056,42463337,67.9,68.5,67.6,68.0,0.2,562,0.7902991275749861,53.6613,53.7403,53.4242,54.1355
2022-04-29,448117,30929042,68.7,69.6,68.6,69.1,1.1,356,0.7902991275749861,54.2936,54.6097,54.2145,55.0048
2022-05-03,781717,54765957,70.3,70.5,69.4,70.5,1.4,689,0.7902991275749861,55.558,55.7161,54.8468,55.7161
2022-05-04,424235,29916317,70.8,70.8,70.3,70.5,0.0,408,0.7902991275749861,55.9532,55.7161,55.558,55.9532
2022-05-05,818159,58448197,71.5,72.0,71.0,71.2,0.7,746,0.7902991275749861,56.5064,56.2693,56.1112,56.9015
2022-05-06,612228,43268829,70.6,70.9,70.3,70.6,-0.6,574,0.7902991275749861,55.7951,55.7951,55.558,56.0322
2022-05-09,631109,44128784,70.6,70.6,69.4,69.4,-1.2,577,0.7902991275749861,55.7951,54.8468,54.8468,55.7951
2022-05-10,872512,61459887,69.2,71.5,68.8,71.5,2.1,686,0.7902991275749861,54.6887,56.5064,54.3726,56.5064
2022-05-11,624570,44417460,71.3,71.4,70.9,70.9,-0.6,714,0.7902991275749861,56.3483,56.0322,56.0322,56.4274
2022-05-12,606183,43100849,70.9,71.4,70.7,70.9,0.0,614,0.7902991275749861,56.0322,56.0322,55.8741,56.4274
2022-05-13,672461,47851274,71.5,71.5,70.7,71.3,0.4,722,0.7902991275749861,56.5064,56.3483,55.8741,56.5064
2022-05-16,995407,71557301,71.5,72.4,71.3,71.7,0.4,965,0.7902991275749861,56.5064,56.6644,56.3483,57.2177
2022-05-17,1234659,89666647,72.2,73.4,71.7,73.1,1.4,1035,0.7902991275749861,57.0596,57.7709,56.6644,58.008
2022-05-18,810626,58978131,73.2,73.4,72.4,72.4,-0.7,1002,0.7902991275749861,57.8499,57.2177,57.2177,58.008
2022-05-19,950313,67832766,71.9,71.9,70.8,71.5,-0.9,837,0.7902991275749861,56.8225,56.5064,55.9532,56.8225
2022-05-20,476444,34345271,72.1,72.3,71.8,72.0,0.5,417,0.7902991275749861,56.9806,56.9015,56.7435,57.1386
2022-05-23,367462,26318878,72.6,72.6,71.3,71.3,-0.7,452,0.7902991275749861,57.3757,56.3483,56.3483,57.3757
2022-05-24,446349,31748516,71.6,71.9,70.6,70.7,-0.6,453,0.7902991275749861,56.5854,55.8741,55.7951,56.8225
2022-05-25,379752,26996754,71.3,71.3,70.8,71.0,0.3,343,0.7902991275749861,56.3483,56.1112,55.9532,56.3483
2022-05-26,830959,58535040,71.0,71.1,69.8,69.8,-1.2,677,0.7902991275749861,56.1112,55.1629,55.1629,56.1903
2022-05-27,361637,25444892,70.7,70.7,70.1,70.4,0.6,351,0.7902991275749861,55.8741,55.6371,55.4,55.8741
2022-05-30,485949,34675918,71.1,71.7,71.1,71.3,0.9,385,0.7902991275749861,56.1903,56.3483,56.1903,56.6644
2022-05-31,361725,25967452,71.6,72.0,71.3,71.8,0.5,327,0.7902991275749861,56.5854,56.7435,56.3483,56.9015
2022-06-01,772608,56050919,72.0,73.2,71.9,72.2,0.4,703,0.7902991275749861,56.9015,57.0596,56.8225,57.8499
2022-06-02,370115,26825555,72.7,72.9,72.2,72.3,0.1,459,0.7902991275749861,57.4547,57.1386,57.0596,57.6128
2022-06-06,429784,30984212,72.5,72.7,71.8,72.0,-0.3,400,0.7902991275749861,57.2967,56.9015,56.7435,57.4547
2022-06-07,506684,36360095,72.3,72.3,71.5,71.5,-0.5,514,0.7902991275749861,57.1386,56.5064,56.5064,57.1386
2022-06-08,596222,42781695,71.8,72.0,71.3,72.0,0.5,461,0.7902991275749861,56.7435,56.9015,56.3483,56.9015
2022-06-09,669845,47595462,71.3,71.5,70.7,71.2,-0.8,567,0.7902991275749861,56.3483,56.2693,55.8741,56.5064
2022-06-10,402275,28441693,70.8,70.9,70.4,70.8,-0.4,350,0.7902991275749861,55.9532,55.9532,55.6371,56.0322
2022-06-13,1161222,80842546,70.1,70.1,69.3,69.3,-1.5,1014,0.7902991275749861,55.4,54.7677,54.7677,55.4
2022-06-14,749452,51592402,69.3,69.3,68.5,69.1,-0.2,635,0.7902991275749861,54.7677,54.6097,54.1355,54.7677
2022-06-15,581558,40482170,69.3,70.0,69.2,69.9,0.8,498,0.7902991275749861,54.7677,55.2419,54.6887,55.3209
2022-06-16,820721,57138620,70.1,70.3,69.1,69.1,-0.8,588,0.7902991275749861,55.4,54.6097,54.6097,55.558
2022-06-17,1578959,107690086,68.7,68.7,67.7,68.7,-0.4,885,0.7902991275749861,54.2936,54.2936,53.5033,54.2936
2022-06-20,1719191,114733772,68.7,68.7,66.0,66.0,-2.7,1214,0.7902991275749861,54.2936,52.1597,52.1597,54.2936
2022-06-21,972612,65011578,66.5,67.3,66.0,67.0,1.0,605,0.7902991275749861,52.5549,52.95,52.1597,53.1871
2022-06-22,1704559,110988398,67.1,67.3,64.3,64.6,-2.4,1263,0.7902991275749861,53.0291,51.0533,50.8162,53.1871
2022-06-23,1595100,102774992,65.1,65.9,63.5,63.9,-0.7,1208,0.7902991275749861,51.4485,50.5001,50.184,52.0807
2022-06-24,804696,52653753,64.4,66.0,64.4,65.3,1.4,755,0.7902991275749861,50.8953,51.6065,50.8953,52.1597
2022-06-27,1174544,76751202,65.8,66.2,64.9,65.6,0.3,1051,0.7902991275749861,52.0017,51.8436,51.2904,52.3178
2022-06-28,690509,45082309,65.9,65.9,65.0,65.0,-0.6,489,0.7902991275749861,52.0807,51.3694,51.3694,52.0807
2022-06-29,894751,57280337,64.7,64.8,63.7,63.9,-1.1,739,0.7902991275749861,51.1324,50.5001,50.3421,51.2114
2022-06-30,1359697,85015000,63.8,63.9,61.9,62.4,-1.5,984,0.7902991275749861,50.4211,49.3147,48.9195,50.5001
2022-07-01,1714030,107380950,62.0,63.3,61.6,62.3,-0.1,966,0.7902991275749861,48.9985,49.2356,48.6824,50.0259
2022-07-04,1090753,67139864,62.0,63.0,60.6,60.6,-1.7,952,0.7902991275749861,48.9985,47.8921,47.8921,49.7888
2022-07-05,723902,44043456,62.1,62.2,60.0,61.2,0.6,579,0.7902991275749861,49.0776,48.3663,47.4179,49.1566
2022-07-06,1144000,68532658,61.2,61.6,59.1,59.1,-2.1,950,0.7902991275749861,48.3663,46.7067,46.7067,48.6824
2022-07-07,866393,51985825,59.9,60.5,59.1,60.2,1.1,576,0.7902991275749861,47.3389,47.576,46.7067,47.8131
2022-07-08,724248,44454907,61.0,61.8,60.8,61.8,1.6,552,0.7902991275749861,48.2082,48.8405,48.0502,48.8405
2022-07-11,504322,30755791,62.2,62.2,60.5,60.6,-1.2,451,0.7902991275749861,49.1566,47.8921,47.8131,49.1566
2022-07-12,776247,46115294,60.5,60.5,59.1,59.2,-1.4,563,0.7902991275749861,47.8131,46.7857,46.7067,47.8131
2022-07-13,654004,39489863,60.5,61.0,60.1,60.4,1.2,493,0.7902991275749861,47.8131,47.7341,47.497,48.2082
2022-07-14,621510,37760172,60.5,61.1,60.0,60.8,0.4,522,0.7902991275749861,47.8131,48.0502,47.4179,48.2873
2022-07-15,987838,60892365,61.0,62.2,60.8,61.5,0.7,645,0.7902991275749861,48.2082,48.6034,48.0502,49.1566
2022-07-18,1107438,69122300,62.1,63.0,61.3,62.3,0.8,837,0.7902991275749861,49.0776,49.2356,48.4453,49.7888
2022-07-19,997784,61932033,62.3,62.7,61.7,61.9,-0.4,723,0.7902991275749861,49.2356,48.9195,48.7615,49.5518
2022-07-20,852986,53955442,62.8,63.8,62.7,63.2,1.3,722,0.7902991275749861,49.6308,49.9469,49.5518,50.4211
2022-07-21,492294,31525385,63.6,64.5,63.6,64.5,1.3,469,0.7902991275749861,50.263,50.9743,50.263,50.9743
2022-07-22,393133,25185035,64.8,64.8,63.7,63.8,-0.7,697,0.7902991275749861,51.2114,50.4211,50.3421,51.2114
2022-07-25,936140,58456328,63.0,63.1,62.1,62.3,-1.5,778,0.7902991275749861,49.7888,49.2356,49.0776,49.8679
2022-07-26,560227,34883012,62.3,62.6,61.9,62.0,-0.3,427,0.7902991275749861,49.2356,48.9985,48.9195,49.4727
2022-07-27,1586930,96501703,61.4,62.0,60.1,61.5,-0.5,1198,0.7902991275749861,48.5244,48.6034,47.497,48.9985
2022-07-28,1258264,76784237,61.4,61.7,60.5,61.2,-0.3,1019,0.7902991275749861,48.5244,48.3663,47.8131,48.7615
2022-07-29,763038,47026631,61.4,62.0,61.2,61.8,0.6,605,0.7902991275749861,48.5244,48.8405,48.3663,48.9985
2022-08-01,1177003,74056011,61.8,63.7,61.5,63.2,1.4,987,0.7902991275749861,48.8405,49.9469,48.6034,50.3421
2022-08-02,1478722,91822726,62.7,62.7,61.8,62.0,-1.2,1500,0.7902991275749861,49.5518,48.9985,48.8405,49.5518
2022-08-03,1136883,70561014,62.0,62.8,61.8,62.1,0.1,900,0.7902991275749861,48.9985,49.0776,48.8405,49.6308
2022-08-04,1111582,68498917,61.6,62.3,61.0,61.8,-0.3,1034,0.7902991275749861,48.6824,48.8405,48.2082,49.2356
2022-08-05,916986,57270248,62.1,62.7,62.0,62.5,0.7,822,0.7902991275749861,49.0776,49.3937,48.9985,49.5518
2022-08-08,1110861,68643792,61.9,62.3,61.3,62.2,-0.3,976,0.7902991275749861,48.9195,49.1566,48.4453,49.2356
2022-08-09,823825,51167849,62.3,62.4,61.8,62.0,-0.2,623,0.7902991275749861,49.2356,48.9985,48.8405,49.3147
2022-08-10,1318476,81621787,62.2,62.2,61.7,61.7,-0.3,860,0.7902991275749861,49.1566,48.7615,48.7615,49.1566
2022-08-11,1065864,66143407,62.4,62.4,61.8,61.8,0.1,933,0.7902991275749861,49.3147,48.8405,48.8405,49.3147
2022-08-12,1223689,76250984,62.0,62.7,61.9,62.4,0.6,971,0.7902991275749861,48.9985,49.3147,48.9195,49.5518
2022-08-15,1298495,83048933,63.0,64.3,62.7,63.9,1.5,1226,0.7902991275749861,49.7888,50.5001,49.5518,50.8162
2022-08-16,1222832,78213680,64.0,64.3,63.5,63.9,0.0,1065,0.7902991275749861,50.5791,50.5001,50.184,50.8162
2022-08-17,1088605,69792107,64.0,64.3,63.9,63.9,0.0,936,0.7902991275749861,50.5791,50.5001,50.5001,50.8162
2022-08-18,971455,61903777,64.1,64.1,63.3,63.8,-0.1,781,0.7902991275749861,50.6582,50.4211,50.0259,50.6582
2022-08-19,1810862,117654504,63.9,65.8,63.9,65.3,1.5,1293,0.7902991275749861,50.5001,51.6065,50.5001,52.0017
2022-08-22,1717237,112970248,65.3,66.4,65.2,66.2,0.9,1150,0.7902991275749861,51.6065,52.3178,51.5275,52.4759
2022-08-23,1750771,114955157,66.0,66.0,65.3,65.5,-0.7,1177,0.7902991275749861,52.1597,51.7646,51.6065,52.1597
2022-08-24,2672963,174785265,65.5,65.8,65.1,65.3,-0.2,1817,0.7902991275749861,51.7646,51.6065,51.4485,52.0017
2022-08-25,3970924,240630942,60.5,61.1,60.3,60.3,0.0,2091,0.8558297351682685,51.7777,51.6065,51.6065,52.2912
2022-08-26,1124345,68342221,60.7,61.3,60.3,60.5,0.2,1078,0.8558297351682685,51.9489,51.7777,51.6065,52.4624
2022-08-29,1370781,81067270,59.3,59.9,58.6,59.7,-0.8,1144,0.8558297351682685,50.7507,51.093,50.1516,51.2642
2022-08-30,1110352,65895568,59.8,59.8,59.1,59.3,-0.4,981,0.8558297351682685,51.1786,50.7507,50.5795,51.1786
2022-08-31,806937,47788863,59.5,59.5,59.0,59.3,0.0,608,0.8558297351682685,50.9219,50.7507,50.494,50.9219
2022-09-01,1144237,67166871,59.1,59.1,58.5,58.7,-0.6,973,0.8558297351682685,50.5795,50.2372,50.066,50.5795
2022-09-02,1098875,63827004,59.0,59.0,57.9,57.9,-0.8,976,0.8558297351682685,50.494,49.5525,49.5525,50.494
2022-09-05,1343320,76305235,58.0,58.0,56.5,56.6,-1.3,1219,0.8558297351682685,49.6381,48.44,48.3544,49.6381
2022-09-06,1374715,77063465,57.0,57.0,55.4,56.3,-0.3,941,0.8558297351682685,48.7823,48.1832,47.413,48.7823
2022-09-07,605004,33820000,56.3,56.3,55.6,55.6,-0.7,538,0.8558297351682685,48.1832,47.5841,47.5841,48.1832
2022-09-08,1526892,87656212,56.1,58.4,55.4,57.6,2.0,1336,0.8558297351682685,48.012,49.2958,47.413,49.9805
2022-09-12,732064,42223086,58.1,58.6,57.1,57.2,-0.4,710,0.8558297351682685,49.7237,48.9535,48.8679,50.1516
2022-09-13,1104323,62427137,57.9,57.9,56.0,56.0,-1.2,1112,0.8558297351682685,49.5525,47.9265,47.9265,49.5525
2022-09-14,1251613,68906909,55.0,55.4,54.7,55.4,-0.6,1254,0.8558297351682685,47.0706,47.413,46.8139,47.413
2022-09-15,1243188,68558400,55.4,55.4,54.8,55.0,-0.4,1130,0.8558297351682685,47.413,47.0706,46.8995,47.413
2022-09-16,3467264,186687601,55.0,55.0,53.2,54.3,-0.7,2616,0.8558297351682685,47.0706,46.4716,45.5301,47.0706
2022-09-19,2816314,151574227,54.3,55.3,53.2,53.2,-1.1,1688,0.8558297351682685,46.4716,45.5301,45.5301,47.3274
2022-09-20,2918372,156166520,53.3,54.0,53.0,53.7,0.5,1445,0.8558297351682685,45.6157,45.9581,45.359,46.2148
2022-09-21,2767984,147005921,53.7,53.7,53.0,53.0,-0.7,1378,0.8558297351682685,45.9581,45.359,45.359,45.9581
2022-09-22,4697867,245985534,52.8,52.8,51.8,52.4,-0.6,1774,0.8558297351682685,45.1878,44.8455,44.332,45.1878
2022-09-23,1186138,63415767,52.8,54.2,52.4,53.0,0.6,947,0.8558297351682685,45.1878,45.359,44.8455,46.386
2022-09-26,2113090,109268991,53.3,53.3,50.7,50.9,-2.1,1605,0.8558297351682685,45.6157,43.5617,43.3906,45.6157
2022-09-27,1872495,93604247,50.8,50.9,49.6,49.95,-0.95,1643,0.8558297351682685,43.4762,42.7487,42.4492,43.5617
2022-09-28,1736993,85147374,50.1,50.1,48.55,48.65,-1.3,1583,0.8558297351682685,42.8771,41.6361,41.5505,42.8771
2022-09-29,1719029,84048561,49.25,49.45,48.45,48.8,0.15,1476,0.8558297351682685,42.1496,41.7645,41.465,42.3208
2022-09-30,2042955,100282762,47.9,50.0,47.85,49.25,0.45,975,0.8558297351682685,40.9942,42.1496,40.9515,42.7915
2022-10-03,1212128,60506916,49.3,50.4,49.25,49.75,0.5,973,0.8558297351682685,42.1924,42.5775,42.1496,43.1338
2022-10-04,1470482,74635451,50.4,51.6,50.3,50.6,0.85,935,0.8558297351682685,43.1338,43.305,43.0482,44.1608
2022-10-05,1608031,82180183,51.5,51.8,50.5,50.5,-0.1,1232,0.8558297351682685,44.0752,43.2194,43.2194,44.332
2022-10-06,1141524,57384106,51.2,51.2,49.9,50.2,-0.3,832,0.8558297351682685,43.8185,42.9627,42.7059,43.8185
2022-10-07,991942,49270537,50.3,50.3,49.3,49.5,-0.7,936,0.8558297351682685,43.0482,42.3636,42.1924,43.0482
2022-10-11,2182099,104075433,49.0,49.0,47.05,47.35,-2.15,1824,0.8558297351682685,41.9357,40.5235,40.2668,41.9357
2022-10-12,2188288,101671136,47.35,47.5,45.55,47.5,0.15,1685,0.8558297351682685,40.5235,40.6519,38.983,40.6519
2022-10-13,1999795,90688179,46.95,46.95,44.65,44.75,-2.75,1863,0.8558297351682685,40.1812,38.2984,38.2128,40.1812
2022-10-14,1904780,88546660,45.8,46.8,45.8,46.3,1.55,1401,0.8558297351682685,39.197,39.6249,39.197,40.0528
2022-10-17,2439978,110801825,45.75,46.25,44.65,46.1,-0.2,1821,0.8558297351682685,39.1542,39.4538,38.2128,39.5821
2022-10-18,2880749,132300977,46.45,46.65,45.35,46.3,0.2,2309,0.8558297351682685,39.7533,39.6249,38.8119,39.9245
2022-10-19,1857903,87810083,46.7,47.65,46.5,47.05,0.75,1413,0.8558297351682685,39.9672,40.2668,39.7961,40.7803
2022-10-20,3270739,155106134,46.85,48.5,45.85,48.5,1.45,1663,0.8558297351682685,40.0956,41.5077,39.2398,41.5077
2022-10-21,1517072,71711122,48.25,48.25,46.25,46.35,-2.15,1254,0.8558297351682685,41.2938,39.6677,39.5821,41.2938
2022-10-24,1018559,47670508,46.85,47.15,46.55,46.55,0.2,770,0.8558297351682685,40.0956,39.8389,39.8389,40.3524
2022-10-25,802042,37178195,46.55,46.8,46.1,46.15,-0.4,622,0.8558297351682685,39.8389,39.4965,39.4538,40.0528
2022-10-26,892671,40629433,46.05,46.25,45.2,45.5,-0.65,829,0.8558297351682685,39.411,38.9403,38.6835,39.5821
2022-10-27,846100,38897053,45.55,46.35,45.55,46.2,0.7,616,0.8558297351682685,38.983,39.5393,38.983,39.6677
2022-10-28,1411608,64036779,46.3,46.6,45.0,45.0,-1.2,1247,0.8558297351682685,39.6249,38.5123,38.5123,39.8817
2022-10-31,1726970,79916058,45.4,46.8,45.4,46.5,1.5,1320,0.8558297351682685,38.8547,39.7961,38.8547,40.0528
2022-11-01,726407,33912475,46.55,46.85,46.55,46.6,0.1,646,0.8558297351682685,39.8389,39.8817,39.8389,40.0956
2022-11-02,1217937,57123762,46.75,47.3,46.45,47.2,0.6,914,0.8558297351682685,40.01,40.3952,39.7533,40.4807
2022-11-03,1246077,58113598,46.65,46.8,46.4,46.5,-0.7,1080,0.8558297351682685,39.9245,39.7961,39.7105,40.0528
2022-11-04,1195603,55040555,46.5,46.55,45.7,46.2,-0.3,1090,0.8558297351682685,39.7961,39.5393,39.1114,39.8389
2022-11-07,1385626,64908582,46.2,47.3,46.05,47.1,0.9,1012,0.8558297351682685,39.5393,40.3096,39.411,40.4807
2022-11-08,1735470,82004042,47.25,47.75,46.8,46.9,-0.2,1398,0.8558297351682685,40.438,40.1384,40.0528,40.8659
2022-11-09,1693515,80870127,47.3,47.95,47.2,47.95,1.05,1161,0.8558297351682685,40.4807,41.037,40.3952,41.037
2022-11-10,935679,44439307,47.6,47.7,47.2,47.7,-0.25,837,0.8558297351682685,40.7375,40.8231,40.3952,40.8231
2022-11-11,1328610,64239690,49.0,49.0,48.05,48.1,0.4,983,0.8558297351682685,41.9357,41.1654,41.1226,41.9357
2022-11-14,1347370,65481260,48.2,48.85,48.2,48.6,0.5,1005,0.8558297351682685,41.251,41.5933,41.251,41.8073
2022-11-15,1545145,75699240,48.65,49.5,48.05,49.45,0.85,1238,0.8558297351682685,41.6361,42.3208,41.1226,42.3636
2022-11-16,2119485,105241505,49.35,50.4,48.7,49.7,0.25,1540,0.8558297351682685,42.2352,42.5347,41.6789,43.1338
2022-11-17,1349991,66868560,49.75,50.2,49.2,49.5,-0.2,1142,0.8558297351682685,42.5775,42.3636,42.1068,42.9627
2022-11-18,1164429,57768827,49.7,49.95,49.3,49.45,-0.05,993,0.8558297351682685,42.5347,42.3208,42.1924,42.7487
2022-11-21,1008067,49217903,49.45,49.45,48.5,48.5,-0.95,886,0.8558297351682685,42.3208,41.5077,41.5077,42.3208
2022-11-22,1371850,65819128,48.6,48.6,47.7,48.0,-0.5,1130,0.8558297351682685,41.5933,41.0798,40.8231,41.5933
2022-11-23,673042,32462993,48.15,48.5,48.05,48.15,0.15,633,0.8558297351682685,41.2082,41.2082,41.1226,41.5077
2022-11-24,2160078,103994259,48.1,48.5,47.85,48.35,0.2,1779,0.8558297351682685,41.1654,41.3794,40.9515,41.5077
2022-11-25,2261789,110664092,48.5,49.6,48.45,48.45,0.1,1746,0.8558297351682685,41.5077,41.465,41.465,42.4492
2022-11-28,1257234,60627566,48.45,48.45,47.95,48.3,-0.15,880,0.8558297351682685,41.465,41.3366,41.037,41.465
2022-11-29,1273607,61348183,48.1,48.45,47.8,48.35,0.05,1108,0.8558297351682685,41.1654,41.3794,40.9087,41.465
2022-11-30,1818918,88917762,48.3,49.2,48.25,49.0,0.65,1324,0.8558297351682685,41.3366,41.9357,41.2938,42.1068
2022-12-01,2410539,120262289,49.4,50.3,49.4,50.2,1.2,1903,0.8558297351682685,42.278,42.9627,42.278,43.0482
2022-12-02,1517775,76755560,50.3,51.0,49.75,51.0,0.8,1292,0.8558297351682685,43.0482,43.6473,42.5775,43.6473
2022-12-05,2465100,123630482,50.4,50.6,49.65,50.3,-0.7,1946,0.8558297351682685,43.1338,43.0482,42.4919,43.305
2022-12-06,1583852,78980189,50.4,50.4,49.6,49.85,-0.45,1313,0.8558297351682685,43.1338,42.6631,42.4492,43.1338
2022-12-07,2151689,105203835,49.7,49.7,48.4,48.55,-1.3,1803,0.8558297351682685,42.5347,41.5505,41.4222,42.5347
2022-12-08,792122,38460201,48.7,48.75,48.3,48.6,0.05,704,0.8558297351682685,41.6789,41.5933,41.3366,41.7217
2022-12-09,1628465,78912492,48.85,49.05,48.1,48.15,-0.45,1275,0.8558297351682685,41.8073,41.2082,41.1654,41.9784
2022-12-12,1436609,68796750,48.15,48.2,47.7,48.2,0.05,1221,0.8558297351682685,41.2082,41.251,40.8231,41.251
2022-12-13,1359100,65538481,48.35,48.65,48.05,48.1,-0.1,1120,0.8558297351682685,41.3794,41.1654,41.1226,41.6361
2022-12-14,2069505,100519472,48.25,49.05,48.25,48.5,0.4,1629,0.8558297351682685,41.2938,41.5077,41.2938,41.9784
2022-12-15,2473534,119593971,48.7,49.2,48.0,48.1,-0.4,1985,0.8558297351682685,41.6789,41.1654,41.0798,42.1068
2022-12-16,9021040,438547800,48.0,49.3,47.3,49.3,1.2,4263,0.8558297351682685,41.0798,42.1924,40.4807,42.1924
2022-12-19,11134322,557381168,48.9,50.8,48.8,50.0,0.7,5112,0.8558297351682685,41.8501,42.7915,41.7645,43.4762
2022-12-20,12508676,597257494,50.0,50.5,46.95,46.95,-3.05,6766,0.8558297351682685,42.7915,40.1812,40.1812,43.2194
2022-12-21,9746679,453873169,46.95,47.1,46.2,46.6,-0.35,4286,0.8558297351682685,40.1812,39.8817,39.5393,40.3096
2022-12-22,12224069,602360188,46.75,50.0,46.7,49.35,2.75,5131,0.8558297351682685,40.01,42.2352,39.9672,42.7915
2022-12-23,4006419,192596299,48.85,48.9,47.5,48.2,-1.15,3659,0.8558297351682685,41.8073,41.251,40.6519,41.8501
2022-12-26,638206,30716041,48.2,48.3,47.9,48.25,0.05,539,0.8558297351682685,41.251,41.2938,40.9942,41.3366
2022-12-27,1026697,49325678,48.35,48.35,47.85,47.85,-0.4,844,0.8558297351682685,41.3794,40.9515,40.9515,41.3794
2022-12-28,1468167,69213075,47.85,47.85,46.9,47.0,-0.85,1463,0.8558297351682685,40.9515,40.224,40.1384,40.9515
2022-12-29,1293193,60978554,46.8,47.65,46.4,47.55,0.55,1175,0.8558297351682685,40.0528,40.6947,39.7105,40.7803
2022-12-30,1571634,75219355,47.65,48.1,47.4,48.0,0.45,1011,0.8558297351682685,40.7803,41.0798,40.5663,41.1654
2023-01-03,657718,31490451,48.0,48.1,47.7,47.9,-0.1,646,0.8558297351682685,41.0798,40.9942,40.8231,41.1654
2023-01-04,522611,25040365,48.15,48.15,47.75,47.95,0.05,468,0.8558297351682685,41.2082,41.037,40.8659,41.2082
2023-01-05,687490,32974243,48.15,48.3,47.8,47.8,-0.15,619,0.8558297351682685,41.2082,40.9087,40.9087,41.3366
2023-01-06,811684,39147211,48.0,48.4,47.8,48.4,0.6,698,0.8558297351682685,41.0798,41.4222,40.9087,41.4222
2023-01-09,1365579,66649041,48.7,49.2,48.6,48.65,0.25,1042,0.8558297351682685,41.6789,41.6361,41.5933,42.1068
2023-01-10,962153,46976143,49.0,49.0,48.6,49.0,0.35,784,0.8558297351682685,41.9357,41.9357,41.5933,41.9357
2023-01-11,1008206,49628544,49.15,49.35,48.9,49.3,0.3,876,0.8558297351682685,42.064,42.1924,41.8501,42.2352
2023-01-12,886900,43636457,49.45,49.5,48.9,49.1,-0.2,729,0.8558297351682685,42.3208,42.0212,41.8501,42.3636
2023-01-13,641467,31340736,49.45,49.45,48.6,48.6,-0.5,645,0.8558297351682685,42.3208,41.5933,41.5933,42.3208
2023-01-16,575448,28098811,48.75,48.95,48.65,48.9,0.3,431,0.8558297351682685,41.7217,41.8501,41.6361,41.8929
2023-01-17,599830,29268529,49.05,49.05,48.7,48.8,-0.1,524,0.8558297351682685,41.9784,41.7645,41.6789,41.9784
2023-01-30,1843070,91567228,49.3,50.0,49.3,49.65,0.85,1297,0.8558297351682685,42.1924,42.4919,42.1924,42.7915
2023-01-31,2843848,144146984,49.75,51.4,49.65,50.8,1.15,2066,0.8558297351682685,42.5775,43.4762,42.4919,43.9896
2023-02-01,4655596,246438263,51.7,53.7,51.5,53.2,2.4,3453,0.8558297351682685,44.2464,45.5301,44.0752,45.9581
2023-02-02,2549505,135713084,53.7,53.7,52.6,53.4,0.2,2058,0.8558297351682685,45.9581,45.7013,45.0166,45.9581
2023-02-03,2243505,120556312,53.6,54.3,53.2,53.9,0.5,1573,0.8558297351682685,45.8725,46.1292,45.5301,46.4716
2023-02-06,2183122,114818881,53.9,53.9,52.2,52.4,-1.5,1942,0.8558297351682685,46.1292,44.8455,44.6743,46.1292
2023-02-07,1055765,55375653,52.2,52.8,52.0,52.5,0.1,860,0.8558297351682685,44.6743,44.9311,44.5031,45.1878
2023-02-08,959087,50575693,52.7,53.0,52.4,52.5,0.0,807,0.8558297351682685,45.1022,44.9311,44.8455,45.359
2023-02-09,728169,38001060,52.4,52.5,52.0,52.0,-0.5,687,0.8558297351682685,44.8455,44.5031,44.5031,44.9311
2023-02-10,1254382,65053837,52.2,52.5,51.4,51.8,-0.2,1048,0.8558297351682685,44.6743,44.332,43.9896,44.9311
2023-02-13,632161,32473308,51.8,51.8,51.0,51.5,-0.3,604,0.8558297351682685,44.332,44.0752,43.6473,44.332
2023-02-14,494666,25602644,52.0,52.0,51.5,51.7,0.2,484,0.8558297351682685,44.5031,44.2464,44.0752,44.5031
2023-02-15,704964,36486897,51.7,52.2,51.3,51.9,0.2,606,0.8558297351682685,44.2464,44.4176,43.9041,44.6743
2023-02-16,989432,52056368,52.2,52.9,52.1,52.9,1.0,723,0.8558297351682685,44.6743,45.2734,44.5887,45.2734
2023-02-17,549333,28940853,52.9,52.9,52.5,52.6,-0.3,652,0.8558297351682685,45.2734,45.0166,44.9311,45.2734
2023-02-20,711794,37457486,52.8,53.0,52.4,52.5,-0.1,634,0.8558297351682685,45.1878,44.9311,44.8455,45.359
2023-02-21,535933,28290264,52.7,53.0,52.5,52.8,0.3,473,0.8558297351682685,45.1022,45.1878,44.9311,45.359
2023-02-22,693493,36319373,52.5,52.7,52.0,52.3,-0.5,659,0.8558297351682685,44.9311,44.7599,44.5031,45.1022
2023-02-23,978501,51731573,52.6,53.3,52.3,53.1,0.8,712,0.8558297351682685,45.0166,45.4446,44.7599,45.6157
2023-02-24,1011396,53950365,53.5,53.7,53.1,53.2,0.1,797,0.8558297351682685,45.7869,45.5301,45.4446,45.9581
2023-03-01,1440435,75447703,53.2,53.2,51.7,52.4,-0.8,1260,0.8558297351682685,45.5301,44.8455,44.2464,45.5301
2023-03-02,665054,34979515,52.7,52.9,52.2,52.9,0.5,517,0.8558297351682685,45.1022,45.2734,44.6743,45.2734
2023-03-03,1416601,75742421,53.2,53.8,52.9,53.8,0.9,1023,0.8558297351682685,45.5301,46.0436,45.2734,46.0436
2023-03-06,1673748,91380847,53.9,54.9,53.9,54.8,1.0,1375,0.8558297351682685,46.1292,46.8995,46.1292,46.9851
2023-03-07,1509845,83034932,54.9,55.4,54.6,54.9,0.1,1327,0.8558297351682685,46.9851,46.9851,46.7283,47.413
2023-03-08,1334965,73409492,54.7,55.4,54.3,55.3,0.4,1132,0.8558297351682685,46.8139,47.3274,46.4716,47.413
2023-03-09,1334845,73961429,55.3,55.7,55.0,55.4,0.1,1198,0.8558297351682685,47.3274,47.413,47.0706,47.6697
2023-03-10,1712896,93480019,55.3,55.3,54.1,54.5,-0.9,1798,0.8558297351682685,47.3274,46.6427,46.3004,47.3274
2023-03-13,1730810,93222328,54.0,54.3,53.2,54.2,-0.3,1501,0.8558297351682685,46.2148,46.386,45.5301,46.4716
2023-03-14,540776,29077740,54.1,54.1,53.5,53.5,-0.7,766,0.8558297351682685,46.3004,45.7869,45.7869,46.3004
2023-03-15,966965,52559247,53.7,54.6,53.7,54.3,0.8,707,0.8558297351682685,45.9581,46.4716,45.9581,46.7283
2023-03-16,757269,40610212,54.2,54.2,53.2,53.5,-0.8,866,0.8558297351682685,46.386,45.7869,45.5301,46.386
2023-03-17,862434,46418956,53.6,54.2,53.6,53.7,0.2,641,0.8558297351682685,45.8725,45.9581,45.8725,46.386
2023-03-20,508015,27550485,53.7,54.5,53.7,54.5,0.8,542,0.8558297351682685,45.9581,46.6427,45.9581,46.6427
2023-03-21,895330,49083190,55.0,55.0,54.3,54.8,0.3,855,0.8558297351682685,47.0706,46.8995,46.4716,47.0706
2023-03-22,837791,45731202,55.1,55.1,54.1,54.3,-0.5,760,0.8558297351682685,47.1562,46.4716,46.3004,47.1562
2023-03-23,901560,49203834,54.5,54.9,54.1,54.7,0.4,643,0.8558297351682685,46.6427,46.8139,46.3004,46.9851
2023-03-24,753583,41017117,55.0,55.1,54.1,54.3,-0.4,683,0.8558297351682685,47.0706,46.4716,46.3004,47.1562
2023-03-27,1210863,65089495,54.5,54.5,53.5,53.5,-0.8,1167,0.8558297351682685,46.6427,45.7869,45.7869,46.6427
2023-03-28,1459547,77249982,53.7,53.7,52.6,52.8,-0.7,1293,0.8558297351682685,45.9581,45.1878,45.0166,45.9581
2023-03-29,822267,43343676,53.1,53.2,52.4,52.7,-0.1,779,0.8558297351682685,45.4446,45.1022,44.8455,45.5301
2023-03-30,642841,34030968,53.0,53.1,52.8,52.9,0.2,522,0.8558297351682685,45.359,45.2734,45.1878,45.4446
2023-03-31,1284738,68704367,53.0,53.8,53.0,53.3,0.4,926,0.8558297351682685,45.359,45.6157,45.359,46.0436
2023-04-06,797044,42736292,53.5,54.0,53.0,53.9,0.6,610,0.8558297351682685,45.7869,46.1292,45.359,46.2148
2023-04-07,525819,28381416,54.0,54.1,53.8,54.1,0.2,411,0.8558297351682685,46.2148,46.3004,46.0436,46.3004
2023-04-10,459489,24816490,54.1,54.2,53.8,54.0,-0.1,484,0.8558297351682685,46.3004,46.2148,46.0436,46.386
2023-04-11,543897,29537031,54.2,54.4,54.1,54.3,0.3,456,0.8558297351682685,46.386,46.4716,46.3004,46.5571
2023-04-12,912023,49887663,54.6,55.0,54.3,54.9,0.6,709,0.8558297351682685,46.7283,46.9851,46.4716,47.0706
2023-04-13,1017270,55362527,55.1,55.1,54.0,54.0,-0.9,887,0.8558297351682685,47.1562,46.2148,46.2148,47.1562
2023-04-14,449596,24399955,54.3,54.6,54.0,54.6,0.6,444,0.8558297351682685,46.4716,46.7283,46.2148,46.7283
2023-04-17,619921,33912915,54.7,54.9,54.5,54.7,0.1,498,0.8558297351682685,46.8139,46.8139,46.6427,46.9851
2023-04-18,560681,30638449,55.0,55.0,54.4,54.5,-0.2,460,0.8558297351682685,47.0706,46.6427,46.5571,47.0706
2023-04-19,1515943,83202358,54.8,55.3,54.5,54.5,0.0,1077,0.8558297351682685,46.8995,46.6427,46.6427,47.3274
2023-04-20,726376,39568978,54.7,54.8,54.1,54.3,-0.2,752,0.8558297351682685,46.8139,46.4716,46.3004,46.8995
2023-04-21,888396,47643906,54.4,54.5,53.3,53.5,-0.8,860,0.8558297351682685,46.5571,45.7869,45.6157,46.6427
2023-04-24,471516,25173160,53.2,53.7,53.0,53.6,0.1,402,0.8558297351682685,45.5301,45.8725,45.359,45.9581
2023-04-25,870449,46000043,54.0,54.0,52.5,52.6,-1.0,1016,0.8558297351682685,46.2148,45.0166,44.9311,46.2148
2023-04-26,669564,35212647,52.6,52.9,52.2,52.8,0.2,591,0.8558297351682685,45.0166,45.1878,44.6743,45.2734
2023-04-27,356183,18881863,52.9,53.3,52.7,52.8,0.0,327,0.8558297351682685,45.2734,45.1878,45.1022,45.6157
2023-04-28,804972,43204121,53.3,54.0,52.9,53.9,1.1,712,0.8558297351682685,45.6157,46.1292,45.2734,46.2148
2023-05-02,652649,35066768,53.9,54.1,53.4,53.9,0.0,507,0.8558297351682685,46.1292,46.1292,45.7013,46.3004
2023-05-03,449337,24041863,54.0,54.0,53.3,53.3,-0.6,486,0.8558297351682685,46.2148,45.6157,45.6157,46.2148
2023-05-04,343369,18296694,53.5,53.5,53.1,53.3,0.0,329,0.8558297351682685,45.7869,45.6157,45.4446,45.7869
2023-05-05,473053,25205014,53.5,53.6,53.0,53.3,0.0,423,0.8558297351682685,45.7869,45.6157,45.359,45.8725
2023-05-08,479019,25817357,53.5,54.1,53.5,54.0,0.7,414,0.8558297351682685,45.7869,46.2148,45.7869,46.3004
2023-05-09,496876,26763942,54.2,54.3,53.7,53.7,-0.3,392,0.8558297351682685,46.386,45.9581,45.9581,46.4716
2023-05-10,218291,11720872,54.0,54.0,53.5,53.7,0.0,236,0.8558297351682685,46.2148,45.9581,45.7869,46.2148
2023-05-11,395800,21081480,54.0,54.0,53.0,53.0,-0.7,439,0.8558297351682685,46.2148,45.359,45.359,46.2148
2023-05-12,351145,18645980,53.3,53.3,52.8,53.3,0.3,293,0.8558297351682685,45.6157,45.6157,45.1878,45.6157
2023-05-15,285978,15217466,53.5,53.5,53.0,53.2,-0.1,327,0.8558297351682685,45.7869,45.5301,45.359,45.7869
2023-05-16,385880,20609727,53.4,53.6,53.2,53.2,0.0,417,0.8558297351682685,45.7013,45.5301,45.5301,45.8725
2023-05-17,1236449,67051385,53.4,54.7,53.4,54.6,1.4,1047,0.8558297351682685,45.7013,46.7283,45.7013,46.8139
2023-05-18,1046238,57152482,54.6,55.0,54.1,54.5,-0.1,820,0.8558297351682685,46.7283,46.6427,46.3004,47.0706
2023-05-19,530727,28824607,54.9,54.9,54.1,54.1,-0.4,539,0.8558297351682685,46.9851,46.3004,46.3004,46.9851
2023-05-22,502478,27433422,54.2,54.8,54.2,54.7,0.6,442,0.8558297351682685,46.386,46.8139,46.386,46.8995
2023-05-23,470697,25772420,54.8,54.9,54.5,54.8,0.1,430,0.8558297351682685,46.8995,46.8995,46.6427,46.9851
2023-05-24,553982,30280370,54.7,54.9,54.5,54.6,-0.2,519,0.8558297351682685,46.8139,46.7283,46.6427,46.9851
2023-05-25,364145,19849233,54.6,54.9,54.1,54.6,0.0,341,0.8558297351682685,46.7283,46.7283,46.3004,46.9851
2023-05-26,6329994,359554112,54.7,57.9,54.6,57.1,2.5,4339,0.8558297351682685,46.8139,48.8679,46.7283,49.5525
2023-05-29,3607872,206129727,57.2,57.9,56.6,56.9,-0.2,2985,0.8558297351682685,48.9535,48.6967,48.44,49.5525
2023-05-30,1089434,61833395,57.2,57.2,56.4,56.7,-0.2,1106,0.8558297351682685,48.9535,48.5255,48.2688,48.9535
2023-05-31,1239971,70828302,56.6,57.5,56.5,57.5,0.8,1124,0.8558297351682685,48.44,49.2102,48.3544,49.2102
2023-06-01,1046541,60044404,57.4,57.8,57.0,57.2,-0.3,931,0.8558297351682685,49.1246,48.9535,48.7823,49.467
2023-06-02,790003,45174673,57.5,57.5,57.0,57.1,-0.1,695,0.8558297351682685,49.2102,48.8679,48.7823,49.2102
2023-06-05,807526,46128395,57.2,57.3,56.9,57.1,0.0,651,0.8558297351682685,48.9535,48.8679,48.6967,49.039
2023-06-06,809377,46068432,57.3,57.3,56.5,56.9,-0.2,740,0.8558297351682685,49.039,48.6967,48.3544,49.039
2023-06-07,1270519,72970429,56.9,57.7,56.9,57.6,0.7,1105,0.8558297351682685,48.6967,49.2958,48.6967,49.3814
2023-06-08,1493387,84536493,57.3,57.3,56.1,56.2,-1.4,1365,0.8558297351682685,49.039,48.0976,48.012,49.039
2023-06-09,743308,41965102,56.3,56.7,56.3,56.4,0.2,705,0.8558297351682685,48.1832,48.2688,48.1832,48.5255
2023-06-12,747634,42555012,56.8,57.3,56.5,56.8,0.4,573,0.8558297351682685,48.6111,48.6111,48.3544,49.039
2023-06-13,954793,54400359,57.3,57.3,56.7,56.9,0.1,772,0.8558297351682685,49.039,48.6967,48.5255,49.039
2023-06-14,973898,55818748,57.1,57.6,57.0,57.4,0.5,708,0.8558297351682685,48.8679,49.1246,48.7823,49.2958
2023-06-15,849739,48825619,57.5,57.7,57.3,57.5,0.1,632,0.8558297351682685,49.2102,49.2102,49.039,49.3814
2023-06-16,644689,36959776,57.7,57.7,57.1,57.2,-0.3,501,0.8558297351682685,49.3814,48.9535,48.8679,49.3814
2023-06-19,799886,45392059,57.2,57.4,56.4,56.6,-0.6,690,0.8558297351682685,48.9535,48.44,48.2688,49.1246
2023-06-20,694042,38893255,56.5,56.6,55.8,55.9,-0.7,704,0.8558297351682685,48.3544,47.8409,47.7553,48.44
2023-06-21,614853,34405218,55.8,56.3,55.4,56.1,0.2,572,0.8558297351682685,47.7553,48.012,47.413,48.1832
2023-06-26,540532,30422226,56.1,56.6,55.7,56.5,0.4,617,0.8558297351682685,48.012,48.3544,47.6697,48.44
2023-06-27,598603,33764333,56.5,56.7,56.1,56.3,-0.2,545,0.8558297351682685,48.3544,48.1832,48.012,48.5255
2023-06-28,437769,24679575,56.5,56.7,56.1,56.3,0.0,370,0.8558297351682685,48.3544,48.1832,48.012,48.5255
2023-06-29,508437,28830710,56.6,56.9,56.5,56.8,0.5,431,0.8558297351682685,48.44,48.6111,48.3544,48.6967
2023-06-30,1592070,91055965,56.8,57.9,56.5,57.2,0.4,816,0.8558297351682685,48.6111,48.9535,48.3544,49.5525
2023-07-03,1263179,72748779,57.4,57.9,57.3,57.4,0.2,1156,0.8558297351682685,49.1246,49.1246,49.039,49.5525
2023-07-04,588875,33782390,57.5,57.7,57.1,57.5,0.1,495,0.8558297351682685,49.2102,49.2102,48.8679,49.3814
2023-07-05,2596005,151976536,57.6,59.3,57.6,58.4,0.9,1757,0.8558297351682685,49.2958,49.9805,49.2958,50.7507
2023-07-06,1210537,70274913,58.5,58.9,57.4,57.6,-0.8,1135,0.8558297351682685,50.066,49.2958,49.1246,50.4084
2023-07-07,714974,41098669,57.6,58.1,57.0,57.5,-0.1,620,0.8558297351682685,49.2958,49.2102,48.7823,49.7237
2023-07-10,775449,44577129,57.8,58.2,57.0,57.1,-0.4,748,0.8558297351682685,49.467,48.8679,48.7823,49.8093
2023-07-11,792512,45883065,57.3,58.2,57.3,58.0,0.9,652,0.8558297351682685,49.039,49.6381,49.039,49.8093
2023-07-12,539511,31210081,58.1,58.1,57.6,58.0,0.0,953,0.8558297351682685,49.7237,49.6381,49.2958,49.7237
2023-07-13,1400477,82247851,58.1,59.1,58.1,58.5,0.5,1301,0.8558297351682685,49.7237,50.066,49.7237,50.5795
2023-07-14,946657,55796317,58.9,59.3,58.6,59.0,0.5,1052,0.8558297351682685,50.4084,50.494,50.1516,50.7507
2023-07-17,3506931,215255812,59.5,62.4,59.5,62.0,3.0,2817,0.8558297351682685,50.9219,53.0614,50.9219,53.4038
2023-07-18,2410737,147503487,62.0,62.0,60.6,60.7,-1.3,2103,0.8558297351682685,53.0614,51.9489,51.8633,53.0614
2023-07-19,1693921,103108240,61.2,61.7,60.4,60.4,-0.3,1886,0.8558297351682685,52.3768,51.6921,51.6921,52.8047
2023-07-20,2420667,144934676,60.4,61.0,59.5,59.7,-0.7,1969,0.8558297351682685,51.6921,51.093,50.9219,52.2056
2023-07-21,1152053,69418269,59.3,61.0,58.7,60.7,1.0,1038,0.8558297351682685,50.7507,51.9489,50.2372,52.2056
2023-07-24,1581348,96669252,61.0,61.8,60.7,60.9,0.2,1455,0.8558297351682685,52.2056,52.12,51.9489,52.8903
2023-07-25,906127,54705341,60.9,61.4,60.0,60.2,-0.7,885,0.8558297351682685,52.12,51.521,51.3498,52.5479
2023-07-26,771857,46613001,60.4,60.8,60.0,60.1,-0.1,657,0.8558297351682685,51.6921,51.4354,51.3498,52.0344
2023-07-27,1237049,75291067,60.5,61.5,60.2,61.1,1.0,1024,0.8558297351682685,51.7777,52.2912,51.521,52.6335
2023-07-28,2103774,129579164,61.4,62.1,60.7,62.0,0.9,1700,0.8558297351682685,52.5479,53.0614,51.9489,53.147
2023-07-31,3001325,183425704,62.3,62.3,60.4,60.9,-1.1,2136,0.8558297351682685,53.3182,52.12,51.6921,53.3182
2023-08-01,1917893,116334400,61.0,61.2,60.0,60.9,0.0,1312,0.8558297351682685,52.2056,52.12,51.3498,52.3768
2023-08-02,1747730,104655997,60.9,60.9,59.2,59.3,-1.6,1477,0.8558297351682685,52.12,50.7507,50.6651,52.12
2023-08-04,1007982,60534504,59.6,60.6,59.0,60.6,1.3,796,0.8558297351682685,51.0075,51.8633,50.494,51.8633
2023-08-07,1426812,87665830,60.6,61.8,60.5,61.7,1.1,1037,0.8558297351682685,51.8633,52.8047,51.7777,52.8903
2023-08-08,1788019,110923744,61.8,62.4,61.6,62.3,0.6,1784,0.8558297351682685,52.8903,53.3182,52.7191,53.4038
2023-08-09,1700893,105897875,62.4,62.6,61.5,62.5,0.2,1921,0.8558297351682685,53.4038,53.4894,52.6335,53.5749
2023-08-10,1063549,64910963,62.4,62.4,60.6,60.7,-1.8,1320,0.8558297351682685,53.4038,51.9489,51.8633,53.4038
2023-08-11,815023,49543650,60.6,61.2,60.4,61.0,0.3,795,0.8558297351682685,51.8633,52.2056,51.6921,52.3768
2023-08-14,740184,44711013,61.0,61.0,60.1,60.4,-0.6,702,0.8558297351682685,52.2056,51.6921,51.4354,52.2056
2023-08-15,482016,29296937,60.7,61.1,60.5,60.6,0.2,431,0.8558297351682685,51.9489,51.8633,51.7777,52.2912
2023-08-16,1020307,61664661,60.4,60.9,60.1,60.6,0.0,797,0.8558297351682685,51.6921,51.8633,51.4354,52.12
2023-08-17,1845788,110345271,60.6,60.6,59.2,59.9,-0.7,1257,0.8558297351682685,51.8633,51.2642,50.6651,51.8633
2023-08-18,2230071,135012114,60.5,61.5,59.6,59.8,-0.1,1358,0.8558297351682685,51.7777,51.1786,51.0075,52.6335
2023-08-21,2332451,139096783,61.2,61.3,58.7,58.9,-0.9,1551,0.8558297351682685,52.3768,50.4084,50.2372,52.4624
2023-08-22,1705809,101426348,60.5,60.5,58.6,59.2,0.3,999,0.8558297351682685,51.7777,50.6651,50.1516,51.7777
2023-08-23,1602575,95980601,60.0,60.1,59.1,59.9,0.7,909,0.8558297351682685,51.3498,51.2642,50.5795,51.4354
2023-08-24,1621961,97701383,61.0,61.0,59.4,59.7,-0.2,935,0.8558297351682685,52.2056,51.093,50.8363,52.2056
2023-08-25,1462740,87866631,60.2,60.3,59.7,59.8,0.1,805,0.8558297351682685,51.521,51.1786,51.093,51.6065
2023-08-28,3008212,179345364,60.1,60.2,59.1,59.5,-0.3,1636,0.8558297351682685,51.4354,50.9219,50.5795,51.521
2023-08-29,4907835,281094180,55.8,55.9,54.6,55.9,0.0,1147,0.9125783018371322,50.9219,51.0131,49.8268,51.0131
2023-08-30,1170007,65654470,56.4,56.5,55.7,55.8,-0.1,1097,0.9125783018371322,51.4694,50.9219,50.8306,51.5607
2023-08-31,1699057,97423631,55.8,58.0,55.6,58.0,2.2,1459,0.9125783018371322,50.9219,52.9295,50.7394,52.9295
2023-09-01,2431666,143011735,58.0,59.6,58.0,58.3,0.3,2013,0.9125783018371322,52.9295,53.2033,52.9295,54.3897
2023-09-04,832409,48241682,58.6,58.7,57.6,57.7,-0.6,846,0.9125783018371322,53.4771,52.6558,52.5645,53.5683
2023-09-05,449376,25968200,57.7,58.1,57.4,58.1,0.4,527,0.9125783018371322,52.6558,53.0208,52.382,53.0208
2023-09-06,1155618,67661080,58.3,58.8,58.1,58.8,0.7,954,0.9125783018371322,53.2033,53.6596,53.0208,53.6596
2023-09-07,954369,56081975,58.3,59.4,58.3,58.7,-0.1,855,0.9125783018371322,53.2033,53.5683,53.2033,54.2072
2023-09-08,2062762,122428280,58.7,59.8,58.3,59.3,0.6,1601,0.9125783018371322,53.5683,54.1159,53.2033,54.5722
2023-09-11,885924,51990719,59.5,59.7,58.4,58.4,-0.9,887,0.9125783018371322,54.2984,53.2946,53.2946,54.4809
2023-09-12,583965,34002815,58.4,58.6,58.0,58.0,-0.4,652,0.9125783018371322,53.2946,52.9295,52.9295,53.4771
2023-09-13,1044340,60885802,58.2,58.8,57.5,58.1,0.1,963,0.9125783018371322,53.1121,53.0208,52.4733,53.6596
2023-09-14,1054799,60942485,58.5,58.5,57.5,58.1,0.0,952,0.9125783018371322,53.3858,53.0208,52.4733,53.3858
2023-09-15,895268,52294489,58.3,58.7,58.2,58.2,0.1,652,0.9125783018371322,53.2033,53.1121,53.1121,53.5683
2023-09-18,546229,31752345,58.2,58.6,57.6,57.9,-0.3,553,0.9125783018371322,53.1121,52.8383,52.5645,53.4771
2023-09-19,512051,29728086,58.0,58.3,57.8,58.1,0.2,476,0.9125783018371322,52.9295,53.0208,52.747,53.2033
2023-09-20,815245,47007233,58.2,58.3,57.1,57.3,-0.8,755,0.9125783018371322,53.1121,52.2907,52.1082,53.2033
2023-09-21,750354,42640776,57.0,57.2,56.5,56.9,-0.4,698,0.9125783018371322,52.017,51.9257,51.5607,52.1995
2023-09-22,614075,34748554,56.8,57.0,56.0,56.9,0.0,501,0.9125783018371322,51.8344,51.9257,51.1044,52.017
2023-09-25,568538,32189674,56.8,57.1,56.3,56.5,-0.4,709,0.9125783018371322,51.8344,51.5607,51.3782,52.1082
2023-09-26,556974,31309185,56.9,56.9,56.0,56.0,-0.5,473,0.9125783018371322,51.9257,51.1044,51.1044,51.9257
2023-09-27,829968,46119224,55.8,55.8,55.3,55.8,-0.2,768,0.9125783018371322,50.9219,50.9219,50.4656,50.9219
2023-09-28,1013192,56241788,55.9,56.2,55.4,55.4,-0.4,503,0.9125783018371322,51.0131,50.5568,50.5568,51.2869
2023-10-02,390209,21733033,55.4,55.9,55.4,55.8,0.4,427,0.9125783018371322,50.5568,50.9219,50.5568,51.0131
2023-10-03,450162,25222690,55.8,56.5,55.8,55.9,0.1,454,0.9125783018371322,50.9219,51.0131,50.9219,51.5607
2023-10-04,419173,23265448,55.9,55.9,55.2,55.7,-0.2,474,0.9125783018371322,51.0131,50.8306,50.3743,51.0131
2023-10-05,387931,21630769,55.6,56.1,55.6,55.6,-0.1,435,0.9125783018371322,50.7394,50.7394,50.7394,51.1956
2023-10-06,541637,30036754,55.7,55.8,55.2,55.3,-0.3,533,0.9125783018371322,50.8306,50.4656,50.3743,50.9219
2023-10-11,2081314,112957982,55.5,55.9,54.0,54.0,-1.3,1609,0.9125783018371322,50.6481,49.2792,49.2792,51.0131
2023-10-12,715711,39015165,54.3,54.9,54.2,54.8,0.8,666,0.9125783018371322,49.553,50.0093,49.4617,50.1005
2023-10-13,688212,38107124,54.8,55.9,54.8,55.6,0.8,765,0.9125783018371322,50.0093,50.7394,50.0093,51.0131
2023-10-16,1038289,58647880,56.0,56.8,55.8,56.6,1.0,1063,0.9125783018371322,51.1044,51.6519,50.9219,51.8344
2023-10-17,1378661,78532435,56.7,57.7,56.4,56.6,0.0,1220,0.9125783018371322,51.7432,51.6519,51.4694,52.6558
2023-10-18,3474344,200469209,57.1,58.4,56.1,58.4,1.8,1358,0.9125783018371322,52.1082,53.2946,51.1956,53.2946
2023-10-19,906368,52297066,57.7,58.1,57.2,57.7,-0.7,810,0.9125783018371322,52.6558,52.6558,52.1995,53.0208
2023-10-20,1500117,87314658,57.7,58.6,57.5,58.6,0.9,1238,0.9125783018371322,52.6558,53.4771,52.4733,53.4771
2023-10-23,875056,51432079,58.3,59.2,58.3,58.8,0.2,815,0.9125783018371322,53.2033,53.6596,53.2033,54.0246
2023-10-24,1594788,94596249,58.9,59.5,58.9,59.5,0.7,1207,0.9125783018371322,53.7509,54.2984,53.7509,54.2984
2023-10-25,785858,46210335,59.7,59.7,58.3,58.4,-1.1,1400,0.9125783018371322,54.4809,53.2946,53.2033,54.4809
2023-10-26,666691,38761203,58.2,58.8,57.6,58.3,-0.1,562,0.9125783018371322,53.1121,53.2033,52.5645,53.6596
2023-10-27,372507,21716512,58.3,58.8,58.0,58.1,-0.2,355,0.9125783018371322,53.2033,53.0208,52.9295,53.6596
2023-10-30,548276,31828972,58.1,58.3,57.6,58.1,0.0,486,0.9125783018371322,53.0208,53.0208,52.5645,53.2033
2023-10-31,740657,43100195,58.3,58.6,57.8,58.2,0.1,891,0.9125783018371322,53.2033,53.1121,52.747,53.4771
2023-11-01,696802,40041536,58.2,58.2,57.2,57.3,-0.9,1049,0.9125783018371322,53.1121,52.2907,52.1995,53.1121
2023-11-02,518060,30036476,57.4,58.3,57.4,58.3,1.0,369,0.9125783018371322,52.382,53.2033,52.382,53.2033
2023-11-03,595253,34444509,58.4,58.5,57.6,57.8,-0.5,495,0.9125783018371322,53.2946,52.747,52.5645,53.3858
2023-11-06,310366,18018413,57.9,58.3,57.9,58.0,0.2,331,0.9125783018371322,52.8383,52.9295,52.8383,53.2033
2023-11-07,488399,28515062,58.6,59.4,58.1,58.3,0.3,452,0.9125783018371322,53.4771,53.2033,53.0208,54.2072
2023-11-08,324610,18962349,58.5,58.8,58.3,58.5,0.2,334,0.9125783018371322,53.3858,53.3858,53.2033,53.6596
2023-11-09,348591,20348168,58.4,58.6,58.1,58.3,-0.2,272,0.9125783018371322,53.2946,53.2033,53.0208,53.4771
2023-11-10,579433,33167868,57.7,57.9,55.9,57.5,-0.8,618,0.9125783018371322,52.6558,52.4733,51.0131,52.8383
2023-11-13,320682,18451649,57.6,58.0,57.3,57.5,0.0,353,0.9125783018371322,52.5645,52.4733,52.2907,52.9295
2023-11-14,318613,18452702,57.7,58.3,57.6,58.0,0.5,314,0.9125783018371322,52.6558,52.9295,52.5645,53.2033
2023-11-15,717153,41684931,58.4,58.8,57.6,58.3,0.3,646,0.9125783018371322,53.2946,53.2033,52.5645,53.6596
2023-11-16,430550,25137397,58.9,58.9,58.2,58.2,-0.1,389,0.9125783018371322,53.7509,53.1121,53.1121,53.7509
2023-11-17,500261,29232503,58.2,58.6,58.1,58.3,0.1,452,0.9125783018371322,53.1121,53.2033,53.0208,53.4771
2023-11-20,350045,20493257,58.3,58.7,58.3,58.5,0.2,501,0.9125783018371322,53.2033,53.3858,53.2033,53.5683
2023-11-21,1068619,63177271,58.7,59.3,58.7,59.2,0.7,953,0.9125783018371322,53.5683,54.0246,53.5683,54.1159
2023-11-22,891770,52936337,59.3,59.7,58.9,59.6,0.4,978,0.9125783018371322,54.1159,54.3897,53.7509,54.4809
2023-11-23,581209,34548814,59.8,59.8,59.2,59.4,-0.2,878,0.9125783018371322,54.5722,54.2072,54.0246,54.5722
2023-11-24,430669,25460128,59.4,59.4,58.9,59.0,-0.4,519,0.9125783018371322,54.2072,53.8421,53.7509,54.2072
2023-11-27,474428,27916998,59.0,59.3,58.7,58.7,-0.3,559,0.9125783018371322,53.8421,53.5683,53.5683,54.1159
2023-11-28,955334,56688396,58.7,59.7,58.7,59.4,0.7,761,0.9125783018371322,53.5683,54.2072,53.5683,54.4809
2023-11-29,924761,55185714,59.4,60.0,59.4,59.9,0.5,810,0.9125783018371322,54.2072,54.6634,54.2072,54.7547
2023-11-30,1613346,97339233,60.0,60.7,59.7,60.3,0.4,1262,0.9125783018371322,54.7547,55.0285,54.4809,55.3935
2023-12-01,633061,38182856,60.2,60.6,60.1,60.4,0.1,1085,0.9125783018371322,54.9372,55.1197,54.846,55.3022
2023-12-04,603584,36399009,60.6,60.6,60.0,60.3,-0.1,619,0.9125783018371322,55.3022,55.0285,54.7547,55.3022
2023-12-05,583731,34972877,60.3,60.3,59.7,60.1,-0.2,590,0.9125783018371322,55.0285,54.846,54.4809,55.0285
2023-12-06,552411,33079365,60.4,60.4,59.7,59.9,-0.2,594,0.9125783018371322,55.1197,54.6634,54.4809,55.1197
2023-12-07,399418,23909275,59.8,60.1,59.7,59.8,-0.1,377,0.9125783018371322,54.5722,54.5722,54.4809,54.846
2023-12-08,1414149,86022248,60.0,61.3,60.0,61.3,1.5,1141,0.9125783018371322,54.7547,55.941,54.7547,55.941
2023-12-11,934583,57294616,61.4,61.7,60.9,61.2,-0.1,1216,0.9125783018371322,56.0323,55.8498,55.576,56.3061
2023-12-12,1609100,99156555,61.4,62.0,61.3,61.5,0.3,1404,0.9125783018371322,56.0323,56.1236,55.941,56.5799
2023-12-13,683251,42014551,61.5,61.9,61.2,61.9,0.4,688,0.9125783018371322,56.1236,56.4886,55.8498,56.4886
2023-12-14,2651673,166945108,63.0,63.6,62.3,63.0,1.1,2419,0.9125783018371322,57.4924,57.4924,56.8536,58.04
2023-12-15,2915826,187159077,64.0,65.3,63.3,63.5,0.5,3114,0.9125783018371322,58.405,57.9487,57.7662,59.5914
2023-12-18,1131885,71233681,63.9,64.0,62.4,63.0,-0.5,1831,0.9125783018371322,58.3138,57.4924,56.9449,58.405
2023-12-19,1066825,66074754,62.5,62.6,61.6,61.8,-1.2,1792,0.9125783018371322,57.0361,56.3973,56.2148,57.1274
2023-12-20,675032,41691334,62.0,62.1,61.6,61.7,-0.1,1545,0.9125783018371322,56.5799,56.3061,56.2148,56.6711
2023-12-21,579612,35522532,61.5,61.7,60.9,61.2,-0.5,600,0.9125783018371322,56.1236,55.8498,55.576,56.3061
2023-12-22,824178,49978369,61.6,61.6,60.0,60.1,-1.1,861,0.9125783018371322,56.2148,54.846,54.7547,56.2148
2023-12-25,606748,36394612,60.1,60.4,59.8,59.8,-0.3,460,0.9125783018371322,54.846,54.5722,54.5722,55.1197
2023-12-26,494924,29958757,60.0,60.8,59.9,60.7,0.9,665,0.9125783018371322,54.7547,55.3935,54.6634,55.4848
2023-12-27,1319022,81915283,61.3,62.6,61.3,62.0,1.3,1219,0.9125783018371322,55.941,56.5799,55.941,57.1274
2023-12-28,516316,31976104,62.5,62.5,61.6,61.7,-0.3,505,0.9125783018371322,57.0361,56.3061,56.2148,57.0361
2023-12-29,421919,25871299,62.1,62.1,61.1,61.2,-0.5,443,0.9125783018371322,56.6711,55.8498,55.7585,56.6711
2024-01-02,396162,23981856,61.2,61.2,60.2,60.6,-0.6,487,0.9125783018371322,55.8498,55.3022,54.9372,55.8498
2024-01-03,357225,21484624,60.5,60.5,60.0,60.2,-0.4,411,0.9125783018371322,55.211,54.9372,54.7547,55.211
2024-01-04,404803,24290914,60.1,60.4,59.8,59.9,-0.3,440,0.9125783018371322,54.846,54.6634,54.5722,55.1197
2024-01-05,731411,43537217,59.9,60.1,59.0,59.2,-0.7,821,0.9125783018371322,54.6634,54.0246,53.8421,54.846
2024-01-08,551815,32639749,59.2,59.6,58.8,59.0,-0.2,567,0.9125783018371322,54.0246,53.8421,53.6596,54.3897
2024-01-09,363136,21400186,59.6,59.6,58.6,58.9,-0.1,366,0.9125783018371322,54.3897,53.7509,53.4771,54.3897
2024-01-10,344278,20250145,58.6,59.0,58.6,59.0,0.1,378,0.9125783018371322,53.4771,53.8421,53.4771,53.8421
2024-01-11,786763,46717517,59.0,59.8,58.6,59.3,0.3,746,0.9125783018371322,53.8421,54.1159,53.4771,54.5722
2024-01-12,514971,30611024,60.5,60.5,59.1,59.1,-0.2,483,0.9125783018371322,55.211,53.9334,53.9334,55.211
2024-01-15,275517,16351109,59.2,59.6,59.2,59.2,0.1,309,0.9125783018371322,54.0246,54.0246,54.0246,54.3897
2024-01-16,745438,43503443,58.7,58.8,58.1,58.1,-1.1,869,0.9125783018371322,53.5683,53.0208,53.0208,53.6596
2024-01-17,837032,48413294,57.9,58.3,57.5,57.7,-0.4,882,0.9125783018371322,52.8383,52.6558,52.4733,53.2033
2024-01-18,246582,14300789,57.7,58.4,57.5,58.3,0.6,292,0.9125783018371322,52.6558,53.2033,52.4733,53.2946
2024-01-19,377945,22074540,58.2,58.7,58.2,58.4,0.1,524,0.9125783018371322,53.1121,53.2946,53.1121,53.5683
2024-01-22,268276,15867076,58.6,59.3,58.6,59.2,0.8,287,0.9125783018371322,53.4771,54.0246,53.4771,54.1159
2024-01-23,309862,18341955,58.8,59.5,58.8,59.0,-0.2,313,0.9125783018371322,53.6596,53.8421,53.6596,54.2984
2024-01-24,235086,13898951,59.0,59.4,59.0,59.0,0.0,263,0.9125783018371322,53.8421,53.8421,53.8421,54.2072
2024-01-25,457647,27330001,59.1,59.9,59.1,59.8,0.8,645,0.9125783018371322,53.9334,54.5722,53.9334,54.6634
2024-01-26,352403,21065356,59.5,60.2,59.1,59.6,-0.2,473,0.9125783018371322,54.2984,54.3897,53.9334,54.9372
2024-01-29,232571,13834386,60.0,60.0,59.2,59.2,-0.4,611,0.9125783018371322,54.7547,54.0246,54.0246,54.7547
2024-01-30,349132,20646307,59.6,59.8,58.8,58.8,-0.4,390,0.9125783018371322,54.3897,53.6596,53.6596,54.5722
2024-01-31,498660,29715227,59.1,60.2,59.0,59.3,0.5,541,0.9125783018371322,53.9334,54.1159,53.8421,54.9372
2024-02-01,277518,16536562,59.4,59.7,59.3,59.5,0.2,327,0.9125783018371322,54.2072,54.2984,54.1159,54.4809
2024-02-02,338291,20166860,59.6,59.8,59.5,59.5,0.0,314,0.9125783018371322,54.3897,54.2984,54.2984,54.5722
2024-02-05,485924,28603873,59.4,59.4,58.6,58.7,-0.8,561,0.9125783018371322,54.2072,53.5683,53.4771,54.2072
2024-02-15,693117,41098386,58.9,59.7,58.9,59.5,0.8,716,0.9125783018371322,53.7509,54.2984,53.7509,54.4809
2024-02-16,842505,50801595,59.5,60.6,59.5,60.4,0.9,846,0.9125783018371322,54.2984,55.1197,54.2984,55.3022
2024-02-19,806839,48773773,60.5,60.9,60.2,60.3,-0.1,758,0.9125783018371322,55.211,55.0285,54.9372,55.576
2024-02-20,482928,29082276,60.4,60.5,60.0,60.0,-0.3,611,0.9125783018371322,55.1197,54.7547,54.7547,55.211
2024-02-21,566431,34117764,60.1,60.5,60.0,60.5,0.5,521,0.9125783018371322,54.846,55.211,54.7547,55.211
2024-02-22,769398,46649010,60.6,60.8,60.4,60.7,0.2,626,0.9125783018371322,55.3022,55.3935,55.1197,55.4848
2024-02-23,1311822,80144831,61.0,61.8,60.7,60.9,0.2,1059,0.9125783018371322,55.6673,55.576,55.3935,56.3973
2024-02-26,704214,42645978,60.9,61.0,60.2,60.5,-0.4,954,0.9125783018371322,55.576,55.211,54.9372,55.6673
2024-02-27,701168,42113643,60.4,60.7,59.7,59.8,-0.7,618,0.9125783018371322,55.1197,54.5722,54.4809,55.3935
2024-02-29,498905,29862751,59.7,60.1,59.6,59.8,0.0,469,0.9125783018371322,54.4809,54.5722,54.3897,54.846
2024-03-01,371833,22305535,59.8,60.2,59.8,60.0,0.2,362,0.9125783018371322,54.5722,54.7547,54.5722,54.9372
2024-03-04,712801,43086257,59.9,60.8,59.9,60.4,0.4,657,0.9125783018371322,54.6634,55.1197,54.6634,55.4848
2024-03-05,884870,53875942,60.6,61.2,60.5,61.1,0.7,879,0.9125783018371322,55.3022,55.7585,55.211,55.8498
2024-03-06,1030584,62665483,61.1,61.1,60.5,61.0,-0.1,1339,0.9125783018371322,55.7585,55.6673,55.211,55.7585
2024-03-07,1496512,91630464,61.2,61.9,60.9,61.0,0.0,1330,0.9125783018371322,55.8498,55.6673,55.576,56.4886
2024-03-08,16333422,1068570984,62.6,67.1,62.3,63.4,2.4,9837,0.9125783018371322,57.1274,57.8575,56.8536,61.234
2024-03-11,4222405,270147032,63.9,64.8,62.8,64.6,1.2,3588,0.9125783018371322,58.3138,58.9526,57.3099,59.1351
2024-03-12,2326019,150261355,64.8,65.6,64.0,64.2,-0.4,2406,0.9125783018371322,59.1351,58.5875,58.405,59.8651
2024-03-13,1532106,98155950,64.5,65.0,63.5,64.3,0.1,1434,0.9125783018371322,58.8613,58.6788,57.9487,59.3176
2024-03-14,1500982,95379924,64.7,64.7,63.1,63.3,-1.0,1484,0.9125783018371322,59.0438,57.7662,57.5837,59.0438
2024-03-15,1635450,102309125,63.1,63.3,62.1,62.3,-1.0,1580,0.9125783018371322,57.5837,56.8536,56.6711,57.7662
2024-03-18,756188,47482068,62.9,63.2,62.3,63.0,0.7,903,0.9125783018371322,57.4012,57.4924,56.8536,57.6749
2024-03-19,1442054,92325254,62.8,64.4,62.7,64.2,1.2,1862,0.9125783018371322,57.3099,58.5875,57.2187,58.77
2024-03-20,1477489,95465847,64.0,65.1,64.0,64.3,0.1,1968,0.9125783018371322,58.405,58.6788,58.405,59.4088
2024-03-21,1232115,79497489,64.9,64.9,64.2,64.5,0.2,1570,0.9125783018371322,59.2263,58.8613,58.5875,59.2263
2024-03-22,1158409,74576889,64.9,65.5,63.8,63.9,-0.6,2024,0.9125783018371322,59.2263,58.3138,58.2225,59.7739
2024-03-25,899817,57283561,64.0,64.5,63.1,63.2,-0.7,855,0.9125783018371322,58.405,57.6749,57.5837,58.8613
2024-03-26,1372519,85553385,63.6,63.6,61.6,62.2,-1.0,1136,0.9125783018371322,58.04,56.7624,56.2148,58.04
2024-03-27,750774,46748895,62.2,62.8,61.9,62.8,0.6,813,0.9125783018371322,56.7624,57.3099,56.4886,57.3099
2024-03-28,588000,36671125,62.9,63.0,62.1,62.3,-0.5,907,0.9125783018371322,57.4012,56.8536,56.6711,57.4924
2024-03-29,1261543,77923183,62.3,62.6,61.3,61.7,-0.6,1040,0.9125783018371322,56.8536,56.3061,55.941,57.1274
2024-04-01,842910,52539380,61.8,62.7,61.8,62.7,1.0,837,0.9125783018371322,56.3973,57.2187,56.3973,57.2187
2024-04-02,619114,38967920,62.8,63.2,62.6,63.2,0.5,582,0.9125783018371322,57.3099,57.6749,57.1274,57.6749
2024-04-03,481832,30117104,63.0,63.1,62.2,62.4,-0.8,1279,0.9125783018371322,57.4924,56.9449,56.7624,57.5837
2024-04-08,979781,62015496,62.8,63.7,62.6,63.2,0.8,1288,0.9125783018371322,57.3099,57.6749,57.1274,58.1312
2024-04-09,804798,51072240,63.4,63.7,63.2,63.3,0.1,868,0.9125783018371322,57.8575,57.7662,57.6749,58.1312
2024-04-10,582249,37076255,63.9,63.9,63.3,63.5,0.2,558,0.9125783018371322,58.3138,57.9487,57.7662,58.3138
2024-04-11,821007,51387101,63.2,63.4,62.3,62.4,-1.1,706,0.9125783018371322,57.6749,56.9449,56.8536,57.8575
2024-04-12,584486,36432116,62.5,62.7,62.0,62.4,0.0,528,0.9125783018371322,57.0361,56.9449,56.5799,57.2187
2024-04-15,668514,41370096,62.4,62.4,61.6,62.0,-0.4,631,0.9125783018371322,56.9449,56.5799,56.2148,56.9449
2024-04-16,1327860,80925620,61.8,61.8,60.5,60.7,-1.3,1285,0.9125783018371322,56.3973,55.3935,55.211,56.3973
2024-04-17,634855,38822934,60.7,61.5,60.6,61.2,0.5,563,0.9125783018371322,55.3935,55.8498,55.3022,56.1236
2024-04-18,978617,59575114,61.3,61.3,60.3,60.7,-0.5,938,0.9125783018371322,55.941,55.3935,55.0285,55.941
2024-04-19,1986066,117936632,60.5,60.5,58.6,59.0,-1.7,1870,0.9125783018371322,55.211,53.8421,53.4771,55.211
2024-04-22,1312145,78285447,59.0,60.1,58.5,59.6,0.6,1107,0.9125783018371322,53.8421,54.3897,53.3858,54.846
2024-04-23,746899,44862110,60.4,60.4,59.8,60.2,0.6,574,0.9125783018371322,55.1197,54.9372,54.5722,55.1197
2024-04-24,582275,35270804,60.4,60.9,60.3,60.5,0.3,524,0.9125783018371322,55.1197,55.211,55.0285,55.576
2024-04-25,462883,28000887,60.5,61.0,60.2,60.2,-0.3,547,0.9125783018371322,55.211,54.9372,54.9372,55.6673
2024-04-26,1230745,74109264,60.3,60.9,60.0,60.0,-0.2,539,0.9125783018371322,55.0285,54.7547,54.7547,55.576
2024-04-29,902060,55223802,60.1,61.5,60.1,61.5,1.5,631,0.9125783018371322,54.846,56.1236,54.846,56.1236
2024-04-30,546332,33428976,61.6,61.6,61.0,61.0,-0.5,630,0.9125783018371322,56.2148,55.6673,55.6673,56.2148
2024-05-02,496351,30338803,61.0,61.4,60.6,61.4,0.4,393,0.9125783018371322,55.6673,56.0323,55.3022,56.0323
2024-05-03,513511,31516784,62.4,62.4,61.0,61.0,-0.4,475,0.9125783018371322,56.9449,55.6673,55.6673,56.9449
2024-05-06,923958,57302944,62.0,62.7,61.5,61.7,0.7,872,0.9125783018371322,56.5799,56.3061,56.1236,57.2187
2024-05-07,713195,44089792,61.9,62.2,61.3,62.1,0.4,630,0.9125783018371322,56.4886,56.6711,55.941,56.7624
2024-05-08,1341828,84111643,62.4,63.0,62.0,62.9,0.8,1037,0.9125783018371322,56.9449,57.4012,56.5799,57.4924
2024-05-09,727302,45626236,63.4,63.5,62.3,62.5,-0.4,1018,0.9125783018371322,57.8575,57.0361,56.8536,57.9487
2024-05-10,713557,44466807,62.6,62.7,61.8,62.4,-0.1,631,0.9125783018371322,57.1274,56.9449,56.3973,57.2187
2024-05-13,539184,33501926,62.7,62.7,61.9,62.2,-0.2,444,0.9125783018371322,57.2187,56.7624,56.4886,57.2187
2024-05-14,498278,30872893,62.1,62.2,61.8,61.9,-0.3,442,0.9125783018371322,56.6711,56.4886,56.3973,56.7624
2024-05-15,676157,42075051,62.0,62.6,61.9,62.3,0.4,607,0.9125783018371322,56.5799,56.8536,56.4886,57.1274
2024-05-16,1079120,67492463,62.6,63.0,62.1,62.6,0.3,837,0.9125783018371322,57.1274,57.1274,56.6711,57.4924
2024-05-17,663344,41506602,62.5,62.9,62.1,62.8,0.2,1232,0.9125783018371322,57.0361,57.3099,56.6711,57.4012
2024-05-20,805235,50481328,63.0,63.1,62.4,62.5,-0.3,859,0.9125783018371322,57.4924,57.0361,56.9449,57.5837
2024-05-21,485201,30291120,62.5,62.6,62.3,62.4,-0.1,322,0.9125783018371322,57.0361,56.9449,56.8536,57.1274
2024-05-22,494602,30936710,62.4,62.7,62.4,62.4,0.0,436,0.9125783018371322,56.9449,56.9449,56.9449,57.2187
2024-05-23,806877,50162867,62.2,62.5,61.9,62.0,-0.4,609,0.9125783018371322,56.7624,56.5799,56.4886,57.0361
2024-05-24,779681,48175989,61.9,62.0,61.4,61.9,-0.1,666,0.9125783018371322,56.4886,56.4886,56.0323,56.5799
2024-05-27,843401,52632703,61.8,62.8,61.8,62.4,0.5,677,0.9125783018371322,56.3973,56.9449,56.3973,57.3099
2024-05-28,944296,59430014,62.4,63.2,62.4,63.0,0.6,830,0.9125783018371322,56.9449,57.4924,56.9449,57.6749
2024-05-29,1605771,102032765,63.4,63.8,63.0,63.8,0.8,1360,0.9125783018371322,57.8575,58.2225,57.4924,58.2225
2024-05-30,897893,56684431,63.7,63.7,62.6,62.9,-0.9,1398,0.9125783018371322,58.1312,57.4012,57.1274,58.1312
2024-05-31,538232,33897195,63.2,63.2,62.7,63.1,0.2,666,0.9125783018371322,57.6749,57.5837,57.2187,57.6749
2024-06-03,427077,26885401,63.1,63.6,62.7,63.0,-0.1,726,0.9125783018371322,57.5837,57.4924,57.2187,58.04
2024-06-04,634646,40177293,63.0,63.5,62.8,63.3,0.3,544,0.9125783018371322,57.4924,57.7662,57.3099,57.9487
2024-06-05,498152,31315019,63.5,63.6,62.6,62.7,-0.6,1070,0.9125783018371322,57.9487,57.2187,57.1274,58.04
2024-06-06,570282,35818574,62.7,63.2,62.5,62.6,-0.1,484,0.9125783018371322,57.2187,57.1274,57.0361,57.6749
2024-06-07,942957,58719899,62.5,62.6,62.0,62.2,-0.4,1093,0.9125783018371322,57.0361,56.7624,56.5799,57.1274
2024-06-11,598721,37231426,62.3,62.5,61.8,62.2,0.0,560,0.9125783018371322,56.8536,56.7624,56.3973,57.0361
2024-06-12,488941,30346561,62.1,62.5,61.8,62.2,0.0,418,0.9125783018371322,56.6711,56.7624,56.3973,57.0361
2024-06-13,716835,44865760,62.2,62.8,62.2,62.7,0.5,590,0.9125783018371322,56.7624,57.2187,56.7624,57.3099
2024-06-14,514871,32150660,62.7,63.0,62.2,62.2,-0.5,580,0.9125783018371322,57.2187,56.7624,56.7624,57.4924
2024-06-17,371719,23115373,62.4,62.4,62.0,62.1,-0.1,411,0.9125783018371322,56.9449,56.6711,56.5799,56.9449
2024-06-18,446927,27829401,62.4,62.4,62.1,62.3,0.2,416,0.9125783018371322,56.9449,56.8536,56.6711,56.9449
2024-06-19,907559,57013266,62.3,62.8,62.2,62.2,-0.1,726,0.9125783018371322,56.8536,56.7624,56.7624,57.3099
2024-06-20,1330655,84327759,62.7,63.7,62.5,63.7,1.5,1156,0.9125783018371322,57.2187,58.1312,57.0361,58.1312
2024-06-21,951029,60571428,63.7,64.1,63.2,64.1,0.4,811,0.9125783018371322,58.1312,58.4963,57.6749,58.4963
2024-06-24,671628,42561274,64.1,64.1,63.1,63.1,-1.0,1689,0.9125783018371322,58.4963,57.5837,57.5837,58.4963
2024-06-25,402115,25241546,63.7,63.7,62.3,63.0,-0.1,395,0.9125783018371322,58.1312,57.4924,56.8536,58.1312
2024-06-26,1815656,115194236,63.5,64.3,62.7,63.4,0.4,1376,0.9125783018371322,57.9487,57.8575,57.2187,58.6788
2024-06-27,445423,27963143,63.1,63.1,62.6,62.7,-0.7,882,0.9125783018371322,57.5837,57.2187,57.1274,57.5837
2024-06-28,460348,28895759,62.7,63.0,62.5,62.9,0.2,460,0.9125783018371322,57.2187,57.4012,57.0361,57.4924
2024-07-01,623171,38886543,62.7,62.8,62.2,62.4,-0.5,634,0.9125783018371322,57.2187,56.9449,56.7624,57.3099
2024-07-02,974861,60431294,62.4,62.4,61.7,61.8,-0.6,745,0.9125783018371322,56.9449,56.3973,56.3061,56.9449
2024-07-03,505627,31380425,62.0,62.3,61.8,62.1,0.3,396,0.9125783018371322,56.5799,56.6711,56.3973,56.8536
2024-07-04,712311,44610131,62.2,62.9,62.2,62.7,0.6,627,0.9125783018371322,56.7624,57.2187,56.7624,57.4012
2024-07-05,341750,21414949,62.8,62.9,62.5,62.7,0.0,586,0.9125783018371322,57.3099,57.2187,57.0361,57.4012
2024-07-08,1136730,71753421,62.7,63.3,62.6,63.3,0.6,786,0.9125783018371322,57.2187,57.7662,57.1274,57.7662
2024-07-09,871847,54970231,63.5,63.9,62.5,63.2,-0.1,882,0.9125783018371322,57.9487,57.6749,57.0361,58.3138
2024-07-10,794250,49707306,63.2,63.4,62.4,62.4,-0.8,764,0.9125783018371322,57.6749,56.9449,56.9449,57.8575
2024-07-11,672631,42166616,62.6,63.0,62.3,62.6,0.2,474,0.9125783018371322,57.1274,57.1274,56.8536,57.4924
2024-07-12,555635,34706138,62.6,62.7,62.2,62.7,0.1,453,0.9125783018371322,57.1274,57.2187,56.7624,57.2187
2024-07-15,1025547,64842884,63.0,63.6,62.6,63.6,0.9,681,0.9125783018371322,57.4924,58.04,57.1274,58.04
2024-07-16,956532,60777086,63.7,63.9,63.2,63.6,0.0,854,0.9125783018371322,58.1312,58.04,57.6749,58.3138
2024-07-17,2283610,147252628,63.8,64.8,63.8,64.5,0.9,2137,0.9125783018371322,58.2225,58.8613,58.2225,59.1351
2024-07-18,2495415,160747862,64.5,65.0,63.6,64.6,0.1,2428,0.9125783018371322,58.8613,58.9526,58.04,59.3176
2024-07-19,1990070,125606044,64.5,64.5,62.5,62.8,-1.8,1877,0.9125783018371322,58.8613,57.3099,57.0361,58.8613
2024-07-22,1791396,110215831,62.6,62.6,60.7,61.4,-1.4,1336,0.9125783018371322,57.1274,56.0323,55.3935,57.1274
2024-07-23,872002,54035293,61.8,62.4,61.6,62.0,0.6,732,0.9125783018371322,56.3973,56.5799,56.2148,56.9449
2024-07-26,1738129,107766682,60.8,63.0,60.5,62.9,0.9,1287,0.9125783018371322,55.4848,57.4012,55.211,57.4924
2024-07-29,1001172,61938594,63.0,63.0,61.2,61.2,-1.7,1062,0.9125783018371322,57.4924,55.8498,55.8498,57.4924
2024-07-30,1192036,72358232,61.2,61.3,60.3,60.7,-0.5,1061,0.9125783018371322,55.8498,55.3935,55.0285,55.941
2024-07-31,987599,60960183,61.5,62.2,61.1,61.7,1.0,911,0.9125783018371322,56.1236,56.3061,55.7585,56.7624
2024-09-02,388620,23252449,60.1,60.2,59.7,59.8,-0.3,347,0.9504132231404959,57.1198,56.8347,56.7397,57.2149
2024-09-03,513517,30498597,59.8,59.8,59.2,59.3,-0.5,483,0.9504132231404959,56.8347,56.3595,56.2645,56.8347
2024-09-04,1521196,87242737,57.5,58.0,56.5,57.2,-2.1,1536,0.9504132231404959,54.6488,54.3636,53.6983,55.124
2024-09-05,912583,52285355,57.5,58.0,56.8,56.9,-0.3,824,0.9504132231404959,54.6488,54.0785,53.9835,55.124
2024-09-06,543212,30942690,57.3,57.3,56.7,57.0,0.1,486,0.9504132231404959,54.4587,54.1736,53.8884,54.4587
2024-09-09,740151,41737621,56.3,56.9,56.1,56.9,-0.1,741,0.9504132231404959,53.5083,54.0785,53.3182,54.0785
2024-09-10,639773,36177239,57.0,57.1,56.1,56.7,-0.2,703,0.9504132231404959,54.1736,53.8884,53.3182,54.2686
2024-09-11,1128148,63379989,56.8,56.8,56.0,56.1,-0.6,856,0.9504132231404959,53.9835,53.3182,53.2231,53.9835
2024-09-12,1025470,58004852,56.7,57.0,56.0,56.8,0.7,649,0.9504132231404959,53.8884,53.9835,53.2231,54.1736
2024-09-13,730503,41611888,57.2,57.2,56.7,57.1,0.3,503,0.9504132231404959,54.3636,54.2686,53.8884,54.3636
2024-09-16,839441,48151677,57.4,57.8,57.0,57.7,0.6,543,0.9504132231404959,54.5537,54.8388,54.1736,54.9339
2024-09-18,543963,31241381,57.7,57.9,57.1,57.3,-0.4,870,0.9504132231404959,54.8388,54.4587,54.2686,55.0289
2024-09-19,635858,36623507,57.3,58.2,57.0,57.6,0.3,537,0.9504132231404959,54.4587,54.7438,54.1736,55.314
2024-09-20,985169,56806047,58.0,58.2,57.3,57.6,0.0,699,0.9504132231404959,55.124,54.7438,54.4587,55.314
2024-09-23,428878,24877529,58.2,58.2,57.8,58.0,0.4,557,0.9504132231404959,55.314,55.124,54.9339,55.314
2024-09-24,533644,30809869,58.0,58.2,57.4,57.7,-0.3,350,0.9504132231404959,55.124,54.8388,54.5537,55.314
2024-09-25,691623,40322616,58.0,58.5,57.8,58.3,0.6,620,0.9504132231404959,55.124,55.4091,54.9339,55.5992
2024-09-26,536742,31232423,58.6,58.6,57.8,57.8,-0.5,466,0.9504132231404959,55.6942,54.9339,54.9339,55.6942
2024-09-27,1267395,74661648,58.5,59.5,58.1,59.4,1.6,854,0.9504132231404959,55.5992,56.4545,55.219,56.5496
2024-09-30,380986,22338708,59.0,59.0,58.4,58.5,-0.9,406,0.9504132231404959,56.0744,55.5992,55.5041,56.0744
2024-10-01,554945,32256596,58.8,58.8,57.9,58.1,-0.4,525,0.9504132231404959,55.8843,55.219,55.0289,55.8843
2024-10-04,599312,34622655,58.1,58.2,57.5,57.9,-0.2,492,0.9504132231404959,55.219,55.0289,54.6488,55.314
2024-10-07,754866,44066353,57.9,58.9,57.9,58.5,0.6,635,0.9504132231404959,55.0289,55.5992,55.0289,55.9793
2024-10-08,384241,22229475,58.2,58.3,57.6,57.9,-0.6,438,0.9504132231404959,55.314,55.0289,54.7438,55.4091
2024-10-09,473319,27366535,57.9,58.2,57.6,57.6,-0.3,385,0.9504132231404959,55.0289,54.7438,54.7438,55.314
2024-10-11,339996,19732133,57.8,58.4,57.7,58.3,0.7,381,0.9504132231404959,54.9339,55.4091,54.8388,55.5041
2024-10-14,434021,25189821,58.3,58.3,57.8,58.3,0.0,464,0.9504132231404959,55.4091,55.4091,54.9339,55.4091
2024-10-15,438642,25572430,58.3,58.5,57.8,58.4,0.1,381,0.9504132231404959,55.4091,55.5041,54.9339,55.5992
2024-10-16,1571458,91570014,58.1,58.5,57.7,58.5,0.1,659,0.9504132231404959,55.219,55.5992,54.8388,55.5992
2024-10-17,451894,26346504,58.5,58.6,58.1,58.3,-0.2,414,0.9504132231404959,55.5992,55.4091,55.219,55.6942
2024-10-18,448867,26194268,58.4,58.8,58.1,58.2,-0.1,475,0.9504132231404959,55.5041,55.314,55.219,55.8843
2024-10-21,561903,32886637,58.8,58.8,58.1,58.7,0.5,434,0.9504132231404959,55.8843,55.7893,55.219,55.8843
2024-10-22,451244,26542154,58.7,59.0,58.4,58.9,0.2,670,0.9504132231404959,55.7893,55.9793,55.5041,56.0744
2024-10-23,537065,31624524,59.1,59.2,58.5,58.5,-0.4,606,0.9504132231404959,56.1694,55.5992,55.5992,56.2645
2024-10-24,252973,14801234,58.8,58.8,58.2,58.6,0.1,258,0.9504132231404959,55.8843,55.6942,55.314,55.8843
2024-10-25,175792,10281797,58.6,58.7,58.2,58.7,0.1,278,0.9504132231404959,55.6942,55.7893,55.314,55.7893
2024-10-28,360197,21124319,58.7,59.0,58.3,58.7,0.0,353,0.9504132231404959,55.7893,55.7893,55.4091,56.0744
2024-10-29,422840,24505178,58.3,58.5,57.6,58.2,-0.5,412,0.9504132231404959,55.4091,55.314,54.7438,55.5992
2024-10-30,392688,22677055,58.6,58.6,57.6,57.7,-0.5,390,0.9504132231404959,55.6942,54.8388,54.7438,55.6942
2024-11-01,1013515,58068693,57.3,57.7,56.8,57.7,0.0,790,0.9504132231404959,54.4587,54.8388,53.9835,54.8388
2024-11-04,565562,32404336,57.7,57.7,57.0,57.0,-0.7,564,0.9504132231404959,54.8388,54.1736,54.1736,54.8388
2024-11-05,661214,37665693,57.2,57.5,56.6,56.7,-0.3,861,0.9504132231404959,54.3636,53.8884,53.7934,54.6488
2024-11-06,710154,40242891,56.8,56.9,56.5,56.9,0.2,585,0.9504132231404959,53.9835,54.0785,53.6983,54.0785
2024-11-07,1073070,61095926,56.6,57.3,56.6,57.1,0.2,747,0.9504132231404959,53.7934,54.2686,53.7934,54.4587
2024-11-08,1018372,57874733,57.3,57.6,56.3,56.5,-0.6,1053,0.9504132231404959,54.4587,53.6983,53.5083,54.7438
2024-11-11,1230887,70433632,56.7,57.5,56.7,57.4,0.9,921,0.9504132231404959,53.8884,54.5537,53.8884,54.6488
2024-11-12,1354147,76267789,57.0,57.1,55.9,56.1,-1.3,1385,0.9504132231404959,54.1736,53.3182,53.1281,54.2686
2024-11-13,1043314,58993974,56.1,57.3,55.8,56.3,0.2,658,0.9504132231404959,53.3182,53.5083,53.0331,54.4587
2024-11-14,1335070,74316491,56.3,56.3,55.4,55.4,-0.9,1224,0.9504132231404959,53.5083,52.6529,52.6529,53.5083
2024-11-15,933247,52909448,55.5,57.4,55.4,57.0,1.6,738,0.9504132231404959,52.7479,54.1736,52.6529,54.5537
2024-11-18,788576,44798431,57.0,57.1,56.4,56.8,-0.2,672,0.9504132231404959,54.1736,53.9835,53.6033,54.2686
2024-11-19,724277,41024179,56.9,57.1,56.4,56.5,-0.3,675,0.9504132231404959,54.0785,53.6983,53.6033,54.2686
2024-11-20,586987,33065430,56.4,56.8,56.1,56.1,-0.4,719,0.9504132231404959,53.6033,53.3182,53.3182,53.9835
2024-11-21,568019,31836828,56.1,56.3,55.6,56.1,0.0,459,0.9504132231404959,53.3182,53.3182,52.843,53.5083
2024-11-22,543203,30982293,56.4,57.3,56.4,57.1,1.0,486,0.9504132231404959,53.6033,54.2686,53.6033,54.4587
2024-11-25,1020425,58655122,57.6,57.8,57.1,57.7,0.6,689,0.9504132231404959,54.7438,54.8388,54.2686,54.9339
2024-11-26,454796,26145595,57.7,57.7,57.2,57.4,-0.3,576,0.9504132231404959,54.8388,54.5537,54.3636,54.8388
2024-11-27,456530,26171484,57.4,57.6,57.1,57.1,-0.3,433,0.9504132231404959,54.5537,54.2686,54.2686,54.7438
2024-11-28,691459,39122021,57.2,57.2,56.2,56.9,-0.2,742,0.9504132231404959,54.3636,54.0785,53.4132,54.3636
2024-11-29,475207,26969981,56.2,57.1,56.1,56.7,-0.2,422,0.9504132231404959,53.4132,53.8884,53.3182,54.2686
2024-12-02,1079769,62365056,57.3,58.6,56.9,57.9,1.2,862,0.9504132231404959,54.4587,55.0289,54.0785,55.6942
2024-12-03,402523,23230724,57.6,57.9,57.4,57.8,-0.1,483,0.9504132231404959,54.7438,54.9339,54.5537,55.0289
2024-12-04,1200702,69543477,57.7,58.4,57.1,57.8,0.0,930,0.9504132231404959,54.8388,54.9339,54.2686,55.5041
2024-12-05,899056,52208962,58.3,58.4,57.7,58.3,0.5,874,0.9504132231404959,55.4091,55.4091,54.8388,55.5041
2024-12-06,597777,34912633,58.3,58.6,58.1,58.6,0.3,528,0.9504132231404959,55.4091,55.6942,55.219,55.6942
2024-12-09,481746,27999795,58.6,58.6,57.8,58.0,-0.6,664,0.9504132231404959,55.6942,55.124,54.9339,55.6942
2024-12-10,549229,31793313,58.0,58.1,57.6,57.8,-0.2,581,0.9504132231404959,55.124,54.9339,54.7438,55.219
2024-12-11,484663,27859693,58.0,58.0,57.2,57.2,-0.6,429,0.9504132231404959,55.124,54.3636,54.3636,55.124
2024-12-12,507998,29189301,57.1,57.9,57.1,57.2,0.0,471,0.9504132231404959,54.2686,54.3636,54.2686,55.0289
2024-12-13,991634,56659445,57.2,58.4,56.4,57.1,-0.1,790,0.9504132231404959,54.3636,54.2686,53.6033,55.5041
2024-12-16,2151677,125052872,57.6,58.6,57.6,58.2,1.1,1475,0.9504132231404959,54.7438,55.314,54.7438,55.6942
2024-12-17,1738415,100624610,58.2,58.9,57.2,57.2,-1.0,1663,0.9504132231404959,55.314,54.3636,54.3636,55.9793
2024-12-18,2566217,147896162,56.9,58.1,56.9,57.1,-0.1,1723,0.9504132231404959,54.0785,54.2686,54.0785,55.219
2024-12-19,2121883,121359622,56.6,57.7,56.6,57.0,-0.1,1756,0.9504132231404959,53.7934,54.1736,53.7934,54.8388
2024-12-20,2263356,127894790,56.8,57.3,56.0,56.0,-1.0,1438,0.9504132231404959,53.9835,53.2231,53.2231,54.4587
2024-12-23,2451387,138759379,56.2,57.0,56.2,56.4,0.4,1437,0.9504132231404959,53.4132,53.6033,53.4132,54.1736
2024-12-24,3012812,175216043,56.8,58.7,56.7,58.7,2.3,1885,0.9504132231404959,53.9835,55.7893,53.8884,55.7893
2024-12-25,2244196,132881213,59.4,59.8,58.4,59.6,0.9,1903,0.9504132231404959,56.4545,56.6446,55.5041,56.8347
2024-12-26,1659038,98432996,59.5,59.6,59.0,59.6,0.0,1273,0.9504132231404959,56.5496,56.6446,56.0744,56.6446
2024-12-27,1165465,68608344,59.6,59.6,58.3,59.0,-0.6,1141,0.9504132231404959,56.6446,56.0744,55.4091,56.6446
2024-12-30,1202757,70469229,58.3,59.0,57.9,59.0,0.0,1141,0.9504132231404959,55.4091,56.0744,55.0289,56.0744
2024-12-31,974843,56921480,58.6,58.9,57.8,58.7,-0.3,755,0.9504132231404959,55.6942,55.7893,54.9339,55.9793
2025-01-02,515550,30054615,58.3,58.6,57.9,58.5,-0.2,857,0.9504132231404959,55.4091,55.5992,55.0289,55.6942
2025-01-03,772455,44921864,58.7,58.7,57.9,58.2,-0.3,1002,0.9504132231404959,55.7893,55.314,55.0289,55.7893
2025-01-06,711885,41741429,58.4,59.0,58.0,59.0,0.8,714,0.9504132231404959,55.5041,56.0744,55.124,56.0744
2025-01-07,642000,37816532,59.0,59.3,58.6,58.7,-0.3,727,0.9504132231404959,56.0744,55.7893,55.6942,56.3595
2025-01-08,1458081,86413870,58.9,59.6,58.4,59.6,0.9,1119,0.9504132231404959,55.9793,56.6446,55.5041,56.6446
2025-01-09,1312275,77764590,60.0,60.3,58.5,59.1,-0.5,1230,0.9504132231404959,57.0248,56.1694,55.5992,57.3099
2025-01-10,953538,56377878,58.3,59.4,58.3,59.4,0.3,849,0.9504132231404959,55.4091,56.4545,55.4091,56.4545
2025-01-13,2482118,147399898,59.2,60.1,58.0,60.1,0.7,2066,0.9504132231404959,56.2645,57.1198,55.124,57.1198
2025-01-14,1454416,87276272,60.2,60.2,59.6,60.2,0.1,1211,0.9504132231404959,57.2149,57.2149,56.6446,57.2149
2025-01-15,1211508,72727857,60.0,60.6,59.6,60.0,-0.2,1131,0.9504132231404959,57.0248,57.0248,56.6446,57.595
2025-01-16,945272,57052618,60.7,60.7,60.1,60.1,0.1,1011,0.9504132231404959,57.6901,57.1198,57.1198,57.6901
2025-01-17,1247172,75633587,60.1,61.1,60.0,61.1,1.0,1076,0.9504132231404959,57.1198,58.0702,57.0248,58.0702
2025-01-20,1072185,65754840,61.4,61.8,60.9,61.4,0.3,1284,0.9504132231404959,58.3554,58.3554,57.8802,58.7355
2025-01-21,892231,55005330,61.5,62.0,61.3,61.4,0.0,996,0.9504132231404959,58.4504,58.3554,58.2603,58.9256
2025-01-22,1393613,86226290,61.7,62.1,61.5,62.0,0.6,1207,0.9504132231404959,58.6405,58.9256,58.4504,59.0207
2025-02-03,1343057,82249131,61.4,62.4,60.4,61.7,-0.3,1286,0.9504132231404959,58.3554,58.6405,57.405,59.3058
2025-02-04,946795,58520389,61.7,62.0,61.4,62.0,0.3,950,0.9504132231404959,58.6405,58.9256,58.3554,58.9256
2025-02-05,795093,49186780,62.2,62.2,61.5,62.0,0.0,1048,0.9504132231404959,59.1157,58.9256,58.4504,59.1157
2025-02-06,1737518,108660012,62.1,63.4,61.5,62.6,0.6,1561,0.9504132231404959,59.0207,59.4959,58.4504,60.2562
2025-02-07,1187199,74432846,62.6,63.2,61.9,63.1,0.5,986,0.9504132231404959,59.4959,59.9711,58.8306,60.0661
2025-02-10,804633,50697966,62.9,63.3,62.6,63.2,0.1,794,0.9504132231404959,59.781,60.0661,59.4959,60.1612
2025-02-11,1267140,78883900,63.3,63.3,61.8,62.2,-1.0,2046,0.9504132231404959,60.1612,59.1157,58.7355,60.1612
2025-02-12,920780,57413586,62.4,62.6,61.9,62.5,0.3,702,0.9504132231404959,59.3058,59.4008,58.8306,59.4959
2025-02-13,1099521,69422626,62.8,63.5,62.8,63.3,0.8,999,0.9504132231404959,59.686,60.1612,59.686,60.3512
2025-02-14,1613106,101610780,63.3,63.3,61.2,63.3,0.0,1249,0.9504132231404959,60.1612,60.1612,58.1653,60.1612
2025-02-17,1225390,78004101,63.5,64.0,63.3,63.7,0.4,1023,0.9504132231404959,60.3512,60.5413,60.1612,60.8264
2025-02-18,1381112,88535759,63.8,64.4,63.6,64.4,0.7,1260,0.9504132231404959,60.6364,61.2066,60.4463,61.2066
2025-02-19,2009222,130460298,64.7,65.3,64.2,65.3,0.9,1872,0.9504132231404959,61.4917,62.062,61.0165,62.062
2025-02-20,1552474,101807219,65.4,66.0,65.1,65.9,0.6,2193,0.9504132231404959,62.157,62.6322,61.8719,62.7273
2025-02-21,1886574,122736081,65.9,66.0,64.6,65.2,-0.7,3131,0.9504132231404959,62.6322,61.9669,61.3967,62.7273
2025-02-24,1396179,91285724,65.3,65.6,65.0,65.6,0.4,1747,0.9504132231404959,62.062,62.3471,61.7769,62.3471
2025-02-25,667107,43130793,65.1,65.1,64.4,64.6,-1.0,696,0.9504132231404959,61.8719,61.3967,61.2066,61.8719
2025-02-26,1619980,103740100,64.4,64.7,63.7,63.7,-0.9,1429,0.9504132231404959,61.2066,60.5413,60.5413,61.4917
2025-02-27,1606602,102916503,64.0,64.3,63.5,64.3,0.6,994,0.9504132231404959,60.8264,61.1116,60.3512,61.1116
2025-03-03,1237066,78466440,64.1,64.2,62.8,63.8,-0.5,1840,0.9504132231404959,60.9215,60.6364,59.686,61.0165
2025-03-04,510620,32467876,63.1,64.0,62.6,64.0,0.2,605,0.9504132231404959,59.9711,60.8264,59.4959,60.8264
2025-03-05,808723,51835761,64.0,64.4,63.7,63.8,-0.2,1090,0.9504132231404959,60.8264,60.6364,60.5413,61.2066
2025-03-06,553437,35202839,64.1,64.3,63.4,63.5,-0.3,958,0.9504132231404959,60.9215,60.3512,60.2562,61.1116
2025-03-07,1005790,63024274,63.5,63.5,62.1,62.1,-1.4,2092,0.9504132231404959,60.3512,59.0207,59.0207,60.3512
2025-03-10,792689,48788184,62.6,62.8,61.2,61.4,-0.7,2504,0.9504132231404959,59.4959,58.3554,58.1653,59.686
2025-03-11,836389,50686047,60.4,61.1,60.1,60.7,-0.7,1807,0.9504132231404959,57.405,57.6901,57.1198,58.0702
2025-03-12,618601,37703377,60.7,61.3,60.7,60.8,0.1,874,0.9504132231404959,57.6901,57.7851,57.6901,58.2603
2025-03-13,467714,28521117,61.7,61.7,60.6,60.7,-0.1,859,0.9504132231404959,58.6405,57.6901,57.595,58.6405
2025-03-14,334285,20435998,61.0,61.3,60.8,61.3,0.6,393,0.9504132231404959,57.9752,58.2603,57.7851,58.2603
2025-03-17,1572986,96263576,61.7,62.4,60.5,61.0,-0.3,2568,0.9504132231404959,58.6405,57.9752,57.5,59.3058
2025-03-18,290653,17815865,61.6,61.6,61.0,61.3,0.3,649,0.9504132231404959,58.5455,58.2603,57.9752,58.5455
2025-03-19,430339,26254701,61.5,61.5,60.7,61.0,-0.3,731,0.9504132231404959,58.4504,57.9752,57.6901,58.4504
2025-03-20,280112,17250993,61.1,61.8,61.1,61.6,0.6,267,0.9504132231404959,58.0702,58.5455,58.0702,58.7355
2025-03-21,260715,16028057,61.9,61.9,61.2,61.2,-0.4,379,0.9504132231404959,58.8306,58.1653,58.1653,58.8306
2025-03-24,273792,16674851,61.2,61.3,60.6,60.6,-0.6,603,0.9504132231404959,58.1653,57.595,57.595,58.2603
2025-03-25,545371,32872116,60.9,60.9,60.0,60.2,-0.4,1657,0.9504132231404959,57.8802,57.2149,57.0248,57.8802
2025-03-26,213761,12928433,60.4,60.8,60.2,60.6,0.4,755,0.9504132231404959,57.405,57.595,57.2149,57.7851
2025-03-27,459424,27652421,60.3,60.4,60.0,60.3,-0.3,835,0.9504132231404959,57.3099,57.3099,57.0248,57.405
2025-03-28,686903,40940573,60.4,60.4,59.4,59.7,-0.6,1192,0.9504132231404959,57.405,56.7397,56.4545,57.405
2025-03-31,1060654,61430870,58.8,58.8,57.6,57.6,-2.1,1029,0.9504132231404959,55.8843,54.7438,54.7438,55.8843
2025-04-01,521408,30459993,57.8,58.9,57.8,58.5,0.9,488,0.9504132231404959,54.9339,55.5992,54.9339,55.9793
2025-04-02,437013,25664627,58.5,59.2,58.3,58.6,0.1,428,0.9504132231404959,55.5992,55.6942,55.4091,56.2645
2025-04-07,316433,16708206,52.8,52.8,52.8,52.8,-5.8,525,0.9504132231404959,50.1818,50.1818,50.1818,50.1818
2025-04-08,2200237,107586566,47.6,50.2,47.6,49.4,-3.4,4003,0.9504132231404959,45.2397,46.9504,45.2397,47.7107
2025-04-09,2942920,137800187,48.9,49.55,44.8,45.45,-3.95,2388,0.9504132231404959,46.4752,43.1963,42.5785,47.093
2025-04-10,200231,10001520,49.95,49.95,49.95,49.95,4.5,180,0.9504132231404959,47.4731,47.4731,47.4731,47.4731
2025-04-11,1631171,83829483,50.0,53.0,48.0,52.3,2.35,1499,0.9504132231404959,47.5207,49.7066,45.6198,50.3719
2025-04-14,799089,42552422,52.9,54.2,52.6,52.6,0.3,841,0.9504132231404959,50.2769,49.9917,49.9917,51.5124
2025-04-15,508589,27299181,53.0,54.3,52.1,53.9,1.3,570,0.9504132231404959,50.3719,51.2273,49.5165,51.6074
2025-04-16,529332,28113943,53.4,54.2,52.7,52.7,-1.2,1062,0.9504132231404959,50.7521,50.0868,50.0868,51.5124
2025-04-17,225895,11851273,52.3,53.0,52.0,52.7,0.0,320,0.9504132231404959,49.7066,50.0868,49.4215,50.3719
2025-04-18,201674,10659656,52.7,53.1,52.7,52.9,0.2,240,0.9504132231404959,50.0868,50.2769,50.0868,50.4669
2025-04-21,267438,14001396,52.6,52.8,52.0,52.0,-0.9,267,0.9504132231404959,49.9917,49.4215,49.4215,50.1818
2025-04-22,247652,12910130,52.0,52.5,50.5,52.2,0.2,267,0.9504132231404959,49.4215,49.6116,47.9959,49.8967
2025-04-23,401353,21325849,52.6,53.5,52.6,53.3,1.1,489,0.9504132231404959,49.9917,50.657,49.9917,50.8471
2025-04-24,273545,14559241,53.4,53.7,53.0,53.3,0.0,330,0.9504132231404959,50.7521,50.657,50.3719,51.0372
2025-04-25,383712,20771892,54.0,54.5,53.8,54.0,0.7,522,0.9504132231404959,51.3223,51.3223,51.1322,51.7975
2025-04-28,332903,18186645,54.2,55.0,53.9,54.7,0.7,279,0.9504132231404959,51.5124,51.9876,51.2273,52.2727
2025-04-29,383692,21274949,55.0,55.7,54.8,55.7,1.0,400,0.9504132231404959,52.2727,52.938,52.0826,52.938
2025-04-30,479635,26451379,55.4,55.6,54.8,54.8,-0.9,625,0.9504132231404959,52.6529,52.0826,52.0826,52.843
2025-05-02,255174,14059202,55.0,55.3,54.8,55.1,0.3,383,0.9504132231404959,52.2727,52.3678,52.0826,52.5579
2025-05-05,579574,31351754,55.2,55.6,53.0,54.2,-0.9,685,0.9504132231404959,52.4628,51.5124,50.3719,52.843
2025-05-06,305986,16615720,54.2,54.7,53.5,54.4,0.2,257,0.9504132231404959,51.5124,51.7025,50.8471,51.9876
2025-05-07,187988,10215988,54.9,54.9,54.0,54.2,-0.2,265,0.9504132231404959,52.1777,51.5124,51.3223,52.1777
2025-05-08,189925,10450489,55.0,55.1,54.8,55.1,0.9,208,0.9504132231404959,52.2727,52.3678,52.0826,52.3678
2025-05-09,394481,21813499,55.0,55.7,54.7,55.4,0.3,386,0.9504132231404959,52.2727,52.6529,51.9876,52.938
2025-05-12,524836,29179719,56.7,56.7,55.3,55.6,0.2,859,0.9504132231404959,53.8884,52.843,52.5579,53.8884
2025-05-13,525574,29376681,56.1,56.5,55.4,55.6,0.0,418,0.9504132231404959,53.3182,52.843,52.6529,53.6983
2025-05-14,497442,28018648,56.2,56.6,55.7,56.3,0.7,455,0.9504132231404959,53.4132,53.5083,52.938,53.7934
2025-05-15,492949,27745482,56.6,56.6,56.0,56.0,-0.3,677,0.9504132231404959,53.7934,53.2231,53.2231,53.7934
2025-05-16,808759,46029407,56.8,57.3,56.6,56.7,0.7,789,0.9504132231404959,53.9835,53.8884,53.7934,54.4587
2025-05-19,517058,29322332,56.7,57.1,56.4,56.4,-0.3,617,0.9504132231404959,53.8884,53.6033,53.6033,54.2686
2025-05-20,448412,25572464,56.7,57.3,56.7,57.0,0.6,439,0.9504132231404959,53.8884,54.1736,53.8884,54.4587
2025-05-21,572667,32682466,57.0,57.5,56.7,57.5,0.5,685,0.9504132231404959,54.1736,54.6488,53.8884,54.6488
2025-05-22,522193,29800313,57.4,57.5,56.8,56.9,-0.6,438,0.9504132231404959,54.5537,54.0785,53.9835,54.6488
2025-05-23,141805,8089148,56.9,57.2,56.9,57.0,0.1,243,0.9504132231404959,54.0785,54.1736,54.0785,54.3636
2025-05-26,572845,33034527,57.3,58.0,57.1,57.4,0.4,549,0.9504132231404959,54.4587,54.5537,54.2686,55.124
2025-05-27,298119,17020334,57.8,57.9,56.8,56.8,-0.6,501,0.9504132231404959,54.9339,53.9835,53.9835,55.0289
2025-05-28,180309,10272227,57.4,57.4,56.6,56.8,0.0,323,0.9504132231404959,54.5537,53.9835,53.7934,54.5537
2025-05-29,555414,31495156,57.4,57.4,56.4,56.9,0.1,517,0.9504132231404959,54.5537,54.0785,53.6033,54.5537
2025-06-02,929056,51384700,56.2,56.3,54.9,55.0,-1.9,965,0.9504132231404959,53.4132,52.2727,52.1777,53.5083
2025-06-03,876207,47918344,55.0,55.1,54.2,54.2,-0.8,940,0.9504132231404959,52.2727,51.5124,51.5124,52.3678
2025-06-04,555308,30620505,54.5,55.4,54.5,55.2,1.0,430,0.9504132231404959,51.7975,52.4628,51.7975,52.6529
2025-06-05,339286,18737063,55.2,55.5,54.9,55.2,0.0,434,0.9504132231404959,52.4628,52.4628,52.1777,52.7479
2025-06-06,398383,22139447,55.2,55.9,55.1,55.6,0.4,484,0.9504132231404959,52.4628,52.843,52.3678,53.1281
2025-06-09,320046,17807707,56.0,56.2,55.4,55.8,0.2,531,0.9504132231404959,53.2231,53.0331,52.6529,53.4132
2025-06-10,886574,50374937,56.2,57.2,56.2,56.9,1.1,675,0.9504132231404959,53.4132,54.0785,53.4132,54.3636
2025-06-11,599017,33931640,57.2,57.2,56.3,56.5,-0.4,680,0.9504132231404959,54.3636,53.6983,53.5083,54.3636
2025-06-12,360129,20398936,56.5,56.9,56.2,56.8,0.3,273,0.9504132231404959,53.6983,53.9835,53.4132,54.0785
2025-06-13,595369,33401478,56.0,56.5,55.7,56.1,-0.7,471,0.9504132231404959,53.2231,53.3182,52.938,53.6983
2025-06-16,211784,11928539,56.4,56.6,56.0,56.3,0.2,183,0.9504132231404959,53.6033,53.5083,53.2231,53.7934
2025-06-17,454908,25692970,56.8,56.9,56.2,56.3,0.0,379,0.9504132231404959,53.9835,53.5083,53.4132,54.0785
2025-06-18,750318,42521513,56.6,57.1,56.2,56.4,0.1,666,0.9504132231404959,53.7934,53.6033,53.4132,54.2686
2025-06-19,682626,38074673,56.4,56.7,55.4,55.4,-1.0,899,0.9504132231404959,53.6033,52.6529,52.6529,53.8884
2025-06-20,647716,35539709,55.4,55.4,54.2,55.2,-0.2,655,0.9504132231404959,52.6529,52.4628,51.5124,52.6529
2025-06-23,618871,34103607,54.5,55.6,54.2,55.6,0.4,527,0.9504132231404959,51.7975,52.843,51.5124,52.843
2025-06-24,773080,43647036,56.0,56.8,55.8,56.8,1.2,750,0.9504132231404959,53.2231,53.9835,53.0331,53.9835
2025-06-25,416108,23564173,57.0,57.0,56.3,56.8,0.0,424,0.9504132231404959,54.1736,53.9835,53.5083,54.1736
2025-06-26,864950,49385244,56.7,57.4,56.7,57.3,0.5,694,0.9504132231404959,53.8884,54.4587,53.8884,54.5537
2025-06-27,1122794,64339678,57.6,57.9,56.7,57.3,0.0,866,0.9504132231404959,54.7438,54.4587,53.8884,55.0289
2025-06-30,990639,57329755,57.7,58.3,57.5,57.7,0.4,933,0.9504132231404959,54.8388,54.8388,54.6488,55.4091
2025-07-01,688287,39813065,57.9,58.1,57.5,57.8,0.1,663,0.9504132231404959,55.0289,54.9339,54.6488,55.219
2025-07-02,709944,41473822,57.9,58.8,57.7,58.8,1.0,623,0.9504132231404959,55.0289,55.8843,54.8388,55.8843
2025-07-03,653735,38852245,59.4,59.6,59.1,59.5,0.7,655,0.9504132231404959,56.4545,56.5496,56.1694,56.6446
2025-07-04,404699,23922247,59.9,59.9,58.8,59.2,-0.3,751,0.9504132231404959,56.9298,56.2645,55.8843,56.9298
2025-07-07,273544,16031490,59.2,59.2,58.3,58.4,-0.8,496,0.9504132231404959,56.2645,55.5041,55.4091,56.2645
2025-07-08,274758,15940014,58.4,58.4,57.8,57.8,-0.6,308,0.9504132231404959,55.5041,54.9339,54.9339,55.5041
2025-07-09,271531,15783174,57.8,58.4,57.6,58.3,0.5,361,0.9504132231404959,54.9339,55.4091,54.7438,55.5041
2025-07-10,303703,17714021,57.7,58.6,57.7,58.5,0.2,341,0.9504132231404959,54.8388,55.5992,54.8388,55.6942
2025-07-11,560913,33232095,58.7,59.6,58.3,59.4,0.9,510,0.9504132231404959,55.7893,56.4545,55.4091,56.6446
2025-07-14,431128,25570315,59.4,59.7,58.4,59.0,-0.4,395,0.9504132231404959,56.4545,56.0744,55.5041,56.7397
2025-07-15,626895,37050274,58.4,59.3,58.4,59.1,0.1,527,0.9504132231404959,55.5041,56.1694,55.5041,56.3595
2025-07-16,1250533,74753785,58.8,60.2,58.8,59.8,0.7,949,0.9504132231404959,55.8843,56.8347,55.8843,57.2149
2025-07-17,759554,45933762,60.1,60.7,60.1,60.5,0.7,777,0.9504132231404959,57.1198,57.5,57.1198,57.6901
2025-07-18,479089,28848779,60.5,60.7,59.9,60.1,-0.4,566,0.9504132231404959,57.5,57.1198,56.9298,57.6901
2025-07-21,451396,26952573,59.9,60.4,59.4,59.5,-0.6,486,0.9504132231404959,56.9298,56.5496,56.4545,57.405
2025-07-22,670891,39682077,59.4,59.6,58.6,58.9,-0.6,657,0.9504132231404959,56.4545,55.9793,55.6942,56.6446
2025-07-23,607697,36441658,59.2,60.2,59.2,60.2,1.3,588,0.9504132231404959,56.2645,57.2149,56.2645,57.2149
2025-07-24,589586,35417115,60.0,60.4,59.5,60.2,0.0,571,0.9504132231404959,57.0248,57.2149,56.5496,57.405
2025-07-25,930644,56319478,59.5,60.9,59.5,60.7,0.5,792,0.9504132231404959,56.5496,57.6901,56.5496,57.8802
2025-07-28,1157895,70688740,61.0,61.5,60.3,61.3,0.6,880,0.9504132231404959,57.9752,58.2603,57.3099,58.4504
2025-07-29,1238094,76007811,61.5,61.7,60.8,61.7,0.4,864,0.9504132231404959,58.4504,58.6405,57.7851,58.6405
2025-07-30,1700510,104169739,61.5,61.7,60.3,61.6,-0.1,1227,0.9504132231404959,58.4504,58.5455,57.3099,58.6405
2025-07-31,1965123,121006166,61.9,61.9,60.6,61.6,0.0,1911,0.9504132231404959,58.8306,58.5455,57.595,58.8306
2025-08-01,1666655,102977592,60.8,62.3,60.6,62.0,0.4,1350,0.9504132231404959,57.7851,58.9256,57.595,59.2107
2025-08-04,1680048,103585117,61.4,62.2,61.0,62.1,0.1,1335,0.9504132231404959,58.3554,59.0207,57.9752,59.1157
2025-08-05,1647763,102695551,62.2,62.7,61.6,62.7,0.6,1240,0.9504132231404959,59.1157,59.5909,58.5455,59.5909
2025-08-06,1502320,93970657,62.7,63.0,61.9,63.0,0.3,1724,0.9504132231404959,59.5909,59.876,58.8306,59.876
2025-08-07,1589182,99794113,62.9,63.1,62.1,63.1,0.1,1743,0.9504132231404959,59.781,59.9711,59.0207,59.9711
2025-08-08,3512192,222621630,63.4,64.8,61.8,62.0,-1.1,7418,0.9504132231404959,60.2562,58.9256,58.7355,61.5868
2025-08-11,977152,60708283,62.0,62.5,61.6,62.2,0.2,1736,0.9504132231404959,58.9256,59.1157,58.5455,59.4008
2025-08-12,1784468,110229109,62.2,62.2,61.3,62.0,-0.2,2900,0.9504132231404959,59.1157,58.9256,58.2603,59.1157
2025-08-13,988202,61329823,62.6,62.6,61.6,62.0,0.0,687,0.9504132231404959,59.4959,58.9256,58.5455,59.4959
2025-08-14,794146,49073336,61.6,62.2,61.5,62.1,0.1,541,0.9504132231404959,58.5455,59.0207,58.4504,59.1157
2025-08-15,730134,45435562,62.5,62.5,61.8,62.0,-0.1,547,0.9504132231404959,59.4008,58.9256,58.7355,59.4008
2025-08-18,1098821,67940367,61.9,62.0,61.5,61.8,-0.2,538,0.9504132231404959,58.8306,58.7355,58.4504,58.9256
2025-08-19,1481851,90134649,61.6,61.6,60.5,60.5,-1.3,1812,0.9504132231404959,58.5455,57.5,57.5,58.5455
2025-08-20,1027468,61655432,60.4,60.4,59.7,59.9,-0.6,1012,0.9504132231404959,57.405,56.9298,56.7397,57.405
2025-08-21,795022,48141251,60.6,60.9,60.0,60.9,1.0,813,0.9504132231404959,57.595,57.8802,57.0248,57.8802
2025-08-22,777928,47305570,60.8,61.2,60.3,60.7,-0.2,324,0.9504132231404959,57.7851,57.6901,57.3099,58.1653
2025-08-25,940213,58084682,62.5,62.5,60.9,60.9,0.2,565,0.9504132231404959,59.4008,57.8802,57.8802,59.4008
2025-08-26,1223282,74259442,60.6,61.0,60.5,60.6,-0.3,661,0.9504132231404959,57.595,57.595,57.5,57.9752
2025-08-27,2356659,142840659,60.6,60.9,60.4,60.5,-0.1,1205,0.9504132231404959,57.595,57.5,57.405,57.8802
2025-08-28,4946203,288819026,58.0,58.9,57.6,58.7,0.0,1766,1.0,58.0,58.7,57.6,58.9
2025-08-29,1468138,87871890,59.5,60.3,59.3,59.9,1.2,1492,1.0,59.5,59.9,59.3,60.3
2025-09-01,703780,41425478,59.7,59.8,58.2,59.0,-0.9,1148,1.0,59.7,59.0,58.2,59.8
2025-09-02,410963,24300599,58.9,59.4,58.7,59.2,0.2,367,1.0,58.9,59.2,58.7,59.4
2025-09-03,699593,41922621,59.3,60.3,59.3,59.9,0.7,554,1.0,59.3,59.9,59.3,60.3
2025-09-04,669503,40286207,60.2,60.6,59.7,59.7,-0.2,831,1.0,60.2,59.7,59.7,60.6
2025-09-05,690918,41532972,59.7,60.5,59.3,60.2,0.5,1194,1.0,59.7,60.2,59.3,60.5
2025-09-08,2150373,132917916,61.1,62.4,60.8,62.1,1.9,1906,1.0,61.1,62.1,60.8,62.4
2025-09-09,1278675,79354641,62.2,62.4,61.5,62.1,0.0,949,1.0,62.2,62.1,61.5,62.4
2025-09-10,701424,43448225,62.0,62.1,61.6,61.9,-0.2,742,1.0,62.0,61.9,61.6,62.1
2025-09-11,1278210,78689806,61.9,62.5,60.9,61.0,-0.9,1656,1.0,61.9,61.0,60.9,62.5
2025-09-12,1166150,71878123,61.0,62.5,61.0,61.6,0.6,1192,1.0,61.0,61.6,61.0,62.5
2025-09-15,3019431,188169417,62.1,62.7,61.8,62.3,0.7,1806,1.0,62.1,62.3,61.8,62.7
2025-09-16,2843105,178693809,62.2,63.6,62.0,63.3,1.0,3173,1.0,62.2,63.3,62.0,63.6
2025-09-17,2804933,176445744,63.1,63.7,62.4,62.8,-0.5,2795,1.0,63.1,62.8,62.4,63.7
2025-09-18,1951259,124738531,63.4,64.4,63.3,63.9,1.1,1923,1.0,63.4,63.9,63.3,64.4
2025-09-19,1422418,91291784,64.2,64.5,63.6,64.3,0.4,1081,1.0,64.2,64.3,63.6,64.5
2025-09-22,1734478,111372250,64.8,64.9,63.7,64.1,-0.2,2072,1.0,64.8,64.1,63.7,64.9
2025-09-23,5903552,389142532,64.4,67.6,64.2,65.3,1.2,7701,1.0,64.4,65.3,64.2,67.6
2025-09-24,1423611,91711777,65.8,65.9,63.5,64.4,-0.9,3460,1.0,65.8,64.4,63.5,65.9
2025-09-25,1070478,68172782,64.9,64.9,63.2,63.5,-0.9,2411,1.0,64.9,63.5,63.2,64.9
2025-09-26,1262264,78678174,63.4,63.4,61.7,62.5,-1.0,1727,1.0,63.4,62.5,61.7,63.4
2025-09-30,628324,39451133,62.8,63.3,62.2,63.1,0.6,803,1.0,62.8,63.1,62.2,63.3
2025-10-01,1126626,70051412,63.1,63.4,61.7,62.1,-1.0,2596,1.0,63.1,62.1,61.7,63.4
2025-10-02,924973,58184946,62.6,63.4,62.4,62.9,0.8,898,1.0,62.6,62.9,62.4,63.4
2025-10-03,800243,50570248,63.2,63.5,62.8,63.2,0.3,880,1.0,63.2,63.2,62.8,63.5
2025-10-07,1852188,119214071,63.0,65.0,63.0,64.9,1.7,1409,1.0,63.0,64.9,63.0,65.0
2025-10-08,1326431,86012821,64.4,65.5,64.0,65.1,0.2,1178,1.0,64.4,65.1,64.0,65.5
2025-10-09,1307590,85175094,65.2,65.7,64.7,65.2,0.1,1224,1.0,65.2,65.2,64.7,65.7
2025-10-13,1525214,97615039,63.1,64.7,63.1,64.7,-0.5,1789,1.0,63.1,64.7,63.1,64.7
2025-10-14,1475749,94522913,65.0,65.6,60.9,63.3,-1.4,2787,1.0,65.0,63.3,60.9,65.6
2025-10-15,1147705,72770343,63.3,63.8,62.9,63.8,0.5,1542,1.0,63.3,63.8,62.9,63.8
2025-10-16,1736490,113121325,63.8,65.6,63.8,65.5,1.7,1384,1.0,63.8,65.5,63.8,65.6
2025-10-17,2612974,173466080,65.5,67.0,65.1,66.7,1.2,3338,1.0,65.5,66.7,65.1,67.0
2025-10-20,2297383,155403232,68.0,68.6,67.0,67.5,0.8,2530,1.0,68.0,67.5,67.0,68.6
2025-10-21,2306444,157635302,68.5,69.4,67.6,68.0,0.5,2885,1.0,68.5,68.0,67.6,69.4
2025-10-22,1633461,110483535,67.4,68.2,67.1,67.6,-0.4,2423,1.0,67.4,67.6,67.1,68.2
2025-10-23,1333425,89439601,67.5,68.0,66.6,66.7,-0.9,2421,1.0,67.5,66.7,66.6,68.0
2025-10-27,1464722,98882177,67.3,68.1,66.3,67.7,1.0,1307,1.0,67.3,67.7,66.3,68.1
2025-10-28,5383338,377181667,68.0,71.3,67.7,71.3,3.6,6268,1.0,68.0,71.3,67.7,71.3
2025-10-29,3290107,236486011,73.2,73.3,71.0,71.9,0.6,5135,1.0,73.2,71.9,71.0,73.3
2025-10-30,2019037,143464540,72.0,72.7,70.0,70.7,-1.2,6243,1.0,72.0,70.7,70.0,72.7
2025-10-31,2004728,142360868,71.0,72.0,70.4,70.5,-0.2,3132,1.0,71.0,70.5,70.4,72.0
2025-11-03,3662543,262571385,70.7,73.0,69.7,72.0,1.5,4709,1.0,70.7,72.0,69.7,73.0
2025-11-04,4024825,290918004,73.1,74.0,70.5,70.5,-1.5,13069,1.0,73.1,70.5,70.5,74.0
2025-11-05,3565154,254011844,70.0,73.0,69.0,73.0,2.5,4099,1.0,70.0,73.0,69.0,73.0
2025-11-06,3313089,244319128,73.8,74.5,73.0,73.8,0.8,4922,1.0,73.8,73.8,73.0,74.5
2025-11-07,2566430,187054023,73.2,73.8,71.6,73.4,-0.4,4243,1.0,73.2,73.4,71.6,73.8
2025-11-10,7100690,546835063,73.6,79.5,72.3,77.4,4.0,9519,1.0,73.6,77.4,72.3,79.5
2025-11-11,3576492,273428014,78.2,79.0,74.8,75.4,-2.0,15821,1.0,78.2,75.4,74.8,79.0
2025-11-12,1998969,151628843,75.5,76.7,75.2,76.1,0.7,4237,1.0,75.5,76.1,75.2,76.7
2025-11-13,1603878,122330742,76.1,77.0,75.3,76.5,0.4,3777,1.0,76.1,76.5,75.3,77.0
2025-11-14,3341814,243194323,74.2,74.3,71.7,72.1,-4.4,8044,1.0,74.2,72.1,71.7,74.3
2025-11-17,1326818,95912639,72.5,73.2,71.8,72.2,0.1,2082,1.0,72.5,72.2,71.8,73.2
2025-11-18,6881459,503391945,71.1,74.5,70.5,72.5,0.3,4701,1.0,71.1,72.5,70.5,74.5
2025-11-19,6166054,451907532,72.2,74.4,71.1,72.6,0.1,6715,1.0,72.2,72.6,71.1,74.4
2025-11-20,8444835,641613239,74.0,77.0,73.7,76.6,4.0,7162,1.0,74.0,76.6,73.7,77.0
2025-11-21,5619292,397738538,74.0,74.3,69.0,69.0,-7.6,9991,1.0,74.0,69.0,69.0,74.3
2025-11-24,2273783,156715531,69.2,69.5,68.2,68.9,-0.1,2112,1.0,69.2,68.9,68.2,69.5
2025-11-25,1698977,120133825,69.6,71.4,69.6,71.0,2.1,1874,1.0,69.6,71.0,69.6,71.4
2025-11-26,1640932,114291629,71.2,71.5,68.7,69.0,-2.0,4932,1.0,71.2,69.0,68.7,71.5
2025-11-27,1068876,74479259,68.8,70.4,68.8,69.8,0.8,1263,1.0,68.8,69.8,68.8,70.4
2025-11-28,1194840,84281212,69.8,71.0,69.5,70.7,0.9,1011,1.0,69.8,70.7,69.5,71.0
2025-12-01,1212439,84997412,70.5,71.3,69.6,69.9,-0.8,1608,1.0,70.5,69.9,69.6,71.3
2025-12-02,1797384,127992546,70.6,72.5,70.5,70.5,0.6,1583,1.0,70.6,70.5,70.5,72.5
2025-12-03,1008788,71521853,70.8,71.6,70.5,70.5,0.0,1137,1.0,70.8,70.5,70.5,71.6
2025-12-04,1298015,89946260,70.8,70.8,68.7,68.9,-1.6,1786,1.0,70.8,68.9,68.7,70.8
2025-12-05,1519850,103554280,68.8,68.9,67.7,68.1,-0.8,1326,1.0,68.8,68.1,67.7,68.9
2025-12-08,1432286,99453906,68.1,70.2,68.0,69.7,1.6,1413,1.0,68.1,69.7,68.0,70.2
2025-12-09,3619114,258873268,70.1,72.5,69.5,72.5,2.8,3542,1.0,70.1,72.5,69.5,72.5
2025-12-10,15196365,1183574703,72.8,79.7,71.1,79.7,7.2,8859,1.0,72.8,79.7,71.1,79.7
2025-12-11,49479841,4021844206,80.0,87.0,74.2,83.8,4.1,35591,1.0,80.0,83.8,74.2,87.0
2025-12-12,13338783,1096879523,84.4,84.9,80.3,80.8,-3.0,16475,1.0,84.4,80.8,80.3,84.9
2025-12-15,20262506,1689867939,80.0,85.1,78.5,83.8,3.0,16376,1.0,80.0,83.8,78.5,85.1
2025-12-16,26403749,2183046927,83.8,85.7,78.5,82.3,-1.5,23657,1.0,83.8,82.3,78.5,85.7
2025-12-17,29255660,2502046116,83.7,88.5,80.7,86.2,3.9,20481,1.0,83.7,86.2,80.7,88.5
2025-12-18,13671982,1147895180,85.4,85.8,82.0,83.4,-2.8,11565,1.0,85.4,83.4,82.0,85.8
2025-12-19,25959386,2276995633,85.6,90.3,83.9,88.7,5.3,23561,1.0,85.6,88.7,83.9,90.3
2025-12-22,28368423,2548992148,88.7,92.8,87.6,88.2,-0.5,31411,1.0,88.7,88.2,87.6,92.8
2025-12-23,10684469,933241446,88.8,89.0,86.4,87.4,-0.8,12936,1.0,88.8,87.4,86.4,89.0
2025-12-24,13086457,1148903979,87.8,90.4,85.2,86.3,-1.1,10386,1.0,87.8,86.3,85.2,90.4
2025-12-26,14391662,1278648032,87.1,90.4,86.1,88.9,2.6,10844,1.0,87.1,88.9,86.1,90.4
2025-12-29,11745104,1047554718,89.6,90.8,87.6,88.4,-0.5,14286,1.0,89.6,88.4,87.6,90.8
2025-12-30,10354659,921942583,89.3,90.7,87.7,88.5,0.1,9253,1.0,89.3,88.5,87.7,90.7
2025-12-31,16637237,1504483694,88.7,92.6,88.7,89.0,0.5,13221,1.0,88.7,89.0,88.7,92.6
2026-01-02,15084999,1345530958,89.5,91.0,86.1,90.2,1.2,12291,1.0,89.5,90.2,86.1,91.0
2026-01-05,18041689,1606820122,92.1,92.3,87.3,88.7,-1.5,13343,1.0,92.1,88.7,87.3,92.3
2026-01-06,10911244,976704437,89.0,90.7,87.9,89.7,1.0,9029,1.0,89.0,89.7,87.9,90.7
2026-01-07,8668711,770538535,90.2,91.5,87.9,88.5,-1.2,8911,1.0,90.2,88.5,87.9,91.5
2026-01-08,5583555,490073580,88.4,88.8,87.0,87.6,-0.9,5387,1.0,88.4,87.6,87.0,88.8
2026-01-09,19901848,1812509435,87.6,93.8,86.2,91.5,3.9,16607,1.0,87.6,91.5,86.2,93.8
2026-01-12,24060254,2264713201,91.6,97.0,90.2,93.9,2.4,30881,1.0,91.6,93.9,90.2,97.0
2026-01-13,28514499,2691879492,95.3,97.9,92.0,93.0,-0.9,24699,1.0,95.3,93.0,92.0,97.9
2026-01-14,15429057,1461462763,94.0,96.5,91.7,95.8,2.8,12482,1.0,94.0,95.8,91.7,96.5
2026-01-15,9404291,897916938,95.7,96.9,93.6,96.2,0.4,9864,1.0,95.7,96.2,93.6,96.9
2026-01-16,28611001,2878878640,98.8,105.5,95.2,102.0,5.8,21094,1.0,98.8,102.0,95.2,105.5
2026-01-19,15777940,1619515190,103.5,105.0,99.8,102.0,0.0,15809,1.0,103.5,102.0,99.8,105.0
2026-01-20,23119475,2420944021,99.8,111.0,98.6,107.5,5.5,15729,1.0,99.8,107.5,98.6,111.0
2026-01-21,28065110,2827541652,107.0,107.5,98.3,98.7,-8.8,20816,1.0,107.0,98.7,98.3,107.5
2026-01-22,13887009,1403903790,100.0,103.5,99.5,99.6,0.9,9571,1.0,100.0,99.6,99.5,103.5
2026-01-23,10604578,1052965068,100.5,102.0,97.0,99.6,0.0,7831,1.0,100.5,99.6,97.0,102.0
2026-01-26,13752001,1398864255,100.0,103.5,97.7,102.5,2.9,10729,1.0,100.0,102.5,97.7,103.5
2026-01-27,11544775,1190464997,103.5,105.5,101.5,103.0,0.5,8888,1.0,103.5,103.0,101.5,105.5
2026-01-28,34181179,3226968886,97.7,97.7,92.7,94.0,-9.0,24612,1.0,97.7,94.0,92.7,97.7
2026-01-29,16919744,1599799709,94.5,98.2,91.5,91.9,-2.1,13085,1.0,94.5,91.9,91.5,98.2
2026-01-30,8523653,772756614,91.9,94.0,88.8,89.4,-2.5,9289,1.0,91.9,89.4,88.8,94.0
2026-02-02,7765853,671642518,87.4,88.8,85.2,86.3,-3.1,6872,1.0,87.4,86.3,85.2,88.8
2026-02-03,7870392,679736500,87.4,89.0,84.1,86.4,0.1,7224,1.0,87.4,86.4,84.1,89.0
2026-02-04,4357587,374141240,85.7,87.0,85.3,85.7,-0.7,3245,1.0,85.7,85.7,85.3,87.0
2026-02-05,9485445,821252900,85.4,89.9,84.4,86.2,0.5,6456,1.0,85.4,86.2,84.4,89.9
2026-02-06,5245557,441710135,85.9,86.9,82.3,83.8,-2.4,3973,1.0,85.9,83.8,82.3,86.9
2026-02-09,10083572,901389147,87.3,91.4,87.0,89.7,5.9,6999,1.0,87.3,89.7,87.0,91.4
2026-02-10,7192173,637610478,90.6,90.6,87.8,87.9,-1.8,10308,1.0,90.6,87.9,87.8,90.6
2026-02-11,3708697,327154545,87.0,89.0,87.0,88.6,0.7,3723,1.0,87.0,88.6,87.0,89.0
2026-02-23,8457341,775737533,89.6,93.2,88.8,90.9,2.3,6770,1.0,89.6,90.9,88.8,93.2
2026-02-24,4907582,453451983,90.9,93.3,90.4,93.3,2.4,5220,1.0,90.9,93.3,90.4,93.3
2026-02-25,4182149,388962524,94.4,94.5,92.0,93.2,-0.1,5123,1.0,94.4,93.2,92.0,94.5
2026-02-26,9151400,870083214,94.0,96.7,92.2,95.9,2.7,9722,1.0,94.0,95.9,92.2,96.7
2026-03-02,4866909,453080459,92.3,94.6,91.5,93.9,-2.0,8351,1.0,92.3,93.9,91.5,94.6
2026-03-03,5663699,519521746,94.1,95.4,90.0,90.1,-3.8,6375,1.0,94.1,90.1,90.0,95.4
2026-03-04,4386603,377102297,88.0,89.2,84.4,84.6,-5.5,3711,1.0,88.0,84.6,84.4,89.2
2026-03-05,3486260,307446929,88.1,89.7,86.8,88.1,3.5,2344,1.0,88.1,88.1,86.8,89.7
2026-03-06,2036441,179397407,88.0,89.1,87.0,87.8,-0.3,1929,1.0,88.0,87.8,87.0,89.1
2026-03-09,2688495,212886454,79.1,80.2,79.1,79.1,-8.7,3219,1.0,79.1,79.1,79.1,80.2
2026-03-10,3886203,317218741,81.5,84.5,79.7,81.9,2.8,3167,1.0,81.5,81.9,79.7,84.5
2026-03-11,4483404,390634498,82.6,89.4,82.5,87.8,5.9,4906,1.0,82.6,87.8,82.5,89.4
2026-03-12,2545705,219850797,86.2,88.9,85.4,85.4,-2.4,3713,1.0,86.2,85.4,85.4,88.9
2026-03-13,2775624,235477501,83.0,85.6,82.8,85.0,-0.4,2283,1.0,83.0,85.0,82.8,85.6
2026-03-16,1766791,149720173,85.8,86.8,84.0,84.3,-0.7,1641,1.0,85.8,84.3,84.0,86.8
2026-03-17,1406848,120480510,85.1,87.5,84.7,85.0,0.7,1473,1.0,85.1,85.0,84.7,87.5
2026-03-18,6506341,582693535,86.6,92.7,85.6,89.5,4.5,5298,1.0,86.6,89.5,85.6,92.7
2026-03-19,10986894,1014093651,87.7,96.1,87.0,95.3,5.8,8280,1.0,87.7,95.3,87.0,96.1
2026-03-20,16006146,1541962545,95.9,100.5,92.2,95.2,-0.1,13415,1.0,95.9,95.2,92.2,100.5
2026-03-23,6216015,566955369,90.0,93.6,88.5,90.8,-4.4,9168,1.0,90.0,90.8,88.5,93.6
2026-03-24,5548421,515525010,94.3,97.6,90.0,90.2,-0.6,4283,1.0,94.3,90.2,90.0,97.6
2026-03-25,4473245,420098109,94.0,96.0,92.3,93.1,2.9,5288,1.0,94.0,93.1,92.3,96.0
2026-03-26,10021110,968326001,93.9,98.6,93.7,95.5,2.4,8360,1.0,93.9,95.5,93.7,98.6
2026-03-27,4891711,461920813,93.2,96.1,92.6,95.5,0.0,6655,1.0,93.2,95.5,92.6,96.1
2026-03-30,5052561,468187154,92.4,94.5,90.2,93.8,-1.7,4867,1.0,92.4,93.8,90.2,94.5
2026-03-31,10072091,884208538,91.3,92.7,84.5,84.5,-9.3,6787,1.0,91.3,84.5,84.5,92.7
2026-04-01,4591882,402644469,87.5,89.2,86.0,88.4,3.9,3899,1.0,87.5,88.4,86.0,89.2
2026-04-02,2934532,254112043,88.8,89.9,84.8,85.0,-3.4,3252,1.0,88.8,85.0,84.8,89.9
2026-04-07,7618659,645843288,86.7,88.0,83.4,86.0,1.0,6682,1.0,86.7,86.0,83.4,88.0
2026-04-08,21790276,2030318354,89.0,94.6,88.5,94.5,8.5,13701,1.0,89.0,94.5,88.5,94.6
2026-04-09,6713139,625648187,94.7,95.0,92.0,94.0,-0.5,9830,1.0,94.7,94.0,92.0,95.0
2026-04-10,4696715,440412499,95.0,96.6,91.9,92.8,-1.2,5956,1.0,95.0,92.8,91.9,96.6
2026-04-13,8753976,827130712,92.8,96.3,91.5,95.1,2.3,6465,1.0,92.8,95.1,91.5,96.3
2026-04-14,10644028,984680675,96.6,97.4,89.9,90.8,-4.3,8332,1.0,96.6,90.8,89.9,97.4
2026-04-15,7644245,681110750,91.1,91.3,88.2,88.7,-2.1,6450,1.0,91.1,88.7,88.2,91.3
2026-04-16,6281587,567288714,89.9,93.1,88.8,89.5,0.8,4794,1.0,89.9,89.5,88.8,93.1
2026-04-17,4512524,403205777,89.9,91.1,87.9,88.4,-1.1,4373,1.0,89.9,88.4,87.9,91.1
2026-04-20,8411297,766822276,89.2,93.2,87.9,90.3,1.9,6435,1.0,89.2,90.3,87.9,93.2
2026-04-21,26848555,2534042299,92.7,97.6,89.0,94.3,4.0,18629,1.0,92.7,94.3,89.0,97.6
2026-04-22,20243641,1953458320,96.3,99.3,93.5,96.5,2.2,15046,1.0,96.3,96.5,93.5,99.3
2026-04-23,24215967,2228933993,98.8,98.9,86.9,88.5,-8.0,19940,1.0,98.8,88.5,86.9,98.9
2026-04-24,12039076,1070895570,90.0,92.3,86.3,88.3,-0.2,8941,1.0,90.0,88.3,86.3,92.3
2026-04-27,8421382,739007954,89.2,90.2,85.7,89.7,1.4,6432,1.0,89.2,89.7,85.7,90.2
2026-04-28,7611355,680198238,89.7,90.7,88.0,89.3,-0.4,5602,1.0,89.7,89.3,88.0,90.7
2026-04-29,9493181,829363852,89.2,90.0,86.0,87.9,-1.4,6915,1.0,89.2,87.9,86.0,90.0
2026-04-30,12017798,1030275458,87.9,88.4,83.7,84.0,-3.9,9507,1.0,87.9,84.0,83.7,88.4
2026-05-04,17911318,1623753980,85.5,92.4,85.5,92.4,8.4,14089,1.0,85.5,92.4,85.5,92.4
2026-05-05,18195640,1714805379,94.0,96.2,92.4,94.0,1.6,13536,1.0,94.0,94.0,92.4,96.2
2026-05-06,16894230,1600221112,96.1,97.6,92.1,93.2,-0.8,17497,1.0,96.1,93.2,92.1,97.6
2026-05-07,5439141,508367562,94.0,94.2,92.6,93.4,0.2,6104,1.0,94.0,93.4,92.6,94.2
2026-05-08,7727829,702934657,93.5,93.9,88.6,90.5,-2.9,5922,1.0,93.5,90.5,88.6,93.9
2026-05-11,5850903,540280125,91.0,93.7,90.4,92.4,1.9,4468,1.0,91.0,92.4,90.4,93.7
2026-05-12,19024611,1822921269,93.0,97.2,91.8,96.5,4.1,13856,1.0,93.0,96.5,91.8,97.2
