Date,Capacity,Turnover,Open,High,Low,Close,Change,Transaction,AdjFactor,Open_adj,Close_adj,Low_adj,High_adj
2020-05-04,96097,3049405,32.7,32.7,30.65,31.2,-1.6,73,0.9100060162381447,29.7572,28.3922,27.8917,29.7572
2020-05-05,53640,1653606,30.9,31.0,30.6,30.65,-0.55,37,0.9100060162381447,28.1192,27.8917,27.8462,28.2102
2020-05-06,51000,1547100,30.65,30.7,30.05,30.7,0.05,31,0.9100060162381447,27.8917,27.9372,27.3457,27.9372
2020-05-07,56000,1718850,30.55,31.0,30.55,31.0,0.3,39,0.9100060162381447,27.8007,28.2102,27.8007,28.2102
2020-05-08,68000,2117150,30.9,31.55,30.9,31.55,0.55,48,0.9100060162381447,28.1192,28.7107,28.1192,28.7107
2020-05-11,65000,2050250,31.55,31.65,31.3,31.55,0.0,53,0.9100060162381447,28.7107,28.7107,28.4832,28.8017
2020-05-12,64000,1965450,31.55,31.55,29.9,30.2,-1.35,45,0.9100060162381447,28.7107,27.4822,27.2092,28.7107
2020-05-13,54000,1630750,30.1,30.3,30.0,30.3,0.1,40,0.9100060162381447,27.3912,27.5732,27.3002,27.5732
2020-05-14,55000,1649400,29.9,30.15,29.8,30.0,-0.3,37,0.9100060162381447,27.2092,27.3002,27.1182,27.4367
2020-05-15,60000,1781900,30.0,30.15,29.45,29.5,-0.5,44,0.9100060162381447,27.3002,26.8452,26.7997,27.4367
2020-05-18,45000,1313750,29.4,29.4,29.05,29.15,-0.35,36,0.9100060162381447,26.7542,26.5267,26.4357,26.7542
2020-05-19,76000,2236500,29.25,30.05,29.2,30.05,0.9,43,0.9100060162381447,26.6177,27.3457,26.5722,27.3457
2020-05-20,60000,1794400,30.0,30.0,29.6,29.8,-0.25,38,0.9100060162381447,27.3002,27.1182,26.9362,27.3002
2020-05-21,54292,1610866,29.95,29.95,29.4,29.65,-0.15,38,0.9100060162381447,27.2547,26.9817,26.7542,27.2547
2020-05-22,47000,1381450,29.65,29.65,28.8,28.85,-0.8,28,0.9100060162381447,26.9817,26.2537,26.2082,26.9817
2020-05-25,46000,1329900,28.85,28.95,28.85,28.95,0.1,23,0.9100060162381447,26.2537,26.3447,26.2537,26.3447
2020-05-26,63000,1837850,28.9,29.55,28.9,29.55,0.6,39,0.9100060162381447,26.2992,26.8907,26.2992,26.8907
2020-05-27,63000,1840850,29.6,29.7,28.8,29.2,-0.35,42,0.9100060162381447,26.9362,26.5722,26.2082,27.0272
2020-05-28,53000,1539100,29.2,29.3,28.9,29.05,-0.15,29,0.9100060162381447,26.5722,26.4357,26.2992,26.6632
2020-05-29,64325,1861895,29.0,29.25,28.65,28.8,-0.25,40,0.9100060162381447,26.3902,26.2082,26.0717,26.6177
2020-06-01,54035,1555009,29.0,29.0,28.55,28.6,-0.2,38,0.9100060162381447,26.3902,26.0262,25.9807,26.3902
2020-06-02,76109,2175734,28.7,28.9,28.4,28.5,-0.1,39,0.9100060162381447,26.1172,25.9352,25.8442,26.2992
2020-06-03,98630,2827355,28.5,29.0,28.5,28.7,0.2,66,0.9100060162381447,25.9352,26.1172,25.9352,26.3902
2020-06-04,68005,1958692,28.85,28.95,28.6,28.85,0.15,36,0.9100060162381447,26.2537,26.2537,26.0262,26.3447
2020-06-05,86000,2493600,29.0,29.25,28.8,29.05,0.2,63,0.9100060162381447,26.3902,26.4357,26.2082,26.6177
2020-06-08,91055,2642921,29.1,29.15,28.8,28.8,-0.25,73,0.9100060162381447,26.4812,26.2082,26.2082,26.5267
2020-06-09,75101,2155433,28.8,28.9,28.5,28.6,-0.2,38,0.9100060162381447,26.2082,26.0262,25.9352,26.2992
2020-06-10,76015,2200929,28.6,29.2,28.6,28.8,0.2,54,0.9100060162381447,26.0262,26.2082,26.0262,26.5722
2020-06-11,89100,2541990,28.7,28.9,28.3,28.45,-0.35,58,0.9100060162381447,26.1172,25.8897,25.7532,26.2992
2020-06-12,65100,1853195,28.4,28.6,28.2,28.6,0.15,50,0.9100060162381447,25.8442,26.0262,25.6622,26.0262
2020-06-15,96000,2740350,28.6,28.8,28.3,28.45,-0.15,58,0.9100060162381447,26.0262,25.8897,25.7532,26.2082
2020-06-16,79015,2270230,28.5,28.9,28.5,28.7,0.25,54,0.9100060162381447,25.9352,26.1172,25.9352,26.2992
2020-06-17,117070,3401640,28.7,29.25,28.7,29.05,0.35,71,0.9100060162381447,26.1172,26.4357,26.1172,26.6177
2020-06-18,99001,2894529,29.0,29.6,29.0,29.3,0.25,65,0.9100060162381447,26.3902,26.6632,26.3902,26.9362
2020-06-19,92000,2684300,29.2,29.45,28.85,29.35,0.05,52,0.9100060162381447,26.5722,26.7087,26.2537,26.7997
2020-06-22,89000,2620400,29.35,29.6,29.05,29.3,-0.05,64,0.9100060162381447,26.7087,26.6632,26.4357,26.9362
2020-06-23,126000,3613850,29.3,29.55,28.3,28.5,-0.8,78,0.9100060162381447,26.6632,25.9352,25.7532,26.8907
2020-06-24,114000,3253200,28.5,28.6,28.4,28.6,0.1,56,0.9100060162381447,25.9352,26.0262,25.8442,26.0262
2020-06-29,120000,3402650,28.5,28.5,28.1,28.4,-0.2,69,0.9100060162381447,25.9352,25.8442,25.5712,25.9352
2020-06-30,81000,2303500,28.5,28.55,28.25,28.5,0.1,56,0.9100060162381447,25.9352,25.9352,25.7077,25.9807
2020-07-01,87001,2481028,28.4,28.6,28.35,28.55,0.05,52,0.9100060162381447,25.8442,25.9807,25.7987,26.0262
2020-07-02,94000,2700250,28.7,28.85,28.45,28.8,0.25,60,0.9100060162381447,26.1172,26.2082,25.8897,26.2537
2020-07-03,70346,2024430,28.8,28.9,28.6,28.7,-0.1,48,0.9100060162381447,26.2082,26.1172,26.0262,26.2992
2020-07-06,95329,2741176,28.6,28.9,28.6,28.7,0.0,77,0.9100060162381447,26.0262,26.1172,26.0262,26.2992
2020-07-07,122098,3499693,28.95,28.95,28.45,28.65,-0.05,58,0.9100060162381447,26.3447,26.0717,25.8897,26.3447
2020-07-08,87000,2487650,28.65,28.7,28.5,28.6,-0.05,56,0.9100060162381447,26.0717,26.0262,25.9352,26.1172
2020-07-09,94215,2702627,28.7,28.75,28.6,28.7,0.1,57,0.9100060162381447,26.1172,26.1172,26.0262,26.1627
2020-07-10,119000,3403550,28.65,28.75,28.35,28.65,-0.05,66,0.9100060162381447,26.0717,26.0717,25.7987,26.1627
2020-07-13,119000,3402750,28.6,28.7,28.45,28.6,-0.05,62,0.9100060162381447,26.0262,26.0262,25.8897,26.1172
2020-07-14,88000,2510350,28.5,28.6,28.4,28.6,0.0,61,0.9100060162381447,25.9352,26.0262,25.8442,26.0262
2020-07-15,91098,2617950,28.75,28.8,28.6,28.8,0.2,48,0.9100060162381447,26.1627,26.2082,26.0262,26.2082
2020-07-16,97000,2781150,28.85,28.85,28.55,28.65,-0.15,45,0.9100060162381447,26.2537,26.0717,25.9807,26.2537
2020-07-17,110000,3152700,28.6,28.75,28.5,28.65,0.0,62,0.9100060162381447,26.0262,26.0717,25.9352,26.1627
2020-07-20,100000,2857750,28.5,28.65,28.4,28.55,-0.1,40,0.9100060162381447,25.9352,25.9807,25.8442,26.0717
2020-07-21,132001,3781828,28.55,28.7,28.55,28.7,0.15,76,0.9100060162381447,25.9807,26.1172,25.9807,26.1172
2020-07-22,125000,3590700,28.6,28.85,28.6,28.8,0.1,82,0.9100060162381447,26.0262,26.2082,26.0262,26.2537
2020-07-23,135000,3863800,28.7,28.75,28.5,28.6,-0.2,71,0.9100060162381447,26.1172,26.0262,25.9352,26.1627
2020-07-24,102001,2911378,28.6,28.65,28.35,28.6,0.0,63,0.9100060162381447,26.0262,26.0262,25.7987,26.0717
2020-07-27,125000,3562850,28.5,28.6,28.4,28.5,-0.1,69,0.9100060162381447,25.9352,25.9352,25.8442,26.0262
2020-07-28,140198,3992972,28.5,28.6,28.3,28.55,0.05,62,0.9100060162381447,25.9352,25.9807,25.7532,26.0262
2020-07-29,81000,2316550,28.4,28.65,28.4,28.65,0.1,45,0.9100060162381447,25.8442,26.0717,25.8442,26.0717
2020-07-30,104000,2983650,28.65,28.85,28.6,28.7,0.05,67,0.9100060162381447,26.0717,26.1172,26.0262,26.2537
2020-07-31,111000,3183950,28.6,28.75,28.5,28.75,0.05,66,0.9100060162381447,26.0262,26.1627,25.9352,26.1627
2020-08-03,110001,3149678,28.6,28.8,28.45,28.6,-0.15,79,0.9100060162381447,26.0262,26.0262,25.8897,26.2082
2020-08-04,101432,2906311,28.6,28.7,28.6,28.65,0.05,59,0.9100060162381447,26.0262,26.0717,26.0262,26.1172
2020-08-05,98000,2812700,28.6,28.8,28.55,28.8,0.15,57,0.9100060162381447,26.0262,26.2082,25.9807,26.2082
2020-08-06,107000,3085950,28.7,28.95,28.7,28.85,0.05,62,0.9100060162381447,26.1172,26.2537,26.1172,26.3447
2020-08-07,104000,2991950,28.95,28.95,28.55,28.55,-0.3,67,0.9100060162381447,26.3447,25.9807,25.9807,26.3447
2020-08-10,116000,3310550,28.55,28.6,28.4,28.55,0.0,74,0.9100060162381447,25.9807,25.9807,25.8442,26.0262
2020-08-11,84000,2396300,28.5,28.6,28.4,28.6,0.05,61,0.9100060162381447,25.9352,26.0262,25.8442,26.0262
2020-08-12,120000,3434600,28.5,28.65,28.4,28.65,0.05,72,0.9100060162381447,25.9352,26.0717,25.8442,26.0717
2020-08-13,82345,2362167,28.65,28.75,28.55,28.75,0.1,54,0.9100060162381447,26.0717,26.1627,25.9807,26.1627
2020-08-14,116000,3333850,28.7,28.8,28.55,28.8,0.05,68,0.9100060162381447,26.1172,26.2082,25.9807,26.2082
2020-08-17,83001,2389028,28.8,28.9,28.6,28.9,0.1,62,0.9100060162381447,26.2082,26.2992,26.0262,26.2992
2020-08-18,109035,3151613,28.9,29.0,28.8,28.95,0.05,59,0.9100060162381447,26.2992,26.3447,26.2082,26.3902
2020-08-19,126522,3656211,28.8,28.95,28.75,28.95,0.0,76,0.9100060162381447,26.2082,26.3447,26.1627,26.3447
2020-08-20,109000,3131550,28.8,28.95,28.5,28.8,-0.15,66,0.9100060162381447,26.2082,26.2082,25.9352,26.3447
2020-08-21,125003,3612336,28.85,29.0,28.8,28.95,0.15,80,0.9100060162381447,26.2537,26.3447,26.2082,26.3902
2020-08-24,112000,3243150,29.0,29.05,28.85,29.05,0.1,68,0.9100060162381447,26.3902,26.4357,26.2537,26.4357
2020-08-25,242346,7239930,29.1,30.3,29.1,30.15,1.1,135,0.9100060162381447,26.4812,27.4367,26.4812,27.5732
2020-08-26,103000,3078800,30.15,30.15,29.7,29.9,-0.25,72,0.9100060162381447,27.4367,27.2092,27.0272,27.4367
2020-08-27,82001,2433179,29.8,29.8,29.5,29.7,-0.2,48,0.9100060162381447,27.1182,27.0272,26.8452,27.1182
2020-08-28,99000,2920300,29.6,29.6,29.35,29.55,-0.15,48,0.9100060162381447,26.9362,26.8907,26.7087,26.9362
2020-08-31,77000,2277850,29.75,29.75,29.3,29.45,-0.1,45,0.9100060162381447,27.0727,26.7997,26.6632,27.0727
2020-09-01,93024,2744108,29.4,29.7,29.3,29.7,0.25,55,0.9100060162381447,26.7542,27.0272,26.6632,27.0272
2020-09-02,86000,2557900,29.7,29.8,29.6,29.75,0.05,52,0.9100060162381447,27.0272,27.0727,26.9362,27.1182
2020-09-03,82000,2450100,29.75,30.0,29.75,29.9,0.15,56,0.9100060162381447,27.0727,27.2092,27.0727,27.3002
2020-09-04,101000,3015150,29.75,29.95,29.6,29.95,0.05,55,0.9100060162381447,27.0727,27.2547,26.9362,27.2547
2020-09-07,94019,2803010,29.85,30.05,29.5,29.5,-0.45,58,0.9100060162381447,27.1637,26.8452,26.8452,27.3457
2020-09-08,90902,2696149,29.5,29.8,29.5,29.8,0.3,60,0.9100060162381447,26.8452,27.1182,26.8452,27.1182
2020-09-09,114001,3394729,29.7,29.9,29.45,29.85,0.05,59,0.9100060162381447,27.0272,27.1637,26.7997,27.2092
2020-09-10,77000,2300500,29.8,30.0,29.75,29.8,-0.05,43,0.9100060162381447,27.1182,27.1182,27.0727,27.3002
2020-09-11,65000,1935450,29.75,29.85,29.6,29.85,0.05,48,0.9100060162381447,27.0727,27.1637,26.9362,27.1637
2020-09-14,86040,2586042,29.75,30.25,29.75,30.0,0.15,59,0.9100060162381447,27.0727,27.3002,27.0727,27.5277
2020-09-15,90001,2698980,29.9,30.05,29.9,29.95,-0.05,60,0.9100060162381447,27.2092,27.2547,27.2092,27.3457
2020-09-16,78000,2334250,29.8,30.0,29.7,30.0,0.05,49,0.9100060162381447,27.1182,27.3002,27.0272,27.3002
2020-09-17,99000,2969200,29.8,30.1,29.75,30.1,0.1,63,0.9100060162381447,27.1182,27.3912,27.0727,27.3912
2020-09-18,108000,3252850,30.0,30.25,30.0,30.15,0.05,77,0.9100060162381447,27.3002,27.4367,27.3002,27.5277
2020-09-21,109138,3278840,29.95,30.2,29.9,30.0,-0.15,91,0.9100060162381447,27.2547,27.3002,27.2092,27.4822
2020-09-22,71000,2115150,29.9,30.0,29.65,29.8,-0.2,53,0.9100060162381447,27.2092,27.1182,26.9817,27.3002
2020-09-23,87000,2570450,29.7,29.85,29.3,29.7,-0.1,57,0.9100060162381447,27.0272,27.0272,26.6632,27.1637
2020-09-24,68000,2014150,29.7,29.7,29.45,29.65,-0.05,55,0.9100060162381447,27.0272,26.9817,26.7997,27.0272
2020-09-25,83269,2471188,29.7,29.9,29.5,29.9,0.25,50,0.9100060162381447,27.0272,27.2092,26.8452,27.2092
2020-09-28,78000,2330950,29.95,29.95,29.8,29.95,0.05,50,0.9100060162381447,27.2547,27.2547,27.1182,27.2547
2020-09-29,83092,2488154,29.95,30.0,29.8,30.0,0.05,51,0.9100060162381447,27.2547,27.3002,27.1182,27.3002
2020-09-30,82092,2463004,29.9,30.1,29.9,30.0,0.0,45,0.9100060162381447,27.2092,27.3002,27.2092,27.3912
2020-10-05,71191,2138275,29.95,30.1,29.95,30.05,0.05,38,0.9100060162381447,27.2547,27.3457,27.2547,27.3912
2020-10-06,88000,2648100,30.05,30.25,30.0,30.1,0.05,47,0.9100060162381447,27.3457,27.3912,27.3002,27.5277
2020-10-07,93035,2800860,30.1,30.15,30.0,30.15,0.05,50,0.9100060162381447,27.3912,27.4367,27.3002,27.4367
2020-10-08,85000,2559350,30.0,30.3,29.9,30.15,0.0,44,0.9100060162381447,27.3002,27.4367,27.2092,27.5732
2020-10-12,78000,2352850,30.1,30.3,30.05,30.15,0.0,44,0.9100060162381447,27.3912,27.4367,27.3457,27.5732
2020-10-13,70699,2122380,30.15,30.25,29.8,30.0,-0.15,40,0.9100060162381447,27.4367,27.3002,27.1182,27.5277
2020-10-14,57000,1708000,30.0,30.05,29.8,29.95,-0.05,36,0.9100060162381447,27.3002,27.2547,27.1182,27.3457
2020-10-15,89430,2667821,29.95,30.0,29.6,29.9,-0.05,50,0.9100060162381447,27.2547,27.2092,26.9362,27.3002
2020-10-16,72500,2166699,29.9,30.0,29.75,29.8,-0.1,48,0.9100060162381447,27.2092,27.1182,27.0727,27.3002
2020-10-19,113000,3369050,29.8,29.9,29.7,29.9,0.1,63,0.9100060162381447,27.1182,27.2092,27.0272,27.2092
2020-10-20,90000,2691500,29.9,30.05,29.75,29.9,0.0,56,0.9100060162381447,27.2092,27.2092,27.0727,27.3457
2020-10-21,89000,2663700,29.9,30.1,29.8,29.95,0.05,48,0.9100060162381447,27.2092,27.2547,27.1182,27.3912
2020-10-22,81478,2427245,29.8,29.9,29.55,29.8,-0.15,48,0.9100060162381447,27.1182,27.1182,26.8907,27.2092
2020-10-23,77000,2296000,29.8,29.95,29.7,29.85,0.05,38,0.9100060162381447,27.1182,27.1637,27.0272,27.2547
2020-10-26,78000,2327350,29.9,29.95,29.75,29.8,-0.05,43,0.9100060162381447,27.2092,27.1182,27.0727,27.2547
2020-10-27,90002,2678609,29.8,29.85,29.7,29.85,0.05,46,0.9100060162381447,27.1182,27.1637,27.0272,27.1637
2020-10-28,77000,2296350,29.85,29.95,29.65,29.8,-0.05,44,0.9100060162381447,27.1637,27.1182,26.9817,27.2547
2020-10-29,70000,2077550,29.8,29.8,29.5,29.75,-0.05,39,0.9100060162381447,27.1182,27.0727,26.8452,27.1182
2020-10-30,83000,2470250,29.8,29.85,29.6,29.75,0.0,47,0.9100060162381447,27.1182,27.0727,26.9362,27.1637
2020-11-02,83014,2474906,29.8,30.0,29.7,29.8,0.05,46,0.9100060162381447,27.1182,27.1182,27.0272,27.3002
2020-11-03,77000,2296700,29.8,29.85,29.75,29.85,0.05,45,0.9100060162381447,27.1182,27.1637,27.0727,27.1637
2020-11-04,79000,2357800,29.85,29.95,29.7,29.85,0.0,38,0.9100060162381447,27.1637,27.1637,27.0272,27.2547
2020-11-05,80000,2387100,29.85,29.9,29.7,29.9,0.05,40,0.9100060162381447,27.1637,27.2092,27.0272,27.2092
2020-11-06,76295,2286691,29.9,30.1,29.9,30.0,0.1,42,0.9100060162381447,27.2092,27.3002,27.2092,27.3912
2020-11-09,86659,2602126,30.0,30.15,29.95,30.05,0.05,63,0.9100060162381447,27.3002,27.3457,27.2547,27.4367
2020-11-10,81282,2441481,30.05,30.1,29.95,30.05,0.0,50,0.9100060162381447,27.3457,27.3457,27.2547,27.3912
2020-11-11,83000,2493850,30.1,30.1,29.95,30.05,0.0,60,0.9100060162381447,27.3912,27.3457,27.2547,27.3912
2020-11-12,97000,2911750,30.0,30.1,29.9,30.05,0.0,60,0.9100060162381447,27.3002,27.3457,27.2092,27.3912
2020-11-13,100876,3031892,30.0,30.15,29.95,30.1,0.05,46,0.9100060162381447,27.3002,27.3912,27.2547,27.4367
2020-11-16,130000,3917150,30.0,30.2,30.0,30.2,0.1,70,0.9100060162381447,27.3002,27.4822,27.3002,27.4822
2020-11-17,126494,3839150,30.2,30.5,30.2,30.4,0.2,77,0.9100060162381447,27.4822,27.6642,27.4822,27.7552
2020-11-18,103158,3150303,30.3,30.7,30.3,30.65,0.25,73,0.9100060162381447,27.5732,27.8917,27.5732,27.9372
2020-11-19,73438,2240959,30.5,30.65,30.45,30.55,-0.1,52,0.9100060162381447,27.7552,27.8007,27.7097,27.8917
2020-11-20,78310,2400787,30.6,30.9,30.5,30.9,0.35,52,0.9100060162381447,27.8462,28.1192,27.7552,28.1192
2020-11-23,89441,2771476,30.8,31.05,30.8,31.05,0.15,65,0.9100060162381447,28.0282,28.2557,28.0282,28.2557
2020-11-24,100000,3120250,31.1,31.3,31.1,31.2,0.15,64,0.9100060162381447,28.3012,28.3922,28.3012,28.4832
2020-11-25,75000,2339700,31.1,31.3,31.0,31.15,-0.05,56,0.9100060162381447,28.3012,28.3467,28.2102,28.4832
2020-11-26,89132,2779181,31.05,31.3,31.05,31.3,0.15,53,0.9100060162381447,28.2557,28.4832,28.2557,28.4832
2020-11-27,96000,3011250,31.3,31.5,31.3,31.4,0.1,50,0.9100060162381447,28.4832,28.5742,28.4832,28.6652
2020-11-30,73001,2296481,31.45,31.7,31.05,31.05,-0.35,47,0.9100060162381447,28.6197,28.2557,28.2557,28.8472
2020-12-01,74826,2326573,31.05,31.2,31.0,31.1,0.05,49,0.9100060162381447,28.2557,28.3012,28.2102,28.3922
2020-12-02,72000,2241900,31.15,31.25,31.0,31.15,0.05,45,0.9100060162381447,28.3467,28.3467,28.2102,28.4377
2020-12-03,95482,2954493,31.1,31.2,30.7,31.1,-0.05,55,0.9100060162381447,28.3012,28.3012,27.9372,28.3922
2020-12-04,79000,2461650,31.1,31.25,31.1,31.25,0.15,60,0.9100060162381447,28.3012,28.4377,28.3012,28.4377
2020-12-07,74133,2315786,31.25,31.35,31.1,31.25,0.0,47,0.9100060162381447,28.4377,28.4377,28.3012,28.5287
2020-12-08,74000,2305600,31.2,31.3,31.05,31.15,-0.1,40,0.9100060162381447,28.3922,28.3467,28.2557,28.4832
2020-12-09,76226,2362510,31.15,31.15,30.85,31.0,-0.15,60,0.9100060162381447,28.3467,28.2102,28.0737,28.3467
2020-12-10,68092,2103623,30.9,30.95,30.7,30.95,-0.05,46,0.9100060162381447,28.1192,28.1647,27.9372,28.1647
2020-12-11,88000,2717450,30.9,30.95,30.8,30.95,0.0,52,0.9100060162381447,28.1192,28.1647,28.0282,28.1647
2020-12-14,78132,2415365,30.9,30.95,30.7,30.95,0.0,46,0.9100060162381447,28.1192,28.1647,27.9372,28.1647
2020-12-15,78032,2412285,30.9,31.0,30.7,30.95,0.0,40,0.9100060162381447,28.1192,28.1647,27.9372,28.2102
2020-12-16,112000,3483600,30.9,31.4,30.9,31.4,0.45,61,0.9100060162381447,28.1192,28.5742,28.1192,28.5742
2020-12-17,83430,2591587,31.3,31.4,30.95,31.1,-0.3,48,0.9100060162381447,28.4832,28.3012,28.1647,28.5742
2020-12-18,84430,2625280,31.0,31.2,30.95,31.2,0.1,46,0.9100060162381447,28.2102,28.3922,28.1647,28.3922
2020-12-21,89000,2782850,31.1,31.45,31.05,31.45,0.25,46,0.9100060162381447,28.3012,28.6197,28.2557,28.6197
2020-12-22,80000,2517350,31.4,31.55,31.3,31.5,0.05,45,0.9100060162381447,28.5742,28.6652,28.4832,28.7107
2020-12-23,104001,3284280,31.5,31.7,31.5,31.6,0.1,65,0.9100060162381447,28.6652,28.7562,28.6652,28.8472
2020-12-24,87342,2768905,31.55,31.75,31.55,31.75,0.15,51,0.9100060162381447,28.7107,28.8927,28.7107,28.8927
2020-12-25,89010,2838112,31.8,31.95,31.8,31.95,0.2,54,0.9100060162381447,28.9382,29.0747,28.9382,29.0747
2020-12-28,109000,3491850,31.95,32.25,31.95,32.25,0.3,82,0.9100060162381447,29.0747,29.3477,29.0747,29.3477
2020-12-29,90000,2911200,32.2,32.4,32.2,32.3,0.05,55,0.9100060162381447,29.3022,29.3932,29.3022,29.4842
2020-12-30,110000,3550300,32.25,32.4,32.2,32.25,-0.05,71,0.9100060162381447,29.3477,29.3477,29.3022,29.4842
2020-12-31,127702,4118485,32.2,32.7,32.1,32.7,0.45,72,0.9100060162381447,29.3022,29.7572,29.2112,29.7572
2021-01-04,88567,2917562,32.5,33.1,32.5,33.05,0.35,71,0.9100060162381447,29.5752,30.0757,29.5752,30.1212
2021-01-05,86056,2847292,33.0,33.15,33.0,33.05,0.0,49,0.9100060162381447,30.0302,30.0757,30.0302,30.1667
2021-01-06,83640,2785272,32.95,33.4,32.95,33.3,0.25,62,0.9100060162381447,29.9847,30.3032,29.9847,30.3942
2021-01-07,78210,2607953,33.2,33.65,33.2,33.55,0.25,45,0.9100060162381447,30.2122,30.5307,30.2122,30.6217
2021-01-08,92292,3089944,33.4,33.6,33.3,33.45,-0.1,55,0.9100060162381447,30.3942,30.4397,30.3032,30.5762
2021-01-11,80131,2672542,33.15,33.45,33.15,33.35,-0.1,56,0.9100060162381447,30.1667,30.3487,30.1667,30.4397
2021-01-12,90000,2961550,33.2,33.2,32.7,32.8,-0.55,60,0.9100060162381447,30.2122,29.8482,29.7572,30.2122
2021-01-13,88000,2897500,32.8,33.15,32.5,33.0,0.2,65,0.9100060162381447,29.8482,30.0302,29.5752,30.1667
2021-01-14,74000,2434550,33.0,33.0,32.7,32.9,-0.1,34,0.9100060162381447,30.0302,29.9392,29.7572,30.0302
2021-01-15,78000,2563300,32.8,32.95,32.7,32.75,-0.15,41,0.9100060162381447,29.8482,29.8027,29.7572,29.9847
2021-01-18,73003,2381096,32.75,32.85,32.45,32.55,-0.2,48,0.9100060162381447,29.8027,29.6207,29.5297,29.8937
2021-01-19,90907,2950296,32.55,32.65,32.35,32.65,0.1,56,0.9100060162381447,29.6207,29.7117,29.4387,29.7117
2021-01-20,117267,3754286,32.6,32.7,31.5,31.75,-0.9,77,0.9100060162381447,29.6662,28.8927,28.6652,29.7572
2021-01-21,74000,2371150,31.75,32.15,31.75,31.95,0.2,35,0.9100060162381447,28.8927,29.0747,28.8927,29.2567
2021-01-22,77000,2472750,32.25,32.3,31.95,32.3,0.35,43,0.9100060162381447,29.3477,29.3932,29.0747,29.3932
2021-01-25,81001,2617882,32.3,32.45,32.25,32.4,0.1,40,0.9100060162381447,29.3932,29.4842,29.3477,29.5297
2021-01-26,75000,2426900,32.4,32.55,32.15,32.35,-0.05,41,0.9100060162381447,29.4842,29.4387,29.2567,29.6207
2021-01-27,73292,2379460,32.4,32.6,32.25,32.6,0.25,41,0.9100060162381447,29.4842,29.6662,29.3477,29.6662
2021-01-28,79054,2575552,32.6,32.65,32.5,32.6,0.0,38,0.9100060162381447,29.6662,29.6662,29.5752,29.7117
2021-01-29,135000,4351500,32.4,32.55,32.0,32.4,-0.2,84,0.9100060162381447,29.4842,29.4842,29.1202,29.6207
2021-02-01,87215,2807644,32.4,32.5,32.0,32.45,0.05,56,0.9100060162381447,29.4842,29.5297,29.1202,29.5752
2021-02-02,89000,2895250,32.45,32.6,32.45,32.55,0.1,49,0.9100060162381447,29.5297,29.6207,29.5297,29.6662
2021-02-03,95000,3090150,32.55,32.75,32.4,32.75,0.2,46,0.9100060162381447,29.6207,29.8027,29.4842,29.8027
2021-02-04,85003,2792496,32.7,33.0,32.7,32.8,0.05,40,0.9100060162381447,29.7572,29.8482,29.7572,30.0302
2021-02-05,103000,3392950,32.8,33.1,32.8,32.85,0.05,53,0.9100060162381447,29.8482,29.8937,29.8482,30.1212
2021-02-17,88000,2907550,32.9,33.25,32.9,33.25,0.4,60,0.9100060162381447,29.9392,30.2577,29.9392,30.2577
2021-02-18,91049,3044103,33.25,33.65,33.2,33.6,0.35,61,0.9100060162381447,30.2577,30.5762,30.2122,30.6217
2021-02-19,82005,2748464,33.6,33.7,33.4,33.55,-0.05,52,0.9100060162381447,30.5762,30.5307,30.3942,30.6672
2021-02-22,91174,3072208,33.55,33.75,33.55,33.75,0.2,52,0.9100060162381447,30.5307,30.7127,30.5307,30.7127
2021-02-23,84050,2830982,33.75,33.75,33.6,33.75,0.0,55,0.9100060162381447,30.7127,30.7127,30.5762,30.7127
2021-02-24,85502,2900292,33.75,34.0,33.75,34.0,0.25,48,0.9100060162381447,30.7127,30.9402,30.7127,30.9402
2021-02-25,83000,2842300,34.0,34.4,34.0,34.35,0.35,54,0.9100060162381447,30.9402,31.2587,30.9402,31.3042
2021-02-26,117706,4069620,34.5,35.15,34.35,34.7,0.35,94,0.9100060162381447,31.3952,31.5772,31.2587,31.9867
2021-03-02,105011,3661471,34.7,35.15,34.7,34.75,0.05,61,0.9100060162381447,31.5772,31.6227,31.5772,31.9867
2021-03-03,109633,3834052,34.75,35.3,34.7,35.1,0.35,73,0.9100060162381447,31.6227,31.9412,31.5772,32.1232
2021-03-04,105000,3678350,35.1,35.2,34.8,35.05,-0.05,73,0.9100060162381447,31.9412,31.8957,31.6682,32.0322
2021-03-05,74001,2566584,34.95,34.95,34.4,34.5,-0.55,39,0.9100060162381447,31.8047,31.3952,31.3042,31.8047
2021-03-08,80000,2747400,34.5,34.5,34.25,34.35,-0.15,59,0.9100060162381447,31.3952,31.2587,31.1677,31.3952
2021-03-09,83000,2849050,34.35,34.45,34.25,34.25,-0.1,55,0.9100060162381447,31.2587,31.1677,31.1677,31.3497
2021-03-10,78001,2671934,34.3,34.4,34.1,34.2,-0.05,46,0.9100060162381447,31.2132,31.1222,31.0312,31.3042
2021-03-11,80071,2738826,34.2,34.25,34.1,34.2,0.0,54,0.9100060162381447,31.1222,31.1222,31.0312,31.1677
2021-03-12,82926,2805865,34.2,34.2,33.4,33.75,-0.45,42,0.9100060162381447,31.1222,30.7127,30.3942,31.1222
2021-03-15,112006,3746849,33.7,33.75,33.3,33.5,-0.25,60,0.9100060162381447,30.6672,30.4852,30.3032,30.7127
2021-03-16,76000,2547250,33.6,33.6,33.4,33.55,0.05,41,0.9100060162381447,30.5762,30.5307,30.3942,30.5762
2021-03-17,99000,3303900,33.55,33.55,33.0,33.4,-0.15,64,0.9100060162381447,30.5307,30.3942,30.0302,30.5307
2021-03-18,79001,2640586,33.4,33.5,33.35,33.5,0.1,44,0.9100060162381447,30.3942,30.4852,30.3487,30.4852
2021-03-19,75001,2486783,33.5,33.5,32.9,33.1,-0.4,63,0.9100060162381447,30.4852,30.1212,29.9392,30.4852
2021-03-22,80000,2638800,33.0,33.15,32.9,33.15,0.05,40,0.9100060162381447,30.0302,30.1667,29.9392,30.1667
2021-03-23,92000,3053400,33.15,33.3,33.1,33.3,0.15,61,0.9100060162381447,30.1667,30.3032,30.1212,30.3032
2021-03-24,86000,2888700,33.35,33.8,33.3,33.75,0.45,55,0.9100060162381447,30.3487,30.7127,30.3032,30.7582
2021-03-25,80147,2695474,33.7,33.75,33.55,33.75,0.0,45,0.9100060162381447,30.6672,30.7127,30.5307,30.7127
2021-03-26,94000,3166250,33.75,33.85,33.5,33.7,-0.05,62,0.9100060162381447,30.7127,30.6672,30.4852,30.8037
2021-03-29,87000,2932650,33.7,33.8,33.6,33.7,0.0,51,0.9100060162381447,30.6672,30.6672,30.5762,30.7582
2021-03-30,98390,3298348,33.7,33.8,33.05,33.45,-0.25,63,0.9100060162381447,30.6672,30.4397,30.0757,30.7582
2021-03-31,78001,2597033,33.45,33.45,33.1,33.4,-0.05,42,0.9100060162381447,30.4397,30.3942,30.1212,30.4397
2021-04-01,81000,2686500,33.4,33.4,33.0,33.2,-0.2,54,0.9100060162381447,30.3942,30.2122,30.0302,30.3942
2021-04-06,87213,2908171,33.25,33.5,33.25,33.5,0.3,70,0.9100060162381447,30.2577,30.4852,30.2577,30.4852
2021-04-07,116000,3918150,33.5,34.2,33.4,34.15,0.65,71,0.9100060162381447,30.4852,31.0767,30.3942,31.1222
2021-04-08,84266,2863930,34.0,34.15,33.8,34.05,-0.1,54,0.9100060162381447,30.9402,30.9857,30.7582,31.0767
2021-04-09,79374,2705058,34.0,34.25,34.0,34.15,0.1,63,0.9100060162381447,30.9402,31.0767,30.9402,31.1677
2021-04-12,90011,3078776,34.1,34.35,34.1,34.35,0.2,67,0.9100060162381447,31.0312,31.2587,31.0312,31.2587
2021-04-13,78661,2706855,34.35,34.5,34.35,34.45,0.1,56,0.9100060162381447,31.2587,31.3497,31.2587,31.3952
2021-04-14,69020,2361181,34.2,34.4,34.1,34.25,-0.2,54,0.9100060162381447,31.1222,31.1677,31.0312,31.3042
2021-04-15,91676,3131127,34.25,34.3,34.05,34.25,0.0,70,0.9100060162381447,31.1677,31.1677,30.9857,31.2132
2021-04-16,94138,3227888,34.2,34.4,34.2,34.3,0.05,72,0.9100060162381447,31.1222,31.2132,31.1222,31.3042
2021-04-19,90805,3118503,34.2,34.5,34.2,34.5,0.2,62,0.9100060162381447,31.1222,31.3952,31.1222,31.3952
2021-04-20,104010,3599744,34.5,34.7,34.5,34.7,0.2,70,0.9100060162381447,31.3952,31.5772,31.3952,31.5772
2021-04-21,98001,3375883,34.6,34.65,34.35,34.45,-0.25,61,0.9100060162381447,31.4862,31.3497,31.2587,31.5317
2021-04-22,98215,3366610,34.45,34.45,34.0,34.2,-0.25,63,0.9100060162381447,31.3497,31.1222,30.9402,31.3497
2021-04-23,125000,4282650,34.2,34.5,34.1,34.15,-0.05,90,0.9100060162381447,31.1222,31.0767,31.0312,31.3952
2021-04-26,92503,3182050,34.15,34.6,34.15,34.6,0.45,69,0.9100060162381447,31.0767,31.4862,31.0767,31.4862
2021-04-27,93632,3237530,34.6,34.8,34.4,34.8,0.2,65,0.9100060162381447,31.4862,31.6682,31.3042,31.6682
2021-04-28,84004,2927431,34.8,35.0,34.65,35.0,0.2,61,0.9100060162381447,31.6682,31.8502,31.5317,31.8502
2021-04-29,96501,3334833,34.8,34.8,34.3,34.6,-0.4,53,0.9100060162381447,31.6682,31.4862,31.2132,31.6682
2021-05-03,108223,3696232,34.6,34.6,34.0,34.2,-0.4,59,0.9100060162381447,31.4862,31.1222,30.9402,31.4862
2021-05-04,96000,3220700,34.15,34.15,32.95,33.65,-0.55,47,0.9100060162381447,31.0767,30.6217,29.9847,31.0767
2021-05-05,90000,2961750,33.65,33.65,32.7,32.9,-0.75,57,0.9100060162381447,30.6217,29.9392,29.7572,30.6217
2021-05-06,87000,2885050,32.9,33.6,32.75,32.75,-0.15,67,0.9100060162381447,29.9392,29.8027,29.8027,30.5762
2021-05-07,105679,3510903,32.8,33.5,32.8,32.95,0.2,73,0.9100060162381447,29.8482,29.9847,29.8482,30.4852
2021-05-10,79003,2601246,32.95,33.05,32.8,32.95,0.0,64,0.9100060162381447,29.9847,29.9847,29.8482,30.0757
2021-05-11,95000,3128500,32.95,33.1,32.75,33.0,0.05,61,0.9100060162381447,29.9847,30.0302,29.8027,30.1212
2021-05-12,147000,4786550,33.0,33.05,31.7,32.05,-0.95,85,0.9100060162381447,30.0302,29.1657,28.8472,30.0757
2021-05-13,100000,3163100,32.1,32.1,31.3,31.8,-0.25,79,0.9100060162381447,29.2112,28.9382,28.4832,29.2112
2021-05-14,109317,3462428,31.6,32.1,31.25,32.1,0.3,65,0.9100060162381447,28.7562,29.2112,28.4377,29.2112
2021-05-17,76413,2437653,32.1,32.2,31.3,31.95,-0.15,50,0.9100060162381447,29.2112,29.0747,28.4832,29.3022
2021-05-18,77000,2436800,31.95,32.05,31.1,31.85,-0.1,66,0.9100060162381447,29.0747,28.9837,28.3012,29.1657
2021-05-19,81000,2571550,31.85,32.0,31.5,31.65,-0.2,56,0.9100060162381447,28.9837,28.8017,28.6652,29.1202
2021-05-20,73000,2293050,31.65,31.7,31.2,31.45,-0.2,52,0.9100060162381447,28.8017,28.6197,28.3922,28.8472
2021-05-21,69000,2176350,31.45,31.7,31.35,31.6,0.15,57,0.9100060162381447,28.6197,28.7562,28.5287,28.8472
2021-05-24,83076,2615459,31.6,31.7,31.2,31.2,-0.4,60,0.9100060162381447,28.7562,28.3922,28.3922,28.8472
2021-05-25,112600,3566130,31.2,31.8,31.2,31.8,0.6,42,0.9100060162381447,28.3922,28.9382,28.3922,28.9382
2021-05-26,116401,3736402,31.8,32.45,31.4,32.2,0.4,78,0.9100060162381447,28.9382,29.3022,28.5742,29.5297
2021-05-27,62001,1966781,32.2,32.25,31.4,31.65,-0.55,40,0.9100060162381447,29.3022,28.8017,28.5742,29.3477
2021-05-28,76000,2418250,31.65,32.0,31.65,32.0,0.35,44,0.9100060162381447,28.8017,29.1202,28.8017,29.1202
2021-05-31,85002,2734914,32.0,32.3,31.9,32.2,0.2,54,0.9100060162381447,29.1202,29.3022,29.0292,29.3932
2021-06-01,89000,2880100,32.2,32.45,32.2,32.4,0.2,57,0.9100060162381447,29.3022,29.4842,29.3022,29.5297
2021-06-02,82000,2670900,32.4,32.65,32.4,32.6,0.2,58,0.9100060162381447,29.4842,29.6662,29.4842,29.7117
2021-06-03,91000,2972100,32.6,32.8,32.5,32.8,0.2,58,0.9100060162381447,29.6662,29.8482,29.5752,29.8482
2021-06-04,84000,2739250,32.7,32.7,32.5,32.7,-0.1,56,0.9100060162381447,29.7572,29.7572,29.5752,29.7572
2021-06-07,78000,2520550,32.7,32.7,32.2,32.3,-0.4,47,0.9100060162381447,29.7572,29.3932,29.3022,29.7572
2021-06-08,77005,2487810,32.3,32.4,32.1,32.4,0.1,52,0.9100060162381447,29.3932,29.4842,29.2112,29.4842
2021-06-09,84000,2721750,32.4,32.5,32.2,32.5,0.1,57,0.9100060162381447,29.4842,29.5752,29.3022,29.5752
2021-06-10,103004,3381880,32.5,33.1,32.5,33.0,0.5,76,0.9100060162381447,29.5752,30.0302,29.5752,30.1212
2021-06-11,95215,3147748,33.0,33.4,32.9,33.4,0.4,55,0.9100060162381447,30.0302,30.3942,29.9392,30.3942
2021-06-15,86000,2885900,33.4,33.6,33.4,33.6,0.2,52,0.9100060162381447,30.3942,30.5762,30.3942,30.5762
2021-06-16,95000,3189300,33.6,33.65,33.35,33.5,-0.1,52,0.9100060162381447,30.5762,30.4852,30.3487,30.6217
2021-06-17,83009,2761993,33.5,33.5,33.0,33.0,-0.5,56,0.9100060162381447,30.4852,30.0302,30.0302,30.4852
2021-06-18,100003,3298696,33.0,33.15,32.8,33.15,0.15,55,0.9100060162381447,30.0302,30.1667,29.8482,30.1667
2021-06-21,105100,3484310,33.15,33.3,33.0,33.2,0.05,62,0.9100060162381447,30.1667,30.2122,30.0302,30.3032
2021-06-22,113492,3794405,33.2,33.8,33.2,33.8,0.6,79,0.9100060162381447,30.2122,30.7582,30.2122,30.7582
2021-06-23,96000,3314250,33.8,34.95,33.8,34.95,1.15,73,0.9100060162381447,30.7582,31.8047,30.7582,31.8047
2021-06-24,112592,3952201,34.7,35.8,34.7,35.8,0.85,88,0.9100060162381447,31.5772,32.5782,31.5772,32.5782
2021-06-25,92216,3336821,35.8,36.5,35.8,36.5,0.7,97,0.9100060162381447,32.5782,33.2152,32.5782,33.2152
2021-06-28,89016,3286592,36.5,37.35,36.5,37.1,0.6,61,0.9100060162381447,33.2152,33.7612,33.2152,33.9887
2021-06-29,100309,3714517,37.1,37.25,36.9,37.2,0.1,74,0.9100060162381447,33.7612,33.8522,33.5792,33.8977
2021-06-30,89000,3314300,37.2,37.35,37.0,37.35,0.15,75,0.9100060162381447,33.8522,33.9887,33.6702,33.9887
2021-07-01,85635,3201006,37.35,37.55,37.25,37.4,0.05,79,0.9100060162381447,33.9887,34.0342,33.8977,34.1707
2021-07-02,93000,3484150,37.4,37.75,37.25,37.55,0.15,61,0.9100060162381447,34.0342,34.1707,33.8977,34.3527
2021-07-05,100216,3778996,37.55,38.15,37.35,38.15,0.6,72,0.9100060162381447,34.1707,34.7167,33.9887,34.7167
2021-07-06,109014,4137382,38.15,38.3,37.7,38.0,-0.15,58,0.9100060162381447,34.7167,34.5802,34.3072,34.8532
2021-07-07,90000,3411900,38.0,38.1,37.75,38.05,0.05,66,0.9100060162381447,34.5802,34.6257,34.3527,34.6712
2021-07-08,88002,3344774,38.05,38.1,37.9,38.1,0.05,66,0.9100060162381447,34.6257,34.6712,34.4892,34.6712
2021-07-09,90000,3407050,38.1,38.1,37.7,38.0,-0.1,62,0.9100060162381447,34.6712,34.5802,34.3072,34.6712
2021-07-12,95000,3602250,38.0,38.2,37.75,38.0,0.0,74,0.9100060162381447,34.5802,34.5802,34.3527,34.7622
2021-07-13,142154,5552083,38.1,40.0,38.1,39.35,1.35,101,0.9100060162381447,34.6712,35.8087,34.6712,36.4002
2021-07-14,86201,3411259,39.5,40.0,39.35,39.7,0.35,73,0.9100060162381447,35.9452,36.1272,35.8087,36.4002
2021-07-15,103203,4268600,40.25,41.85,40.25,41.45,1.75,89,0.9100060162381447,36.6277,37.7197,36.6277,38.0838
2021-07-16,100342,4154179,41.5,41.8,41.2,41.2,-0.25,59,0.9100060162381447,37.7652,37.4922,37.4922,38.0383
2021-07-19,83111,3319714,41.2,41.2,39.6,40.0,-1.2,63,0.9100060162381447,37.4922,36.4002,36.0362,37.4922
2021-07-20,84000,3368450,40.0,40.35,39.85,40.2,0.2,58,0.9100060162381447,36.4002,36.5822,36.2637,36.7187
2021-07-21,83160,3343442,40.2,40.5,40.05,40.05,-0.15,61,0.9100060162381447,36.5822,36.4457,36.4457,36.8552
2021-07-22,158095,6628170,40.05,43.5,40.05,43.3,3.25,122,0.9100060162381447,36.4457,39.4033,36.4457,39.5853
2021-07-23,129635,5588445,43.3,43.6,42.65,42.65,-0.65,92,0.9100060162381447,39.4033,38.8118,38.8118,39.6763
2021-07-26,108000,4620500,42.65,43.25,42.4,42.6,-0.05,72,0.9100060162381447,38.8118,38.7663,38.5843,39.3578
2021-07-27,103214,4376822,42.6,42.7,42.0,42.25,-0.35,69,0.9100060162381447,38.7663,38.4478,38.2203,38.8573
2021-07-28,109985,4597225,42.25,42.25,41.7,41.7,-0.55,81,0.9100060162381447,38.4478,37.9473,37.9473,38.4478
2021-07-29,148926,6346884,41.7,43.45,41.7,43.2,1.5,109,0.9100060162381447,37.9473,39.3123,37.9473,39.5398
2021-07-30,128301,5524417,43.2,43.4,42.6,42.6,-0.6,85,0.9100060162381447,39.3123,38.7663,38.7663,39.4943
2021-08-02,107023,4568721,42.6,43.1,42.3,42.7,0.1,80,0.9100060162381447,38.7663,38.8573,38.4933,39.2213
2021-08-03,84716,3617586,42.7,42.9,42.55,42.75,0.05,64,0.9100060162381447,38.8573,38.9028,38.7208,39.0393
2021-08-04,95270,4079296,42.75,42.95,42.6,42.9,0.15,68,0.9100060162381447,38.9028,39.0393,38.7663,39.0848
2021-08-05,104150,4457685,42.9,43.05,42.4,43.0,0.1,62,0.9100060162381447,39.0393,39.1303,38.5843,39.1758
2021-08-06,115215,4958488,43.0,43.4,42.8,43.4,0.4,71,0.9100060162381447,39.1303,39.4943,38.9483,39.4943
2021-08-09,107001,4621793,43.4,43.4,43.05,43.25,-0.15,69,0.9100060162381447,39.4943,39.3578,39.1758,39.4943
2021-08-10,97230,4191990,43.25,43.35,42.9,43.25,0.0,63,0.9100060162381447,39.3578,39.3578,39.0393,39.4488
2021-08-11,136292,5869949,43.25,43.45,42.7,43.4,0.15,83,0.9100060162381447,39.3578,39.4943,38.8573,39.5398
2021-08-12,108180,4703488,43.4,43.75,43.25,43.75,0.35,76,0.9100060162381447,39.4943,39.8128,39.3578,39.8128
2021-08-13,114739,4977427,43.75,43.75,43.2,43.2,-0.55,70,0.9100060162381447,39.8128,39.3123,39.3123,39.8128
2021-08-16,123444,5311610,43.1,43.2,42.85,43.2,0.0,69,0.9100060162381447,39.2213,39.3123,38.9938,39.3123
2021-08-17,108001,4668893,43.2,43.35,43.1,43.25,0.05,69,0.9100060162381447,39.3123,39.3578,39.2213,39.4488
2021-08-18,100985,4365656,43.2,43.5,43.0,43.5,0.25,64,0.9100060162381447,39.3123,39.5853,39.1303,39.5853
2021-08-19,85744,3709375,43.5,43.5,43.1,43.3,-0.2,64,0.9100060162381447,39.5853,39.4033,39.2213,39.5853
2021-08-20,150706,6660207,43.3,44.7,43.2,44.5,1.2,120,0.9100060162381447,39.4033,40.4953,39.3123,40.6773
2021-08-23,116799,5248366,44.5,45.3,44.5,45.0,0.5,99,0.9100060162381447,40.4953,40.9503,40.4953,41.2233
2021-08-24,101532,4557051,45.0,45.05,44.65,44.95,-0.05,62,0.9100060162381447,40.9503,40.9048,40.6318,40.9958
2021-08-25,98215,4431332,44.95,45.3,44.95,45.1,0.15,65,0.9100060162381447,40.9048,41.0413,40.9048,41.2233
2021-08-26,107259,4822775,45.1,45.1,44.7,44.9,-0.2,65,0.9100060162381447,41.0413,40.8593,40.6773,41.0413
2021-08-27,96004,4318776,44.9,45.15,44.8,45.05,0.15,60,0.9100060162381447,40.8593,40.9958,40.7683,41.0868
2021-08-30,83000,3736500,45.05,45.1,44.8,45.05,0.0,46,0.9100060162381447,40.9958,40.9958,40.7683,41.0413
2021-08-31,113888,5137546,45.05,45.5,44.85,45.5,0.45,80,0.9100060162381447,40.9958,41.4053,40.8138,41.4053
2021-09-01,138000,6270800,45.45,45.55,45.2,45.5,0.0,77,0.9100060162381447,41.3598,41.4053,41.1323,41.4508
2021-09-02,102916,4713509,45.5,46.0,45.5,45.85,0.35,58,0.9100060162381447,41.4053,41.7238,41.4053,41.8603
2021-09-03,169734,7863639,45.85,47.0,45.8,46.2,0.35,122,0.9100060162381447,41.7238,42.0423,41.6783,42.7703
2021-09-06,104782,4825786,46.2,46.25,45.8,46.2,0.0,81,0.9100060162381447,42.0423,42.0423,41.6783,42.0878
2021-09-07,97923,4498038,46.2,46.2,45.75,46.0,-0.2,60,0.9100060162381447,42.0423,41.8603,41.6328,42.0423
2021-09-08,159012,7269996,46.0,46.0,45.4,45.6,-0.4,69,0.9100060162381447,41.8603,41.4963,41.3143,41.8603
2021-09-09,95565,4343540,45.6,45.65,45.2,45.35,-0.25,52,0.9100060162381447,41.4963,41.2688,41.1323,41.5418
2021-09-10,89125,4044018,45.35,45.5,45.2,45.4,0.05,54,0.9100060162381447,41.2688,41.3143,41.1323,41.4053
2021-09-13,115095,5205994,45.4,45.4,45.1,45.15,-0.25,61,0.9100060162381447,41.3143,41.0868,41.0413,41.3143
2021-09-14,109000,4900950,45.1,45.1,44.8,44.85,-0.3,67,0.9100060162381447,41.0413,40.8138,40.7683,41.0413
2021-09-15,119000,5270450,44.85,44.85,43.5,43.7,-1.15,68,0.9100060162381447,40.8138,39.7673,39.5853,40.8138
2021-09-16,103641,4491852,43.7,43.7,42.8,42.8,-0.9,57,0.9100060162381447,39.7673,38.9483,38.9483,39.7673
2021-09-17,69000,2939400,42.8,42.8,42.4,42.8,0.0,44,0.9100060162381447,38.9483,38.9483,38.5843,38.9483
2021-09-22,159055,7048315,43.0,45.5,43.0,45.2,2.4,105,0.9100060162381447,39.1303,41.1323,39.1303,41.4053
2021-09-23,99011,4422395,45.2,45.4,44.0,44.0,-1.2,63,0.9100060162381447,41.1323,40.0403,40.0403,41.3143
2021-09-24,75216,3273141,44.0,44.0,43.1,43.5,-0.5,40,0.9100060162381447,40.0403,39.5853,39.2213,40.0403
2021-09-27,91155,3897491,43.5,43.5,42.2,42.7,-0.8,62,0.9100060162381447,39.5853,38.8573,38.4023,39.5853
2021-09-28,219023,8634731,41.4,41.4,37.8,38.2,0.0,107,0.9374488997193915,38.8104,35.8105,35.4356,38.8104
2021-09-29,85724,3259540,38.2,38.25,37.8,38.15,-0.05,80,0.9374488997193915,35.8105,35.7637,35.4356,35.8574
2021-09-30,63000,2402000,38.15,38.2,38.0,38.1,-0.05,37,0.9374488997193915,35.7637,35.7168,35.6231,35.8105
2021-10-01,103111,3857834,38.1,38.1,36.3,37.7,-0.4,79,0.9374488997193915,35.7168,35.3418,34.0294,35.7168
2021-10-04,92000,3445950,37.7,37.75,37.1,37.2,-0.5,57,0.9374488997193915,35.3418,34.8731,34.7794,35.3887
2021-10-05,99001,3671736,37.2,37.3,36.8,36.95,-0.25,66,0.9374488997193915,34.8731,34.6387,34.4981,34.9668
2021-10-06,206130,7551262,37.0,37.2,35.8,36.4,-0.55,100,0.9374488997193915,34.6856,34.1231,33.5607,34.8731
2021-10-07,86000,3190000,36.4,37.4,36.4,37.25,0.85,59,0.9374488997193915,34.1231,34.92,34.1231,35.0606
2021-10-08,76000,2829950,37.2,37.45,37.1,37.3,0.05,39,0.9374488997193915,34.8731,34.9668,34.7794,35.1075
2021-10-12,86001,3203336,37.3,37.5,37.05,37.05,-0.25,45,0.9374488997193915,34.9668,34.7325,34.7325,35.1543
2021-10-13,75000,2786400,37.05,37.3,36.9,37.05,0.0,42,0.9374488997193915,34.7325,34.7325,34.5919,34.9668
2021-10-14,76000,2820550,37.05,37.2,37.05,37.05,0.0,42,0.9374488997193915,34.7325,34.7325,34.7325,34.8731
2021-10-15,79023,2937156,37.05,37.25,37.0,37.0,-0.05,51,0.9374488997193915,34.7325,34.6856,34.6856,34.92
2021-10-18,88001,3260835,37.0,37.3,36.95,37.0,0.0,56,0.9374488997193915,34.6856,34.6856,34.6387,34.9668
2021-10-19,105001,3887936,37.0,37.3,36.9,37.0,0.0,81,0.9374488997193915,34.6856,34.6856,34.5919,34.9668
2021-10-20,82000,3018300,37.0,37.05,36.65,36.8,-0.2,62,0.9374488997193915,34.6856,34.4981,34.3575,34.7325
2021-10-21,88000,3257100,36.9,37.15,36.8,37.0,0.2,54,0.9374488997193915,34.5919,34.6856,34.4981,34.8262
2021-10-22,83000,3072300,37.0,37.2,36.85,37.0,0.0,51,0.9374488997193915,34.6856,34.6856,34.545,34.8731
2021-10-25,91000,3372150,37.0,37.15,36.95,37.15,0.15,56,0.9374488997193915,34.6856,34.8262,34.6387,34.8262
2021-10-26,105000,3891050,37.15,37.25,36.95,37.25,0.1,73,0.9374488997193915,34.8262,34.92,34.6387,34.92
2021-10-27,84000,3121100,37.25,37.3,36.95,37.0,-0.25,51,0.9374488997193915,34.92,34.6856,34.6387,34.9668
2021-10-28,87000,3213800,37.0,37.1,36.8,36.95,-0.05,47,0.9374488997193915,34.6856,34.6387,34.4981,34.7794
2021-10-29,98273,3610418,36.95,36.95,36.55,36.9,-0.05,69,0.9374488997193915,34.6387,34.5919,34.2638,34.6387
2021-11-01,105001,3903436,37.0,37.7,36.8,37.4,0.5,78,0.9374488997193915,34.6856,35.0606,34.4981,35.3418
2021-11-02,83000,3106800,37.3,37.8,37.1,37.6,0.2,54,0.9374488997193915,34.9668,35.2481,34.7794,35.4356
2021-11-03,82785,3091624,37.6,37.6,37.1,37.5,-0.1,55,0.9374488997193915,35.2481,35.1543,34.7794,35.2481
2021-11-04,79000,2949100,37.4,37.7,37.15,37.3,-0.2,52,0.9374488997193915,35.0606,34.9668,34.8262,35.3418
2021-11-05,103891,3842616,37.3,37.5,36.6,36.85,-0.45,81,0.9374488997193915,34.9668,34.545,34.3106,35.1543
2021-11-08,78090,2893557,37.0,37.2,36.9,37.1,0.25,52,0.9374488997193915,34.6856,34.7794,34.5919,34.8731
2021-11-09,88045,3284164,37.1,37.55,37.1,37.4,0.3,57,0.9374488997193915,34.7794,35.0606,34.7794,35.2012
2021-11-10,79776,2974285,37.4,37.45,37.1,37.4,0.0,52,0.9374488997193915,35.0606,35.0606,34.7794,35.1075
2021-11-11,87611,3256092,37.4,37.4,37.0,37.3,-0.1,59,0.9374488997193915,35.0606,34.9668,34.6856,35.0606
2021-11-12,79305,2957207,37.3,37.5,37.1,37.3,0.0,60,0.9374488997193915,34.9668,34.9668,34.7794,35.1543
2021-11-15,72000,2692200,37.3,37.5,37.15,37.35,0.05,45,0.9374488997193915,34.9668,35.0137,34.8262,35.1543
2021-11-16,71003,2650511,37.3,37.5,37.15,37.4,0.05,49,0.9374488997193915,34.9668,35.0606,34.8262,35.1543
2021-11-17,92090,3430780,37.4,37.5,37.05,37.25,-0.15,43,0.9374488997193915,35.0606,34.92,34.7325,35.1543
2021-11-18,77030,2879467,37.25,37.8,37.1,37.45,0.2,46,0.9374488997193915,34.92,35.1075,34.7794,35.4356
2021-11-19,74211,2776749,37.45,37.5,37.2,37.45,0.0,47,0.9374488997193915,35.1075,35.1075,34.8731,35.1543
2021-11-22,80000,2983250,37.4,37.5,37.05,37.2,-0.25,54,0.9374488997193915,35.0606,34.8731,34.7325,35.1543
2021-11-23,79221,2921816,37.2,37.2,36.6,36.9,-0.3,57,0.9374488997193915,34.8731,34.5919,34.3106,34.8731
2021-11-24,82392,3050551,37.0,37.25,36.85,37.1,0.2,54,0.9374488997193915,34.6856,34.7794,34.545,34.92
2021-11-25,73327,2722499,37.1,37.25,36.95,37.2,0.1,52,0.9374488997193915,34.7794,34.8731,34.6387,34.92
2021-11-26,75002,2762723,37.2,37.2,36.65,36.9,-0.3,57,0.9374488997193915,34.8731,34.5919,34.3575,34.8731
2021-11-29,80094,2955899,36.9,37.15,36.5,37.0,0.1,52,0.9374488997193915,34.5919,34.6856,34.2169,34.8262
2021-11-30,80051,2971974,37.0,37.3,36.95,36.95,-0.05,56,0.9374488997193915,34.6856,34.6387,34.6387,34.9668
2021-12-01,98010,3589163,37.0,37.1,36.1,36.45,-0.5,66,0.9374488997193915,34.6856,34.17,33.8419,34.7794
2021-12-02,87029,3134671,36.6,36.6,35.6,36.2,-0.25,66,0.9374488997193915,34.3106,33.9357,33.3732,34.3106
2021-12-03,74005,2676780,36.2,36.25,36.0,36.2,0.0,36,0.9374488997193915,33.9357,33.9357,33.7482,33.9825
2021-12-06,75232,2682139,36.2,36.35,35.2,35.5,-0.7,58,0.9374488997193915,33.9357,33.2794,32.9982,34.0763
2021-12-07,71180,2519131,35.5,35.75,35.2,35.4,-0.1,50,0.9374488997193915,33.2794,33.1857,32.9982,33.5138
2021-12-08,73684,2615238,35.4,35.6,35.4,35.55,0.15,49,0.9374488997193915,33.1857,33.3263,33.1857,33.3732
2021-12-09,74003,2635406,35.4,35.8,35.4,35.65,0.1,41,0.9374488997193915,33.1857,33.4201,33.1857,33.5607
2021-12-10,82000,2914250,35.7,35.85,35.4,35.85,0.2,42,0.9374488997193915,33.4669,33.6075,33.1857,33.6075
2021-12-13,76025,2727592,35.9,36.05,35.7,35.9,0.05,45,0.9374488997193915,33.6544,33.6544,33.4669,33.795
2021-12-14,72967,2596584,35.9,35.9,35.4,35.4,-0.5,149,0.9374488997193915,33.6544,33.1857,33.1857,33.6544
2021-12-15,72010,2544904,35.4,35.65,35.1,35.2,-0.2,41,0.9374488997193915,33.1857,32.9982,32.9045,33.4201
2021-12-16,70029,2476673,35.5,35.5,35.0,35.3,0.1,42,0.9374488997193915,33.2794,33.0919,32.8107,33.2794
2021-12-17,69031,2440186,35.3,35.4,35.3,35.35,0.05,34,0.9374488997193915,33.0919,33.1388,33.0919,33.1857
2021-12-20,65010,2290052,35.35,35.35,35.1,35.25,-0.1,39,0.9374488997193915,33.1388,33.0451,32.9045,33.1388
2021-12-21,77066,2728933,35.3,35.65,35.25,35.65,0.4,48,0.9374488997193915,33.0919,33.4201,33.0451,33.4201
2021-12-22,71021,2542290,35.65,35.9,35.6,35.9,0.25,41,0.9374488997193915,33.4201,33.6544,33.3732,33.6544
2021-12-23,81012,2927082,35.9,36.5,35.9,36.45,0.55,48,0.9374488997193915,33.6544,34.17,33.6544,34.2169
2021-12-24,78044,2860192,36.45,36.8,36.45,36.55,0.1,55,0.9374488997193915,34.17,34.2638,34.17,34.4981
2021-12-27,88843,3254273,36.55,36.75,36.4,36.75,0.2,153,0.9374488997193915,34.2638,34.4512,34.1231,34.4512
2021-12-28,72442,2662827,36.7,36.85,36.6,36.75,0.0,39,0.9374488997193915,34.4044,34.4512,34.3106,34.545
2021-12-29,73760,2706129,36.7,36.8,36.5,36.7,-0.05,136,0.9374488997193915,34.4044,34.4044,34.2169,34.4981
2021-12-30,71011,2601552,36.6,36.8,36.45,36.6,-0.1,41,0.9374488997193915,34.3106,34.3106,34.17,34.4981
2022-01-03,72500,2645450,36.6,36.7,36.2,36.5,-0.1,41,0.9374488997193915,34.3106,34.2169,33.9357,34.4044
2022-01-04,86000,3145250,36.5,36.75,36.3,36.5,0.0,44,0.9374488997193915,34.2169,34.2169,34.0294,34.4512
2022-01-05,82442,2985950,36.5,36.5,36.0,36.4,-0.1,59,0.9374488997193915,34.2169,34.1231,33.7482,34.2169
2022-01-06,81000,2925150,36.4,36.4,36.0,36.0,-0.4,44,0.9374488997193915,34.1231,33.7482,33.7482,34.1231
2022-01-07,75000,2692400,36.2,36.3,35.65,35.75,-0.25,37,0.9374488997193915,33.9357,33.5138,33.4201,34.0294
2022-01-10,75000,2674050,35.7,35.75,35.45,35.55,-0.2,45,0.9374488997193915,33.4669,33.3263,33.2326,33.5138
2022-01-11,72010,2548104,35.55,35.6,35.1,35.4,-0.15,48,0.9374488997193915,33.3263,33.1857,32.9045,33.3732
2022-01-12,70018,2477383,35.4,35.55,35.15,35.45,0.05,45,0.9374488997193915,33.1857,33.2326,32.9513,33.3263
2022-01-13,69000,2447450,35.45,35.55,35.3,35.5,0.05,37,0.9374488997193915,33.2326,33.2794,33.0919,33.3263
2022-01-14,70179,2473765,35.5,35.6,35.0,35.35,-0.15,55,0.9374488997193915,33.2794,33.1388,32.8107,33.3732
2022-01-17,76050,2681811,35.35,35.4,34.95,35.05,-0.3,56,0.9374488997193915,33.1388,32.8576,32.7638,33.1857
2022-01-18,71001,2491684,35.1,35.25,35.0,35.1,0.05,37,0.9374488997193915,32.9045,32.9045,32.8107,33.0451
2022-01-19,60010,2103250,35.1,35.15,34.8,35.0,-0.1,45,0.9374488997193915,32.9045,32.8107,32.6232,32.9513
2022-01-20,64000,2236900,35.0,35.05,34.75,35.0,0.0,39,0.9374488997193915,32.8107,32.8107,32.5763,32.8576
2022-01-21,69010,2387297,35.0,35.05,34.3,34.3,-0.7,63,0.9374488997193915,32.8107,32.1545,32.1545,32.8576
2022-01-24,91005,3163070,34.4,35.1,34.3,34.3,0.0,60,0.9374488997193915,32.2482,32.1545,32.1545,32.9045
2022-01-25,63009,2156005,34.3,34.4,34.1,34.3,0.0,54,0.9374488997193915,32.1545,32.1545,31.967,32.2482
2022-01-26,66000,2260350,34.3,34.35,34.15,34.3,0.0,47,0.9374488997193915,32.1545,32.1545,32.0139,32.2014
2022-02-07,73000,2511950,34.2,34.7,34.0,34.65,0.35,48,0.9374488997193915,32.0608,32.4826,31.8733,32.5295
2022-02-08,88000,3035100,34.6,34.7,34.15,34.45,-0.2,64,0.9374488997193915,32.4357,32.2951,32.0139,32.5295
2022-02-09,85075,2935386,34.45,34.7,34.3,34.7,0.25,67,0.9374488997193915,32.2951,32.5295,32.1545,32.5295
2022-02-10,76346,2650652,34.6,34.85,34.4,34.85,0.15,66,0.9374488997193915,32.4357,32.6701,32.2482,32.6701
2022-02-11,80177,2763380,34.8,34.8,34.3,34.35,-0.5,74,0.9374488997193915,32.6232,32.2014,32.1545,32.6232
2022-02-14,79176,2700684,34.35,34.4,33.95,34.2,-0.15,73,0.9374488997193915,32.2014,32.0608,31.8264,32.2482
2022-02-15,78016,2664797,34.2,34.25,33.95,34.2,0.0,52,0.9374488997193915,32.0608,32.0608,31.8264,32.1076
2022-02-16,78000,2675850,34.2,34.4,34.2,34.4,0.2,44,0.9374488997193915,32.0608,32.2482,32.0608,32.2482
2022-02-17,78321,2701388,34.4,34.8,34.3,34.6,0.2,52,0.9374488997193915,32.2482,32.4357,32.1545,32.6232
2022-02-18,74001,2561884,34.6,34.75,34.4,34.75,0.15,47,0.9374488997193915,32.4357,32.5763,32.2482,32.5763
2022-02-21,75029,2596054,34.75,34.75,34.5,34.75,0.0,56,0.9374488997193915,32.5763,32.5763,32.342,32.5763
2022-02-22,66291,2266718,34.7,34.7,34.0,34.15,-0.6,59,0.9374488997193915,32.5295,32.0139,31.8733,32.5295
2022-02-23,75379,2577423,34.1,34.25,34.1,34.25,0.1,47,0.9374488997193915,31.967,32.1076,31.967,32.1076
2022-02-24,73000,2494050,34.2,34.3,33.7,34.05,-0.2,48,0.9374488997193915,32.0608,31.9201,31.592,32.1545
2022-02-25,74000,2519250,34.1,34.2,33.9,34.2,0.15,43,0.9374488997193915,31.967,32.0608,31.7795,32.0608
2022-04-01,72508,2402890,33.25,33.3,32.95,32.95,-0.3,52,0.9374488997193915,31.1702,30.8889,30.8889,31.217
2022-04-06,66001,2167633,32.95,32.95,32.75,32.9,-0.05,53,0.9374488997193915,30.8889,30.8421,30.7015,30.8889
2022-04-07,94005,3076465,32.9,32.9,32.4,32.9,0.0,67,0.9374488997193915,30.8421,30.8421,30.3733,30.8421
2022-04-08,73000,2411000,32.9,33.2,32.85,32.9,0.0,63,0.9374488997193915,30.8421,30.8421,30.7952,31.1233
2022-04-11,84001,2750082,32.9,33.0,32.4,32.6,-0.3,57,0.9374488997193915,30.8421,30.5608,30.3733,30.9358
2022-04-12,73118,2385850,32.5,32.75,32.5,32.75,0.15,53,0.9374488997193915,30.4671,30.7015,30.4671,30.7015
2022-04-13,123839,4073350,32.75,33.6,32.7,33.6,0.85,84,0.9374488997193915,30.7015,31.4983,30.6546,31.4983
2022-04-14,76000,2571100,33.6,34.0,33.5,33.75,0.15,59,0.9374488997193915,31.4983,31.6389,31.4045,31.8733
2022-04-15,62121,2084065,33.75,33.75,33.3,33.65,-0.1,48,0.9374488997193915,31.6389,31.5452,31.217,31.6389
2022-04-18,79122,2650911,33.65,33.75,33.15,33.55,-0.1,50,0.9374488997193915,31.5452,31.4514,31.0764,31.6389
2022-04-19,75000,2525300,33.55,33.8,33.5,33.8,0.25,48,0.9374488997193915,31.4514,31.6858,31.4045,31.6858
2022-04-20,77000,2606750,33.8,34.05,33.55,33.8,0.0,54,0.9374488997193915,31.6858,31.6858,31.4514,31.9201
2022-04-21,80000,2707200,33.8,34.0,33.55,34.0,0.2,55,0.9374488997193915,31.6858,31.8733,31.4514,31.8733
2022-04-22,68000,2301050,34.0,34.0,33.6,33.9,-0.1,50,0.9374488997193915,31.8733,31.7795,31.4983,31.8733
2022-04-25,57001,1908537,33.9,33.9,33.15,33.4,-0.5,45,0.9374488997193915,31.7795,31.3108,31.0764,31.7795
2022-04-26,75089,2517787,33.4,33.7,33.3,33.7,0.3,54,0.9374488997193915,31.3108,31.592,31.217,31.592
2022-04-27,66472,2224512,33.7,33.7,33.3,33.55,-0.15,51,0.9374488997193915,31.592,31.4514,31.217,31.592
2022-04-28,76221,2563947,33.55,33.9,33.4,33.9,0.35,53,0.9374488997193915,31.4514,31.7795,31.3108,31.7795
2022-04-29,71102,2395290,33.8,33.95,33.4,33.55,-0.35,53,0.9374488997193915,31.6858,31.4514,31.3108,31.8264
2022-05-03,65002,2172566,33.55,33.65,33.1,33.5,-0.05,51,0.9374488997193915,31.4514,31.4045,31.0296,31.5452
2022-05-04,72000,2414750,33.5,33.65,33.4,33.6,0.1,45,0.9374488997193915,31.4045,31.4983,31.3108,31.5452
2022-05-05,81000,2718400,33.6,33.75,33.35,33.4,-0.2,47,0.9374488997193915,31.4983,31.3108,31.2639,31.6389
2022-05-06,56001,1830682,33.2,33.2,32.4,32.5,-0.9,43,0.9374488997193915,31.1233,30.4671,30.3733,31.1233
2022-05-09,51000,1630950,32.5,32.5,31.7,31.9,-0.6,33,0.9374488997193915,30.4671,29.9046,29.7171,30.4671
2022-05-10,70002,2234763,31.9,32.05,31.75,32.0,0.1,50,0.9374488997193915,29.9046,29.9984,29.764,30.0452
2022-05-11,72011,2294698,32.0,32.05,31.75,31.8,-0.2,57,0.9374488997193915,29.9984,29.8109,29.764,30.0452
2022-05-12,52000,1651850,31.8,31.85,31.6,31.75,-0.05,39,0.9374488997193915,29.8109,29.764,29.6234,29.8577
2022-05-13,77049,2465018,31.75,32.2,31.7,32.2,0.45,53,0.9374488997193915,29.764,30.1859,29.7171,30.1859
2022-05-16,79000,2552350,32.2,32.45,32.2,32.45,0.25,54,0.9374488997193915,30.1859,30.4202,30.1859,30.4202
2022-05-17,73499,2399675,32.45,32.9,32.45,32.9,0.45,53,0.9374488997193915,30.4202,30.8421,30.4202,30.8421
2022-05-18,94000,3084600,32.8,33.0,32.6,32.65,-0.25,77,0.9374488997193915,30.7483,30.6077,30.5608,30.9358
2022-05-19,54000,1754400,32.5,32.6,32.2,32.6,-0.05,40,0.9374488997193915,30.4671,30.5608,30.1859,30.5608
2022-05-20,84000,2752450,32.7,32.9,32.55,32.9,0.3,64,0.9374488997193915,30.6546,30.8421,30.514,30.8421
2022-05-23,84001,2770632,32.9,33.15,32.7,32.95,0.05,62,0.9374488997193915,30.8421,30.8889,30.6546,31.0764
2022-05-24,66000,2166650,32.9,33.05,32.55,32.55,-0.4,50,0.9374488997193915,30.8421,30.514,30.514,30.9827
2022-05-25,77002,2508414,32.6,32.8,32.4,32.65,0.1,55,0.9374488997193915,30.5608,30.6077,30.3733,30.7483
2022-05-26,64166,2091045,32.65,32.7,32.35,32.65,0.0,51,0.9374488997193915,30.6077,30.6077,30.3265,30.6546
2022-05-27,83106,2728732,32.7,33.0,32.65,33.0,0.35,53,0.9374488997193915,30.6546,30.9358,30.6077,30.9358
2022-05-30,117000,3897900,33.0,33.8,33.0,33.5,0.5,99,0.9374488997193915,30.9358,31.4045,30.9358,31.6858
2022-05-31,106100,3553778,33.5,33.8,33.2,33.8,0.3,87,0.9374488997193915,31.4045,31.6858,31.1233,31.6858
2022-06-01,84354,2836317,33.8,33.8,33.35,33.35,-0.45,69,0.9374488997193915,31.6858,31.2639,31.2639,31.6858
2022-06-02,76000,2534100,33.35,33.45,33.1,33.4,0.05,56,0.9374488997193915,31.2639,31.3108,31.0296,31.3577
2022-06-06,103000,3450350,33.4,33.7,33.35,33.7,0.3,83,0.9374488997193915,31.3108,31.592,31.2639,31.592
2022-06-07,81001,2716783,33.7,33.7,33.35,33.65,-0.05,57,0.9374488997193915,31.592,31.5452,31.2639,31.592
2022-06-08,98000,3297100,33.65,33.8,33.45,33.65,0.0,70,0.9374488997193915,31.5452,31.5452,31.3577,31.6858
2022-06-09,77000,2583950,33.6,33.65,33.4,33.6,-0.05,48,0.9374488997193915,31.4983,31.4983,31.3108,31.5452
2022-06-10,82001,2747133,33.5,33.7,33.3,33.7,0.1,64,0.9374488997193915,31.4045,31.592,31.217,31.592
2022-06-13,70000,2346050,33.7,33.7,33.3,33.55,-0.15,58,0.9374488997193915,31.592,31.4514,31.217,31.592
2022-06-14,101000,3366000,33.55,33.55,33.0,33.35,-0.2,76,0.9374488997193915,31.4514,31.2639,30.9358,31.4514
2022-06-15,191977,6641205,33.35,36.65,33.3,36.65,3.3,146,0.9374488997193915,31.2639,34.3575,31.217,34.3575
2022-06-16,373467,14184542,37.5,39.0,36.65,36.65,0.0,278,0.9374488997193915,35.1543,34.3575,34.3575,36.5605
2022-06-17,68043,2451307,36.6,36.6,35.6,36.3,-0.35,68,0.9374488997193915,34.3106,34.0294,33.3732,34.3106
2022-06-20,54534,1962380,36.35,36.35,35.7,35.7,-0.6,42,0.9374488997193915,34.0763,33.4669,33.4669,34.0763
2022-06-21,83318,2956711,35.7,35.7,35.05,35.35,-0.35,66,0.9374488997193915,33.4669,33.1388,32.8576,33.4669
2022-06-22,78000,2695800,35.35,35.55,33.75,34.2,-1.15,58,0.9374488997193915,33.1388,32.0608,31.6389,33.3263
2022-06-23,71000,2433300,34.1,34.75,33.8,34.6,0.4,51,0.9374488997193915,31.967,32.4357,31.6858,32.5763
2022-06-24,82309,2944422,34.6,37.0,34.6,36.3,1.7,73,0.9374488997193915,32.4357,34.0294,32.4357,34.6856
2022-06-27,85044,3184026,36.3,38.0,36.3,37.05,0.75,71,0.9374488997193915,34.0294,34.7325,34.0294,35.6231
2022-06-28,67349,2441478,36.9,36.9,35.6,35.6,-1.45,58,0.9374488997193915,34.5919,33.3732,33.3732,34.5919
2022-06-29,59000,2088450,35.6,35.6,35.15,35.5,-0.1,43,0.9374488997193915,33.3732,33.2794,32.9513,33.3732
2022-06-30,57081,2010296,35.5,35.5,34.85,35.35,-0.15,44,0.9374488997193915,33.2794,33.1388,32.6701,33.2794
2022-07-01,69033,2432000,35.3,35.35,35.0,35.0,-0.35,52,0.9374488997193915,33.0919,32.8107,32.8107,33.1388
2022-07-04,54000,1890000,35.0,35.1,34.65,35.0,0.0,37,0.9374488997193915,32.8107,32.8107,32.4826,32.9045
2022-07-05,70000,2482600,35.4,35.65,35.05,35.5,0.5,56,0.9374488997193915,33.1857,33.2794,32.8576,33.4201
2022-07-06,53000,1869600,35.5,35.5,35.0,35.0,-0.5,38,0.9374488997193915,33.2794,32.8107,32.8107,33.2794
2022-07-07,84000,2970850,35.0,35.5,35.0,35.45,0.45,46,0.9374488997193915,32.8107,33.2326,32.8107,33.2794
2022-07-08,75002,2670218,35.45,35.75,35.15,35.5,0.05,52,0.9374488997193915,33.2326,33.2794,32.9513,33.5138
2022-07-11,61565,2168186,35.65,35.65,34.55,34.75,-0.75,47,0.9374488997193915,33.4201,32.5763,32.3889,33.4201
2022-07-12,55000,1896100,34.75,34.75,34.0,34.05,-0.7,45,0.9374488997193915,32.5763,31.9201,31.8733,32.5763
2022-07-13,98000,3353300,34.0,34.5,33.85,34.25,0.2,63,0.9374488997193915,31.8733,32.1076,31.7326,32.342
2022-07-14,84000,2867750,34.05,34.25,33.9,34.15,-0.1,56,0.9374488997193915,31.9201,32.0139,31.7795,32.1076
2022-07-15,90020,3062830,34.0,34.15,33.9,34.05,-0.1,64,0.9374488997193915,31.8733,31.9201,31.7795,32.0139
2022-07-18,81000,2775800,34.0,34.4,34.0,34.35,0.3,58,0.9374488997193915,31.8733,32.2014,31.8733,32.2482
2022-07-19,74341,2546663,34.3,34.4,34.05,34.4,0.05,58,0.9374488997193915,32.1545,32.2482,31.9201,32.2482
2022-07-20,102462,3532684,34.4,34.75,33.8,34.3,-0.1,125,0.9374488997193915,32.2482,32.1545,31.6858,32.5763
2022-07-21,81388,2791794,34.3,34.45,34.15,34.45,0.15,56,0.9374488997193915,32.1545,32.2951,32.0139,32.2951
2022-07-22,78000,2669650,34.3,34.35,33.95,34.3,-0.15,55,0.9374488997193915,32.1545,32.1545,31.8264,32.2014
2022-07-25,71000,2422600,34.3,34.3,33.8,34.25,-0.05,48,0.9374488997193915,32.1545,32.1076,31.6858,32.1545
2022-07-26,87001,2971383,34.25,34.5,33.9,34.5,0.25,70,0.9374488997193915,32.1076,32.342,31.7795,32.342
2022-07-27,76001,2611834,34.4,34.65,34.15,34.65,0.15,61,0.9374488997193915,32.2482,32.4826,32.0139,32.4826
2022-07-28,90000,3116050,34.7,34.9,34.4,34.4,-0.25,81,0.9374488997193915,32.5295,32.2482,32.2482,32.717
2022-07-29,92000,3192550,34.45,34.9,34.45,34.85,0.45,70,0.9374488997193915,32.2951,32.6701,32.2951,32.717
2022-08-01,79006,2740356,34.85,34.85,34.4,34.8,-0.05,59,0.9374488997193915,32.6701,32.6232,32.2482,32.6701
2022-08-02,74000,2506900,34.45,34.45,33.6,33.75,-1.05,59,0.9374488997193915,32.2951,31.6389,31.4983,32.2951
2022-08-03,69075,2315175,33.75,33.75,33.3,33.35,-0.4,51,0.9374488997193915,31.6389,31.2639,31.217,31.6389
2022-08-04,68001,2263333,33.5,33.5,32.85,33.1,-0.25,56,0.9374488997193915,31.4045,31.0296,30.7952,31.4045
2022-08-05,85000,2854100,33.1,33.85,33.1,33.85,0.75,55,0.9374488997193915,31.0296,31.7326,31.0296,31.7326
2022-08-08,66000,2221900,33.9,33.9,33.5,33.9,0.05,52,0.9374488997193915,31.7795,31.7795,31.4045,31.7795
2022-08-09,81057,2747782,33.9,34.4,33.65,34.4,0.5,66,0.9374488997193915,31.7795,32.2482,31.5452,32.2482
2022-08-10,76000,2588550,34.2,34.4,33.9,34.3,-0.1,61,0.9374488997193915,32.0608,32.1545,31.7795,32.2482
2022-08-11,87002,3034168,34.3,35.4,34.3,35.2,0.9,61,0.9374488997193915,32.1545,32.9982,32.1545,33.1857
2022-08-12,76285,2666875,34.95,35.1,34.7,34.95,-0.25,107,0.9374488997193915,32.7638,32.7638,32.5295,32.9045
2022-08-15,91004,3110388,34.5,34.75,33.6,33.6,-1.35,68,0.9374488997193915,32.342,31.4983,31.4983,32.5763
2022-08-16,83000,2773300,33.85,33.85,33.2,33.65,0.05,67,0.9374488997193915,31.7326,31.5452,31.1233,31.7326
2022-08-17,84001,2825483,33.7,33.8,33.35,33.65,0.0,61,0.9374488997193915,31.592,31.5452,31.2639,31.6858
2022-08-18,72000,2411500,33.5,33.6,33.25,33.5,-0.15,59,0.9374488997193915,31.4045,31.4045,31.1702,31.4983
2022-08-19,73007,2437431,33.6,33.6,33.25,33.5,0.0,58,0.9374488997193915,31.4983,31.4045,31.1702,31.4983
2022-08-22,70000,2325250,33.4,33.4,33.0,33.1,-0.4,57,0.9374488997193915,31.3108,31.0296,30.9358,31.3108
2022-08-23,84072,2731937,33.0,33.0,32.2,32.65,-0.45,75,0.9374488997193915,30.9358,30.6077,30.1859,30.9358
2022-08-24,70001,2288482,32.85,32.85,32.5,32.65,0.0,60,0.9374488997193915,30.7952,30.6077,30.4671,30.7952
2022-08-25,84004,2752730,32.65,32.95,32.5,32.75,0.1,69,0.9374488997193915,30.6077,30.7015,30.4671,30.8889
2022-08-26,81000,2674300,32.75,33.15,32.75,33.1,0.35,66,0.9374488997193915,30.7015,31.0296,30.7015,31.0764
2022-08-29,72000,2342300,32.9,32.9,32.25,32.55,-0.55,57,0.9374488997193915,30.8421,30.514,30.2327,30.8421
2022-08-30,76000,2477800,32.5,32.8,32.4,32.75,0.2,63,0.9374488997193915,30.4671,30.7015,30.3733,30.7483
2022-08-31,80070,2631202,32.7,33.0,32.65,32.9,0.15,63,0.9374488997193915,30.6546,30.8421,30.6077,30.9358
2022-09-01,52291,1691318,32.7,32.7,32.2,32.4,-0.5,50,0.9374488997193915,30.6546,30.3733,30.1859,30.6546
2022-09-02,54000,1748500,32.5,32.6,32.2,32.45,0.05,41,0.9374488997193915,30.4671,30.4202,30.1859,30.5608
2022-09-05,57004,1849428,32.45,32.55,32.3,32.5,0.05,50,0.9374488997193915,30.4202,30.4671,30.2796,30.514
2022-09-06,68000,2209850,32.6,32.7,32.3,32.3,-0.2,43,0.9374488997193915,30.5608,30.2796,30.2796,30.6546
2022-09-07,47765,1538808,32.2,32.4,32.0,32.3,0.0,96,0.9374488997193915,30.1859,30.2796,29.9984,30.3733
2022-09-08,77001,2499634,32.5,32.8,32.3,32.75,0.45,58,0.9374488997193915,30.4671,30.7015,30.2796,30.7483
2022-09-12,102002,3360716,32.8,33.6,32.6,33.4,0.65,75,0.9374488997193915,30.7483,31.3108,30.5608,31.4983
2022-09-13,76078,2541547,33.4,33.5,33.3,33.5,0.1,54,0.9374488997193915,31.3108,31.4045,31.217,31.4045
2022-09-14,55000,1826850,33.4,33.4,32.8,32.8,-0.7,44,0.9374488997193915,31.3108,30.7483,30.7483,31.3108
2022-09-15,61000,1995900,32.8,32.85,32.6,32.8,0.0,44,0.9374488997193915,30.7483,30.7483,30.5608,30.7952
2022-09-16,56299,1835368,32.7,32.9,32.45,32.8,0.0,54,0.9374488997193915,30.6546,30.7483,30.4202,30.8421
2022-09-19,63000,2059900,33.0,33.0,32.4,32.7,-0.1,54,0.9374488997193915,30.9358,30.6546,30.3733,30.9358
2022-09-20,80000,2617150,32.7,32.85,32.45,32.65,-0.05,58,0.9374488997193915,30.6546,30.6077,30.4202,30.7952
2022-09-21,73059,2376105,32.7,32.9,32.05,32.1,-0.55,62,0.9374488997193915,30.6546,30.0921,30.0452,30.8421
2022-09-22,60768,1929260,32.1,32.1,31.55,31.65,-0.45,93,0.9374488997193915,30.0921,29.6703,29.5765,30.0921
2022-09-23,50000,1576500,31.6,31.75,31.2,31.65,0.0,40,0.9374488997193915,29.6234,29.6703,29.2484,29.764
2022-09-26,56000,1758750,31.7,31.7,31.2,31.2,-0.45,44,0.9374488997193915,29.7171,29.2484,29.2484,29.7171
2022-09-27,80001,2503431,31.2,31.4,31.2,31.4,0.2,54,0.9374488997193915,29.2484,29.4359,29.2484,29.4359
2022-09-28,67000,2064200,31.4,31.5,30.0,31.1,-0.3,51,0.9374488997193915,29.4359,29.1547,28.1235,29.5296
2022-09-29,74000,2318900,31.2,31.55,31.1,31.4,0.3,52,0.9374488997193915,29.2484,29.4359,29.1547,29.5765
2022-09-30,53339,1686709,31.4,32.0,31.2,31.75,0.35,44,0.9374488997193915,29.4359,29.764,29.2484,29.9984
2022-10-03,63000,2007400,31.75,32.05,31.55,31.55,-0.2,49,0.9374488997193915,29.764,29.5765,29.5765,30.0452
2022-10-04,74166,2372578,31.6,32.15,31.6,32.1,0.55,52,0.9374488997193915,29.6234,30.0921,29.6234,30.139
2022-10-05,79000,2540900,31.95,32.3,31.95,32.05,-0.05,53,0.9374488997193915,29.9515,30.0452,29.9515,30.2796
2022-10-06,63000,2021050,32.1,32.15,32.0,32.15,0.1,40,0.9374488997193915,30.0921,30.139,29.9984,30.139
2022-10-07,56000,1801750,32.15,32.3,32.15,32.3,0.15,36,0.9374488997193915,30.139,30.2796,30.139,30.2796
2022-10-11,43000,1378250,32.2,32.2,31.8,32.1,-0.2,28,0.9374488997193915,30.1859,30.0921,29.8109,30.1859
2022-10-12,63000,2013750,32.1,32.2,31.7,32.2,0.1,47,0.9374488997193915,30.0921,30.1859,29.7171,30.1859
2022-10-13,57000,1826700,32.0,32.15,31.7,31.8,-0.4,43,0.9374488997193915,29.9984,29.8109,29.7171,30.139
2022-10-14,68003,2189696,31.8,32.3,31.8,32.3,0.5,51,0.9374488997193915,29.8109,30.2796,29.8109,30.2796
2022-10-17,56001,1800732,32.3,32.3,31.85,32.3,0.0,40,0.9374488997193915,30.2796,30.2796,29.8577,30.2796
2022-10-18,83000,2685650,32.1,32.45,32.1,32.25,-0.05,64,0.9374488997193915,30.0921,30.2327,30.0921,30.4202
2022-10-19,79000,2545800,32.2,32.5,32.05,32.5,0.25,57,0.9374488997193915,30.1859,30.4671,30.0452,30.4671
2022-10-20,68001,2177682,32.0,32.1,31.85,32.05,-0.45,52,0.9374488997193915,29.9984,30.0452,29.8577,30.0921
2022-10-21,81001,2590682,32.0,32.15,31.7,32.0,-0.05,66,0.9374488997193915,29.9984,29.9984,29.7171,30.139
2022-10-24,83328,2698345,32.0,32.55,31.9,32.55,0.55,68,0.9374488997193915,29.9984,30.514,29.9046,30.514
2022-10-25,67000,2183600,32.55,32.7,32.3,32.65,0.1,55,0.9374488997193915,30.514,30.6077,30.2796,30.6546
2022-10-26,93660,3060096,32.65,32.85,32.4,32.6,-0.05,71,0.9374488997193915,30.6077,30.5608,30.3733,30.7952
2022-10-27,88000,2873300,32.65,32.8,32.3,32.75,0.15,60,0.9374488997193915,30.6077,30.7015,30.2796,30.7483
2022-10-28,77000,2507300,32.65,32.65,32.3,32.45,-0.3,51,0.9374488997193915,30.6077,30.4202,30.2796,30.6077
2022-10-31,89000,2911300,32.4,32.95,32.3,32.6,0.15,60,0.9374488997193915,30.3733,30.5608,30.2796,30.8889
2022-11-01,87000,2841950,32.6,32.8,32.4,32.8,0.2,55,0.9374488997193915,30.5608,30.7483,30.3733,30.7483
2022-11-02,80001,2632682,32.8,33.0,32.65,32.85,0.05,48,0.9374488997193915,30.7483,30.7952,30.6077,30.9358
2022-11-03,75000,2459600,32.7,32.95,32.55,32.95,0.1,50,0.9374488997193915,30.6546,30.8889,30.514,30.8889
2022-11-04,60000,1971000,32.75,32.95,32.6,32.95,0.0,42,0.9374488997193915,30.7015,30.8889,30.5608,30.8889
2022-11-07,75000,2484500,32.95,33.2,32.95,33.2,0.25,48,0.9374488997193915,30.8889,31.1233,30.8889,31.1233
2022-11-08,110033,3706200,33.2,34.7,33.2,34.7,1.5,81,0.9374488997193915,31.1233,32.5295,31.1233,32.5295
2022-11-09,80113,2823445,34.6,35.6,34.6,35.6,0.9,64,0.9374488997193915,32.4357,33.3732,32.4357,33.3732
2022-11-10,69000,2443100,35.5,35.7,35.1,35.4,-0.2,54,0.9374488997193915,33.2794,33.1857,32.9045,33.4669
2022-11-11,90012,3188760,35.45,35.7,35.1,35.45,0.05,62,0.9374488997193915,33.2326,33.2326,32.9045,33.4669
2022-11-14,98009,3480269,35.3,35.7,35.3,35.35,-0.1,71,0.9374488997193915,33.0919,33.1388,33.0919,33.4669
2022-11-15,56004,1982840,35.3,35.55,35.2,35.4,0.05,46,0.9374488997193915,33.0919,33.1857,32.9982,33.3263
2022-11-16,82004,2889241,35.5,35.5,34.8,34.8,-0.6,73,0.9374488997193915,33.2794,32.6232,32.6232,33.2794
2022-11-17,59026,2040301,34.8,34.8,34.3,34.5,-0.3,47,0.9374488997193915,32.6232,32.342,32.1545,32.6232
2022-11-18,58289,2016299,34.5,34.65,34.45,34.55,0.05,47,0.9374488997193915,32.342,32.3889,32.2951,32.4826
2022-11-21,70000,2416300,34.6,34.6,34.4,34.6,0.05,47,0.9374488997193915,32.4357,32.4357,32.2482,32.4357
2022-11-22,67163,2308334,34.4,34.5,34.15,34.45,-0.15,56,0.9374488997193915,32.2482,32.2951,32.0139,32.342
2022-11-23,56001,1937483,34.4,34.7,34.4,34.7,0.25,38,0.9374488997193915,32.2482,32.5295,32.2482,32.5295
2022-11-24,86001,3009385,34.5,35.7,34.5,35.7,1.0,63,0.9374488997193915,32.342,33.4669,32.342,33.4669
2022-11-25,70000,2513600,35.9,36.1,35.45,36.1,0.4,45,0.9374488997193915,33.6544,33.8419,33.2326,33.8419
2022-11-28,60030,2131558,35.85,35.85,35.2,35.5,-0.6,46,0.9374488997193915,33.6075,33.2794,32.9982,33.6075
2022-11-29,67715,2405578,35.5,35.7,35.25,35.55,0.05,130,0.9374488997193915,33.2794,33.3263,33.0451,33.4669
2022-11-30,62001,2207985,35.4,35.8,35.4,35.8,0.25,43,0.9374488997193915,33.1857,33.5607,33.1857,33.5607
2022-12-01,85651,3122940,35.7,37.15,35.7,37.1,1.3,73,0.9374488997193915,33.4669,34.7794,33.4669,34.8262
2022-12-02,58080,2182306,37.1,37.8,37.1,37.65,0.55,52,0.9374488997193915,34.7794,35.295,34.7794,35.4356
2022-12-05,74033,2772880,37.65,37.75,37.0,37.5,-0.15,56,0.9374488997193915,35.295,35.1543,34.6856,35.3887
2022-12-06,69567,2582410,37.25,37.3,36.7,37.0,-0.5,122,0.9374488997193915,34.92,34.6856,34.4044,34.9668
2022-12-07,60057,2103855,35.35,35.4,34.35,34.4,0.0,50,0.9751366120218579,34.4711,33.5447,33.4959,34.5198
2022-12-08,57036,1921203,34.4,34.4,33.4,33.55,-0.85,48,0.9751366120218579,33.5447,32.7158,32.5696,33.5447
2022-12-09,60293,2014770,33.5,33.65,33.05,33.2,-0.35,50,0.9751366120218579,32.6671,32.3745,32.2283,32.8133
2022-12-12,73423,2409750,33.2,33.2,32.4,32.55,-0.65,58,0.9751366120218579,32.3745,31.7407,31.5944,32.3745
2022-12-13,65150,2125481,32.55,32.75,32.4,32.7,0.15,48,0.9751366120218579,31.7407,31.887,31.5944,31.9357
2022-12-14,65014,2138609,32.7,33.1,32.7,33.0,0.3,51,0.9751366120218579,31.887,32.1795,31.887,32.277
2022-12-15,56000,1842300,32.8,33.0,32.7,32.8,-0.2,45,0.9751366120218579,31.9845,31.9845,31.887,32.1795
2022-12-16,57000,1847900,32.5,32.55,32.1,32.1,-0.7,44,0.9751366120218579,31.6919,31.3019,31.3019,31.7407
2022-12-19,53760,1710731,31.85,31.95,31.65,31.65,-0.45,46,0.9751366120218579,31.0581,30.8631,30.8631,31.1556
2022-12-20,66028,2090838,31.9,31.9,31.2,31.4,-0.25,52,0.9751366120218579,31.1069,30.6193,30.4243,31.1069
2022-12-21,54000,1715800,31.4,32.2,31.35,32.2,0.8,39,0.9751366120218579,30.6193,31.3994,30.5705,31.3994
2022-12-22,66056,2197084,32.25,33.7,32.25,33.7,1.5,59,0.9751366120218579,31.4482,32.8621,31.4482,32.8621
2022-12-23,43003,1430151,33.5,33.6,32.8,33.3,-0.4,35,0.9751366120218579,32.6671,32.472,31.9845,32.7646
2022-12-26,61358,2047243,33.3,33.8,32.9,33.7,0.4,38,0.9751366120218579,32.472,32.8621,32.082,32.9596
2022-12-27,48001,1610033,33.5,33.6,33.3,33.6,-0.1,36,0.9751366120218579,32.6671,32.7646,32.472,32.7646
2022-12-28,50000,1668500,33.5,33.55,33.0,33.4,-0.2,33,0.9751366120218579,32.6671,32.5696,32.1795,32.7158
2022-12-29,45000,1495050,33.4,33.4,32.8,33.35,-0.05,32,0.9751366120218579,32.5696,32.5208,31.9845,32.5696
2022-12-30,50001,1663233,33.35,33.4,33.15,33.25,-0.1,33,0.9751366120218579,32.5208,32.4233,32.3258,32.5696
2023-01-03,53002,1749965,33.25,33.25,32.65,32.75,-0.5,43,0.9751366120218579,32.4233,31.9357,31.8382,32.4233
2023-01-04,60010,1964377,32.75,32.85,32.55,32.85,0.1,46,0.9751366120218579,31.9357,32.0332,31.7407,32.0332
2023-01-05,67004,2204732,32.85,33.05,32.7,33.05,0.2,44,0.9751366120218579,32.0332,32.2283,31.887,32.2283
2023-01-06,66000,2185600,33.05,33.45,33.0,33.25,0.2,47,0.9751366120218579,32.2283,32.4233,32.1795,32.6183
2023-01-09,88014,2961865,33.25,34.0,33.25,33.7,0.45,65,0.9751366120218579,32.4233,32.8621,32.4233,33.1546
2023-01-10,86000,2913650,33.7,34.1,33.65,33.65,-0.05,61,0.9751366120218579,32.8621,32.8133,32.8133,33.2522
2023-01-11,53210,1787893,33.65,33.7,33.45,33.6,-0.05,40,0.9751366120218579,32.8133,32.7646,32.6183,32.8621
2023-01-12,62283,2089208,33.6,33.7,33.2,33.6,0.0,48,0.9751366120218579,32.7646,32.7646,32.3745,32.8621
2023-01-13,64000,2151900,33.6,33.7,33.55,33.7,0.1,42,0.9751366120218579,32.7646,32.8621,32.7158,32.8621
2023-01-16,76001,2563233,33.7,33.8,33.6,33.7,0.0,49,0.9751366120218579,32.8621,32.8621,32.7646,32.9596
2023-01-17,60773,2049860,33.7,33.95,33.6,33.75,0.05,57,0.9751366120218579,32.8621,32.9109,32.7646,33.1059
2023-01-30,34885,1175500,33.75,33.8,33.6,33.6,-0.15,38,0.9751366120218579,32.9109,32.7646,32.7646,32.9596
2023-01-31,20298,686303,33.6,33.95,33.6,33.95,0.35,24,0.9751366120218579,32.7646,33.1059,32.7646,33.1059
2023-02-01,17305,593804,34.15,34.45,34.15,34.45,0.5,21,0.9751366120218579,33.3009,33.5935,33.3009,33.5935
2023-02-02,20228,697579,34.4,34.8,34.2,34.8,0.35,24,0.9751366120218579,33.5447,33.9348,33.3497,33.9348
2023-02-03,16000,551000,34.2,34.9,34.2,34.9,0.1,15,0.9751366120218579,33.3497,34.0323,33.3497,34.0323
2023-02-06,14961,519327,34.65,34.85,34.55,34.8,-0.1,128,0.9751366120218579,33.7885,33.9348,33.691,33.9835
2023-02-07,15987,554534,34.55,34.85,34.55,34.85,0.05,20,0.9751366120218579,33.691,33.9835,33.691,33.9835
2023-02-08,19273,672558,35.0,35.0,34.7,35.0,0.15,23,0.9751366120218579,34.1298,34.1298,33.8372,34.1298
2023-02-09,10003,348303,35.0,35.0,34.65,34.9,-0.1,12,0.9751366120218579,34.1298,34.0323,33.7885,34.1298
2023-02-10,13065,454805,34.85,34.9,34.7,34.9,0.0,14,0.9751366120218579,33.9835,34.0323,33.8372,34.0323
2023-02-13,22000,762200,34.75,34.9,34.4,34.7,-0.2,22,0.9751366120218579,33.886,33.8372,33.5447,34.0323
2023-02-14,13881,485984,34.9,34.9,34.6,34.85,0.15,118,0.9751366120218579,34.0323,33.9835,33.7397,34.0323
2023-02-15,17001,590784,34.8,34.85,34.6,34.85,0.0,17,0.9751366120218579,33.9348,33.9835,33.7397,33.9835
2023-02-16,10000,348050,34.9,34.9,34.7,34.85,0.0,10,0.9751366120218579,34.0323,33.9835,33.8372,34.0323
2023-02-17,9012,312167,34.6,34.75,34.55,34.65,-0.2,11,0.9751366120218579,33.7397,33.7885,33.691,33.886
2023-02-20,13060,453717,34.7,34.9,34.6,34.9,0.25,17,0.9751366120218579,33.8372,34.0323,33.7397,34.0323
2023-02-21,12070,419372,34.8,34.85,34.5,34.85,-0.05,14,0.9751366120218579,33.9348,33.9835,33.6422,33.9835
2023-02-22,15441,532686,34.6,34.7,34.35,34.5,-0.35,23,0.9751366120218579,33.7397,33.6422,33.4959,33.8372
2023-02-23,12330,428382,34.8,34.85,34.6,34.75,0.25,17,0.9751366120218579,33.9348,33.886,33.7397,33.9835
2023-02-24,25160,868863,34.75,34.75,34.25,34.75,0.0,26,0.9751366120218579,33.886,33.886,33.3984,33.886
2023-03-01,23000,790650,34.75,34.75,34.25,34.25,-0.5,23,0.9751366120218579,33.886,33.3984,33.3984,33.886
2023-03-02,18001,616284,34.3,34.4,34.1,34.35,0.1,17,0.9751366120218579,33.4472,33.4959,33.2522,33.5447
2023-03-03,11060,381415,34.5,34.55,34.35,34.55,0.2,14,0.9751366120218579,33.6422,33.691,33.4959,33.691
2023-03-06,13000,448900,34.6,34.75,34.4,34.55,0.0,13,0.9751366120218579,33.7397,33.691,33.5447,33.886
2023-03-07,21496,743880,34.4,34.7,34.4,34.65,0.1,20,0.9751366120218579,33.5447,33.7885,33.5447,33.8372
2023-03-08,17340,595360,34.6,34.65,34.25,34.25,-0.4,16,0.9751366120218579,33.7397,33.3984,33.3984,33.7885
2023-03-09,16066,552333,34.45,34.55,34.3,34.4,0.15,13,0.9751366120218579,33.5935,33.5447,33.4472,33.691
2023-03-10,22183,758932,34.3,34.4,34.1,34.1,-0.3,41,0.9751366120218579,33.4472,33.2522,33.2522,33.5447
2023-03-13,14251,485520,34.05,34.2,33.9,34.2,0.1,12,0.9751366120218579,33.2034,33.3497,33.0571,33.3497
2023-03-14,18002,610517,34.0,34.15,33.7,33.95,-0.25,13,0.9751366120218579,33.1546,33.1059,32.8621,33.3009
2023-03-15,26000,881100,34.0,34.25,33.65,33.95,0.0,21,0.9751366120218579,33.1546,33.1059,32.8133,33.3984
2023-03-16,20015,677402,33.9,34.15,33.75,33.8,-0.15,20,0.9751366120218579,33.0571,32.9596,32.9109,33.3009
2023-03-17,21012,712044,33.9,34.0,33.8,33.9,0.1,17,0.9751366120218579,33.0571,33.0571,32.9596,33.1546
2023-03-20,15001,508083,33.9,34.0,33.7,33.9,0.0,12,0.9751366120218579,33.0571,33.0571,32.8621,33.1546
2023-03-21,20281,687220,33.95,33.95,33.75,33.9,0.0,49,0.9751366120218579,33.1059,33.0571,32.9109,33.1059
2023-03-22,34444,1166067,33.9,33.95,33.75,33.85,-0.05,25,0.9751366120218579,33.0571,33.0084,32.9109,33.1059
2023-03-23,30000,1015750,33.8,34.0,33.7,33.9,0.05,23,0.9751366120218579,32.9596,33.0571,32.8621,33.1546
2023-03-24,36000,1227000,33.9,34.25,33.7,34.25,0.35,26,0.9751366120218579,33.0571,33.3984,32.8621,33.3984
2023-03-27,28000,952850,34.15,34.2,33.95,33.95,-0.3,24,0.9751366120218579,33.3009,33.1059,33.1059,33.3497
2023-03-28,26000,882750,33.9,34.0,33.85,34.0,0.05,19,0.9751366120218579,33.0571,33.1546,33.0084,33.1546
2023-03-29,41010,1417547,34.0,34.75,34.0,34.7,0.7,32,0.9751366120218579,33.1546,33.8372,33.1546,33.886
2023-03-30,94646,3407332,34.7,37.5,34.7,35.7,1.0,100,0.9751366120218579,33.8372,34.8124,33.8372,36.5676
2023-03-31,27716,982420,35.7,35.95,35.3,35.3,-0.4,39,0.9751366120218579,34.8124,34.4223,34.4223,35.0562
2023-04-06,24000,840500,35.2,35.25,34.9,35.0,-0.3,19,0.9751366120218579,34.3248,34.1298,34.0323,34.3736
2023-04-07,13021,453997,34.9,35.0,34.65,34.9,-0.1,17,0.9751366120218579,34.0323,34.0323,33.7885,34.1298
2023-04-10,23077,803256,34.9,34.95,34.7,34.8,-0.1,26,0.9751366120218579,34.0323,33.9348,33.8372,34.081
2023-04-11,22000,770150,34.8,35.1,34.8,35.1,0.3,16,0.9751366120218579,33.9348,34.2273,33.9348,34.2273
2023-04-12,22022,773822,35.0,35.25,34.9,35.25,0.15,23,0.9751366120218579,34.1298,34.3736,34.0323,34.3736
2023-04-13,22000,769050,35.2,35.2,34.8,34.95,-0.3,14,0.9751366120218579,34.3248,34.081,33.9348,34.3248
2023-04-14,27000,947550,35.0,35.15,34.9,35.15,0.2,19,0.9751366120218579,34.1298,34.2761,34.0323,34.2761
2023-04-17,28045,984631,35.15,35.25,35.05,35.05,-0.1,25,0.9751366120218579,34.2761,34.1785,34.1785,34.3736
2023-04-18,22021,769235,35.05,35.1,34.85,34.9,-0.15,18,0.9751366120218579,34.1785,34.0323,33.9835,34.2273
2023-04-19,20028,698903,34.95,35.0,34.75,34.9,0.0,19,0.9751366120218579,34.081,34.0323,33.886,34.1298
2023-04-20,17000,592750,34.9,34.95,34.8,34.9,0.0,13,0.9751366120218579,34.0323,34.0323,33.9348,34.081
2023-04-21,18000,626500,34.9,34.9,34.75,34.8,-0.1,14,0.9751366120218579,34.0323,33.9348,33.886,34.0323
2023-04-24,19000,661800,34.8,35.0,34.7,34.85,0.05,14,0.9751366120218579,33.9348,33.9835,33.8372,34.1298
2023-04-25,20300,705883,34.85,34.85,34.75,34.75,-0.1,49,0.9751366120218579,33.9835,33.886,33.886,33.9835
2023-04-26,17000,587350,34.7,34.75,34.5,34.5,-0.25,14,0.9751366120218579,33.8372,33.6422,33.6422,33.886
2023-04-27,19000,656750,34.6,34.65,34.5,34.65,0.15,17,0.9751366120218579,33.7397,33.7885,33.6422,33.7885
2023-04-28,10120,351229,34.7,34.8,34.65,34.8,0.15,13,0.9751366120218579,33.8372,33.9348,33.7885,33.9348
2023-05-02,10000,349550,34.8,35.1,34.8,35.1,0.3,10,0.9751366120218579,33.9348,34.2273,33.9348,34.2273
2023-05-03,8000,278750,34.9,34.95,34.75,34.9,-0.2,7,0.9751366120218579,34.0323,34.0323,33.886,34.081
2023-05-04,10000,349650,34.9,35.1,34.8,35.1,0.2,9,0.9751366120218579,34.0323,34.2273,33.9348,34.2273
2023-05-05,8000,279650,35.0,35.05,34.85,35.05,-0.05,8,0.9751366120218579,34.1298,34.1785,33.9835,34.1785
2023-05-08,9050,316900,35.05,35.1,34.9,35.1,0.05,14,0.9751366120218579,34.1785,34.2273,34.0323,34.2273
2023-05-09,8000,279550,35.1,35.1,34.8,35.05,-0.05,8,0.9751366120218579,34.2273,34.1785,33.9348,34.2273
2023-05-10,8050,281050,35.0,35.0,34.85,34.95,-0.1,13,0.9751366120218579,34.1298,34.081,33.9835,34.1298
2023-05-11,8060,280842,34.9,34.95,34.65,34.95,0.0,16,0.9751366120218579,34.0323,34.081,33.7885,34.081
2023-05-12,11012,385405,34.95,35.25,34.8,35.25,0.3,13,0.9751366120218579,34.081,34.3736,33.9348,34.3736
2023-05-15,14330,504831,35.1,35.4,35.1,35.3,0.05,58,0.9751366120218579,34.2273,34.4223,34.2273,34.5198
2023-05-16,21000,745250,35.2,35.65,35.2,35.65,0.35,20,0.9751366120218579,34.3248,34.7636,34.3248,34.7636
2023-05-17,20268,725648,35.55,36.1,35.45,36.05,0.4,36,0.9751366120218579,34.6661,35.1537,34.5686,35.2024
2023-05-18,26394,948601,36.0,36.15,35.85,35.9,-0.15,39,0.9751366120218579,35.1049,35.0074,34.9586,35.2512
2023-05-19,22485,807459,35.9,36.15,35.8,36.0,0.1,25,0.9751366120218579,35.0074,35.1049,34.9099,35.2512
2023-05-22,12000,430700,36.0,36.0,35.8,35.95,-0.05,12,0.9751366120218579,35.1049,35.0562,34.9099,35.1049
2023-05-23,12200,438240,35.85,36.0,35.8,35.95,0.0,14,0.9751366120218579,34.9586,35.0562,34.9099,35.1049
2023-05-24,8430,302474,35.9,36.05,35.9,36.05,0.1,10,0.9751366120218579,35.0074,35.1537,35.0074,35.1537
2023-05-25,13000,467800,36.05,36.05,35.9,35.95,-0.1,13,0.9751366120218579,35.1537,35.0562,35.0074,35.1537
2023-05-26,8040,288834,36.05,36.05,35.85,35.85,-0.1,14,0.9751366120218579,35.1537,34.9586,34.9586,35.1537
2023-05-29,12439,447988,35.85,36.2,35.85,36.15,0.3,19,0.9751366120218579,34.9586,35.2512,34.9586,35.2999
2023-05-30,13142,474197,36.15,36.2,36.0,36.15,0.0,15,0.9751366120218579,35.2512,35.2512,35.1049,35.2999
2023-05-31,10050,363052,36.1,36.3,36.0,36.2,0.05,11,0.9751366120218579,35.2024,35.2999,35.1049,35.3975
2023-06-01,12112,436925,36.1,36.25,35.9,36.2,0.0,15,0.9751366120218579,35.2024,35.2999,35.0074,35.3487
2023-06-02,16944,612682,36.15,36.2,36.1,36.2,0.0,19,0.9751366120218579,35.2512,35.2999,35.2024,35.2999
2023-06-05,14001,505285,36.2,36.2,35.9,36.2,0.0,15,0.9751366120218579,35.2999,35.2999,35.0074,35.2999
2023-06-06,17000,613150,36.1,36.25,35.9,35.9,-0.3,17,0.9751366120218579,35.2024,35.0074,35.0074,35.3487
2023-06-07,12020,434016,35.95,36.35,35.9,36.3,0.4,13,0.9751366120218579,35.0562,35.3975,35.0074,35.4462
2023-06-08,11209,403711,36.2,36.2,35.95,36.0,-0.3,12,0.9751366120218579,35.2999,35.1049,35.0562,35.2999
2023-06-09,23000,829000,36.1,36.35,35.85,36.35,0.35,22,0.9751366120218579,35.2024,35.4462,34.9586,35.4462
2023-06-12,21022,759896,36.35,36.4,36.05,36.4,0.05,26,0.9751366120218579,35.4462,35.495,35.1537,35.495
2023-06-13,15000,544700,36.3,36.4,36.2,36.35,-0.05,14,0.9751366120218579,35.3975,35.4462,35.2999,35.495
2023-06-14,12002,435272,36.3,36.4,36.15,36.3,-0.05,13,0.9751366120218579,35.3975,35.3975,35.2512,35.495
2023-06-15,23956,878131,36.3,37.0,36.15,37.0,0.7,39,0.9751366120218579,35.3975,36.0801,35.2512,36.0801
2023-06-16,15010,553368,37.0,37.0,36.55,36.7,-0.3,13,0.9751366120218579,36.0801,35.7875,35.6412,36.0801
2023-06-19,12004,437344,36.6,36.6,36.3,36.45,-0.25,16,0.9751366120218579,35.69,35.5437,35.3975,35.69
2023-06-20,9009,327276,36.35,36.4,36.25,36.4,-0.05,14,0.9751366120218579,35.4462,35.495,35.3487,35.495
2023-06-21,48702,1874778,36.4,40.0,36.35,40.0,3.6,77,0.9751366120218579,35.495,39.0055,35.4462,39.0055
2023-06-26,191264,8009933,40.3,43.75,40.25,41.85,1.85,355,0.9751366120218579,39.298,40.8095,39.2492,42.6622
2023-06-27,85936,3435981,42.25,42.55,38.35,38.6,-3.25,118,0.9751366120218579,41.1995,37.6403,37.3965,41.4921
2023-06-28,40266,1517273,38.6,38.6,36.5,37.65,-0.95,58,0.9751366120218579,37.6403,36.7139,35.5925,37.6403
2023-06-29,17291,648422,37.6,37.65,37.25,37.4,-0.25,30,0.9751366120218579,36.6651,36.4701,36.3238,36.7139
2023-06-30,12270,458269,37.55,37.55,37.25,37.35,-0.05,43,0.9751366120218579,36.6164,36.4214,36.3238,36.6164
2023-07-03,14891,559048,37.4,37.8,37.4,37.8,0.45,26,0.9751366120218579,36.4701,36.8602,36.4701,36.8602
2023-07-04,16969,641616,37.8,37.95,37.7,37.95,0.15,19,0.9751366120218579,36.8602,37.0064,36.7627,37.0064
2023-07-05,10145,383415,37.95,37.95,37.65,37.75,-0.2,13,0.9751366120218579,37.0064,36.8114,36.7139,37.0064
2023-07-06,9423,354325,37.7,37.75,37.5,37.75,0.0,22,0.9751366120218579,36.7627,36.8114,36.5676,36.8114
2023-07-07,11000,411200,37.6,37.7,37.15,37.7,-0.05,10,0.9751366120218579,36.6651,36.7627,36.2263,36.7627
2023-07-10,13000,489700,37.7,37.85,37.55,37.7,0.0,11,0.9751366120218579,36.7627,36.7627,36.6164,36.9089
2023-07-11,21166,801932,37.8,38.5,37.6,37.6,-0.1,19,0.9751366120218579,36.8602,36.6651,36.6651,37.5428
2023-07-12,12089,455927,37.6,37.95,37.5,37.5,-0.1,15,0.9751366120218579,36.6651,36.5676,36.5676,37.0064
2023-07-13,15168,573597,37.6,38.25,37.5,37.75,0.25,18,0.9751366120218579,36.6651,36.8114,36.5676,37.299
2023-07-14,14118,534776,37.8,38.15,37.6,38.15,0.4,17,0.9751366120218579,36.8602,37.2015,36.6651,37.2015
2023-07-17,14168,534950,38.1,38.1,37.35,38.1,-0.05,35,0.9751366120218579,37.1527,37.1527,36.4214,37.1527
2023-07-18,14318,537595,38.0,38.1,37.1,37.3,-0.8,20,0.9751366120218579,37.0552,36.3726,36.1776,37.1527
2023-07-19,16170,601405,37.4,37.55,36.7,37.25,-0.05,20,0.9751366120218579,36.4701,36.3238,35.7875,36.6164
2023-07-20,11021,412829,37.3,37.65,37.2,37.3,0.05,14,0.9751366120218579,36.3726,36.3726,36.2751,36.7139
2023-07-21,18001,667737,37.2,37.4,36.85,37.0,-0.3,18,0.9751366120218579,36.2751,36.0801,35.9338,36.4701
2023-07-24,19001,698936,37.1,37.1,36.5,36.9,-0.1,19,0.9751366120218579,36.1776,35.9825,35.5925,36.1776
2023-07-25,17000,625350,37.0,37.0,36.6,36.6,-0.3,14,0.9751366120218579,36.0801,35.69,35.69,36.0801
2023-07-26,14000,513600,36.4,37.1,36.4,36.85,0.25,13,0.9751366120218579,35.495,35.9338,35.495,36.1776
2023-07-27,11484,425738,36.85,37.4,36.8,37.4,0.55,19,0.9751366120218579,35.9338,36.4701,35.885,36.4701
2023-07-28,13049,487085,37.4,37.5,37.2,37.4,0.0,19,0.9751366120218579,36.4701,36.4701,36.2751,36.5676
2023-07-31,19307,723392,37.4,37.6,37.2,37.55,0.15,27,0.9751366120218579,36.4701,36.6164,36.2751,36.6651
2023-08-01,15000,564000,37.6,37.75,37.5,37.7,0.15,13,0.9751366120218579,36.6651,36.7627,36.5676,36.8114
2023-08-02,19051,714750,37.6,37.6,37.4,37.55,-0.15,24,0.9751366120218579,36.6651,36.6164,36.4701,36.6651
2023-08-04,14134,529578,37.6,37.6,37.4,37.4,-0.15,14,0.9751366120218579,36.6651,36.4701,36.4701,36.6651
2023-08-07,11349,422900,37.35,37.4,37.1,37.4,0.0,57,0.9751366120218579,36.4214,36.4701,36.1776,36.4701
2023-08-08,12050,448470,37.45,37.45,37.0,37.3,-0.1,13,0.9751366120218579,36.5189,36.3726,36.0801,36.5189
2023-08-09,10008,371848,37.15,37.3,37.0,37.3,0.0,10,0.9751366120218579,36.2263,36.3726,36.0801,36.3726
2023-08-10,11006,409470,37.25,37.25,37.1,37.25,-0.05,13,0.9751366120218579,36.3238,36.3238,36.1776,36.3238
2023-08-11,15089,564580,37.3,37.85,37.3,37.3,0.05,16,0.9751366120218579,36.3726,36.3726,36.3726,36.9089
2023-08-14,13092,487513,37.35,37.4,37.2,37.2,-0.1,15,0.9751366120218579,36.4214,36.2751,36.2751,36.4701
2023-08-15,10231,380767,37.25,37.4,37.1,37.1,-0.1,15,0.9751366120218579,36.3238,36.1776,36.1776,36.4701
2023-08-16,10031,369423,37.0,37.05,36.65,36.85,-0.25,12,0.9751366120218579,36.0801,35.9338,35.7388,36.1288
2023-08-17,9002,330872,36.8,36.9,36.6,36.9,0.05,10,0.9751366120218579,35.885,35.9825,35.69,35.9825
2023-08-18,9630,354022,36.8,37.1,36.6,36.85,-0.05,10,0.9751366120218579,35.885,35.9338,35.69,36.1776
2023-08-21,16118,586568,36.9,36.9,36.05,36.1,-0.75,17,0.9751366120218579,35.9825,35.2024,35.1537,35.9825
2023-08-22,7001,253586,36.1,36.35,36.1,36.25,0.15,8,0.9751366120218579,35.2024,35.3487,35.2024,35.4462
2023-08-23,8000,289600,36.2,36.35,36.05,36.35,0.1,8,0.9751366120218579,35.2999,35.4462,35.1537,35.4462
2023-08-24,11000,398800,36.35,36.5,36.05,36.25,-0.1,11,0.9751366120218579,35.4462,35.3487,35.1537,35.5925
2023-08-25,10000,359550,36.1,36.25,35.8,35.95,-0.3,8,0.9751366120218579,35.2024,35.0562,34.9099,35.3487
2023-08-28,8045,290770,36.0,36.3,35.9,36.2,0.25,12,0.9751366120218579,35.1049,35.2999,35.0074,35.3975
2023-08-29,12140,438757,36.2,36.3,36.0,36.15,-0.05,29,0.9751366120218579,35.2999,35.2512,35.1049,35.3975
2023-08-30,8029,290542,36.15,36.35,36.0,36.2,0.05,12,0.9751366120218579,35.2512,35.2999,35.1049,35.4462
2023-08-31,5057,183600,36.25,36.4,36.2,36.4,0.2,8,0.9751366120218579,35.3487,35.495,35.2999,35.495
2023-09-01,8018,290139,36.35,36.35,36.05,36.05,-0.35,11,0.9751366120218579,35.4462,35.1537,35.1537,35.4462
2023-09-04,8221,298311,36.1,36.55,36.1,36.25,0.2,14,0.9751366120218579,35.2024,35.3487,35.2024,35.6412
2023-09-05,6001,216934,36.2,36.25,36.05,36.25,0.0,7,0.9751366120218579,35.2999,35.3487,35.1537,35.3487
2023-09-06,7057,255643,36.2,36.3,36.1,36.3,0.05,12,0.9751366120218579,35.2999,35.3975,35.2024,35.3975
2023-09-07,15022,540846,36.2,36.2,35.8,36.0,-0.3,17,0.9751366120218579,35.2999,35.1049,34.9099,35.2999
2023-09-08,14250,511065,36.0,36.0,35.75,35.95,-0.05,46,0.9751366120218579,35.1049,35.0562,34.8611,35.1049
2023-09-11,11012,397378,36.0,36.4,35.95,36.4,0.45,15,0.9751366120218579,35.1049,35.495,35.0562,35.495
2023-09-12,7294,266316,36.4,36.7,36.4,36.6,0.2,44,0.9751366120218579,35.495,35.69,35.495,35.7875
2023-09-13,11100,394789,35.8,35.8,35.3,35.35,0.0,11,1.0,35.8,35.35,35.3,35.8
2023-09-14,8000,284550,35.35,36.05,35.35,36.05,0.7,8,1.0,35.35,36.05,35.35,36.05
2023-09-15,7000,254000,36.05,36.5,36.0,36.5,0.45,7,1.0,36.05,36.5,36.0,36.5
2023-09-18,7002,255072,36.5,36.55,36.25,36.5,0.0,9,1.0,36.5,36.5,36.25,36.55
2023-09-19,10000,363050,36.5,36.5,36.15,36.45,-0.05,10,1.0,36.5,36.45,36.15,36.5
2023-09-20,12014,434899,36.3,36.3,36.05,36.25,-0.2,12,1.0,36.3,36.25,36.05,36.3
2023-09-21,7459,269660,36.2,36.4,36.0,36.2,-0.05,8,1.0,36.2,36.2,36.0,36.4
2023-09-22,8001,289686,36.2,36.3,36.1,36.2,0.0,9,1.0,36.2,36.2,36.1,36.3
2023-09-25,7000,253700,36.25,36.25,36.2,36.2,0.0,7,1.0,36.25,36.2,36.2,36.25
2023-09-26,6001,217336,36.2,36.3,36.1,36.3,0.1,7,1.0,36.2,36.3,36.1,36.3
2023-09-27,6000,217700,36.1,36.4,36.1,36.3,0.0,6,1.0,36.1,36.3,36.1,36.4
2023-09-28,7504,272465,36.3,36.45,36.2,36.45,0.15,9,1.0,36.3,36.45,36.2,36.45
2023-10-02,9478,346346,36.4,36.65,36.3,36.6,0.15,11,1.0,36.4,36.6,36.3,36.65
2023-10-03,6064,221219,36.5,36.6,36.3,36.6,0.0,8,1.0,36.5,36.6,36.3,36.6
2023-10-04,6000,219150,36.5,36.6,36.4,36.55,-0.05,6,1.0,36.5,36.55,36.4,36.6
2023-10-05,9316,340069,36.5,36.8,36.4,36.8,0.25,11,1.0,36.5,36.8,36.4,36.8
2023-10-06,8000,294400,36.7,36.9,36.7,36.85,0.05,8,1.0,36.7,36.85,36.7,36.9
2023-10-11,10000,369000,36.8,36.95,36.8,36.95,0.1,10,1.0,36.8,36.95,36.8,36.95
2023-10-12,20742,764781,36.7,37.1,36.65,37.1,0.15,21,1.0,36.7,37.1,36.65,37.1
2023-10-13,6000,221300,36.8,36.95,36.8,36.9,-0.2,6,1.0,36.8,36.9,36.8,36.95
2023-10-16,6000,221050,36.8,36.9,36.7,36.7,-0.2,6,1.0,36.8,36.7,36.7,36.9
2023-10-17,7002,257773,36.75,36.95,36.7,36.95,0.25,8,1.0,36.75,36.95,36.7,36.95
2023-10-18,6009,221876,36.9,37.0,36.8,37.0,0.05,8,1.0,36.9,37.0,36.8,37.0
2023-10-19,9060,334446,36.85,37.0,36.85,37.0,0.0,11,1.0,36.85,37.0,36.85,37.0
2023-10-20,7043,259890,36.9,37.1,36.7,37.1,0.1,12,1.0,36.9,37.1,36.7,37.1
2023-10-23,7388,272469,36.95,37.0,36.9,36.95,-0.15,118,1.0,36.95,36.95,36.9,37.0
2023-10-24,6000,221800,36.95,37.0,36.9,37.0,0.05,6,1.0,36.95,37.0,36.9,37.0
2023-10-25,7178,267167,37.0,37.4,37.0,37.4,0.4,12,1.0,37.0,37.4,37.0,37.4
2023-10-26,9000,333200,37.2,37.2,36.9,36.9,-0.5,9,1.0,37.2,36.9,36.9,37.2
2023-10-27,6129,227309,36.95,37.2,36.95,37.2,0.3,10,1.0,36.95,37.2,36.95,37.2
2023-10-30,5001,185537,37.1,37.2,37.0,37.0,-0.2,6,1.0,37.1,37.0,37.0,37.2
2023-10-31,6416,239640,36.95,37.0,36.9,37.0,0.0,48,1.0,36.95,37.0,36.9,37.0
2023-11-01,5468,202272,36.95,37.2,36.9,37.2,0.2,7,1.0,36.95,37.2,36.9,37.2
2023-11-02,8166,304033,37.15,37.4,37.15,37.15,-0.05,15,1.0,37.15,37.15,37.15,37.4
2023-11-03,6647,246974,37.15,37.4,37.1,37.4,0.25,11,1.0,37.15,37.4,37.1,37.4
2023-11-06,11143,417081,37.4,37.5,37.3,37.5,0.1,18,1.0,37.4,37.5,37.3,37.5
2023-11-07,18174,682832,37.5,37.65,37.5,37.5,0.0,40,1.0,37.5,37.5,37.5,37.65
2023-11-08,10001,374737,37.55,37.6,37.35,37.4,-0.1,11,1.0,37.55,37.4,37.35,37.6
2023-11-09,10060,375678,37.4,37.45,37.3,37.3,-0.1,14,1.0,37.4,37.3,37.3,37.45
2023-11-10,11297,420223,37.25,37.25,37.2,37.2,-0.1,18,1.0,37.25,37.2,37.2,37.25
2023-11-13,15932,602889,37.45,38.2,37.4,37.95,0.75,17,1.0,37.45,37.95,37.4,38.2
2023-11-14,13030,494135,37.9,38.05,37.75,38.05,0.1,14,1.0,37.9,38.05,37.75,38.05
2023-11-15,11236,427164,38.05,38.1,37.95,37.95,-0.1,16,1.0,38.05,37.95,37.95,38.1
2023-11-16,10040,378725,37.8,37.85,37.6,37.7,-0.25,11,1.0,37.8,37.7,37.6,37.85
2023-11-17,28298,1071220,37.65,38.3,37.55,38.3,0.6,35,1.0,37.65,38.3,37.55,38.3
2023-11-20,29540,1129107,37.85,38.7,37.85,38.7,0.4,34,1.0,37.85,38.7,37.85,38.7
2023-11-21,43208,1707128,38.7,40.0,38.7,40.0,1.3,60,1.0,38.7,40.0,38.7,40.0
2023-11-22,26850,1096835,40.8,41.0,40.5,40.5,0.5,33,1.0,40.8,40.5,40.5,41.0
2023-11-23,12082,485280,40.5,40.5,39.85,39.85,-0.65,19,1.0,40.5,39.85,39.85,40.5
2023-11-24,12086,474716,39.9,39.9,38.75,38.75,-1.1,16,1.0,39.9,38.75,38.75,39.9
2023-11-27,14556,567848,38.85,39.2,38.75,39.05,0.3,60,1.0,38.85,39.05,38.75,39.2
2023-11-28,24200,958683,39.25,40.0,39.1,39.35,0.3,26,1.0,39.25,39.35,39.1,40.0
2023-11-29,17025,659656,39.35,39.5,38.0,38.0,-1.35,18,1.0,39.35,38.0,38.0,39.5
2023-11-30,13129,495804,37.95,37.95,37.7,37.7,-0.3,17,1.0,37.95,37.7,37.7,37.95
2023-12-01,17235,646927,37.65,37.8,37.35,37.8,0.1,21,1.0,37.65,37.8,37.35,37.8
2023-12-04,11056,414745,37.8,37.8,37.4,37.4,-0.4,13,1.0,37.8,37.4,37.4,37.8
2023-12-05,9016,337798,37.35,37.7,37.3,37.65,0.25,9,1.0,37.35,37.65,37.3,37.7
2023-12-06,7154,268519,37.65,37.9,37.3,37.3,-0.35,11,1.0,37.65,37.3,37.3,37.9
2023-12-07,13053,486580,37.3,37.5,37.2,37.25,-0.05,14,1.0,37.3,37.25,37.2,37.5
2023-12-08,16368,611930,37.25,37.75,37.2,37.75,0.5,28,1.0,37.25,37.75,37.2,37.75
2023-12-11,17049,637936,37.85,37.85,37.25,37.35,-0.4,17,1.0,37.85,37.35,37.25,37.85
2023-12-12,16202,606874,37.5,37.6,37.3,37.4,0.05,17,1.0,37.5,37.4,37.3,37.6
2023-12-13,13000,488850,37.75,37.75,37.5,37.5,0.1,9,1.0,37.75,37.5,37.5,37.75
2023-12-14,15064,567138,37.8,37.8,37.2,37.6,0.1,16,1.0,37.8,37.6,37.2,37.8
2023-12-15,60139,2275656,37.55,38.25,37.15,37.15,-0.45,62,1.0,37.55,37.15,37.15,38.25
2023-12-18,14179,529655,37.2,37.55,37.2,37.5,0.35,15,1.0,37.2,37.5,37.2,37.55
2023-12-19,13056,488444,37.5,37.6,37.3,37.6,0.1,11,1.0,37.5,37.6,37.3,37.6
2023-12-20,12092,454075,37.55,37.7,37.25,37.7,0.1,17,1.0,37.55,37.7,37.25,37.7
2023-12-21,65002,2436874,37.4,37.65,36.8,37.55,-0.15,20,1.0,37.4,37.55,36.8,37.65
2023-12-22,22074,819119,37.6,37.7,36.7,36.7,-0.85,21,1.0,37.6,36.7,36.7,37.7
2023-12-25,14129,524203,37.0,37.25,37.0,37.25,0.55,18,1.0,37.0,37.25,37.0,37.25
2023-12-26,20163,756606,37.3,37.65,37.3,37.5,0.25,20,1.0,37.3,37.5,37.3,37.65
2023-12-27,14000,525200,37.6,37.6,37.3,37.6,0.1,14,1.0,37.6,37.6,37.3,37.6
2023-12-28,37059,1393409,37.55,37.7,37.4,37.7,0.1,38,1.0,37.55,37.7,37.4,37.7
2023-12-29,20000,757550,37.65,38.05,37.65,38.05,0.35,18,1.0,37.65,38.05,37.65,38.05
2024-01-02,21033,796678,38.1,38.1,37.5,38.0,-0.05,20,1.0,38.1,38.0,37.5,38.1
2024-01-03,24023,899847,37.5,37.95,37.2,37.25,-0.75,22,1.0,37.5,37.25,37.2,37.95
2024-01-04,29098,1087823,37.35,37.5,37.1,37.45,0.2,23,1.0,37.35,37.45,37.1,37.5
2024-01-05,112000,4193800,37.1,37.5,37.1,37.45,0.0,12,1.0,37.1,37.45,37.1,37.5
2024-01-08,12076,454817,37.65,37.8,37.5,37.5,0.05,12,1.0,37.65,37.5,37.5,37.8
2024-01-09,86076,3219223,37.65,37.7,37.1,37.4,-0.1,13,1.0,37.65,37.4,37.1,37.7
2024-01-10,12000,450700,37.5,37.8,37.3,37.4,0.0,11,1.0,37.5,37.4,37.3,37.8
2024-01-11,88001,3307187,37.55,37.6,37.2,37.6,0.2,15,1.0,37.55,37.6,37.2,37.6
2024-01-12,10000,375000,37.25,37.55,37.25,37.5,-0.1,9,1.0,37.25,37.5,37.25,37.55
2024-01-15,18000,673500,37.6,37.8,37.1,37.3,-0.2,17,1.0,37.6,37.3,37.1,37.8
2024-01-16,39112,1428632,37.0,37.0,36.0,36.0,-1.3,37,1.0,37.0,36.0,36.0,37.0
2024-01-17,81020,2865119,35.3,36.3,35.1,35.4,-0.6,45,1.0,35.3,35.4,35.1,36.3
2024-01-18,103000,3676350,35.3,35.8,35.2,35.7,0.3,10,1.0,35.3,35.7,35.2,35.8
2024-01-19,10000,354750,35.6,35.75,35.2,35.6,-0.1,8,1.0,35.6,35.6,35.2,35.75
2024-01-22,96000,3433000,35.75,36.05,35.35,35.75,0.15,8,1.0,35.75,35.75,35.35,36.05
2024-01-23,56002,2005920,35.9,35.95,35.8,35.8,0.05,9,1.0,35.9,35.8,35.8,35.95
2024-01-24,16001,574487,35.5,36.15,35.5,35.8,0.0,13,1.0,35.5,35.8,35.5,36.15
2024-01-25,31000,1119500,36.0,36.2,36.0,36.1,0.3,8,1.0,36.0,36.1,36.0,36.2
2024-01-26,100813,3598332,35.6,35.7,35.5,35.7,-0.4,14,1.0,35.6,35.7,35.5,35.7
2024-01-29,76003,2720806,35.45,35.9,35.45,35.8,0.1,12,1.0,35.45,35.8,35.45,35.9
2024-01-30,12000,430650,35.75,36.05,35.75,35.85,0.05,9,1.0,35.75,35.85,35.75,36.05
2024-01-31,18479,652865,35.65,35.65,35.05,35.05,-0.8,32,1.0,35.65,35.05,35.05,35.65
2024-02-01,13020,460300,35.1,35.7,35.05,35.7,0.65,14,1.0,35.1,35.7,35.05,35.7
2024-02-02,12000,433050,35.65,36.55,35.5,36.55,0.85,9,1.0,35.65,36.55,35.5,36.55
2024-02-05,23979,872632,36.1,36.6,35.85,36.6,0.05,142,1.0,36.1,36.6,35.85,36.6
2024-02-15,22224,813658,36.5,37.2,36.0,37.1,0.5,20,1.0,36.5,37.1,36.0,37.2
2024-02-16,17001,636638,37.5,37.6,36.65,37.15,0.05,12,1.0,37.5,37.15,36.65,37.6
2024-02-19,34058,1276353,37.1,37.9,37.1,37.65,0.5,27,1.0,37.1,37.65,37.1,37.9
2024-02-20,21003,797862,38.0,38.35,37.65,37.8,0.15,12,1.0,38.0,37.8,37.65,38.35
2024-02-21,23001,862537,37.55,37.8,37.3,37.4,-0.4,21,1.0,37.55,37.4,37.3,37.8
2024-02-22,19001,717689,37.6,38.25,37.55,38.2,0.8,15,1.0,37.6,38.2,37.55,38.25
2024-02-23,27085,1024644,38.05,38.15,37.35,37.35,-0.85,32,1.0,38.05,37.35,37.35,38.15
2024-02-26,23099,852012,37.0,37.05,36.65,36.65,-0.7,20,1.0,37.0,36.65,36.65,37.05
2024-02-27,58317,2137552,36.65,37.1,36.6,36.6,-0.05,22,1.0,36.65,36.6,36.6,37.1
2024-02-29,14000,514750,36.65,36.85,36.65,36.85,0.25,9,1.0,36.65,36.85,36.65,36.85
2024-03-01,78519,2890341,36.7,37.0,36.7,36.8,-0.05,16,1.0,36.7,36.8,36.7,37.0
2024-03-04,26114,972654,36.55,37.9,36.55,37.1,0.3,25,1.0,36.55,37.1,36.55,37.9
2024-03-05,20003,743911,37.15,37.35,37.0,37.1,0.0,16,1.0,37.15,37.1,37.0,37.35
2024-03-06,60024,2217025,37.1,37.3,36.85,36.85,-0.25,19,1.0,37.1,36.85,36.85,37.3
2024-03-07,21023,775592,36.7,37.2,36.7,36.85,0.0,20,1.0,36.7,36.85,36.7,37.2
2024-03-08,24159,894130,36.55,37.25,36.55,36.65,-0.2,23,1.0,36.55,36.65,36.55,37.25
2024-03-11,28071,1048077,37.3,37.5,37.15,37.15,0.5,24,1.0,37.3,37.15,37.15,37.5
2024-03-12,24087,898095,37.3,37.7,37.15,37.4,0.25,24,1.0,37.3,37.4,37.15,37.7
2024-03-13,15100,563485,37.0,37.6,37.0,37.0,-0.4,11,1.0,37.0,37.0,37.0,37.6
2024-03-14,18502,688226,36.8,37.55,36.65,37.0,0.0,16,1.0,36.8,37.0,36.65,37.55
2024-03-15,14000,519250,37.1,37.2,36.55,37.0,0.0,12,1.0,37.1,37.0,36.55,37.2
2024-03-18,49026,1833221,37.45,37.7,37.35,37.35,0.35,16,1.0,37.45,37.35,37.35,37.7
2024-03-19,15002,560722,37.15,37.5,37.15,37.5,0.15,12,1.0,37.15,37.5,37.15,37.5
2024-03-20,49207,1805178,37.2,37.2,36.2,37.2,-0.3,50,1.0,37.2,37.2,36.2,37.2
2024-03-21,10374,390074,37.55,37.9,37.5,37.9,0.7,18,1.0,37.55,37.9,37.5,37.9
2024-03-22,12200,462859,37.75,38.2,37.75,37.9,0.0,15,1.0,37.75,37.9,37.75,38.2
2024-03-25,27000,1023800,37.3,37.95,37.3,37.95,0.05,8,1.0,37.3,37.95,37.3,37.95
2024-03-26,20105,754814,38.15,38.15,36.75,37.5,-0.45,161,1.0,38.15,37.5,36.75,38.15
2024-03-27,13105,493910,37.4,37.95,37.25,37.25,-0.25,15,1.0,37.4,37.25,37.25,37.95
2024-03-28,13000,485000,37.15,37.45,36.8,37.45,0.2,13,1.0,37.15,37.45,36.8,37.45
2024-03-29,15233,567476,37.4,37.45,37.05,37.05,-0.4,14,1.0,37.4,37.05,37.05,37.45
2024-04-01,11003,410160,37.0,37.5,37.0,37.4,0.35,10,1.0,37.0,37.4,37.0,37.5
2024-04-02,12000,450400,37.8,37.8,37.05,37.05,-0.35,10,1.0,37.8,37.05,37.05,37.8
2024-04-03,12055,450185,37.0,37.65,36.55,37.15,0.1,11,1.0,37.0,37.15,36.55,37.65
2024-04-08,14180,527066,36.95,37.45,36.85,36.85,-0.3,16,1.0,36.95,36.85,36.85,37.45
2024-04-09,11000,407600,37.15,37.15,36.75,37.1,0.25,10,1.0,37.15,37.1,36.75,37.15
2024-04-10,15000,557300,37.6,37.6,37.05,37.1,0.0,10,1.0,37.6,37.1,37.05,37.6
2024-04-11,15000,560000,37.15,37.7,37.15,37.4,0.3,11,1.0,37.15,37.4,37.15,37.7
2024-04-12,22000,827900,37.85,37.85,37.4,37.7,0.3,13,1.0,37.85,37.7,37.4,37.85
2024-04-15,10003,377611,37.65,37.9,37.6,37.7,0.0,11,1.0,37.65,37.7,37.6,37.9
2024-04-16,12000,449700,37.2,37.65,36.9,36.9,-0.8,11,1.0,37.2,36.9,36.9,37.65
2024-04-17,27051,994678,36.9,37.4,36.25,36.95,0.05,29,1.0,36.9,36.95,36.25,37.4
2024-04-18,19050,696510,36.45,37.5,36.2,37.3,0.35,18,1.0,36.45,37.3,36.2,37.5
2024-04-19,50214,1807296,36.6,36.65,35.3,36.2,-1.1,53,1.0,36.6,36.2,35.3,36.65
2024-04-22,19062,700777,36.7,37.1,36.4,36.4,0.2,26,1.0,36.7,36.4,36.4,37.1
2024-04-23,14286,527559,37.1,37.55,36.25,36.6,0.2,16,1.0,37.1,36.6,36.25,37.55
2024-04-24,12052,447862,37.35,37.35,37.0,37.0,0.4,14,1.0,37.35,37.0,37.0,37.35
2024-04-25,18030,667110,37.4,37.4,36.65,37.1,0.1,15,1.0,37.4,37.1,36.65,37.4
2024-04-26,51002,1867126,37.2,37.2,36.55,36.55,-0.55,11,1.0,37.2,36.55,36.55,37.2
2024-04-29,45015,1649190,36.9,36.9,36.5,36.65,0.1,19,1.0,36.9,36.65,36.5,36.9
2024-04-30,35030,1277844,36.5,36.9,36.45,36.45,-0.2,16,1.0,36.5,36.45,36.45,36.9
2024-05-02,14030,512627,36.6,36.8,35.95,36.8,0.35,12,1.0,36.6,36.8,35.95,36.8
2024-05-03,12003,445510,37.25,37.3,36.9,36.9,0.1,10,1.0,37.25,36.9,36.9,37.3
2024-05-06,30099,1118713,37.05,37.95,36.6,36.6,-0.3,41,1.0,37.05,36.6,36.6,37.95
2024-05-07,30566,1124249,36.7,37.4,36.15,36.85,0.25,25,1.0,36.7,36.85,36.15,37.4
2024-05-08,15031,553063,36.85,36.95,36.5,36.95,0.1,18,1.0,36.85,36.95,36.5,36.95
2024-05-09,14028,524066,37.45,37.45,36.55,36.55,-0.4,15,1.0,37.45,36.55,36.55,37.45
2024-05-10,15001,557336,37.35,37.35,36.9,37.0,0.45,13,1.0,37.35,37.0,36.9,37.35
2024-05-13,16002,590370,37.0,37.0,36.5,36.5,-0.5,15,1.0,37.0,36.5,36.5,37.0
2024-05-14,13508,501141,37.2,37.2,36.9,37.15,0.65,14,1.0,37.2,37.15,36.9,37.2
2024-05-15,42000,1558500,37.6,37.6,36.8,37.25,0.1,32,1.0,37.6,37.25,36.8,37.6
2024-05-16,48341,1808340,37.25,37.75,37.0,37.7,0.45,50,1.0,37.25,37.7,37.0,37.75
2024-05-17,16000,602400,37.9,37.9,37.2,37.4,-0.3,15,1.0,37.9,37.4,37.2,37.9
2024-05-20,26028,986367,37.8,38.0,37.6,37.85,0.45,27,1.0,37.8,37.85,37.6,38.0
2024-05-21,19032,721867,38.15,38.15,37.5,37.95,0.1,22,1.0,38.15,37.95,37.5,38.15
2024-05-22,16000,608050,38.2,38.2,37.55,37.7,-0.25,15,1.0,38.2,37.7,37.55,38.2
2024-05-23,20000,746450,36.75,37.75,36.75,37.25,-0.45,15,1.0,36.75,37.25,36.75,37.75
2024-05-24,39000,1442200,36.9,37.0,36.9,37.0,-0.25,15,1.0,36.9,37.0,36.9,37.0
2024-05-27,20004,742105,37.0,37.9,36.85,37.45,0.45,21,1.0,37.0,37.45,36.85,37.9
2024-05-28,21003,781812,37.05,37.45,37.05,37.4,-0.05,19,1.0,37.05,37.4,37.05,37.45
2024-05-29,21388,794080,37.05,37.45,36.9,37.0,-0.4,23,1.0,37.05,37.0,36.9,37.45
2024-05-30,20002,744677,37.0,37.5,37.0,37.5,0.5,20,1.0,37.0,37.5,37.0,37.5
2024-05-31,24579,928461,37.9,37.9,37.45,37.85,0.35,27,1.0,37.9,37.85,37.45,37.9
2024-06-03,22400,845835,37.85,37.85,37.45,37.8,-0.05,27,1.0,37.85,37.8,37.45,37.85
2024-06-04,16335,608646,37.1,37.65,37.1,37.65,-0.15,20,1.0,37.1,37.65,37.1,37.65
2024-06-05,21792,815898,37.8,37.85,37.1,37.7,0.05,37,1.0,37.8,37.7,37.1,37.85
2024-06-06,21855,810905,37.5,37.5,36.75,37.1,-0.6,45,1.0,37.5,37.1,36.75,37.5
2024-06-07,15035,557480,37.7,37.7,36.9,36.95,-0.15,16,1.0,37.7,36.95,36.9,37.7
2024-06-11,11018,406907,37.1,37.1,36.8,37.05,0.1,11,1.0,37.1,37.05,36.8,37.1
2024-06-12,27010,1019030,37.75,37.8,37.6,37.7,0.65,22,1.0,37.75,37.7,37.6,37.8
2024-06-13,30245,1135991,37.7,37.75,37.35,37.5,-0.2,35,1.0,37.7,37.5,37.35,37.75
2024-06-14,14002,521824,37.4,37.4,37.15,37.4,-0.1,16,1.0,37.4,37.4,37.15,37.4
2024-06-17,30032,1111883,37.6,37.6,36.8,36.85,-0.55,27,1.0,37.6,36.85,36.8,37.6
2024-06-18,26140,964849,37.0,37.2,36.7,37.15,0.3,42,1.0,37.0,37.15,36.7,37.2
2024-06-19,25102,935728,37.3,37.75,36.95,37.3,0.15,23,1.0,37.3,37.3,36.95,37.75
2024-06-20,40002,1504222,37.8,37.85,37.1,37.5,0.2,39,1.0,37.8,37.5,37.1,37.85
2024-06-21,18428,692447,37.8,37.8,37.05,37.7,0.2,26,1.0,37.8,37.7,37.05,37.8
2024-06-24,14210,532672,37.85,37.85,37.2,37.65,-0.05,17,1.0,37.85,37.65,37.2,37.85
2024-06-25,18110,681685,37.75,37.75,37.5,37.75,0.1,19,1.0,37.75,37.75,37.5,37.75
2024-06-26,17461,655469,37.85,37.85,37.35,37.5,-0.25,24,1.0,37.85,37.5,37.35,37.85
2024-06-27,22052,816309,37.15,37.25,36.65,36.9,-0.6,21,1.0,37.15,36.9,36.65,37.25
2024-06-28,15000,557400,37.0,37.25,37.0,37.25,0.35,15,1.0,37.0,37.25,37.0,37.25
2024-07-01,12003,447361,37.8,37.8,36.9,37.2,-0.05,13,1.0,37.8,37.2,36.9,37.8
2024-07-02,12015,443850,36.9,37.2,36.85,37.2,0.0,14,1.0,36.9,37.2,36.85,37.2
2024-07-03,16029,594273,37.5,37.5,36.95,37.2,0.0,17,1.0,37.5,37.2,36.95,37.5
2024-07-04,21600,803688,37.55,37.55,37.05,37.4,0.2,32,1.0,37.55,37.4,37.05,37.55
2024-07-05,17001,630386,37.2,37.2,36.9,37.0,-0.4,16,1.0,37.2,37.0,36.9,37.2
2024-07-08,20120,747190,37.45,37.45,37.0,37.05,0.05,18,1.0,37.45,37.05,37.0,37.45
2024-07-09,22294,828154,37.5,37.55,36.8,36.8,-0.25,23,1.0,37.5,36.8,36.8,37.55
2024-07-10,12000,444300,36.85,37.2,36.85,37.2,0.4,11,1.0,36.85,37.2,36.85,37.2
2024-07-11,11101,411159,37.2,37.2,36.9,36.9,-0.3,11,1.0,37.2,36.9,36.9,37.2
2024-07-12,10004,370846,36.95,37.35,36.95,37.0,0.1,9,1.0,36.95,37.0,36.95,37.35
2024-07-15,14480,537499,37.0,37.25,37.0,37.0,0.0,10,1.0,37.0,37.0,37.0,37.25
2024-07-16,10038,372248,37.5,37.5,36.85,36.85,-0.15,13,1.0,37.5,36.85,36.85,37.5
2024-07-17,15186,562635,36.9,37.25,36.9,37.1,0.25,12,1.0,36.9,37.1,36.9,37.25
2024-07-18,15100,558200,36.9,37.15,36.9,37.0,-0.1,13,1.0,36.9,37.0,36.9,37.15
2024-07-19,17364,635170,36.9,36.9,36.4,36.55,-0.45,68,1.0,36.9,36.55,36.4,36.9
2024-07-22,28945,1055279,36.95,36.95,36.0,36.95,0.4,30,1.0,36.95,36.95,36.0,36.95
2024-07-23,17000,627100,37.4,37.4,36.5,36.95,0.0,15,1.0,37.4,36.95,36.5,37.4
2024-07-26,22563,821980,36.8,36.8,36.05,36.05,-0.9,19,1.0,36.8,36.05,36.05,36.8
2024-07-29,21032,772617,37.0,37.0,36.45,36.45,0.4,21,1.0,37.0,36.45,36.45,37.0
2024-07-30,12200,445550,37.1,37.1,36.25,36.65,0.2,36,1.0,37.1,36.65,36.25,37.1
2024-07-31,16471,604885,36.55,37.2,36.35,37.1,0.45,17,1.0,36.55,37.1,36.35,37.2
2024-08-01,154000,5713750,37.0,37.4,36.45,37.2,0.1,45,1.0,37.0,37.2,36.45,37.4
2024-08-02,164207,6008341,36.55,37.05,35.45,36.65,-0.55,47,1.0,36.55,36.65,35.45,37.05
2024-08-05,31765,1117055,36.4,36.4,34.0,34.55,-2.1,50,1.0,36.4,34.55,34.0,36.4
2024-08-06,143000,5020650,34.6,35.15,34.5,35.15,0.6,15,1.0,34.6,35.15,34.5,35.15
2024-08-07,121000,4335200,36.6,36.6,35.2,35.85,0.7,11,1.0,36.6,35.85,35.2,36.6
2024-08-08,7000,248300,35.6,35.6,35.05,35.05,-0.8,7,1.0,35.6,35.05,35.05,35.6
2024-08-09,15100,533400,34.8,36.0,34.75,35.1,0.05,15,1.0,34.8,35.1,34.75,36.0
2024-08-12,7000,253000,35.15,36.4,35.15,36.4,1.3,7,1.0,35.15,36.4,35.15,36.4
2024-08-13,11540,423344,36.75,36.75,36.7,36.7,0.3,12,1.0,36.75,36.7,36.7,36.75
2024-08-14,10000,366600,37.0,37.0,36.45,36.75,0.05,9,1.0,37.0,36.75,36.45,37.0
2024-08-15,10000,366500,36.75,36.9,36.4,36.85,0.1,8,1.0,36.75,36.85,36.4,36.9
2024-08-16,16002,589823,36.5,37.35,36.5,36.9,0.05,16,1.0,36.5,36.9,36.5,37.35
2024-08-19,9004,330047,36.5,36.8,36.5,36.7,-0.2,10,1.0,36.5,36.7,36.5,36.8
2024-08-20,10002,367718,36.65,36.85,36.65,36.65,-0.05,9,1.0,36.65,36.65,36.65,36.85
2024-08-21,19065,703051,36.6,37.0,36.4,37.0,0.35,16,1.0,36.6,37.0,36.4,37.0
2024-08-22,10078,370440,36.95,36.95,36.45,36.45,-0.55,14,1.0,36.95,36.45,36.45,36.95
2024-08-23,32223,1202866,36.75,37.55,36.5,37.55,1.1,45,1.0,36.75,37.55,36.5,37.55
2024-08-26,13186,489113,37.6,37.6,36.7,37.1,-0.45,15,1.0,37.6,37.1,36.7,37.6
2024-08-27,9000,333950,37.3,37.3,36.65,36.65,-0.45,7,1.0,37.3,36.65,36.65,37.3
2024-08-28,10641,390511,37.0,37.15,36.25,36.25,-0.4,12,1.0,37.0,36.25,36.25,37.15
2024-08-29,18035,648842,36.2,36.2,35.6,35.6,-0.65,18,1.0,36.2,35.6,35.6,36.2
2024-08-30,10078,365966,36.5,36.5,36.25,36.25,0.65,16,1.0,36.5,36.25,36.25,36.5
2024-09-02,24647,881966,36.8,36.8,35.4,35.4,-0.85,43,1.0,36.8,35.4,35.4,36.8
2024-09-03,26490,942594,36.2,36.2,35.4,35.4,0.0,14,1.0,36.2,35.4,35.4,36.2
2024-09-04,76260,2521436,34.05,34.05,32.35,32.9,-2.5,77,1.0,34.05,32.9,32.35,34.05
2024-09-05,28056,920869,33.5,33.5,32.4,32.85,-0.05,22,1.0,33.5,32.85,32.4,33.5
2024-09-06,7055,232622,33.5,33.5,32.65,33.5,0.65,15,1.0,33.5,33.5,32.65,33.5
2024-09-09,20019,655520,33.0,33.0,32.5,32.8,-0.7,21,1.0,33.0,32.8,32.5,33.0
2024-09-10,10003,326798,32.8,32.85,32.5,32.7,-0.1,11,1.0,32.8,32.7,32.5,32.85
2024-09-11,16477,541352,33.2,33.5,32.4,32.4,-0.3,19,1.0,33.2,32.4,32.4,33.5
2024-09-12,24001,790133,33.0,33.1,32.9,32.9,0.5,10,1.0,33.0,32.9,32.9,33.1
2024-09-13,10472,347938,33.2,33.35,33.2,33.25,0.35,71,1.0,33.2,33.25,33.2,33.35
2024-09-16,8019,270290,33.5,33.85,33.5,33.8,0.55,6,1.0,33.5,33.8,33.5,33.85
2024-09-18,8199,279426,34.0,34.2,33.9,33.9,0.1,8,1.0,34.0,33.9,33.9,34.2
2024-09-19,23406,796789,34.3,34.4,33.9,33.95,0.05,19,1.0,34.3,33.95,33.9,34.4
2024-09-20,25453,868191,34.3,34.55,33.5,34.15,0.2,33,1.0,34.3,34.15,33.5,34.55
2024-09-23,28000,959700,34.3,34.6,34.15,34.2,0.05,11,1.0,34.3,34.2,34.15,34.6
2024-09-24,151047,5204407,34.8,34.8,34.45,34.45,0.25,17,1.0,34.8,34.45,34.45,34.8
2024-09-25,47250,1648249,34.9,35.1,34.6,34.9,0.45,19,1.0,34.9,34.9,34.6,35.1
2024-09-26,32558,1149458,35.2,35.8,35.0,35.8,0.9,38,1.0,35.2,35.8,35.0,35.8
2024-09-27,35181,1281473,36.7,36.7,36.3,36.3,0.5,22,1.0,36.7,36.3,36.3,36.7
2024-09-30,19143,689696,36.45,36.85,35.6,36.05,-0.25,25,1.0,36.45,36.05,35.6,36.85
2024-10-01,15236,549138,36.65,36.65,35.4,36.4,0.35,15,1.0,36.65,36.4,35.4,36.65
2024-10-04,14019,503081,36.6,36.6,35.45,35.95,-0.45,13,1.0,36.6,35.95,35.45,36.6
2024-10-07,29022,1057098,36.3,36.5,36.3,36.4,0.45,13,1.0,36.3,36.4,36.3,36.5
2024-10-08,10022,360432,36.65,36.65,35.55,35.55,-0.85,12,1.0,36.65,35.55,35.55,36.65
2024-10-09,6019,214423,35.7,35.7,35.55,35.55,0.0,6,1.0,35.7,35.55,35.55,35.7
2024-10-11,17019,605672,35.8,35.8,35.5,35.5,-0.05,11,1.0,35.8,35.5,35.5,35.8
2024-10-14,9019,319975,36.0,36.0,35.1,35.65,0.15,9,1.0,36.0,35.65,35.1,36.0
2024-10-15,9019,323876,35.8,36.1,35.7,35.7,0.05,8,1.0,35.8,35.7,35.7,36.1
2024-10-16,29019,1020811,36.0,36.0,34.0,34.9,-0.8,25,1.0,36.0,34.9,34.0,36.0
2024-10-17,14020,497403,34.8,35.8,34.8,35.15,0.25,16,1.0,34.8,35.15,34.8,35.8
2024-10-18,12477,445715,35.0,36.15,35.0,36.05,0.9,17,1.0,35.0,36.05,35.0,36.15
2024-10-21,10302,373151,36.1,36.8,35.85,36.0,-0.05,14,1.0,36.1,36.0,35.85,36.8
2024-10-22,13002,470428,36.2,36.6,35.5,35.5,-0.5,14,1.0,36.2,35.5,35.5,36.6
2024-10-23,7708,276370,35.7,35.75,35.2,35.5,0.0,18,1.0,35.7,35.5,35.2,35.75
2024-10-24,22197,784147,36.6,36.6,34.6,34.6,-0.9,41,1.0,36.6,34.6,34.6,36.6
2024-10-25,9175,323186,35.35,35.35,35.2,35.25,0.65,11,1.0,35.35,35.25,35.2,35.35
2024-10-28,9039,316407,35.8,35.8,34.85,34.9,-0.35,10,1.0,35.8,34.9,34.85,35.8
2024-10-29,15074,521580,35.35,35.35,34.2,34.3,-0.6,16,1.0,35.35,34.3,34.2,35.35
2024-10-30,8059,279635,34.8,34.8,34.6,34.6,0.3,7,1.0,34.8,34.6,34.6,34.8
2024-11-01,27216,958908,35.2,35.5,34.25,35.5,0.9,25,1.0,35.2,35.5,34.25,35.5
2024-11-04,9200,328816,35.8,36.0,35.05,35.75,0.25,11,1.0,35.8,35.75,35.05,36.0
2024-11-05,15039,535522,36.1,36.1,35.15,35.3,-0.45,14,1.0,36.1,35.3,35.15,36.1
2024-11-06,9099,323484,35.7,35.9,35.15,35.2,-0.1,9,1.0,35.7,35.2,35.15,35.9
2024-11-07,14003,497254,35.05,36.0,35.0,35.1,-0.1,15,1.0,35.05,35.1,35.0,36.0
2024-11-08,16000,566700,35.7,36.1,34.8,34.8,-0.3,11,1.0,35.7,34.8,34.8,36.1
2024-11-11,8160,283605,35.0,35.0,34.7,34.75,-0.05,10,1.0,35.0,34.75,34.7,35.0
2024-11-12,11003,379605,34.35,35.2,34.1,34.1,-0.65,12,1.0,34.35,34.1,34.1,35.2
2024-11-13,22001,746984,34.45,34.45,33.6,33.95,-0.15,21,1.0,34.45,33.95,33.6,34.45
2024-11-14,13001,433683,33.8,34.1,32.9,32.9,-1.05,14,1.0,33.8,32.9,32.9,34.1
2024-11-15,11002,368765,33.5,33.8,32.65,33.5,0.6,11,1.0,33.5,33.5,32.65,33.8
2024-11-18,7151,241857,34.05,34.05,33.25,33.25,-0.25,8,1.0,34.05,33.25,33.25,34.05
2024-11-19,20024,682066,33.8,34.95,33.4,33.8,0.55,21,1.0,33.8,33.8,33.4,34.95
2024-11-20,14000,472300,33.9,34.25,33.4,33.6,-0.2,12,1.0,33.9,33.6,33.4,34.25
2024-11-21,11022,372346,34.0,34.5,33.4,33.6,0.0,7,1.0,34.0,33.6,33.4,34.5
2024-11-22,10377,349287,34.0,34.2,33.25,33.7,0.1,17,1.0,34.0,33.7,33.25,34.2
2024-11-25,18316,628646,33.9,35.5,33.45,34.55,0.85,51,1.0,33.9,34.55,33.45,35.5
2024-11-26,8296,285320,34.6,34.8,34.0,34.0,-0.55,12,1.0,34.6,34.0,34.0,34.8
2024-11-27,15001,501480,34.3,34.3,33.15,33.7,-0.3,11,1.0,34.3,33.7,33.15,34.3
2024-11-28,7000,240300,34.0,34.5,34.0,34.4,0.7,7,1.0,34.0,34.4,34.0,34.5
2024-11-29,4001,136334,34.1,34.45,33.85,33.9,-0.5,5,1.0,34.1,33.9,33.85,34.45
2024-12-02,8021,274661,34.1,34.5,33.95,33.95,0.05,9,1.0,34.1,33.95,33.95,34.5
2024-12-03,9001,307583,34.0,34.4,33.8,34.25,0.3,9,1.0,34.0,34.25,33.8,34.4
2024-12-04,1205213,40970547,33.9,34.0,33.9,34.0,-0.25,131,1.0,33.9,34.0,33.9,34.0
2024-12-05,220847,8137252,34.85,37.4,34.85,36.35,2.35,198,1.0,34.85,36.35,34.85,37.4
2024-12-06,1847850,64696769,34.2,35.9,34.2,35.0,-1.35,187,1.0,34.2,35.0,34.2,35.9
2024-12-09,446567,16997470,36.0,38.5,36.0,36.55,1.55,283,1.0,36.0,36.55,36.0,38.5
2024-12-10,2009787,71758390,34.0,36.0,33.65,35.9,-0.65,259,1.0,34.0,35.9,33.65,36.0
2024-12-11,611154,23385516,35.9,39.45,35.9,37.5,1.6,412,1.0,35.9,37.5,35.9,39.45
2024-12-12,2839741,105230068,36.5,38.0,36.5,37.0,-0.5,454,1.0,36.5,37.0,36.5,38.0
2024-12-13,581285,21850764,39.05,39.05,37.05,37.05,0.05,424,1.0,39.05,37.05,37.05,39.05
2024-12-16,2235943,83828231,37.4,38.6,37.1,37.35,0.3,512,1.0,37.4,37.35,37.1,38.6
2024-12-17,290991,11125863,38.4,38.8,37.55,37.9,0.55,223,1.0,38.4,37.9,37.55,38.8
2024-12-18,2347773,96913719,38.6,41.65,38.3,41.65,3.75,469,1.0,38.6,41.65,38.3,41.65
2024-12-19,544309,24788747,45.0,45.8,44.1,45.8,4.15,278,1.0,45.0,45.8,44.1,45.8
2024-12-20,522649,26289236,50.3,50.3,50.3,50.3,4.5,286,1.0,50.3,50.3,50.3,50.3
2024-12-23,209647,11593474,55.3,55.3,55.3,55.3,5.0,89,1.0,55.3,55.3,55.3,55.3
2024-12-24,2026127,122942741,60.8,60.8,59.0,60.8,5.5,1068,1.0,60.8,60.8,59.0,60.8
2024-12-25,1179639,77102739,62.8,66.8,62.8,66.8,6.0,774,1.0,62.8,66.8,62.8,66.8
2024-12-26,1346107,88996744,69.0,69.0,63.6,65.5,-1.3,1011,1.0,69.0,65.5,63.6,69.0
2024-12-27,694399,47629266,64.1,70.5,64.1,69.8,4.3,608,1.0,64.1,69.8,64.1,70.5
2024-12-30,427688,29121856,69.8,69.8,67.0,67.5,-2.3,345,1.0,69.8,67.5,67.0,69.8
2024-12-31,315175,21947266,71.8,71.8,68.5,70.0,2.5,258,1.0,71.8,70.0,68.5,71.8
2025-01-02,280227,19286056,72.0,72.0,67.0,68.4,-1.6,231,1.0,72.0,68.4,67.0,72.0
2025-01-03,354385,23626908,68.4,68.4,64.8,66.8,-1.6,253,1.0,68.4,66.8,64.8,68.4
2025-01-06,556620,40014936,68.8,73.4,68.8,73.4,6.6,382,1.0,68.8,73.4,68.8,73.4
2025-01-07,396964,31261178,80.6,80.6,76.6,79.7,6.3,310,1.0,80.6,79.7,76.6,80.6
2025-01-08,265831,21902742,77.7,85.8,77.7,85.8,6.1,232,1.0,77.7,85.8,77.7,85.8
2025-01-09,348343,28149561,83.0,83.7,78.6,78.8,-7.0,310,1.0,83.0,78.8,78.6,83.7
2025-01-10,383147,29428719,78.8,78.9,74.5,77.5,-1.3,334,1.0,78.8,77.5,74.5,78.9
2025-01-13,300187,23223513,79.9,80.0,75.0,80.0,2.5,240,1.0,79.9,80.0,75.0,80.0
2025-01-14,2458367,187649607,77.0,85.9,72.0,75.8,-4.2,1936,1.0,77.0,75.8,72.0,85.9
2025-01-15,2654826,192034128,77.5,78.0,68.3,68.3,-7.5,2075,1.0,77.5,68.3,68.3,78.0
2025-01-16,4252935,295337455,66.0,74.8,64.9,68.6,0.3,3151,1.0,66.0,68.6,64.9,74.8
2025-01-17,838683,57819047,67.8,71.0,67.6,68.8,0.2,749,1.0,67.8,68.8,67.6,71.0
2025-01-20,746381,52574350,70.9,71.9,68.8,71.1,2.3,708,1.0,70.9,71.1,68.8,71.9
2025-01-21,1807544,133320709,70.8,76.0,70.8,75.3,4.2,2009,1.0,70.8,75.3,70.8,76.0
2025-01-22,2452230,191872708,75.8,81.3,75.4,80.0,4.7,2319,1.0,75.8,80.0,75.4,81.3
2025-02-03,2339465,199860567,78.5,88.0,77.0,88.0,8.0,1795,1.0,78.5,88.0,77.0,88.0
2025-02-04,5915109,540595704,93.0,95.0,86.5,90.0,2.0,4692,1.0,93.0,90.0,86.5,95.0
2025-02-05,3210766,294997608,89.8,96.3,89.0,89.0,-1.0,2584,1.0,89.8,89.0,89.0,96.3
2025-02-06,774354,69988885,90.4,92.5,89.0,89.5,0.5,1163,1.0,90.4,89.5,89.0,92.5
2025-02-07,2004657,186764809,90.6,96.5,90.0,91.0,1.5,1907,1.0,90.6,91.0,90.0,96.5
2025-02-10,2880308,274697985,91.7,99.6,91.7,93.3,2.3,3063,1.0,91.7,93.3,91.7,99.6
2025-02-11,1356137,128392642,94.9,97.7,92.0,92.0,-1.3,1623,1.0,94.9,92.0,92.0,97.7
2025-02-12,1381423,122689011,92.5,94.6,85.0,85.9,-6.1,1956,1.0,92.5,85.9,85.0,94.6
2025-02-13,706177,61838992,85.9,88.9,85.4,88.6,2.7,751,1.0,85.9,88.6,85.4,88.9
2025-02-14,1145316,103766183,89.5,94.6,87.6,88.1,-0.5,1507,1.0,89.5,88.1,87.6,94.6
2025-02-17,482738,42540176,87.8,89.3,87.3,87.6,-0.5,617,1.0,87.8,87.6,87.3,89.3
2025-02-18,541016,48297288,89.0,93.0,87.7,87.7,0.1,792,1.0,89.0,87.7,87.7,93.0
2025-02-19,1032164,93394580,88.3,92.9,87.8,91.0,3.3,892,1.0,88.3,91.0,87.8,92.9
2025-02-20,841224,74981649,91.3,91.9,88.0,88.0,-3.0,739,1.0,91.3,88.0,88.0,91.9
2025-02-21,291326,25781867,88.0,89.8,87.0,89.7,1.7,592,1.0,88.0,89.7,87.0,89.8
2025-02-24,282524,25389129,90.1,91.5,88.0,90.1,0.4,265,1.0,90.1,90.1,88.0,91.5
2025-02-25,347054,30597161,89.8,90.0,87.5,87.5,-2.6,327,1.0,89.8,87.5,87.5,90.0
2025-02-26,282464,24731350,88.9,89.0,86.9,87.7,0.2,339,1.0,88.9,87.7,86.9,89.0
2025-02-27,758645,65797838,89.0,90.3,84.1,84.7,-3.0,569,1.0,89.0,84.7,84.1,90.3
2025-03-03,1377463,107011003,81.0,82.6,76.3,76.3,-8.4,1629,1.0,81.0,76.3,76.3,82.6
2025-03-04,1710007,126484397,73.0,76.1,71.5,73.9,-2.4,1258,1.0,73.0,73.9,71.5,76.1
2025-03-05,2150025,165454032,74.0,81.2,70.9,81.2,7.3,1883,1.0,74.0,81.2,70.9,81.2
2025-03-06,2654426,216464954,83.1,84.7,79.1,81.9,0.7,1960,1.0,83.1,81.9,79.1,84.7
2025-03-07,552230,45016691,81.5,82.8,80.0,81.9,0.0,478,1.0,81.5,81.9,80.0,82.8
2025-03-10,363429,29589341,81.7,83.0,80.4,80.4,-1.5,407,1.0,81.7,80.4,80.4,83.0
2025-03-11,1001858,82186790,79.0,84.5,76.4,83.4,3.0,1081,1.0,79.0,83.4,76.4,84.5
2025-03-12,3033418,271234601,84.5,91.7,83.4,91.7,8.3,3574,1.0,84.5,91.7,83.4,91.7
2025-03-13,2723054,244661726,91.2,93.1,86.0,88.3,-3.4,2266,1.0,91.2,88.3,86.0,93.1
2025-03-14,1944918,175089901,89.1,92.5,87.9,88.6,0.3,2634,1.0,89.1,88.6,87.9,92.5
2025-03-17,746976,65592728,88.7,90.2,86.1,86.5,-2.1,724,1.0,88.7,86.5,86.1,90.2
2025-03-18,660113,56223300,86.2,86.8,84.2,84.6,-1.9,797,1.0,86.2,84.6,84.2,86.8
2025-03-19,568443,48242520,86.2,86.7,83.3,84.1,-0.5,463,1.0,86.2,84.1,83.3,86.7
2025-03-20,226068,19120044,84.5,86.2,83.8,83.8,-0.3,402,1.0,84.5,83.8,83.8,86.2
2025-03-21,444119,36378209,83.9,84.8,80.2,81.0,-2.8,788,1.0,83.9,81.0,80.2,84.8
2025-03-24,410252,32880729,81.5,82.8,78.6,80.3,-0.7,518,1.0,81.5,80.3,78.6,82.8
2025-03-25,265041,21260159,80.6,82.2,79.2,80.4,0.1,288,1.0,80.6,80.4,79.2,82.2
2025-03-26,289627,23669049,80.7,83.0,80.1,82.3,1.9,268,1.0,80.7,82.3,80.1,83.0
2025-03-27,301524,24812106,82.3,83.3,80.9,83.0,0.7,375,1.0,82.3,83.0,80.9,83.3
2025-03-28,199962,16375592,83.0,83.0,80.8,81.7,-1.3,196,1.0,83.0,81.7,80.8,83.0
2025-03-31,665803,52083330,80.1,81.5,76.6,77.3,-4.4,456,1.0,80.1,77.3,76.6,81.5
2025-04-01,773606,64768136,77.3,85.0,77.3,85.0,7.7,655,1.0,77.3,85.0,77.3,85.0
2025-04-02,1869805,159823007,86.0,88.6,82.0,83.1,-1.9,1661,1.0,86.0,83.1,82.0,88.6
2025-04-07,48543,3631014,74.8,74.8,74.8,74.8,-8.3,40,1.0,74.8,74.8,74.8,74.8
2025-04-08,1407552,97843116,74.0,74.0,67.5,68.8,-6.0,746,1.0,74.0,68.8,67.5,74.0
2025-04-09,1509768,109268652,69.8,75.4,69.8,73.7,4.9,1492,1.0,69.8,73.7,69.8,75.4
2025-04-10,1229003,98675543,81.0,81.0,78.8,80.1,6.4,561,1.0,81.0,80.1,78.8,81.0
2025-04-11,1026154,81990126,77.7,83.9,75.1,82.7,2.6,1298,1.0,77.7,82.7,75.1,83.9
2025-04-14,2320199,201981506,83.8,90.4,83.8,86.7,4.0,2158,1.0,83.8,86.7,83.8,90.4
2025-04-15,3440116,324418084,87.9,95.3,87.9,95.3,8.6,3727,1.0,87.9,95.3,87.9,95.3
2025-04-16,3427136,350275999,96.5,104.5,96.5,104.5,9.2,2239,1.0,96.5,104.5,96.5,104.5
2025-04-17,14017195,1470904486,101.0,112.5,94.1,108.5,4.0,9510,1.0,101.0,108.5,94.1,112.5
2025-04-18,13178530,1391674668,112.5,115.0,100.0,104.0,-4.5,9843,1.0,112.5,104.0,100.0,115.0
2025-04-21,4954922,531427997,107.5,111.0,102.0,103.0,-1.0,3707,1.0,107.5,103.0,102.0,111.0
2025-04-22,3309924,347654445,105.0,109.5,100.0,101.5,-1.5,3533,1.0,105.0,101.5,100.0,109.5
2025-04-23,2354655,250314153,106.5,109.0,102.5,108.5,7.0,2076,1.0,106.5,108.5,102.5,109.0
2025-04-24,2621680,277275559,112.0,112.0,102.0,102.5,-6.0,2206,1.0,112.0,102.5,102.0,112.0
2025-04-25,1765949,185153442,105.5,108.5,102.5,102.5,0.0,1587,1.0,105.5,102.5,102.5,108.5
2025-04-28,3408687,322748720,101.5,101.5,92.6,93.5,-9.0,2574,1.0,101.5,93.5,92.6,101.5
2025-04-29,3478255,319992324,94.0,94.5,90.0,91.7,-1.8,3231,1.0,94.0,91.7,90.0,94.5
2025-04-30,2260880,202841476,92.1,92.4,87.7,88.7,-3.0,2210,1.0,92.1,88.7,87.7,92.4
2025-05-02,1557996,141548743,90.0,93.9,88.3,88.5,-0.2,1829,1.0,90.0,88.5,88.3,93.9
2025-05-05,1982654,166466743,89.3,89.3,80.2,84.5,-4.0,1717,1.0,89.3,84.5,80.2,89.3
2025-05-06,2189429,174998881,84.0,85.4,77.7,77.9,-6.6,1950,1.0,84.0,77.9,77.7,85.4
2025-05-07,1863480,144440465,78.4,79.2,75.4,77.3,-0.6,1511,1.0,78.4,77.3,75.4,79.2
2025-05-08,1907662,152242767,78.0,83.0,76.3,82.5,5.2,1716,1.0,78.0,82.5,76.3,83.0
2025-05-09,2101986,173563077,82.6,84.6,80.8,83.4,0.9,2017,1.0,82.6,83.4,80.8,84.6
2025-05-12,2402531,205024014,84.7,87.0,83.1,87.0,3.6,1843,1.0,84.7,87.0,83.1,87.0
2025-05-13,2033842,181611276,89.0,91.5,88.1,88.8,1.8,1748,1.0,89.0,88.8,88.1,91.5
2025-05-14,635633,56131693,89.0,89.5,87.2,88.1,-0.7,805,1.0,89.0,88.1,87.2,89.5
2025-05-15,990838,83785273,87.5,87.8,82.3,82.9,-5.2,888,1.0,87.5,82.9,82.3,87.8
2025-05-16,1002224,83093432,82.9,84.5,82.0,82.5,-0.4,732,1.0,82.9,82.5,82.0,84.5
2025-05-19,1682847,142354927,83.0,87.4,82.5,83.4,0.9,1330,1.0,83.0,83.4,82.5,87.4
2025-05-20,740672,62726398,83.4,86.4,82.7,85.3,1.9,665,1.0,83.4,85.3,82.7,86.4
2025-05-21,674657,58242991,84.5,87.5,84.5,87.5,2.2,558,1.0,84.5,87.5,84.5,87.5
2025-05-22,1644745,142848590,86.8,90.0,83.4,90.0,2.5,1557,1.0,86.8,90.0,83.4,90.0
2025-05-23,3075786,280963993,91.3,93.7,89.0,92.8,2.8,2606,1.0,91.3,92.8,89.0,93.7
2025-05-26,1433173,130684370,92.1,92.9,89.3,92.0,-0.8,1186,1.0,92.1,92.0,89.3,92.9
2025-05-27,1215665,108829807,92.0,93.2,86.5,86.5,-5.5,1023,1.0,92.0,86.5,86.5,93.2
2025-05-28,782976,68364238,87.2,89.3,86.0,87.2,0.7,682,1.0,87.2,87.2,86.0,89.3
2025-05-29,651355,56539382,88.0,88.1,85.3,86.2,-1.0,567,1.0,88.0,86.2,85.3,88.1
2025-06-02,466934,39617560,85.1,86.3,83.5,85.5,-0.7,416,1.0,85.1,85.5,83.5,86.3
2025-06-03,372841,32061716,85.8,87.6,85.1,86.0,0.5,336,1.0,85.8,86.0,85.1,87.6
2025-06-04,760705,66818542,87.0,89.7,86.4,86.5,0.5,595,1.0,87.0,86.5,86.4,89.7
2025-06-05,515926,44435200,86.9,88.2,84.2,84.2,-2.3,461,1.0,86.9,84.2,84.2,88.2
2025-06-06,422489,35207156,84.3,84.6,82.2,82.9,-1.3,364,1.0,84.3,82.9,82.2,84.6
2025-06-09,271587,22473354,83.3,84.0,81.7,82.4,-0.5,252,1.0,83.3,82.4,81.7,84.0
2025-06-10,347622,29069779,83.5,84.9,82.6,84.9,2.5,313,1.0,83.5,84.9,82.6,84.9
2025-06-11,872728,74897952,84.8,88.5,83.4,86.4,1.5,696,1.0,84.8,86.4,83.4,88.5
2025-06-12,302152,26203734,86.3,87.5,85.7,86.7,0.3,270,1.0,86.3,86.7,85.7,87.5
2025-06-13,421368,36071035,87.0,87.6,84.0,84.0,-2.7,366,1.0,87.0,84.0,84.0,87.6
2025-06-16,364046,29993377,83.7,83.7,82.0,82.0,-2.0,424,1.0,83.7,82.0,82.0,83.7
2025-06-17,360343,29924153,82.5,83.9,82.3,82.4,0.4,319,1.0,82.5,82.4,82.3,83.9
2025-06-18,231720,19322212,83.0,84.3,82.0,83.5,1.1,215,1.0,83.0,83.5,82.0,84.3
2025-06-19,2056546,179714784,83.5,90.0,83.5,87.9,4.4,1525,1.0,83.5,87.9,83.5,90.0
2025-06-20,1948771,171806884,88.4,89.6,86.3,86.8,-1.1,1526,1.0,88.4,86.8,86.3,89.6
2025-06-23,357648,30714313,85.8,87.3,85.0,85.1,-1.7,328,1.0,85.8,85.1,85.0,87.3
2025-06-24,554519,48120647,86.8,88.8,85.6,85.8,0.7,504,1.0,86.8,85.8,85.6,88.8
2025-06-25,658181,57552278,87.5,88.9,85.8,86.0,0.2,561,1.0,87.5,86.0,85.8,88.9
2025-06-26,583506,51230006,86.6,89.3,86.6,87.9,1.9,497,1.0,86.6,87.9,86.6,89.3
2025-06-27,691771,61092399,88.0,89.4,87.1,87.1,-0.8,525,1.0,88.0,87.1,87.1,89.4
2025-06-30,284624,24755804,88.0,88.0,86.4,86.9,-0.2,251,1.0,88.0,86.9,86.4,88.0
2025-07-01,691909,60298017,87.3,89.3,85.4,85.6,-1.3,720,1.0,87.3,85.6,85.4,89.3
2025-07-02,573491,49955171,86.1,87.8,85.6,87.1,1.5,443,1.0,86.1,87.1,85.6,87.8
2025-07-03,1831824,164244576,87.7,91.5,87.3,90.5,3.4,1508,1.0,87.7,90.5,87.3,91.5
2025-07-04,2809388,244064832,90.5,90.7,83.1,83.5,-7.0,2227,1.0,90.5,83.5,83.1,90.7
2025-07-07,1566309,136972270,84.0,89.9,83.8,88.8,5.3,1244,1.0,84.0,88.8,83.8,89.9
2025-07-08,772092,67811121,88.8,89.0,86.6,87.5,-1.3,858,1.0,88.8,87.5,86.6,89.0
2025-07-09,952314,84044145,89.2,89.4,86.5,89.4,1.9,781,1.0,89.2,89.4,86.5,89.4
2025-07-10,993654,89417031,89.6,91.5,88.5,91.3,1.9,797,1.0,89.6,91.3,88.5,91.5
2025-07-11,1141057,101051302,91.0,91.5,87.0,87.1,-4.2,2459,1.0,91.0,87.1,87.0,91.5
2025-07-14,1770014,160162961,87.7,92.0,87.7,90.5,3.4,1492,1.0,87.7,90.5,87.7,92.0
2025-07-15,1289716,116296554,90.5,92.0,88.4,90.7,0.2,1228,1.0,90.5,90.7,88.4,92.0
2025-07-16,906043,81904561,91.6,91.6,89.5,90.0,-0.7,986,1.0,91.6,90.0,89.5,91.6
2025-07-17,1714426,147908823,90.9,90.9,83.0,83.8,-6.2,2239,1.0,90.9,83.8,83.0,90.9
2025-07-18,1388807,116050454,84.5,85.1,82.5,82.6,-1.2,1106,1.0,84.5,82.6,82.5,85.1
2025-07-21,1025480,82463301,83.0,83.0,78.7,79.8,-2.8,887,1.0,83.0,79.8,78.7,83.0
2025-07-22,823776,65296935,79.6,80.5,78.1,78.6,-1.2,682,1.0,79.6,78.6,78.1,80.5
2025-07-23,364038,29095823,79.0,81.0,78.8,80.6,2.0,341,1.0,79.0,80.6,78.8,81.0
2025-07-24,550595,44062443,80.6,82.2,79.0,79.1,-1.5,494,1.0,80.6,79.1,79.0,82.2
2025-07-25,223901,17765207,80.0,80.1,78.8,79.9,0.8,233,1.0,80.0,79.9,78.8,80.1
2025-07-28,295260,23921379,81.1,82.1,80.0,80.0,0.1,384,1.0,81.1,80.0,80.0,82.1
2025-07-29,208420,16465576,80.5,80.5,78.5,78.7,-1.3,198,1.0,80.5,78.7,78.5,80.5
2025-07-30,1142969,94055426,79.0,84.7,77.8,83.5,4.8,912,1.0,79.0,83.5,77.8,84.7
2025-07-31,2537511,222568361,84.4,89.8,84.2,88.6,5.1,2237,1.0,84.4,88.6,84.2,89.8
2025-08-01,3012051,269131092,89.9,91.8,86.2,87.8,-0.8,2793,1.0,89.9,87.8,86.2,91.8
2025-08-04,569474,49214932,87.4,88.1,84.6,87.2,-0.6,632,1.0,87.4,87.2,84.6,88.1
2025-08-05,276605,24392352,88.1,88.9,87.4,87.5,0.3,310,1.0,88.1,87.5,87.4,88.9
2025-08-06,838910,71633453,87.9,87.9,83.7,83.8,-3.7,1475,1.0,87.9,83.8,83.7,87.9
2025-08-07,890968,72894665,85.7,85.7,80.5,80.6,-3.2,851,1.0,85.7,80.6,80.5,85.7
2025-08-08,776872,61814052,80.6,81.5,78.9,79.0,-1.6,625,1.0,80.6,79.0,78.9,81.5
2025-08-11,3146058,227840552,78.0,78.5,71.1,71.3,-7.7,1969,1.0,78.0,71.3,71.1,78.5
2025-08-12,909273,65238052,71.9,73.7,70.0,70.1,-1.2,852,1.0,71.9,70.1,70.0,73.7
2025-08-13,1048898,72291781,71.8,71.9,65.9,66.6,-3.5,843,1.0,71.8,66.6,65.9,71.9
2025-08-14,794696,55014021,67.5,70.5,67.3,70.0,3.4,661,1.0,67.5,70.0,67.3,70.5
2025-08-15,852865,61147866,70.6,73.1,70.1,71.9,1.9,697,1.0,70.6,71.9,70.1,73.1
2025-08-18,539948,38844955,72.5,74.4,70.1,70.1,-1.8,697,1.0,72.5,70.1,70.1,74.4
2025-08-19,344659,24300591,70.1,72.0,69.0,70.2,0.1,316,1.0,70.1,70.2,69.0,72.0
2025-08-20,460050,32604627,70.7,71.6,70.0,70.0,-0.2,424,1.0,70.7,70.0,70.0,71.6
2025-08-21,1032529,70575010,70.8,71.4,66.9,68.7,-1.3,834,1.0,70.8,68.7,66.9,71.4
2025-08-22,396118,26815936,68.6,70.1,66.6,68.0,-0.7,410,1.0,68.6,68.0,66.6,70.1
2025-08-25,175380,12018868,68.0,69.0,68.0,68.1,0.1,158,1.0,68.0,68.1,68.0,69.0
2025-08-26,395080,27565810,66.0,72.0,66.0,71.8,3.7,366,1.0,66.0,71.8,66.0,72.0
2025-08-27,257792,18664732,73.5,73.5,71.6,72.2,0.4,196,1.0,73.5,72.2,71.6,73.5
2025-08-28,164356,11728021,72.0,72.0,70.7,71.2,-1.0,126,1.0,72.0,71.2,70.7,72.0
2025-08-29,265073,18835195,71.1,72.0,70.4,71.5,0.3,296,1.0,71.1,71.5,70.4,72.0
2025-09-01,142820,10123015,72.0,72.0,70.2,70.3,-1.2,165,1.0,72.0,70.3,70.2,72.0
2025-09-02,186966,13140491,70.3,71.8,69.3,69.9,-0.4,279,1.0,70.3,69.9,69.3,71.8
2025-09-03,104749,7293544,70.0,70.5,68.9,69.9,0.0,170,1.0,70.0,69.9,68.9,70.5
2025-09-04,1709737,120818081,69.9,71.6,69.9,71.1,1.2,382,1.0,69.9,71.1,69.9,71.6
2025-09-05,1255984,91981175,71.5,75.5,70.8,75.0,3.9,1117,1.0,71.5,75.0,70.8,75.5
2025-09-08,1961736,144807362,75.0,77.0,72.0,74.6,-0.4,1507,1.0,75.0,74.6,72.0,77.0
2025-09-09,785318,58719729,74.5,76.4,73.5,75.4,0.8,661,1.0,74.5,75.4,73.5,76.4
2025-09-10,404873,31104272,75.8,77.5,75.6,77.1,1.7,412,1.0,75.8,77.1,75.6,77.5
2025-09-11,493891,38190817,77.2,78.3,75.3,77.8,0.7,438,1.0,77.2,77.8,75.3,78.3
2025-09-12,280146,21729013,77.8,79.0,76.3,76.5,-1.3,475,1.0,77.8,76.5,76.3,79.0
2025-09-15,653404,47947707,76.5,76.5,71.5,71.7,-4.8,872,1.0,76.5,71.7,71.5,76.5
2025-09-16,212939,15347651,73.7,73.7,71.1,71.2,-0.5,259,1.0,73.7,71.2,71.1,73.7
2025-09-17,182337,12926734,71.9,71.9,70.3,70.3,-0.9,278,1.0,71.9,70.3,70.3,71.9
2025-09-18,207981,14688273,70.3,72.1,70.1,70.5,0.2,162,1.0,70.3,70.5,70.1,72.1
2025-09-19,179203,12710321,70.6,72.3,70.0,71.5,1.0,121,1.0,70.6,71.5,70.0,72.3
2025-09-22,346186,24360508,70.7,72.2,69.6,69.6,-1.9,257,1.0,70.7,69.6,69.6,72.2
2025-09-23,163191,11552484,69.6,71.6,69.6,71.1,1.5,132,1.0,69.6,71.1,69.6,71.6
2025-09-24,488115,33738206,72.0,72.0,68.1,68.1,-3.0,362,1.0,72.0,68.1,68.1,72.0
2025-09-25,183347,12395397,68.0,68.3,67.1,68.0,-0.1,154,1.0,68.0,68.0,67.1,68.3
2025-09-26,250121,16816249,68.2,69.1,66.3,66.8,-1.2,171,1.0,68.2,66.8,66.3,69.1
2025-09-30,149711,9948346,66.8,68.2,65.3,66.9,0.1,112,1.0,66.8,66.9,65.3,68.2
2025-10-01,113761,7591462,67.7,67.9,66.2,66.6,-0.3,97,1.0,67.7,66.6,66.2,67.9
2025-10-02,427584,27547954,66.7,66.9,63.0,64.3,-2.3,308,1.0,66.7,64.3,63.0,66.9
2025-10-03,526206,32271609,64.3,64.4,60.5,60.9,-3.4,364,1.0,64.3,60.9,60.5,64.4
2025-10-07,489105,29587803,60.9,62.0,58.1,60.5,-0.4,262,1.0,60.9,60.5,58.1,62.0
2025-10-08,548383,32535037,59.4,60.0,58.5,59.5,-1.0,335,1.0,59.4,59.5,58.5,60.0
2025-10-09,902453,54053591,61.5,63.8,58.8,59.0,-0.5,448,1.0,61.5,59.0,58.8,63.8
2025-10-13,906103,51131097,57.2,60.0,55.3,56.3,-2.7,400,1.0,57.2,56.3,55.3,60.0
2025-10-14,342157,19754115,56.3,59.5,56.3,56.7,0.4,317,1.0,56.3,56.7,56.3,59.5
2025-10-15,824075,45326229,56.8,57.2,54.1,54.6,-2.1,481,1.0,56.8,54.6,54.1,57.2
2025-10-16,456987,25341483,55.5,56.8,54.9,55.7,1.1,387,1.0,55.5,55.7,54.9,56.8
2025-10-17,452482,24774551,58.1,58.1,53.2,54.0,-1.7,346,1.0,58.1,54.0,53.2,58.1
2025-10-20,1109428,60521251,52.6,57.0,52.2,54.7,0.7,367,1.0,52.6,54.7,52.2,57.0
2025-10-21,301125,16109069,55.6,55.6,52.5,52.8,-1.9,263,1.0,55.6,52.8,52.5,55.6
2025-10-22,519695,27703570,52.8,54.4,52.7,53.4,0.6,178,1.0,52.8,53.4,52.7,54.4
2025-10-23,576960,29274097,53.0,53.2,48.1,50.3,-3.1,456,1.0,53.0,50.3,48.1,53.2
2025-10-27,604379,29449273,49.8,50.3,46.0,49.0,-1.3,408,1.0,49.8,49.0,46.0,50.3
2025-10-28,456362,22505541,50.5,50.5,47.8,50.0,1.0,307,1.0,50.5,50.0,47.8,50.5
2025-10-29,777709,39287429,50.7,52.4,48.85,49.9,-0.1,466,1.0,50.7,49.9,48.85,52.4
2025-10-30,905389,45873637,49.9,51.6,49.5,51.2,1.3,320,1.0,49.9,51.2,49.5,51.6
2025-10-31,414672,20980066,51.2,51.9,49.3,50.8,-0.4,263,1.0,51.2,50.8,49.3,51.9
2025-11-03,739827,38130912,50.6,52.6,50.3,51.4,0.6,280,1.0,50.6,51.4,50.3,52.6
2025-11-04,645086,32404054,50.0,51.7,48.6,49.75,-1.65,364,1.0,50.0,49.75,48.6,51.7
2025-11-05,225637,11004427,49.8,49.8,48.0,48.9,-0.85,217,1.0,49.8,48.9,48.0,49.8
2025-11-06,686681,34327889,49.0,51.3,48.7,51.3,2.4,258,1.0,49.0,51.3,48.7,51.3
2025-11-07,400752,19951746,51.2,51.3,48.7,50.5,-0.8,350,1.0,51.2,50.5,48.7,51.3
2025-11-10,1042847,53395124,50.6,52.8,49.5,52.3,1.8,384,1.0,50.6,52.3,49.5,52.8
2025-11-11,907208,46374400,52.1,52.6,49.1,49.8,-2.5,505,1.0,52.1,49.8,49.1,52.6
2025-11-12,1005716,51926634,50.3,53.2,49.65,52.8,3.0,686,1.0,50.3,52.8,49.65,53.2
2025-11-13,649972,33731838,52.8,53.7,50.4,51.5,-1.3,491,1.0,52.8,51.5,50.4,53.7
2025-11-14,1104702,57808529,50.6,55.5,49.3,53.7,2.2,635,1.0,50.6,53.7,49.3,55.5
2025-11-17,1321893,72604190,53.5,57.6,52.3,55.8,2.1,936,1.0,53.5,55.8,52.3,57.6
2025-11-18,900544,48967662,55.2,56.4,53.1,53.5,-2.3,897,1.0,55.2,53.5,53.1,56.4
2025-11-19,649164,35253016,53.5,55.3,53.1,55.2,1.7,454,1.0,53.5,55.2,53.1,55.3
2025-11-20,687478,38177088,55.4,56.4,54.5,55.8,0.6,462,1.0,55.4,55.8,54.5,56.4
2025-11-21,380102,20560726,55.2,55.7,52.8,53.0,-2.8,428,1.0,55.2,53.0,52.8,55.7
2025-11-24,784486,43384150,53.6,56.9,53.1,55.5,2.5,485,1.0,53.6,55.5,53.1,56.9
2025-11-25,1626551,84797871,55.5,56.4,49.95,49.95,-5.55,1293,1.0,55.5,49.95,49.95,56.4
2025-11-26,1076945,54060284,50.5,50.8,49.0,50.8,0.85,735,1.0,50.5,50.8,49.0,50.8
2025-11-27,751545,39096253,50.4,53.4,49.85,53.1,2.3,532,1.0,50.4,53.1,49.85,53.4
2025-11-28,796133,43325725,53.0,55.6,53.0,53.4,0.3,546,1.0,53.0,53.4,53.0,55.6
2025-12-01,362881,19220033,53.0,53.9,52.2,52.2,-1.2,400,1.0,53.0,52.2,52.2,53.9
2025-12-02,445411,23302029,52.6,53.1,51.5,52.4,0.2,365,1.0,52.6,52.4,51.5,53.1
2025-12-03,285234,14846199,52.4,53.0,51.5,52.0,-0.4,233,1.0,52.4,52.0,51.5,53.0
2025-12-04,1010768,53804338,52.1,54.4,51.9,53.1,1.1,530,1.0,52.1,53.1,51.9,54.4
2025-12-05,665094,35568551,53.3,54.4,52.7,53.8,0.7,412,1.0,53.3,53.8,52.7,54.4
2025-12-08,2425551,141019772,54.1,59.1,53.9,59.1,5.3,2093,1.0,54.1,59.1,53.9,59.1
2025-12-09,1697457,97727978,59.2,59.2,56.3,57.9,-1.2,1510,1.0,59.2,57.9,56.3,59.2
2025-12-10,4104296,252794612,58.1,63.6,58.0,63.6,5.7,3649,1.0,58.1,63.6,58.0,63.6
2025-12-11,5893559,386916988,65.4,68.5,63.6,66.4,2.8,5143,1.0,65.4,66.4,63.6,68.5
2025-12-12,1344598,86613767,64.0,65.8,63.5,65.4,-1.0,1219,1.0,64.0,65.4,63.5,65.8
2025-12-15,1647073,107240231,63.5,65.8,63.3,64.9,-0.5,1294,1.0,63.5,64.9,63.3,65.8
2025-12-16,3336809,220870167,64.8,68.3,64.7,65.8,0.9,2163,1.0,64.8,65.8,64.7,68.3
2025-12-17,1302268,86034431,65.6,67.2,65.0,65.3,-0.5,888,1.0,65.6,65.3,65.0,67.2
2025-12-18,1373078,89827630,64.9,65.9,64.3,65.9,0.6,980,1.0,64.9,65.9,64.3,65.9
2025-12-19,1279428,84737031,65.8,67.0,65.0,66.7,0.8,823,1.0,65.8,66.7,65.0,67.0
2025-12-22,1530486,103192842,66.4,68.3,66.4,67.4,0.7,1189,1.0,66.4,67.4,66.4,68.3
2025-12-23,1283019,87135094,66.9,68.9,66.9,67.0,-0.4,971,1.0,66.9,67.0,66.9,68.9
2025-12-24,2967104,198429731,66.6,68.5,64.5,67.9,0.9,1917,1.0,66.6,67.9,64.5,68.5
2025-12-26,3900507,267858377,67.7,70.1,67.0,68.9,1.0,2507,1.0,67.7,68.9,67.0,70.1
2025-12-29,1987589,133379788,69.1,69.6,64.9,64.9,-4.0,2168,1.0,69.1,64.9,64.9,69.6
2025-12-30,1940822,125900704,64.6,65.9,63.5,65.7,0.8,1350,1.0,64.6,65.7,63.5,65.9
2025-12-31,1781374,119065921,65.5,67.8,65.5,66.4,0.7,1306,1.0,65.5,66.4,65.5,67.8
2026-01-02,1348646,89853910,66.1,67.4,65.9,66.5,0.1,943,1.0,66.1,66.5,65.9,67.4
2026-01-05,909759,60438866,66.5,67.6,64.7,64.7,-1.8,623,1.0,66.5,64.7,64.7,67.6
2026-01-06,2351599,155495697,64.5,67.9,64.4,67.5,2.8,1192,1.0,64.5,67.5,64.4,67.9
2026-01-07,1510197,101588827,67.1,68.1,66.4,67.0,-0.5,796,1.0,67.1,67.0,66.4,68.1
2026-01-08,1244592,83742344,66.5,68.0,66.5,67.3,0.3,603,1.0,66.5,67.3,66.5,68.0
2026-01-09,3191618,219332330,66.8,70.0,66.8,68.0,0.7,1785,1.0,66.8,68.0,66.8,70.0
2026-01-12,1990443,134358259,68.1,68.8,65.3,66.2,-1.8,2278,1.0,68.1,66.2,65.3,68.8
2026-01-13,1771727,117650853,66.1,67.5,65.2,66.0,-0.2,905,1.0,66.1,66.0,65.2,67.5
2026-01-14,530219,34988122,66.2,67.1,65.0,65.0,-1.0,485,1.0,66.2,65.0,65.0,67.1
2026-01-15,681112,44344813,65.0,65.8,64.4,65.0,0.0,376,1.0,65.0,65.0,64.4,65.8
2026-01-16,1236695,81585522,65.0,66.9,64.9,65.1,0.1,533,1.0,65.0,65.1,64.9,66.9
2026-01-19,1540577,99225779,65.5,66.1,62.7,63.6,-1.5,898,1.0,65.5,63.6,62.7,66.1
2026-01-20,816157,51989480,63.7,64.5,62.9,64.5,0.9,626,1.0,63.7,64.5,62.9,64.5
2026-01-21,811469,50380351,64.3,64.3,59.2,61.3,-3.2,974,1.0,64.3,61.3,59.2,64.3
2026-01-22,1243710,76599603,61.5,63.4,60.8,61.1,-0.2,738,1.0,61.5,61.1,60.8,63.4
2026-01-23,795591,48843475,61.2,61.9,60.5,61.9,0.8,535,1.0,61.2,61.9,60.5,61.9
2026-01-26,1577225,97639309,63.0,64.8,60.7,60.7,-1.2,1047,1.0,63.0,60.7,60.7,64.8
2026-01-27,476410,28647600,60.6,61.3,59.4,60.0,-0.7,343,1.0,60.6,60.0,59.4,61.3
2026-01-28,1262214,74240866,60.2,60.9,57.3,57.3,-2.7,737,1.0,60.2,57.3,57.3,60.9
2026-01-29,1020927,59926691,57.4,59.5,57.4,58.7,1.4,648,1.0,57.4,58.7,57.4,59.5
2026-01-30,1759190,105124066,58.7,60.9,58.6,60.1,1.4,953,1.0,58.7,60.1,58.6,60.9
2026-02-02,1100941,66018298,60.8,61.1,58.8,59.7,-0.4,844,1.0,60.8,59.7,58.8,61.1
2026-02-03,799413,48605919,60.0,61.8,59.9,60.8,1.1,578,1.0,60.0,60.8,59.9,61.8
2026-02-04,811659,49434746,59.6,61.6,59.6,60.9,0.1,493,1.0,59.6,60.9,59.6,61.6
2026-02-05,774801,45011300,60.7,60.7,56.2,56.4,-4.5,728,1.0,60.7,56.4,56.2,60.7
2026-02-06,1325151,74714463,56.5,58.2,53.1,53.1,-3.3,732,1.0,56.5,53.1,53.1,58.2
2026-02-09,1243382,69895659,57.6,57.6,54.7,56.0,2.9,614,1.0,57.6,56.0,54.7,57.6
2026-02-10,489364,27346098,55.9,56.9,55.0,55.1,-0.9,432,1.0,55.9,55.1,55.0,56.9
2026-02-11,584584,31215237,55.1,55.8,52.6,52.6,-2.5,430,1.0,55.1,52.6,52.6,55.8
2026-02-23,533250,29200843,52.6,57.1,52.3,56.7,4.1,409,1.0,52.6,56.7,52.3,57.1
2026-02-24,983660,55265286,56.5,57.6,54.2,54.7,-2.0,579,1.0,56.5,54.7,54.2,57.6
2026-02-25,721866,38089257,54.8,55.4,51.3,51.3,-3.4,552,1.0,54.8,51.3,51.3,55.4
2026-02-26,264566,13765540,51.8,53.0,51.3,52.1,0.8,240,1.0,51.8,52.1,51.3,53.0
2026-03-02,356565,18050937,50.9,51.5,49.85,50.3,-1.8,268,1.0,50.9,50.3,49.85,51.5
2026-03-03,1397613,71773155,50.5,52.5,50.2,51.7,1.4,712,1.0,50.5,51.7,50.2,52.5
2026-03-04,498539,24502940,51.8,51.8,47.95,48.1,-3.6,368,1.0,51.8,48.1,47.95,51.8
2026-03-05,977514,49136155,48.9,51.8,48.9,51.3,3.2,509,1.0,48.9,51.3,48.9,51.8
2026-03-06,509748,25584653,51.4,51.8,49.2,49.9,-1.4,365,1.0,51.4,49.9,49.2,51.8
2026-03-09,256633,11934081,47.9,47.9,45.65,45.75,-4.15,236,1.0,47.9,45.75,45.65,47.9
2026-03-10,641119,29965534,46.2,47.4,46.0,46.1,0.35,419,1.0,46.2,46.1,46.0,47.4
2026-03-11,278577,13022540,45.8,47.4,45.75,46.65,0.55,233,1.0,45.8,46.65,45.75,47.4
2026-03-12,293489,13356102,46.5,46.5,45.25,45.3,-1.35,228,1.0,46.5,45.3,45.25,46.5
2026-03-13,316113,13833179,45.15,45.15,43.35,43.35,-1.95,232,1.0,45.15,43.35,43.35,45.15
2026-03-16,461736,19790622,43.75,44.7,41.8,42.9,-0.45,351,1.0,43.75,42.9,41.8,44.7
2026-03-17,465386,21355005,42.3,47.15,42.3,47.15,4.25,407,1.0,42.3,47.15,42.3,47.15
2026-03-18,738873,38056309,51.7,51.8,50.0,51.8,4.65,1018,1.0,51.7,51.8,50.0,51.8
2026-03-19,1119866,59167168,51.9,54.7,51.8,52.0,0.2,841,1.0,51.9,52.0,51.8,54.7
2026-03-20,411309,21727690,54.4,54.9,51.7,52.2,0.2,361,1.0,54.4,52.2,51.7,54.9
2026-03-23,258693,12857255,50.0,51.0,48.6,48.65,-3.55,240,1.0,50.0,48.65,48.6,51.0
2026-03-24,730081,37998924,51.8,53.5,49.35,53.1,4.45,810,1.0,51.8,53.1,49.35,53.5
2026-03-25,1130256,60733303,55.2,56.2,51.8,52.3,-0.8,955,1.0,55.2,52.3,51.8,56.2
2026-03-26,549527,27855763,53.4,53.6,49.35,49.35,-2.95,434,1.0,53.4,49.35,49.35,53.6
2026-03-27,403972,19818099,49.35,50.7,47.8,48.55,-0.8,332,1.0,49.35,48.55,47.8,50.7
2026-03-30,336150,15863226,49.25,49.25,45.7,47.4,-1.15,294,1.0,49.25,47.4,45.7,49.25
2026-03-31,402941,18302960,47.5,47.5,44.2,45.7,-1.7,308,1.0,47.5,45.7,44.2,47.5
2026-04-01,175644,8304865,46.85,48.2,46.6,46.8,1.1,152,1.0,46.85,46.8,46.6,48.2
2026-04-02,559020,27439977,47.55,50.5,47.0,49.45,2.65,466,1.0,47.55,49.45,47.0,50.5
2026-04-07,443431,24078292,54.3,54.3,54.3,54.3,4.85,200,1.0,54.3,54.3,54.3,54.3
2026-04-08,2255097,130468185,54.5,59.7,54.5,59.7,5.4,1649,1.0,54.5,59.7,54.5,59.7
2026-04-09,2188984,130515248,62.0,63.4,56.7,57.7,-2.0,1568,1.0,62.0,57.7,56.7,63.4
2026-04-10,1340461,79283136,58.9,60.9,57.3,59.1,1.4,942,1.0,58.9,59.1,57.3,60.9
2026-04-13,5719097,365293443,65.0,65.0,61.0,63.9,4.8,3117,1.0,65.0,63.9,61.0,65.0
2026-04-14,2165031,139318458,63.6,65.8,62.3,65.8,1.9,1496,1.0,63.6,65.8,62.3,65.8
2026-04-15,1258803,81529226,66.3,66.3,63.8,65.5,-0.3,1014,1.0,66.3,65.5,63.8,66.3
2026-04-16,954695,62369576,65.0,66.8,64.6,65.0,-0.5,965,1.0,65.0,65.0,64.6,66.8
2026-04-17,1055901,67913203,65.9,65.9,62.6,62.7,-2.3,879,1.0,65.9,62.7,62.6,65.9
2026-04-20,2075031,132661672,63.0,65.6,60.4,64.4,1.7,1513,1.0,63.0,64.4,60.4,65.6
2026-04-21,931980,58577970,65.3,65.3,61.5,61.5,-2.9,860,1.0,65.3,61.5,61.5,65.3
2026-04-22,922096,55321624,61.6,62.2,58.6,58.6,-2.9,642,1.0,61.6,58.6,58.6,62.2
2026-04-23,941639,53363223,59.1,59.8,55.0,56.0,-2.6,694,1.0,59.1,56.0,55.0,59.8
2026-04-24,352351,19470313,57.8,58.0,54.0,54.2,-1.8,338,1.0,57.8,54.2,54.0,58.0
2026-04-27,288116,15462276,54.5,54.7,53.0,53.3,-0.9,284,1.0,54.5,53.3,53.0,54.7
2026-04-28,271684,14534401,53.5,54.5,52.6,53.9,0.6,252,1.0,53.5,53.9,52.6,54.5
2026-04-29,929384,53697223,54.8,59.2,53.6,59.2,5.3,896,1.0,54.8,59.2,53.6,59.2
2026-04-30,423595,24590356,59.0,59.1,57.2,57.7,-1.5,423,1.0,59.0,57.7,57.2,59.1
2026-05-04,449590,25729572,56.9,59.4,56.2,56.7,-1.0,336,1.0,56.9,56.7,56.2,59.4
2026-05-05,688870,37825268,56.7,56.7,54.1,54.5,-2.2,456,1.0,56.7,54.5,54.1,56.7
2026-05-06,379881,20534811,55.0,55.4,53.3,53.3,-1.2,288,1.0,55.0,53.3,53.3,55.4
2026-05-07,440676,23593053,53.4,55.0,52.6,53.2,-0.1,304,1.0,53.4,53.2,52.6,55.0
2026-05-08,790479,41050273,53.2,54.6,50.0,50.4,-2.8,479,1.0,53.2,50.4,50.0,54.6
2026-05-11,415017,20979543,50.4,51.8,49.6,51.6,1.2,350,1.0,50.4,51.6,49.6,51.8
2026-05-12,350048,17685043,51.3,51.5,50.0,50.2,-1.4,256,1.0,51.3,50.2,50.0,51.5
