Date,Capacity,Turnover,Open,High,Low,Close,Change,Transaction,AdjFactor,Open_adj,Close_adj,Low_adj,High_adj
2020-05-04,1371437,13411029,9.9,9.9,9.72,9.75,-0.35,642,0.7958589464383139,7.879,7.7596,7.7357,7.879
2020-05-05,360414,3522943,9.8,9.83,9.73,9.8,0.05,164,0.7958589464383139,7.7994,7.7994,7.7437,7.8233
2020-05-06,479248,4675020,9.82,9.82,9.72,9.75,-0.05,229,0.7958589464383139,7.8153,7.7596,7.7357,7.8153
2020-05-07,729902,7204815,9.73,9.99,9.73,9.9,0.15,369,0.7958589464383139,7.7437,7.879,7.7437,7.9506
2020-05-08,689705,6829632,9.9,10.0,9.81,9.82,-0.08,304,0.7958589464383139,7.879,7.8153,7.8074,7.9586
2020-05-11,551279,5459189,9.9,9.96,9.85,9.87,0.05,227,0.7958589464383139,7.879,7.8551,7.8392,7.9268
2020-05-12,833686,8147597,9.9,9.9,9.73,9.76,-0.11,369,0.7958589464383139,7.879,7.7676,7.7437,7.879
2020-05-13,620689,6077187,9.72,9.89,9.72,9.86,0.1,271,0.7958589464383139,7.7357,7.8472,7.7357,7.871
2020-05-14,926035,9034256,9.77,9.84,9.7,9.71,-0.15,336,0.7958589464383139,7.7755,7.7278,7.7198,7.8313
2020-05-15,386437,3752111,9.79,9.79,9.68,9.71,0.0,170,0.7958589464383139,7.7915,7.7278,7.7039,7.7915
2020-05-18,428233,4169684,9.71,9.8,9.7,9.7,-0.01,161,0.7958589464383139,7.7278,7.7198,7.7198,7.7994
2020-05-19,598945,5855562,9.79,9.84,9.74,9.75,0.05,169,0.7958589464383139,7.7915,7.7596,7.7517,7.8313
2020-05-20,666953,6509770,9.76,9.83,9.72,9.74,-0.01,261,0.7958589464383139,7.7676,7.7517,7.7357,7.8233
2020-05-21,826062,8045163,9.75,9.79,9.72,9.73,-0.01,252,0.7958589464383139,7.7596,7.7437,7.7357,7.7915
2020-05-22,916779,8890391,9.71,9.75,9.67,9.68,-0.05,284,0.7958589464383139,7.7278,7.7039,7.696,7.7596
2020-05-25,1153796,11126897,9.68,9.73,9.61,9.65,-0.03,273,0.7958589464383139,7.7039,7.68,7.6482,7.7437
2020-05-26,1369132,13352707,9.73,9.83,9.7,9.73,0.08,434,0.7958589464383139,7.7437,7.7437,7.7198,7.8233
2020-05-27,1242341,12141754,9.78,9.82,9.75,9.78,0.05,312,0.7958589464383139,7.7835,7.7835,7.7596,7.8153
2020-05-28,1154609,11409132,9.85,9.94,9.79,9.81,0.03,421,0.7958589464383139,7.8392,7.8074,7.7915,7.9108
2020-05-29,1925985,18719309,9.77,9.83,9.65,9.65,-0.16,490,0.7958589464383139,7.7755,7.68,7.68,7.8233
2020-06-01,946313,9223687,9.73,9.82,9.71,9.72,0.07,354,0.7958589464383139,7.7437,7.7357,7.7278,7.8153
2020-06-02,1321211,12848980,9.75,9.78,9.7,9.74,0.02,383,0.7958589464383139,7.7596,7.7517,7.7198,7.7835
2020-06-03,2154957,21116437,9.75,9.86,9.75,9.84,0.1,628,0.7958589464383139,7.7596,7.8313,7.7596,7.8472
2020-06-04,1939886,19134427,9.87,9.94,9.83,9.83,-0.01,451,0.7958589464383139,7.8551,7.8233,7.8233,7.9108
2020-06-05,2372490,23382095,9.88,9.93,9.81,9.84,0.01,692,0.7958589464383139,7.8631,7.8313,7.8074,7.9029
2020-06-08,3558516,35154757,9.9,9.94,9.85,9.89,0.05,588,0.7958589464383139,7.879,7.871,7.8392,7.9108
2020-06-09,1942751,19232787,9.89,9.95,9.88,9.89,0.0,415,0.7958589464383139,7.871,7.871,7.8631,7.9188
2020-06-10,1999388,19734290,9.89,9.93,9.84,9.87,-0.02,526,0.7958589464383139,7.871,7.8551,7.8313,7.9029
2020-06-11,3101778,30234881,9.83,9.87,9.66,9.68,-0.19,824,0.7958589464383139,7.8233,7.7039,7.688,7.8551
2020-06-12,2538344,24211214,9.55,9.64,9.51,9.54,-0.14,742,0.7958589464383139,7.6005,7.5925,7.5686,7.6721
2020-06-15,2307188,21912683,9.56,9.59,9.45,9.45,-0.09,769,0.7958589464383139,7.6084,7.5209,7.5209,7.6323
2020-06-16,2480347,23614625,9.5,9.57,9.5,9.52,0.07,488,0.7958589464383139,7.5607,7.5766,7.5607,7.6164
2020-06-17,2680042,25675015,9.56,9.63,9.55,9.59,0.07,749,0.7958589464383139,7.6084,7.6323,7.6005,7.6641
2020-06-18,2944023,28398577,9.62,9.68,9.62,9.68,0.09,655,0.7958589464383139,7.6562,7.7039,7.6562,7.7039
2020-06-19,8910607,88050025,9.71,9.98,9.71,9.98,0.3,1712,0.7958589464383139,7.7278,7.9427,7.7278,7.9427
2020-06-22,9503105,98132308,10.1,10.5,10.1,10.2,0.22,2284,0.7958589464383139,8.0382,8.1178,8.0382,8.3565
2020-06-23,2857330,28931274,10.25,10.35,10.0,10.1,-0.1,740,0.7958589464383139,8.1576,8.0382,7.9586,8.2371
2020-06-24,1628505,16593894,10.15,10.25,10.15,10.15,0.05,388,0.7958589464383139,8.078,8.078,8.078,8.1576
2020-06-29,2926230,29326550,10.05,10.1,9.97,10.1,-0.05,589,0.7958589464383139,7.9984,8.0382,7.9347,8.0382
2020-06-30,982499,9918311,10.15,10.15,10.05,10.1,0.0,338,0.7958589464383139,8.078,8.0382,7.9984,8.078
2020-07-01,1131931,11406210,10.1,10.15,10.0,10.05,-0.05,435,0.7958589464383139,8.0382,7.9984,7.9586,8.078
2020-07-02,796435,8071189,10.1,10.2,10.1,10.2,0.15,279,0.7958589464383139,8.0382,8.1178,8.0382,8.1178
2020-07-03,1216689,12356779,10.25,10.25,10.1,10.15,-0.05,322,0.7958589464383139,8.1576,8.078,8.0382,8.1576
2020-07-06,2701273,27613576,10.2,10.35,10.1,10.25,0.1,687,0.7958589464383139,8.1178,8.1576,8.0382,8.2371
2020-07-07,1620184,16577307,10.25,10.35,10.15,10.2,-0.05,358,0.7958589464383139,8.1576,8.1178,8.078,8.2371
2020-07-08,1031492,10556910,10.2,10.3,10.15,10.25,0.05,359,0.7958589464383139,8.1178,8.1576,8.078,8.1973
2020-07-09,1878201,19122362,10.25,10.3,10.1,10.1,-0.15,362,0.7958589464383139,8.1576,8.0382,8.0382,8.1973
2020-07-10,2551189,25607490,10.15,10.15,10.0,10.0,-0.1,523,0.7958589464383139,8.078,7.9586,7.9586,8.078
2020-07-13,1005927,10177057,10.05,10.2,10.05,10.15,0.15,291,0.7958589464383139,7.9984,8.078,7.9984,8.1178
2020-07-14,790176,8009711,10.1,10.2,10.1,10.1,-0.05,205,0.7958589464383139,8.0382,8.0382,8.0382,8.1178
2020-07-15,2254562,23051898,10.2,10.3,10.15,10.2,0.1,460,0.7958589464383139,8.1178,8.1178,8.078,8.1973
2020-07-16,1262398,12887587,10.25,10.25,10.15,10.25,0.05,321,0.7958589464383139,8.1576,8.1576,8.078,8.1576
2020-07-17,1409797,14423576,10.25,10.3,10.15,10.2,-0.05,282,0.7958589464383139,8.1576,8.1178,8.078,8.1973
2020-07-20,816138,8323252,10.25,10.3,10.15,10.2,0.0,210,0.7958589464383139,8.1576,8.1178,8.078,8.1973
2020-07-21,1990617,20486065,10.2,10.35,10.2,10.3,0.1,543,0.7958589464383139,8.1178,8.1973,8.1178,8.2371
2020-07-22,1309437,13432755,10.3,10.35,10.2,10.25,-0.05,298,0.7958589464383139,8.1973,8.1576,8.1178,8.2371
2020-07-23,1051128,10769051,10.25,10.3,10.2,10.25,0.0,273,0.7958589464383139,8.1576,8.1576,8.1178,8.1973
2020-07-24,1388471,14188825,10.25,10.3,10.15,10.25,0.0,350,0.7958589464383139,8.1576,8.1576,8.078,8.1973
2020-07-27,2302622,23533659,10.25,10.3,10.15,10.2,-0.05,369,0.7958589464383139,8.1576,8.1178,8.078,8.1973
2020-07-28,2905887,29452554,10.2,10.2,10.05,10.1,-0.1,455,0.7958589464383139,8.1178,8.0382,7.9984,8.1178
2020-07-29,3017234,30720631,10.1,10.25,10.1,10.2,0.1,577,0.7958589464383139,8.0382,8.1178,8.0382,8.1576
2020-07-30,4041706,39709784,9.85,9.85,9.75,9.8,0.0,695,0.8368826034712167,8.2433,8.2014,8.1596,8.2433
2020-07-31,696444,6811680,9.79,9.79,9.76,9.78,-0.02,303,0.8368826034712167,8.1931,8.1847,8.168,8.1931
2020-08-03,1264918,12298169,9.78,9.78,9.69,9.7,-0.08,395,0.8368826034712167,8.1847,8.1178,8.1094,8.1847
2020-08-04,854978,8295512,9.74,9.74,9.65,9.69,-0.01,321,0.8368826034712167,8.1512,8.1094,8.0759,8.1512
2020-08-05,814041,7879611,9.69,9.72,9.66,9.69,0.0,246,0.8368826034712167,8.1094,8.1094,8.0843,8.1345
2020-08-06,1406271,13732820,9.75,9.84,9.67,9.76,0.07,303,0.8368826034712167,8.1596,8.168,8.0927,8.2349
2020-08-07,963886,9377067,9.76,9.79,9.7,9.72,-0.04,299,0.8368826034712167,8.168,8.1345,8.1178,8.1931
2020-08-10,1197785,11728618,9.74,9.85,9.62,9.83,0.11,338,0.8368826034712167,8.1512,8.2266,8.0508,8.2433
2020-08-11,511051,5015600,9.83,9.85,9.77,9.77,-0.06,191,0.8368826034712167,8.2266,8.1763,8.1763,8.2433
2020-08-12,428224,4189864,9.77,9.82,9.76,9.8,0.03,164,0.8368826034712167,8.1763,8.2014,8.168,8.2182
2020-08-13,787414,7724444,9.8,9.84,9.79,9.82,0.02,268,0.8368826034712167,8.2014,8.2182,8.1931,8.2349
2020-08-14,769083,7542233,9.8,9.83,9.79,9.81,-0.01,265,0.8368826034712167,8.2014,8.2098,8.1931,8.2266
2020-08-17,1349144,13300799,9.85,9.89,9.82,9.87,0.06,518,0.8368826034712167,8.2433,8.26,8.2182,8.2768
2020-08-18,1129669,11197363,9.97,9.97,9.87,9.93,0.06,347,0.8368826034712167,8.3437,8.3102,8.26,8.3437
2020-08-19,2390800,23906705,9.93,10.1,9.91,9.99,0.06,690,0.8368826034712167,8.3102,8.3605,8.2935,8.4525
2020-08-20,8263111,83102114,10.2,10.25,9.85,9.92,-0.07,1942,0.8368826034712167,8.5362,8.3019,8.2433,8.578
2020-08-21,2048658,20550338,10.05,10.1,9.97,10.0,0.08,737,0.8368826034712167,8.4107,8.3688,8.3437,8.4525
2020-08-24,1342708,13463816,10.1,10.1,9.96,9.96,-0.04,290,0.8368826034712167,8.4525,8.3354,8.3354,8.4525
2020-08-25,930479,9314691,10.0,10.05,9.98,10.0,0.04,251,0.8368826034712167,8.3688,8.3688,8.3521,8.4107
2020-08-26,1654367,16627623,10.05,10.1,10.0,10.1,0.1,484,0.8368826034712167,8.4107,8.4525,8.3688,8.4525
2020-08-27,1801575,18151450,10.15,10.15,10.0,10.05,-0.05,349,0.8368826034712167,8.4944,8.4107,8.3688,8.4944
2020-08-28,2607405,26190132,10.05,10.15,9.99,9.99,-0.06,562,0.8368826034712167,8.4107,8.3605,8.3605,8.4944
2020-08-31,6727623,69056952,10.05,10.4,9.99,10.25,0.26,1766,0.8368826034712167,8.4107,8.578,8.3605,8.7036
2020-09-01,2395836,24592819,10.2,10.35,10.2,10.25,0.0,565,0.8368826034712167,8.5362,8.578,8.5362,8.6617
2020-09-02,1617547,16367014,10.25,10.25,10.05,10.1,-0.15,395,0.8368826034712167,8.578,8.4525,8.4107,8.578
2020-09-03,1428912,14485450,10.1,10.25,10.05,10.15,0.05,353,0.8368826034712167,8.4525,8.4944,8.4107,8.578
2020-09-04,2604592,26647630,10.05,10.35,10.05,10.25,0.1,653,0.8368826034712167,8.4107,8.578,8.4107,8.6617
2020-09-07,7106674,75207117,10.35,10.75,10.35,10.5,0.25,1705,0.8368826034712167,8.6617,8.7873,8.6617,8.9965
2020-09-08,1899202,19952415,10.55,10.65,10.4,10.55,0.05,562,0.8368826034712167,8.8291,8.8291,8.7036,8.9128
2020-09-09,1458432,15179835,10.5,10.5,10.35,10.45,-0.1,464,0.8368826034712167,8.7873,8.7454,8.6617,8.7873
2020-09-10,1020091,10723987,10.55,10.55,10.45,10.5,0.05,362,0.8368826034712167,8.8291,8.7873,8.7454,8.8291
2020-09-11,10343750,110901188,10.5,11.0,10.45,10.6,0.1,2735,0.8368826034712167,8.7873,8.871,8.7454,9.2057
2020-09-14,2692524,28516917,10.65,10.7,10.5,10.65,0.05,745,0.8368826034712167,8.9128,8.9128,8.7873,8.9546
2020-09-15,1635733,17287759,10.7,10.7,10.5,10.6,-0.05,459,0.8368826034712167,8.9546,8.871,8.7873,8.9546
2020-09-16,1583796,16747584,10.6,10.65,10.5,10.6,0.0,461,0.8368826034712167,8.871,8.871,8.7873,8.9128
2020-09-17,1073559,11428923,10.65,10.7,10.6,10.65,0.05,385,0.8368826034712167,8.9128,8.9128,8.871,8.9546
2020-09-18,2849559,30477293,10.7,10.8,10.6,10.7,0.05,858,0.8368826034712167,8.9546,8.9546,8.871,9.0383
2020-09-21,13347671,148483281,10.8,11.4,10.8,11.05,0.35,3155,0.8368826034712167,9.0383,9.2476,9.0383,9.5405
2020-09-22,5698994,63223530,11.05,11.25,10.9,11.1,0.05,1379,0.8368826034712167,9.2476,9.2894,9.122,9.4149
2020-09-23,3336062,36609969,11.05,11.2,10.8,11.0,-0.1,1026,0.8368826034712167,9.2476,9.2057,9.0383,9.3731
2020-09-24,4833094,51146427,10.9,10.9,10.4,10.45,-0.55,1305,0.8368826034712167,9.122,8.7454,8.7036,9.122
2020-09-25,2911137,30550567,10.5,10.65,10.35,10.35,-0.1,662,0.8368826034712167,8.7873,8.6617,8.6617,8.9128
2020-09-28,3865143,41691983,10.45,11.0,10.45,10.8,0.45,1120,0.8368826034712167,8.7454,9.0383,8.7454,9.2057
2020-09-29,2391677,26011636,11.1,11.1,10.7,10.8,0.0,530,0.8368826034712167,9.2894,9.0383,8.9546,9.2894
2020-09-30,682541,7352285,10.85,10.85,10.7,10.75,-0.05,233,0.8368826034712167,9.0802,8.9965,8.9546,9.0802
2020-10-05,925651,9946690,10.75,10.9,10.7,10.75,0.0,308,0.8368826034712167,8.9965,8.9965,8.9546,9.122
2020-10-06,1049851,11300601,10.8,10.8,10.7,10.8,0.05,334,0.8368826034712167,9.0383,9.0383,8.9546,9.0383
2020-10-07,939933,10112078,10.8,10.85,10.7,10.8,0.0,345,0.8368826034712167,9.0383,9.0383,8.9546,9.0802
2020-10-08,1896723,20569969,10.9,10.95,10.75,10.85,0.05,493,0.8368826034712167,9.122,9.0802,8.9965,9.1639
2020-10-12,1666604,17896772,10.9,10.9,10.65,10.7,-0.15,391,0.8368826034712167,9.122,8.9546,8.9128,9.122
2020-10-13,1521634,16093290,10.7,10.7,10.5,10.6,-0.1,438,0.8368826034712167,8.9546,8.871,8.7873,8.9546
2020-10-14,2462028,26229591,10.6,10.7,10.55,10.7,0.1,446,0.8368826034712167,8.871,8.9546,8.8291,8.9546
2020-10-15,1008232,10680434,10.75,10.75,10.5,10.55,-0.15,389,0.8368826034712167,8.9965,8.8291,8.7873,8.9965
2020-10-16,900997,9497164,10.55,10.6,10.45,10.5,-0.05,319,0.8368826034712167,8.8291,8.7873,8.7454,8.871
2020-10-19,1095313,11674564,10.55,10.7,10.55,10.7,0.2,462,0.8368826034712167,8.8291,8.9546,8.8291,8.9546
2020-10-20,780563,8329342,10.7,10.7,10.6,10.7,0.0,278,0.8368826034712167,8.9546,8.9546,8.871,8.9546
2020-10-21,1188133,12806032,10.7,10.85,10.65,10.85,0.15,468,0.8368826034712167,8.9546,9.0802,8.9128,9.0802
2020-10-22,9764118,108479604,10.85,11.25,10.8,11.25,0.4,2149,0.8368826034712167,9.0802,9.4149,9.0383,9.4149
2020-10-23,3468956,38499457,11.15,11.3,11.0,11.1,-0.15,994,0.8368826034712167,9.3312,9.2894,9.2057,9.4568
2020-10-26,2055366,22568660,11.1,11.1,10.9,11.0,-0.1,642,0.8368826034712167,9.2894,9.2057,9.122,9.2894
2020-10-27,2165748,23717861,10.95,11.05,10.85,10.9,-0.1,654,0.8368826034712167,9.1639,9.122,9.0802,9.2476
2020-10-28,2555512,27565632,10.95,11.0,10.65,10.75,-0.15,1421,0.8368826034712167,9.1639,8.9965,8.9128,9.2057
2020-10-29,1252393,13365238,10.65,10.75,10.55,10.7,-0.05,348,0.8368826034712167,8.9128,8.9546,8.8291,8.9965
2020-10-30,1596257,16997657,10.7,10.75,10.55,10.55,-0.15,496,0.8368826034712167,8.9546,8.8291,8.8291,8.9965
2020-11-02,1731018,18252749,10.6,10.6,10.45,10.6,0.05,464,0.8368826034712167,8.871,8.871,8.7454,8.871
2020-11-03,1168909,12424669,10.65,10.7,10.55,10.65,0.05,383,0.8368826034712167,8.9128,8.9128,8.8291,8.9546
2020-11-04,4924364,53397645,10.7,11.0,10.65,10.7,0.05,1300,0.8368826034712167,8.9546,8.9546,8.9128,9.2057
2020-11-05,963682,10384785,10.7,10.85,10.7,10.75,0.05,368,0.8368826034712167,8.9546,8.9965,8.9546,9.0802
2020-11-06,1084680,11637885,10.75,10.8,10.7,10.7,-0.05,320,0.8368826034712167,8.9965,8.9546,8.9546,9.0383
2020-11-09,1217975,13186936,10.85,10.9,10.75,10.85,0.15,401,0.8368826034712167,9.0802,9.0802,8.9965,9.122
2020-11-10,1853737,20263226,10.85,11.0,10.8,10.95,0.1,690,0.8368826034712167,9.0802,9.1639,9.0383,9.2057
2020-11-11,2465533,27138884,10.95,11.05,10.95,11.0,0.05,765,0.8368826034712167,9.1639,9.2057,9.1639,9.2476
2020-11-12,1513757,16627373,11.05,11.05,10.9,10.95,-0.05,412,0.8368826034712167,9.2476,9.1639,9.122,9.2476
2020-11-13,513213,5582960,10.9,11.0,10.85,10.85,-0.1,180,0.8368826034712167,9.122,9.0802,9.0802,9.2057
2020-11-16,1369698,14920699,11.0,11.0,10.8,10.9,0.05,405,0.8368826034712167,9.2057,9.122,9.0383,9.2057
2020-11-17,2425280,26463771,10.95,11.0,10.8,10.95,0.05,500,0.8368826034712167,9.1639,9.1639,9.0383,9.2057
2020-11-18,1737372,19027342,10.9,11.0,10.9,10.9,-0.05,439,0.8368826034712167,9.122,9.122,9.122,9.2057
2020-11-19,873384,9528187,10.9,10.95,10.9,10.95,0.05,224,0.8368826034712167,9.122,9.1639,9.122,9.1639
2020-11-20,866099,9447099,10.95,10.95,10.85,10.9,-0.05,262,0.8368826034712167,9.1639,9.122,9.0802,9.1639
2020-11-23,3745761,41203247,10.9,11.1,10.9,11.1,0.2,833,0.8368826034712167,9.122,9.2894,9.122,9.2894
2020-11-24,4835694,54084620,11.15,11.3,11.1,11.2,0.1,1279,0.8368826034712167,9.3312,9.3731,9.2894,9.4568
2020-11-25,6610680,75147093,11.2,11.5,11.15,11.35,0.15,1767,0.8368826034712167,9.3731,9.4986,9.3312,9.6241
2020-11-26,3384434,38542163,11.45,11.45,11.25,11.45,0.1,940,0.8368826034712167,9.5823,9.5823,9.4149,9.5823
2020-11-27,21330668,252771755,11.45,12.3,11.4,11.95,0.5,5441,0.8368826034712167,9.5823,10.0007,9.5405,10.2937
2020-11-30,13929717,170540011,12.1,12.5,12.0,12.0,0.05,3779,0.8368826034712167,10.1263,10.0426,10.0426,10.461
2020-12-01,6080118,71497348,12.05,12.1,11.55,11.75,-0.25,1880,0.8368826034712167,10.0844,9.8334,9.666,10.1263
2020-12-02,4583280,53345579,11.9,11.9,11.5,11.6,-0.15,1091,0.8368826034712167,9.9589,9.7078,9.6241,9.9589
2020-12-03,5581949,64073529,11.6,11.7,11.25,11.35,-0.25,1381,0.8368826034712167,9.7078,9.4986,9.4149,9.7915
2020-12-04,2597272,29558132,11.35,11.5,11.3,11.4,0.05,803,0.8368826034712167,9.4986,9.5405,9.4568,9.6241
2020-12-07,6664549,78367051,11.55,12.0,11.55,11.7,0.3,1897,0.8368826034712167,9.666,9.7915,9.666,10.0426
2020-12-08,6365457,72152603,11.65,11.65,11.15,11.3,-0.4,1930,0.8368826034712167,9.7497,9.4568,9.3312,9.7497
2020-12-09,5322365,58906895,11.4,11.4,10.95,11.05,-0.25,1431,0.8368826034712167,9.5405,9.2476,9.1639,9.5405
2020-12-10,3166526,35043029,11.0,11.2,10.95,11.1,0.05,880,0.8368826034712167,9.2057,9.2894,9.1639,9.3731
2020-12-11,3494795,38545108,11.1,11.15,10.95,11.05,-0.05,779,0.8368826034712167,9.2894,9.2476,9.1639,9.3312
2020-12-14,1510592,16770581,11.05,11.15,11.05,11.1,0.05,412,0.8368826034712167,9.2476,9.2894,9.2476,9.3312
2020-12-15,2066416,22727872,11.05,11.1,10.95,11.05,-0.05,625,0.8368826034712167,9.2476,9.2476,9.1639,9.2894
2020-12-16,1851739,20593913,11.1,11.2,11.05,11.2,0.15,609,0.8368826034712167,9.2894,9.3731,9.2476,9.3731
2020-12-17,2277042,25579909,11.2,11.35,11.15,11.2,0.0,620,0.8368826034712167,9.3731,9.3731,9.3312,9.4986
2020-12-18,3298788,37313339,11.25,11.4,11.2,11.35,0.15,955,0.8368826034712167,9.4149,9.4986,9.3731,9.5405
2020-12-21,3225760,36847153,11.4,11.5,11.3,11.4,0.05,916,0.8368826034712167,9.5405,9.5405,9.4568,9.6241
2020-12-22,3495697,39810382,11.4,11.5,11.25,11.25,-0.15,694,0.8368826034712167,9.5405,9.4149,9.4149,9.6241
2020-12-23,2089460,23350528,11.25,11.3,11.1,11.15,-0.1,573,0.8368826034712167,9.4149,9.3312,9.2894,9.4568
2020-12-24,1791066,20158894,11.15,11.35,11.15,11.25,0.1,410,0.8368826034712167,9.3312,9.4149,9.3312,9.4986
2020-12-25,1912683,21732844,11.3,11.45,11.3,11.4,0.15,483,0.8368826034712167,9.4568,9.5405,9.4568,9.5823
2020-12-28,3442172,39578965,11.4,11.6,11.4,11.6,0.2,997,0.8368826034712167,9.5405,9.7078,9.5405,9.7078
2020-12-29,1991950,22984876,11.6,11.65,11.45,11.55,-0.05,569,0.8368826034712167,9.7078,9.666,9.5823,9.7497
2020-12-30,1545966,17853028,11.6,11.6,11.5,11.6,0.05,799,0.8368826034712167,9.7078,9.7078,9.6241,9.7078
2020-12-31,1990651,22949199,11.55,11.6,11.5,11.5,-0.1,485,0.8368826034712167,9.666,9.6241,9.6241,9.7078
2021-01-04,2036482,23370840,11.5,11.55,11.35,11.55,0.05,602,0.8368826034712167,9.6241,9.666,9.4986,9.666
2021-01-05,1465696,16780967,11.55,11.55,11.35,11.45,-0.1,432,0.8368826034712167,9.666,9.5823,9.4986,9.666
2021-01-06,3278959,36658107,11.45,11.45,11.05,11.1,-0.35,1137,0.8368826034712167,9.5823,9.2894,9.2476,9.5823
2021-01-07,1341619,15052793,11.2,11.3,11.15,11.3,0.2,487,0.8368826034712167,9.3731,9.4568,9.3312,9.4568
2021-01-08,4538871,52446036,11.3,11.75,11.15,11.75,0.45,974,0.8368826034712167,9.4568,9.8334,9.3312,9.8334
2021-01-11,2852519,33127162,11.75,11.75,11.5,11.65,-0.1,972,0.8368826034712167,9.8334,9.7497,9.6241,9.8334
2021-01-12,3173963,36075286,11.6,11.65,11.2,11.2,-0.45,775,0.8368826034712167,9.7078,9.3731,9.3731,9.7497
2021-01-13,2343535,26558165,11.3,11.4,11.2,11.4,0.2,776,0.8368826034712167,9.4568,9.5405,9.3731,9.5405
2021-01-14,968405,11061922,11.4,11.5,11.35,11.4,0.0,320,0.8368826034712167,9.5405,9.5405,9.4986,9.6241
2021-01-15,1513538,17098022,11.4,11.4,11.25,11.3,-0.1,399,0.8368826034712167,9.5405,9.4568,9.4149,9.5405
2021-01-18,1114276,12423049,11.2,11.25,11.05,11.2,-0.1,392,0.8368826034712167,9.3731,9.3731,9.2476,9.4149
2021-01-19,1182550,13247447,11.2,11.25,11.15,11.15,-0.05,313,0.8368826034712167,9.3731,9.3312,9.3312,9.4149
2021-01-20,3593945,39127475,11.15,11.15,10.65,10.75,-0.4,1301,0.8368826034712167,9.3312,8.9965,8.9128,9.3312
2021-01-21,1069773,11616478,10.8,10.95,10.8,10.9,0.15,367,0.8368826034712167,9.0383,9.122,9.0383,9.1639
2021-01-22,1174243,12658318,10.85,10.9,10.7,10.85,-0.05,412,0.8368826034712167,9.0802,9.0802,8.9546,9.122
2021-01-25,708292,7686085,10.85,10.95,10.75,10.95,0.1,269,0.8368826034712167,9.0802,9.1639,8.9965,9.1639
2021-01-26,911758,9915535,11.0,11.0,10.8,10.9,-0.05,256,0.8368826034712167,9.2057,9.122,9.0383,9.2057
2021-01-27,1014182,11104952,10.95,11.0,10.85,11.0,0.1,282,0.8368826034712167,9.1639,9.2057,9.0802,9.2057
2021-01-28,983981,10661766,10.9,10.9,10.75,10.9,-0.1,288,0.8368826034712167,9.122,9.122,8.9965,9.122
2021-01-29,1409101,15200872,10.85,10.9,10.7,10.75,-0.15,358,0.8368826034712167,9.0802,8.9965,8.9546,9.122
2021-02-01,472847,5085029,10.75,10.8,10.7,10.8,0.05,225,0.8368826034712167,8.9965,9.0383,8.9546,9.0383
2021-02-02,1228631,13434445,10.75,11.0,10.75,11.0,0.2,486,0.8368826034712167,8.9965,9.2057,8.9965,9.2057
2021-02-03,1294177,14212542,11.05,11.05,10.9,11.0,0.0,248,0.8368826034712167,9.2476,9.2057,9.122,9.2476
2021-02-04,1122363,12347212,10.95,11.1,10.9,11.0,0.0,264,0.8368826034712167,9.1639,9.2057,9.122,9.2894
2021-02-05,676258,7441963,10.95,11.1,10.95,11.05,0.05,231,0.8368826034712167,9.1639,9.2476,9.1639,9.2894
2021-02-17,1602666,17789484,11.1,11.2,11.0,11.1,0.05,498,0.8368826034712167,9.2894,9.2894,9.2057,9.3731
2021-02-18,1342041,14996167,11.1,11.25,11.05,11.25,0.15,422,0.8368826034712167,9.2894,9.4149,9.2476,9.4149
2021-02-19,794904,8888433,11.2,11.25,11.1,11.25,0.0,264,0.8368826034712167,9.3731,9.4149,9.2894,9.4149
2021-02-22,1394681,15697508,11.25,11.35,11.2,11.25,0.0,398,0.8368826034712167,9.4149,9.4149,9.3731,9.4986
2021-02-23,2829465,32303174,11.25,11.55,11.25,11.45,0.2,826,0.8368826034712167,9.4149,9.5823,9.4149,9.666
2021-02-24,2051312,23456865,11.5,11.5,11.35,11.4,-0.05,516,0.8368826034712167,9.6241,9.5405,9.4986,9.6241
2021-02-25,2339192,26849838,11.5,11.55,11.35,11.5,0.1,642,0.8368826034712167,9.6241,9.6241,9.4986,9.666
2021-02-26,1725367,19626655,11.45,11.5,11.25,11.5,0.0,532,0.8368826034712167,9.5823,9.6241,9.4149,9.6241
2021-03-02,1151849,13199442,11.55,11.55,11.4,11.4,-0.1,458,0.8368826034712167,9.666,9.5405,9.5405,9.666
2021-03-03,1593288,18247043,11.45,11.55,11.4,11.4,0.0,439,0.8368826034712167,9.5823,9.5405,9.5405,9.666
2021-03-04,1544626,17580704,11.45,11.5,11.25,11.45,0.05,532,0.8368826034712167,9.5823,9.5823,9.4149,9.6241
2021-03-05,999043,11297282,11.4,11.4,11.25,11.25,-0.2,331,0.8368826034712167,9.5405,9.4149,9.4149,9.5405
2021-03-08,2296746,25702497,11.25,11.4,11.1,11.15,-0.1,734,0.8368826034712167,9.4149,9.3312,9.2894,9.5405
2021-03-09,1791411,20044511,11.2,11.25,11.1,11.25,0.1,591,0.8368826034712167,9.3731,9.4149,9.2894,9.4149
2021-03-10,555918,6240976,11.25,11.3,11.15,11.2,-0.05,282,0.8368826034712167,9.4149,9.3731,9.3312,9.4568
2021-03-11,1147739,12890249,11.25,11.3,11.2,11.2,0.0,445,0.8368826034712167,9.4149,9.3731,9.3731,9.4568
2021-03-12,807913,9030282,11.2,11.2,11.15,11.2,0.0,354,0.8368826034712167,9.3731,9.3731,9.3312,9.3731
2021-03-15,1252843,14043741,11.2,11.3,11.15,11.25,0.05,367,0.8368826034712167,9.3731,9.4149,9.3312,9.4568
2021-03-16,2810457,32022429,11.3,11.5,11.25,11.4,0.15,697,0.8368826034712167,9.4568,9.5405,9.4149,9.6241
2021-03-17,942005,10644086,11.4,11.45,11.2,11.3,-0.1,404,0.8368826034712167,9.5405,9.4568,9.3731,9.5823
2021-03-18,802661,9060462,11.4,11.4,11.25,11.25,-0.05,264,0.8368826034712167,9.5405,9.4149,9.4149,9.5405
2021-03-19,2365879,26309705,11.25,11.25,11.05,11.05,-0.2,729,0.8368826034712167,9.4149,9.2476,9.2476,9.4149
2021-03-22,1793865,19760604,11.0,11.1,10.95,11.1,0.05,586,0.8368826034712167,9.2057,9.2894,9.1639,9.2894
2021-03-23,2495191,27423791,11.1,11.1,10.95,10.95,-0.15,681,0.8368826034712167,9.2894,9.1639,9.1639,9.2894
2021-03-24,817190,8978999,10.95,11.05,10.9,11.0,0.05,404,0.8368826034712167,9.1639,9.2057,9.122,9.2476
2021-03-25,1060413,11664008,11.05,11.05,10.95,11.0,0.0,345,0.8368826034712167,9.2476,9.2057,9.1639,9.2476
2021-03-26,1159471,12804535,11.05,11.1,11.0,11.1,0.1,377,0.8368826034712167,9.2476,9.2894,9.2057,9.2894
2021-03-29,2031488,22420356,11.15,11.15,10.95,11.05,-0.05,551,0.8368826034712167,9.3312,9.2476,9.1639,9.3312
2021-03-30,1281617,14125424,11.05,11.1,10.95,11.1,0.05,514,0.8368826034712167,9.2476,9.2894,9.1639,9.2894
2021-03-31,1060618,11696655,11.1,11.1,11.0,11.0,-0.1,449,0.8368826034712167,9.2894,9.2057,9.2057,9.2894
2021-04-01,1395168,15340543,11.0,11.05,10.95,11.05,0.05,443,0.8368826034712167,9.2057,9.2476,9.1639,9.2476
2021-04-06,1130691,12467126,11.05,11.1,11.0,11.1,0.05,382,0.8368826034712167,9.2476,9.2894,9.2057,9.2894
2021-04-07,1163707,12877480,11.05,11.1,11.0,11.1,0.0,302,0.8368826034712167,9.2476,9.2894,9.2057,9.2894
2021-04-08,3335491,37377887,11.1,11.3,11.05,11.3,0.2,812,0.8368826034712167,9.2894,9.4568,9.2476,9.4568
2021-04-09,1943171,21840358,11.3,11.35,11.15,11.25,-0.05,526,0.8368826034712167,9.4568,9.4149,9.3312,9.4986
2021-04-12,3394575,38362750,11.25,11.4,11.2,11.35,0.1,764,0.8368826034712167,9.4149,9.4986,9.3731,9.5405
2021-04-13,2394779,27151593,11.35,11.45,11.25,11.25,-0.1,743,0.8368826034712167,9.4986,9.4149,9.4149,9.5823
2021-04-14,2245528,25339358,11.25,11.35,11.2,11.25,0.0,576,0.8368826034712167,9.4149,9.4149,9.3731,9.4986
2021-04-15,3194209,36475815,11.3,11.5,11.3,11.4,0.15,904,0.8368826034712167,9.4568,9.5405,9.4568,9.6241
2021-04-16,6388575,74295503,11.45,11.8,11.4,11.75,0.35,1563,0.8368826034712167,9.5823,9.8334,9.5405,9.8752
2021-04-19,9867117,119335968,11.8,12.35,11.75,12.1,0.35,2692,0.8368826034712167,9.8752,10.1263,9.8334,10.3355
2021-04-20,5305723,63913445,12.1,12.25,11.9,12.05,-0.05,1480,0.8368826034712167,10.1263,10.0844,9.9589,10.2518
2021-04-21,12447513,154796948,12.05,12.75,12.05,12.65,0.6,3001,0.8368826034712167,10.0844,10.5866,10.0844,10.6703
2021-04-22,24020821,308316803,12.65,13.35,12.4,12.5,-0.15,6230,0.8368826034712167,10.5866,10.461,10.3773,11.1724
2021-04-23,6166945,77359043,12.6,12.8,12.3,12.65,0.15,1801,0.8368826034712167,10.5447,10.5866,10.2937,10.7121
2021-04-26,5039148,63608072,12.7,12.9,12.5,12.7,0.05,1368,0.8368826034712167,10.6284,10.6284,10.461,10.7958
2021-04-27,6369068,82181299,12.75,13.15,12.6,12.9,0.2,1697,0.8368826034712167,10.6703,10.7958,10.5447,11.005
2021-04-28,3844788,49007137,12.95,13.05,12.6,12.7,-0.2,1115,0.8368826034712167,10.8376,10.6284,10.5447,10.9213
2021-04-29,4420082,56170731,12.75,12.9,12.6,12.6,-0.1,1166,0.8368826034712167,10.6703,10.5447,10.5447,10.7958
2021-05-03,4582867,57510835,12.55,12.75,12.4,12.6,0.0,1145,0.8368826034712167,10.5029,10.5447,10.3773,10.6703
2021-05-04,4868117,59991183,12.6,12.9,11.9,12.25,-0.35,1546,0.8368826034712167,10.5447,10.2518,9.9589,10.7958
2021-05-05,2069554,25428768,12.3,12.4,12.05,12.2,-0.05,695,0.8368826034712167,10.2937,10.21,10.0844,10.3773
2021-05-06,6497100,81642384,12.3,12.8,12.2,12.7,0.5,1301,0.8368826034712167,10.2937,10.6284,10.21,10.7121
2021-05-07,8072572,101609528,12.9,12.9,12.3,12.4,-0.3,1632,0.8368826034712167,10.7958,10.3773,10.2937,10.7958
2021-05-10,13246241,173784038,12.8,13.3,12.8,13.15,0.75,3383,0.8368826034712167,10.7121,11.005,10.7121,11.1305
2021-05-11,13179326,174472281,12.9,13.7,12.8,13.0,-0.15,3569,0.8368826034712167,10.7958,10.8795,10.7121,11.4653
2021-05-12,9337764,114305606,12.95,13.0,11.7,12.05,-0.95,2658,0.8368826034712167,10.8376,10.0844,9.7915,10.8795
2021-05-13,6346565,74783568,11.9,12.15,11.5,11.8,-0.25,1515,0.8368826034712167,9.9589,9.8752,9.6241,10.1681
2021-05-14,5060390,59629285,11.95,12.15,11.55,11.85,0.05,1380,0.8368826034712167,10.0007,9.9171,9.666,10.1681
2021-05-17,7352888,81352139,11.1,11.35,10.8,11.0,-0.85,1321,0.8368826034712167,9.2894,9.2057,9.0383,9.4986
2021-05-18,2337519,26529717,11.05,11.55,11.05,11.5,0.5,758,0.8368826034712167,9.2476,9.6241,9.2476,9.666
2021-05-19,1952361,22214071,11.5,11.6,11.25,11.35,-0.15,640,0.8368826034712167,9.6241,9.4986,9.4149,9.7078
2021-05-20,2444482,27472350,11.35,11.4,11.15,11.15,-0.2,659,0.8368826034712167,9.4986,9.3312,9.3312,9.5405
2021-05-21,2091206,23721424,11.25,11.5,11.25,11.3,0.15,501,0.8368826034712167,9.4149,9.4568,9.4149,9.6241
2021-05-24,1601339,18279902,11.3,11.55,11.3,11.4,0.1,440,0.8368826034712167,9.4568,9.5405,9.4568,9.666
2021-05-25,2355366,26890859,11.45,11.6,11.3,11.3,-0.1,702,0.8368826034712167,9.5823,9.4568,9.4568,9.7078
2021-05-26,900389,10212718,11.35,11.4,11.25,11.4,0.1,287,0.8368826034712167,9.4986,9.5405,9.4149,9.5405
2021-05-27,2865194,33051574,11.35,11.75,11.25,11.5,0.1,742,0.8368826034712167,9.4986,9.6241,9.4149,9.8334
2021-05-28,2171056,25531301,11.6,11.9,11.55,11.85,0.35,632,0.8368826034712167,9.7078,9.9171,9.666,9.9589
2021-05-31,2405642,27741619,11.85,11.9,11.7,11.9,0.05,444,0.8368826034712167,9.9171,9.9589,9.7915,9.9589
2021-06-01,816757,9638975,11.9,11.9,11.75,11.8,-0.1,251,0.8368826034712167,9.9589,9.8752,9.8334,9.9589
2021-06-02,2988061,35855365,11.85,12.2,11.8,12.15,0.35,783,0.8368826034712167,9.9171,10.1681,9.8752,10.21
2021-06-03,1259676,15237588,12.2,12.25,12.0,12.1,-0.05,450,0.8368826034712167,10.21,10.1263,10.0426,10.2518
2021-06-04,1010267,12095856,12.1,12.1,11.9,11.9,-0.2,361,0.8368826034712167,10.1263,9.9589,9.9589,10.1263
2021-06-07,1555233,18419473,12.0,12.05,11.7,11.9,0.0,369,0.8368826034712167,10.0426,9.9589,9.7915,10.0844
2021-06-08,855107,10170574,11.9,12.0,11.8,11.95,0.05,250,0.8368826034712167,9.9589,10.0007,9.8752,10.0426
2021-06-09,824470,9765709,11.95,11.95,11.75,11.8,-0.15,275,0.8368826034712167,10.0007,9.8752,9.8334,10.0007
2021-06-10,712915,8413365,11.8,11.9,11.75,11.85,0.05,217,0.8368826034712167,9.8752,9.9171,9.8334,9.9589
2021-06-11,1199205,14317021,11.9,12.0,11.85,12.0,0.15,347,0.8368826034712167,9.9589,10.0426,9.9171,10.0426
2021-06-15,1037674,12429169,12.0,12.05,11.9,11.95,-0.05,345,0.8368826034712167,10.0426,10.0007,9.9589,10.0844
2021-06-16,1173892,13998751,11.95,12.05,11.85,11.85,-0.1,291,0.8368826034712167,10.0007,9.9171,9.9171,10.0844
2021-06-17,977389,11655823,11.85,12.0,11.85,12.0,0.15,247,0.8368826034712167,9.9171,10.0426,9.9171,10.0426
2021-06-18,986019,11741093,12.0,12.0,11.85,11.9,-0.1,270,0.8368826034712167,10.0426,9.9589,9.9171,10.0426
2021-06-21,1760109,20633450,11.85,11.9,11.6,11.65,-0.25,464,0.8368826034712167,9.9171,9.7497,9.7078,9.9589
2021-06-22,859922,10182189,11.75,11.95,11.7,11.9,0.25,321,0.8368826034712167,9.8334,9.9589,9.7915,10.0007
2021-06-23,753640,8988484,11.9,12.0,11.85,12.0,0.1,295,0.8368826034712167,9.9589,10.0426,9.9171,10.0426
2021-06-24,2567129,31153467,12.0,12.25,11.95,12.25,0.25,723,0.8368826034712167,10.0426,10.2518,10.0007,10.2518
2021-06-25,3698005,44961607,12.3,12.4,12.0,12.0,-0.25,722,0.8368826034712167,10.2937,10.0426,10.0426,10.3773
2021-06-28,2660894,31630724,12.05,12.05,11.75,11.85,-0.15,641,0.8368826034712167,10.0844,9.9171,9.8334,10.0844
2021-06-29,1726389,20418332,11.85,11.95,11.75,11.85,0.0,448,0.8368826034712167,9.9171,9.9171,9.8334,10.0007
2021-06-30,991397,11788642,11.9,11.95,11.85,11.9,0.05,384,0.8368826034712167,9.9589,9.9589,9.9171,10.0007
2021-07-01,1720986,20403930,11.95,12.0,11.75,11.8,-0.1,541,0.8368826034712167,10.0007,9.8752,9.8334,10.0426
2021-07-02,991869,11783599,11.9,11.95,11.85,11.85,0.05,338,0.8368826034712167,9.9589,9.9171,9.9171,10.0007
2021-07-05,1162648,13915785,11.9,12.1,11.9,11.95,0.1,318,0.8368826034712167,9.9589,10.0007,9.9589,10.1263
2021-07-06,749055,8948863,12.0,12.05,11.9,11.9,-0.05,291,0.8368826034712167,10.0426,9.9589,9.9589,10.0844
2021-07-07,882497,10516994,11.9,12.0,11.85,11.9,0.0,294,0.8368826034712167,9.9589,9.9589,9.9171,10.0426
2021-07-08,1477897,17681626,11.95,12.05,11.85,11.95,0.05,401,0.8368826034712167,10.0007,10.0007,9.9171,10.0844
2021-07-09,1430328,17168870,12.0,12.1,11.95,11.95,0.0,419,0.8368826034712167,10.0426,10.0007,10.0007,10.1263
2021-07-12,1277755,15362855,12.05,12.1,11.95,11.95,0.0,356,0.8368826034712167,10.0844,10.0007,10.0007,10.1263
2021-07-13,962421,11489142,12.05,12.05,11.85,11.9,-0.05,349,0.8368826034712167,10.0844,9.9589,9.9171,10.0844
2021-07-14,1332016,15813329,11.9,11.95,11.85,11.9,0.0,375,0.8368826034712167,9.9589,9.9589,9.9171,10.0007
2021-07-15,1376296,16546700,11.9,12.15,11.9,12.0,0.1,346,0.8368826034712167,9.9589,10.0426,9.9589,10.1681
2021-07-16,1138806,13726915,12.05,12.15,12.0,12.1,0.1,372,0.8368826034712167,10.0844,10.1263,10.0426,10.1681
2021-07-19,2631241,32124966,12.15,12.3,12.1,12.25,0.15,777,0.8368826034712167,10.1681,10.2518,10.1263,10.2937
2021-07-20,1154737,13942349,12.1,12.2,12.0,12.05,-0.2,362,0.8368826034712167,10.1263,10.0844,10.0426,10.21
2021-07-21,853599,10262119,12.1,12.15,11.95,12.0,-0.05,232,0.8368826034712167,10.1263,10.0426,10.0007,10.1681
2021-07-22,1232990,14883163,12.05,12.15,12.0,12.1,0.1,345,0.8368826034712167,10.0844,10.1263,10.0426,10.1681
2021-07-23,1193229,14558805,12.1,12.3,12.1,12.15,0.05,440,0.8368826034712167,10.1263,10.1681,10.1263,10.2937
2021-07-26,1848533,22501487,12.2,12.3,12.05,12.05,-0.1,461,0.8368826034712167,10.21,10.0844,10.0844,10.2937
2021-07-27,1305780,15695759,12.1,12.15,11.95,12.0,-0.05,304,0.8368826034712167,10.1263,10.0426,10.0007,10.1681
2021-07-28,1522045,18149941,12.05,12.05,11.8,11.9,-0.1,607,0.8368826034712167,10.0844,9.9589,9.8752,10.0844
2021-07-29,693040,8300274,12.0,12.05,11.95,11.95,0.05,310,0.8368826034712167,10.0426,10.0007,10.0007,10.0844
2021-07-30,902041,10793129,12.05,12.05,11.9,11.95,0.0,331,0.8368826034712167,10.0844,10.0007,9.9589,10.0844
2021-08-02,2070645,25153303,12.05,12.25,11.95,12.2,0.25,645,0.8368826034712167,10.0844,10.21,10.0007,10.2518
2021-08-03,1120962,13730882,12.25,12.3,12.2,12.2,0.0,339,0.8368826034712167,10.2518,10.21,10.21,10.2937
2021-08-04,1270376,15587850,12.25,12.35,12.2,12.3,0.1,436,0.8368826034712167,10.2518,10.2937,10.21,10.3355
2021-08-05,1762213,21703954,12.3,12.4,12.2,12.3,0.0,547,0.8368826034712167,10.2937,10.2937,10.21,10.3773
2021-08-06,14925930,194020614,12.45,13.45,12.45,13.1,0.8,4764,0.8368826034712167,10.4192,10.9632,10.4192,11.2561
2021-08-09,5945215,77096480,13.1,13.1,12.85,13.0,-0.1,1906,0.8368826034712167,10.9632,10.8795,10.7539,10.9632
2021-08-10,6571352,87041156,13.1,13.6,12.85,13.3,0.3,2351,0.8368826034712167,10.9632,11.1305,10.7539,11.3816
2021-08-11,8878286,118087551,13.45,13.7,12.95,13.3,0.0,2664,0.8368826034712167,11.2561,11.1305,10.8376,11.4653
2021-08-12,3408246,45148100,13.35,13.4,13.1,13.1,-0.2,1077,0.8368826034712167,11.1724,10.9632,10.9632,11.2142
2021-08-13,4834823,63239945,13.15,13.4,12.85,12.85,-0.25,1594,0.8368826034712167,11.005,10.7539,10.7539,11.2142
2021-08-16,3511432,45182808,12.95,13.05,12.75,12.8,-0.05,1167,0.8368826034712167,10.8376,10.7121,10.6703,10.9213
2021-08-17,3498021,45688048,12.95,13.25,12.8,13.15,0.35,1178,0.8368826034712167,10.8376,11.005,10.7121,11.0887
2021-08-18,2689817,35171603,13.05,13.2,12.95,13.1,-0.05,955,0.8368826034712167,10.9213,10.9632,10.8376,11.0469
2021-08-19,3764932,48160998,13.1,13.1,12.55,12.65,-0.45,1080,0.8368826034712167,10.9632,10.5866,10.5029,10.9632
2021-08-20,1699854,21426268,12.65,12.8,12.5,12.55,-0.1,685,0.8368826034712167,10.5866,10.5029,10.461,10.7121
2021-08-23,4911304,62581263,12.7,12.9,12.6,12.8,0.25,765,0.8368826034712167,10.6284,10.7121,10.5447,10.7958
2021-08-24,1615105,20270794,12.45,12.65,12.4,12.6,0.0,652,0.8638788164864171,10.7553,10.8849,10.7121,10.9281
2021-08-25,1141194,14401540,12.75,12.75,12.5,12.6,0.0,438,0.8638788164864171,11.0145,10.8849,10.7985,11.0145
2021-08-26,1111152,13985207,12.6,12.7,12.5,12.65,0.05,447,0.8638788164864171,10.8849,10.9281,10.7985,10.9713
2021-08-27,1994429,25310038,12.65,12.8,12.55,12.75,0.1,639,0.8638788164864171,10.9281,11.0145,10.8417,11.0576
2021-08-30,7541906,100086366,12.9,13.5,12.85,13.45,0.7,2425,0.8638788164864171,11.144,11.6192,11.1008,11.6624
2021-08-31,8539983,115761059,13.4,13.8,13.3,13.7,0.25,2584,0.8638788164864171,11.576,11.8351,11.4896,11.9215
2021-09-01,14518270,204634550,13.75,14.55,13.5,13.9,0.2,4058,0.8638788164864171,11.8783,12.0079,11.6624,12.5694
2021-09-02,4736934,65806223,14.0,14.15,13.7,13.75,-0.15,1520,0.8638788164864171,12.0943,11.8783,11.8351,12.2239
2021-09-03,9432512,134849828,14.05,14.55,13.95,14.3,0.55,3044,0.8638788164864171,12.1375,12.3535,12.0511,12.5694
2021-09-06,9732514,134497771,14.3,14.45,13.55,13.55,-0.75,2905,0.8638788164864171,12.3535,11.7056,11.7056,12.483
2021-09-07,4078512,55614232,13.6,13.85,13.45,13.75,0.2,1264,0.8638788164864171,11.7488,11.8783,11.6192,11.9647
2021-09-08,2970357,40490665,13.8,13.8,13.5,13.55,-0.2,1098,0.8638788164864171,11.9215,11.7056,11.6624,11.9215
2021-09-09,2492539,34494385,13.75,14.0,13.6,13.9,0.35,939,0.8638788164864171,11.8783,12.0079,11.7488,12.0943
2021-09-10,3883742,54445743,13.95,14.15,13.9,13.95,0.05,1263,0.8638788164864171,12.0511,12.0511,12.0079,12.2239
2021-09-13,13286635,191834296,14.0,14.6,14.0,14.55,0.6,3813,0.8638788164864171,12.0943,12.5694,12.0943,12.6126
2021-09-14,5368412,76043016,14.4,14.45,14.05,14.15,-0.4,1938,0.8638788164864171,12.4399,12.2239,12.1375,12.483
2021-09-15,5603420,77470031,14.15,14.15,13.7,13.7,-0.45,1804,0.8638788164864171,12.2239,11.8351,11.8351,12.2239
2021-09-16,2308748,31810652,13.85,13.95,13.65,13.8,0.1,796,0.8638788164864171,11.9647,11.9215,11.7919,12.0511
2021-09-17,3518260,48796863,13.85,13.95,13.8,13.9,0.1,805,0.8638788164864171,11.9647,12.0079,11.9215,12.0511
2021-09-22,4141509,56382985,13.7,13.8,13.4,13.6,-0.3,1504,0.8638788164864171,11.8351,11.7488,11.576,11.9215
2021-09-23,1562755,21317318,13.6,13.75,13.55,13.75,0.15,632,0.8638788164864171,11.7488,11.8783,11.7056,11.8783
2021-09-24,3439386,46792854,13.85,13.85,13.45,13.55,-0.2,1155,0.8638788164864171,11.9647,11.7056,11.6192,11.9647
2021-09-27,1804174,24594704,13.55,13.8,13.45,13.6,0.05,648,0.8638788164864171,11.7056,11.7488,11.6192,11.9215
2021-09-28,1800550,24496505,13.55,13.8,13.45,13.65,0.05,594,0.8638788164864171,11.7056,11.7919,11.6192,11.9215
2021-09-29,2215939,29974493,13.5,13.7,13.4,13.5,-0.15,919,0.8638788164864171,11.6624,11.6624,11.576,11.8351
2021-09-30,3297253,45566975,13.6,13.95,13.6,13.9,0.4,1116,0.8638788164864171,11.7488,12.0079,11.7488,12.0511
2021-10-01,4223616,56724484,13.8,13.8,13.2,13.2,-0.7,1485,0.8638788164864171,11.9215,11.4032,11.4032,11.9215
2021-10-04,2096627,27633797,13.4,13.4,13.05,13.15,-0.05,757,0.8638788164864171,11.576,11.36,11.2736,11.576
2021-10-05,2122097,27596539,13.0,13.15,12.85,13.15,0.0,786,0.8638788164864171,11.2304,11.36,11.1008,11.36
2021-10-06,2891788,37452423,13.25,13.25,12.85,12.85,-0.3,852,0.8638788164864171,11.4464,11.1008,11.1008,11.4464
2021-10-07,1852674,24091160,12.95,13.1,12.9,12.95,0.1,653,0.8638788164864171,11.1872,11.1872,11.144,11.3168
2021-10-08,1526387,19765154,13.05,13.05,12.85,12.95,0.0,502,0.8638788164864171,11.2736,11.1872,11.1008,11.2736
2021-10-12,3051370,38694490,12.9,12.9,12.55,12.8,-0.15,1016,0.8638788164864171,11.144,11.0576,10.8417,11.144
2021-10-13,1584435,20111452,12.85,12.95,12.6,12.7,-0.1,604,0.8638788164864171,11.1008,10.9713,10.8849,11.1872
2021-10-14,2522205,31775778,12.7,12.75,12.5,12.55,-0.15,731,0.8638788164864171,10.9713,10.8417,10.7985,11.0145
2021-10-15,1113104,14171988,12.65,12.8,12.65,12.75,0.2,480,0.8638788164864171,10.9281,11.0145,10.9281,11.0576
2021-10-18,2149787,27702694,12.9,13.05,12.75,12.85,0.1,727,0.8638788164864171,11.144,11.1008,11.0145,11.2736
2021-10-19,1878938,24434217,12.9,13.15,12.8,13.0,0.15,711,0.8638788164864171,11.144,11.2304,11.0576,11.36
2021-10-20,1482016,19151114,13.05,13.05,12.85,12.95,-0.05,566,0.8638788164864171,11.2736,11.1872,11.1008,11.2736
2021-10-21,2680480,35085926,13.0,13.25,13.0,13.0,0.05,748,0.8638788164864171,11.2304,11.2304,11.2304,11.4464
2021-10-22,1988180,26313470,13.1,13.4,13.1,13.2,0.2,775,0.8638788164864171,11.3168,11.4032,11.3168,11.576
2021-10-25,2281583,30341931,13.35,13.45,13.15,13.35,0.15,829,0.8638788164864171,11.5328,11.5328,11.36,11.6192
2021-10-26,2540938,33659490,13.4,13.45,13.05,13.25,-0.1,1046,0.8638788164864171,11.576,11.4464,11.2736,11.6192
2021-10-27,1041727,13801740,13.25,13.35,13.15,13.2,-0.05,435,0.8638788164864171,11.4464,11.4032,11.36,11.5328
2021-10-28,1087675,14431399,13.25,13.35,13.2,13.3,0.1,436,0.8638788164864171,11.4464,11.4896,11.4032,11.5328
2021-10-29,1149343,15227307,13.3,13.4,13.15,13.25,-0.05,390,0.8638788164864171,11.4896,11.4464,11.36,11.576
2021-11-01,1834146,24048472,13.3,13.3,13.0,13.15,-0.1,772,0.8638788164864171,11.4896,11.36,11.2304,11.4896
2021-11-02,1182258,15530184,13.15,13.2,13.05,13.1,-0.05,406,0.8638788164864171,11.36,11.3168,11.2736,11.4032
2021-11-03,1709997,22542328,13.1,13.35,13.05,13.25,0.15,572,0.8638788164864171,11.3168,11.4464,11.2736,11.5328
2021-11-04,4247971,57464078,13.35,13.65,13.35,13.65,0.4,1529,0.8638788164864171,11.5328,11.7919,11.5328,11.7919
2021-11-05,6214264,82023226,13.6,13.6,13.05,13.05,-0.6,2173,0.8638788164864171,11.7488,11.2736,11.2736,11.7488
2021-11-08,3487875,45039826,12.95,13.0,12.85,12.9,-0.15,1419,0.8638788164864171,11.1872,11.144,11.1008,11.2304
2021-11-09,1788142,23137956,12.9,13.05,12.85,12.9,0.0,736,0.8638788164864171,11.144,11.144,11.1008,11.2736
2021-11-10,6257772,83537222,13.0,13.55,13.0,13.35,0.45,2161,0.8638788164864171,11.2304,11.5328,11.2304,11.7056
2021-11-11,2437408,32430776,13.3,13.4,13.25,13.25,-0.1,775,0.8638788164864171,11.4896,11.4464,11.4464,11.576
2021-11-12,3624778,48722485,13.4,13.55,13.3,13.5,0.25,1036,0.8638788164864171,11.576,11.6624,11.4896,11.7056
2021-11-15,4048175,54880118,13.55,13.8,13.4,13.45,-0.05,1276,0.8638788164864171,11.7056,11.6192,11.576,11.9215
2021-11-16,1983332,26598505,13.55,13.55,13.35,13.4,-0.05,662,0.8638788164864171,11.7056,11.576,11.5328,11.7056
2021-11-17,1867661,24912125,13.4,13.4,13.3,13.3,-0.1,646,0.8638788164864171,11.576,11.4896,11.4896,11.576
2021-11-18,3334571,44880008,13.3,13.6,13.3,13.5,0.2,1143,0.8638788164864171,11.4896,11.6624,11.4896,11.7488
2021-11-19,1861992,25067339,13.55,13.65,13.35,13.35,-0.15,663,0.8638788164864171,11.7056,11.5328,11.5328,11.7919
2021-11-22,1311286,17564124,13.45,13.5,13.3,13.45,0.1,433,0.8638788164864171,11.6192,11.6192,11.4896,11.6624
2021-11-23,1547729,20714595,13.5,13.5,13.3,13.35,-0.1,475,0.8638788164864171,11.6624,11.5328,11.4896,11.6624
2021-11-24,1773284,23881752,13.45,13.55,13.35,13.55,0.2,607,0.8638788164864171,11.6192,11.7056,11.5328,11.7056
2021-11-25,1759424,23962501,13.6,13.75,13.55,13.55,0.0,611,0.8638788164864171,11.7488,11.7056,11.7056,11.8783
2021-11-26,1790190,24001049,13.6,13.6,13.3,13.35,-0.2,629,0.8638788164864171,11.7488,11.5328,11.4896,11.7488
2021-11-29,1603742,21205237,13.2,13.4,13.1,13.25,-0.1,479,0.8638788164864171,11.4032,11.4464,11.3168,11.576
2021-11-30,870026,11543896,13.4,13.4,13.2,13.2,-0.05,394,0.8638788164864171,11.576,11.4032,11.4032,11.576
2021-12-01,983214,13018213,13.2,13.3,13.15,13.25,0.05,410,0.8638788164864171,11.4032,11.4464,11.36,11.4896
2021-12-02,1397823,18315449,13.25,13.3,13.0,13.05,-0.2,547,0.8638788164864171,11.4464,11.2736,11.2304,11.4896
2021-12-03,818596,10730088,13.1,13.2,13.05,13.1,0.05,327,0.8638788164864171,11.3168,11.3168,11.2736,11.4032
2021-12-06,946819,12530787,13.2,13.3,13.15,13.2,0.1,452,0.8638788164864171,11.4032,11.4032,11.36,11.4896
2021-12-07,716939,9502889,13.35,13.35,13.2,13.25,0.05,301,0.8638788164864171,11.5328,11.4464,11.4032,11.5328
2021-12-08,665515,8864594,13.3,13.4,13.25,13.35,0.1,323,0.8638788164864171,11.4896,11.5328,11.4464,11.576
2021-12-09,571333,7624468,13.35,13.4,13.3,13.4,0.05,312,0.8638788164864171,11.5328,11.576,11.4896,11.576
2021-12-10,846602,11234199,13.4,13.4,13.2,13.25,-0.15,383,0.8638788164864171,11.576,11.4464,11.4032,11.576
2021-12-13,1004763,13305974,13.3,13.3,13.2,13.25,0.0,487,0.8638788164864171,11.4896,11.4464,11.4032,11.4896
2021-12-14,1047797,13867476,13.25,13.3,13.15,13.25,0.0,338,0.8638788164864171,11.4464,11.4464,11.36,11.4896
2021-12-15,857086,11358294,13.25,13.3,13.2,13.25,0.0,309,0.8638788164864171,11.4464,11.4464,11.4032,11.4896
2021-12-16,1121408,14929020,13.3,13.4,13.25,13.35,0.1,343,0.8638788164864171,11.4896,11.5328,11.4464,11.576
2021-12-17,5340819,72742265,13.35,13.85,13.3,13.55,0.2,1743,0.8638788164864171,11.5328,11.7056,11.4896,11.9647
2021-12-20,1680717,22609515,13.55,13.6,13.35,13.45,-0.1,698,0.8638788164864171,11.7056,11.6192,11.5328,11.7488
2021-12-21,847705,11330933,13.55,13.55,13.3,13.35,-0.1,386,0.8638788164864171,11.7056,11.5328,11.4896,11.7056
2021-12-22,664335,8858997,13.45,13.45,13.3,13.35,0.0,310,0.8638788164864171,11.6192,11.5328,11.4896,11.6192
2021-12-23,924183,12267454,13.35,13.35,13.2,13.3,-0.05,354,0.8638788164864171,11.5328,11.4896,11.4032,11.5328
2021-12-24,1014845,13395446,13.3,13.3,13.15,13.2,-0.1,483,0.8638788164864171,11.4896,11.4032,11.36,11.4896
2021-12-27,844430,11160807,13.2,13.3,13.15,13.25,0.05,315,0.8638788164864171,11.4032,11.4464,11.36,11.4896
2021-12-28,982864,13015824,13.3,13.3,13.2,13.25,0.0,305,0.8638788164864171,11.4896,11.4464,11.4032,11.4896
2021-12-29,1776854,23680378,13.3,13.45,13.2,13.45,0.2,557,0.8638788164864171,11.4896,11.6192,11.4032,11.6192
2021-12-30,1014345,13642809,13.45,13.55,13.4,13.4,-0.05,371,0.8638788164864171,11.6192,11.576,11.576,11.7056
2022-01-03,1284347,17312019,13.45,13.55,13.4,13.5,0.1,507,0.8638788164864171,11.6192,11.6624,11.576,11.7056
2022-01-04,1437000,19435532,13.55,13.6,13.45,13.5,0.0,5306,0.8638788164864171,11.7056,11.6624,11.6192,11.7488
2022-01-05,866992,11651618,13.5,13.5,13.35,13.5,0.0,284,0.8638788164864171,11.6624,11.6624,11.5328,11.6624
2022-01-06,1241336,16773476,13.5,13.6,13.45,13.55,0.05,388,0.8638788164864171,11.6624,11.7056,11.6192,11.7488
2022-01-07,1738343,23661409,13.6,13.8,13.5,13.55,0.0,698,0.8638788164864171,11.7488,11.7056,11.6624,11.9215
2022-01-10,787689,10689631,13.6,13.65,13.5,13.55,0.0,324,0.8638788164864171,11.7488,11.7056,11.6624,11.7919
2022-01-11,2210745,30158565,13.6,13.7,13.5,13.7,0.15,727,0.8638788164864171,11.7488,11.8351,11.6624,11.8351
2022-01-12,1273908,17403463,13.75,13.75,13.55,13.7,0.0,550,0.8638788164864171,11.8783,11.8351,11.7056,11.8783
2022-01-13,1130883,15430659,13.7,13.7,13.55,13.7,0.0,437,0.8638788164864171,11.8351,11.8351,11.7056,11.8351
2022-01-14,1414379,19136584,13.7,13.7,13.4,13.5,-0.2,522,0.8638788164864171,11.8351,11.6624,11.576,11.8351
2022-01-17,648095,8784927,13.6,13.65,13.5,13.5,0.0,248,0.8638788164864171,11.7488,11.6624,11.6624,11.7919
2022-01-18,595178,7998772,13.55,13.55,13.4,13.4,-0.1,386,0.8638788164864171,11.7056,11.576,11.576,11.7056
2022-01-19,1254731,16700902,13.45,13.45,13.25,13.25,-0.15,672,0.8638788164864171,11.6192,11.4464,11.4464,11.6192
2022-01-20,380458,5088191,13.25,13.45,13.25,13.45,0.2,229,0.8638788164864171,11.4464,11.6192,11.4464,11.6192
2022-01-21,1540107,20452100,13.45,13.45,13.2,13.2,-0.25,483,0.8638788164864171,11.6192,11.4032,11.4032,11.6192
2022-01-24,1508313,19634893,13.2,13.2,12.85,13.05,-0.15,512,0.8638788164864171,11.4032,11.2736,11.1008,11.4032
2022-01-25,1378795,17755019,13.0,13.0,12.8,12.85,-0.2,639,0.8638788164864171,11.2304,11.1008,11.0576,11.2304
2022-01-26,607784,7865684,12.9,13.0,12.9,12.9,0.05,444,0.8638788164864171,11.144,11.144,11.144,11.2304
2022-02-07,1282364,16727447,12.9,13.2,12.9,13.15,0.25,542,0.8638788164864171,11.144,11.36,11.144,11.4032
2022-02-08,550222,7248884,13.15,13.25,13.05,13.15,0.0,329,0.8638788164864171,11.36,11.36,11.2736,11.4464
2022-02-09,1986243,26516118,13.2,13.45,13.2,13.45,0.3,682,0.8638788164864171,11.4032,11.6192,11.4032,11.6192
2022-02-10,603109,8072525,13.4,13.5,13.3,13.35,-0.1,285,0.8638788164864171,11.576,11.5328,11.4896,11.6624
2022-02-11,919252,12235153,13.35,13.4,13.2,13.4,0.05,338,0.8638788164864171,11.5328,11.576,11.4032,11.576
2022-02-14,650670,8639173,13.35,13.35,13.25,13.3,-0.1,295,0.8638788164864171,11.5328,11.4896,11.4464,11.5328
2022-02-15,718054,9565626,13.3,13.4,13.25,13.3,0.0,355,0.8638788164864171,11.4896,11.4896,11.4464,11.576
2022-02-16,684934,9172043,13.35,13.45,13.3,13.45,0.15,423,0.8638788164864171,11.5328,11.6192,11.4896,11.6192
2022-02-17,4884712,67253974,13.45,14.2,13.4,13.7,0.25,2417,0.8638788164864171,11.6192,11.8351,11.576,12.2671
2022-02-18,1802838,24889462,13.65,13.9,13.6,13.85,0.15,1722,0.8638788164864171,11.7919,11.9647,11.7488,12.0079
2022-02-21,1099134,15212236,13.85,13.95,13.7,13.9,0.05,1855,0.8638788164864171,11.9647,12.0079,11.8351,12.0511
2022-02-22,1325501,18170723,13.9,13.95,13.6,13.7,-0.2,1405,0.8638788164864171,12.0079,11.8351,11.7488,12.0511
2022-02-23,1606894,22272136,13.7,13.95,13.7,13.95,0.25,1881,0.8638788164864171,11.8351,12.0511,11.8351,12.0511
2022-02-24,1508706,20703736,13.95,13.95,13.55,13.6,-0.35,1665,0.8638788164864171,12.0511,11.7488,11.7056,12.0511
2022-02-25,1431197,19711825,13.7,13.85,13.65,13.8,0.2,1361,0.8638788164864171,11.8351,11.9215,11.7919,11.9647
2022-03-01,3936123,55743255,13.85,14.35,13.85,14.2,0.4,1387,0.8638788164864171,11.9647,12.2671,11.9647,12.3967
2022-03-02,1914166,26979499,14.25,14.25,14.0,14.1,-0.1,779,0.8638788164864171,12.3103,12.1807,12.0943,12.3103
2022-03-03,1037121,14614605,14.2,14.2,14.0,14.1,0.0,471,0.8638788164864171,12.2671,12.1807,12.0943,12.2671
2022-03-04,1103091,15444932,14.0,14.1,13.95,13.95,-0.15,489,0.8638788164864171,12.0943,12.0511,12.0511,12.1807
2022-03-07,6516913,86024155,13.75,13.75,13.0,13.05,-0.9,1808,0.8638788164864171,11.8783,11.2736,11.2304,11.8783
2022-03-08,2517976,32791955,13.05,13.25,12.85,12.95,-0.1,798,0.8638788164864171,11.2736,11.1872,11.1008,11.4464
2022-03-09,1224191,16007219,13.05,13.2,13.0,13.1,0.15,562,0.8638788164864171,11.2736,11.3168,11.2304,11.4032
2022-03-10,781433,10331163,13.2,13.3,13.15,13.2,0.1,305,0.8638788164864171,11.4032,11.4032,11.36,11.4896
2022-03-11,825930,10940216,13.2,13.4,13.1,13.25,0.05,321,0.8638788164864171,11.4032,11.4464,11.3168,11.576
2022-03-14,840468,11106729,13.25,13.4,13.15,13.15,-0.1,323,0.8638788164864171,11.4464,11.36,11.36,11.576
2022-03-15,1301403,16901003,13.15,13.15,12.9,12.95,-0.2,470,0.8638788164864171,11.36,11.1872,11.144,11.36
2022-03-16,1531665,19813488,13.1,13.1,12.85,13.0,0.05,603,0.8638788164864171,11.3168,11.2304,11.1008,11.3168
2022-03-17,1934028,25670784,13.1,13.35,13.1,13.35,0.35,685,0.8638788164864171,11.3168,11.5328,11.3168,11.5328
2022-03-18,2311871,31240068,13.35,13.7,13.3,13.7,0.35,616,0.8638788164864171,11.5328,11.8351,11.4896,11.8351
2022-03-21,1390122,18922511,13.7,13.75,13.45,13.7,0.0,510,0.8638788164864171,11.8351,11.8351,11.6192,11.8783
2022-03-22,1002623,13698365,13.7,13.75,13.5,13.75,0.05,415,0.8638788164864171,11.8351,11.8783,11.6624,11.8783
2022-03-23,765009,10463984,13.85,13.85,13.6,13.6,-0.15,420,0.8638788164864171,11.9647,11.7488,11.7488,11.9647
2022-03-24,823946,11162030,13.6,13.65,13.45,13.5,-0.1,407,0.8638788164864171,11.7488,11.6624,11.6192,11.7919
2022-03-25,1009475,13506837,13.5,13.5,13.3,13.4,-0.1,480,0.8638788164864171,11.6624,11.576,11.4896,11.6624
2022-03-28,427688,5667088,13.25,13.35,13.15,13.25,-0.15,217,0.8638788164864171,11.4464,11.4464,11.36,11.5328
2022-03-29,383608,5086562,13.3,13.4,13.2,13.2,-0.05,214,0.8638788164864171,11.4896,11.4032,11.4032,11.576
2022-03-30,1294574,17054399,13.2,13.35,13.05,13.3,0.1,568,0.8638788164864171,11.4032,11.4896,11.2736,11.5328
2022-03-31,417088,5510870,13.3,13.3,13.15,13.15,-0.15,222,0.8638788164864171,11.4896,11.36,11.36,11.4896
2022-04-01,576085,7563090,13.1,13.2,13.1,13.15,0.0,279,0.8638788164864171,11.3168,11.36,11.3168,11.4032
2022-04-06,764197,10088831,13.1,13.35,13.05,13.35,0.2,347,0.8638788164864171,11.3168,11.5328,11.2736,11.5328
2022-04-07,1096684,14359385,13.25,13.3,13.0,13.1,-0.25,441,0.8638788164864171,11.4464,11.3168,11.2304,11.4896
2022-04-08,1225833,15994223,13.1,13.15,13.0,13.05,-0.05,394,0.8638788164864171,11.3168,11.2736,11.2304,11.36
2022-04-11,603385,7839873,13.1,13.15,12.9,13.0,-0.05,361,0.8638788164864171,11.3168,11.2304,11.144,11.36
2022-04-12,738915,9628524,12.95,13.2,12.9,13.0,0.0,284,0.8638788164864171,11.1872,11.2304,11.144,11.4032
2022-04-13,668136,8751235,13.1,13.2,13.0,13.1,0.1,390,0.8638788164864171,11.3168,11.3168,11.2304,11.4032
2022-04-14,506152,6616480,13.1,13.15,13.0,13.05,-0.05,229,0.8638788164864171,11.3168,11.2736,11.2304,11.36
2022-04-15,544720,7056658,13.05,13.05,12.9,12.95,-0.1,261,0.8638788164864171,11.2736,11.1872,11.144,11.2736
2022-04-18,1028907,13189618,12.9,12.9,12.75,12.85,-0.1,428,0.8638788164864171,11.144,11.1008,11.0145,11.144
2022-04-19,320899,4141873,12.95,13.0,12.85,12.9,0.05,185,0.8638788164864171,11.1872,11.144,11.1008,11.2304
2022-04-20,659809,8568012,12.9,13.1,12.85,13.0,0.1,453,0.8638788164864171,11.144,11.2304,11.1008,11.3168
2022-04-21,491512,6384709,13.05,13.1,12.9,12.95,-0.05,222,0.8638788164864171,11.2736,11.1872,11.144,11.3168
2022-04-22,665286,8556378,12.85,12.95,12.8,12.85,-0.1,276,0.8638788164864171,11.1008,11.1008,11.0576,11.1872
2022-04-25,1464847,18429489,12.8,12.8,12.5,12.55,-0.3,624,0.8638788164864171,11.0576,10.8417,10.7985,11.0576
2022-04-26,1001924,12628600,12.55,12.75,12.5,12.75,0.2,362,0.8638788164864171,10.8417,11.0145,10.7985,11.0145
2022-04-27,1209034,15022024,12.5,12.5,12.3,12.45,-0.3,491,0.8638788164864171,10.7985,10.7553,10.6257,10.7985
2022-04-28,473278,5908175,12.4,12.55,12.4,12.5,0.05,172,0.8638788164864171,10.7121,10.7985,10.7121,10.8417
2022-04-29,369909,4638231,12.5,12.65,12.45,12.5,0.0,176,0.8638788164864171,10.7985,10.7985,10.7553,10.9281
2022-05-03,453553,5635642,12.5,12.55,12.35,12.45,-0.05,274,0.8638788164864171,10.7985,10.7553,10.6689,10.8417
2022-05-04,437084,5421234,12.5,12.55,12.35,12.4,-0.05,275,0.8638788164864171,10.7985,10.7121,10.6689,10.8417
2022-05-05,469806,5854602,12.5,12.55,12.4,12.45,0.05,178,0.8638788164864171,10.7985,10.7553,10.7121,10.8417
2022-05-06,778545,9558646,12.3,12.35,12.2,12.3,-0.15,323,0.8638788164864171,10.6257,10.6257,10.5393,10.6689
2022-05-09,1604989,19258335,12.1,12.1,11.85,12.0,-0.3,598,0.8638788164864171,10.4529,10.3665,10.237,10.4529
2022-05-10,744923,8897081,12.05,12.05,11.85,12.05,0.05,369,0.8638788164864171,10.4097,10.4097,10.237,10.4097
2022-05-11,473488,5635750,11.95,12.0,11.85,11.9,-0.15,263,0.8638788164864171,10.3234,10.2802,10.237,10.3665
2022-05-12,1052399,12248038,11.9,11.9,11.45,11.5,-0.4,475,0.8638788164864171,10.2802,9.9346,9.8914,10.2802
2022-05-13,935914,11018217,11.55,11.95,11.55,11.9,0.4,588,0.8638788164864171,9.9778,10.2802,9.9778,10.3234
2022-05-16,1298090,15459589,11.95,12.1,11.7,12.0,0.1,858,0.8638788164864171,10.3234,10.3665,10.1074,10.4529
2022-05-17,821334,9936401,12.05,12.2,11.9,12.15,0.15,510,0.8638788164864171,10.4097,10.4961,10.2802,10.5393
2022-05-18,600539,7273834,12.1,12.2,12.0,12.15,0.0,424,0.8638788164864171,10.4529,10.4961,10.3665,10.5393
2022-05-19,576265,6857421,11.9,12.0,11.85,11.9,-0.25,232,0.8638788164864171,10.2802,10.2802,10.237,10.3665
2022-05-20,586594,6975393,12.0,12.0,11.85,11.9,0.0,255,0.8638788164864171,10.3665,10.2802,10.237,10.3665
2022-05-23,374339,4476067,12.0,12.0,11.85,12.0,0.1,181,0.8638788164864171,10.3665,10.3665,10.237,10.3665
2022-05-24,244554,2910940,11.9,11.95,11.85,11.85,-0.15,146,0.8638788164864171,10.2802,10.237,10.237,10.3234
2022-05-25,1637938,19668245,11.95,12.15,11.95,12.1,0.25,460,0.8638788164864171,10.3234,10.4529,10.3234,10.4961
2022-05-26,248086,2991718,12.15,12.15,11.95,12.0,-0.1,162,0.8638788164864171,10.4961,10.3665,10.3234,10.4961
2022-05-27,289525,3494600,12.1,12.15,12.0,12.05,0.05,175,0.8638788164864171,10.4529,10.4097,10.3665,10.4961
2022-05-30,429292,5192651,12.15,12.15,12.0,12.1,0.05,254,0.8638788164864171,10.4961,10.4529,10.3665,10.4961
2022-05-31,854502,10426452,12.1,12.3,12.0,12.3,0.2,265,0.8638788164864171,10.4529,10.6257,10.3665,10.6257
2022-06-01,648549,7837431,12.15,12.2,12.0,12.05,-0.25,335,0.8638788164864171,10.4961,10.4097,10.3665,10.5393
2022-06-02,319911,3833062,12.05,12.05,11.95,11.95,-0.1,209,0.8638788164864171,10.4097,10.3234,10.3234,10.4097
2022-06-06,331106,3961712,12.1,12.1,11.9,12.0,0.05,223,0.8638788164864171,10.4529,10.3665,10.2802,10.4529
2022-06-07,371775,4483142,12.0,12.15,11.95,12.1,0.1,229,0.8638788164864171,10.3665,10.4529,10.3234,10.4961
2022-06-08,322356,3905784,12.1,12.2,12.05,12.15,0.05,239,0.8638788164864171,10.4529,10.4961,10.4097,10.5393
2022-06-09,188193,2281618,12.1,12.2,12.05,12.2,0.05,119,0.8638788164864171,10.4529,10.5393,10.4097,10.5393
2022-06-10,274272,3306258,12.05,12.1,12.0,12.1,-0.1,155,0.8638788164864171,10.4097,10.4529,10.3665,10.4529
2022-06-13,1070284,12566255,11.85,11.85,11.65,11.75,-0.35,596,0.8638788164864171,10.237,10.1506,10.0642,10.237
2022-06-14,384467,4514359,11.7,11.85,11.7,11.8,0.05,181,0.8638788164864171,10.1074,10.1938,10.1074,10.237
2022-06-15,626311,7471462,11.8,12.1,11.8,11.95,0.15,471,0.8638788164864171,10.1938,10.3234,10.1938,10.4529
2022-06-16,412719,4898094,12.05,12.05,11.7,11.75,-0.2,217,0.8638788164864171,10.4097,10.1506,10.1074,10.4097
2022-06-17,556931,6537508,11.7,11.85,11.65,11.75,0.0,216,0.8638788164864171,10.1074,10.1506,10.0642,10.237
2022-06-20,670200,7777379,11.75,11.75,11.55,11.55,-0.2,246,0.8638788164864171,10.1506,9.9778,9.9778,10.1506
2022-06-21,1290592,15365457,11.75,12.1,11.7,12.05,0.5,502,0.8638788164864171,10.1506,10.4097,10.1074,10.4529
2022-06-22,968767,11428375,12.05,12.05,11.7,11.9,-0.15,537,0.8638788164864171,10.4097,10.2802,10.1074,10.4097
2022-06-23,1174418,14067267,12.05,12.15,11.85,11.9,0.0,496,0.8638788164864171,10.4097,10.2802,10.237,10.4961
2022-06-24,1542593,18839814,12.0,12.3,12.0,12.3,0.4,923,0.8638788164864171,10.3665,10.6257,10.3665,10.6257
2022-06-27,1307640,16213796,12.4,12.55,12.15,12.3,0.0,737,0.8638788164864171,10.7121,10.6257,10.4961,10.8417
2022-06-28,424473,5159203,12.3,12.35,12.05,12.1,-0.2,287,0.8638788164864171,10.6257,10.4529,10.4097,10.6689
2022-06-29,517669,6232224,12.0,12.15,11.95,12.1,0.0,341,0.8638788164864171,10.3665,10.4529,10.3234,10.4961
2022-06-30,687959,8165807,12.0,12.0,11.8,11.9,-0.2,318,0.8638788164864171,10.3665,10.2802,10.1938,10.3665
2022-07-01,876498,10406627,11.95,12.05,11.75,11.8,-0.1,357,0.8638788164864171,10.3234,10.1938,10.1506,10.4097
2022-07-04,1043978,12512194,11.9,12.15,11.8,11.95,0.15,436,0.8638788164864171,10.2802,10.3234,10.1938,10.4961
2022-07-05,972685,11701188,12.05,12.15,11.9,12.0,0.05,312,0.8638788164864171,10.4097,10.3665,10.2802,10.4961
2022-07-06,808581,9556314,12.1,12.1,11.7,11.8,-0.2,291,0.8638788164864171,10.4529,10.1938,10.1074,10.4529
2022-07-07,489333,5770436,11.85,11.9,11.7,11.85,0.05,226,0.8638788164864171,10.237,10.237,10.1074,10.2802
2022-07-08,386302,4562016,11.8,11.9,11.75,11.75,-0.1,183,0.8638788164864171,10.1938,10.1506,10.1506,10.2802
2022-07-11,321623,3773713,11.8,11.85,11.7,11.75,0.0,139,0.8638788164864171,10.1938,10.1506,10.1074,10.237
2022-07-12,1268780,14697096,11.65,11.8,11.5,11.55,-0.2,331,0.8638788164864171,10.0642,9.9778,9.9346,10.1938
2022-07-13,1115256,13019154,11.55,11.85,11.55,11.85,0.3,553,0.8638788164864171,9.9778,10.237,9.9778,10.237
2022-07-14,413784,4851085,11.7,11.8,11.65,11.7,-0.15,152,0.8638788164864171,10.1074,10.1074,10.0642,10.1938
2022-07-15,785203,9087289,11.7,11.75,11.5,11.55,-0.15,318,0.8638788164864171,10.1074,9.9778,9.9346,10.1506
2022-07-18,757659,8739017,11.55,11.65,11.45,11.55,0.0,422,0.8638788164864171,9.9778,9.9778,9.8914,10.0642
2022-07-19,465108,5387665,11.6,11.7,11.45,11.7,0.15,165,0.8638788164864171,10.021,10.1074,9.8914,10.1074
2022-07-20,709240,8273378,11.75,11.8,11.55,11.6,-0.1,333,0.8638788164864171,10.1506,10.021,9.9778,10.1938
2022-07-21,321268,3730346,11.65,11.7,11.55,11.65,0.05,143,0.8638788164864171,10.0642,10.0642,9.9778,10.1074
2022-07-22,429214,4991020,11.65,11.7,11.6,11.65,0.0,226,0.8638788164864171,10.0642,10.0642,10.021,10.1074
2022-07-25,588805,6925444,11.65,11.85,11.65,11.8,0.15,263,0.8638788164864171,10.0642,10.1938,10.0642,10.237
2022-07-26,307559,3614758,11.75,11.8,11.7,11.8,0.0,164,0.8638788164864171,10.1506,10.1938,10.1074,10.1938
2022-07-27,947124,11168920,11.8,11.9,11.7,11.85,0.05,327,0.8638788164864171,10.1938,10.237,10.1074,10.2802
2022-07-28,1221262,13966075,11.4,11.5,11.35,11.5,0.0,349,0.9019351520144532,10.2821,10.3723,10.237,10.3723
2022-07-29,296641,3416857,11.5,11.55,11.45,11.55,0.05,149,0.9019351520144532,10.3723,10.4174,10.3272,10.4174
2022-08-01,327186,3784021,11.55,11.65,11.5,11.6,0.05,136,0.9019351520144532,10.4174,10.4624,10.3723,10.5075
2022-08-02,252317,2908825,11.5,11.6,11.5,11.55,-0.05,133,0.9019351520144532,10.3723,10.4174,10.3723,10.4624
2022-08-03,435344,5012629,11.5,11.7,11.45,11.5,-0.05,175,0.9019351520144532,10.3723,10.3723,10.3272,10.5526
2022-08-04,498491,5697639,11.55,11.55,11.35,11.5,0.0,261,0.9019351520144532,10.4174,10.3723,10.237,10.4174
2022-08-05,542177,6289164,11.6,11.7,11.5,11.55,0.05,186,0.9019351520144532,10.4624,10.4174,10.3723,10.5526
2022-08-08,331627,3846652,11.6,11.7,11.5,11.65,0.1,156,0.9019351520144532,10.4624,10.5075,10.3723,10.5526
2022-08-09,619750,7248830,11.65,11.75,11.6,11.7,0.05,221,0.9019351520144532,10.5075,10.5526,10.4624,10.5977
2022-08-10,301761,3536932,11.6,11.8,11.6,11.75,0.05,212,0.9019351520144532,10.4624,10.5977,10.4624,10.6428
2022-08-11,575853,6801284,11.8,11.85,11.75,11.8,0.05,238,0.9019351520144532,10.6428,10.6428,10.5977,10.6879
2022-08-12,670015,7978612,11.8,12.0,11.8,11.95,0.15,282,0.9019351520144532,10.6428,10.7781,10.6428,10.8232
2022-08-15,559628,6705453,11.95,12.05,11.95,12.05,0.1,192,0.9019351520144532,10.7781,10.8683,10.7781,10.8683
2022-08-16,345974,4141056,12.1,12.1,11.9,11.95,-0.1,153,0.9019351520144532,10.9134,10.7781,10.733,10.9134
2022-08-17,710466,8602068,11.95,12.2,11.95,12.0,0.05,330,0.9019351520144532,10.7781,10.8232,10.7781,11.0036
2022-08-18,265124,3178531,12.0,12.05,11.95,11.95,-0.05,146,0.9019351520144532,10.8232,10.7781,10.7781,10.8683
2022-08-19,133653,1596093,11.95,12.0,11.9,11.95,0.0,98,0.9019351520144532,10.7781,10.7781,10.733,10.8232
2022-08-22,479127,5699775,11.85,11.95,11.85,11.9,-0.05,139,0.9019351520144532,10.6879,10.733,10.6879,10.7781
2022-08-23,428953,5113154,11.8,12.0,11.8,11.95,0.05,154,0.9019351520144532,10.6428,10.7781,10.6428,10.8232
2022-08-24,716370,8589680,12.0,12.05,11.95,12.0,0.05,232,0.9019351520144532,10.8232,10.8232,10.7781,10.8683
2022-08-25,341217,4104593,12.05,12.1,12.0,12.0,0.0,206,0.9019351520144532,10.8683,10.8232,10.8232,10.9134
2022-08-26,505762,6088957,12.1,12.1,12.0,12.05,0.05,161,0.9019351520144532,10.9134,10.8683,10.8232,10.9134
2022-08-29,830924,9823575,11.85,12.0,11.75,11.85,-0.2,297,0.9019351520144532,10.6879,10.6879,10.5977,10.8232
2022-08-30,269573,3219574,11.85,12.0,11.85,12.0,0.15,156,0.9019351520144532,10.6879,10.8232,10.6879,10.8232
2022-08-31,314860,3773970,11.95,12.05,11.9,12.0,0.0,171,0.9019351520144532,10.7781,10.8232,10.733,10.8683
2022-09-01,1004865,11863815,11.85,11.9,11.75,11.8,-0.2,399,0.9019351520144532,10.6879,10.6428,10.5977,10.733
2022-09-02,342603,4058453,11.9,11.9,11.8,11.9,0.1,130,0.9019351520144532,10.733,10.733,10.6428,10.733
2022-09-05,229311,2715337,11.9,11.9,11.8,11.8,-0.1,128,0.9019351520144532,10.733,10.6428,10.6428,10.733
2022-09-06,340485,4020526,11.8,11.9,11.75,11.8,0.0,149,0.9019351520144532,10.6428,10.6428,10.5977,10.733
2022-09-07,594796,6942966,11.7,11.75,11.6,11.65,-0.15,366,0.9019351520144532,10.5526,10.5075,10.4624,10.5977
2022-09-08,311468,3652391,11.7,11.8,11.7,11.8,0.15,161,0.9019351520144532,10.5526,10.6428,10.5526,10.6428
2022-09-12,262397,3111803,11.9,11.9,11.8,11.9,0.1,127,0.9019351520144532,10.733,10.733,10.6428,10.733
2022-09-13,209780,2487734,11.9,11.9,11.8,11.85,-0.05,109,0.9019351520144532,10.733,10.6879,10.6428,10.733
2022-09-14,370593,4355812,11.75,11.8,11.7,11.7,-0.15,234,0.9019351520144532,10.5977,10.5526,10.5526,10.6428
2022-09-15,357093,4180875,11.7,11.75,11.65,11.75,0.05,204,0.9019351520144532,10.5526,10.5977,10.5075,10.5977
2022-09-16,653063,7599180,11.65,11.7,11.6,11.6,-0.15,278,0.9019351520144532,10.5075,10.4624,10.4624,10.5526
2022-09-19,467007,5398618,11.65,11.65,11.5,11.55,-0.05,245,0.9019351520144532,10.5075,10.4174,10.3723,10.5075
2022-09-20,640044,7391002,11.6,11.6,11.5,11.55,0.0,240,0.9019351520144532,10.4624,10.4174,10.3723,10.4624
2022-09-21,777378,8918326,11.55,11.6,11.35,11.5,-0.05,413,0.9019351520144532,10.4174,10.3723,10.237,10.4624
2022-09-22,592048,6737897,11.55,11.55,11.3,11.45,-0.05,333,0.9019351520144532,10.4174,10.3272,10.1919,10.4174
2022-09-23,283946,3240500,11.5,11.5,11.35,11.45,0.0,171,0.9019351520144532,10.3723,10.3272,10.237,10.3723
2022-09-26,772237,8662929,11.4,11.45,11.05,11.2,-0.25,368,0.9019351520144532,10.2821,10.1017,9.9664,10.3272
2022-09-27,236944,2654066,11.35,11.35,11.15,11.2,0.0,143,0.9019351520144532,10.237,10.1017,10.0566,10.237
2022-09-28,1041359,11427711,11.2,11.2,10.85,10.95,-0.25,359,0.9019351520144532,10.1017,9.8762,9.786,10.1017
2022-09-29,433845,4791170,11.0,11.2,10.95,11.1,0.15,158,0.9019351520144532,9.9213,10.0115,9.8762,10.1017
2022-09-30,477509,5279081,11.15,11.15,10.95,11.15,0.05,199,0.9019351520144532,10.0566,10.0566,9.8762,10.0566
2022-10-03,162891,1793801,10.95,11.05,10.95,11.05,-0.1,91,0.9019351520144532,9.8762,9.9664,9.8762,9.9664
2022-10-04,357570,3955640,11.1,11.2,10.95,11.0,-0.05,161,0.9019351520144532,10.0115,9.9213,9.8762,10.1017
2022-10-05,364404,4035316,11.0,11.15,11.0,11.05,0.05,182,0.9019351520144532,9.9213,9.9664,9.9213,10.0566
2022-10-06,343532,3774584,11.05,11.05,10.9,11.0,-0.05,170,0.9019351520144532,9.9664,9.9213,9.8311,9.9664
2022-10-07,445931,4853120,10.9,10.95,10.85,10.9,-0.1,289,0.9019351520144532,9.8311,9.8311,9.786,9.8762
2022-10-11,467691,4976325,10.8,10.8,10.55,10.65,-0.25,287,0.9019351520144532,9.7409,9.6056,9.5154,9.7409
2022-10-12,412570,4400265,10.6,10.75,10.55,10.75,0.1,162,0.9019351520144532,9.5605,9.6958,9.5154,9.6958
2022-10-13,561817,5936925,10.7,10.7,10.4,10.5,-0.25,320,0.9019351520144532,9.6507,9.4703,9.3801,9.6507
2022-10-14,362299,3859820,10.6,10.75,10.55,10.7,0.2,179,0.9019351520144532,9.5605,9.6507,9.5154,9.6958
2022-10-17,335234,3543495,10.65,10.7,10.5,10.65,-0.05,204,0.9019351520144532,9.6056,9.6056,9.4703,9.6507
2022-10-18,891202,9708156,10.7,11.1,10.65,10.9,0.25,410,0.9019351520144532,9.6507,9.8311,9.6056,10.0115
2022-10-19,668871,7158625,10.85,10.9,10.5,10.65,-0.25,279,0.9019351520144532,9.786,9.6056,9.4703,9.8311
2022-10-20,6661511,68022645,10.6,10.65,10.1,10.1,-0.55,1057,0.9019351520144532,9.5605,9.1095,9.1095,9.6056
2022-10-21,875025,8960340,10.2,10.3,10.15,10.25,0.15,267,0.9019351520144532,9.1997,9.2448,9.1546,9.2899
2022-10-24,607632,6288015,10.4,10.4,10.25,10.4,0.15,280,0.9019351520144532,9.3801,9.3801,9.2448,9.3801
2022-10-25,733047,7642408,10.4,10.5,10.35,10.35,-0.05,362,0.9019351520144532,9.3801,9.335,9.335,9.4703
2022-10-26,543928,5635012,10.35,10.45,10.25,10.4,0.05,346,0.9019351520144532,9.335,9.3801,9.2448,9.4252
2022-10-27,430988,4533922,10.5,10.55,10.45,10.55,0.15,186,0.9019351520144532,9.4703,9.5154,9.4252,9.5154
2022-10-28,241760,2516510,10.45,10.55,10.35,10.35,-0.2,125,0.9019351520144532,9.4252,9.335,9.335,9.5154
2022-10-31,313619,3237658,10.4,10.45,10.25,10.3,-0.05,173,0.9019351520144532,9.3801,9.2899,9.2448,9.4252
2022-11-01,296209,3072103,10.3,10.45,10.25,10.35,0.05,180,0.9019351520144532,9.2899,9.335,9.2448,9.4252
2022-11-02,289422,3005792,10.35,10.45,10.3,10.4,0.05,168,0.9019351520144532,9.335,9.3801,9.2899,9.4252
2022-11-03,400763,4119262,10.3,10.35,10.25,10.25,-0.15,216,0.9019351520144532,9.2899,9.2448,9.2448,9.335
2022-11-04,403414,4134628,10.25,10.35,10.2,10.35,0.1,227,0.9019351520144532,9.2448,9.335,9.1997,9.335
2022-11-07,418983,4354711,10.35,10.45,10.35,10.4,0.05,225,0.9019351520144532,9.335,9.3801,9.335,9.4252
2022-11-08,320393,3336898,10.4,10.45,10.35,10.45,0.05,191,0.9019351520144532,9.3801,9.4252,9.335,9.4252
2022-11-09,424842,4440443,10.45,10.5,10.4,10.45,0.0,240,0.9019351520144532,9.4252,9.4252,9.3801,9.4703
2022-11-10,917352,9673469,10.45,10.85,10.35,10.8,0.35,363,0.9019351520144532,9.4252,9.7409,9.335,9.786
2022-11-11,658818,7041637,10.8,10.8,10.6,10.65,-0.15,300,0.9019351520144532,9.7409,9.6056,9.5605,9.7409
2022-11-14,990207,10599467,10.65,10.85,10.5,10.75,0.1,447,0.9019351520144532,9.6056,9.6958,9.4703,9.786
2022-11-15,604519,6475268,10.7,10.8,10.6,10.75,0.0,273,0.9019351520144532,9.6507,9.6958,9.5605,9.7409
2022-11-16,890544,9501644,10.7,10.8,10.55,10.55,-0.2,350,0.9019351520144532,9.6507,9.5154,9.5154,9.7409
2022-11-17,399033,4238786,10.55,10.7,10.5,10.7,0.15,169,0.9019351520144532,9.5154,9.6507,9.4703,9.6507
2022-11-18,536103,5701639,10.65,10.7,10.55,10.7,0.0,216,0.9019351520144532,9.6056,9.6507,9.5154,9.6507
2022-11-21,284815,3001753,10.6,10.6,10.5,10.5,-0.2,214,0.9019351520144532,9.5605,9.4703,9.4703,9.5605
2022-11-22,627611,6602390,10.5,10.6,10.45,10.6,0.1,254,0.9019351520144532,9.4703,9.5605,9.4252,9.5605
2022-11-23,215070,2276454,10.6,10.65,10.55,10.6,0.0,166,0.9019351520144532,9.5605,9.5605,9.5154,9.6056
2022-11-24,376265,4003019,10.65,10.7,10.6,10.7,0.1,199,0.9019351520144532,9.6056,9.6507,9.5605,9.6507
2022-11-25,320122,3420045,10.7,10.75,10.6,10.7,0.0,194,0.9019351520144532,9.6507,9.6507,9.5605,9.6958
2022-11-28,522972,5559195,10.6,10.7,10.55,10.7,0.0,251,0.9019351520144532,9.5605,9.6507,9.5154,9.6507
2022-11-29,440161,4684593,10.7,10.75,10.55,10.65,-0.05,190,0.9019351520144532,9.6507,9.6056,9.5154,9.6958
2022-11-30,1318858,14328452,10.7,11.0,10.7,10.95,0.3,454,0.9019351520144532,9.6507,9.8762,9.6507,9.9213
2022-12-01,686213,7520414,11.0,11.05,10.8,10.9,-0.05,335,0.9019351520144532,9.9213,9.8311,9.7409,9.9664
2022-12-02,339559,3702460,10.9,11.0,10.85,10.85,-0.05,217,0.9019351520144532,9.8311,9.786,9.786,9.9213
2022-12-05,648435,7036885,10.85,10.95,10.75,10.8,-0.05,261,0.9019351520144532,9.786,9.7409,9.6958,9.8762
2022-12-06,514154,5487875,10.75,10.85,10.6,10.6,-0.2,285,0.9019351520144532,9.6958,9.5605,9.5605,9.786
2022-12-07,303222,3222595,10.6,10.7,10.6,10.7,0.1,167,0.9019351520144532,9.5605,9.6507,9.5605,9.6507
2022-12-08,375065,3967092,10.65,10.65,10.55,10.55,-0.15,203,0.9019351520144532,9.6056,9.5154,9.5154,9.6056
2022-12-09,354367,3759847,10.6,10.65,10.55,10.65,0.1,207,0.9019351520144532,9.5605,9.6056,9.5154,9.6056
2022-12-12,338820,3596992,10.65,10.7,10.55,10.7,0.05,188,0.9019351520144532,9.6056,9.6507,9.5154,9.6507
2022-12-13,174974,1867746,10.7,10.75,10.65,10.7,0.0,135,0.9019351520144532,9.6507,9.6507,9.6056,9.6958
2022-12-14,710123,7672869,10.75,10.9,10.7,10.8,0.1,389,0.9019351520144532,9.6958,9.7409,9.6507,9.8311
2022-12-15,335127,3590539,10.8,10.8,10.7,10.7,-0.1,218,0.9019351520144532,9.7409,9.6507,9.6507,9.7409
2022-12-16,694106,7368362,10.65,10.7,10.55,10.55,-0.15,312,0.9019351520144532,9.6056,9.5154,9.5154,9.6507
2022-12-19,445166,4718527,10.55,10.65,10.55,10.6,0.05,194,0.9019351520144532,9.5154,9.5605,9.5154,9.6056
2022-12-20,561460,5914392,10.65,10.65,10.45,10.5,-0.1,288,0.9019351520144532,9.6056,9.4703,9.4252,9.6056
2022-12-21,667469,7118142,10.5,10.75,10.5,10.6,0.1,268,0.9019351520144532,9.4703,9.5605,9.4703,9.6958
2022-12-22,222002,2359102,10.65,10.7,10.6,10.65,0.05,142,0.9019351520144532,9.6056,9.6056,9.5605,9.6507
2022-12-23,445115,4704547,10.5,10.65,10.5,10.6,-0.05,239,0.9019351520144532,9.4703,9.5605,9.4703,9.6056
2022-12-26,250610,2665247,10.6,10.7,10.6,10.65,0.05,119,0.9019351520144532,9.5605,9.6056,9.5605,9.6507
2022-12-27,510674,5406861,10.65,10.7,10.5,10.55,-0.1,254,0.9019351520144532,9.6056,9.5154,9.4703,9.6507
2022-12-28,583653,6147742,10.55,10.6,10.45,10.5,-0.05,407,0.9019351520144532,9.5154,9.4703,9.4252,9.5605
2022-12-29,580262,6064345,10.45,10.5,10.4,10.45,-0.05,335,0.9019351520144532,9.4252,9.4252,9.3801,9.4703
2022-12-30,689252,7241149,10.55,10.65,10.4,10.5,0.05,301,0.9019351520144532,9.5154,9.4703,9.3801,9.6056
2023-01-03,389380,4084905,10.55,10.55,10.45,10.5,0.0,162,0.9019351520144532,9.5154,9.4703,9.4252,9.5154
2023-01-04,522051,5525455,10.55,10.65,10.5,10.65,0.15,196,0.9019351520144532,9.5154,9.6056,9.4703,9.6056
2023-01-05,991437,10629652,10.6,10.8,10.6,10.75,0.1,493,0.9019351520144532,9.5605,9.6958,9.5605,9.7409
2023-01-06,502394,5409318,10.75,10.85,10.7,10.8,0.05,277,0.9019351520144532,9.6958,9.7409,9.6507,9.786
2023-01-09,771507,8383077,10.85,10.95,10.8,10.9,0.1,377,0.9019351520144532,9.786,9.8311,9.7409,9.8762
2023-01-10,1516427,16739662,10.95,11.15,10.95,11.1,0.2,539,0.9019351520144532,9.8762,10.0115,9.8762,10.0566
2023-01-11,3557417,40101171,11.1,11.45,11.0,11.25,0.15,828,0.9019351520144532,10.0115,10.1468,9.9213,10.3272
2023-01-12,2388441,27157356,11.25,11.45,11.15,11.35,0.1,612,0.9019351520144532,10.1468,10.237,10.0566,10.3272
2023-01-13,841995,9389830,11.35,11.35,11.05,11.15,-0.2,399,0.9019351520144532,10.237,10.0566,9.9664,10.237
2023-01-16,699237,7705670,11.1,11.1,10.95,11.0,-0.15,294,0.9019351520144532,10.0115,9.9213,9.8762,10.0115
2023-01-17,418193,4579378,11.0,11.05,10.9,10.95,-0.05,263,0.9019351520144532,9.9213,9.8762,9.8311,9.9664
2023-01-30,486702,5375535,11.0,11.1,11.0,11.0,0.05,302,0.9019351520144532,9.9213,9.9213,9.9213,10.0115
2023-01-31,786093,8776460,11.1,11.25,11.05,11.15,0.15,466,0.9019351520144532,10.0115,10.0566,9.9664,10.1468
2023-02-01,550038,6140683,11.25,11.25,11.1,11.15,0.0,254,0.9019351520144532,10.1468,10.0566,10.0115,10.1468
2023-02-02,990641,11188433,11.2,11.4,11.15,11.3,0.15,439,0.9019351520144532,10.1017,10.1919,10.0566,10.2821
2023-02-03,1321704,15051597,11.3,11.5,11.2,11.5,0.2,659,0.9019351520144532,10.1919,10.3723,10.1017,10.3723
2023-02-06,965545,11023306,11.45,11.5,11.35,11.45,-0.05,496,0.9019351520144532,10.3272,10.3272,10.237,10.3723
2023-02-07,666974,7616296,11.45,11.5,11.35,11.4,-0.05,460,0.9019351520144532,10.3272,10.2821,10.237,10.3723
2023-02-08,1150894,13180105,11.35,11.55,11.3,11.5,0.1,485,0.9019351520144532,10.237,10.3723,10.1919,10.4174
2023-02-09,672123,7764358,11.45,11.6,11.45,11.55,0.05,444,0.9019351520144532,10.3272,10.4174,10.3272,10.4624
2023-02-10,887970,10167827,11.55,11.55,11.35,11.45,-0.1,446,0.9019351520144532,10.4174,10.3272,10.237,10.4174
2023-02-13,689499,7897062,11.45,11.5,11.35,11.45,0.0,418,0.9019351520144532,10.3272,10.3272,10.237,10.3723
2023-02-14,434347,4987394,11.5,11.55,11.4,11.5,0.05,316,0.9019351520144532,10.3723,10.3723,10.2821,10.4174
2023-02-15,734081,8432126,11.5,11.6,11.4,11.5,0.0,348,0.9019351520144532,10.3723,10.3723,10.2821,10.4624
2023-02-16,536282,6130616,11.5,11.5,11.35,11.4,-0.1,283,0.9019351520144532,10.3723,10.2821,10.237,10.3723
2023-02-17,298963,3395639,11.4,11.45,11.3,11.35,-0.05,207,0.9019351520144532,10.2821,10.237,10.1919,10.3272
2023-02-20,537829,6147645,11.4,11.5,11.3,11.5,0.15,303,0.9019351520144532,10.2821,10.3723,10.1919,10.3723
2023-02-21,278779,3183709,11.45,11.45,11.4,11.4,-0.1,162,0.9019351520144532,10.3272,10.2821,10.2821,10.3272
2023-02-22,426913,4846403,11.35,11.4,11.3,11.4,0.0,271,0.9019351520144532,10.237,10.2821,10.1919,10.2821
2023-02-23,659713,7551924,11.4,11.5,11.4,11.4,0.0,327,0.9019351520144532,10.2821,10.2821,10.2821,10.3723
2023-02-24,396462,4533402,11.45,11.5,11.35,11.5,0.1,214,0.9019351520144532,10.3272,10.3723,10.237,10.3723
2023-03-01,406840,4626221,11.4,11.45,11.35,11.4,-0.1,253,0.9019351520144532,10.2821,10.2821,10.237,10.3272
2023-03-02,317880,3613666,11.4,11.4,11.3,11.4,0.0,150,0.9019351520144532,10.2821,10.2821,10.1919,10.2821
2023-03-03,467515,5302699,11.4,11.4,11.25,11.35,-0.05,269,0.9019351520144532,10.2821,10.237,10.1468,10.2821
2023-03-06,712041,8114800,11.4,11.5,11.3,11.45,0.1,316,0.9019351520144532,10.2821,10.3272,10.1919,10.3723
2023-03-07,678921,7794992,11.45,11.55,11.35,11.55,0.1,282,0.9019351520144532,10.3272,10.4174,10.237,10.4174
2023-03-08,503312,5816816,11.45,11.6,11.45,11.6,0.05,301,0.9019351520144532,10.3272,10.4624,10.3272,10.4624
2023-03-09,880799,10319045,11.6,11.8,11.6,11.7,0.1,448,0.9019351520144532,10.4624,10.5526,10.4624,10.6428
2023-03-10,775933,8995533,11.7,11.75,11.5,11.6,-0.1,466,0.9019351520144532,10.5526,10.4624,10.3723,10.5977
2023-03-13,732758,8514176,11.55,11.7,11.45,11.7,0.1,357,0.9019351520144532,10.4174,10.5526,10.3272,10.5526
2023-03-14,485736,5647576,11.65,11.7,11.55,11.55,-0.15,169,0.9019351520144532,10.5075,10.4174,10.4174,10.5526
2023-03-15,471147,5439591,11.6,11.6,11.5,11.55,0.0,293,0.9019351520144532,10.4624,10.4174,10.3723,10.4624
2023-03-16,932061,10662616,11.5,11.5,11.35,11.4,-0.15,248,0.9019351520144532,10.3723,10.2821,10.237,10.3723
2023-03-17,635176,7303366,11.45,11.55,11.4,11.55,0.15,204,0.9019351520144532,10.3272,10.4174,10.2821,10.4174
2023-03-20,436820,5023751,11.55,11.55,11.45,11.5,-0.05,142,0.9019351520144532,10.4174,10.3723,10.3272,10.4174
2023-03-21,291947,3368443,11.55,11.6,11.5,11.55,0.05,132,0.9019351520144532,10.4174,10.4174,10.3723,10.4624
2023-03-22,347607,4016435,11.6,11.6,11.55,11.55,0.0,148,0.9019351520144532,10.4624,10.4174,10.4174,10.4624
2023-03-23,499044,5801994,11.55,11.7,11.55,11.65,0.1,242,0.9019351520144532,10.4174,10.5075,10.4174,10.5526
2023-03-24,197543,2297303,11.65,11.7,11.6,11.7,0.05,114,0.9019351520144532,10.5075,10.5526,10.4624,10.5526
2023-03-27,416937,4822080,11.7,11.7,11.5,11.55,-0.15,186,0.9019351520144532,10.5526,10.4174,10.3723,10.5526
2023-03-28,298860,3462315,11.55,11.65,11.55,11.6,0.05,174,0.9019351520144532,10.4174,10.4624,10.4174,10.5075
2023-03-29,272841,3155731,11.65,11.65,11.5,11.55,-0.05,149,0.9019351520144532,10.5075,10.4174,10.3723,10.5075
2023-03-30,232333,2696336,11.6,11.65,11.55,11.6,0.05,137,0.9019351520144532,10.4624,10.4624,10.4174,10.5075
2023-03-31,524212,6137819,11.65,11.75,11.65,11.7,0.1,293,0.9019351520144532,10.5075,10.5526,10.5075,10.5977
2023-04-06,661044,7788968,11.7,11.85,11.6,11.85,0.15,407,0.9019351520144532,10.5526,10.6879,10.4624,10.6879
2023-04-07,402530,4751464,11.85,11.85,11.75,11.85,0.0,188,0.9019351520144532,10.6879,10.6879,10.5977,10.6879
2023-04-10,503285,5886347,11.85,11.85,11.65,11.7,-0.15,247,0.9019351520144532,10.6879,10.5526,10.5075,10.6879
2023-04-11,425464,4964419,11.7,11.75,11.6,11.65,-0.05,219,0.9019351520144532,10.5526,10.5075,10.4624,10.5977
2023-04-12,451616,5283861,11.65,11.75,11.6,11.75,0.1,287,0.9019351520144532,10.5075,10.5977,10.4624,10.5977
2023-04-13,794128,9327593,11.75,11.8,11.65,11.8,0.05,291,0.9019351520144532,10.5977,10.6428,10.5075,10.6428
2023-04-14,595724,7030433,11.8,11.9,11.7,11.8,0.0,286,0.9019351520144532,10.6428,10.6428,10.5526,10.733
2023-04-17,366612,4312475,11.75,11.85,11.7,11.8,0.0,193,0.9019351520144532,10.5977,10.6428,10.5526,10.6879
2023-04-18,171827,2016620,11.8,11.8,11.7,11.75,-0.05,102,0.9019351520144532,10.6428,10.5977,10.5526,10.6428
2023-04-19,668567,7815497,11.75,11.8,11.6,11.7,-0.05,332,0.9019351520144532,10.5977,10.5526,10.4624,10.6428
2023-04-20,355114,4142260,11.65,11.75,11.6,11.7,0.0,137,0.9019351520144532,10.5075,10.5526,10.4624,10.5977
2023-04-21,745463,8616615,11.65,11.65,11.5,11.55,-0.15,387,0.9019351520144532,10.5075,10.4174,10.3723,10.5075
2023-04-24,314378,3633761,11.55,11.65,11.5,11.65,0.1,151,0.9019351520144532,10.4174,10.5075,10.3723,10.5075
2023-04-25,305319,3538845,11.7,11.7,11.5,11.6,-0.05,157,0.9019351520144532,10.5526,10.4624,10.3723,10.5526
2023-04-26,539380,6296357,11.6,11.75,11.55,11.75,0.15,354,0.9019351520144532,10.4624,10.5977,10.4174,10.5977
2023-04-27,186184,2179446,11.75,11.75,11.6,11.75,0.0,116,0.9019351520144532,10.5977,10.5977,10.4624,10.5977
2023-04-28,2031128,24338415,11.75,12.3,11.75,12.0,0.25,569,0.9019351520144532,10.5977,10.8232,10.5977,11.0938
2023-05-02,581985,6999367,12.0,12.05,11.95,12.05,0.05,356,0.9019351520144532,10.8232,10.8683,10.7781,10.8683
2023-05-03,560577,6764257,12.05,12.1,12.0,12.1,0.05,270,0.9019351520144532,10.8683,10.9134,10.8232,10.9134
2023-05-04,538910,6542881,12.0,12.2,12.0,12.2,0.1,287,0.9019351520144532,10.8232,11.0036,10.8232,11.0036
2023-05-05,619828,7589562,12.15,12.3,12.15,12.25,0.05,371,0.9019351520144532,10.9585,11.0487,10.9585,11.0938
2023-05-08,813103,10071266,12.25,12.5,12.25,12.4,0.15,447,0.9019351520144532,11.0487,11.184,11.0487,11.2742
2023-05-09,754385,9167850,12.3,12.35,12.0,12.0,-0.4,366,0.9019351520144532,11.0938,10.8232,10.8232,11.1389
2023-05-10,342372,4140230,12.05,12.15,12.0,12.15,0.15,196,0.9019351520144532,10.8683,10.9585,10.8232,10.9585
2023-05-11,610979,7318473,12.15,12.15,11.9,11.95,-0.2,231,0.9019351520144532,10.9585,10.7781,10.733,10.9585
2023-05-12,221353,2641649,11.95,12.0,11.85,12.0,0.05,154,0.9019351520144532,10.7781,10.8232,10.6879,10.8232
2023-05-15,892315,10799131,11.95,12.25,11.9,12.1,0.1,274,0.9019351520144532,10.7781,10.9134,10.733,11.0487
2023-05-16,616503,7402086,12.05,12.1,11.9,11.9,-0.2,370,0.9019351520144532,10.8683,10.733,10.733,10.9134
2023-05-17,1513944,18470668,11.95,12.35,11.9,12.3,0.4,1136,0.9019351520144532,10.7781,11.0938,10.733,11.1389
2023-05-18,688954,8378682,12.35,12.35,12.05,12.15,-0.15,364,0.9019351520144532,11.1389,10.9585,10.8683,11.1389
2023-05-19,447194,5391757,12.2,12.2,12.0,12.1,-0.05,294,0.9019351520144532,11.0036,10.9134,10.8232,11.0036
2023-05-22,733327,8814450,12.1,12.1,11.95,12.1,0.0,332,0.9019351520144532,10.9134,10.9134,10.7781,10.9134
2023-05-23,353557,4274357,12.1,12.2,12.0,12.1,0.0,237,0.9019351520144532,10.9134,10.9134,10.8232,11.0036
2023-05-24,631451,7626944,12.05,12.2,12.0,12.2,0.1,387,0.9019351520144532,10.8683,11.0036,10.8232,11.0036
2023-05-25,718594,8639536,12.25,12.25,11.95,12.0,-0.2,324,0.9019351520144532,11.0487,10.8232,10.7781,11.0487
2023-05-26,858219,10229223,11.95,12.0,11.85,11.95,-0.05,373,0.9019351520144532,10.7781,10.7781,10.6879,10.8232
2023-05-29,759853,9034259,11.9,11.95,11.85,11.95,0.0,321,0.9019351520144532,10.733,10.7781,10.6879,10.7781
2023-05-30,216446,2570708,11.95,11.95,11.85,11.9,-0.05,152,0.9019351520144532,10.7781,10.733,10.6879,10.7781
2023-05-31,1101616,13258409,11.9,12.1,11.8,12.1,0.2,519,0.9019351520144532,10.733,10.9134,10.6428,10.9134
2023-06-01,995271,11835973,12.0,12.1,11.8,11.9,-0.2,474,0.9019351520144532,10.8232,10.733,10.6428,10.9134
2023-06-02,508241,6038454,11.85,11.95,11.8,11.95,0.05,250,0.9019351520144532,10.6879,10.7781,10.6428,10.7781
2023-06-05,424293,5069678,11.9,12.0,11.9,12.0,0.05,222,0.9019351520144532,10.733,10.8232,10.733,10.8232
2023-06-06,342550,4095812,12.0,12.0,11.9,12.0,0.0,192,0.9019351520144532,10.8232,10.8232,10.733,10.8232
2023-06-07,497288,5967636,11.95,12.05,11.95,12.05,0.05,380,0.9019351520144532,10.7781,10.8683,10.7781,10.8683
2023-06-08,298607,3579785,12.0,12.05,11.95,12.0,-0.05,162,0.9019351520144532,10.8232,10.8232,10.7781,10.8683
2023-06-09,347019,4167841,11.95,12.05,11.95,12.05,0.05,199,0.9019351520144532,10.7781,10.8683,10.7781,10.8683
2023-06-12,400945,4800773,12.0,12.0,11.9,12.0,-0.05,206,0.9019351520144532,10.8232,10.8232,10.733,10.8232
2023-06-13,573168,6872022,11.9,12.05,11.9,12.0,0.0,299,0.9019351520144532,10.733,10.8232,10.733,10.8683
2023-06-14,408917,4907714,12.0,12.05,11.95,12.0,0.0,309,0.9019351520144532,10.8232,10.8232,10.7781,10.8683
2023-06-15,208258,2493294,12.0,12.0,11.95,12.0,0.0,116,0.9019351520144532,10.8232,10.8232,10.7781,10.8232
2023-06-16,651069,7820877,12.0,12.05,11.95,12.05,0.05,276,0.9019351520144532,10.8232,10.8683,10.7781,10.8683
2023-06-19,227328,2731779,12.0,12.05,12.0,12.05,0.0,119,0.9019351520144532,10.8232,10.8683,10.8232,10.8683
2023-06-20,235612,2830949,12.05,12.05,11.95,12.05,0.0,137,0.9019351520144532,10.8683,10.8683,10.7781,10.8683
2023-06-21,643230,7735940,12.05,12.1,11.95,12.1,0.05,404,0.9019351520144532,10.8683,10.9134,10.7781,10.9134
2023-06-26,377806,4535408,12.0,12.05,11.95,12.05,-0.05,203,0.9019351520144532,10.8232,10.8683,10.7781,10.8683
2023-06-27,336559,4042108,12.05,12.05,11.95,12.05,0.0,162,0.9019351520144532,10.8683,10.8683,10.7781,10.8683
2023-06-28,470519,5671909,12.0,12.1,12.0,12.0,-0.05,189,0.9019351520144532,10.8232,10.8232,10.8232,10.9134
2023-06-29,601751,7263888,12.1,12.15,12.0,12.05,0.05,220,0.9019351520144532,10.9134,10.8683,10.8232,10.9585
2023-06-30,308859,3704269,12.0,12.05,11.95,12.0,-0.05,165,0.9019351520144532,10.8232,10.8232,10.7781,10.8683
2023-07-03,762271,9187459,12.0,12.15,11.95,12.1,0.1,333,0.9019351520144532,10.8232,10.9134,10.7781,10.9585
2023-07-04,227776,2738648,12.05,12.1,12.0,12.0,-0.1,123,0.9019351520144532,10.8683,10.8232,10.8232,10.9134
2023-07-05,691387,8267326,11.95,12.0,11.9,12.0,0.0,333,0.9019351520144532,10.7781,10.8232,10.733,10.8232
2023-07-06,781550,9278373,11.95,11.95,11.8,11.85,-0.15,386,0.9019351520144532,10.7781,10.6879,10.6428,10.7781
2023-07-07,704749,8288190,11.8,11.8,11.7,11.75,-0.1,369,0.9019351520144532,10.6428,10.5977,10.5526,10.6428
2023-07-10,955696,11199589,11.7,11.8,11.65,11.75,0.0,464,0.9019351520144532,10.5526,10.5977,10.5075,10.6428
2023-07-11,413098,4864990,11.75,11.85,11.7,11.85,0.1,192,0.9019351520144532,10.5977,10.6879,10.5526,10.6879
2023-07-12,449351,5273881,11.75,11.85,11.7,11.7,-0.15,262,0.9019351520144532,10.5977,10.5526,10.5526,10.6879
2023-07-13,281793,3308351,11.8,11.8,11.7,11.7,0.0,194,0.9019351520144532,10.6428,10.5526,10.5526,10.6428
2023-07-14,305604,3616676,11.75,11.9,11.75,11.85,0.15,215,0.9019351520144532,10.5977,10.6879,10.5977,10.733
2023-07-17,379689,4509808,11.85,11.9,11.85,11.85,0.0,188,0.9019351520144532,10.6879,10.6879,10.6879,10.733
2023-07-18,295513,3488085,11.8,11.85,11.75,11.8,-0.05,130,0.9019351520144532,10.6428,10.6428,10.5977,10.6879
2023-07-19,312099,3679921,11.8,11.85,11.75,11.8,0.0,166,0.9019351520144532,10.6428,10.6428,10.5977,10.6879
2023-07-20,188942,2230016,11.8,11.85,11.75,11.85,0.05,110,0.9019351520144532,10.6428,10.6879,10.5977,10.6879
2023-07-21,261333,3078840,11.8,11.85,11.75,11.8,-0.05,154,0.9019351520144532,10.6428,10.6428,10.5977,10.6879
2023-07-24,385553,4547386,11.8,11.8,11.75,11.8,0.0,177,0.9019351520144532,10.6428,10.6428,10.5977,10.6428
2023-07-25,508297,6018811,11.85,11.9,11.75,11.85,0.05,212,0.9019351520144532,10.6879,10.6879,10.5977,10.733
2023-07-26,897494,10707506,11.85,12.0,11.85,11.95,0.1,334,0.9019351520144532,10.6879,10.7781,10.6879,10.8232
2023-07-27,711539,8218475,11.55,11.65,11.5,11.55,0.0,334,0.9413209665129009,10.8723,10.8723,10.8252,10.9664
2023-07-28,285841,3285454,11.55,11.55,11.45,11.5,-0.05,164,0.9413209665129009,10.8723,10.8252,10.7781,10.8723
2023-07-31,728055,8428431,11.5,11.7,11.45,11.45,-0.05,351,0.9413209665129009,10.8252,10.7781,10.7781,11.0135
2023-08-01,733735,8397139,11.5,11.55,11.4,11.5,0.05,249,0.9413209665129009,10.8252,10.8252,10.7311,10.8723
2023-08-02,586042,6702036,11.5,11.5,11.35,11.45,-0.05,363,0.9413209665129009,10.8252,10.7781,10.684,10.8252
2023-08-04,394572,4513277,11.35,11.5,11.35,11.45,0.0,244,0.9413209665129009,10.684,10.7781,10.684,10.8252
2023-08-07,186545,2129489,11.4,11.45,11.4,11.45,0.0,147,0.9413209665129009,10.7311,10.7781,10.7311,10.7781
2023-08-08,620777,7055367,11.45,11.45,11.3,11.35,-0.1,315,0.9413209665129009,10.7781,10.684,10.6369,10.7781
2023-08-09,280457,3179948,11.35,11.4,11.3,11.35,0.0,148,0.9413209665129009,10.684,10.684,10.6369,10.7311
2023-08-10,501556,5643533,11.35,11.35,11.2,11.2,-0.15,187,0.9413209665129009,10.684,10.5428,10.5428,10.684
2023-08-11,180375,2036227,11.2,11.35,11.2,11.3,0.1,145,0.9413209665129009,10.5428,10.6369,10.5428,10.684
2023-08-14,337289,3772880,11.3,11.3,11.15,11.15,-0.15,200,0.9413209665129009,10.6369,10.4957,10.4957,10.6369
2023-08-15,197766,2225134,11.2,11.3,11.15,11.2,0.05,144,0.9413209665129009,10.5428,10.5428,10.4957,10.6369
2023-08-16,288611,3202725,11.2,11.2,11.05,11.1,-0.1,176,0.9413209665129009,10.5428,10.4487,10.4016,10.5428
2023-08-17,427236,4705272,11.05,11.1,10.95,11.05,-0.05,253,0.9413209665129009,10.4016,10.4016,10.3075,10.4487
2023-08-18,231977,2559936,11.0,11.1,11.0,11.1,0.05,169,0.9413209665129009,10.3545,10.4487,10.3545,10.4487
2023-08-21,326923,3593076,11.1,11.1,10.95,10.95,-0.15,201,0.9413209665129009,10.4487,10.3075,10.3075,10.4487
2023-08-22,171283,1887935,11.0,11.1,10.95,11.05,0.1,121,0.9413209665129009,10.3545,10.4016,10.3075,10.4487
2023-08-23,299824,3292153,10.95,11.05,10.95,11.0,-0.05,142,0.9413209665129009,10.3075,10.3545,10.3075,10.4016
2023-08-24,236113,2586564,11.0,11.0,10.9,11.0,0.0,173,0.9413209665129009,10.3545,10.3545,10.2604,10.3545
2023-08-25,214921,2352539,10.9,11.0,10.9,10.95,-0.05,148,0.9413209665129009,10.2604,10.3075,10.2604,10.3545
2023-08-28,338506,3697036,10.9,11.0,10.9,10.9,-0.05,177,0.9413209665129009,10.2604,10.2604,10.2604,10.3545
2023-08-29,270717,2961728,10.9,11.0,10.85,11.0,0.1,160,0.9413209665129009,10.2604,10.3545,10.2133,10.3545
2023-08-30,946891,10337357,11.05,11.05,10.85,10.95,-0.05,366,0.9413209665129009,10.4016,10.3075,10.2133,10.4016
2023-08-31,5568852,58640965,10.95,11.0,10.5,10.5,-0.45,684,0.9413209665129009,10.3075,9.8839,9.8839,10.3545
2023-09-01,4148158,43866112,10.55,10.65,10.5,10.55,0.05,1110,0.9413209665129009,9.9309,9.9309,9.8839,10.0251
2023-09-04,1448887,15430843,10.6,10.75,10.6,10.7,0.15,486,0.9413209665129009,9.978,10.0721,9.978,10.1192
2023-09-05,734371,7963894,10.75,10.95,10.7,10.85,0.15,404,0.9413209665129009,10.1192,10.2133,10.0721,10.3075
2023-09-06,550811,5948746,10.85,10.9,10.7,10.8,-0.05,357,0.9413209665129009,10.2133,10.1663,10.0721,10.2604
2023-09-07,399850,4298319,10.7,10.8,10.7,10.75,-0.05,251,0.9413209665129009,10.0721,10.1192,10.0721,10.1663
2023-09-08,432681,4653364,10.75,10.8,10.7,10.8,0.05,243,0.9413209665129009,10.1192,10.1663,10.0721,10.1663
2023-09-11,792871,8474807,10.7,10.8,10.6,10.75,-0.05,404,0.9413209665129009,10.0721,10.1192,9.978,10.1663
2023-09-12,365882,3946777,10.75,10.85,10.7,10.8,0.05,188,0.9413209665129009,10.1192,10.1663,10.0721,10.2133
2023-09-13,242085,2618667,10.75,10.85,10.75,10.8,0.0,164,0.9413209665129009,10.1192,10.1663,10.1192,10.2133
2023-09-14,267328,2898791,10.85,10.9,10.8,10.85,0.05,166,0.9413209665129009,10.2133,10.2133,10.1663,10.2604
2023-09-15,281110,3054314,10.85,10.9,10.8,10.9,0.05,155,0.9413209665129009,10.2133,10.2604,10.1663,10.2604
2023-09-18,154523,1671996,10.85,10.9,10.8,10.8,-0.1,161,0.9413209665129009,10.2133,10.1663,10.1663,10.2604
2023-09-19,208699,2261017,10.8,10.9,10.8,10.8,0.0,153,0.9413209665129009,10.1663,10.1663,10.1663,10.2604
2023-09-20,254084,2761313,10.9,10.9,10.8,10.9,0.1,175,0.9413209665129009,10.2604,10.2604,10.1663,10.2604
2023-09-21,310485,3350287,10.8,10.85,10.75,10.75,-0.15,195,0.9413209665129009,10.1663,10.1192,10.1192,10.2133
2023-09-22,211424,2275374,10.75,10.8,10.7,10.75,0.0,159,0.9413209665129009,10.1192,10.1192,10.0721,10.1663
2023-09-25,251033,2700146,10.75,10.8,10.7,10.8,0.05,176,0.9413209665129009,10.1192,10.1663,10.0721,10.1663
2023-09-26,426920,4563200,10.7,10.75,10.65,10.65,-0.15,275,0.9413209665129009,10.0721,10.0251,10.0251,10.1192
2023-09-27,417483,4452592,10.65,10.7,10.6,10.65,0.0,270,0.9413209665129009,10.0251,10.0251,9.978,10.0721
2023-09-28,177431,1894415,10.7,10.75,10.65,10.7,0.05,136,0.9413209665129009,10.0721,10.0721,10.0251,10.1192
2023-10-02,704711,7510628,10.65,10.7,10.65,10.7,0.0,209,0.9413209665129009,10.0251,10.0721,10.0251,10.0721
2023-10-03,244761,2615829,10.7,10.7,10.65,10.7,0.0,144,0.9413209665129009,10.0721,10.0721,10.0251,10.0721
2023-10-04,302649,3213188,10.65,10.65,10.6,10.6,-0.1,202,0.9413209665129009,10.0251,9.978,9.978,10.0251
2023-10-05,227835,2420033,10.6,10.65,10.6,10.65,0.05,175,0.9413209665129009,9.978,10.0251,9.978,10.0251
2023-10-06,230195,2445539,10.6,10.65,10.6,10.65,0.0,163,0.9413209665129009,9.978,10.0251,9.978,10.0251
2023-10-11,714964,7634795,10.65,10.75,10.65,10.75,0.1,305,0.9413209665129009,10.0251,10.1192,10.0251,10.1192
2023-10-12,590330,6321649,10.7,10.75,10.65,10.75,0.0,149,0.9413209665129009,10.0721,10.1192,10.0251,10.1192
2023-10-13,250250,2684156,10.7,10.75,10.7,10.75,0.0,147,0.9413209665129009,10.0721,10.1192,10.0721,10.1192
2023-10-16,316441,3388814,10.75,10.75,10.65,10.75,0.0,150,0.9413209665129009,10.1192,10.1192,10.0251,10.1192
2023-10-17,202698,2172263,10.7,10.75,10.7,10.7,-0.05,118,0.9413209665129009,10.0721,10.0721,10.0721,10.1192
2023-10-18,355373,3820193,10.75,10.8,10.7,10.8,0.1,274,0.9413209665129009,10.1192,10.1663,10.0721,10.1663
2023-10-19,226237,2425171,10.8,10.8,10.7,10.7,-0.1,131,0.9413209665129009,10.1663,10.0721,10.0721,10.1663
2023-10-20,384544,4078105,10.75,10.75,10.55,10.6,-0.1,218,0.9413209665129009,10.1192,9.978,9.9309,10.1192
2023-10-23,329220,3512988,10.75,10.75,10.6,10.7,0.1,179,0.9413209665129009,10.1192,10.0721,9.978,10.1192
2023-10-24,184789,1974588,10.7,10.75,10.65,10.7,0.0,147,0.9413209665129009,10.0721,10.0721,10.0251,10.1192
2023-10-25,206448,2211079,10.7,10.75,10.65,10.75,0.05,123,0.9413209665129009,10.0721,10.1192,10.0251,10.1192
2023-10-26,293421,3133663,10.7,10.75,10.65,10.75,0.0,168,0.9413209665129009,10.0721,10.1192,10.0251,10.1192
2023-10-27,327939,3510507,10.75,10.75,10.65,10.7,-0.05,123,0.9413209665129009,10.1192,10.0721,10.0251,10.1192
2023-10-30,419053,4507991,10.8,10.8,10.7,10.8,0.1,202,0.9413209665129009,10.1663,10.1663,10.0721,10.1663
2023-10-31,177693,1901506,10.8,10.8,10.65,10.65,-0.15,142,0.9413209665129009,10.1663,10.0251,10.0251,10.1663
2023-11-01,142517,1523828,10.7,10.75,10.65,10.7,0.05,92,0.9413209665129009,10.0721,10.0721,10.0251,10.1192
2023-11-02,194004,2078084,10.75,10.8,10.7,10.7,0.0,126,0.9413209665129009,10.1192,10.0721,10.0721,10.1663
2023-11-03,191156,2057832,10.75,10.8,10.7,10.8,0.1,124,0.9413209665129009,10.1192,10.1663,10.0721,10.1663
2023-11-06,360602,3880479,10.8,10.8,10.7,10.8,0.0,158,0.9413209665129009,10.1663,10.1663,10.0721,10.1663
2023-11-07,313438,3372696,10.8,10.8,10.75,10.8,0.0,135,0.9413209665129009,10.1663,10.1663,10.1192,10.1663
2023-11-08,288423,3113910,10.8,10.85,10.75,10.8,0.0,158,0.9413209665129009,10.1663,10.1663,10.1192,10.2133
2023-11-09,206741,2234027,10.85,10.85,10.75,10.85,0.05,146,0.9413209665129009,10.2133,10.2133,10.1192,10.2133
2023-11-10,195146,2106623,10.75,10.85,10.75,10.85,0.0,127,0.9413209665129009,10.1192,10.2133,10.1192,10.2133
2023-11-13,397042,4273566,10.85,10.85,10.7,10.8,-0.05,189,0.9413209665129009,10.2133,10.1663,10.0721,10.2133
2023-11-14,1021318,10969599,10.8,10.8,10.65,10.75,-0.05,278,0.9413209665129009,10.1663,10.1192,10.0251,10.1663
2023-11-15,920228,9923784,10.8,10.9,10.7,10.8,0.05,499,0.9413209665129009,10.1663,10.1663,10.0721,10.2604
2023-11-16,450978,4873548,10.85,10.85,10.75,10.85,0.05,195,0.9413209665129009,10.2133,10.2133,10.1192,10.2133
2023-11-17,441824,4796228,10.9,10.9,10.8,10.85,0.0,197,0.9413209665129009,10.2604,10.2133,10.1663,10.2604
2023-11-20,847373,9257964,10.9,11.0,10.85,10.95,0.1,352,0.9413209665129009,10.2604,10.3075,10.2133,10.3545
2023-11-21,849041,9407185,11.0,11.15,11.0,11.1,0.15,440,0.9413209665129009,10.3545,10.4487,10.3545,10.4957
2023-11-22,458142,5095904,11.15,11.15,11.05,11.15,0.05,254,0.9413209665129009,10.4957,10.4957,10.4016,10.4957
2023-11-23,400655,4458681,11.1,11.2,11.05,11.2,0.05,189,0.9413209665129009,10.4487,10.5428,10.4016,10.5428
2023-11-24,188020,2096526,11.2,11.2,11.1,11.2,0.0,131,0.9413209665129009,10.5428,10.5428,10.4487,10.5428
2023-11-27,357103,3958006,11.2,11.2,11.05,11.05,-0.15,185,0.9413209665129009,10.5428,10.4016,10.4016,10.5428
2023-11-28,477347,5296609,11.05,11.15,11.05,11.1,0.05,222,0.9413209665129009,10.4016,10.4487,10.4016,10.4957
2023-11-29,455312,5073708,11.15,11.2,11.1,11.1,0.0,205,0.9413209665129009,10.4957,10.4487,10.4487,10.5428
2023-11-30,886058,9797989,11.1,11.15,11.0,11.05,-0.05,335,0.9413209665129009,10.4487,10.4016,10.3545,10.4957
2023-12-01,384067,4254688,11.05,11.1,11.0,11.1,0.05,238,0.9413209665129009,10.4016,10.4487,10.3545,10.4487
2023-12-04,407553,4536244,11.15,11.2,11.1,11.1,0.0,193,0.9413209665129009,10.4957,10.4487,10.4487,10.5428
2023-12-05,362790,4040567,11.15,11.2,11.05,11.2,0.1,183,0.9413209665129009,10.4957,10.5428,10.4016,10.5428
2023-12-06,774875,8712414,11.2,11.3,11.15,11.3,0.1,342,0.9413209665129009,10.5428,10.6369,10.4957,10.6369
2023-12-07,625253,7016322,11.25,11.3,11.15,11.25,-0.05,294,0.9413209665129009,10.5899,10.5899,10.4957,10.6369
2023-12-08,394066,4412925,11.25,11.25,11.15,11.2,-0.05,180,0.9413209665129009,10.5899,10.5428,10.4957,10.5899
2023-12-11,499895,5589102,11.2,11.2,11.15,11.2,0.0,171,0.9413209665129009,10.5428,10.5428,10.4957,10.5428
2023-12-12,654223,7285915,11.25,11.25,11.1,11.15,-0.05,253,0.9413209665129009,10.5899,10.4957,10.4487,10.5899
2023-12-13,909080,10109812,11.15,11.2,11.05,11.15,0.0,399,0.9413209665129009,10.4957,10.4957,10.4016,10.5428
2023-12-14,1595638,18021522,11.2,11.4,11.15,11.3,0.15,769,0.9413209665129009,10.5428,10.6369,10.4957,10.7311
2023-12-15,1856324,20913694,11.3,11.4,11.2,11.2,-0.1,673,0.9413209665129009,10.6369,10.5428,10.5428,10.7311
2023-12-18,476011,5333980,11.2,11.25,11.15,11.25,0.05,262,0.9413209665129009,10.5428,10.5899,10.4957,10.5899
2023-12-19,815868,9103626,11.25,11.25,11.1,11.15,-0.1,268,0.9413209665129009,10.5899,10.4957,10.4487,10.5899
2023-12-20,497909,5574203,11.2,11.25,11.15,11.25,0.1,316,0.9413209665129009,10.5428,10.5899,10.4957,10.5899
2023-12-21,708667,7925987,11.2,11.25,11.15,11.2,-0.05,315,0.9413209665129009,10.5428,10.5428,10.4957,10.5899
2023-12-22,531357,5942276,11.2,11.25,11.15,11.2,0.0,252,0.9413209665129009,10.5428,10.5428,10.4957,10.5899
2023-12-25,333276,3736499,11.2,11.25,11.15,11.2,0.0,147,0.9413209665129009,10.5428,10.5428,10.4957,10.5899
2023-12-26,683675,7657143,11.2,11.25,11.15,11.2,0.0,257,0.9413209665129009,10.5428,10.5428,10.4957,10.5899
2023-12-27,934660,10448756,11.2,11.25,11.15,11.15,-0.05,361,0.9413209665129009,10.5428,10.4957,10.4957,10.5899
2023-12-28,913723,10183589,11.15,11.2,11.1,11.15,0.0,329,0.9413209665129009,10.4957,10.4957,10.4487,10.5428
2023-12-29,1201865,13391592,11.15,11.2,11.1,11.1,-0.05,268,0.9413209665129009,10.4957,10.4487,10.4487,10.5428
2024-01-02,1006976,11301302,11.15,11.3,11.1,11.3,0.2,347,0.9413209665129009,10.4957,10.6369,10.4487,10.6369
2024-01-03,847000,9466718,11.25,11.3,11.1,11.15,-0.15,323,0.9413209665129009,10.5899,10.4957,10.4487,10.6369
2024-01-04,380841,4236632,11.15,11.15,11.1,11.15,0.0,196,0.9413209665129009,10.4957,10.4957,10.4487,10.4957
2024-01-05,810858,9056121,11.15,11.2,11.1,11.15,0.0,303,0.9413209665129009,10.4957,10.4957,10.4487,10.5428
2024-01-08,472663,5276756,11.2,11.25,11.15,11.15,0.0,230,0.9413209665129009,10.5428,10.4957,10.4957,10.5899
2024-01-09,546775,6086477,11.2,11.2,11.1,11.1,-0.05,175,0.9413209665129009,10.5428,10.4487,10.4487,10.5428
2024-01-10,933794,10323234,11.1,11.15,11.0,11.0,-0.1,285,0.9413209665129009,10.4487,10.3545,10.3545,10.4957
2024-01-11,317898,3506761,11.05,11.05,11.0,11.05,0.05,204,0.9413209665129009,10.4016,10.4016,10.3545,10.4016
2024-01-12,174719,1923462,11.05,11.05,11.0,11.0,-0.05,113,0.9413209665129009,10.4016,10.3545,10.3545,10.4016
2024-01-15,621025,6813955,11.0,11.05,10.95,10.95,-0.05,292,0.9413209665129009,10.3545,10.3075,10.3075,10.4016
2024-01-16,2683139,28847917,10.9,10.9,10.65,10.7,-0.25,942,0.9413209665129009,10.2604,10.0721,10.0251,10.2604
2024-01-17,1606318,17048443,10.65,10.7,10.55,10.65,-0.05,1058,0.9413209665129009,10.0251,10.0251,9.9309,10.0721
2024-01-18,1189117,12551939,10.6,10.65,10.5,10.55,-0.1,729,0.9413209665129009,9.978,9.9309,9.8839,10.0251
2024-01-19,1089945,11498593,10.5,10.65,10.5,10.55,0.0,624,0.9413209665129009,9.8839,9.9309,9.8839,10.0251
2024-01-22,1277294,13456224,10.55,10.6,10.5,10.5,-0.05,546,0.9413209665129009,9.9309,9.8839,9.8839,9.978
2024-01-23,2327848,24292099,10.5,10.55,10.4,10.45,-0.05,959,0.9413209665129009,9.8839,9.8368,9.7897,9.9309
2024-01-24,1238553,13007020,10.5,10.55,10.45,10.5,0.05,770,0.9413209665129009,9.8839,9.8839,9.8368,9.9309
2024-01-25,1602692,17001914,10.55,10.7,10.5,10.6,0.1,535,0.9413209665129009,9.9309,9.978,9.8839,10.0721
2024-01-26,897208,9516874,10.6,10.7,10.55,10.6,0.0,525,0.9413209665129009,9.978,9.978,9.9309,10.0721
2024-01-29,638922,6773045,10.6,10.65,10.55,10.65,0.05,274,0.9413209665129009,9.978,10.0251,9.9309,10.0251
2024-01-30,1313129,13829004,10.65,10.65,10.45,10.5,-0.15,580,0.9413209665129009,10.0251,9.8839,9.8368,10.0251
2024-01-31,1487905,15608544,10.5,10.55,10.45,10.5,0.0,606,0.9413209665129009,9.8839,9.8839,9.8368,9.9309
2024-02-01,842620,8883073,10.55,10.6,10.5,10.55,0.05,523,0.9413209665129009,9.9309,9.9309,9.8839,9.978
2024-02-02,1389706,14601193,10.55,10.6,10.45,10.55,0.0,724,0.9413209665129009,9.9309,9.9309,9.8368,9.978
2024-02-05,1500451,15696459,10.5,10.5,10.45,10.45,-0.1,530,0.9413209665129009,9.8839,9.8368,9.8368,9.8839
2024-02-15,1691813,17619278,10.5,10.5,10.35,10.45,0.0,638,0.9413209665129009,9.8839,9.8368,9.7427,9.8839
2024-02-16,3803771,39384080,10.45,10.45,10.3,10.35,-0.1,1136,0.9413209665129009,9.8368,9.7427,9.6956,9.8368
2024-02-19,1687062,17587120,10.35,10.5,10.3,10.45,0.1,647,0.9413209665129009,9.7427,9.8368,9.6956,9.8839
2024-02-20,1250072,13072752,10.45,10.5,10.4,10.45,0.0,520,0.9413209665129009,9.8368,9.8368,9.7897,9.8839
2024-02-21,2542606,26766692,10.5,10.6,10.45,10.5,0.05,717,0.9413209665129009,9.8839,9.8839,9.8368,9.978
2024-02-22,1093374,11470118,10.55,10.55,10.45,10.45,-0.05,613,0.9413209665129009,9.9309,9.8368,9.8368,9.9309
2024-02-23,1458726,15247077,10.5,10.5,10.4,10.45,0.0,598,0.9413209665129009,9.8839,9.8368,9.7897,9.8839
2024-02-26,1207961,12600880,10.45,10.5,10.4,10.4,-0.05,464,0.9413209665129009,9.8368,9.7897,9.7897,9.8839
2024-02-27,1176762,12247255,10.5,10.5,10.35,10.4,0.0,451,0.9413209665129009,9.8839,9.7897,9.7427,9.8839
2024-02-29,4673790,48164099,10.4,10.4,10.25,10.25,-0.15,1329,0.9413209665129009,9.7897,9.6485,9.6485,9.7897
2024-03-01,1873240,19332197,10.25,10.4,10.25,10.4,0.15,902,0.9413209665129009,9.6485,9.7897,9.6485,9.7897
2024-03-04,1310311,13563721,10.35,10.4,10.3,10.4,0.0,627,0.9413209665129009,9.7427,9.7897,9.6956,9.7897
2024-03-05,1973233,20658616,10.45,10.55,10.4,10.5,0.1,787,0.9413209665129009,9.8368,9.8839,9.7897,9.9309
2024-03-06,1882332,19613337,10.45,10.5,10.35,10.45,-0.05,782,0.9413209665129009,9.8368,9.8368,9.7427,9.8839
2024-03-07,2453569,25442840,10.4,10.4,10.35,10.35,-0.1,821,0.9413209665129009,9.7897,9.7427,9.7427,9.7897
2024-03-08,3165732,32594690,10.3,10.4,10.2,10.3,-0.05,967,0.9413209665129009,9.6956,9.6956,9.6015,9.7897
2024-03-11,1392640,14429081,10.4,10.4,10.3,10.4,0.1,728,0.9413209665129009,9.7897,9.7897,9.6956,9.7897
2024-03-12,2408918,25181866,10.45,10.55,10.35,10.55,0.15,1062,0.9413209665129009,9.8368,9.9309,9.7427,9.9309
2024-03-13,1802602,18792684,10.5,10.5,10.4,10.4,-0.15,951,0.9413209665129009,9.8839,9.7897,9.7897,9.8839
2024-03-14,1521190,15829440,10.45,10.45,10.35,10.45,0.05,875,0.9413209665129009,9.8368,9.8368,9.7427,9.8368
2024-03-15,42262932,423405787,10.4,10.5,10.0,10.0,-0.45,1686,0.9413209665129009,9.7897,9.4132,9.4132,9.8839
2024-03-18,7813572,79416080,10.05,10.25,10.05,10.2,0.2,1442,0.9413209665129009,9.4603,9.6015,9.4603,9.6485
2024-03-19,2202388,22610571,10.15,10.35,10.15,10.25,0.05,764,0.9413209665129009,9.5544,9.6485,9.5544,9.7427
2024-03-20,2735400,28006908,10.25,10.3,10.2,10.25,0.0,901,0.9413209665129009,9.6485,9.6485,9.6015,9.6956
2024-03-21,1966598,20299255,10.3,10.4,10.25,10.3,0.05,600,0.9413209665129009,9.6956,9.6956,9.6485,9.7897
2024-03-22,1803543,18519332,10.3,10.35,10.2,10.3,0.0,585,0.9413209665129009,9.6956,9.6956,9.6015,9.7427
2024-03-25,1535321,15826983,10.25,10.35,10.25,10.3,0.0,535,0.9413209665129009,9.6485,9.6956,9.6485,9.7427
2024-03-26,3629391,37665724,10.25,10.45,10.25,10.4,0.1,728,0.9413209665129009,9.6485,9.7897,9.6485,9.8368
2024-03-27,5569480,58791039,10.4,10.7,10.4,10.55,0.15,1250,0.9413209665129009,9.7897,9.9309,9.7897,10.0721
2024-03-28,2389685,25275247,10.55,10.6,10.5,10.55,0.0,585,0.9413209665129009,9.9309,9.9309,9.8839,9.978
2024-03-29,2199451,23111245,10.55,10.55,10.45,10.45,-0.1,446,0.9413209665129009,9.9309,9.8368,9.8368,9.9309
2024-04-01,2942804,31308663,10.5,10.7,10.5,10.65,0.2,658,0.9413209665129009,9.8839,10.0251,9.8839,10.0721
2024-04-02,1739684,18513911,10.6,10.7,10.55,10.65,0.0,476,0.9413209665129009,9.978,10.0251,9.9309,10.0721
2024-04-03,1125104,11911932,10.65,10.65,10.55,10.55,-0.1,380,0.9413209665129009,10.0251,9.9309,9.9309,10.0251
2024-04-08,4456288,48469188,10.6,11.0,10.6,10.95,0.4,1399,0.9413209665129009,9.978,10.3075,9.978,10.3545
2024-04-09,6684995,75056818,11.1,11.35,11.0,11.3,0.35,1990,0.9413209665129009,10.4487,10.6369,10.3545,10.684
2024-04-10,6234382,71776063,11.35,11.65,11.3,11.5,0.2,2034,0.9413209665129009,10.684,10.8252,10.6369,10.9664
2024-04-11,5399793,62294391,11.45,11.65,11.4,11.5,0.0,1476,0.9413209665129009,10.7781,10.8252,10.7311,10.9664
2024-04-12,3162439,36112575,11.5,11.5,11.3,11.4,-0.1,1028,0.9413209665129009,10.8252,10.7311,10.6369,10.8252
2024-04-15,5460114,62218134,11.35,11.55,11.25,11.3,-0.1,1059,0.9413209665129009,10.684,10.6369,10.5899,10.8723
2024-04-16,4130264,45353813,11.3,11.3,10.8,10.9,-0.4,1235,0.9413209665129009,10.6369,10.2604,10.1663,10.6369
2024-04-17,3841839,43000630,10.8,11.4,10.8,11.25,0.35,1095,0.9413209665129009,10.1663,10.5899,10.1663,10.7311
2024-04-18,21818322,264045665,11.25,12.35,11.05,12.35,1.1,5119,0.9413209665129009,10.5899,11.6253,10.4016,11.6253
2024-04-19,17548724,209837168,12.35,12.35,11.55,11.85,-0.5,4526,0.9413209665129009,11.6253,11.1547,10.8723,11.6253
2024-04-22,37633163,474222401,12.45,13.0,11.95,12.3,0.45,7158,0.9413209665129009,11.7194,11.5782,11.2488,12.2372
2024-04-23,17295945,213653030,12.3,12.65,12.1,12.4,0.1,3494,0.9413209665129009,11.5782,11.6724,11.39,11.9077
2024-04-24,9168776,113716991,12.6,12.6,12.25,12.35,-0.05,2251,0.9413209665129009,11.8606,11.6253,11.5312,11.8606
2024-04-25,11630232,144359653,12.35,12.6,12.2,12.25,-0.1,2420,0.9413209665129009,11.6253,11.5312,11.4841,11.8606
2024-04-26,33004722,423172128,12.45,13.3,12.3,12.85,0.6,8829,0.9413209665129009,11.7194,12.096,11.5782,12.5196
2024-04-29,27295031,359620020,13.05,13.5,12.75,13.2,0.35,7141,0.9413209665129009,12.2842,12.4254,12.0018,12.7078
2024-04-30,12825229,163045723,13.2,13.2,12.5,12.7,-0.5,3940,0.9413209665129009,12.4254,11.9548,11.7665,12.4254
2024-05-02,18963110,247935731,12.7,13.3,12.7,13.0,0.3,5375,0.9413209665129009,11.9548,12.2372,11.9548,12.5196
2024-05-03,52367181,716623634,13.15,14.2,12.85,13.8,0.8,12619,0.9413209665129009,12.3784,12.9902,12.096,13.3668
2024-05-06,18330179,248866305,13.85,13.85,13.35,13.7,-0.1,4552,0.9413209665129009,13.0373,12.8961,12.5666,13.0373
2024-05-07,17329834,228354400,13.6,13.8,12.75,13.0,-0.7,4506,0.9413209665129009,12.802,12.2372,12.0018,12.9902
2024-05-08,11706563,150546768,13.1,13.25,12.65,12.9,-0.1,2955,0.9413209665129009,12.3313,12.143,11.9077,12.4725
2024-05-09,7800365,99422805,12.9,13.1,12.5,12.55,-0.35,2185,0.9413209665129009,12.143,11.8136,11.7665,12.3313
2024-05-10,4624778,58063260,12.65,12.75,12.45,12.45,-0.1,1553,0.9413209665129009,11.9077,11.7194,11.7194,12.0018
2024-05-13,4236297,52437740,12.6,12.6,12.2,12.4,-0.05,1437,0.9413209665129009,11.8606,11.6724,11.4841,11.8606
2024-05-14,6343182,77197430,12.5,12.5,12.05,12.15,-0.25,1846,0.9413209665129009,11.7665,11.437,11.3429,11.7665
2024-05-15,4656304,56948624,12.25,12.4,12.1,12.15,0.0,1440,0.9413209665129009,11.5312,11.437,11.39,11.6724
2024-05-16,3570385,44136149,12.2,12.5,12.15,12.35,0.2,1521,0.9413209665129009,11.4841,11.6253,11.437,11.7665
2024-05-17,4123212,51337629,12.5,12.6,12.35,12.45,0.1,1329,0.9413209665129009,11.7665,11.7194,11.6253,11.8606
2024-05-20,3412726,42471654,12.45,12.6,12.3,12.4,-0.05,1327,0.9413209665129009,11.7194,11.6724,11.5782,11.8606
2024-05-21,3401069,41332324,12.4,12.4,12.05,12.2,-0.2,1388,0.9413209665129009,11.6724,11.4841,11.3429,11.6724
2024-05-22,8098851,97683119,12.2,12.2,11.95,12.0,-0.2,1616,0.9413209665129009,11.4841,11.2959,11.2488,11.4841
2024-05-23,7245256,84525038,12.0,12.0,11.5,11.7,-0.3,2102,0.9413209665129009,11.2959,11.0135,10.8252,11.2959
2024-05-24,2846193,32952417,11.6,11.7,11.5,11.55,-0.15,1035,0.9413209665129009,10.9193,10.8723,10.8252,11.0135
2024-05-27,1934032,22486375,11.55,11.75,11.45,11.65,0.1,814,0.9413209665129009,10.8723,10.9664,10.7781,11.0605
2024-05-28,2895747,34192266,11.65,11.9,11.6,11.8,0.15,1048,0.9413209665129009,10.9664,11.1076,10.9193,11.2017
2024-05-29,2731683,32302657,11.9,12.0,11.7,11.9,0.1,1120,0.9413209665129009,11.2017,11.2017,11.0135,11.2959
2024-05-30,1959755,23213187,11.85,11.95,11.7,11.8,-0.1,782,0.9413209665129009,11.1547,11.1076,11.0135,11.2488
2024-05-31,6981322,84758714,11.85,12.3,11.85,12.15,0.35,1833,0.9413209665129009,11.1547,11.437,11.1547,11.5782
2024-06-03,3776678,46290602,12.25,12.35,12.1,12.3,0.15,1201,0.9413209665129009,11.5312,11.5782,11.39,11.6253
2024-06-04,2570577,31369597,12.35,12.35,12.1,12.2,-0.1,958,0.9413209665129009,11.6253,11.4841,11.39,11.6253
2024-06-05,2347603,28415998,12.3,12.35,11.95,12.05,-0.15,1017,0.9413209665129009,11.5782,11.3429,11.2488,11.6253
2024-06-06,4188016,50417442,12.1,12.2,11.95,12.05,0.0,1243,0.9413209665129009,11.39,11.3429,11.2488,11.4841
2024-06-07,18650392,239542838,12.2,13.2,12.15,12.95,0.9,5330,0.9413209665129009,11.4841,12.1901,11.437,12.4254
2024-06-11,7128628,90453588,13.0,13.05,12.45,12.45,-0.5,2641,0.9413209665129009,12.2372,11.7194,11.7194,12.2842
2024-06-12,3105730,38021829,12.45,12.45,12.1,12.25,-0.2,1221,0.9413209665129009,11.7194,11.5312,11.39,11.7194
2024-06-13,2162138,26534415,12.25,12.4,12.15,12.35,0.1,851,0.9413209665129009,11.5312,11.6253,11.437,11.6724
2024-06-14,2906618,36353372,12.35,12.6,12.3,12.5,0.15,1116,0.9413209665129009,11.6253,11.7665,11.5782,11.8606
2024-06-17,1870549,23022285,12.55,12.6,12.2,12.3,-0.2,881,0.9413209665129009,11.8136,11.5782,11.4841,11.8606
2024-06-18,1815397,22196062,12.35,12.35,12.15,12.2,-0.1,729,0.9413209665129009,11.6253,11.4841,11.437,11.6253
2024-06-19,1990438,24341345,12.25,12.3,12.15,12.25,0.05,838,0.9413209665129009,11.5312,11.5312,11.437,11.5782
2024-06-20,2017242,24715404,12.3,12.35,12.2,12.3,0.05,770,0.9413209665129009,11.5782,11.5782,11.4841,11.6253
2024-06-21,1825216,22452990,12.3,12.4,12.2,12.4,0.1,649,0.9413209665129009,11.5782,11.6724,11.4841,11.6724
2024-06-24,2138171,26521936,12.4,12.5,12.3,12.4,0.0,921,0.9413209665129009,11.6724,11.6724,11.5782,11.7665
2024-06-25,1659309,20384763,12.5,12.5,12.2,12.25,-0.15,583,0.9413209665129009,11.7665,11.5312,11.4841,11.7665
2024-06-26,2030477,24734357,12.25,12.3,12.1,12.15,-0.1,652,0.9413209665129009,11.5312,11.437,11.39,11.5782
2024-06-27,2141295,25722546,12.1,12.1,11.95,11.95,-0.2,885,0.9413209665129009,11.39,11.2488,11.2488,11.39
2024-06-28,902133,10869062,11.95,12.2,11.95,12.0,0.05,499,0.9413209665129009,11.2488,11.2959,11.2488,11.4841
2024-07-01,1348738,16408285,12.0,12.3,12.0,12.15,0.15,559,0.9413209665129009,11.2959,11.437,11.2959,11.5782
2024-07-02,1191177,14393329,12.15,12.2,12.0,12.1,-0.05,487,0.9413209665129009,11.437,11.39,11.2959,11.4841
2024-07-03,1035750,12608592,12.15,12.25,12.1,12.25,0.15,496,0.9413209665129009,11.437,11.5312,11.39,11.5312
2024-07-04,2490261,30422075,12.2,12.3,12.15,12.2,-0.05,832,0.9413209665129009,11.4841,11.4841,11.437,11.5782
2024-07-05,1521293,18506924,12.2,12.25,12.1,12.15,-0.05,577,0.9413209665129009,11.4841,11.437,11.39,11.5312
2024-07-08,2262802,27449807,12.15,12.3,12.05,12.05,-0.1,727,0.9413209665129009,11.437,11.3429,11.3429,11.5782
2024-07-09,2668567,31798139,12.1,12.1,11.8,11.85,-0.2,1045,0.9413209665129009,11.39,11.1547,11.1076,11.39
2024-07-10,1747722,21044274,11.8,12.15,11.8,12.1,0.25,667,0.9413209665129009,11.1076,11.39,11.1076,11.437
2024-07-11,3374269,41228913,12.1,12.3,12.05,12.25,0.15,1096,0.9413209665129009,11.39,11.5312,11.3429,11.5782
2024-07-12,2127203,26128823,12.25,12.45,12.15,12.2,-0.05,697,0.9413209665129009,11.5312,11.4841,11.437,11.7194
2024-07-15,3393905,41841575,12.25,12.4,12.15,12.3,0.1,874,0.9413209665129009,11.5312,11.5782,11.437,11.6724
2024-07-16,3497922,43581529,12.4,12.6,12.35,12.4,0.1,1221,0.9413209665129009,11.6724,11.6724,11.6253,11.8606
2024-07-17,6620879,84006226,12.5,12.85,12.45,12.65,0.25,2100,0.9413209665129009,11.7665,11.9077,11.7194,12.096
2024-07-18,7724816,98617864,12.75,13.0,12.5,12.8,0.15,2002,0.9413209665129009,12.0018,12.0489,11.7665,12.2372
2024-07-19,9601847,121683878,12.9,12.9,12.35,12.75,-0.05,1970,0.9413209665129009,12.143,12.0018,11.6253,12.143
2024-07-22,3933176,48961351,12.75,12.8,12.3,12.5,-0.25,1267,0.9413209665129009,12.0018,11.7665,11.5782,12.0489
2024-07-23,5454963,69291506,12.5,12.8,12.5,12.7,0.2,1467,0.9413209665129009,11.7665,11.9548,11.7665,12.0489
2024-07-26,4203318,51435261,12.25,12.45,12.1,12.3,-0.05,1626,0.9687825182101978,11.8676,11.916,11.7223,12.0613
2024-07-29,9059027,115214155,12.35,13.0,12.35,12.55,0.25,2793,0.9687825182101978,11.9645,12.1582,11.9645,12.5942
2024-07-30,4521787,56967966,12.55,12.7,12.35,12.7,0.15,1211,0.9687825182101978,12.1582,12.3035,11.9645,12.3035
2024-07-31,3689296,46214043,12.7,12.8,12.4,12.45,-0.25,1064,0.9687825182101978,12.3035,12.0613,12.0129,12.4004
2024-08-01,14065559,182539200,12.5,13.25,12.45,13.05,0.6,3533,0.9687825182101978,12.1098,12.6426,12.0613,12.8364
2024-08-02,6681785,84468431,12.8,13.05,12.4,12.5,-0.55,2384,0.9687825182101978,12.4004,12.1098,12.0129,12.6426
2024-08-05,7993925,91232684,12.25,12.25,11.25,11.25,-1.25,2415,0.9687825182101978,11.8676,10.8988,10.8988,11.8676
2024-08-06,7916195,86086213,11.25,11.4,10.55,10.95,-0.3,2176,0.9687825182101978,10.8988,10.6082,10.2207,11.0441
2024-08-07,3952016,44113544,10.85,11.4,10.75,11.2,0.25,1578,0.9687825182101978,10.5113,10.8504,10.4144,11.0441
2024-08-08,2288338,25326950,11.0,11.25,10.9,11.15,-0.05,949,0.9687825182101978,10.6566,10.8019,10.5597,10.8988
2024-08-09,3288236,37492248,11.3,11.55,11.25,11.35,0.2,1076,0.9687825182101978,10.9472,10.9957,10.8988,11.1894
2024-08-12,2181935,25313423,11.45,11.8,11.45,11.45,0.1,797,0.9687825182101978,11.0926,11.0926,11.0926,11.4316
2024-08-13,1898254,21632109,11.45,11.55,11.3,11.5,0.05,811,0.9687825182101978,11.0926,11.141,10.9472,11.1894
2024-08-14,1406926,16237898,11.5,11.65,11.45,11.5,0.0,507,0.9687825182101978,11.141,11.141,11.0926,11.2863
2024-08-15,1900631,21958409,11.55,11.65,11.45,11.5,0.0,634,0.9687825182101978,11.1894,11.141,11.0926,11.2863
2024-08-16,2138845,24912980,11.6,11.8,11.5,11.5,0.0,697,0.9687825182101978,11.2379,11.141,11.141,11.4316
2024-08-19,1904141,22167355,11.6,11.75,11.45,11.65,0.15,532,0.9687825182101978,11.2379,11.2863,11.0926,11.3832
2024-08-20,3128766,35870314,11.65,11.65,11.35,11.4,-0.25,861,0.9687825182101978,11.2863,11.0441,10.9957,11.2863
2024-08-21,1430805,16261005,11.4,11.45,11.3,11.4,0.0,568,0.9687825182101978,11.0441,11.0441,10.9472,11.0926
2024-08-22,2272127,25510562,11.35,11.35,11.1,11.3,-0.1,741,0.9687825182101978,10.9957,10.9472,10.7535,10.9957
2024-08-23,1766677,19704786,11.2,11.25,11.05,11.15,-0.15,704,0.9687825182101978,10.8504,10.8019,10.705,10.8988
2024-08-26,934530,10506102,11.25,11.35,11.15,11.25,0.1,492,0.9687825182101978,10.8988,10.8988,10.8019,10.9957
2024-08-27,871949,9779542,11.15,11.3,11.15,11.3,0.05,456,0.9687825182101978,10.8019,10.9472,10.8019,10.9472
2024-08-28,739034,8311986,11.25,11.35,11.2,11.2,-0.1,402,0.9687825182101978,10.8988,10.8504,10.8504,10.9957
2024-08-29,784380,8754897,11.2,11.25,11.1,11.2,0.0,414,0.9687825182101978,10.8504,10.8504,10.7535,10.8988
2024-08-30,1421129,16095903,11.2,11.4,11.2,11.4,0.2,522,0.9687825182101978,10.8504,11.0441,10.8504,11.0441
2024-09-02,1343964,15153089,11.45,11.45,11.2,11.25,-0.15,541,0.9687825182101978,11.0926,10.8988,10.8504,11.0926
2024-09-03,1002995,11211992,11.2,11.3,11.1,11.2,-0.05,314,0.9687825182101978,10.8504,10.8504,10.7535,10.9472
2024-09-04,3423262,36982843,10.95,11.0,10.6,10.75,-0.45,1332,0.9687825182101978,10.6082,10.4144,10.2691,10.6566
2024-09-05,1673497,18141111,10.9,10.95,10.75,10.8,0.05,592,0.9687825182101978,10.5597,10.4629,10.4144,10.6082
2024-09-06,915861,9876232,10.85,10.9,10.65,10.9,0.1,462,0.9687825182101978,10.5113,10.5597,10.3175,10.5597
2024-09-09,1654776,17679802,10.65,10.85,10.55,10.8,-0.1,690,0.9687825182101978,10.3175,10.4629,10.2207,10.5113
2024-09-10,2128992,22946610,10.75,10.9,10.65,10.75,-0.05,661,0.9687825182101978,10.4144,10.4144,10.3175,10.5597
2024-09-11,559515,6030249,10.75,10.85,10.7,10.75,0.0,301,0.9687825182101978,10.4144,10.4144,10.366,10.5113
2024-09-12,902402,9723669,10.85,10.85,10.7,10.75,0.0,373,0.9687825182101978,10.5113,10.4144,10.366,10.5113
2024-09-13,793628,8618558,10.75,10.9,10.75,10.85,0.1,303,0.9687825182101978,10.4144,10.5113,10.4144,10.5597
2024-09-16,906814,9886186,10.95,11.0,10.85,10.9,0.05,469,0.9687825182101978,10.6082,10.5597,10.5113,10.6566
2024-09-18,944985,10382240,10.95,11.05,10.9,10.95,0.05,355,0.9687825182101978,10.6082,10.6082,10.5597,10.705
2024-09-19,2047850,22265707,10.95,10.95,10.8,10.9,-0.05,709,0.9687825182101978,10.6082,10.5597,10.4629,10.6082
2024-09-20,4296872,45855179,10.85,10.85,10.55,10.65,-0.25,1282,0.9687825182101978,10.5113,10.3175,10.2207,10.5113
2024-09-23,1342609,14252838,10.65,10.75,10.55,10.6,-0.05,637,0.9687825182101978,10.3175,10.2691,10.2207,10.4144
2024-09-24,1278517,13510839,10.65,10.7,10.5,10.55,-0.05,542,0.9687825182101978,10.3175,10.2207,10.1722,10.366
2024-09-25,889013,9503184,10.55,10.75,10.55,10.7,0.15,559,0.9687825182101978,10.2207,10.366,10.2207,10.4144
2024-09-26,1201694,12844466,10.75,10.8,10.6,10.6,-0.1,557,0.9687825182101978,10.4144,10.2691,10.2691,10.4629
2024-09-27,1657761,17873149,10.7,10.9,10.65,10.8,0.2,626,0.9687825182101978,10.366,10.4629,10.3175,10.5597
2024-09-30,754401,8150683,10.8,10.85,10.7,10.85,0.05,276,0.9687825182101978,10.4629,10.5113,10.366,10.5113
2024-10-01,1106085,11827647,10.8,10.85,10.65,10.65,-0.2,436,0.9687825182101978,10.4629,10.3175,10.3175,10.5113
2024-10-04,1140599,12113630,10.65,10.7,10.55,10.65,0.0,550,0.9687825182101978,10.3175,10.3175,10.2207,10.366
2024-10-07,852759,9195480,10.65,10.85,10.65,10.85,0.2,498,0.9687825182101978,10.3175,10.5113,10.3175,10.5113
2024-10-08,1489504,15875199,10.85,10.85,10.55,10.6,-0.25,596,0.9687825182101978,10.5113,10.2691,10.2207,10.5113
2024-10-09,1120737,11841212,10.6,10.7,10.5,10.55,-0.05,508,0.9687825182101978,10.2691,10.2207,10.1722,10.366
2024-10-11,584890,6179114,10.55,10.65,10.5,10.55,0.0,325,0.9687825182101978,10.2207,10.2207,10.1722,10.3175
2024-10-14,958890,10086622,10.6,10.6,10.45,10.6,0.05,395,0.9687825182101978,10.2691,10.2691,10.1238,10.2691
2024-10-15,1020461,10765299,10.6,10.6,10.5,10.55,-0.05,471,0.9687825182101978,10.2691,10.2207,10.1722,10.2691
2024-10-16,3890844,41542997,10.5,10.75,10.45,10.75,0.2,917,0.9687825182101978,10.1722,10.4144,10.1238,10.4144
2024-10-17,1747452,18318186,10.7,10.75,10.6,10.7,-0.05,493,0.9687825182101978,10.366,10.366,10.2691,10.4144
2024-10-18,806415,8628978,10.65,10.75,10.6,10.7,0.0,350,0.9687825182101978,10.3175,10.366,10.2691,10.4144
2024-10-21,645950,6890342,10.75,10.75,10.6,10.6,-0.1,352,0.9687825182101978,10.4144,10.2691,10.2691,10.4144
2024-10-22,829863,8752278,10.65,10.65,10.5,10.5,-0.1,338,0.9687825182101978,10.3175,10.1722,10.1722,10.3175
2024-10-23,1396541,14663400,10.5,10.55,10.45,10.45,-0.05,478,0.9687825182101978,10.1722,10.1238,10.1238,10.2207
2024-10-24,1862566,19248325,10.45,10.45,10.3,10.35,-0.1,570,0.9687825182101978,10.1238,10.0269,9.9785,10.1238
2024-10-25,485736,5043932,10.4,10.45,10.35,10.4,0.05,278,0.9687825182101978,10.0753,10.0753,10.0269,10.1238
2024-10-28,859101,8991895,10.4,10.55,10.4,10.45,0.05,301,0.9687825182101978,10.0753,10.1238,10.0753,10.2207
2024-10-29,1020103,10550992,10.5,10.5,10.3,10.35,-0.1,401,0.9687825182101978,10.1722,10.0269,9.9785,10.1722
2024-10-30,740915,7678915,10.4,10.4,10.3,10.4,0.05,322,0.9687825182101978,10.0753,10.0753,9.9785,10.0753
2024-11-01,1848191,19223217,10.3,10.55,10.25,10.55,0.15,536,0.9687825182101978,9.9785,10.2207,9.93,10.2207
2024-11-04,414968,4343830,10.5,10.55,10.4,10.5,-0.05,218,0.9687825182101978,10.1722,10.1722,10.0753,10.2207
2024-11-05,255146,2674819,10.5,10.55,10.45,10.45,-0.05,146,0.9687825182101978,10.1722,10.1238,10.1238,10.2207
2024-11-06,416429,4356891,10.45,10.5,10.4,10.5,0.05,255,0.9687825182101978,10.1238,10.1722,10.0753,10.1722
2024-11-07,1326097,13889280,10.4,10.55,10.4,10.5,0.0,459,0.9687825182101978,10.0753,10.1722,10.0753,10.2207
2024-11-08,1249557,13277150,10.5,10.7,10.5,10.6,0.1,424,0.9687825182101978,10.1722,10.2691,10.1722,10.366
2024-11-11,1372650,14691232,10.65,10.8,10.55,10.75,0.15,490,0.9687825182101978,10.3175,10.4144,10.2207,10.4629
2024-11-12,1147429,12176483,10.65,10.7,10.55,10.65,-0.1,460,0.9687825182101978,10.3175,10.3175,10.2207,10.366
2024-11-13,1842406,19428638,10.55,10.65,10.45,10.5,-0.15,613,0.9687825182101978,10.2207,10.1722,10.1238,10.3175
2024-11-14,880101,9220409,10.5,10.6,10.4,10.4,-0.1,383,0.9687825182101978,10.1722,10.0753,10.0753,10.2691
2024-11-15,806009,8532580,10.4,10.7,10.4,10.65,0.25,376,0.9687825182101978,10.0753,10.3175,10.0753,10.366
2024-11-18,419698,4440089,10.65,10.65,10.55,10.6,-0.05,196,0.9687825182101978,10.3175,10.2691,10.2207,10.3175
2024-11-19,562205,5976787,10.65,10.7,10.55,10.65,0.05,297,0.9687825182101978,10.3175,10.3175,10.2207,10.366
2024-11-20,430952,4575218,10.6,10.65,10.55,10.65,0.0,246,0.9687825182101978,10.2691,10.3175,10.2207,10.3175
2024-11-21,462268,4916900,10.65,10.7,10.55,10.7,0.05,235,0.9687825182101978,10.3175,10.366,10.2207,10.366
2024-11-22,1583300,17030132,10.7,10.85,10.65,10.75,0.05,537,0.9687825182101978,10.366,10.4144,10.3175,10.5113
2024-11-25,1468267,15942182,10.8,10.9,10.8,10.9,0.15,606,0.9687825182101978,10.4629,10.5597,10.4629,10.5597
2024-11-26,620182,6790841,10.9,11.0,10.85,11.0,0.1,391,0.9687825182101978,10.5597,10.6566,10.5113,10.6566
2024-11-27,854082,9307353,11.0,11.0,10.8,10.8,-0.2,404,0.9687825182101978,10.6566,10.4629,10.4629,10.6566
2024-11-28,730259,7826117,10.8,10.85,10.65,10.75,-0.05,301,0.9687825182101978,10.4629,10.4144,10.3175,10.5113
2024-11-29,486379,5224864,10.65,10.85,10.6,10.8,0.05,305,0.9687825182101978,10.3175,10.4629,10.2691,10.5113
2024-12-02,523698,5620761,10.8,10.85,10.65,10.7,-0.1,235,0.9687825182101978,10.4629,10.366,10.3175,10.5113
2024-12-03,561069,6021512,10.7,10.8,10.65,10.8,0.1,293,0.9687825182101978,10.366,10.4629,10.3175,10.4629
2024-12-04,742497,7974094,10.8,10.85,10.65,10.75,-0.05,358,0.9687825182101978,10.4629,10.4144,10.3175,10.5113
2024-12-05,724946,7840210,10.8,10.85,10.75,10.8,0.05,317,0.9687825182101978,10.4629,10.4629,10.4144,10.5113
2024-12-06,1320275,14360869,10.8,10.95,10.8,10.9,0.1,502,0.9687825182101978,10.4629,10.5597,10.4629,10.6082
2024-12-09,596323,6503404,10.9,10.95,10.85,10.9,0.0,302,0.9687825182101978,10.5597,10.5597,10.5113,10.6082
2024-12-10,702550,7650892,10.9,11.0,10.75,10.8,-0.1,353,0.9687825182101978,10.5597,10.4629,10.4144,10.6566
2024-12-11,438286,4723585,10.8,10.85,10.7,10.75,-0.05,258,0.9687825182101978,10.4629,10.4144,10.366,10.5113
2024-12-12,383484,4115282,10.75,10.8,10.65,10.65,-0.1,231,0.9687825182101978,10.4144,10.3175,10.3175,10.4629
2024-12-13,1694767,17825831,10.65,10.7,10.45,10.5,-0.15,525,0.9687825182101978,10.3175,10.1722,10.1238,10.366
2024-12-16,790379,8300095,10.5,10.6,10.4,10.45,-0.05,335,0.9687825182101978,10.1722,10.1238,10.0753,10.2691
2024-12-17,709376,7418654,10.45,10.55,10.4,10.5,0.05,305,0.9687825182101978,10.1238,10.1722,10.0753,10.2207
2024-12-18,852616,8732427,10.4,10.5,10.35,10.5,0.0,289,0.9687825182101978,10.0753,10.1722,10.0269,10.1722
2024-12-19,1180007,12203080,10.4,10.4,10.3,10.3,-0.2,534,0.9687825182101978,10.0753,9.9785,9.9785,10.0753
2024-12-20,2550718,25995096,10.3,10.35,10.1,10.1,-0.2,1000,0.9687825182101978,9.9785,9.7847,9.7847,10.0269
2024-12-23,1662508,17034113,10.2,10.35,10.15,10.35,0.25,538,0.9687825182101978,9.8816,10.0269,9.8331,10.0269
2024-12-24,708988,7385758,10.3,10.45,10.3,10.35,0.0,293,0.9687825182101978,9.9785,10.0269,9.9785,10.1238
2024-12-25,259803,2705457,10.45,10.45,10.4,10.4,0.05,171,0.9687825182101978,10.1238,10.0753,10.0753,10.1238
2024-12-26,344128,3580236,10.4,10.5,10.35,10.4,0.0,178,0.9687825182101978,10.0753,10.0753,10.0269,10.1722
2024-12-27,596997,6164259,10.35,10.4,10.25,10.35,-0.05,285,0.9687825182101978,10.0269,10.0269,9.93,10.0753
2024-12-30,688780,7129526,10.3,10.45,10.25,10.3,-0.05,314,0.9687825182101978,9.9785,9.9785,9.93,10.1238
2024-12-31,1068521,10905979,10.25,10.25,10.15,10.25,-0.05,446,0.9687825182101978,9.93,9.93,9.8331,9.93
2025-01-02,1061353,10794324,10.15,10.25,10.1,10.2,-0.05,542,0.9687825182101978,9.8331,9.8816,9.7847,9.93
2025-01-03,600836,6114903,10.2,10.25,10.1,10.15,-0.05,274,0.9687825182101978,9.8816,9.8331,9.7847,9.93
2025-01-06,663997,6787419,10.2,10.3,10.15,10.25,0.1,260,0.9687825182101978,9.8816,9.93,9.8331,9.9785
2025-01-07,897817,9178205,10.35,10.35,10.1,10.15,-0.1,310,0.9687825182101978,10.0269,9.8331,9.7847,10.0269
2025-01-08,601320,6108317,10.2,10.2,10.1,10.2,0.05,229,0.9687825182101978,9.8816,9.8816,9.7847,9.8816
2025-01-09,912572,9217141,10.2,10.2,10.05,10.05,-0.15,386,0.9687825182101978,9.8816,9.7363,9.7363,9.8816
2025-01-10,3369910,33476098,10.05,10.05,9.82,9.86,-0.19,1204,0.9687825182101978,9.7363,9.5522,9.5134,9.7363
2025-01-13,2122420,20571415,9.81,9.83,9.6,9.81,-0.05,1089,0.9687825182101978,9.5038,9.5038,9.3003,9.5231
2025-01-14,932174,9217426,9.81,10.0,9.81,9.95,0.14,504,0.9687825182101978,9.5038,9.6394,9.5038,9.6878
2025-01-15,673613,6725780,9.97,10.05,9.91,10.0,0.05,388,0.9687825182101978,9.6588,9.6878,9.6006,9.7363
2025-01-16,577254,5798290,10.1,10.1,10.0,10.0,0.0,293,0.9687825182101978,9.7847,9.6878,9.6878,9.7847
2025-01-17,615670,6230488,10.05,10.2,10.0,10.15,0.15,300,0.9687825182101978,9.7363,9.8331,9.6878,9.8816
2025-01-20,553719,5614580,10.2,10.2,10.05,10.2,0.05,309,0.9687825182101978,9.8816,9.8816,9.7363,9.8816
2025-01-21,394652,4012321,10.2,10.2,10.1,10.2,0.0,271,0.9687825182101978,9.8816,9.8816,9.7847,9.8816
2025-01-22,938348,9523755,10.2,10.25,10.1,10.15,-0.05,440,0.9687825182101978,9.8816,9.8331,9.7847,9.93
2025-02-03,1538343,15679058,10.1,10.4,10.05,10.2,0.05,568,0.9687825182101978,9.7847,9.8816,9.7363,10.0753
2025-02-04,423453,4302069,10.2,10.25,10.1,10.1,-0.1,236,0.9687825182101978,9.8816,9.7847,9.7847,9.93
2025-02-05,687247,6976634,10.2,10.25,10.1,10.1,0.0,289,0.9687825182101978,9.8816,9.7847,9.7847,9.93
2025-02-06,900822,9260247,10.1,10.35,10.1,10.35,0.25,442,0.9687825182101978,9.7847,10.0269,9.7847,10.0269
2025-02-07,1023121,10468864,10.25,10.4,10.15,10.15,-0.2,317,0.9687825182101978,9.93,9.8331,9.8331,10.0753
2025-02-10,625216,6342993,10.1,10.2,10.05,10.15,0.0,286,0.9687825182101978,9.7847,9.8331,9.7363,9.8816
2025-02-11,619780,6276461,10.2,10.25,10.05,10.05,-0.1,279,0.9687825182101978,9.8816,9.7363,9.7363,9.93
2025-02-12,533851,5412894,10.05,10.2,10.05,10.15,0.1,268,0.9687825182101978,9.7363,9.8331,9.7363,9.8816
2025-02-13,961812,9875470,10.2,10.35,10.2,10.35,0.2,362,0.9687825182101978,9.8816,10.0269,9.8816,10.0269
2025-02-14,702842,7231467,10.35,10.4,10.25,10.35,0.0,373,0.9687825182101978,10.0269,10.0269,9.93,10.0753
2025-02-17,503930,5223304,10.4,10.4,10.3,10.35,0.0,268,0.9687825182101978,10.0753,10.0269,9.9785,10.0753
2025-02-18,513320,5300681,10.35,10.4,10.25,10.35,0.0,245,0.9687825182101978,10.0269,10.0269,9.93,10.0753
2025-02-19,609942,6290797,10.35,10.4,10.25,10.25,-0.1,330,0.9687825182101978,10.0269,9.93,9.93,10.0753
2025-02-20,775997,8038214,10.25,10.4,10.25,10.4,0.15,305,0.9687825182101978,9.93,10.0753,9.93,10.0753
2025-02-21,2014023,20913062,10.4,10.5,10.3,10.45,0.05,611,0.9687825182101978,10.0753,10.1238,9.9785,10.1722
2025-02-24,275865,2875328,10.45,10.45,10.35,10.45,0.0,198,0.9687825182101978,10.1238,10.1238,10.0269,10.1238
2025-02-25,670824,6962394,10.35,10.45,10.3,10.45,0.0,319,0.9687825182101978,10.0269,10.1238,9.9785,10.1238
2025-02-26,1109897,11543319,10.4,10.5,10.3,10.4,-0.05,393,0.9687825182101978,10.0753,10.0753,9.9785,10.1722
2025-02-27,1215704,12557093,10.35,10.45,10.3,10.3,-0.1,391,0.9687825182101978,10.0269,9.9785,9.9785,10.1238
2025-03-03,855740,8888927,10.35,10.45,10.3,10.45,0.15,403,0.9687825182101978,10.0269,10.1238,9.9785,10.1238
2025-03-04,1062677,10941307,10.35,10.4,10.2,10.35,-0.1,433,0.9687825182101978,10.0269,10.0269,9.8816,10.0753
2025-03-05,1657046,17043152,10.3,10.4,10.25,10.35,0.0,504,0.9687825182101978,9.9785,10.0269,9.93,10.0753
2025-03-06,1322479,13561551,10.35,10.4,10.15,10.3,-0.05,409,0.9687825182101978,10.0269,9.9785,9.8331,10.0753
2025-03-07,671209,6883436,10.25,10.3,10.2,10.25,-0.05,260,0.9687825182101978,9.93,9.93,9.8816,9.9785
2025-03-10,1129619,11616233,10.25,10.35,10.2,10.35,0.1,317,0.9687825182101978,9.93,10.0269,9.8816,10.0269
2025-03-11,1675303,17073591,10.25,10.25,10.1,10.25,-0.1,492,0.9687825182101978,9.93,9.93,9.7847,9.93
2025-03-12,656877,6733278,10.25,10.3,10.2,10.25,0.0,371,0.9687825182101978,9.93,9.93,9.8816,9.9785
2025-03-13,788686,8045595,10.25,10.3,10.15,10.15,-0.1,307,0.9687825182101978,9.93,9.8331,9.8331,9.9785
2025-03-14,601914,6157401,10.25,10.3,10.15,10.25,0.1,241,0.9687825182101978,9.93,9.93,9.8331,9.9785
2025-03-17,849998,8796404,10.25,10.4,10.25,10.4,0.15,356,0.9687825182101978,9.93,10.0753,9.93,10.0753
2025-03-18,530598,5512059,10.4,10.45,10.35,10.35,-0.05,247,0.9687825182101978,10.0753,10.0269,10.0269,10.1238
2025-03-19,792490,8186394,10.35,10.4,10.25,10.35,0.0,341,0.9687825182101978,10.0269,10.0269,9.93,10.0753
2025-03-20,739159,7677830,10.35,10.45,10.35,10.45,0.1,286,0.9687825182101978,10.0269,10.1238,10.0269,10.1238
2025-03-21,1425060,14955558,10.4,10.55,10.35,10.45,0.0,532,0.9687825182101978,10.0753,10.1238,10.0269,10.2207
2025-03-24,1193811,12633402,10.45,10.65,10.45,10.6,0.15,503,0.9687825182101978,10.1238,10.2691,10.1238,10.3175
2025-03-25,1023081,10835388,10.65,10.7,10.5,10.55,-0.05,429,0.9687825182101978,10.3175,10.2207,10.1722,10.366
2025-03-26,625273,6530882,10.6,10.6,10.4,10.4,-0.15,261,0.9687825182101978,10.2691,10.0753,10.0753,10.2691
2025-03-27,774808,8063506,10.4,10.5,10.35,10.45,0.05,332,0.9687825182101978,10.0753,10.1238,10.0269,10.1722
2025-03-28,1586860,16307560,10.4,10.45,10.2,10.3,-0.15,671,0.9687825182101978,10.0753,9.9785,9.8816,10.1238
2025-03-31,1955858,19660794,10.15,10.15,10.0,10.05,-0.25,727,0.9687825182101978,9.8331,9.7363,9.6878,9.8331
2025-04-01,1307645,13231853,10.05,10.2,10.0,10.1,0.05,508,0.9687825182101978,9.7363,9.7847,9.6878,9.8816
2025-04-02,764981,7726162,10.05,10.15,10.0,10.15,0.05,291,0.9687825182101978,9.7363,9.8331,9.6878,9.8331
2025-04-07,2857234,26150316,9.14,9.36,9.14,9.14,-1.01,987,0.9687825182101978,8.8547,8.8547,8.8547,9.0678
2025-04-08,6343726,55777204,8.91,9.11,8.57,8.88,-0.26,1858,0.9687825182101978,8.6319,8.6028,8.3025,8.8256
2025-04-09,4298100,36927140,8.88,8.9,8.33,8.38,-0.5,1346,0.9687825182101978,8.6028,8.1184,8.07,8.6222
2025-04-10,1724989,15851286,9.2,9.21,9.03,9.21,0.83,528,0.9687825182101978,8.9128,8.9225,8.7481,8.9225
2025-04-11,1518261,13707558,9.06,9.18,8.77,9.05,-0.16,721,0.9687825182101978,8.7772,8.7675,8.4962,8.8934
2025-04-14,1523126,13885865,9.11,9.21,9.03,9.05,0.0,697,0.9687825182101978,8.8256,8.7675,8.7481,8.9225
2025-04-15,1030226,9460931,9.04,9.27,9.04,9.26,0.21,523,0.9687825182101978,8.7578,8.9709,8.7578,8.9806
2025-04-16,1330836,12105865,9.24,9.24,9.05,9.06,-0.2,645,0.9687825182101978,8.9516,8.7772,8.7675,8.9516
2025-04-17,583161,5275911,9.06,9.15,8.98,9.07,0.01,276,0.9687825182101978,8.7772,8.7869,8.6997,8.8644
2025-04-18,518836,4713469,9.13,9.13,9.03,9.09,0.02,242,0.9687825182101978,8.845,8.8062,8.7481,8.845
2025-04-21,745788,6710123,9.06,9.07,8.94,8.94,-0.15,331,0.9687825182101978,8.7772,8.6609,8.6609,8.7869
2025-04-22,571916,5100441,8.96,9.0,8.86,8.9,-0.04,356,0.9687825182101978,8.6803,8.6222,8.5834,8.719
2025-04-23,569928,5156681,8.98,9.08,8.98,9.07,0.17,305,0.9687825182101978,8.6997,8.7869,8.6997,8.7965
2025-04-24,529537,4789505,9.06,9.13,9.0,9.04,-0.03,306,0.9687825182101978,8.7772,8.7578,8.719,8.845
2025-04-25,763717,6934115,9.1,9.13,9.05,9.06,0.02,306,0.9687825182101978,8.8159,8.7772,8.7675,8.845
2025-04-28,449644,4098658,9.12,9.14,9.1,9.11,0.05,268,0.9687825182101978,8.8353,8.8256,8.8159,8.8547
2025-04-29,706184,6490100,9.14,9.23,9.13,9.22,0.11,384,0.9687825182101978,8.8547,8.9322,8.845,8.9419
2025-04-30,984463,8997308,9.17,9.23,9.1,9.11,-0.11,665,0.9687825182101978,8.8837,8.8256,8.8159,8.9419
2025-05-02,1605472,14962189,9.19,9.47,9.15,9.38,0.27,611,0.9687825182101978,8.9031,9.0872,8.8644,9.1744
2025-05-05,2649043,25801638,9.45,9.85,9.45,9.79,0.41,951,0.9687825182101978,9.155,9.4844,9.155,9.5425
2025-05-06,1686764,16722550,9.83,9.99,9.78,9.92,0.13,641,0.9687825182101978,9.5231,9.6103,9.4747,9.6781
2025-05-07,1188832,11689288,9.92,9.92,9.77,9.87,-0.05,431,0.9687825182101978,9.6103,9.5619,9.465,9.6103
2025-05-08,558652,5518409,9.9,9.9,9.83,9.9,0.03,240,0.9687825182101978,9.5909,9.5909,9.5231,9.5909
2025-05-09,887573,8781226,9.88,9.92,9.85,9.92,0.02,309,0.9687825182101978,9.5716,9.6103,9.5425,9.6103
2025-05-12,1174623,11550152,9.93,9.93,9.75,9.8,-0.12,483,0.9687825182101978,9.62,9.4941,9.4456,9.62
2025-05-13,704018,6878157,9.81,9.9,9.72,9.74,-0.06,366,0.9687825182101978,9.5038,9.4359,9.4166,9.5909
2025-05-14,716909,7010156,9.82,9.86,9.72,9.82,0.08,468,0.9687825182101978,9.5134,9.5134,9.4166,9.5522
2025-05-15,1118478,10805049,9.82,9.82,9.59,9.63,-0.19,806,0.9687825182101978,9.5134,9.3294,9.2906,9.5134
2025-05-16,1103732,10748623,9.63,9.81,9.63,9.74,0.11,498,0.9687825182101978,9.3294,9.4359,9.3294,9.5038
2025-05-19,673544,6502125,9.72,9.78,9.6,9.67,-0.07,398,0.9687825182101978,9.4166,9.3681,9.3003,9.4747
2025-05-20,402427,3905998,9.72,9.75,9.65,9.75,0.08,243,0.9687825182101978,9.4166,9.4456,9.3488,9.4456
2025-05-21,526605,5151677,9.75,9.83,9.7,9.82,0.07,353,0.9687825182101978,9.4456,9.5134,9.3972,9.5231
2025-05-22,749327,7251515,9.76,9.76,9.63,9.7,-0.12,415,0.9687825182101978,9.4553,9.3972,9.3294,9.4553
2025-05-23,655643,6390226,9.65,9.88,9.65,9.75,0.05,328,0.9687825182101978,9.3488,9.4456,9.3488,9.5716
2025-05-26,780395,7668109,9.78,9.88,9.74,9.87,0.12,443,0.9687825182101978,9.4747,9.5619,9.4359,9.5716
2025-05-27,652678,6396629,9.88,9.91,9.73,9.74,-0.13,366,0.9687825182101978,9.5716,9.4359,9.4263,9.6006
2025-05-28,483122,4673359,9.76,9.76,9.62,9.64,-0.1,266,0.9687825182101978,9.4553,9.3391,9.3197,9.4553
2025-05-29,1157580,11097784,9.68,9.72,9.52,9.59,-0.05,459,0.9687825182101978,9.3778,9.2906,9.2228,9.4166
2025-06-02,996731,9319432,9.5,9.5,9.27,9.31,-0.28,517,0.9687825182101978,9.2034,9.0194,8.9806,9.2034
2025-06-03,425204,3951774,9.32,9.4,9.24,9.27,-0.04,280,0.9687825182101978,9.0291,8.9806,8.9516,9.1066
2025-06-04,448368,4220078,9.36,9.48,9.33,9.4,0.13,304,0.9687825182101978,9.0678,9.1066,9.0387,9.1841
2025-06-05,576669,5378376,9.4,9.42,9.28,9.36,-0.04,357,0.9687825182101978,9.1066,9.0678,8.9903,9.1259
2025-06-06,420655,3971038,9.36,9.52,9.36,9.52,0.16,266,0.9687825182101978,9.0678,9.2228,9.0678,9.2228
2025-06-09,503179,4737600,9.52,9.56,9.36,9.38,-0.14,298,0.9687825182101978,9.2228,9.0872,9.0678,9.2616
2025-06-10,624496,5944014,9.38,9.6,9.38,9.48,0.1,434,0.9687825182101978,9.0872,9.1841,9.0872,9.3003
2025-06-11,472616,4449283,9.42,9.48,9.36,9.48,0.0,300,0.9687825182101978,9.1259,9.1841,9.0678,9.1841
2025-06-12,212618,1996961,9.47,9.48,9.36,9.41,-0.07,140,0.9687825182101978,9.1744,9.1162,9.0678,9.1841
2025-06-13,895560,8322861,9.31,9.35,9.26,9.27,-0.14,528,0.9687825182101978,9.0194,8.9806,8.9709,9.0581
2025-06-16,668611,6153401,9.27,9.3,9.07,9.3,0.03,303,0.9687825182101978,8.9806,9.0097,8.7869,9.0097
2025-06-17,370124,3431219,9.27,9.32,9.21,9.28,-0.02,225,0.9687825182101978,8.9806,8.9903,8.9225,9.0291
2025-06-18,554417,5175560,9.29,9.39,9.26,9.35,0.07,332,0.9687825182101978,9.0,9.0581,8.9709,9.0969
2025-06-19,564868,5200332,9.25,9.28,9.16,9.16,-0.19,393,0.9687825182101978,8.9612,8.874,8.874,8.9903
2025-06-20,860150,7832078,9.13,9.16,9.02,9.16,0.0,424,0.9687825182101978,8.845,8.874,8.7384,8.874
2025-06-23,558996,5037507,9.05,9.07,8.96,9.04,-0.12,325,0.9687825182101978,8.7675,8.7578,8.6803,8.7869
2025-06-24,635502,5821888,9.12,9.2,9.12,9.2,0.16,332,0.9687825182101978,8.8353,8.9128,8.8353,8.9128
2025-06-25,355582,3270098,9.2,9.26,9.15,9.16,-0.04,255,0.9687825182101978,8.9128,8.874,8.8644,8.9709
2025-06-26,774109,7182240,9.23,9.34,9.22,9.27,0.11,517,0.9687825182101978,8.9419,8.9806,8.9322,9.0484
2025-06-27,744675,6947245,9.27,9.37,9.24,9.36,0.09,416,0.9687825182101978,8.9806,9.0678,8.9516,9.0775
2025-06-30,705763,6696854,9.37,9.37,9.26,9.27,-0.09,395,0.9687825182101978,9.0775,8.9806,8.9709,9.0775
2025-07-01,931699,8783586,9.31,9.51,9.31,9.44,0.17,539,0.9687825182101978,9.0194,9.1453,9.0194,9.2131
2025-07-02,241942,2271983,9.44,9.44,9.37,9.37,-0.07,209,0.9687825182101978,9.1453,9.0775,9.0775,9.1453
2025-07-03,361296,3399943,9.36,9.44,9.35,9.42,0.05,229,0.9687825182101978,9.0678,9.1259,9.0581,9.1453
2025-07-04,421457,3954139,9.4,9.43,9.33,9.42,0.0,181,0.9687825182101978,9.1066,9.1259,9.0387,9.1356
2025-07-07,266398,2508395,9.35,9.45,9.33,9.45,0.03,180,0.9687825182101978,9.0581,9.155,9.0387,9.155
2025-07-08,496941,4653556,9.44,9.44,9.3,9.36,-0.09,234,0.9687825182101978,9.1453,9.0678,9.0097,9.1453
2025-07-09,173555,1620405,9.36,9.4,9.32,9.32,-0.04,153,0.9687825182101978,9.0678,9.0291,9.0291,9.1066
2025-07-10,188036,1746032,9.27,9.33,9.26,9.29,-0.03,180,0.9687825182101978,8.9806,9.0,8.9709,9.0387
2025-07-11,388896,3637227,9.3,9.4,9.3,9.38,0.09,208,0.9687825182101978,9.0097,9.0872,9.0097,9.1066
2025-07-14,290920,2719483,9.4,9.41,9.32,9.35,-0.03,215,0.9687825182101978,9.1066,9.0581,9.0291,9.1162
2025-07-15,268260,2509787,9.29,9.4,9.29,9.4,0.05,208,0.9687825182101978,9.0,9.1066,9.0,9.1066
2025-07-16,363995,3416609,9.32,9.43,9.31,9.4,0.0,279,0.9687825182101978,9.0291,9.1066,9.0194,9.1356
2025-07-17,547604,5160716,9.4,9.47,9.4,9.42,0.02,240,0.9687825182101978,9.1066,9.1259,9.1066,9.1744
2025-07-18,460960,4368357,9.44,9.53,9.44,9.53,0.11,273,0.9687825182101978,9.1453,9.2325,9.1453,9.2325
2025-07-21,610835,5824264,9.55,9.58,9.47,9.54,0.01,314,0.9687825182101978,9.2519,9.2422,9.1744,9.2809
2025-07-22,779005,7375613,9.53,9.57,9.42,9.45,-0.09,317,0.9687825182101978,9.2325,9.155,9.1259,9.2712
2025-07-23,855647,8185340,9.5,9.62,9.4,9.61,0.16,466,0.9687825182101978,9.2034,9.31,9.1066,9.3197
2025-07-24,1181493,10997711,9.41,9.41,9.27,9.29,0.0,329,1.0,9.41,9.29,9.27,9.41
2025-07-25,240534,2232476,9.26,9.31,9.25,9.27,-0.02,163,1.0,9.26,9.27,9.25,9.31
2025-07-28,375111,3462547,9.27,9.28,9.2,9.23,-0.04,222,1.0,9.27,9.23,9.2,9.28
2025-07-29,525838,4822025,9.23,9.25,9.12,9.16,-0.07,334,1.0,9.23,9.16,9.12,9.25
2025-07-30,278555,2559149,9.17,9.25,9.13,9.2,0.04,167,1.0,9.17,9.2,9.13,9.25
2025-07-31,968134,8825718,9.21,9.21,9.08,9.11,-0.09,513,1.0,9.21,9.11,9.08,9.21
2025-09-01,802570,7311528,9.13,9.15,9.08,9.11,-0.07,335,1.0,9.13,9.11,9.08,9.15
2025-09-02,419171,3815804,9.11,9.13,9.1,9.1,-0.01,185,1.0,9.11,9.1,9.1,9.13
2025-09-03,448920,4083732,9.09,9.11,9.08,9.09,-0.01,251,1.0,9.09,9.09,9.08,9.11
2025-09-04,3256034,30606975,9.1,9.59,9.1,9.5,0.41,1368,1.0,9.1,9.5,9.1,9.59
2025-09-05,1162171,10943443,9.63,9.63,9.31,9.33,-0.17,771,1.0,9.63,9.33,9.31,9.63
2025-09-08,704870,6524129,9.31,9.39,9.23,9.23,-0.1,325,1.0,9.31,9.23,9.23,9.39
2025-09-09,717554,6609758,9.24,9.26,9.19,9.19,-0.04,353,1.0,9.24,9.19,9.19,9.26
2025-09-10,715861,6585528,9.19,9.24,9.15,9.22,0.03,323,1.0,9.19,9.22,9.15,9.24
2025-09-11,838470,7678985,9.21,9.21,9.12,9.15,-0.07,344,1.0,9.21,9.15,9.12,9.21
2025-09-12,15422356,141136895,9.2,9.25,9.15,9.15,0.0,316,1.0,9.2,9.15,9.15,9.25
2025-09-15,391452,3597826,9.17,9.28,9.14,9.2,0.05,273,1.0,9.17,9.2,9.14,9.28
2025-09-16,385611,3561634,9.2,9.28,9.18,9.24,0.04,267,1.0,9.2,9.24,9.18,9.28
2025-09-17,294504,2717933,9.24,9.27,9.2,9.2,-0.04,215,1.0,9.24,9.2,9.2,9.27
2025-09-18,16550166,152265628,9.27,9.27,9.19,9.2,0.0,146,1.0,9.27,9.2,9.19,9.27
2025-09-19,668363,6154126,9.19,9.26,9.15,9.26,0.06,235,1.0,9.19,9.26,9.15,9.26
2025-09-22,1358875,12454518,9.26,9.27,9.13,9.13,-0.13,433,1.0,9.26,9.13,9.13,9.27
2025-09-23,894079,8135960,9.13,9.14,9.08,9.09,-0.04,543,1.0,9.13,9.09,9.08,9.14
2025-09-24,16799716,152717880,9.1,9.14,9.09,9.12,0.03,274,1.0,9.1,9.12,9.09,9.14
2025-09-25,612027,5591603,9.1,9.19,9.1,9.14,0.02,256,1.0,9.1,9.14,9.1,9.19
2025-09-26,618642,5649692,9.15,9.17,9.1,9.14,0.0,300,1.0,9.15,9.14,9.1,9.17
2025-09-30,688832,6279946,9.14,9.17,9.06,9.14,0.0,304,1.0,9.14,9.14,9.06,9.17
2025-10-01,548713,5002201,9.15,9.16,9.09,9.12,-0.02,165,1.0,9.15,9.12,9.09,9.16
2025-10-02,554612,5067058,9.15,9.2,9.1,9.12,0.0,196,1.0,9.15,9.12,9.1,9.2
2025-10-03,473048,4302822,9.1,9.13,9.07,9.13,0.01,297,1.0,9.1,9.13,9.07,9.13
2025-10-07,612541,5584258,9.14,9.14,9.1,9.1,-0.03,350,1.0,9.14,9.1,9.1,9.14
2025-10-08,590239,5367120,9.12,9.12,9.07,9.11,0.01,292,1.0,9.12,9.11,9.07,9.12
2025-10-09,423371,3860143,9.11,9.13,9.11,9.11,0.0,240,1.0,9.11,9.11,9.11,9.13
2025-10-13,641406,5811902,9.12,9.12,9.02,9.05,-0.06,370,1.0,9.12,9.05,9.02,9.12
2025-10-14,772431,7014569,9.07,9.14,9.02,9.07,0.02,358,1.0,9.07,9.07,9.02,9.14
2025-10-15,3273957,29198883,9.06,9.07,8.84,8.84,-0.23,859,1.0,9.06,8.84,8.84,9.07
2025-10-16,928061,8346107,8.91,9.04,8.91,9.04,0.2,449,1.0,8.91,9.04,8.91,9.04
2025-10-17,669385,6057754,9.04,9.1,9.0,9.03,-0.01,420,1.0,9.04,9.03,9.0,9.1
2025-10-20,495934,4480954,9.02,9.1,9.01,9.04,0.01,228,1.0,9.02,9.04,9.01,9.1
2025-10-21,604511,5466011,9.07,9.08,9.02,9.03,-0.01,267,1.0,9.07,9.03,9.02,9.08
2025-10-22,376289,3404722,9.01,9.08,9.01,9.08,0.05,188,1.0,9.01,9.08,9.01,9.08
2025-10-23,512113,4645027,9.08,9.12,9.02,9.05,-0.03,285,1.0,9.08,9.05,9.02,9.12
2025-10-27,737387,6675155,9.09,9.1,9.03,9.05,0.0,420,1.0,9.09,9.05,9.03,9.1
2025-10-28,411957,3724479,9.08,9.1,9.01,9.03,-0.02,221,1.0,9.08,9.03,9.01,9.1
2025-10-29,636156,5737432,9.02,9.05,9.01,9.01,-0.02,269,1.0,9.02,9.01,9.01,9.05
2025-10-30,907968,8179238,9.01,9.06,9.0,9.0,-0.01,410,1.0,9.01,9.0,9.0,9.06
2025-10-31,1355375,12142811,9.01,9.04,8.92,8.92,-0.08,589,1.0,9.01,8.92,8.92,9.04
2025-11-03,613831,5478516,8.92,8.98,8.91,8.91,-0.01,405,1.0,8.92,8.91,8.91,8.98
2025-11-04,868441,7772371,8.92,9.0,8.92,8.97,0.06,374,1.0,8.92,8.97,8.92,9.0
2025-11-05,1178668,10504094,8.92,8.97,8.85,8.93,-0.04,474,1.0,8.92,8.93,8.85,8.97
2025-11-06,1936336,17256818,8.94,8.95,8.88,8.95,0.02,915,1.0,8.94,8.95,8.88,8.95
2025-11-07,1501438,13290921,8.95,8.95,8.76,8.9,-0.05,641,1.0,8.95,8.9,8.76,8.95
2025-11-10,1170256,10342639,8.94,8.94,8.8,8.8,-0.1,560,1.0,8.94,8.8,8.8,8.94
2025-11-11,1651581,14484835,8.8,8.82,8.75,8.76,-0.04,726,1.0,8.8,8.76,8.75,8.82
2025-11-12,1355251,11868571,8.76,8.81,8.71,8.79,0.03,530,1.0,8.76,8.79,8.71,8.81
2025-11-13,1182329,10354803,8.79,8.79,8.74,8.76,-0.03,588,1.0,8.79,8.76,8.74,8.79
2025-11-14,1253617,10932248,8.74,8.76,8.68,8.72,-0.04,654,1.0,8.74,8.72,8.68,8.76
2025-11-17,3069723,26386935,8.66,8.67,8.51,8.52,-0.2,1409,1.0,8.66,8.52,8.51,8.67
2025-11-18,2775294,23284645,8.5,8.5,8.33,8.37,-0.15,1306,1.0,8.5,8.37,8.33,8.5
2025-11-19,2727466,22537659,8.34,8.36,8.21,8.23,-0.14,1352,1.0,8.34,8.23,8.21,8.36
2025-11-20,2596822,21405882,8.24,8.31,8.2,8.21,-0.02,1184,1.0,8.24,8.21,8.2,8.31
2025-11-21,4692798,38050179,8.21,8.21,8.05,8.05,-0.16,1883,1.0,8.21,8.05,8.05,8.21
2025-11-24,30550894,243192333,8.12,8.33,7.94,7.94,-0.11,1650,1.0,8.12,7.94,7.94,8.33
2025-11-25,7524425,61480680,8.05,8.26,8.04,8.26,0.32,1729,1.0,8.05,8.26,8.04,8.26
2025-11-26,1793654,14995718,8.28,8.41,8.28,8.4,0.14,619,1.0,8.28,8.4,8.28,8.41
2025-11-27,813868,6791334,8.37,8.42,8.31,8.32,-0.08,381,1.0,8.37,8.32,8.31,8.42
2025-11-28,1675994,13847312,8.29,8.31,8.23,8.28,-0.04,691,1.0,8.29,8.28,8.23,8.31
2025-12-01,1020080,8408414,8.24,8.31,8.2,8.22,-0.06,456,1.0,8.24,8.22,8.2,8.31
2025-12-02,1347021,11156405,8.22,8.33,8.22,8.27,0.05,578,1.0,8.22,8.27,8.22,8.33
2025-12-03,1419156,11811821,8.28,8.37,8.27,8.31,0.04,417,1.0,8.28,8.31,8.27,8.37
2025-12-04,757203,6287944,8.31,8.37,8.26,8.32,0.01,403,1.0,8.31,8.32,8.26,8.37
2025-12-05,1576964,12941675,8.26,8.26,8.16,8.19,-0.13,543,1.0,8.26,8.19,8.16,8.26
2025-12-08,1423266,11566748,8.2,8.22,8.08,8.08,-0.11,515,1.0,8.2,8.08,8.08,8.22
2025-12-09,1449228,11696530,8.08,8.14,8.03,8.09,0.01,501,1.0,8.08,8.09,8.03,8.14
2025-12-10,768276,6209810,8.12,8.15,8.05,8.05,-0.04,324,1.0,8.12,8.05,8.05,8.15
2025-12-11,1047245,8455502,8.08,8.12,8.04,8.07,0.02,420,1.0,8.08,8.07,8.04,8.12
2025-12-12,1130929,9212212,8.12,8.22,8.1,8.1,0.03,412,1.0,8.12,8.1,8.1,8.22
2025-12-15,1225993,9751372,8.09,8.2,8.05,8.13,0.03,338,1.0,8.09,8.13,8.05,8.2
2025-12-16,760433,6162282,8.1,8.14,8.08,8.09,-0.04,450,1.0,8.1,8.09,8.08,8.14
2025-12-17,760126,6180129,8.13,8.19,8.09,8.11,0.02,403,1.0,8.13,8.11,8.09,8.19
2025-12-18,792539,6434059,8.14,8.15,8.1,8.11,0.0,349,1.0,8.14,8.11,8.1,8.15
2025-12-19,1197480,9858255,8.11,8.29,8.11,8.22,0.11,520,1.0,8.11,8.22,8.11,8.29
2025-12-22,560397,4586659,8.22,8.22,8.16,8.22,0.0,303,1.0,8.22,8.22,8.16,8.22
2025-12-23,578001,4731943,8.21,8.22,8.16,8.17,-0.05,290,1.0,8.21,8.17,8.16,8.22
2025-12-24,1127555,9284674,8.17,8.33,8.17,8.19,0.02,504,1.0,8.17,8.19,8.17,8.33
2025-12-26,816184,6690478,8.2,8.24,8.16,8.23,0.04,355,1.0,8.2,8.23,8.16,8.24
2025-12-29,554747,4559181,8.23,8.27,8.18,8.21,-0.02,300,1.0,8.23,8.21,8.18,8.27
2025-12-30,1089926,8923957,8.21,8.26,8.13,8.25,0.04,379,1.0,8.21,8.25,8.13,8.26
2025-12-31,866220,7102809,8.2,8.25,8.18,8.19,-0.06,352,1.0,8.2,8.19,8.18,8.25
2026-01-02,1097836,8962529,8.19,8.24,8.12,8.12,-0.07,400,1.0,8.19,8.12,8.12,8.24
2026-01-05,1139555,9231888,8.12,8.13,8.08,8.11,-0.01,377,1.0,8.12,8.11,8.08,8.13
2026-01-06,962851,7818872,8.18,8.18,8.09,8.11,0.0,344,1.0,8.18,8.11,8.09,8.18
2026-01-07,3417321,28969554,8.39,8.68,8.39,8.45,0.34,1411,1.0,8.39,8.45,8.39,8.68
2026-01-08,3777971,32278963,8.46,8.66,8.44,8.55,0.1,1127,1.0,8.46,8.55,8.44,8.66
2026-01-09,1530415,13092278,8.61,8.66,8.5,8.53,-0.02,561,1.0,8.61,8.53,8.5,8.66
2026-01-12,1239882,10543675,8.6,8.6,8.45,8.54,0.01,477,1.0,8.6,8.54,8.45,8.6
2026-01-13,1358276,11603522,8.6,8.6,8.51,8.55,0.01,599,1.0,8.6,8.55,8.51,8.6
2026-01-14,1877032,16165118,8.6,8.65,8.55,8.56,0.01,784,1.0,8.6,8.56,8.55,8.65
2026-01-15,1531226,13055330,8.61,8.61,8.49,8.52,-0.04,722,1.0,8.61,8.52,8.49,8.61
2026-01-16,1530533,12951882,8.52,8.55,8.42,8.42,-0.1,651,1.0,8.52,8.42,8.42,8.55
2026-01-19,1668557,14112541,8.39,8.51,8.38,8.45,0.03,575,1.0,8.39,8.45,8.38,8.51
2026-01-20,1009260,8542316,8.43,8.54,8.41,8.43,-0.02,509,1.0,8.43,8.43,8.41,8.54
2026-01-21,1494548,12531246,8.45,8.45,8.36,8.39,-0.04,694,1.0,8.45,8.39,8.36,8.45
2026-01-22,1030091,8689134,8.41,8.48,8.38,8.45,0.06,453,1.0,8.41,8.45,8.38,8.48
2026-01-23,878440,7388366,8.51,8.52,8.38,8.4,-0.05,378,1.0,8.51,8.4,8.38,8.52
2026-01-26,1194405,10052992,8.4,8.47,8.36,8.46,0.06,456,1.0,8.4,8.46,8.36,8.47
2026-01-27,1242464,10467709,8.46,8.55,8.39,8.42,-0.04,466,1.0,8.46,8.42,8.39,8.55
2026-01-28,892210,7516136,8.47,8.48,8.39,8.48,0.06,367,1.0,8.47,8.48,8.39,8.48
2026-01-29,1292994,10992926,8.49,8.55,8.45,8.51,0.03,460,1.0,8.49,8.51,8.45,8.55
2026-01-30,1108302,9327575,8.51,8.51,8.38,8.43,-0.08,490,1.0,8.51,8.43,8.38,8.51
2026-02-02,1073522,8986935,8.45,8.45,8.31,8.38,-0.05,424,1.0,8.45,8.38,8.31,8.45
2026-02-03,737961,6178246,8.41,8.45,8.33,8.37,-0.01,333,1.0,8.41,8.37,8.33,8.45
2026-02-04,704545,5913694,8.37,8.44,8.33,8.4,0.03,252,1.0,8.37,8.4,8.33,8.44
2026-02-05,780234,6555502,8.34,8.45,8.34,8.37,-0.03,356,1.0,8.34,8.37,8.34,8.45
2026-02-06,1313473,10878352,8.36,8.36,8.23,8.26,-0.11,566,1.0,8.36,8.26,8.23,8.36
2026-02-09,969871,8018526,8.31,8.32,8.24,8.24,-0.02,492,1.0,8.31,8.24,8.24,8.32
2026-02-10,824070,6784324,8.25,8.28,8.21,8.25,0.01,483,1.0,8.25,8.25,8.21,8.28
2026-02-11,1521140,12545331,8.28,8.28,8.21,8.24,-0.01,588,1.0,8.28,8.24,8.21,8.28
2026-02-23,1619713,13391147,8.29,8.34,8.23,8.25,0.01,936,1.0,8.29,8.25,8.23,8.34
2026-02-24,969989,8019838,8.29,8.32,8.24,8.26,0.01,524,1.0,8.29,8.26,8.24,8.32
2026-02-25,1071281,8847828,8.27,8.29,8.23,8.27,0.01,454,1.0,8.27,8.27,8.23,8.29
2026-02-26,1182700,9808293,8.28,8.35,8.26,8.27,0.0,581,1.0,8.28,8.27,8.26,8.35
2026-03-02,989270,8152836,8.32,8.32,8.21,8.26,-0.01,560,1.0,8.32,8.26,8.21,8.32
2026-03-03,1721053,14132117,8.3,8.3,8.17,8.2,-0.06,620,1.0,8.3,8.2,8.17,8.3
2026-03-04,3158843,25441197,8.17,8.17,8.0,8.01,-0.19,1214,1.0,8.17,8.01,8.0,8.17
2026-03-05,1133673,9194733,8.12,8.15,8.06,8.15,0.14,493,1.0,8.12,8.15,8.06,8.15
2026-03-06,1353219,11101031,8.1,8.27,8.08,8.27,0.12,610,1.0,8.1,8.27,8.08,8.27
2026-03-09,2002880,16071304,8.01,8.08,7.97,8.06,-0.21,911,1.0,8.01,8.06,7.97,8.08
2026-03-10,589897,4799832,8.13,8.19,8.11,8.13,0.07,329,1.0,8.13,8.13,8.11,8.19
2026-03-11,944867,7740205,8.13,8.22,8.13,8.2,0.07,402,1.0,8.13,8.2,8.13,8.22
2026-03-12,925937,7570935,8.15,8.22,8.15,8.18,-0.02,428,1.0,8.15,8.18,8.15,8.22
2026-03-13,831898,6772753,8.13,8.17,8.12,8.14,-0.04,453,1.0,8.13,8.14,8.12,8.17
2026-03-16,1351974,11078916,8.17,8.25,8.15,8.2,0.06,482,1.0,8.17,8.2,8.15,8.25
2026-03-17,1291049,10564461,8.2,8.25,8.14,8.2,0.0,473,1.0,8.2,8.2,8.14,8.25
2026-03-18,482394,3958046,8.2,8.23,8.18,8.2,0.0,289,1.0,8.2,8.2,8.18,8.23
2026-03-19,861074,7017133,8.19,8.19,8.12,8.12,-0.08,371,1.0,8.19,8.12,8.12,8.19
2026-03-20,1064782,8737673,8.14,8.28,8.14,8.16,0.04,405,1.0,8.14,8.16,8.14,8.28
2026-03-23,1305036,10519234,8.07,8.1,8.02,8.06,-0.1,503,1.0,8.07,8.06,8.02,8.1
2026-03-24,692537,5588503,8.09,8.1,8.05,8.1,0.04,323,1.0,8.09,8.1,8.05,8.1
2026-03-25,885693,7197277,8.19,8.19,8.09,8.13,0.03,325,1.0,8.19,8.13,8.09,8.19
2026-03-26,393291,3203521,8.16,8.18,8.12,8.12,-0.01,238,1.0,8.16,8.12,8.12,8.18
2026-03-27,586380,4738037,8.12,8.12,8.06,8.1,-0.02,297,1.0,8.12,8.1,8.06,8.12
2026-03-30,681053,5498262,8.04,8.1,8.03,8.07,-0.03,418,1.0,8.04,8.07,8.03,8.1
2026-03-31,792184,6378140,8.05,8.07,8.03,8.05,-0.02,336,1.0,8.05,8.05,8.03,8.07
2026-04-01,431843,3497561,8.11,8.12,8.06,8.11,0.06,269,1.0,8.11,8.11,8.06,8.12
2026-04-02,971037,7826551,8.13,8.13,8.04,8.05,-0.06,314,1.0,8.13,8.05,8.04,8.13
2026-04-07,599587,4828470,8.1,8.1,8.03,8.06,0.01,209,1.0,8.1,8.06,8.03,8.1
2026-04-08,1281329,10444048,8.15,8.19,8.1,8.18,0.12,508,1.0,8.15,8.18,8.1,8.19
2026-04-09,835177,6820694,8.18,8.21,8.13,8.16,-0.02,348,1.0,8.18,8.16,8.13,8.21
2026-04-10,940704,7694629,8.2,8.2,8.15,8.19,0.03,375,1.0,8.2,8.19,8.15,8.2
2026-04-13,1514409,12448345,8.24,8.25,8.19,8.22,0.03,534,1.0,8.24,8.22,8.19,8.25
2026-04-14,1094388,9028841,8.23,8.28,8.21,8.24,0.02,496,1.0,8.23,8.24,8.21,8.28
2026-04-15,738630,6080311,8.24,8.27,8.21,8.22,-0.02,326,1.0,8.24,8.22,8.21,8.27
2026-04-16,593176,4892639,8.24,8.27,8.23,8.24,0.02,303,1.0,8.24,8.24,8.23,8.27
2026-04-17,1246585,10171356,8.25,8.26,8.11,8.13,-0.11,621,1.0,8.25,8.13,8.11,8.26
2026-04-20,1192369,9668023,8.13,8.18,8.08,8.1,-0.03,545,1.0,8.13,8.1,8.08,8.18
2026-04-21,1068807,8674844,8.11,8.16,8.1,8.13,0.03,380,1.0,8.11,8.13,8.1,8.16
2026-04-22,1184170,9567855,8.12,8.12,8.06,8.07,-0.06,486,1.0,8.12,8.07,8.06,8.12
2026-04-23,2082192,16705123,8.08,8.08,8.0,8.02,-0.05,756,1.0,8.08,8.02,8.0,8.08
2026-04-24,1494422,11974180,8.02,8.05,7.99,8.01,-0.01,489,1.0,8.02,8.01,7.99,8.05
2026-04-27,2621326,20816368,8.01,8.01,7.91,7.94,-0.07,707,1.0,8.01,7.94,7.91,8.01
2026-04-28,1253255,9980511,7.94,8.03,7.91,8.0,0.06,476,1.0,7.94,8.0,7.91,8.03
2026-04-29,664591,5314131,8.0,8.02,7.97,8.0,0.0,293,1.0,8.0,8.0,7.97,8.02
2026-04-30,941964,7505310,7.99,8.0,7.94,7.99,-0.01,444,1.0,7.99,7.99,7.94,8.0
2026-05-04,2587458,20428972,7.99,7.99,7.86,7.86,-0.13,793,1.0,7.99,7.86,7.86,7.99
2026-05-05,920053,7248008,7.87,7.9,7.85,7.89,0.03,356,1.0,7.87,7.89,7.85,7.9
2026-05-06,854610,6754190,7.95,7.95,7.88,7.9,0.01,388,1.0,7.95,7.9,7.88,7.95
2026-05-07,1837061,14415253,7.87,7.89,7.82,7.88,-0.02,671,1.0,7.87,7.88,7.82,7.89
2026-05-08,2789036,21737530,7.98,7.98,7.61,7.81,-0.07,872,1.0,7.98,7.81,7.61,7.98
2026-05-11,856976,6691976,7.79,7.86,7.75,7.82,0.01,378,1.0,7.79,7.82,7.75,7.86
2026-05-12,2388637,18453085,7.82,7.82,7.67,7.69,-0.13,967,1.0,7.82,7.69,7.67,7.82
