Date,Capacity,Turnover,Open,High,Low,Close,Change,Transaction,AdjFactor,Open_adj,Close_adj,Low_adj,High_adj
2020-05-04,339274,3677624,10.6,11.2,10.55,10.75,-0.25,172,1.0,10.6,10.75,10.55,11.2
2020-05-05,154911,1668535,11.0,11.0,10.65,10.8,0.05,75,1.0,11.0,10.8,10.65,11.0
2020-05-06,134701,1455516,10.75,10.95,10.65,10.85,0.05,70,1.0,10.75,10.85,10.65,10.95
2020-05-07,156988,1681958,10.8,10.85,10.6,10.8,-0.05,91,1.0,10.8,10.8,10.6,10.85
2020-05-08,106889,1161543,10.95,10.95,10.8,10.8,0.0,70,1.0,10.95,10.8,10.8,10.95
2020-05-11,259996,2858556,10.9,11.1,10.85,11.1,0.3,130,1.0,10.9,11.1,10.85,11.1
2020-05-12,129800,1413622,11.1,11.1,10.8,10.9,-0.2,74,1.0,11.1,10.9,10.8,11.1
2020-05-13,864024,10007271,10.9,11.95,10.9,11.95,1.05,342,1.0,10.9,11.95,10.9,11.95
2020-05-14,1160975,14282225,12.2,12.6,11.9,12.45,0.5,510,1.0,12.2,12.45,11.9,12.6
2020-05-15,576604,6999679,12.2,12.4,12.05,12.2,-0.25,214,1.0,12.2,12.2,12.05,12.4
2020-05-18,675224,8547245,12.2,12.9,12.2,12.85,0.65,258,1.0,12.2,12.85,12.2,12.9
2020-05-19,1609481,21591003,12.9,13.75,12.9,13.65,0.8,465,1.0,12.9,13.65,12.9,13.75
2020-05-20,765386,10523770,13.55,14.15,13.25,14.0,0.35,299,1.0,13.55,14.0,13.25,14.15
2020-05-21,387128,5364508,13.9,14.0,13.7,14.0,0.0,181,1.0,13.9,14.0,13.7,14.0
2020-05-22,514464,7060227,13.95,13.95,13.6,13.75,-0.25,202,1.0,13.95,13.75,13.6,13.95
2020-05-25,1356753,20019981,13.85,15.1,13.7,15.1,1.35,540,1.0,13.85,15.1,13.7,15.1
2020-05-26,2913880,46801639,15.5,16.4,15.5,16.3,1.2,1380,1.0,15.5,16.3,15.5,16.4
2020-05-27,1566073,24966297,16.35,16.45,15.5,15.65,-0.65,873,1.0,16.35,15.65,15.5,16.45
2020-05-28,1204711,18351405,15.3,15.65,14.75,14.9,-0.75,610,1.0,15.3,14.9,14.75,15.65
2020-05-29,753499,11548675,15.0,15.6,14.9,15.6,0.7,378,1.0,15.0,15.6,14.9,15.6
2020-06-01,551154,8530272,15.8,15.9,15.25,15.5,-0.1,371,1.0,15.8,15.5,15.25,15.9
2020-06-02,286147,4402381,15.5,15.5,15.25,15.3,-0.2,175,1.0,15.5,15.3,15.25,15.5
2020-06-03,505713,7796841,15.35,15.55,15.25,15.4,0.1,343,1.0,15.35,15.4,15.25,15.55
2020-06-04,751769,11456635,15.45,15.5,14.9,15.3,-0.1,374,1.0,15.45,15.3,14.9,15.5
2020-06-05,579947,8939438,15.25,15.7,15.25,15.4,0.1,319,1.0,15.25,15.4,15.25,15.7
2020-06-08,4735420,79025334,16.5,16.9,16.1,16.9,1.5,1484,1.0,16.5,16.9,16.1,16.9
2020-06-09,6421936,113176567,17.9,17.95,17.1,17.35,0.45,2711,1.0,17.9,17.35,17.1,17.95
2020-06-10,2588498,41956396,17.05,17.05,15.65,16.3,-1.05,1314,1.0,17.05,16.3,15.65,17.05
2020-06-11,1709609,27005692,16.2,16.2,15.5,15.75,-0.55,923,1.0,16.2,15.75,15.5,16.2
2020-06-12,1319633,19861981,15.0,15.65,14.4,15.2,-0.55,657,1.0,15.0,15.2,14.4,15.65
2020-06-15,465351,7122328,15.55,15.55,15.15,15.35,0.15,308,1.0,15.55,15.35,15.15,15.55
2020-06-16,606174,9324808,15.35,15.55,15.15,15.4,0.05,333,1.0,15.35,15.4,15.15,15.55
2020-06-17,645060,10019455,15.65,15.7,15.4,15.5,0.1,301,1.0,15.65,15.5,15.4,15.7
2020-06-18,688783,10567204,15.45,15.6,15.15,15.6,0.1,335,1.0,15.45,15.6,15.15,15.6
2020-06-19,796371,12234484,15.55,15.55,15.2,15.3,-0.3,266,1.0,15.55,15.3,15.2,15.55
2020-06-22,558716,8659216,15.35,15.7,15.35,15.5,0.2,318,1.0,15.35,15.5,15.35,15.7
2020-06-23,434599,6715930,15.6,15.6,15.3,15.6,0.1,239,1.0,15.6,15.6,15.3,15.6
2020-06-24,488049,7607651,15.5,15.7,15.5,15.6,0.0,265,1.0,15.5,15.6,15.5,15.7
2020-06-29,441797,6764197,15.35,15.5,15.15,15.35,-0.25,222,1.0,15.35,15.35,15.15,15.5
2020-06-30,957569,14971438,15.4,15.8,15.4,15.65,0.3,447,1.0,15.4,15.65,15.4,15.8
2020-07-01,757568,11746183,15.75,15.75,15.3,15.3,-0.35,327,1.0,15.75,15.3,15.3,15.75
2020-07-02,373351,5705899,15.3,15.4,15.2,15.35,0.05,211,1.0,15.3,15.35,15.2,15.4
2020-07-03,545830,8432543,15.7,15.7,15.35,15.4,0.05,270,1.0,15.7,15.4,15.35,15.7
2020-07-06,618351,9562261,15.35,15.6,15.35,15.4,0.0,308,1.0,15.35,15.4,15.35,15.6
2020-07-07,407532,6232229,15.4,15.45,15.25,15.45,0.05,209,1.0,15.4,15.45,15.25,15.45
2020-07-08,533053,8204952,15.3,15.55,15.3,15.45,0.0,253,1.0,15.3,15.45,15.3,15.55
2020-07-09,2661105,43568028,15.45,16.95,15.45,16.8,1.35,1237,1.0,15.45,16.8,15.45,16.95
2020-07-10,1924345,31991365,16.8,16.95,16.15,16.85,0.05,736,1.0,16.8,16.85,16.15,16.95
2020-07-13,1876800,32093450,16.85,17.3,16.8,17.2,0.35,644,1.0,16.85,17.2,16.8,17.3
2020-07-14,1215923,20817091,17.25,17.3,16.95,17.2,0.0,441,1.0,17.25,17.2,16.95,17.3
2020-07-15,1051807,18044831,17.2,17.35,17.0,17.1,-0.1,397,1.0,17.2,17.1,17.0,17.35
2020-07-16,1135322,19449238,17.25,17.3,17.05,17.1,0.0,346,1.0,17.25,17.1,17.05,17.3
2020-07-17,1505674,25398112,17.1,17.15,16.7,16.9,-0.2,461,1.0,17.1,16.9,16.7,17.15
2020-07-20,571450,9641205,16.95,17.05,16.8,16.9,0.0,242,1.0,16.95,16.9,16.8,17.05
2020-07-21,483590,8197205,17.0,17.0,16.85,17.0,0.1,262,1.0,17.0,17.0,16.85,17.0
2020-07-22,633400,10708621,17.0,17.15,16.8,16.9,-0.1,226,1.0,17.0,16.9,16.8,17.15
2020-07-23,547504,9293231,16.95,17.1,16.85,17.0,0.1,244,1.0,16.95,17.0,16.85,17.1
2020-07-24,747527,12611792,17.05,17.05,16.75,16.8,-0.2,227,1.0,17.05,16.8,16.75,17.05
2020-07-27,726171,12101133,16.85,16.9,16.6,16.8,0.0,214,1.0,16.85,16.8,16.6,16.9
2020-07-28,1228831,20054503,16.7,16.7,15.95,15.95,-0.85,371,1.0,16.7,15.95,15.95,16.7
2020-07-29,487035,7988367,15.8,16.95,15.65,16.8,0.85,241,1.0,15.8,16.8,15.65,16.95
2020-07-30,293896,4891964,16.8,16.85,16.5,16.8,0.0,154,1.0,16.8,16.8,16.5,16.85
2020-07-31,218552,3645351,16.55,16.8,16.55,16.8,0.0,128,1.0,16.55,16.8,16.55,16.8
2020-08-03,342677,5671912,16.75,16.75,16.45,16.5,-0.3,197,1.0,16.75,16.5,16.45,16.75
2020-08-04,311510,5125354,16.45,16.6,16.35,16.5,0.0,162,1.0,16.45,16.5,16.35,16.6
2020-08-05,262159,4289368,16.4,16.5,16.3,16.3,-0.2,133,1.0,16.4,16.3,16.3,16.5
2020-08-06,331726,5384729,16.35,16.35,16.2,16.2,-0.1,160,1.0,16.35,16.2,16.2,16.35
2020-08-07,347400,5605050,16.2,16.35,16.0,16.1,-0.1,161,1.0,16.2,16.1,16.0,16.35
2020-08-10,891118,14779787,16.1,16.9,16.1,16.8,0.7,365,1.0,16.1,16.8,16.1,16.9
2020-08-11,482016,7932802,16.85,16.85,16.2,16.4,-0.4,208,1.0,16.85,16.4,16.2,16.85
2020-08-12,190701,3111850,16.25,16.4,16.2,16.3,-0.1,105,1.0,16.25,16.3,16.2,16.4
2020-08-13,368182,5932325,16.4,16.4,16.0,16.2,-0.1,147,1.0,16.4,16.2,16.0,16.4
2020-08-14,211087,3414694,16.1,16.3,16.1,16.3,0.1,111,1.0,16.1,16.3,16.1,16.3
2020-08-17,389972,6315887,16.3,16.4,16.05,16.3,0.0,151,1.0,16.3,16.3,16.05,16.4
2020-08-18,216895,3495120,16.2,16.2,16.05,16.15,-0.15,91,1.0,16.2,16.15,16.05,16.2
2020-08-19,618197,9909816,16.15,16.15,15.9,16.0,-0.15,184,1.0,16.15,16.0,15.9,16.15
2020-08-20,587973,9389202,16.0,16.5,15.6,16.5,0.5,253,1.0,16.0,16.5,15.6,16.5
2020-08-21,184254,2989037,16.2,16.35,16.15,16.2,-0.3,87,1.0,16.2,16.2,16.15,16.35
2020-08-24,169398,2727337,16.25,16.25,16.05,16.05,-0.15,82,1.0,16.25,16.05,16.05,16.25
2020-08-25,281504,4525264,16.05,16.25,16.0,16.1,0.05,126,1.0,16.05,16.1,16.0,16.25
2020-08-26,282892,4535222,16.15,16.15,15.95,16.1,0.0,109,1.0,16.15,16.1,15.95,16.15
2020-08-27,297263,4782008,16.05,16.25,16.0,16.1,0.0,97,1.0,16.05,16.1,16.0,16.25
2020-08-28,258883,4158228,16.1,16.1,16.05,16.1,0.0,100,1.0,16.1,16.1,16.05,16.1
2020-08-31,160384,2579709,16.2,16.2,16.05,16.15,0.05,79,1.0,16.2,16.15,16.05,16.2
2020-09-01,233273,3762468,16.2,16.2,16.05,16.15,0.0,93,1.0,16.2,16.15,16.05,16.2
2020-09-02,342812,5527392,16.15,16.2,16.1,16.1,-0.05,112,1.0,16.15,16.1,16.1,16.2
2020-09-03,658597,10694814,16.1,16.35,16.1,16.35,0.25,227,1.0,16.1,16.35,16.1,16.35
2020-09-04,639891,10476708,16.1,16.5,16.1,16.4,0.05,269,1.0,16.1,16.4,16.1,16.5
2020-09-07,1644102,27996736,16.4,17.35,16.4,17.3,0.9,725,1.0,16.4,17.3,16.4,17.35
2020-09-08,1159398,20149177,17.3,17.55,17.3,17.4,0.1,411,1.0,17.3,17.4,17.3,17.55
2020-09-09,1680708,30362012,17.35,18.5,17.1,18.5,1.1,822,1.0,17.35,18.5,17.1,18.5
2020-09-10,1515148,27592583,18.55,18.8,17.9,18.0,-0.5,537,1.0,18.55,18.0,17.9,18.8
2020-09-11,939590,16447780,17.95,18.15,17.25,17.35,-0.65,364,1.0,17.95,17.35,17.25,18.15
2020-09-14,470044,8264257,17.45,17.8,17.4,17.6,0.25,235,1.0,17.45,17.6,17.4,17.8
2020-09-15,516170,9146829,17.6,17.85,17.55,17.8,0.2,265,1.0,17.6,17.8,17.55,17.85
2020-09-16,1197443,21359628,17.8,18.0,17.7,17.95,0.15,392,1.0,17.8,17.95,17.7,18.0
2020-09-17,371233,6703314,18.2,18.2,17.95,18.1,0.15,171,1.0,18.2,18.1,17.95,18.2
2020-09-18,456817,8302663,18.15,18.25,18.1,18.2,0.1,269,1.0,18.15,18.2,18.1,18.25
2020-09-21,286966,5214175,18.2,18.25,18.1,18.2,0.0,152,1.0,18.2,18.2,18.1,18.25
2020-09-22,215989,3921098,18.2,18.25,18.1,18.15,-0.05,117,1.0,18.2,18.15,18.1,18.25
2020-09-23,719404,13200194,18.25,18.5,18.15,18.5,0.35,328,1.0,18.25,18.5,18.15,18.5
2020-09-24,600942,11009391,18.5,18.5,18.15,18.2,-0.3,270,1.0,18.5,18.2,18.15,18.5
2020-09-25,867211,15598248,18.15,18.25,17.8,17.9,-0.3,256,1.0,18.15,17.9,17.8,18.25
2020-09-28,682487,12427328,17.9,18.4,17.9,18.25,0.35,285,1.0,17.9,18.25,17.9,18.4
2020-09-29,350799,6440408,18.5,18.5,18.25,18.4,0.15,194,1.0,18.5,18.4,18.25,18.5
2020-09-30,1467270,27792430,18.4,19.3,18.4,19.1,0.7,610,1.0,18.4,19.1,18.4,19.3
2020-10-05,1322377,26064252,19.2,19.95,19.2,19.85,0.75,663,1.0,19.2,19.85,19.2,19.95
2020-10-06,730747,14393361,19.8,20.05,19.3,19.8,-0.05,445,1.0,19.8,19.8,19.3,20.05
2020-10-07,746396,14830607,19.7,20.0,19.7,19.85,0.05,321,1.0,19.7,19.85,19.7,20.0
2020-10-08,880097,17378832,19.85,19.9,19.65,19.7,-0.15,336,1.0,19.85,19.7,19.65,19.9
2020-10-12,630745,12224191,19.75,19.75,19.25,19.3,-0.4,309,1.0,19.75,19.3,19.25,19.75
2020-10-13,672263,12860098,19.3,19.35,18.85,19.35,0.05,280,1.0,19.3,19.35,18.85,19.35
2020-10-14,244605,4691367,19.3,19.3,19.1,19.2,-0.15,131,1.0,19.3,19.2,19.1,19.3
2020-10-15,321452,6143288,19.2,19.35,19.0,19.15,-0.05,166,1.0,19.2,19.15,19.0,19.35
2020-10-16,237423,4532835,19.2,19.2,19.0,19.0,-0.15,128,1.0,19.2,19.0,19.0,19.2
2020-10-19,930630,18465696,20.0,20.0,19.7,19.9,0.9,441,1.0,20.0,19.9,19.7,20.0
2020-10-20,1576282,31584169,19.9,20.2,19.9,20.2,0.3,542,1.0,19.9,20.2,19.9,20.2
2020-10-21,2796471,59979656,20.7,22.1,20.55,21.7,1.5,1159,1.0,20.7,21.7,20.55,22.1
2020-10-22,1002485,21578976,21.45,21.9,20.8,21.6,-0.1,550,1.0,21.45,21.6,20.8,21.9
2020-10-23,1283733,28733903,21.6,22.95,21.6,22.5,0.9,755,1.0,21.6,22.5,21.6,22.95
2020-10-26,765116,17044956,22.5,22.6,21.9,22.6,0.1,526,1.0,22.5,22.6,21.9,22.6
2020-10-27,571512,12873605,22.45,22.7,22.2,22.7,0.1,439,1.0,22.45,22.7,22.2,22.7
2020-10-28,733963,16711782,22.5,23.05,22.5,22.7,0.0,565,1.0,22.5,22.7,22.5,23.05
2020-10-29,1159517,25669067,22.3,22.45,21.9,22.2,-0.5,860,1.0,22.3,22.2,21.9,22.45
2020-10-30,780464,17183328,22.2,22.25,21.95,22.0,-0.2,496,1.0,22.2,22.0,21.95,22.25
2020-11-02,485510,10646667,22.0,22.05,21.8,22.0,0.0,309,1.0,22.0,22.0,21.8,22.05
2020-11-03,381591,8458934,22.15,22.4,22.05,22.15,0.15,275,1.0,22.15,22.15,22.05,22.4
2020-11-04,289972,6413140,22.15,22.45,22.05,22.15,0.0,193,1.0,22.15,22.15,22.05,22.45
2020-11-05,450744,9974575,22.15,22.3,22.05,22.2,0.05,291,1.0,22.15,22.2,22.05,22.3
2020-11-06,443131,9811766,22.2,22.4,22.05,22.15,-0.05,242,1.0,22.2,22.15,22.05,22.4
2020-11-09,362270,8017703,22.2,22.35,22.05,22.1,-0.05,277,1.0,22.2,22.1,22.05,22.35
2020-11-10,973770,21812660,22.7,22.9,22.05,22.25,0.15,554,1.0,22.7,22.25,22.05,22.9
2020-11-11,640072,14094155,22.25,22.25,21.95,22.05,-0.2,390,1.0,22.25,22.05,21.95,22.25
2020-11-12,788768,17157146,22.05,22.05,21.65,21.65,-0.4,423,1.0,22.05,21.65,21.65,22.05
2020-11-13,638097,14050012,21.55,22.55,21.55,22.3,0.65,392,1.0,21.55,22.3,21.55,22.55
2020-11-16,1081817,24550616,22.3,22.8,22.3,22.75,0.45,553,1.0,22.3,22.75,22.3,22.8
2020-11-17,558759,12589319,22.75,22.8,22.35,22.35,-0.4,341,1.0,22.75,22.35,22.35,22.8
2020-11-18,497130,11077847,22.5,22.5,22.15,22.25,-0.1,353,1.0,22.5,22.25,22.15,22.5
2020-11-19,269390,5978478,22.2,22.35,22.05,22.2,-0.05,203,1.0,22.2,22.2,22.05,22.35
2020-11-20,367114,8122004,22.4,22.4,22.0,22.1,-0.1,226,1.0,22.4,22.1,22.0,22.4
2020-11-23,711780,15554491,22.25,22.25,21.65,21.65,-0.45,432,1.0,22.25,21.65,21.65,22.25
2020-11-24,652777,13961697,21.6,21.7,21.25,21.4,-0.25,382,1.0,21.6,21.4,21.25,21.7
2020-11-25,274448,5897927,21.4,21.65,21.3,21.45,0.05,207,1.0,21.4,21.45,21.3,21.65
2020-11-26,366438,7877134,21.45,21.6,21.35,21.6,0.15,243,1.0,21.45,21.6,21.35,21.6
2020-11-27,696345,14744250,20.35,21.55,20.35,21.35,-0.25,364,1.0,20.35,21.35,20.35,21.55
2020-11-30,599008,12879361,21.35,21.65,21.35,21.6,0.25,302,1.0,21.35,21.6,21.35,21.65
2020-12-01,469727,9998700,21.6,21.6,21.15,21.3,-0.3,262,1.0,21.6,21.3,21.15,21.6
2020-12-02,472962,9972886,21.15,21.2,21.0,21.1,-0.2,240,1.0,21.15,21.1,21.0,21.2
2020-12-03,269400,5685808,21.1,21.25,21.05,21.2,0.1,191,1.0,21.1,21.2,21.05,21.25
2020-12-04,356771,7566735,21.15,21.4,21.1,21.25,0.05,211,1.0,21.15,21.25,21.1,21.4
2020-12-07,413397,8647131,21.25,21.25,20.85,20.9,-0.35,271,1.0,21.25,20.9,20.85,21.25
2020-12-08,559671,11515949,20.85,20.85,20.35,20.6,-0.3,300,1.0,20.85,20.6,20.35,20.85
2020-12-09,405105,8338378,20.6,20.85,20.4,20.65,0.05,267,1.0,20.6,20.65,20.4,20.85
2020-12-10,1113598,24219511,20.65,22.0,20.55,21.95,1.3,583,1.0,20.65,21.95,20.55,22.0
2020-12-11,724592,15711788,22.0,22.35,21.2,21.35,-0.6,350,1.0,22.0,21.35,21.2,22.35
2020-12-14,882064,19106145,21.4,22.0,21.0,22.0,0.65,434,1.0,21.4,22.0,21.0,22.0
2020-12-15,470698,10171320,22.05,22.05,21.45,21.55,-0.45,256,1.0,22.05,21.55,21.45,22.05
2020-12-16,248087,5383401,21.55,21.75,21.55,21.75,0.2,179,1.0,21.55,21.75,21.55,21.75
2020-12-17,210929,4572410,21.75,21.85,21.55,21.75,0.0,145,1.0,21.75,21.75,21.55,21.85
2020-12-18,475624,10408776,21.7,22.1,21.65,22.0,0.25,291,1.0,21.7,22.0,21.65,22.1
2020-12-21,1066985,24027313,22.6,22.8,22.2,22.5,0.5,610,1.0,22.6,22.5,22.2,22.8
2020-12-22,1269075,28315342,22.5,22.65,21.8,21.95,-0.55,654,1.0,22.5,21.95,21.8,22.65
2020-12-23,470578,10368885,22.0,22.45,21.95,22.0,0.05,272,1.0,22.0,22.0,21.95,22.45
2020-12-24,417239,9281458,22.0,22.4,22.0,22.35,0.35,242,1.0,22.0,22.35,22.0,22.4
2020-12-25,307128,6847054,22.35,22.5,22.15,22.2,-0.15,220,1.0,22.35,22.2,22.15,22.5
2020-12-28,573755,12623860,22.2,22.25,21.9,21.95,-0.25,341,1.0,22.2,21.95,21.9,22.25
2020-12-29,410241,8945891,21.95,21.95,21.7,21.7,-0.25,266,1.0,21.95,21.7,21.7,21.95
2020-12-30,261170,5702551,21.8,22.0,21.75,21.95,0.25,214,1.0,21.8,21.95,21.75,22.0
2020-12-31,275927,6016103,22.0,22.0,21.7,21.8,-0.15,185,1.0,22.0,21.8,21.7,22.0
2021-01-04,213399,4636075,21.8,21.85,21.65,21.7,-0.1,150,1.0,21.8,21.7,21.65,21.85
2021-01-05,512123,11004498,21.7,21.7,21.3,21.5,-0.2,290,1.0,21.7,21.5,21.3,21.7
2021-01-06,588586,12464832,21.35,21.45,21.0,21.05,-0.45,349,1.0,21.35,21.05,21.0,21.45
2021-01-07,409323,8605052,21.05,21.25,20.9,21.0,-0.05,238,1.0,21.05,21.0,20.9,21.25
2021-01-08,315047,6590075,21.0,21.2,20.8,20.95,-0.05,243,1.0,21.0,20.95,20.8,21.2
2021-01-11,701459,14361372,21.0,21.0,20.15,21.0,0.05,456,1.0,21.0,21.0,20.15,21.0
2021-01-12,632612,12795882,20.55,20.55,20.1,20.1,-0.9,345,1.0,20.55,20.1,20.1,20.55
2021-01-13,286954,5827566,20.1,20.6,20.1,20.2,0.1,189,1.0,20.1,20.2,20.1,20.6
2021-01-14,191912,3863373,20.2,20.25,20.05,20.1,-0.1,149,1.0,20.2,20.1,20.05,20.25
2021-01-15,473592,9492748,20.15,20.15,20.0,20.05,-0.05,306,1.0,20.15,20.05,20.0,20.15
2021-01-18,333255,6593940,20.0,20.0,19.65,19.9,-0.15,234,1.0,20.0,19.9,19.65,20.0
2021-01-19,368459,7322223,19.85,20.2,19.7,19.85,-0.05,225,1.0,19.85,19.85,19.7,20.2
2021-01-20,683485,13239149,19.85,19.85,19.15,19.2,-0.65,405,1.0,19.85,19.2,19.15,19.85
2021-01-21,307412,5932880,19.2,19.5,19.2,19.35,0.15,224,1.0,19.2,19.35,19.2,19.5
2021-01-22,204916,3941981,19.5,19.5,19.15,19.25,-0.1,191,1.0,19.5,19.25,19.15,19.5
2021-01-25,316446,6038381,19.2,19.2,19.05,19.05,-0.2,191,1.0,19.2,19.05,19.05,19.2
2021-01-26,219443,4197206,19.1,19.3,19.1,19.1,0.05,166,1.0,19.1,19.1,19.1,19.3
2021-01-27,95594,1834246,19.1,19.3,19.1,19.1,0.0,104,1.0,19.1,19.1,19.1,19.3
2021-01-28,234996,4464614,19.1,19.1,18.9,19.05,-0.05,136,1.0,19.1,19.05,18.9,19.1
2021-01-29,687323,13693849,19.0,20.95,18.9,19.9,0.85,399,1.0,19.0,19.9,18.9,20.95
2021-02-01,216856,4180094,19.9,19.9,19.15,19.2,-0.7,189,1.0,19.9,19.2,19.15,19.9
2021-02-02,181666,3509937,19.3,19.4,19.3,19.35,0.15,145,1.0,19.3,19.35,19.3,19.4
2021-02-03,157395,3055860,19.4,19.55,19.4,19.4,0.05,118,1.0,19.4,19.4,19.4,19.55
2021-02-04,220593,4342411,19.5,20.0,19.5,20.0,0.6,201,1.0,19.5,20.0,19.5,20.0
2021-02-05,253067,5064440,20.0,20.2,19.95,20.0,0.0,176,1.0,20.0,20.0,19.95,20.2
2021-02-17,228333,4589854,20.15,20.2,20.0,20.1,0.1,200,1.0,20.15,20.1,20.0,20.2
2021-02-18,178072,3629973,20.1,20.6,20.1,20.6,0.5,160,1.0,20.1,20.6,20.1,20.6
2021-02-19,162694,3356424,20.6,20.85,20.6,20.7,0.1,153,1.0,20.6,20.7,20.6,20.85
2021-02-22,390162,8279492,20.8,21.45,20.8,21.3,0.6,310,1.0,20.8,21.3,20.8,21.45
2021-02-23,290272,6138971,21.25,21.3,21.0,21.3,0.0,233,1.0,21.25,21.3,21.0,21.3
2021-02-24,199555,4237868,21.6,21.6,21.05,21.3,0.0,189,1.0,21.6,21.3,21.05,21.6
2021-02-25,212954,4516053,21.3,21.5,21.1,21.2,-0.1,152,1.0,21.3,21.2,21.1,21.5
2021-02-26,236429,5003623,21.2,21.4,21.1,21.1,-0.1,202,1.0,21.2,21.1,21.1,21.4
2021-03-02,374694,7959624,21.25,21.3,21.1,21.25,0.15,229,1.0,21.25,21.25,21.1,21.3
2021-03-03,867911,18963329,21.3,22.25,21.3,22.05,0.8,523,1.0,21.3,22.05,21.3,22.25
2021-03-04,424764,9375513,22.1,22.3,22.0,22.0,-0.05,334,1.0,22.1,22.0,22.0,22.3
2021-03-05,317762,6877012,21.8,21.8,21.55,21.7,-0.3,259,1.0,21.8,21.7,21.55,21.8
2021-03-08,325547,7024139,21.95,21.95,21.35,21.45,-0.25,302,1.0,21.95,21.45,21.35,21.95
2021-03-09,132275,2845847,21.75,21.75,21.4,21.7,0.25,185,1.0,21.75,21.7,21.4,21.75
2021-03-10,228802,4968046,21.7,21.85,21.7,21.75,0.05,194,1.0,21.7,21.75,21.7,21.85
2021-03-11,119570,2593878,21.85,21.85,21.5,21.75,0.0,180,1.0,21.85,21.75,21.5,21.85
2021-03-12,175902,3807441,21.7,21.8,21.55,21.75,0.0,164,1.0,21.7,21.75,21.55,21.8
2021-03-15,208167,4482846,21.55,21.65,21.45,21.5,-0.25,232,1.0,21.55,21.5,21.45,21.65
2021-03-16,230292,4904579,21.5,21.5,21.15,21.2,-0.3,279,1.0,21.5,21.2,21.15,21.5
2021-03-17,328994,6904864,21.2,21.2,20.85,21.0,-0.2,427,1.0,21.2,21.0,20.85,21.2
2021-03-18,118686,2490701,21.05,21.15,20.9,21.0,0.0,283,1.0,21.05,21.0,20.9,21.15
2021-03-19,148355,3099888,21.0,21.4,20.75,20.8,-0.2,279,1.0,21.0,20.8,20.75,21.4
2021-03-22,137005,2823797,20.6,20.7,20.55,20.65,-0.15,342,1.0,20.6,20.65,20.55,20.7
2021-03-23,199955,4085526,20.6,20.65,20.25,20.3,-0.35,335,1.0,20.6,20.3,20.25,20.65
2021-03-24,96004,1952525,20.3,20.4,20.3,20.35,0.05,245,1.0,20.3,20.35,20.3,20.4
2021-03-25,75715,1558524,20.5,20.7,20.45,20.6,0.25,275,1.0,20.5,20.6,20.45,20.7
2021-03-26,153181,3121530,20.6,20.75,20.2,20.5,-0.1,260,1.0,20.6,20.5,20.2,20.75
2021-03-29,188909,3844282,20.5,20.5,20.2,20.45,-0.05,268,1.0,20.5,20.45,20.2,20.5
2021-03-30,193456,3923909,20.45,20.45,20.15,20.25,-0.2,404,1.0,20.45,20.25,20.15,20.45
2021-03-31,222236,4461916,20.25,20.25,20.0,20.15,-0.1,199,1.0,20.25,20.15,20.0,20.25
2021-04-01,103435,2077158,20.15,20.25,20.0,20.1,-0.05,138,1.0,20.15,20.1,20.0,20.25
2021-04-06,430083,8473166,20.1,20.1,19.5,19.65,-0.45,303,1.0,20.1,19.65,19.5,20.1
2021-04-07,247544,4874477,19.55,20.0,19.5,20.0,0.35,172,1.0,19.55,20.0,19.5,20.0
2021-04-08,171952,3414179,20.0,20.1,19.75,19.8,-0.2,168,1.0,20.0,19.8,19.75,20.1
2021-04-09,236382,4624760,19.6,19.8,19.5,19.6,-0.2,225,1.0,19.6,19.6,19.5,19.8
2021-04-12,279857,5460653,19.5,19.65,19.45,19.45,-0.15,183,1.0,19.5,19.45,19.45,19.65
2021-04-13,377727,7473991,19.45,20.05,19.45,19.9,0.45,241,1.0,19.45,19.9,19.45,20.05
2021-04-14,392205,7679536,19.9,20.1,19.25,19.35,-0.55,729,1.0,19.9,19.35,19.25,20.1
2021-04-15,172871,3325889,19.0,19.4,19.0,19.3,-0.05,382,1.0,19.0,19.3,19.0,19.4
2021-04-16,197321,3824675,19.3,19.45,19.3,19.45,0.15,278,1.0,19.3,19.45,19.3,19.45
2021-04-19,436494,8445916,19.45,19.6,19.1,19.5,0.05,318,1.0,19.45,19.5,19.1,19.6
2021-04-20,429410,8369937,19.5,19.65,19.4,19.6,0.1,265,1.0,19.5,19.6,19.4,19.65
2021-04-21,888385,17819891,19.6,20.6,19.45,20.35,0.75,467,1.0,19.6,20.35,19.45,20.6
2021-04-22,632756,12795117,20.35,20.45,19.85,20.0,-0.35,379,1.0,20.35,20.0,19.85,20.45
2021-04-23,219657,4427212,20.4,20.4,20.05,20.1,0.1,167,1.0,20.4,20.1,20.05,20.4
2021-04-26,248921,4994808,20.1,20.15,20.0,20.1,0.0,185,1.0,20.1,20.1,20.0,20.15
2021-04-27,1090312,22418996,20.0,21.2,20.0,20.65,0.55,466,1.0,20.0,20.65,20.0,21.2
2021-04-28,901104,18668591,20.65,21.2,20.4,20.65,0.0,350,1.0,20.65,20.65,20.4,21.2
2021-04-29,296117,6094002,20.7,20.85,20.4,20.65,0.0,238,1.0,20.7,20.65,20.4,20.85
2021-05-03,484939,9708243,20.7,20.7,19.8,19.8,-0.85,249,1.0,20.7,19.8,19.8,20.7
2021-05-04,512438,9896012,19.8,19.8,19.05,19.15,-0.65,269,1.0,19.8,19.15,19.05,19.8
2021-05-05,324913,6240478,19.15,19.5,19.1,19.3,0.15,188,1.0,19.15,19.3,19.1,19.5
2021-05-06,172314,3326210,19.2,19.5,19.2,19.3,0.0,110,1.0,19.2,19.3,19.2,19.5
2021-05-07,187957,3620600,19.3,19.35,19.2,19.3,0.0,120,1.0,19.3,19.3,19.2,19.35
2021-05-10,257576,4928751,19.15,19.25,18.85,19.2,-0.1,187,1.0,19.15,19.2,18.85,19.25
2021-05-11,957303,17638079,19.0,19.15,17.8,18.0,-1.2,381,1.0,19.0,18.0,17.8,19.15
2021-05-12,1444218,24039828,17.85,17.85,16.2,16.25,-1.75,465,1.0,17.85,16.25,16.2,17.85
2021-05-13,564513,9059971,15.8,16.5,15.7,16.0,-0.25,329,1.0,15.8,16.0,15.7,16.5
2021-05-14,580106,9262562,16.0,16.35,15.75,15.9,-0.1,283,1.0,16.0,15.9,15.75,16.35
2021-05-17,479908,7049965,14.55,15.5,14.5,14.5,-1.4,267,1.0,14.55,14.5,14.5,15.5
2021-05-18,342447,5202629,15.0,15.6,14.65,15.4,0.9,205,1.0,15.0,15.4,14.65,15.6
2021-05-19,174820,2697476,15.4,15.9,15.1,15.85,0.45,132,1.0,15.4,15.85,15.1,15.9
2021-05-20,117379,1824074,15.9,15.9,15.4,15.6,-0.25,113,1.0,15.9,15.6,15.4,15.9
2021-05-21,189767,3036927,15.75,16.1,15.7,16.1,0.5,101,1.0,15.75,16.1,15.7,16.1
2021-05-24,228876,3741599,16.4,16.5,16.0,16.45,0.35,119,1.0,16.4,16.45,16.0,16.5
2021-05-25,152853,2480652,16.5,16.5,16.0,16.25,-0.2,107,1.0,16.5,16.25,16.0,16.5
2021-05-26,151369,2499223,16.25,16.6,16.25,16.6,0.35,82,1.0,16.25,16.6,16.25,16.6
2021-05-27,153979,2536742,16.7,16.7,16.3,16.6,0.0,82,1.0,16.7,16.6,16.3,16.7
2021-05-28,145885,2424584,16.7,16.7,16.5,16.7,0.1,112,1.0,16.7,16.7,16.5,16.7
2021-05-31,275510,4669456,16.7,17.1,16.7,16.95,0.25,161,1.0,16.7,16.95,16.7,17.1
2021-06-01,141531,2413453,17.15,17.15,16.95,17.05,0.1,121,1.0,17.15,17.05,16.95,17.15
2021-06-02,198592,3389843,17.1,17.25,16.85,17.0,-0.05,133,1.0,17.1,17.0,16.85,17.25
2021-06-03,423173,7249776,17.0,17.4,17.0,17.2,0.2,160,1.0,17.0,17.2,17.0,17.4
2021-06-04,552813,9744375,17.2,17.95,17.2,17.35,0.15,269,1.0,17.2,17.35,17.2,17.95
2021-06-07,202857,3435812,17.35,17.35,16.75,16.8,-0.55,148,1.0,17.35,16.8,16.75,17.35
2021-06-08,92787,1576914,17.15,17.15,16.85,16.95,0.15,69,1.0,17.15,16.95,16.85,17.15
2021-06-09,90059,1529322,16.9,17.0,16.9,16.9,-0.05,76,1.0,16.9,16.9,16.9,17.0
2021-06-10,93448,1576097,17.0,17.0,16.8,16.9,0.0,77,1.0,17.0,16.9,16.8,17.0
2021-06-11,59608,1012480,17.0,17.05,16.9,16.95,0.05,79,1.0,17.0,16.95,16.9,17.05
2021-06-15,315911,5460560,17.0,17.5,17.0,17.5,0.55,209,1.0,17.0,17.5,17.0,17.5
2021-06-16,144399,2540356,17.8,17.8,17.5,17.6,0.1,115,1.0,17.8,17.6,17.5,17.8
2021-06-17,284973,5097790,17.6,18.15,17.6,18.0,0.4,225,1.0,17.6,18.0,17.6,18.15
2021-06-18,131971,2375342,18.0,18.05,17.9,18.05,0.05,111,1.0,18.0,18.05,17.9,18.05
2021-06-21,810700,15099297,18.05,19.1,18.0,18.95,0.9,485,1.0,18.05,18.95,18.0,19.1
2021-06-22,469062,8905769,19.1,19.4,18.5,18.85,-0.1,348,1.0,19.1,18.85,18.5,19.4
2021-06-23,470827,8715183,19.15,19.15,18.3,18.35,-0.5,235,1.0,19.15,18.35,18.3,19.15
2021-06-24,147328,2698677,18.5,18.5,18.2,18.4,0.05,127,1.0,18.5,18.4,18.2,18.5
2021-06-25,276323,5008442,18.4,18.4,18.0,18.2,-0.2,153,1.0,18.4,18.2,18.0,18.4
2021-06-28,230129,4162976,18.2,18.35,18.0,18.15,-0.05,129,1.0,18.2,18.15,18.0,18.35
2021-06-29,268433,4804487,17.9,18.15,17.75,17.9,-0.25,152,1.0,17.9,17.9,17.75,18.15
2021-06-30,182258,3291754,18.05,18.15,18.0,18.1,0.2,153,1.0,18.05,18.1,18.0,18.15
2021-07-01,280271,5057222,18.1,18.2,17.95,18.05,-0.05,180,1.0,18.1,18.05,17.95,18.2
2021-07-02,292104,5267690,18.1,18.1,17.9,18.0,-0.05,192,1.0,18.1,18.0,17.9,18.1
2021-07-05,394038,7213750,18.15,18.55,18.0,18.55,0.55,239,1.0,18.15,18.55,18.0,18.55
2021-07-06,625127,11868567,18.75,19.15,18.75,19.0,0.45,416,1.0,18.75,19.0,18.75,19.15
2021-07-07,2920401,59597959,19.2,20.9,19.05,20.9,1.9,1677,1.0,19.2,20.9,19.05,20.9
2021-07-08,2566812,52287696,21.1,21.15,19.1,20.5,-0.4,1595,1.0,21.1,20.5,19.1,21.15
2021-07-09,1568908,31542676,20.5,20.65,19.55,19.8,-0.7,980,1.0,20.5,19.8,19.55,20.65
2021-07-12,505255,9726373,19.65,19.65,19.05,19.1,-0.7,427,1.0,19.65,19.1,19.05,19.65
2021-07-13,748806,14225392,19.15,19.35,18.8,18.8,-0.3,402,1.0,19.15,18.8,18.8,19.35
2021-07-14,368518,7096434,19.3,19.5,18.85,19.2,0.4,237,1.0,19.3,19.2,18.85,19.5
2021-07-15,309286,5938913,19.2,19.3,19.0,19.3,0.1,213,1.0,19.2,19.3,19.0,19.3
2021-07-16,388895,7521897,19.3,19.45,19.1,19.45,0.15,223,1.0,19.3,19.45,19.1,19.45
2021-07-19,1706246,34192674,19.5,20.3,19.5,20.25,0.8,926,1.0,19.5,20.25,19.5,20.3
2021-07-20,718709,14086605,20.1,20.1,19.3,19.6,-0.65,473,1.0,20.1,19.6,19.3,20.1
2021-07-21,585431,11325752,19.85,19.9,19.0,19.5,-0.1,336,1.0,19.85,19.5,19.0,19.9
2021-07-22,362130,6965111,19.7,19.7,19.05,19.1,-0.4,264,1.0,19.7,19.1,19.05,19.7
2021-07-23,958857,18811125,19.2,20.0,19.05,19.65,0.55,599,1.0,19.2,19.65,19.05,20.0
2021-07-26,506787,9728911,19.55,19.55,19.1,19.2,-0.45,359,1.0,19.55,19.2,19.1,19.55
2021-07-27,728538,13670430,19.4,19.4,18.4,18.5,-0.7,412,1.0,19.4,18.5,18.4,19.4
2021-07-28,400839,7260856,18.45,18.45,18.0,18.1,-0.4,260,1.0,18.45,18.1,18.0,18.45
2021-07-29,177122,3222628,18.1,18.35,18.1,18.25,0.15,145,1.0,18.1,18.25,18.1,18.35
2021-07-30,178582,3245002,18.2,18.35,18.1,18.1,-0.15,176,1.0,18.2,18.1,18.1,18.35
2021-08-02,436559,7813401,18.0,18.1,17.7,18.1,0.0,291,1.0,18.0,18.1,17.7,18.1
2021-08-03,81963,1481720,18.15,18.25,18.0,18.0,-0.1,98,1.0,18.15,18.0,18.0,18.25
2021-08-04,183406,3346291,18.0,18.5,18.0,18.5,0.5,156,1.0,18.0,18.5,18.0,18.5
2021-08-05,163352,2983316,18.5,18.5,18.0,18.5,0.0,126,1.0,18.5,18.5,18.0,18.5
2021-08-06,192359,3520078,18.5,18.5,18.1,18.5,0.0,154,1.0,18.5,18.5,18.1,18.5
2021-08-09,106656,1952963,18.5,18.5,18.15,18.45,-0.05,100,1.0,18.5,18.45,18.15,18.5
2021-08-10,81202,1483176,18.45,18.45,18.1,18.35,-0.1,70,1.0,18.45,18.35,18.1,18.45
2021-08-11,189146,3431750,18.35,18.35,18.05,18.2,-0.15,116,1.0,18.35,18.2,18.05,18.35
2021-08-12,187590,3361092,18.05,18.1,17.85,17.95,-0.25,159,1.0,18.05,17.95,17.85,18.1
2021-08-13,278161,4918383,17.95,17.95,17.5,17.75,-0.2,186,1.0,17.95,17.75,17.5,17.95
2021-08-16,151557,2709782,18.85,18.85,17.5,17.75,0.0,117,1.0,18.85,17.75,17.5,18.85
2021-08-17,139008,2444604,17.75,17.8,17.45,17.7,-0.05,125,1.0,17.75,17.7,17.45,17.8
2021-08-18,178428,3148454,17.4,17.9,17.35,17.7,0.0,121,1.0,17.4,17.7,17.35,17.9
2021-08-19,179618,3153659,17.6,17.8,17.45,17.65,-0.05,117,1.0,17.6,17.65,17.45,17.8
2021-08-20,126241,2219521,17.75,17.8,17.4,17.8,0.15,95,1.0,17.75,17.8,17.4,17.8
2021-08-23,164376,2921850,17.8,17.9,17.5,17.9,0.1,111,1.0,17.8,17.9,17.5,17.9
2021-08-24,87219,1566480,17.95,18.1,17.9,18.0,0.1,86,1.0,17.95,18.0,17.9,18.1
2021-08-25,160569,2910731,18.1,18.25,17.8,18.2,0.2,118,1.0,18.1,18.2,17.8,18.25
2021-08-26,247861,4535595,18.1,18.45,18.1,18.4,0.2,165,1.0,18.1,18.4,18.1,18.45
2021-08-27,118713,2166769,18.3,18.35,18.15,18.35,-0.05,106,1.0,18.3,18.35,18.15,18.35
2021-08-30,259147,4706342,18.3,18.35,18.05,18.35,0.0,125,1.0,18.3,18.35,18.05,18.35
2021-08-31,85815,1554776,18.35,18.35,18.0,18.1,-0.25,83,1.0,18.35,18.1,18.0,18.35
2021-09-01,450253,8331676,18.25,18.7,18.25,18.5,0.4,168,1.0,18.25,18.5,18.25,18.7
2021-09-02,94670,1733692,18.5,18.5,18.25,18.25,-0.25,84,1.0,18.5,18.25,18.25,18.5
2021-09-03,237712,4337433,18.25,18.6,18.15,18.2,-0.05,137,1.0,18.25,18.2,18.15,18.6
2021-09-06,169415,3064657,18.15,18.15,17.95,18.15,-0.05,123,1.0,18.15,18.15,17.95,18.15
2021-09-07,209663,3737692,18.0,18.0,17.75,17.9,-0.25,99,1.0,18.0,17.9,17.75,18.0
2021-09-08,183166,3227764,18.0,18.0,17.3,17.45,-0.45,122,1.0,18.0,17.45,17.3,18.0
2021-09-09,174976,3041839,17.45,17.65,17.3,17.4,-0.05,103,1.0,17.45,17.4,17.3,17.65
2021-09-10,68260,1202074,17.4,17.85,17.4,17.7,0.3,53,1.0,17.4,17.7,17.4,17.85
2021-09-13,133139,2381844,17.7,18.1,17.65,17.75,0.05,91,1.0,17.7,17.75,17.65,18.1
2021-09-14,68551,1223189,18.05,18.05,17.65,17.95,0.2,58,1.0,18.05,17.95,17.65,18.05
2021-09-15,70422,1263001,17.95,18.0,17.85,18.0,0.05,55,1.0,17.95,18.0,17.85,18.0
2021-09-16,217015,3913372,18.2,18.2,17.85,17.85,-0.15,105,1.0,18.2,17.85,17.85,18.2
2021-09-17,73624,1320014,17.85,18.0,17.8,17.95,0.1,44,1.0,17.85,17.95,17.8,18.0
2021-09-22,107536,1920015,17.9,18.0,17.75,17.75,-0.2,76,1.0,17.9,17.75,17.75,18.0
2021-09-23,90316,1610907,17.8,18.0,17.75,18.0,0.25,59,1.0,17.8,18.0,17.75,18.0
2021-09-24,60038,1081017,18.0,18.15,17.75,18.0,0.0,56,1.0,18.0,18.0,17.75,18.15
2021-09-27,126838,2300304,18.0,18.2,18.0,18.05,0.05,143,1.0,18.0,18.05,18.0,18.2
2021-09-28,88651,1610401,18.2,18.25,18.0,18.25,0.2,67,1.0,18.2,18.25,18.0,18.25
2021-09-29,145651,2627224,18.2,18.2,17.95,18.05,-0.2,106,1.0,18.2,18.05,17.95,18.2
2021-09-30,142042,2578914,18.1,18.25,18.1,18.15,0.1,91,1.0,18.1,18.15,18.1,18.25
2021-10-01,324997,5861662,18.2,18.25,17.8,18.0,-0.15,202,1.0,18.2,18.0,17.8,18.25
2021-10-04,1282561,24066817,18.15,19.0,18.15,18.8,0.8,700,1.0,18.15,18.8,18.15,19.0
2021-10-05,505322,9413917,18.85,18.85,18.4,18.6,-0.2,308,1.0,18.85,18.6,18.4,18.85
2021-10-06,343509,6400417,18.65,18.85,18.3,18.6,0.0,196,1.0,18.65,18.6,18.3,18.85
2021-10-07,192674,3596392,18.5,18.75,18.5,18.65,0.05,155,1.0,18.5,18.65,18.5,18.75
2021-10-08,235077,4378399,18.75,18.9,18.4,18.45,-0.2,163,1.0,18.75,18.45,18.4,18.9
2021-10-12,287429,5211499,18.5,18.5,18.0,18.15,-0.3,147,1.0,18.5,18.15,18.0,18.5
2021-10-13,210352,3805291,18.2,18.25,17.9,18.15,0.0,176,1.0,18.2,18.15,17.9,18.25
2021-10-14,152080,2726482,18.15,18.15,17.85,17.95,-0.2,90,1.0,18.15,17.95,17.85,18.15
2021-10-15,99281,1785929,17.95,18.1,17.95,18.0,0.05,94,1.0,17.95,18.0,17.95,18.1
2021-10-18,65580,1176585,18.15,18.15,17.85,18.0,0.0,57,1.0,18.15,18.0,17.85,18.15
2021-10-19,76235,1377869,18.1,18.1,18.0,18.1,0.1,55,1.0,18.1,18.1,18.0,18.1
2021-10-20,141938,2554993,18.1,18.1,17.95,18.0,-0.1,74,1.0,18.1,18.0,17.95,18.1
2021-10-21,83687,1501590,17.9,18.0,17.9,18.0,0.0,69,1.0,17.9,18.0,17.9,18.0
2021-10-22,52912,948579,17.9,18.0,17.9,18.0,0.0,59,1.0,17.9,18.0,17.9,18.0
2021-10-25,87790,1576851,18.1,18.1,17.9,18.0,0.0,63,1.0,18.1,18.0,17.9,18.1
2021-10-26,200155,3581784,18.0,18.0,17.85,18.0,0.0,113,1.0,18.0,18.0,17.85,18.0
2021-10-27,56825,1018981,18.1,18.1,17.85,17.95,-0.05,54,1.0,18.1,17.95,17.85,18.1
2021-10-28,193355,3501825,17.95,18.25,17.95,18.1,0.15,106,1.0,17.95,18.1,17.95,18.25
2021-10-29,158816,2873729,18.2,18.2,18.0,18.05,-0.05,93,1.0,18.2,18.05,18.0,18.2
2021-11-01,92254,1668627,18.05,18.15,18.05,18.15,0.1,92,1.0,18.05,18.15,18.05,18.15
2021-11-02,168173,3073478,18.2,18.6,18.2,18.2,0.05,125,1.0,18.2,18.2,18.2,18.6
2021-11-03,45647,830266,18.2,18.35,18.1,18.2,0.0,71,1.0,18.2,18.2,18.1,18.35
2021-11-04,128752,2323010,18.2,18.2,17.95,18.1,-0.1,95,1.0,18.2,18.1,17.95,18.2
2021-11-05,48078,870809,18.1,18.2,18.0,18.1,0.0,58,1.0,18.1,18.1,18.0,18.2
2021-11-08,272582,5000022,18.25,18.4,18.25,18.35,0.25,189,1.0,18.25,18.35,18.25,18.4
2021-11-09,99037,1815229,18.35,18.4,18.3,18.35,0.0,102,1.0,18.35,18.35,18.3,18.4
2021-11-10,111684,2054168,18.35,18.45,18.35,18.45,0.1,86,1.0,18.35,18.45,18.35,18.45
2021-11-11,203749,3757982,18.45,18.5,18.35,18.35,-0.1,124,1.0,18.45,18.35,18.35,18.5
2021-11-12,222807,4075605,18.5,18.5,18.15,18.25,-0.1,107,1.0,18.5,18.25,18.15,18.5
2021-11-15,128402,2341182,18.25,18.3,18.2,18.2,-0.05,86,1.0,18.25,18.2,18.2,18.3
2021-11-16,89354,1632036,18.25,18.45,18.2,18.25,0.05,56,1.0,18.25,18.25,18.2,18.45
2021-11-17,150076,2734664,18.3,18.3,18.2,18.25,0.0,110,1.0,18.3,18.25,18.2,18.3
2021-11-18,131727,2398120,18.25,18.25,18.15,18.2,-0.05,82,1.0,18.25,18.2,18.15,18.25
2021-11-19,108772,1978923,18.25,18.35,18.15,18.2,0.0,95,1.0,18.25,18.2,18.15,18.35
2021-11-22,137416,2497424,18.2,18.25,18.1,18.2,0.0,77,1.0,18.2,18.2,18.1,18.25
2021-11-23,76630,1387313,18.1,18.25,18.05,18.15,-0.05,67,1.0,18.1,18.15,18.05,18.25
2021-11-24,136418,2475225,18.15,18.25,18.05,18.15,0.0,86,1.0,18.15,18.15,18.05,18.25
2021-11-25,32837,594870,18.15,18.15,18.05,18.15,0.0,58,1.0,18.15,18.15,18.05,18.15
2021-11-26,142267,2549266,18.1,18.1,17.8,17.85,-0.3,106,1.0,18.1,17.85,17.8,18.1
2021-11-29,168447,2954131,17.65,17.75,17.3,17.6,-0.25,120,1.0,17.65,17.6,17.3,17.75
2021-11-30,82729,1463575,17.95,17.95,17.6,17.7,0.1,70,1.0,17.95,17.7,17.6,17.95
2021-12-01,66591,1176686,17.8,17.8,17.6,17.65,-0.05,69,1.0,17.8,17.65,17.6,17.8
2021-12-02,125048,2192728,17.7,17.7,17.5,17.55,-0.1,72,1.0,17.7,17.55,17.5,17.7
2021-12-03,36570,643733,17.55,17.65,17.55,17.65,0.1,49,1.0,17.55,17.65,17.55,17.65
2021-12-06,103588,1818333,17.65,17.7,17.5,17.7,0.05,87,1.0,17.65,17.7,17.5,17.7
2021-12-07,46927,830710,17.7,17.75,17.7,17.7,0.0,42,1.0,17.7,17.7,17.7,17.75
2021-12-08,35301,626473,17.9,17.9,17.65,17.7,0.0,61,1.0,17.9,17.7,17.65,17.9
2021-12-09,58449,1032839,17.7,17.75,17.6,17.7,0.0,51,1.0,17.7,17.7,17.6,17.75
2021-12-10,45225,795560,17.8,17.8,17.55,17.6,-0.1,64,1.0,17.8,17.6,17.55,17.8
2021-12-13,108096,1899987,17.75,17.75,17.5,17.65,0.05,79,1.0,17.75,17.65,17.5,17.75
2021-12-14,84215,1471495,17.55,17.55,17.45,17.5,-0.15,90,1.0,17.55,17.5,17.45,17.55
2021-12-15,90150,1569446,17.55,17.55,17.35,17.4,-0.1,68,1.0,17.55,17.4,17.35,17.55
2021-12-16,205519,3566285,17.35,17.45,17.3,17.4,0.0,107,1.0,17.35,17.4,17.3,17.45
2021-12-17,171868,2962408,17.35,17.35,17.15,17.25,-0.15,92,1.0,17.35,17.25,17.15,17.35
2021-12-20,102754,1769164,17.3,17.3,17.1,17.3,0.05,66,1.0,17.3,17.3,17.1,17.3
2021-12-21,29497,506675,17.15,17.25,17.1,17.25,-0.05,68,1.0,17.15,17.25,17.1,17.25
2021-12-22,153828,2658137,17.2,17.4,17.2,17.3,0.05,82,1.0,17.2,17.3,17.2,17.4
2021-12-23,122551,2130916,17.35,17.45,17.3,17.45,0.15,79,1.0,17.35,17.45,17.3,17.45
2021-12-24,57015,993058,17.45,17.5,17.35,17.35,-0.1,72,1.0,17.45,17.35,17.35,17.5
2021-12-27,59603,1032219,17.35,17.35,17.3,17.35,0.0,80,1.0,17.35,17.35,17.3,17.35
2021-12-28,94061,1641786,17.4,17.55,17.4,17.55,0.2,93,1.0,17.4,17.55,17.4,17.55
2021-12-29,164504,2898254,17.5,17.75,17.45,17.65,0.1,123,1.0,17.5,17.65,17.45,17.75
2021-12-30,164954,2923339,17.8,17.85,17.55,17.55,-0.1,147,1.0,17.8,17.55,17.55,17.85
2022-01-03,84139,1472242,17.6,17.6,17.4,17.45,-0.1,119,1.0,17.6,17.45,17.4,17.6
2022-01-04,61766,1079077,17.5,17.5,17.4,17.45,0.0,85,1.0,17.5,17.45,17.4,17.5
2022-01-05,41954,732960,17.45,17.5,17.45,17.45,0.0,66,1.0,17.45,17.45,17.45,17.5
2022-01-06,64212,1111789,17.45,17.45,17.25,17.35,-0.1,86,1.0,17.45,17.35,17.25,17.45
2022-01-07,187113,3218532,17.35,17.35,17.1,17.25,-0.1,135,1.0,17.35,17.25,17.1,17.35
2022-01-10,66681,1141312,17.1,17.2,17.0,17.2,-0.05,98,1.0,17.1,17.2,17.0,17.2
2022-01-11,120599,2101633,17.25,17.6,17.25,17.45,0.25,132,1.0,17.25,17.45,17.25,17.6
2022-01-12,154834,2695924,17.5,17.5,17.3,17.5,0.05,91,1.0,17.5,17.5,17.3,17.5
2022-01-13,34217,594717,17.5,17.5,17.35,17.4,-0.1,70,1.0,17.5,17.4,17.35,17.5
2022-01-14,133774,2301879,17.4,17.4,17.2,17.25,-0.15,85,1.0,17.4,17.25,17.2,17.4
2022-01-17,109622,1897529,17.15,17.35,17.15,17.3,0.05,83,1.0,17.15,17.3,17.15,17.35
2022-01-18,80743,1394643,17.4,17.4,17.2,17.25,-0.05,123,1.0,17.4,17.25,17.2,17.4
2022-01-19,20019,343588,17.1,17.25,17.1,17.15,-0.1,51,1.0,17.1,17.15,17.1,17.25
2022-01-20,42782,738563,17.25,17.4,17.15,17.3,0.15,53,1.0,17.25,17.3,17.15,17.4
2022-01-21,142789,2440166,17.3,17.3,17.0,17.25,-0.05,152,1.0,17.3,17.25,17.0,17.3
2022-01-24,89422,1534573,17.25,17.25,17.05,17.25,0.0,106,1.0,17.25,17.25,17.05,17.25
2022-01-25,76045,1298769,17.2,17.2,17.05,17.05,-0.2,105,1.0,17.2,17.05,17.05,17.2
2022-01-26,131300,2235822,17.05,17.1,16.9,17.1,0.05,150,1.0,17.05,17.1,16.9,17.1
2022-02-07,59722,1015666,17.1,17.1,16.85,17.05,-0.05,174,1.0,17.1,17.05,16.85,17.1
2022-02-08,129971,2238038,17.0,17.3,17.0,17.3,0.25,73,1.0,17.0,17.3,17.0,17.3
2022-02-09,70885,1229527,17.4,17.4,17.25,17.4,0.1,88,1.0,17.4,17.4,17.25,17.4
2022-02-10,67344,1175252,17.5,17.5,17.35,17.5,0.1,71,1.0,17.5,17.5,17.35,17.5
2022-02-11,65187,1132158,17.4,17.5,17.3,17.35,-0.15,82,1.0,17.4,17.35,17.3,17.5
2022-02-14,43937,758771,17.35,17.35,17.2,17.3,-0.05,99,1.0,17.35,17.3,17.2,17.35
2022-02-15,303160,5368457,17.2,18.2,17.2,17.75,0.45,167,1.0,17.2,17.75,17.2,18.2
2022-02-16,176776,3080879,17.75,17.8,17.25,17.35,-0.4,263,1.0,17.75,17.35,17.25,17.8
2022-02-17,1134496,20633100,17.7,18.6,17.45,18.2,0.85,858,1.0,17.7,18.2,17.45,18.6
2022-02-18,1684235,31224627,18.4,18.9,18.0,18.35,0.15,1602,1.0,18.4,18.35,18.0,18.9
2022-02-21,378909,6852871,18.35,18.35,18.0,18.15,-0.2,312,1.0,18.35,18.15,18.0,18.35
2022-02-22,293501,5222243,18.15,18.15,17.6,17.8,-0.35,880,1.0,18.15,17.8,17.6,18.15
2022-02-23,82110,1461807,17.7,18.25,17.7,17.85,0.05,508,1.0,17.7,17.85,17.7,18.25
2022-02-24,2200558,41651331,17.7,19.55,17.65,18.55,0.7,1401,1.0,17.7,18.55,17.65,19.55
2022-02-25,2520481,48184695,18.65,19.4,18.65,18.9,0.35,1337,1.0,18.65,18.9,18.65,19.4
2022-03-01,650646,12173781,18.6,18.9,18.45,18.9,0.0,445,1.0,18.6,18.9,18.45,18.9
2022-03-02,198300,3699059,18.75,18.75,18.55,18.65,-0.25,195,1.0,18.75,18.65,18.55,18.75
2022-03-03,517046,9727259,18.7,19.0,18.55,18.85,0.2,312,1.0,18.7,18.85,18.55,19.0
2022-03-04,323214,5947128,18.85,18.85,18.25,18.3,-0.55,307,1.0,18.85,18.3,18.25,18.85
2022-03-07,607196,10584409,18.15,18.15,17.1,17.3,-1.0,404,1.0,18.15,17.3,17.1,18.15
2022-03-08,199707,3459744,17.25,17.7,17.15,17.3,0.0,194,1.0,17.25,17.3,17.15,17.7
2022-03-09,260681,4518268,17.8,17.8,17.1,17.2,-0.1,224,1.0,17.8,17.2,17.1,17.8
2022-03-10,640282,11062956,17.5,17.5,17.15,17.3,0.1,349,1.0,17.5,17.3,17.15,17.5
2022-03-11,177022,3038042,17.25,17.25,17.1,17.15,-0.15,194,1.0,17.25,17.15,17.1,17.25
2022-03-14,180403,3090808,17.15,17.3,17.05,17.15,0.0,187,1.0,17.15,17.15,17.05,17.3
2022-03-15,258787,4394906,17.05,17.15,16.85,16.95,-0.2,221,1.0,17.05,16.95,16.85,17.15
2022-03-16,259148,4451606,17.1,17.3,17.05,17.1,0.15,298,1.0,17.1,17.1,17.05,17.3
2022-03-17,155416,2690349,17.2,17.4,17.15,17.4,0.3,498,1.0,17.2,17.4,17.15,17.4
2022-03-18,88265,1534525,17.4,17.5,17.3,17.4,0.0,377,1.0,17.4,17.4,17.3,17.5
2022-03-21,103342,1796088,17.45,17.5,17.3,17.4,0.0,340,1.0,17.45,17.4,17.3,17.5
2022-03-22,67136,1168158,17.45,17.45,17.3,17.45,0.05,356,1.0,17.45,17.45,17.3,17.45
2022-03-23,136878,2392173,17.45,17.55,17.4,17.45,0.0,303,1.0,17.45,17.45,17.4,17.55
2022-03-24,68848,1195911,17.45,17.45,17.2,17.3,-0.15,298,1.0,17.45,17.3,17.2,17.45
2022-03-25,108178,1867169,17.35,17.35,17.2,17.3,0.0,324,1.0,17.35,17.3,17.2,17.35
2022-03-28,125352,2147015,17.15,17.2,17.05,17.2,-0.1,420,1.0,17.15,17.2,17.05,17.2
2022-03-29,89139,1536161,17.25,17.4,17.05,17.4,0.2,346,1.0,17.25,17.4,17.05,17.4
2022-03-30,131066,2263263,17.4,17.45,17.2,17.2,-0.2,200,1.0,17.4,17.2,17.2,17.45
2022-03-31,83354,1436146,17.2,17.3,17.2,17.2,0.0,107,1.0,17.2,17.2,17.2,17.3
2022-04-01,132165,2269694,17.3,17.3,17.1,17.1,-0.1,102,1.0,17.3,17.1,17.1,17.3
2022-04-06,157306,2687118,17.05,17.15,17.05,17.15,0.05,138,1.0,17.05,17.15,17.05,17.15
2022-04-07,158798,2716756,17.15,17.35,17.0,17.2,0.05,135,1.0,17.15,17.2,17.0,17.35
2022-04-08,33965,584448,17.25,17.3,17.15,17.15,-0.05,78,1.0,17.25,17.15,17.15,17.3
2022-04-11,223982,3811292,17.15,17.15,16.95,17.0,-0.15,194,1.0,17.15,17.0,16.95,17.15
2022-04-12,110441,1878984,17.05,17.05,16.95,17.05,0.05,85,1.0,17.05,17.05,16.95,17.05
2022-04-13,448816,7863318,17.15,17.9,17.15,17.35,0.3,322,1.0,17.15,17.35,17.15,17.9
2022-04-14,346623,6082632,17.35,17.95,17.25,17.25,-0.1,225,1.0,17.35,17.25,17.25,17.95
2022-04-15,53917,930854,17.6,17.6,17.15,17.2,-0.05,107,1.0,17.6,17.2,17.15,17.6
2022-04-18,355219,6067791,17.0,17.25,17.0,17.05,-0.15,120,1.0,17.0,17.05,17.0,17.25
2022-04-19,41437,710852,17.05,17.3,17.05,17.25,0.2,79,1.0,17.05,17.25,17.05,17.3
2022-04-20,218700,3754661,17.1,17.35,17.1,17.25,0.0,91,1.0,17.1,17.25,17.1,17.35
2022-04-21,88601,1532938,17.4,17.4,17.2,17.25,0.0,105,1.0,17.4,17.25,17.2,17.4
2022-04-22,76475,1317011,17.35,17.4,17.2,17.2,-0.05,60,1.0,17.35,17.2,17.2,17.4
2022-04-25,121885,2077749,17.05,17.25,17.0,17.15,-0.05,155,1.0,17.05,17.15,17.0,17.25
2022-04-26,42351,725770,17.35,17.35,17.05,17.1,-0.05,43,1.0,17.35,17.1,17.05,17.35
2022-04-27,162575,2755266,17.1,17.1,16.9,17.0,-0.1,133,1.0,17.1,17.0,16.9,17.1
2022-04-28,86261,1463458,17.05,17.05,16.9,17.0,0.0,86,1.0,17.05,17.0,16.9,17.05
2022-04-29,159183,2712752,17.05,17.15,16.95,17.0,0.0,105,1.0,17.05,17.0,16.95,17.15
2022-05-03,69501,1180684,17.0,17.2,16.95,17.0,0.0,81,1.0,17.0,17.0,16.95,17.2
2022-05-04,50580,860354,17.15,17.15,16.95,17.0,0.0,60,1.0,17.15,17.0,16.95,17.15
2022-05-05,63607,1083268,17.15,17.15,17.0,17.0,0.0,67,1.0,17.15,17.0,17.0,17.15
2022-05-06,103360,1750155,16.9,17.0,16.9,16.95,-0.05,76,1.0,16.9,16.95,16.9,17.0
2022-05-09,139302,2353721,17.05,17.05,16.8,16.8,-0.15,136,1.0,17.05,16.8,16.8,17.05
2022-05-10,98834,1652873,16.9,16.9,16.6,16.85,0.05,98,1.0,16.9,16.85,16.6,16.9
2022-05-11,101359,1701601,16.85,16.9,16.65,16.8,-0.05,64,1.0,16.85,16.8,16.65,16.9
2022-05-12,264761,4368954,16.8,16.85,16.15,16.45,-0.35,200,1.0,16.8,16.45,16.15,16.85
2022-05-13,91614,1498189,16.25,16.45,16.25,16.45,0.0,95,1.0,16.25,16.45,16.25,16.45
2022-05-16,122488,2003509,16.45,16.5,16.25,16.3,-0.15,91,1.0,16.45,16.3,16.25,16.5
2022-05-17,44362,728301,16.4,16.5,16.35,16.4,0.1,75,1.0,16.4,16.4,16.35,16.5
2022-05-18,66552,1100011,16.4,16.8,16.4,16.45,0.05,75,1.0,16.4,16.45,16.4,16.8
2022-05-19,102914,1678421,16.35,16.75,16.2,16.7,0.25,68,1.0,16.35,16.7,16.2,16.75
2022-05-20,51859,854032,16.6,16.6,16.35,16.5,-0.2,55,1.0,16.6,16.5,16.35,16.6
2022-05-23,113139,1870950,16.5,16.7,16.5,16.6,0.1,66,1.0,16.5,16.6,16.5,16.7
2022-05-24,17906,299219,16.85,16.85,16.65,16.7,0.1,50,1.0,16.85,16.7,16.65,16.85
2022-05-25,60826,1013070,16.75,16.75,16.5,16.75,0.05,39,1.0,16.75,16.75,16.5,16.75
2022-05-26,84296,1421170,16.85,16.95,16.8,16.8,0.05,62,1.0,16.85,16.8,16.8,16.95
2022-05-27,158665,2703038,16.95,17.15,16.95,16.95,0.15,88,1.0,16.95,16.95,16.95,17.15
2022-05-30,303892,5271941,17.05,17.6,17.05,17.2,0.25,232,1.0,17.05,17.2,17.05,17.6
2022-05-31,145714,2490150,17.5,17.5,17.0,17.2,0.0,128,1.0,17.5,17.2,17.0,17.5
2022-06-01,154289,2643151,17.15,17.35,17.0,17.15,-0.05,87,1.0,17.15,17.15,17.0,17.35
2022-06-02,2898740,53134431,17.3,18.85,17.25,18.1,0.95,1564,1.0,17.3,18.1,17.25,18.85
2022-06-06,13960280,274555757,18.5,19.9,18.5,19.9,1.8,5102,1.0,18.5,19.9,18.5,19.9
2022-06-07,10566544,198656419,19.75,19.8,17.95,18.35,-1.55,4797,1.0,19.75,18.35,17.95,19.8
2022-06-08,5947954,112314172,18.4,19.8,17.9,18.7,0.35,3412,1.0,18.4,18.7,17.9,19.8
2022-06-09,5370098,102839829,18.6,19.65,18.55,18.95,0.25,3072,1.0,18.6,18.95,18.55,19.65
2022-06-10,2424160,45943689,19.0,19.2,18.65,19.05,0.1,1586,1.0,19.0,19.05,18.65,19.2
2022-06-13,6375783,123339125,19.0,19.95,18.8,19.0,-0.05,3417,1.0,19.0,19.0,18.8,19.95
2022-06-14,1822519,34036075,18.75,19.05,18.4,18.8,-0.2,1095,1.0,18.75,18.8,18.4,19.05
2022-06-15,1118046,20901056,19.0,19.15,18.35,18.35,-0.45,758,1.0,19.0,18.35,18.35,19.15
2022-06-16,1021869,18643313,18.65,18.75,17.85,17.9,-0.45,625,1.0,18.65,17.9,17.85,18.75
2022-06-17,932440,16567581,17.9,18.15,17.4,17.85,-0.05,590,1.0,17.9,17.85,17.4,18.15
2022-06-20,835371,14517532,17.95,17.95,17.05,17.1,-0.75,526,1.0,17.95,17.1,17.05,17.95
2022-06-21,902629,15755668,17.3,17.8,17.2,17.4,0.3,545,1.0,17.3,17.4,17.2,17.8
2022-06-22,877032,14910359,17.5,17.5,16.7,16.75,-0.65,513,1.0,17.5,16.75,16.7,17.5
2022-06-23,607448,10174688,17.05,17.05,16.55,16.65,-0.1,383,1.0,17.05,16.65,16.55,17.05
2022-06-24,616722,10539829,16.9,17.3,16.8,17.1,0.45,398,1.0,16.9,17.1,16.8,17.3
2022-06-27,627449,10908138,17.35,17.65,17.15,17.35,0.25,425,1.0,17.35,17.35,17.15,17.65
2022-06-28,301733,5204785,17.5,17.5,17.1,17.2,-0.15,231,1.0,17.5,17.2,17.1,17.5
2022-06-29,279003,4828533,17.2,17.45,17.1,17.35,0.15,215,1.0,17.2,17.35,17.1,17.45
2022-06-30,453729,7775248,17.4,17.5,17.0,17.15,-0.2,280,1.0,17.4,17.15,17.0,17.5
2022-07-01,698439,11577126,17.3,17.3,16.2,16.25,-0.9,463,1.0,17.3,16.25,16.2,17.3
2022-07-04,369752,6083072,16.3,16.85,16.25,16.35,0.1,234,1.0,16.3,16.35,16.25,16.85
2022-07-05,276466,4544234,16.6,16.7,16.25,16.45,0.1,188,1.0,16.6,16.45,16.25,16.7
2022-07-06,429978,6917418,16.5,16.5,15.8,15.95,-0.5,293,1.0,16.5,15.95,15.8,16.5
2022-07-07,404083,6496054,16.15,16.25,15.8,16.1,0.15,250,1.0,16.15,16.1,15.8,16.25
2022-07-08,246855,4004090,16.2,16.4,16.0,16.15,0.05,203,1.0,16.2,16.15,16.0,16.4
2022-07-11,174824,2837413,16.3,16.45,16.1,16.2,0.05,130,1.0,16.3,16.2,16.1,16.45
2022-07-12,269473,4273540,16.0,16.2,15.65,15.8,-0.4,233,1.0,16.0,15.8,15.65,16.2
2022-07-13,226540,3646513,16.1,16.15,16.0,16.1,0.3,146,1.0,16.1,16.1,16.0,16.15
2022-07-14,120271,1933431,16.1,16.2,15.85,16.2,0.1,112,1.0,16.1,16.2,15.85,16.2
2022-07-15,135325,2169235,16.1,16.1,16.0,16.05,-0.15,116,1.0,16.1,16.05,16.0,16.1
2022-07-18,3420816,59596219,16.3,17.65,16.15,17.55,1.5,1803,1.0,16.3,17.55,16.15,17.65
2022-07-19,6536396,115890802,17.55,18.35,16.95,16.95,-0.6,3369,1.0,17.55,16.95,16.95,18.35
2022-07-20,1301271,22047097,17.2,17.3,16.55,16.7,-0.25,815,1.0,17.2,16.7,16.55,17.3
2022-07-21,575961,9510355,16.8,16.85,16.35,16.6,-0.1,369,1.0,16.8,16.6,16.35,16.85
2022-07-22,415852,6867337,16.7,16.7,16.4,16.45,-0.15,252,1.0,16.7,16.45,16.4,16.7
2022-07-25,391417,6416494,16.6,16.65,16.2,16.35,-0.1,241,1.0,16.6,16.35,16.2,16.65
2022-07-26,1852456,31171947,16.4,17.1,16.4,16.6,0.25,1006,1.0,16.4,16.6,16.4,17.1
2022-07-27,473633,7794353,16.4,16.75,16.35,16.45,-0.15,373,1.0,16.4,16.45,16.35,16.75
2022-07-28,388282,6347259,16.45,16.55,16.25,16.35,-0.1,295,1.0,16.45,16.35,16.25,16.55
2022-07-29,266825,4393886,16.35,16.7,16.35,16.55,0.2,191,1.0,16.35,16.55,16.35,16.7
2022-08-01,201427,3329976,16.75,16.75,16.45,16.6,0.05,161,1.0,16.75,16.6,16.45,16.75
2022-08-02,466574,7550316,16.5,16.5,16.05,16.1,-0.5,322,1.0,16.5,16.1,16.05,16.5
2022-08-03,580153,9127020,16.1,16.1,15.4,15.7,-0.4,400,1.0,16.1,15.7,15.4,16.1
2022-08-04,460136,7160358,15.6,15.85,15.4,15.8,0.1,290,1.0,15.6,15.8,15.4,15.85
2022-08-05,301226,4859054,16.1,16.25,15.95,16.25,0.45,191,1.0,16.1,16.25,15.95,16.25
2022-08-08,146244,2373024,16.15,16.3,16.1,16.25,0.0,120,1.0,16.15,16.25,16.1,16.3
2022-08-09,236288,3884062,16.4,16.55,16.35,16.45,0.2,162,1.0,16.4,16.45,16.35,16.55
2022-08-10,820036,13729565,16.6,17.05,16.55,16.7,0.25,418,1.0,16.6,16.7,16.55,17.05
2022-08-11,391566,6531959,16.85,16.85,16.55,16.55,-0.15,319,1.0,16.85,16.55,16.55,16.85
2022-08-12,183916,3039766,16.5,16.65,16.45,16.6,0.05,146,1.0,16.5,16.6,16.45,16.65
2022-08-15,225943,3730192,16.6,16.7,16.05,16.65,0.05,143,1.0,16.6,16.65,16.05,16.7
2022-08-16,424717,7112458,16.65,16.95,16.6,16.65,0.0,238,1.0,16.65,16.65,16.6,16.95
2022-08-17,206790,3453593,16.65,16.85,16.65,16.75,0.1,147,1.0,16.65,16.75,16.65,16.85
2022-08-18,133145,2220160,16.7,16.8,16.55,16.6,-0.15,110,1.0,16.7,16.6,16.55,16.8
2022-08-19,305857,5071476,16.7,16.75,16.35,16.65,0.05,193,1.0,16.7,16.65,16.35,16.75
2022-08-22,149384,2476306,16.65,16.7,16.5,16.5,-0.15,106,1.0,16.65,16.5,16.5,16.7
2022-08-23,138804,2286307,16.65,16.7,16.35,16.45,-0.05,138,1.0,16.65,16.45,16.35,16.7
2022-08-24,177073,2933132,16.45,16.65,16.45,16.55,0.1,130,1.0,16.45,16.55,16.45,16.65
2022-08-25,258237,4300691,16.7,16.75,16.5,16.6,0.05,152,1.0,16.7,16.6,16.5,16.75
2022-08-26,1567565,26493883,16.7,17.3,16.3,16.8,0.2,679,1.0,16.7,16.8,16.3,17.3
2022-08-29,532598,8795386,16.5,16.9,16.4,16.4,-0.4,324,1.0,16.5,16.4,16.4,16.9
2022-08-30,174208,2854719,16.45,16.45,16.3,16.45,0.05,163,1.0,16.45,16.45,16.3,16.45
2022-08-31,300470,4915045,16.45,16.65,16.2,16.3,-0.15,204,1.0,16.45,16.3,16.2,16.65
2022-09-01,199426,3234887,16.2,16.45,16.15,16.2,-0.1,163,1.0,16.2,16.2,16.15,16.45
2022-09-02,198889,3213861,16.2,16.3,16.1,16.1,-0.1,119,1.0,16.2,16.1,16.1,16.3
2022-09-05,207758,3346756,16.15,16.3,16.05,16.05,-0.05,134,1.0,16.15,16.05,16.05,16.3
2022-09-06,252188,4085123,16.2,16.5,16.0,16.05,0.0,179,1.0,16.2,16.05,16.0,16.5
2022-09-07,195261,3110038,16.1,16.1,15.85,15.85,-0.2,182,1.0,16.1,15.85,15.85,16.1
2022-09-08,129518,2083661,16.0,16.2,15.95,16.2,0.35,96,1.0,16.0,16.2,15.95,16.2
2022-09-12,115939,1887006,16.25,16.35,16.15,16.3,0.1,116,1.0,16.25,16.3,16.15,16.35
2022-09-13,177678,2943905,16.65,16.8,16.4,16.5,0.2,153,1.0,16.65,16.5,16.4,16.8
2022-09-14,114875,1881244,16.2,16.5,16.2,16.35,-0.15,111,1.0,16.2,16.35,16.2,16.5
2022-09-15,138001,2259215,16.35,16.55,16.35,16.35,0.0,90,1.0,16.35,16.35,16.35,16.55
2022-09-16,129075,2117919,16.35,16.6,16.3,16.35,0.0,115,1.0,16.35,16.35,16.3,16.6
2022-09-19,121306,1982351,16.55,16.55,16.25,16.25,-0.1,92,1.0,16.55,16.25,16.25,16.55
2022-09-20,123472,2030978,16.45,16.5,16.35,16.45,0.2,112,1.0,16.45,16.45,16.35,16.5
2022-09-21,167226,2728353,16.5,16.5,16.2,16.3,-0.15,113,1.0,16.5,16.3,16.2,16.5
2022-09-22,1173074,19809856,16.3,17.25,16.25,16.8,0.5,735,1.0,16.3,16.8,16.25,17.25
2022-09-23,779127,13131392,17.15,17.25,16.4,16.4,-0.4,543,1.0,17.15,16.4,16.4,17.25
2022-09-26,381718,6250061,16.4,16.5,16.3,16.4,0.0,229,1.0,16.4,16.4,16.3,16.5
2022-09-27,336895,5532634,16.5,16.65,16.25,16.5,0.1,184,1.0,16.5,16.5,16.25,16.65
2022-09-28,498978,8098804,16.55,16.55,16.0,16.1,-0.4,281,1.0,16.55,16.1,16.0,16.55
2022-09-29,442274,7322819,16.2,16.75,16.15,16.65,0.55,270,1.0,16.2,16.65,16.15,16.75
2022-09-30,646792,10788271,16.5,16.85,16.4,16.65,0.0,367,1.0,16.5,16.65,16.4,16.85
2022-10-03,274423,4575207,16.65,16.9,16.5,16.6,-0.05,197,1.0,16.65,16.6,16.5,16.9
2022-10-04,278835,4677404,16.7,16.9,16.6,16.7,0.1,160,1.0,16.7,16.7,16.6,16.9
2022-10-05,200970,3318375,16.75,16.75,16.35,16.45,-0.25,189,1.0,16.75,16.45,16.35,16.75
2022-10-06,59887,985957,16.5,16.5,16.35,16.5,0.05,52,1.0,16.5,16.5,16.35,16.5
2022-10-07,3386414,59087758,16.55,17.8,16.5,17.45,0.95,1806,1.0,16.55,17.45,16.5,17.8
2022-10-11,1168974,20017377,17.45,17.45,16.9,16.9,-0.55,721,1.0,17.45,16.9,16.9,17.45
2022-10-12,726611,12225954,16.9,17.25,16.5,16.55,-0.35,471,1.0,16.9,16.55,16.5,17.25
2022-10-13,1493187,23720404,16.55,16.65,15.5,15.6,-0.95,856,1.0,16.55,15.6,15.5,16.65
2022-10-14,486264,7817738,15.8,16.25,15.8,16.25,0.65,296,1.0,15.8,16.25,15.8,16.25
2022-10-17,593157,9266033,15.85,15.95,15.4,15.9,-0.35,342,1.0,15.85,15.9,15.4,15.95
2022-10-18,191884,3050134,15.95,16.15,15.75,15.85,-0.05,322,1.0,15.95,15.85,15.75,16.15
2022-10-19,203598,3243950,15.85,16.2,15.75,16.0,0.15,130,1.0,15.85,16.0,15.75,16.2
2022-10-20,183434,2885087,16.0,16.0,15.6,15.8,-0.2,129,1.0,16.0,15.8,15.6,16.0
2022-10-21,122633,1945355,15.95,16.05,15.7,15.7,-0.1,105,1.0,15.95,15.7,15.7,16.05
2022-10-24,157261,2508020,15.8,16.05,15.8,15.9,0.2,119,1.0,15.8,15.9,15.8,16.05
2022-10-25,125143,1977384,16.0,16.0,15.7,15.7,-0.2,81,1.0,16.0,15.7,15.7,16.0
2022-10-26,96256,1509527,15.65,15.8,15.6,15.65,-0.05,85,1.0,15.65,15.65,15.6,15.8
2022-10-27,115350,1830129,15.8,15.95,15.75,15.95,0.3,105,1.0,15.8,15.95,15.75,15.95
2022-10-28,89140,1414658,16.0,16.0,15.75,15.75,-0.2,83,1.0,16.0,15.75,15.75,16.0
2022-10-31,66693,1057275,15.95,16.05,15.8,15.8,0.05,79,1.0,15.95,15.8,15.8,16.05
2022-11-01,74853,1193519,15.8,16.05,15.8,15.95,0.15,70,1.0,15.8,15.95,15.8,16.05
2022-11-02,39886,636175,15.95,16.0,15.9,15.9,-0.05,53,1.0,15.95,15.9,15.9,16.0
2022-11-03,61884,983118,15.9,15.95,15.85,15.9,0.0,67,1.0,15.9,15.9,15.85,15.95
2022-11-04,149108,2384629,15.95,16.1,15.9,16.0,0.1,102,1.0,15.95,16.0,15.9,16.1
2022-11-07,246110,4001423,16.1,16.45,16.1,16.2,0.2,173,1.0,16.1,16.2,16.1,16.45
2022-11-08,87249,1420922,16.35,16.4,16.2,16.2,0.0,80,1.0,16.35,16.2,16.2,16.4
2022-11-09,130679,2130252,16.4,16.4,16.25,16.3,0.1,108,1.0,16.4,16.3,16.25,16.4
2022-11-10,85672,1396272,16.25,16.4,16.2,16.3,0.0,90,1.0,16.25,16.3,16.2,16.4
2022-11-11,213883,3497903,16.5,16.55,16.25,16.3,0.0,164,1.0,16.5,16.3,16.25,16.55
2022-11-14,96517,1574324,16.35,16.35,16.25,16.35,0.05,80,1.0,16.35,16.35,16.25,16.35
2022-11-15,128165,2086542,16.4,16.4,16.2,16.35,0.0,106,1.0,16.4,16.35,16.2,16.4
2022-11-16,176334,2871248,16.4,16.45,16.2,16.2,-0.15,116,1.0,16.4,16.2,16.2,16.45
2022-11-17,73326,1197593,16.3,16.45,16.2,16.45,0.25,65,1.0,16.3,16.45,16.2,16.45
2022-11-18,482479,8006953,16.4,17.0,16.3,16.35,-0.1,310,1.0,16.4,16.35,16.3,17.0
2022-11-21,108568,1779187,16.5,16.5,16.25,16.4,0.05,82,1.0,16.5,16.4,16.25,16.5
2022-11-22,63515,1037632,16.4,16.4,16.25,16.4,0.0,89,1.0,16.4,16.4,16.25,16.4
2022-11-23,132550,2176837,16.35,16.5,16.25,16.5,0.1,100,1.0,16.35,16.5,16.25,16.5
2022-11-24,106037,1744546,16.5,16.55,16.35,16.55,0.05,103,1.0,16.5,16.55,16.35,16.55
2022-11-25,103233,1704688,16.55,16.55,16.4,16.45,-0.1,116,1.0,16.55,16.45,16.4,16.55
2022-11-28,115653,1906058,16.35,16.55,16.35,16.5,0.05,114,1.0,16.35,16.5,16.35,16.55
2022-11-29,460645,7611007,16.6,16.65,16.4,16.6,0.1,264,1.0,16.6,16.6,16.4,16.65
2022-11-30,1784343,30418861,16.65,17.4,16.65,16.8,0.2,838,1.0,16.65,16.8,16.65,17.4
2022-12-01,619858,10445423,17.15,17.15,16.7,16.75,-0.05,367,1.0,17.15,16.75,16.7,17.15
2022-12-02,135359,2268555,16.75,16.8,16.7,16.8,0.05,110,1.0,16.75,16.8,16.7,16.8
2022-12-05,156281,2626583,16.8,16.85,16.75,16.8,0.0,102,1.0,16.8,16.8,16.75,16.85
2022-12-06,387729,6394718,16.8,16.8,16.25,16.55,-0.25,221,1.0,16.8,16.55,16.25,16.8
2022-12-07,170080,2807210,16.6,16.6,16.35,16.55,0.0,122,1.0,16.6,16.55,16.35,16.6
2022-12-08,239398,3995987,16.5,16.8,16.5,16.7,0.15,136,1.0,16.5,16.7,16.5,16.8
2022-12-09,211254,3548270,16.9,16.9,16.7,16.8,0.1,120,1.0,16.9,16.8,16.7,16.9
2022-12-12,485425,8247974,16.85,17.15,16.8,17.0,0.2,242,1.0,16.85,17.0,16.8,17.15
2022-12-13,567001,9666237,17.0,17.25,16.9,16.95,-0.05,276,1.0,17.0,16.95,16.9,17.25
2022-12-14,266960,4537528,16.95,17.1,16.9,16.9,-0.05,127,1.0,16.95,16.9,16.9,17.1
2022-12-15,960184,16571156,16.9,17.5,16.85,17.1,0.2,470,1.0,16.9,17.1,16.85,17.5
2022-12-16,434629,7345956,16.95,17.2,16.8,16.8,-0.3,246,1.0,16.95,16.8,16.8,17.2
2022-12-19,90309,1508001,16.75,16.85,16.6,16.7,-0.1,79,1.0,16.75,16.7,16.6,16.85
2022-12-20,339840,5594901,16.7,16.8,16.25,16.35,-0.35,191,1.0,16.7,16.35,16.25,16.8
2022-12-21,133170,2202592,16.4,16.7,16.4,16.55,0.2,100,1.0,16.4,16.55,16.4,16.7
2022-12-22,133108,2196998,16.6,16.7,16.4,16.5,-0.05,122,1.0,16.6,16.5,16.4,16.7
2022-12-23,110529,1822234,16.4,16.6,16.4,16.45,-0.05,86,1.0,16.4,16.45,16.4,16.6
2022-12-26,106030,1769702,16.5,16.8,16.45,16.7,0.25,106,1.0,16.5,16.7,16.45,16.8
2022-12-27,541240,9286759,16.95,17.5,16.85,16.85,0.15,327,1.0,16.95,16.85,16.85,17.5
2022-12-28,902545,15878912,16.95,17.4,16.75,16.9,0.05,345,1.0,16.95,16.9,16.75,17.4
2022-12-29,191727,3210524,17.05,17.05,16.6,16.75,-0.15,119,1.0,17.05,16.75,16.6,17.05
2022-12-30,101017,1690276,16.75,16.8,16.65,16.7,-0.05,77,1.0,16.75,16.7,16.65,16.8
2023-01-03,137271,2274334,16.75,16.75,16.4,16.55,-0.15,101,1.0,16.75,16.55,16.4,16.75
2023-01-04,88875,1475790,16.7,16.75,16.5,16.75,0.2,74,1.0,16.7,16.75,16.5,16.75
2023-01-05,85020,1424788,16.7,16.8,16.7,16.8,0.05,76,1.0,16.7,16.8,16.7,16.8
2023-01-06,85972,1446831,16.8,16.9,16.75,16.8,0.0,56,1.0,16.8,16.8,16.75,16.9
2023-01-09,199200,3366487,16.9,16.95,16.8,16.95,0.15,140,1.0,16.9,16.95,16.8,16.95
2023-01-10,94815,1599238,16.95,16.95,16.8,16.9,-0.05,80,1.0,16.95,16.9,16.8,16.95
2023-01-11,57771,975729,16.9,16.95,16.8,16.85,-0.05,61,1.0,16.9,16.85,16.8,16.95
2023-01-12,60137,1010956,16.85,16.85,16.75,16.8,-0.05,67,1.0,16.85,16.8,16.75,16.85
2023-01-13,123063,2079260,17.0,17.0,16.8,16.95,0.15,117,1.0,17.0,16.95,16.8,17.0
2023-01-16,503538,7987151,16.95,16.95,16.6,16.85,-0.1,175,1.0,16.95,16.85,16.6,16.95
2023-01-17,174234,2950170,16.85,17.0,16.85,16.95,0.1,148,1.0,16.85,16.95,16.85,17.0
2023-01-30,340425,5764497,17.0,17.05,16.8,16.95,0.0,255,1.0,17.0,16.95,16.8,17.05
2023-01-31,239408,4074145,17.05,17.05,16.95,17.0,0.05,270,1.0,17.05,17.0,16.95,17.05
2023-02-01,350645,5996941,17.15,17.3,17.0,17.05,0.05,264,1.0,17.15,17.05,17.0,17.3
2023-02-02,211242,3586897,17.1,17.1,16.9,17.0,-0.05,133,1.0,17.1,17.0,16.9,17.1
2023-02-03,288597,4918057,17.0,17.15,16.9,17.1,0.1,195,1.0,17.0,17.1,16.9,17.15
2023-02-06,182864,3129549,17.05,17.2,17.0,17.1,0.0,188,1.0,17.05,17.1,17.0,17.2
2023-02-07,174428,2971944,17.1,17.1,17.0,17.0,-0.1,176,1.0,17.1,17.0,17.0,17.1
2023-02-08,67827,1148347,16.9,17.0,16.9,16.9,-0.1,137,1.0,16.9,16.9,16.9,17.0
2023-02-09,83974,1419391,16.9,16.95,16.85,16.9,0.0,96,1.0,16.9,16.9,16.85,16.95
2023-02-10,241844,4067923,16.9,16.9,16.75,16.8,-0.1,182,1.0,16.9,16.8,16.75,16.9
2023-02-13,108121,1815881,16.8,16.9,16.7,16.8,0.0,97,1.0,16.8,16.8,16.7,16.9
2023-02-14,251248,4255534,16.8,17.0,16.8,16.9,0.1,170,1.0,16.8,16.9,16.8,17.0
2023-02-15,1303372,22344688,17.0,17.45,16.95,16.95,0.05,606,1.0,17.0,16.95,16.95,17.45
2023-02-16,847466,14556198,17.1,17.3,17.05,17.1,0.15,492,1.0,17.1,17.1,17.05,17.3
2023-02-17,8385301,154513176,17.15,18.8,17.05,18.75,1.65,3369,1.0,17.15,18.75,17.05,18.8
2023-02-20,7480470,140193780,18.9,19.3,18.2,18.4,-0.35,3726,1.0,18.9,18.4,18.2,19.3
2023-02-21,1934240,35377875,18.4,18.65,18.05,18.25,-0.15,1020,1.0,18.4,18.25,18.05,18.65
2023-02-22,11158556,212139709,18.0,19.55,17.85,19.05,0.8,5214,1.0,18.0,19.05,17.85,19.55
2023-02-23,14345231,280409478,19.1,20.2,19.05,19.25,0.2,6899,1.0,19.1,19.25,19.05,20.2
2023-02-24,3384855,63773789,19.2,19.25,18.55,18.8,-0.45,1862,1.0,19.2,18.8,18.55,19.25
2023-03-01,1492105,27250651,18.65,18.7,18.1,18.15,-0.65,1068,1.0,18.65,18.15,18.1,18.7
2023-03-02,2885162,53982181,18.25,19.2,18.25,18.7,0.55,1547,1.0,18.25,18.7,18.25,19.2
2023-03-03,1208662,22367169,18.7,18.75,18.35,18.65,-0.05,821,1.0,18.7,18.65,18.35,18.75
2023-03-06,907063,16782527,18.7,18.7,18.4,18.5,-0.15,636,1.0,18.7,18.5,18.4,18.7
2023-03-07,894854,16683299,18.65,18.85,18.5,18.6,0.1,705,1.0,18.65,18.6,18.5,18.85
2023-03-08,1073317,19688874,18.6,18.7,18.2,18.3,-0.3,787,1.0,18.6,18.3,18.2,18.7
2023-03-09,748860,13633198,18.3,18.4,18.05,18.25,-0.05,590,1.0,18.3,18.25,18.05,18.4
2023-03-10,1404594,25208260,18.25,18.6,17.6,17.75,-0.5,879,1.0,18.25,17.75,17.6,18.6
2023-03-13,917870,16135441,17.7,17.95,17.2,17.85,0.1,649,1.0,17.7,17.85,17.2,17.95
2023-03-14,608291,10767111,17.65,17.85,17.6,17.65,-0.2,389,1.0,17.65,17.65,17.6,17.85
2023-03-15,256828,4536014,17.9,17.95,17.45,17.45,-0.2,230,1.0,17.9,17.45,17.45,17.95
2023-03-16,946195,16069035,17.3,17.3,16.8,16.85,-0.6,646,1.0,17.3,16.85,16.8,17.3
2023-03-17,539271,9288844,17.1,17.45,16.95,17.3,0.45,449,1.0,17.1,17.3,16.95,17.45
2023-03-20,875161,15433044,17.5,17.9,17.4,17.65,0.35,616,1.0,17.5,17.65,17.4,17.9
2023-03-21,366583,6508870,18.0,18.0,17.5,17.55,-0.1,358,1.0,18.0,17.55,17.5,18.0
2023-03-22,373142,6574669,17.8,17.8,17.5,17.55,0.0,310,1.0,17.8,17.55,17.5,17.8
2023-03-23,286566,4985857,17.5,17.55,17.3,17.35,-0.2,595,1.0,17.5,17.35,17.3,17.55
2023-03-24,282292,4916880,17.45,17.55,17.3,17.45,0.1,2038,1.0,17.45,17.45,17.3,17.55
2023-03-27,418805,7334655,17.55,17.7,17.4,17.45,0.0,1483,1.0,17.55,17.45,17.4,17.7
2023-03-28,507985,8902103,17.6,17.7,17.4,17.55,0.1,1073,1.0,17.6,17.55,17.4,17.7
2023-03-29,742168,13124620,17.65,17.85,17.55,17.6,0.05,1257,1.0,17.65,17.6,17.55,17.85
2023-03-30,719083,12471777,17.6,17.6,17.2,17.3,-0.3,662,1.0,17.6,17.3,17.2,17.6
2023-03-31,673601,11520565,17.2,17.2,16.95,17.1,-0.2,471,1.0,17.2,17.1,16.95,17.2
2023-04-06,362904,6209889,17.2,17.35,17.0,17.0,-0.1,301,1.0,17.2,17.0,17.0,17.35
2023-04-07,305249,5206238,17.05,17.15,17.0,17.1,0.1,192,1.0,17.05,17.1,17.0,17.15
2023-04-10,239832,4086353,17.15,17.2,17.0,17.0,-0.1,181,1.0,17.15,17.0,17.0,17.2
2023-04-11,305881,5228408,17.1,17.2,17.05,17.05,0.05,188,1.0,17.1,17.05,17.05,17.2
2023-04-12,612437,10419402,17.15,17.2,16.95,17.0,-0.05,286,1.0,17.15,17.0,16.95,17.2
2023-04-13,590495,10171318,17.0,17.4,17.0,17.05,0.05,374,1.0,17.0,17.05,17.0,17.4
2023-04-14,3039386,54282246,17.2,18.15,17.2,17.8,0.75,1586,1.0,17.2,17.8,17.2,18.15
2023-04-17,1534052,27510829,17.85,18.1,17.7,17.85,0.05,855,1.0,17.85,17.85,17.7,18.1
2023-04-18,862051,15369915,17.8,18.0,17.65,17.85,0.0,427,1.0,17.8,17.85,17.65,18.0
2023-04-19,1967258,35867342,17.9,18.45,17.85,18.1,0.25,932,1.0,17.9,18.1,17.85,18.45
2023-04-20,1118215,19952199,18.05,18.1,17.6,17.9,-0.2,556,1.0,18.05,17.9,17.6,18.1
2023-04-21,3767216,69219317,17.85,18.75,17.8,18.35,0.45,1747,1.0,17.85,18.35,17.8,18.75
2023-04-24,1865503,34505913,18.4,18.75,18.3,18.4,0.05,840,1.0,18.4,18.4,18.3,18.75
2023-04-25,1161619,21085666,18.4,18.5,17.95,18.0,-0.4,620,1.0,18.4,18.0,17.95,18.5
2023-04-26,1899417,34948818,18.0,18.7,18.0,18.4,0.4,1012,1.0,18.0,18.4,18.0,18.7
2023-04-27,564491,10296826,18.4,18.45,18.1,18.3,-0.1,317,1.0,18.4,18.3,18.1,18.45
2023-04-28,769760,14030769,18.3,18.4,18.1,18.3,0.0,534,1.0,18.3,18.3,18.1,18.4
2023-05-02,964489,17823922,18.25,18.6,18.15,18.6,0.3,528,1.0,18.25,18.6,18.15,18.6
2023-05-03,596461,11087166,18.5,18.7,18.4,18.5,-0.1,327,1.0,18.5,18.5,18.4,18.7
2023-05-04,512922,9468987,18.45,18.55,18.3,18.45,-0.05,321,1.0,18.45,18.45,18.3,18.55
2023-05-05,672742,12455968,18.5,18.7,18.4,18.45,0.0,369,1.0,18.5,18.45,18.4,18.7
2023-05-08,353271,6540737,18.45,18.6,18.45,18.5,0.05,218,1.0,18.45,18.5,18.45,18.6
2023-05-09,827242,15311223,18.45,18.7,18.35,18.4,-0.1,380,1.0,18.45,18.4,18.35,18.7
2023-05-10,312561,5733756,18.4,18.5,18.25,18.3,-0.1,275,1.0,18.4,18.3,18.25,18.5
2023-05-11,526221,9679247,18.5,18.65,18.25,18.25,-0.05,302,1.0,18.5,18.25,18.25,18.65
2023-05-12,919368,16866231,18.15,18.55,18.1,18.45,0.2,417,1.0,18.15,18.45,18.1,18.55
2023-05-15,1241545,23255730,18.45,19.0,18.45,18.65,0.2,716,1.0,18.45,18.65,18.45,19.0
2023-05-16,934463,17557839,18.6,18.9,18.6,18.7,0.05,495,1.0,18.6,18.7,18.6,18.9
2023-05-17,1981589,37588542,18.8,19.1,18.75,19.0,0.3,867,1.0,18.8,19.0,18.75,19.1
2023-05-18,830445,15577427,19.0,19.05,18.55,18.6,-0.4,552,1.0,19.0,18.6,18.55,19.05
2023-05-19,2639908,49829266,18.6,19.45,18.3,18.5,-0.1,1249,1.0,18.6,18.5,18.3,19.45
2023-05-22,1124898,21135409,18.65,18.95,18.6,18.7,0.2,622,1.0,18.65,18.7,18.6,18.95
2023-05-23,14199980,283460937,18.8,20.55,18.75,20.1,1.4,6161,1.0,18.8,20.1,18.75,20.55
2023-05-24,26267348,551271345,20.1,21.75,20.05,21.25,1.15,14055,1.0,20.1,21.25,20.05,21.75
2023-05-25,10358856,206068092,21.0,21.0,19.45,19.55,-1.7,5368,1.0,21.0,19.55,19.45,21.0
2023-05-26,5999745,113208422,19.65,19.65,18.5,18.5,-1.05,2917,1.0,19.65,18.5,18.5,19.65
2023-05-29,1868477,34732104,18.55,18.85,18.4,18.5,0.0,1017,1.0,18.55,18.5,18.4,18.85
2023-05-30,1890326,34964732,18.65,18.9,18.25,18.45,-0.05,957,1.0,18.65,18.45,18.25,18.9
2023-05-31,9160535,178645096,18.4,20.05,18.4,19.55,1.1,4206,1.0,18.4,19.55,18.4,20.05
2023-06-01,6307023,126195628,19.6,20.4,19.6,19.85,0.3,3442,1.0,19.6,19.85,19.6,20.4
2023-06-02,3199051,63728849,20.35,20.35,19.65,19.9,0.05,1489,1.0,20.35,19.9,19.65,20.35
2023-06-05,1531197,30354203,20.15,20.2,19.6,19.7,-0.2,1010,1.0,20.15,19.7,19.6,20.2
2023-06-06,5293425,106878845,19.85,20.6,19.8,20.1,0.4,2621,1.0,19.85,20.1,19.8,20.6
2023-06-07,9432528,194874615,20.45,21.1,20.0,20.7,0.6,4065,1.0,20.45,20.7,20.0,21.1
2023-06-08,21056568,462912469,21.25,22.75,20.95,22.75,2.05,8743,1.0,21.25,22.75,20.95,22.75
2023-06-09,20030996,493698050,23.9,25.0,23.85,25.0,2.25,6421,1.0,23.9,25.0,23.85,25.0
2023-06-12,24625138,578859718,24.85,24.85,22.6,22.8,-2.2,10224,1.0,24.85,22.8,22.6,24.85
2023-06-13,22120402,496188375,22.6,23.3,21.4,23.3,0.5,9499,1.0,22.6,23.3,21.4,23.3
2023-06-14,29645994,703589446,23.55,24.35,22.95,23.6,0.3,13397,1.0,23.55,23.6,22.95,24.35
2023-06-15,8988423,206417744,23.2,23.35,22.55,23.1,-0.5,4416,1.0,23.2,23.1,22.55,23.35
2023-06-16,8592908,200583121,23.45,23.9,22.9,23.05,-0.05,4288,1.0,23.45,23.05,22.9,23.9
2023-06-19,19753202,476136573,23.2,24.75,23.05,23.8,0.75,9888,1.0,23.2,23.8,23.05,24.75
2023-06-20,35945402,914922993,23.7,26.15,23.7,26.15,2.35,15251,1.0,23.7,26.15,23.7,26.15
2023-06-21,66644827,1796314989,26.45,28.45,25.9,26.55,0.4,28673,1.0,26.45,26.55,25.9,28.45
2023-06-26,17718538,463964096,26.8,27.45,25.35,26.4,-0.15,9110,1.0,26.8,26.4,25.35,27.45
2023-06-27,10661607,270635818,26.3,26.4,24.8,25.05,-1.35,5354,1.0,26.3,25.05,24.8,26.4
2023-06-28,8424606,214524466,25.1,26.15,25.0,25.0,-0.05,4176,1.0,25.1,25.0,25.0,26.15
2023-06-29,3956819,97727217,25.0,25.0,24.4,24.65,-0.35,2210,1.0,25.0,24.65,24.4,25.0
2023-06-30,2546420,62533896,24.95,24.95,24.2,24.5,-0.15,1727,1.0,24.95,24.5,24.2,24.95
2023-07-03,4338422,106980400,24.7,25.1,24.3,24.35,-0.15,2301,1.0,24.7,24.35,24.3,25.1
2023-07-04,4812974,115441987,24.5,24.55,23.8,23.85,-0.5,2518,1.0,24.5,23.85,23.8,24.55
2023-07-05,4952616,120740636,24.15,24.9,23.9,24.3,0.45,2813,1.0,24.15,24.3,23.9,24.9
2023-07-06,3846425,91481057,24.35,24.5,23.35,23.45,-0.85,2165,1.0,24.35,23.45,23.35,24.5
2023-07-07,2852239,66865129,23.45,23.85,22.9,23.35,-0.1,1622,1.0,23.45,23.35,22.9,23.85
2023-07-10,3179430,72877295,23.45,23.55,22.7,22.8,-0.55,2059,1.0,23.45,22.8,22.7,23.55
2023-07-11,4460171,103938666,23.1,23.9,23.05,23.25,0.45,2040,1.0,23.1,23.25,23.05,23.9
2023-07-12,4410551,99930999,23.4,23.4,22.3,22.45,-0.8,2388,1.0,23.4,22.45,22.3,23.4
2023-07-13,2873413,64052601,22.65,22.7,22.05,22.05,-0.4,1724,1.0,22.65,22.05,22.05,22.7
2023-07-14,3661856,80930254,22.2,22.5,21.75,21.8,-0.25,1946,1.0,22.2,21.8,21.75,22.5
2023-07-17,3821802,82054988,22.0,22.0,21.2,21.35,-0.45,2266,1.0,22.0,21.35,21.2,22.0
2023-07-18,4736281,98938145,21.5,21.5,20.5,20.7,-0.65,2093,1.0,21.5,20.7,20.5,21.5
2023-07-19,2444252,50328263,20.85,21.0,20.3,20.3,-0.4,1389,1.0,20.85,20.3,20.3,21.0
2023-07-20,5718018,121586854,20.35,21.65,20.35,21.5,1.2,2931,1.0,20.35,21.5,20.35,21.65
2023-07-21,5096899,108129065,21.55,21.9,20.8,20.8,-0.7,2463,1.0,21.55,20.8,20.8,21.9
2023-07-24,2332615,47070264,20.8,20.8,19.9,20.1,-0.7,1258,1.0,20.8,20.1,19.9,20.8
2023-07-25,2304378,46204938,20.25,20.4,19.75,19.95,-0.15,1159,1.0,20.25,19.95,19.75,20.4
2023-07-26,2280172,45472790,20.15,20.2,19.7,19.75,-0.2,1264,1.0,20.15,19.75,19.7,20.2
2023-07-27,1333379,26627132,19.9,20.15,19.75,20.0,0.25,735,1.0,19.9,20.0,19.75,20.15
2023-07-28,2519711,50718629,20.3,20.55,19.9,19.95,-0.05,1278,1.0,20.3,19.95,19.9,20.55
2023-07-31,2075390,41333374,20.2,20.25,19.75,19.75,-0.2,986,1.0,20.2,19.75,19.75,20.25
2023-08-01,903091,17985852,19.9,20.1,19.75,19.8,0.05,553,1.0,19.9,19.8,19.75,20.1
2023-08-02,1436110,28250742,19.85,20.05,19.5,19.55,-0.25,787,1.0,19.85,19.55,19.5,20.05
2023-08-04,850754,16655953,19.4,19.85,19.4,19.55,0.0,532,1.0,19.4,19.55,19.4,19.85
2023-08-07,1329451,25806035,19.65,19.65,19.25,19.4,-0.15,644,1.0,19.65,19.4,19.25,19.65
2023-08-08,1367548,26747828,19.5,20.0,19.3,19.3,-0.1,809,1.0,19.5,19.3,19.3,20.0
2023-08-09,1028635,19852265,19.5,19.55,19.1,19.15,-0.15,544,1.0,19.5,19.15,19.1,19.55
2023-08-10,2179350,41084512,19.2,19.2,18.65,18.75,-0.4,995,1.0,19.2,18.75,18.65,19.2
2023-08-11,1421775,26665916,18.8,19.0,18.55,18.6,-0.15,717,1.0,18.8,18.6,18.55,19.0
2023-08-14,1943501,35367781,18.65,18.65,17.95,18.0,-0.6,991,1.0,18.65,18.0,17.95,18.65
2023-08-15,1244889,22400446,18.1,18.3,17.85,17.9,-0.1,621,1.0,18.1,17.9,17.85,18.3
2023-08-16,914855,16132576,17.8,17.8,17.4,17.6,-0.3,496,1.0,17.8,17.6,17.4,17.8
2023-08-17,1243166,21945770,17.7,17.85,17.25,17.7,0.1,588,1.0,17.7,17.7,17.25,17.85
2023-08-18,1290745,22487252,17.7,17.75,17.15,17.2,-0.5,685,1.0,17.7,17.2,17.15,17.75
2023-08-21,933776,16054107,17.25,17.4,17.1,17.1,-0.1,507,1.0,17.25,17.1,17.1,17.4
2023-08-22,1307051,22306342,17.25,17.25,16.95,17.0,-0.1,537,1.0,17.25,17.0,16.95,17.25
2023-08-23,1295230,22222206,17.05,17.45,16.95,17.0,0.0,592,1.0,17.05,17.0,16.95,17.45
2023-08-24,911203,15450482,17.1,17.15,16.85,16.95,-0.05,486,1.0,17.1,16.95,16.85,17.15
2023-08-25,7547629,134079566,17.5,18.1,17.35,17.85,0.9,3561,1.0,17.5,17.85,17.35,18.1
2023-08-28,2554549,44565096,17.85,17.85,17.2,17.65,-0.2,1245,1.0,17.85,17.65,17.2,17.85
2023-08-29,981863,17259612,17.4,17.85,17.3,17.75,0.1,571,1.0,17.4,17.75,17.3,17.85
2023-08-30,601391,10574010,17.8,17.8,17.5,17.55,-0.2,373,1.0,17.8,17.55,17.5,17.8
2023-08-31,493706,8716962,17.6,17.8,17.55,17.65,0.1,316,1.0,17.6,17.65,17.55,17.8
2023-09-01,807799,14300370,17.7,17.85,17.45,17.45,-0.2,503,1.0,17.7,17.45,17.45,17.85
2023-09-04,447773,7803017,17.5,17.55,17.3,17.45,0.0,327,1.0,17.5,17.45,17.3,17.55
2023-09-05,395117,6883652,17.55,17.55,17.35,17.35,-0.1,862,1.0,17.55,17.35,17.35,17.55
2023-09-06,614327,10596344,17.3,17.4,17.15,17.2,-0.15,617,1.0,17.3,17.2,17.15,17.4
2023-09-07,697893,11951125,17.15,17.25,17.0,17.1,-0.1,333,1.0,17.15,17.1,17.0,17.25
2023-09-08,357227,6119449,17.1,17.25,17.05,17.05,-0.05,260,1.0,17.1,17.05,17.05,17.25
2023-09-11,938095,15947712,17.15,17.15,16.85,16.95,-0.1,704,1.0,17.15,16.95,16.85,17.15
2023-09-12,621224,10551496,17.0,17.15,16.9,16.9,-0.05,439,1.0,17.0,16.9,16.9,17.15
2023-09-13,1277503,22176871,17.0,17.95,16.95,17.45,0.55,667,1.0,17.0,17.45,16.95,17.95
2023-09-14,435644,7579019,17.4,17.55,17.3,17.3,-0.15,335,1.0,17.4,17.3,17.3,17.55
2023-09-15,759362,13039670,17.35,17.45,17.05,17.1,-0.2,467,1.0,17.35,17.1,17.05,17.45
2023-09-18,408103,7042228,17.05,17.35,17.05,17.25,0.15,343,1.0,17.05,17.25,17.05,17.35
2023-09-19,391435,6707481,17.2,17.25,17.05,17.1,-0.15,272,1.0,17.2,17.1,17.05,17.25
2023-09-20,362379,6182112,17.1,17.2,17.0,17.0,-0.1,261,1.0,17.1,17.0,17.0,17.2
2023-09-21,560413,9473470,17.0,17.0,16.8,16.85,-0.15,391,1.0,17.0,16.85,16.8,17.0
2023-09-22,365979,6236780,16.9,17.15,16.85,17.15,0.3,222,1.0,16.9,17.15,16.85,17.15
2023-09-25,644705,11129008,17.15,17.4,17.15,17.3,0.15,339,1.0,17.15,17.3,17.15,17.4
2023-09-26,518816,8872718,17.3,17.3,17.0,17.05,-0.25,393,1.0,17.3,17.05,17.0,17.3
2023-09-27,252908,4326837,17.05,17.25,17.0,17.05,0.0,225,1.0,17.05,17.05,17.0,17.25
2023-09-28,444733,7659122,17.2,17.35,17.1,17.15,0.1,304,1.0,17.2,17.15,17.1,17.35
2023-10-02,580324,9937108,17.15,17.2,17.05,17.15,0.0,329,1.0,17.15,17.15,17.05,17.2
2023-10-03,943138,16167128,17.2,17.35,16.95,17.15,0.0,344,1.0,17.2,17.15,16.95,17.35
2023-10-04,334920,5712717,17.15,17.15,17.0,17.0,-0.15,269,1.0,17.15,17.0,17.0,17.15
2023-10-05,347076,5976933,17.05,17.3,17.05,17.2,0.2,226,1.0,17.05,17.2,17.05,17.3
2023-10-06,214977,3676968,17.2,17.2,17.05,17.1,-0.1,162,1.0,17.2,17.1,17.05,17.2
2023-10-11,579126,9834148,17.1,17.1,16.85,16.9,-0.2,339,1.0,17.1,16.9,16.85,17.1
2023-10-12,400186,6791113,16.9,17.05,16.9,17.05,0.15,228,1.0,16.9,17.05,16.9,17.05
2023-10-13,554597,9539453,17.05,17.45,17.05,17.1,0.05,352,1.0,17.05,17.1,17.05,17.45
2023-10-16,427146,7240701,17.0,17.05,16.85,16.85,-0.25,282,1.0,17.0,16.85,16.85,17.05
2023-10-17,838464,14057432,16.85,16.95,16.6,16.65,-0.2,665,1.0,16.85,16.65,16.6,16.95
2023-10-18,981821,16146317,16.6,16.7,16.3,16.3,-0.35,624,1.0,16.6,16.3,16.3,16.7
2023-10-19,297815,4877178,16.4,16.5,16.3,16.4,0.1,262,1.0,16.4,16.4,16.3,16.5
2023-10-20,359449,5865827,16.35,16.5,16.15,16.35,-0.05,278,1.0,16.35,16.35,16.15,16.5
2023-10-23,601030,9931582,16.3,16.75,16.3,16.45,0.1,495,1.0,16.3,16.45,16.3,16.75
2023-10-24,209010,3463106,16.45,16.7,16.4,16.65,0.2,179,1.0,16.45,16.65,16.4,16.7
2023-10-25,330137,5537425,16.65,16.85,16.65,16.8,0.15,186,1.0,16.65,16.8,16.65,16.85
2023-10-26,325042,5433417,16.65,16.9,16.6,16.7,-0.1,179,1.0,16.65,16.7,16.6,16.9
2023-10-27,325334,5478589,16.7,16.95,16.65,16.75,0.05,302,1.0,16.7,16.75,16.65,16.95
2023-10-30,447059,7501198,16.75,16.85,16.7,16.8,0.05,181,1.0,16.75,16.8,16.7,16.85
2023-10-31,314688,5309451,16.85,17.05,16.7,16.7,-0.1,216,1.0,16.85,16.7,16.7,17.05
2023-11-01,1531497,26235246,16.75,17.35,16.75,17.15,0.45,767,1.0,16.75,17.15,16.75,17.35
2023-11-02,584682,10038182,17.2,17.25,16.85,17.25,0.1,369,1.0,17.2,17.25,16.85,17.25
2023-11-03,427808,7369915,17.4,17.4,17.1,17.2,-0.05,236,1.0,17.4,17.2,17.1,17.4
2023-11-06,1713228,30064612,17.4,17.8,17.2,17.5,0.3,996,1.0,17.4,17.5,17.2,17.8
2023-11-07,3309851,59127880,17.65,18.25,17.3,17.5,0.0,1659,1.0,17.65,17.5,17.3,18.25
2023-11-08,506735,8797876,17.5,17.55,17.25,17.3,-0.2,418,1.0,17.5,17.3,17.25,17.55
2023-11-09,300521,5188839,17.35,17.35,17.2,17.2,-0.1,254,1.0,17.35,17.2,17.2,17.35
2023-11-10,500263,8700228,17.15,17.65,17.15,17.35,0.15,379,1.0,17.15,17.35,17.15,17.65
2023-11-13,224430,3883431,17.5,17.5,17.2,17.25,-0.1,261,1.0,17.5,17.25,17.2,17.5
2023-11-14,603293,10309397,17.25,17.3,16.95,17.1,-0.15,436,1.0,17.25,17.1,16.95,17.3
2023-11-15,684565,11855819,17.2,17.5,17.15,17.4,0.3,322,1.0,17.2,17.4,17.15,17.5
2023-11-16,4464262,79914077,17.35,18.25,17.35,18.25,0.85,2086,1.0,17.35,18.25,17.35,18.25
2023-11-17,16407929,314679125,18.1,19.9,18.1,19.65,1.4,7240,1.0,18.1,19.65,18.1,19.9
2023-11-20,5002071,92593084,18.85,18.95,18.2,18.25,-1.4,2712,1.0,18.85,18.25,18.2,18.95
2023-11-21,1757427,32289019,18.35,18.55,18.2,18.35,0.1,892,1.0,18.35,18.35,18.2,18.55
2023-11-22,4080422,76350791,18.6,19.2,18.35,18.5,0.15,2067,1.0,18.6,18.5,18.35,19.2
2023-11-23,2769161,51638923,18.3,18.95,18.3,18.6,0.1,1442,1.0,18.3,18.6,18.3,18.95
2023-11-24,2448346,44102552,18.1,18.3,17.85,17.9,-0.7,1217,1.0,18.1,17.9,17.85,18.3
2023-11-27,989485,17485448,17.75,17.95,17.5,17.6,-0.3,586,1.0,17.75,17.6,17.5,17.95
2023-11-28,470788,8384366,17.7,17.95,17.65,17.75,0.15,272,1.0,17.7,17.75,17.65,17.95
2023-11-29,766485,13534412,17.85,17.85,17.5,17.6,-0.15,556,1.0,17.85,17.6,17.5,17.85
2023-11-30,351625,6250028,17.7,17.9,17.7,17.85,0.25,278,1.0,17.7,17.85,17.7,17.9
2023-12-01,396057,7047329,17.8,17.85,17.75,17.8,-0.05,293,1.0,17.8,17.8,17.75,17.85
2023-12-04,906071,16301890,17.9,18.15,17.7,18.05,0.25,538,1.0,17.9,18.05,17.7,18.15
2023-12-05,431317,7745172,18.05,18.1,17.8,17.9,-0.15,420,1.0,18.05,17.9,17.8,18.1
2023-12-06,701247,12658471,18.0,18.2,17.9,18.0,0.1,380,1.0,18.0,18.0,17.9,18.2
2023-12-07,485042,8670313,18.05,18.15,17.75,17.8,-0.2,370,1.0,18.05,17.8,17.75,18.15
2023-12-08,383459,6805546,17.85,17.9,17.65,17.7,-0.1,327,1.0,17.85,17.7,17.65,17.9
2023-12-11,354925,6279670,17.8,17.8,17.6,17.75,0.05,392,1.0,17.8,17.75,17.6,17.8
2023-12-12,616191,10833038,17.65,17.7,17.4,17.65,-0.1,534,1.0,17.65,17.65,17.4,17.7
2023-12-13,363551,6396989,17.7,17.7,17.5,17.6,-0.05,298,1.0,17.7,17.6,17.5,17.7
2023-12-14,422268,7460088,17.65,17.8,17.6,17.65,0.05,291,1.0,17.65,17.65,17.6,17.8
2023-12-15,456101,8107722,17.8,17.9,17.65,17.7,0.05,369,1.0,17.8,17.7,17.65,17.9
2023-12-18,313134,5550808,17.75,17.85,17.6,17.6,-0.1,326,1.0,17.75,17.6,17.6,17.85
2023-12-19,492682,8644661,17.65,17.7,17.45,17.45,-0.15,289,1.0,17.65,17.45,17.45,17.7
2023-12-20,1039592,18724998,17.55,18.15,17.55,18.05,0.6,732,1.0,17.55,18.05,17.55,18.15
2023-12-21,351601,6296492,18.0,18.05,17.8,17.85,-0.2,403,1.0,18.0,17.85,17.8,18.05
2023-12-22,375541,6720776,17.9,18.0,17.8,17.95,0.1,247,1.0,17.9,17.95,17.8,18.0
2023-12-25,276205,4956064,18.0,18.05,17.85,17.95,0.0,210,1.0,18.0,17.95,17.85,18.05
2023-12-26,709966,12834817,17.95,18.2,17.95,18.2,0.25,387,1.0,17.95,18.2,17.95,18.2
2023-12-27,514388,9293181,18.2,18.2,17.95,18.1,-0.1,342,1.0,18.2,18.1,17.95,18.2
2023-12-28,320053,5777991,18.15,18.15,18.0,18.1,0.0,234,1.0,18.15,18.1,18.0,18.15
2023-12-29,3256672,60178351,18.15,18.85,18.1,18.25,0.15,1700,1.0,18.15,18.25,18.1,18.85
2024-01-02,667281,12097746,18.25,18.3,17.95,18.15,-0.1,469,1.0,18.25,18.15,17.95,18.3
2024-01-03,762088,13793349,17.95,18.5,17.95,17.95,-0.2,505,1.0,17.95,17.95,17.95,18.5
2024-01-04,685411,12243630,18.0,18.05,17.75,17.75,-0.2,429,1.0,18.0,17.75,17.75,18.05
2024-01-05,799320,14508110,17.9,18.3,17.85,18.1,0.35,611,1.0,17.9,18.1,17.85,18.3
2024-01-08,799842,14649013,18.15,18.45,18.15,18.25,0.15,554,1.0,18.15,18.25,18.15,18.45
2024-01-09,577808,10428125,18.3,18.3,17.95,18.05,-0.2,410,1.0,18.3,18.05,17.95,18.3
2024-01-10,700618,12435455,18.05,18.05,17.65,17.7,-0.35,488,1.0,18.05,17.7,17.65,18.05
2024-01-11,714236,12850340,17.95,18.25,17.8,17.95,0.25,325,1.0,17.95,17.95,17.8,18.25
2024-01-12,502652,9108448,17.95,18.2,17.95,18.2,0.25,343,1.0,17.95,18.2,17.95,18.2
2024-01-15,1468171,26044751,18.0,18.0,17.55,17.75,-0.45,951,1.0,18.0,17.75,17.55,18.0
2024-01-16,1245010,21613291,17.75,17.75,17.2,17.2,-0.55,990,1.0,17.75,17.2,17.2,17.75
2024-01-17,643683,11038298,17.25,17.4,17.05,17.1,-0.1,458,1.0,17.25,17.1,17.05,17.4
2024-01-18,183389,3150522,17.15,17.3,17.05,17.15,0.05,198,1.0,17.15,17.15,17.05,17.3
2024-01-19,260421,4473640,17.3,17.35,17.1,17.2,0.05,271,1.0,17.3,17.2,17.1,17.35
2024-01-22,252319,4341108,17.3,17.3,17.1,17.2,0.0,215,1.0,17.3,17.2,17.1,17.3
2024-01-23,298221,5155974,17.2,17.45,17.2,17.4,0.2,284,1.0,17.2,17.4,17.2,17.45
2024-01-24,492473,8661081,17.4,17.8,17.4,17.65,0.25,315,1.0,17.4,17.65,17.4,17.8
2024-01-25,234973,4124106,17.65,17.8,17.45,17.55,-0.1,218,1.0,17.65,17.55,17.45,17.8
2024-01-26,279779,4938839,17.5,17.75,17.5,17.6,0.05,252,1.0,17.5,17.6,17.5,17.75
2024-01-29,948627,17026373,17.7,18.15,17.7,17.95,0.35,622,1.0,17.7,17.95,17.7,18.15
2024-01-30,199914,3558706,17.95,17.95,17.75,17.75,-0.2,350,1.0,17.95,17.75,17.75,17.95
2024-01-31,265144,4688899,17.85,17.85,17.6,17.7,-0.05,463,1.0,17.85,17.7,17.6,17.85
2024-02-01,298094,5297910,17.7,17.9,17.65,17.65,-0.05,249,1.0,17.7,17.65,17.65,17.9
2024-02-02,208835,3711065,17.7,17.95,17.65,17.65,0.0,253,1.0,17.7,17.65,17.65,17.95
2024-02-05,430775,7583217,17.7,17.75,17.5,17.6,-0.05,357,1.0,17.7,17.6,17.5,17.75
2024-02-15,769065,13240731,17.5,17.5,17.1,17.25,-0.35,612,1.0,17.5,17.25,17.1,17.5
2024-02-16,416057,7166390,17.15,17.3,17.15,17.15,-0.1,505,1.0,17.15,17.15,17.15,17.3
2024-02-19,444797,7674411,17.25,17.4,17.15,17.2,0.05,620,1.0,17.25,17.2,17.15,17.4
2024-02-20,869539,14835218,17.2,17.25,16.95,17.1,-0.1,1138,1.0,17.2,17.1,16.95,17.25
2024-02-21,437480,7452675,17.1,17.1,16.95,17.0,-0.1,514,1.0,17.1,17.0,16.95,17.1
2024-02-22,543050,9193501,17.1,17.1,16.8,16.9,-0.1,767,1.0,17.1,16.9,16.8,17.1
2024-02-23,587474,9913215,16.9,17.0,16.8,16.85,-0.05,737,1.0,16.9,16.85,16.8,17.0
2024-02-26,355072,6017788,16.85,17.0,16.85,16.95,0.1,374,1.0,16.85,16.95,16.85,17.0
2024-02-27,364260,6145088,16.9,17.0,16.75,16.8,-0.15,681,1.0,16.9,16.8,16.75,17.0
2024-02-29,405257,6850032,16.9,17.0,16.75,16.95,0.15,396,1.0,16.9,16.95,16.75,17.0
2024-03-01,322913,5438572,16.9,16.95,16.8,16.8,-0.15,427,1.0,16.9,16.8,16.8,16.95
2024-03-04,307677,5158831,16.75,16.9,16.7,16.75,-0.05,479,1.0,16.75,16.75,16.7,16.9
2024-03-05,359104,6016182,16.75,16.85,16.7,16.7,-0.05,507,1.0,16.75,16.7,16.7,16.85
2024-03-06,365248,6102915,16.65,16.8,16.65,16.65,-0.05,448,1.0,16.65,16.65,16.65,16.8
2024-03-07,423383,7005603,16.65,16.7,16.45,16.6,-0.05,578,1.0,16.65,16.6,16.45,16.7
2024-03-08,692212,11375258,16.55,16.75,16.3,16.35,-0.25,686,1.0,16.55,16.35,16.3,16.75
2024-03-11,340457,5682546,16.35,16.8,16.35,16.8,0.45,531,1.0,16.35,16.8,16.35,16.8
2024-03-12,638579,10821050,16.85,17.15,16.85,16.85,0.05,465,1.0,16.85,16.85,16.85,17.15
2024-03-13,355918,5998865,16.85,17.0,16.8,16.8,-0.05,548,1.0,16.85,16.8,16.8,17.0
2024-03-14,345294,5845639,16.9,17.05,16.75,17.0,0.2,394,1.0,16.9,17.0,16.75,17.05
2024-03-15,391280,6663122,17.05,17.1,16.85,17.1,0.1,510,1.0,17.05,17.1,16.85,17.1
2024-03-18,180005,3048343,17.1,17.1,16.8,16.95,-0.15,388,1.0,17.1,16.95,16.8,17.1
2024-03-19,281788,4815678,16.95,17.2,16.95,17.1,0.15,337,1.0,16.95,17.1,16.95,17.2
2024-03-20,341699,5813842,17.1,17.1,16.95,17.0,-0.1,311,1.0,17.1,17.0,16.95,17.1
2024-03-21,363719,6240180,17.05,17.25,17.05,17.2,0.2,386,1.0,17.05,17.2,17.05,17.25
2024-03-22,307650,5239409,17.05,17.15,16.9,17.1,-0.1,336,1.0,17.05,17.1,16.9,17.15
2024-03-25,1075799,18851730,17.1,17.8,17.1,17.55,0.45,935,1.0,17.1,17.55,17.1,17.8
2024-03-26,1141388,20303914,17.8,17.95,17.65,17.65,0.1,827,1.0,17.8,17.65,17.65,17.95
2024-03-27,975256,17579100,17.65,18.25,17.65,18.0,0.35,746,1.0,17.65,18.0,17.65,18.25
2024-03-28,717155,12994199,18.0,18.25,18.0,18.05,0.05,481,1.0,18.0,18.05,18.0,18.25
2024-03-29,754173,13751052,18.1,18.4,18.1,18.25,0.2,557,1.0,18.1,18.25,18.1,18.4
2024-04-01,877712,16234988,18.25,18.7,18.25,18.5,0.25,644,1.0,18.25,18.5,18.25,18.7
2024-04-02,655890,12107094,18.6,18.7,18.3,18.35,-0.15,1061,1.0,18.6,18.35,18.3,18.7
2024-04-03,798901,14517895,18.3,18.4,18.0,18.1,-0.25,534,1.0,18.3,18.1,18.0,18.4
2024-04-08,717626,12768793,18.0,18.05,17.65,17.75,-0.35,702,1.0,18.0,17.75,17.65,18.05
2024-04-09,173707,3104069,17.85,17.95,17.8,17.85,0.1,227,1.0,17.85,17.85,17.8,17.95
2024-04-10,199808,3578523,17.85,17.95,17.85,17.9,0.05,234,1.0,17.85,17.9,17.85,17.95
2024-04-11,1799868,33157685,18.0,18.7,18.0,18.25,0.35,1175,1.0,18.0,18.25,18.0,18.7
2024-04-12,662515,11985623,18.45,18.45,17.95,18.1,-0.15,397,1.0,18.45,18.1,17.95,18.45
2024-04-15,315429,5707615,18.15,18.3,18.0,18.05,-0.05,274,1.0,18.15,18.05,18.0,18.3
2024-04-16,567960,10056116,18.1,18.1,17.5,17.6,-0.45,389,1.0,18.1,17.6,17.5,18.1
2024-04-17,137932,2454575,17.85,17.9,17.65,17.9,0.3,145,1.0,17.85,17.9,17.65,17.9
2024-04-18,818269,15021795,17.75,18.55,17.75,18.5,0.6,570,1.0,17.75,18.5,17.75,18.55
2024-04-19,1116122,20718136,18.45,18.95,18.2,18.25,-0.25,642,1.0,18.45,18.25,18.2,18.95
2024-04-22,1128963,20939780,18.45,18.7,18.35,18.4,0.15,550,1.0,18.45,18.4,18.35,18.7
2024-04-23,689995,12862788,18.4,18.9,18.4,18.65,0.25,480,1.0,18.4,18.65,18.4,18.9
2024-04-24,2532628,48193322,18.9,19.5,18.4,19.0,0.35,1277,1.0,18.9,19.0,18.4,19.5
2024-04-25,2866554,55348352,19.35,19.8,18.9,19.0,0.0,1713,1.0,19.35,19.0,18.9,19.8
2024-04-26,4473195,88275046,19.05,20.1,19.05,19.9,0.9,2007,1.0,19.05,19.9,19.05,20.1
2024-04-29,8358212,173587389,20.6,21.4,19.85,21.3,1.4,4424,1.0,20.6,21.3,19.85,21.4
2024-04-30,7756917,162901614,21.6,21.6,20.15,21.0,-0.3,4105,1.0,21.6,21.0,20.15,21.6
2024-05-02,7495248,162289868,21.0,22.45,20.55,21.7,0.7,3852,1.0,21.0,21.7,20.55,22.45
2024-05-03,9709244,210302255,21.7,22.25,20.85,22.2,0.5,4193,1.0,21.7,22.2,20.85,22.25
2024-05-06,4367514,93330898,21.6,21.8,21.1,21.1,-1.1,2619,1.0,21.6,21.1,21.1,21.8
2024-05-07,3964893,80732671,21.15,21.25,20.0,20.1,-1.0,2426,1.0,21.15,20.1,20.0,21.25
2024-05-08,1585204,31942788,20.35,20.55,20.0,20.05,-0.05,1022,1.0,20.35,20.05,20.0,20.55
2024-05-09,1134659,22982408,20.1,20.4,20.05,20.15,0.1,682,1.0,20.1,20.15,20.05,20.4
2024-05-10,1315128,26870496,20.1,20.65,20.1,20.45,0.3,707,1.0,20.1,20.45,20.1,20.65
2024-05-13,834639,16872689,20.5,20.5,20.1,20.2,-0.25,626,1.0,20.5,20.2,20.1,20.5
2024-05-14,1561729,31669945,20.3,20.6,20.05,20.2,0.0,827,1.0,20.3,20.2,20.05,20.6
2024-05-15,1039827,20940804,20.2,20.4,20.0,20.1,-0.1,739,1.0,20.2,20.1,20.0,20.4
2024-05-16,2077568,42702847,20.15,20.95,20.1,20.95,0.85,1258,1.0,20.15,20.95,20.1,20.95
2024-05-17,1696590,35575973,21.05,21.35,20.65,20.85,-0.1,1170,1.0,21.05,20.85,20.65,21.35
2024-05-20,3094088,64747752,20.95,21.6,20.3,20.55,-0.3,1769,1.0,20.95,20.55,20.3,21.6
2024-05-21,1096518,22330151,20.5,20.65,20.2,20.2,-0.35,946,1.0,20.5,20.2,20.2,20.65
2024-05-22,847003,17097203,20.4,20.4,20.05,20.15,-0.05,741,1.0,20.4,20.15,20.05,20.4
2024-05-23,1947224,38255676,20.15,20.15,19.35,19.4,-0.75,1146,1.0,20.15,19.4,19.35,20.15
2024-05-24,734598,14153409,19.35,19.4,19.1,19.3,-0.1,512,1.0,19.35,19.3,19.1,19.4
2024-05-27,510739,9991247,19.5,19.7,19.4,19.65,0.35,439,1.0,19.5,19.65,19.4,19.7
2024-05-28,7916249,168798956,20.15,21.6,20.1,21.05,1.4,3216,1.0,20.15,21.05,20.1,21.6
2024-05-29,2788642,57879625,20.9,21.35,20.4,20.85,-0.2,1521,1.0,20.9,20.85,20.4,21.35
2024-05-30,1299146,26501942,20.75,20.75,20.2,20.3,-0.55,966,1.0,20.75,20.3,20.2,20.75
2024-05-31,876460,17990523,20.25,20.85,20.25,20.3,0.0,611,1.0,20.25,20.3,20.25,20.85
2024-06-03,751440,15205811,20.5,20.5,20.1,20.15,-0.15,625,1.0,20.5,20.15,20.1,20.5
2024-06-04,389477,7858482,20.2,20.35,20.1,20.2,0.05,386,1.0,20.2,20.2,20.1,20.35
2024-06-05,349664,7061481,20.35,20.5,20.05,20.15,-0.05,384,1.0,20.35,20.15,20.05,20.5
2024-06-06,501185,10087122,20.25,20.4,20.0,20.1,-0.05,335,1.0,20.25,20.1,20.0,20.4
2024-06-07,804141,16547959,20.2,20.75,20.2,20.5,0.4,556,1.0,20.2,20.5,20.2,20.75
2024-06-11,544011,11032400,20.6,20.6,20.15,20.15,-0.35,411,1.0,20.6,20.15,20.15,20.6
2024-06-12,414095,8343553,20.35,20.35,20.05,20.15,0.0,290,1.0,20.35,20.15,20.05,20.35
2024-06-13,464635,9311462,20.3,20.3,20.0,20.0,-0.15,349,1.0,20.3,20.0,20.0,20.3
2024-06-14,453436,9173952,20.3,20.4,20.05,20.3,0.3,364,1.0,20.3,20.3,20.05,20.4
2024-06-17,358362,7275017,20.4,20.45,20.15,20.3,0.0,336,1.0,20.4,20.3,20.15,20.45
2024-06-18,484529,9757366,20.2,20.3,20.05,20.1,-0.2,367,1.0,20.2,20.1,20.05,20.3
2024-06-19,517626,10388936,20.1,20.15,20.0,20.05,-0.05,303,1.0,20.1,20.05,20.0,20.15
2024-06-20,554221,11206589,20.05,20.4,20.0,20.3,0.25,376,1.0,20.05,20.3,20.0,20.4
2024-06-21,715718,14680784,20.25,20.75,20.25,20.65,0.35,420,1.0,20.25,20.65,20.25,20.75
2024-06-24,496223,10162096,20.8,20.8,20.35,20.45,-0.2,378,1.0,20.8,20.45,20.35,20.8
2024-06-25,368288,7501076,20.55,20.55,20.25,20.4,-0.05,215,1.0,20.55,20.4,20.25,20.55
2024-06-26,398558,8112462,20.5,20.55,20.25,20.45,0.05,278,1.0,20.5,20.45,20.25,20.55
2024-06-27,309339,6317141,20.35,20.5,20.3,20.45,0.0,261,1.0,20.35,20.45,20.3,20.5
2024-06-28,243239,4957649,20.35,20.45,20.3,20.35,-0.1,389,1.0,20.35,20.35,20.3,20.45
2024-07-01,788478,16296351,20.45,20.9,20.45,20.6,0.25,505,1.0,20.45,20.6,20.45,20.9
2024-07-02,315049,6426471,20.55,20.55,20.3,20.45,-0.15,324,1.0,20.55,20.45,20.3,20.55
2024-07-03,471182,9595464,20.45,20.7,20.2,20.25,-0.2,513,1.0,20.45,20.25,20.2,20.7
2024-07-04,337404,6814230,20.45,20.45,20.1,20.15,-0.1,480,1.0,20.45,20.15,20.1,20.45
2024-07-05,505641,10273482,20.2,20.45,20.2,20.25,0.1,290,1.0,20.2,20.25,20.2,20.45
2024-07-08,514182,10365601,20.25,20.4,20.05,20.1,-0.15,390,1.0,20.25,20.1,20.05,20.4
2024-07-09,811339,16095692,20.15,20.15,19.7,19.7,-0.4,572,1.0,20.15,19.7,19.7,20.15
2024-07-10,465453,9349273,19.8,20.3,19.8,20.15,0.45,320,1.0,19.8,20.15,19.8,20.3
2024-07-11,392795,7913355,20.25,20.25,20.0,20.2,0.05,333,1.0,20.25,20.2,20.0,20.25
2024-07-12,418144,8473781,20.2,20.45,20.1,20.15,-0.05,284,1.0,20.2,20.15,20.1,20.45
2024-07-15,408989,8186789,20.2,20.25,19.85,19.85,-0.3,417,1.0,20.2,19.85,19.85,20.25
2024-07-16,477478,9435065,19.85,20.0,19.65,19.65,-0.2,352,1.0,19.85,19.65,19.65,20.0
2024-07-17,399671,7926584,19.95,19.95,19.7,19.75,0.1,230,1.0,19.95,19.75,19.7,19.95
2024-07-18,234385,4635742,19.9,19.9,19.7,19.8,0.05,178,1.0,19.9,19.8,19.7,19.9
2024-07-19,965156,18641852,19.65,19.7,19.05,19.15,-0.65,541,1.0,19.65,19.15,19.05,19.7
2024-07-22,579547,10914240,19.15,19.2,18.7,18.8,-0.35,392,1.0,19.15,18.8,18.7,19.2
2024-07-23,234581,4484702,18.9,19.2,18.9,19.15,0.35,203,1.0,18.9,19.15,18.9,19.2
2024-07-26,231407,4393371,19.15,19.15,18.85,19.1,-0.05,312,1.0,19.15,19.1,18.85,19.15
2024-07-29,231094,4383550,19.25,19.25,18.85,18.85,-0.25,235,1.0,19.25,18.85,18.85,19.25
2024-07-30,186933,3519817,19.15,19.15,18.7,18.9,0.05,186,1.0,19.15,18.9,18.7,19.15
2024-07-31,127494,2407874,19.1,19.1,18.8,18.95,0.05,206,1.0,19.1,18.95,18.8,19.1
2024-08-01,229680,4388285,19.05,19.25,19.0,19.05,0.1,162,1.0,19.05,19.05,19.0,19.25
2024-08-02,327206,6162676,19.05,19.05,18.7,18.75,-0.3,254,1.0,19.05,18.75,18.7,19.05
2024-08-05,1275780,22489347,18.7,18.85,17.0,17.2,-1.55,1123,1.0,18.7,17.2,17.0,18.85
2024-08-06,553827,9433693,17.9,17.9,16.65,17.1,-0.1,644,1.0,17.9,17.1,16.65,17.9
2024-08-07,204067,3613576,17.2,17.95,17.2,17.85,0.75,316,1.0,17.2,17.85,17.2,17.95
2024-08-08,115600,2043707,17.55,17.8,17.5,17.65,-0.2,271,1.0,17.55,17.65,17.5,17.8
2024-08-09,205865,3664916,17.6,18.1,17.6,17.65,0.0,241,1.0,17.6,17.65,17.6,18.1
2024-08-12,146521,2620173,17.65,18.1,17.65,17.75,0.1,201,1.0,17.65,17.75,17.65,18.1
2024-08-13,92619,1642978,17.8,17.8,17.7,17.7,-0.05,271,1.0,17.8,17.7,17.7,17.8
2024-08-14,116662,2073516,18.05,18.05,17.65,17.8,0.1,254,1.0,18.05,17.8,17.65,18.05
2024-08-15,81870,1453071,17.85,17.9,17.6,17.7,-0.1,146,1.0,17.85,17.7,17.6,17.9
2024-08-16,183587,3255068,17.8,17.95,17.65,17.65,-0.05,261,1.0,17.8,17.65,17.65,17.95
2024-08-19,106656,1893469,17.7,17.85,17.65,17.65,0.0,147,1.0,17.7,17.65,17.65,17.85
2024-08-20,199109,3527103,17.9,17.9,17.6,17.65,0.0,303,1.0,17.9,17.65,17.6,17.9
2024-08-21,206693,3677464,17.75,17.95,17.7,17.9,0.25,210,1.0,17.75,17.9,17.7,17.95
2024-08-22,126672,2268883,17.95,18.05,17.8,17.8,-0.1,278,1.0,17.95,17.8,17.8,18.05
2024-08-23,441572,8022369,17.95,18.65,17.8,18.25,0.45,381,1.0,17.95,18.25,17.8,18.65
2024-08-26,291004,5273297,18.25,18.25,17.95,18.1,-0.15,415,1.0,18.25,18.1,17.95,18.25
2024-08-27,214824,3900850,18.15,18.3,18.0,18.15,0.05,262,1.0,18.15,18.15,18.0,18.3
2024-08-28,57793,1054289,18.3,18.3,18.15,18.2,0.05,217,1.0,18.3,18.2,18.15,18.3
2024-08-29,200457,3612641,18.15,18.15,17.9,18.05,-0.15,254,1.0,18.15,18.05,17.9,18.15
2024-08-30,125493,2278685,18.05,18.3,18.05,18.2,0.15,298,1.0,18.05,18.2,18.05,18.3
2024-09-02,99538,1818164,18.4,18.4,18.15,18.35,0.15,175,1.0,18.4,18.35,18.15,18.4
2024-09-03,122038,2222238,18.35,18.35,18.1,18.1,-0.25,215,1.0,18.35,18.1,18.1,18.35
2024-09-04,418867,7439678,17.9,18.0,17.5,17.8,-0.3,433,1.0,17.9,17.8,17.5,18.0
2024-09-05,182413,3287990,18.1,18.15,17.85,18.05,0.25,143,1.0,18.1,18.05,17.85,18.15
2024-09-06,152188,2748835,18.1,18.15,17.95,18.05,0.0,148,1.0,18.1,18.05,17.95,18.15
2024-09-09,252795,4552219,18.05,18.2,17.95,17.95,-0.1,227,1.0,18.05,17.95,17.95,18.2
2024-09-10,162675,2930696,18.25,18.25,17.9,17.95,0.0,188,1.0,18.25,17.95,17.9,18.25
2024-09-11,98935,1786786,18.2,18.3,17.95,17.95,0.0,118,1.0,18.2,17.95,17.95,18.3
2024-09-12,70548,1276387,18.15,18.15,18.0,18.15,0.2,98,1.0,18.15,18.15,18.0,18.15
2024-09-13,54700,990558,18.0,18.2,18.0,18.15,0.0,113,1.0,18.0,18.15,18.0,18.2
2024-09-16,57619,1048128,18.25,18.25,18.15,18.15,0.0,102,1.0,18.25,18.15,18.15,18.25
2024-09-18,124778,2267409,18.15,18.3,18.05,18.2,0.05,210,1.0,18.15,18.2,18.05,18.3
2024-09-19,144622,2641614,18.4,18.4,18.15,18.35,0.15,156,1.0,18.4,18.35,18.15,18.4
2024-09-20,222304,4048871,18.45,18.45,18.1,18.15,-0.2,331,1.0,18.45,18.15,18.1,18.45
2024-09-23,125783,2281931,18.2,18.2,18.1,18.1,-0.05,235,1.0,18.2,18.1,18.1,18.2
2024-09-24,234585,4225964,18.15,18.2,17.9,18.0,-0.1,228,1.0,18.15,18.0,17.9,18.2
2024-09-25,302742,5445661,18.0,18.15,17.85,17.95,-0.05,355,1.0,18.0,17.95,17.85,18.15
2024-09-26,249297,4469362,18.0,18.05,17.8,17.95,0.0,296,1.0,18.0,17.95,17.8,18.05
2024-09-27,339027,6081972,18.0,18.0,17.85,17.95,0.0,310,1.0,18.0,17.95,17.85,18.0
2024-09-30,489798,8708826,17.95,17.95,17.7,17.8,-0.15,521,1.0,17.95,17.8,17.7,17.95
2024-10-01,461523,8180240,17.85,17.85,17.65,17.8,0.0,450,1.0,17.85,17.8,17.65,17.85
2024-10-04,384036,6779593,17.8,17.8,17.55,17.7,-0.1,418,1.0,17.8,17.7,17.55,17.8
2024-10-07,856791,15063357,17.75,17.8,17.5,17.55,-0.15,861,1.0,17.75,17.55,17.5,17.8
2024-10-08,442721,7724337,17.6,17.65,17.3,17.35,-0.2,673,1.0,17.6,17.35,17.3,17.65
2024-10-09,675468,11601674,17.35,17.5,17.0,17.2,-0.15,665,1.0,17.35,17.2,17.0,17.5
2024-10-11,252549,4365535,17.25,17.45,17.15,17.4,0.2,284,1.0,17.25,17.4,17.15,17.45
2024-10-14,91268,1578718,17.4,17.4,17.2,17.25,-0.15,195,1.0,17.4,17.25,17.2,17.4
2024-10-15,120087,2066541,17.3,17.35,17.15,17.15,-0.1,234,1.0,17.3,17.15,17.15,17.35
2024-10-16,185755,3187691,17.25,17.25,17.1,17.15,0.0,197,1.0,17.25,17.15,17.1,17.25
2024-10-17,133305,2293919,17.15,17.3,17.1,17.3,0.15,133,1.0,17.15,17.3,17.1,17.3
2024-10-18,88418,1527332,17.3,17.35,17.2,17.3,0.0,193,1.0,17.3,17.3,17.2,17.35
2024-10-21,207846,3580178,17.4,17.4,17.1,17.35,0.05,211,1.0,17.4,17.35,17.1,17.4
2024-10-22,103982,1806561,17.35,17.45,17.3,17.45,0.1,137,1.0,17.35,17.45,17.3,17.45
2024-10-23,188575,3289954,17.45,17.5,17.35,17.4,-0.05,189,1.0,17.45,17.4,17.35,17.5
2024-10-24,105796,1838535,17.4,17.45,17.35,17.4,0.0,137,1.0,17.4,17.4,17.35,17.45
2024-10-25,166928,2897332,17.4,17.45,17.3,17.35,-0.05,172,1.0,17.4,17.35,17.3,17.45
2024-10-28,116400,2008873,17.35,17.35,17.2,17.25,-0.1,164,1.0,17.35,17.25,17.2,17.35
2024-10-29,85407,1475780,17.5,17.5,17.15,17.25,0.0,98,1.0,17.5,17.25,17.15,17.5
2024-10-30,82966,1438243,17.25,17.4,17.25,17.4,0.15,122,1.0,17.25,17.4,17.25,17.4
2024-11-01,145569,2532322,17.35,17.6,17.2,17.4,0.0,205,1.0,17.35,17.4,17.2,17.6
2024-11-04,110051,1928593,17.45,17.65,17.3,17.6,0.2,110,1.0,17.45,17.6,17.3,17.65
2024-11-05,286680,5126989,17.7,18.0,17.6,18.0,0.4,254,1.0,17.7,18.0,17.6,18.0
2024-11-06,150141,2682322,18.15,18.2,17.75,17.8,-0.2,172,1.0,18.15,17.8,17.75,18.2
2024-11-07,112886,2000915,17.8,17.95,17.6,17.75,-0.05,142,1.0,17.8,17.75,17.6,17.95
2024-11-08,150620,2674604,17.8,17.95,17.6,17.75,0.0,154,1.0,17.8,17.75,17.6,17.95
2024-11-11,200600,3610761,17.75,18.1,17.75,18.0,0.25,186,1.0,17.75,18.0,17.75,18.1
2024-11-12,173938,3118954,18.0,18.1,17.85,17.85,-0.15,201,1.0,18.0,17.85,17.85,18.1
2024-11-13,319626,5707844,17.85,18.0,17.7,17.85,0.0,225,1.0,17.85,17.85,17.7,18.0
2024-11-14,308196,5488124,17.85,17.95,17.6,17.6,-0.25,267,1.0,17.85,17.6,17.6,17.95
2024-11-15,155357,2777059,17.9,18.0,17.65,17.7,0.1,233,1.0,17.9,17.7,17.65,18.0
2024-11-18,152914,2710090,17.8,17.9,17.6,17.8,0.1,178,1.0,17.8,17.8,17.6,17.9
2024-11-19,106731,1894966,17.95,17.95,17.6,17.8,0.0,103,1.0,17.95,17.8,17.6,17.95
2024-11-20,65686,1161048,17.65,17.85,17.6,17.6,-0.2,112,1.0,17.65,17.6,17.6,17.85
2024-11-21,154385,2709569,17.6,17.75,17.2,17.65,0.05,142,1.0,17.6,17.65,17.2,17.75
2024-11-22,147582,2611378,17.7,17.75,17.6,17.75,0.1,140,1.0,17.7,17.75,17.6,17.75
2024-11-25,59041,1049373,17.9,17.9,17.7,17.8,0.05,151,1.0,17.9,17.8,17.7,17.9
2024-11-26,94057,1664333,17.75,17.75,17.65,17.65,-0.15,150,1.0,17.75,17.65,17.65,17.75
2024-11-27,124473,2191616,17.65,17.85,17.4,17.4,-0.25,150,1.0,17.65,17.4,17.4,17.85
2024-11-28,288371,4988212,17.5,17.5,17.15,17.25,-0.15,256,1.0,17.5,17.25,17.15,17.5
2024-11-29,172270,2970944,17.25,17.3,17.2,17.3,0.05,214,1.0,17.25,17.3,17.2,17.3
2024-12-02,203702,3505802,17.3,17.3,17.15,17.15,-0.15,240,1.0,17.3,17.15,17.15,17.3
2024-12-03,231211,3986910,17.2,17.4,17.2,17.2,0.05,171,1.0,17.2,17.2,17.2,17.4
2024-12-04,121282,2090607,17.2,17.4,17.2,17.2,0.0,173,1.0,17.2,17.2,17.2,17.4
2024-12-05,77010,1328036,17.4,17.4,17.15,17.35,0.15,139,1.0,17.4,17.35,17.15,17.4
2024-12-06,160436,2777222,17.35,17.4,17.2,17.3,-0.05,170,1.0,17.35,17.3,17.2,17.4
2024-12-09,94497,1640529,17.35,17.45,17.25,17.35,0.05,117,1.0,17.35,17.35,17.25,17.45
2024-12-10,106683,1857824,17.45,17.45,17.4,17.45,0.1,97,1.0,17.45,17.45,17.4,17.45
2024-12-11,166340,2922110,17.45,17.7,17.4,17.7,0.25,163,1.0,17.45,17.7,17.4,17.7
2024-12-12,135317,2394288,17.65,17.75,17.6,17.7,0.0,124,1.0,17.65,17.7,17.6,17.75
2024-12-13,125896,2210774,17.65,17.65,17.5,17.55,-0.15,147,1.0,17.65,17.55,17.5,17.65
2024-12-16,348736,6057636,17.6,17.6,17.25,17.25,-0.3,213,1.0,17.6,17.25,17.25,17.6
2024-12-17,406133,7180265,17.3,18.1,17.3,17.65,0.4,266,1.0,17.3,17.65,17.3,18.1
2024-12-18,2078777,38862025,17.9,19.35,17.9,18.25,0.6,1416,1.0,17.9,18.25,17.9,19.35
2024-12-19,427051,7703097,18.15,18.55,17.8,18.0,-0.25,443,1.0,18.15,18.0,17.8,18.55
2024-12-20,253686,4510142,18.0,18.0,17.7,17.7,-0.3,266,1.0,18.0,17.7,17.7,18.0
2024-12-23,138189,2455075,17.7,17.85,17.7,17.75,0.05,179,1.0,17.7,17.75,17.7,17.85
2024-12-24,107396,1907627,17.75,17.9,17.7,17.7,-0.05,127,1.0,17.75,17.7,17.7,17.9
2024-12-25,184516,3242973,17.75,17.75,17.5,17.55,-0.15,205,1.0,17.75,17.55,17.5,17.75
2024-12-26,152581,2684023,17.55,17.7,17.55,17.55,0.0,156,1.0,17.55,17.55,17.55,17.7
2024-12-27,107501,1887066,17.55,17.6,17.5,17.55,0.0,131,1.0,17.55,17.55,17.5,17.6
2024-12-30,167435,2935654,17.6,17.6,17.45,17.5,-0.05,161,1.0,17.6,17.5,17.45,17.6
2024-12-31,83030,1458814,17.55,17.65,17.5,17.6,0.1,132,1.0,17.55,17.6,17.5,17.65
2025-01-02,1248963,22907015,17.95,18.85,17.8,17.85,0.25,828,1.0,17.95,17.85,17.8,18.85
2025-01-03,235901,4212643,18.05,18.1,17.7,17.75,-0.1,249,1.0,18.05,17.75,17.7,18.1
2025-01-06,278054,4902160,17.85,17.85,17.55,17.6,-0.15,238,1.0,17.85,17.6,17.55,17.85
2025-01-07,128396,2257072,17.7,17.7,17.55,17.65,0.05,134,1.0,17.7,17.65,17.55,17.7
2025-01-08,80228,1412301,17.65,17.65,17.55,17.65,0.0,111,1.0,17.65,17.65,17.55,17.65
2025-01-09,271372,4749063,17.75,17.75,17.35,17.35,-0.3,236,1.0,17.75,17.35,17.35,17.75
2025-01-10,375844,6492938,17.4,17.5,17.2,17.3,-0.05,236,1.0,17.4,17.3,17.2,17.5
2025-01-13,324952,5542374,17.3,17.3,16.85,17.1,-0.2,332,1.0,17.3,17.1,16.85,17.3
2025-01-14,143832,2468663,17.05,17.25,17.05,17.25,0.15,174,1.0,17.05,17.25,17.05,17.25
2025-01-15,125887,2168220,17.25,17.3,17.15,17.2,-0.05,200,1.0,17.25,17.2,17.15,17.3
2025-01-16,118868,2055016,17.4,17.5,17.2,17.3,0.1,139,1.0,17.4,17.3,17.2,17.5
2025-01-17,3480257,65003196,17.55,19.0,17.55,18.5,1.2,2212,1.0,17.55,18.5,17.55,19.0
2025-01-20,2010950,37423386,18.75,19.05,18.25,18.25,-0.25,1518,1.0,18.75,18.25,18.25,19.05
2025-01-21,430245,7863282,18.35,18.5,18.15,18.3,0.05,468,1.0,18.35,18.3,18.15,18.5
2025-01-22,223839,4121143,18.3,18.55,18.3,18.5,0.2,260,1.0,18.3,18.5,18.3,18.55
2025-02-03,291690,5299353,18.45,18.45,18.05,18.05,-0.45,378,1.0,18.45,18.05,18.05,18.45
2025-02-04,371551,6631268,18.1,18.1,17.8,17.85,-0.2,318,1.0,18.1,17.85,17.8,18.1
2025-02-05,159278,2866870,18.0,18.1,17.9,17.95,0.1,187,1.0,18.0,17.95,17.9,18.1
2025-02-06,128724,2311989,18.05,18.05,17.9,18.0,0.05,222,1.0,18.05,18.0,17.9,18.05
2025-02-07,125158,2244517,18.1,18.1,17.85,18.0,0.0,228,1.0,18.1,18.0,17.85,18.1
2025-02-10,149996,2679047,17.95,18.0,17.8,17.85,-0.15,270,1.0,17.95,17.85,17.8,18.0
2025-02-11,240250,4303795,18.0,18.0,17.8,17.85,0.0,254,1.0,18.0,17.85,17.8,18.0
2025-02-12,123424,2225913,17.95,18.15,17.95,18.1,0.25,195,1.0,17.95,18.1,17.95,18.15
2025-02-13,195262,3555539,18.25,18.35,18.1,18.15,0.05,313,1.0,18.25,18.15,18.1,18.35
2025-02-14,159131,2878116,18.15,18.15,18.0,18.15,0.0,265,1.0,18.15,18.15,18.0,18.15
2025-02-17,147227,2662502,18.25,18.25,18.0,18.1,-0.05,403,1.0,18.25,18.1,18.0,18.25
2025-02-18,155726,2803806,18.1,18.1,17.95,18.0,-0.1,289,1.0,18.1,18.0,17.95,18.1
2025-02-19,105453,1905074,18.15,18.25,18.0,18.0,0.0,220,1.0,18.15,18.0,18.0,18.25
2025-02-20,115177,2072160,18.0,18.05,17.95,18.0,0.0,228,1.0,18.0,18.0,17.95,18.05
2025-02-21,62443,1123201,18.05,18.1,17.95,18.0,0.0,193,1.0,18.05,18.0,17.95,18.1
2025-02-24,223750,4028971,18.0,18.1,17.95,18.0,0.0,379,1.0,18.0,18.0,17.95,18.1
2025-02-25,168176,3055829,18.1,18.3,18.0,18.25,0.25,340,1.0,18.1,18.25,18.0,18.3
2025-02-26,158427,2898376,18.25,18.45,18.25,18.25,0.0,321,1.0,18.25,18.25,18.25,18.45
2025-02-27,128229,2334169,18.3,18.3,18.15,18.15,-0.1,322,1.0,18.3,18.15,18.15,18.3
2025-03-03,144600,2603414,17.95,18.15,17.95,17.95,-0.2,366,1.0,17.95,17.95,17.95,18.15
2025-03-04,149147,2677943,17.9,18.0,17.75,18.0,0.05,243,1.0,17.9,18.0,17.75,18.0
2025-03-05,101773,1842142,18.15,18.15,18.05,18.15,0.15,253,1.0,18.15,18.15,18.05,18.15
2025-03-06,150088,2733877,18.2,18.3,18.1,18.15,0.0,286,1.0,18.2,18.15,18.1,18.3
2025-03-07,74795,1358092,18.25,18.25,18.1,18.1,-0.05,216,1.0,18.25,18.1,18.1,18.25
2025-03-10,100512,1815741,18.2,18.2,18.0,18.1,0.0,313,1.0,18.2,18.1,18.0,18.2
2025-03-11,115085,2066114,18.1,18.1,17.8,18.0,-0.1,259,1.0,18.1,18.0,17.8,18.1
2025-03-12,160579,2882744,18.0,18.1,17.85,17.9,-0.1,256,1.0,18.0,17.9,17.85,18.1
2025-03-13,129597,2322863,17.9,18.25,17.85,17.9,0.0,303,1.0,17.9,17.9,17.85,18.25
2025-03-14,243800,4349009,17.7,17.95,17.7,17.85,-0.05,333,1.0,17.7,17.85,17.7,17.95
2025-03-17,417421,7656141,18.5,18.55,18.1,18.3,0.45,480,1.0,18.5,18.3,18.1,18.55
2025-03-18,305200,5606726,18.4,18.45,18.25,18.4,0.1,390,1.0,18.4,18.4,18.25,18.45
2025-03-19,241537,4461281,18.4,18.5,18.35,18.5,0.1,522,1.0,18.4,18.5,18.35,18.5
2025-03-20,131691,2435099,18.65,18.65,18.45,18.5,0.0,349,1.0,18.65,18.5,18.45,18.65
2025-03-21,130141,2392397,18.4,18.45,18.35,18.4,-0.1,323,1.0,18.4,18.4,18.35,18.45
2025-03-24,131962,2430375,18.4,18.5,18.4,18.45,0.05,437,1.0,18.4,18.45,18.4,18.5
2025-03-25,134453,2474592,18.5,18.5,18.35,18.4,-0.05,395,1.0,18.5,18.4,18.35,18.5
2025-03-26,144987,2664283,18.4,18.55,18.3,18.4,0.0,390,1.0,18.4,18.4,18.3,18.55
2025-03-27,193846,3553558,18.5,18.5,18.25,18.3,-0.1,426,1.0,18.5,18.3,18.25,18.5
2025-03-28,389074,7018567,18.3,18.35,17.9,18.0,-0.3,496,1.0,18.3,18.0,17.9,18.35
2025-03-31,380694,6695723,17.8,17.9,17.45,17.5,-0.5,884,1.0,17.8,17.5,17.45,17.9
2025-04-01,243247,4291247,17.65,17.8,17.55,17.55,0.05,282,1.0,17.65,17.55,17.55,17.8
2025-04-02,115076,2027755,17.55,17.8,17.55,17.65,0.1,296,1.0,17.55,17.65,17.55,17.8
2025-04-07,1305404,20792072,15.9,16.45,15.9,15.9,-1.75,930,1.0,15.9,15.9,15.9,16.45
2025-04-08,748180,11907264,16.35,16.55,15.55,16.0,0.1,594,1.0,16.35,16.0,15.55,16.55
2025-04-09,779963,11966547,16.1,16.1,14.8,15.0,-1.0,846,1.0,16.1,15.0,14.8,16.1
2025-04-10,265896,4373650,16.5,16.5,16.05,16.5,1.5,259,1.0,16.5,16.5,16.05,16.5
2025-04-11,112395,1847094,16.45,16.6,16.15,16.6,0.1,223,1.0,16.45,16.6,16.15,16.6
2025-04-14,169128,2833206,16.85,16.9,16.65,16.7,0.1,262,1.0,16.85,16.7,16.65,16.9
2025-04-15,142015,2426909,16.8,17.3,16.8,17.15,0.45,220,1.0,16.8,17.15,16.8,17.3
2025-04-16,147139,2497621,17.15,17.15,16.85,16.85,-0.3,262,1.0,17.15,16.85,16.85,17.15
2025-04-17,47428,800679,16.85,16.95,16.7,16.95,0.1,116,1.0,16.85,16.95,16.7,16.95
2025-04-18,70041,1194891,16.95,17.15,16.95,17.1,0.15,105,1.0,16.95,17.1,16.95,17.15
2025-04-21,90195,1543970,17.1,17.25,17.05,17.05,-0.05,159,1.0,17.1,17.05,17.05,17.25
2025-04-22,44567,758748,16.85,17.1,16.85,17.0,-0.05,117,1.0,16.85,17.0,16.85,17.1
2025-04-23,73737,1256625,17.1,17.1,17.0,17.0,0.0,106,1.0,17.1,17.0,17.0,17.1
2025-04-24,58742,995537,16.95,17.05,16.85,17.0,0.0,130,1.0,16.95,17.0,16.85,17.05
2025-04-25,73544,1247705,16.95,17.1,16.85,17.0,0.0,156,1.0,16.95,17.0,16.85,17.1
2025-04-28,59698,1022654,17.1,17.2,17.0,17.1,0.1,93,1.0,17.1,17.1,17.0,17.2
2025-04-29,55822,958632,17.0,17.2,17.0,17.2,0.1,113,1.0,17.0,17.2,17.0,17.2
2025-04-30,51122,879539,17.05,17.3,17.05,17.1,-0.1,86,1.0,17.05,17.1,17.05,17.3
2025-05-02,126178,2214109,17.35,17.75,17.3,17.7,0.6,182,1.0,17.35,17.7,17.3,17.75
2025-05-05,1590195,29552362,17.95,19.0,17.9,18.6,0.9,964,1.0,17.95,18.6,17.9,19.0
2025-05-06,1149904,21323681,18.5,18.95,18.2,18.2,-0.4,1068,1.0,18.5,18.2,18.2,18.95
2025-05-07,410785,7505606,18.25,18.45,18.15,18.2,0.0,344,1.0,18.25,18.2,18.15,18.45
2025-05-08,380117,6977404,18.25,18.5,18.25,18.3,0.1,303,1.0,18.25,18.3,18.25,18.5
2025-05-09,222358,4098067,18.35,18.5,18.25,18.5,0.2,231,1.0,18.35,18.5,18.25,18.5
2025-05-12,224436,4179431,18.7,18.8,18.45,18.65,0.15,253,1.0,18.7,18.65,18.45,18.8
2025-05-13,314470,5792126,18.6,18.6,18.25,18.35,-0.3,299,1.0,18.6,18.35,18.25,18.6
2025-05-14,286256,5235996,18.35,18.5,18.15,18.4,0.05,544,1.0,18.35,18.4,18.15,18.5
2025-05-15,200607,3674078,18.45,18.45,18.2,18.2,-0.2,277,1.0,18.45,18.2,18.2,18.45
2025-05-16,238607,4380787,18.2,18.5,18.2,18.4,0.2,268,1.0,18.2,18.4,18.2,18.5
2025-05-19,218853,4031258,18.5,18.6,18.25,18.45,0.05,219,1.0,18.5,18.45,18.25,18.6
2025-05-20,134396,2482864,18.55,18.55,18.4,18.55,0.1,127,1.0,18.55,18.55,18.4,18.55
2025-05-21,143511,2654551,18.6,18.6,18.4,18.55,0.0,159,1.0,18.6,18.55,18.4,18.6
2025-05-22,144898,2693503,18.5,18.65,18.5,18.6,0.05,152,1.0,18.5,18.6,18.5,18.65
2025-05-23,611725,11527577,18.6,19.0,18.6,18.95,0.35,333,1.0,18.6,18.95,18.6,19.0
2025-05-26,345608,6544225,18.9,19.0,18.8,18.9,-0.05,263,1.0,18.9,18.9,18.8,19.0
2025-05-27,528628,10070634,18.9,19.15,18.85,19.15,0.25,407,1.0,18.9,19.15,18.85,19.15
2025-05-28,431161,8108761,19.15,19.15,18.6,18.85,-0.3,313,1.0,19.15,18.85,18.6,19.15
2025-05-29,162781,3060563,18.95,18.95,18.75,18.9,0.05,134,1.0,18.95,18.9,18.75,18.95
2025-06-02,182348,3387088,18.9,18.9,18.4,18.6,-0.3,213,1.0,18.9,18.6,18.4,18.9
2025-06-03,139184,2603399,18.65,18.75,18.65,18.7,0.1,140,1.0,18.65,18.7,18.65,18.75
2025-06-04,257441,4868099,18.8,19.0,18.8,18.8,0.1,254,1.0,18.8,18.8,18.8,19.0
2025-06-05,256805,4869150,19.0,19.15,18.8,18.85,0.05,223,1.0,19.0,18.85,18.8,19.15
2025-06-06,318561,6074741,18.9,19.2,18.9,19.1,0.25,264,1.0,18.9,19.1,18.9,19.2
2025-06-09,253229,4827170,19.1,19.3,19.0,19.1,0.0,262,1.0,19.1,19.1,19.0,19.3
2025-06-10,112480,2140537,19.1,19.25,18.9,18.9,-0.2,228,1.0,19.1,18.9,18.9,19.25
2025-06-11,269694,5128895,19.0,19.1,18.95,19.05,0.15,238,1.0,19.0,19.05,18.95,19.1
2025-06-12,203991,3876719,19.05,19.1,18.95,19.0,-0.05,161,1.0,19.05,19.0,18.95,19.1
2025-06-13,201598,3817743,19.0,19.1,18.8,18.95,-0.05,222,1.0,19.0,18.95,18.8,19.1
2025-06-16,385676,7271491,18.95,18.95,18.7,18.95,0.0,276,1.0,18.95,18.95,18.7,18.95
2025-06-17,227990,4275810,19.0,19.0,18.6,18.7,-0.25,182,1.0,19.0,18.7,18.6,19.0
2025-06-18,264617,4930660,18.65,18.75,18.5,18.65,-0.05,235,1.0,18.65,18.65,18.5,18.75
2025-06-19,408338,7407373,18.65,18.65,17.9,17.9,-0.75,396,1.0,18.65,17.9,17.9,18.65
2025-06-20,261262,4656163,17.85,18.1,17.6,18.0,0.1,266,1.0,17.85,18.0,17.6,18.1
2025-06-23,167685,2980779,17.95,17.95,17.55,17.7,-0.3,201,1.0,17.95,17.7,17.55,17.95
2025-06-24,119924,2138674,17.6,18.0,17.6,17.9,0.2,172,1.0,17.6,17.9,17.6,18.0
2025-06-25,60817,1084670,17.85,18.05,17.75,17.9,0.0,130,1.0,17.85,17.9,17.75,18.05
2025-06-26,144066,2567048,17.9,18.0,17.55,17.75,-0.15,182,1.0,17.9,17.75,17.55,18.0
2025-06-27,935445,17396213,17.95,18.9,17.8,18.75,1.0,717,1.0,17.95,18.75,17.8,18.9
2025-06-30,336170,6196103,18.85,18.85,18.2,18.4,-0.35,354,1.0,18.85,18.4,18.2,18.85
2025-07-01,447910,8247296,18.35,18.55,18.35,18.45,0.05,430,1.0,18.35,18.45,18.35,18.55
2025-07-02,216522,3997024,18.4,18.55,18.3,18.45,0.0,195,1.0,18.4,18.45,18.3,18.55
2025-07-03,355610,6485914,18.4,18.4,18.15,18.3,-0.15,337,1.0,18.4,18.3,18.15,18.4
2025-07-04,263779,4773609,18.45,18.45,17.95,18.05,-0.25,295,1.0,18.45,18.05,17.95,18.45
2025-07-07,175818,3136308,17.9,18.0,17.75,17.85,-0.2,163,1.0,17.9,17.85,17.75,18.0
2025-07-08,248396,4371916,17.85,17.85,17.5,17.6,-0.25,166,1.0,17.85,17.6,17.5,17.85
2025-07-09,170808,2993535,17.4,17.65,17.4,17.55,-0.05,137,1.0,17.4,17.55,17.4,17.65
2025-07-10,303281,5264173,17.5,17.6,17.25,17.4,-0.15,179,1.0,17.5,17.4,17.25,17.6
2025-07-11,103742,1811073,17.4,17.5,17.4,17.5,0.1,116,1.0,17.4,17.5,17.4,17.5
2025-07-14,98760,1730263,17.55,17.6,17.4,17.45,-0.05,139,1.0,17.55,17.45,17.4,17.6
2025-07-15,110362,1925122,17.45,17.65,17.35,17.35,-0.1,116,1.0,17.45,17.35,17.35,17.65
2025-07-16,142399,2467228,17.35,17.45,17.25,17.25,-0.1,152,1.0,17.35,17.25,17.25,17.45
2025-07-17,109107,1887022,17.3,17.45,17.2,17.25,0.0,160,1.0,17.3,17.25,17.2,17.45
2025-07-18,159638,2746730,17.25,17.35,17.1,17.15,-0.1,173,1.0,17.25,17.15,17.1,17.35
2025-07-21,249854,4260891,16.95,17.25,16.95,17.05,-0.1,212,1.0,16.95,17.05,16.95,17.25
2025-07-22,300329,5089758,17.05,17.15,16.85,16.85,-0.2,265,1.0,17.05,16.85,16.85,17.15
2025-07-23,143942,2442934,16.85,17.05,16.85,17.0,0.15,142,1.0,16.85,17.0,16.85,17.05
2025-07-24,139157,2368109,17.05,17.15,16.9,17.05,0.05,165,1.0,17.05,17.05,16.9,17.15
2025-07-25,80324,1365413,17.05,17.05,16.95,17.0,-0.05,115,1.0,17.05,17.0,16.95,17.05
2025-07-28,79624,1359362,17.05,17.1,17.0,17.05,0.05,111,1.0,17.05,17.05,17.0,17.1
2025-07-29,166565,2819474,17.15,17.15,16.75,16.85,-0.2,209,1.0,17.15,16.85,16.75,17.15
2025-07-30,357685,6069593,17.0,17.1,16.85,17.0,0.15,108,1.0,17.0,17.0,16.85,17.1
2025-07-31,110805,1870363,17.0,17.0,16.85,16.9,-0.1,125,1.0,17.0,16.9,16.85,17.0
2025-08-01,67544,1139741,16.7,16.95,16.7,16.85,-0.05,99,1.0,16.7,16.85,16.7,16.95
2025-08-04,100083,1689144,16.85,17.0,16.8,16.95,0.1,97,1.0,16.85,16.95,16.8,17.0
2025-08-05,127015,2150393,16.95,17.05,16.9,16.9,-0.05,137,1.0,16.95,16.9,16.9,17.05
2025-08-06,48547,822450,16.9,17.0,16.9,16.95,0.05,84,1.0,16.9,16.95,16.9,17.0
2025-08-07,185324,3146307,17.05,17.2,16.8,17.05,0.1,169,1.0,17.05,17.05,16.8,17.2
2025-08-08,78589,1338722,17.1,17.15,16.95,16.95,-0.1,114,1.0,17.1,16.95,16.95,17.15
2025-08-11,119406,2015711,16.9,16.95,16.85,16.85,-0.1,154,1.0,16.9,16.85,16.85,16.95
2025-08-12,134419,2263996,16.85,16.95,16.8,16.85,0.0,144,1.0,16.85,16.85,16.8,16.95
2025-08-13,101569,1721100,16.95,17.0,16.85,17.0,0.15,283,1.0,16.95,17.0,16.85,17.0
2025-08-14,91778,1559369,16.9,17.05,16.9,17.05,0.05,209,1.0,16.9,17.05,16.9,17.05
2025-08-15,135649,2319786,17.05,17.15,17.0,17.15,0.1,167,1.0,17.05,17.15,17.0,17.15
2025-08-18,124173,2134026,17.15,17.25,17.15,17.2,0.05,121,1.0,17.15,17.2,17.15,17.25
2025-08-19,219105,3773696,17.15,17.3,17.05,17.25,0.05,185,1.0,17.15,17.25,17.05,17.3
2025-08-20,97526,1681316,17.25,17.35,17.15,17.3,0.05,142,1.0,17.25,17.3,17.15,17.35
2025-08-21,111138,1926082,17.3,17.45,17.3,17.35,0.05,123,1.0,17.3,17.35,17.3,17.45
2025-08-22,53363,922727,17.3,17.5,17.25,17.35,0.0,111,1.0,17.3,17.35,17.25,17.5
2025-08-25,132792,2301378,17.35,17.45,17.2,17.25,-0.1,176,1.0,17.35,17.25,17.2,17.45
2025-08-26,127775,2198064,17.2,17.35,17.15,17.35,0.1,123,1.0,17.2,17.35,17.15,17.35
2025-08-27,79140,1366041,17.45,17.45,17.2,17.2,-0.15,109,1.0,17.45,17.2,17.2,17.45
2025-08-28,245593,4237439,17.3,17.35,17.2,17.25,0.05,129,1.0,17.3,17.25,17.2,17.35
2025-08-29,80777,1402022,17.25,17.45,17.25,17.4,0.15,132,1.0,17.25,17.4,17.25,17.45
2025-09-01,94543,1646384,17.4,17.55,17.35,17.4,0.0,131,1.0,17.4,17.4,17.35,17.55
2025-09-02,118663,2054687,17.4,17.55,17.25,17.35,-0.05,122,1.0,17.4,17.35,17.25,17.55
2025-09-03,84491,1460673,17.25,17.45,17.25,17.25,-0.1,118,1.0,17.25,17.25,17.25,17.45
2025-09-04,91552,1586642,17.25,17.4,17.25,17.4,0.15,124,1.0,17.25,17.4,17.25,17.4
2025-09-05,84215,1457114,17.4,17.45,17.25,17.25,-0.15,183,1.0,17.4,17.25,17.25,17.45
2025-09-08,145384,2507796,17.25,17.35,17.1,17.35,0.1,188,1.0,17.25,17.35,17.1,17.35
2025-09-09,86340,1490272,17.3,17.3,17.2,17.25,-0.1,161,1.0,17.3,17.25,17.2,17.3
2025-09-10,111389,1916109,17.25,17.25,17.15,17.2,-0.05,134,1.0,17.25,17.2,17.15,17.25
2025-09-11,164938,2814930,17.2,17.2,16.95,17.0,-0.2,204,1.0,17.2,17.0,16.95,17.2
2025-09-12,101297,1728602,17.1,17.1,17.0,17.05,0.05,115,1.0,17.1,17.05,17.0,17.1
2025-09-15,139405,2405626,17.05,17.4,17.05,17.35,0.3,133,1.0,17.05,17.35,17.05,17.4
2025-09-16,145934,2533980,17.4,17.45,17.2,17.45,0.1,115,1.0,17.4,17.45,17.2,17.45
2025-09-17,98220,1697155,17.4,17.4,17.2,17.2,-0.25,167,1.0,17.4,17.2,17.2,17.4
2025-09-18,77497,1332050,17.2,17.25,17.15,17.15,-0.05,109,1.0,17.2,17.15,17.15,17.25
2025-09-19,97591,1677350,17.35,17.35,17.1,17.3,0.15,108,1.0,17.35,17.3,17.1,17.35
2025-09-22,51795,889130,17.15,17.3,17.1,17.15,-0.15,128,1.0,17.15,17.15,17.1,17.3
2025-09-23,175319,2987074,17.15,17.15,16.95,17.05,-0.1,190,1.0,17.15,17.05,16.95,17.15
2025-09-24,111461,1892669,17.0,17.05,16.95,17.0,-0.05,145,1.0,17.0,17.0,16.95,17.05
2025-09-25,75658,1289161,17.1,17.1,17.0,17.0,0.0,98,1.0,17.1,17.0,17.0,17.1
2025-09-26,113194,1919530,17.1,17.1,16.85,16.9,-0.1,127,1.0,17.1,16.9,16.85,17.1
2025-09-30,29135,494793,16.95,17.05,16.9,17.05,0.15,75,1.0,16.95,17.05,16.9,17.05
2025-10-01,49532,844820,17.15,17.15,17.0,17.1,0.05,81,1.0,17.15,17.1,17.0,17.15
2025-10-02,34738,592579,17.15,17.15,17.0,17.1,0.0,95,1.0,17.15,17.1,17.0,17.15
2025-10-03,227841,4172784,17.0,17.15,17.0,17.0,-0.1,77,1.0,17.0,17.0,17.0,17.15
2025-10-07,97046,1648852,17.0,17.1,16.95,17.0,0.0,198,1.0,17.0,17.0,16.95,17.1
2025-10-08,84568,1433613,17.0,17.0,16.9,16.95,-0.05,116,1.0,17.0,16.95,16.9,17.0
2025-10-09,52710,897401,17.05,17.1,17.0,17.0,0.05,141,1.0,17.05,17.0,17.0,17.1
2025-10-13,90951,1528242,16.65,16.95,16.65,16.85,-0.15,197,1.0,16.65,16.85,16.65,16.95
2025-10-14,154934,2619162,16.9,17.0,16.8,16.8,-0.05,197,1.0,16.9,16.8,16.8,17.0
2025-10-15,91342,1532763,16.85,16.9,16.7,16.75,-0.05,157,1.0,16.85,16.75,16.7,16.9
2025-10-16,84950,1426867,16.75,16.9,16.75,16.8,0.05,149,1.0,16.75,16.8,16.75,16.9
2025-10-17,144833,2463838,16.8,17.1,16.8,16.95,0.15,160,1.0,16.8,16.95,16.8,17.1
2025-10-20,100040,1701861,17.05,17.1,16.95,17.05,0.1,99,1.0,17.05,17.05,16.95,17.1
2025-10-21,46445,788248,17.1,17.1,16.95,16.95,-0.1,86,1.0,17.1,16.95,16.95,17.1
2025-10-22,93107,1576384,16.9,17.0,16.9,16.9,-0.05,117,1.0,16.9,16.9,16.9,17.0
2025-10-23,107084,1805851,16.9,17.05,16.8,16.85,-0.05,153,1.0,16.9,16.85,16.8,17.05
2025-10-27,424365,6552801,16.9,16.95,16.85,16.9,0.05,138,1.0,16.9,16.9,16.85,16.95
2025-10-28,51029,863502,16.95,17.0,16.9,16.9,0.0,116,1.0,16.95,16.9,16.9,17.0
2025-10-29,97342,1644454,16.9,17.0,16.85,16.85,-0.05,104,1.0,16.9,16.85,16.85,17.0
2025-10-30,91506,1548520,17.0,17.0,16.85,16.85,0.0,125,1.0,17.0,16.85,16.85,17.0
2025-10-31,83999,1413793,16.85,16.95,16.75,16.85,0.0,136,1.0,16.85,16.85,16.75,16.95
2025-11-03,87891,1478111,16.8,16.9,16.8,16.8,-0.05,160,1.0,16.8,16.8,16.8,16.9
2025-11-04,88461,1486647,16.85,16.85,16.75,16.75,-0.05,98,1.0,16.85,16.75,16.75,16.85
2025-11-05,345005,5885544,16.75,17.35,16.75,16.85,0.1,301,1.0,16.75,16.85,16.75,17.35
2025-11-06,114635,1956783,17.1,17.15,16.9,16.9,0.05,134,1.0,17.1,16.9,16.9,17.15
2025-11-07,74758,1270901,16.9,17.15,16.9,16.95,0.05,126,1.0,16.9,16.95,16.9,17.15
2025-11-10,37421,633794,17.05,17.05,16.85,16.9,-0.05,95,1.0,17.05,16.9,16.85,17.05
2025-11-11,54116,912511,16.85,16.9,16.85,16.85,-0.05,115,1.0,16.85,16.85,16.85,16.9
2025-11-12,103234,1744374,16.85,17.0,16.85,16.85,0.0,132,1.0,16.85,16.85,16.85,17.0
2025-11-13,63074,1065496,17.05,17.05,16.85,16.9,0.05,89,1.0,17.05,16.9,16.85,17.05
2025-11-14,116325,1967443,17.0,17.0,16.8,16.8,-0.1,146,1.0,17.0,16.8,16.8,17.0
2025-11-17,52975,891951,16.8,16.9,16.8,16.8,0.0,111,1.0,16.8,16.8,16.8,16.9
2025-11-18,127934,2147719,16.95,16.95,16.7,16.75,-0.05,182,1.0,16.95,16.75,16.7,16.95
2025-11-19,98413,1641039,16.7,16.8,16.6,16.65,-0.1,148,1.0,16.7,16.65,16.6,16.8
2025-11-20,2866835,52356507,16.7,16.8,16.65,16.7,0.05,101,1.0,16.7,16.7,16.65,16.8
2025-11-21,384847,6329974,16.5,16.65,16.35,16.35,-0.35,299,1.0,16.5,16.35,16.35,16.65
2025-11-24,116267,1905600,16.4,16.45,16.3,16.35,0.0,210,1.0,16.4,16.35,16.3,16.45
2025-11-25,109423,1798814,16.55,16.55,16.4,16.5,0.15,80,1.0,16.55,16.5,16.4,16.55
2025-11-26,69938,1160002,16.5,16.65,16.5,16.65,0.15,97,1.0,16.5,16.65,16.5,16.65
2025-11-27,87918,1454736,16.65,16.75,16.45,16.5,-0.15,121,1.0,16.65,16.5,16.45,16.75
2025-11-28,71749,1189235,16.7,16.7,16.5,16.6,0.1,115,1.0,16.7,16.6,16.5,16.7
2025-12-01,248624,4115424,16.6,16.65,16.5,16.55,-0.05,111,1.0,16.6,16.55,16.5,16.65
2025-12-02,84057,1397420,16.6,16.7,16.6,16.65,0.1,91,1.0,16.6,16.65,16.6,16.7
2025-12-03,115037,1914654,16.8,16.8,16.6,16.6,-0.05,119,1.0,16.8,16.6,16.6,16.8
2025-12-04,48307,803599,16.65,16.7,16.6,16.65,0.05,75,1.0,16.65,16.65,16.6,16.7
2025-12-05,42725,710747,16.65,16.7,16.6,16.65,0.0,87,1.0,16.65,16.65,16.6,16.7
2025-12-08,163108,2700703,16.65,16.65,16.5,16.55,-0.1,111,1.0,16.65,16.55,16.5,16.65
2025-12-09,191383,3180433,16.55,17.05,16.5,16.55,0.0,185,1.0,16.55,16.55,16.5,17.05
2025-12-10,2883827,43107017,16.6,16.6,16.5,16.5,-0.05,125,1.0,16.6,16.5,16.5,16.6
2025-12-11,92459,1529069,16.5,16.6,16.5,16.55,0.05,121,1.0,16.5,16.55,16.5,16.6
2025-12-12,44690,742297,16.65,16.7,16.55,16.55,0.0,103,1.0,16.65,16.55,16.55,16.7
2025-12-15,116107,1924068,16.5,16.65,16.45,16.65,0.1,101,1.0,16.5,16.65,16.45,16.65
2025-12-16,3305678,60237596,16.55,16.65,16.4,16.5,-0.15,163,1.0,16.55,16.5,16.4,16.65
2025-12-17,119508,1978934,16.55,16.6,16.5,16.55,0.05,106,1.0,16.55,16.55,16.5,16.6
2025-12-18,3207577,47863142,16.5,16.55,16.5,16.55,0.0,108,1.0,16.5,16.55,16.5,16.55
2025-12-19,73437,1221476,16.6,16.7,16.55,16.65,0.1,118,1.0,16.6,16.65,16.55,16.7
2025-12-22,981483,14856494,16.65,16.7,16.6,16.65,0.0,152,1.0,16.65,16.65,16.6,16.7
2025-12-23,3248366,59309247,16.75,16.75,16.65,16.7,0.05,116,1.0,16.75,16.7,16.65,16.75
2025-12-24,78989,1318360,16.8,16.8,16.6,16.7,0.0,122,1.0,16.8,16.7,16.6,16.8
2025-12-26,88188,1466704,16.7,16.7,16.5,16.6,-0.1,129,1.0,16.7,16.6,16.5,16.7
2025-12-29,57436,957070,16.6,16.7,16.5,16.65,0.05,100,1.0,16.6,16.65,16.5,16.7
2025-12-30,83086,1383059,16.7,16.75,16.6,16.6,-0.05,129,1.0,16.7,16.6,16.6,16.75
2025-12-31,86249,1432883,16.6,16.7,16.55,16.6,0.0,108,1.0,16.6,16.6,16.55,16.7
2026-01-02,99919,1660526,16.7,16.7,16.55,16.55,-0.05,145,1.0,16.7,16.55,16.55,16.7
2026-01-05,164588,2706697,16.55,16.55,16.35,16.45,-0.1,199,1.0,16.55,16.45,16.35,16.55
2026-01-06,127935,2106669,16.45,16.5,16.4,16.4,-0.05,154,1.0,16.45,16.4,16.4,16.5
2026-01-07,176161,2897745,16.45,16.55,16.4,16.5,0.1,194,1.0,16.45,16.5,16.4,16.55
2026-01-08,127312,2095237,16.55,16.55,16.4,16.45,-0.05,132,1.0,16.55,16.45,16.4,16.55
2026-01-09,68806,1136680,16.6,16.6,16.45,16.5,0.05,65,1.0,16.6,16.5,16.45,16.6
2026-01-12,129037,2151172,16.5,16.8,16.5,16.65,0.15,184,1.0,16.5,16.65,16.5,16.8
2026-01-13,204262,3395320,16.7,16.75,16.5,16.55,-0.1,206,1.0,16.7,16.55,16.5,16.75
2026-01-14,130144,2159870,16.55,16.65,16.55,16.6,0.05,140,1.0,16.55,16.6,16.55,16.65
2026-01-15,133704,2223739,16.65,16.7,16.6,16.6,0.0,153,1.0,16.65,16.6,16.6,16.7
2026-01-16,146584,2432726,16.6,16.65,16.55,16.6,0.0,228,1.0,16.6,16.6,16.55,16.65
2026-01-19,477342,7827919,16.35,16.5,16.3,16.45,-0.15,699,1.0,16.35,16.45,16.3,16.5
2026-01-20,195406,3209326,16.45,16.45,16.3,16.45,0.0,202,1.0,16.45,16.45,16.3,16.45
2026-01-21,279220,4554220,16.35,16.4,16.2,16.3,-0.15,423,1.0,16.35,16.3,16.2,16.4
2026-01-22,367595,5986032,16.3,16.4,16.2,16.25,-0.05,329,1.0,16.3,16.25,16.2,16.4
2026-01-23,111158,1806065,16.2,16.3,16.2,16.3,0.05,204,1.0,16.2,16.3,16.2,16.3
2026-01-26,132212,2151492,16.3,16.35,16.25,16.35,0.05,229,1.0,16.3,16.35,16.25,16.35
2026-01-27,298863,4921817,16.3,16.55,16.3,16.5,0.15,309,1.0,16.3,16.5,16.3,16.55
2026-01-28,221023,3644273,16.55,16.6,16.4,16.45,-0.05,227,1.0,16.55,16.45,16.4,16.6
2026-01-29,153253,2514524,16.4,16.45,16.35,16.45,0.0,214,1.0,16.4,16.45,16.35,16.45
2026-01-30,128918,2107745,16.35,16.4,16.3,16.4,-0.05,188,1.0,16.35,16.4,16.3,16.4
2026-02-02,194747,3148882,16.3,16.3,16.05,16.15,-0.25,315,1.0,16.3,16.15,16.05,16.3
2026-02-03,104929,1696631,16.15,16.25,16.1,16.2,0.05,163,1.0,16.15,16.2,16.1,16.25
2026-02-04,167786,2729470,16.25,16.35,16.2,16.25,0.05,165,1.0,16.25,16.25,16.2,16.35
2026-02-05,534353,8903491,16.35,17.05,16.35,16.4,0.15,428,1.0,16.35,16.4,16.35,17.05
2026-02-06,204317,3331122,16.4,16.4,16.2,16.3,-0.1,218,1.0,16.4,16.3,16.2,16.4
2026-02-09,310557,5035542,16.15,16.3,16.15,16.2,-0.1,274,1.0,16.15,16.2,16.15,16.3
2026-02-10,310713,5022348,16.2,16.25,16.15,16.15,-0.05,233,1.0,16.2,16.15,16.15,16.25
2026-02-11,244125,3946967,16.25,16.25,16.1,16.2,0.05,244,1.0,16.25,16.2,16.1,16.25
2026-02-23,297956,4853398,16.2,16.4,16.2,16.25,0.05,308,1.0,16.2,16.25,16.2,16.4
2026-02-24,303571,4918239,16.3,16.35,16.15,16.2,-0.05,293,1.0,16.3,16.2,16.15,16.35
2026-02-25,189752,3074998,16.2,16.25,16.15,16.2,0.0,274,1.0,16.2,16.2,16.15,16.25
2026-02-26,244786,3968223,16.2,16.25,16.15,16.25,0.05,305,1.0,16.2,16.25,16.15,16.25
2026-03-02,276626,4449719,16.05,16.2,16.0,16.2,-0.05,977,1.0,16.05,16.2,16.0,16.2
2026-03-03,227132,3649066,16.1,16.15,16.0,16.1,-0.1,634,1.0,16.1,16.1,16.0,16.15
2026-03-04,294868,4682013,16.05,16.05,15.8,15.8,-0.3,686,1.0,16.05,15.8,15.8,16.05
2026-03-05,142997,2296858,15.9,16.15,15.9,16.1,0.3,482,1.0,15.9,16.1,15.9,16.15
2026-03-06,164044,2649428,16.15,16.25,16.05,16.2,0.1,380,1.0,16.15,16.2,16.05,16.25
2026-03-09,288928,4585456,15.8,15.95,15.5,15.8,-0.4,772,1.0,15.8,15.8,15.5,15.95
2026-03-10,199960,3177589,15.85,16.0,15.85,16.0,0.2,460,1.0,15.85,16.0,15.85,16.0
2026-03-11,150782,2438853,16.1,16.25,16.1,16.2,0.2,386,1.0,16.1,16.2,16.1,16.25
2026-03-12,220268,3585550,16.15,16.35,16.15,16.3,0.1,717,1.0,16.15,16.3,16.15,16.35
2026-03-13,183366,3011195,16.3,16.55,16.25,16.5,0.2,563,1.0,16.3,16.5,16.25,16.55
2026-03-16,162038,2684813,16.5,16.7,16.45,16.65,0.15,695,1.0,16.5,16.65,16.45,16.7
2026-03-17,307818,5142662,16.65,16.8,16.6,16.75,0.1,631,1.0,16.65,16.75,16.6,16.8
2026-03-18,262666,4354567,16.75,16.85,16.4,16.6,-0.15,632,1.0,16.75,16.6,16.4,16.85
2026-03-19,234080,3842043,16.45,16.6,16.3,16.3,-0.3,531,1.0,16.45,16.3,16.3,16.6
2026-03-20,158832,2595164,16.3,16.45,16.3,16.35,0.05,503,1.0,16.3,16.35,16.3,16.45
2026-03-23,186235,3006615,16.2,16.25,16.0,16.1,-0.25,649,1.0,16.2,16.1,16.0,16.25
2026-03-24,126214,2043188,16.3,16.3,16.1,16.2,0.1,585,1.0,16.3,16.2,16.1,16.3
2026-03-25,105863,1728787,16.3,16.4,16.3,16.4,0.2,688,1.0,16.3,16.4,16.3,16.4
2026-03-26,133163,2199317,16.4,16.65,16.35,16.6,0.2,382,1.0,16.4,16.6,16.35,16.65
2026-03-27,88108,1448631,16.45,16.55,16.35,16.5,-0.1,230,1.0,16.45,16.5,16.35,16.55
2026-03-30,118992,1946920,16.5,16.5,16.2,16.45,-0.05,307,1.0,16.5,16.45,16.2,16.5
2026-03-31,167582,2754602,16.3,16.5,16.3,16.45,0.0,237,1.0,16.3,16.45,16.3,16.5
2026-04-01,189600,3153472,16.55,16.7,16.45,16.65,0.2,200,1.0,16.55,16.65,16.45,16.7
2026-04-02,115773,1921433,16.65,16.65,16.55,16.55,-0.1,167,1.0,16.65,16.55,16.55,16.65
2026-04-07,184956,3060680,16.55,16.55,16.5,16.5,-0.05,181,1.0,16.55,16.5,16.5,16.55
2026-04-08,185680,3085115,16.55,16.75,16.45,16.65,0.15,195,1.0,16.55,16.65,16.45,16.75
2026-04-09,291745,4834715,16.55,16.65,16.5,16.55,-0.1,222,1.0,16.55,16.55,16.5,16.65
2026-04-10,448592,7518628,16.8,16.85,16.65,16.7,0.15,254,1.0,16.8,16.7,16.65,16.85
2026-04-13,1601552,28034135,17.15,18.2,17.15,17.35,0.65,996,1.0,17.15,17.35,17.15,18.2
2026-04-14,3973667,62800349,17.3,17.3,16.7,16.85,-0.5,444,1.0,17.3,16.85,16.7,17.3
2026-04-15,341858,5777422,16.8,17.05,16.75,16.95,0.1,279,1.0,16.8,16.95,16.75,17.05
2026-04-16,129429,2203940,17.1,17.15,16.95,17.05,0.1,196,1.0,17.1,17.05,16.95,17.15
2026-04-17,727609,12689714,17.05,17.8,17.0,17.6,0.55,469,1.0,17.05,17.6,17.0,17.8
2026-04-20,542532,9498958,17.5,17.7,17.2,17.7,0.1,458,1.0,17.5,17.7,17.2,17.7
2026-04-21,291123,5061408,17.5,17.7,17.1,17.1,-0.6,378,1.0,17.5,17.1,17.1,17.7
2026-04-22,342448,5824468,17.2,17.3,16.8,17.05,-0.05,336,1.0,17.2,17.05,16.8,17.3
2026-04-23,268763,4491339,17.0,17.0,16.45,16.75,-0.3,280,1.0,17.0,16.75,16.45,17.0
2026-04-24,3597411,55142787,16.75,17.25,16.5,17.2,0.45,350,1.0,16.75,17.2,16.5,17.25
2026-04-27,209374,3548052,17.15,17.2,16.75,16.75,-0.45,342,1.0,17.15,16.75,16.75,17.2
2026-04-28,383240,6351309,16.8,17.0,16.35,16.55,-0.2,378,1.0,16.8,16.55,16.35,17.0
2026-04-29,387961,6317741,16.6,16.6,16.1,16.35,-0.2,349,1.0,16.6,16.35,16.1,16.6
2026-04-30,298945,4964535,16.35,16.85,16.25,16.65,0.3,306,1.0,16.35,16.65,16.25,16.85
2026-05-04,355641,5986075,16.7,17.05,16.55,16.8,0.15,307,1.0,16.7,16.8,16.55,17.05
2026-05-05,599279,9838132,16.75,16.85,16.15,16.35,-0.45,482,1.0,16.75,16.35,16.15,16.85
2026-05-06,360592,5855154,16.5,16.5,16.1,16.25,-0.1,334,1.0,16.5,16.25,16.1,16.5
2026-05-07,515606,8274539,16.05,16.35,15.95,16.1,-0.15,460,1.0,16.05,16.1,15.95,16.35
2026-05-08,512166,8179670,16.05,16.1,15.85,15.9,-0.2,397,1.0,16.05,15.9,15.85,16.1
2026-05-11,161498,2579803,15.8,16.05,15.8,16.05,0.15,253,1.0,15.8,16.05,15.8,16.05
2026-05-12,227968,3619689,16.0,16.05,15.75,15.8,-0.25,312,1.0,16.0,15.8,15.75,16.05
