Date,Capacity,Turnover,Open,High,Low,Close,Change,Transaction,AdjFactor,Open_adj,Close_adj,Low_adj,High_adj
2021-09-09,1631483,270903750,162.5,172.0,159.0,167.0,0.0,1932,0.8231308346122391,133.7588,137.4628,130.8778,141.5785
2021-09-10,970282,157920152,167.0,167.0,160.0,160.5,-6.5,1398,0.8231308346122391,137.4628,132.1125,131.7009,137.4628
2021-09-13,1162418,180458544,160.5,160.5,151.0,154.0,-6.5,1649,0.8231308346122391,132.1125,126.7621,124.2928,132.1125
2021-09-14,1109957,167100028,154.5,154.5,149.0,150.5,-3.5,1331,0.8231308346122391,127.1737,123.8812,122.6465,127.1737
2021-09-15,807091,119016265,150.0,150.0,146.0,147.5,-3.0,1244,0.8231308346122391,123.4696,121.4118,120.1771,123.4696
2021-09-16,451829,67790798,148.0,151.5,148.0,151.5,4.0,629,0.8231308346122391,121.8234,124.7043,121.8234,124.7043
2021-09-17,353793,53336354,151.5,151.5,150.0,151.5,0.0,524,0.8231308346122391,124.7043,124.7043,123.4696,124.7043
2021-09-22,309104,45766643,149.5,149.5,146.5,147.5,-4.0,497,0.8231308346122391,123.0581,121.4118,120.5887,123.0581
2021-09-23,291906,43117001,148.0,149.0,147.0,147.0,-0.5,388,0.8231308346122391,121.8234,121.0002,121.0002,122.6465
2021-09-24,379932,55643949,147.5,147.5,145.5,146.5,-0.5,511,0.8231308346122391,121.4118,120.5887,119.7655,121.4118
2021-09-27,287776,42639808,146.5,149.5,146.5,148.0,1.5,345,0.8231308346122391,120.5887,121.8234,120.5887,123.0581
2021-09-28,236965,35077193,148.0,149.5,146.5,148.5,0.5,335,0.8231308346122391,121.8234,122.2349,120.5887,123.0581
2021-09-29,246400,36053239,147.0,148.0,145.0,145.5,-3.0,415,0.8231308346122391,121.0002,119.7655,119.354,121.8234
2021-09-30,185820,26996152,146.0,146.0,144.5,144.5,-1.0,339,0.8231308346122391,120.1771,118.9424,118.9424,120.1771
2021-10-01,906707,125124233,144.5,144.5,135.5,137.5,-7.0,1318,0.8231308346122391,118.9424,113.1805,111.5342,118.9424
2021-10-04,314150,42882666,139.0,139.0,135.0,136.0,-1.5,461,0.8231308346122391,114.4152,111.9458,111.1227,114.4152
2021-10-05,292366,39876502,135.0,141.0,133.0,141.0,5.0,393,0.8231308346122391,111.1227,116.0614,109.4764,116.0614
2021-10-06,288065,41430595,141.0,146.0,141.0,142.5,1.5,428,0.8231308346122391,116.0614,117.2961,116.0614,120.1771
2021-10-07,102130,14603600,143.5,143.5,142.5,142.5,0.0,252,0.8231308346122391,118.1193,117.2961,117.2961,118.1193
2021-10-08,172772,24144663,142.0,142.0,138.0,139.0,-3.5,265,0.8231308346122391,116.8846,114.4152,113.5921,116.8846
2021-10-12,147575,20316786,139.5,139.5,136.5,137.0,-2.0,227,0.8231308346122391,114.8268,112.7689,112.3574,114.8268
2021-10-13,115852,16014896,138.0,140.0,137.0,137.5,0.5,163,0.8231308346122391,113.5921,113.1805,112.7689,115.2383
2021-10-14,105508,14700895,139.0,141.0,138.5,140.0,2.5,172,0.8231308346122391,114.4152,115.2383,114.0036,116.0614
2021-10-15,68634,9571610,140.5,140.5,138.5,138.5,-1.5,111,0.8231308346122391,115.6499,114.0036,114.0036,115.6499
2021-10-18,82227,11440810,141.0,141.0,138.0,138.0,-0.5,120,0.8231308346122391,116.0614,113.5921,113.5921,116.0614
2021-10-19,122597,16802355,138.5,138.5,136.5,137.5,-0.5,245,0.8231308346122391,114.0036,113.1805,112.3574,114.0036
2021-10-20,181119,24667990,137.0,137.0,135.5,136.0,-1.5,262,0.8231308346122391,112.7689,111.9458,111.5342,112.7689
2021-10-21,90321,12309769,136.0,136.5,136.0,136.0,0.0,150,0.8231308346122391,111.9458,111.9458,111.9458,112.3574
2021-10-22,137918,18683416,136.0,137.0,135.0,135.0,-1.0,212,0.8231308346122391,111.9458,111.1227,111.1227,112.7689
2021-10-25,111849,15053443,135.0,135.0,134.0,135.0,0.0,185,0.8231308346122391,111.1227,111.1227,110.2995,111.1227
2021-10-26,136438,18273912,135.0,135.0,133.5,133.5,-1.5,270,0.8231308346122391,111.1227,109.888,109.888,111.1227
2021-10-27,144327,19142926,133.5,133.5,132.0,132.5,-1.0,264,0.8231308346122391,109.888,109.0648,108.6533,109.888
2021-10-28,165237,21750213,132.0,133.5,130.5,133.5,1.0,310,0.8231308346122391,108.6533,109.888,107.4186,109.888
2021-10-29,91481,12104680,132.5,132.5,131.5,131.5,-2.0,175,0.8231308346122391,109.0648,108.2417,108.2417,109.0648
2021-11-01,159556,21453187,131.5,136.0,131.5,136.0,4.5,224,0.8231308346122391,108.2417,111.9458,108.2417,111.9458
2021-11-02,89435,12090213,136.5,136.5,133.5,134.0,-2.0,165,0.8231308346122391,112.3574,110.2995,109.888,112.3574
2021-11-03,75249,10139268,135.0,135.5,134.0,134.5,0.5,140,0.8231308346122391,111.1227,110.7111,110.2995,111.5342
2021-11-04,98265,13226731,135.0,135.5,134.0,134.5,0.0,134,0.8231308346122391,111.1227,110.7111,110.2995,111.5342
2021-11-05,132384,17936977,134.5,136.5,134.0,136.0,1.5,174,0.8231308346122391,110.7111,111.9458,110.2995,112.3574
2021-11-08,100939,13708487,136.0,136.5,135.0,136.5,0.5,152,0.8231308346122391,111.9458,112.3574,111.1227,112.3574
2021-11-09,115478,15670672,136.5,137.0,135.0,135.0,-1.5,169,0.8231308346122391,112.3574,111.1227,111.1227,112.7689
2021-11-10,134281,17962884,135.0,135.0,133.0,133.5,-1.5,262,0.8231308346122391,111.1227,109.888,109.4764,111.1227
2021-11-11,168715,22409020,132.5,133.5,132.5,132.5,-1.0,215,0.8231308346122391,109.0648,109.0648,109.0648,109.888
2021-11-12,99614,13269458,132.5,134.0,132.5,133.5,1.0,143,0.8231308346122391,109.0648,109.888,109.0648,110.2995
2021-11-15,200350,26868791,134.5,135.0,133.0,134.5,1.0,263,0.8231308346122391,110.7111,110.7111,109.4764,111.1227
2021-11-16,220587,29437790,134.5,135.0,132.0,133.5,-1.0,278,0.8231308346122391,110.7111,109.888,108.6533,111.1227
2021-11-17,277090,36452473,133.0,133.0,131.0,131.0,-2.5,463,0.8231308346122391,109.4764,107.8301,107.8301,109.4764
2021-11-18,279913,36274536,131.0,131.0,129.0,129.5,-1.5,592,0.8231308346122391,107.8301,106.5954,106.1839,107.8301
2021-11-19,122179,15878392,129.5,130.5,129.5,130.0,0.5,181,0.8231308346122391,106.5954,107.007,106.5954,107.4186
2021-11-22,100494,12975323,130.0,130.0,128.5,128.5,-1.5,227,0.8231308346122391,107.007,105.7723,105.7723,107.007
2021-11-23,274523,34788384,128.5,128.5,125.0,126.0,-2.5,507,0.8231308346122391,105.7723,103.7145,102.8914,105.7723
2021-11-24,143172,17955597,125.5,126.0,125.0,126.0,0.0,284,0.8231308346122391,103.3029,103.7145,102.8914,103.7145
2021-11-25,98720,12409366,126.0,126.0,125.0,125.5,-0.5,164,0.8231308346122391,103.7145,103.3029,102.8914,103.7145
2021-11-26,121151,15313037,125.5,128.0,125.0,128.0,2.5,203,0.8231308346122391,103.3029,105.3607,102.8914,105.3607
2021-11-29,133126,16727942,127.5,127.5,125.0,126.0,-2.0,284,0.8231308346122391,104.9492,103.7145,102.8914,104.9492
2021-11-30,55429,7004031,126.0,127.0,126.0,127.0,1.0,96,0.8231308346122391,103.7145,104.5376,103.7145,104.5376
2021-12-01,71134,8961996,125.5,126.5,125.0,126.5,-0.5,153,0.8231308346122391,103.3029,104.1261,102.8914,104.1261
2021-12-02,52341,6582517,125.5,126.5,125.5,126.5,0.0,107,0.8231308346122391,103.3029,104.1261,103.3029,104.1261
2021-12-03,70774,8921315,126.0,126.5,125.5,126.5,0.0,135,0.8231308346122391,103.7145,104.1261,103.3029,104.1261
2021-12-06,84736,10672102,126.5,126.5,125.5,125.5,-1.0,142,0.8231308346122391,104.1261,103.3029,103.3029,104.1261
2021-12-07,130072,16503869,126.0,127.5,126.0,127.0,1.5,189,0.8231308346122391,103.7145,104.5376,103.7145,104.9492
2021-12-08,461000,60676230,127.5,135.0,127.0,135.0,8.0,535,0.8231308346122391,104.9492,111.1227,104.5376,111.1227
2021-12-09,358518,48341883,134.5,138.0,132.5,133.0,-2.0,732,0.8231308346122391,110.7111,109.4764,109.0648,113.5921
2021-12-10,247822,32367462,133.5,133.5,129.5,130.0,-3.0,304,0.8231308346122391,109.888,107.007,106.5954,109.888
2021-12-13,108067,13980743,130.5,130.5,129.0,129.0,-1.0,185,0.8231308346122391,107.4186,106.1839,106.1839,107.4186
2021-12-14,142548,18419552,130.0,130.0,128.0,128.5,-0.5,181,0.8231308346122391,107.007,105.7723,105.3607,107.007
2021-12-15,199997,26072376,129.0,132.0,129.0,130.5,2.0,204,0.8231308346122391,106.1839,107.4186,106.1839,108.6533
2021-12-16,178522,23151469,130.5,130.5,129.0,130.0,0.0,213,0.8377676954991202,109.3287,108.9098,108.072,109.3287
2021-12-17,97220,12511474,130.0,130.0,128.0,128.5,-1.5,146,0.8377676954991202,108.9098,107.6531,107.2343,108.9098
2021-12-20,98887,12659680,128.5,129.0,127.0,128.5,0.0,126,0.8377676954991202,107.6531,107.6531,106.3965,108.072
2021-12-21,49456,6356181,128.5,129.5,128.0,129.5,1.0,87,0.8377676954991202,107.6531,108.4909,107.2343,108.4909
2021-12-22,107397,13816902,129.5,129.5,128.0,128.5,-1.0,105,0.8377676954991202,108.4909,107.6531,107.2343,108.4909
2021-12-23,81718,10488446,129.5,129.5,128.0,128.5,0.0,244,0.8377676954991202,108.4909,107.6531,107.2343,108.4909
2021-12-24,61132,7850653,128.5,129.0,128.0,128.5,0.0,219,0.8377676954991202,107.6531,107.6531,107.2343,108.072
2021-12-27,135863,17397710,128.5,129.0,127.5,128.0,-0.5,166,0.8377676954991202,107.6531,107.2343,106.8154,108.072
2021-12-28,101456,12949226,128.0,128.5,127.0,128.0,0.0,175,0.8377676954991202,107.2343,107.2343,106.3965,107.6531
2021-12-29,62751,8044547,128.0,128.5,128.0,128.5,0.5,97,0.8377676954991202,107.2343,107.6531,107.2343,107.6531
2021-12-30,84344,10821427,128.5,128.5,128.0,128.5,0.0,134,0.8377676954991202,107.6531,107.6531,107.2343,107.6531
2022-01-03,77635,9962007,128.5,128.5,128.0,128.5,0.0,140,0.8377676954991202,107.6531,107.6531,107.2343,107.6531
2022-01-04,84873,10855476,128.5,128.5,127.5,127.5,-1.0,157,0.8377676954991202,107.6531,106.8154,106.8154,107.6531
2022-01-05,75405,9606692,128.0,128.0,127.0,127.0,-0.5,131,0.8377676954991202,107.2343,106.3965,106.3965,107.2343
2022-01-06,77114,9813319,127.0,128.0,127.0,127.5,0.5,107,0.8377676954991202,106.3965,106.8154,106.3965,107.2343
2022-01-07,146101,18610901,127.5,128.0,127.0,127.5,0.0,180,0.8377676954991202,106.8154,106.8154,106.3965,107.2343
2022-01-10,142611,18079433,127.0,127.5,126.0,127.5,0.0,162,0.8377676954991202,106.3965,106.8154,105.5587,106.8154
2022-01-11,98559,12611497,127.5,128.5,127.5,128.0,0.5,155,0.8377676954991202,106.8154,107.2343,106.8154,107.6531
2022-01-12,95869,12221808,128.0,128.0,127.0,127.5,-0.5,403,0.8377676954991202,107.2343,106.8154,106.3965,107.2343
2022-01-13,130551,16521553,127.0,127.5,126.0,127.0,-0.5,189,0.8377676954991202,106.3965,106.3965,105.5587,106.8154
2022-01-14,84617,10660718,127.0,127.0,125.5,126.5,-0.5,189,0.8377676954991202,106.3965,105.9776,105.1398,106.3965
2022-01-17,56758,7155724,125.5,126.5,125.5,126.5,0.0,87,0.8377676954991202,105.1398,105.9776,105.1398,105.9776
2022-01-18,51923,6549086,126.0,126.5,126.0,126.5,0.0,94,0.8377676954991202,105.5587,105.9776,105.5587,105.9776
2022-01-19,55399,6964398,126.5,126.5,125.5,126.0,-0.5,96,0.8377676954991202,105.9776,105.5587,105.1398,105.9776
2022-01-20,61220,7719226,126.0,126.5,125.5,126.5,0.5,92,0.8377676954991202,105.5587,105.9776,105.1398,105.9776
2022-01-21,250030,31302865,126.0,126.0,125.0,126.0,-0.5,226,0.8377676954991202,105.5587,105.5587,104.721,105.5587
2022-01-24,73473,9196664,125.5,125.5,125.0,125.0,-1.0,138,0.8377676954991202,105.1398,104.721,104.721,105.1398
2022-01-25,95513,11880652,125.0,125.0,124.0,124.0,-1.0,217,0.8377676954991202,104.721,103.8832,103.8832,104.721
2022-01-26,77663,9663367,124.0,125.5,123.5,124.5,0.5,128,0.8377676954991202,103.8832,104.3021,103.4643,105.1398
2022-02-07,33419,4193768,125.5,125.5,125.0,125.5,1.0,79,0.8377676954991202,105.1398,105.1398,104.721,105.1398
2022-02-08,63325,7919669,125.5,125.5,124.5,125.0,-0.5,130,0.8377676954991202,105.1398,104.721,104.3021,105.1398
2022-02-09,75331,9464538,125.5,126.0,125.0,125.5,0.5,105,0.8377676954991202,105.1398,105.1398,104.721,105.5587
2022-02-10,59303,7483302,125.5,126.5,125.5,126.0,0.5,96,0.8377676954991202,105.1398,105.5587,105.1398,105.9776
2022-02-11,111069,14087757,126.5,127.5,126.0,127.5,1.5,161,0.8377676954991202,105.9776,106.8154,105.5587,106.8154
2022-02-14,158986,20273996,128.5,128.5,126.0,126.0,-1.5,203,0.8377676954991202,107.6531,105.5587,105.5587,107.6531
2022-02-15,401658,51661659,127.0,134.0,126.0,127.0,1.0,438,0.8377676954991202,106.3965,106.3965,105.5587,112.2609
2022-02-16,215667,27946477,129.0,130.5,128.5,129.0,2.0,739,0.8377676954991202,108.072,108.072,107.6531,109.3287
2022-02-17,3407848,427162732,130.5,131.5,129.5,130.0,1.0,284,0.8377676954991202,109.3287,108.9098,108.4909,110.1665
2022-02-18,244030,31233479,129.5,129.5,127.0,129.0,-1.0,296,0.8377676954991202,108.4909,108.072,106.3965,108.4909
2022-02-21,164114,20921884,128.5,128.5,127.0,127.5,-1.5,217,0.8377676954991202,107.6531,106.8154,106.3965,107.6531
2022-02-22,157726,19905275,127.5,127.5,125.5,126.0,-1.5,249,0.8377676954991202,106.8154,105.5587,105.1398,106.8154
2022-02-23,181468,22702714,126.0,126.0,124.5,125.0,-1.0,315,0.8377676954991202,105.5587,104.721,104.3021,105.5587
2022-02-24,215879,26752201,124.5,125.0,123.5,123.5,-1.5,305,0.8377676954991202,104.3021,103.4643,103.4643,104.721
2022-02-25,58130,7216895,124.5,125.0,123.5,124.5,1.0,130,0.8377676954991202,104.3021,104.3021,103.4643,104.721
2022-03-01,168946,21093870,125.0,126.5,124.0,124.5,0.0,237,0.8377676954991202,104.721,104.3021,103.8832,105.9776
2022-03-02,166484,20806402,124.0,126.0,123.5,125.0,0.5,176,0.8377676954991202,103.8832,104.721,103.4643,105.5587
2022-03-03,70037,8734598,124.0,126.0,124.0,125.0,0.0,91,0.8377676954991202,103.8832,104.721,103.8832,105.5587
2022-03-04,130035,16257286,125.5,125.5,124.5,125.0,0.0,145,0.8377676954991202,105.1398,104.721,104.3021,105.1398
2022-03-07,224356,27356487,124.0,124.0,121.0,122.0,-3.0,402,0.8377676954991202,103.8832,102.2077,101.3699,103.8832
2022-03-08,148912,17968986,121.5,122.5,119.0,120.0,-2.0,286,0.8377676954991202,101.7888,100.5321,99.6944,102.6265
2022-03-09,130231,15658878,120.0,122.5,119.0,121.0,1.0,198,0.8377676954991202,100.5321,101.3699,99.6944,102.6265
2022-03-10,48808,5961086,121.5,122.5,121.5,122.5,1.5,104,0.8377676954991202,101.7888,102.6265,101.7888,102.6265
2022-03-11,52370,6370397,122.0,122.5,121.0,121.5,-1.0,95,0.8377676954991202,102.2077,101.7888,101.3699,102.6265
2022-03-14,62092,7535634,121.0,121.5,121.0,121.5,0.0,98,0.8377676954991202,101.3699,101.7888,101.3699,101.7888
2022-03-15,190279,23089661,121.5,123.5,120.0,123.0,1.5,192,0.8377676954991202,101.7888,103.0454,100.5321,103.4643
2022-03-16,86004,10579765,123.5,124.0,122.0,123.0,0.0,112,0.8377676954991202,103.4643,103.0454,102.2077,103.8832
2022-03-17,266602,33469546,124.0,127.5,122.5,125.5,2.5,252,0.8377676954991202,103.8832,105.1398,102.6265,106.8154
2022-03-18,110484,13796020,125.0,126.5,124.0,125.0,-0.5,142,0.8377676954991202,104.721,104.721,103.8832,105.9776
2022-03-21,102434,12821436,125.0,126.0,124.5,125.0,0.0,123,0.8377676954991202,104.721,104.721,104.3021,105.5587
2022-03-22,341489,42779311,124.5,126.0,124.0,125.5,0.5,188,0.8377676954991202,104.3021,105.1398,103.8832,105.5587
2022-03-23,293970,36966646,127.5,127.5,124.5,126.0,0.5,297,0.8377676954991202,106.8154,105.5587,104.3021,106.8154
2022-03-24,85466,10679366,125.0,126.0,124.5,125.0,-1.0,140,0.8377676954991202,104.721,104.721,104.3021,105.5587
2022-03-25,111729,13952553,125.5,125.5,124.0,125.0,0.0,133,0.8377676954991202,105.1398,104.721,103.8832,105.1398
2022-03-28,1815835,238651267,127.0,136.0,126.5,131.5,6.5,1784,0.8377676954991202,106.3965,110.1665,105.9776,113.9364
2022-03-29,651747,84210728,132.5,132.5,127.0,129.0,-2.5,1082,0.8377676954991202,111.0042,108.072,106.3965,111.0042
2022-03-30,372564,48208891,129.5,131.0,127.5,130.5,1.5,366,0.8377676954991202,108.4909,109.3287,106.8154,109.7476
2022-03-31,428782,56827237,131.0,134.0,131.0,132.5,2.0,529,0.8377676954991202,109.7476,111.0042,109.7476,112.2609
2022-04-01,293295,38603649,132.5,133.0,130.5,131.5,-1.0,298,0.8377676954991202,111.0042,110.1665,109.3287,111.4231
2022-04-06,1393474,192437826,132.0,142.5,132.0,138.5,7.0,1696,0.8377676954991202,110.5853,116.0308,110.5853,119.3819
2022-04-07,640290,87536221,138.0,140.0,134.0,134.5,-4.0,1011,0.8377676954991202,115.6119,112.6798,112.2609,117.2875
2022-04-08,427144,57423620,136.5,137.5,133.0,134.0,-0.5,1441,0.8377676954991202,114.3553,112.2609,111.4231,115.1931
2022-04-11,378380,49747472,134.0,134.5,130.0,130.5,-3.5,465,0.8377676954991202,112.2609,109.3287,108.9098,112.6798
2022-04-12,243290,31523557,130.5,131.0,128.5,130.5,0.0,459,0.8377676954991202,109.3287,109.3287,107.6531,109.7476
2022-04-13,415170,55367554,131.5,135.5,130.5,134.5,4.0,442,0.8377676954991202,110.1665,112.6798,109.3287,113.5175
2022-04-14,290500,38594238,135.5,135.5,131.0,133.5,-1.0,344,0.8377676954991202,113.5175,111.842,109.7476,113.5175
2022-04-15,323257,42107399,133.0,133.5,129.0,129.5,-4.0,373,0.8377676954991202,111.4231,108.4909,108.072,111.842
2022-04-18,159789,20603618,128.0,131.5,128.0,128.0,-1.5,224,0.8377676954991202,107.2343,107.2343,107.2343,110.1665
2022-04-19,122848,15867817,129.0,130.5,128.5,130.0,2.0,155,0.8377676954991202,108.072,108.9098,107.6531,109.3287
2022-04-20,107721,13921376,130.0,130.0,128.5,130.0,0.0,152,0.8377676954991202,108.9098,108.9098,107.6531,108.9098
2022-04-21,140018,18033723,129.0,130.0,128.5,128.5,-1.5,177,0.8377676954991202,108.072,107.6531,107.6531,108.9098
2022-04-22,121998,15834336,128.0,131.0,128.0,131.0,2.5,157,0.8377676954991202,107.2343,109.7476,107.2343,109.7476
2022-04-25,272397,35324948,129.0,132.5,127.0,129.5,-1.5,284,0.8377676954991202,108.072,108.4909,106.3965,111.0042
2022-04-26,214569,28277443,131.0,133.0,130.5,131.0,1.5,232,0.8377676954991202,109.7476,109.7476,109.3287,111.4231
2022-04-27,146113,18885487,130.0,130.0,128.5,129.0,-2.0,221,0.8377676954991202,108.9098,108.072,107.6531,108.9098
2022-04-28,99826,12909713,129.5,130.0,128.5,129.5,0.5,117,0.8377676954991202,108.4909,108.4909,107.6531,108.9098
2022-04-29,73959,9569696,130.5,131.0,129.0,129.0,-0.5,98,0.8377676954991202,109.3287,108.072,108.072,109.7476
2022-05-03,62273,8071559,130.0,130.0,129.0,130.0,1.0,84,0.8377676954991202,108.9098,108.9098,108.072,108.9098
2022-05-04,70721,9222349,131.0,131.0,129.5,130.0,0.0,105,0.8377676954991202,109.7476,108.9098,108.4909,109.7476
2022-05-05,132230,17347518,132.5,133.0,130.0,131.0,1.0,133,0.8377676954991202,111.0042,109.7476,108.9098,111.4231
2022-05-06,620120,83680422,129.5,138.5,129.5,135.5,4.5,635,0.8377676954991202,108.4909,113.5175,108.4909,116.0308
2022-05-09,245040,32569387,134.5,135.0,132.0,132.0,-3.5,353,0.8377676954991202,112.6798,110.5853,110.5853,113.0986
2022-05-10,620539,84586145,132.0,139.0,130.0,137.0,5.0,725,0.8377676954991202,110.5853,114.7742,108.9098,116.4497
2022-05-11,308641,42416823,139.0,139.0,136.0,137.0,0.0,690,0.8377676954991202,116.4497,114.7742,113.9364,116.4497
2022-05-12,301182,40602112,136.0,138.0,133.0,133.5,-3.5,465,0.8377676954991202,113.9364,111.842,111.4231,115.6119
2022-05-13,211911,28630153,134.5,136.5,133.5,136.5,3.0,203,0.8377676954991202,112.6798,114.3553,111.842,114.3553
2022-05-16,575570,80144015,137.0,142.0,136.5,140.5,4.0,626,0.8377676954991202,114.7742,117.7064,114.3553,118.963
2022-05-17,207039,29013845,141.0,141.5,139.0,139.5,-1.0,489,0.8377676954991202,118.1252,116.8686,116.4497,118.5441
2022-05-18,276622,38622954,139.5,141.5,139.0,139.0,-0.5,280,0.8377676954991202,116.8686,116.4497,116.4497,118.5441
2022-05-19,447347,61869570,136.5,141.0,135.5,141.0,2.0,684,0.8377676954991202,114.3553,118.1252,113.5175,118.1252
2022-05-20,187239,26386386,141.5,142.0,139.5,141.0,0.0,325,0.8377676954991202,118.5441,118.1252,116.8686,118.963
2022-05-23,171315,23889934,142.0,142.0,138.0,138.5,-2.5,510,0.8377676954991202,118.963,116.0308,115.6119,118.963
2022-05-24,145310,20020039,139.5,139.5,137.0,137.5,-1.0,214,0.8377676954991202,116.8686,115.1931,114.7742,116.8686
2022-05-25,216427,29404440,139.0,139.0,137.0,137.5,0.0,148,0.8377676954991202,116.4497,115.1931,114.7742,116.4497
2022-05-26,168171,22805687,138.0,138.0,134.5,135.0,-2.5,742,0.8377676954991202,115.6119,113.0986,112.6798,115.6119
2022-05-27,119265,16057761,135.0,136.0,133.5,135.0,0.0,524,0.8377676954991202,113.0986,113.0986,111.842,113.9364
2022-05-30,108090,14796399,136.0,137.5,135.5,137.5,2.5,143,0.8377676954991202,113.9364,115.1931,113.5175,115.1931
2022-05-31,83402,11492528,137.5,138.5,137.0,138.0,0.5,102,0.8377676954991202,115.1931,115.6119,114.7742,116.0308
2022-06-01,224192,31405627,138.5,141.0,138.5,140.5,2.5,287,0.8377676954991202,116.0308,117.7064,116.0308,118.1252
2022-06-02,813742,117417659,140.0,147.0,140.0,144.0,3.5,815,0.8377676954991202,117.2875,120.6385,117.2875,123.1519
2022-06-06,236134,34161295,146.0,146.0,143.5,144.0,0.0,246,0.8377676954991202,122.3141,120.6385,120.2197,122.3141
2022-06-07,402421,58660840,144.0,147.0,143.5,146.0,2.0,448,0.8377676954991202,120.6385,122.3141,120.2197,123.1519
2022-06-08,180464,26216913,147.5,147.5,144.0,144.5,-1.5,981,0.8377676954991202,123.5707,121.0574,120.6385,123.5707
2022-06-09,171987,25000714,144.0,146.5,143.0,146.0,1.5,272,0.8377676954991202,120.6385,122.3141,119.8008,122.733
2022-06-10,504107,74942843,145.0,150.0,145.0,149.5,3.5,557,0.8377676954991202,121.4763,125.2463,121.4763,125.6652
2022-06-13,304369,45233560,150.0,150.0,146.5,148.5,-1.0,352,0.8377676954991202,125.6652,124.4085,122.733,125.6652
2022-06-14,475783,71420289,146.5,153.0,146.5,152.0,3.5,719,0.8377676954991202,122.733,127.3407,122.733,128.1785
2022-06-15,354247,53975393,152.0,154.0,151.0,151.5,-0.5,429,0.8377676954991202,127.3407,126.9218,126.5029,129.0162
2022-06-16,460264,68782539,152.0,153.5,146.0,146.0,-5.5,661,0.8377676954991202,127.3407,122.3141,122.3141,128.5973
2022-06-17,409753,60927841,144.5,150.5,144.5,150.5,4.5,456,0.8377676954991202,121.0574,126.084,121.0574,126.084
2022-06-20,342903,51949794,150.0,153.0,150.0,151.0,0.5,640,0.8377676954991202,125.6652,126.5029,125.6652,128.1785
2022-06-21,471240,72505169,151.0,156.0,150.0,155.5,4.5,533,0.8377676954991202,126.5029,130.2729,125.6652,130.6918
2022-06-22,583309,90882079,155.5,158.0,152.5,152.5,-3.0,896,0.8377676954991202,130.2729,127.7596,127.7596,132.3673
2022-06-23,1385791,221907663,154.0,164.0,154.0,158.0,5.5,1357,0.8377676954991202,129.0162,132.3673,129.0162,137.3939
2022-06-24,1167332,191480356,160.0,167.0,159.5,165.0,7.0,1210,0.8377676954991202,134.0428,138.2317,133.6239,139.9072
2022-06-27,778888,129532801,167.0,168.5,164.5,165.5,0.5,752,0.8377676954991202,139.9072,138.6506,137.8128,141.1639
2022-06-28,453693,75345905,167.0,168.0,164.0,167.0,1.5,492,0.8377676954991202,139.9072,139.9072,137.3939,140.745
2022-06-29,563504,94380070,167.0,170.5,165.0,165.0,-2.0,585,0.8377676954991202,139.9072,138.2317,138.2317,142.8394
2022-06-30,321003,52328868,165.0,165.0,161.0,163.0,-2.0,396,0.8377676954991202,138.2317,136.5561,134.8806,138.2317
2022-07-01,592562,96865682,165.0,169.0,159.5,159.5,-3.5,620,0.8377676954991202,138.2317,133.6239,133.6239,141.5827
2022-07-04,355911,56578160,160.0,161.5,156.5,160.0,0.5,439,0.8377676954991202,134.0428,134.0428,131.1106,135.2995
2022-07-05,386827,61011283,158.5,161.5,155.0,156.0,0.0,419,0.860517630351539,136.392,134.2408,133.3802,138.9736
2022-07-06,298536,45690516,156.0,157.5,148.0,150.5,-5.5,375,0.860517630351539,134.2408,129.5079,127.3566,135.5315
2022-07-07,386810,57744388,149.5,152.5,146.0,150.5,0.0,578,0.860517630351539,128.6474,129.5079,125.6356,131.2289
2022-07-08,271425,40609420,151.0,153.0,147.5,149.0,-1.5,409,0.860517630351539,129.9382,128.2171,126.9264,131.6592
2022-07-11,130398,19369328,150.0,150.5,147.0,148.5,-0.5,246,0.860517630351539,129.0776,127.7869,126.4961,129.5079
2022-07-12,269599,39430823,147.5,148.5,144.5,145.0,-3.5,328,0.860517630351539,126.9264,124.7751,124.3448,127.7869
2022-07-13,136018,19984986,146.0,148.0,146.0,147.0,2.0,160,0.860517630351539,125.6356,126.4961,125.6356,127.3566
2022-07-14,88268,12962542,145.5,148.0,145.5,147.5,0.5,122,0.860517630351539,125.2053,126.9264,125.2053,127.3566
2022-07-15,321885,46274979,146.5,146.5,142.5,144.0,-3.5,383,0.860517630351539,126.0658,123.9145,122.6238,126.0658
2022-07-18,386566,57456956,142.5,152.5,142.5,152.0,8.0,408,0.860517630351539,122.6238,130.7987,122.6238,131.2289
2022-07-19,179874,26990967,150.0,151.5,148.5,150.0,-2.0,194,0.860517630351539,129.0776,129.0776,127.7869,130.3684
2022-07-20,315139,47914998,152.0,154.5,149.5,153.0,3.0,310,0.860517630351539,130.7987,131.6592,128.6474,132.95
2022-07-21,196986,30113812,152.0,154.5,151.0,153.5,0.5,208,0.860517630351539,130.7987,132.0895,129.9382,132.95
2022-07-22,287081,43423598,154.0,154.0,149.0,149.0,-4.5,311,0.860517630351539,132.5197,128.2171,128.2171,132.5197
2022-07-25,130322,19230931,146.0,149.0,146.0,149.0,0.0,134,0.860517630351539,125.6356,128.2171,125.6356,128.2171
2022-07-26,142903,21048599,147.5,148.5,146.5,148.0,-1.0,166,0.860517630351539,126.9264,127.3566,126.0658,127.7869
2022-07-27,202594,29910044,147.5,151.0,145.0,149.5,1.5,221,0.860517630351539,126.9264,128.6474,124.7751,129.9382
2022-07-28,179563,26476666,149.5,150.5,146.0,146.0,-3.5,232,0.860517630351539,128.6474,125.6356,125.6356,129.5079
2022-07-29,155106,22901188,146.0,149.0,146.0,148.0,2.0,176,0.860517630351539,125.6356,127.3566,125.6356,128.2171
2022-08-01,160965,23433673,146.5,147.0,144.5,145.0,-3.0,225,0.860517630351539,126.0658,124.7751,124.3448,126.4961
2022-08-02,308438,43692002,143.0,143.5,141.0,142.0,-3.0,387,0.860517630351539,123.054,122.1935,121.333,123.4843
2022-08-03,201433,28285097,141.0,142.5,139.0,139.5,-2.5,293,0.860517630351539,121.333,120.0422,119.612,122.6238
2022-08-04,379410,51659114,139.5,140.0,134.5,137.5,-2.0,455,0.860517630351539,120.0422,118.3212,115.7396,120.4725
2022-08-05,105747,14747245,139.5,140.5,138.5,140.0,2.5,152,0.860517630351539,120.0422,120.4725,119.1817,120.9027
2022-08-08,74050,10287551,139.5,140.0,138.0,140.0,0.0,107,0.860517630351539,120.0422,120.4725,118.7514,120.4725
2022-08-09,111774,15647330,140.0,141.0,138.5,140.5,0.5,141,0.860517630351539,120.4725,120.9027,119.1817,121.333
2022-08-10,507354,73976813,142.0,148.0,141.5,147.0,6.5,550,0.860517630351539,122.1935,126.4961,121.7632,127.3566
2022-08-11,434990,65071153,148.5,151.5,147.5,150.0,3.0,451,0.860517630351539,127.7869,129.0776,126.9264,130.3684
2022-08-12,175806,26269639,150.0,150.5,148.5,149.5,-0.5,223,0.860517630351539,129.0776,128.6474,127.7869,129.5079
2022-08-15,325938,49905226,148.5,155.0,148.5,155.0,5.5,385,0.860517630351539,127.7869,133.3802,127.7869,133.3802
2022-08-16,943959,150189928,155.0,163.0,154.5,159.0,4.0,799,0.860517630351539,133.3802,136.8223,132.95,140.2644
2022-08-17,336205,53380038,159.5,161.0,156.0,157.5,-1.5,390,0.860517630351539,137.2526,135.5315,134.2408,138.5433
2022-08-18,834792,134528999,158.0,163.5,157.0,160.5,3.0,649,0.860517630351539,135.9618,138.1131,135.1013,140.6946
2022-08-19,733822,117976375,162.0,165.0,157.0,159.5,-1.0,757,0.860517630351539,139.4039,137.2526,135.1013,141.9854
2022-08-22,1819969,308503810,160.0,175.0,158.5,170.0,10.5,1653,0.860517630351539,137.6828,146.288,136.392,150.5906
2022-08-23,961001,163381039,168.5,174.0,165.5,172.0,2.0,892,0.860517630351539,144.9972,148.009,142.4157,149.7301
2022-08-24,823666,142017583,171.0,176.5,168.5,173.0,1.0,966,0.860517630351539,147.1485,148.8696,144.9972,151.8814
2022-08-25,596755,101709580,173.0,174.0,167.0,170.0,-3.0,1082,0.860517630351539,148.8696,146.288,143.7064,149.7301
2022-08-26,395465,67200129,171.5,172.0,168.0,168.0,-2.0,402,0.860517630351539,147.5788,144.567,144.567,148.009
2022-08-29,544125,90011479,164.0,168.0,163.0,165.0,-3.0,1080,0.860517630351539,141.1249,141.9854,140.2644,144.567
2022-08-30,485088,81961659,166.5,170.5,165.5,169.5,4.5,864,0.860517630351539,143.2762,145.8577,142.4157,146.7183
2022-08-31,734421,122077318,170.0,171.5,162.0,164.5,-5.0,1907,0.860517630351539,146.288,141.5552,139.4039,147.5788
2022-09-01,403075,66076158,166.0,166.0,161.5,163.5,-1.0,326,0.860517630351539,142.8459,140.6946,138.9736,142.8459
2022-09-02,242188,39750351,164.0,166.5,162.0,163.5,0.0,217,0.860517630351539,141.1249,140.6946,139.4039,143.2762
2022-09-05,295833,48186805,163.5,164.5,161.5,162.5,-1.0,248,0.860517630351539,140.6946,139.8341,138.9736,141.5552
2022-09-06,605691,101066075,163.5,169.0,163.5,169.0,6.5,539,0.860517630351539,140.6946,145.4275,140.6946,145.4275
2022-09-07,784734,133819913,168.5,174.0,166.0,170.0,1.0,775,0.860517630351539,144.9972,146.288,142.8459,149.7301
2022-09-08,1039459,177556437,171.5,176.0,167.0,167.5,-2.5,1680,0.860517630351539,147.5788,144.1367,143.7064,151.4511
2022-09-12,489871,81323567,168.5,168.5,163.0,168.0,0.5,413,0.860517630351539,144.9972,144.567,140.2644,144.9972
2022-09-13,609691,102927693,170.0,173.0,166.0,167.0,-1.0,360,0.860517630351539,146.288,143.7064,142.8459,148.8696
2022-09-14,271637,45765962,166.0,170.0,165.0,169.0,2.0,294,0.860517630351539,142.8459,145.4275,141.9854,146.288
2022-09-15,536257,90692942,170.0,172.5,166.5,170.0,1.0,445,0.860517630351539,146.288,146.288,143.2762,148.4393
2022-09-16,471130,79026163,170.0,171.0,167.0,167.0,-3.0,554,0.860517630351539,146.288,143.7064,143.7064,147.1485
2022-09-19,348191,57377801,167.0,167.0,163.0,164.0,-3.0,382,0.860517630351539,143.7064,141.1249,140.2644,143.7064
2022-09-20,1839775,322595923,165.0,180.0,164.5,178.0,14.0,1303,0.860517630351539,141.9854,153.1721,141.5552,154.8932
2022-09-21,1606719,280818523,173.0,179.0,171.0,174.0,-4.0,2566,0.860517630351539,148.8696,149.7301,147.1485,154.0327
2022-09-22,1469600,258032907,175.0,178.5,171.0,178.5,4.5,1333,0.860517630351539,150.5906,153.6024,147.1485,153.6024
2022-09-23,2784696,516755081,177.5,190.0,177.5,185.5,7.0,3300,0.860517630351539,152.7419,159.626,152.7419,163.4983
2022-09-26,1664504,308003442,185.5,188.0,181.0,184.0,-1.5,2461,0.860517630351539,159.626,158.3352,155.7537,161.7773
2022-09-27,1396393,256160319,184.0,190.0,177.0,190.0,6.0,1469,0.860517630351539,158.3352,163.4983,152.3116,163.4983
2022-09-28,1114574,209143737,187.0,191.5,183.5,188.0,-2.0,2453,0.860517630351539,160.9168,161.7773,157.905,164.7891
2022-09-29,2060720,385289925,190.0,193.0,181.5,184.0,-4.0,4343,0.860517630351539,163.4983,158.3352,156.1839,166.0799
2022-09-30,2243745,411066275,185.0,191.0,176.5,176.5,-7.5,3077,0.860517630351539,159.1958,151.8814,151.8814,164.3589
2022-10-03,1290153,235050099,176.5,186.0,175.0,185.0,8.5,1449,0.860517630351539,151.8814,159.1958,150.5906,160.0563
2022-10-04,816338,152616143,187.5,189.5,182.0,188.5,3.5,1224,0.860517630351539,161.3471,162.2076,156.6142,163.0681
2022-10-05,862726,162876339,188.5,191.0,185.0,189.5,1.0,1231,0.860517630351539,162.2076,163.0681,159.1958,164.3589
2022-10-06,1300475,242580389,190.0,190.0,182.5,187.0,-2.5,2322,0.860517630351539,163.4983,160.9168,157.0445,163.4983
2022-10-07,1581754,298108142,189.0,193.0,184.0,184.0,-3.0,3415,0.860517630351539,162.6378,158.3352,158.3352,166.0799
2022-10-11,1125736,210812874,181.5,190.0,181.5,190.0,6.0,1216,0.860517630351539,156.1839,163.4983,156.1839,163.4983
2022-10-12,784183,147744354,187.5,191.0,186.0,188.0,-2.0,1484,0.860517630351539,161.3471,161.7773,160.0563,164.3589
2022-10-13,1175500,213116610,186.0,187.0,178.0,180.0,-8.0,2283,0.860517630351539,160.0563,154.8932,153.1721,160.9168
2022-10-14,612695,112777970,184.0,186.5,181.5,183.5,3.5,609,0.860517630351539,158.3352,157.905,156.1839,160.4865
2022-10-17,810439,143699807,183.0,185.5,173.0,175.0,-8.5,1391,0.860517630351539,157.4747,150.5906,148.8696,159.626
2022-10-18,327545,58492281,176.0,180.0,176.0,179.0,4.0,358,0.860517630351539,151.4511,154.0327,151.4511,154.8932
2022-10-19,303452,54502006,178.5,183.0,177.0,178.0,-1.0,662,0.860517630351539,153.6024,153.1721,152.3116,157.4747
2022-10-20,252657,44397976,176.0,178.0,173.5,177.5,-0.5,422,0.860517630351539,151.4511,152.7419,149.2998,153.1721
2022-10-21,615471,106527120,178.0,181.0,170.0,170.5,-7.0,587,0.860517630351539,153.1721,146.7183,146.288,155.7537
2022-10-24,268381,46889717,173.5,176.0,173.0,175.0,4.5,322,0.860517630351539,149.2998,150.5906,148.8696,151.4511
2022-10-25,292925,50631376,175.0,177.5,170.5,172.0,-3.0,640,0.860517630351539,150.5906,148.009,146.7183,152.7419
2022-10-26,310668,52749300,170.5,172.0,167.0,171.0,-1.0,758,0.860517630351539,146.7183,147.1485,143.7064,148.009
2022-10-27,398602,69815386,170.0,178.0,170.0,176.5,5.5,371,0.860517630351539,146.288,151.8814,146.288,153.1721
2022-10-28,206900,36161601,174.5,178.5,173.0,174.5,-2.0,506,0.860517630351539,150.1603,150.1603,148.8696,153.6024
2022-10-31,174662,30802187,174.5,179.0,174.5,175.5,1.0,371,0.860517630351539,150.1603,151.0208,150.1603,154.0327
2022-11-01,406364,70398966,174.5,177.5,171.5,172.5,-3.0,758,0.860517630351539,150.1603,148.4393,147.5788,152.7419
2022-11-02,280443,47854682,172.0,173.0,168.5,172.0,-0.5,323,0.860517630351539,148.009,148.009,144.9972,148.8696
2022-11-03,98512,16928849,170.5,173.0,170.0,172.5,0.5,138,0.860517630351539,146.7183,148.4393,146.288,148.8696
2022-11-04,228729,39538814,171.0,176.0,170.5,172.0,-0.5,270,0.860517630351539,147.1485,148.009,146.7183,151.4511
2022-11-07,513588,91999667,173.0,183.0,173.0,182.5,10.5,562,0.860517630351539,148.8696,157.0445,148.8696,157.4747
2022-11-08,813065,148482365,182.5,186.0,179.5,182.5,0.0,1114,0.860517630351539,157.0445,157.0445,154.4629,160.0563
2022-11-09,456787,82067347,183.0,184.5,176.0,177.0,-5.5,432,0.860517630351539,157.4747,152.3116,151.4511,158.7655
2022-11-10,1163539,211053867,180.0,187.0,177.0,180.5,3.5,923,0.860517630351539,154.8932,155.3234,152.3116,160.9168
2022-11-11,1558657,280605792,183.0,183.5,174.0,182.0,1.5,2148,0.860517630351539,157.4747,156.6142,149.7301,157.905
2022-11-14,775824,140738632,180.5,186.0,178.5,179.5,-2.5,585,0.860517630351539,155.3234,154.4629,153.6024,160.0563
2022-11-15,738263,135030327,180.0,185.0,180.0,183.0,3.5,526,0.860517630351539,154.8932,157.4747,154.8932,159.1958
2022-11-16,1142928,213703355,188.0,190.0,182.5,184.0,1.0,1295,0.860517630351539,161.7773,158.3352,157.0445,163.4983
2022-11-17,811573,151345677,187.5,189.0,182.0,188.0,4.0,1037,0.860517630351539,161.3471,161.7773,156.6142,162.6378
2022-11-18,2543879,499488544,188.0,200.0,187.0,198.5,10.5,2737,0.860517630351539,161.7773,170.8127,160.9168,172.1035
2022-11-21,3283909,667582651,201.0,213.0,190.0,209.0,10.5,4443,0.860517630351539,172.964,179.8482,163.4983,183.2903
2022-11-22,1515538,309069119,207.5,210.5,198.0,200.0,-9.0,5603,0.860517630351539,178.5574,172.1035,170.3825,181.139
2022-11-23,1742682,354494816,205.0,209.5,197.5,204.0,4.0,3604,0.860517630351539,176.4061,175.5456,169.9522,180.2784
2022-11-24,1157301,236662811,205.0,207.0,200.5,204.5,0.5,1001,0.860517630351539,176.4061,175.9759,172.5338,178.1271
2022-11-25,1148062,231168616,206.5,209.0,196.5,196.5,-8.0,4214,0.860517630351539,177.6969,169.0917,169.0917,179.8482
2022-11-28,1263290,258281432,196.5,209.0,196.5,203.5,7.0,1353,0.860517630351539,169.0917,175.1153,169.0917,179.8482
2022-11-29,1383914,286547963,206.0,210.0,202.5,207.0,3.5,1310,0.860517630351539,177.2666,178.1271,174.2548,180.7087
2022-11-30,3526167,751836548,210.0,219.0,208.5,211.0,4.0,4879,0.860517630351539,180.7087,181.5692,179.4179,188.4534
2022-12-01,4937699,1058767207,213.5,228.0,206.0,209.0,-2.0,3672,0.860517630351539,183.7205,179.8482,177.2666,196.198
2022-12-02,1770008,373901216,213.5,216.0,206.0,207.5,-1.5,1540,0.860517630351539,183.7205,178.5574,177.2666,185.8718
2022-12-05,833259,171987773,209.0,209.5,202.0,208.0,0.5,907,0.860517630351539,179.8482,178.9877,173.8246,180.2784
2022-12-06,938951,198405892,210.5,213.0,207.0,212.5,4.5,958,0.860517630351539,181.139,182.86,178.1271,183.2903
2022-12-07,1011721,211924587,211.5,214.0,204.0,209.5,-3.0,902,0.860517630351539,181.9995,180.2784,175.5456,184.1508
2022-12-08,2272793,492410342,209.5,221.0,206.0,219.5,10.0,1996,0.860517630351539,180.2784,188.8836,177.2666,190.1744
2022-12-09,1161177,253275402,219.5,222.0,215.0,218.0,-1.5,1022,0.860517630351539,188.8836,187.5928,185.0113,191.0349
2022-12-12,1000688,218514163,219.0,223.5,214.0,214.5,-3.5,991,0.860517630351539,188.4534,184.581,184.1508,192.3257
2022-12-13,973646,204630463,213.0,216.5,206.0,207.5,-7.0,1027,0.860517630351539,183.2903,178.5574,177.2666,186.3021
2022-12-14,626326,132732960,209.5,214.0,208.5,211.5,4.0,651,0.860517630351539,180.2784,181.9995,179.4179,184.1508
2022-12-15,481775,100868891,210.5,212.5,207.0,209.0,0.0,498,0.8707692398418762,183.2969,181.9908,180.2492,185.0385
2022-12-16,564576,114866775,207.0,208.5,200.0,200.0,-9.0,797,0.8707692398418762,180.2492,174.1538,174.1538,181.5554
2022-12-19,437797,88112943,200.0,204.0,198.5,201.0,1.0,496,0.8707692398418762,174.1538,175.0246,172.8477,177.6369
2022-12-20,1319256,256269908,202.0,202.0,190.5,190.5,-10.5,1299,0.8707692398418762,175.8954,165.8815,165.8815,175.8954
2022-12-21,623072,121307617,192.0,197.5,192.0,194.5,4.0,676,0.8707692398418762,167.1877,169.3646,167.1877,171.9769
2022-12-22,492065,97740995,196.0,201.0,194.5,198.0,3.5,1238,0.8707692398418762,170.6708,172.4123,169.3646,175.0246
2022-12-23,336688,66430448,195.0,200.0,195.0,198.0,0.0,393,0.8707692398418762,169.8,172.4123,169.8,174.1538
2022-12-26,527412,106310290,198.0,205.0,197.0,202.0,4.0,523,0.8707692398418762,172.4123,175.8954,171.5415,178.5077
2022-12-27,470449,96516639,203.0,207.0,203.0,204.0,2.0,605,0.8707692398418762,176.7662,177.6369,176.7662,180.2492
2022-12-28,2803305,614438656,204.5,224.0,204.5,223.0,19.0,2935,0.8707692398418762,178.0723,194.1815,178.0723,195.0523
2022-12-29,2159046,454806611,216.5,220.0,205.0,212.0,-11.0,8490,0.8707692398418762,188.5215,184.6031,178.5077,191.5692
2022-12-30,3092866,695523591,212.0,230.0,212.0,227.0,15.0,3777,0.8707692398418762,184.6031,197.6646,184.6031,200.2769
2023-01-03,1826263,408861562,226.0,230.5,217.0,227.5,0.5,3401,0.8707692398418762,196.7938,198.1,188.9569,200.7123
2023-01-04,1104316,250815243,225.5,230.5,223.5,227.5,0.0,2140,0.8707692398418762,196.3585,198.1,194.6169,200.7123
2023-01-05,1493546,335423309,229.0,233.5,218.5,222.0,-5.5,3666,0.8707692398418762,199.4062,193.3108,190.2631,203.3246
2023-01-06,867072,191305004,221.5,224.0,216.5,221.0,-1.0,731,0.8707692398418762,192.8754,192.44,188.5215,195.0523
2023-01-09,934625,207014765,224.0,230.0,218.0,220.0,-1.0,820,0.8707692398418762,195.0523,191.5692,189.8277,200.2769
2023-01-10,1585388,359213393,221.5,230.0,221.5,228.5,8.5,1509,0.8707692398418762,192.8754,198.9708,192.8754,200.2769
2023-01-11,1426541,325873911,229.0,233.5,224.5,226.5,-2.0,2471,0.8707692398418762,199.4062,197.2292,195.4877,203.3246
2023-01-12,2429051,563106238,227.0,235.5,227.0,229.5,3.0,2409,0.8707692398418762,197.6646,199.8415,197.6646,205.0662
2023-01-13,1194527,276642041,232.0,235.0,228.0,229.5,0.0,1440,0.8707692398418762,202.0185,199.8415,198.5354,204.6308
2023-01-16,996279,226895454,231.0,231.5,222.0,228.0,-1.5,1598,0.8707692398418762,201.1477,198.5354,193.3108,201.5831
2023-01-17,909150,208562399,229.0,233.0,226.5,227.5,-0.5,1192,0.8707692398418762,199.4062,198.1,197.2292,202.8892
2023-01-30,1248841,278701259,229.5,231.0,218.5,221.0,-6.5,1490,0.8707692398418762,199.8415,192.44,190.2631,201.1477
2023-01-31,943901,205692611,220.0,222.5,213.5,216.0,-5.0,1731,0.8707692398418762,191.5692,188.0862,185.9092,193.7462
2023-02-01,665097,146350792,216.5,223.0,216.5,219.5,3.5,812,0.8707692398418762,188.5215,191.1338,188.5215,194.1815
2023-02-02,1006182,215884321,220.5,221.0,212.5,214.0,-5.5,1166,0.8707692398418762,192.0046,186.3446,185.0385,192.44
2023-02-03,853293,183430909,216.0,217.0,212.0,214.0,0.0,770,0.8707692398418762,188.0862,186.3446,184.6031,188.9569
2023-02-06,830590,181403581,213.0,221.5,213.0,219.5,5.5,828,0.8707692398418762,185.4738,191.1338,185.4738,192.8754
2023-02-07,789770,175427040,219.5,225.0,218.0,221.5,2.0,874,0.8707692398418762,191.1338,192.8754,189.8277,195.9231
2023-02-08,391955,85997116,221.5,223.0,217.5,219.0,-2.5,495,0.8707692398418762,192.8754,190.6985,189.3923,194.1815
2023-02-09,757815,165660326,220.5,224.0,215.0,218.5,-0.5,730,0.8707692398418762,192.0046,190.2631,187.2154,195.0523
2023-02-10,4294578,1006348103,224.0,240.0,224.0,240.0,21.5,3968,0.8707692398418762,195.0523,208.9846,195.0523,208.9846
2023-02-13,6183757,1473073724,246.0,248.0,227.5,231.5,-8.5,8005,0.8707692398418762,214.2092,201.5831,198.1,215.9508
2023-02-14,2984718,695672211,233.0,238.0,227.0,236.0,4.5,3284,0.8707692398418762,202.8892,205.5015,197.6646,207.2431
2023-02-15,2342192,553756402,237.5,239.5,233.5,237.5,1.5,1992,0.8707692398418762,206.8077,206.8077,203.3246,208.5492
2023-02-16,4241167,1046672695,239.5,254.0,238.0,250.0,12.5,3850,0.8707692398418762,208.5492,217.6923,207.2431,221.1754
2023-02-17,2436756,606108337,248.5,252.5,243.5,249.5,-0.5,2935,0.8707692398418762,216.3862,217.2569,212.0323,219.8692
2023-02-20,2249623,545777851,249.0,249.5,237.0,244.0,-5.5,2377,0.8707692398418762,216.8215,212.4677,206.3723,217.2569
2023-02-21,3145841,788412724,245.0,258.5,240.0,255.0,11.0,3028,0.8707692398418762,213.3385,222.0462,208.9846,225.0938
2023-02-22,2961624,757365328,255.0,261.5,250.0,253.5,-1.5,2942,0.8707692398418762,222.0462,220.74,217.6923,227.7062
2023-02-23,2390487,600666621,255.0,256.0,246.5,254.0,0.5,2276,0.8707692398418762,222.0462,221.1754,214.6446,222.9169
2023-02-24,2030959,516064150,257.0,258.0,251.0,251.0,-3.0,1593,0.8707692398418762,223.7877,218.5631,218.5631,224.6585
2023-03-01,1189646,290643274,251.0,251.0,241.0,242.0,-9.0,1631,0.8707692398418762,218.5631,210.7262,209.8554,218.5631
2023-03-02,999149,243548415,243.5,248.5,240.0,240.0,-2.0,1115,0.8707692398418762,212.0323,208.9846,208.9846,216.3862
2023-03-03,675830,164218661,243.5,245.5,240.5,241.5,1.5,762,0.8707692398418762,212.0323,210.2908,209.42,213.7738
2023-03-06,792923,190091214,243.5,243.5,237.5,240.0,-1.5,928,0.8707692398418762,212.0323,208.9846,206.8077,212.0323
2023-03-07,497216,119760857,242.5,244.0,238.5,238.5,-1.5,785,0.8707692398418762,211.1615,207.6785,207.6785,212.4677
2023-03-08,1028783,240029285,240.0,240.0,230.5,232.0,-6.5,1603,0.8707692398418762,208.9846,202.0185,200.7123,208.9846
2023-03-09,628634,144724993,233.0,235.0,228.0,229.0,-3.0,985,0.8707692398418762,202.8892,199.4062,198.5354,204.6308
2023-03-10,2050442,451463346,231.0,232.5,214.0,220.0,-9.0,2800,0.8707692398418762,201.1477,191.5692,186.3446,202.4538
2023-03-13,1244524,267864740,222.5,222.5,212.0,213.0,-7.0,1578,0.8707692398418762,193.7462,185.4738,184.6031,193.7462
2023-03-14,1575726,327041558,213.5,214.0,203.0,203.0,-10.0,2295,0.8707692398418762,185.9092,176.7662,176.7662,186.3446
2023-03-15,983575,199456055,205.5,205.5,200.5,201.5,-1.5,1306,0.8707692398418762,178.9431,175.46,174.5892,178.9431
2023-03-16,1272247,251995930,201.0,201.0,195.0,199.5,-2.0,1523,0.8707692398418762,175.0246,173.7185,169.8,175.0246
2023-03-17,2293218,475888283,202.5,213.0,199.5,211.5,12.0,2281,0.8707692398418762,176.3308,184.1677,173.7185,185.4738
2023-03-20,1216092,254876464,211.5,213.0,206.0,206.5,-5.0,1393,0.8707692398418762,184.1677,179.8138,179.3785,185.4738
2023-03-21,1173172,247657926,210.0,215.0,207.5,209.0,2.5,1361,0.8707692398418762,182.8615,181.9908,180.6846,187.2154
2023-03-22,723338,152765036,212.0,213.5,209.5,211.5,2.5,840,0.8707692398418762,184.6031,184.1677,182.4262,185.9092
2023-03-23,1182577,244562748,211.0,211.0,204.5,207.0,-4.5,1494,0.8707692398418762,183.7323,180.2492,178.0723,183.7323
2023-03-24,2129695,458574911,210.0,220.0,209.0,218.0,11.0,2284,0.8707692398418762,182.8615,189.8277,181.9908,191.5692
2023-03-27,1311577,278435147,218.5,218.5,209.0,212.5,-5.5,1770,0.8707692398418762,190.2631,185.0385,181.9908,190.2631
2023-03-28,1160031,248865086,212.5,219.0,211.0,211.5,-1.0,1226,0.8707692398418762,185.0385,184.1677,183.7323,190.6985
2023-03-29,668716,143138086,212.0,216.5,212.0,212.5,1.0,1094,0.8707692398418762,184.6031,185.0385,184.6031,188.5215
2023-03-30,4800894,923934688,200.0,202.0,191.5,191.5,-21.0,5251,0.8707692398418762,174.1538,166.7523,166.7523,175.8954
2023-03-31,6455768,1182386856,188.0,189.0,180.0,185.0,-6.5,6972,0.8707692398418762,163.7046,161.0923,156.7385,164.5754
2023-04-06,1487979,276613515,184.0,187.5,182.5,185.0,0.0,1906,0.8707692398418762,160.2215,161.0923,158.9154,163.2692
2023-04-07,476003,88322304,185.0,187.0,184.5,186.0,1.0,1470,0.8707692398418762,161.0923,161.9631,160.6569,162.8338
2023-04-10,1096661,203048257,186.0,188.5,183.0,184.5,-1.5,1438,0.8707692398418762,161.9631,160.6569,159.3508,164.14
2023-04-11,2025189,368375449,184.5,186.5,179.5,180.5,-4.0,2548,0.8707692398418762,160.6569,157.1738,156.3031,162.3985
2023-04-12,749123,137206981,181.0,184.5,181.0,184.0,3.5,972,0.8707692398418762,157.6092,160.2215,157.6092,160.6569
2023-04-13,1504017,272814592,183.0,184.0,180.0,180.0,-4.0,1814,0.8707692398418762,159.3508,156.7385,156.7385,160.2215
2023-04-14,1618448,299914235,181.5,187.5,181.0,185.0,5.0,1828,0.8707692398418762,158.0446,161.0923,157.6092,163.2692
2023-04-17,949286,175823160,185.0,187.0,184.0,184.0,-1.0,1265,0.8707692398418762,161.0923,160.2215,160.2215,162.8338
2023-04-18,618149,113862458,184.0,186.0,183.0,183.5,-0.5,747,0.8707692398418762,160.2215,159.7862,159.3508,161.9631
2023-04-19,4061357,772015752,185.0,194.0,184.5,190.5,7.0,4031,0.8707692398418762,161.0923,165.8815,160.6569,168.9292
2023-04-20,3547465,667776514,192.5,195.5,183.5,187.5,-3.0,4568,0.8707692398418762,167.6231,163.2692,159.7862,170.2354
2023-04-21,1190553,218496564,186.5,188.0,181.5,181.5,-6.0,1426,0.8707692398418762,162.3985,158.0446,158.0446,163.7046
2023-04-24,1194424,216479805,181.0,184.0,179.5,181.5,0.0,1250,0.8707692398418762,157.6092,158.0446,156.3031,160.2215
2023-04-25,1481954,264573110,181.0,184.5,175.0,175.0,-6.5,2166,0.8707692398418762,157.6092,152.3846,152.3846,160.6569
2023-04-26,1220668,211820717,174.5,177.0,172.0,174.0,-1.0,1589,0.8707692398418762,151.9492,151.5138,149.7723,154.1262
2023-04-27,563460,98330664,174.0,176.0,172.0,175.5,1.5,723,0.8707692398418762,151.5138,152.82,149.7723,153.2554
2023-04-28,688548,123426443,177.0,181.0,177.0,180.0,4.5,797,0.8707692398418762,154.1262,156.7385,154.1262,157.6092
2023-05-02,502783,91102963,180.0,183.0,177.5,181.5,1.5,630,0.8707692398418762,156.7385,158.0446,154.5615,159.3508
2023-05-03,380668,68737581,179.5,182.5,179.5,179.5,-2.0,462,0.8707692398418762,156.3031,156.3031,156.3031,158.9154
2023-05-04,354345,63742108,180.5,182.0,177.5,180.0,0.5,447,0.8707692398418762,157.1738,156.7385,154.5615,158.48
2023-05-05,565790,100646901,179.0,180.5,176.5,176.5,-3.5,930,0.8707692398418762,155.8677,153.6908,153.6908,157.1738
2023-05-08,329329,58419088,178.0,179.0,176.5,176.5,0.0,486,0.8707692398418762,154.9969,153.6908,153.6908,155.8677
2023-05-09,267464,47083803,177.5,177.5,174.0,176.0,-0.5,464,0.8707692398418762,154.5615,153.2554,151.5138,154.5615
2023-05-10,274949,48549521,177.5,178.5,175.5,175.5,-0.5,430,0.8707692398418762,154.5615,152.82,152.82,155.4323
2023-05-11,777756,134477214,175.0,177.5,170.0,170.5,-5.0,1192,0.8707692398418762,152.3846,148.4662,148.0308,154.5615
2023-05-12,464344,80045911,171.0,174.5,170.5,174.0,3.5,602,0.8707692398418762,148.9015,151.5138,148.4662,151.9492
2023-05-15,588646,100192993,174.0,174.0,169.0,169.0,-5.0,1069,0.8707692398418762,151.5138,147.16,147.16,151.5138
2023-05-16,246168,42268722,170.0,172.5,170.0,171.5,2.5,375,0.8707692398418762,148.0308,149.3369,148.0308,150.2077
2023-05-17,343824,59460687,172.0,174.0,171.0,173.0,1.5,708,0.8707692398418762,149.7723,150.6431,148.9015,151.5138
2023-05-18,553844,94992850,173.0,175.0,170.0,170.0,-3.0,849,0.8707692398418762,150.6431,148.0308,148.0308,152.3846
2023-05-19,581420,99381792,170.5,173.0,168.5,171.5,1.5,794,0.8707692398418762,148.4662,149.3369,146.7246,150.6431
2023-05-22,300750,51631257,171.5,173.5,170.5,170.5,-1.0,754,0.8707692398418762,149.3369,148.4662,148.4662,151.0785
2023-05-23,579443,98719034,170.5,173.0,167.5,169.5,-1.0,889,0.8707692398418762,148.4662,147.5954,145.8538,150.6431
2023-05-24,821154,140187935,169.5,173.5,168.5,170.0,0.5,933,0.8707692398418762,147.5954,148.0308,146.7246,151.0785
2023-05-25,993014,166336904,170.0,170.0,166.5,166.5,-3.5,1657,0.8707692398418762,148.0308,144.9831,144.9831,148.0308
2023-05-26,401608,66914616,166.5,167.5,165.5,167.0,0.5,681,0.8707692398418762,144.9831,145.4185,144.1123,145.8538
2023-05-29,313432,52358198,167.5,168.0,166.0,167.0,0.0,680,0.8707692398418762,145.8538,145.4185,144.5477,146.2892
2023-05-30,534970,88509338,167.0,167.0,164.0,164.5,-2.5,1021,0.8707692398418762,145.4185,143.2415,142.8062,145.4185
2023-05-31,1627703,278232879,165.5,174.0,164.5,174.0,9.5,1690,0.8707692398418762,144.1123,151.5138,143.2415,151.5138
2023-06-01,3426089,618436601,173.5,184.5,173.0,183.0,9.0,3681,0.8707692398418762,151.0785,159.3508,150.6431,160.6569
2023-06-02,1774413,324851376,185.5,186.5,179.5,181.0,-2.0,8723,0.8707692398418762,161.5277,157.6092,156.3031,162.3985
2023-06-05,3744416,708123340,182.5,195.0,182.0,188.5,7.5,5204,0.8707692398418762,158.9154,164.14,158.48,169.8
2023-06-06,4700403,916314727,192.0,198.0,190.5,197.0,8.5,6590,0.8707692398418762,167.1877,171.5415,165.8815,172.4123
2023-06-07,4161179,842789071,199.0,206.0,199.0,201.0,4.0,6851,0.8707692398418762,173.2831,175.0246,173.2831,179.3785
2023-06-08,2514289,499714960,201.0,203.5,193.5,199.5,-1.5,6628,0.8707692398418762,175.0246,173.7185,168.4938,177.2015
2023-06-09,1217941,241311979,201.5,203.0,195.0,197.5,-2.0,5601,0.8707692398418762,175.46,171.9769,169.8,176.7662
2023-06-12,1106045,213085789,196.5,196.5,191.5,192.5,-5.0,2145,0.8707692398418762,171.1062,167.6231,166.7523,171.1062
2023-06-13,589600,114408739,194.0,196.5,192.5,193.0,0.5,1304,0.8707692398418762,168.9292,168.0585,167.6231,171.1062
2023-06-14,1341010,255540865,194.0,195.5,188.0,191.5,-1.5,7052,0.8707692398418762,168.9292,166.7523,163.7046,170.2354
2023-06-15,877876,166908525,191.0,192.0,188.5,190.0,-1.5,5711,0.8707692398418762,166.3169,165.4462,164.14,167.1877
2023-06-16,1383804,270369174,191.0,199.5,191.0,192.0,2.0,3502,0.8707692398418762,166.3169,167.1877,166.3169,173.7185
2023-06-19,319040,61602419,192.0,195.0,192.0,192.0,0.0,3075,0.8707692398418762,167.1877,167.1877,167.1877,169.8
2023-06-20,371483,71579068,192.0,194.5,192.0,192.5,0.5,479,0.8707692398418762,167.1877,167.6231,167.1877,169.3646
2023-06-21,694917,133930266,193.5,195.5,191.5,192.0,-0.5,655,0.8707692398418762,168.4938,167.1877,166.7523,170.2354
2023-06-26,530901,100774708,192.0,193.0,187.5,189.5,-2.5,735,0.8707692398418762,167.1877,165.0108,163.2692,168.0585
2023-06-27,773736,143731896,190.0,191.0,183.0,183.5,-6.0,1145,0.8707692398418762,165.4462,159.7862,159.3508,166.3169
2023-06-28,580659,106657421,183.5,185.5,182.0,184.5,1.0,700,0.8707692398418762,159.7862,160.6569,158.48,161.5277
2023-06-29,605923,107805333,179.0,179.5,176.5,178.5,0.0,926,0.8951243857300321,160.2273,159.7797,157.9895,160.6748
2023-06-30,318817,56531857,178.5,179.5,176.5,178.5,0.0,515,0.8951243857300321,159.7797,159.7797,157.9895,160.6748
2023-07-03,470935,83638563,179.5,179.5,176.5,177.5,-1.0,582,0.8951243857300321,160.6748,158.8846,157.9895,160.6748
2023-07-04,547273,96143021,177.5,177.5,174.0,174.5,-3.0,919,0.8951243857300321,158.8846,156.1992,155.7516,158.8846
2023-07-05,589616,103169253,174.5,177.5,174.0,174.0,-0.5,688,0.8951243857300321,156.1992,155.7516,155.7516,158.8846
2023-07-06,330446,57350916,174.5,175.5,172.0,172.0,-2.0,590,0.8951243857300321,156.1992,153.9614,153.9614,157.0943
2023-07-07,286231,49009986,172.0,173.0,170.5,171.0,-1.0,833,0.8951243857300321,153.9614,153.0663,152.6187,154.8565
2023-07-10,245573,42397758,171.5,175.0,170.0,173.5,2.5,428,0.8951243857300321,153.5138,155.3041,152.1711,156.6468
2023-07-11,212973,36959215,173.5,175.5,172.5,173.0,-0.5,331,0.8951243857300321,155.3041,154.8565,154.409,157.0943
2023-07-12,251621,43340742,173.5,174.0,171.0,171.5,-1.5,463,0.8951243857300321,155.3041,153.5138,153.0663,155.7516
2023-07-13,232405,39864944,172.5,172.5,170.5,171.0,-0.5,360,0.8951243857300321,154.409,153.0663,152.6187,154.409
2023-07-14,406704,71140406,172.0,177.0,171.0,175.0,4.0,554,0.8951243857300321,153.9614,156.6468,153.0663,158.437
2023-07-17,243618,42534544,176.5,176.5,173.0,174.0,-1.0,353,0.8951243857300321,157.9895,155.7516,154.8565,157.9895
2023-07-18,724307,123302642,176.0,176.0,168.0,169.5,-4.5,1129,0.8951243857300321,157.5419,151.7236,150.3809,157.5419
2023-07-19,707661,119009094,169.5,171.0,166.5,166.5,-3.0,1095,0.8951243857300321,151.7236,149.0382,149.0382,153.0663
2023-07-20,202423,34313468,167.0,170.5,167.0,170.0,3.5,342,0.8951243857300321,149.4858,152.1711,149.4858,152.6187
2023-07-21,456018,76302249,170.0,170.5,166.0,166.0,-4.0,953,0.8951243857300321,152.1711,148.5906,148.5906,152.6187
2023-07-24,335170,55553671,166.0,168.0,164.0,167.5,1.5,525,0.8951243857300321,148.5906,149.9333,146.8004,150.3809
2023-07-25,553622,92072666,169.0,169.0,165.0,166.5,-1.0,588,0.8951243857300321,151.276,149.0382,147.6955,151.276
2023-07-26,343150,56785740,166.0,167.5,164.0,166.5,0.0,521,0.8951243857300321,148.5906,149.0382,146.8004,149.9333
2023-07-27,353617,59248818,167.0,168.5,165.5,168.0,1.5,396,0.8951243857300321,149.4858,150.3809,148.1431,150.8285
2023-07-28,565591,94048277,168.5,168.5,165.0,166.0,-2.0,769,0.8951243857300321,150.8285,148.5906,147.6955,150.8285
2023-07-31,526418,87018922,168.0,168.0,164.0,165.0,-1.0,749,0.8951243857300321,150.3809,147.6955,146.8004,150.3809
2023-08-01,271107,44801814,166.0,166.0,164.5,166.0,1.0,403,0.8951243857300321,148.5906,148.5906,147.248,148.5906
2023-08-02,572459,95040391,166.5,168.5,164.0,165.5,-0.5,678,0.8951243857300321,149.0382,148.1431,146.8004,150.8285
2023-08-04,703233,117004817,166.0,169.0,164.5,165.5,0.0,696,0.8951243857300321,148.5906,148.1431,147.248,151.276
2023-08-07,708379,114840804,166.0,166.0,160.0,161.0,-4.5,1317,0.8951243857300321,148.5906,144.115,143.2199,148.5906
2023-08-08,345052,55705217,162.0,164.0,160.0,161.0,0.0,531,0.8951243857300321,145.0102,144.115,143.2199,146.8004
2023-08-09,169133,27277006,161.5,162.5,160.0,162.5,1.5,349,0.8951243857300321,144.5626,145.4577,143.2199,145.4577
2023-08-10,287603,46864667,163.0,165.0,161.0,163.5,1.0,353,0.8951243857300321,145.9053,146.3528,144.115,147.6955
2023-08-11,2177761,375615404,166.0,178.0,164.5,176.0,12.5,2309,0.8951243857300321,148.5906,157.5419,147.248,159.3321
2023-08-14,1822875,312319381,178.0,180.0,165.5,170.5,-5.5,4162,0.8951243857300321,159.3321,152.6187,148.1431,161.1224
2023-08-15,338091,57159713,171.0,171.0,167.5,168.0,-2.5,531,0.8951243857300321,153.0663,150.3809,149.9333,153.0663
2023-08-16,322455,53154879,168.0,168.0,164.0,164.0,-4.0,550,0.8951243857300321,150.3809,146.8004,146.8004,150.3809
2023-08-17,321475,53973907,164.0,171.0,163.5,171.0,7.0,581,0.8951243857300321,146.8004,153.0663,146.3528,153.0663
2023-08-18,212008,35759668,169.5,171.0,166.5,168.0,-3.0,628,0.8951243857300321,151.7236,150.3809,149.0382,153.0663
2023-08-21,137022,22919011,168.5,169.0,165.5,166.5,-1.5,284,0.8951243857300321,150.8285,149.0382,148.1431,151.276
2023-08-22,149492,24793565,168.0,168.5,164.5,165.0,-1.5,289,0.8951243857300321,150.3809,147.6955,147.248,150.8285
2023-08-23,153979,25782125,166.0,169.0,166.0,166.5,1.5,230,0.8951243857300321,148.5906,149.0382,148.5906,151.276
2023-08-24,675996,115786465,170.5,173.5,167.0,170.5,4.0,710,0.8951243857300321,152.6187,152.6187,149.4858,155.3041
2023-08-25,390889,67039525,170.5,174.0,169.0,169.0,-1.5,788,0.8951243857300321,152.6187,151.276,151.276,155.7516
2023-08-28,190006,31792636,169.0,169.5,166.5,167.0,-2.0,360,0.8951243857300321,151.276,149.4858,149.0382,151.7236
2023-08-29,81373,13591304,167.5,167.5,166.5,167.0,0.0,175,0.8951243857300321,149.9333,149.4858,149.0382,149.9333
2023-08-30,125405,20936612,167.0,168.5,166.0,167.5,0.5,228,0.8951243857300321,149.4858,149.9333,148.5906,150.8285
2023-08-31,77762,13050184,167.0,168.5,167.0,168.5,1.0,165,0.8951243857300321,149.4858,150.8285,149.4858,150.8285
2023-09-01,234408,39966786,168.5,172.5,168.0,170.5,2.0,356,0.8951243857300321,150.8285,152.6187,150.3809,154.409
2023-09-04,73733,12472077,170.0,170.0,168.0,169.5,-1.0,620,0.8951243857300321,152.1711,151.7236,150.3809,152.1711
2023-09-05,221908,37236225,170.5,170.5,166.5,167.5,-2.0,354,0.8951243857300321,152.6187,149.9333,149.0382,152.6187
2023-09-06,157939,26384484,167.5,168.0,166.5,167.5,0.0,318,0.8951243857300321,149.9333,149.9333,149.0382,150.3809
2023-09-07,236291,39196042,166.5,166.5,165.0,166.0,-1.5,369,0.8951243857300321,149.0382,148.5906,147.6955,149.0382
2023-09-08,96040,15925696,165.0,166.5,165.0,166.0,0.0,194,0.8951243857300321,147.6955,148.5906,147.6955,149.0382
2023-09-11,142434,23767987,166.0,168.0,165.5,168.0,2.0,224,0.8951243857300321,148.5906,150.3809,148.1431,150.3809
2023-09-12,636276,109226625,169.0,173.5,168.5,171.5,3.5,745,0.8951243857300321,151.276,153.5138,150.8285,155.3041
2023-09-13,443131,76033389,172.5,173.0,170.0,170.5,-1.0,544,0.8951243857300321,154.409,152.6187,152.1711,154.8565
2023-09-14,390179,66972256,170.5,174.0,169.5,172.5,2.0,478,0.8951243857300321,152.6187,154.409,151.7236,155.7516
2023-09-15,148472,25499485,174.0,174.0,171.0,171.0,-1.5,1504,0.8951243857300321,155.7516,153.0663,153.0663,155.7516
2023-09-18,95900,16372339,171.0,172.5,170.0,170.0,-1.0,180,0.8951243857300321,153.0663,152.1711,152.1711,154.409
2023-09-19,212072,35756325,170.0,171.0,167.5,167.5,-2.5,552,0.8951243857300321,152.1711,149.9333,149.9333,153.0663
2023-09-20,76484,12885927,167.5,169.5,167.5,168.0,0.5,183,0.8951243857300321,149.9333,150.3809,149.9333,151.7236
2023-09-21,118770,19844820,167.0,168.0,166.0,167.0,-1.0,197,0.8951243857300321,149.4858,149.4858,148.5906,150.3809
2023-09-22,125807,20957152,166.5,167.5,166.0,167.0,0.0,184,0.8951243857300321,149.0382,149.4858,148.5906,149.9333
2023-09-25,326535,55801691,168.0,172.5,168.0,172.0,5.0,421,0.8951243857300321,150.3809,153.9614,150.3809,154.409
2023-09-26,225865,38832953,172.5,173.0,171.0,171.5,-0.5,346,0.8951243857300321,154.409,153.5138,153.0663,154.8565
2023-09-27,701106,122303113,171.5,177.0,171.5,173.0,1.5,825,0.8951243857300321,153.5138,154.8565,153.5138,158.437
2023-09-28,1662178,298455104,173.0,183.5,172.5,179.5,6.5,1964,0.8951243857300321,154.8565,160.6748,154.409,164.2553
2023-10-02,484654,86764928,181.5,182.5,177.0,177.0,-2.5,3824,0.8951243857300321,162.4651,158.437,158.437,163.3602
2023-10-03,388943,68561396,178.0,179.0,174.0,176.5,-0.5,3528,0.8951243857300321,159.3321,157.9895,155.7516,160.2273
2023-10-04,404856,71848691,176.5,179.0,175.0,178.5,2.0,719,0.8951243857300321,157.9895,159.7797,156.6468,160.2273
2023-10-05,281379,49644012,179.0,179.0,175.0,176.5,-2.0,5229,0.8951243857300321,160.2273,157.9895,156.6468,160.2273
2023-10-06,230099,40145255,177.0,177.0,173.0,173.5,-3.0,439,0.8951243857300321,158.437,155.3041,154.8565,158.437
2023-10-11,230188,40165259,175.5,176.0,173.0,174.5,1.0,342,0.8951243857300321,157.0943,156.1992,154.8565,157.5419
2023-10-12,264903,45686277,174.0,174.0,171.5,172.5,-2.0,2319,0.8951243857300321,155.7516,154.409,153.5138,155.7516
2023-10-13,192247,33173146,172.0,175.0,171.5,172.5,0.0,251,0.8951243857300321,153.9614,154.409,153.5138,156.6468
2023-10-16,157560,27241685,173.0,174.0,172.0,173.0,0.5,265,0.8951243857300321,154.8565,154.8565,153.9614,155.7516
2023-10-17,240937,41503424,174.0,174.0,171.0,171.5,-1.5,249,0.8951243857300321,155.7516,153.5138,153.0663,155.7516
2023-10-18,251277,43681130,172.0,175.0,171.0,175.0,3.5,309,0.8951243857300321,153.9614,156.6468,153.0663,156.6468
2023-10-19,257461,44324150,175.0,175.0,171.0,171.5,-3.5,951,0.8951243857300321,156.6468,153.5138,153.0663,156.6468
2023-10-20,686790,115632846,170.5,171.0,166.5,167.5,-4.0,855,0.8951243857300321,152.6187,149.9333,149.0382,153.0663
2023-10-23,180966,30634051,167.0,170.5,167.0,169.5,2.0,211,0.8951243857300321,149.4858,151.7236,149.4858,152.6187
2023-10-24,177611,30033326,169.0,171.0,168.0,170.5,1.0,517,0.8951243857300321,151.276,152.6187,150.3809,153.0663
2023-10-25,127088,21528942,169.5,171.0,168.5,169.5,-1.0,186,0.8951243857300321,151.7236,151.7236,150.8285,153.0663
2023-10-26,368789,61496333,168.0,169.5,165.5,165.5,-4.0,546,0.8951243857300321,150.3809,148.1431,148.1431,151.7236
2023-10-27,106383,17666988,165.5,166.5,165.5,166.0,0.5,207,0.8951243857300321,148.1431,148.5906,148.1431,149.0382
2023-10-30,55355,9224027,166.0,167.5,166.0,166.5,0.5,107,0.8951243857300321,148.5906,149.0382,148.5906,149.9333
2023-10-31,245917,41708704,168.0,172.0,167.5,167.5,1.0,337,0.8951243857300321,150.3809,149.9333,149.9333,153.9614
2023-11-01,178688,30393906,168.0,171.5,168.0,171.0,3.5,784,0.8951243857300321,150.3809,153.0663,150.3809,153.5138
2023-11-02,125648,21438972,171.5,172.0,168.5,171.0,0.0,569,0.8951243857300321,153.5138,153.0663,150.8285,153.9614
2023-11-03,198528,34138507,172.0,173.0,170.5,172.5,1.5,878,0.8951243857300321,153.9614,154.409,152.6187,154.8565
2023-11-06,215674,37436774,173.5,174.5,172.0,173.5,1.0,336,0.8951243857300321,155.3041,155.3041,153.9614,156.1992
2023-11-07,333099,58595906,174.5,177.5,174.0,175.5,2.0,364,0.8951243857300321,156.1992,157.0943,155.7516,158.8846
2023-11-08,119141,20801884,176.5,176.5,173.0,175.0,-0.5,908,0.8951243857300321,157.9895,156.6468,154.8565,157.9895
2023-11-09,217572,38397869,175.5,178.0,174.0,177.0,2.0,325,0.8951243857300321,157.0943,158.437,155.7516,159.3321
2023-11-10,173741,30403988,175.0,177.5,173.5,174.0,-3.0,980,0.8951243857300321,156.6468,155.7516,155.3041,158.8846
2023-11-13,183006,32060214,175.0,176.5,172.5,176.0,2.0,890,0.8951243857300321,156.6468,157.5419,154.409,157.9895
2023-11-14,654777,117488240,176.0,181.5,176.0,178.5,2.5,2321,0.8951243857300321,157.5419,159.7797,157.5419,162.4651
2023-11-15,216057,38436194,180.0,180.5,177.0,177.5,-1.0,283,0.8951243857300321,161.1224,158.8846,158.437,161.57
2023-11-16,388127,69786469,177.5,182.5,177.5,178.0,0.5,910,0.8951243857300321,158.8846,159.3321,158.8846,163.3602
2023-11-17,276481,49775620,180.0,181.5,178.5,180.5,2.5,401,0.8951243857300321,161.1224,161.57,159.7797,162.4651
2023-11-20,209090,37050025,180.0,180.0,176.0,176.0,-4.5,2555,0.8951243857300321,161.1224,157.5419,157.5419,161.1224
2023-11-21,95478,16842029,176.5,178.0,175.5,176.5,0.5,1524,0.8951243857300321,157.9895,157.9895,157.0943,159.3321
2023-11-22,97762,17131072,178.0,178.0,174.5,174.5,-2.0,2563,0.8951243857300321,159.3321,156.1992,156.1992,159.3321
2023-11-23,91710,16043647,174.5,176.0,174.0,175.0,0.5,3469,0.8951243857300321,156.1992,156.6468,155.7516,157.5419
2023-11-24,130429,22725027,176.0,176.0,173.0,174.5,-0.5,949,0.8951243857300321,157.5419,156.1992,154.8565,157.5419
2023-11-27,162773,28506849,175.5,177.0,172.5,173.5,-1.0,463,0.8951243857300321,157.0943,155.3041,154.409,158.437
2023-11-28,253783,44476097,173.5,177.0,173.5,175.5,2.0,359,0.8951243857300321,155.3041,157.0943,155.3041,158.437
2023-11-29,677759,116465029,175.5,175.5,170.0,171.5,-4.0,1283,0.8951243857300321,157.0943,153.5138,152.1711,157.0943
2023-11-30,236162,40897096,171.5,174.0,171.5,173.0,1.5,511,0.8951243857300321,153.5138,154.8565,153.5138,155.7516
2023-12-01,246377,42511807,174.0,174.0,171.5,172.0,-1.0,669,0.8951243857300321,155.7516,153.9614,153.5138,155.7516
2023-12-04,293955,51417202,173.5,176.0,173.5,174.5,2.5,474,0.8951243857300321,155.3041,156.1992,155.3041,157.5419
2023-12-05,339439,59601580,175.5,177.0,174.0,175.5,1.0,1199,0.8951243857300321,157.0943,157.0943,155.7516,158.437
2023-12-06,221095,38610567,175.5,176.0,173.5,174.5,-1.0,1946,0.8951243857300321,157.0943,156.1992,155.3041,157.5419
2023-12-07,471998,83767524,176.0,180.5,174.5,175.0,0.5,622,0.8951243857300321,157.5419,156.6468,156.1992,161.57
2023-12-08,409648,71113607,176.0,176.0,172.5,174.0,-1.0,1437,0.8951243857300321,157.5419,155.7516,154.409,157.5419
2023-12-11,187320,32421056,174.0,175.0,171.5,172.5,-1.5,440,0.8951243857300321,155.7516,154.409,153.5138,156.6468
2023-12-12,344474,59596476,174.0,174.0,172.0,173.0,0.5,215,0.8951243857300321,155.7516,154.8565,153.9614,155.7516
2023-12-13,121230,20964187,173.0,174.0,172.0,173.0,0.0,226,0.8951243857300321,154.8565,154.8565,153.9614,155.7516
2023-12-14,168334,29176341,174.0,174.5,173.0,173.0,0.0,272,0.8951243857300321,155.7516,154.8565,154.8565,156.1992
2023-12-15,109262,18993181,173.5,174.5,173.0,174.0,1.0,206,0.8951243857300321,155.3041,155.7516,154.8565,156.1992
2023-12-18,217656,37731505,174.5,175.0,172.0,173.0,-1.0,338,0.8951243857300321,156.1992,154.8565,153.9614,156.6468
2023-12-19,590109,100453635,173.0,173.0,169.0,169.5,-3.5,907,0.8951243857300321,154.8565,151.7236,151.276,154.8565
2023-12-20,378143,64631729,170.0,172.5,170.0,171.0,1.5,519,0.8951243857300321,152.1711,153.0663,152.1711,154.409
2023-12-21,190197,32102965,169.0,170.0,168.0,169.0,0.0,349,0.9057175737268371,153.0663,153.0663,152.1606,153.972
2023-12-22,252634,42481724,168.5,168.5,167.0,168.0,-1.0,362,0.9057175737268371,152.6134,152.1606,151.2548,152.6134
2023-12-25,137892,23258834,168.0,170.0,168.0,168.5,0.5,209,0.9057175737268371,152.1606,152.6134,152.1606,153.972
2023-12-26,124318,21041852,170.0,170.0,168.0,169.5,1.0,204,0.9057175737268371,153.972,153.5191,152.1606,153.972
2023-12-27,245990,41737826,170.5,171.5,169.0,170.0,0.5,454,0.9057175737268371,154.4248,153.972,153.0663,155.3306
2023-12-28,178927,30214811,170.0,170.0,168.5,169.0,-1.0,327,0.9057175737268371,153.972,153.0663,152.6134,153.972
2023-12-29,275681,46753579,168.5,171.0,168.0,170.5,1.5,330,0.9057175737268371,152.6134,154.4248,152.1606,154.8777
2024-01-02,160565,27257700,170.5,171.0,169.0,169.5,-1.0,222,0.9057175737268371,154.4248,153.5191,153.0663,154.8777
2024-01-03,200820,33840695,169.5,169.5,167.5,168.5,-1.0,323,0.9057175737268371,153.5191,152.6134,151.7077,153.5191
2024-01-04,108588,18268097,168.0,168.5,168.0,168.5,0.0,183,0.9057175737268371,152.1606,152.6134,152.1606,152.6134
2024-01-05,130071,21964310,169.0,169.5,168.0,169.0,0.5,177,0.9057175737268371,153.0663,153.0663,152.1606,153.5191
2024-01-08,81881,13809189,169.0,169.0,168.0,168.5,-0.5,166,0.9057175737268371,153.0663,152.6134,152.1606,153.0663
2024-01-09,188680,31630795,169.0,169.0,167.0,167.0,-1.5,288,0.9057175737268371,153.0663,151.2548,151.2548,153.0663
2024-01-10,124514,20803432,167.5,168.0,166.5,166.5,-0.5,248,0.9057175737268371,151.7077,150.802,150.802,152.1606
2024-01-11,136723,22853441,167.5,168.0,166.5,168.0,1.5,254,0.9057175737268371,151.7077,152.1606,150.802,152.1606
2024-01-12,132758,22331834,168.0,169.0,167.5,168.5,0.5,199,0.9057175737268371,152.1606,152.6134,151.7077,153.0663
2024-01-15,168118,28244194,168.0,168.5,167.0,168.0,-0.5,256,0.9057175737268371,152.1606,152.1606,151.2548,152.6134
2024-01-16,281529,46869948,167.5,167.5,165.5,166.0,-2.0,504,0.9057175737268371,151.7077,150.3491,149.8963,151.7077
2024-01-17,525287,86125382,166.0,166.0,162.0,163.0,-3.0,974,0.9057175737268371,150.3491,147.632,146.7262,150.3491
2024-01-18,342565,55331698,163.5,163.5,160.0,162.5,-0.5,648,0.9057175737268371,148.0848,147.1791,144.9148,148.0848
2024-01-19,96327,15721620,162.0,164.5,162.0,163.5,1.0,216,0.9057175737268371,146.7262,148.0848,146.7262,148.9905
2024-01-22,120309,19730739,163.5,165.0,163.0,165.0,1.5,274,0.9057175737268371,148.0848,149.4434,147.632,149.4434
2024-01-23,137278,22577351,165.0,165.0,163.5,165.0,0.0,242,0.9057175737268371,149.4434,149.4434,148.0848,149.4434
2024-01-24,150700,24893152,164.0,166.0,164.0,165.5,0.5,217,0.9057175737268371,148.5377,149.8963,148.5377,150.3491
2024-01-25,84057,13838422,165.0,165.5,164.0,164.5,-1.0,183,0.9057175737268371,149.4434,148.9905,148.5377,149.8963
2024-01-26,166611,27451561,164.0,165.5,163.5,164.0,-0.5,262,0.9057175737268371,148.5377,148.5377,148.0848,149.8963
2024-01-29,165358,27090335,164.0,164.5,163.0,164.0,0.0,237,0.9057175737268371,148.5377,148.5377,147.632,148.9905
2024-01-30,104301,17201470,164.0,165.5,164.0,165.0,1.0,182,0.9057175737268371,148.5377,149.4434,148.5377,149.8963
2024-01-31,160993,26347957,164.5,165.0,163.0,163.5,-1.5,279,0.9057175737268371,148.9905,148.0848,147.632,149.4434
2024-02-01,145715,23764287,164.0,164.5,162.5,164.5,1.0,244,0.9057175737268371,148.5377,148.9905,147.1791,148.9905
2024-02-02,111899,18263688,163.5,164.0,162.5,163.5,-1.0,257,0.9057175737268371,148.0848,148.0848,147.1791,148.5377
2024-02-05,218722,35543277,163.5,163.5,162.0,162.0,-1.5,516,0.9057175737268371,148.0848,146.7262,146.7262,148.0848
2024-02-15,314622,51971110,165.0,167.0,163.5,166.5,4.5,470,0.9057175737268371,149.4434,150.802,148.0848,151.2548
2024-02-16,184982,30845941,167.0,167.5,165.5,167.5,1.0,297,0.9057175737268371,151.2548,151.7077,149.8963,151.7077
2024-02-19,229912,38842746,167.5,170.0,167.5,168.5,1.0,340,0.9057175737268371,151.7077,152.6134,151.7077,153.972
2024-02-20,114610,19233315,168.5,169.0,167.0,168.0,-0.5,916,0.9057175737268371,152.6134,152.1606,151.2548,153.0663
2024-02-21,150219,25067758,168.0,168.5,166.0,167.0,-1.0,230,0.9057175737268371,152.1606,151.2548,150.3491,152.6134
2024-02-22,88580,14781182,168.0,168.0,166.0,167.5,0.5,183,0.9057175737268371,152.1606,151.7077,150.3491,152.1606
2024-02-23,129537,21726777,167.5,168.5,167.0,168.0,0.5,263,0.9057175737268371,151.7077,152.1606,151.2548,152.6134
2024-02-26,249660,42291673,167.5,170.0,167.5,170.0,2.0,354,0.9057175737268371,151.7077,153.972,151.7077,153.972
2024-02-27,209323,35497073,170.0,170.5,168.5,169.0,-1.0,578,0.9057175737268371,153.972,153.0663,152.6134,154.4248
2024-02-29,291417,49802885,169.0,172.0,169.0,170.0,1.0,410,0.9057175737268371,153.0663,153.972,153.0663,155.7834
2024-03-01,351544,59988632,171.0,171.5,169.0,170.5,0.5,1079,0.9057175737268371,154.8777,154.4248,153.0663,155.3306
2024-03-04,247406,42122933,170.5,171.0,169.5,170.0,-0.5,1488,0.9057175737268371,154.4248,153.972,153.5191,154.8777
2024-03-05,487827,83098233,169.5,172.5,169.0,170.0,0.0,541,0.9057175737268371,153.5191,153.972,153.0663,156.2363
2024-03-06,1030742,172366105,165.0,170.5,161.0,168.0,-2.0,4040,0.9057175737268371,149.4434,152.1606,145.8205,154.4248
2024-03-07,929477,152580965,168.0,168.0,162.5,164.5,-3.5,1918,0.9057175737268371,152.1606,148.9905,147.1791,152.1606
2024-03-08,558929,92544546,164.5,167.5,164.5,166.0,1.5,651,0.9057175737268371,148.9905,150.3491,148.9905,151.7077
2024-03-11,352289,58472932,167.0,169.5,164.5,166.0,0.0,444,0.9057175737268371,151.2548,150.3491,148.9905,153.5191
2024-03-12,399626,66443519,166.0,168.5,165.0,167.0,1.0,416,0.9057175737268371,150.3491,151.2548,149.4434,152.6134
2024-03-13,559006,92293420,166.0,167.0,164.0,164.5,-2.5,858,0.9057175737268371,150.3491,148.9905,148.5377,151.2548
2024-03-14,458560,74813534,164.5,165.0,162.0,163.5,-1.0,577,0.9057175737268371,148.9905,148.0848,146.7262,149.4434
2024-03-15,214445,35035675,163.5,164.0,163.0,164.0,0.5,280,0.9057175737268371,148.0848,148.5377,147.632,148.5377
2024-03-18,140033,23088150,164.5,165.5,163.5,165.0,1.0,270,0.9057175737268371,148.9905,149.4434,148.0848,149.8963
2024-03-19,194859,32068390,165.5,165.5,164.0,164.5,-0.5,223,0.9057175737268371,149.8963,148.9905,148.5377,149.8963
2024-03-20,189174,31070260,164.5,165.0,163.5,164.5,0.0,253,0.9057175737268371,148.9905,148.9905,148.0848,149.4434
2024-03-21,156637,25762401,164.5,165.0,164.0,165.0,0.5,259,0.9057175737268371,148.9905,149.4434,148.5377,149.4434
2024-03-22,114663,18880105,165.5,165.5,164.5,165.0,0.0,175,0.9057175737268371,149.8963,149.4434,148.9905,149.8963
2024-03-25,186846,30851786,165.0,166.0,164.5,165.0,0.0,273,0.9057175737268371,149.4434,149.4434,148.9905,150.3491
2024-03-26,123447,20406925,165.0,166.0,164.5,166.0,1.0,676,0.9057175737268371,149.4434,150.3491,148.9905,150.3491
2024-03-27,368065,61981557,166.0,170.0,166.0,169.5,3.5,462,0.9057175737268371,150.3491,153.5191,150.3491,153.972
2024-03-28,145078,24480410,168.5,169.5,167.5,169.5,0.0,244,0.9057175737268371,152.6134,153.5191,151.7077,153.5191
2024-03-29,101681,17142914,169.5,169.5,167.5,169.5,0.0,188,0.9057175737268371,153.5191,153.5191,151.7077,153.5191
2024-04-01,231604,39253050,168.5,170.5,168.5,169.5,0.0,300,0.9057175737268371,152.6134,153.5191,152.6134,154.4248
2024-04-02,136728,23251614,170.0,171.0,169.5,170.5,1.0,246,0.9057175737268371,153.972,154.4248,153.5191,154.8777
2024-04-03,110957,18828649,170.5,170.5,169.0,170.0,-0.5,606,0.9057175737268371,154.4248,153.972,153.0663,154.4248
2024-04-08,251940,42800808,170.0,171.0,168.0,171.0,1.0,1669,0.9057175737268371,153.972,154.8777,152.1606,154.8777
2024-04-09,384603,65034994,168.5,171.0,168.0,168.5,-2.5,993,0.9057175737268371,152.6134,152.6134,152.1606,154.8777
2024-04-10,459894,76684429,169.0,169.5,164.5,166.5,-2.0,9536,0.9057175737268371,153.0663,150.802,148.9905,153.5191
2024-04-11,232498,38586334,167.0,167.5,165.0,166.0,-0.5,327,0.9057175737268371,151.2548,150.3491,149.4434,151.7077
2024-04-12,170257,28263690,166.0,167.5,165.0,167.5,1.5,230,0.9057175737268371,150.3491,151.7077,149.4434,151.7077
2024-04-15,371942,62993658,167.5,170.5,166.5,168.5,1.0,430,0.9057175737268371,151.7077,152.6134,150.802,154.4248
2024-04-16,244798,40687866,168.0,168.0,165.0,165.0,-3.5,1224,0.9057175737268371,152.1606,149.4434,149.4434,152.1606
2024-04-17,134753,22352771,165.0,166.5,165.0,166.5,1.5,802,0.9057175737268371,149.4434,150.802,149.4434,150.802
2024-04-18,94559,15657446,166.0,167.0,164.5,166.0,-0.5,296,0.9057175737268371,150.3491,150.3491,148.9905,151.2548
2024-04-19,284420,46657417,165.5,166.0,162.0,164.5,-1.5,692,0.9057175737268371,149.8963,148.9905,146.7262,150.3491
2024-04-22,211276,34621328,163.0,165.5,163.0,163.5,-1.0,272,0.9057175737268371,147.632,148.0848,147.632,149.8963
2024-04-23,71138,11770782,164.0,166.0,164.0,165.5,2.0,134,0.9057175737268371,148.5377,149.8963,148.5377,150.3491
2024-04-24,79850,13297958,167.0,167.0,166.0,166.0,0.5,123,0.9057175737268371,151.2548,150.3491,150.3491,151.2548
2024-04-25,105508,17474954,165.5,166.5,164.5,165.0,-1.0,122,0.9057175737268371,149.8963,149.4434,148.9905,150.802
2024-04-26,316426,53065271,165.5,170.0,165.0,168.5,3.5,348,0.9057175737268371,149.8963,152.6134,149.4434,153.972
2024-04-29,438166,74223164,169.0,170.0,168.0,170.0,1.5,539,0.9057175737268371,153.0663,153.972,152.1606,153.972
2024-04-30,159869,27194048,170.0,170.5,169.0,170.5,0.5,219,0.9057175737268371,153.972,154.4248,153.0663,154.4248
2024-05-02,152986,26087873,170.0,171.0,170.0,170.5,0.0,238,0.9057175737268371,153.972,154.4248,153.972,154.8777
2024-05-03,142288,24217156,171.0,171.0,170.0,170.5,0.0,1334,0.9057175737268371,154.8777,154.4248,153.972,154.8777
2024-05-06,177203,30192591,170.5,171.5,169.0,170.0,-0.5,1659,0.9057175737268371,154.4248,153.972,153.0663,155.3306
2024-05-07,777384,135929888,170.5,178.0,170.5,175.0,5.0,1121,0.9057175737268371,154.4248,158.5006,154.4248,161.2177
2024-05-08,542114,96380135,175.0,179.5,175.0,177.5,2.5,683,0.9057175737268371,158.5006,160.7649,158.5006,162.5763
2024-05-09,398201,70235707,179.0,179.0,175.0,175.0,-2.5,698,0.9057175737268371,162.1234,158.5006,158.5006,162.1234
2024-05-10,148603,25921196,176.0,177.0,173.5,174.5,-0.5,1732,0.9057175737268371,159.4063,158.0477,157.142,160.312
2024-05-13,587752,101399215,172.5,174.5,170.5,174.5,0.0,1826,0.9057175737268371,156.2363,158.0477,154.4248,158.0477
2024-05-14,221849,38342351,173.0,175.0,172.0,172.5,-2.0,4191,0.9057175737268371,156.6891,156.2363,155.7834,158.5006
2024-05-15,952394,162473431,172.5,173.5,168.0,170.5,-2.0,8583,0.9057175737268371,156.2363,154.4248,152.1606,157.142
2024-05-16,752065,127245204,172.5,172.5,167.5,168.0,-2.5,6177,0.9057175737268371,156.2363,152.1606,151.7077,156.2363
2024-05-17,353864,59700941,169.0,169.5,168.0,168.5,0.5,368,0.9057175737268371,153.0663,152.6134,152.1606,153.5191
2024-05-20,404998,67837418,168.5,169.0,166.0,168.0,-0.5,489,0.9057175737268371,152.6134,152.1606,150.3491,153.0663
2024-05-21,279732,46724127,168.5,168.5,166.0,166.0,-2.0,643,0.9057175737268371,152.6134,150.3491,150.3491,152.6134
2024-05-22,241712,40421936,166.0,168.0,166.0,167.0,1.0,302,0.9057175737268371,150.3491,151.2548,150.3491,152.1606
2024-05-23,529319,87878883,166.5,169.5,165.0,166.5,-0.5,633,0.9057175737268371,150.802,150.802,149.4434,153.5191
2024-05-24,307472,51563618,166.5,169.5,165.5,167.5,1.0,331,0.9057175737268371,150.802,151.7077,149.8963,153.5191
2024-05-27,239733,40131318,167.5,168.5,166.5,166.5,-1.0,381,0.9057175737268371,151.7077,150.802,150.802,152.6134
2024-05-28,246692,41436618,166.5,169.0,166.5,167.5,1.0,250,0.9057175737268371,150.802,151.7077,150.802,153.0663
2024-05-29,280600,47098262,167.0,168.5,167.0,167.5,0.0,275,0.9057175737268371,151.2548,151.7077,151.2548,152.6134
2024-05-30,207247,34639364,167.5,168.0,166.0,166.5,-1.0,241,0.9057175737268371,151.7077,150.802,150.3491,152.1606
2024-05-31,117151,19568306,166.5,167.5,166.5,167.0,0.5,180,0.9057175737268371,150.802,151.2548,150.802,151.7077
2024-06-03,224662,37748014,167.5,168.5,166.5,168.0,1.0,216,0.9057175737268371,151.7077,152.1606,150.802,152.6134
2024-06-04,115403,19399811,168.5,169.0,167.5,167.5,-0.5,428,0.9057175737268371,152.6134,151.7077,151.7077,153.0663
2024-06-05,104201,17404396,167.5,168.0,166.5,167.0,-0.5,185,0.9057175737268371,151.7077,151.2548,150.802,152.1606
2024-06-06,180840,30117106,167.5,167.5,166.0,166.0,-1.0,362,0.9057175737268371,151.7077,150.3491,150.3491,151.7077
2024-06-07,151368,25200972,166.0,167.5,166.0,167.0,1.0,258,0.9057175737268371,150.3491,151.2548,150.3491,151.7077
2024-06-11,172870,28660602,167.0,167.0,165.0,165.5,-1.5,334,0.9057175737268371,151.2548,149.8963,149.4434,151.2548
2024-06-12,200385,33091004,167.0,167.0,164.5,165.5,0.0,298,0.9057175737268371,151.2548,149.8963,148.9905,151.2548
2024-06-13,140587,23237056,166.0,166.0,165.0,165.5,0.0,343,0.9057175737268371,150.3491,149.8963,149.4434,150.3491
2024-06-14,143678,23774946,166.0,166.0,165.0,166.0,0.5,190,0.9057175737268371,150.3491,150.3491,149.4434,150.3491
2024-06-17,218028,36052772,166.0,166.0,165.0,165.0,-1.0,290,0.9057175737268371,150.3491,149.4434,149.4434,150.3491
2024-06-18,207864,34395577,165.5,166.0,165.0,165.5,0.5,322,0.9057175737268371,149.8963,149.8963,149.4434,150.3491
2024-06-19,235255,39069895,165.5,166.5,165.5,166.0,0.5,409,0.9057175737268371,149.8963,150.3491,149.8963,150.802
2024-06-20,312670,51013822,162.0,164.5,162.0,163.0,0.0,641,0.9339034551130814,151.2924,152.2263,151.2924,153.6271
2024-06-21,118636,19384699,164.0,164.0,163.0,163.0,0.0,244,0.9339034551130814,153.1602,152.2263,152.2263,153.1602
2024-06-24,163935,26667294,164.0,164.0,162.0,162.5,-0.5,289,0.9339034551130814,153.1602,151.7593,151.2924,153.1602
2024-06-25,148223,24041074,162.5,163.0,162.0,162.5,0.0,253,0.9339034551130814,151.7593,151.7593,151.2924,152.2263
2024-06-26,234002,38374312,162.5,165.0,162.5,163.5,1.0,246,0.9339034551130814,151.7593,152.6932,151.7593,154.0941
2024-06-27,80518,13140145,163.5,164.0,162.5,163.0,-0.5,175,0.9339034551130814,152.6932,152.2263,151.7593,153.1602
2024-06-28,156460,25442731,162.5,163.5,162.0,162.5,-0.5,288,0.9339034551130814,151.7593,151.7593,151.2924,152.6932
2024-07-01,81577,13256557,162.5,163.0,162.0,162.0,-0.5,231,0.9339034551130814,151.7593,151.2924,151.2924,152.2263
2024-07-02,282373,46341522,162.5,165.0,162.0,164.0,2.0,332,0.9339034551130814,151.7593,153.1602,151.2924,154.0941
2024-07-03,264358,42877632,164.0,164.0,161.0,162.0,-2.0,434,0.9339034551130814,153.1602,151.2924,150.3585,153.1602
2024-07-04,145061,23627603,162.5,164.0,162.0,163.5,1.5,211,0.9339034551130814,151.7593,152.6932,151.2924,153.1602
2024-07-05,47707,7776646,163.0,163.0,162.5,163.0,-0.5,170,0.9339034551130814,152.2263,152.2263,151.7593,152.2263
2024-07-08,71452,11622064,163.0,163.0,162.5,162.5,-0.5,159,0.9339034551130814,152.2263,151.7593,151.7593,152.2263
2024-07-09,303734,49507538,162.5,164.0,161.5,164.0,1.5,419,0.9339034551130814,151.7593,153.1602,150.8254,153.1602
2024-07-10,318858,52068660,165.0,165.0,162.0,162.5,-1.5,476,0.9339034551130814,154.0941,151.7593,151.2924,154.0941
2024-07-11,254919,41472314,163.5,164.0,162.0,162.5,0.0,322,0.9339034551130814,152.6932,151.7593,151.2924,153.1602
2024-07-12,86613,14120334,162.5,163.5,162.0,163.0,0.5,461,0.9339034551130814,151.7593,152.2263,151.2924,152.6932
2024-07-15,89456,14594271,163.0,163.5,162.5,163.0,0.0,159,0.9339034551130814,152.2263,152.2263,151.7593,152.6932
2024-07-16,94349,15367061,163.0,164.0,162.5,163.0,0.0,178,0.9339034551130814,152.2263,152.2263,151.7593,153.1602
2024-07-17,118180,19283952,164.0,164.0,162.5,163.0,0.0,183,0.9339034551130814,153.1602,152.2263,151.7593,153.1602
2024-07-18,147462,23963879,163.0,163.5,162.0,162.0,-1.0,252,0.9339034551130814,152.2263,151.2924,151.2924,152.6932
2024-07-19,102484,16612882,162.0,162.5,161.5,162.0,0.0,197,0.9339034551130814,151.2924,151.2924,150.8254,151.7593
2024-07-22,225080,36079515,162.0,162.0,159.5,160.0,-2.0,506,0.9339034551130814,151.2924,149.4246,148.9576,151.2924
2024-07-23,102477,16445346,160.5,161.5,160.0,160.5,0.5,184,0.9339034551130814,149.8915,149.8915,149.4246,150.8254
2024-07-26,292321,46282739,159.5,160.0,157.5,158.5,-2.0,580,0.9339034551130814,148.9576,148.0237,147.0898,149.4246
2024-07-29,112604,18012294,158.5,160.5,158.5,159.5,1.0,228,0.9339034551130814,148.0237,148.9576,148.0237,149.8915
2024-07-30,53656,8562099,159.0,160.5,158.5,160.0,0.5,156,0.9339034551130814,148.4906,149.4246,148.0237,149.8915
2024-07-31,70826,11290068,160.0,160.0,159.0,159.0,-1.0,137,0.9339034551130814,149.4246,148.4906,148.4906,149.4246
2024-08-01,250334,39932059,159.5,161.0,159.0,159.0,0.0,293,0.9339034551130814,148.9576,148.4906,148.4906,150.3585
2024-08-02,151638,24004800,158.0,159.5,157.5,158.0,-1.0,401,0.9339034551130814,147.5567,147.5567,147.0898,148.9576
2024-08-05,570698,85892693,157.0,157.0,148.0,148.5,-9.5,1019,0.9339034551130814,146.6228,138.6847,138.2177,146.6228
2024-08-06,291486,43137491,149.0,151.0,145.0,149.0,0.5,502,0.9339034551130814,139.1516,139.1516,135.416,141.0194
2024-08-07,113484,17323445,149.0,154.5,149.0,153.0,4.0,248,0.9339034551130814,139.1516,142.8872,139.1516,144.2881
2024-08-08,156557,23338625,149.5,151.0,147.0,150.0,-3.0,362,0.9339034551130814,139.6186,140.0855,137.2838,141.0194
2024-08-09,107805,16360537,150.5,153.5,150.0,152.0,2.0,235,0.9339034551130814,140.5525,141.9533,140.0855,143.3542
2024-08-12,112104,17285045,152.0,155.5,152.0,153.5,1.5,224,0.9339034551130814,141.9533,143.3542,141.9533,145.222
2024-08-13,48333,7479788,154.5,155.5,154.0,154.0,0.5,263,0.9339034551130814,144.2881,143.8211,143.8211,145.222
2024-08-14,158375,24489517,155.0,156.0,153.0,156.0,2.0,235,0.9339034551130814,144.755,145.6889,142.8872,145.6889
2024-08-15,73934,11580955,157.0,158.0,155.5,155.5,-0.5,164,0.9339034551130814,146.6228,145.222,145.222,147.5567
2024-08-16,116233,18178689,156.0,158.0,155.0,156.0,0.5,199,0.9339034551130814,145.6889,145.6889,144.755,147.5567
2024-08-19,57710,9036372,156.0,157.5,155.5,156.5,0.5,242,0.9339034551130814,145.6889,146.1559,145.222,147.0898
2024-08-20,34114,5345812,158.0,158.0,156.0,156.0,-0.5,122,0.9339034551130814,147.5567,145.6889,145.6889,147.5567
2024-08-21,38458,5993830,156.0,156.0,155.5,156.0,0.0,100,0.9339034551130814,145.6889,145.6889,145.222,145.6889
2024-08-22,26969,4215291,156.0,157.0,156.0,156.0,0.0,83,0.9339034551130814,145.6889,145.6889,145.6889,146.6228
2024-08-23,60035,9310612,156.0,156.0,154.0,156.0,0.0,146,0.9339034551130814,145.6889,145.6889,143.8211,145.6889
2024-08-26,116117,18032768,154.5,156.5,154.5,155.0,-1.0,219,0.9339034551130814,144.2881,144.755,144.2881,146.1559
2024-08-27,582388,88261513,155.5,155.5,149.0,151.5,-3.5,787,0.9339034551130814,145.222,141.4864,139.1516,145.222
2024-08-28,51897,7875965,151.0,152.5,151.0,152.5,1.0,179,0.9339034551130814,141.0194,142.4203,141.0194,142.4203
2024-08-29,93322,14096300,152.0,152.0,150.5,151.0,-1.5,290,0.9339034551130814,141.9533,141.0194,140.5525,141.9533
2024-08-30,45310,6869642,152.0,152.5,151.0,151.0,0.0,138,0.9339034551130814,141.9533,141.0194,141.0194,142.4203
2024-09-02,92340,13984677,151.0,152.5,150.5,151.0,0.0,190,0.9339034551130814,141.0194,141.0194,140.5525,142.4203
2024-09-03,78215,11792694,152.0,152.0,150.5,150.5,-0.5,142,0.9339034551130814,141.9533,140.5525,140.5525,141.9533
2024-09-04,206999,30555818,148.5,148.5,145.5,147.5,-3.0,499,0.9339034551130814,138.6847,137.7508,135.883,138.6847
2024-09-05,110148,16412607,148.0,150.0,148.0,149.0,1.5,194,0.9339034551130814,138.2177,139.1516,138.2177,140.0855
2024-09-06,246209,36401418,148.0,149.5,147.0,147.5,-1.5,367,0.9339034551130814,138.2177,137.7508,137.2838,139.6186
2024-09-09,127132,18602661,145.5,147.0,145.5,146.5,-1.0,265,0.9339034551130814,135.883,136.8169,135.883,137.2838
2024-09-10,102413,15197091,147.0,149.5,147.0,149.5,3.0,164,0.9339034551130814,137.2838,139.6186,137.2838,139.6186
2024-09-11,72590,10833646,149.0,150.5,148.5,149.5,0.0,132,0.9339034551130814,139.1516,139.6186,138.6847,140.5525
2024-09-12,93618,14000616,150.5,151.5,148.5,148.5,-1.0,168,0.9339034551130814,140.5525,138.6847,138.6847,141.4864
2024-09-13,43174,6449972,148.5,150.0,148.5,149.5,1.0,99,0.9339034551130814,138.6847,139.6186,138.6847,140.0855
2024-09-16,92025,13881557,148.5,152.0,148.5,151.5,2.0,152,0.9339034551130814,138.6847,141.4864,138.6847,141.9533
2024-09-18,120530,18455456,151.0,154.5,151.0,152.0,0.5,415,0.9339034551130814,141.0194,141.9533,141.0194,144.2881
2024-09-19,44008,6695449,152.0,153.0,151.5,152.5,0.5,237,0.9339034551130814,141.9533,142.4203,141.4864,142.8872
2024-09-20,65734,9997714,153.5,153.5,151.5,152.0,-0.5,111,0.9339034551130814,143.3542,141.9533,141.4864,143.3542
2024-09-23,102291,15440411,153.5,153.5,150.0,150.5,-1.5,218,0.9339034551130814,143.3542,140.5525,140.0855,143.3542
2024-09-24,120157,17982215,150.5,150.5,149.0,149.5,-1.0,193,0.9339034551130814,140.5525,139.6186,139.1516,140.5525
2024-09-25,67370,10129488,149.5,151.5,149.5,150.5,1.0,124,0.9339034551130814,139.6186,140.5525,139.6186,141.4864
2024-09-26,90409,13579315,150.0,151.0,149.5,150.0,-0.5,143,0.9339034551130814,140.0855,140.0855,139.6186,141.0194
2024-09-27,116400,17398910,150.0,150.0,149.0,150.0,0.0,246,0.9339034551130814,140.0855,140.0855,139.1516,140.0855
2024-09-30,55890,8357217,150.0,150.0,149.0,150.0,0.0,143,0.9339034551130814,140.0855,140.0855,139.1516,140.0855
2024-10-01,116399,17408378,149.5,150.0,148.5,150.0,0.0,213,0.9339034551130814,139.6186,140.0855,138.6847,140.0855
2024-10-04,57183,8527065,149.0,149.5,149.0,149.0,-1.0,154,0.9339034551130814,139.1516,139.1516,139.1516,139.6186
2024-10-07,315700,48207610,149.0,154.5,149.0,154.0,5.0,417,0.9339034551130814,139.1516,143.8211,139.1516,144.2881
2024-10-08,97116,14693421,154.0,154.0,150.5,150.5,-3.5,229,0.9339034551130814,143.8211,140.5525,140.5525,143.8211
2024-10-09,93446,14065970,150.5,151.0,150.0,150.0,-0.5,149,0.9339034551130814,140.5525,140.0855,140.0855,141.0194
2024-10-11,97285,14679663,149.5,152.0,149.5,150.5,0.5,134,0.9339034551130814,139.6186,140.5525,139.6186,141.9533
2024-10-14,298800,46193600,153.5,156.0,153.5,155.0,4.5,460,0.9339034551130814,143.3542,144.755,143.3542,145.6889
2024-10-15,117175,18180450,155.0,155.5,154.5,155.0,0.0,545,0.9339034551130814,144.755,144.755,144.2881,145.222
2024-10-16,857872,138682464,155.0,164.5,154.0,164.5,9.5,748,0.9339034551130814,144.755,153.6271,143.8211,153.6271
2024-10-17,414327,67127094,162.0,164.5,160.0,163.0,-1.5,578,0.9339034551130814,151.2924,152.2263,149.4246,153.6271
2024-10-18,312559,50010779,163.0,163.0,158.5,158.5,-4.5,540,0.9339034551130814,152.2263,148.0237,148.0237,152.2263
2024-10-21,187875,29658075,158.5,159.5,157.0,157.5,-1.0,421,0.9339034551130814,148.0237,147.0898,146.6228,148.9576
2024-10-22,124783,19578977,157.5,157.5,156.0,157.5,0.0,223,0.9339034551130814,147.0898,147.0898,145.6889,147.0898
2024-10-23,54178,8537913,156.0,158.0,156.0,158.0,0.5,105,0.9339034551130814,145.6889,147.5567,145.6889,147.5567
2024-10-24,164178,26218217,157.0,161.0,156.5,159.5,1.5,204,0.9339034551130814,146.6228,148.9576,146.1559,150.3585
2024-10-25,106477,16878064,160.0,160.0,158.0,158.5,-1.0,177,0.9339034551130814,149.4246,148.0237,147.5567,149.4246
2024-10-28,97165,15263930,159.5,159.5,156.5,156.5,-2.0,218,0.9339034551130814,148.9576,146.1559,146.1559,148.9576
2024-10-29,120529,18667582,156.5,156.5,154.0,154.0,-2.5,265,0.9339034551130814,146.1559,143.8211,143.8211,146.1559
2024-10-30,81685,12588873,154.0,155.5,153.0,153.0,-1.0,148,0.9339034551130814,143.8211,142.8872,142.8872,145.222
2024-11-01,140342,21578529,153.0,155.0,152.5,153.5,0.5,179,0.9339034551130814,142.8872,143.3542,142.4203,144.755
2024-11-04,77813,11958385,155.0,155.0,153.0,153.0,-0.5,114,0.9339034551130814,144.755,142.8872,142.8872,144.755
2024-11-05,12468,1918336,154.0,154.0,153.5,154.0,1.0,61,0.9339034551130814,143.8211,143.8211,143.3542,143.8211
2024-11-06,74271,11428614,153.5,154.5,153.5,153.5,-0.5,117,0.9339034551130814,143.3542,143.3542,143.3542,144.2881
2024-11-07,123412,18845517,153.0,153.5,152.0,152.5,-1.0,264,0.9339034551130814,142.8872,142.4203,141.9533,143.3542
2024-11-08,85879,13102030,153.0,153.0,152.0,152.0,-0.5,189,0.9339034551130814,142.8872,141.9533,141.9533,142.8872
2024-11-11,132595,20137742,152.0,153.5,151.0,151.5,-0.5,250,0.9339034551130814,141.9533,141.4864,141.0194,143.3542
2024-11-12,482205,71784932,151.5,151.5,148.0,148.0,-3.5,856,0.9339034551130814,141.4864,138.2177,138.2177,141.4864
2024-11-13,201195,29837589,148.0,149.5,147.0,148.0,0.0,377,0.9339034551130814,138.2177,138.2177,137.2838,139.6186
2024-11-14,396404,58069103,148.0,148.0,145.5,146.0,-2.0,748,0.9339034551130814,138.2177,136.3499,135.883,138.2177
2024-11-15,76435,11334726,146.0,149.0,146.0,148.0,2.0,161,0.9339034551130814,136.3499,138.2177,136.3499,139.1516
2024-11-18,104980,15477164,148.5,148.5,146.5,147.0,-1.0,223,0.9339034551130814,138.6847,137.2838,136.8169,138.6847
2024-11-19,69502,10286479,147.0,149.0,147.0,148.0,1.0,332,0.9339034551130814,137.2838,138.2177,137.2838,139.1516
2024-11-20,79960,11864273,149.0,149.0,147.5,148.0,0.0,171,0.9339034551130814,139.1516,138.2177,137.7508,139.1516
2024-11-21,88052,13051359,149.0,149.0,147.0,149.0,1.0,146,0.9339034551130814,139.1516,139.1516,137.2838,139.1516
2024-11-22,84501,12604488,149.0,150.0,148.5,149.0,0.0,144,0.9339034551130814,139.1516,139.1516,138.6847,140.0855
2024-11-25,719865,106287866,149.0,150.0,147.5,147.5,-1.5,324,0.9339034551130814,139.1516,137.7508,137.7508,140.0855
2024-11-26,86139,12741478,148.0,149.0,147.5,147.5,0.0,155,0.9339034551130814,138.2177,137.7508,137.7508,139.1516
2024-11-27,140170,20564445,148.5,148.5,146.0,146.0,-1.5,343,0.9339034551130814,138.6847,136.3499,136.3499,138.6847
2024-11-28,107408,15631070,145.5,146.0,145.0,145.5,-0.5,280,0.9339034551130814,135.883,135.883,135.416,136.3499
2024-11-29,49686,7300056,146.0,147.5,145.0,147.5,2.0,120,0.9339034551130814,136.3499,137.7508,135.416,137.7508
2024-12-02,70294,10406043,147.5,148.5,147.5,147.5,0.0,120,0.9339034551130814,137.7508,137.7508,137.7508,138.6847
2024-12-03,77890,11493115,148.0,148.0,147.0,147.0,-0.5,222,0.9339034551130814,138.2177,137.2838,137.2838,138.2177
2024-12-04,77856,11501277,147.0,148.5,147.0,148.0,1.0,159,0.9339034551130814,137.2838,138.2177,137.2838,138.6847
2024-12-05,132000,19656679,149.0,149.5,148.5,148.5,0.5,176,0.9339034551130814,139.1516,138.6847,138.6847,139.6186
2024-12-06,115065,17093120,148.5,149.5,148.0,148.0,-0.5,196,0.9339034551130814,138.6847,138.2177,138.2177,139.6186
2024-12-09,175427,26346425,149.0,151.5,148.5,150.5,2.5,277,0.9339034551130814,139.1516,140.5525,138.6847,141.4864
2024-12-10,145822,21972315,152.5,152.5,149.5,149.5,-1.0,213,0.9339034551130814,142.4203,139.6186,139.6186,142.4203
2024-12-11,62853,9422006,150.0,150.5,149.5,150.5,1.0,124,0.9339034551130814,140.0855,140.5525,139.6186,140.5525
2024-12-12,97180,14644058,151.0,151.5,150.0,150.0,-0.5,163,0.9339034551130814,141.0194,140.0855,140.0855,141.4864
2024-12-13,87619,13074141,150.0,150.0,148.5,149.0,-1.0,202,0.9339034551130814,140.0855,139.1516,138.6847,140.0855
2024-12-16,182797,27591461,148.5,152.0,148.5,151.0,2.0,262,0.9339034551130814,138.6847,141.0194,138.6847,141.9533
2024-12-17,68644,10325490,150.5,152.0,149.5,150.0,-1.0,178,0.9339034551130814,140.5525,140.0855,139.6186,141.9533
2024-12-18,79599,11968187,150.0,151.0,150.0,150.0,0.0,160,0.9339034551130814,140.0855,140.0855,140.0855,141.0194
2024-12-19,133340,19685881,148.0,149.0,147.0,147.0,0.0,211,0.9465237720740689,140.0855,139.139,139.139,141.032
2024-12-20,64235,9414333,146.5,147.0,146.0,146.0,-1.0,201,0.9465237720740689,138.6657,138.1925,138.1925,139.139
2024-12-23,84101,12408855,147.5,148.5,146.5,146.5,0.5,142,0.9465237720740689,139.6123,138.6657,138.6657,140.5588
2024-12-24,66677,9810288,148.5,148.5,146.0,146.5,0.0,132,0.9465237720740689,140.5588,138.6657,138.1925,140.5588
2024-12-25,96497,14254890,146.5,149.0,146.5,147.5,1.0,166,0.9465237720740689,138.6657,139.6123,138.6657,141.032
2024-12-26,72767,10771040,148.0,149.0,147.0,147.0,-0.5,142,0.9465237720740689,140.0855,139.139,139.139,141.032
2024-12-27,83130,12279738,147.5,148.5,147.0,147.5,0.5,169,0.9465237720740689,139.6123,139.6123,139.139,140.5588
2024-12-30,78602,11651090,148.0,148.5,148.0,148.0,0.5,142,0.9465237720740689,140.0855,140.0855,140.0855,140.5588
2024-12-31,76245,11272756,147.5,148.5,147.5,148.0,0.0,117,0.9465237720740689,139.6123,140.0855,139.6123,140.5588
2025-01-02,68428,10142583,148.0,149.0,147.5,148.0,0.0,140,0.9465237720740689,140.0855,140.0855,139.6123,141.032
2025-01-03,26320,3912931,148.0,149.5,148.0,148.5,0.5,73,0.9465237720740689,140.0855,140.5588,140.0855,141.5053
2025-01-06,69677,10347325,149.0,149.5,148.0,148.0,-0.5,142,0.9465237720740689,141.032,140.0855,140.0855,141.5053
2025-01-07,107316,15799317,148.5,148.5,146.5,146.5,-1.5,270,0.9465237720740689,140.5588,138.6657,138.6657,140.5588
2025-01-08,137541,20046967,146.5,146.5,145.0,146.5,0.0,296,0.9465237720740689,138.6657,138.6657,137.2459,138.6657
2025-01-09,193393,28177186,146.0,147.0,145.0,146.0,-0.5,304,0.9465237720740689,138.1925,138.1925,137.2459,139.139
2025-01-10,138246,20268611,146.0,148.5,145.5,147.5,1.5,238,0.9465237720740689,138.1925,139.6123,137.7192,140.5588
2025-01-13,168680,24546319,148.0,148.0,144.0,145.0,-2.5,347,0.9465237720740689,140.0855,137.2459,136.2994,140.0855
2025-01-14,76838,11206991,145.0,146.5,145.0,146.0,1.0,129,0.9465237720740689,137.2459,138.1925,137.2459,138.6657
2025-01-15,40415,5898014,146.0,146.5,145.5,146.0,0.0,99,0.9465237720740689,138.1925,138.1925,137.7192,138.6657
2025-01-16,60159,8822723,147.0,147.0,146.0,147.0,1.0,153,0.9465237720740689,139.139,139.139,138.1925,139.139
2025-01-17,74716,11005395,147.5,148.0,146.0,148.0,1.0,116,0.9465237720740689,139.6123,140.0855,138.1925,140.0855
2025-01-20,91001,13449570,148.0,149.0,146.5,148.5,0.5,185,0.9465237720740689,140.0855,140.5588,138.6657,141.032
2025-01-21,98565,14694029,148.5,150.0,148.0,148.0,-0.5,196,0.9465237720740689,140.5588,140.0855,140.0855,141.9786
2025-01-22,153883,23085707,149.5,151.0,148.5,150.0,2.0,259,0.9465237720740689,141.5053,141.9786,140.5588,142.9251
2025-02-03,228680,34623058,150.0,153.0,149.5,153.0,3.0,375,0.9465237720740689,141.9786,144.8181,141.5053,144.8181
2025-02-04,747225,117361466,154.5,160.0,153.0,153.0,0.0,947,0.9465237720740689,146.2379,144.8181,144.8181,151.4438
2025-02-05,993633,159001455,155.0,162.0,155.0,159.5,6.5,1196,0.9465237720740689,146.7112,150.9705,146.7112,153.3369
2025-02-06,424505,68049821,160.5,163.0,159.0,160.5,1.0,811,0.9465237720740689,151.9171,151.9171,150.4973,154.2834
2025-02-07,730411,119663132,160.0,166.0,160.0,163.5,3.0,1469,0.9465237720740689,151.4438,154.7566,151.4438,157.1229
2025-02-10,331194,53790708,163.5,165.0,161.0,161.0,-2.5,905,0.9465237720740689,154.7566,152.3903,152.3903,156.1764
2025-02-11,321011,51331963,161.0,162.0,158.5,158.5,-2.5,1165,0.9465237720740689,152.3903,150.024,150.024,153.3369
2025-02-12,326282,52664114,158.5,163.5,158.5,161.5,3.0,826,0.9465237720740689,150.024,152.8636,150.024,154.7566
2025-02-13,196035,31442065,162.0,162.5,159.5,160.0,-1.5,1280,0.9465237720740689,153.3369,151.4438,150.9705,153.8101
2025-02-14,151165,24148149,159.5,160.5,159.0,159.5,-0.5,396,0.9465237720740689,150.9705,150.9705,150.4973,151.9171
2025-02-17,226666,36416709,160.0,163.0,159.5,159.5,0.0,788,0.9465237720740689,151.4438,150.9705,150.9705,154.2834
2025-02-18,156215,24952188,161.0,161.0,158.5,159.5,0.0,832,0.9465237720740689,152.3903,150.9705,150.024,152.3903
2025-02-19,118487,18934075,161.0,161.0,159.0,159.0,-0.5,386,0.9465237720740689,152.3903,150.4973,150.4973,152.3903
2025-02-20,180321,28745069,160.0,160.5,159.0,159.5,0.5,965,0.9465237720740689,151.4438,150.9705,150.4973,151.9171
2025-02-21,155555,24798255,158.5,160.5,158.5,159.0,-0.5,1499,0.9465237720740689,150.024,150.4973,150.024,151.9171
2025-02-24,135678,21546392,158.0,160.0,158.0,159.0,0.0,1152,0.9465237720740689,149.5508,150.4973,149.5508,151.4438
2025-02-25,166900,26441970,158.5,159.5,157.5,158.0,-1.0,1468,0.9465237720740689,150.024,149.5508,149.0775,150.9705
2025-02-26,162694,25952229,158.5,160.5,158.0,160.0,2.0,558,0.9465237720740689,150.024,151.4438,149.5508,151.9171
2025-02-27,325897,52714748,160.5,162.5,160.5,162.0,2.0,384,0.9465237720740689,151.9171,153.3369,151.9171,153.8101
2025-03-03,144228,23294001,161.5,162.0,160.5,162.0,0.0,180,0.9465237720740689,152.8636,153.3369,151.9171,153.3369
2025-03-04,190437,30824391,162.0,163.0,160.5,163.0,1.0,234,0.9465237720740689,153.3369,154.2834,151.9171,154.2834
2025-03-05,614641,102385448,163.5,169.0,163.5,165.0,2.0,1454,0.9465237720740689,154.7566,156.1764,154.7566,159.9625
2025-03-06,660607,111228467,165.5,170.0,165.0,168.5,3.5,893,0.9465237720740689,156.6497,159.4893,156.1764,160.909
2025-03-07,349977,58187879,168.5,169.0,165.0,166.0,-2.5,1111,0.9465237720740689,159.4893,157.1229,156.1764,159.9625
2025-03-10,732199,124715360,167.5,172.5,167.0,171.0,5.0,1018,0.9465237720740689,158.5427,161.8556,158.0695,163.2754
2025-03-11,930487,160325747,169.0,175.0,166.5,173.5,2.5,1483,0.9465237720740689,159.9625,164.2219,157.5962,165.6417
2025-03-12,361902,62682793,173.5,176.0,171.5,173.5,0.0,1132,0.9465237720740689,164.2219,164.2219,162.3288,166.5882
2025-03-13,474159,80911918,174.0,174.0,168.5,171.5,-2.0,1263,0.9465237720740689,164.6951,162.3288,159.4893,164.6951
2025-03-14,289991,49637448,173.0,173.0,168.5,173.0,1.5,426,0.9465237720740689,163.7486,163.7486,159.4893,163.7486
2025-03-17,197377,33735891,173.0,173.0,170.0,170.5,-2.5,495,0.9465237720740689,163.7486,161.3823,160.909,163.7486
2025-03-18,97958,16766518,172.0,172.5,170.0,171.5,1.0,178,0.9465237720740689,162.8021,162.3288,160.909,163.2754
2025-03-19,82563,14051121,171.5,171.5,169.0,170.0,-1.5,199,0.9465237720740689,162.3288,160.909,159.9625,162.3288
2025-03-20,323490,56231790,171.0,175.0,170.0,175.0,5.0,543,0.9465237720740689,161.8556,165.6417,160.909,165.6417
2025-03-21,225728,39419812,175.0,176.5,173.0,175.0,0.0,349,0.9465237720740689,165.6417,165.6417,163.7486,167.0614
2025-03-24,351518,60618181,175.0,175.0,170.5,173.5,-1.5,519,0.9465237720740689,165.6417,164.2219,161.3823,165.6417
2025-03-25,377952,64452851,173.5,173.5,169.5,171.0,-2.5,2496,0.9465237720740689,164.2219,161.8556,160.4358,164.2219
2025-03-26,92123,15681028,171.5,171.5,169.5,170.0,-1.0,617,0.9465237720740689,162.3288,160.909,160.4358,162.3288
2025-03-27,230078,39426019,170.0,172.5,169.0,172.5,2.5,279,0.9465237720740689,160.909,163.2754,159.9625,163.2754
2025-03-28,617710,107654683,171.5,177.0,170.0,177.0,4.5,1110,0.9465237720740689,162.3288,167.5347,160.909,167.5347
2025-03-31,520431,89415768,174.5,174.5,170.5,171.5,-5.5,581,0.9465237720740689,165.1684,162.3288,161.3823,165.1684
2025-04-01,958823,171637521,172.5,181.0,172.5,180.0,8.5,1255,0.9465237720740689,163.2754,170.3743,163.2754,171.3208
2025-04-02,641291,115854675,180.0,182.5,178.0,181.0,1.0,728,0.9465237720740689,170.3743,171.3208,168.4812,172.7406
2025-04-07,728768,119493375,163.0,169.5,163.0,168.5,-12.5,1057,0.9465237720740689,154.2834,159.4893,154.2834,160.4358
2025-04-08,1451558,250823511,175.0,176.0,169.0,170.0,1.5,4748,0.9465237720740689,165.6417,160.909,159.9625,166.5882
2025-04-09,1359941,229485015,168.5,175.5,163.0,165.5,-4.5,2918,0.9465237720740689,159.4893,156.6497,154.2834,166.1149
2025-04-10,1447538,255813925,175.0,180.0,173.0,177.0,11.5,1299,0.9465237720740689,165.6417,167.5347,163.7486,170.3743
2025-04-11,1334837,238567745,177.0,183.0,171.0,182.5,5.5,3036,0.9465237720740689,167.5347,172.7406,161.8556,173.2139
2025-04-14,2350041,436761804,182.5,193.0,175.5,181.5,-1.0,6006,0.9465237720740689,172.7406,171.7941,166.1149,182.6791
2025-04-15,929317,171677019,181.0,189.0,180.5,184.0,2.5,3420,0.9465237720740689,171.3208,174.1604,170.8475,178.893
2025-04-16,1578783,300031604,184.0,192.5,184.0,191.0,7.0,1962,0.9465237720740689,174.1604,180.786,174.1604,182.2058
2025-04-17,966810,181742910,192.0,192.0,184.0,185.0,-6.0,7260,0.9465237720740689,181.7326,175.1069,174.1604,181.7326
2025-04-18,502839,92691532,185.5,187.5,181.5,184.5,-0.5,863,0.9465237720740689,175.5802,174.6336,171.7941,177.4732
2025-04-21,645065,116441021,184.0,185.5,178.0,179.0,-5.5,2518,0.9465237720740689,174.1604,169.4278,168.4812,175.5802
2025-04-22,473148,84324513,177.0,181.0,176.0,176.0,-3.0,599,0.9465237720740689,167.5347,166.5882,166.5882,171.3208
2025-04-23,1686638,310253267,179.0,188.0,178.5,185.5,9.5,3431,0.9465237720740689,169.4278,175.5802,168.9545,177.9465
2025-04-24,981134,177915201,186.0,187.5,177.0,179.0,-6.5,6683,0.9465237720740689,176.0534,169.4278,167.5347,177.4732
2025-04-25,503833,90877843,181.0,183.0,177.5,181.5,2.5,1420,0.9465237720740689,171.3208,171.7941,168.008,173.2139
2025-04-28,564373,101906230,179.5,182.5,179.5,180.5,-1.0,343,0.9465237720740689,169.901,170.8475,169.901,172.7406
2025-04-29,623278,114932950,181.5,186.5,181.0,183.5,3.0,729,0.9465237720740689,171.7941,173.6871,171.3208,176.5267
2025-04-30,274843,50154005,183.0,185.0,181.0,182.5,-1.0,1387,0.9465237720740689,173.2139,172.7406,171.3208,175.1069
2025-05-02,1012185,190593330,182.5,190.0,182.5,190.0,7.5,1055,0.9465237720740689,172.7406,179.8395,172.7406,179.8395
2025-05-05,702986,132668622,190.5,191.5,186.0,186.0,-4.0,1653,0.9465237720740689,180.3128,176.0534,176.0534,181.2593
2025-05-06,888619,169127457,186.0,192.5,185.5,189.0,3.0,1423,0.9465237720740689,176.0534,178.893,175.5802,182.2058
2025-05-07,834392,156706740,189.5,193.0,183.5,183.5,-5.5,5937,0.9465237720740689,179.3663,173.6871,173.6871,182.6791
2025-05-08,2708082,529878954,190.0,199.0,190.0,197.5,14.0,4271,0.9465237720740689,179.8395,186.9384,179.8395,188.3582
2025-05-09,881811,172141195,195.0,197.5,193.0,195.5,-2.0,1390,0.9465237720740689,184.5721,185.0454,182.6791,186.9384
2025-05-12,1039668,197661451,195.5,196.0,187.0,189.5,-6.0,10899,0.9465237720740689,185.0454,179.3663,176.9999,185.5187
2025-05-13,644740,121623116,190.0,190.5,186.5,189.5,0.0,741,0.9465237720740689,179.8395,179.3663,176.5267,180.3128
2025-05-14,1035293,191685431,190.0,190.0,183.0,185.0,-4.5,1533,0.9465237720740689,179.8395,175.1069,173.2139,179.8395
2025-05-15,389296,72370280,186.5,188.0,183.5,186.5,1.5,533,0.9465237720740689,176.5267,176.5267,173.6871,177.9465
2025-05-16,934140,178008153,185.5,194.5,185.0,190.0,3.5,1115,0.9465237720740689,175.5802,179.8395,175.1069,184.0989
2025-05-19,1120382,217481845,188.5,197.0,188.5,196.5,6.5,1591,0.9465237720740689,178.4197,185.9919,178.4197,186.4652
2025-05-20,981913,194490455,195.5,201.0,195.5,197.0,0.5,1991,0.9465237720740689,185.0454,186.4652,185.0454,190.2513
2025-05-21,448368,87703304,198.0,198.0,193.5,196.5,-0.5,1086,0.9465237720740689,187.4117,185.9919,183.1523,187.4117
2025-05-22,404357,80259316,196.5,200.0,195.5,200.0,3.5,1048,0.9465237720740689,185.9919,189.3048,185.0454,189.3048
2025-05-23,291934,58072326,199.5,202.0,197.0,198.0,-2.0,1571,0.9465237720740689,188.8315,187.4117,186.4652,191.1978
2025-05-26,469600,92593246,197.5,200.5,193.5,194.5,-3.5,2942,0.9465237720740689,186.9384,184.0989,183.1523,189.778
2025-05-27,341421,67039843,195.0,199.0,194.5,195.5,1.0,1082,0.9465237720740689,184.5721,185.0454,184.0989,188.3582
2025-05-28,293954,56851810,197.0,197.0,192.0,193.0,-2.5,896,0.9465237720740689,186.4652,182.6791,181.7326,186.4652
2025-05-29,365784,72009214,195.0,198.5,193.0,198.0,5.0,436,0.9465237720740689,184.5721,187.4117,182.6791,187.885
2025-06-02,386821,74958098,196.5,197.0,192.0,192.0,-6.0,516,0.9465237720740689,185.9919,181.7326,181.7326,186.4652
2025-06-03,333932,64294340,193.0,194.0,191.0,194.0,2.0,381,0.9465237720740689,182.6791,183.6256,180.786,183.6256
2025-06-04,801290,151278989,194.5,194.5,186.5,188.0,-6.0,1331,0.9465237720740689,184.0989,177.9465,176.5267,184.0989
2025-06-05,402580,75794769,189.5,191.0,185.0,190.0,2.0,526,0.9465237720740689,179.3663,179.8395,175.1069,180.786
2025-06-06,1238147,227041504,191.0,191.0,180.0,180.5,-9.5,1779,0.9465237720740689,180.786,170.8475,170.3743,180.786
2025-06-09,406726,73411246,181.5,183.0,179.0,180.0,-0.5,650,0.9465237720740689,171.7941,170.3743,169.4278,173.2139
2025-06-10,349101,62544864,181.5,181.5,178.0,178.5,-1.5,624,0.9465237720740689,171.7941,168.9545,168.4812,171.7941
2025-06-11,563088,100457419,179.0,180.0,177.5,178.0,-0.5,748,0.9465237720740689,169.4278,168.4812,168.008,170.3743
2025-06-12,254796,45552729,179.0,180.0,178.0,178.5,0.5,333,0.9465237720740689,169.4278,168.9545,168.4812,170.3743
2025-06-13,692987,122244900,178.0,178.5,175.0,175.5,-3.0,1029,0.9465237720740689,168.4812,166.1149,165.6417,168.9545
2025-06-16,215945,38037963,175.5,177.0,174.5,176.0,0.5,380,0.9465237720740689,166.1149,166.5882,165.1684,167.5347
2025-06-17,300256,52880472,176.0,177.5,175.0,175.5,-0.5,425,0.9465237720740689,166.5882,166.1149,165.6417,168.008
2025-06-18,151743,26800127,177.0,177.0,176.0,176.0,0.5,260,0.9465237720740689,167.5347,166.5882,166.5882,167.5347
2025-06-19,343261,60845717,177.0,179.5,176.0,176.0,0.0,397,0.9465237720740689,167.5347,166.5882,166.5882,169.901
2025-06-20,463459,81731904,178.0,178.0,175.0,177.5,1.5,660,0.9465237720740689,168.4812,168.008,165.6417,168.4812
2025-06-23,454811,77316981,170.0,172.5,168.0,171.5,0.0,707,0.9796954314720813,166.5482,168.0178,164.5888,168.9975
2025-06-24,359944,62797255,172.0,176.0,172.0,175.0,3.5,406,0.9796954314720813,168.5076,171.4467,168.5076,172.4264
2025-06-25,170627,29731852,175.0,176.0,173.5,173.5,-1.5,271,0.9796954314720813,171.4467,169.9772,169.9772,172.4264
2025-06-26,129927,22664728,175.5,175.5,173.5,173.5,0.0,223,0.9796954314720813,171.9365,169.9772,169.9772,171.9365
2025-06-27,356069,63056573,173.0,179.0,173.0,179.0,5.5,526,0.9796954314720813,169.4873,175.3655,169.4873,175.3655
2025-06-30,108864,19226051,179.0,179.0,176.0,176.5,-2.5,795,0.9796954314720813,175.3655,172.9162,172.4264,175.3655
2025-07-01,189806,33713554,176.0,178.5,176.0,177.0,0.5,297,0.9796954314720813,172.4264,173.4061,172.4264,174.8756
2025-07-02,335442,60393847,177.0,182.0,176.0,181.5,4.5,456,0.9796954314720813,173.4061,177.8147,172.4264,178.3046
2025-07-03,184463,33484786,180.0,183.0,180.0,181.5,0.0,444,0.9796954314720813,176.3452,177.8147,176.3452,179.2843
2025-07-04,123758,22215617,181.5,181.5,178.0,179.5,-2.0,652,0.9796954314720813,177.8147,175.8553,174.3858,177.8147
2025-07-07,170071,30758218,180.0,182.5,178.5,180.5,1.0,280,0.9796954314720813,176.3452,176.835,174.8756,178.7944
2025-07-08,669835,124422161,181.5,188.0,181.5,187.5,7.0,1053,0.9796954314720813,177.8147,183.6929,177.8147,184.1827
2025-07-09,427802,81063591,187.0,191.5,186.5,191.0,3.5,991,0.9796954314720813,183.203,187.1218,182.7132,187.6117
2025-07-10,166516,31683370,192.5,192.5,188.5,189.0,-2.0,358,0.9796954314720813,188.5914,185.1624,184.6726,188.5914
2025-07-11,306679,57617929,188.5,190.5,185.0,189.0,0.0,2056,0.9796954314720813,184.6726,185.1624,181.2437,186.632
2025-07-14,2342906,467281909,189.0,205.0,189.0,202.0,13.0,2873,0.9796954314720813,185.1624,197.8985,185.1624,200.8376
2025-07-15,1016629,199971142,202.0,202.0,193.5,195.5,-6.5,14221,0.9796954314720813,197.8985,191.5305,189.5711,197.8985
2025-07-16,463349,90835130,196.0,198.5,193.5,196.0,0.5,5251,0.9796954314720813,192.0203,192.0203,189.5711,194.4695
2025-07-17,431911,84175245,196.0,197.5,193.0,194.0,-2.0,2228,0.9796954314720813,192.0203,190.0609,189.0812,193.4898
2025-07-18,1354081,258213813,194.0,195.0,187.5,193.0,-1.0,3224,0.9796954314720813,190.0609,189.0812,183.6929,191.0406
2025-07-21,1230095,230852148,192.0,192.5,186.0,187.0,-6.0,1213,0.9796954314720813,188.1015,183.203,182.2234,188.5914
2025-07-22,560240,106154046,187.0,192.0,186.0,189.0,2.0,635,0.9796954314720813,183.203,185.1624,182.2234,188.1015
2025-07-23,206863,39204258,189.0,191.0,188.5,190.0,1.0,459,0.9796954314720813,185.1624,186.1421,184.6726,187.1218
2025-07-24,303207,57472281,190.5,191.0,188.0,188.0,-2.0,350,0.9796954314720813,186.632,184.1827,184.1827,187.1218
2025-07-25,119391,22577841,188.0,190.0,188.0,189.0,1.0,168,0.9796954314720813,184.1827,185.1624,184.1827,186.1421
2025-07-28,529874,101688506,190.0,193.5,189.5,190.5,1.5,593,0.9796954314720813,186.1421,186.632,185.6523,189.5711
2025-07-29,232393,43959078,191.5,191.5,187.5,188.5,-2.0,1047,0.9796954314720813,187.6117,184.6726,183.6929,187.6117
2025-07-30,122590,23207700,188.5,190.5,188.0,188.5,0.0,243,0.9796954314720813,184.6726,184.6726,184.1827,186.632
2025-07-31,629039,116201051,188.5,189.5,183.0,184.5,-4.0,1044,0.9796954314720813,184.6726,180.7538,179.2843,185.6523
2025-08-01,551384,104202527,185.5,191.5,185.5,189.0,4.5,806,0.9796954314720813,181.7335,185.1624,181.7335,187.6117
2025-08-04,658711,124390384,189.0,192.5,187.0,187.5,-1.5,2233,0.9796954314720813,185.1624,183.6929,183.203,188.5914
2025-08-05,167196,31442792,188.0,189.0,187.5,188.5,1.0,263,0.9796954314720813,184.1827,184.6726,183.6929,185.1624
2025-08-06,252836,47345616,188.5,189.0,186.0,187.5,-1.0,374,0.9796954314720813,184.6726,183.6929,182.2234,185.1624
2025-08-07,427112,80636846,188.0,192.0,186.5,189.5,2.0,426,0.9796954314720813,184.1827,185.6523,182.7132,188.1015
2025-08-08,274289,51742303,188.0,190.0,187.5,189.5,0.0,318,0.9796954314720813,184.1827,185.6523,183.6929,186.1421
2025-08-11,935904,172983005,189.5,189.5,182.0,184.5,-5.0,1150,0.9796954314720813,185.6523,180.7538,178.3046,185.6523
2025-08-12,326975,60933199,186.0,187.5,184.5,187.5,3.0,369,0.9796954314720813,182.2234,183.6929,180.7538,183.6929
2025-08-13,1472124,288778291,193.0,199.0,193.0,197.0,9.5,1611,0.9796954314720813,189.0812,193.0,189.0812,194.9594
2025-08-14,754446,145437198,197.0,198.0,190.0,194.0,-3.0,5321,0.9796954314720813,193.0,190.0609,186.1421,193.9797
2025-08-15,414012,81020481,194.5,197.0,193.5,196.5,2.5,721,0.9796954314720813,190.5508,192.5102,189.5711,193.0
2025-08-18,808037,160012585,197.5,201.0,195.5,198.0,1.5,2287,0.9796954314720813,193.4898,193.9797,191.5305,196.9188
2025-08-19,884072,176307288,199.0,201.5,197.0,200.0,2.0,1394,0.9796954314720813,194.9594,195.9391,193.0,197.4086
2025-08-20,372778,73758683,200.0,201.5,195.5,195.5,-4.5,1785,0.9796954314720813,195.9391,191.5305,191.5305,197.4086
2025-08-21,590501,114593748,195.5,196.5,192.5,193.5,-2.0,1066,0.9796954314720813,191.5305,189.5711,188.5914,192.5102
2025-08-22,301207,58643870,193.5,196.0,193.5,196.0,2.5,357,0.9796954314720813,189.5711,192.0203,189.5711,192.0203
2025-08-25,1075608,204692841,198.0,198.0,188.5,189.5,-6.5,1963,0.9796954314720813,193.9797,185.6523,184.6726,193.9797
2025-08-26,348793,66629227,189.5,192.5,189.0,192.0,2.5,376,0.9796954314720813,185.6523,188.1015,185.1624,188.5914
2025-08-27,212046,40552906,190.5,192.0,189.5,192.0,0.0,368,0.9796954314720813,186.632,188.1015,185.6523,188.1015
2025-08-28,170186,32535000,192.5,192.5,190.0,190.0,-2.0,252,0.9796954314720813,188.5914,186.1421,186.1421,188.5914
2025-08-29,211129,40113723,189.5,191.5,189.0,191.0,1.0,258,0.9796954314720813,185.6523,187.1218,185.1624,187.6117
2025-09-01,657499,128330315,189.5,197.5,189.5,196.5,5.5,1130,0.9796954314720813,185.6523,192.5102,185.6523,193.4898
2025-09-02,250790,49275533,197.0,198.0,195.0,196.5,0.0,1454,0.9796954314720813,193.0,192.5102,191.0406,193.9797
2025-09-03,1353715,273720545,198.5,206.0,197.5,203.5,7.0,2694,0.9796954314720813,194.4695,199.368,193.4898,201.8173
2025-09-04,422393,85550066,204.0,205.5,201.0,202.5,-1.0,1970,0.9796954314720813,199.8579,198.3883,196.9188,201.3274
2025-09-05,560241,113147796,204.5,205.0,198.0,201.5,-1.0,3826,0.9796954314720813,200.3477,197.4086,193.9797,200.8376
2025-09-08,279588,55960242,202.0,202.5,198.5,198.5,-3.0,3070,0.9796954314720813,197.8985,194.4695,194.4695,198.3883
2025-09-09,493895,97423345,201.0,201.0,195.5,198.0,-0.5,1799,0.9796954314720813,196.9188,193.9797,191.5305,196.9188
2025-09-10,232746,46156634,197.0,200.0,196.0,199.0,1.0,1286,0.9796954314720813,193.0,194.9594,192.0203,195.9391
2025-09-11,772177,157273520,201.0,205.0,200.5,205.0,6.0,1235,0.9796954314720813,196.9188,200.8376,196.4289,200.8376
2025-09-12,830881,171057316,206.0,209.5,203.0,205.5,0.5,4945,0.9796954314720813,201.8173,201.3274,198.8782,205.2462
2025-09-15,484815,100798484,206.5,209.5,205.0,206.5,1.0,2168,0.9796954314720813,202.3071,202.3071,200.8376,205.2462
2025-09-16,675853,135264064,205.5,205.5,197.5,200.0,-6.5,1885,0.9796954314720813,201.3274,195.9391,193.4898,201.3274
2025-09-17,239078,48033757,202.0,204.0,199.0,200.5,0.5,695,0.9796954314720813,197.8985,196.4289,194.9594,199.8579
2025-09-18,172429,34634262,201.0,202.5,199.0,202.0,1.5,431,0.9796954314720813,196.9188,197.8985,194.9594,198.3883
2025-09-19,227295,45442932,200.5,201.5,199.0,200.0,-2.0,303,0.9796954314720813,196.4289,195.9391,194.9594,197.4086
2025-09-22,362408,73863693,202.0,205.5,202.0,204.5,4.5,492,0.9796954314720813,197.8985,200.3477,197.8985,201.3274
2025-09-23,261377,53546944,205.5,206.0,203.0,205.0,0.5,679,0.9796954314720813,201.3274,200.8376,198.8782,201.8173
2025-09-24,296770,60566195,205.5,205.5,202.5,205.0,0.0,1053,0.9796954314720813,201.3274,200.8376,198.3883,201.3274
2025-09-25,797906,160618683,206.0,207.0,198.5,200.0,-5.0,2003,0.9796954314720813,201.8173,195.9391,194.4695,202.797
2025-09-26,305385,61175241,200.5,201.5,198.5,201.5,1.5,929,0.9796954314720813,196.4289,197.4086,194.4695,197.4086
2025-09-30,602080,123678162,202.5,207.0,201.5,207.0,5.5,1210,0.9796954314720813,198.3883,202.797,197.4086,202.797
2025-10-01,1016190,203141588,205.0,205.5,198.5,199.5,-7.5,3215,0.9796954314720813,200.8376,195.4492,194.4695,201.3274
2025-10-02,544584,108149711,200.0,200.5,197.0,197.5,-2.0,828,0.9796954314720813,195.9391,193.4898,193.0,196.4289
2025-10-03,486535,95432244,197.5,197.5,194.5,197.5,0.0,1009,0.9796954314720813,193.4898,193.4898,190.5508,193.4898
2025-10-07,226610,44663529,198.0,198.5,196.0,196.5,-1.0,425,0.9796954314720813,193.9797,192.5102,192.0203,194.4695
2025-10-08,399240,77763958,196.5,196.5,193.5,195.0,-1.5,665,0.9796954314720813,192.5102,191.0406,189.5711,192.5102
2025-10-09,1233595,234828106,194.0,195.0,188.0,190.5,-4.5,2058,0.9796954314720813,190.0609,186.632,184.1827,191.0406
2025-10-13,718420,135196594,188.5,190.5,186.5,188.5,-2.0,1229,0.9796954314720813,184.6726,184.6726,182.7132,186.632
2025-10-14,368190,69845377,188.5,191.5,188.0,188.5,0.0,602,0.9796954314720813,184.6726,184.6726,184.1827,187.6117
2025-10-15,804760,153242535,190.0,191.5,189.0,190.5,2.0,639,0.9796954314720813,186.1421,186.632,185.1624,187.6117
2025-10-16,283043,53368322,190.0,190.5,187.5,187.5,-3.0,508,0.9796954314720813,186.1421,183.6929,183.6929,186.632
2025-10-17,265803,50309070,187.5,190.5,187.0,188.5,1.0,377,0.9796954314720813,183.6929,184.6726,183.203,186.632
2025-10-20,424114,80973968,190.0,192.5,189.5,190.5,2.0,460,0.9796954314720813,186.1421,186.632,185.6523,188.5914
2025-10-21,268505,51222253,191.5,192.0,190.0,191.0,0.5,305,0.9796954314720813,187.6117,187.1218,186.1421,188.1015
2025-10-22,863464,162503661,190.5,192.0,186.0,187.5,-3.5,1035,0.9796954314720813,186.632,183.6929,182.2234,188.1015
2025-10-23,479602,89039665,187.5,188.5,183.5,186.0,-1.5,785,0.9796954314720813,183.6929,182.2234,179.7741,184.6726
2025-10-27,796237,151356150,186.0,193.0,185.5,189.0,3.0,822,0.9796954314720813,182.2234,185.1624,181.7335,189.0812
2025-10-28,226816,42951436,191.0,191.0,188.5,188.5,-0.5,1131,0.9796954314720813,187.1218,184.6726,184.6726,187.1218
2025-10-29,307544,58143667,190.0,190.5,187.5,188.0,-0.5,344,0.9796954314720813,186.1421,184.1827,183.6929,186.632
2025-10-30,500449,95633370,189.5,192.5,189.5,191.0,3.0,766,0.9796954314720813,185.6523,187.1218,185.6523,188.5914
2025-10-31,348382,67097540,191.0,193.5,191.0,192.5,1.5,442,0.9796954314720813,187.1218,188.5914,187.1218,189.5711
2025-11-03,380179,73921700,192.5,196.0,191.0,195.0,2.5,1663,0.9796954314720813,188.5914,191.0406,187.1218,192.0203
2025-11-04,871416,173132606,195.0,200.5,194.0,200.0,5.0,1193,0.9796954314720813,191.0406,195.9391,190.0609,196.4289
2025-11-05,309527,61179066,199.5,200.5,196.0,198.0,-2.0,2856,0.9796954314720813,195.4492,193.9797,192.0203,196.4289
2025-11-06,145911,29024515,200.0,200.0,197.0,199.5,1.5,284,0.9796954314720813,195.9391,195.4492,193.0,195.9391
2025-11-07,298165,59620410,200.0,202.0,197.0,200.0,0.5,780,0.9796954314720813,195.9391,195.9391,193.0,197.8985
2025-11-10,223997,45005417,201.0,202.0,200.0,201.0,1.0,373,0.9796954314720813,196.9188,196.9188,195.9391,197.8985
2025-11-11,347360,70083519,203.0,203.0,200.5,201.5,0.5,766,0.9796954314720813,198.8782,197.4086,196.4289,198.8782
2025-11-12,2107308,457406279,210.0,221.5,208.5,217.0,15.5,4502,0.9796954314720813,205.736,212.5939,204.2665,217.0025
2025-11-13,1115633,231076401,218.5,219.0,201.5,201.5,-15.5,42854,0.9796954314720813,214.0635,197.4086,197.4086,214.5533
2025-11-14,450146,89997860,201.0,202.5,197.5,199.5,-2.0,2457,0.9796954314720813,196.9188,195.4492,193.4898,198.3883
2025-11-17,190552,38297664,200.0,202.5,199.5,201.0,1.5,385,0.9796954314720813,195.9391,196.9188,195.4492,198.3883
2025-11-18,470864,92388531,201.0,202.0,194.0,195.0,-6.0,2481,0.9796954314720813,196.9188,191.0406,190.0609,197.8985
2025-11-19,220104,42796710,194.0,196.0,193.5,193.5,-1.5,397,0.9796954314720813,190.0609,189.5711,189.5711,192.0203
2025-11-20,278721,53753957,194.5,196.0,191.5,192.0,-1.5,1003,0.9796954314720813,190.5508,188.1015,187.6117,192.0203
2025-11-21,368083,70521090,192.0,194.0,190.0,191.5,-0.5,567,0.9796954314720813,188.1015,187.6117,186.1421,190.0609
2025-11-24,183137,35638862,193.0,196.0,193.0,195.5,4.0,865,0.9796954314720813,189.0812,191.5305,189.0812,192.0203
2025-11-25,476366,91251506,195.5,195.5,189.5,190.0,-5.5,785,0.9796954314720813,191.5305,186.1421,185.6523,191.5305
2025-11-26,180650,34881471,192.0,194.5,192.0,194.5,4.5,281,0.9796954314720813,188.1015,190.5508,188.1015,190.5508
2025-11-27,172179,33454305,194.5,195.5,193.0,194.0,-0.5,227,0.9796954314720813,190.5508,190.0609,189.0812,191.5305
2025-11-28,202588,39497895,194.0,196.5,194.0,194.5,0.5,302,0.9796954314720813,190.0609,190.5508,190.0609,192.5102
2025-12-01,291426,55792621,194.0,194.0,190.0,191.5,-3.0,496,0.9796954314720813,190.0609,187.6117,186.1421,190.0609
2025-12-02,329443,62792830,193.0,193.0,189.5,190.0,-1.5,517,0.9796954314720813,189.0812,186.1421,185.6523,189.0812
2025-12-03,121004,23090532,192.0,192.0,190.0,190.5,0.5,184,0.9796954314720813,188.1015,186.632,186.1421,188.1015
2025-12-04,137498,26457207,192.0,193.5,191.5,192.0,1.5,387,0.9796954314720813,188.1015,188.1015,187.6117,189.5711
2025-12-05,225582,43033760,192.0,192.0,190.0,191.5,-0.5,576,0.9796954314720813,188.1015,187.6117,186.1421,188.1015
2025-12-08,106323,20383493,191.0,193.0,191.0,192.5,1.0,197,0.9796954314720813,187.1218,188.5914,187.1218,189.0812
2025-12-09,332296,63415753,192.5,192.5,190.0,191.5,-1.0,399,0.9796954314720813,188.5914,187.6117,186.1421,188.5914
2025-12-10,323134,61333255,191.5,191.5,189.0,190.5,-1.0,698,0.9796954314720813,187.6117,186.632,185.1624,187.6117
2025-12-11,188123,36091910,191.5,193.0,191.0,191.5,1.0,319,0.9796954314720813,187.6117,187.6117,187.1218,189.0812
2025-12-12,512166,99906348,192.5,199.5,191.5,196.5,5.0,705,0.9796954314720813,188.5914,192.5102,187.6117,195.4492
2025-12-15,241608,47326711,195.0,198.0,194.5,194.5,-2.0,900,0.9796954314720813,191.0406,190.5508,190.5508,193.9797
2025-12-16,195774,37964177,194.0,195.0,192.5,194.5,0.0,943,0.9796954314720813,190.0609,190.5508,188.5914,191.0406
2025-12-17,436319,80814161,195.5,195.5,194.0,194.0,-0.5,1016,0.9796954314720813,191.5305,190.0609,190.0609,191.5305
2025-12-18,167030,32360597,194.0,195.0,192.5,193.5,-0.5,556,0.9796954314720813,190.0609,189.5711,188.5914,191.0406
2025-12-19,147567,28823915,194.5,196.0,194.5,195.5,2.0,215,0.9796954314720813,190.5508,191.5305,190.5508,192.0203
2025-12-22,235508,46256282,197.0,197.0,195.5,197.0,1.5,707,0.9796954314720813,193.0,193.0,191.5305,193.0
2025-12-23,300298,59228773,198.0,198.5,196.5,197.0,0.0,491,0.9796954314720813,193.9797,193.0,192.5102,194.4695
2025-12-24,472692,90445049,194.0,194.0,190.0,190.5,0.0,924,1.0,194.0,190.5,190.0,194.0
2025-12-26,228775,43378759,191.5,191.5,189.0,190.0,-0.5,672,1.0,191.5,190.0,189.0,191.5
2025-12-29,158881,30432470,191.5,192.0,190.5,191.5,1.5,256,1.0,191.5,191.5,190.5,192.0
2025-12-30,174727,33199513,191.5,191.5,189.5,191.0,-0.5,636,1.0,191.5,191.0,189.5,191.5
2025-12-31,104958,19980844,191.0,191.0,190.0,190.5,-0.5,209,1.0,191.0,190.5,190.0,191.0
2026-01-02,287726,54697251,191.0,192.5,189.0,190.0,-0.5,464,1.0,191.0,190.0,189.0,192.5
2026-01-05,263826,50025330,190.0,190.5,189.0,189.0,-1.0,334,1.0,190.0,189.0,189.0,190.5
2026-01-06,265938,50259232,189.0,189.5,188.5,188.5,-0.5,340,1.0,189.0,188.5,188.5,189.5
2026-01-07,150663,28635237,188.5,191.0,188.5,190.0,1.5,217,1.0,188.5,190.0,188.5,191.0
2026-01-08,233897,44834248,190.5,193.0,190.5,191.0,1.0,445,1.0,190.5,191.0,190.5,193.0
2026-01-09,155886,29824933,192.0,192.5,190.5,192.5,1.5,229,1.0,192.0,192.5,190.5,192.5
2026-01-12,170319,32715822,192.5,193.0,191.0,192.5,0.0,255,1.0,192.5,192.5,191.0,193.0
2026-01-13,1636380,303386190,192.0,192.0,183.0,184.5,-8.0,3448,1.0,192.0,184.5,183.0,192.0
2026-01-14,366669,68241443,186.5,187.5,185.0,186.0,1.5,527,1.0,186.5,186.0,185.0,187.5
2026-01-15,225615,42155041,186.5,187.5,186.5,187.0,1.0,305,1.0,186.5,187.0,186.5,187.5
2026-01-16,387115,71734429,187.0,187.0,184.5,185.5,-1.5,629,1.0,187.0,185.5,184.5,187.0
2026-01-19,304129,56264768,187.0,187.0,184.0,184.5,-1.0,456,1.0,187.0,184.5,184.0,187.0
2026-01-20,190406,35158600,184.5,185.5,184.0,184.0,-0.5,396,1.0,184.5,184.0,184.0,185.5
2026-01-21,408704,74648150,183.5,184.0,182.0,182.0,-2.0,825,1.0,183.5,182.0,182.0,184.0
2026-01-22,165736,30494114,183.5,185.0,183.0,184.5,2.5,271,1.0,183.5,184.5,183.0,185.0
2026-01-23,234890,42960984,185.0,185.0,182.5,182.5,-2.0,459,1.0,185.0,182.5,182.5,185.0
2026-01-26,123070,22464043,182.5,183.0,182.0,183.0,0.5,282,1.0,182.5,183.0,182.0,183.0
2026-01-27,935381,168344430,182.5,182.5,178.5,179.0,-4.0,1751,1.0,182.5,179.0,178.5,182.5
2026-01-28,341225,61178563,179.5,180.0,178.0,180.0,1.0,453,1.0,179.5,180.0,178.0,180.0
2026-01-29,303267,54125983,179.0,180.0,178.0,178.0,-2.0,518,1.0,179.0,178.0,178.0,180.0
2026-01-30,194480,34443970,177.5,178.0,176.0,177.0,-1.0,490,1.0,177.5,177.0,176.0,178.0
2026-02-02,366649,64426590,176.0,177.0,175.0,175.5,-1.5,538,1.0,176.0,175.5,175.0,177.0
2026-02-03,152021,27020374,176.5,178.5,176.5,178.5,3.0,251,1.0,176.5,178.5,176.5,178.5
2026-02-04,172408,30836130,179.5,180.0,177.5,178.5,0.0,270,1.0,179.5,178.5,177.5,180.0
2026-02-05,322726,58785059,178.5,184.0,178.5,182.5,4.0,492,1.0,178.5,182.5,178.5,184.0
2026-02-06,208089,37714176,181.0,182.5,179.5,181.0,-1.5,326,1.0,181.0,181.0,179.5,182.5
2026-02-09,236251,42709222,181.0,182.5,179.0,179.5,-1.5,562,1.0,181.0,179.5,179.0,182.5
2026-02-10,181155,32872938,180.0,182.5,179.5,182.5,3.0,275,1.0,180.0,182.5,179.5,182.5
2026-02-11,265763,48706410,183.0,184.0,181.5,184.0,1.5,688,1.0,183.0,184.0,181.5,184.0
2026-02-23,295799,54938769,185.0,187.0,184.5,185.5,1.5,480,1.0,185.0,185.5,184.5,187.0
2026-02-24,202570,37497448,185.5,186.0,184.5,184.5,-1.0,558,1.0,185.5,184.5,184.5,186.0
2026-02-25,156663,28960722,185.0,185.5,184.5,185.0,0.5,284,1.0,185.0,185.0,184.5,185.5
2026-02-26,452663,83749175,187.0,188.0,183.5,184.5,-0.5,1310,1.0,187.0,184.5,183.5,188.0
2026-03-02,176588,32492401,184.5,185.5,182.0,184.0,-0.5,306,1.0,184.5,184.0,182.0,185.5
2026-03-03,161341,29715839,186.5,186.5,183.5,184.5,0.5,530,1.0,186.5,184.5,183.5,186.5
2026-03-04,294042,53393047,184.0,184.0,180.5,181.0,-3.5,466,1.0,184.0,181.0,180.5,184.0
2026-03-05,74619,13641731,184.0,184.0,182.0,182.5,1.5,180,1.0,184.0,182.5,182.0,184.0
2026-03-06,212833,39517632,183.0,186.5,183.0,185.5,3.0,318,1.0,183.0,185.5,183.0,186.5
2026-03-09,273117,49812944,181.0,184.5,179.5,183.0,-2.5,1150,1.0,181.0,183.0,179.5,184.5
2026-03-10,310196,57710254,185.0,187.0,184.5,187.0,4.0,452,1.0,185.0,187.0,184.5,187.0
2026-03-11,1393158,269605194,190.5,196.0,190.5,193.0,6.0,2780,1.0,190.5,193.0,190.5,196.0
2026-03-12,758367,143013363,192.0,192.0,187.0,187.5,-5.5,6150,1.0,192.0,187.5,187.0,192.0
2026-03-13,321356,59913259,187.5,187.5,185.5,185.5,-2.0,557,1.0,187.5,185.5,185.5,187.5
2026-03-16,217259,40475023,185.0,188.0,185.0,186.5,1.0,378,1.0,185.0,186.5,185.0,188.0
2026-03-17,239651,44626435,186.5,187.5,185.5,185.5,-1.0,347,1.0,186.5,185.5,185.5,187.5
2026-03-18,228471,42270379,186.5,186.5,184.5,185.0,-0.5,383,1.0,186.5,185.0,184.5,186.5
2026-03-19,324649,59653138,185.0,186.0,183.0,183.5,-1.5,450,1.0,185.0,183.5,183.0,186.0
2026-03-20,305923,55843822,183.5,184.0,181.0,181.5,-2.0,516,1.0,183.5,181.5,181.0,184.0
2026-03-23,253275,45583760,179.5,181.0,179.0,179.5,-2.0,511,1.0,179.5,179.5,179.0,181.0
2026-03-24,152302,27547639,181.5,181.5,180.0,181.0,1.5,295,1.0,181.5,181.0,180.0,181.5
2026-03-25,131892,23974593,182.5,183.0,181.0,182.0,1.0,211,1.0,182.5,182.0,181.0,183.0
2026-03-26,274250,49608291,182.5,182.5,180.0,180.0,-2.0,448,1.0,182.5,180.0,180.0,182.5
2026-03-27,212821,38507440,180.5,182.0,180.0,181.0,1.0,314,1.0,180.5,181.0,180.0,182.0
2026-03-30,146785,26461820,181.0,181.0,179.5,180.5,-0.5,301,1.0,181.0,180.5,179.5,181.0
2026-03-31,111403,20036516,179.5,181.5,179.0,179.0,-1.5,308,1.0,179.5,179.0,179.0,181.5
2026-04-01,148012,26620999,181.0,181.0,180.0,180.5,1.5,289,1.0,181.0,180.5,180.0,181.0
2026-04-02,77403,13922209,182.0,182.0,179.5,179.5,-1.0,227,1.0,182.0,179.5,179.5,182.0
2026-04-07,72105,13058871,180.0,182.0,180.0,180.5,1.0,148,1.0,180.0,180.5,180.0,182.0
2026-04-08,189491,34258231,182.5,182.5,179.5,180.0,-0.5,435,1.0,182.5,180.0,179.5,182.5
2026-04-09,169857,30534443,180.0,181.5,179.0,179.5,-0.5,274,1.0,180.0,179.5,179.0,181.5
2026-04-10,101341,18317757,180.0,181.5,180.0,180.5,1.0,256,1.0,180.0,180.5,180.0,181.5
2026-04-13,218154,39897464,181.5,184.0,181.0,182.5,2.0,376,1.0,181.5,182.5,181.0,184.0
2026-04-14,146484,26862539,182.5,184.0,182.5,183.0,0.5,289,1.0,182.5,183.0,182.5,184.0
2026-04-15,168456,30921497,184.0,184.5,183.0,183.5,0.5,253,1.0,184.0,183.5,183.0,184.5
2026-04-16,163653,29990323,184.5,184.5,183.0,183.0,-0.5,258,1.0,184.5,183.0,183.0,184.5
2026-04-17,154545,28162773,183.0,183.5,181.5,181.5,-1.5,720,1.0,183.0,181.5,181.5,183.5
2026-04-20,338786,61059176,181.5,182.5,179.0,181.5,0.0,700,1.0,181.5,181.5,179.0,182.5
2026-04-21,193606,34956419,182.5,182.5,180.0,180.0,-1.5,377,1.0,182.5,180.0,180.0,182.5
2026-04-22,145928,26375425,182.0,182.0,180.0,180.0,0.0,267,1.0,182.0,180.0,180.0,182.0
2026-04-23,304332,54599221,180.5,181.0,178.5,180.0,0.0,596,1.0,180.5,180.0,178.5,181.0
2026-04-24,262228,46887464,180.0,180.0,178.5,179.0,-1.0,500,1.0,180.0,179.0,178.5,180.0
2026-04-27,277236,49279854,178.5,179.0,177.0,179.0,0.0,608,1.0,178.5,179.0,177.0,179.0
2026-04-28,191966,34187447,179.5,179.5,177.5,178.0,-1.0,370,1.0,179.5,178.0,177.5,179.5
2026-04-29,201124,36000371,178.0,180.5,177.5,179.0,1.0,308,1.0,178.0,179.0,177.5,180.5
2026-04-30,297539,53016815,179.0,180.5,177.5,177.5,-1.5,460,1.0,179.0,177.5,177.5,180.5
2026-05-04,226565,40377030,177.5,179.5,177.0,178.5,1.0,408,1.0,177.5,178.5,177.0,179.5
2026-05-05,260412,46834674,178.5,181.0,178.5,179.5,1.0,377,1.0,178.5,179.5,178.5,181.0
2026-05-06,149891,27008121,179.5,180.5,179.0,180.5,1.0,257,1.0,179.5,180.5,179.0,180.5
2026-05-07,185206,33470502,180.5,181.5,180.0,180.5,0.0,293,1.0,180.5,180.5,180.0,181.5
2026-05-08,181811,32979363,181.0,182.5,180.5,180.5,0.0,390,1.0,181.0,180.5,180.5,182.5
2026-05-11,578771,103645166,181.5,181.5,178.0,179.5,-1.0,826,1.0,181.5,179.5,178.0,181.5
2026-05-12,255520,45662304,179.0,179.5,178.0,178.5,-1.0,418,1.0,179.0,178.5,178.0,179.5
