Date,Capacity,Turnover,Open,High,Low,Close,Change,Transaction,AdjFactor,Open_adj,Close_adj,Low_adj,High_adj
2020-05-04,37677461,622879937,16.35,16.75,16.35,16.5,-0.6,9977,0.6738033818783667,11.0167,11.1178,11.0167,11.2862
2020-05-05,23857582,396446322,16.6,16.75,16.55,16.55,0.05,8469,0.6738033818783667,11.1851,11.1514,11.1514,11.2862
2020-05-06,41643299,681649523,16.5,16.55,16.2,16.35,-0.2,9648,0.6738033818783667,11.1178,11.0167,10.9156,11.1514
2020-05-07,22282218,365509164,16.35,16.5,16.35,16.4,0.05,6823,0.6738033818783667,11.0167,11.0504,11.0167,11.1178
2020-05-08,44945728,739867429,16.5,16.6,16.35,16.4,0.0,7713,0.6738033818783667,11.1178,11.0504,11.0167,11.1851
2020-05-11,39357462,657969801,16.6,16.85,16.55,16.7,0.3,7834,0.6738033818783667,11.1851,11.2525,11.1514,11.3536
2020-05-12,40093100,664008774,16.6,16.7,16.5,16.5,-0.2,8788,0.6738033818783667,11.1851,11.1178,11.1178,11.2525
2020-05-13,20109584,332504472,16.45,16.65,16.4,16.65,0.15,5779,0.6738033818783667,11.0841,11.2188,11.0504,11.2188
2020-05-14,48685070,798782989,16.5,16.55,16.3,16.3,-0.35,13984,0.6738033818783667,11.1178,10.983,10.983,11.1514
2020-05-15,32488977,529810281,16.4,16.5,16.25,16.25,-0.05,8415,0.6738033818783667,11.0504,10.9493,10.9493,11.1178
2020-05-18,17683045,287023543,16.25,16.35,16.15,16.2,-0.05,4331,0.6738033818783667,10.9493,10.9156,10.8819,11.0167
2020-05-19,30210088,492882240,16.45,16.5,16.2,16.25,0.05,6048,0.6738033818783667,11.0841,10.9493,10.9156,11.1178
2020-05-20,24245206,394046303,16.3,16.35,16.2,16.2,-0.05,6934,0.6738033818783667,10.983,10.9156,10.9156,11.0167
2020-05-21,26037678,425822518,16.25,16.45,16.2,16.4,0.2,5439,0.6738033818783667,10.9493,11.0504,10.9156,11.0841
2020-05-22,35663891,579789936,16.35,16.4,16.15,16.15,-0.25,9489,0.6738033818783667,11.0167,10.8819,10.8819,11.0504
2020-05-25,18352725,297866827,16.15,16.35,16.1,16.3,0.15,3911,0.6738033818783667,10.8819,10.983,10.8482,11.0167
2020-05-26,43879701,727101625,16.4,16.7,16.3,16.6,0.3,7619,0.6738033818783667,11.0504,11.1851,10.983,11.2525
2020-05-27,28697627,479356383,16.65,16.8,16.65,16.65,0.05,7624,0.6738033818783667,11.2188,11.2188,11.2188,11.3199
2020-05-28,31213663,518818621,16.75,16.8,16.5,16.5,-0.15,6485,0.6738033818783667,11.2862,11.1178,11.1178,11.3199
2020-05-29,91793224,1495872672,16.45,16.5,16.25,16.25,-0.25,10223,0.6738033818783667,11.0841,10.9493,10.9493,11.1178
2020-06-01,27033711,449229920,16.45,16.7,16.4,16.65,0.4,6492,0.6738033818783667,11.0841,11.2188,11.0504,11.2525
2020-06-02,41416048,701885807,16.7,17.1,16.65,17.0,0.35,9087,0.6738033818783667,11.2525,11.4547,11.2188,11.522
2020-06-03,37648163,651813029,17.3,17.4,17.2,17.35,0.35,8717,0.6738033818783667,11.6568,11.6905,11.5894,11.7242
2020-06-04,38418687,668630155,17.5,17.6,17.3,17.35,0.0,9016,0.6738033818783667,11.7916,11.6905,11.6568,11.8589
2020-06-05,29236380,509997497,17.35,17.6,17.25,17.5,0.15,7686,0.6738033818783667,11.6905,11.7916,11.6231,11.8589
2020-06-08,63475076,1141446736,17.8,18.1,17.8,18.05,0.55,13056,0.6738033818783667,11.9937,12.1622,11.9937,12.1958
2020-06-09,63298744,1158915690,18.15,18.5,18.0,18.15,0.1,14651,0.6738033818783667,12.2295,12.2295,12.1285,12.4654
2020-06-10,63102090,1162523463,18.4,18.55,18.3,18.5,0.35,12903,0.6738033818783667,12.398,12.4654,12.3306,12.4991
2020-06-11,89642436,1649939957,18.5,18.7,18.05,18.05,-0.45,20251,0.6738033818783667,12.4654,12.1622,12.1622,12.6001
2020-06-12,64505463,1152010748,17.55,17.95,17.4,17.85,-0.2,15147,0.6738033818783667,11.8252,12.0274,11.7242,12.0948
2020-06-15,41831018,754358074,17.95,18.2,17.85,17.95,0.1,10235,0.6738033818783667,12.0948,12.0948,12.0274,12.2632
2020-06-16,43558882,796970217,18.2,18.4,18.15,18.3,0.35,6973,0.6738033818783667,12.2632,12.3306,12.2295,12.398
2020-06-17,55997110,1033319190,18.3,18.7,18.2,18.5,0.2,13531,0.6738033818783667,12.3306,12.4654,12.2632,12.6001
2020-06-18,38652010,716413845,18.5,18.7,18.3,18.35,-0.15,8911,0.6738033818783667,12.4654,12.3643,12.3306,12.6001
2020-06-19,58872772,1076410676,18.4,18.45,18.15,18.15,-0.2,8747,0.6738033818783667,12.398,12.2295,12.2295,12.4317
2020-06-22,27139849,494455543,18.2,18.3,18.15,18.2,0.05,5492,0.6738033818783667,12.2632,12.2632,12.2295,12.3306
2020-06-23,44391899,810983957,18.2,18.3,18.0,18.2,0.0,7755,0.6738033818783667,12.2632,12.2632,12.1285,12.3306
2020-06-24,46197289,850642111,18.25,18.45,18.25,18.4,0.2,8247,0.6738033818783667,12.2969,12.398,12.2969,12.4317
2020-06-29,58717215,1026069636,17.4,17.65,17.35,17.45,0.0,17836,0.6984778719189828,12.1535,12.1884,12.1186,12.3281
2020-06-30,25313751,443394514,17.6,17.65,17.45,17.45,0.0,5102,0.6984778719189828,12.2932,12.1884,12.1884,12.3281
2020-07-01,11737827,206260187,17.5,17.65,17.5,17.6,0.15,2996,0.6984778719189828,12.2234,12.2932,12.2234,12.3281
2020-07-02,15941604,281604401,17.65,17.7,17.6,17.65,0.05,3468,0.6984778719189828,12.3281,12.3281,12.2932,12.3631
2020-07-03,17920615,319146156,17.75,17.9,17.7,17.9,0.25,3756,0.6984778719189828,12.398,12.5028,12.3631,12.5028
2020-07-06,33394585,601525589,18.0,18.1,17.95,18.0,0.1,5574,0.6984778719189828,12.5726,12.5726,12.5377,12.6424
2020-07-07,44575904,809835994,18.2,18.3,18.05,18.15,0.15,8140,0.6984778719189828,12.7123,12.6774,12.6075,12.7821
2020-07-08,33423537,607495641,18.25,18.25,18.1,18.1,-0.05,7150,0.6984778719189828,12.7472,12.6424,12.6424,12.7472
2020-07-09,32295887,587026277,18.2,18.3,18.1,18.1,0.0,7707,0.6984778719189828,12.7123,12.6424,12.6424,12.7821
2020-07-10,30756745,553087809,18.15,18.15,17.9,17.9,-0.2,7875,0.6984778719189828,12.6774,12.5028,12.5028,12.6774
2020-07-13,34927523,636736561,18.1,18.35,18.05,18.3,0.4,7164,0.6984778719189828,12.6424,12.7821,12.6075,12.8171
2020-07-14,35157257,645159154,18.25,18.4,18.2,18.35,0.05,5909,0.6984778719189828,12.7472,12.8171,12.7123,12.852
2020-07-15,46450215,856809533,18.45,18.55,18.35,18.4,0.05,10951,0.6984778719189828,12.8869,12.852,12.8171,12.9568
2020-07-16,36455096,672547534,18.45,18.5,18.35,18.4,0.0,6880,0.6984778719189828,12.8869,12.852,12.8171,12.9218
2020-07-17,16426205,301408702,18.5,18.5,18.25,18.3,-0.1,4278,0.6984778719189828,12.9218,12.7821,12.7472,12.9218
2020-07-20,20346917,369882449,18.3,18.35,18.1,18.15,-0.15,4364,0.6984778719189828,12.7821,12.6774,12.6424,12.8171
2020-07-21,21684734,394973564,18.2,18.3,18.15,18.15,0.0,3536,0.6984778719189828,12.7123,12.6774,12.6774,12.7821
2020-07-22,14379616,262532477,18.15,18.3,18.15,18.3,0.15,2995,0.6984778719189828,12.6774,12.7821,12.6774,12.7821
2020-07-23,16650262,303170005,18.2,18.3,18.15,18.2,-0.1,3337,0.6984778719189828,12.7123,12.7123,12.6774,12.7821
2020-07-24,26313966,475519424,18.1,18.2,18.0,18.0,-0.2,7324,0.6984778719189828,12.6424,12.5726,12.5726,12.7123
2020-07-27,24603249,441012381,18.0,18.1,17.8,17.8,-0.2,6308,0.6984778719189828,12.5726,12.4329,12.4329,12.6424
2020-07-28,27565502,493805725,17.75,18.0,17.7,17.9,0.1,5312,0.6984778719189828,12.398,12.5028,12.3631,12.5726
2020-07-29,40487162,742805751,18.05,18.5,18.0,18.3,0.4,7949,0.6984778719189828,12.6075,12.7821,12.5726,12.9218
2020-07-30,27274717,499910542,18.5,18.5,18.2,18.35,0.05,5002,0.6984778719189828,12.9218,12.8171,12.7123,12.9218
2020-07-31,46785988,844945882,18.2,18.25,18.0,18.0,-0.35,9640,0.6984778719189828,12.7123,12.5726,12.5726,12.7472
2020-08-03,28038270,504107460,18.05,18.1,17.9,17.95,-0.05,6212,0.6984778719189828,12.6075,12.5377,12.5028,12.6424
2020-08-04,27963419,510039537,18.0,18.4,18.0,18.2,0.25,4979,0.6984778719189828,12.5726,12.7123,12.5726,12.852
2020-08-05,14968971,273210018,18.3,18.3,18.2,18.25,0.05,4009,0.6984778719189828,12.7821,12.7472,12.7123,12.7821
2020-08-06,56377648,1046966878,18.3,18.7,18.3,18.65,0.4,10827,0.6984778719189828,12.7821,13.0266,12.7821,13.0615
2020-08-07,45247611,853579798,18.75,19.0,18.65,18.7,0.05,9206,0.6984778719189828,13.0965,13.0615,13.0266,13.2711
2020-08-10,66555586,1277056224,19.2,19.4,19.0,19.15,0.45,12527,0.6984778719189828,13.4108,13.3759,13.2711,13.5505
2020-08-11,29384001,564213314,19.3,19.3,19.1,19.15,0.0,6887,0.6984778719189828,13.4806,13.3759,13.3409,13.4806
2020-08-12,32174760,613021609,19.2,19.25,18.9,19.05,-0.1,6944,0.6984778719189828,13.4108,13.306,13.2012,13.4457
2020-08-13,20176238,384859630,19.1,19.15,19.0,19.1,0.05,4300,0.6984778719189828,13.3409,13.3409,13.2711,13.3759
2020-08-14,32531743,621285063,19.05,19.15,19.0,19.1,0.0,6379,0.6984778719189828,13.306,13.3409,13.2711,13.3759
2020-08-17,42875426,806756878,18.5,19.05,18.5,18.8,0.0,13161,0.7266300301553689,13.4427,13.6606,13.4427,13.8423
2020-08-18,25926775,485642642,18.85,18.85,18.65,18.75,-0.05,5755,0.7266300301553689,13.697,13.6243,13.5517,13.697
2020-08-19,46588085,883947080,18.75,19.15,18.75,18.85,0.1,12836,0.7266300301553689,13.6243,13.697,13.6243,13.915
2020-08-20,64793291,1203490213,18.8,18.9,18.3,18.45,-0.4,13845,0.7266300301553689,13.6606,13.4063,13.2973,13.7333
2020-08-21,26573757,493698150,18.65,18.75,18.45,18.6,0.15,7290,0.7266300301553689,13.5517,13.5153,13.4063,13.6243
2020-08-24,21489995,396709651,18.65,18.7,18.4,18.45,-0.15,5562,0.7266300301553689,13.5517,13.4063,13.37,13.588
2020-08-25,25944756,479185705,18.45,18.55,18.4,18.45,0.0,6005,0.7266300301553689,13.4063,13.4063,13.37,13.479
2020-08-26,30643070,563390664,18.45,18.55,18.3,18.4,-0.05,7179,0.7266300301553689,13.4063,13.37,13.2973,13.479
2020-08-27,12686925,232764314,18.4,18.4,18.3,18.3,-0.1,3485,0.7266300301553689,13.37,13.2973,13.2973,13.37
2020-08-28,17536387,321404779,18.3,18.45,18.25,18.3,0.0,5688,0.7266300301553689,13.2973,13.2973,13.261,13.4063
2020-08-31,27667207,508377095,18.4,18.45,18.3,18.4,0.1,3728,0.7266300301553689,13.37,13.37,13.2973,13.4063
2020-09-01,38794834,710413132,18.3,18.45,18.2,18.3,-0.1,6044,0.7266300301553689,13.2973,13.2973,13.2247,13.4063
2020-09-02,29121862,533625563,18.4,18.45,18.2,18.3,0.0,6438,0.7266300301553689,13.37,13.2973,13.2247,13.4063
2020-09-03,44075538,815469674,18.35,18.7,18.3,18.4,0.1,9442,0.7266300301553689,13.3337,13.37,13.2973,13.588
2020-09-04,25106310,458283082,18.25,18.35,18.2,18.2,-0.2,6570,0.7266300301553689,13.261,13.2247,13.2247,13.3337
2020-09-07,30782118,561551478,18.25,18.35,18.15,18.25,0.05,5269,0.7266300301553689,13.261,13.261,13.1883,13.3337
2020-09-08,19915074,364016788,18.35,18.4,18.2,18.3,0.05,4109,0.7266300301553689,13.3337,13.2973,13.2247,13.37
2020-09-09,20713525,376130490,18.2,18.25,18.1,18.2,-0.1,4778,0.7266300301553689,13.2247,13.2247,13.152,13.261
2020-09-10,20379395,371009429,18.25,18.3,18.15,18.3,0.1,4241,0.7266300301553689,13.261,13.2973,13.1883,13.2973
2020-09-11,18437749,336419669,18.25,18.35,18.2,18.3,0.0,4318,0.7266300301553689,13.261,13.2973,13.2247,13.3337
2020-09-14,18813109,342582096,18.35,18.35,18.15,18.25,-0.05,3736,0.7266300301553689,13.3337,13.261,13.1883,13.3337
2020-09-15,11423260,208012393,18.25,18.3,18.15,18.25,0.0,3212,0.7266300301553689,13.261,13.261,13.1883,13.2973
2020-09-16,21513188,393590826,18.25,18.4,18.2,18.35,0.1,5705,0.7266300301553689,13.261,13.3337,13.2247,13.37
2020-09-17,19290911,353542512,18.3,18.4,18.25,18.3,-0.05,3711,0.7266300301553689,13.2973,13.2973,13.261,13.37
2020-09-18,23250121,424411543,18.25,18.3,18.2,18.3,0.0,3943,0.7266300301553689,13.261,13.2973,13.2247,13.2973
2020-09-21,26320425,476759144,18.2,18.25,18.0,18.0,-0.3,7683,0.7266300301553689,13.2247,13.0793,13.0793,13.261
2020-09-22,30579450,544932747,17.95,18.0,17.7,17.75,-0.25,9242,0.7266300301553689,13.043,12.8977,12.8614,13.0793
2020-09-23,19604909,347381845,17.75,17.85,17.65,17.7,-0.05,5467,0.7266300301553689,12.8977,12.8614,12.825,12.9703
2020-09-24,44211018,763162507,17.55,17.55,17.15,17.15,-0.55,13849,0.7266300301553689,12.7524,12.4617,12.4617,12.7524
2020-09-25,26052336,451970117,17.25,17.6,17.2,17.3,0.15,6237,0.7266300301553689,12.5344,12.5707,12.498,12.7887
2020-09-28,20804894,367186915,17.45,17.8,17.45,17.7,0.4,4349,0.7266300301553689,12.6797,12.8614,12.6797,12.934
2020-09-29,77175118,1382387660,17.8,17.85,17.6,17.65,-0.05,3945,0.7266300301553689,12.934,12.825,12.7887,12.9703
2020-09-30,12746526,225848535,17.8,17.8,17.6,17.8,0.15,3709,0.7266300301553689,12.934,12.934,12.7887,12.934
2020-10-05,15198813,271531080,17.8,17.95,17.8,17.85,0.05,4936,0.7266300301553689,12.934,12.9703,12.934,13.043
2020-10-06,56187868,1013374696,17.95,18.2,17.95,18.2,0.35,6228,0.7266300301553689,13.043,13.2247,13.043,13.2247
2020-10-07,13864341,250492301,18.05,18.15,18.0,18.0,-0.2,3509,0.7266300301553689,13.1157,13.0793,13.0793,13.1883
2020-10-08,71480366,1288614669,18.1,18.2,18.0,18.2,0.2,4590,0.7266300301553689,13.152,13.2247,13.0793,13.2247
2020-10-12,20733087,375743428,18.2,18.2,18.0,18.2,0.0,4859,0.7266300301553689,13.2247,13.2247,13.0793,13.2247
2020-10-13,63062258,1135926814,18.1,18.15,17.95,18.1,-0.1,3433,0.7266300301553689,13.152,13.152,13.043,13.1883
2020-10-14,21067736,381974746,18.15,18.15,18.05,18.15,0.05,2989,0.7266300301553689,13.1883,13.1883,13.1157,13.1883
2020-10-15,16557320,298847322,18.0,18.15,18.0,18.0,-0.15,4144,0.7266300301553689,13.0793,13.0793,13.0793,13.1883
2020-10-16,42232666,759847388,18.05,18.1,17.9,17.9,-0.1,3741,0.7266300301553689,13.1157,13.0067,13.0067,13.152
2020-10-19,14304614,255758141,17.95,17.95,17.8,17.8,-0.1,4531,0.7266300301553689,13.043,12.934,12.934,13.043
2020-10-20,11232291,199961625,17.8,17.85,17.75,17.85,0.05,3391,0.7266300301553689,12.934,12.9703,12.8977,12.9703
2020-10-21,8796269,157204937,17.9,17.95,17.85,17.85,0.0,3269,0.7266300301553689,13.0067,12.9703,12.9703,13.043
2020-10-22,24958100,450722994,17.85,18.1,17.8,18.1,0.25,4277,0.7266300301553689,12.9703,13.152,12.934,13.152
2020-10-23,14056047,252770896,18.05,18.1,17.9,17.95,-0.15,3083,0.7266300301553689,13.1157,13.043,13.0067,13.152
2020-10-26,10658288,192402355,17.9,18.15,17.9,18.05,0.1,3461,0.7266300301553689,13.0067,13.1157,13.0067,13.1883
2020-10-27,13358295,240073306,17.95,18.0,17.9,18.0,-0.05,2823,0.7266300301553689,13.043,13.0793,13.0067,13.0793
2020-10-28,11340745,202912814,17.95,18.0,17.85,17.9,-0.1,3641,0.7266300301553689,13.043,13.0067,12.9703,13.0793
2020-10-29,15466766,273941331,17.75,17.8,17.6,17.65,-0.25,6087,0.7266300301553689,12.8977,12.825,12.7887,12.934
2020-10-30,20611412,364028816,17.6,17.75,17.55,17.75,0.1,4589,0.7266300301553689,12.7887,12.8977,12.7524,12.8977
2020-11-02,17690752,316783930,17.75,18.0,17.7,18.0,0.25,3700,0.7266300301553689,12.8977,13.0793,12.8614,13.0793
2020-11-03,25821870,467243255,17.95,18.15,17.9,18.1,0.1,11547,0.7266300301553689,13.043,13.152,13.0067,13.1883
2020-11-04,11682526,211469721,18.0,18.2,18.0,18.15,0.05,2793,0.7266300301553689,13.0793,13.1883,13.0793,13.2247
2020-11-05,16546111,300958753,18.15,18.25,18.1,18.25,0.1,7373,0.7266300301553689,13.1883,13.261,13.152,13.261
2020-11-06,18432319,336011743,18.15,18.3,18.1,18.3,0.05,5257,0.7266300301553689,13.1883,13.2973,13.152,13.2973
2020-11-09,25362268,464962319,18.3,18.4,18.25,18.35,0.05,4575,0.7266300301553689,13.2973,13.3337,13.261,13.37
2020-11-10,36824390,682408593,18.45,18.6,18.45,18.6,0.25,9139,0.7266300301553689,13.4063,13.5153,13.4063,13.5153
2020-11-11,60243751,1139708027,18.6,19.05,18.55,19.05,0.45,19274,0.7266300301553689,13.5153,13.8423,13.479,13.8423
2020-11-12,34619706,649150750,19.0,19.05,18.6,18.6,-0.45,9712,0.7266300301553689,13.806,13.5153,13.5153,13.8423
2020-11-13,23294007,432267979,18.55,18.7,18.45,18.5,-0.1,5651,0.7266300301553689,13.479,13.4427,13.4063,13.588
2020-11-16,22997106,431667193,18.65,18.85,18.6,18.8,0.3,5833,0.7266300301553689,13.5517,13.6606,13.5153,13.697
2020-11-17,33808411,639304991,18.95,19.0,18.8,18.9,0.1,12713,0.7266300301553689,13.7696,13.7333,13.6606,13.806
2020-11-18,32524982,617862061,18.9,19.05,18.85,19.05,0.15,7481,0.7266300301553689,13.7333,13.8423,13.697,13.8423
2020-11-19,20530593,389423863,19.0,19.05,18.9,18.95,-0.1,5576,0.7266300301553689,13.806,13.7696,13.7333,13.8423
2020-11-20,23798454,452559526,19.0,19.05,18.9,19.05,0.1,6056,0.7266300301553689,13.806,13.8423,13.7333,13.8423
2020-11-23,42299766,816902639,19.25,19.4,19.15,19.4,0.35,9949,0.7266300301553689,13.9876,14.0966,13.915,14.0966
2020-11-24,28581665,555257220,19.5,19.55,19.35,19.4,0.0,9314,0.7266300301553689,14.1693,14.0966,14.0603,14.2056
2020-11-25,23251974,447859569,19.5,19.5,19.1,19.25,-0.15,5853,0.7266300301553689,14.1693,13.9876,13.8786,14.1693
2020-11-26,14884152,285256386,19.15,19.25,19.1,19.25,0.0,5830,0.7266300301553689,13.915,13.9876,13.8786,13.9876
2020-11-27,20060892,385393845,19.25,19.3,19.1,19.3,0.05,5670,0.7266300301553689,13.9876,14.024,13.8786,14.024
2020-11-30,51134902,977728403,19.15,19.25,19.05,19.1,-0.2,6759,0.7266300301553689,13.915,13.8786,13.8423,13.9876
2020-12-01,20871091,401023431,19.15,19.35,19.05,19.35,0.25,4927,0.7266300301553689,13.915,14.0603,13.8423,14.0603
2020-12-02,24215125,468116689,19.35,19.4,19.2,19.4,0.05,4895,0.7266300301553689,14.0603,14.0966,13.9513,14.0966
2020-12-03,17740230,342892458,19.3,19.4,19.2,19.35,-0.05,5297,0.7266300301553689,14.024,14.0603,13.9513,14.0966
2020-12-04,18661730,360867026,19.25,19.4,19.25,19.4,0.05,4627,0.7266300301553689,13.9876,14.0966,13.9876,14.0966
2020-12-07,28444566,549655286,19.4,19.45,19.25,19.3,-0.1,4822,0.7266300301553689,14.0966,14.024,13.9876,14.133
2020-12-08,33218640,639617178,19.2,19.35,19.15,19.35,0.05,6442,0.7266300301553689,13.9513,14.0603,13.915,14.0603
2020-12-09,28149336,546947992,19.35,19.5,19.3,19.45,0.1,6761,0.7266300301553689,14.0603,14.133,14.024,14.1693
2020-12-10,39207689,764500249,19.4,19.65,19.35,19.4,-0.05,7146,0.7266300301553689,14.0966,14.0966,14.0603,14.2783
2020-12-11,53672098,1058582696,19.5,19.85,19.45,19.8,0.4,10597,0.7266300301553689,14.1693,14.3873,14.133,14.4236
2020-12-14,29935078,596436783,19.9,20.0,19.85,19.85,0.05,6739,0.7266300301553689,14.4599,14.4236,14.4236,14.5326
2020-12-15,27432461,537356992,19.85,19.9,19.45,19.5,-0.35,6148,0.7266300301553689,14.4236,14.1693,14.133,14.4599
2020-12-16,21559608,425071756,19.65,19.8,19.6,19.8,0.3,8136,0.7266300301553689,14.2783,14.3873,14.2419,14.3873
2020-12-17,16698390,328816893,19.8,19.8,19.65,19.65,-0.15,3663,0.7266300301553689,14.3873,14.2783,14.2783,14.3873
2020-12-18,19011115,373289983,19.65,19.8,19.55,19.55,-0.1,4882,0.7266300301553689,14.2783,14.2056,14.2056,14.3873
2020-12-21,22732027,448453953,19.55,19.9,19.55,19.9,0.35,4902,0.7266300301553689,14.2056,14.4599,14.2056,14.4599
2020-12-22,15660227,309698956,19.9,19.9,19.65,19.65,-0.25,3876,0.7266300301553689,14.4599,14.2783,14.2783,14.4599
2020-12-23,11552437,226245195,19.6,19.7,19.55,19.55,-0.1,2854,0.7266300301553689,14.2419,14.2056,14.2056,14.3146
2020-12-24,11079981,218410490,19.65,19.8,19.6,19.75,0.2,2045,0.7266300301553689,14.2783,14.3509,14.2419,14.3873
2020-12-25,8854582,174756651,19.75,19.8,19.65,19.7,-0.05,2112,0.7266300301553689,14.3509,14.3146,14.2783,14.3873
2020-12-28,8418423,166223799,19.7,19.8,19.65,19.8,0.1,2583,0.7266300301553689,14.3146,14.3873,14.2783,14.3873
2020-12-29,16645864,332080065,19.9,20.0,19.85,19.95,0.15,4557,0.7266300301553689,14.4599,14.4963,14.4236,14.5326
2020-12-30,41561621,840786185,19.95,20.5,19.9,20.4,0.45,11355,0.7266300301553689,14.4963,14.8233,14.4599,14.8959
2020-12-31,32122111,659221211,20.65,20.7,20.35,20.55,0.15,7097,0.7266300301553689,15.0049,14.9322,14.7869,15.0412
2021-01-04,27263073,557110187,20.45,20.6,20.25,20.45,-0.1,6932,0.7266300301553689,14.8596,14.8596,14.7143,14.9686
2021-01-05,21051766,431131926,20.45,20.6,20.35,20.55,0.1,5599,0.7266300301553689,14.8596,14.9322,14.7869,14.9686
2021-01-06,51827227,1075666270,20.5,21.15,20.45,20.65,0.1,11936,0.7266300301553689,14.8959,15.0049,14.8596,15.3682
2021-01-07,44988513,946056269,20.8,21.25,20.8,21.0,0.35,9764,0.7266300301553689,15.1139,15.2592,15.1139,15.4409
2021-01-08,47230107,1002155544,21.25,21.5,21.0,21.35,0.35,10821,0.7266300301553689,15.4409,15.5136,15.2592,15.6225
2021-01-11,52662109,1144785494,21.3,22.0,21.25,21.9,0.55,13667,0.7266300301553689,15.4772,15.9132,15.4409,15.9859
2021-01-12,43926627,946170593,22.1,22.1,21.25,21.25,-0.65,14402,0.7266300301553689,16.0585,15.4409,15.4409,16.0585
2021-01-13,35587885,760820692,21.35,21.5,21.25,21.4,0.15,9018,0.7266300301553689,15.5136,15.5499,15.4409,15.6225
2021-01-14,32068801,678319293,21.4,21.4,21.05,21.2,-0.2,9983,0.7266300301553689,15.5499,15.4046,15.2956,15.5499
2021-01-15,34712755,729498896,21.25,21.35,20.9,21.0,-0.2,8815,0.7266300301553689,15.4409,15.2592,15.1866,15.5136
2021-01-18,34908025,725594868,21.0,21.0,20.65,21.0,0.0,8921,0.7266300301553689,15.2592,15.2592,15.0049,15.2592
2021-01-19,23127153,491126968,21.0,21.4,20.95,21.3,0.3,5420,0.7266300301553689,15.2592,15.4772,15.2229,15.5499
2021-01-20,38741942,806760472,21.3,21.3,20.55,20.65,-0.65,12094,0.7266300301553689,15.4772,15.0049,14.9322,15.4772
2021-01-21,29264752,613870212,20.75,21.1,20.7,21.0,0.35,7408,0.7266300301553689,15.0776,15.2592,15.0412,15.3319
2021-01-22,31360322,651633336,21.0,21.0,20.65,20.75,-0.25,6089,0.7266300301553689,15.2592,15.0776,15.0049,15.2592
2021-01-25,23381203,485234449,20.75,20.9,20.55,20.85,0.1,5297,0.7266300301553689,15.0776,15.1502,14.9322,15.1866
2021-01-26,29129231,605501932,20.85,20.95,20.7,20.7,-0.15,6977,0.7266300301553689,15.1502,15.0412,15.0412,15.2229
2021-01-27,27622019,573349059,20.85,21.05,20.65,20.65,-0.05,8561,0.7266300301553689,15.1502,15.0049,15.0049,15.2956
2021-01-28,26672487,541587650,20.45,20.5,20.15,20.3,-0.35,9160,0.7266300301553689,14.8596,14.7506,14.6416,14.8959
2021-01-29,36025139,724741912,20.35,20.45,19.9,19.9,-0.4,8084,0.7266300301553689,14.7869,14.4599,14.4599,14.8596
2021-02-01,24638071,495445730,19.9,20.3,19.85,20.2,0.3,5639,0.7266300301553689,14.4599,14.6779,14.4236,14.7506
2021-02-02,37540427,775370369,20.45,20.9,20.3,20.65,0.45,7035,0.7266300301553689,14.8596,15.0049,14.7506,15.1866
2021-02-03,25709306,534200970,20.75,20.9,20.5,20.85,0.2,4172,0.7266300301553689,15.0776,15.1502,14.8959,15.1866
2021-02-04,18805196,391029404,20.75,20.9,20.65,20.75,-0.1,3349,0.7266300301553689,15.0776,15.0776,15.0049,15.1866
2021-02-05,24126876,504763774,20.8,21.0,20.75,21.0,0.25,4880,0.7266300301553689,15.1139,15.2592,15.0776,15.2592
2021-02-17,37236314,795001364,21.45,21.5,21.15,21.4,0.4,9968,0.7266300301553689,15.5862,15.5499,15.3682,15.6225
2021-02-18,25423581,547065628,21.45,21.7,21.35,21.4,0.0,5746,0.7266300301553689,15.5862,15.5499,15.5136,15.7679
2021-02-19,18397945,390738035,21.4,21.4,21.1,21.3,-0.1,5004,0.7266300301553689,15.5499,15.4772,15.3319,15.5499
2021-02-22,15873383,340086425,21.45,21.6,21.3,21.3,0.0,4760,0.7266300301553689,15.5862,15.4772,15.4772,15.6952
2021-02-23,28798518,622472789,21.35,21.8,21.25,21.65,0.35,7187,0.7266300301553689,15.5136,15.7315,15.4409,15.8405
2021-02-24,23548849,510514480,21.8,21.9,21.55,21.6,-0.05,5466,0.7266300301553689,15.8405,15.6952,15.6589,15.9132
2021-02-25,31873486,697550444,21.85,22.0,21.7,22.0,0.4,8353,0.7266300301553689,15.8769,15.9859,15.7679,15.9859
2021-02-26,53276071,1141360642,21.7,21.85,21.25,21.25,-0.75,12851,0.7266300301553689,15.7679,15.4409,15.4409,15.8769
2021-03-02,25553658,544104316,21.5,21.55,21.05,21.05,-0.2,7249,0.7266300301553689,15.6225,15.2956,15.2956,15.6589
2021-03-03,33642587,718607522,21.25,21.55,21.05,21.4,0.35,6853,0.7266300301553689,15.4409,15.5499,15.2956,15.6589
2021-03-04,26981494,571070304,21.35,21.35,21.0,21.15,-0.25,6607,0.7266300301553689,15.5136,15.3682,15.2592,15.5136
2021-03-05,16730529,353154195,20.95,21.3,20.85,21.2,0.05,4704,0.7266300301553689,15.2229,15.4046,15.1502,15.4772
2021-03-08,22592821,479185427,21.25,21.45,21.05,21.15,-0.05,5842,0.7266300301553689,15.4409,15.3682,15.2956,15.5862
2021-03-09,44332080,956565580,21.15,21.7,21.15,21.65,0.5,9184,0.7266300301553689,15.3682,15.7315,15.3682,15.7679
2021-03-10,26193138,570189131,21.65,21.9,21.6,21.85,0.2,6232,0.7266300301553689,15.7315,15.8769,15.6952,15.9132
2021-03-11,26046463,570229258,22.0,22.0,21.75,21.85,0.0,7561,0.7266300301553689,15.9859,15.8769,15.8042,15.9859
2021-03-12,15232122,331933745,21.85,21.9,21.6,21.9,0.05,4083,0.7266300301553689,15.8769,15.9132,15.6952,15.9132
2021-03-15,16550601,363356209,21.85,22.0,21.85,21.9,0.0,4392,0.7266300301553689,15.8769,15.9132,15.8769,15.9859
2021-03-16,13846978,303026275,21.95,21.95,21.8,21.9,0.0,3455,0.7266300301553689,15.9495,15.9132,15.8405,15.9495
2021-03-17,16323413,356800265,21.9,21.95,21.75,21.8,-0.1,5023,0.7266300301553689,15.9132,15.8405,15.8042,15.9495
2021-03-18,21784419,478514144,21.9,22.05,21.85,21.9,0.1,4885,0.7266300301553689,15.9132,15.9132,15.8769,16.0222
2021-03-19,28192419,611364700,21.85,21.9,21.55,21.65,-0.25,5979,0.7266300301553689,15.8769,15.7315,15.6589,15.9132
2021-03-22,13692674,296801937,21.6,21.8,21.55,21.75,0.1,3528,0.7266300301553689,15.6952,15.8042,15.6589,15.8405
2021-03-23,18083308,395232317,21.75,22.0,21.7,21.9,0.15,4022,0.7266300301553689,15.8042,15.9132,15.7679,15.9859
2021-03-24,49900897,1107936214,22.0,22.4,22.0,22.15,0.25,10064,0.7266300301553689,15.9859,16.0949,15.9859,16.2765
2021-03-25,20564301,457765267,22.15,22.35,22.15,22.3,0.15,4867,0.7266300301553689,16.0949,16.2038,16.0949,16.2402
2021-03-26,17797268,396726123,22.4,22.4,22.25,22.25,-0.05,6091,0.7266300301553689,16.2765,16.1675,16.1675,16.2765
2021-03-29,16509939,368272763,22.3,22.35,22.25,22.35,0.1,4672,0.7266300301553689,16.2038,16.2402,16.1675,16.2402
2021-03-30,24789947,556476737,22.35,22.65,22.25,22.65,0.3,6604,0.7266300301553689,16.2402,16.4582,16.1675,16.4582
2021-03-31,29298982,663158769,22.7,22.75,22.5,22.5,-0.15,6467,0.7266300301553689,16.4945,16.3492,16.3492,16.5308
2021-04-01,14518696,326427918,22.6,22.65,22.4,22.4,-0.1,4404,0.7266300301553689,16.4218,16.2765,16.2765,16.4582
2021-04-06,13424063,302721855,22.55,22.65,22.5,22.5,0.1,4097,0.7266300301553689,16.3855,16.3492,16.3492,16.4582
2021-04-07,11888286,268695214,22.65,22.65,22.55,22.6,0.1,3543,0.7266300301553689,16.4582,16.4218,16.3855,16.4582
2021-04-08,10458885,236747888,22.65,22.7,22.55,22.7,0.1,3426,0.7266300301553689,16.4582,16.4945,16.3855,16.4945
2021-04-09,27028017,621290883,23.05,23.05,22.9,23.0,0.3,8081,0.7266300301553689,16.7488,16.7125,16.6398,16.7488
2021-04-12,26207951,609429956,23.05,23.4,23.05,23.35,0.35,6929,0.7266300301553689,16.7488,16.9668,16.7488,17.0031
2021-04-13,25481553,595196033,23.45,23.55,23.1,23.15,-0.2,7160,0.7266300301553689,17.0395,16.8215,16.7852,17.1121
2021-04-14,24226056,561844132,23.2,23.3,23.05,23.3,0.15,6633,0.7266300301553689,16.8578,16.9305,16.7488,16.9305
2021-04-15,38430395,911204851,23.35,24.0,23.3,24.0,0.7,10503,0.7266300301553689,16.9668,17.4391,16.9305,17.4391
2021-04-16,52435226,1279486363,24.0,24.75,24.0,24.75,0.75,13090,0.7266300301553689,17.4391,17.9841,17.4391,17.9841
2021-04-19,59857338,1534893151,24.9,26.2,24.85,26.1,1.35,17571,0.7266300301553689,18.0931,18.965,18.0568,19.0377
2021-04-20,45655445,1177277754,26.05,26.05,25.55,26.0,-0.1,13922,0.7266300301553689,18.9287,18.8924,18.5654,18.9287
2021-04-21,44181655,1137879273,25.75,26.15,25.45,25.7,-0.3,14074,0.7266300301553689,18.7107,18.6744,18.4927,19.0014
2021-04-22,49734166,1299405932,25.85,26.65,25.65,25.95,0.25,14310,0.7266300301553689,18.7834,18.856,18.6381,19.3647
2021-04-23,29428146,765062194,26.2,26.4,25.8,25.9,-0.05,8654,0.7266300301553689,19.0377,18.8197,18.7471,19.183
2021-04-26,38803467,1021200723,26.15,26.5,26.05,26.5,0.6,11735,0.7266300301553689,19.0014,19.2557,18.9287,19.2557
2021-04-27,22684431,597979534,26.55,26.55,26.25,26.35,-0.15,7464,0.7266300301553689,19.292,19.1467,19.074,19.292
2021-04-28,22272990,582936204,26.3,26.4,26.05,26.1,-0.25,6927,0.7266300301553689,19.1104,18.965,18.9287,19.183
2021-04-29,34038787,885795352,26.0,26.3,25.75,26.0,-0.1,7733,0.7266300301553689,18.8924,18.8924,18.7107,19.1104
2021-05-03,49950749,1285468774,25.9,26.1,25.5,25.5,-0.5,13836,0.7266300301553689,18.8197,18.5291,18.5291,18.965
2021-05-04,45872769,1155073528,25.5,25.85,24.65,25.05,-0.45,12568,0.7266300301553689,18.5291,18.2021,17.9114,18.7834
2021-05-05,28160060,714751510,25.1,25.7,25.0,25.3,0.25,7706,0.7266300301553689,18.2384,18.3837,18.1658,18.6744
2021-05-06,29135636,740510751,25.5,25.85,25.45,25.7,0.4,6447,0.7266300301553689,18.5291,18.6744,18.4927,18.7834
2021-05-07,22723927,586400614,25.9,26.0,25.6,25.9,0.2,5338,0.7266300301553689,18.8197,18.8197,18.6017,18.8924
2021-05-10,51741141,1366883746,26.0,26.8,25.95,26.7,0.8,11602,0.7266300301553689,18.8924,19.401,18.856,19.4737
2021-05-11,60369443,1590116686,26.4,26.85,25.8,26.0,-0.7,15266,0.7266300301553689,19.183,18.8924,18.7471,19.51
2021-05-12,102034622,2518502576,25.85,26.0,23.5,24.5,-1.5,28707,0.7266300301553689,18.7834,17.8024,17.0758,18.8924
2021-05-13,64868847,1560751886,23.8,24.6,23.4,23.9,-0.6,19407,0.7266300301553689,17.2938,17.3665,17.0031,17.8751
2021-05-14,36670656,891773803,24.15,24.6,24.1,24.3,0.4,9168,0.7266300301553689,17.5481,17.6571,17.5118,17.8751
2021-05-17,53391323,1254570292,23.65,24.2,22.95,23.15,-1.15,17051,0.7266300301553689,17.1848,16.8215,16.6762,17.5844
2021-05-18,29681543,719195030,23.35,24.65,23.35,24.45,1.3,8625,0.7266300301553689,16.9668,17.7661,16.9668,17.9114
2021-05-19,16944900,414272870,24.4,24.7,24.15,24.35,-0.1,5754,0.7266300301553689,17.7298,17.6934,17.5481,17.9478
2021-05-20,21739040,529563809,24.2,24.65,24.1,24.45,0.1,5101,0.7266300301553689,17.5844,17.7661,17.5118,17.9114
2021-05-21,20318856,502615519,24.75,25.1,24.4,24.65,0.2,6191,0.7266300301553689,17.9841,17.9114,17.7298,18.2384
2021-05-24,16586800,411961494,24.45,25.0,24.35,25.0,0.35,5004,0.7266300301553689,17.7661,18.1658,17.6934,18.1658
2021-05-25,17484019,439417041,25.0,25.3,25.0,25.05,0.05,5465,0.7266300301553689,18.1658,18.2021,18.1658,18.3837
2021-05-26,11061517,277557979,25.25,25.25,25.0,25.15,0.1,3320,0.7266300301553689,18.3474,18.2747,18.1658,18.3474
2021-05-27,41730701,1048643237,25.05,25.2,24.8,25.2,0.05,5347,0.7266300301553689,18.2021,18.3111,18.0204,18.3111
2021-05-28,24647215,627732062,25.2,25.6,25.2,25.6,0.4,7185,0.7266300301553689,18.3111,18.6017,18.3111,18.6017
2021-05-31,15680759,402433949,25.65,25.8,25.5,25.6,0.0,4659,0.7266300301553689,18.6381,18.6017,18.5291,18.7471
2021-06-01,15079478,386008723,25.6,25.75,25.45,25.7,0.1,3822,0.7266300301553689,18.6017,18.6744,18.4927,18.7107
2021-06-02,16068979,415129878,25.65,25.95,25.65,25.95,0.25,4510,0.7266300301553689,18.6381,18.856,18.6381,18.856
2021-06-03,26480408,692463875,26.05,26.55,25.9,26.0,0.05,7273,0.7266300301553689,18.9287,18.8924,18.8197,19.292
2021-06-04,12082229,311347350,25.8,25.9,25.7,25.8,-0.2,6494,0.7266300301553689,18.7471,18.7471,18.6744,18.8197
2021-06-07,18510798,472521884,25.75,25.8,25.2,25.5,-0.3,6366,0.7266300301553689,18.7107,18.5291,18.3111,18.7471
2021-06-08,9783128,252168157,25.55,25.95,25.55,25.85,0.35,2944,0.7266300301553689,18.5654,18.7834,18.5654,18.856
2021-06-09,11681964,298640616,25.85,25.85,25.45,25.5,-0.35,4461,0.7266300301553689,18.7834,18.5291,18.4927,18.7834
2021-06-10,14024819,356709632,25.55,25.6,25.35,25.5,0.0,4120,0.7266300301553689,18.5654,18.5291,18.4201,18.6017
2021-06-11,8477709,216760089,25.5,25.7,25.45,25.5,0.0,2549,0.7266300301553689,18.5291,18.5291,18.4927,18.6744
2021-06-15,10201987,259651982,25.5,25.5,25.4,25.4,-0.1,2776,0.7266300301553689,18.5291,18.4564,18.4564,18.5291
2021-06-16,12871666,328056823,25.3,25.65,25.3,25.4,0.0,4343,0.7266300301553689,18.3837,18.4564,18.3837,18.6381
2021-06-17,11947866,302821145,25.2,25.45,25.2,25.45,0.05,3422,0.7266300301553689,18.3111,18.4927,18.3111,18.4927
2021-06-18,30203124,762897278,25.35,25.5,25.2,25.2,-0.25,5739,0.7266300301553689,18.4201,18.3111,18.3111,18.5291
2021-06-21,24565917,613185575,25.0,25.3,24.8,25.05,-0.15,7923,0.7266300301553689,18.1658,18.2021,18.0204,18.3837
2021-06-22,18031967,455297124,25.05,25.4,25.05,25.35,0.3,5526,0.7266300301553689,18.2021,18.4201,18.2021,18.4564
2021-06-23,15413337,392238923,25.35,25.6,25.3,25.45,0.1,3827,0.7266300301553689,18.4201,18.4927,18.3837,18.6017
2021-06-24,33925495,878858024,25.6,26.1,25.55,26.05,0.6,8412,0.7266300301553689,18.6017,18.9287,18.5654,18.965
2021-06-25,29000085,764587163,26.1,26.5,26.1,26.45,0.4,7682,0.7266300301553689,18.965,19.2194,18.965,19.2557
2021-06-28,25068561,667351049,26.6,26.7,26.4,26.4,-0.05,6703,0.7266300301553689,19.3284,19.183,19.183,19.401
2021-06-29,26525199,701122421,26.4,26.55,26.2,26.4,0.0,5875,0.7266300301553689,19.183,19.183,19.0377,19.292
2021-06-30,39440105,1059819898,26.45,27.05,26.45,26.85,0.45,11049,0.7266300301553689,19.2194,19.51,19.2194,19.6553
2021-07-01,28701631,770481341,26.75,26.9,26.6,26.65,-0.2,6645,0.7266300301553689,19.4374,19.3647,19.3284,19.5463
2021-07-02,26335389,703062993,26.65,26.8,26.5,26.5,-0.15,5767,0.7266300301553689,19.3647,19.2557,19.2557,19.4737
2021-07-05,50351351,1360867792,26.6,27.15,26.6,27.1,0.6,10598,0.7266300301553689,19.3284,19.6917,19.3284,19.728
2021-07-06,65256702,1793871039,27.35,27.8,27.2,27.5,0.4,14782,0.7266300301553689,19.8733,19.9823,19.7643,20.2003
2021-07-07,70326655,1909085688,27.45,27.45,26.9,27.0,-0.5,18247,0.7266300301553689,19.946,19.619,19.5463,19.946
2021-07-08,85526851,2326758066,27.25,27.3,27.1,27.15,0.15,15588,0.7266300301553689,19.8007,19.728,19.6917,19.837
2021-07-09,117101429,3008485544,25.65,25.75,25.35,25.55,0.0,30595,0.7602314188330738,19.4999,19.4239,19.2719,19.576
2021-07-12,40860922,1046132926,25.65,25.8,25.4,25.5,-0.05,13211,0.7602314188330738,19.4999,19.3859,19.3099,19.614
2021-07-13,29592381,752865153,25.55,25.6,25.3,25.4,-0.1,10721,0.7602314188330738,19.4239,19.3099,19.2339,19.4619
2021-07-14,29215189,742867200,25.45,25.6,25.35,25.35,-0.05,7302,0.7602314188330738,19.3479,19.2719,19.2719,19.4619
2021-07-15,30611981,774438960,25.3,25.55,25.25,25.45,0.1,9305,0.7602314188330738,19.2339,19.3479,19.1958,19.4239
2021-07-16,33627931,861901235,25.45,25.9,25.4,25.9,0.45,7913,0.7602314188330738,19.3479,19.69,19.3099,19.69
2021-07-19,17986080,462881048,25.75,25.9,25.6,25.8,-0.1,5743,0.7602314188330738,19.576,19.614,19.4619,19.69
2021-07-20,16806642,429566019,25.65,25.65,25.45,25.55,-0.25,7187,0.7602314188330738,19.4999,19.4239,19.3479,19.4999
2021-07-21,30174510,766806622,25.55,25.6,25.25,25.4,-0.15,11616,0.7602314188330738,19.4239,19.3099,19.1958,19.4619
2021-07-22,23247456,593455621,25.4,25.65,25.4,25.55,0.15,6379,0.7602314188330738,19.3099,19.4239,19.3099,19.4999
2021-07-23,13358502,343255686,25.65,25.75,25.65,25.7,0.15,3924,0.7602314188330738,19.4999,19.5379,19.4999,19.576
2021-07-26,19715901,501536103,25.7,25.75,25.3,25.3,-0.4,7682,0.7602314188330738,19.5379,19.2339,19.2339,19.576
2021-07-27,16440591,414825416,25.4,25.4,25.1,25.2,-0.1,6279,0.7602314188330738,19.3099,19.1578,19.0818,19.3099
2021-07-28,20125832,502374650,25.0,25.15,24.85,25.05,-0.15,8104,0.7602314188330738,19.0058,19.0438,18.8918,19.1198
2021-07-29,19864347,501655792,25.05,25.4,25.0,25.35,0.3,4562,0.7602314188330738,19.0438,19.2719,19.0058,19.3099
2021-07-30,16118939,407980843,25.15,25.4,25.15,25.4,0.05,3779,0.7602314188330738,19.1198,19.3099,19.1198,19.3099
2021-08-02,13222269,337282065,25.45,25.65,25.3,25.65,0.25,3748,0.7602314188330738,19.3479,19.4999,19.2339,19.4999
2021-08-03,10754704,276398386,25.8,25.8,25.55,25.8,0.15,3779,0.7602314188330738,19.614,19.614,19.4239,19.614
2021-08-04,10178880,262590918,25.75,25.85,25.7,25.85,0.05,3101,0.7602314188330738,19.576,19.652,19.5379,19.652
2021-08-05,11364520,294311862,25.85,25.95,25.75,25.95,0.1,3616,0.7602314188330738,19.652,19.728,19.576,19.728
2021-08-06,21122762,544365796,25.9,25.9,25.65,25.7,-0.25,3452,0.7602314188330738,19.69,19.5379,19.4999,19.69
2021-08-09,23939963,613451399,25.6,25.8,25.35,25.8,0.1,5127,0.7602314188330738,19.4619,19.614,19.2719,19.614
2021-08-10,27429641,700286809,25.7,25.8,25.3,25.6,-0.2,5960,0.7602314188330738,19.5379,19.4619,19.2339,19.614
2021-08-11,199782806,4846516169,25.45,25.5,23.8,24.25,-1.35,56938,0.7602314188330738,19.3479,18.4356,18.0935,19.3859
2021-08-12,40837340,991195835,24.3,24.65,24.1,24.4,0.15,13659,0.7602314188330738,18.4736,18.5496,18.3216,18.7397
2021-08-13,66101052,1576617711,24.45,24.45,23.55,23.7,-0.7,21696,0.7602314188330738,18.5877,18.0175,17.9034,18.5877
2021-08-16,44811174,1077160635,23.75,24.3,23.75,24.05,0.35,10339,0.7602314188330738,18.0555,18.2836,18.0555,18.4736
2021-08-17,38771267,919818258,24.05,24.05,23.45,23.7,-0.35,11357,0.7602314188330738,18.2836,18.0175,17.8274,18.2836
2021-08-18,62264379,1466916624,23.5,23.95,23.2,23.9,0.2,12180,0.7602314188330738,17.8654,18.1695,17.6374,18.2075
2021-08-19,59893645,1405991577,23.8,24.0,23.15,23.35,-0.55,15577,0.7602314188330738,18.0935,17.7514,17.5994,18.2456
2021-08-20,34947552,824956717,23.7,23.85,23.3,23.65,0.3,9741,0.7602314188330738,18.0175,17.9795,17.7134,18.1315
2021-08-23,23389097,563240862,23.95,24.25,23.9,24.15,0.5,5479,0.7602314188330738,18.2075,18.3596,18.1695,18.4356
2021-08-24,19529804,474402715,24.2,24.5,24.05,24.45,0.3,5395,0.7602314188330738,18.3976,18.5877,18.2836,18.6257
2021-08-25,16635740,405311653,24.5,24.5,24.15,24.5,0.05,4628,0.7602314188330738,18.6257,18.6257,18.3596,18.6257
2021-08-26,13401610,325936581,24.5,24.55,24.15,24.3,-0.2,3475,0.7602314188330738,18.6257,18.4736,18.3596,18.6637
2021-08-27,19246177,471622924,24.2,24.6,24.15,24.6,0.3,5361,0.7602314188330738,18.3976,18.7017,18.3596,18.7017
2021-08-30,19185443,476482070,24.6,25.0,24.6,25.0,0.4,6026,0.7602314188330738,18.7017,19.0058,18.7017,19.0058
2021-08-31,26854364,665828243,24.9,25.0,24.5,25.0,0.0,6630,0.7602314188330738,18.9298,19.0058,18.6257,19.0058
2021-09-01,16538257,411007306,24.6,25.0,24.6,24.9,-0.1,5985,0.7602314188330738,18.7017,18.9298,18.7017,19.0058
2021-09-02,17401292,427609177,24.65,24.8,24.5,24.5,-0.4,6374,0.7602314188330738,18.7397,18.6257,18.6257,18.8537
2021-09-03,13007288,320797090,24.6,24.8,24.5,24.7,0.2,3667,0.7602314188330738,18.7017,18.7777,18.6257,18.8537
2021-09-06,16142882,395658698,24.7,24.7,24.45,24.5,-0.2,5220,0.7602314188330738,18.7777,18.6257,18.5877,18.7777
2021-09-07,19384434,471857284,24.5,24.5,24.25,24.3,-0.2,5120,0.7602314188330738,18.6257,18.4736,18.4356,18.6257
2021-09-08,21806599,537253467,24.55,24.75,24.5,24.65,0.35,6348,0.7602314188330738,18.6637,18.7397,18.6257,18.8157
2021-09-09,13098212,321467569,24.5,24.65,24.45,24.6,-0.05,2839,0.7602314188330738,18.6257,18.7017,18.5877,18.7397
2021-09-10,13405339,331783410,24.6,24.85,24.6,24.75,0.15,3849,0.7602314188330738,18.7017,18.8157,18.7017,18.8918
2021-09-13,12739615,317070424,24.75,24.95,24.7,24.95,0.2,3621,0.7602314188330738,18.8157,18.9678,18.7777,18.9678
2021-09-14,18021236,451746379,25.0,25.3,24.95,25.1,0.15,4928,0.7602314188330738,19.0058,19.0818,18.9678,19.2339
2021-09-15,16232497,406398680,25.05,25.1,24.9,25.1,0.0,4560,0.7602314188330738,19.0438,19.0818,18.9298,19.0818
2021-09-16,16890389,423546346,25.0,25.2,25.0,25.05,-0.05,5111,0.7602314188330738,19.0058,19.0438,19.0058,19.1578
2021-09-17,29411992,731175872,25.05,25.1,24.75,24.75,-0.3,5020,0.7602314188330738,19.0438,18.8157,18.8157,19.0818
2021-09-22,25245614,613832888,24.45,24.5,24.15,24.3,-0.45,7246,0.7602314188330738,18.5877,18.4736,18.3596,18.6257
2021-09-23,11128558,274693310,24.5,24.8,24.45,24.8,0.5,3056,0.7602314188330738,18.6257,18.8537,18.5877,18.8537
2021-09-24,7658814,189281500,24.9,24.95,24.55,24.65,-0.15,3063,0.7602314188330738,18.9298,18.7397,18.6637,18.9678
2021-09-27,12835971,317963733,24.65,24.9,24.5,24.8,0.15,3809,0.7602314188330738,18.7397,18.8537,18.6257,18.9298
2021-09-28,8108303,199865475,24.6,24.8,24.55,24.6,-0.2,2686,0.7602314188330738,18.7017,18.7017,18.6637,18.8537
2021-09-29,16971564,413870948,24.5,24.6,24.3,24.4,-0.2,4981,0.7602314188330738,18.6257,18.5496,18.4736,18.7017
2021-09-30,13096063,321748282,24.4,24.75,24.35,24.7,0.3,2757,0.7602314188330738,18.5496,18.7777,18.5116,18.8157
2021-10-01,21884313,530081960,24.5,24.6,24.1,24.2,-0.5,7258,0.7602314188330738,18.6257,18.3976,18.3216,18.7017
2021-10-04,8768245,212306373,24.25,24.35,24.15,24.2,0.0,2584,0.7602314188330738,18.4356,18.3976,18.3596,18.5116
2021-10-05,15453058,371375126,24.1,24.2,23.95,24.05,-0.15,5246,0.7602314188330738,18.3216,18.2836,18.2075,18.3976
2021-10-06,20089799,488495176,24.2,24.6,24.1,24.45,0.4,5045,0.7602314188330738,18.3976,18.5877,18.3216,18.7017
2021-10-07,9974109,244789246,24.55,24.6,24.4,24.55,0.1,2791,0.7602314188330738,18.6637,18.6637,18.5496,18.7017
2021-10-08,6770383,166122070,24.75,24.75,24.45,24.45,-0.1,2428,0.7602314188330738,18.8157,18.5877,18.5877,18.8157
2021-10-12,13326384,324384576,24.25,24.5,24.15,24.5,0.05,3115,0.7602314188330738,18.4356,18.6257,18.3596,18.6257
2021-10-13,8365047,205010388,24.6,24.7,24.4,24.4,-0.1,2874,0.7602314188330738,18.7017,18.5496,18.5496,18.7777
2021-10-14,11281388,274133376,24.55,24.6,24.2,24.2,-0.2,3021,0.7602314188330738,18.6637,18.3976,18.3976,18.7017
2021-10-15,16242792,399334549,24.25,24.7,24.25,24.7,0.5,5648,0.7602314188330738,18.4356,18.7777,18.4356,18.7777
2021-10-18,18060537,449861221,24.7,25.0,24.65,24.95,0.25,5212,0.7602314188330738,18.7777,18.9678,18.7397,19.0058
2021-10-19,13302209,331625779,25.1,25.1,24.7,24.75,-0.2,4323,0.7602314188330738,19.0818,18.8157,18.7777,19.0818
2021-10-20,10223506,252726653,24.8,24.9,24.5,24.8,0.05,3391,0.7602314188330738,18.8537,18.8537,18.6257,18.9298
2021-10-21,14038160,350241204,24.85,25.0,24.7,25.0,0.2,2147,0.7602314188330738,18.8918,19.0058,18.7777,19.0058
2021-10-22,5780743,143016972,24.8,24.9,24.65,24.7,-0.3,2172,0.7602314188330738,18.8537,18.7777,18.7397,18.9298
2021-10-25,6569659,161930438,24.65,24.8,24.55,24.6,-0.1,1841,0.7602314188330738,18.7397,18.7017,18.6637,18.8537
2021-10-26,18696262,466144024,24.75,25.0,24.7,24.95,0.35,4957,0.7602314188330738,18.8157,18.9678,18.7777,19.0058
2021-10-27,9649911,239783842,24.8,24.95,24.75,24.9,-0.05,2813,0.7602314188330738,18.8537,18.9298,18.8157,18.9678
2021-10-28,6521744,161922683,24.75,24.95,24.75,24.85,-0.05,2433,0.7602314188330738,18.8157,18.8918,18.8157,18.9678
2021-10-29,15254101,375843462,24.7,24.8,24.5,24.7,-0.15,3905,0.7602314188330738,18.7777,18.7777,18.6257,18.8537
2021-11-01,8686616,213887632,24.75,24.85,24.55,24.55,-0.15,3050,0.7602314188330738,18.8157,18.6637,18.6637,18.8918
2021-11-02,13385706,327537557,24.6,24.7,24.35,24.35,-0.2,4892,0.7602314188330738,18.7017,18.5116,18.5116,18.7777
2021-11-03,6047525,147991737,24.4,24.55,24.4,24.5,0.15,2325,0.7602314188330738,18.5496,18.6257,18.5496,18.6637
2021-11-04,6758883,166303052,24.6,24.7,24.5,24.5,0.0,1915,0.7602314188330738,18.7017,18.6257,18.6257,18.7777
2021-11-05,5503493,134961966,24.45,24.65,24.4,24.65,0.15,2398,0.7602314188330738,18.5877,18.7397,18.5496,18.7397
2021-11-08,15018636,369719346,24.65,24.7,24.55,24.7,0.05,2911,0.7602314188330738,18.7397,18.7777,18.6637,18.7777
2021-11-09,92062917,2219483918,24.7,24.7,23.7,24.2,-0.5,22221,0.7602314188330738,18.7777,18.3976,18.0175,18.7777
2021-11-10,16311593,397473227,24.3,24.45,24.25,24.45,0.25,4652,0.7602314188330738,18.4736,18.5877,18.4356,18.5877
2021-11-11,11848039,288954258,24.4,24.45,24.3,24.35,-0.1,3619,0.7602314188330738,18.5496,18.5116,18.4736,18.5877
2021-11-12,15739282,385007034,24.4,24.55,24.35,24.5,0.15,3823,0.7602314188330738,18.5496,18.6257,18.5116,18.6637
2021-11-15,15519632,383356804,24.55,24.8,24.55,24.75,0.25,4235,0.7602314188330738,18.6637,18.8157,18.6637,18.8537
2021-11-16,11826618,293607602,24.75,24.9,24.7,24.85,0.1,4104,0.7602314188330738,18.8157,18.8918,18.7777,18.9298
2021-11-17,23684400,592225665,24.85,25.15,24.8,25.15,0.3,7166,0.7602314188330738,18.8918,19.1198,18.8537,19.1198
2021-11-18,22631803,569689149,25.2,25.4,25.05,25.1,-0.05,7341,0.7602314188330738,19.1578,19.0818,19.0438,19.3099
2021-11-19,18032029,451164736,25.2,25.2,24.9,25.05,-0.05,5577,0.7602314188330738,19.1578,19.0438,18.9298,19.1578
2021-11-22,9982705,249843830,25.05,25.1,24.95,25.0,-0.05,3041,0.7602314188330738,19.0438,19.0058,18.9678,19.0818
2021-11-23,15457768,383949578,24.9,25.0,24.7,24.75,-0.25,4127,0.7602314188330738,18.9298,18.8157,18.7777,19.0058
2021-11-24,16033998,399877091,24.9,25.1,24.8,24.9,0.15,3884,0.7602314188330738,18.9298,18.9298,18.8537,19.0818
2021-11-25,15239591,377987992,24.95,25.0,24.7,24.9,0.0,5454,0.7602314188330738,18.9678,18.9298,18.7777,19.0058
2021-11-26,29961053,735083042,24.6,24.8,24.45,24.45,-0.45,7848,0.7602314188330738,18.7017,18.5877,18.5877,18.8537
2021-11-29,19437935,473260776,24.25,24.5,24.15,24.3,-0.15,5459,0.7602314188330738,18.4356,18.4736,18.3596,18.6257
2021-11-30,69353102,1662718814,24.25,24.5,23.7,23.7,-0.6,7347,0.7602314188330738,18.4356,18.0175,18.0175,18.6257
2021-12-01,45488819,1098355144,23.9,24.45,23.9,24.35,0.65,8596,0.7602314188330738,18.1695,18.5116,18.1695,18.5877
2021-12-02,23536299,577024094,24.2,24.75,24.2,24.55,0.2,6146,0.7602314188330738,18.3976,18.6637,18.3976,18.8157
2021-12-03,17859042,441844107,24.6,24.85,24.55,24.75,0.2,4701,0.7602314188330738,18.7017,18.8157,18.6637,18.8918
2021-12-06,13313698,330501134,24.6,24.95,24.5,24.9,0.15,5749,0.7602314188330738,18.7017,18.9298,18.6257,18.9678
2021-12-07,14707365,365373375,24.8,24.95,24.7,24.95,0.05,4484,0.7602314188330738,18.8537,18.9678,18.7777,18.9678
2021-12-08,41244226,1031890937,25.05,25.1,24.9,25.05,0.1,10323,0.7602314188330738,19.0438,19.0438,18.9298,19.0818
2021-12-09,28036116,701959704,25.1,25.25,24.95,25.0,-0.05,6609,0.7602314188330738,19.0818,19.0058,18.9678,19.1958
2021-12-10,19971295,497850855,25.0,25.05,24.85,24.95,-0.05,6288,0.7602314188330738,19.0058,18.9678,18.8918,19.0438
2021-12-13,13484480,337362056,25.0,25.1,24.95,25.0,0.05,3987,0.7602314188330738,19.0058,19.0058,18.9678,19.0818
2021-12-14,14833521,366875529,24.85,24.85,24.65,24.7,-0.3,4547,0.7602314188330738,18.8918,18.7777,18.7397,18.8918
2021-12-15,10700176,264497143,24.65,24.8,24.65,24.7,0.0,3775,0.7602314188330738,18.7397,18.7777,18.7397,18.8537
2021-12-16,8882450,220134999,24.8,24.85,24.7,24.85,0.15,3145,0.7602314188330738,18.8537,18.8918,18.7777,18.8918
2021-12-17,16178488,404456846,24.85,25.1,24.75,25.05,0.2,3325,0.7602314188330738,18.8918,19.0438,18.8157,19.0818
2021-12-20,16846309,415870371,24.8,24.85,24.6,24.65,-0.4,5734,0.7602314188330738,18.8537,18.7397,18.7017,18.8918
2021-12-21,12107056,299912246,24.6,24.95,24.6,24.75,0.1,2501,0.7602314188330738,18.7017,18.8157,18.7017,18.9678
2021-12-22,6122340,151922626,24.9,24.95,24.75,24.8,0.05,2340,0.7602314188330738,18.9298,18.8537,18.8157,18.9678
2021-12-23,9341974,232799136,24.85,25.0,24.8,24.95,0.15,2356,0.7602314188330738,18.8918,18.9678,18.8537,19.0058
2021-12-24,6311715,157728998,25.0,25.05,24.9,25.0,0.05,2133,0.7602314188330738,19.0058,19.0058,18.9298,19.0438
2021-12-27,5450402,136159154,25.0,25.05,24.9,25.0,0.0,2136,0.7602314188330738,19.0058,19.0058,18.9298,19.0438
2021-12-28,12845633,321323051,25.0,25.05,24.95,25.05,0.05,3209,0.7602314188330738,19.0058,19.0438,18.9678,19.0438
2021-12-29,17791252,449165197,25.05,25.3,25.05,25.3,0.25,5728,0.7602314188330738,19.0438,19.2339,19.0438,19.2339
2021-12-30,10901176,276088279,25.3,25.4,25.25,25.3,0.0,4070,0.7602314188330738,19.2339,19.2339,19.1958,19.3099
2022-01-03,13235486,335312259,25.3,25.5,25.2,25.2,-0.1,3173,0.7602314188330738,19.2339,19.1578,19.1578,19.3859
2022-01-04,12617535,319678360,25.25,25.45,25.2,25.4,0.2,6967,0.7602314188330738,19.1958,19.3099,19.1578,19.3479
2022-01-05,15130376,382891872,25.3,25.45,25.2,25.25,-0.15,3789,0.7602314188330738,19.2339,19.1958,19.1578,19.3479
2022-01-06,15214011,385679512,25.2,25.45,25.15,25.4,0.15,3764,0.7602314188330738,19.1578,19.3099,19.1198,19.3479
2022-01-07,24659873,634928913,25.55,25.95,25.5,25.75,0.35,8295,0.7602314188330738,19.4239,19.576,19.3859,19.728
2022-01-10,17710140,451355974,25.7,25.7,25.4,25.5,-0.25,7068,0.7602314188330738,19.5379,19.3859,19.3099,19.5379
2022-01-11,30009597,771071734,25.5,25.95,25.35,25.85,0.35,7574,0.7602314188330738,19.3859,19.652,19.2719,19.728
2022-01-12,22167892,573829129,25.85,26.1,25.75,25.9,0.05,7248,0.7602314188330738,19.652,19.69,19.576,19.842
2022-01-13,36556578,956393574,25.9,26.3,25.85,26.3,0.4,11459,0.7602314188330738,19.69,19.9941,19.652,19.9941
2022-01-14,27775954,721845177,26.2,26.3,25.85,25.9,-0.4,10361,0.7602314188330738,19.9181,19.69,19.652,19.9941
2022-01-17,12749457,329925097,26.0,26.0,25.8,25.85,-0.05,5544,0.7602314188330738,19.766,19.652,19.614,19.766
2022-01-18,21098996,545505648,25.85,26.0,25.75,25.8,-0.05,8240,0.7602314188330738,19.652,19.614,19.576,19.766
2022-01-19,24175469,622386202,25.65,25.85,25.6,25.7,-0.1,6288,0.7602314188330738,19.4999,19.5379,19.4619,19.652
2022-01-20,17715966,456848938,25.65,25.9,25.65,25.85,0.15,4285,0.7602314188330738,19.4999,19.652,19.4999,19.69
2022-01-21,33939722,864519242,25.65,25.75,25.25,25.35,-0.5,10258,0.7602314188330738,19.4999,19.2719,19.1958,19.576
2022-01-24,25081465,632141295,25.05,25.35,25.05,25.2,-0.15,6160,0.7602314188330738,19.0438,19.1578,19.0438,19.2719
2022-01-25,23364015,585245095,25.0,25.2,24.95,25.15,-0.05,5919,0.7602314188330738,19.0058,19.1198,18.9678,19.1578
2022-01-26,17042926,431004038,25.1,25.4,25.1,25.25,0.1,5701,0.7602314188330738,19.0818,19.1958,19.0818,19.3099
2022-02-07,34205838,867372732,25.05,25.6,25.0,25.5,0.25,9699,0.7602314188330738,19.0438,19.3859,19.0058,19.4619
2022-02-08,18570176,478072761,25.55,25.95,25.5,25.8,0.3,6289,0.7602314188330738,19.4239,19.614,19.3859,19.728
2022-02-09,12957735,335891963,25.8,26.05,25.8,25.9,0.1,5065,0.7602314188330738,19.614,19.69,19.614,19.804
2022-02-10,15691811,405772165,26.0,26.1,25.7,25.85,-0.05,6726,0.7602314188330738,19.766,19.652,19.5379,19.842
2022-02-11,26107626,666387762,25.65,25.7,25.35,25.6,-0.25,7715,0.7602314188330738,19.4999,19.4619,19.2719,19.5379
2022-02-14,20573196,521001979,25.35,25.5,25.2,25.45,-0.15,5925,0.7602314188330738,19.2719,19.3479,19.1578,19.3859
2022-02-15,23547846,594518311,25.5,25.5,25.1,25.2,-0.25,8793,0.7602314188330738,19.3859,19.1578,19.0818,19.3859
2022-02-16,18964239,481147596,25.35,25.5,25.25,25.35,0.15,6615,0.7602314188330738,19.2719,19.2719,19.1958,19.3859
2022-02-17,19443371,494833277,25.5,25.55,25.3,25.4,0.05,5527,0.7602314188330738,19.3859,19.3099,19.2339,19.4239
2022-02-18,18783249,476864885,25.3,25.5,25.2,25.4,0.0,3977,0.7602314188330738,19.2339,19.3099,19.1578,19.3859
2022-02-21,15796335,401240186,25.3,25.55,25.2,25.5,0.1,3832,0.7602314188330738,19.2339,19.3859,19.1578,19.4239
2022-02-22,26048630,657555549,25.35,25.4,25.1,25.35,-0.15,7520,0.7602314188330738,19.2719,19.2719,19.0818,19.3099
2022-02-23,20374045,514474810,25.3,25.35,25.2,25.2,-0.15,5420,0.7602314188330738,19.2339,19.1578,19.1578,19.2719
2022-02-24,45218684,1127356568,25.2,25.2,24.8,24.85,-0.35,13229,0.7602314188330738,19.1578,18.8918,18.8537,19.1578
2022-02-25,37539093,929328736,24.85,25.0,24.6,24.85,0.0,10251,0.7602314188330738,18.8918,18.8918,18.7017,19.0058
2022-03-01,28640307,725287890,25.15,25.55,24.95,25.25,0.4,6377,0.7602314188330738,19.1198,19.1958,18.9678,19.4239
2022-03-02,18121074,458773554,25.2,25.45,25.15,25.4,0.15,3896,0.7602314188330738,19.1578,19.3099,19.1198,19.3479
2022-03-03,12923561,328908895,25.45,25.5,25.35,25.5,0.1,4027,0.7602314188330738,19.3479,19.3859,19.2719,19.3859
2022-03-04,23046834,577150588,25.15,25.2,24.85,25.05,-0.45,6166,0.7602314188330738,19.1198,19.0438,18.8918,19.1578
2022-03-07,44293276,1082528100,24.85,24.9,24.1,24.5,-0.55,13185,0.7602314188330738,18.8918,18.6257,18.3216,18.9298
2022-03-08,36858462,890486766,24.3,24.35,24.0,24.2,-0.3,12717,0.7602314188330738,18.4736,18.3976,18.2456,18.5116
2022-03-09,20856961,505592348,24.3,24.35,24.15,24.2,0.0,4828,0.7602314188330738,18.4736,18.3976,18.3596,18.5116
2022-03-10,18723674,462210095,24.35,24.9,24.35,24.8,0.6,5673,0.7602314188330738,18.5116,18.8537,18.5116,18.9298
2022-03-11,10355411,256122767,24.7,24.85,24.55,24.75,-0.05,3775,0.7602314188330738,18.7777,18.8157,18.6637,18.8918
2022-03-14,13734926,340815937,24.8,24.95,24.7,24.85,0.1,3894,0.7602314188330738,18.8537,18.8918,18.7777,18.9678
2022-03-15,16886202,415096698,24.85,24.85,24.5,24.65,-0.2,6017,0.7602314188330738,18.8918,18.7397,18.6257,18.8918
2022-03-16,38203695,976973941,25.3,25.7,25.3,25.6,0.95,12504,0.7602314188330738,19.2339,19.4619,19.2339,19.5379
2022-03-17,33272512,864822444,26.1,26.1,25.75,26.0,0.4,10772,0.7602314188330738,19.842,19.766,19.576,19.842
2022-03-18,42172242,1105283483,26.1,26.35,26.0,26.25,0.25,9085,0.7602314188330738,19.842,19.9561,19.766,20.0321
2022-03-21,20084562,526150779,26.3,26.45,26.05,26.1,-0.15,7908,0.7602314188330738,19.9941,19.842,19.804,20.1081
2022-03-22,30293600,787115541,26.1,26.1,25.9,26.0,-0.1,8369,0.7602314188330738,19.842,19.766,19.69,19.842
2022-03-23,31386192,818000096,26.0,26.2,26.0,26.1,0.1,8896,0.7602314188330738,19.766,19.842,19.766,19.9181
2022-03-24,20760514,539921155,26.05,26.1,25.9,26.0,-0.1,6716,0.7602314188330738,19.804,19.766,19.69,19.842
2022-03-25,28712028,741552557,26.0,26.05,25.75,25.75,-0.25,10681,0.7602314188330738,19.766,19.576,19.576,19.804
2022-03-28,22327505,575599963,25.55,26.0,25.55,25.9,0.15,7894,0.7602314188330738,19.4239,19.69,19.4239,19.766
2022-03-29,16274801,422557207,25.95,26.05,25.85,26.05,0.15,4497,0.7602314188330738,19.728,19.804,19.652,19.804
2022-03-30,23728508,622126730,26.1,26.3,26.05,26.2,0.15,7319,0.7602314188330738,19.842,19.9181,19.804,19.9941
2022-03-31,26018745,687616554,26.25,26.5,26.25,26.4,0.2,7346,0.7602314188330738,19.9561,20.0701,19.9561,20.1461
2022-04-01,20830348,550852742,26.2,26.6,26.1,26.6,0.2,6036,0.7602314188330738,19.9181,20.2222,19.842,20.2222
2022-04-06,27961287,752715012,26.6,27.2,26.5,27.2,0.6,10566,0.7602314188330738,20.2222,20.6783,20.1461,20.6783
2022-04-07,32860902,884805847,27.15,27.25,26.65,26.7,-0.5,13860,0.7602314188330738,20.6403,20.2982,20.2602,20.7163
2022-04-08,14580432,391095170,26.75,27.0,26.6,26.85,0.15,5481,0.7602314188330738,20.3362,20.4122,20.2222,20.5262
2022-04-11,23005220,616983213,26.85,27.1,26.6,26.8,-0.05,8130,0.7602314188330738,20.4122,20.3742,20.2222,20.6023
2022-04-12,13539767,362142737,26.7,26.9,26.5,26.75,-0.05,5186,0.7602314188330738,20.2982,20.3362,20.1461,20.4502
2022-04-13,14666987,392572420,26.9,27.0,26.7,26.95,0.2,4790,0.7602314188330738,20.4502,20.4882,20.2982,20.5262
2022-04-14,18040741,483534081,26.95,26.95,26.55,26.55,-0.4,6267,0.7602314188330738,20.4882,20.1841,20.1841,20.4882
2022-04-15,15923670,422876419,26.5,26.7,26.35,26.6,0.05,4521,0.7602314188330738,20.1461,20.2222,20.0321,20.2982
2022-04-18,18978490,500439975,26.45,26.6,26.2,26.35,-0.25,7079,0.7602314188330738,20.1081,20.0321,19.9181,20.2222
2022-04-19,17988910,473174735,26.4,26.6,26.15,26.15,-0.2,6628,0.7602314188330738,20.0701,19.8801,19.8801,20.2222
2022-04-20,34803909,916019452,26.25,26.6,26.0,26.3,0.15,7235,0.7602314188330738,19.9561,19.9941,19.766,20.2222
2022-04-21,22734867,601934657,26.55,26.55,26.25,26.55,0.25,3535,0.7602314188330738,20.1841,20.1841,19.9561,20.1841
2022-04-22,30110034,796484817,26.25,26.65,26.2,26.65,0.1,11712,0.7602314188330738,19.9561,20.2602,19.9181,20.2602
2022-04-25,38234296,996558214,26.25,26.25,25.9,26.25,-0.4,16498,0.7602314188330738,19.9561,19.9561,19.69,19.9561
2022-04-26,26369300,690554062,26.2,26.3,26.05,26.15,-0.1,9084,0.7602314188330738,19.9181,19.8801,19.804,19.9941
2022-04-27,27179435,701253603,25.85,25.95,25.65,25.75,-0.4,9390,0.7602314188330738,19.652,19.576,19.4999,19.728
2022-04-28,22748208,588395247,25.8,26.0,25.75,26.0,0.25,7620,0.7602314188330738,19.614,19.766,19.576,19.766
2022-04-29,11963358,312832749,26.15,26.3,26.05,26.15,0.15,3020,0.7602314188330738,19.8801,19.8801,19.804,19.9941
2022-05-03,10150582,263856454,26.1,26.15,25.9,25.9,-0.25,4578,0.7602314188330738,19.842,19.69,19.69,19.8801
2022-05-04,11734792,304196958,26.0,26.05,25.85,26.0,0.1,4946,0.7602314188330738,19.766,19.766,19.652,19.804
2022-05-05,12204278,317132322,26.15,26.2,25.9,25.9,-0.1,5107,0.7602314188330738,19.8801,19.69,19.69,19.9181
2022-05-06,21997873,563359317,25.7,25.8,25.5,25.6,-0.3,10087,0.7602314188330738,19.5379,19.4619,19.3859,19.614
2022-05-09,25679171,644312866,25.3,25.35,25.0,25.0,-0.6,12138,0.7602314188330738,19.2339,19.0058,19.0058,19.2719
2022-05-10,30497335,754721180,24.7,24.9,24.4,24.75,-0.25,11254,0.7602314188330738,18.7777,18.8157,18.5496,18.9298
2022-05-11,27025689,661456103,24.65,24.7,24.4,24.45,-0.3,10662,0.7602314188330738,18.7397,18.5877,18.5496,18.7777
2022-05-12,36392655,870920240,24.4,24.45,23.6,23.65,-0.8,18548,0.7602314188330738,18.5496,17.9795,17.9415,18.5877
2022-05-13,24394016,580060858,23.65,23.95,23.5,23.85,0.2,8678,0.7602314188330738,17.9795,18.1315,17.8654,18.2075
2022-05-16,28012224,665431668,24.1,24.1,23.5,24.0,0.15,11703,0.7602314188330738,18.3216,18.2456,17.8654,18.3216
2022-05-17,19459827,464081374,24.2,24.2,23.7,23.75,-0.25,8376,0.7602314188330738,18.3976,18.0555,18.0175,18.3976
2022-05-18,21246726,509298643,23.7,24.15,23.7,24.05,0.3,7996,0.7602314188330738,18.0175,18.2836,18.0175,18.3596
2022-05-19,33090392,776044636,23.7,23.75,23.3,23.35,-0.7,14220,0.7602314188330738,18.0175,17.7514,17.7134,18.0555
2022-05-20,20293905,474770892,23.35,23.55,23.15,23.45,0.1,6818,0.7602314188330738,17.7514,17.8274,17.5994,17.9034
2022-05-23,44351653,1037161927,23.5,23.95,22.9,23.9,0.45,15094,0.7602314188330738,17.8654,18.1695,17.4093,18.2075
2022-05-24,40352775,946480256,23.8,23.85,23.3,23.3,-0.6,13183,0.7602314188330738,18.0935,17.7134,17.7134,18.1315
2022-05-25,32305970,746123073,23.3,23.3,23.0,23.05,-0.25,11801,0.7602314188330738,17.7134,17.5233,17.4853,17.7134
2022-05-26,33671914,773788282,23.15,23.2,22.9,22.9,-0.15,12745,0.7602314188330738,17.5994,17.4093,17.4093,17.6374
2022-05-27,34256298,791985848,23.05,23.3,22.95,23.15,0.25,8888,0.7602314188330738,17.5233,17.5994,17.4473,17.7134
2022-05-30,35838781,847902575,23.25,23.95,23.25,23.9,0.75,10646,0.7602314188330738,17.6754,18.1695,17.6754,18.2075
2022-05-31,93244846,2253955676,23.8,24.35,23.55,24.35,0.45,9295,0.7602314188330738,18.0935,18.5116,17.9034,18.5116
2022-06-01,32727815,784893941,24.05,24.1,23.7,23.7,-0.65,11670,0.7602314188330738,18.2836,18.0175,18.0175,18.3216
2022-06-02,17747058,417499371,23.55,23.65,23.4,23.5,-0.2,6951,0.7602314188330738,17.9034,17.8654,17.7894,17.9795
2022-06-06,23477546,548219583,23.5,23.5,23.2,23.35,-0.15,8731,0.7602314188330738,17.8654,17.7514,17.6374,17.8654
2022-06-07,15900078,372520826,23.35,23.55,23.3,23.4,0.05,4897,0.7602314188330738,17.7514,17.7894,17.7134,17.9034
2022-06-08,11040265,259450174,23.45,23.6,23.45,23.45,0.05,4976,0.7602314188330738,17.8274,17.8274,17.8274,17.9415
2022-06-09,15394166,360236197,23.3,23.6,23.25,23.4,-0.05,4337,0.7602314188330738,17.7134,17.7894,17.6754,17.9415
2022-06-10,14066133,329800022,23.3,23.6,23.25,23.45,0.05,4256,0.7602314188330738,17.7134,17.8274,17.6754,17.9415
2022-06-13,28170104,651497209,23.3,23.35,23.0,23.1,-0.35,12383,0.7602314188330738,17.7134,17.5613,17.4853,17.7514
2022-06-14,27941183,645567943,23.05,23.2,23.0,23.1,0.0,8392,0.7602314188330738,17.5233,17.5613,17.4853,17.6374
2022-06-15,22680230,524372006,23.05,23.25,23.05,23.05,-0.05,9040,0.7602314188330738,17.5233,17.5233,17.5233,17.6754
2022-06-16,20627083,479390725,23.25,23.45,23.1,23.1,0.05,7076,0.7602314188330738,17.6754,17.5613,17.5613,17.8274
2022-06-17,36713290,842565512,22.85,23.05,22.75,22.9,-0.2,10474,0.7602314188330738,17.3713,17.4093,17.2953,17.5233
2022-06-20,39927924,916591721,22.9,23.1,22.4,22.8,-0.1,13419,0.7602314188330738,17.4093,17.3333,17.0292,17.5613
2022-06-21,34561592,805906618,23.0,23.55,22.85,23.5,0.7,10797,0.7602314188330738,17.4853,17.8654,17.3713,17.9034
2022-06-22,18188280,424587430,23.5,23.6,23.05,23.1,-0.4,6513,0.7602314188330738,17.8654,17.5613,17.5233,17.9415
2022-06-23,28528978,660242183,23.4,23.4,23.05,23.1,0.0,6164,0.7602314188330738,17.7894,17.5613,17.5233,17.7894
2022-06-24,27103829,634058236,23.35,23.45,23.3,23.45,0.35,6706,0.7602314188330738,17.7514,17.8274,17.7134,17.8274
2022-06-27,54169327,1267106552,23.55,23.6,23.3,23.3,-0.15,13197,0.7602314188330738,17.9034,17.7134,17.7134,17.9415
2022-06-28,95641083,2031110799,20.85,21.35,20.85,20.9,0.0,27831,0.8125409201289274,16.9415,16.9821,16.9415,17.3477
2022-06-29,48331678,988463771,20.9,20.95,20.25,20.25,-0.65,20855,0.8125409201289274,16.9821,16.454,16.454,17.0227
2022-06-30,50120297,995985920,20.3,20.3,19.7,19.7,-0.55,17692,0.8125409201289274,16.4946,16.0071,16.0071,16.4946
2022-07-01,27056551,533061615,19.65,19.95,19.55,19.6,-0.1,9792,0.8125409201289274,15.9664,15.9258,15.8852,16.2102
2022-07-04,16348532,322088390,19.8,20.0,19.5,19.65,0.05,5566,0.8125409201289274,16.0883,15.9664,15.8445,16.2508
2022-07-05,20295526,407141160,20.0,20.2,19.9,20.1,0.45,5654,0.8125409201289274,16.2508,16.3321,16.1696,16.4133
2022-07-06,26694990,523094834,20.1,20.15,19.4,19.4,-0.7,11052,0.8125409201289274,16.3321,15.7633,15.7633,16.3727
2022-07-07,29758009,587264844,19.55,20.0,19.3,19.85,0.45,6970,0.8125409201289274,15.8852,16.1289,15.682,16.2508
2022-07-08,19340150,383589684,19.85,20.0,19.65,19.8,-0.05,5934,0.8125409201289274,16.1289,16.0883,15.9664,16.2508
2022-07-11,11641513,228430632,19.8,19.85,19.5,19.5,-0.3,5526,0.8125409201289274,16.0883,15.8445,15.8445,16.1289
2022-07-12,25154032,480292862,19.35,19.35,18.95,19.1,-0.4,9036,0.8125409201289274,15.7227,15.5195,15.3977,15.7227
2022-07-13,29597461,582394127,19.35,19.9,19.35,19.75,0.65,7022,0.8125409201289274,15.7227,16.0477,15.7227,16.1696
2022-07-14,12613398,247528846,19.65,19.75,19.55,19.55,-0.2,5027,0.8125409201289274,15.9664,15.8852,15.8852,16.0477
2022-07-15,42569240,807401966,19.5,19.5,18.7,18.8,-0.75,18029,0.8125409201289274,15.8445,15.2758,15.1945,15.8445
2022-07-18,27396767,523458342,18.9,19.3,18.8,19.15,0.35,6553,0.8125409201289274,15.357,15.5602,15.2758,15.682
2022-07-19,22286793,426128887,19.1,19.25,19.0,19.2,0.05,6600,0.8125409201289274,15.5195,15.6008,15.4383,15.6414
2022-07-20,25395480,490630226,19.4,19.6,19.15,19.25,0.05,8261,0.8125409201289274,15.7633,15.6414,15.5602,15.9258
2022-07-21,19241251,371566808,19.25,19.45,19.05,19.4,0.15,5575,0.8125409201289274,15.6414,15.7633,15.4789,15.8039
2022-07-22,25137039,492564726,19.45,19.75,19.3,19.7,0.3,7078,0.8125409201289274,15.8039,16.0071,15.682,16.0477
2022-07-25,15408154,306476514,19.75,20.05,19.65,19.85,0.15,5367,0.8125409201289274,16.0477,16.1289,15.9664,16.2914
2022-07-26,10131599,202359313,19.9,20.0,19.75,19.9,0.05,3859,0.8125409201289274,16.1696,16.1696,16.0477,16.2508
2022-07-27,7025883,139521056,19.9,19.95,19.75,19.95,0.05,3565,0.8125409201289274,16.1696,16.2102,16.0477,16.2102
2022-07-28,12301161,246387204,20.0,20.1,19.9,20.1,0.15,5108,0.8125409201289274,16.2508,16.3321,16.1696,16.3321
2022-07-29,16742771,336781605,20.25,20.35,20.0,20.0,-0.1,6069,0.8125409201289274,16.454,16.2508,16.2508,16.5352
2022-08-01,11786302,237772178,20.1,20.3,19.9,20.3,0.3,4029,0.8125409201289274,16.3321,16.4946,16.1696,16.4946
2022-08-02,16641281,339059272,20.1,20.3,19.95,20.15,-0.15,4641,0.8125409201289274,16.3321,16.3727,16.2102,16.4946
2022-08-03,10235627,205488912,20.05,20.15,19.95,20.15,0.0,3751,0.8125409201289274,16.2914,16.3727,16.2102,16.3727
2022-08-04,13499480,272461983,20.1,20.3,20.0,20.2,0.05,4831,0.8125409201289274,16.3321,16.4133,16.2508,16.4946
2022-08-05,21995949,452220952,20.3,20.7,20.3,20.7,0.5,6743,0.8125409201289274,16.4946,16.8196,16.4946,16.8196
2022-08-08,17952089,371117023,20.55,20.8,20.4,20.8,0.1,5856,0.8125409201289274,16.6977,16.9009,16.5758,16.9009
2022-08-09,18510819,382965346,20.8,20.8,20.6,20.65,-0.15,6119,0.8125409201289274,16.9009,16.779,16.7383,16.9009
2022-08-10,21246010,440105800,20.65,20.9,20.55,20.75,0.1,5701,0.8125409201289274,16.779,16.8602,16.6977,16.9821
2022-08-11,29141911,614715600,21.0,21.2,20.95,21.2,0.45,9391,0.8125409201289274,17.0634,17.2259,17.0227,17.2259
2022-08-12,21838996,450440451,20.75,20.8,20.55,20.55,0.0,7531,0.8370198011046288,17.3682,17.2008,17.2008,17.41
2022-08-15,11911831,246561108,20.7,20.8,20.6,20.7,0.15,4009,0.8370198011046288,17.3263,17.3263,17.2426,17.41
2022-08-16,15690445,326964122,20.8,21.0,20.7,20.9,0.2,4260,0.8370198011046288,17.41,17.4937,17.3263,17.5774
2022-08-17,22004566,460345085,20.95,21.05,20.8,21.0,0.1,11298,0.8370198011046288,17.5356,17.5774,17.41,17.6193
2022-08-18,10640719,221332528,20.9,20.95,20.7,20.8,-0.2,3393,0.8370198011046288,17.4937,17.41,17.3263,17.5356
2022-08-19,15859655,328598266,20.8,20.85,20.6,20.8,0.0,5536,0.8370198011046288,17.41,17.41,17.2426,17.4519
2022-08-22,14581486,300758258,20.65,20.7,20.55,20.6,-0.2,4908,0.8370198011046288,17.2845,17.2426,17.2008,17.3263
2022-08-23,19535147,396538795,20.5,20.5,20.2,20.2,-0.4,8814,0.8370198011046288,17.1589,16.9078,16.9078,17.1589
2022-08-24,13036458,263390353,20.25,20.4,20.05,20.25,0.05,5154,0.8370198011046288,16.9497,16.9497,16.7822,17.0752
2022-08-25,10705577,217364175,20.3,20.4,20.2,20.35,0.1,3699,0.8370198011046288,16.9915,17.0334,16.9078,17.0752
2022-08-26,10114519,206352354,20.45,20.5,20.35,20.4,0.05,3484,0.8370198011046288,17.1171,17.0752,17.0334,17.1589
2022-08-29,14383058,289393748,20.0,20.25,20.0,20.15,-0.25,5394,0.8370198011046288,16.7404,16.8659,16.7404,16.9497
2022-08-30,16115820,324974262,20.15,20.3,20.05,20.2,0.05,5135,0.8370198011046288,16.8659,16.9078,16.7822,16.9915
2022-08-31,13101082,265749712,20.15,20.35,20.1,20.3,0.1,2943,0.8370198011046288,16.8659,16.9915,16.8241,17.0334
2022-09-01,17364218,348523783,20.1,20.2,20.0,20.05,-0.25,6231,0.8370198011046288,16.8241,16.7822,16.7404,16.9078
2022-09-02,14518751,291299591,20.1,20.2,20.0,20.0,-0.05,4903,0.8370198011046288,16.8241,16.7404,16.7404,16.9078
2022-09-05,12251147,248326792,20.15,20.4,20.05,20.3,0.3,3861,0.8370198011046288,16.8659,16.9915,16.7822,17.0752
2022-09-06,23693971,490861609,20.45,20.9,20.4,20.85,0.55,7767,0.8370198011046288,17.1171,17.4519,17.0752,17.4937
2022-09-07,25387702,519556238,20.8,20.8,20.3,20.35,-0.5,8596,0.8370198011046288,17.41,17.0334,16.9915,17.41
2022-09-08,15841982,324757232,20.5,20.6,20.35,20.6,0.25,4211,0.8370198011046288,17.1589,17.2426,17.0334,17.2426
2022-09-12,32686833,683046703,20.85,21.1,20.7,20.9,0.3,6517,0.8370198011046288,17.4519,17.4937,17.3263,17.6611
2022-09-13,20810485,430374112,20.95,20.95,20.55,20.6,-0.3,8637,0.8370198011046288,17.5356,17.2426,17.2008,17.5356
2022-09-14,21796561,441475767,20.25,20.35,20.1,20.2,-0.4,9116,0.8370198011046288,16.9497,16.9078,16.8241,17.0334
2022-09-15,17694264,357995256,20.25,20.3,20.15,20.25,0.05,5076,0.8370198011046288,16.9497,16.9497,16.8659,16.9915
2022-09-16,35659341,716898173,20.15,20.2,20.05,20.1,-0.15,9053,0.8370198011046288,16.8659,16.8241,16.7822,16.9078
2022-09-19,14031776,283088205,20.2,20.25,20.1,20.15,0.05,3771,0.8370198011046288,16.9078,16.8659,16.8241,16.9497
2022-09-20,15555715,317575087,20.3,20.55,20.25,20.5,0.35,4288,0.8370198011046288,16.9915,17.1589,16.9497,17.2008
2022-09-21,19099868,387800111,20.5,20.5,20.15,20.25,-0.25,6559,0.8370198011046288,17.1589,16.9497,16.8659,17.1589
2022-09-22,20524397,411851895,20.1,20.15,20.0,20.05,-0.2,6027,0.8370198011046288,16.8241,16.7822,16.7404,16.8659
2022-09-23,7608671,153084188,20.05,20.2,20.0,20.15,0.1,3048,0.8370198011046288,16.7822,16.8659,16.7404,16.9078
2022-09-26,17211584,343701499,20.05,20.05,19.9,19.9,-0.25,8769,0.8370198011046288,16.7822,16.6567,16.6567,16.7822
2022-09-27,21692796,430998320,19.9,20.1,19.75,19.85,-0.05,9367,0.8370198011046288,16.6567,16.6148,16.5311,16.8241
2022-09-28,21066313,413329792,19.9,20.05,19.45,19.55,-0.3,10189,0.8370198011046288,16.6567,16.3637,16.28,16.7822
2022-09-29,20299901,398374136,19.8,19.9,19.45,19.7,0.15,8068,0.8370198011046288,16.573,16.4893,16.28,16.6567
2022-09-30,19388861,378385494,19.6,19.6,19.4,19.55,-0.15,5616,0.8370198011046288,16.4056,16.3637,16.2382,16.4056
2022-10-03,13604095,263204812,19.45,19.55,19.25,19.3,-0.25,6118,0.8370198011046288,16.28,16.1545,16.1126,16.3637
2022-10-04,18074326,349944657,19.45,19.6,19.25,19.35,0.05,7090,0.8370198011046288,16.28,16.1963,16.1126,16.4056
2022-10-05,19032630,371485286,19.4,19.65,19.4,19.55,0.2,5091,0.8370198011046288,16.2382,16.3637,16.2382,16.4474
2022-10-06,19567907,384012371,19.6,19.75,19.5,19.7,0.15,5132,0.8370198011046288,16.4056,16.4893,16.3219,16.5311
2022-10-07,9944259,194270004,19.6,19.6,19.5,19.5,-0.2,4733,0.8370198011046288,16.4056,16.3219,16.3219,16.4056
2022-10-11,25292193,483522664,19.25,19.3,19.0,19.1,-0.4,9675,0.8370198011046288,16.1126,15.9871,15.9034,16.1545
2022-10-12,16244004,312528061,19.1,19.4,19.0,19.35,0.25,4633,0.8370198011046288,15.9871,16.1963,15.9034,16.2382
2022-10-13,20562979,392836788,19.35,19.35,19.0,19.05,-0.3,6520,0.8370198011046288,16.1963,15.9452,15.9034,16.1963
2022-10-14,16742235,320214719,19.15,19.3,19.05,19.1,0.05,4972,0.8370198011046288,16.0289,15.9871,15.9452,16.1545
2022-10-17,15450506,293714563,19.15,19.15,18.85,19.1,0.0,6216,0.8370198011046288,16.0289,15.9871,15.7778,16.0289
2022-10-18,9008102,172911064,19.15,19.3,19.1,19.2,0.1,2901,0.8370198011046288,16.0289,16.0708,15.9871,16.1545
2022-10-19,16121029,308519802,19.2,19.35,19.0,19.0,-0.2,5898,0.8370198011046288,16.0708,15.9034,15.9034,16.1963
2022-10-20,22428528,425792849,18.8,19.25,18.75,19.05,0.05,5976,0.8370198011046288,15.736,15.9452,15.6941,16.1126
2022-10-21,18287431,354782070,19.15,19.55,19.0,19.45,0.4,5284,0.8370198011046288,16.0289,16.28,15.9034,16.3637
2022-10-24,16070791,314237090,19.65,19.75,19.35,19.55,0.1,3976,0.8370198011046288,16.4474,16.3637,16.1963,16.5311
2022-10-25,15892883,309233178,19.6,19.6,19.3,19.55,0.0,4058,0.8370198011046288,16.4056,16.3637,16.1545,16.4056
2022-10-26,13267081,261212108,19.55,19.8,19.4,19.75,0.2,4401,0.8370198011046288,16.3637,16.5311,16.2382,16.573
2022-10-27,12537694,247842034,19.8,19.9,19.65,19.7,-0.05,3848,0.8370198011046288,16.573,16.4893,16.4474,16.6567
2022-10-28,11913707,234123565,19.75,19.85,19.5,19.6,-0.1,3448,0.8370198011046288,16.5311,16.4056,16.3219,16.6148
2022-10-31,10388912,205060065,19.8,19.85,19.6,19.7,0.1,3285,0.8370198011046288,16.573,16.4893,16.4056,16.6148
2022-11-01,15029117,300027695,19.75,20.1,19.7,20.05,0.35,4135,0.8370198011046288,16.5311,16.7822,16.4893,16.8241
2022-11-02,12357015,248045511,20.1,20.2,19.95,20.2,0.15,3674,0.8370198011046288,16.8241,16.9078,16.6985,16.9078
2022-11-03,14847241,297056549,19.9,20.1,19.9,20.05,-0.15,3096,0.8370198011046288,16.6567,16.7822,16.6567,16.8241
2022-11-04,14610057,292161821,20.0,20.15,19.9,20.05,0.0,3501,0.8370198011046288,16.7404,16.7822,16.6567,16.8659
2022-11-07,11065687,222779342,20.1,20.25,20.0,20.2,0.15,3864,0.8370198011046288,16.8241,16.9078,16.7404,16.9497
2022-11-08,15624530,316326228,20.2,20.35,20.15,20.3,0.1,3996,0.8370198011046288,16.9078,16.9915,16.8659,17.0334
2022-11-09,18873679,384886839,20.35,20.5,20.2,20.5,0.2,5199,0.8370198011046288,17.0334,17.1589,16.9078,17.1589
2022-11-10,11581330,235708474,20.5,20.5,20.25,20.4,-0.1,3430,0.8370198011046288,17.1589,17.0752,16.9497,17.1589
2022-11-11,49275959,1029641565,20.6,21.2,20.6,21.2,0.8,13331,0.8370198011046288,17.2426,17.7448,17.2426,17.7448
2022-11-14,25211571,534466453,21.2,21.35,21.05,21.2,0.0,6658,0.8370198011046288,17.7448,17.7448,17.6193,17.8704
2022-11-15,22127362,470621978,21.05,21.45,20.95,21.45,0.25,5561,0.8370198011046288,17.6193,17.9541,17.5356,17.9541
2022-11-16,19174620,408065913,21.45,21.45,21.1,21.25,-0.2,6430,0.8370198011046288,17.9541,17.7867,17.6611,17.9541
2022-11-17,10338748,218012005,21.15,21.2,20.95,21.2,-0.05,4117,0.8370198011046288,17.703,17.7448,17.5356,17.7448
2022-11-18,16609104,348134306,21.15,21.25,20.8,20.9,-0.3,6648,0.8370198011046288,17.703,17.4937,17.41,17.7867
2022-11-21,14391118,301757953,20.9,21.1,20.75,21.1,0.2,5003,0.8370198011046288,17.4937,17.6611,17.3682,17.6611
2022-11-22,30883640,659720960,21.15,21.6,21.0,21.6,0.5,8941,0.8370198011046288,17.703,18.0796,17.5774,18.0796
2022-11-23,36291805,798150595,21.6,22.2,21.55,22.1,0.5,11770,0.8370198011046288,18.0796,18.4981,18.0378,18.5818
2022-11-24,23549100,522283034,22.2,22.3,22.0,22.3,0.2,7610,0.8370198011046288,18.5818,18.6655,18.4144,18.6655
2022-11-25,15892618,351661432,22.15,22.3,22.0,22.05,-0.25,8182,0.8370198011046288,18.54,18.4563,18.4144,18.6655
2022-11-28,24468155,541939624,21.8,22.35,21.8,22.25,0.2,6961,0.8370198011046288,18.247,18.6237,18.247,18.7074
2022-11-29,22444893,502500528,22.4,22.5,22.15,22.5,0.25,6145,0.8370198011046288,18.7492,18.8329,18.54,18.8329
2022-11-30,32484024,731655661,22.5,22.6,22.3,22.6,0.1,8305,0.8370198011046288,18.8329,18.9166,18.6655,18.9166
2022-12-01,20449457,463947293,22.7,22.8,22.6,22.6,0.0,6520,0.8370198011046288,19.0003,18.9166,18.9166,19.0841
2022-12-02,14720741,329864787,22.5,22.55,22.3,22.45,-0.15,6562,0.8370198011046288,18.8329,18.7911,18.6655,18.8748
2022-12-05,24200007,548158814,22.45,22.75,22.4,22.6,0.15,7627,0.8370198011046288,18.7911,18.9166,18.7492,19.0422
2022-12-06,23257007,523819136,22.4,22.7,22.35,22.5,-0.1,6639,0.8370198011046288,18.7492,18.8329,18.7074,19.0003
2022-12-07,19385224,437030564,22.35,22.65,22.3,22.6,0.1,5169,0.8370198011046288,18.7074,18.9166,18.6655,18.9585
2022-12-08,25339944,563412973,22.4,22.4,22.05,22.3,-0.3,7462,0.8370198011046288,18.7492,18.6655,18.4563,18.7492
2022-12-09,15013930,336828035,22.3,22.55,22.25,22.4,0.1,4640,0.8370198011046288,18.6655,18.7492,18.6237,18.8748
2022-12-12,15584074,348431229,22.55,22.55,22.25,22.4,0.0,5570,0.8370198011046288,18.8748,18.7492,18.6237,18.8748
2022-12-13,26148389,579754229,22.3,22.5,22.05,22.1,-0.3,8576,0.8370198011046288,18.6655,18.4981,18.4563,18.8329
2022-12-14,17730197,394824692,22.25,22.4,22.05,22.3,0.2,5295,0.8370198011046288,18.6237,18.6655,18.4563,18.7492
2022-12-15,15307618,343205003,22.15,22.55,22.15,22.45,0.15,5058,0.8370198011046288,18.54,18.7911,18.54,18.8748
2022-12-16,63379793,1413167567,22.15,22.6,22.1,22.15,-0.3,11495,0.8370198011046288,18.54,18.54,18.4981,18.9166
2022-12-19,51999962,1149720080,22.05,22.3,22.0,22.1,-0.05,7411,0.8370198011046288,18.4563,18.4981,18.4144,18.6655
2022-12-20,54856145,1199920223,22.0,22.15,21.75,21.8,-0.3,10539,0.8370198011046288,18.4144,18.247,18.2052,18.54
2022-12-21,48512534,1058877144,21.8,21.95,21.7,21.8,0.0,7772,0.8370198011046288,18.247,18.247,18.1633,18.3726
2022-12-22,47876189,1049606755,21.9,22.0,21.65,22.0,0.2,8090,0.8370198011046288,18.3307,18.4144,18.1215,18.4144
2022-12-23,10785999,234932220,21.75,21.9,21.7,21.8,-0.2,4011,0.8370198011046288,18.2052,18.247,18.1633,18.3307
2022-12-26,4466360,97685712,21.9,21.9,21.8,21.9,0.1,2187,0.8370198011046288,18.3307,18.3307,18.247,18.3307
2022-12-27,7530056,165474262,21.9,22.1,21.85,21.95,0.05,2725,0.8370198011046288,18.3307,18.3726,18.2889,18.4981
2022-12-28,6927009,151753755,21.85,22.0,21.8,21.95,0.0,2999,0.8370198011046288,18.2889,18.3726,18.247,18.4144
2022-12-29,13595704,294800819,21.75,21.85,21.6,21.65,-0.3,4596,0.8370198011046288,18.2052,18.1215,18.0796,18.2889
2022-12-30,6097918,132745380,21.7,21.9,21.7,21.7,0.05,2164,0.8370198011046288,18.1633,18.1633,18.1633,18.3307
2023-01-03,14404633,310697613,21.6,21.7,21.4,21.65,-0.05,5724,0.8370198011046288,18.0796,18.1215,17.9122,18.1633
2023-01-04,8236818,179087731,21.65,21.9,21.6,21.8,0.15,3130,0.8370198011046288,18.1215,18.247,18.0796,18.3307
2023-01-05,9584281,210214315,21.85,22.0,21.8,21.95,0.15,3188,0.8370198011046288,18.2889,18.3726,18.247,18.4144
2023-01-06,10337634,226289480,22.0,22.0,21.8,21.9,-0.05,4554,0.8370198011046288,18.4144,18.3307,18.247,18.4144
2023-01-09,24530510,546862567,22.15,22.5,22.05,22.5,0.6,6987,0.8370198011046288,18.54,18.8329,18.4563,18.8329
2023-01-10,13607526,305894935,22.45,22.6,22.35,22.6,0.1,4150,0.8370198011046288,18.7911,18.9166,18.7074,18.9166
2023-01-11,12736208,286550041,22.6,22.65,22.4,22.45,-0.15,4373,0.8370198011046288,18.9166,18.7911,18.7492,18.9585
2023-01-12,13140583,295979444,22.55,22.6,22.4,22.55,0.1,4117,0.8370198011046288,18.8748,18.8748,18.7492,18.9166
2023-01-13,10864380,244643356,22.45,22.65,22.45,22.5,-0.05,3905,0.8370198011046288,18.7911,18.8329,18.7911,18.9585
2023-01-16,20033079,454797168,22.6,22.8,22.5,22.7,0.2,6731,0.8370198011046288,18.9166,19.0003,18.8329,19.0841
2023-01-17,18019489,408265031,22.7,22.75,22.55,22.7,0.0,5301,0.8370198011046288,19.0003,19.0003,18.8748,19.0422
2023-01-30,52476996,1207922554,23.1,23.15,22.9,23.05,0.35,11831,0.8370198011046288,19.3352,19.2933,19.1678,19.377
2023-01-31,28366142,642489899,23.0,23.0,22.5,22.5,-0.55,7485,0.8370198011046288,19.2515,18.8329,18.8329,19.2515
2023-02-01,14158674,320906163,22.6,22.75,22.5,22.75,0.25,4424,0.8370198011046288,18.9166,19.0422,18.8329,19.0422
2023-02-02,20519321,465656248,22.65,22.85,22.4,22.8,0.05,6608,0.8370198011046288,18.9585,19.0841,18.7492,19.1259
2023-02-03,9463535,215082968,22.65,22.8,22.6,22.75,-0.05,4065,0.8370198011046288,18.9585,19.0422,18.9166,19.0841
2023-02-06,13914061,315806783,22.55,22.85,22.55,22.7,-0.05,4805,0.8370198011046288,18.8748,19.0003,18.8748,19.1259
2023-02-07,11308351,257343423,22.7,22.85,22.6,22.75,0.05,3825,0.8370198011046288,19.0003,19.0422,18.9166,19.1259
2023-02-08,10171583,230823657,22.65,22.8,22.6,22.65,-0.1,4145,0.8370198011046288,18.9585,18.9585,18.9166,19.0841
2023-02-09,9747298,221295571,22.6,22.85,22.55,22.7,0.05,2741,0.8370198011046288,18.9166,19.0003,18.8748,19.1259
2023-02-10,9849946,224163038,22.65,22.85,22.6,22.8,0.1,3863,0.8370198011046288,18.9585,19.0841,18.9166,19.1259
2023-02-13,10488222,238793858,22.7,22.85,22.6,22.8,0.0,3550,0.8370198011046288,19.0003,19.0841,18.9166,19.1259
2023-02-14,10907701,248297567,22.9,22.9,22.7,22.8,0.0,4647,0.8370198011046288,19.1678,19.0841,19.0003,19.1678
2023-02-15,7226425,163616185,22.7,22.75,22.6,22.6,-0.2,4371,0.8370198011046288,19.0003,18.9166,18.9166,19.0422
2023-02-16,9378649,213699900,22.7,22.85,22.65,22.75,0.15,3467,0.8370198011046288,19.0003,19.0422,18.9585,19.1259
2023-02-17,7871487,178934219,22.7,22.85,22.65,22.75,0.0,3228,0.8370198011046288,19.0003,19.0422,18.9585,19.1259
2023-02-20,10408513,237846591,22.75,22.95,22.75,22.9,0.15,4045,0.8370198011046288,19.0422,19.1678,19.0422,19.2096
2023-02-21,8307970,188979737,22.9,22.9,22.65,22.75,-0.15,3895,0.8370198011046288,19.1678,19.0422,18.9585,19.1678
2023-02-22,12376932,281232970,22.6,22.9,22.5,22.75,0.0,4685,0.8370198011046288,18.9166,19.0422,18.8329,19.1678
2023-02-23,9812836,224114528,22.8,22.9,22.75,22.85,0.1,3532,0.8370198011046288,19.0841,19.1259,19.0422,19.1678
2023-02-24,24139456,548387832,22.85,22.9,22.6,22.75,-0.1,5443,0.8370198011046288,19.1259,19.0422,18.9166,19.1678
2023-03-01,26638835,597263863,22.55,22.65,22.3,22.4,-0.35,12640,0.8370198011046288,18.8748,18.7492,18.6655,18.9585
2023-03-02,20790554,465391963,22.4,22.6,22.25,22.5,0.1,7738,0.8370198011046288,18.7492,18.8329,18.6237,18.9166
2023-03-03,7099118,160046484,22.5,22.6,22.45,22.55,0.05,3423,0.8370198011046288,18.8329,18.8748,18.7911,18.9166
2023-03-06,8878989,201632055,22.65,22.8,22.55,22.7,0.15,4234,0.8370198011046288,18.9585,19.0003,18.8748,19.0841
2023-03-07,11989487,273974450,22.7,22.9,22.7,22.9,0.2,5393,0.8370198011046288,19.0003,19.1678,19.0003,19.1678
2023-03-08,9812839,223759348,22.8,22.9,22.75,22.8,-0.1,3883,0.8370198011046288,19.0841,19.0841,19.0422,19.1678
2023-03-09,11409566,258908222,22.75,22.85,22.6,22.65,-0.15,4481,0.8370198011046288,19.0422,18.9585,18.9166,19.1259
2023-03-10,21946612,490157348,22.45,22.5,22.2,22.3,-0.35,11381,0.8370198011046288,18.7911,18.6655,18.5818,18.8329
2023-03-13,13386843,298509465,22.1,22.45,22.05,22.35,0.05,5662,0.8370198011046288,18.4981,18.7074,18.4563,18.7911
2023-03-14,28965953,634495675,22.05,22.1,21.6,21.95,-0.4,13403,0.8370198011046288,18.4563,18.3726,18.0796,18.4981
2023-03-15,11618493,255956991,22.0,22.1,21.95,22.05,0.1,5147,0.8370198011046288,18.4144,18.4563,18.3726,18.4981
2023-03-16,19485873,422252799,21.8,21.85,21.6,21.7,-0.35,10535,0.8370198011046288,18.247,18.1633,18.0796,18.2889
2023-03-17,19997525,436084938,21.7,21.85,21.7,21.85,0.15,5558,0.8370198011046288,18.1633,18.2889,18.1633,18.2889
2023-03-20,11198869,243571595,21.9,21.9,21.65,21.8,-0.05,4842,0.8370198011046288,18.3307,18.247,18.1215,18.3307
2023-03-21,11501743,252792997,21.85,22.15,21.8,21.95,0.15,5106,0.8370198011046288,18.2889,18.3726,18.247,18.54
2023-03-22,11798161,260668048,22.1,22.15,22.0,22.1,0.15,4588,0.8370198011046288,18.4981,18.4981,18.4144,18.54
2023-03-23,11578927,256640276,22.1,22.3,22.0,22.25,0.15,4007,0.8370198011046288,18.4981,18.6237,18.4144,18.6655
2023-03-24,9115003,202352055,22.25,22.3,22.1,22.2,-0.05,3518,0.8370198011046288,18.6237,18.5818,18.4981,18.6655
2023-03-27,10798330,239172088,22.2,22.25,22.05,22.15,-0.05,4299,0.8370198011046288,18.5818,18.54,18.4563,18.6237
2023-03-28,7778345,173088430,22.2,22.3,22.15,22.3,0.15,3046,0.8370198011046288,18.5818,18.6655,18.54,18.6655
2023-03-29,9408215,209908303,22.15,22.4,22.15,22.4,0.1,3884,0.8370198011046288,18.54,18.7492,18.54,18.7492
2023-03-30,13332615,297011695,22.4,22.45,22.2,22.3,-0.1,5598,0.8370198011046288,18.7492,18.6655,18.5818,18.7911
2023-03-31,12306854,275156954,22.4,22.45,22.3,22.35,0.05,3610,0.8370198011046288,18.7492,18.7074,18.6655,18.7911
2023-04-06,13635582,304793628,22.2,22.45,22.2,22.4,0.05,5496,0.8370198011046288,18.5818,18.7492,18.5818,18.7911
2023-04-07,4616870,103177211,22.4,22.4,22.25,22.4,0.0,3113,0.8370198011046288,18.7492,18.7492,18.6237,18.7492
2023-04-10,4924884,110376821,22.4,22.45,22.35,22.45,0.05,2855,0.8370198011046288,18.7492,18.7911,18.7074,18.7911
2023-04-11,14814270,333108314,22.45,22.55,22.4,22.55,0.1,3786,0.8370198011046288,18.7911,18.8748,18.7492,18.8748
2023-04-12,9369297,211250481,22.6,22.6,22.45,22.55,0.0,3221,0.8370198011046288,18.9166,18.8748,18.7911,18.9166
2023-04-13,10744028,241972610,22.55,22.6,22.5,22.55,0.0,4149,0.8370198011046288,18.8748,18.8748,18.8329,18.9166
2023-04-14,14329373,323390714,22.5,22.65,22.45,22.65,0.1,6202,0.8370198011046288,18.8329,18.9585,18.7911,18.9585
2023-04-17,13698195,307752890,22.6,22.65,22.35,22.5,-0.15,6165,0.8370198011046288,18.9166,18.8329,18.7074,18.9585
2023-04-18,8020970,180535278,22.5,22.6,22.4,22.5,0.0,2682,0.8370198011046288,18.8329,18.8329,18.7492,18.9166
2023-04-19,9140117,205219321,22.55,22.55,22.35,22.45,-0.05,3841,0.8370198011046288,18.8748,18.7911,18.7074,18.8748
2023-04-20,8457702,188813373,22.4,22.4,22.25,22.3,-0.15,3961,0.8370198011046288,18.7492,18.6655,18.6237,18.7492
2023-04-21,9673076,216799531,22.4,22.5,22.3,22.45,0.15,3675,0.8370198011046288,18.7492,18.7911,18.6655,18.8329
2023-04-24,5329878,119300889,22.4,22.45,22.3,22.4,-0.05,2697,0.8370198011046288,18.7492,18.7492,18.6655,18.7911
2023-04-25,9098940,203876640,22.4,22.55,22.3,22.4,0.0,3448,0.8370198011046288,18.7492,18.7492,18.6655,18.8748
2023-04-26,10994263,246242941,22.35,22.55,22.3,22.45,0.05,3713,0.8370198011046288,18.7074,18.7911,18.6655,18.8748
2023-04-27,10312435,230966357,22.35,22.5,22.25,22.45,0.0,3774,0.8370198011046288,18.7074,18.7911,18.6237,18.8329
2023-04-28,10754199,242430240,22.55,22.6,22.45,22.6,0.15,3194,0.8370198011046288,18.8748,18.9166,18.7911,18.9166
2023-05-02,7347696,166384845,22.6,22.7,22.55,22.7,0.1,3463,0.8370198011046288,18.9166,19.0003,18.8748,19.0003
2023-05-03,7014831,159191031,22.7,22.75,22.6,22.75,0.05,3213,0.8370198011046288,19.0003,19.0422,18.9166,19.0422
2023-05-04,9996929,228457073,22.75,22.9,22.7,22.9,0.15,3989,0.8370198011046288,19.0422,19.1678,19.0003,19.1678
2023-05-05,5341833,121974097,22.9,22.9,22.75,22.85,-0.05,5961,0.8370198011046288,19.1678,19.1259,19.0422,19.1678
2023-05-08,16422389,377454973,22.9,23.1,22.8,23.0,0.15,10103,0.8370198011046288,19.1678,19.2515,19.0841,19.3352
2023-05-09,5895593,135290756,23.0,23.0,22.85,23.0,0.0,3970,0.8370198011046288,19.2515,19.2515,19.1259,19.2515
2023-05-10,8044918,184689327,23.0,23.0,22.85,23.0,0.0,4319,0.8370198011046288,19.2515,19.2515,19.1259,19.2515
2023-05-11,8324591,190690634,22.9,23.0,22.85,22.9,-0.1,3933,0.8370198011046288,19.1678,19.1678,19.1259,19.2515
2023-05-12,9939712,225419845,22.8,22.85,22.6,22.65,-0.25,4182,0.8370198011046288,19.0841,18.9585,18.9166,19.1259
2023-05-15,9660135,219907677,22.55,22.9,22.55,22.8,0.15,3764,0.8370198011046288,18.8748,19.0841,18.8748,19.1678
2023-05-16,7312980,167651819,22.9,22.95,22.85,22.95,0.15,3716,0.8370198011046288,19.1678,19.2096,19.1259,19.2096
2023-05-17,17483828,403393679,22.95,23.15,22.9,23.1,0.15,5342,0.8370198011046288,19.2096,19.3352,19.1678,19.377
2023-05-18,17233372,401567935,23.2,23.4,23.15,23.4,0.3,6160,0.8370198011046288,19.4189,19.5863,19.377,19.5863
2023-05-19,17397632,407104569,23.4,23.45,23.25,23.45,0.05,6379,0.8370198011046288,19.5863,19.6281,19.4607,19.6281
2023-05-22,13709533,321217410,23.45,23.5,23.3,23.45,0.0,4596,0.8370198011046288,19.6281,19.6281,19.5026,19.67
2023-05-23,18090964,426246948,23.45,23.65,23.35,23.65,0.2,6864,0.8370198011046288,19.6281,19.7955,19.5444,19.7955
2023-05-24,8643588,203045938,23.5,23.55,23.4,23.55,-0.1,4234,0.8370198011046288,19.67,19.7118,19.5863,19.7118
2023-05-25,10118900,235908916,23.4,23.4,23.25,23.25,-0.3,5825,0.8370198011046288,19.5863,19.4607,19.4607,19.5863
2023-05-26,15728883,368047844,23.15,23.55,23.05,23.5,0.25,5417,0.8370198011046288,19.377,19.67,19.2933,19.7118
2023-05-29,12523357,295680715,23.55,23.7,23.5,23.55,0.05,4495,0.8370198011046288,19.7118,19.7118,19.67,19.8374
2023-05-30,17735994,420523556,23.65,23.8,23.55,23.7,0.15,7364,0.8370198011046288,19.7955,19.8374,19.7118,19.9211
2023-05-31,33913410,807358150,23.75,23.85,23.6,23.85,0.15,5124,0.8370198011046288,19.8792,19.9629,19.7537,19.9629
2023-06-01,15009327,356285541,23.8,23.85,23.6,23.65,-0.2,7973,0.8370198011046288,19.9211,19.7955,19.7537,19.9629
2023-06-02,18139596,432623682,23.7,23.9,23.65,23.85,0.2,7162,0.8370198011046288,19.8374,19.9629,19.7955,20.0048
2023-06-05,29494963,708406887,23.9,24.15,23.85,24.0,0.15,6726,0.8370198011046288,20.0048,20.0885,19.9629,20.214
2023-06-06,21803410,526850446,24.0,24.3,23.95,24.2,0.2,5156,0.8370198011046288,20.0885,20.2559,20.0466,20.3396
2023-06-07,21794597,533355048,24.25,24.6,24.25,24.6,0.4,8009,0.8370198011046288,20.2977,20.5907,20.2977,20.5907
2023-06-08,23627993,579405391,24.5,24.65,24.4,24.5,-0.1,7852,0.8370198011046288,20.507,20.507,20.4233,20.6325
2023-06-09,13526447,332048484,24.5,24.6,24.5,24.6,0.1,4745,0.8370198011046288,20.507,20.5907,20.507,20.5907
2023-06-12,20808018,510069782,24.55,24.6,24.45,24.55,-0.05,7217,0.8370198011046288,20.5488,20.5488,20.4651,20.5907
2023-06-13,21550003,525466400,24.5,24.5,24.35,24.35,-0.2,10964,0.8370198011046288,20.507,20.3814,20.3814,20.507
2023-06-14,22092856,539324068,24.35,24.55,24.25,24.4,0.05,8286,0.8370198011046288,20.3814,20.4233,20.2977,20.5488
2023-06-15,25838985,631649251,24.4,24.55,24.25,24.5,0.1,8015,0.8370198011046288,20.4233,20.507,20.2977,20.5488
2023-06-16,26958079,656488467,24.5,24.5,24.3,24.35,-0.15,5280,0.8370198011046288,20.507,20.3814,20.3396,20.507
2023-06-19,17182910,419114017,24.25,24.5,24.2,24.4,0.05,3905,0.8370198011046288,20.2977,20.4233,20.2559,20.507
2023-06-20,25800245,628906056,24.45,24.6,24.25,24.25,-0.15,5626,0.8370198011046288,20.4651,20.2977,20.2977,20.5907
2023-06-21,24688957,602211710,24.25,24.4,24.2,24.35,0.1,5020,0.8370198011046288,20.2977,20.3814,20.2559,20.4233
2023-06-26,14687457,356834008,24.35,24.35,24.25,24.3,-0.05,3588,0.8370198011046288,20.3814,20.3396,20.2977,20.3814
2023-06-27,16457769,397868348,24.25,24.3,24.05,24.2,-0.1,6068,0.8370198011046288,20.2977,20.2559,20.1303,20.3396
2023-06-28,26663603,643392409,24.15,24.2,24.05,24.1,-0.1,6244,0.8370198011046288,20.214,20.1722,20.1303,20.2559
2023-06-29,22237596,521258274,23.5,23.65,23.3,23.3,0.0,8282,0.8657586783957749,20.3453,20.1722,20.1722,20.4752
2023-06-30,25473492,589346308,23.25,23.3,23.05,23.1,-0.2,7452,0.8657586783957749,20.1289,19.999,19.9557,20.1722
2023-07-03,9301497,215875006,23.1,23.3,23.05,23.2,0.1,3479,0.8657586783957749,19.999,20.0856,19.9557,20.1722
2023-07-04,14040249,324587229,23.2,23.2,23.05,23.05,-0.15,4702,0.8657586783957749,20.0856,19.9557,19.9557,20.0856
2023-07-05,11277309,261215799,23.05,23.25,23.0,23.15,0.1,3763,0.8657586783957749,19.9557,20.0423,19.9124,20.1289
2023-07-06,33282604,760381495,23.1,23.15,22.6,22.7,-0.45,13143,0.8657586783957749,19.999,19.6527,19.5661,20.0423
2023-07-07,18732791,423081331,22.6,22.8,22.35,22.65,-0.05,5740,0.8657586783957749,19.5661,19.6094,19.3497,19.7393
2023-07-10,22622784,520493768,22.95,23.2,22.85,23.0,0.35,6360,0.8657586783957749,19.8692,19.9124,19.7826,20.0856
2023-07-11,17580292,409751637,23.1,23.45,23.1,23.3,0.3,5045,0.8657586783957749,19.999,20.1722,19.999,20.302
2023-07-12,18411035,431388390,23.3,23.55,23.25,23.45,0.15,4140,0.8657586783957749,20.1722,20.302,20.1289,20.3886
2023-07-13,21195758,497189676,23.6,23.65,23.3,23.3,-0.15,5191,0.8657586783957749,20.4319,20.1722,20.1722,20.4752
2023-07-14,22463905,529274251,23.4,23.75,23.35,23.75,0.45,5311,0.8657586783957749,20.2588,20.5618,20.2155,20.5618
2023-07-17,20169422,482964590,23.65,24.1,23.65,23.95,0.2,6120,0.8657586783957749,20.4752,20.7349,20.4752,20.8648
2023-07-18,13327593,320135648,24.0,24.1,23.9,24.1,0.15,4559,0.8657586783957749,20.7782,20.8648,20.6916,20.8648
2023-07-19,19786256,477974454,24.1,24.35,23.95,24.1,0.0,6766,0.8657586783957749,20.8648,20.8648,20.7349,21.0812
2023-07-20,26188402,637287390,24.1,24.45,24.05,24.45,0.35,6878,0.8657586783957749,20.8648,21.1678,20.8215,21.1678
2023-07-21,16001208,390628062,24.3,24.5,24.2,24.4,-0.05,4463,0.8657586783957749,21.0379,21.1245,20.9514,21.2111
2023-07-24,16032740,387506190,24.35,24.4,24.0,24.1,-0.3,5434,0.8657586783957749,21.0812,20.8648,20.7782,21.1245
2023-07-25,8119470,196944781,24.4,24.4,24.2,24.25,0.15,2754,0.8657586783957749,21.1245,20.9946,20.9514,21.1245
2023-07-26,12993074,317775108,24.25,24.55,24.25,24.55,0.3,5033,0.8657586783957749,20.9946,21.2544,20.9946,21.2544
2023-07-27,14614190,359922452,24.55,24.7,24.55,24.7,0.15,5474,0.8657586783957749,21.2544,21.3842,21.2544,21.3842
2023-07-28,18133934,442719338,24.55,24.65,24.3,24.4,-0.3,8007,0.8657586783957749,21.2544,21.1245,21.0379,21.341
2023-07-31,19580810,479089041,24.55,24.8,24.35,24.4,0.0,4883,0.8657586783957749,21.2544,21.1245,21.0812,21.4708
2023-08-01,26027823,644238870,24.6,25.0,24.5,24.9,0.5,9860,0.8657586783957749,21.2977,21.5574,21.2111,21.644
2023-08-02,22883925,559735508,24.7,24.75,24.25,24.45,-0.45,9368,0.8657586783957749,21.3842,21.1678,20.9946,21.4275
2023-08-04,18719633,455324015,24.45,24.55,24.2,24.35,-0.1,5481,0.8657586783957749,21.1678,21.0812,20.9514,21.2544
2023-08-07,16464180,403757925,24.35,24.7,24.3,24.7,0.35,5921,0.8657586783957749,21.0812,21.3842,21.0379,21.3842
2023-08-08,42444556,1066872493,24.9,25.4,24.9,25.1,0.4,12954,0.8657586783957749,21.5574,21.7305,21.5574,21.9903
2023-08-09,15715900,394286589,25.15,25.25,24.95,25.15,0.05,6937,0.8657586783957749,21.7738,21.7738,21.6007,21.8604
2023-08-10,24039161,605502041,25.15,25.3,25.0,25.3,0.15,6864,0.8657586783957749,21.7738,21.9037,21.644,21.9037
2023-08-11,16883467,418385894,25.1,25.15,24.6,24.75,0.0,7160,0.8789604559957105,22.0619,21.7543,21.6224,22.1059
2023-08-14,20484704,498631977,24.7,24.7,24.2,24.3,-0.45,7768,0.8789604559957105,21.7103,21.3587,21.2708,21.7103
2023-08-15,12761774,308820954,24.4,24.45,24.1,24.2,-0.1,4575,0.8789604559957105,21.4466,21.2708,21.1829,21.4906
2023-08-16,29452079,703976884,24.05,24.1,23.8,23.85,-0.35,8914,0.8789604559957105,21.139,20.9632,20.9193,21.1829
2023-08-17,23279892,549698826,23.6,23.9,23.3,23.75,-0.1,8033,0.8789604559957105,20.7435,20.8753,20.4798,21.0072
2023-08-18,16918253,405158732,23.9,24.15,23.8,23.95,0.2,4322,0.8789604559957105,21.0072,21.0511,20.9193,21.2269
2023-08-21,14105227,337546297,24.0,24.15,23.8,23.9,-0.05,7867,0.8789604559957105,21.0951,21.0072,20.9193,21.2269
2023-08-22,8173485,195138890,23.95,24.05,23.75,23.85,-0.05,3398,0.8789604559957105,21.0511,20.9632,20.8753,21.139
2023-08-23,10437119,251766388,23.8,24.25,23.8,24.2,0.35,3887,0.8789604559957105,20.9193,21.2708,20.9193,21.3148
2023-08-24,13336943,324527656,24.2,24.5,24.15,24.45,0.25,4303,0.8789604559957105,21.2708,21.4906,21.2269,21.5345
2023-08-25,12191033,297839749,24.25,24.55,24.2,24.4,-0.05,3727,0.8789604559957105,21.3148,21.4466,21.2708,21.5785
2023-08-28,9428238,229598320,24.4,24.45,24.25,24.4,0.0,3282,0.8789604559957105,21.4466,21.4466,21.3148,21.4906
2023-08-29,16375664,401738432,24.4,24.65,24.3,24.65,0.25,4470,0.8789604559957105,21.4466,21.6664,21.3587,21.6664
2023-08-30,12794016,316828314,24.7,24.8,24.65,24.8,0.15,3864,0.8789604559957105,21.7103,21.7982,21.6664,21.7982
2023-08-31,24897746,608836962,24.85,24.85,24.4,24.4,-0.4,4383,0.8789604559957105,21.8422,21.4466,21.4466,21.8422
2023-09-01,7082948,174819004,24.55,24.75,24.55,24.75,0.35,3106,0.8789604559957105,21.5785,21.7543,21.5785,21.7543
2023-09-04,5275831,129494374,24.6,24.65,24.45,24.5,-0.25,3673,0.8789604559957105,21.6224,21.5345,21.4906,21.6664
2023-09-05,11988500,291181778,24.45,24.5,24.2,24.2,-0.3,6220,0.8789604559957105,21.4906,21.2708,21.2708,21.5345
2023-09-06,14734483,357690936,24.3,24.45,24.1,24.25,0.05,5428,0.8789604559957105,21.3587,21.3148,21.1829,21.4906
2023-09-07,25654526,633881156,24.5,24.95,24.4,24.7,0.45,7690,0.8789604559957105,21.5345,21.7103,21.4466,21.9301
2023-09-08,14746877,363084850,24.65,24.7,24.5,24.65,-0.05,4560,0.8789604559957105,21.6664,21.6664,21.5345,21.7103
2023-09-11,6625318,163038587,24.65,24.7,24.5,24.7,0.05,3173,0.8789604559957105,21.6664,21.7103,21.5345,21.7103
2023-09-12,12376910,306283270,24.7,24.8,24.6,24.8,0.1,3931,0.8789604559957105,21.7103,21.7982,21.6224,21.7982
2023-09-13,15368671,382581740,24.85,25.0,24.75,25.0,0.2,4817,0.8789604559957105,21.8422,21.974,21.7543,21.974
2023-09-14,16524531,415222387,25.0,25.2,24.95,25.2,0.2,6171,0.8789604559957105,21.974,22.1498,21.9301,22.1498
2023-09-15,27684678,700257092,25.2,25.35,25.1,25.35,0.15,5256,0.8789604559957105,22.1498,22.2816,22.0619,22.2816
2023-09-18,16153790,410263201,25.35,25.5,25.25,25.4,0.05,5210,0.8789604559957105,22.2816,22.3256,22.1938,22.4135
2023-09-19,21622334,554489275,25.45,25.75,25.4,25.75,0.35,7302,0.8789604559957105,22.3695,22.6332,22.3256,22.6332
2023-09-20,17633379,448415254,25.75,25.75,25.35,25.4,-0.35,10798,0.8789604559957105,22.6332,22.3256,22.2816,22.6332
2023-09-21,21207579,531215468,25.3,25.35,24.85,25.0,-0.4,9798,0.8789604559957105,22.2377,21.974,21.8422,22.2816
2023-09-22,14057531,350056033,24.8,25.1,24.65,25.1,0.1,4515,0.8789604559957105,21.7982,22.0619,21.6664,22.0619
2023-09-25,7893164,198303387,25.1,25.25,24.95,25.2,0.1,3115,0.8789604559957105,22.0619,22.1498,21.9301,22.1938
2023-09-26,11449356,286551001,25.05,25.2,24.9,25.0,-0.2,4954,0.8789604559957105,22.018,21.974,21.8861,22.1498
2023-09-27,15150983,380109440,24.9,25.2,24.85,25.15,0.15,4486,0.8789604559957105,21.8861,22.1059,21.8422,22.1498
2023-09-28,10738707,269862624,25.1,25.3,25.0,25.05,-0.1,3319,0.8789604559957105,22.0619,22.018,21.974,22.2377
2023-10-02,6574348,164276297,25.1,25.15,24.9,24.95,-0.1,4973,0.8789604559957105,22.0619,21.9301,21.8861,22.1059
2023-10-03,11299695,279290826,24.8,24.8,24.55,24.65,-0.3,6834,0.8789604559957105,21.7982,21.6664,21.5785,21.7982
2023-10-04,21094988,512569953,24.4,24.5,24.2,24.25,-0.4,9600,0.8789604559957105,21.4466,21.3148,21.2708,21.5345
2023-10-05,8627152,211594449,24.3,24.6,24.25,24.55,0.3,3801,0.8789604559957105,21.3587,21.5785,21.3148,21.6224
2023-10-06,6518484,161400453,24.6,24.85,24.6,24.8,0.25,2869,0.8789604559957105,21.6224,21.7982,21.6224,21.8422
2023-10-11,30034906,759797623,25.0,25.5,25.0,25.5,0.7,10773,0.8789604559957105,21.974,22.4135,21.974,22.4135
2023-10-12,18210702,464839866,25.5,25.65,25.25,25.65,0.15,7172,0.8789604559957105,22.4135,22.5453,22.1938,22.5453
2023-10-13,13444542,342358207,25.45,25.55,25.25,25.45,-0.2,5952,0.8789604559957105,22.3695,22.3695,22.1938,22.4574
2023-10-16,12917131,329323112,25.4,25.55,25.35,25.55,0.1,4637,0.8789604559957105,22.3256,22.4574,22.2816,22.4574
2023-10-17,15883160,404328605,25.55,25.6,25.3,25.3,-0.25,6119,0.8789604559957105,22.4574,22.2377,22.2377,22.5014
2023-10-18,31029823,791240539,25.55,25.55,25.3,25.55,0.25,5196,0.8789604559957105,22.4574,22.4574,22.2377,22.4574
2023-10-19,21254686,533864065,25.3,25.4,25.0,25.1,-0.45,7536,0.8789604559957105,22.2377,22.0619,21.974,22.3256
2023-10-20,28301528,696471569,24.65,24.85,24.35,24.75,-0.35,10357,0.8789604559957105,21.6664,21.7543,21.4027,21.8422
2023-10-23,14907850,364189149,24.6,24.65,24.3,24.4,-0.35,6506,0.8789604559957105,21.6224,21.4466,21.3587,21.6664
2023-10-24,10200951,248809343,24.4,24.6,24.25,24.45,0.05,4606,0.8789604559957105,21.4466,21.4906,21.3148,21.6224
2023-10-25,10575450,260537048,24.6,24.75,24.55,24.6,0.15,4115,0.8789604559957105,21.6224,21.6224,21.5785,21.7543
2023-10-26,16690548,406971518,24.35,24.6,24.2,24.35,-0.25,4843,0.8789604559957105,21.4027,21.4027,21.2708,21.6224
2023-10-27,10378791,253417039,24.4,24.5,24.35,24.4,0.05,4010,0.8789604559957105,21.4466,21.4466,21.4027,21.5345
2023-10-30,19448031,468957006,24.2,24.4,24.0,24.1,-0.3,8571,0.8789604559957105,21.2708,21.1829,21.0951,21.4466
2023-10-31,13454034,326466703,24.1,24.35,24.1,24.3,0.2,3407,0.8789604559957105,21.1829,21.3587,21.1829,21.4027
2023-11-01,9613703,234524667,24.35,24.5,24.2,24.4,0.1,3731,0.8789604559957105,21.4027,21.4466,21.2708,21.5345
2023-11-02,9340652,229465958,24.6,24.65,24.45,24.5,0.1,3901,0.8789604559957105,21.6224,21.5345,21.4906,21.6664
2023-11-03,13355058,330858894,24.65,24.95,24.6,24.95,0.45,3910,0.8789604559957105,21.6664,21.9301,21.6224,21.9301
2023-11-06,25407040,632565290,25.05,25.1,24.8,24.9,-0.05,9501,0.8789604559957105,22.018,21.8861,21.7982,22.0619
2023-11-07,6716914,167917561,24.85,25.05,24.85,25.05,0.15,3121,0.8789604559957105,21.8422,22.018,21.8422,22.018
2023-11-08,6741275,168413692,25.05,25.05,24.9,25.0,-0.05,2835,0.8789604559957105,22.018,21.974,21.8861,22.018
2023-11-09,6031469,150652541,25.0,25.05,24.9,25.0,0.0,2205,0.8789604559957105,21.974,21.974,21.8861,22.018
2023-11-10,4332765,108120354,24.8,25.0,24.8,25.0,0.0,2187,0.8789604559957105,21.7982,21.974,21.7982,21.974
2023-11-13,9108624,227183231,25.0,25.05,24.8,25.0,0.0,3509,0.8789604559957105,21.974,21.974,21.7982,22.018
2023-11-14,9434143,236288053,25.05,25.1,25.0,25.05,0.05,3826,0.8789604559957105,22.018,22.018,21.974,22.0619
2023-11-15,23990525,607315064,25.35,25.4,25.2,25.3,0.25,6803,0.8789604559957105,22.2816,22.2377,22.1498,22.3256
2023-11-16,17808581,452369332,25.4,25.5,25.3,25.45,0.15,6213,0.8789604559957105,22.3256,22.3695,22.2377,22.4135
2023-11-17,12559992,319198162,25.35,25.45,25.35,25.35,-0.1,5018,0.8789604559957105,22.2816,22.2816,22.2816,22.3695
2023-11-20,9071185,229684244,25.35,25.4,25.2,25.35,0.0,4041,0.8789604559957105,22.2816,22.2816,22.1498,22.3256
2023-11-21,24440130,626380540,25.5,25.7,25.4,25.7,0.35,9348,0.8789604559957105,22.4135,22.5893,22.3256,22.5893
2023-11-22,6385350,163513141,25.6,25.7,25.55,25.6,-0.1,3059,0.8789604559957105,22.5014,22.5014,22.4574,22.5893
2023-11-23,6927339,177516573,25.7,25.7,25.5,25.7,0.1,3756,0.8789604559957105,22.5893,22.5893,22.4135,22.5893
2023-11-24,11161307,287466899,25.7,25.8,25.65,25.8,0.1,5594,0.8789604559957105,22.5893,22.6772,22.5453,22.6772
2023-11-27,15955839,413591352,25.85,26.05,25.75,25.85,0.05,6218,0.8789604559957105,22.7211,22.7211,22.6332,22.8969
2023-11-28,19022323,495156080,25.9,26.1,25.85,26.1,0.25,7073,0.8789604559957105,22.7651,22.9409,22.7211,22.9409
2023-11-29,16141041,420372944,26.05,26.1,25.95,25.95,-0.15,5830,0.8789604559957105,22.8969,22.809,22.809,22.9409
2023-11-30,23562108,612838912,26.1,26.1,25.9,26.0,0.05,4735,0.8789604559957105,22.9409,22.853,22.7651,22.9409
2023-12-01,12200861,318122213,26.0,26.2,25.9,26.1,0.1,5274,0.8789604559957105,22.853,22.9409,22.7651,23.0288
2023-12-04,18587670,489288564,26.2,26.4,26.1,26.35,0.25,7007,0.8789604559957105,23.0288,23.1606,22.9409,23.2046
2023-12-05,17920819,472295626,26.3,26.4,26.15,26.4,0.05,6702,0.8789604559957105,23.1167,23.2046,22.9848,23.2046
2023-12-06,15180825,401528558,26.45,26.5,26.35,26.45,0.05,5921,0.8789604559957105,23.2485,23.2485,23.1606,23.2925
2023-12-07,11156816,295077626,26.35,26.5,26.35,26.5,0.05,5592,0.8789604559957105,23.1606,23.2925,23.1606,23.2925
2023-12-08,13926147,368773998,26.5,26.55,26.4,26.55,0.05,4609,0.8789604559957105,23.2925,23.3364,23.2046,23.3364
2023-12-11,13011034,344428010,26.55,26.55,26.3,26.55,0.0,4799,0.8789604559957105,23.3364,23.3364,23.1167,23.3364
2023-12-12,21629101,577421920,26.6,26.8,26.5,26.8,0.25,7344,0.8789604559957105,23.3803,23.5561,23.2925,23.5561
2023-12-13,14605696,391574230,26.85,26.9,26.6,26.75,-0.05,5197,0.8789604559957105,23.6001,23.5122,23.3803,23.644
2023-12-14,24170691,651961986,26.9,27.1,26.65,27.0,0.25,9507,0.8789604559957105,23.644,23.7319,23.4243,23.8198
2023-12-15,40803767,1104111926,27.1,27.2,26.95,27.0,0.0,8305,0.8789604559957105,23.8198,23.7319,23.688,23.9077
2023-12-18,24225671,654809784,26.8,27.15,26.8,27.05,0.05,7773,0.8789604559957105,23.5561,23.7759,23.5561,23.8638
2023-12-19,31976269,856302209,26.95,27.1,26.6,26.7,-0.35,11466,0.8789604559957105,23.688,23.4682,23.3803,23.8198
2023-12-20,31270321,833727058,26.75,26.9,26.55,26.55,-0.15,9779,0.8789604559957105,23.5122,23.3364,23.3364,23.644
2023-12-21,28909853,764024615,26.35,26.55,26.25,26.45,-0.1,12987,0.8789604559957105,23.1606,23.2485,23.0727,23.3364
2023-12-22,16923314,452589395,26.45,26.85,26.45,26.8,0.35,4386,0.8789604559957105,23.2485,23.5561,23.2485,23.6001
2023-12-25,7693322,204929569,26.8,26.8,26.5,26.6,-0.2,9414,0.8789604559957105,23.5561,23.3803,23.2925,23.5561
2023-12-26,12977029,348978792,26.7,27.05,26.6,26.85,0.25,4369,0.8789604559957105,23.4682,23.6001,23.3803,23.7759
2023-12-27,22293049,604342791,26.9,27.15,26.9,27.15,0.3,7085,0.8789604559957105,23.644,23.8638,23.644,23.8638
2023-12-28,22478047,612872624,27.1,27.4,26.95,27.35,0.2,7468,0.8789604559957105,23.8198,24.0396,23.688,24.0835
2023-12-29,21959669,604654551,27.3,27.6,27.25,27.6,0.25,8083,0.8789604559957105,23.9956,24.2593,23.9517,24.2593
2024-01-02,18819196,520783425,27.45,27.85,27.45,27.75,0.15,6245,0.8789604559957105,24.1275,24.3912,24.1275,24.479
2024-01-03,26176632,709787850,27.6,27.6,26.95,26.95,-0.8,24693,0.8789604559957105,24.2593,23.688,23.688,24.2593
2024-01-04,19560717,531555179,26.95,27.3,26.9,27.2,0.25,5327,0.8789604559957105,23.688,23.9077,23.644,23.9956
2024-01-05,10279332,277000143,27.15,27.25,26.8,26.95,-0.25,5176,0.8789604559957105,23.8638,23.688,23.5561,23.9517
2024-01-08,12353995,333742641,27.0,27.25,26.85,26.9,-0.05,4717,0.8789604559957105,23.7319,23.644,23.6001,23.9517
2024-01-09,9771305,262690158,27.0,27.1,26.8,26.8,-0.1,4269,0.8789604559957105,23.7319,23.5561,23.5561,23.8198
2024-01-10,13366702,354377148,26.75,26.75,26.4,26.5,-0.3,6125,0.8789604559957105,23.5122,23.2925,23.2046,23.5122
2024-01-11,8330214,222967534,26.5,26.85,26.5,26.8,0.3,3406,0.8789604559957105,23.2925,23.5561,23.2925,23.6001
2024-01-12,8714280,232303485,26.7,26.75,26.5,26.65,-0.15,3379,0.8789604559957105,23.4682,23.4243,23.2925,23.5122
2024-01-15,10373584,277745649,26.75,26.9,26.6,26.7,0.05,3513,0.8789604559957105,23.5122,23.4682,23.3803,23.644
2024-01-16,23636371,620855964,26.3,26.45,26.1,26.25,-0.45,8847,0.8789604559957105,23.1167,23.0727,22.9409,23.2485
2024-01-17,27519378,715601371,26.15,26.2,25.8,25.8,-0.45,11249,0.8789604559957105,22.9848,22.6772,22.6772,23.0288
2024-01-18,15486605,399768856,25.7,26.0,25.7,25.8,0.0,6746,0.8789604559957105,22.5893,22.6772,22.5893,22.853
2024-01-19,15650648,407959006,25.75,26.25,25.75,26.2,0.4,5710,0.8789604559957105,22.6332,23.0288,22.6332,23.0727
2024-01-22,15269700,402232255,26.25,26.5,26.25,26.35,0.15,4257,0.8789604559957105,23.0727,23.1606,23.0727,23.2925
2024-01-23,7205267,190747684,26.5,26.55,26.35,26.55,0.2,3017,0.8789604559957105,23.2925,23.3364,23.1606,23.3364
2024-01-24,6148148,163369449,26.55,26.65,26.5,26.6,0.05,3767,0.8789604559957105,23.3364,23.3803,23.2925,23.4243
2024-01-25,8630482,230181729,26.7,26.75,26.5,26.75,0.15,3117,0.8789604559957105,23.4682,23.5122,23.2925,23.5122
2024-01-26,12114687,325116363,26.75,26.95,26.6,26.95,0.2,4185,0.8789604559957105,23.5122,23.688,23.3803,23.688
2024-01-29,10518098,284158713,26.85,27.1,26.8,27.1,0.15,3663,0.8789604559957105,23.6001,23.8198,23.5561,23.8198
2024-01-30,14072067,378118518,27.1,27.1,26.75,26.85,-0.25,5415,0.8789604559957105,23.8198,23.6001,23.5122,23.8198
2024-01-31,13893244,374631274,26.75,27.05,26.75,27.05,0.2,3770,0.8789604559957105,23.5122,23.7759,23.5122,23.7759
2024-02-01,12214867,330075811,27.05,27.1,26.9,27.05,0.0,5076,0.8789604559957105,23.7759,23.7759,23.644,23.8198
2024-02-02,9861617,264643330,26.95,26.95,26.75,26.9,-0.15,4305,0.8789604559957105,23.688,23.644,23.5122,23.688
2024-02-05,17033784,458785612,26.65,27.05,26.6,27.0,0.1,5326,0.8789604559957105,23.4243,23.7319,23.3803,23.7759
2024-02-15,21404385,576767671,26.9,27.05,26.8,27.0,0.0,6902,0.8789604559957105,23.644,23.7319,23.5561,23.7759
2024-02-16,9040527,244602959,27.0,27.15,26.95,27.15,0.15,4042,0.8789604559957105,23.7319,23.8638,23.688,23.8638
2024-02-19,13179280,360068359,27.2,27.45,27.1,27.45,0.3,4983,0.8789604559957105,23.9077,24.1275,23.8198,24.1275
2024-02-20,23937530,662650316,27.5,27.85,27.3,27.85,0.4,9849,0.8789604559957105,24.1714,24.479,23.9956,24.479
2024-02-21,23169721,634452857,27.5,27.65,27.25,27.35,-0.5,9361,0.8789604559957105,24.1714,24.0396,23.9517,24.3033
2024-02-22,13237974,363260517,27.45,27.55,27.3,27.55,0.2,3816,0.8789604559957105,24.1275,24.2154,23.9956,24.2154
2024-02-23,11559496,316202595,27.5,27.55,27.2,27.3,-0.25,4893,0.8789604559957105,24.1714,23.9956,23.9077,24.2154
2024-02-26,13236967,360162018,27.2,27.3,27.1,27.1,-0.2,4842,0.8789604559957105,23.9077,23.8198,23.8198,23.9956
2024-02-27,15377432,418508166,27.05,27.3,27.05,27.2,0.1,5883,0.8789604559957105,23.7759,23.9077,23.7759,23.9956
2024-02-29,25599669,700357293,27.1,27.45,27.05,27.45,0.25,5856,0.8789604559957105,23.8198,24.1275,23.7759,24.1275
2024-03-01,10744624,288355855,27.35,27.4,27.2,27.3,-0.15,4258,0.8789604559957105,24.0396,23.9956,23.9077,24.0835
2024-03-04,11934261,325581214,27.1,27.35,27.1,27.35,0.05,5032,0.8789604559957105,23.8198,24.0396,23.8198,24.0396
2024-03-05,10432321,285038860,27.15,27.45,27.15,27.3,-0.05,4037,0.8789604559957105,23.8638,23.9956,23.8638,24.1275
2024-03-06,18522732,508689926,27.4,27.55,27.3,27.5,0.2,5585,0.8789604559957105,24.0835,24.1714,23.9956,24.2154
2024-03-07,39895372,1112869149,27.3,28.1,27.3,28.1,0.6,11224,0.8789604559957105,23.9956,24.6988,23.9956,24.6988
2024-03-08,35056874,995517302,28.05,28.55,28.05,28.45,0.35,10540,0.8789604559957105,24.6548,25.0064,24.6548,25.0943
2024-03-11,19622697,566693262,28.55,28.75,28.45,28.55,0.1,6398,0.8789604559957105,25.0943,25.0943,25.0064,25.2701
2024-03-12,18529474,533400599,28.6,28.9,28.6,28.9,0.35,6597,0.8789604559957105,25.1383,25.402,25.1383,25.402
2024-03-13,39033088,1143544310,28.9,29.5,28.9,29.5,0.6,12214,0.8789604559957105,25.402,25.9293,25.402,25.9293
2024-03-14,66574509,2008219521,29.6,30.7,29.55,30.3,0.8,23191,0.8789604559957105,26.0172,26.6325,25.9733,26.9841
2024-03-15,45591493,1371279210,30.0,30.2,29.8,30.2,-0.1,13989,0.8789604559957105,26.3688,26.5446,26.193,26.5446
2024-03-18,30984785,911989439,30.0,30.1,29.2,29.35,-0.85,24948,0.8789604559957105,26.3688,25.7975,25.6656,26.4567
2024-03-19,22260250,650659967,29.3,29.35,29.1,29.2,-0.15,7934,0.8789604559957105,25.7535,25.6656,25.5777,25.7975
2024-03-20,23761271,691702227,29.25,29.4,28.85,28.9,-0.3,8990,0.8789604559957105,25.7096,25.402,25.358,25.8414
2024-03-21,27018012,803422301,29.25,29.95,29.2,29.8,0.9,9739,0.8789604559957105,25.7096,26.193,25.6656,26.3249
2024-03-22,23851131,709658476,29.8,30.2,29.45,29.45,-0.35,9908,0.8789604559957105,26.193,25.8854,25.8854,26.5446
2024-03-25,19712293,581128404,29.35,30.0,29.35,29.85,0.4,6827,0.8789604559957105,25.7975,26.237,25.7975,26.3688
2024-03-26,20993010,631951298,29.95,30.3,29.85,30.1,0.25,8269,0.8789604559957105,26.3249,26.4567,26.237,26.6325
2024-03-27,22484399,680617230,29.95,30.45,29.9,30.3,0.2,8564,0.8789604559957105,26.3249,26.6325,26.2809,26.7643
2024-03-28,16194767,486728888,30.1,30.2,29.95,30.1,-0.2,9260,0.8789604559957105,26.4567,26.4567,26.3249,26.5446
2024-03-29,16344450,495568081,30.2,30.4,30.1,30.4,0.3,5122,0.8789604559957105,26.5446,26.7204,26.4567,26.7204
2024-04-01,11092014,342014153,30.45,30.5,30.1,30.1,-0.3,7937,0.8789604559957105,26.7643,26.4567,26.4567,26.8083
2024-04-02,10740864,324165313,30.15,30.3,30.05,30.3,0.2,4179,0.8789604559957105,26.5007,26.6325,26.4128,26.6325
2024-04-03,16445054,493958637,30.4,30.4,29.9,29.95,-0.35,7702,0.8789604559957105,26.7204,26.3249,26.2809,26.7204
2024-04-08,21408740,645880521,29.8,30.35,29.8,30.3,0.35,5362,0.8789604559957105,26.193,26.6325,26.193,26.6764
2024-04-09,32920689,1015853861,30.4,31.25,30.35,30.9,0.6,9692,0.8789604559957105,26.7204,27.1599,26.6764,27.4675
2024-04-10,18339754,561528712,30.9,30.95,30.5,30.5,-0.4,9146,0.8789604559957105,27.1599,26.8083,26.8083,27.2038
2024-04-11,16936142,516071690,30.3,30.6,30.2,30.5,0.0,4581,0.8789604559957105,26.6325,26.8083,26.5446,26.8962
2024-04-12,20559344,622895701,30.2,30.5,30.1,30.3,-0.2,6772,0.8789604559957105,26.5446,26.6325,26.4567,26.8083
2024-04-15,19590981,596576108,30.2,30.65,30.0,30.55,0.25,6568,0.8789604559957105,26.5446,26.8522,26.3688,26.9401
2024-04-16,23735937,712432141,30.35,30.5,29.8,29.95,-0.6,12222,0.8789604559957105,26.6764,26.3249,26.193,26.8083
2024-04-17,19061372,572129525,30.0,30.1,29.8,30.0,0.05,5733,0.8789604559957105,26.3688,26.3688,26.193,26.4567
2024-04-18,29789436,907563661,29.95,30.65,29.95,30.6,0.6,9207,0.8789604559957105,26.3249,26.8962,26.3249,26.9401
2024-04-19,50007181,1495787987,30.2,30.6,29.6,29.9,-0.7,20360,0.8789604559957105,26.5446,26.2809,26.0172,26.8962
2024-04-22,40796229,1220410522,30.15,30.2,29.7,29.9,0.0,10210,0.8789604559957105,26.5007,26.2809,26.1051,26.5446
2024-04-23,35660999,1066218166,29.95,30.15,29.7,29.8,-0.1,11386,0.8789604559957105,26.3249,26.193,26.1051,26.5007
2024-04-24,36324979,1098968894,30.0,30.4,29.95,30.35,0.55,7827,0.8789604559957105,26.3688,26.6764,26.3249,26.7204
2024-04-25,22946284,684861664,30.0,30.1,29.75,29.8,-0.55,8560,0.8789604559957105,26.3688,26.193,26.1491,26.4567
2024-04-26,13709399,412911319,29.9,30.3,29.9,30.0,0.2,5429,0.8789604559957105,26.2809,26.3688,26.2809,26.6325
2024-04-29,32776145,1010138230,30.25,31.05,30.2,31.05,1.05,11004,0.8789604559957105,26.5886,27.2917,26.5446,27.2917
2024-04-30,13741055,422893301,30.85,31.1,30.65,30.65,-0.4,8963,0.8789604559957105,27.1159,26.9401,26.9401,27.3357
2024-05-02,14784383,452617267,30.55,30.9,30.45,30.65,0.0,5256,0.8789604559957105,26.8522,26.9401,26.7643,27.1599
2024-05-03,13027778,400972039,30.8,31.0,30.55,30.55,-0.1,5701,0.8789604559957105,27.072,26.8522,26.8522,27.2478
2024-05-06,22681876,709971830,30.75,31.5,30.7,31.5,0.95,9381,0.8789604559957105,27.028,27.6873,26.9841,27.6873
2024-05-07,22446205,710922136,31.55,31.9,31.3,31.8,0.3,7074,0.8789604559957105,27.7312,27.9509,27.5115,28.0388
2024-05-08,13386677,424355560,31.8,31.9,31.5,31.8,0.0,6790,0.8789604559957105,27.9509,27.9509,27.6873,28.0388
2024-05-09,22368943,713883957,31.95,32.2,31.5,31.65,-0.15,8289,0.8789604559957105,28.0828,27.8191,27.6873,28.3025
2024-05-10,13386267,428428957,31.65,32.2,31.65,32.1,0.45,6158,0.8789604559957105,27.8191,28.2146,27.8191,28.3025
2024-05-13,11771526,377139369,32.1,32.2,31.85,32.0,-0.1,7695,0.8789604559957105,28.2146,28.1267,27.9949,28.3025
2024-05-14,18982948,599067039,32.0,32.0,31.35,31.45,-0.55,7719,0.8789604559957105,28.1267,27.6433,27.5554,28.1267
2024-05-15,21927857,703816478,31.8,32.4,31.8,31.85,0.4,8705,0.8789604559957105,27.9509,27.9949,27.9509,28.4783
2024-05-16,35449334,1152622468,32.3,32.6,32.05,32.6,0.75,11453,0.8789604559957105,28.3904,28.6541,28.1707,28.6541
2024-05-17,15115824,491742617,32.5,32.7,32.3,32.65,0.05,6910,0.8789604559957105,28.5662,28.6981,28.3904,28.742
2024-05-20,16629001,537680192,32.8,32.8,32.15,32.35,-0.3,9147,0.8789604559957105,28.8299,28.4344,28.2586,28.8299
2024-05-21,15949833,509914247,32.1,32.15,31.85,32.05,-0.3,5241,0.8789604559957105,28.2146,28.1707,27.9949,28.2586
2024-05-22,37967999,1268937585,32.5,34.2,32.45,33.35,1.3,12843,0.8789604559957105,28.5662,29.3133,28.5223,30.0604
2024-05-23,19736047,651667155,32.95,33.2,32.75,33.15,-0.2,9986,0.8789604559957105,28.9617,29.1375,28.786,29.1815
2024-05-24,17168548,559820678,32.85,32.9,32.5,32.5,-0.65,10183,0.8789604559957105,28.8739,28.5662,28.5662,28.9178
2024-05-27,12441993,405993826,32.5,32.8,32.15,32.7,0.2,4798,0.8789604559957105,28.5662,28.742,28.2586,28.8299
2024-05-28,15716053,517791317,32.75,33.1,32.65,32.85,0.15,5811,0.8789604559957105,28.786,28.8739,28.6981,29.0936
2024-05-29,23303671,749326442,32.85,32.9,31.85,31.85,-1.0,12322,0.8789604559957105,28.8739,27.9949,27.9949,28.9178
2024-05-30,31506887,994727370,31.6,31.95,31.25,31.45,-0.4,9867,0.8789604559957105,27.7752,27.6433,27.4675,28.0828
2024-05-31,37358262,1180848133,31.55,31.9,31.4,31.65,0.2,7538,0.8789604559957105,27.7312,27.8191,27.5994,28.0388
2024-06-03,10298862,326085868,31.65,31.75,31.4,31.75,0.1,6143,0.8789604559957105,27.8191,27.907,27.5994,27.907
2024-06-04,14718468,461333271,31.45,31.5,31.15,31.45,-0.3,6582,0.8789604559957105,27.6433,27.6433,27.3796,27.6873
2024-06-05,14535715,456779020,31.35,31.65,31.3,31.3,-0.15,4763,0.8789604559957105,27.5554,27.5115,27.5115,27.8191
2024-06-06,10646084,336496306,31.3,31.8,31.3,31.7,0.4,4541,0.8789604559957105,27.5115,27.863,27.5115,27.9509
2024-06-07,11773110,375283921,31.75,32.1,31.7,31.8,0.1,5117,0.8789604559957105,27.907,27.9509,27.863,28.2146
2024-06-11,15546674,494726772,32.0,32.15,31.55,31.6,-0.2,6050,0.8789604559957105,28.1267,27.7752,27.7312,28.2586
2024-06-12,13244838,416839775,31.6,31.8,31.35,31.45,-0.15,5589,0.8789604559957105,27.7752,27.6433,27.5554,27.9509
2024-06-13,16214875,518799329,31.8,32.15,31.65,32.0,0.55,6701,0.8789604559957105,27.9509,28.1267,27.8191,28.2586
2024-06-14,11997314,384198656,32.15,32.2,31.85,32.0,0.0,7114,0.8789604559957105,28.2586,28.1267,27.9949,28.3025
2024-06-17,12763194,412341574,32.0,32.45,31.95,32.3,0.3,6909,0.8789604559957105,28.1267,28.3904,28.0828,28.5223
2024-06-18,13744396,449480771,32.5,32.9,32.35,32.9,0.6,7023,0.8789604559957105,28.5662,28.9178,28.4344,28.9178
2024-06-19,27607571,925601056,32.95,33.8,32.95,33.75,0.85,15297,0.8789604559957105,28.9617,29.6649,28.9617,29.7089
2024-06-20,40927589,1398175490,33.9,34.35,33.85,34.35,0.6,12013,0.8789604559957105,29.7968,30.1923,29.7528,30.1923
2024-06-21,31411258,1072910963,34.3,34.35,33.9,34.15,-0.2,6256,0.8789604559957105,30.1483,30.0165,29.7968,30.1923
2024-06-24,30040935,1030679094,34.0,34.5,33.85,34.5,0.35,10015,0.8789604559957105,29.8847,30.3241,29.7528,30.3241
2024-06-25,36275276,1241983745,34.6,34.6,33.95,34.4,-0.1,7489,0.8789604559957105,30.412,30.2362,29.8407,30.412
2024-06-26,43013520,1458162082,34.35,34.35,33.65,33.8,-0.6,13217,0.8789604559957105,30.1923,29.7089,29.577,30.1923
2024-06-27,95906681,3024740913,32.2,32.45,31.2,31.75,0.0,34878,0.9085279331087157,29.2546,28.8458,28.3461,29.4817
2024-06-28,37883280,1210391447,31.75,32.15,31.55,32.05,0.3,12024,0.9085279331087157,28.8458,29.1183,28.6641,29.2092
2024-07-01,18517447,593476430,32.05,32.35,31.85,32.0,-0.05,8266,0.9085279331087157,29.1183,29.0729,28.9366,29.3909
2024-07-02,21683756,694406529,31.8,32.15,31.75,32.1,0.1,5594,0.9085279331087157,28.8912,29.1637,28.8458,29.2092
2024-07-03,30355871,986097125,32.05,32.8,32.0,32.7,0.6,9333,0.9085279331087157,29.1183,29.7089,29.0729,29.7997
2024-07-04,22854024,756679438,32.9,33.35,32.8,33.1,0.4,8330,0.9085279331087157,29.8906,30.0723,29.7997,30.2994
2024-07-05,9725455,320936057,33.0,33.1,32.9,33.0,-0.1,3814,0.9085279331087157,29.9814,29.9814,29.8906,30.0723
2024-07-08,15836333,524804629,33.0,33.35,32.8,33.2,0.2,6443,0.9085279331087157,29.9814,30.1631,29.7997,30.2994
2024-07-09,13914349,460208407,33.2,33.4,32.85,33.0,-0.2,4990,0.9085279331087157,30.1631,29.9814,29.8451,30.3448
2024-07-10,17122387,572620736,33.0,33.55,33.0,33.55,0.55,5238,0.9085279331087157,29.9814,30.4811,29.9814,30.4811
2024-07-11,19070334,642650009,33.65,34.1,33.4,33.65,0.1,7563,0.9085279331087157,30.572,30.572,30.3448,30.9808
2024-07-12,17398078,585194125,33.4,33.9,33.35,33.75,0.1,6385,0.9085279331087157,30.3448,30.6628,30.2994,30.7991
2024-07-15,25822948,851756755,33.7,33.7,32.75,32.9,-0.85,11287,0.9085279331087157,30.6174,29.8906,29.7543,30.6174
2024-07-16,20583659,677894027,33.1,33.3,32.75,33.0,0.1,6446,0.9085279331087157,30.0723,29.9814,29.7543,30.254
2024-07-17,28326758,936703670,32.95,33.35,32.7,33.15,0.15,9471,0.9085279331087157,29.936,30.1177,29.7089,30.2994
2024-07-18,33903925,1125345982,33.2,33.45,32.75,33.25,0.1,9667,0.9085279331087157,30.1631,30.2086,29.7543,30.3903
2024-07-19,32087372,1046836249,33.4,33.4,32.25,32.6,-0.65,11823,0.9085279331087157,30.3448,29.618,29.3,30.3448
2024-07-22,27675530,884462937,32.35,32.45,31.7,31.85,-0.75,9698,0.9085279331087157,29.3909,28.9366,28.8003,29.4817
2024-07-23,20783694,681939903,32.3,33.05,32.25,33.0,1.15,7327,0.9085279331087157,29.3455,29.9814,29.3,30.0268
2024-07-26,29543222,948827063,32.5,32.6,31.85,32.05,-0.95,11969,0.9085279331087157,29.5272,29.1183,28.9366,29.618
2024-07-29,17787618,580888719,32.6,32.85,32.5,32.7,0.65,5096,0.9085279331087157,29.618,29.7089,29.5272,29.8451
2024-07-30,15696698,505840099,32.7,32.7,31.85,32.35,-0.35,6139,0.9085279331087157,29.7089,29.3909,28.9366,29.7089
2024-07-31,20662859,675782852,32.4,32.8,32.35,32.8,0.45,4184,0.9085279331087157,29.4363,29.7997,29.3909,29.7997
2024-08-01,19705166,649072736,32.7,33.1,32.7,33.05,0.25,5094,0.9085279331087157,29.7089,30.0268,29.7089,30.0723
2024-08-02,22839150,730759246,32.2,32.4,31.75,31.9,-1.15,10337,0.9085279331087157,29.2546,28.982,28.8458,29.4363
2024-08-05,37000583,1105397836,31.1,31.1,29.2,29.35,-2.55,17312,0.9085279331087157,28.2552,26.6653,26.529,28.2552
2024-08-06,32540615,988166636,29.6,31.05,29.3,30.7,1.35,11983,0.9085279331087157,26.8924,27.8918,26.6199,28.2098
2024-08-07,19139995,600549038,31.7,31.75,31.0,31.3,0.6,7150,0.9085279331087157,28.8003,28.4369,28.1644,28.8458
2024-08-08,19625364,614948736,30.8,31.65,30.75,31.4,0.1,6233,0.9085279331087157,27.9827,28.5278,27.9372,28.7549
2024-08-09,29093660,945629839,31.75,32.95,31.75,32.6,1.2,9441,0.9085279331087157,28.8458,29.618,28.8458,29.936
2024-08-12,17701530,566521241,31.8,32.5,31.8,31.8,0.0,6717,0.9267212333962496,29.4697,29.4697,29.4697,30.1184
2024-08-13,16507638,524050244,32.3,32.45,31.5,31.6,-0.2,6276,0.9267212333962496,29.9331,29.2844,29.1917,30.0721
2024-08-14,17903374,574465639,32.15,32.35,31.85,32.0,0.4,5032,0.9267212333962496,29.7941,29.6551,29.5161,29.9794
2024-08-15,17806335,565552843,32.35,32.4,31.5,31.5,-0.5,6578,0.9267212333962496,29.9794,29.1917,29.1917,30.0258
2024-08-16,19388429,621976046,32.05,32.4,31.8,32.0,0.5,5627,0.9267212333962496,29.7014,29.6551,29.4697,30.0258
2024-08-19,11709101,372051627,32.0,32.05,31.65,31.65,-0.35,5000,0.9267212333962496,29.6551,29.3307,29.3307,29.7014
2024-08-20,10252304,325242126,31.95,31.95,31.6,31.75,0.1,3685,0.9267212333962496,29.6087,29.4234,29.2844,29.6087
2024-08-21,13687701,433610030,31.9,32.0,31.55,31.7,-0.05,4690,0.9267212333962496,29.5624,29.3771,29.2381,29.6551
2024-08-22,13681499,428887889,31.7,31.7,31.1,31.45,-0.25,6290,0.9267212333962496,29.3771,29.1454,28.821,29.3771
2024-08-23,25021420,772119214,31.05,31.15,30.6,30.9,-0.55,9838,0.9267212333962496,28.7747,28.6357,28.3577,28.8674
2024-08-26,15890298,505098892,31.0,32.0,31.0,32.0,1.1,5684,0.9267212333962496,28.7284,29.6551,28.7284,29.6551
2024-08-27,8763206,279353574,31.7,32.0,31.7,31.9,-0.1,4947,0.9267212333962496,29.3771,29.5624,29.3771,29.6551
2024-08-28,7413808,235611920,31.7,31.9,31.65,31.8,-0.1,3250,0.9267212333962496,29.3771,29.4697,29.3307,29.5624
2024-08-29,11463099,362685825,31.7,31.9,31.5,31.55,-0.25,3942,0.9267212333962496,29.3771,29.2381,29.1917,29.5624
2024-08-30,23422718,745770864,31.55,31.9,31.45,31.9,0.35,3055,0.9267212333962496,29.2381,29.5624,29.1454,29.5624
2024-09-02,7719976,245554481,31.85,32.0,31.7,31.75,-0.15,3402,0.9267212333962496,29.5161,29.4234,29.3771,29.6551
2024-09-03,13249856,414923282,31.6,31.75,31.15,31.2,-0.55,6382,0.9267212333962496,29.2844,28.9137,28.8674,29.4234
2024-09-04,31707833,958752711,29.7,30.65,29.65,30.35,-0.85,13217,0.9267212333962496,27.5236,28.126,27.4773,28.404
2024-09-05,12873262,394016422,30.5,30.85,30.4,30.5,0.15,5384,0.9267212333962496,28.265,28.265,28.1723,28.5894
2024-09-06,9768346,299389386,30.4,30.95,30.2,30.75,0.25,3789,0.9267212333962496,28.1723,28.4967,27.987,28.682
2024-09-09,46849468,1389254549,29.65,30.05,29.35,29.7,-1.05,20671,0.9267212333962496,27.4773,27.5236,27.1993,27.848
2024-09-10,20627088,618837702,30.0,30.25,29.75,29.95,0.25,5321,0.9267212333962496,27.8016,27.7553,27.57,28.0333
2024-09-11,13389511,398529917,29.95,30.1,29.6,29.6,-0.35,7346,0.9267212333962496,27.7553,27.4309,27.4309,27.8943
2024-09-12,19257629,572990442,29.85,29.95,29.45,29.85,0.25,6800,0.9267212333962496,27.6626,27.6626,27.2919,27.7553
2024-09-13,11862329,358488883,29.85,30.45,29.8,30.25,0.4,5052,0.9267212333962496,27.6626,28.0333,27.6163,28.2187
2024-09-16,7586693,231522017,30.3,30.65,30.25,30.5,0.25,4270,0.9267212333962496,28.0797,28.265,28.0333,28.404
2024-09-18,13401964,408582154,30.6,30.7,30.3,30.4,-0.1,7046,0.9267212333962496,28.3577,28.1723,28.0797,28.4503
2024-09-19,11187063,343809820,30.5,30.9,30.3,30.9,0.5,5410,0.9267212333962496,28.265,28.6357,28.0797,28.6357
2024-09-20,21677270,673473011,30.95,31.25,30.9,31.0,0.1,5397,0.9267212333962496,28.682,28.7284,28.6357,28.96
2024-09-23,13603834,426423584,30.9,31.5,30.9,31.4,0.4,4959,0.9267212333962496,28.6357,29.099,28.6357,29.1917
2024-09-24,15879501,499071870,31.2,31.55,31.2,31.5,0.1,5354,0.9267212333962496,28.9137,29.1917,28.9137,29.2381
2024-09-25,21212801,673794621,31.85,31.85,31.5,31.8,0.3,7551,0.9267212333962496,29.5161,29.4697,29.1917,29.5161
2024-09-26,15892924,503397982,32.0,32.0,31.5,31.5,-0.3,5665,0.9267212333962496,29.6551,29.1917,29.1917,29.6551
2024-09-27,12387813,393043124,31.95,31.95,31.6,31.75,0.25,4261,0.9267212333962496,29.6087,29.4234,29.2844,29.6087
2024-09-30,17817635,566326567,32.0,32.0,31.7,31.7,-0.05,4904,0.9267212333962496,29.6551,29.3771,29.3771,29.6551
2024-10-01,12340591,390284948,31.7,31.9,31.5,31.5,-0.2,4227,0.9267212333962496,29.3771,29.1917,29.1917,29.5624
2024-10-04,20414557,646063933,31.05,31.9,31.05,31.8,0.3,6190,0.9267212333962496,28.7747,29.4697,28.7747,29.5624
2024-10-07,19170967,611642542,31.6,32.15,31.6,32.0,0.2,6890,0.9267212333962496,29.2844,29.6551,29.2844,29.7941
2024-10-08,17889936,566830375,31.6,31.9,31.45,31.75,-0.25,5401,0.9267212333962496,29.2844,29.4234,29.1454,29.5624
2024-10-09,8203087,260983863,31.9,31.95,31.65,31.65,-0.1,2974,0.9267212333962496,29.5624,29.3307,29.3307,29.6087
2024-10-11,12740360,405095475,31.9,32.0,31.55,31.55,-0.1,4039,0.9267212333962496,29.5624,29.2381,29.2381,29.6551
2024-10-14,10326947,327902303,31.7,31.85,31.6,31.8,0.25,3453,0.9267212333962496,29.3771,29.4697,29.2844,29.5161
2024-10-15,27831277,899167576,31.65,32.6,31.65,32.6,0.8,10636,0.9267212333962496,29.3307,30.2111,29.3307,30.2111
2024-10-16,19257541,624515921,32.1,32.75,32.05,32.25,-0.35,7811,0.9267212333962496,29.7478,29.8868,29.7014,30.3501
2024-10-17,15588489,507954802,32.2,32.75,32.2,32.65,0.4,6870,0.9267212333962496,29.8404,30.2574,29.8404,30.3501
2024-10-18,28618335,952057387,32.75,33.5,32.65,33.5,0.85,12067,0.9267212333962496,30.3501,31.0452,30.2574,31.0452
2024-10-21,18312701,600788814,33.5,33.5,32.55,32.7,-0.8,18359,0.9267212333962496,31.0452,30.3038,30.1648,31.0452
2024-10-22,17536179,581403230,32.55,33.3,32.5,33.3,0.6,7688,0.9267212333962496,30.1648,30.8598,30.1184,30.8598
2024-10-23,11328775,371847114,33.05,33.1,32.7,32.7,-0.6,9538,0.9267212333962496,30.6281,30.3038,30.3038,30.6745
2024-10-24,8560923,279873042,32.6,32.8,32.45,32.7,0.0,3584,0.9267212333962496,30.2111,30.3038,30.0721,30.3965
2024-10-25,6711490,221219743,33.0,33.15,32.8,32.95,0.25,3642,0.9267212333962496,30.5818,30.5355,30.3965,30.7208
2024-10-28,9663018,316921341,32.95,33.05,32.55,32.75,-0.2,4414,0.9267212333962496,30.5355,30.3501,30.1648,30.6281
2024-10-29,14448752,470305660,32.6,32.8,32.35,32.6,-0.15,5304,0.9267212333962496,30.2111,30.2111,29.9794,30.3965
2024-10-30,18427870,596714760,32.5,32.6,32.15,32.45,-0.15,5172,0.9267212333962496,30.1184,30.0721,29.7941,30.2111
2024-11-01,29601171,930422615,30.25,32.55,30.25,32.1,-0.35,8953,0.9267212333962496,28.0333,29.7478,28.0333,30.1648
2024-11-04,12643050,413452805,32.0,32.9,32.0,32.75,0.65,4545,0.9267212333962496,29.6551,30.3501,29.6551,30.4891
2024-11-05,7540939,246803078,32.7,32.85,32.5,32.85,0.1,4577,0.9267212333962496,30.3038,30.4428,30.1184,30.4428
2024-11-06,12212147,397165346,32.6,32.8,32.3,32.45,-0.4,4898,0.9267212333962496,30.2111,30.0721,29.9331,30.3965
2024-11-07,14550702,473739468,32.45,32.9,32.35,32.55,0.1,5502,0.9267212333962496,30.0721,30.1648,29.9794,30.4891
2024-11-08,20013213,663594329,32.9,33.3,32.8,33.2,0.65,8451,0.9267212333962496,30.4891,30.7671,30.3965,30.8598
2024-11-11,8465470,278699884,32.95,33.1,32.75,32.95,-0.25,7279,0.9267212333962496,30.5355,30.5355,30.3501,30.6745
2024-11-12,21653055,713436385,32.8,33.15,32.65,32.95,0.0,6258,0.9267212333962496,30.3965,30.5355,30.2574,30.7208
2024-11-13,22370864,731263922,32.65,33.0,32.45,32.65,-0.3,8031,0.9267212333962496,30.2574,30.2574,30.0721,30.5818
2024-11-14,21353966,697286313,32.65,32.85,32.35,32.7,0.05,6535,0.9267212333962496,30.2574,30.3038,29.9794,30.4428
2024-11-15,25797011,848235843,32.6,33.3,32.55,32.55,-0.15,8413,0.9267212333962496,30.2111,30.1648,30.1648,30.8598
2024-11-18,13372059,438295419,32.55,32.95,32.45,32.8,0.25,4921,0.9267212333962496,30.1648,30.3965,30.0721,30.5355
2024-11-19,34989012,1174057854,33.0,33.85,32.85,33.85,1.05,11912,0.9267212333962496,30.5818,31.3695,30.4428,31.3695
2024-11-20,22481487,750745114,33.6,33.8,33.2,33.45,-0.4,14650,0.9267212333962496,31.1378,30.9988,30.7671,31.3232
2024-11-21,16892190,566232176,33.45,33.8,33.05,33.8,0.35,6141,0.9267212333962496,30.9988,31.3232,30.6281,31.3232
2024-11-22,15680300,525799780,33.8,33.9,33.35,33.5,-0.3,9063,0.9267212333962496,31.3232,31.0452,30.9062,31.4158
2024-11-25,58219836,1934852911,33.85,33.85,33.15,33.15,-0.35,8930,0.9267212333962496,31.3695,30.7208,30.7208,31.3695
2024-11-26,19959719,667067919,33.15,33.7,33.05,33.45,0.3,7102,0.9267212333962496,30.7208,30.9988,30.6281,31.2305
2024-11-27,19814155,660512676,33.3,33.5,33.25,33.3,-0.15,5408,0.9267212333962496,30.8598,30.8598,30.8135,31.0452
2024-11-28,13362891,445873638,33.3,33.55,33.2,33.25,-0.05,4907,0.9267212333962496,30.8598,30.8135,30.7671,31.0915
2024-11-29,18378976,608925066,33.1,33.3,32.7,33.25,0.0,5735,0.9267212333962496,30.6745,30.8135,30.3038,30.8598
2024-12-02,25400404,860106065,33.3,34.1,33.3,33.9,0.65,9723,0.9267212333962496,30.8598,31.4158,30.8598,31.6012
2024-12-03,30055064,1038684708,34.1,34.8,34.05,34.8,0.9,10644,0.9267212333962496,31.6012,32.2499,31.5549,32.2499
2024-12-04,13461961,466681486,34.85,34.85,34.35,34.7,-0.1,7395,0.9267212333962496,32.2962,32.1572,31.8329,32.2962
2024-12-05,10279083,358408781,34.7,35.0,34.6,34.85,0.15,5561,0.9267212333962496,32.1572,32.2962,32.0646,32.4352
2024-12-06,10335987,359458860,35.0,35.0,34.55,34.9,0.05,6455,0.9267212333962496,32.4352,32.3426,32.0182,32.4352
2024-12-09,15233409,533557944,34.9,35.4,34.75,34.95,0.05,8168,0.9267212333962496,32.3426,32.3889,32.2036,32.8059
2024-12-10,12883954,449376581,34.95,35.1,34.65,34.95,0.0,6813,0.9267212333962496,32.3889,32.3889,32.1109,32.5279
2024-12-11,14567116,506529391,34.95,35.05,34.6,34.7,-0.25,6944,0.9267212333962496,32.3889,32.1572,32.0646,32.4816
2024-12-12,16889789,591248722,34.7,35.15,34.6,35.15,0.45,7474,0.9267212333962496,32.1572,32.5743,32.0646,32.5743
2024-12-13,10474768,367154476,35.1,35.2,34.85,35.05,-0.1,4444,0.9267212333962496,32.5279,32.4816,32.2962,32.6206
2024-12-16,19941001,705075899,35.05,35.65,35.0,35.25,0.2,11303,0.9267212333962496,32.4816,32.6669,32.4352,33.0376
2024-12-17,22751590,795079311,35.35,35.35,34.75,34.85,-0.4,14475,0.9267212333962496,32.7596,32.2962,32.2036,32.7596
2024-12-18,16376632,566863149,34.7,35.0,34.45,34.65,-0.2,12112,0.9267212333962496,32.1572,32.1109,31.9255,32.4352
2024-12-19,27892569,964888443,34.05,34.85,34.05,34.85,0.2,9993,0.9267212333962496,31.5549,32.2962,31.5549,32.2962
2024-12-20,103362811,3483786480,34.35,34.4,33.6,33.6,-1.25,28748,0.9267212333962496,31.8329,31.1378,31.1378,31.8792
2024-12-23,25853524,889142815,34.0,34.65,33.9,34.4,0.8,6767,0.9267212333962496,31.5085,31.8792,31.4158,32.1109
2024-12-24,24792146,857044992,34.9,34.9,34.35,34.75,0.35,8778,0.9267212333962496,32.3426,32.2036,31.8329,32.3426
2024-12-25,23157439,796668469,34.8,34.85,34.3,34.45,-0.3,5288,0.9267212333962496,32.2499,31.9255,31.7865,32.2962
2024-12-26,20656617,709461320,34.55,34.65,34.2,34.45,0.0,7100,0.9267212333962496,32.0182,31.9255,31.6939,32.1109
2024-12-27,11744797,407670806,34.5,34.85,34.25,34.85,0.4,4419,0.9267212333962496,31.9719,32.2962,31.7402,32.2962
2024-12-30,7483244,260020502,34.7,34.9,34.55,34.75,-0.1,5044,0.9267212333962496,32.1572,32.2036,32.0182,32.3426
2024-12-31,14029661,479265145,34.35,34.5,34.0,34.0,-0.75,7045,0.9267212333962496,31.8329,31.5085,31.5085,31.9719
2025-01-02,18253402,624833537,33.95,34.55,33.9,34.55,0.55,5710,0.9267212333962496,31.4622,32.0182,31.4158,32.0182
2025-01-03,12762676,443686411,34.55,34.9,34.45,34.75,0.2,4902,0.9267212333962496,32.0182,32.2036,31.9255,32.3426
2025-01-06,23495637,827084721,34.75,35.45,34.65,35.45,0.7,9248,0.9267212333962496,32.2036,32.8523,32.1109,32.8523
2025-01-07,22024804,788348118,35.7,35.9,35.55,35.8,0.35,9758,0.9267212333962496,33.0839,33.1766,32.9449,33.2693
2025-01-08,15619046,554275875,35.4,35.7,35.25,35.6,-0.2,8440,0.9267212333962496,32.8059,32.9913,32.6669,33.0839
2025-01-09,14006660,493975709,35.6,35.75,34.95,34.95,-0.65,10421,0.9267212333962496,32.9913,32.3889,32.3889,33.1303
2025-01-10,21961363,756010306,34.7,34.9,34.15,34.4,-0.55,10439,0.9267212333962496,32.1572,31.8792,31.6475,32.3426
2025-01-13,22367344,762223044,34.3,34.6,33.8,34.05,-0.35,9569,0.9267212333962496,31.7865,31.5549,31.3232,32.0646
2025-01-14,15898262,547249294,34.15,34.65,33.95,34.45,0.4,8035,0.9267212333962496,31.6475,31.9255,31.4622,32.1109
2025-01-15,12124756,418307139,34.45,34.9,34.35,34.4,-0.05,6114,0.9267212333962496,31.9255,31.8792,31.8329,32.3426
2025-01-16,13548178,472364936,34.7,35.0,34.65,34.9,0.5,4873,0.9267212333962496,32.1572,32.3426,32.1109,32.4352
2025-01-17,14525459,504165551,34.85,34.9,34.5,34.5,-0.4,6658,0.9267212333962496,32.2962,31.9719,31.9719,32.3426
2025-01-20,13924530,478625289,34.7,34.75,34.2,34.25,-0.25,5607,0.9267212333962496,32.1572,31.7402,31.6939,32.2036
2025-01-21,12945844,448415339,34.25,35.0,34.15,34.65,0.4,4924,0.9267212333962496,31.7402,32.1109,31.6475,32.4352
2025-01-22,11262682,390507187,34.85,35.0,34.55,34.6,-0.05,4125,0.9267212333962496,32.2962,32.0646,32.0182,32.4352
2025-02-03,30757674,1072831810,34.6,35.15,34.35,35.0,0.4,9327,0.9267212333962496,32.0646,32.4352,31.8329,32.5743
2025-02-04,18847843,656184035,35.25,35.3,34.4,34.5,-0.5,7286,0.9267212333962496,32.6669,31.9719,31.8792,32.7133
2025-02-05,18214139,636102685,34.9,35.3,34.6,34.85,0.35,5380,0.9267212333962496,32.3426,32.2962,32.0646,32.7133
2025-02-06,22272834,785740484,34.85,35.55,34.75,35.5,0.65,7038,0.9267212333962496,32.2962,32.8986,32.2036,32.9449
2025-02-07,17434360,614719855,35.2,35.8,35.0,35.1,-0.4,8756,0.9267212333962496,32.6206,32.5279,32.4352,33.1766
2025-02-10,15375817,546355713,35.15,35.75,35.15,35.6,0.5,6477,0.9267212333962496,32.5743,32.9913,32.5743,33.1303
2025-02-11,10739403,383977743,35.6,36.0,35.5,35.8,0.2,6849,0.9267212333962496,32.9913,33.1766,32.8986,33.362
2025-02-12,10828382,389569516,35.8,36.15,35.6,36.0,0.2,5652,0.9267212333962496,33.1766,33.362,32.9913,33.501
2025-02-13,13814828,497313145,35.9,36.15,35.6,36.1,0.1,6566,0.9267212333962496,33.2693,33.4546,32.9913,33.501
2025-02-14,16718837,609005815,36.05,36.65,35.9,36.4,0.3,7136,0.9267212333962496,33.4083,33.7327,33.2693,33.9643
2025-02-17,19567911,721958183,36.8,37.2,36.65,36.75,0.35,12266,0.9267212333962496,34.1033,34.057,33.9643,34.474
2025-02-18,17528203,649472001,36.95,37.2,36.75,37.2,0.45,9328,0.9267212333962496,34.2423,34.474,34.057,34.474
2025-02-19,15102375,558174811,37.45,37.45,36.8,36.9,-0.3,10537,0.9267212333962496,34.7057,34.196,34.1033,34.7057
2025-02-20,13130193,483580723,36.85,37.0,36.6,36.85,-0.05,9446,0.9267212333962496,34.1497,34.1497,33.918,34.2887
2025-02-21,12354315,456430870,36.85,37.15,36.65,37.05,0.2,5706,0.9267212333962496,34.1497,34.335,33.9643,34.4277
2025-02-24,24521384,896239377,36.7,36.9,36.35,36.45,-0.6,9912,0.9267212333962496,34.0107,33.779,33.6863,34.196
2025-02-25,18185771,663721702,36.1,36.8,36.1,36.5,0.05,6996,0.9267212333962496,33.4546,33.8253,33.4546,34.1033
2025-02-26,19228667,709516947,36.4,37.2,36.25,36.95,0.45,7714,0.9267212333962496,33.7327,34.2423,33.5936,34.474
2025-02-27,21369801,783906917,36.7,37.0,36.6,36.65,-0.3,6647,0.9267212333962496,34.0107,33.9643,33.918,34.2887
2025-03-03,19794890,723926975,36.6,36.85,36.25,36.7,0.05,7472,0.9267212333962496,33.918,34.0107,33.5936,34.1497
2025-03-04,33073066,1197362437,36.15,36.45,36.1,36.25,-0.45,11543,0.9267212333962496,33.501,33.5936,33.4546,33.779
2025-03-05,17414242,629059289,36.15,36.3,36.0,36.25,0.0,7189,0.9267212333962496,33.501,33.5936,33.362,33.64
2025-03-06,17576839,636402929,36.2,36.45,36.1,36.15,-0.1,7427,0.9267212333962496,33.5473,33.501,33.4546,33.779
2025-03-07,29769962,1057970889,36.3,36.3,35.3,35.4,-0.75,14097,0.9267212333962496,33.64,32.8059,32.7133,33.64
2025-03-10,25147741,890704730,35.45,35.65,35.15,35.4,0.0,7975,0.9267212333962496,32.8523,32.8059,32.5743,33.0376
2025-03-11,32008003,1110459953,34.8,35.1,34.25,34.85,-0.55,14107,0.9267212333962496,32.2499,32.2962,31.7402,32.5279
2025-03-12,17054345,597776837,35.1,35.3,34.95,35.0,0.15,8384,0.9267212333962496,32.5279,32.4352,32.3889,32.7133
2025-03-13,23818171,830435144,35.15,35.2,34.7,34.7,-0.3,6246,0.9267212333962496,32.5743,32.1572,32.1572,32.6206
2025-03-14,21719773,753832398,34.95,35.05,34.5,34.75,0.05,9538,0.9267212333962496,32.3889,32.2036,31.9719,32.4816
2025-03-17,26516444,942345162,35.7,35.95,35.0,35.7,0.95,12283,0.9267212333962496,33.0839,33.0839,32.4352,33.3156
2025-03-18,27462362,974613320,35.85,36.1,35.05,35.5,-0.2,13706,0.9267212333962496,33.223,32.8986,32.4816,33.4546
2025-03-19,18894815,667549559,35.6,35.85,35.15,35.15,-0.35,10359,0.9267212333962496,32.9913,32.5743,32.5743,33.223
2025-03-20,9561101,337903524,35.4,35.55,35.15,35.35,0.2,4921,0.9267212333962496,32.8059,32.7596,32.5743,32.9449
2025-03-21,31397590,1104527970,35.3,35.55,35.05,35.05,-0.3,9488,0.9267212333962496,32.7133,32.4816,32.4816,32.9449
2025-03-24,14794168,520417058,35.35,35.45,35.05,35.1,0.05,7543,0.9267212333962496,32.7596,32.5279,32.4816,32.8523
2025-03-25,12351875,435814128,35.25,35.45,35.15,35.15,0.05,5385,0.9267212333962496,32.6669,32.5743,32.5743,32.8523
2025-03-26,16808490,593924881,35.15,35.5,35.1,35.25,0.1,6222,0.9267212333962496,32.5743,32.6669,32.5279,32.8986
2025-03-27,20978605,741700573,35.25,35.5,35.2,35.3,0.05,7906,0.9267212333962496,32.6669,32.7133,32.6206,32.8986
2025-03-28,24428358,855022901,35.3,35.3,34.8,34.85,-0.45,10289,0.9267212333962496,32.7133,32.2962,32.2499,32.7133
2025-03-31,51460124,1745936473,33.85,34.4,33.45,33.45,-1.4,19766,0.9267212333962496,31.3695,30.9988,30.9988,31.8792
2025-04-01,21924238,747690483,33.6,34.3,33.6,34.05,0.6,10139,0.9267212333962496,31.1378,31.5549,31.1378,31.7865
2025-04-02,13826165,476477581,34.1,34.7,34.0,34.4,0.35,5546,0.9267212333962496,31.6012,31.8792,31.5085,32.1572
2025-04-07,11563913,358491137,31.0,31.0,31.0,31.0,-3.4,8562,0.9267212333962496,28.7284,28.7284,28.7284,28.7284
2025-04-08,77831149,2324760959,30.65,30.65,29.15,29.95,-1.05,32340,0.9267212333962496,28.404,27.7553,27.0139,28.404
2025-04-09,69135219,1979513129,29.5,29.85,27.3,27.3,-2.65,31634,0.9267212333962496,27.3383,25.2995,25.2995,27.6626
2025-04-10,15637129,469113870,30.0,30.0,30.0,30.0,2.7,4275,0.9267212333962496,27.8016,27.8016,27.8016,27.8016
2025-04-11,42897605,1280707070,28.85,30.45,28.6,30.3,0.3,16089,0.9267212333962496,26.7359,28.0797,26.5042,28.2187
2025-04-14,25554685,784745797,30.3,31.1,30.2,30.65,0.35,9001,0.9267212333962496,28.0797,28.404,27.987,28.821
2025-04-15,23683880,743376822,30.95,31.7,30.75,31.5,0.85,9235,0.9267212333962496,28.682,29.1917,28.4967,29.3771
2025-04-16,22827512,709233986,31.45,31.6,30.6,31.15,-0.35,11595,0.9267212333962496,29.1454,28.8674,28.3577,29.2844
2025-04-17,30787211,935846621,31.0,31.0,30.2,30.25,-0.9,20279,0.9267212333962496,28.7284,28.0333,27.987,28.7284
2025-04-18,13562204,411782388,30.5,30.55,30.2,30.25,0.0,5652,0.9267212333962496,28.265,28.0333,27.987,28.3113
2025-04-21,15091894,455376772,30.3,30.35,29.95,30.3,0.05,6525,0.9267212333962496,28.0797,28.0797,27.7553,28.126
2025-04-22,17501774,522045461,30.0,30.0,29.7,29.8,-0.5,9588,0.9267212333962496,27.8016,27.6163,27.5236,27.8016
2025-04-23,21362763,644631164,30.1,30.3,30.05,30.1,0.3,7648,0.9267212333962496,27.8943,27.8943,27.848,28.0797
2025-04-24,29795211,889170699,30.15,30.25,29.65,29.65,-0.45,14890,0.9267212333962496,27.9406,27.4773,27.4773,28.0333
2025-04-25,24491622,740301036,30.05,30.45,30.05,30.25,0.6,9588,0.9267212333962496,27.848,28.0333,27.848,28.2187
2025-04-28,19048186,574485163,30.35,30.45,30.0,30.2,-0.05,8741,0.9267212333962496,28.126,27.987,27.8016,28.2187
2025-04-29,32258324,975934749,30.2,30.45,29.95,30.35,0.15,9498,0.9267212333962496,27.987,28.126,27.7553,28.2187
2025-04-30,37236666,1150084840,30.4,31.1,30.35,31.1,0.75,16818,0.9267212333962496,28.1723,28.821,28.126,28.821
2025-05-02,28910664,905099072,31.2,31.55,31.05,31.35,0.25,12791,0.9267212333962496,28.9137,29.0527,28.7747,29.2381
2025-05-05,36585267,1145335941,31.2,31.8,30.7,31.5,0.15,12395,0.9267212333962496,28.9137,29.1917,28.4503,29.4697
2025-05-06,37575147,1192912594,31.8,32.05,31.45,31.7,0.2,13690,0.9267212333962496,29.4697,29.3771,29.1454,29.7014
2025-05-07,41311164,1307490891,31.75,32.1,31.3,31.4,-0.3,13094,0.9267212333962496,29.4234,29.099,29.0064,29.7478
2025-05-08,36405484,1146224278,31.7,31.95,31.1,31.1,-0.3,16692,0.9267212333962496,29.3771,28.821,28.821,29.6087
2025-05-09,38019364,1200334255,31.0,31.95,30.85,31.75,0.65,11016,0.9267212333962496,28.7284,29.4234,28.5894,29.6087
2025-05-12,21457266,689008440,32.05,32.35,31.9,32.15,0.4,8149,0.9267212333962496,29.7014,29.7941,29.5624,29.9794
2025-05-13,28894606,932115198,32.35,32.6,32.15,32.15,0.0,9511,0.9267212333962496,29.9794,29.7941,29.7941,30.2111
2025-05-14,39771557,1313253399,32.6,33.3,32.5,33.15,1.0,13470,0.9267212333962496,30.2111,30.7208,30.1184,30.8598
2025-05-15,30425455,1014649538,33.3,33.6,33.05,33.6,0.45,11305,0.9267212333962496,30.8598,31.1378,30.6281,31.1378
2025-05-16,34402618,1146036743,33.55,33.55,33.0,33.5,-0.1,14010,0.9267212333962496,31.0915,31.0452,30.5818,31.0915
2025-05-19,32922495,1084186882,33.1,33.3,32.7,32.7,-0.8,12670,0.9267212333962496,30.6745,30.3038,30.3038,30.8598
2025-05-20,33692746,1110792086,33.0,33.2,32.65,33.0,0.3,11324,0.9267212333962496,30.5818,30.5818,30.2574,30.7671
2025-05-21,30020153,982465897,32.8,33.0,32.4,32.9,-0.1,13177,0.9267212333962496,30.3965,30.4891,30.0258,30.5818
2025-05-22,28340003,926177557,32.8,32.95,32.45,32.55,-0.35,10376,0.9267212333962496,30.3965,30.1648,30.0721,30.5355
2025-05-23,35819552,1170129484,32.7,33.0,32.5,32.65,0.1,11564,0.9267212333962496,30.3038,30.2574,30.1184,30.5818
2025-05-26,33239584,1072692950,32.6,32.6,32.15,32.3,-0.35,11862,0.9267212333962496,30.2111,29.9331,29.7941,30.2111
2025-05-27,42240170,1341043175,32.15,32.25,31.55,31.65,-0.65,19456,0.9267212333962496,29.7941,29.3307,29.2381,29.8868
2025-05-28,44284644,1404037183,31.8,31.9,31.45,31.75,0.1,15768,0.9267212333962496,29.4697,29.4234,29.1454,29.5624
2025-05-29,73341554,2303463206,31.7,31.7,31.35,31.35,-0.4,18554,0.9267212333962496,29.3771,29.0527,29.0527,29.3771
2025-06-02,31132967,976844364,31.25,31.65,30.9,31.6,0.25,10320,0.9267212333962496,28.96,29.2844,28.6357,29.3307
2025-06-03,50768841,1639920691,31.8,32.55,31.65,32.55,0.95,12305,0.9267212333962496,29.4697,30.1648,29.3307,30.1648
2025-06-04,30755801,1002826642,32.5,32.85,32.15,32.6,0.05,9316,0.9267212333962496,30.1184,30.2111,29.7941,30.4428
2025-06-05,21343755,689222295,32.6,32.75,32.1,32.15,-0.45,9507,0.9267212333962496,30.2111,29.7941,29.7478,30.3501
2025-06-06,18814660,610708932,32.4,32.7,32.3,32.45,0.3,7896,0.9267212333962496,30.0258,30.0721,29.9331,30.3038
2025-06-09,20507678,672460901,32.5,33.0,32.4,32.85,0.4,8137,0.9267212333962496,30.1184,30.4428,30.0258,30.5818
2025-06-10,24235319,795686668,32.6,32.95,32.45,32.9,0.05,9388,0.9267212333962496,30.2111,30.4891,30.0721,30.5355
2025-06-11,23154927,759830230,32.9,33.1,32.55,32.95,0.05,8967,0.9267212333962496,30.4891,30.5355,30.1648,30.6745
2025-06-12,26706457,887309487,32.95,33.4,32.95,33.3,0.35,7753,0.9267212333962496,30.5355,30.8598,30.5355,30.9525
2025-06-13,20309044,675495016,33.1,33.4,33.0,33.3,0.0,6760,0.9267212333962496,30.6745,30.8598,30.5818,30.9525
2025-06-16,26631096,897113036,33.1,33.8,33.1,33.7,0.4,9186,0.9267212333962496,30.6745,31.2305,30.6745,31.3232
2025-06-17,30996667,1052432520,33.85,34.1,33.75,33.75,0.05,10780,0.9267212333962496,31.3695,31.2768,31.2768,31.6012
2025-06-18,25477382,866333008,33.75,34.1,33.7,34.1,0.35,12804,0.9267212333962496,31.2768,31.6012,31.2305,31.6012
2025-06-19,21026259,713562424,33.95,34.1,33.8,33.8,-0.3,11396,0.9267212333962496,31.4622,31.3232,31.3232,31.6012
2025-06-20,82690655,2781953096,33.7,34.1,33.55,33.55,-0.25,13783,0.9267212333962496,31.2305,31.0915,31.0915,31.6012
2025-06-23,36820665,1237594333,33.3,33.75,33.25,33.65,0.1,9628,0.9267212333962496,30.8598,31.1842,30.8135,31.2768
2025-06-24,41752090,1402979585,33.7,34.0,33.25,33.65,0.0,11684,0.9267212333962496,31.2305,31.1842,30.8135,31.5085
2025-06-25,39211684,1332113671,33.85,34.1,33.7,34.0,0.35,10518,0.9267212333962496,31.3695,31.5085,31.2305,31.6012
2025-06-26,44766379,1517044115,34.0,34.15,33.65,33.85,-0.15,13924,0.9267212333962496,31.5085,31.3695,31.1842,31.6475
2025-06-27,39278960,1325505111,33.85,33.9,33.55,33.7,-0.15,9260,0.9267212333962496,31.3695,31.2305,31.0915,31.4158
2025-06-30,162942639,5557051460,33.75,34.55,33.45,34.15,0.45,28212,0.9267212333962496,31.2768,31.6475,30.9988,32.0182
2025-07-01,116260189,3750799298,31.7,32.7,31.5,32.7,0.0,35214,0.9707831325301203,30.7738,31.7446,30.5797,31.7446
2025-07-02,59063262,1895040985,32.25,32.45,31.75,32.25,-0.45,20017,0.9707831325301203,31.3078,31.3078,30.8224,31.5019
2025-07-03,38337687,1240463276,32.25,32.5,32.0,32.45,0.2,15300,0.9707831325301203,31.3078,31.5019,31.0651,31.5505
2025-07-04,41212221,1314469208,32.3,32.35,31.75,31.75,-0.7,16058,0.9707831325301203,31.3563,30.8224,30.8224,31.4048
2025-07-07,38608911,1221753026,31.8,31.95,31.4,31.5,-0.25,15741,0.9707831325301203,30.8709,30.5797,30.4826,31.0165
2025-07-08,28671280,912093858,31.5,31.95,31.5,31.85,0.35,9267,0.9707831325301203,30.5797,30.9194,30.5797,31.0165
2025-07-09,23374707,734712313,31.65,31.8,31.3,31.4,-0.45,12602,0.9707831325301203,30.7253,30.4826,30.3855,30.8709
2025-07-10,15420451,487221591,31.5,31.75,31.3,31.7,0.3,5830,0.9707831325301203,30.5797,30.7738,30.3855,30.8224
2025-07-11,47725956,1551036632,31.9,32.95,31.9,32.4,0.7,13019,0.9707831325301203,30.968,31.4534,30.968,31.9873
2025-07-14,22344857,721684182,32.3,32.6,32.15,32.3,-0.1,8557,0.9707831325301203,31.3563,31.3563,31.2107,31.6475
2025-07-15,19298989,619882670,32.2,32.3,31.95,32.25,-0.05,6439,0.9707831325301203,31.2592,31.3078,31.0165,31.3563
2025-07-16,19203830,621324932,32.3,32.5,32.1,32.4,0.15,9153,0.9707831325301203,31.3563,31.4534,31.1621,31.5505
2025-07-17,19304406,620661354,32.3,32.5,32.05,32.05,-0.35,7989,0.9707831325301203,31.3563,31.1136,31.1136,31.5505
2025-07-18,17879268,571789121,32.1,32.2,31.9,32.0,-0.05,6481,0.9707831325301203,31.1621,31.0651,30.968,31.2592
2025-07-21,17553844,556725485,32.0,32.1,31.55,31.7,-0.3,10436,0.9707831325301203,31.0651,30.7738,30.6282,31.1621
2025-07-22,23570871,745729452,31.7,31.85,31.45,31.6,-0.1,9962,0.9707831325301203,30.7738,30.6767,30.5311,30.9194
2025-07-23,14532008,462366297,31.8,31.95,31.65,31.95,0.35,6021,0.9707831325301203,30.8709,31.0165,30.7253,31.0165
2025-07-24,27018437,863287242,32.0,32.15,31.7,32.05,0.1,7309,0.9707831325301203,31.0651,31.1136,30.7738,31.2107
2025-07-25,14755786,471137807,32.0,32.1,31.8,31.95,-0.1,6965,0.9707831325301203,31.0651,31.0165,30.8709,31.1621
2025-07-28,12994181,414023023,32.0,32.1,31.75,31.75,-0.2,5623,0.9707831325301203,31.0651,30.8224,30.8224,31.1621
2025-07-29,20037413,630226334,31.75,31.75,31.3,31.45,-0.3,9882,0.9707831325301203,30.8224,30.5311,30.3855,30.8224
2025-07-30,17055338,539426649,31.5,31.85,31.35,31.7,0.25,6506,0.9707831325301203,30.5797,30.7738,30.4341,30.9194
2025-07-31,26842109,839795202,31.55,31.55,31.2,31.2,-0.5,12268,0.9707831325301203,30.6282,30.2884,30.2884,30.6282
2025-08-01,15565000,490232385,30.95,31.8,30.8,31.55,0.35,7257,0.9707831325301203,30.0457,30.6282,29.9001,30.8709
2025-08-04,16196876,517940446,31.55,32.2,31.4,32.1,0.55,6558,0.9707831325301203,30.6282,31.1621,30.4826,31.2592
2025-08-05,19332534,624650312,32.1,32.5,32.05,32.4,0.3,8392,0.9707831325301203,31.1621,31.4534,31.1136,31.5505
2025-08-06,23766830,776381551,32.4,32.8,32.35,32.7,0.3,6943,0.9707831325301203,31.4534,31.7446,31.4048,31.8417
2025-08-07,22146943,732243640,32.8,33.2,32.8,33.15,0.45,8582,0.9707831325301203,31.8417,32.1815,31.8417,32.23
2025-08-08,16577498,544269568,33.0,33.1,32.7,32.75,-0.4,11060,0.9707831325301203,32.0358,31.7931,31.7446,32.1329
2025-08-11,21321799,705175707,32.75,33.3,32.7,33.2,0.45,6390,0.9707831325301203,31.7931,32.23,31.7446,32.3271
2025-08-12,21081550,680970574,32.35,32.65,32.05,32.2,0.0,6084,1.0,32.35,32.2,32.05,32.65
2025-08-13,17208389,554645093,32.35,32.55,32.05,32.35,0.15,5569,1.0,32.35,32.35,32.05,32.55
2025-08-14,18717791,606260003,32.35,32.6,32.3,32.35,0.0,5012,1.0,32.35,32.35,32.3,32.6
2025-08-15,10301934,332902370,32.35,32.5,32.2,32.25,-0.1,3906,1.0,32.35,32.25,32.2,32.5
2025-08-18,24129856,783433790,32.3,32.65,32.25,32.55,0.3,6537,1.0,32.3,32.55,32.25,32.65
2025-08-19,11022554,356367632,32.35,32.4,32.3,32.3,-0.25,4252,1.0,32.35,32.3,32.3,32.4
2025-08-20,16123542,519086374,32.35,32.5,32.0,32.05,-0.25,8153,1.0,32.35,32.05,32.0,32.5
2025-08-21,11204268,363925934,32.25,32.6,32.2,32.6,0.55,4323,1.0,32.25,32.6,32.2,32.6
2025-08-22,9184455,298676607,32.4,32.65,32.35,32.6,0.0,4666,1.0,32.4,32.6,32.35,32.65
2025-08-25,15729269,516174511,32.75,32.95,32.5,32.9,0.3,5067,1.0,32.75,32.9,32.5,32.95
2025-08-26,32760540,1063904743,32.7,32.9,32.4,32.4,-0.5,5926,1.0,32.7,32.4,32.4,32.9
2025-08-27,13148422,426914532,32.4,32.7,32.35,32.35,-0.05,4271,1.0,32.4,32.35,32.35,32.7
2025-08-28,16227601,530406359,32.25,32.8,32.25,32.65,0.3,4710,1.0,32.25,32.65,32.25,32.8
2025-08-29,10057761,327937706,32.55,32.8,32.5,32.5,-0.15,3664,1.0,32.55,32.5,32.5,32.8
2025-09-01,11312441,371402617,32.5,33.05,32.5,32.75,0.25,4866,1.0,32.5,32.75,32.5,33.05
2025-09-02,10087573,332529790,32.75,33.1,32.7,33.0,0.25,4495,1.0,32.75,33.0,32.7,33.1
2025-09-03,6432384,211567334,32.95,33.1,32.7,32.9,-0.1,4662,1.0,32.95,32.9,32.7,33.1
2025-09-04,16049633,530410302,32.9,33.15,32.85,33.1,0.2,5213,1.0,32.9,33.1,32.85,33.15
2025-09-05,17927226,602728460,33.25,33.85,33.2,33.8,0.7,7473,1.0,33.25,33.8,33.2,33.85
2025-09-08,9829098,331089282,33.75,33.8,33.55,33.6,-0.2,4803,1.0,33.75,33.6,33.55,33.8
2025-09-09,10067725,340668835,33.8,34.0,33.6,33.9,0.3,3783,1.0,33.8,33.9,33.6,34.0
2025-09-10,11279538,382590292,33.9,34.0,33.75,34.0,0.1,5320,1.0,33.9,34.0,33.75,34.0
2025-09-11,21253695,723679209,34.05,34.2,33.9,33.95,-0.05,6902,1.0,34.05,33.95,33.9,34.2
2025-09-12,25537738,878860793,34.05,34.7,34.0,34.6,0.65,12437,1.0,34.05,34.6,34.0,34.7
2025-09-15,15189621,525966236,34.6,34.9,34.45,34.45,-0.15,9744,1.0,34.6,34.45,34.45,34.9
2025-09-16,14504776,499640286,34.75,34.75,34.25,34.5,0.05,14705,1.0,34.75,34.5,34.25,34.75
2025-09-17,17480610,599532100,34.25,34.6,34.1,34.3,-0.2,19253,1.0,34.25,34.3,34.1,34.6
2025-09-18,17459312,600088467,34.3,34.6,33.9,34.6,0.3,11287,1.0,34.3,34.6,33.9,34.6
2025-09-19,32305473,1125000641,34.65,35.0,34.35,34.85,0.25,11694,1.0,34.65,34.85,34.35,35.0
2025-09-22,20277666,710143789,34.95,35.15,34.8,35.15,0.3,7269,1.0,34.95,35.15,34.8,35.15
2025-09-23,21133309,740975027,34.9,35.2,34.75,35.1,-0.05,8342,1.0,34.9,35.1,34.75,35.2
2025-09-24,19042445,668408781,35.0,35.4,34.95,35.05,-0.05,8561,1.0,35.0,35.05,34.95,35.4
2025-09-25,26834790,930600710,35.1,35.1,34.5,34.6,-0.45,25901,1.0,35.1,34.6,34.5,35.1
2025-09-26,14591347,501703196,34.45,34.6,34.15,34.45,-0.15,8005,1.0,34.45,34.45,34.15,34.6
2025-09-30,21250651,737958488,34.6,34.85,34.3,34.85,0.4,5741,1.0,34.6,34.85,34.3,34.85
2025-10-01,16141794,558977454,34.7,34.85,34.5,34.65,-0.2,6054,1.0,34.7,34.65,34.5,34.85
2025-10-02,17922407,617712409,34.5,34.8,34.3,34.3,-0.35,6878,1.0,34.5,34.3,34.3,34.8
2025-10-03,11036096,377043205,34.65,34.7,34.0,34.05,-0.25,6342,1.0,34.65,34.05,34.0,34.7
2025-10-07,15627286,535514447,33.9,34.6,33.8,34.35,0.3,6922,1.0,33.9,34.35,33.8,34.6
2025-10-08,11048188,386035185,34.4,34.65,34.3,34.45,0.1,5486,1.0,34.4,34.45,34.3,34.65
2025-10-09,14970935,516686830,34.65,34.85,34.25,34.45,0.0,6024,1.0,34.65,34.45,34.25,34.85
2025-10-13,21796491,745254234,34.15,34.4,33.8,34.4,-0.05,9095,1.0,34.15,34.4,33.8,34.4
2025-10-14,24404615,846390517,34.2,34.95,34.2,34.5,0.1,8991,1.0,34.2,34.5,34.2,34.95
2025-10-15,17111129,590798966,34.55,34.75,34.25,34.6,0.1,9122,1.0,34.55,34.6,34.25,34.75
2025-10-16,17108153,592009680,34.65,34.85,34.35,34.45,-0.15,7277,1.0,34.65,34.45,34.35,34.85
2025-10-17,17721330,604530564,34.55,34.75,33.9,33.95,-0.5,8793,1.0,34.55,33.95,33.9,34.75
2025-10-20,10816990,368314747,34.3,34.5,33.9,34.05,0.1,5500,1.0,34.3,34.05,33.9,34.5
2025-10-21,14519762,501759205,34.4,34.7,34.2,34.6,0.55,6303,1.0,34.4,34.6,34.2,34.7
2025-10-22,12197311,424370360,34.55,34.9,34.55,34.7,0.1,5190,1.0,34.55,34.7,34.55,34.9
2025-10-23,7939806,275784969,34.55,34.85,34.5,34.85,0.15,4887,1.0,34.55,34.85,34.5,34.85
2025-10-27,16579252,573466957,35.0,35.1,34.4,34.65,-0.2,13181,1.0,35.0,34.65,34.4,35.1
2025-10-28,11485773,394992612,34.8,34.8,34.25,34.35,-0.3,5264,1.0,34.8,34.35,34.25,34.8
2025-10-29,10882687,374160271,34.45,34.65,34.3,34.3,-0.05,4891,1.0,34.45,34.3,34.3,34.65
2025-10-30,13114973,448857386,34.1,34.45,34.05,34.25,-0.05,5769,1.0,34.1,34.25,34.05,34.45
2025-10-31,15299438,527895372,34.4,34.75,34.2,34.5,0.25,4315,1.0,34.4,34.5,34.2,34.75
2025-11-03,13022117,450325308,34.5,34.75,34.35,34.5,0.0,4944,1.0,34.5,34.5,34.35,34.75
2025-11-04,13728331,477374609,34.65,34.95,34.6,34.75,0.25,4664,1.0,34.65,34.75,34.6,34.95
2025-11-05,32167279,1130380458,34.85,35.5,34.45,35.45,0.7,13156,1.0,34.85,35.45,34.45,35.5
2025-11-06,23636583,839465964,35.5,35.7,35.3,35.45,0.0,8330,1.0,35.5,35.45,35.3,35.7
2025-11-07,12309758,431963982,35.65,35.7,34.85,34.85,-0.6,12183,1.0,35.65,34.85,34.85,35.7
2025-11-10,10836936,376385905,34.85,34.9,34.45,34.65,-0.2,6497,1.0,34.85,34.65,34.45,34.9
2025-11-11,16617480,577972129,34.8,34.95,34.55,34.75,0.1,7069,1.0,34.8,34.75,34.55,34.95
2025-11-12,25668178,914876461,34.95,35.95,34.95,35.6,0.85,10764,1.0,34.95,35.6,34.95,35.95
2025-11-13,16012683,567717653,35.35,35.75,35.35,35.35,-0.25,6370,1.0,35.35,35.35,35.35,35.75
2025-11-14,16759863,591319071,35.3,35.55,35.1,35.1,-0.25,6507,1.0,35.3,35.1,35.1,35.55
2025-11-17,20604313,724371228,35.2,35.35,35.0,35.2,0.1,8949,1.0,35.2,35.2,35.0,35.35
2025-11-18,38059650,1334295848,34.95,35.3,34.8,35.2,0.0,16538,1.0,34.95,35.2,34.8,35.3
2025-11-19,53399189,1880358270,35.5,35.85,34.55,34.9,-0.3,28644,1.0,35.5,34.9,34.55,35.85
2025-11-20,46909370,1677552365,35.2,36.05,35.15,36.05,1.15,14421,1.0,35.2,36.05,35.15,36.05
2025-11-21,49322560,1764615155,35.65,36.25,35.45,35.65,-0.4,22694,1.0,35.65,35.65,35.45,36.25
2025-11-24,65549775,2356814449,35.6,36.2,35.5,36.05,0.4,15218,1.0,35.6,36.05,35.5,36.2
2025-11-25,36151738,1276172066,35.95,36.0,35.05,35.25,-0.8,39722,1.0,35.95,35.25,35.05,36.0
2025-11-26,23410929,837167012,35.5,36.0,35.45,36.0,0.75,8378,1.0,35.5,36.0,35.45,36.0
2025-11-27,25248774,916199780,36.0,36.7,35.75,36.5,0.5,11250,1.0,36.0,36.5,35.75,36.7
2025-11-28,17390107,628601283,36.45,36.45,35.9,36.1,-0.4,6280,1.0,36.45,36.1,35.9,36.45
2025-12-01,12505939,447689565,35.95,36.1,35.65,35.75,-0.35,12915,1.0,35.95,35.75,35.65,36.1
2025-12-02,31882590,1158106831,36.0,36.55,35.8,36.55,0.8,8901,1.0,36.0,36.55,35.8,36.55
2025-12-03,19019052,693533010,36.7,36.7,36.15,36.55,0.0,7771,1.0,36.7,36.55,36.15,36.7
2025-12-04,36652683,1368404253,36.75,37.7,36.5,37.3,0.75,14839,1.0,36.75,37.3,36.5,37.7
2025-12-05,20631619,775500127,37.8,37.8,37.3,37.75,0.45,8179,1.0,37.8,37.75,37.3,37.8
2025-12-08,22828777,852338787,37.5,37.6,37.05,37.4,-0.35,19140,1.0,37.5,37.4,37.05,37.6
2025-12-09,31823562,1206162746,37.4,38.2,37.35,38.2,0.8,13231,1.0,37.4,38.2,37.35,38.2
2025-12-10,26731893,1006814331,38.2,38.2,37.4,37.4,-0.8,22641,1.0,38.2,37.4,37.4,38.2
2025-12-11,22831839,856851036,37.8,38.0,37.2,37.55,0.15,10863,1.0,37.8,37.55,37.2,38.0
2025-12-12,18703134,710207532,37.65,38.2,37.6,38.05,0.5,7291,1.0,37.65,38.05,37.6,38.2
2025-12-15,23567841,906743598,38.0,39.0,37.65,38.4,0.35,10662,1.0,38.0,38.4,37.65,39.0
2025-12-16,38641150,1497836859,37.95,39.2,37.95,38.8,0.4,17469,1.0,37.95,38.8,37.95,39.2
2025-12-17,43805458,1729589981,38.8,40.1,38.75,39.35,0.55,23331,1.0,38.8,39.35,38.75,40.1
2025-12-18,35526267,1399505552,39.4,39.7,39.1,39.25,-0.1,16716,1.0,39.4,39.25,39.1,39.7
2025-12-19,49972115,2000332987,39.25,40.2,39.2,40.2,0.95,12909,1.0,39.25,40.2,39.2,40.2
2025-12-22,29826532,1194221603,40.2,40.25,39.95,40.0,-0.2,8149,1.0,40.2,40.0,39.95,40.25
2025-12-23,30848461,1246628835,40.0,40.8,39.95,40.55,0.55,9391,1.0,40.0,40.55,39.95,40.8
2025-12-24,22293939,896186280,40.55,40.6,40.0,40.1,-0.45,11858,1.0,40.55,40.1,40.0,40.6
2025-12-26,23638347,944348602,40.1,40.3,39.65,40.0,-0.1,16798,1.0,40.1,40.0,39.65,40.3
2025-12-29,17407145,694516475,39.9,40.2,39.7,39.85,-0.15,13468,1.0,39.9,39.85,39.7,40.2
2025-12-30,34437861,1364157787,39.6,39.85,39.45,39.65,-0.2,21318,1.0,39.6,39.65,39.45,39.85
2025-12-31,55860672,2189026766,39.8,39.95,39.0,39.3,-0.35,43345,1.0,39.8,39.3,39.0,39.95
2026-01-02,49993463,1974026154,39.5,39.85,39.3,39.65,0.35,13404,1.0,39.5,39.65,39.3,39.85
2026-01-05,52422387,2066156055,39.65,40.1,39.2,39.3,-0.35,22690,1.0,39.65,39.3,39.2,40.1
2026-01-06,34614383,1388367523,39.35,40.45,39.35,40.45,1.15,13030,1.0,39.35,40.45,39.35,40.45
2026-01-07,32545887,1301624485,40.1,40.3,39.75,40.2,-0.25,20552,1.0,40.1,40.2,39.75,40.3
2026-01-08,29161895,1190647030,40.2,41.25,40.05,41.1,0.9,10004,1.0,40.2,41.1,40.05,41.25
2026-01-09,11702383,477024253,41.2,41.2,40.5,40.8,-0.3,10967,1.0,41.2,40.8,40.5,41.2
2026-01-12,14398643,581718124,40.75,40.75,40.1,40.5,-0.3,11130,1.0,40.75,40.5,40.1,40.75
2026-01-13,15275986,618281189,40.8,40.8,40.15,40.5,0.0,4926,1.0,40.8,40.5,40.15,40.8
2026-01-14,17324257,708172050,40.7,41.15,40.4,41.15,0.65,8393,1.0,40.7,41.15,40.4,41.15
2026-01-15,23776032,996356484,41.15,42.2,41.1,41.85,0.7,10719,1.0,41.15,41.85,41.1,42.2
2026-01-16,14273400,597241409,41.85,42.0,41.4,41.8,-0.05,9915,1.0,41.85,41.8,41.4,42.0
2026-01-19,25252716,1069965360,42.2,42.75,41.65,42.4,0.6,12351,1.0,42.2,42.4,41.65,42.75
2026-01-20,16105349,674358638,42.05,42.2,41.7,41.7,-0.7,11578,1.0,42.05,41.7,41.7,42.2
2026-01-21,22466481,928312571,41.5,41.65,41.0,41.35,-0.35,8505,1.0,41.5,41.35,41.0,41.65
2026-01-22,13948127,580407793,41.55,41.75,41.5,41.6,0.25,6379,1.0,41.55,41.6,41.5,41.75
2026-01-23,22747961,945310699,42.0,42.0,41.3,41.55,-0.05,7241,1.0,42.0,41.55,41.3,42.0
2026-01-26,19879395,836351999,41.7,42.45,41.2,42.4,0.85,9175,1.0,41.7,42.4,41.2,42.45
2026-01-27,21668101,917559888,42.45,42.6,42.15,42.3,-0.1,10724,1.0,42.45,42.3,42.15,42.6
2026-01-28,20862595,885064767,42.3,42.7,42.0,42.6,0.3,10247,1.0,42.3,42.6,42.0,42.7
2026-01-29,30437572,1309098775,42.75,43.35,42.35,42.95,0.35,10966,1.0,42.75,42.95,42.35,43.35
2026-01-30,37263885,1602075368,42.95,43.15,42.65,43.05,0.1,9531,1.0,42.95,43.05,42.65,43.15
2026-02-02,22138010,938252993,43.05,43.1,41.95,42.2,-0.85,14676,1.0,43.05,42.2,41.95,43.1
2026-02-03,19144869,809979406,42.55,43.1,41.9,42.0,-0.2,8511,1.0,42.55,42.0,41.9,43.1
2026-02-04,15063686,640367807,42.1,42.8,42.1,42.4,0.4,6045,1.0,42.1,42.4,42.1,42.8
2026-02-05,12966312,553377304,42.2,43.05,42.15,42.75,0.35,6118,1.0,42.2,42.75,42.15,43.05
2026-02-06,14791253,629507293,42.5,42.9,42.05,42.65,-0.1,7747,1.0,42.5,42.65,42.05,42.9
2026-02-09,28963103,1272656182,43.0,44.45,42.95,43.9,1.25,11396,1.0,43.0,43.9,42.95,44.45
2026-02-10,25042402,1113324956,43.8,44.7,43.8,44.35,0.45,11782,1.0,43.8,44.35,43.8,44.7
2026-02-11,23360310,1048154636,44.7,45.2,44.45,44.75,0.4,11276,1.0,44.7,44.75,44.45,45.2
2026-02-23,49111260,2308863255,46.95,47.95,46.05,46.55,1.8,24914,1.0,46.95,46.55,46.05,47.95
2026-02-24,30185986,1430322688,46.55,47.8,46.45,47.45,0.9,14976,1.0,46.55,47.45,46.45,47.8
2026-02-25,32767025,1552089947,47.15,47.9,46.7,47.25,-0.2,14910,1.0,47.15,47.25,46.7,47.9
2026-02-26,56965743,2784196716,47.2,49.7,47.2,49.15,1.9,15305,1.0,47.2,49.15,47.2,49.7
2026-03-02,33177249,1580113651,48.0,48.6,47.1,47.25,-1.9,21022,1.0,48.0,47.25,47.1,48.6
2026-03-03,17361246,821200375,47.25,47.8,46.95,47.25,0.0,7727,1.0,47.25,47.25,46.95,47.8
2026-03-04,32152164,1455637771,46.45,46.9,44.8,45.0,-2.25,19136,1.0,46.45,45.0,44.8,46.9
2026-03-05,19585700,890720600,45.75,46.25,45.1,45.35,0.35,8488,1.0,45.75,45.35,45.1,46.25
2026-03-06,13989721,640017351,44.55,46.2,44.55,45.9,0.55,7191,1.0,44.55,45.9,44.55,46.2
2026-03-09,31649432,1389937363,43.4,44.45,43.2,44.15,-1.75,16597,1.0,43.4,44.15,43.2,44.45
2026-03-10,19936045,879936840,45.35,45.35,43.65,43.85,-0.3,11042,1.0,45.35,43.85,43.65,45.35
2026-03-11,14223156,630599690,43.85,44.7,43.85,44.35,0.5,6797,1.0,43.85,44.35,43.85,44.7
2026-03-12,19814557,871817268,43.9,44.45,43.6,44.25,-0.1,10145,1.0,43.9,44.25,43.6,44.45
2026-03-13,23023809,998371501,43.5,43.9,43.2,43.3,-0.95,15280,1.0,43.5,43.3,43.2,43.9
2026-03-16,23741140,1056415529,44.0,45.05,43.9,44.6,1.3,11271,1.0,44.0,44.6,43.9,45.05
2026-03-17,26736764,1195032908,44.85,45.1,44.5,44.65,0.05,10081,1.0,44.85,44.65,44.5,45.1
2026-03-18,16477152,737064095,44.7,45.0,44.65,44.65,0.0,7129,1.0,44.7,44.65,44.65,45.0
2026-03-19,22274656,984021781,44.6,44.65,43.85,44.25,-0.4,11158,1.0,44.6,44.25,43.85,44.65
2026-03-20,26624305,1177857646,44.0,44.7,43.9,44.2,-0.05,6372,1.0,44.0,44.2,43.9,44.7
2026-03-23,22574961,991844130,43.25,44.35,42.9,44.2,0.0,10133,1.0,43.25,44.2,42.9,44.35
2026-03-24,31627115,1425355061,44.65,45.35,44.3,45.1,0.9,10919,1.0,44.65,45.1,44.3,45.35
2026-03-25,27878419,1277369614,46.05,46.15,45.3,45.85,0.75,11725,1.0,46.05,45.85,45.3,46.15
2026-03-26,20850336,961724995,45.85,46.75,45.75,46.05,0.2,11857,1.0,45.85,46.05,45.75,46.75
2026-03-27,17285412,786724262,45.6,46.05,45.3,45.3,-0.75,8622,1.0,45.6,45.3,45.3,46.05
2026-03-30,30359121,1355441166,44.5,45.1,44.45,44.45,-0.85,11573,1.0,44.5,44.45,44.45,45.1
2026-03-31,35501804,1589206111,44.0,45.05,44.0,44.75,0.3,10258,1.0,44.0,44.75,44.0,45.05
2026-04-01,34273989,1600057878,46.5,47.2,45.5,47.1,2.35,13519,1.0,46.5,47.1,45.5,47.2
2026-04-02,27597587,1272904412,47.05,47.1,45.8,45.85,-1.25,16100,1.0,47.05,45.85,45.8,47.1
2026-04-07,16417992,759653475,45.85,46.6,45.8,46.5,0.65,8536,1.0,45.85,46.5,45.8,46.6
2026-04-08,24855331,1167555668,46.75,47.15,46.4,47.1,0.6,10913,1.0,46.75,47.1,46.4,47.15
2026-04-09,31287212,1489510458,46.95,48.0,46.9,47.95,0.85,13522,1.0,46.95,47.95,46.9,48.0
2026-04-10,19609007,939344877,48.3,48.35,47.6,47.7,-0.25,11644,1.0,48.3,47.7,47.6,48.35
2026-04-13,15069565,716255677,47.7,47.95,47.15,47.45,-0.25,10185,1.0,47.7,47.45,47.15,47.95
2026-04-14,37289859,1844514487,48.5,50.1,48.2,49.55,2.1,18228,1.0,48.5,49.55,48.2,50.1
2026-04-15,29370682,1480252457,50.2,50.9,49.7,50.4,0.85,13134,1.0,50.2,50.4,49.7,50.9
2026-04-16,22493867,1136953106,50.4,51.2,50.1,50.7,0.3,13593,1.0,50.4,50.7,50.1,51.2
2026-04-17,25292363,1265411324,50.8,50.8,49.75,50.2,-0.5,12447,1.0,50.8,50.2,49.75,50.8
2026-04-20,23188194,1187016120,50.7,51.6,50.2,51.2,1.0,10238,1.0,50.7,51.2,50.2,51.6
2026-04-21,23612940,1207981413,51.9,51.9,50.8,51.0,-0.2,14839,1.0,51.9,51.0,50.8,51.9
2026-04-22,34338043,1727485391,50.7,51.0,49.8,50.1,-0.9,15510,1.0,50.7,50.1,49.8,51.0
2026-04-23,30570819,1532741203,49.8,50.8,49.8,50.2,0.1,9794,1.0,49.8,50.2,49.8,50.8
2026-04-24,26816501,1342286032,50.2,50.6,49.95,49.95,-0.25,9134,1.0,50.2,49.95,49.95,50.6
2026-04-27,33313843,1691095179,50.0,51.5,49.85,50.8,0.85,9980,1.0,50.0,50.8,49.85,51.5
2026-04-28,26172088,1361062827,50.8,52.6,50.8,52.2,1.4,11302,1.0,50.8,52.2,50.8,52.6
2026-04-29,23560300,1225020830,52.8,52.8,51.5,52.3,0.1,11818,1.0,52.8,52.3,51.5,52.8
2026-04-30,33966640,1781272522,51.3,53.0,51.3,52.2,-0.1,10217,1.0,51.3,52.2,51.3,53.0
2026-05-04,28751523,1514983207,52.8,53.2,52.0,53.1,0.9,9329,1.0,52.8,53.1,52.0,53.2
2026-05-05,30594571,1676767285,52.8,55.7,52.7,55.4,2.3,11666,1.0,52.8,55.4,52.7,55.7
2026-05-06,26222713,1474357121,56.0,56.9,55.6,56.2,0.8,9637,1.0,56.0,56.2,55.6,56.9
2026-05-07,30560294,1732806431,57.0,57.4,56.1,56.1,-0.1,13315,1.0,57.0,56.1,56.1,57.4
2026-05-08,26118691,1468917361,56.9,57.1,55.4,56.5,0.4,10520,1.0,56.9,56.5,55.4,57.1
2026-05-11,25216829,1425482373,56.7,57.4,55.8,56.5,0.0,10860,1.0,56.7,56.5,55.8,57.4
2026-05-12,31911258,1771617278,57.3,57.3,54.6,54.6,-1.9,16937,1.0,57.3,54.6,54.6,57.3
