Date,Capacity,Turnover,Open,High,Low,Close,Change,Transaction,AdjFactor,Open_adj,Close_adj,Low_adj,High_adj
2020-05-04,196791,3483811,17.75,17.85,17.5,17.8,-0.3,151,1.0,17.75,17.8,17.5,17.85
2020-05-05,183051,3261707,17.8,18.0,17.7,17.85,0.05,122,1.0,17.8,17.85,17.7,18.0
2020-05-06,937372,17654626,17.8,19.5,17.7,18.9,1.05,563,1.0,17.8,18.9,17.7,19.5
2020-05-07,558231,10732781,19.05,19.7,18.9,19.2,0.3,351,1.0,19.05,19.2,18.9,19.7
2020-05-08,1092783,21760887,19.3,20.5,19.2,19.95,0.75,543,1.0,19.3,19.95,19.2,20.5
2020-05-11,472541,9367620,20.0,20.25,19.55,19.8,-0.15,290,1.0,20.0,19.8,19.55,20.25
2020-05-12,543108,10337734,19.95,19.95,18.7,18.85,-0.95,314,1.0,19.95,18.85,18.7,19.95
2020-05-13,179530,3388720,19.0,19.0,18.7,19.0,0.15,115,1.0,19.0,19.0,18.7,19.0
2020-05-14,379802,6961088,18.85,18.85,17.7,17.9,-1.1,164,1.0,18.85,17.9,17.7,18.85
2020-05-15,966057,18321440,18.25,19.6,17.7,18.9,1.0,485,1.0,18.25,18.9,17.7,19.6
2020-05-18,1122635,22156700,19.55,20.45,19.05,19.05,0.15,594,1.0,19.55,19.05,19.05,20.45
2020-05-19,432152,8236338,19.5,19.75,18.7,18.8,-0.25,256,1.0,19.5,18.8,18.7,19.75
2020-05-20,221043,4111558,18.9,18.9,18.45,18.75,-0.05,125,1.0,18.9,18.75,18.45,18.9
2020-05-21,395393,7484834,18.8,19.4,18.6,18.6,-0.15,221,1.0,18.8,18.6,18.6,19.4
2020-05-22,211385,3919238,18.8,18.8,18.4,18.55,-0.05,142,1.0,18.8,18.55,18.4,18.8
2020-05-25,812930,15134317,18.6,18.9,18.25,18.35,-0.2,291,1.0,18.6,18.35,18.25,18.9
2020-05-26,178022,3274610,18.6,18.6,18.25,18.4,0.05,117,1.0,18.6,18.4,18.25,18.6
2020-05-27,206962,3796840,18.4,18.5,18.2,18.4,0.0,128,1.0,18.4,18.4,18.2,18.5
2020-05-28,403004,7533122,18.45,19.4,18.3,18.45,0.05,231,1.0,18.45,18.45,18.3,19.4
2020-05-29,164000,3018100,18.65,18.65,18.3,18.3,-0.15,93,1.0,18.65,18.3,18.3,18.65
2020-06-01,230830,4235771,18.3,18.55,18.25,18.3,0.0,108,1.0,18.3,18.3,18.25,18.55
2020-06-02,115014,2116059,18.45,18.5,18.3,18.3,0.0,72,1.0,18.45,18.3,18.3,18.5
2020-06-03,282563,5264712,18.45,18.75,18.45,18.65,0.35,165,1.0,18.45,18.65,18.45,18.75
2020-06-04,140512,2630846,18.8,18.85,18.6,18.8,0.15,105,1.0,18.8,18.8,18.6,18.85
2020-06-05,292857,5576456,18.8,19.2,18.8,19.15,0.35,198,1.0,18.8,19.15,18.8,19.2
2020-06-08,213720,4045370,19.25,19.25,18.8,18.85,-0.3,146,1.0,19.25,18.85,18.8,19.25
2020-06-09,211219,3923175,18.85,18.85,18.45,18.5,-0.35,136,1.0,18.85,18.5,18.45,18.85
2020-06-10,134601,2500044,18.5,18.75,18.5,18.55,0.05,90,1.0,18.5,18.55,18.5,18.75
2020-06-11,847079,16013826,18.95,19.6,18.3,18.3,-0.25,517,1.0,18.95,18.3,18.3,19.6
2020-06-12,168703,3071956,17.9,18.65,17.85,18.65,0.35,126,1.0,17.9,18.65,17.85,18.65
2020-06-15,144660,2700139,19.1,19.1,18.4,18.4,-0.25,104,1.0,19.1,18.4,18.4,19.1
2020-06-16,186250,3479097,18.5,18.9,18.4,18.85,0.45,114,1.0,18.5,18.85,18.4,18.9
2020-06-17,104345,1957716,18.85,18.9,18.65,18.65,-0.2,93,1.0,18.85,18.65,18.65,18.9
2020-06-18,85532,1596679,18.75,18.8,18.55,18.65,0.0,65,1.0,18.75,18.65,18.55,18.8
2020-06-19,193937,3599320,18.6,18.8,18.45,18.45,-0.2,123,1.0,18.6,18.45,18.45,18.8
2020-06-22,231846,4296456,18.45,18.65,18.4,18.55,0.1,124,1.0,18.45,18.55,18.4,18.65
2020-06-23,223601,4095177,18.65,18.65,18.15,18.5,-0.05,148,1.0,18.65,18.5,18.15,18.65
2020-06-24,83759,1537966,18.5,18.5,18.25,18.45,-0.05,62,1.0,18.5,18.45,18.25,18.5
2020-06-29,82295,1499798,18.15,18.4,18.15,18.3,-0.15,56,1.0,18.15,18.3,18.15,18.4
2020-06-30,83041,1516114,18.4,18.5,18.2,18.3,0.0,53,1.0,18.4,18.3,18.2,18.5
2020-07-01,160217,2910848,18.3,18.3,18.1,18.2,-0.1,110,1.0,18.3,18.2,18.1,18.3
2020-07-02,319308,5917963,18.2,18.8,18.2,18.4,0.2,186,1.0,18.2,18.4,18.2,18.8
2020-07-03,140248,2588862,18.75,18.75,18.35,18.4,0.0,99,1.0,18.75,18.4,18.35,18.75
2020-07-06,253518,4720042,18.4,18.75,18.4,18.75,0.35,163,1.0,18.4,18.75,18.4,18.75
2020-07-07,317263,5881690,18.75,18.75,18.3,18.5,-0.25,179,1.0,18.75,18.5,18.3,18.75
2020-07-08,275227,5064219,18.4,18.6,18.25,18.45,-0.05,153,1.0,18.4,18.45,18.25,18.6
2020-07-09,581621,11023424,18.5,19.3,18.5,18.75,0.3,318,1.0,18.5,18.75,18.5,19.3
2020-07-10,1908493,38104652,18.95,20.6,18.75,20.6,1.85,872,1.0,18.95,20.6,18.75,20.6
2020-07-13,2353130,53282837,22.65,22.65,22.1,22.65,2.05,864,1.0,22.65,22.65,22.1,22.65
2020-07-14,3862316,89608071,23.0,24.25,22.4,22.5,-0.15,1891,1.0,23.0,22.5,22.4,24.25
2020-07-15,1517130,32935872,22.5,22.5,21.25,21.5,-1.0,667,1.0,22.5,21.5,21.25,22.5
2020-07-16,774003,16348819,21.5,21.5,20.8,21.35,-0.15,348,1.0,21.5,21.35,20.8,21.5
2020-07-17,664120,13546048,21.8,21.8,19.65,19.9,-1.45,352,1.0,21.8,19.9,19.65,21.8
2020-07-20,588395,12040010,19.55,21.3,19.5,21.15,1.25,312,1.0,19.55,21.15,19.5,21.3
2020-07-21,1540745,34455109,21.3,23.25,20.55,22.4,1.25,710,1.0,21.3,22.4,20.55,23.25
2020-07-22,452501,10057188,22.15,22.65,21.95,21.95,-0.45,295,1.0,22.15,21.95,21.95,22.65
2020-07-23,629052,13943404,21.7,22.55,21.5,22.4,0.45,317,1.0,21.7,22.4,21.5,22.55
2020-07-24,827315,18579355,22.3,22.9,22.0,22.4,0.0,450,1.0,22.3,22.4,22.0,22.9
2020-07-27,1137236,25795235,22.95,23.1,22.4,22.6,0.2,566,1.0,22.95,22.6,22.4,23.1
2020-07-28,1143166,24944631,22.6,23.1,20.35,20.55,-2.05,633,1.0,22.6,20.55,20.35,23.1
2020-07-29,409203,8338372,20.6,21.05,19.75,21.05,0.5,266,1.0,20.6,21.05,19.75,21.05
2020-07-30,681389,14063877,21.1,21.15,20.4,20.65,-0.4,247,1.0,21.1,20.65,20.4,21.15
2020-07-31,395181,8107957,20.5,20.8,20.3,20.75,0.1,129,1.0,20.5,20.75,20.3,20.8
2020-08-03,213185,4377135,20.75,20.75,20.35,20.45,-0.3,133,1.0,20.75,20.45,20.35,20.75
2020-08-04,916447,19505084,20.5,22.4,20.5,22.15,1.7,359,1.0,20.5,22.15,20.5,22.4
2020-08-05,593019,13168868,22.3,22.6,21.65,22.15,0.0,309,1.0,22.3,22.15,21.65,22.6
2020-08-06,718014,15668801,22.2,22.3,21.6,21.95,-0.2,240,1.0,22.2,21.95,21.6,22.3
2020-08-07,260780,5725701,21.9,22.4,21.7,22.0,0.05,192,1.0,21.9,22.0,21.7,22.4
2020-08-10,561482,12428374,22.3,22.4,21.85,22.1,0.1,169,1.0,22.3,22.1,21.85,22.4
2020-08-11,407583,8737276,22.1,22.1,20.8,21.15,-0.95,258,1.0,22.1,21.15,20.8,22.1
2020-08-12,235481,4901172,20.8,21.0,20.6,20.9,-0.25,145,1.0,20.8,20.9,20.6,21.0
2020-08-13,159569,3352661,20.8,21.2,20.8,21.2,0.3,109,1.0,20.8,21.2,20.8,21.2
2020-08-14,142366,2989486,21.2,21.3,20.8,20.85,-0.35,90,1.0,21.2,20.85,20.8,21.3
2020-08-17,181150,3753619,21.0,21.0,20.5,20.75,-0.1,127,1.0,21.0,20.75,20.5,21.0
2020-08-18,315365,6401879,20.6,20.65,20.05,20.05,-0.7,201,1.0,20.6,20.05,20.05,20.65
2020-08-19,247766,4988593,20.05,20.45,19.8,20.0,-0.05,156,1.0,20.05,20.0,19.8,20.45
2020-08-20,372775,7088416,19.85,19.85,18.3,19.05,-0.95,249,1.0,19.85,19.05,18.3,19.85
2020-08-21,190001,3644019,19.1,19.45,18.75,19.25,0.2,103,1.0,19.1,19.25,18.75,19.45
2020-08-24,87200,1672364,19.1,19.35,19.0,19.25,0.0,79,1.0,19.1,19.25,19.0,19.35
2020-08-25,220382,4408366,19.2,20.65,19.2,19.95,0.7,127,1.0,19.2,19.95,19.2,20.65
2020-08-26,121994,2435575,19.8,20.2,19.8,19.9,-0.05,83,1.0,19.8,19.9,19.8,20.2
2020-08-27,101235,1989321,19.9,19.9,19.6,19.6,-0.3,85,1.0,19.9,19.6,19.6,19.9
2020-08-28,71614,1411430,19.6,19.8,19.6,19.65,0.05,55,1.0,19.6,19.65,19.6,19.8
2020-08-31,131905,2635787,19.6,20.2,19.6,19.95,0.3,86,1.0,19.6,19.95,19.6,20.2
2020-09-01,708591,15009790,20.0,21.9,20.0,21.9,1.95,382,1.0,20.0,21.9,20.0,21.9
2020-09-02,1294664,29297571,22.6,23.3,22.0,22.25,0.35,626,1.0,22.6,22.25,22.0,23.3
2020-09-03,332312,7272530,22.45,22.45,21.7,21.8,-0.45,209,1.0,22.45,21.8,21.7,22.45
2020-09-04,175004,3751688,21.65,21.7,21.25,21.5,-0.3,124,1.0,21.65,21.5,21.25,21.7
2020-09-07,257061,5435134,21.65,21.65,21.0,21.1,-0.4,135,1.0,21.65,21.1,21.0,21.65
2020-09-08,144277,3073937,21.2,21.45,21.15,21.15,0.05,105,1.0,21.2,21.15,21.15,21.45
2020-09-09,90157,1896466,21.0,21.2,20.75,21.1,-0.05,71,1.0,21.0,21.1,20.75,21.2
2020-09-10,241382,5136002,21.3,21.65,20.95,20.95,-0.15,160,1.0,21.3,20.95,20.95,21.65
2020-09-11,324003,6935066,21.2,21.9,21.15,21.3,0.35,202,1.0,21.2,21.3,21.15,21.9
2020-09-14,238237,5108601,21.35,21.65,21.35,21.4,0.1,149,1.0,21.35,21.4,21.35,21.65
2020-09-15,249556,5360756,22.0,22.0,21.15,21.15,-0.25,152,1.0,22.0,21.15,21.15,22.0
2020-09-16,452590,9459546,21.2,21.2,20.6,20.6,-0.55,198,1.0,21.2,20.6,20.6,21.2
2020-09-17,202739,4172350,20.6,20.8,20.45,20.75,0.15,107,1.0,20.6,20.75,20.45,20.8
2020-09-18,173961,3615581,20.8,20.95,20.7,20.75,0.0,150,1.0,20.8,20.75,20.7,20.95
2020-09-21,118082,2457222,20.85,21.0,20.65,20.65,-0.1,106,1.0,20.85,20.65,20.65,21.0
2020-09-22,91400,1870814,20.5,20.6,20.35,20.5,-0.15,77,1.0,20.5,20.5,20.35,20.6
2020-09-23,1048021,22809454,20.5,22.55,20.4,21.8,1.3,626,1.0,20.5,21.8,20.4,22.55
2020-09-24,681000,14180500,21.3,21.3,20.45,20.5,-1.3,437,1.0,21.3,20.5,20.45,21.3
2020-09-25,997778,21659688,20.6,22.5,20.6,22.3,1.8,635,1.0,20.6,22.3,20.6,22.5
2020-09-28,1408905,32224102,23.1,23.3,22.55,22.75,0.45,780,1.0,23.1,22.75,22.55,23.3
2020-09-29,730146,16202048,22.8,22.8,21.8,22.4,-0.35,402,1.0,22.8,22.4,21.8,22.8
2020-09-30,382280,8444241,22.4,22.4,21.9,22.3,-0.1,197,1.0,22.4,22.3,21.9,22.4
2020-10-05,339081,7352597,22.1,22.2,21.25,21.5,-0.8,234,1.0,22.1,21.5,21.25,22.2
2020-10-06,367130,7948919,21.6,21.9,21.4,21.5,0.0,234,1.0,21.6,21.5,21.4,21.9
2020-10-07,166746,3579562,21.5,21.6,21.3,21.6,0.1,135,1.0,21.5,21.6,21.3,21.6
2020-10-08,446417,9459549,21.8,22.0,20.85,20.95,-0.65,260,1.0,21.8,20.95,20.85,22.0
2020-10-12,231132,4828205,21.35,21.4,20.6,20.7,-0.25,178,1.0,21.35,20.7,20.6,21.4
2020-10-13,231697,4778767,20.55,20.8,20.5,20.6,-0.1,153,1.0,20.55,20.6,20.5,20.8
2020-10-14,197414,4092994,20.75,20.9,20.55,20.6,0.0,126,1.0,20.75,20.6,20.55,20.9
2020-10-15,157541,3275447,20.6,21.05,20.5,21.05,0.45,121,1.0,20.6,21.05,20.5,21.05
2020-10-16,117000,2444400,21.05,21.2,20.7,20.7,-0.35,80,1.0,21.05,20.7,20.7,21.2
2020-10-19,132001,2732721,20.7,20.9,20.55,20.65,-0.05,116,1.0,20.7,20.65,20.55,20.9
2020-10-20,112276,2309295,20.6,20.65,20.5,20.55,-0.1,98,1.0,20.6,20.55,20.5,20.65
2020-10-21,132179,2721429,20.85,20.85,20.5,20.6,0.05,106,1.0,20.85,20.6,20.5,20.85
2020-10-22,128999,2626028,20.6,20.6,20.25,20.25,-0.35,104,1.0,20.6,20.25,20.25,20.6
2020-10-23,69492,1418753,20.25,20.5,20.25,20.45,0.2,53,1.0,20.25,20.45,20.25,20.5
2020-10-26,218776,4424390,20.35,20.45,20.1,20.2,-0.25,292,1.0,20.35,20.2,20.1,20.45
2020-10-27,112050,2265979,20.1,20.35,20.05,20.15,-0.05,189,1.0,20.1,20.15,20.05,20.35
2020-10-28,93407,1874641,20.2,20.25,20.0,20.1,-0.05,155,1.0,20.2,20.1,20.0,20.25
2020-10-29,159651,3156097,20.1,20.15,19.65,19.75,-0.35,181,1.0,20.1,19.75,19.65,20.15
2020-10-30,92084,1815653,19.75,20.0,19.6,20.0,0.25,106,1.0,19.75,20.0,19.6,20.0
2020-11-02,145115,2917365,20.65,20.7,19.85,20.1,0.1,96,1.0,20.65,20.1,19.85,20.7
2020-11-03,44232,892351,20.1,20.25,20.1,20.2,0.1,56,1.0,20.1,20.2,20.1,20.25
2020-11-04,63581,1276793,20.15,20.15,20.0,20.05,-0.15,48,1.0,20.15,20.05,20.0,20.15
2020-11-05,102629,2085867,20.0,20.5,20.0,20.4,0.35,105,1.0,20.0,20.4,20.0,20.5
2020-11-06,53368,1084442,20.55,20.55,20.2,20.2,-0.2,68,1.0,20.55,20.2,20.2,20.55
2020-11-09,74333,1506011,20.25,20.3,20.15,20.2,0.0,70,1.0,20.25,20.2,20.15,20.3
2020-11-10,78569,1575149,20.3,20.3,19.9,19.95,-0.25,65,1.0,20.3,19.95,19.9,20.3
2020-11-11,173922,3463428,19.9,20.05,19.85,20.0,0.05,92,1.0,19.9,20.0,19.85,20.05
2020-11-12,134355,2672386,20.15,20.15,19.8,19.95,-0.05,105,1.0,20.15,19.95,19.8,20.15
2020-11-13,104595,2066946,20.0,20.0,19.65,19.75,-0.2,83,1.0,20.0,19.75,19.65,20.0
2020-11-16,319936,6203589,19.75,19.75,19.2,19.5,-0.25,375,1.0,19.75,19.5,19.2,19.75
2020-11-17,182755,3524847,19.4,19.5,19.05,19.4,-0.1,249,1.0,19.4,19.4,19.05,19.5
2020-11-18,626851,11952955,19.4,19.4,18.85,19.15,-0.25,663,1.0,19.4,19.15,18.85,19.4
2020-11-19,523775,9909274,19.1,19.1,18.8,19.0,-0.15,600,1.0,19.1,19.0,18.8,19.1
2020-11-20,130670,2474868,18.95,19.1,18.8,18.9,-0.1,196,1.0,18.95,18.9,18.8,19.1
2020-11-23,158768,3017024,19.0,19.1,18.9,19.0,0.1,142,1.0,19.0,19.0,18.9,19.1
2020-11-24,302968,5868623,19.2,19.8,19.15,19.55,0.55,230,1.0,19.2,19.55,19.15,19.8
2020-11-25,170748,3311916,19.55,19.55,19.2,19.3,-0.25,177,1.0,19.55,19.3,19.2,19.55
2020-11-26,99213,1906904,19.3,19.3,19.15,19.25,-0.05,125,1.0,19.3,19.25,19.15,19.3
2020-11-27,123240,2371153,19.15,19.35,19.05,19.3,0.05,188,1.0,19.15,19.3,19.05,19.35
2020-11-30,161003,3097881,19.3,19.35,19.15,19.35,0.05,242,1.0,19.3,19.35,19.15,19.35
2020-12-01,154258,2963116,19.35,19.35,19.1,19.2,-0.15,200,1.0,19.35,19.2,19.1,19.35
2020-12-02,190880,3657662,19.05,19.2,19.05,19.2,0.0,287,1.0,19.05,19.2,19.05,19.2
2020-12-03,202939,3865530,19.3,19.3,18.9,19.0,-0.2,234,1.0,19.3,19.0,18.9,19.3
2020-12-04,239268,4530815,19.0,19.1,18.8,18.8,-0.2,279,1.0,19.0,18.8,18.8,19.1
2020-12-07,300863,5609527,18.85,18.85,18.55,18.6,-0.2,417,1.0,18.85,18.6,18.55,18.85
2020-12-08,190554,3572453,18.55,18.95,18.5,18.9,0.3,206,1.0,18.55,18.9,18.5,18.95
2020-12-09,140109,2629444,18.9,18.9,18.65,18.65,-0.25,137,1.0,18.9,18.65,18.65,18.9
2020-12-10,459688,8506401,18.6,18.75,18.3,18.5,-0.15,795,1.0,18.6,18.5,18.3,18.75
2020-12-11,393035,7363256,19.05,19.05,18.55,18.65,0.15,432,1.0,19.05,18.65,18.55,19.05
2020-12-14,163725,3045480,18.7,18.85,18.45,18.55,-0.1,207,1.0,18.7,18.55,18.45,18.85
2020-12-15,494131,8985174,18.5,18.5,18.0,18.15,-0.4,673,1.0,18.5,18.15,18.0,18.5
2020-12-16,485718,8763956,18.2,18.25,17.95,18.0,-0.15,522,1.0,18.2,18.0,17.95,18.25
2020-12-17,645312,12049972,18.0,19.05,18.0,18.8,0.8,459,1.0,18.0,18.8,18.0,19.05
2020-12-18,352834,6573779,18.95,19.0,18.35,18.4,-0.4,317,1.0,18.95,18.4,18.35,19.0
2020-12-21,112612,2074574,18.45,18.6,18.25,18.25,-0.15,122,1.0,18.45,18.25,18.25,18.6
2020-12-22,259251,4708498,18.4,18.45,18.0,18.0,-0.25,219,1.0,18.4,18.0,18.0,18.45
2020-12-23,120181,2171881,17.95,18.25,17.95,18.15,0.15,160,1.0,17.95,18.15,17.95,18.25
2020-12-24,115262,2092501,18.15,18.25,18.05,18.05,-0.1,125,1.0,18.15,18.05,18.05,18.25
2020-12-25,393198,7086420,18.05,18.1,17.9,17.95,-0.1,317,1.0,18.05,17.95,17.9,18.1
2020-12-28,279685,5023667,17.95,18.1,17.9,17.95,0.0,359,1.0,17.95,17.95,17.9,18.1
2020-12-29,158339,2878894,17.95,18.25,17.95,18.2,0.25,193,1.0,17.95,18.2,17.95,18.25
2020-12-30,106167,1934049,18.2,18.25,18.15,18.2,0.0,133,1.0,18.2,18.2,18.15,18.25
2020-12-31,381262,6860114,18.2,18.2,17.8,18.0,-0.2,433,1.0,18.2,18.0,17.8,18.2
2021-01-04,225606,4066144,18.25,18.25,17.95,18.0,0.0,200,1.0,18.25,18.0,17.95,18.25
2021-01-05,133269,2410990,18.05,18.2,18.0,18.05,0.05,159,1.0,18.05,18.05,18.0,18.2
2021-01-06,247235,4422067,18.05,18.05,17.8,17.95,-0.1,263,1.0,18.05,17.95,17.8,18.05
2021-01-07,128166,2291215,17.9,17.9,17.85,17.9,-0.05,131,1.0,17.9,17.9,17.85,17.9
2021-01-08,144069,2577574,17.8,18.0,17.8,17.85,-0.05,122,1.0,17.8,17.85,17.8,18.0
2021-01-11,220957,3954779,18.0,18.0,17.6,17.9,0.05,441,1.0,18.0,17.9,17.6,18.0
2021-01-12,266087,4714436,17.85,17.85,17.6,17.6,-0.3,369,1.0,17.85,17.6,17.6,17.85
2021-01-13,113792,2040866,18.0,18.05,17.8,17.85,0.25,100,1.0,18.0,17.85,17.8,18.05
2021-01-14,176498,3133444,17.85,17.9,17.55,17.7,-0.15,189,1.0,17.85,17.7,17.55,17.9
2021-01-15,319655,5516223,17.7,17.7,17.0,17.1,-0.6,358,1.0,17.7,17.1,17.0,17.7
2021-01-18,374697,6163765,17.1,17.1,16.3,16.4,-0.7,419,1.0,17.1,16.4,16.3,17.1
2021-01-19,241204,3950849,16.4,16.5,16.05,16.3,-0.1,233,1.0,16.4,16.3,16.05,16.5
2021-01-20,457290,7249658,16.3,16.3,15.5,15.7,-0.6,801,1.0,16.3,15.7,15.5,16.3
2021-01-21,246321,3928710,15.8,16.15,15.8,15.85,0.15,232,1.0,15.8,15.85,15.8,16.15
2021-01-22,216991,3416342,16.0,16.0,15.6,15.9,0.05,215,1.0,16.0,15.9,15.6,16.0
2021-01-25,205764,3201454,16.0,16.0,15.45,15.55,-0.35,241,1.0,16.0,15.55,15.45,16.0
2021-01-26,288045,4441134,15.55,15.55,15.25,15.3,-0.25,361,1.0,15.55,15.3,15.25,15.55
2021-01-27,168095,2606374,15.4,15.85,15.35,15.65,0.35,134,1.0,15.4,15.65,15.35,15.85
2021-01-28,95915,1494262,15.65,15.65,15.5,15.6,-0.05,101,1.0,15.65,15.6,15.5,15.65
2021-01-29,179801,2762343,15.6,15.6,15.2,15.25,-0.35,227,1.0,15.6,15.25,15.2,15.6
2021-02-01,117721,1768008,15.25,15.25,14.85,14.9,-0.35,151,1.0,15.25,14.9,14.85,15.25
2021-02-02,127344,1917522,14.9,15.2,14.9,15.1,0.2,136,1.0,14.9,15.1,14.9,15.2
2021-02-03,195239,3057355,15.15,16.25,15.0,16.1,1.0,186,1.0,15.15,16.1,15.0,16.25
2021-02-04,130470,2064918,16.1,16.1,15.5,15.75,-0.35,196,1.0,16.1,15.75,15.5,16.1
2021-02-05,103788,1619009,15.85,15.85,15.45,15.5,-0.25,197,1.0,15.85,15.5,15.45,15.85
2021-02-17,122454,1899610,15.5,15.55,15.45,15.55,0.05,140,1.0,15.5,15.55,15.45,15.55
2021-02-18,309740,4925070,15.55,16.45,15.55,16.4,0.85,173,1.0,15.55,16.4,15.55,16.45
2021-02-19,248898,4084474,16.8,16.8,16.15,16.3,-0.1,213,1.0,16.8,16.3,16.15,16.8
2021-02-22,218659,3577209,16.3,16.5,16.25,16.45,0.15,178,1.0,16.3,16.45,16.25,16.5
2021-02-23,173229,2848529,16.45,16.55,16.35,16.45,0.0,173,1.0,16.45,16.45,16.35,16.55
2021-02-24,124457,2029664,16.45,16.45,16.2,16.35,-0.1,156,1.0,16.45,16.35,16.2,16.45
2021-02-25,143853,2339474,16.35,16.35,16.15,16.2,-0.15,211,1.0,16.35,16.2,16.15,16.35
2021-02-26,97753,1575937,16.1,16.2,16.05,16.2,0.0,170,1.0,16.1,16.2,16.05,16.2
2021-03-02,108778,1748048,16.1,16.2,16.0,16.0,-0.2,142,1.0,16.1,16.0,16.0,16.2
2021-03-03,68083,1085653,16.0,16.0,15.9,15.9,-0.1,138,1.0,16.0,15.9,15.9,16.0
2021-03-04,115008,1823373,16.0,16.0,15.7,16.0,0.1,187,1.0,16.0,16.0,15.7,16.0
2021-03-05,51515,814003,15.8,15.9,15.7,15.75,-0.25,102,1.0,15.8,15.75,15.7,15.9
2021-03-08,102764,1639401,16.0,16.15,15.8,15.8,0.05,154,1.0,16.0,15.8,15.8,16.15
2021-03-09,53852,853985,15.8,15.9,15.8,15.9,0.1,96,1.0,15.8,15.9,15.8,15.9
2021-03-10,95693,1523015,16.0,16.0,15.8,15.8,-0.1,122,1.0,16.0,15.8,15.8,16.0
2021-03-11,79401,1259132,15.9,15.9,15.8,15.85,0.05,110,1.0,15.9,15.85,15.8,15.9
2021-03-12,81381,1284298,15.9,15.9,15.7,15.8,-0.05,143,1.0,15.9,15.8,15.7,15.9
2021-03-15,49013,777184,15.7,15.95,15.7,15.9,0.1,148,1.0,15.7,15.9,15.7,15.95
2021-03-16,102480,1621518,15.9,15.9,15.65,15.9,0.0,191,1.0,15.9,15.9,15.65,15.9
2021-03-17,692155,11825458,15.9,17.45,15.9,17.45,1.55,431,1.0,15.9,17.45,15.9,17.45
2021-03-18,2056530,38723405,18.85,19.15,18.1,19.15,1.7,1234,1.0,18.85,19.15,18.1,19.15
2021-03-19,3375461,65430388,19.15,20.2,19.0,19.6,0.45,1025,1.0,19.15,19.6,19.0,20.2
2021-03-22,763098,14793508,19.95,19.95,18.95,19.1,-0.5,573,1.0,19.95,19.1,18.95,19.95
2021-03-23,551168,10199559,19.1,19.3,18.05,18.1,-1.0,433,1.0,19.1,18.1,18.05,19.3
2021-03-24,273227,4870257,18.0,18.1,17.65,17.95,-0.15,245,1.0,18.0,17.95,17.65,18.1
2021-03-25,325736,6056269,18.0,18.95,18.0,18.65,0.7,250,1.0,18.0,18.65,18.0,18.95
2021-03-26,240933,4444687,18.65,18.65,18.15,18.6,-0.05,179,1.0,18.65,18.6,18.15,18.65
2021-03-29,292604,5268108,18.3,18.3,17.8,18.0,-0.6,316,1.0,18.3,18.0,17.8,18.3
2021-03-30,158880,2865756,17.85,18.1,17.85,18.0,0.0,121,1.0,17.85,18.0,17.85,18.1
2021-03-31,381067,6772676,18.0,18.0,17.6,17.6,-0.4,269,1.0,18.0,17.6,17.6,18.0
2021-06-01,76919,1241386,16.2,16.25,16.0,16.2,-0.1,133,1.0,16.2,16.2,16.0,16.25
2021-06-02,708617,11509397,16.2,16.95,16.05,16.6,0.4,163,1.0,16.2,16.6,16.05,16.95
2021-06-03,112720,1841818,16.5,16.5,16.25,16.3,-0.3,159,1.0,16.5,16.3,16.25,16.5
2021-06-04,56123,907819,16.25,16.4,16.0,16.05,-0.25,145,1.0,16.25,16.05,16.0,16.4
2021-06-07,98516,1578164,16.05,16.2,15.9,16.1,0.05,151,1.0,16.05,16.1,15.9,16.2
2021-06-08,25923,417512,16.0,16.15,16.0,16.15,0.05,60,1.0,16.0,16.15,16.0,16.15
2021-06-09,40524,655549,16.25,16.3,16.0,16.05,-0.1,104,1.0,16.25,16.05,16.0,16.3
2021-06-10,32355,523911,16.2,16.25,16.1,16.25,0.2,52,1.0,16.2,16.25,16.1,16.25
2021-06-11,51873,837857,16.35,16.35,16.05,16.15,-0.1,100,1.0,16.35,16.15,16.05,16.35
2021-06-15,90744,1459586,16.2,16.2,16.0,16.1,-0.05,146,1.0,16.2,16.1,16.0,16.2
2021-06-16,202368,3189688,16.1,16.1,15.5,15.65,-0.45,284,1.0,16.1,15.65,15.5,16.1
2021-06-17,141106,2271260,15.8,16.4,15.8,16.05,0.4,201,1.0,15.8,16.05,15.8,16.4
2021-06-18,74394,1195812,16.35,16.35,16.0,16.05,0.0,126,1.0,16.35,16.05,16.0,16.35
2021-06-21,71260,1133659,16.1,16.1,15.8,15.8,-0.25,173,1.0,16.1,15.8,15.8,16.1
2021-06-22,71057,1123274,16.0,16.0,15.7,15.7,-0.1,183,1.0,16.0,15.7,15.7,16.0
2021-06-23,88181,1383048,15.8,15.8,15.6,15.65,-0.05,168,1.0,15.8,15.65,15.6,15.8
2021-06-24,61451,980360,15.9,16.0,15.9,15.9,0.25,130,1.0,15.9,15.9,15.9,16.0
2021-06-25,76155,1207755,15.75,16.0,15.75,15.8,-0.1,183,1.0,15.75,15.8,15.75,16.0
2021-06-28,116077,1839094,15.8,16.0,15.7,16.0,0.2,258,1.0,15.8,16.0,15.7,16.0
2021-06-29,90282,1435321,15.9,16.0,15.8,15.95,-0.05,216,1.0,15.9,15.95,15.8,16.0
2021-06-30,459982,7578084,16.0,16.6,15.8,16.55,0.6,999,1.0,16.0,16.55,15.8,16.6
2021-07-01,446217,7633626,16.65,17.5,16.65,16.95,0.4,304,1.0,16.65,16.95,16.65,17.5
2021-07-02,168778,2880424,17.5,17.5,16.75,16.95,0.0,231,1.0,17.5,16.95,16.75,17.5
2021-07-05,116770,1963773,17.1,17.1,16.7,16.75,-0.2,258,1.0,17.1,16.75,16.7,17.1
2021-07-06,76249,1281614,17.0,17.0,16.7,16.7,-0.05,171,1.0,17.0,16.7,16.7,17.0
2021-07-07,58096,968607,16.75,16.75,16.55,16.55,-0.15,140,1.0,16.75,16.55,16.55,16.75
2021-07-08,166001,2781134,16.5,16.9,16.4,16.65,0.1,402,1.0,16.5,16.65,16.4,16.9
2021-07-09,120476,1980017,16.9,16.9,16.2,16.45,-0.2,242,1.0,16.9,16.45,16.2,16.9
2021-07-12,352779,5935549,16.5,17.1,16.3,17.1,0.65,501,1.0,16.5,17.1,16.3,17.1
2021-07-13,130690,2198448,16.8,17.1,16.65,16.7,-0.4,241,1.0,16.8,16.7,16.65,17.1
2021-07-14,89285,1474239,16.75,16.75,16.4,16.4,-0.3,169,1.0,16.75,16.4,16.4,16.75
2021-07-15,167613,2766249,16.4,16.9,16.3,16.6,0.2,361,1.0,16.4,16.6,16.3,16.9
2021-07-16,98387,1644697,16.65,16.85,16.6,16.7,0.1,205,1.0,16.65,16.7,16.6,16.85
2021-07-19,132375,2256013,16.75,17.4,16.75,16.85,0.15,112,1.0,16.75,16.85,16.75,17.4
2021-07-20,100913,1684627,16.7,16.8,16.6,16.6,-0.25,175,1.0,16.7,16.6,16.6,16.8
2021-07-21,54582,909994,16.95,16.95,16.55,16.7,0.1,103,1.0,16.95,16.7,16.55,16.95
2021-07-22,87317,1448174,16.6,16.7,16.5,16.5,-0.2,115,1.0,16.6,16.5,16.5,16.7
2021-07-23,63828,1062824,16.8,16.8,16.5,16.75,0.25,162,1.0,16.8,16.75,16.5,16.8
2021-07-26,158979,2649078,16.75,16.8,16.45,16.8,0.05,315,1.0,16.75,16.8,16.45,16.8
2021-07-27,54715,910808,16.8,16.8,16.55,16.6,-0.2,192,1.0,16.8,16.6,16.55,16.8
2021-07-28,106675,1753994,16.6,16.65,16.35,16.45,-0.15,219,1.0,16.6,16.45,16.35,16.65
2021-07-29,29949,492474,16.4,16.6,16.4,16.55,0.1,67,1.0,16.4,16.55,16.4,16.6
2021-07-30,70882,1165888,16.55,16.55,16.3,16.45,-0.1,163,1.0,16.55,16.45,16.3,16.55
2021-08-02,42552,697185,16.5,16.5,16.35,16.35,-0.1,82,1.0,16.5,16.35,16.35,16.5
2021-08-03,52140,857732,16.4,16.5,16.4,16.5,0.15,86,1.0,16.4,16.5,16.4,16.5
2021-08-04,64071,1053358,16.5,16.5,16.4,16.4,-0.1,113,1.0,16.5,16.4,16.4,16.5
2021-08-05,72220,1186629,16.4,16.5,16.35,16.35,-0.05,192,1.0,16.4,16.35,16.35,16.5
2021-08-06,77779,1275170,16.45,16.45,16.3,16.4,0.05,95,1.0,16.45,16.4,16.3,16.45
2021-08-09,55304,905669,16.4,16.5,16.3,16.4,0.0,80,1.0,16.4,16.4,16.3,16.5
2021-08-10,50177,823600,16.5,16.5,16.4,16.4,0.0,50,1.0,16.5,16.4,16.4,16.5
2021-08-11,97451,1593389,16.4,16.4,16.25,16.4,0.0,92,1.0,16.4,16.4,16.25,16.4
2021-08-12,48672,797800,16.35,16.5,16.35,16.45,0.05,75,1.0,16.35,16.45,16.35,16.5
2021-08-13,53462,865835,16.35,16.4,16.05,16.4,-0.05,112,1.0,16.35,16.4,16.05,16.4
2021-08-16,78184,1259554,16.25,16.25,15.8,16.05,-0.35,261,1.0,16.25,16.05,15.8,16.25
2021-08-17,131714,2090394,16.05,16.05,15.8,15.8,-0.25,269,1.0,16.05,15.8,15.8,16.05
2021-08-18,55177,861855,15.75,15.8,15.5,15.8,0.0,184,1.0,15.75,15.8,15.5,15.8
2021-08-19,34532,540885,15.9,15.9,15.5,15.7,-0.1,122,1.0,15.9,15.7,15.5,15.9
2021-08-20,31836,498464,15.7,15.75,15.5,15.5,-0.2,85,1.0,15.7,15.5,15.5,15.75
2021-08-23,44389,690055,15.5,15.6,15.45,15.6,0.1,111,1.0,15.5,15.6,15.45,15.6
2021-08-24,37298,577670,15.55,15.65,15.4,15.65,0.05,83,1.0,15.55,15.65,15.4,15.65
2021-08-25,215700,3533841,15.7,17.0,15.7,17.0,1.35,143,1.0,15.7,17.0,15.7,17.0
2021-08-26,710595,12785989,17.5,18.6,17.45,18.0,1.0,452,1.0,17.5,18.0,17.45,18.6
2021-08-27,786313,14243645,18.0,18.5,17.75,18.0,0.0,382,1.0,18.0,18.0,17.75,18.5
2021-08-30,241323,4296673,18.0,18.0,17.7,17.8,-0.2,139,1.0,18.0,17.8,17.7,18.0
2021-08-31,135372,2404726,17.8,18.0,17.55,17.85,0.05,98,1.0,17.8,17.85,17.55,18.0
2021-09-01,287278,5212379,17.9,18.5,17.9,18.2,0.35,182,1.0,17.9,18.2,17.9,18.5
2021-09-02,160534,2899961,18.0,18.2,18.0,18.0,-0.2,76,1.0,18.0,18.0,18.0,18.2
2021-09-03,189914,3418978,18.1,18.2,17.9,18.0,0.0,134,1.0,18.1,18.0,17.9,18.2
2021-09-06,189507,3365171,17.9,17.9,17.7,17.7,-0.3,118,1.0,17.9,17.7,17.7,17.9
2021-09-07,104844,1858782,17.75,17.8,17.65,17.8,0.1,65,1.0,17.75,17.8,17.65,17.8
2021-09-08,111445,1961394,17.8,17.8,17.5,17.6,-0.2,82,1.0,17.8,17.6,17.5,17.8
2021-09-09,41919,740249,17.6,17.75,17.6,17.75,0.15,41,1.0,17.6,17.75,17.6,17.75
2021-09-10,60139,1073445,17.9,18.0,17.75,17.75,0.0,59,1.0,17.9,17.75,17.75,18.0
2021-09-13,79394,1400486,17.55,17.9,17.5,17.8,0.05,65,1.0,17.55,17.8,17.5,17.9
2021-09-14,100257,1760342,17.55,17.7,17.5,17.65,-0.15,39,1.0,17.55,17.65,17.5,17.7
2021-09-15,57527,1016200,17.65,17.8,17.55,17.7,0.05,34,1.0,17.65,17.7,17.55,17.8
2021-09-16,90209,1594970,17.7,17.7,17.6,17.7,0.0,55,1.0,17.7,17.7,17.6,17.7
2021-09-17,71795,1259670,17.6,17.6,17.5,17.55,-0.15,59,1.0,17.6,17.55,17.5,17.6
2021-09-22,83421,1469514,17.55,17.85,17.45,17.5,-0.05,73,1.0,17.55,17.5,17.45,17.85
2021-09-23,117284,2032932,17.5,17.75,16.9,17.0,-0.5,116,1.0,17.5,17.0,16.9,17.75
2021-09-24,75168,1301618,17.1,17.65,17.05,17.5,0.5,65,1.0,17.1,17.5,17.05,17.65
2021-09-27,35258,610186,17.5,17.7,17.05,17.55,0.05,77,1.0,17.5,17.55,17.05,17.7
2021-09-28,30450,529707,17.1,17.5,17.1,17.2,-0.35,52,1.0,17.1,17.2,17.1,17.5
2021-09-29,34088,587141,17.2,17.3,17.1,17.2,0.0,67,1.0,17.2,17.2,17.1,17.3
2021-09-30,21377,369454,17.4,17.4,17.1,17.3,0.1,46,1.0,17.4,17.3,17.1,17.4
2021-10-01,35910,620371,17.05,17.45,17.05,17.3,0.0,64,1.0,17.05,17.3,17.05,17.45
2021-10-04,46511,790684,17.3,17.3,16.9,16.9,-0.4,72,1.0,17.3,16.9,16.9,17.3
2021-10-05,40192,668059,16.65,16.85,16.3,16.7,-0.2,96,1.0,16.65,16.7,16.3,16.85
2021-10-06,14824,248881,16.7,16.9,16.55,16.9,0.2,33,1.0,16.7,16.9,16.55,16.9
2021-10-07,49899,844374,16.7,17.1,16.7,17.0,0.1,48,1.0,16.7,17.0,16.7,17.1
2021-10-08,50536,858613,17.0,17.0,16.85,17.0,0.0,34,1.0,17.0,17.0,16.85,17.0
2021-10-12,6648,111924,17.0,17.0,16.65,16.95,-0.05,39,1.0,17.0,16.95,16.65,17.0
2021-10-13,48208,815805,17.3,17.3,16.7,16.95,0.0,51,1.0,17.3,16.95,16.7,17.3
2021-10-14,35907,604929,16.6,17.0,16.6,17.0,0.05,46,1.0,16.6,17.0,16.6,17.0
2021-10-15,77977,1311185,17.0,17.1,16.3,17.1,0.1,96,1.0,17.0,17.1,16.3,17.1
2021-10-18,57027,957242,17.0,17.0,16.7,16.8,-0.3,66,1.0,17.0,16.8,16.7,17.0
2021-10-19,51079,851130,16.65,16.95,16.45,16.75,-0.05,71,1.0,16.65,16.75,16.45,16.95
2021-10-20,69698,1152287,16.7,16.7,16.45,16.7,-0.05,107,1.0,16.7,16.7,16.45,16.7
2021-10-21,24232,403626,16.5,16.8,16.5,16.8,0.1,48,1.0,16.5,16.8,16.5,16.8
2021-10-22,41028,680210,16.65,16.8,16.4,16.7,-0.1,59,1.0,16.65,16.7,16.4,16.8
2021-10-25,48092,798021,16.6,16.8,16.4,16.8,0.1,77,1.0,16.6,16.8,16.4,16.8
2021-10-26,76976,1266137,16.65,16.65,16.3,16.6,-0.2,108,1.0,16.65,16.6,16.3,16.65
2021-10-27,27544,452528,16.5,16.6,16.3,16.6,0.0,69,1.0,16.5,16.6,16.3,16.6
2021-10-28,43255,709831,16.4,16.55,16.35,16.4,-0.2,91,1.0,16.4,16.4,16.35,16.55
2021-10-29,68330,1110950,16.4,16.4,16.0,16.25,-0.15,135,1.0,16.4,16.25,16.0,16.4
2021-11-01,174340,2800331,16.25,16.3,15.8,16.3,0.05,354,1.0,16.25,16.3,15.8,16.3
2021-11-02,73097,1187158,16.3,16.3,16.1,16.3,0.0,157,1.0,16.3,16.3,16.1,16.3
2021-11-03,115536,1860054,16.05,16.25,16.0,16.0,-0.3,238,1.0,16.05,16.0,16.0,16.25
2021-11-04,91219,1479685,16.0,16.5,16.0,16.2,0.2,100,1.0,16.0,16.2,16.0,16.5
2021-11-05,76911,1255922,16.3,16.5,16.15,16.15,-0.05,88,1.0,16.3,16.15,16.15,16.5
2021-11-08,59666,961985,16.15,16.2,16.05,16.05,-0.1,157,1.0,16.15,16.05,16.05,16.2
2021-11-09,164796,2649608,16.1,16.2,16.0,16.2,0.15,171,1.0,16.1,16.2,16.0,16.2
2021-11-10,74137,1197388,16.25,16.25,16.05,16.1,-0.1,163,1.0,16.25,16.1,16.05,16.25
2021-11-11,107051,1728961,16.2,16.2,16.1,16.2,0.1,172,1.0,16.2,16.2,16.1,16.2
2021-11-12,170242,2726770,16.2,16.25,15.9,16.0,-0.2,276,1.0,16.2,16.0,15.9,16.25
2021-11-15,94541,1511504,16.0,16.0,15.9,16.0,0.0,198,1.0,16.0,16.0,15.9,16.0
2021-11-16,176867,2813132,15.95,15.95,15.85,15.9,-0.1,369,1.0,15.95,15.9,15.85,15.95
2021-11-17,206912,3264976,15.95,15.95,15.6,15.8,-0.1,482,1.0,15.95,15.8,15.6,15.95
2021-11-18,181090,2864379,15.75,15.95,15.7,15.85,0.05,224,1.0,15.75,15.85,15.7,15.95
2021-11-19,245171,4019342,15.9,16.75,15.9,16.6,0.75,211,1.0,15.9,16.6,15.9,16.75
2021-11-22,986323,17615966,16.7,18.25,16.6,18.25,1.65,550,1.0,16.7,18.25,16.6,18.25
2021-11-23,534598,9425956,18.2,18.25,16.95,17.55,-0.7,399,1.0,18.2,17.55,16.95,18.25
2021-11-24,216251,3809661,17.9,17.9,17.3,17.4,-0.15,171,1.0,17.9,17.4,17.3,17.9
2021-11-25,54661,954652,17.45,17.5,17.4,17.45,0.05,102,1.0,17.45,17.45,17.4,17.5
2021-11-26,188194,3196564,17.45,17.45,16.75,16.8,-0.65,300,1.0,17.45,16.8,16.75,17.45
2021-11-29,102723,1692838,16.65,16.65,16.15,16.55,-0.25,212,1.0,16.65,16.55,16.15,16.65
2021-11-30,82086,1374160,16.55,16.95,16.55,16.95,0.4,91,1.0,16.55,16.95,16.55,16.95
2021-12-01,70180,1166625,16.65,16.65,16.55,16.65,-0.3,138,1.0,16.65,16.65,16.55,16.65
2021-12-02,79525,1307843,16.55,16.75,16.2,16.2,-0.45,183,1.0,16.55,16.2,16.2,16.75
2021-12-03,48894,797257,16.3,16.5,16.25,16.4,0.2,95,1.0,16.3,16.4,16.25,16.5
2021-12-06,35529,585007,16.4,16.5,16.35,16.45,0.05,92,1.0,16.4,16.45,16.35,16.5
2021-12-07,170748,2758737,16.4,16.4,16.0,16.1,-0.35,288,1.0,16.4,16.1,16.0,16.4
2021-12-08,88820,1435101,16.35,16.35,16.05,16.2,0.1,188,1.0,16.35,16.2,16.05,16.35
2021-12-09,167836,2697789,16.1,16.15,16.0,16.05,-0.15,257,1.0,16.1,16.05,16.0,16.15
2021-12-10,114263,1831717,16.0,16.05,16.0,16.05,0.0,173,1.0,16.0,16.05,16.0,16.05
2021-12-13,115893,1864910,16.25,16.25,16.0,16.05,0.0,188,1.0,16.25,16.05,16.0,16.25
2021-12-14,87788,1408685,16.1,16.15,16.0,16.1,0.05,274,1.0,16.1,16.1,16.0,16.15
2021-12-15,46501,753678,16.2,16.35,16.1,16.3,0.2,106,1.0,16.2,16.3,16.1,16.35
2021-12-16,93707,1540037,16.45,16.55,16.3,16.45,0.15,153,1.0,16.45,16.45,16.3,16.55
2021-12-17,195007,3204370,16.45,16.6,16.2,16.55,0.1,252,1.0,16.45,16.55,16.2,16.6
2021-12-20,245409,4184830,16.6,17.45,16.5,17.3,0.75,377,1.0,16.6,17.3,16.5,17.45
2021-12-21,2715375,50797993,17.3,19.0,17.3,19.0,1.7,1290,1.0,17.3,19.0,17.3,19.0
2021-12-22,2157541,44991675,20.8,20.9,20.5,20.9,1.9,774,1.0,20.8,20.9,20.5,20.9
2021-12-23,4000858,86022292,22.3,22.5,20.3,21.2,0.3,1995,1.0,22.3,21.2,20.3,22.5
2021-12-24,1716011,34941059,21.2,21.2,19.6,20.9,-0.3,865,1.0,21.2,20.9,19.6,21.2
2021-12-27,1706772,35526678,21.25,21.3,20.0,21.1,0.2,1043,1.0,21.25,21.1,20.0,21.3
2021-12-28,989922,20903938,21.9,21.9,20.4,20.4,-0.7,593,1.0,21.9,20.4,20.4,21.9
2021-12-29,942495,18786850,20.25,20.7,19.5,20.7,0.3,591,1.0,20.25,20.7,19.5,20.7
2021-12-30,429229,8772011,20.6,20.65,20.2,20.4,-0.3,331,1.0,20.6,20.4,20.2,20.65
2022-01-03,415046,8283053,20.5,20.5,19.8,19.85,-0.55,261,1.0,20.5,19.85,19.8,20.5
2022-01-04,1097011,20682024,19.65,19.7,18.4,19.15,-0.7,1060,1.0,19.65,19.15,18.4,19.7
2022-01-05,442994,8259859,18.9,19.0,18.3,18.3,-0.85,353,1.0,18.9,18.3,18.3,19.0
2022-01-06,452060,8481964,18.3,19.2,18.05,18.9,0.6,461,1.0,18.3,18.9,18.05,19.2
2022-01-07,379912,6969595,18.0,18.9,18.0,18.3,-0.6,434,1.0,18.0,18.3,18.0,18.9
2022-01-10,310922,5553870,17.55,18.05,17.55,17.9,-0.4,482,1.0,17.55,17.9,17.55,18.05
2022-01-11,423549,7396683,17.55,17.75,17.2,17.3,-0.6,595,1.0,17.55,17.3,17.2,17.75
2022-01-12,179233,3138570,17.4,17.9,17.3,17.45,0.15,269,1.0,17.4,17.45,17.3,17.9
2022-01-13,175981,3043976,17.25,17.6,17.05,17.2,-0.25,323,1.0,17.25,17.2,17.05,17.6
2022-01-14,340215,5695374,17.2,17.2,16.5,16.65,-0.55,522,1.0,17.2,16.65,16.5,17.2
2022-01-17,159387,2716460,16.65,17.3,16.6,17.15,0.5,205,1.0,16.65,17.15,16.6,17.3
2022-01-18,132590,2316252,17.15,17.7,17.15,17.4,0.25,151,1.0,17.15,17.4,17.15,17.7
2022-01-19,112841,1974344,17.45,17.6,17.4,17.6,0.2,128,1.0,17.45,17.6,17.4,17.6
2022-01-20,157679,2733565,17.8,17.8,17.15,17.35,-0.25,234,1.0,17.8,17.35,17.15,17.8
2022-01-21,171492,2901191,17.35,17.35,16.8,16.8,-0.55,385,1.0,17.35,16.8,16.8,17.35
2022-01-24,127893,2103536,16.8,16.8,16.15,16.75,-0.05,383,1.0,16.8,16.75,16.15,16.8
2022-01-25,89507,1464489,16.55,16.55,16.2,16.45,-0.3,368,1.0,16.55,16.45,16.2,16.55
2022-01-26,115390,1888450,16.45,16.5,16.15,16.4,-0.05,380,1.0,16.45,16.4,16.15,16.5
2022-02-07,60996,999166,16.4,16.7,16.15,16.7,0.3,209,1.0,16.4,16.7,16.15,16.7
2022-02-08,51681,877428,17.2,17.2,16.85,17.0,0.3,131,1.0,17.2,17.0,16.85,17.2
2022-02-09,99142,1676794,17.0,17.0,16.75,17.0,0.0,217,1.0,17.0,17.0,16.75,17.0
2022-02-10,365305,6160361,17.05,17.05,16.8,16.85,-0.15,120,1.0,17.05,16.85,16.8,17.05
2022-02-11,87278,1472632,17.0,17.0,16.7,16.7,-0.15,410,1.0,17.0,16.7,16.7,17.0
2022-02-14,100452,1662249,16.7,16.7,16.3,16.3,-0.4,303,1.0,16.7,16.3,16.3,16.7
2022-02-15,365043,6077051,16.3,16.75,16.3,16.65,0.35,128,1.0,16.3,16.65,16.3,16.75
2022-02-16,114088,1944918,17.5,17.5,16.95,17.05,0.4,115,1.0,17.5,17.05,16.95,17.5
2022-02-17,103467,1762490,17.2,17.2,16.85,17.05,0.0,165,1.0,17.2,17.05,16.85,17.2
2022-02-18,370998,6240172,16.5,17.05,16.5,16.85,-0.2,863,1.0,16.5,16.85,16.5,17.05
2022-02-21,342173,6039965,16.8,18.1,16.8,18.0,1.15,598,1.0,16.8,18.0,16.8,18.1
2022-02-22,1352375,25047750,18.0,18.95,18.0,18.45,0.45,871,1.0,18.0,18.45,18.0,18.95
2022-02-23,743803,13869785,18.5,18.9,18.45,18.5,0.05,815,1.0,18.5,18.5,18.45,18.9
2022-02-24,452810,8060650,18.5,18.5,17.1,17.6,-0.9,441,1.0,18.5,17.6,17.1,18.5
2022-02-25,1673457,31913081,18.0,19.35,17.8,19.35,1.75,711,1.0,18.0,19.35,17.8,19.35
2022-03-01,2023450,39259927,19.55,20.0,18.85,19.5,0.15,819,1.0,19.55,19.5,18.85,20.0
2022-03-02,735737,14354723,19.75,19.75,19.3,19.55,0.05,271,1.0,19.75,19.55,19.3,19.75
2022-03-03,723065,13905301,19.55,19.6,19.0,19.05,-0.5,392,1.0,19.55,19.05,19.0,19.6
2022-03-04,1127255,22009323,19.05,20.0,19.0,19.75,0.7,408,1.0,19.05,19.75,19.0,20.0
2022-03-07,503540,9618395,19.7,19.7,18.95,19.15,-0.6,257,1.0,19.7,19.15,18.95,19.7
2022-03-08,583909,10756670,19.0,19.1,17.85,18.0,-1.15,334,1.0,19.0,18.0,17.85,19.1
2022-03-09,1412861,27702213,18.15,19.8,18.15,19.8,1.8,474,1.0,18.15,19.8,18.15,19.8
2022-03-10,1602062,32677509,19.8,20.9,19.8,20.3,0.5,716,1.0,19.8,20.3,19.8,20.9
2022-03-11,343786,6888568,20.4,20.4,19.8,20.0,-0.3,268,1.0,20.4,20.0,19.8,20.4
2022-03-14,1220622,24453867,20.0,20.5,19.5,20.0,0.0,399,1.0,20.0,20.0,19.5,20.5
2022-03-15,248587,4911047,20.0,20.0,19.3,19.65,-0.35,213,1.0,20.0,19.65,19.3,20.0
2022-03-16,363571,7157726,19.7,20.0,19.35,19.55,-0.1,176,1.0,19.7,19.55,19.35,20.0
2022-03-17,614276,12324552,19.8,20.5,19.6,20.4,0.85,289,1.0,19.8,20.4,19.6,20.5
2022-03-18,541670,11069431,20.35,20.7,20.0,20.5,0.1,257,1.0,20.35,20.5,20.0,20.7
2022-03-21,1958345,42174639,20.9,22.2,20.9,21.9,1.4,798,1.0,20.9,21.9,20.9,22.2
2022-03-22,1648751,33891129,22.0,22.0,21.5,21.5,-0.4,400,1.0,22.0,21.5,21.5,22.0
2022-03-23,750370,15939506,21.5,21.8,20.7,21.0,-0.5,416,1.0,21.5,21.0,20.7,21.8
2022-03-24,231325,4884001,21.0,21.3,20.75,21.3,0.3,164,1.0,21.0,21.3,20.75,21.3
2022-03-25,424243,8824594,21.3,21.3,20.1,20.9,-0.4,355,1.0,21.3,20.9,20.1,21.3
2022-03-28,247425,5002621,20.25,20.4,20.0,20.3,-0.6,192,1.0,20.25,20.3,20.0,20.4
2022-03-29,375791,7569941,21.0,21.0,19.8,20.1,-0.2,275,1.0,21.0,20.1,19.8,21.0
2022-03-30,190673,3818631,20.1,20.25,19.85,20.1,0.0,144,1.0,20.1,20.1,19.85,20.25
2022-03-31,217575,4361371,20.25,20.25,19.85,20.0,-0.1,159,1.0,20.25,20.0,19.85,20.25
2022-04-01,972518,18520669,19.65,19.65,18.6,18.65,-1.35,574,1.0,19.65,18.65,18.6,19.65
2022-04-06,462247,7765755,16.8,16.8,16.8,16.8,-1.85,1020,1.0,16.8,16.8,16.8,16.8
2022-04-07,1176813,17840690,15.15,15.15,15.15,15.15,-1.65,1750,1.0,15.15,15.15,15.15,15.15
2022-04-08,1381716,21098501,14.0,16.65,14.0,16.3,1.15,606,1.0,14.0,16.3,14.0,16.65
2022-04-11,535751,8609613,15.4,16.95,15.35,16.7,0.4,320,1.0,15.4,16.7,15.35,16.95
2022-04-12,527336,9058600,16.2,18.1,16.15,18.0,1.3,250,1.0,16.2,18.0,16.15,18.1
2022-04-13,764759,14583552,18.0,19.6,17.9,18.4,0.4,374,1.0,18.0,18.4,17.9,19.6
2022-04-14,705458,13507222,18.95,19.5,18.5,18.95,0.55,230,1.0,18.95,18.95,18.5,19.5
2022-04-15,403315,7703041,19.4,19.4,18.85,19.15,0.2,145,1.0,19.4,19.15,18.85,19.4
2022-04-18,151462,2897431,19.2,19.6,18.85,18.9,-0.25,82,1.0,19.2,18.9,18.85,19.6
2022-04-19,99872,1865123,19.0,19.0,18.5,18.5,-0.4,68,1.0,19.0,18.5,18.5,19.0
2022-04-20,44985,831662,18.6,19.0,18.15,18.45,-0.05,67,1.0,18.6,18.45,18.15,19.0
2022-04-21,6687,123406,18.2,18.5,18.2,18.5,0.05,34,1.0,18.2,18.5,18.2,18.5
2022-04-22,88888,1559583,17.75,18.45,16.65,18.45,-0.05,89,1.0,17.75,18.45,16.65,18.45
2022-04-25,75909,1297388,17.5,17.5,16.95,17.2,-1.25,110,1.0,17.5,17.2,16.95,17.5
2022-04-26,24045,428918,17.2,18.7,17.2,17.55,0.35,67,1.0,17.2,17.55,17.2,18.7
2022-04-27,43238,750973,17.5,18.0,16.95,18.0,0.45,81,1.0,17.5,18.0,16.95,18.0
2022-04-28,29438,521834,17.5,17.9,17.5,17.85,-0.15,41,1.0,17.5,17.85,17.5,17.9
2022-04-29,43354,745913,17.85,18.15,16.5,18.0,0.15,69,1.0,17.85,18.0,16.5,18.15
2022-05-03,29444,510852,17.5,17.95,17.05,17.75,-0.25,63,1.0,17.5,17.75,17.05,17.95
2022-05-04,23500,406290,17.6,17.6,17.05,17.4,-0.35,69,1.0,17.6,17.4,17.05,17.6
2022-05-05,69249,1190534,17.3,17.35,16.55,17.2,-0.2,121,1.0,17.3,17.2,16.55,17.35
2022-05-06,42734,713220,16.65,17.0,16.55,16.95,-0.25,118,1.0,16.65,16.95,16.55,17.0
2022-05-09,45194,757028,16.7,17.0,16.35,16.8,-0.15,71,1.0,16.7,16.8,16.35,17.0
2022-05-10,15124,251063,16.6,16.6,16.5,16.5,-0.3,74,1.0,16.6,16.5,16.5,16.6
2022-05-11,782915,11656146,15.3,15.65,14.85,14.85,-1.65,868,1.0,15.3,14.85,14.85,15.65
2022-05-12,101614,1518029,14.8,15.25,14.8,14.85,0.0,163,1.0,14.8,14.85,14.8,15.25
2022-05-13,290838,4145498,14.85,14.95,13.55,14.0,-0.85,638,1.0,14.85,14.0,13.55,14.95
2022-05-16,1036335,13372450,14.5,14.5,12.6,13.0,-1.0,1556,1.0,14.5,13.0,12.6,14.5
2022-05-17,439469,5633309,12.8,13.05,12.3,13.0,0.0,579,1.0,12.8,13.0,12.3,13.05
2022-05-18,369304,4752555,13.0,13.2,12.65,13.0,0.0,424,1.0,13.0,13.0,12.65,13.2
2022-05-19,404117,5155437,12.9,12.95,12.55,12.75,-0.25,586,1.0,12.9,12.75,12.55,12.95
2022-05-20,926387,11706469,12.75,13.05,12.45,12.65,-0.1,1438,1.0,12.75,12.65,12.45,13.05
2022-05-23,672653,8412831,12.65,13.35,12.3,12.65,0.0,1207,1.0,12.65,12.65,12.3,13.35
2022-05-24,570878,7111235,12.6,12.8,12.3,12.6,-0.05,1016,1.0,12.6,12.6,12.3,12.8
2022-05-25,468931,5822379,12.5,12.6,12.1,12.55,-0.05,871,1.0,12.5,12.55,12.1,12.6
2022-05-26,264797,3276577,12.45,12.45,12.3,12.3,-0.25,558,1.0,12.45,12.3,12.3,12.45
2022-05-27,337036,4164718,12.2,12.6,12.2,12.35,0.05,348,1.0,12.2,12.35,12.2,12.6
2022-05-30,182376,2321464,12.95,13.2,12.5,12.6,0.25,224,1.0,12.95,12.6,12.5,13.2
2022-05-31,195284,2433107,12.6,12.65,12.3,12.55,-0.05,315,1.0,12.6,12.55,12.3,12.65
2022-06-01,480143,6038516,12.55,12.9,12.45,12.7,0.15,1094,1.0,12.55,12.7,12.45,12.9
2022-06-02,582921,7270297,12.6,12.8,12.3,12.75,0.05,940,1.0,12.6,12.75,12.3,12.8
2022-06-06,343341,4755179,12.8,14.0,12.8,14.0,1.25,270,1.0,12.8,14.0,12.8,14.0
2022-06-07,259795,3666813,13.85,14.5,13.8,14.1,0.1,279,1.0,13.85,14.1,13.8,14.5
2022-06-08,167452,2298501,14.1,14.1,13.5,13.65,-0.45,302,1.0,14.1,13.65,13.5,14.1
2022-06-09,146755,1942804,13.5,13.55,13.0,13.2,-0.45,298,1.0,13.5,13.2,13.0,13.55
2022-06-10,485908,6318272,13.05,13.3,12.6,13.0,-0.2,1060,1.0,13.05,13.0,12.6,13.3
2022-06-13,385932,4892237,13.0,13.0,12.55,12.55,-0.45,963,1.0,13.0,12.55,12.55,13.0
2022-06-14,128821,1609060,12.55,12.55,12.4,12.45,-0.1,376,1.0,12.55,12.45,12.4,12.55
2022-06-15,94651,1184142,12.5,12.6,12.4,12.5,0.05,171,1.0,12.5,12.5,12.4,12.6
2022-06-16,250589,3138627,12.45,12.6,12.45,12.5,0.0,687,1.0,12.45,12.5,12.45,12.6
2022-06-17,90127,1122364,12.5,12.5,12.4,12.45,-0.05,284,1.0,12.5,12.45,12.4,12.5
2022-06-20,84747,1040937,12.6,12.6,12.15,12.2,-0.25,266,1.0,12.6,12.2,12.15,12.6
2022-06-21,50696,624551,12.25,12.45,12.25,12.45,0.25,145,1.0,12.25,12.45,12.25,12.45
2022-06-22,70226,859407,12.45,12.45,12.1,12.15,-0.3,247,1.0,12.45,12.15,12.1,12.45
2022-06-23,147519,1768311,12.15,12.2,11.5,12.15,0.0,372,1.0,12.15,12.15,11.5,12.2
2022-06-24,41476,502674,12.15,12.15,12.05,12.05,-0.1,129,1.0,12.15,12.05,12.05,12.15
2022-06-27,84392,1017459,12.05,12.15,12.0,12.0,-0.05,134,1.0,12.05,12.0,12.0,12.15
2022-06-28,51073,609678,12.0,12.0,11.85,11.9,-0.1,178,1.0,12.0,11.9,11.85,12.0
2022-06-29,129176,1513155,11.75,12.0,11.5,12.0,0.1,443,1.0,11.75,12.0,11.5,12.0
2022-06-30,116111,1363682,11.85,12.1,11.5,12.0,0.0,239,1.0,11.85,12.0,11.5,12.1
2022-07-01,139140,1600123,11.75,11.8,11.05,11.75,-0.25,269,1.0,11.75,11.75,11.05,11.8
2022-07-04,427315,4728281,11.75,11.75,10.85,10.85,-0.9,869,1.0,11.75,10.85,10.85,11.75
2022-07-05,237120,2445431,10.85,11.05,10.0,10.6,-0.25,592,1.0,10.85,10.6,10.0,11.05
2022-07-06,81348,837792,10.5,10.5,10.15,10.25,-0.35,276,1.0,10.5,10.25,10.15,10.5
2022-07-07,91083,936246,10.25,10.4,10.05,10.4,0.15,114,1.0,10.25,10.4,10.05,10.4
2022-07-08,79434,813467,10.4,10.4,10.1,10.3,-0.1,207,1.0,10.4,10.3,10.1,10.4
2022-07-11,175912,1748898,10.15,10.35,9.5,9.5,-0.8,385,1.0,10.15,9.5,9.5,10.35
2022-07-12,366478,3384621,9.3,9.41,9.02,9.03,-0.47,910,1.0,9.3,9.03,9.02,9.41
2022-07-13,261749,2371388,9.3,9.3,9.0,9.03,0.0,514,1.0,9.3,9.03,9.0,9.3
2022-07-14,175673,1669757,9.03,9.93,9.01,9.89,0.86,361,1.0,9.03,9.89,9.01,9.93
2022-07-15,97593,962629,9.78,10.1,9.5,10.1,0.21,176,1.0,9.78,10.1,9.5,10.1
2022-07-18,78542,795096,10.0,10.5,9.84,10.5,0.4,171,1.0,10.0,10.5,9.84,10.5
2022-07-19,42339,449180,10.5,10.85,10.5,10.6,0.1,67,1.0,10.5,10.6,10.5,10.85
2022-07-20,75652,826066,10.6,11.3,10.6,10.9,0.3,95,1.0,10.6,10.9,10.6,11.3
2022-07-21,41388,453883,11.1,11.1,10.9,11.1,0.2,94,1.0,11.1,11.1,10.9,11.1
2022-07-22,26029,289261,11.3,11.3,10.95,11.0,-0.1,106,1.0,11.3,11.0,10.95,11.3
2022-07-25,53409,579012,10.65,11.0,10.65,11.0,0.0,90,1.0,10.65,11.0,10.65,11.0
2022-07-26,38703,419685,11.0,11.0,10.75,10.75,-0.25,107,1.0,11.0,10.75,10.75,11.0
2022-07-27,31299,339962,10.75,10.95,10.65,10.95,0.2,50,1.0,10.75,10.95,10.65,10.95
2022-07-28,57622,626967,10.95,10.95,10.75,10.95,0.0,90,1.0,10.95,10.95,10.75,10.95
2022-07-29,115314,1242234,10.95,10.95,10.2,10.85,-0.1,140,1.0,10.95,10.85,10.2,10.95
2022-08-01,16434,177444,10.8,10.9,10.65,10.9,0.05,83,1.0,10.8,10.9,10.65,10.9
2022-08-02,26954,287014,10.9,10.9,10.45,10.75,-0.15,74,1.0,10.9,10.75,10.45,10.9
2022-08-03,8227,89486,10.75,10.8,10.75,10.8,0.05,45,1.0,10.75,10.8,10.75,10.8
2022-08-04,4517,48342,10.65,10.75,10.6,10.75,-0.05,31,1.0,10.65,10.75,10.6,10.75
2022-08-05,69922,750362,10.4,11.0,10.4,10.95,0.2,200,1.0,10.4,10.95,10.4,11.0
2022-08-08,23881,260113,10.9,10.9,10.8,10.85,-0.1,90,1.0,10.9,10.85,10.8,10.9
2022-08-09,33939,365847,10.7,10.8,10.65,10.8,-0.05,72,1.0,10.7,10.8,10.65,10.8
2022-08-10,13587,146279,10.75,10.8,10.7,10.8,0.0,44,1.0,10.75,10.8,10.7,10.8
2022-08-11,51780,547915,10.6,10.75,10.45,10.6,-0.2,169,1.0,10.6,10.6,10.45,10.75
2022-08-12,19815,208500,10.4,10.6,10.4,10.55,-0.05,93,1.0,10.4,10.55,10.4,10.6
2022-08-15,247521,2579888,10.3,10.5,10.2,10.45,-0.1,794,1.0,10.3,10.45,10.2,10.5
2022-08-16,110916,1179603,10.7,10.75,10.4,10.5,0.05,274,1.0,10.7,10.5,10.4,10.75
2022-08-17,303491,3223529,10.5,10.75,10.4,10.7,0.2,798,1.0,10.5,10.7,10.4,10.75
2022-08-18,53735,574713,10.7,10.75,10.55,10.75,0.05,193,1.0,10.7,10.75,10.55,10.75
2022-08-19,590251,6028985,10.8,10.8,9.9,10.45,-0.3,1104,1.0,10.8,10.45,9.9,10.8
2022-08-22,86844,896197,10.4,10.45,10.1,10.45,0.0,268,1.0,10.4,10.45,10.1,10.45
2022-08-23,158826,1619031,10.0,10.4,10.0,10.4,-0.05,255,1.0,10.0,10.4,10.0,10.4
2022-08-24,72094,739730,10.4,10.4,10.1,10.15,-0.25,187,1.0,10.4,10.15,10.1,10.4
2022-08-25,71762,748592,10.25,10.7,10.2,10.55,0.4,185,1.0,10.25,10.55,10.2,10.7
2022-08-26,64133,671624,10.55,10.6,10.4,10.6,0.05,179,1.0,10.55,10.6,10.4,10.6
2022-08-29,32117,337894,10.6,10.6,10.45,10.5,-0.1,122,1.0,10.6,10.5,10.45,10.6
2022-08-30,55165,571614,10.5,10.5,10.2,10.3,-0.2,202,1.0,10.5,10.3,10.2,10.5
2022-08-31,36205,372527,10.3,10.35,10.2,10.2,-0.1,118,1.0,10.3,10.2,10.2,10.35
2022-09-01,49046,500106,10.3,10.3,10.1,10.2,0.0,177,1.0,10.3,10.2,10.1,10.3
2022-09-02,37873,386163,10.2,10.25,10.1,10.2,0.0,111,1.0,10.2,10.2,10.1,10.25
2022-09-05,66241,667996,10.2,10.3,10.0,10.3,0.1,195,1.0,10.2,10.3,10.0,10.3
2022-09-06,17626,177630,10.2,10.2,9.98,10.2,-0.1,76,1.0,10.2,10.2,9.98,10.2
2022-09-07,26528,272705,10.35,10.35,10.2,10.3,0.1,66,1.0,10.35,10.3,10.2,10.35
2022-09-08,30995,313416,10.3,10.3,10.0,10.2,-0.1,92,1.0,10.3,10.2,10.0,10.3
2022-09-12,74465,745340,10.05,10.15,9.97,10.15,-0.05,142,1.0,10.05,10.15,9.97,10.15
2022-09-13,246956,2492592,9.99,10.25,9.92,10.2,0.05,720,1.0,9.99,10.2,9.92,10.25
2022-09-14,156704,1618908,10.2,10.4,10.2,10.4,0.2,483,1.0,10.2,10.4,10.2,10.4
2022-09-15,62296,652840,10.45,10.5,10.4,10.45,0.05,174,1.0,10.45,10.45,10.4,10.5
2022-09-16,57069,586369,10.45,10.45,10.15,10.3,-0.15,204,1.0,10.45,10.3,10.15,10.45
2022-09-19,396757,3993620,10.35,10.35,10.0,10.1,-0.2,884,1.0,10.35,10.1,10.0,10.35
2022-09-20,178138,1782898,10.05,10.1,9.94,9.95,-0.15,382,1.0,10.05,9.95,9.94,10.1
2022-09-21,131168,1284797,9.95,9.95,9.67,9.89,-0.06,372,1.0,9.95,9.89,9.67,9.95
2022-09-22,31741,314533,9.61,10.0,9.61,9.99,0.1,86,1.0,9.61,9.99,9.61,10.0
2022-09-23,44323,438499,10.0,10.0,9.8,9.81,-0.18,157,1.0,10.0,9.81,9.8,10.0
2022-09-26,63463,607756,9.8,9.8,9.46,9.5,-0.31,237,1.0,9.8,9.5,9.46,9.8
2022-09-27,116207,1071440,9.13,9.26,9.13,9.17,-0.33,310,1.0,9.13,9.17,9.13,9.26
2022-09-28,87777,795067,9.39,9.39,8.99,8.99,-0.18,194,1.0,9.39,8.99,8.99,9.39
2022-09-29,62191,568550,9.0,9.25,8.8,9.1,0.11,106,1.0,9.0,9.1,8.8,9.25
2022-09-30,39319,355906,9.0,9.2,8.94,9.01,-0.09,128,1.0,9.0,9.01,8.94,9.2
2022-10-03,33989,306327,9.01,9.01,8.99,8.99,-0.02,85,1.0,9.01,8.99,8.99,9.01
2022-10-04,41098,381944,9.01,9.54,9.01,9.16,0.17,61,1.0,9.01,9.16,9.01,9.54
2022-10-05,37303,339406,9.08,9.11,9.03,9.11,-0.05,128,1.0,9.08,9.11,9.03,9.11
2022-10-06,25426,233920,9.12,9.3,9.12,9.2,0.09,60,1.0,9.12,9.2,9.12,9.3
2022-10-07,12768,118434,9.25,9.25,9.24,9.24,0.04,63,1.0,9.25,9.24,9.24,9.25
2022-10-11,43951,396944,9.08,9.08,8.99,9.0,-0.24,146,1.0,9.08,9.0,8.99,9.08
2022-10-12,42787,379583,9.0,9.3,8.6,9.3,0.3,139,1.0,9.0,9.3,8.6,9.3
2022-10-13,7093,65364,9.3,9.3,9.0,9.0,-0.3,48,1.0,9.3,9.0,9.0,9.3
2022-10-14,9480,88142,9.0,9.49,9.0,9.09,0.09,50,1.0,9.0,9.09,9.0,9.49
2022-10-17,40859,360019,8.72,9.08,8.71,8.99,-0.1,102,1.0,8.72,8.99,8.71,9.08
2022-10-18,35433,315009,8.86,8.98,8.81,8.88,-0.11,93,1.0,8.86,8.88,8.81,8.98
2022-10-19,5676,50541,8.88,8.9,8.88,8.9,0.02,57,1.0,8.88,8.9,8.88,8.9
2022-10-20,33920,294687,8.88,8.88,8.6,8.78,-0.12,112,1.0,8.88,8.78,8.6,8.88
2022-10-21,33118,287874,8.8,8.8,8.61,8.63,-0.15,70,1.0,8.8,8.63,8.61,8.8
2022-10-24,56314,481664,8.63,8.63,8.45,8.46,-0.17,93,1.0,8.63,8.46,8.45,8.63
2022-10-25,173907,1412205,8.5,8.66,7.98,8.66,0.2,203,1.0,8.5,8.66,7.98,8.66
2022-10-26,36603,300812,8.66,8.66,8.09,8.1,-0.56,92,1.0,8.66,8.1,8.09,8.66
2022-10-27,39690,319256,8.11,8.11,7.99,8.03,-0.07,110,1.0,8.11,8.03,7.99,8.11
2022-10-28,45101,360820,8.03,8.2,7.9,8.0,-0.03,140,1.0,8.03,8.0,7.9,8.2
2022-10-31,10765,86742,8.0,8.1,8.0,8.0,0.0,30,1.0,8.0,8.0,8.0,8.1
2022-11-01,36931,292414,7.85,8.0,7.85,7.94,-0.06,100,1.0,7.85,7.94,7.85,8.0
2022-11-02,29986,239892,7.94,8.0,7.94,7.97,0.03,47,1.0,7.94,7.97,7.94,8.0
2022-11-03,21203,170930,8.0,8.01,7.98,8.0,0.03,64,1.0,8.0,8.0,7.98,8.01
2022-11-04,30932,247893,7.95,8.02,7.95,8.0,0.0,73,1.0,7.95,8.0,7.95,8.02
2022-11-07,23135,185767,8.0,8.01,8.0,8.0,0.0,70,1.0,8.0,8.0,8.0,8.01
2022-11-08,67027,537411,8.0,8.03,8.0,8.0,0.0,118,1.0,8.0,8.0,8.0,8.03
2022-11-09,70953,614194,8.05,8.8,8.05,8.8,0.8,129,1.0,8.05,8.8,8.05,8.8
2022-11-10,31242,270075,8.78,8.78,8.43,8.62,-0.18,174,1.0,8.78,8.62,8.43,8.78
2022-11-11,53154,464358,8.8,8.8,8.51,8.63,0.01,139,1.0,8.8,8.63,8.51,8.8
2022-11-14,57589,518849,8.55,9.45,8.55,8.61,-0.02,100,1.0,8.55,8.61,8.55,9.45
2022-11-15,132020,1095829,8.53,8.61,8.15,8.19,-0.42,292,1.0,8.53,8.19,8.15,8.61
2022-11-16,170603,1258963,7.38,7.38,7.38,7.38,-0.81,312,1.0,7.38,7.38,7.38,7.38
2023-06-30,69983,567557,8.11,8.11,8.11,8.11,0.0,42,1.0,8.11,8.11,8.11,8.11
2023-07-03,2905827,25919938,8.92,8.92,8.92,8.92,0.81,1131,1.0,8.92,8.92,8.92,8.92
2023-07-04,1733962,16997719,9.8,9.81,9.8,9.81,0.89,548,1.0,9.8,9.81,9.8,9.81
2023-07-05,1014344,10864343,10.7,10.75,10.7,10.75,0.94,178,1.0,10.7,10.75,10.7,10.75
2023-07-06,549626,6485576,11.8,11.8,11.8,11.8,1.05,215,1.0,11.8,11.8,11.8,11.8
2023-07-07,685818,8881324,12.95,12.95,12.95,12.95,1.15,279,1.0,12.95,12.95,12.95,12.95
2023-07-10,2280271,31875781,14.2,14.2,12.0,12.0,-0.95,1455,1.0,14.2,12.0,12.0,14.2
2023-07-11,1013184,11274720,11.0,12.5,10.9,12.5,0.5,1422,1.0,11.0,12.5,10.9,12.5
2023-07-12,362437,4271474,12.05,12.05,11.3,11.3,-1.2,796,1.0,12.05,11.3,11.3,12.05
2023-07-13,456294,4990427,11.25,11.25,10.85,11.2,-0.1,775,1.0,11.25,11.2,10.85,11.25
2023-07-14,203028,2364650,11.0,11.9,11.0,11.7,0.5,494,1.0,11.0,11.7,11.0,11.9
2023-07-17,163682,1898984,11.55,11.7,11.55,11.6,-0.1,490,1.0,11.55,11.6,11.55,11.7
2023-07-18,138392,1564622,11.6,11.6,11.2,11.3,-0.3,440,1.0,11.6,11.3,11.2,11.6
2023-07-19,112820,1254086,11.3,11.3,11.05,11.1,-0.2,316,1.0,11.3,11.1,11.05,11.3
2023-07-20,114605,1257039,10.95,11.0,10.85,11.0,-0.1,334,1.0,10.95,11.0,10.85,11.0
2023-07-21,126496,1459031,11.3,11.75,11.3,11.75,0.75,322,1.0,11.3,11.75,11.3,11.75
2023-07-24,288769,3580442,12.0,12.5,11.8,12.45,0.7,405,1.0,12.0,12.45,11.8,12.5
2023-07-25,116841,1379148,11.9,12.4,11.6,12.1,-0.35,407,1.0,11.9,12.1,11.6,12.4
2023-07-26,53169,630597,12.05,12.05,11.7,11.7,-0.4,353,1.0,12.05,11.7,11.7,12.05
2023-07-27,72552,851564,12.0,12.0,11.6,11.6,-0.1,197,1.0,12.0,11.6,11.6,12.0
2023-07-28,78723,910980,11.5,11.6,11.5,11.55,-0.05,121,1.0,11.5,11.55,11.5,11.6
2023-07-31,104860,1174632,11.45,11.45,11.0,11.1,-0.45,274,1.0,11.45,11.1,11.0,11.45
2023-08-01,59907,666103,11.15,11.15,11.05,11.05,-0.05,183,1.0,11.15,11.05,11.05,11.15
2023-08-02,73618,818136,11.15,11.15,11.05,11.1,0.05,157,1.0,11.15,11.1,11.05,11.15
2023-08-04,71542,787985,11.05,11.05,11.0,11.0,-0.1,199,1.0,11.05,11.0,11.0,11.05
2023-08-07,42615,466457,11.0,11.0,10.8,10.95,-0.05,188,1.0,11.0,10.95,10.8,11.0
2023-08-08,43593,474181,10.95,10.95,10.85,10.85,-0.1,185,1.0,10.95,10.85,10.85,10.95
2023-08-09,49882,540984,10.9,10.9,10.8,10.8,-0.05,125,1.0,10.9,10.8,10.8,10.9
2023-08-10,72408,773586,10.8,10.8,10.6,10.6,-0.2,293,1.0,10.8,10.6,10.6,10.8
2023-08-11,45386,486734,10.6,10.75,10.6,10.7,0.1,115,1.0,10.6,10.7,10.6,10.75
2023-08-14,73588,743900,10.4,10.4,10.0,10.0,-0.7,294,1.0,10.4,10.0,10.0,10.4
2023-08-15,24874,255035,10.0,10.3,10.0,10.2,0.2,106,1.0,10.0,10.2,10.0,10.3
2023-08-16,41449,425251,10.2,10.4,10.15,10.4,0.2,129,1.0,10.2,10.4,10.15,10.4
2023-08-17,60812,626640,10.4,10.4,10.2,10.2,-0.2,167,1.0,10.4,10.2,10.2,10.4
2023-08-18,50261,512860,10.25,10.25,10.15,10.15,-0.05,211,1.0,10.25,10.15,10.15,10.25
2023-08-21,228964,2272333,10.15,10.15,9.9,9.95,-0.2,716,1.0,10.15,9.95,9.9,10.15
2023-08-22,70625,703294,9.95,10.0,9.9,9.9,-0.05,300,1.0,9.95,9.9,9.9,10.0
2023-08-23,150931,1494160,9.9,9.9,9.88,9.89,-0.01,581,1.0,9.9,9.89,9.88,9.9
2023-08-24,27142,269380,9.88,10.0,9.88,10.0,0.11,154,1.0,9.88,10.0,9.88,10.0
2023-08-25,22933,228858,10.0,10.0,9.93,9.93,-0.07,111,1.0,10.0,9.93,9.93,10.0
2023-08-28,20436,203049,9.93,9.93,9.9,9.92,-0.01,158,1.0,9.93,9.92,9.9,9.93
2023-08-29,35080,347355,9.92,9.92,9.88,9.88,-0.04,93,1.0,9.92,9.88,9.88,9.92
2023-08-30,72397,715093,9.9,9.9,9.82,9.88,0.0,226,1.0,9.9,9.88,9.82,9.9
2023-08-31,23729,236067,9.92,9.93,9.9,9.93,0.05,160,1.0,9.92,9.93,9.9,9.93
2023-09-01,29984,299792,9.93,10.0,9.93,9.98,0.05,87,1.0,9.93,9.98,9.93,10.0
2023-09-04,44590,447162,10.05,10.05,9.99,9.99,0.01,206,1.0,10.05,9.99,9.99,10.05
2023-09-05,66498,669186,10.1,10.1,10.0,10.05,0.06,174,1.0,10.1,10.05,10.0,10.1
2023-09-06,36388,365601,10.05,10.05,10.0,10.0,-0.05,187,1.0,10.05,10.0,10.0,10.05
2023-09-07,25089,251909,10.0,10.1,10.0,10.05,0.05,135,1.0,10.0,10.05,10.0,10.1
2023-09-08,23035,228886,9.9,10.0,9.9,10.0,-0.05,169,1.0,9.9,10.0,9.9,10.0
2023-09-11,80814,799054,10.0,10.0,9.85,9.91,-0.09,272,1.0,10.0,9.91,9.85,10.0
2023-09-12,18986,189019,9.94,9.94,9.94,9.94,0.03,87,1.0,9.94,9.94,9.94,9.94
2023-09-13,79826,789437,9.94,9.94,9.85,9.85,-0.09,402,1.0,9.94,9.85,9.85,9.94
2023-09-14,153993,1431620,9.5,9.5,9.21,9.24,-0.61,694,1.0,9.5,9.24,9.21,9.5
2023-09-15,497631,4191992,9.24,9.24,8.32,8.32,-0.92,1018,1.0,9.24,8.32,8.32,9.24
2023-09-18,190238,1567440,8.32,8.32,8.19,8.32,0.0,573,1.0,8.32,8.32,8.19,8.32
2023-09-19,90145,767192,8.31,8.58,8.31,8.58,0.26,316,1.0,8.31,8.58,8.31,8.58
2023-09-20,69430,596865,8.56,8.66,8.56,8.64,0.06,276,1.0,8.56,8.64,8.56,8.66
2023-09-21,59353,509710,8.69,8.69,8.5,8.58,-0.06,247,1.0,8.69,8.58,8.5,8.69
2023-09-22,20717,177706,8.58,8.58,8.55,8.55,-0.03,132,1.0,8.58,8.55,8.55,8.58
2023-09-25,46416,386591,8.23,8.28,8.23,8.28,-0.27,208,1.0,8.23,8.28,8.23,8.28
2023-09-26,47777,394353,8.28,8.28,8.21,8.23,-0.05,182,1.0,8.28,8.23,8.21,8.28
2023-09-27,41222,339047,8.23,8.23,8.2,8.2,-0.03,243,1.0,8.23,8.2,8.2,8.23
2023-09-28,117759,943840,8.1,8.1,7.95,7.96,-0.24,333,1.0,8.1,7.96,7.95,8.1
2023-10-02,45868,364224,7.96,7.96,7.9,7.96,0.0,195,1.0,7.96,7.96,7.9,7.96
2023-10-03,56780,451076,8.0,8.0,7.9,7.9,-0.06,204,1.0,8.0,7.9,7.9,8.0
2023-10-04,44260,351257,7.91,7.94,7.91,7.91,0.01,175,1.0,7.91,7.91,7.91,7.94
2023-10-05,29964,237209,7.91,7.91,7.9,7.91,0.0,171,1.0,7.91,7.91,7.9,7.91
2023-10-06,30889,244954,8.03,8.03,7.88,7.88,-0.03,117,1.0,8.03,7.88,7.88,8.03
2023-10-11,31559,249392,7.9,7.9,7.85,7.85,-0.03,134,1.0,7.9,7.85,7.85,7.9
2023-10-12,34222,268243,7.82,7.85,7.82,7.85,0.0,255,1.0,7.82,7.85,7.82,7.85
2023-10-13,51991,407468,7.85,7.85,7.83,7.85,0.0,382,1.0,7.85,7.85,7.83,7.85
2023-10-16,32963,260571,8.19,8.19,7.85,7.87,0.02,226,1.0,8.19,7.87,7.85,8.19
2023-10-17,17700,139667,7.9,7.9,7.87,7.87,0.0,131,1.0,7.9,7.87,7.87,7.9
2023-10-18,47180,362150,7.64,7.66,7.64,7.66,-0.21,208,1.0,7.64,7.66,7.64,7.66
2023-10-19,33273,254802,7.66,7.66,7.64,7.65,-0.01,152,1.0,7.66,7.65,7.64,7.66
2023-10-20,39438,299611,7.65,7.65,7.52,7.54,-0.11,260,1.0,7.65,7.54,7.52,7.65
2023-10-23,46489,346938,7.4,7.45,7.4,7.42,-0.12,250,1.0,7.4,7.42,7.4,7.45
2023-10-24,83126,614264,7.42,7.42,7.38,7.38,-0.04,280,1.0,7.42,7.38,7.38,7.42
2023-10-25,139917,979899,7.38,7.38,6.66,7.37,-0.01,384,1.0,7.38,7.37,6.66,7.38
2023-10-26,41590,308034,7.57,7.57,6.96,7.42,0.05,164,1.0,7.57,7.42,6.96,7.57
2023-10-27,32029,238278,7.42,7.45,7.42,7.44,0.02,85,1.0,7.42,7.44,7.42,7.45
2023-10-30,36916,277398,7.5,7.5,7.49,7.49,0.05,92,1.0,7.5,7.49,7.49,7.5
2023-10-31,8649,64262,7.12,7.48,7.12,7.47,-0.02,90,1.0,7.12,7.47,7.12,7.48
2023-11-01,20360,151280,7.5,7.5,7.25,7.25,-0.22,114,1.0,7.5,7.25,7.25,7.5
2023-11-02,66982,486581,7.26,7.3,7.25,7.25,0.0,203,1.0,7.26,7.25,7.25,7.3
2023-11-03,63048,455088,7.15,7.25,7.15,7.2,-0.05,359,1.0,7.15,7.2,7.15,7.25
2023-11-06,13597,100376,7.39,7.39,7.3,7.38,0.18,114,1.0,7.39,7.38,7.3,7.39
2023-11-07,28435,210327,7.38,7.39,7.38,7.39,0.01,236,1.0,7.38,7.39,7.38,7.39
2023-11-08,40149,291540,7.39,7.41,7.06,7.14,-0.25,189,1.0,7.39,7.14,7.06,7.41
2023-11-09,31268,222999,7.14,7.14,7.11,7.12,-0.02,134,1.0,7.14,7.12,7.11,7.14
2023-11-10,35103,254942,7.13,7.45,7.13,7.22,0.1,110,1.0,7.13,7.22,7.13,7.45
2023-11-13,26242,189398,7.15,7.31,7.15,7.31,0.09,178,1.0,7.15,7.31,7.15,7.31
2023-11-14,51835,379538,7.31,7.32,7.31,7.31,0.0,163,1.0,7.31,7.31,7.31,7.32
2023-11-15,32281,236510,7.32,7.32,7.32,7.32,0.01,149,1.0,7.32,7.32,7.32,7.32
2023-11-27,84372,1130884,13.3,13.5,13.3,13.45,0.0,332,1.0,13.3,13.45,13.3,13.5
2023-11-28,92128,1187455,13.5,13.5,12.6,12.6,-0.85,410,1.0,13.5,12.6,12.6,13.5
2023-11-29,150898,1909332,12.6,12.7,12.6,12.65,0.05,449,1.0,12.6,12.65,12.6,12.7
2023-11-30,36042,464506,12.75,12.95,12.75,12.85,0.2,228,1.0,12.75,12.85,12.75,12.95
2023-12-01,23005,300257,12.95,13.0,12.95,13.0,0.15,136,1.0,12.95,13.0,12.95,13.0
2023-12-04,23048,308508,13.2,13.5,13.2,13.5,0.5,185,1.0,13.2,13.5,13.2,13.5
2023-12-05,12374,167705,13.5,13.55,13.5,13.55,0.05,142,1.0,13.5,13.55,13.5,13.55
2023-12-06,25583,350108,13.55,13.7,13.55,13.65,0.1,131,1.0,13.55,13.65,13.55,13.7
2023-12-07,30322,404435,13.1,13.3,13.1,13.3,-0.35,225,1.0,13.1,13.3,13.1,13.3
2023-12-08,11691,157225,13.4,13.45,13.4,13.45,0.15,116,1.0,13.4,13.45,13.4,13.45
2023-12-11,7711,104726,13.45,13.8,13.45,13.8,0.35,103,1.0,13.45,13.8,13.45,13.8
2023-12-12,12878,178228,13.6,13.8,13.6,13.8,0.0,120,1.0,13.6,13.8,13.6,13.8
2023-12-13,16798,233684,13.8,13.9,13.8,13.9,0.1,110,1.0,13.8,13.9,13.8,13.9
2023-12-14,23899,345165,14.0,14.75,14.0,14.75,0.85,131,1.0,14.0,14.75,14.0,14.75
2023-12-15,12692,187577,14.75,14.75,14.75,14.75,0.0,95,1.0,14.75,14.75,14.75,14.75
2023-12-18,14991,219242,14.15,14.65,14.15,14.65,-0.1,173,1.0,14.15,14.65,14.15,14.65
2023-12-19,10222,151588,14.65,15.0,14.65,14.85,0.2,118,1.0,14.65,14.85,14.65,15.0
2023-12-20,23940,368518,15.9,15.9,15.0,15.0,0.15,130,1.0,15.9,15.0,15.0,15.9
2023-12-21,49360,726914,14.65,14.85,14.65,14.85,-0.15,236,1.0,14.65,14.85,14.65,14.85
2023-12-22,22643,345691,15.25,15.25,15.2,15.25,0.4,135,1.0,15.25,15.25,15.2,15.25
2023-12-25,30069,451532,15.15,15.15,14.75,14.8,-0.45,148,1.0,15.15,14.8,14.75,15.15
2023-12-26,57693,839155,14.85,14.85,14.0,14.0,-0.8,310,1.0,14.85,14.0,14.0,14.85
2023-12-27,37445,561401,14.05,15.4,14.05,15.4,1.4,145,1.0,14.05,15.4,14.05,15.4
2023-12-28,85599,1341675,16.2,16.2,15.5,15.5,0.1,185,1.0,16.2,15.5,15.5,16.2
2023-12-29,20296,316113,15.55,15.6,15.5,15.5,0.0,145,1.0,15.55,15.5,15.5,15.6
2024-01-02,26123,413028,15.65,16.0,15.65,15.7,0.2,106,1.0,15.65,15.7,15.65,16.0
2024-01-03,27993,453105,16.0,16.25,16.0,16.2,0.5,154,1.0,16.0,16.2,16.0,16.25
2024-01-04,34763,564301,16.65,16.65,16.1,16.2,0.0,254,1.0,16.65,16.2,16.1,16.65
2024-01-05,21850,352158,16.05,16.1,16.05,16.1,-0.1,149,1.0,16.05,16.1,16.05,16.1
2024-01-08,15807,261034,16.5,16.5,16.5,16.5,0.4,119,1.0,16.5,16.5,16.5,16.5
2024-01-09,31897,526457,16.5,16.5,16.5,16.5,0.0,104,1.0,16.5,16.5,16.5,16.5
2024-01-10,10933,179157,16.25,16.5,16.25,16.5,0.0,94,1.0,16.25,16.5,16.25,16.5
2024-01-11,11279,184816,16.5,16.5,16.15,16.15,-0.35,115,1.0,16.5,16.15,16.15,16.5
2024-01-12,9270,150100,16.15,16.15,16.15,16.15,0.0,54,1.0,16.15,16.15,16.15,16.15
2024-01-15,4804,77939,16.2,16.2,16.15,16.15,0.0,104,1.0,16.2,16.15,16.15,16.2
2024-01-16,6303,101834,16.15,16.15,16.15,16.15,0.0,147,1.0,16.15,16.15,16.15,16.15
2024-01-17,7727,124024,16.1,16.1,15.55,15.55,-0.6,88,1.0,16.1,15.55,15.55,16.1
2024-01-18,8691,134887,15.35,15.35,15.35,15.35,-0.2,97,1.0,15.35,15.35,15.35,15.35
2024-01-19,15142,229433,15.35,15.4,15.0,15.0,-0.35,150,1.0,15.35,15.0,15.0,15.4
2024-01-22,1838,27851,,,,,0.0,82,1.0,,,,
2024-01-23,10933,166282,15.15,15.15,15.15,15.15,0.0,86,1.0,15.15,15.15,15.15,15.15
2024-01-24,6526,99900,15.2,15.3,15.2,15.3,0.15,149,1.0,15.2,15.3,15.2,15.3
2024-01-25,5025,77455,15.45,15.45,15.45,15.45,0.15,70,1.0,15.45,15.45,15.45,15.45
2024-01-26,3462,53537,,,,,0.0,83,1.0,,,,
2024-01-29,17272,265807,15.45,15.45,15.3,15.3,0.0,169,1.0,15.45,15.3,15.3,15.45
2024-01-30,15445,237036,15.3,15.3,15.3,15.3,0.0,188,1.0,15.3,15.3,15.3,15.3
2024-01-31,31970,486976,15.2,15.2,15.2,15.2,-0.1,216,1.0,15.2,15.2,15.2,15.2
2024-02-01,12620,189880,15.0,15.0,15.0,15.0,-0.2,147,1.0,15.0,15.0,15.0,15.0
2024-02-02,14423,217010,15.0,15.0,14.9,14.9,-0.1,114,1.0,15.0,14.9,14.9,15.0
2024-02-05,19657,294111,14.9,14.9,14.9,14.9,0.0,153,1.0,14.9,14.9,14.9,14.9
2024-02-15,21468,325772,14.9,15.2,14.9,15.2,0.3,195,1.0,14.9,15.2,14.9,15.2
2024-02-16,12405,189631,15.2,15.2,15.2,15.2,0.0,155,1.0,15.2,15.2,15.2,15.2
2024-02-19,39222,598068,15.15,15.25,15.15,15.25,0.05,327,1.0,15.15,15.25,15.15,15.25
2024-02-20,24721,382498,15.3,15.8,15.3,15.8,0.55,176,1.0,15.3,15.8,15.3,15.8
2024-02-21,12895,203261,15.75,15.8,15.7,15.7,-0.1,201,1.0,15.75,15.7,15.7,15.8
2024-02-22,41050,646850,15.7,15.7,15.5,15.5,-0.2,254,1.0,15.7,15.5,15.5,15.7
2024-02-23,20758,323097,15.5,15.5,15.5,15.5,0.0,195,1.0,15.5,15.5,15.5,15.5
2024-02-26,21269,329171,15.5,15.55,15.4,15.4,-0.1,229,1.0,15.5,15.4,15.4,15.55
2024-02-27,35925,541878,15.0,15.0,15.0,15.0,-0.4,363,1.0,15.0,15.0,15.0,15.0
2024-02-29,23054,345089,15.0,15.0,14.9,14.9,-0.1,257,1.0,15.0,14.9,14.9,15.0
2024-03-01,14862,223457,15.0,15.0,14.95,14.95,0.05,228,1.0,15.0,14.95,14.95,15.0
2024-03-04,14171,213235,15.0,15.0,15.0,15.0,0.05,316,1.0,15.0,15.0,15.0,15.0
2024-03-05,17852,275328,15.5,15.5,15.2,15.35,0.35,179,1.0,15.5,15.35,15.2,15.5
2024-03-06,19065,296807,15.6,15.6,15.3,15.6,0.25,233,1.0,15.6,15.6,15.3,15.6
2024-03-07,18356,285325,15.6,15.6,15.4,15.4,-0.2,220,1.0,15.6,15.4,15.4,15.6
2024-03-08,21885,332317,15.4,15.4,15.0,15.0,-0.4,243,1.0,15.4,15.0,15.0,15.4
2024-03-11,10421,158383,15.1,15.1,15.0,15.0,0.0,190,1.0,15.1,15.0,15.0,15.1
2024-03-12,20285,305778,15.1,15.1,15.0,15.0,0.0,169,1.0,15.1,15.0,15.0,15.1
2024-03-13,21450,319200,14.75,14.8,14.75,14.8,-0.2,254,1.0,14.75,14.8,14.75,14.8
2024-03-14,16673,245520,14.65,14.7,14.65,14.7,-0.1,204,1.0,14.65,14.7,14.65,14.7
2024-03-15,17355,254449,14.7,14.7,14.5,14.6,-0.1,168,1.0,14.7,14.6,14.5,14.7
2024-03-18,25676,362632,14.6,14.6,13.45,13.8,-0.8,949,1.0,14.6,13.8,13.45,14.6
2024-03-19,21842,303347,13.8,14.45,13.8,14.45,0.65,508,1.0,13.8,14.45,13.8,14.45
2024-03-20,40388,567783,14.05,14.05,14.0,14.0,-0.45,697,1.0,14.05,14.0,14.0,14.05
2024-03-21,7269,102235,14.0,14.1,14.0,14.1,0.1,299,1.0,14.0,14.1,14.0,14.1
2024-03-22,20597,290123,14.1,14.1,14.0,14.0,-0.1,341,1.0,14.1,14.0,14.0,14.1
2024-03-25,8482,122163,14.05,14.05,14.05,14.05,0.05,330,1.0,14.05,14.05,14.05,14.05
2024-03-26,17759,249427,14.05,14.05,14.0,14.0,-0.05,363,1.0,14.05,14.0,14.0,14.05
2024-03-27,3373,47899,,,,,0.0,355,1.0,,,,
2024-03-28,10372,146441,14.05,14.05,14.05,14.05,0.0,440,1.0,14.05,14.05,14.05,14.05
2024-03-29,4743,69055,14.85,14.85,14.85,14.85,0.8,512,1.0,14.85,14.85,14.85,14.85
2024-04-01,15663,227124,14.35,14.95,14.35,14.95,0.1,990,1.0,14.35,14.95,14.35,14.95
2024-04-02,219811,3244697,14.95,14.95,14.75,14.75,-0.2,113,1.0,14.95,14.75,14.75,14.95
2024-04-03,64441,887684,14.7,14.7,13.45,13.55,-1.2,407,1.0,14.7,13.55,13.45,14.7
2024-04-08,230333,2953697,12.4,12.95,12.4,12.9,-0.65,299,1.0,12.4,12.9,12.4,12.95
2024-04-09,74973,974060,12.9,13.0,12.85,12.85,-0.05,288,1.0,12.9,12.85,12.85,13.0
2024-04-10,54612,717263,12.8,14.0,12.8,13.85,1.0,242,1.0,12.8,13.85,12.8,14.0
2024-04-11,30931,433473,13.85,14.0,13.85,13.95,0.1,105,1.0,13.85,13.95,13.85,14.0
2024-04-12,17690,246139,13.85,14.0,13.85,14.0,0.05,129,1.0,13.85,14.0,13.85,14.0
2024-04-15,15450,219465,14.0,14.15,14.0,14.15,0.15,99,1.0,14.0,14.15,14.0,14.15
2024-04-16,11271,159835,14.1,14.2,14.0,14.15,0.0,110,1.0,14.1,14.15,14.0,14.2
2024-04-17,12668,178522,13.85,14.1,13.8,14.1,-0.05,67,1.0,13.85,14.1,13.8,14.1
2024-04-18,16111,228583,14.1,14.5,14.0,14.0,-0.1,72,1.0,14.1,14.0,14.0,14.5
2024-04-19,6458,91396,14.0,14.2,14.0,14.2,0.2,85,1.0,14.0,14.2,14.0,14.2
2024-04-22,27307,388097,14.2,14.25,14.2,14.2,0.0,61,1.0,14.2,14.2,14.2,14.25
2024-04-23,2325,33178,14.2,14.2,14.2,14.2,0.0,44,1.0,14.2,14.2,14.2,14.2
2024-04-24,27352,392497,14.2,14.5,14.2,14.25,0.05,72,1.0,14.2,14.25,14.2,14.5
2024-04-25,6719,96789,14.3,14.3,14.3,14.3,0.05,71,1.0,14.3,14.3,14.3,14.3
2024-04-26,9814,144062,14.4,15.0,14.4,15.0,0.7,39,1.0,14.4,15.0,14.4,15.0
2024-04-29,27915,411827,14.85,14.9,14.6,14.75,-0.25,155,1.0,14.85,14.75,14.6,14.9
2024-04-30,9243,137236,14.85,14.95,14.8,14.8,0.05,56,1.0,14.85,14.8,14.8,14.95
2024-05-02,10853,161010,14.8,14.8,14.8,14.8,0.0,57,1.0,14.8,14.8,14.8,14.8
2024-05-03,13193,194954,14.7,14.8,14.65,14.8,0.0,68,1.0,14.7,14.8,14.65,14.8
2024-05-06,13021,192994,14.8,14.8,14.75,14.8,0.0,64,1.0,14.8,14.8,14.75,14.8
2024-05-07,15774,234195,14.85,14.85,14.8,14.8,0.0,88,1.0,14.85,14.8,14.8,14.85
2024-05-08,84072,1198782,14.7,14.7,13.8,14.0,-0.8,438,1.0,14.7,14.0,13.8,14.7
2024-05-09,16340,230811,14.05,14.2,14.0,14.2,0.2,93,1.0,14.05,14.2,14.0,14.2
2024-05-10,38890,547526,14.15,14.2,13.9,14.0,-0.2,150,1.0,14.15,14.0,13.9,14.2
2024-05-13,48915,687416,14.1,14.2,14.0,14.0,0.0,175,1.0,14.1,14.0,14.0,14.2
2024-05-14,17301,244316,14.05,14.1,14.0,14.1,0.1,110,1.0,14.05,14.1,14.0,14.1
2024-05-15,16039,227420,14.0,14.3,14.0,14.05,-0.05,80,1.0,14.0,14.05,14.0,14.3
2024-05-16,10124,147436,14.1,15.0,14.1,14.95,0.9,82,1.0,14.1,14.95,14.1,15.0
2024-05-17,171057,2624694,13.8,16.4,13.7,15.9,0.95,482,1.0,13.8,15.9,13.7,16.4
2024-05-20,71739,1158070,15.9,16.45,15.9,16.0,0.1,225,1.0,15.9,16.0,15.9,16.45
2024-05-21,19373,310571,16.0,16.0,15.95,15.95,-0.05,148,1.0,16.0,15.95,15.95,16.0
2024-05-22,35441,562942,15.9,15.9,15.8,15.8,-0.15,159,1.0,15.9,15.8,15.8,15.9
2024-05-23,48431,725032,14.8,15.0,14.8,15.0,-0.8,217,1.0,14.8,15.0,14.8,15.0
2024-05-24,14808,224324,14.85,15.6,14.85,15.1,0.1,94,1.0,14.85,15.1,14.85,15.6
2024-05-27,13579,208200,15.3,15.3,15.3,15.3,0.2,70,1.0,15.3,15.3,15.3,15.3
2024-05-28,26206,401918,15.3,15.3,15.3,15.3,0.0,143,1.0,15.3,15.3,15.3,15.3
2024-05-29,29860,456944,15.3,15.3,15.25,15.25,-0.05,94,1.0,15.3,15.25,15.25,15.3
2024-05-30,17414,266677,15.25,15.25,15.25,15.25,0.0,142,1.0,15.25,15.25,15.25,15.25
2024-05-31,14602,228237,15.5,15.6,15.5,15.6,0.35,108,1.0,15.5,15.6,15.5,15.6
2024-06-03,33555,521292,15.6,15.6,15.4,15.55,-0.05,156,1.0,15.6,15.55,15.4,15.6
2024-06-04,2240,35202,,,,,0.0,45,1.0,,,,
2024-06-05,12299,193290,15.65,15.7,15.65,15.65,0.0,88,1.0,15.65,15.65,15.65,15.7
2024-06-06,72667,1137330,15.6,15.65,15.55,15.65,0.0,418,1.0,15.6,15.65,15.55,15.65
2024-06-07,28007,441369,15.65,15.75,15.65,15.7,0.05,155,1.0,15.65,15.7,15.65,15.75
2024-06-11,28087,441676,15.7,15.75,15.7,15.7,0.0,115,1.0,15.7,15.7,15.7,15.75
2024-06-12,24192,378316,15.7,15.7,15.55,15.55,-0.15,117,1.0,15.7,15.55,15.55,15.7
2024-06-13,45260,696985,15.45,15.45,15.3,15.3,-0.25,250,1.0,15.45,15.3,15.3,15.45
2024-06-14,55507,848009,15.3,15.3,15.2,15.25,-0.05,223,1.0,15.3,15.25,15.2,15.3
2024-06-17,11636,175954,15.05,15.1,15.05,15.1,-0.15,68,1.0,15.05,15.1,15.05,15.1
2024-06-18,13426,204819,15.25,15.25,15.2,15.2,0.1,83,1.0,15.25,15.2,15.2,15.25
2024-06-19,49034,740024,15.05,15.2,15.05,15.15,-0.05,253,1.0,15.05,15.15,15.05,15.2
2024-06-20,25342,384963,15.1,15.2,15.1,15.2,0.05,83,1.0,15.1,15.2,15.1,15.2
2024-06-21,55146,851549,15.15,15.7,15.1,15.65,0.45,187,1.0,15.15,15.65,15.1,15.7
2024-06-24,27160,428807,15.65,15.85,15.65,15.8,0.15,107,1.0,15.65,15.8,15.65,15.85
2024-06-25,33209,521432,15.75,15.75,15.6,15.6,-0.2,144,1.0,15.75,15.6,15.6,15.75
2024-06-26,66845,1027025,15.25,15.5,15.25,15.3,-0.3,204,1.0,15.25,15.3,15.25,15.5
2024-06-27,16574,255781,15.2,15.8,15.2,15.8,0.5,79,1.0,15.2,15.8,15.2,15.8
2024-06-28,217822,3777886,17.35,17.35,17.35,17.35,1.55,180,1.0,17.35,17.35,17.35,17.35
2024-07-01,90446,1722978,19.05,19.05,19.05,19.05,1.7,114,1.0,19.05,19.05,19.05,19.05
2024-07-02,105039,2200545,20.95,20.95,20.95,20.95,1.9,120,1.0,20.95,20.95,20.95,20.95
2024-07-03,75192,1729416,23.0,23.0,23.0,23.0,2.05,153,1.0,23.0,23.0,23.0,23.0
2024-07-04,1067163,26512183,25.3,25.3,23.45,23.5,0.5,1076,1.0,25.3,23.5,23.45,25.3
2024-07-05,304421,6824637,21.35,24.3,21.35,24.0,0.5,528,1.0,21.35,24.0,21.35,24.3
2024-07-08,194923,4798961,24.1,24.8,24.1,24.8,0.8,242,1.0,24.1,24.8,24.1,24.8
2024-07-09,162606,4111760,25.75,25.75,24.8,24.8,0.0,220,1.0,25.75,24.8,24.8,25.75
2024-07-10,172692,4382787,25.35,25.45,25.2,25.2,0.4,228,1.0,25.35,25.2,25.2,25.45
2024-07-11,81308,2060124,25.3,25.4,25.3,25.35,0.15,183,1.0,25.3,25.35,25.3,25.4
2024-07-12,72259,1800574,25.2,25.2,24.7,24.7,-0.65,157,1.0,25.2,24.7,24.7,25.2
2024-07-15,52551,1306237,24.7,25.0,24.7,24.9,0.2,137,1.0,24.7,24.9,24.7,25.0
2024-07-16,185018,4620541,24.7,25.1,24.7,25.1,0.2,174,1.0,24.7,25.1,24.7,25.1
2024-07-17,141855,3765374,25.3,27.45,25.3,27.25,2.15,164,1.0,25.3,27.25,25.3,27.45
2024-07-18,111724,3022786,27.25,27.25,26.85,26.9,-0.35,247,1.0,27.25,26.9,26.85,27.25
2024-07-19,155984,4483852,29.5,29.5,28.05,28.5,1.6,210,1.0,29.5,28.5,28.05,29.5
2024-07-22,194907,5590785,26.6,29.2,26.6,29.0,0.5,243,1.0,26.6,29.0,26.6,29.2
2024-07-23,78911,2164444,28.9,28.9,27.0,27.5,-1.5,222,1.0,28.9,27.5,27.0,28.9
2024-07-26,58084,1545831,26.5,26.7,26.5,26.5,-1.0,133,1.0,26.5,26.5,26.5,26.7
2024-07-29,24113,652998,26.8,27.9,26.5,26.5,0.0,112,1.0,26.8,26.5,26.5,27.9
2024-07-30,5826,153766,26.5,26.5,26.5,26.5,0.0,63,1.0,26.5,26.5,26.5,26.5
2024-07-31,43673,1087008,24.8,25.0,24.8,24.9,-1.6,217,1.0,24.8,24.9,24.8,25.0
2024-08-01,86428,2254772,25.0,26.5,25.0,26.5,1.6,93,1.0,25.0,26.5,25.0,26.5
2024-08-02,32259,809170,26.0,26.0,24.9,24.9,-1.6,125,1.0,26.0,24.9,24.9,26.0
2024-08-05,91789,2198276,24.9,24.9,22.5,22.6,-2.3,230,1.0,24.9,22.6,22.5,24.9
2024-08-06,75600,1641121,22.55,22.55,21.05,22.0,-0.6,206,1.0,22.55,22.0,21.05,22.55
2024-08-07,52205,1175384,22.0,23.1,22.0,23.1,1.1,81,1.0,22.0,23.1,22.0,23.1
2024-08-08,18189,423933,23.1,23.35,23.1,23.35,0.25,81,1.0,23.1,23.35,23.1,23.35
2024-08-09,51949,1306186,25.4,25.4,24.6,24.95,1.6,70,1.0,25.4,24.95,24.6,25.4
2024-08-12,40191,1003198,24.95,25.0,24.9,25.0,0.05,129,1.0,24.95,25.0,24.9,25.0
2024-08-13,44112,1085386,25.0,25.0,24.3,24.5,-0.5,116,1.0,25.0,24.5,24.3,25.0
2024-08-14,39741,1020124,24.85,26.4,24.85,25.5,1.0,90,1.0,24.85,25.5,24.85,26.4
2024-08-15,80482,2100503,26.0,26.25,25.7,26.25,0.75,113,1.0,26.0,26.25,25.7,26.25
2024-08-16,91059,2378442,27.0,27.0,26.0,26.2,-0.05,134,1.0,27.0,26.2,26.0,27.0
2024-08-19,61993,1631813,26.7,26.9,26.0,26.1,-0.1,104,1.0,26.7,26.1,26.0,26.9
2024-08-20,92688,2385492,24.5,26.45,24.5,26.3,0.2,130,1.0,24.5,26.3,24.5,26.45
2024-08-21,59057,1502069,26.3,26.3,25.05,25.5,-0.8,64,1.0,26.3,25.5,25.05,26.3
2024-08-22,57750,1506372,25.6,26.3,25.6,26.2,0.7,66,1.0,25.6,26.2,25.6,26.3
2024-08-23,35955,939513,26.5,26.5,25.8,26.25,0.05,53,1.0,26.5,26.25,25.8,26.5
2024-08-26,79440,2136020,26.25,27.5,26.25,26.6,0.35,104,1.0,26.25,26.6,26.25,27.5
2024-08-27,29889,780482,26.0,26.9,25.95,26.0,-0.6,73,1.0,26.0,26.0,25.95,26.9
2024-08-28,52972,1419503,27.1,27.1,26.5,26.5,0.5,75,1.0,27.1,26.5,26.5,27.1
2024-08-29,59335,1569093,26.55,26.95,26.1,26.2,-0.3,76,1.0,26.55,26.2,26.1,26.95
2024-08-30,100282,2695135,26.2,27.5,26.2,26.95,0.75,131,1.0,26.2,26.95,26.2,27.5
2024-09-02,209233,5748692,27.1,28.05,27.0,27.7,0.75,138,1.0,27.1,27.7,27.0,28.05
2024-09-03,352867,10387566,28.9,30.45,28.8,30.2,2.5,413,1.0,28.9,30.2,28.8,30.45
2024-09-04,489168,15689229,29.75,33.2,29.5,31.7,1.5,474,1.0,29.75,31.7,29.5,33.2
2024-09-05,137427,4219162,31.55,31.8,29.6,31.0,-0.7,179,1.0,31.55,31.0,29.6,31.8
2024-09-06,197260,6389433,29.0,34.05,29.0,31.95,0.95,197,1.0,29.0,31.95,29.0,34.05
2024-09-09,97179,3088818,31.95,32.0,31.3,31.3,-0.65,94,1.0,31.95,31.3,31.3,32.0
2024-09-10,190749,5680903,31.35,31.35,29.0,29.2,-2.1,155,1.0,31.35,29.2,29.0,31.35
2024-09-11,35293,1099589,31.85,31.85,30.0,30.0,0.8,45,1.0,31.85,30.0,30.0,31.85
2024-09-12,22904,706061,31.0,31.0,30.4,30.4,0.4,62,1.0,31.0,30.4,30.4,31.0
2024-09-13,109402,3211890,30.4,30.4,28.7,29.2,-1.2,120,1.0,30.4,29.2,28.7,30.4
2024-09-16,283167,8019942,29.6,29.6,27.7,28.5,-0.7,311,1.0,29.6,28.5,27.7,29.6
2024-09-18,104600,2958257,29.55,29.55,28.0,28.3,-0.2,171,1.0,29.55,28.3,28.0,29.55
2024-09-19,37043,1068037,28.3,29.5,28.3,29.3,1.0,67,1.0,28.3,29.3,28.3,29.5
2024-09-20,89108,2663130,29.3,30.6,29.3,30.0,0.7,94,1.0,29.3,30.0,29.3,30.6
2024-09-23,46806,1413205,30.0,30.6,30.0,30.2,0.2,58,1.0,30.0,30.2,30.0,30.6
2024-09-24,74513,2195771,30.2,30.2,29.2,29.25,-0.95,58,1.0,30.2,29.25,29.2,30.2
2024-09-25,48261,1450940,30.6,30.6,30.0,30.0,0.75,52,1.0,30.6,30.0,30.0,30.6
2024-09-26,56419,1692505,30.0,30.1,30.0,30.0,0.0,67,1.0,30.0,30.0,30.0,30.1
2024-09-27,85667,2573671,30.2,30.5,29.8,29.9,-0.1,62,1.0,30.2,29.9,29.8,30.5
2024-09-30,53112,1582753,29.6,30.0,29.6,29.7,-0.2,56,1.0,29.6,29.7,29.6,30.0
2024-10-01,145896,4343757,29.8,30.3,29.0,29.0,-0.7,77,1.0,29.8,29.0,29.0,30.3
2024-10-04,121419,3591133,29.9,29.95,29.25,29.4,0.4,85,1.0,29.9,29.4,29.25,29.95
2024-10-07,47881,1435874,29.5,30.15,29.5,30.15,0.75,77,1.0,29.5,30.15,29.5,30.15
2024-10-08,107988,3275927,30.2,30.65,30.05,30.15,0.0,79,1.0,30.2,30.15,30.05,30.65
2024-10-09,33643,1000948,29.2,30.15,29.2,29.8,-0.35,42,1.0,29.2,29.8,29.2,30.15
2024-10-11,88755,2673264,29.8,31.0,29.7,29.85,0.05,75,1.0,29.8,29.85,29.7,31.0
2024-10-14,81657,2440532,29.85,30.5,29.65,29.85,0.0,65,1.0,29.85,29.85,29.65,30.5
2024-10-15,47406,1403279,30.0,30.0,29.2,29.75,-0.1,65,1.0,30.0,29.75,29.2,30.0
2024-10-16,33565,986965,29.6,29.7,29.2,29.7,-0.05,112,1.0,29.6,29.7,29.2,29.7
2024-10-17,36829,1100824,30.7,30.7,29.45,29.9,0.2,43,1.0,30.7,29.9,29.45,30.7
2024-10-18,31810,941775,29.7,29.85,29.5,29.85,-0.05,28,1.0,29.7,29.85,29.5,29.85
2024-10-21,54619,1656374,31.75,31.75,29.85,29.85,0.0,56,1.0,31.75,29.85,29.85,31.75
2024-10-22,58183,1731256,29.8,30.0,29.65,29.9,0.05,62,1.0,29.8,29.9,29.65,30.0
2024-10-23,38325,1146523,30.0,30.0,29.75,30.0,0.1,38,1.0,30.0,30.0,29.75,30.0
2024-10-24,54586,1622160,29.8,29.9,29.7,29.9,-0.1,66,1.0,29.8,29.9,29.7,29.9
2024-10-25,39239,1170411,29.9,30.0,29.7,29.95,0.05,64,1.0,29.9,29.95,29.7,30.0
2024-10-28,38611,1146547,30.0,30.0,29.6,29.8,-0.15,79,1.0,30.0,29.8,29.6,30.0
2024-10-29,48403,1423313,29.8,29.8,29.25,29.25,-0.55,56,1.0,29.8,29.25,29.25,29.8
2024-10-30,26776,784676,29.2,29.9,29.2,29.3,0.05,47,1.0,29.2,29.3,29.2,29.9
2024-11-01,32876,968869,29.5,29.9,29.05,29.7,0.4,53,1.0,29.5,29.7,29.05,29.9
2024-11-04,53749,1580427,29.45,29.85,29.2,29.65,-0.05,68,1.0,29.45,29.65,29.2,29.85
2024-11-05,38618,1148208,29.85,29.85,29.5,29.65,0.0,61,1.0,29.85,29.65,29.5,29.85
2024-11-06,43586,1295104,29.8,29.8,29.55,29.55,-0.1,68,1.0,29.8,29.55,29.55,29.8
2024-11-07,24430,722863,29.55,29.85,29.55,29.75,0.2,43,1.0,29.55,29.75,29.55,29.85
2024-11-08,37333,1104040,29.6,29.95,29.5,29.65,-0.1,69,1.0,29.6,29.65,29.5,29.95
2024-11-11,43448,1290879,30.0,30.0,29.55,29.65,0.0,56,1.0,30.0,29.65,29.55,30.0
2024-11-12,79089,2344483,29.6,29.8,29.55,29.65,0.0,76,1.0,29.6,29.65,29.55,29.8
2024-11-13,566026,18271160,30.35,32.6,30.35,32.6,2.95,484,1.0,30.35,32.6,30.35,32.6
2024-11-14,306571,10239954,32.6,35.5,32.6,32.7,0.1,275,1.0,32.6,32.7,32.6,35.5
2024-11-15,115534,3906621,33.4,34.85,32.7,33.95,1.25,153,1.0,33.4,33.95,32.7,34.85
2024-11-18,118522,3997234,34.8,35.3,32.6,33.5,-0.45,124,1.0,34.8,33.5,32.6,35.3
2024-11-19,323679,10233301,33.5,33.6,30.8,31.4,-2.1,261,1.0,33.5,31.4,30.8,33.6
2024-11-20,101838,3076086,31.4,31.4,29.8,30.5,-0.9,273,1.0,31.4,30.5,29.8,31.4
2024-11-21,60025,1799077,29.7,30.45,29.7,30.4,-0.1,96,1.0,29.7,30.4,29.7,30.45
2024-11-22,592274,19455048,31.95,33.4,30.6,32.75,2.35,497,1.0,31.95,32.75,30.6,33.4
2024-11-25,221316,7017102,32.4,32.45,31.0,31.0,-1.75,322,1.0,32.4,31.0,31.0,32.45
2024-11-26,220749,6570350,30.3,30.35,29.3,29.35,-1.65,353,1.0,30.3,29.35,29.3,30.35
2024-11-27,216920,6188810,29.2,29.5,28.0,28.9,-0.45,307,1.0,29.2,28.9,28.0,29.5
2024-11-28,101343,2944140,28.9,29.6,28.7,29.5,0.6,227,1.0,28.9,29.5,28.7,29.6
2024-11-29,15545,459825,28.95,29.8,28.95,29.65,0.15,61,1.0,28.95,29.65,28.95,29.8
2024-12-02,57926,1710763,29.1,29.85,29.1,29.2,-0.45,117,1.0,29.1,29.2,29.1,29.85
2024-12-03,41513,1240213,29.3,30.2,29.3,30.0,0.8,81,1.0,29.3,30.0,29.3,30.2
2024-12-04,9246,273649,29.15,29.85,29.15,29.6,-0.4,56,1.0,29.15,29.6,29.15,29.85
2024-12-05,42987,1265780,29.6,29.6,29.3,29.45,-0.15,67,1.0,29.6,29.45,29.3,29.6
2024-12-06,28942,847277,29.5,29.5,29.0,29.0,-0.45,95,1.0,29.5,29.0,29.0,29.5
2024-12-09,54301,1576425,29.0,29.55,28.8,29.2,0.2,156,1.0,29.0,29.2,28.8,29.55
2024-12-10,20407,600796,29.2,29.8,29.2,29.8,0.6,46,1.0,29.2,29.8,29.2,29.8
2024-12-11,71142,2141015,29.35,30.75,29.35,29.8,0.0,165,1.0,29.35,29.8,29.35,30.75
2024-12-12,52615,1544081,30.0,30.0,29.0,29.0,-0.8,111,1.0,30.0,29.0,29.0,30.0
2024-12-13,44050,1247854,29.0,29.0,27.7,28.4,-0.6,147,1.0,29.0,28.4,27.7,29.0
2024-12-16,46115,1300707,28.3,28.5,27.3,28.2,-0.2,473,1.0,28.3,28.2,27.3,28.5
2024-12-17,83479,2293262,27.5,27.6,27.25,27.5,-0.7,246,1.0,27.5,27.5,27.25,27.6
2024-12-18,46121,1247002,27.3,27.35,26.5,26.9,-0.6,248,1.0,27.3,26.9,26.5,27.35
2024-12-19,16056,430766,26.95,27.45,26.5,26.55,-0.35,90,1.0,26.95,26.55,26.5,27.45
2024-12-20,27104,721600,26.6,26.65,26.5,26.6,0.05,139,1.0,26.6,26.6,26.5,26.65
2024-12-23,391282,10834581,26.8,27.9,26.8,27.7,1.1,108,1.0,26.8,27.7,26.8,27.9
2024-12-24,13974,386790,27.75,27.75,27.45,27.55,-0.15,224,1.0,27.75,27.55,27.45,27.75
2024-12-25,274662,7770158,28.4,28.4,28.0,28.3,0.75,113,1.0,28.4,28.3,28.0,28.4
2024-12-26,14669,421428,28.5,29.0,28.5,29.0,0.7,120,1.0,28.5,29.0,28.5,29.0
2024-12-27,7687,223299,29.4,29.4,29.0,29.0,0.0,48,1.0,29.4,29.0,29.0,29.4
2024-12-30,32622,895999,27.6,27.95,27.15,27.95,-1.05,159,1.0,27.6,27.95,27.15,27.95
2024-12-31,2693,74773,27.75,27.75,27.75,27.75,-0.2,67,1.0,27.75,27.75,27.75,27.75
2025-01-02,1484027,40215491,27.0,27.7,26.85,27.1,-0.65,275,1.0,27.0,27.1,26.85,27.7
2025-01-03,19497,529141,26.9,28.35,26.9,27.7,0.6,97,1.0,26.9,27.7,26.9,28.35
2025-01-06,44788,1229286,27.7,27.95,27.15,27.3,-0.4,141,1.0,27.7,27.3,27.15,27.95
2025-01-07,35203,965044,27.3,27.5,27.3,27.35,0.05,69,1.0,27.3,27.35,27.3,27.5
2025-01-08,50949,1376447,27.0,27.05,26.8,27.0,-0.35,219,1.0,27.0,27.0,26.8,27.05
2025-01-09,46895,1275119,27.0,27.5,26.8,26.95,-0.05,93,1.0,27.0,26.95,26.8,27.5
2025-01-10,37422,1006376,26.8,27.55,26.7,26.85,-0.1,90,1.0,26.8,26.85,26.7,27.55
2025-01-13,56108,1533359,28.4,28.4,27.15,27.35,0.5,163,1.0,28.4,27.35,27.15,28.4
2025-01-14,33075,897973,27.1,27.7,27.05,27.7,0.35,114,1.0,27.1,27.7,27.05,27.7
2025-01-15,27059,744688,27.7,27.7,27.25,27.25,-0.45,219,1.0,27.7,27.25,27.25,27.7
2025-01-16,35830,987483,27.95,27.95,27.05,27.55,0.3,79,1.0,27.95,27.55,27.05,27.95
2025-01-17,12953,359596,27.95,27.95,27.6,27.6,0.05,81,1.0,27.95,27.6,27.6,27.95
2025-01-20,44024,1219157,27.9,27.9,27.1,27.55,-0.05,159,1.0,27.9,27.55,27.1,27.9
2025-01-21,19011,525736,27.55,27.9,27.55,27.9,0.35,167,1.0,27.55,27.9,27.55,27.9
2025-01-22,138247,3893645,27.9,29.35,27.7,28.9,1.0,276,1.0,27.9,28.9,27.7,29.35
2025-02-03,30817,867537,29.0,29.0,28.0,28.0,-0.9,888,1.0,29.0,28.0,28.0,29.0
2025-02-04,48984,1370494,27.7,28.1,27.5,27.75,-0.25,203,1.0,27.7,27.75,27.5,28.1
2025-02-05,22287,614969,27.75,27.8,27.45,27.5,-0.25,332,1.0,27.75,27.5,27.45,27.8
2025-02-06,25143,691970,27.45,28.1,27.45,28.1,0.6,121,1.0,27.45,28.1,27.45,28.1
2025-02-07,18808,517017,27.6,27.6,27.3,27.45,-0.65,250,1.0,27.6,27.45,27.3,27.6
2025-02-10,19635,543850,27.95,27.95,27.3,27.3,-0.15,265,1.0,27.95,27.3,27.3,27.95
2025-02-11,90312,2449326,27.5,27.5,26.9,27.0,-0.3,288,1.0,27.5,27.0,26.9,27.5
2025-02-12,26441,710760,27.1,27.2,26.25,27.05,0.05,173,1.0,27.1,27.05,26.25,27.2
2025-02-13,79961,2157844,27.0,27.1,26.85,27.0,-0.05,222,1.0,27.0,27.0,26.85,27.1
2025-02-14,42221,1146050,27.0,27.35,27.0,27.35,0.35,175,1.0,27.0,27.35,27.0,27.35
2025-02-17,22710,624021,27.35,27.85,27.35,27.4,0.05,247,1.0,27.35,27.4,27.35,27.85
2025-02-18,68616,1855744,27.4,27.4,26.8,27.0,-0.4,279,1.0,27.4,27.0,26.8,27.4
2025-02-19,71080,1979349,28.3,28.9,27.3,27.4,0.4,204,1.0,28.3,27.4,27.3,28.9
2025-02-20,32109,877078,27.4,27.5,27.05,27.2,-0.2,216,1.0,27.4,27.2,27.05,27.5
2025-02-21,15191,412627,27.15,27.15,27.15,27.15,-0.05,189,1.0,27.15,27.15,27.15,27.15
2025-02-24,52136,1433054,27.3,28.0,27.0,27.3,0.15,303,1.0,27.3,27.3,27.0,28.0
2025-02-25,45122,1228433,27.2,27.4,27.05,27.05,-0.25,315,1.0,27.2,27.05,27.05,27.4
2025-02-26,51561,1402351,27.4,27.45,27.0,27.0,-0.05,257,1.0,27.4,27.0,27.0,27.45
2025-02-27,14708,398955,27.2,27.25,27.0,27.05,0.05,220,1.0,27.2,27.05,27.0,27.25
2025-03-03,21228,575380,27.15,27.2,27.0,27.0,-0.05,209,1.0,27.15,27.0,27.0,27.2
2025-03-04,22539,605111,27.0,27.0,26.8,26.85,-0.15,341,1.0,27.0,26.85,26.8,27.0
2025-03-05,6893,184583,26.8,26.8,26.7,26.7,-0.15,269,1.0,26.8,26.7,26.7,26.8
2025-03-06,31275,845625,26.4,27.9,26.4,27.0,0.3,465,1.0,26.4,27.0,26.4,27.9
2025-03-07,23523,629307,27.0,27.0,26.3,26.6,-0.4,343,1.0,27.0,26.6,26.3,27.0
2025-03-10,29321,789879,27.0,27.0,26.9,26.9,0.3,426,1.0,27.0,26.9,26.9,27.0
2025-03-11,46476,1239831,26.3,26.8,26.3,26.8,-0.1,248,1.0,26.3,26.8,26.3,26.8
2025-03-12,18168,487741,26.7,27.0,26.7,26.8,0.0,274,1.0,26.7,26.8,26.7,27.0
2025-03-13,19322,514856,27.0,27.0,26.5,26.55,-0.25,176,1.0,27.0,26.55,26.5,27.0
2025-03-14,50945,1336604,26.5,26.5,26.0,26.5,-0.05,266,1.0,26.5,26.5,26.0,26.5
2025-03-17,53563,1386796,26.5,26.5,25.6,25.65,-0.85,413,1.0,26.5,25.65,25.6,26.5
2025-03-18,29459,764291,25.65,27.0,25.5,26.75,1.1,256,1.0,25.65,26.75,25.5,27.0
2025-03-19,18253,481416,25.85,27.25,25.85,26.3,-0.45,226,1.0,25.85,26.3,25.85,27.25
2025-03-20,17371,454927,25.9,26.4,25.9,26.0,-0.3,179,1.0,25.9,26.0,25.9,26.4
2025-03-21,22110,573218,26.0,26.1,25.6,25.65,-0.35,183,1.0,26.0,25.65,25.6,26.1
2025-03-24,9881,255409,25.65,26.0,25.65,25.8,0.15,189,1.0,25.65,25.8,25.65,26.0
2025-03-25,22999,598566,25.8,26.4,25.7,25.8,0.0,165,1.0,25.8,25.8,25.7,26.4
2025-03-26,11808,305762,25.35,26.1,25.35,26.0,0.2,135,1.0,25.35,26.0,25.35,26.1
2025-03-27,34486,896244,25.95,26.3,25.65,26.0,0.0,154,1.0,25.95,26.0,25.65,26.3
2025-03-28,18531,475391,25.6,25.9,25.5,25.6,-0.4,145,1.0,25.6,25.6,25.5,25.9
2025-03-31,13933,346610,24.9,25.45,24.3,24.65,-0.95,218,1.0,24.9,24.65,24.3,25.45
2025-04-01,14925,370763,24.65,25.05,24.65,24.95,0.3,154,1.0,24.65,24.95,24.65,25.05
2025-04-02,10641,268812,25.0,25.4,25.0,25.1,0.15,91,1.0,25.0,25.1,25.0,25.4
2025-04-07,16888,381528,22.6,22.6,22.6,22.6,-2.5,360,1.0,22.6,22.6,22.6,22.6
2025-04-08,78616,1601593,20.35,20.55,20.35,20.55,-2.05,423,1.0,20.35,20.55,20.35,20.55
2025-04-09,92726,1753997,20.55,20.55,18.5,18.75,-1.8,347,1.0,20.55,18.75,18.5,20.55
2025-04-10,83941,1701508,20.6,20.6,19.5,20.6,1.85,200,1.0,20.6,20.6,19.5,20.6
2025-04-11,71864,1367246,20.0,20.0,18.55,18.55,-2.05,324,1.0,20.0,18.55,18.55,20.0
2025-04-14,85174,1680758,19.05,20.4,19.05,20.4,1.85,293,1.0,19.05,20.4,19.05,20.4
2025-04-15,91095,2029524,22.4,22.4,21.45,22.4,2.0,255,1.0,22.4,22.4,21.45,22.4
2025-04-16,67989,1490867,22.4,22.4,21.35,21.45,-0.95,386,1.0,22.4,21.45,21.35,22.4
2025-04-17,35426,735925,20.05,21.85,20.05,21.85,0.4,279,1.0,20.05,21.85,20.05,21.85
2025-04-18,19442,422198,21.75,21.75,21.45,21.75,-0.1,403,1.0,21.75,21.75,21.45,21.75
2025-04-21,31792,664160,21.85,21.85,19.95,20.7,-1.05,475,1.0,21.85,20.7,19.95,21.85
2025-04-22,12994,259762,19.7,20.0,19.7,20.0,-0.7,439,1.0,19.7,20.0,19.7,20.0
2025-04-23,12917,262516,19.5,20.75,19.5,20.2,0.2,135,1.0,19.5,20.2,19.5,20.75
2025-04-24,2678,54530,20.2,20.2,20.2,20.2,0.0,62,1.0,20.2,20.2,20.2,20.2
2025-04-25,12738,258540,20.45,20.65,20.1,20.1,-0.1,129,1.0,20.45,20.1,20.1,20.65
2025-04-28,4600,92830,20.1,20.1,20.1,20.1,0.0,192,1.0,20.1,20.1,20.1,20.1
2025-04-29,23506,475657,20.25,20.45,19.95,19.95,-0.15,163,1.0,20.25,19.95,19.95,20.45
2025-04-30,8490,170783,19.95,20.3,19.95,20.3,0.35,96,1.0,19.95,20.3,19.95,20.3
2025-05-02,124756,2756165,20.35,22.3,20.35,22.15,1.85,981,1.0,20.35,22.15,20.35,22.3
2025-05-05,84995,1753310,20.5,20.95,20.0,20.9,-1.25,920,1.0,20.5,20.9,20.0,20.95
2025-05-06,47582,1010526,21.35,21.4,21.0,21.05,0.15,569,1.0,21.35,21.05,21.0,21.4
2025-05-07,41283,860208,20.9,21.3,20.2,21.25,0.2,516,1.0,20.9,21.25,20.2,21.3
2025-05-08,19132,398267,20.7,21.2,20.6,20.85,-0.4,337,1.0,20.7,20.85,20.6,21.2
2025-05-09,35436,743927,21.0,21.05,20.9,21.0,0.15,388,1.0,21.0,21.0,20.9,21.05
2025-05-12,42730,904647,21.0,21.3,21.0,21.1,0.1,459,1.0,21.0,21.1,21.0,21.3
2025-05-13,46535,987534,21.1,21.5,21.1,21.45,0.35,378,1.0,21.1,21.45,21.1,21.5
2025-05-14,21930,468217,21.5,21.5,21.2,21.45,0.0,589,1.0,21.5,21.45,21.2,21.5
2025-05-15,13583,289818,21.4,21.4,21.25,21.25,-0.2,106,1.0,21.4,21.25,21.25,21.4
2025-05-16,33984,721539,21.2,21.25,21.2,21.2,-0.05,109,1.0,21.2,21.2,21.2,21.25
2025-05-19,11027,232907,21.35,21.35,21.0,21.05,-0.15,110,1.0,21.35,21.05,21.0,21.35
2025-05-20,17885,371080,21.0,21.0,20.0,20.3,-0.75,86,1.0,21.0,20.3,20.0,21.0
2025-05-21,10558,214728,20.0,20.9,19.8,20.9,0.6,88,1.0,20.0,20.9,19.8,20.9
2025-05-22,14378,303131,21.1,21.1,21.1,21.1,0.2,51,1.0,21.1,21.1,21.1,21.1
2025-05-23,1800,37795,21.1,21.1,21.1,21.1,0.0,43,1.0,21.1,21.1,21.1,21.1
2025-05-26,12581,264007,21.1,21.1,20.7,20.7,-0.4,108,1.0,21.1,20.7,20.7,21.1
2025-05-27,16554,342172,20.65,20.7,20.5,20.55,-0.15,63,1.0,20.65,20.55,20.5,20.7
2025-05-28,6438,131861,20.45,20.55,20.45,20.55,0.0,43,1.0,20.45,20.55,20.45,20.55
2025-05-29,2170,44094,20.1,20.1,20.1,20.1,-0.45,48,1.0,20.1,20.1,20.1,20.1
2025-06-02,18408,364314,19.7,20.0,19.7,19.8,-0.3,116,1.0,19.7,19.8,19.7,20.0
2025-06-03,6399,127607,20.0,20.0,19.8,19.9,0.1,53,1.0,20.0,19.9,19.8,20.0
2025-06-04,35738,727288,19.9,21.0,19.9,21.0,1.1,96,1.0,19.9,21.0,19.9,21.0
2025-06-05,2793,58843,21.35,21.35,21.35,21.35,0.35,52,1.0,21.35,21.35,21.35,21.35
2025-06-06,19194,395961,21.3,21.3,20.35,20.35,-1.0,132,1.0,21.3,20.35,20.35,21.3
2025-06-09,16248,332367,20.4,20.75,20.3,20.75,0.4,82,1.0,20.4,20.75,20.3,20.75
2025-06-10,162439,3651506,21.35,22.8,21.35,21.5,0.75,335,1.0,21.35,21.5,21.35,22.8
2025-06-11,142942,2832992,20.2,20.45,19.35,20.25,-1.25,488,1.0,20.2,20.25,19.35,20.45
2025-06-12,19368,388085,19.8,20.15,19.8,20.1,-0.15,86,1.0,19.8,20.1,19.8,20.15
2025-06-13,5026,100417,19.9,19.9,19.9,19.9,-0.2,73,1.0,19.9,19.9,19.9,19.9
2025-06-16,16734,335877,20.0,20.3,20.0,20.1,0.2,61,1.0,20.0,20.1,20.0,20.3
2025-06-17,25024,495544,19.65,20.0,19.5,19.9,-0.2,107,1.0,19.65,19.9,19.5,20.0
2025-06-18,19165,377577,19.8,19.85,19.55,19.6,-0.3,87,1.0,19.8,19.6,19.55,19.85
2025-06-19,39912,774978,19.4,19.5,19.25,19.5,-0.1,112,1.0,19.4,19.5,19.25,19.5
2025-06-20,55767,1067513,19.3,19.4,19.1,19.1,-0.4,157,1.0,19.3,19.1,19.1,19.4
2025-06-23,16563,320201,19.5,19.5,19.25,19.4,0.3,71,1.0,19.5,19.4,19.25,19.5
2025-06-24,65736,1326018,19.4,21.3,19.2,21.25,1.85,145,1.0,19.4,21.25,19.2,21.3
2025-06-25,84548,1712111,21.2,21.2,19.8,19.8,-1.45,268,1.0,21.2,19.8,19.8,21.2
2025-06-26,18721,374305,19.9,20.25,19.9,19.95,0.15,50,1.0,19.9,19.95,19.9,20.25
2025-06-27,15338,306800,19.95,20.1,19.95,19.95,0.0,30,1.0,19.95,19.95,19.95,20.1
2025-06-30,75893,1366074,18.0,18.0,18.0,18.0,-1.95,651,1.0,18.0,18.0,18.0,18.0
2025-07-01,193191,3129461,16.2,16.2,16.2,16.2,-1.8,1134,1.0,16.2,16.2,16.2,16.2
2025-07-02,874644,12909060,14.6,16.7,14.6,15.8,-0.4,1605,1.0,14.6,15.8,14.6,16.7
2025-07-03,201686,2991174,14.9,14.9,14.75,14.8,-1.0,405,1.0,14.9,14.8,14.75,14.9
2025-07-04,102019,1564181,14.8,15.8,14.8,15.0,0.2,155,1.0,14.8,15.0,14.8,15.8
2025-07-07,18696,283634,15.4,15.4,15.0,15.0,0.0,72,1.0,15.4,15.0,15.0,15.4
2025-07-08,18274,271089,14.7,15.0,14.7,14.8,-0.2,72,1.0,14.7,14.8,14.7,15.0
2025-07-09,68872,1000186,14.5,14.5,14.5,14.5,-0.3,260,1.0,14.5,14.5,14.5,14.5
2025-07-10,68510,977884,14.5,14.5,14.1,14.25,-0.25,384,1.0,14.5,14.25,14.1,14.5
2025-07-11,19635,282818,14.85,14.85,14.3,14.35,0.1,107,1.0,14.85,14.35,14.3,14.85
2025-07-14,58447,822865,14.3,14.3,13.85,13.85,-0.5,175,1.0,14.3,13.85,13.85,14.3
2025-07-15,12799,180570,14.25,14.25,14.0,14.0,0.15,90,1.0,14.25,14.0,14.0,14.25
2025-07-16,110336,1528961,14.0,14.0,13.75,13.75,-0.25,627,1.0,14.0,13.75,13.75,14.0
2025-07-17,24879,345590,14.0,14.0,13.75,13.75,0.0,116,1.0,14.0,13.75,13.75,14.0
2025-07-18,61007,847286,13.9,13.9,13.8,13.85,0.1,323,1.0,13.9,13.85,13.8,13.9
2025-07-21,137646,1902736,13.8,13.8,13.8,13.8,-0.05,687,1.0,13.8,13.8,13.8,13.8
2025-07-22,50480,694902,13.85,13.85,13.7,13.7,-0.1,244,1.0,13.85,13.7,13.7,13.85
2025-07-23,89018,1212320,13.7,13.8,13.55,13.55,-0.15,431,1.0,13.7,13.55,13.55,13.8
2025-07-24,77850,1044382,13.55,13.55,13.3,13.3,-0.25,309,1.0,13.55,13.3,13.3,13.55
2025-07-25,38292,508503,13.3,13.3,13.2,13.3,0.0,173,1.0,13.3,13.3,13.2,13.3
2025-07-28,20564,272619,13.15,13.4,13.15,13.4,0.1,118,1.0,13.15,13.4,13.15,13.4
2025-07-29,7959,107010,13.4,13.45,13.4,13.45,0.05,60,1.0,13.4,13.45,13.4,13.45
2025-07-30,4114,56312,13.65,13.7,13.65,13.7,0.25,29,1.0,13.65,13.7,13.65,13.7
2025-07-31,10878,146851,13.6,13.6,13.4,13.4,-0.3,71,1.0,13.6,13.4,13.4,13.6
2025-08-01,75416,1008405,13.35,13.4,13.3,13.4,0.0,77,1.0,13.35,13.4,13.3,13.4
2025-08-04,55273,772396,13.1,14.5,13.1,14.5,1.1,129,1.0,13.1,14.5,13.1,14.5
2025-08-05,33881,492878,14.5,14.6,14.5,14.6,0.1,118,1.0,14.5,14.6,14.5,14.6
2025-08-06,52270,786382,14.6,15.15,14.6,15.15,0.55,59,1.0,14.6,15.15,14.6,15.15
2025-08-07,13693,206461,15.1,15.1,15.1,15.1,-0.05,45,1.0,15.1,15.1,15.1,15.1
2025-08-08,26455,410370,15.5,15.75,15.4,15.75,0.65,49,1.0,15.5,15.75,15.4,15.75
2025-08-11,20054,328653,16.2,16.6,15.75,15.75,0.0,40,1.0,16.2,15.75,15.75,16.6
2025-08-12,7130,113603,15.75,15.75,15.75,15.75,0.0,14,1.0,15.75,15.75,15.75,15.75
2025-08-13,9211,143156,15.5,15.55,15.5,15.55,-0.2,24,1.0,15.5,15.55,15.5,15.55
2025-08-14,4373,68570,15.65,15.65,15.65,15.65,0.1,84,1.0,15.65,15.65,15.65,15.65
2025-08-15,13454,210591,15.65,15.65,15.65,15.65,0.0,46,1.0,15.65,15.65,15.65,15.65
2025-08-18,6686,103051,15.55,15.55,15.1,15.2,-0.45,81,1.0,15.55,15.2,15.1,15.55
2025-08-19,17359,281910,16.5,16.5,16.45,16.45,1.25,89,1.0,16.5,16.45,16.45,16.5
2025-08-20,6932,110865,15.1,16.05,15.1,16.05,-0.4,133,1.0,15.1,16.05,15.1,16.05
2025-08-21,9149,143586,16.05,16.05,15.55,15.6,-0.45,101,1.0,16.05,15.6,15.55,16.05
2025-08-22,15913,245895,15.0,15.85,15.0,15.6,0.0,56,1.0,15.0,15.6,15.0,15.85
2025-08-25,219,3493,,,,,0.0,16,1.0,,,,
2025-08-26,9637,149730,15.5,15.6,15.5,15.6,0.0,28,1.0,15.5,15.6,15.5,15.6
2025-08-27,10695,163797,15.6,15.6,15.1,15.1,-0.5,58,1.0,15.6,15.1,15.1,15.6
2025-08-28,17138,253616,14.8,14.8,14.8,14.8,-0.3,87,1.0,14.8,14.8,14.8,14.8
2025-08-29,4931,73023,14.8,14.8,14.75,14.8,0.0,31,1.0,14.8,14.8,14.75,14.8
2025-09-01,12487,184248,14.8,14.8,14.65,14.65,-0.15,33,1.0,14.8,14.65,14.65,14.8
2025-09-02,4321,63428,14.65,14.65,14.65,14.65,0.0,26,1.0,14.65,14.65,14.65,14.65
2025-09-03,48605,682353,14.0,14.4,14.0,14.4,-0.25,95,1.0,14.0,14.4,14.0,14.4
2025-09-04,16284,231087,14.1,14.45,14.1,14.3,-0.1,36,1.0,14.1,14.3,14.1,14.45
2025-09-05,33508,476319,14.3,14.3,14.0,14.0,-0.3,54,1.0,14.3,14.0,14.0,14.3
2025-09-08,29660,425520,14.3,14.5,14.3,14.3,0.3,29,1.0,14.3,14.3,14.3,14.5
2025-09-09,36291,511997,14.3,14.3,14.0,14.05,-0.25,69,1.0,14.3,14.05,14.0,14.3
2025-09-10,25971,370434,14.05,14.5,14.05,14.5,0.45,34,1.0,14.05,14.5,14.05,14.5
2025-09-11,7684,111882,14.5,14.5,14.3,14.3,-0.2,33,1.0,14.5,14.3,14.3,14.5
2025-09-12,46269,652141,14.1,14.15,14.05,14.15,-0.15,165,1.0,14.1,14.15,14.05,14.15
2025-09-15,11998,169429,14.1,14.15,14.1,14.15,0.0,57,1.0,14.1,14.15,14.1,14.15
2025-09-16,15047,212753,14.1,14.15,14.1,14.15,0.0,40,1.0,14.1,14.15,14.1,14.15
2025-09-17,18371,260539,14.15,14.2,14.15,14.2,0.05,31,1.0,14.15,14.2,14.15,14.2
2025-09-18,7288,103018,14.1,14.1,14.1,14.1,-0.1,33,1.0,14.1,14.1,14.1,14.1
2025-09-19,18118,255724,14.1,14.2,14.05,14.2,0.1,36,1.0,14.1,14.2,14.05,14.2
2025-09-22,18405,255823,13.85,13.95,13.85,13.95,-0.25,61,1.0,13.85,13.95,13.85,13.95
2025-09-23,7236,101366,14.0,14.0,13.95,14.0,0.05,44,1.0,14.0,14.0,13.95,14.0
2025-09-24,4970,69556,14.0,14.0,14.0,14.0,0.0,42,1.0,14.0,14.0,14.0,14.0
2025-09-25,6773,94145,13.8,13.95,13.8,13.9,-0.1,35,1.0,13.8,13.9,13.8,13.95
2025-09-26,19682,273645,13.9,13.9,13.85,13.9,0.0,35,1.0,13.9,13.9,13.85,13.9
2025-09-30,2734,37953,13.85,13.85,13.85,13.85,-0.05,22,1.0,13.85,13.85,13.85,13.85
2025-10-01,9453,130434,13.8,13.85,13.75,13.75,-0.1,40,1.0,13.8,13.75,13.75,13.85
2025-10-02,77102,1064937,13.75,13.9,13.7,13.8,0.05,308,1.0,13.75,13.8,13.7,13.9
2025-10-03,32402,450543,13.9,14.0,13.8,13.9,0.1,83,1.0,13.9,13.9,13.8,14.0
2025-10-07,87902,1208100,13.75,13.75,13.7,13.75,-0.15,421,1.0,13.75,13.75,13.7,13.75
2025-10-08,40408,550211,13.7,13.7,13.5,13.7,-0.05,158,1.0,13.7,13.7,13.5,13.7
2025-10-09,66712,902511,13.5,13.5,13.5,13.5,-0.2,277,1.0,13.5,13.5,13.5,13.5
2025-10-13,7559,102060,13.45,13.45,13.45,13.45,-0.05,45,1.0,13.45,13.45,13.45,13.45
2025-10-14,72571,978635,13.45,13.6,13.45,13.6,0.15,362,1.0,13.45,13.6,13.45,13.6
2025-10-15,3701,50386,13.6,13.6,13.6,13.6,0.0,43,1.0,13.6,13.6,13.6,13.6
2025-10-16,3369,46004,13.6,13.6,13.6,13.6,0.0,50,1.0,13.6,13.6,13.6,13.6
2025-10-17,6659,91042,13.65,13.65,13.65,13.65,0.05,43,1.0,13.65,13.65,13.65,13.65
2025-10-20,20387,274242,13.45,13.45,13.4,13.4,-0.25,74,1.0,13.45,13.4,13.4,13.45
2025-10-21,5116,68659,13.4,13.4,13.4,13.4,0.0,33,1.0,13.4,13.4,13.4,13.4
2025-10-22,13615,182337,13.4,13.6,13.3,13.3,-0.1,62,1.0,13.4,13.3,13.3,13.6
2025-10-23,19769,261903,13.25,13.25,13.2,13.2,-0.1,74,1.0,13.25,13.2,13.2,13.25
2025-10-27,155373,2003225,13.0,13.0,12.85,12.95,-0.25,587,1.0,13.0,12.95,12.85,13.0
2025-10-28,42749,550411,12.95,12.95,12.85,12.85,-0.1,168,1.0,12.95,12.85,12.85,12.95
2025-10-29,18602,238987,12.9,12.9,12.8,12.8,-0.05,84,1.0,12.9,12.8,12.8,12.9
2025-10-30,16413,210535,12.8,12.8,12.8,12.8,0.0,111,1.0,12.8,12.8,12.8,12.8
2025-10-31,36931,470790,12.8,12.8,12.7,12.7,-0.1,173,1.0,12.8,12.7,12.7,12.8
2025-11-03,107222,1352737,12.6,12.6,12.6,12.6,-0.1,346,1.0,12.6,12.6,12.6,12.6
2025-11-04,99047,1244633,12.5,12.6,12.5,12.55,-0.05,429,1.0,12.5,12.55,12.5,12.6
2025-11-05,12425,154936,12.4,12.45,12.4,12.45,-0.1,82,1.0,12.4,12.45,12.4,12.45
2025-11-06,29744,369318,12.3,12.45,12.3,12.45,0.0,185,1.0,12.3,12.45,12.3,12.45
2025-11-07,8000,100427,12.5,12.5,12.5,12.5,0.05,63,1.0,12.5,12.5,12.5,12.5
2025-11-10,6141,76890,12.5,12.5,12.5,12.5,0.0,44,1.0,12.5,12.5,12.5,12.5
2025-11-11,30078,370384,12.5,12.5,12.25,12.25,-0.25,122,1.0,12.5,12.25,12.25,12.5
2025-11-12,104789,1279148,12.25,12.25,12.15,12.2,-0.05,430,1.0,12.25,12.2,12.15,12.25
2025-11-13,41281,503887,12.2,12.25,12.15,12.2,0.0,112,1.0,12.2,12.2,12.15,12.25
2025-11-14,17732,216343,12.15,12.2,12.15,12.2,0.0,78,1.0,12.15,12.2,12.15,12.2
2025-11-17,9933,121742,12.2,12.2,12.2,12.2,0.0,58,1.0,12.2,12.2,12.2,12.2
2025-11-18,26311,320074,12.15,12.15,12.05,12.05,-0.15,145,1.0,12.15,12.05,12.05,12.15
2025-11-19,19926,240371,12.1,12.1,12.0,12.05,0.0,145,1.0,12.1,12.05,12.0,12.1
2025-11-20,23840,285754,12.0,12.0,11.95,11.95,-0.1,167,1.0,12.0,11.95,11.95,12.0
2025-11-21,17064,204139,11.95,11.95,11.9,11.9,-0.05,125,1.0,11.95,11.9,11.9,11.95
2025-11-24,30177,357229,11.8,11.9,11.8,11.85,-0.05,184,1.0,11.8,11.85,11.8,11.9
2025-11-25,5862,69834,11.85,11.85,11.85,11.85,0.0,54,1.0,11.85,11.85,11.85,11.85
2025-11-26,25104,300765,11.85,12.0,11.85,12.0,0.15,178,1.0,11.85,12.0,11.85,12.0
2025-11-27,7598,91378,12.0,12.0,12.0,12.0,0.0,48,1.0,12.0,12.0,12.0,12.0
2025-11-28,11235,135016,12.0,12.0,12.0,12.0,0.0,57,1.0,12.0,12.0,12.0,12.0
2025-12-01,673,8118,,,,,0.0,24,1.0,,,,
2025-12-02,9125,109439,11.95,12.0,11.95,12.0,0.0,46,1.0,11.95,12.0,11.95,12.0
2025-12-03,63923,761743,11.85,12.0,11.85,11.95,-0.05,240,1.0,11.85,11.95,11.85,12.0
2025-12-04,76410,899116,11.9,11.9,11.6,11.9,-0.05,337,1.0,11.9,11.9,11.6,11.9
2025-12-05,26113,305878,11.65,11.7,11.65,11.7,-0.2,128,1.0,11.65,11.7,11.65,11.7
2025-12-08,15480,180762,11.65,11.65,11.65,11.65,-0.05,73,1.0,11.65,11.65,11.65,11.65
2025-12-09,60148,696759,11.6,11.65,11.5,11.6,-0.05,212,1.0,11.6,11.6,11.5,11.65
2025-12-10,18554,215566,11.6,11.6,11.6,11.6,0.0,65,1.0,11.6,11.6,11.6,11.6
2025-12-11,29663,342367,11.55,11.55,11.5,11.5,-0.1,114,1.0,11.55,11.5,11.5,11.55
2025-12-12,140867,1610852,11.4,11.5,11.4,11.4,-0.1,559,1.0,11.4,11.4,11.4,11.5
2025-12-15,24943,294721,11.4,12.2,11.4,12.2,0.8,108,1.0,11.4,12.2,11.4,12.2
2025-12-16,25285,302380,12.2,12.2,11.85,11.85,-0.35,158,1.0,12.2,11.85,11.85,12.2
2025-12-17,28683,336656,11.8,11.8,11.7,11.7,-0.15,116,1.0,11.8,11.7,11.7,11.8
2025-12-18,11954,140329,11.7,11.7,11.7,11.7,0.0,57,1.0,11.7,11.7,11.7,11.7
2025-12-19,4305,50573,11.7,11.7,11.7,11.7,0.0,35,1.0,11.7,11.7,11.7,11.7
2025-12-22,2602,30784,11.85,11.85,11.85,11.85,0.15,29,1.0,11.85,11.85,11.85,11.85
2025-12-23,4533,53973,11.9,11.9,11.9,11.9,0.05,38,1.0,11.9,11.9,11.9,11.9
2025-12-24,4318,51490,11.9,11.9,11.9,11.9,0.0,43,1.0,11.9,11.9,11.9,11.9
2025-12-26,69058,802999,11.5,11.75,11.5,11.75,-0.15,205,1.0,11.5,11.75,11.5,11.75
2025-12-29,40835,475007,11.7,11.7,11.6,11.6,-0.15,155,1.0,11.7,11.6,11.6,11.7
2025-12-30,28572,329200,11.55,11.55,11.5,11.5,-0.1,92,1.0,11.55,11.5,11.5,11.55
2025-12-31,5149,59389,11.45,11.45,11.45,11.45,-0.05,53,1.0,11.45,11.45,11.45,11.45
2026-01-02,34152,392626,11.45,11.5,11.45,11.45,0.0,59,1.0,11.45,11.45,11.45,11.5
2026-01-05,8315,95336,11.4,11.4,11.4,11.4,-0.05,79,1.0,11.4,11.4,11.4,11.4
2026-01-06,8074,92298,11.4,11.4,11.4,11.4,0.0,68,1.0,11.4,11.4,11.4,11.4
2026-01-07,82727,939664,11.3,11.4,11.3,11.4,0.0,352,1.0,11.3,11.4,11.3,11.4
2026-01-08,9929,113416,11.4,11.4,11.4,11.4,0.0,77,1.0,11.4,11.4,11.4,11.4
2026-01-09,1845,21217,,,,,0.0,43,1.0,,,,
2026-01-12,15622,177889,11.3,11.4,11.3,11.4,0.0,93,1.0,11.3,11.4,11.3,11.4
2026-01-13,28045,318315,11.4,11.4,11.3,11.3,-0.1,120,1.0,11.4,11.3,11.3,11.4
2026-01-14,54210,621356,11.2,11.8,11.2,11.8,0.5,238,1.0,11.2,11.8,11.2,11.8
2026-01-15,15048,179186,11.9,11.9,11.8,11.9,0.1,109,1.0,11.9,11.9,11.8,11.9
2026-01-16,8143,98371,12.0,12.1,12.0,12.1,0.2,50,1.0,12.0,12.1,12.0,12.1
2026-01-19,37083,443828,12.0,12.0,11.95,11.95,-0.15,139,1.0,12.0,11.95,11.95,12.0
2026-01-20,12358,147989,11.95,11.95,11.9,11.95,0.0,71,1.0,11.95,11.95,11.9,11.95
2026-01-21,6851,81999,11.95,11.95,11.95,11.95,0.0,48,1.0,11.95,11.95,11.95,11.95
2026-01-22,9441,112544,11.9,11.9,11.9,11.9,-0.05,76,1.0,11.9,11.9,11.9,11.9
2026-01-23,71638,854548,11.35,12.0,11.35,12.0,0.1,125,1.0,11.35,12.0,11.35,12.0
2026-01-26,4641,55023,11.7,11.7,11.7,11.7,-0.3,79,1.0,11.7,11.7,11.7,11.7
2026-01-27,6883,81994,11.7,11.95,11.7,11.95,0.25,66,1.0,11.7,11.95,11.7,11.95
2026-01-28,6227,75508,12.05,12.05,12.05,12.05,0.1,41,1.0,12.05,12.05,12.05,12.05
2026-01-29,6161,74577,12.05,12.05,12.0,12.0,-0.05,53,1.0,12.05,12.0,12.0,12.05
2026-01-30,15981,183273,11.55,11.55,11.4,11.45,-0.55,57,1.0,11.55,11.45,11.4,11.55
2026-02-02,10216,117552,11.5,11.5,11.5,11.5,0.05,60,1.0,11.5,11.5,11.5,11.5
2026-02-03,1673,19789,,,,,0.0,24,1.0,,,,
2026-02-04,8951,104428,11.65,11.65,11.65,11.65,0.0,54,1.0,11.65,11.65,11.65,11.65
2026-02-05,6570,78146,11.95,12.05,11.7,12.05,0.4,52,1.0,11.95,12.05,11.7,12.05
2026-02-06,19152,233422,12.2,12.25,12.2,12.25,0.2,79,1.0,12.2,12.25,12.2,12.25
2026-02-09,42240,488174,12.25,12.25,11.1,11.9,-0.35,150,1.0,12.25,11.9,11.1,12.25
2026-02-10,21781,257821,11.65,12.2,11.65,12.2,0.3,158,1.0,11.65,12.2,11.65,12.2
2026-02-11,102127,1347154,12.35,13.4,12.35,13.15,0.95,145,1.0,12.35,13.15,12.35,13.4
2026-02-23,30538,405211,13.2,13.4,13.2,13.3,0.15,71,1.0,13.2,13.3,13.2,13.4
2026-02-24,26492,358241,13.15,13.7,13.1,13.3,0.0,120,1.0,13.15,13.3,13.1,13.7
2026-02-25,13404,175247,13.0,13.05,13.0,13.05,-0.25,85,1.0,13.0,13.05,13.0,13.05
2026-02-26,26821,355582,13.4,13.4,13.1,13.1,0.05,108,1.0,13.4,13.1,13.1,13.4
2026-03-02,88282,1190339,13.1,13.6,13.1,13.2,0.1,171,1.0,13.1,13.2,13.1,13.6
2026-03-03,28836,385594,13.55,13.55,13.2,13.2,0.0,157,1.0,13.55,13.2,13.2,13.55
2026-03-04,15033,200703,13.2,13.4,13.2,13.4,0.2,150,1.0,13.2,13.4,13.2,13.4
2026-03-05,21608,288308,13.5,13.5,13.2,13.2,-0.2,172,1.0,13.5,13.2,13.2,13.5
2026-03-06,6869,90686,13.1,13.1,13.1,13.1,-0.1,132,1.0,13.1,13.1,13.1,13.1
2026-03-09,8341,104685,12.5,12.5,12.5,12.5,-0.6,165,1.0,12.5,12.5,12.5,12.5
2026-03-10,13727,170042,12.6,12.6,12.05,12.05,-0.45,160,1.0,12.6,12.05,12.05,12.6
2026-03-11,10012,121483,12.05,12.15,12.05,12.05,0.0,95,1.0,12.05,12.05,12.05,12.15
2026-03-12,42207,538616,12.95,12.95,12.5,12.7,0.65,121,1.0,12.95,12.7,12.5,12.95
2026-03-13,7685,97792,12.7,12.7,12.65,12.65,-0.05,121,1.0,12.7,12.65,12.65,12.7
2026-03-16,25345,325006,12.65,13.05,12.4,13.05,0.4,174,1.0,12.65,13.05,12.4,13.05
2026-03-17,10894,140762,13.05,13.05,12.8,12.8,-0.25,159,1.0,13.05,12.8,12.8,13.05
2026-03-18,15472,190503,12.45,12.45,12.1,12.1,-0.7,162,1.0,12.45,12.1,12.1,12.45
2026-03-19,17417,219776,12.5,12.75,12.3,12.3,0.2,128,1.0,12.5,12.3,12.3,12.75
2026-03-20,7179,88121,12.3,12.3,12.25,12.25,-0.05,83,1.0,12.3,12.25,12.25,12.3
2026-03-23,2816,34611,12.1,12.1,12.1,12.1,-0.15,67,1.0,12.1,12.1,12.1,12.1
2026-03-24,6471,77477,12.0,12.0,11.9,11.9,-0.2,97,1.0,12.0,11.9,11.9,12.0
2026-03-25,5503,65715,11.9,11.9,11.9,11.9,0.0,77,1.0,11.9,11.9,11.9,11.9
2026-03-26,7145,85766,12.0,12.0,12.0,12.0,0.1,58,1.0,12.0,12.0,12.0,12.0
2026-03-27,9584,113357,12.0,12.0,11.8,11.8,-0.2,85,1.0,12.0,11.8,11.8,12.0
2026-03-30,14353,169680,11.8,11.8,11.75,11.75,-0.05,86,1.0,11.8,11.75,11.75,11.8
2026-03-31,1729,20562,11.85,11.85,11.85,11.85,0.1,39,1.0,11.85,11.85,11.85,11.85
2026-04-01,1482,17733,12.0,12.0,12.0,12.0,0.15,25,1.0,12.0,12.0,12.0,12.0
2026-04-02,18318,213688,11.8,11.8,11.45,11.45,-0.55,126,1.0,11.8,11.45,11.45,11.8
2026-04-07,4336,49819,11.45,11.45,11.45,11.45,0.0,83,1.0,11.45,11.45,11.45,11.45
2026-04-08,8704,99380,11.45,11.45,11.4,11.4,-0.05,88,1.0,11.45,11.4,11.4,11.45
2026-04-09,82541,914574,11.0,11.25,11.0,11.25,-0.15,352,1.0,11.0,11.25,11.0,11.25
2026-04-10,10354,116558,11.25,11.25,11.2,11.2,-0.05,83,1.0,11.25,11.2,11.2,11.25
2026-04-13,60340,660724,11.0,11.0,10.9,10.9,-0.3,227,1.0,11.0,10.9,10.9,11.0
2026-04-14,54212,591617,10.95,10.95,10.85,10.9,0.0,191,1.0,10.95,10.9,10.85,10.95
2026-04-15,16086,175825,10.8,11.25,10.8,10.9,0.0,119,1.0,10.8,10.9,10.8,11.25
2026-04-16,13794,151283,10.9,11.0,10.9,11.0,0.1,82,1.0,10.9,11.0,10.9,11.0
2026-04-17,180590,1947860,10.75,11.0,10.75,10.9,-0.1,662,1.0,10.75,10.9,10.75,11.0
2026-04-20,10446,113797,10.8,10.9,10.8,10.9,0.0,99,1.0,10.8,10.9,10.8,10.9
2026-04-21,15620,169064,10.85,10.85,10.75,10.85,-0.05,90,1.0,10.85,10.85,10.75,10.85
2026-04-22,42563,458119,10.85,10.9,10.7,10.7,-0.15,138,1.0,10.85,10.7,10.7,10.9
2026-04-23,25555,272930,10.7,10.7,10.65,10.7,0.0,154,1.0,10.7,10.7,10.65,10.7
2026-04-24,57933,613308,10.6,10.6,10.55,10.6,-0.1,308,1.0,10.6,10.6,10.55,10.6
2026-04-27,34841,379810,11.0,11.0,10.7,10.7,0.1,61,1.0,11.0,10.7,10.7,11.0
2026-04-28,2798,29820,,,,,0.0,55,1.0,,,,
2026-04-29,30134,321162,10.7,10.7,10.6,10.7,0.0,65,1.0,10.7,10.7,10.6,10.7
2026-04-30,21630,231270,10.7,10.7,10.6,10.7,0.0,82,1.0,10.7,10.7,10.6,10.7
2026-05-04,48341,512171,10.6,10.6,10.55,10.6,-0.1,217,1.0,10.6,10.6,10.55,10.6
2026-05-05,31403,332085,10.6,10.65,10.45,10.6,0.0,197,1.0,10.6,10.6,10.45,10.65
2026-05-06,34694,363670,10.6,10.6,10.4,10.45,-0.15,150,1.0,10.6,10.45,10.4,10.6
2026-05-07,40601,427931,11.2,11.2,10.45,10.45,0.0,103,1.0,11.2,10.45,10.45,11.2
2026-05-08,54651,556331,10.45,10.45,10.1,10.15,-0.3,217,1.0,10.45,10.15,10.1,10.45
2026-05-11,17993,187744,10.15,10.7,10.15,10.7,0.55,89,1.0,10.15,10.7,10.15,10.7
2026-05-12,7013,74163,10.6,10.6,10.6,10.6,-0.1,42,1.0,10.6,10.6,10.6,10.6
