Date,Capacity,Turnover,Open,High,Low,Close,Change,Transaction,AdjFactor,Open_adj,Close_adj,Low_adj,High_adj
2020-05-04,33146683,1403402000,41.4,43.25,41.05,43.0,0.15,15753,0.8678775464739381,35.9301,37.3187,35.6264,37.5357
2020-05-05,33732963,1453433967,43.4,43.95,42.2,42.5,-0.5,14935,0.8678775464739381,37.6659,36.8848,36.6244,38.1432
2020-05-06,31384192,1348412106,42.85,43.45,42.4,43.05,0.55,13552,0.8678775464739381,37.1886,37.3621,36.798,37.7093
2020-05-07,56397167,2494577814,43.65,44.85,43.4,44.3,1.25,25193,0.8678775464739381,37.8829,38.447,37.6659,38.9243
2020-05-08,46740838,2097486182,44.6,45.3,44.4,44.7,0.4,20287,0.8678775464739381,38.7073,38.7941,38.5338,39.3149
2020-05-11,33192158,1506964475,45.4,46.0,44.8,44.95,0.25,14703,0.8678775464739381,39.4016,39.0111,38.8809,39.9224
2020-05-12,28759424,1292971846,44.6,45.55,44.3,45.0,0.05,13011,0.8678775464739381,38.7073,39.0545,38.447,39.5318
2020-05-13,27425602,1230483694,45.1,45.5,44.4,44.7,-0.3,11732,0.8678775464739381,39.1413,38.7941,38.5338,39.4884
2020-05-14,32090494,1401898524,44.5,45.0,42.6,42.8,-1.9,14717,0.8678775464739381,38.6206,37.1452,36.9716,39.0545
2020-05-15,36075704,1560990087,43.8,44.45,42.0,43.9,1.1,15341,0.8678775464739381,38.013,38.0998,36.4509,38.5772
2020-05-18,75117001,3019526408,41.75,42.5,39.55,39.55,-4.35,33411,0.8678775464739381,36.2339,34.3246,34.3246,36.8848
2020-05-19,106180979,4074309198,39.75,40.4,36.55,39.1,-0.45,45380,0.8678775464739381,34.4981,33.934,31.7209,35.0623
2020-05-20,51407637,2036609672,39.5,40.45,38.9,39.6,0.5,22700,0.8678775464739381,34.2812,34.368,33.7604,35.1056
2020-05-21,36597121,1482490766,40.4,40.8,40.05,40.75,1.15,15149,0.8678775464739381,35.0623,35.366,34.7585,35.4094
2020-05-22,36624310,1450301795,40.6,40.65,38.85,39.15,-1.6,15881,0.8678775464739381,35.2358,33.9774,33.717,35.2792
2020-05-25,25319604,987388627,39.3,39.75,38.1,39.4,0.25,10692,0.8678775464739381,34.1076,34.1944,33.0661,34.4981
2020-05-26,30249257,1215041700,39.95,40.65,39.6,40.0,0.6,12918,0.8678775464739381,34.6717,34.7151,34.368,35.2792
2020-05-27,17384227,699709204,40.5,40.7,39.85,39.9,-0.1,8391,0.8678775464739381,35.149,34.6283,34.5849,35.3226
2020-05-28,35601608,1452619454,40.35,41.65,40.1,40.4,0.5,16499,0.8678775464739381,35.0189,35.0623,34.8019,36.1471
2020-05-29,16562056,668270936,40.5,40.8,39.9,40.1,-0.3,6576,0.8678775464739381,35.149,34.8019,34.6283,35.4094
2020-06-01,78810399,3373883769,41.5,44.1,41.25,44.1,4.0,33930,0.8678775464739381,36.0169,38.2734,35.7999,38.2734
2020-06-02,108498630,4875976591,45.5,46.15,43.3,43.4,-0.7,48049,0.8678775464739381,39.4884,37.6659,37.5791,40.0525
2020-06-03,36877948,1607816701,43.7,44.2,42.85,43.8,0.4,17226,0.8678775464739381,37.9262,38.013,37.1886,38.3602
2020-06-04,38065086,1693688620,44.45,45.0,44.05,44.8,1.0,16276,0.8678775464739381,38.5772,38.8809,38.23,39.0545
2020-06-05,36068941,1622940786,45.2,45.45,44.65,44.8,0.0,16820,0.8678775464739381,39.2281,38.8809,38.7507,39.445
2020-06-08,38413907,1698500058,45.15,45.35,43.85,43.85,-0.95,19783,0.8678775464739381,39.1847,38.0564,38.0564,39.3582
2020-06-09,23719035,1034213658,44.15,44.2,43.25,43.3,-0.55,12904,0.8678775464739381,38.3168,37.5791,37.5357,38.3602
2020-06-10,86257085,3874164516,43.25,45.65,43.1,45.2,1.9,39630,0.8678775464739381,37.5357,39.2281,37.4055,39.6186
2020-06-11,110094353,5039999347,45.35,47.2,44.3,44.65,-0.55,44686,0.8678775464739381,39.3582,38.7507,38.447,40.9638
2020-06-12,54434811,2432696454,43.55,45.5,43.5,44.8,0.15,24354,0.8678775464739381,37.7961,38.8809,37.7527,39.4884
2020-06-15,35626701,1585524694,44.75,45.3,44.0,44.0,-0.8,14677,0.8678775464739381,38.8375,38.1866,38.1866,39.3149
2020-06-16,39415848,1777902110,45.1,45.7,44.6,45.0,1.0,14848,0.8678775464739381,39.1413,39.0545,38.7073,39.662
2020-06-17,36729089,1658232405,45.2,45.65,44.75,45.0,0.0,14072,0.8678775464739381,39.2281,39.0545,38.8375,39.6186
2020-06-18,52488279,2392345236,45.45,46.15,44.8,45.75,0.75,20990,0.8678775464739381,39.445,39.7054,38.8809,40.0525
2020-06-19,32951773,1508765594,46.15,46.4,45.25,45.95,0.2,12815,0.8678775464739381,40.0525,39.879,39.2715,40.2695
2020-06-22,29204285,1342305160,45.65,46.3,45.55,45.85,-0.1,11258,0.8678775464739381,39.6186,39.7922,39.5318,40.1827
2020-06-23,40630695,1879353373,46.7,46.85,45.8,46.1,0.25,15958,0.8678775464739381,40.5299,40.0092,39.7488,40.6601
2020-06-24,95545827,4521040819,47.8,48.45,46.35,47.0,0.9,38346,0.8678775464739381,41.4845,40.7902,40.2261,42.0487
2020-06-29,35038061,1636624617,46.3,47.45,46.25,46.3,-0.7,15081,0.8678775464739381,40.1827,40.1827,40.1393,41.1808
2020-06-30,127815700,6318253550,47.3,50.9,47.0,50.1,3.8,51649,0.8678775464739381,41.0506,43.4807,40.7902,44.175
2020-07-01,85259506,4294283739,51.2,51.8,49.4,49.45,-0.65,36656,0.8678775464739381,44.4353,42.9165,42.8732,44.9561
2020-07-02,38332876,1927540890,50.0,50.8,49.8,50.8,1.35,15683,0.8678775464739381,43.3939,44.0882,43.2203,44.0882
2020-07-03,81571571,4241582610,51.1,54.2,50.3,53.5,2.7,33646,0.8678775464739381,44.3485,46.4314,43.6542,47.039
2020-07-06,90386172,5120381992,55.0,58.1,54.1,57.3,3.8,40716,0.8678775464739381,47.7333,49.7294,46.9522,50.4237
2020-07-07,69644911,3912767779,57.7,58.2,54.5,55.9,-1.4,32456,0.8678775464739381,50.0765,48.5144,47.2993,50.5105
2020-07-08,35132833,1985019956,56.4,57.5,56.0,56.3,0.4,16023,0.8678775464739381,48.9483,48.8615,48.6011,49.903
2020-07-09,38052305,2158064779,57.0,57.5,56.3,56.5,0.2,15860,0.8678775464739381,49.469,49.0351,48.8615,49.903
2020-07-10,34044881,1884902401,57.0,57.3,54.0,54.4,-2.1,14733,0.8678775464739381,49.469,47.2125,46.8654,49.7294
2020-07-13,26656058,1452605332,55.0,56.2,53.8,53.9,-0.5,12026,0.8678775464739381,47.7333,46.7786,46.6918,48.7747
2020-07-14,36883498,1944167672,53.6,54.1,51.9,52.2,-1.7,15895,0.8678775464739381,46.5182,45.3032,45.0428,46.9522
2020-07-15,35299010,1868049293,52.4,54.2,51.6,51.8,0.0,16415,0.8865598419949038,46.4557,45.9238,45.7465,48.0515
2020-07-16,16069810,840497424,52.2,53.0,51.8,52.4,0.6,7146,0.8865598419949038,46.2784,46.4557,45.9238,46.9877
2020-07-17,34513338,1781499438,52.7,53.3,50.6,50.8,-1.6,15068,0.8865598419949038,46.7217,45.0372,44.8599,47.2536
2020-07-20,43497463,2281661400,51.8,53.5,51.4,53.4,2.6,18213,0.8865598419949038,45.9238,47.3423,45.5692,47.431
2020-07-21,83441611,4692774745,54.7,57.2,54.6,56.6,3.2,37508,0.8865598419949038,48.4948,50.1793,48.4062,50.7112
2020-07-22,48939709,2767146242,55.7,57.5,55.5,56.5,-0.1,20928,0.8865598419949038,49.3814,50.0906,49.2041,50.9772
2020-07-23,30269082,1716373293,56.9,57.7,56.0,56.3,-0.2,13040,0.8865598419949038,50.4453,49.9133,49.6474,51.1545
2020-07-24,32778327,1811652165,55.9,56.7,54.0,54.7,-1.6,13860,0.8865598419949038,49.5587,48.4948,47.8742,50.2679
2020-07-27,44133017,2491363651,56.1,57.2,55.2,56.5,1.8,18997,0.8865598419949038,49.736,50.0906,48.9381,50.7112
2020-07-28,96564709,5632443458,58.0,59.5,56.7,59.4,2.9,43648,0.8865598419949038,51.4205,52.6617,50.2679,52.7503
2020-07-29,66669512,3915539808,60.4,60.9,57.1,59.0,-0.4,29136,0.8865598419949038,53.5482,52.307,50.6226,53.9915
2020-07-30,110404319,6811014317,60.0,63.4,59.1,62.9,3.9,48518,0.8865598419949038,53.1936,55.7646,52.3957,56.2079
2020-07-31,76014822,4864729574,63.0,65.1,62.2,64.3,1.4,35234,0.8865598419949038,55.8533,57.0058,55.144,57.715
2020-08-03,35102624,2246052427,64.6,64.8,63.4,63.4,-0.9,18355,0.8865598419949038,57.2718,56.2079,56.2079,57.4491
2020-08-04,74308657,4940887219,64.4,68.3,64.0,67.0,3.6,36158,0.8865598419949038,57.0945,59.3995,56.7398,60.552
2020-08-05,117264999,8459025885,69.0,73.7,68.5,73.7,6.7,47823,0.8865598419949038,61.1726,65.3395,60.7293,65.3395
2020-08-06,106237604,8015318575,74.6,77.2,74.0,76.1,2.4,52840,0.8865598419949038,66.1374,67.4672,65.6054,68.4424
2020-08-07,59214293,4475823597,75.5,76.8,74.5,75.5,-0.6,29575,0.8865598419949038,66.9353,66.9353,66.0487,68.0878
2020-08-10,61928468,4749777568,75.5,78.7,74.6,76.0,0.5,31194,0.8865598419949038,66.9353,67.3785,66.1374,69.7723
2020-08-11,141534998,11327968744,77.5,83.5,76.5,81.6,5.6,69725,0.8865598419949038,68.7084,72.3433,67.8218,74.0277
2020-08-12,179504364,15529281596,82.6,89.6,82.6,89.0,7.4,92884,0.8865598419949038,73.2298,78.9038,73.2298,79.4358
2020-08-13,236260720,20500068791,89.2,94.5,80.2,80.6,-8.4,124335,0.8865598419949038,79.0811,71.4567,71.1021,83.7799
2020-08-14,163925031,13634972535,81.5,86.9,79.0,85.0,4.4,85437,0.8865598419949038,72.2546,75.3576,70.0382,77.0421
2020-08-17,93665076,7854505308,86.6,87.3,82.1,83.0,-2.0,49052,0.8865598419949038,76.7761,73.5845,72.7866,77.3967
2020-08-18,82069985,6923540565,83.3,86.3,83.0,84.1,1.1,41375,0.8865598419949038,73.8504,74.5597,73.5845,76.5101
2020-08-19,103063024,9006124464,85.4,89.0,85.1,88.5,4.4,54280,0.8865598419949038,75.7122,78.4605,75.4462,78.9038
2020-08-20,122075751,10083194474,89.0,89.2,79.7,79.7,-8.8,62187,0.8865598419949038,78.9038,70.6588,70.6588,79.0811
2020-08-21,132515338,10800709697,80.0,83.0,79.1,80.6,0.9,62826,0.8865598419949038,70.9248,71.4567,70.1269,73.5845
2020-08-24,100074833,7814584428,81.0,81.6,76.3,79.2,-1.4,45204,0.8865598419949038,71.8113,70.2155,67.6445,72.3433
2020-08-25,62674598,4998301188,80.5,81.4,78.7,78.7,-0.5,30962,0.8865598419949038,71.3681,69.7723,69.7723,72.166
2020-08-26,44093946,3501675272,78.2,80.8,77.7,79.6,0.9,22187,0.8865598419949038,69.329,70.5702,68.8857,71.634
2020-08-27,58963830,4653012017,80.6,81.3,77.2,77.3,-2.3,30301,0.8865598419949038,71.4567,68.5311,68.4424,72.0773
2020-08-28,69516854,5235957452,77.3,77.7,74.0,74.5,-2.8,33468,0.8865598419949038,68.5311,66.0487,65.6054,68.8857
2020-08-31,42298245,3166649330,75.7,76.7,73.5,73.6,-0.9,20684,0.8865598419949038,67.1126,65.2508,65.1621,67.9991
2020-09-01,99504170,7534985827,73.9,78.3,72.2,77.4,3.8,48231,0.8865598419949038,65.5168,68.6197,64.0096,69.4176
2020-09-02,59733562,4590862113,78.2,78.3,75.7,76.8,-0.6,29557,0.8865598419949038,69.329,68.0878,67.1126,69.4176
2020-09-03,57061507,4499934914,78.5,79.8,78.0,78.6,1.8,28959,0.8865598419949038,69.5949,69.6836,69.1517,70.7475
2020-09-04,52343353,3996399318,76.1,77.5,75.6,75.7,-2.9,26745,0.8865598419949038,67.4672,67.1126,67.0239,68.7084
2020-09-07,69231563,5050666410,75.8,76.5,70.2,72.1,-3.6,33518,0.8865598419949038,67.2012,63.921,62.2365,67.8218
2020-09-08,40526909,2978889816,74.0,74.8,72.5,73.2,1.1,20453,0.8865598419949038,65.6054,64.8962,64.2756,66.3147
2020-09-09,30867722,2246453730,71.5,74.0,70.8,73.9,0.7,15155,0.8865598419949038,63.389,65.5168,62.7684,65.6054
2020-09-10,33925233,2472358542,74.5,74.8,72.1,72.9,-1.0,17876,0.8865598419949038,66.0487,64.6302,63.921,66.3147
2020-09-11,39026470,2818146155,72.4,73.6,70.5,72.3,-0.6,20471,0.8865598419949038,64.1869,64.0983,62.5025,65.2508
2020-09-14,45467244,3404717744,72.8,76.0,72.8,76.0,3.7,22172,0.8865598419949038,64.5416,67.3785,64.5416,67.3785
2020-09-15,86957206,6729159891,75.7,79.7,75.0,76.3,0.3,43997,0.8865598419949038,67.1126,67.6445,66.492,70.6588
2020-09-16,42684809,3323838790,77.2,78.7,76.8,77.9,1.6,21846,0.8865598419949038,68.4424,69.063,68.0878,69.7723
2020-09-17,50868304,4016578224,78.2,80.2,77.9,80.2,2.3,25268,0.8865598419949038,69.329,71.1021,69.063,71.1021
2020-09-18,37030143,2920204219,80.2,80.2,78.2,78.2,-2.0,19211,0.8865598419949038,71.1021,69.329,69.329,71.1021
2020-09-21,37567292,2947343108,78.0,79.4,77.1,78.9,0.7,18461,0.8865598419949038,69.1517,69.9496,68.3538,70.3929
2020-09-22,50430278,3934077429,78.5,80.0,76.7,77.4,-1.5,25514,0.8865598419949038,69.5949,68.6197,67.9991,70.9248
2020-09-23,25427778,1978558521,78.1,78.6,77.3,77.3,-0.1,12491,0.8865598419949038,69.2403,68.5311,68.5311,69.6836
2020-09-24,42244014,3159483536,75.7,76.7,73.7,73.8,-3.5,22217,0.8865598419949038,67.1126,65.4281,65.3395,67.9991
2020-09-25,48059404,3506717581,74.6,75.3,70.5,72.5,-1.3,23786,0.8865598419949038,66.1374,64.2756,62.5025,66.758
2020-09-28,57542891,4384319232,73.2,78.3,73.0,77.5,5.0,31115,0.8865598419949038,64.8962,68.7084,64.7189,69.4176
2020-09-29,67272307,5104326088,78.4,79.2,74.1,74.1,-3.4,35093,0.8865598419949038,69.5063,65.6941,65.6941,70.2155
2020-09-30,39072727,2889180522,75.4,75.5,72.9,74.4,0.3,20326,0.8865598419949038,66.8466,65.9601,64.6302,66.9353
2020-10-05,61783137,4745686586,73.9,78.2,73.8,78.2,3.8,27862,0.8865598419949038,65.5168,69.329,65.4281,69.329
2020-10-06,55005148,4310569400,79.1,79.9,77.2,77.7,-0.5,26705,0.8865598419949038,70.1269,68.8857,68.4424,70.8361
2020-10-07,35045484,2760466836,77.4,79.3,77.2,79.0,1.3,17195,0.8865598419949038,68.6197,70.0382,68.4424,70.3042
2020-10-08,124914919,10348652719,80.0,85.4,79.1,84.8,5.8,65166,0.8865598419949038,70.9248,75.1803,70.1269,75.7122
2020-10-12,89574364,7667379423,86.0,87.8,83.6,85.2,0.4,44540,0.8865598419949038,76.2441,75.5349,74.1164,77.84
2020-10-13,41588142,3512769519,85.7,86.5,83.1,85.5,0.3,22097,0.8865598419949038,75.9782,75.8009,73.6731,76.6874
2020-10-14,51547455,4426748079,85.6,87.0,84.5,85.6,0.1,27514,0.8865598419949038,75.8895,75.8895,74.9143,77.1307
2020-10-15,58056675,5017839526,85.9,88.6,85.2,85.5,-0.1,29698,0.8865598419949038,76.1555,75.8009,75.5349,78.5492
2020-10-16,60837478,5237809070,86.6,87.9,83.4,83.7,-1.8,29866,0.8865598419949038,76.7761,74.2051,73.9391,77.9286
2020-10-19,60483477,5223148365,85.3,87.7,85.0,85.5,1.8,30738,0.8865598419949038,75.6236,75.8009,75.3576,77.7513
2020-10-20,52960662,4585923292,85.5,88.0,84.7,88.0,2.5,25845,0.8865598419949038,75.8009,78.0173,75.0916,78.0173
2020-10-21,62430211,5443816692,89.0,89.5,85.4,86.4,-1.6,32336,0.8865598419949038,78.9038,76.5988,75.7122,79.3471
2020-10-22,45930892,3962527704,85.9,87.4,84.7,87.3,0.9,24230,0.8865598419949038,76.1555,77.3967,75.0916,77.4853
2020-10-23,33391066,2866508029,87.3,87.4,85.0,85.1,-2.2,18100,0.8865598419949038,77.3967,75.4462,75.3576,77.4853
2020-10-26,37314179,3162836952,85.4,85.7,83.2,85.4,0.3,18907,0.8865598419949038,75.7122,75.7122,73.7618,75.9782
2020-10-27,62942060,5212515770,84.0,84.9,81.5,81.6,-3.8,32989,0.8865598419949038,74.471,72.3433,72.2546,75.2689
2020-10-28,136100727,10359030830,79.1,79.6,73.7,74.9,-6.7,70823,0.8865598419949038,70.1269,66.4033,65.3395,70.5702
2020-10-29,184275451,12593601415,67.5,70.8,67.5,67.9,-7.0,78705,0.8865598419949038,59.8428,60.1974,59.8428,62.7684
2020-10-30,105431813,7246639280,68.1,70.5,67.5,68.2,0.3,53846,0.8865598419949038,60.3747,60.4634,59.8428,62.5025
2020-11-02,84517485,5593973789,68.9,69.5,65.0,65.2,-3.0,43691,0.8865598419949038,61.084,57.8037,57.6264,61.6159
2020-11-03,61612032,4084382418,66.5,67.7,65.2,66.3,1.1,31580,0.8865598419949038,58.9562,58.7789,57.8037,60.0201
2020-11-04,67756041,4586019453,67.0,68.8,65.9,68.8,2.5,35554,0.8865598419949038,59.3995,60.9953,58.4243,60.9953
2020-11-05,49663173,3423672169,69.2,69.8,67.9,68.8,0.0,25537,0.8865598419949038,61.3499,60.9953,60.1974,61.8819
2020-11-06,64914747,4544395236,69.3,71.2,68.8,68.8,0.0,33682,0.8865598419949038,61.4386,60.9953,60.9953,63.1231
2020-11-09,32851773,2291146099,70.5,70.8,69.3,69.5,0.7,16382,0.8865598419949038,62.5025,61.6159,61.4386,62.7684
2020-11-10,86121003,6144771277,69.5,73.1,69.3,71.5,2.0,40371,0.8865598419949038,61.6159,63.389,61.4386,64.8075
2020-11-11,83998480,6197533751,73.1,74.5,72.4,74.3,2.8,41001,0.8865598419949038,64.8075,65.8714,64.1869,66.0487
2020-11-12,54361418,4020042736,74.9,75.6,72.6,72.6,-1.7,28113,0.8865598419949038,66.4033,64.3642,64.3642,67.0239
2020-11-13,32764203,2389026401,73.0,74.2,71.6,74.1,1.5,17543,0.8865598419949038,64.7189,65.6941,63.4777,65.7827
2020-11-16,31963364,2380965632,75.0,75.2,73.8,74.6,0.5,15189,0.8865598419949038,66.492,66.1374,65.4281,66.6693
2020-11-17,38848391,2923119674,75.0,76.0,74.5,74.6,0.0,19857,0.8865598419949038,66.492,66.1374,66.0487,67.3785
2020-11-18,25763757,1932998407,75.0,75.7,74.3,75.5,0.9,12987,0.8865598419949038,66.492,66.9353,65.8714,67.1126
2020-11-19,29308267,2211420616,75.8,76.4,74.8,74.9,-0.6,14575,0.8865598419949038,67.2012,66.4033,66.3147,67.7332
2020-11-20,22437370,1689295868,74.9,75.8,74.6,75.7,0.8,10304,0.8865598419949038,66.4033,67.1126,66.1374,67.2012
2020-11-23,68660224,5367542579,78.0,79.3,76.7,78.7,3.0,32781,0.8865598419949038,69.1517,69.7723,67.9991,70.3042
2020-11-24,100707580,8293241364,80.0,83.9,79.8,82.0,3.3,53382,0.8865598419949038,70.9248,72.6979,70.7475,74.3824
2020-11-25,72270354,6026112732,84.0,85.0,80.6,83.1,1.1,35001,0.8865598419949038,74.471,73.6731,71.4567,75.3576
2020-11-26,149709362,13138826845,83.7,89.9,83.4,89.6,6.5,70421,0.8865598419949038,74.2051,79.4358,73.9391,79.7017
2020-11-27,117243354,10606682612,90.5,92.4,88.7,90.4,0.8,58686,0.8865598419949038,80.2337,80.145,78.6379,81.9181
2020-11-30,184078768,16721771813,92.0,93.5,89.9,89.9,-0.5,42582,0.8865598419949038,81.5635,79.7017,79.7017,82.8933
2020-12-01,91641009,7887320588,90.3,90.7,84.5,84.7,-5.2,48450,0.8865598419949038,80.0564,75.0916,74.9143,80.411
2020-12-02,47552759,4073765578,85.1,87.2,84.9,85.2,0.5,22547,0.8865598419949038,75.4462,75.5349,75.2689,77.308
2020-12-03,40251356,3388740572,85.8,85.9,83.2,83.7,-1.5,20903,0.8865598419949038,76.0668,74.2051,73.7618,76.1555
2020-12-04,56212200,4611914754,83.5,84.0,81.0,81.3,-2.4,29806,0.8865598419949038,74.0277,72.0773,71.8113,74.471
2020-12-07,32254162,2652605796,82.0,83.8,81.3,82.0,0.7,17809,0.8865598419949038,72.6979,72.6979,72.0773,74.2937
2020-12-08,31780935,2655552096,82.2,84.5,82.0,84.5,2.5,17324,0.8865598419949038,72.8752,74.9143,72.6979,74.9143
2020-12-09,35720444,2989097237,85.1,85.6,82.9,83.2,-1.3,19113,0.8865598419949038,75.4462,73.7618,73.4958,75.8895
2020-12-10,19487384,1606599104,82.7,83.6,81.7,82.2,-1.0,10450,0.8865598419949038,73.3185,72.8752,72.4319,74.1164
2020-12-11,53083832,4410131427,82.9,84.7,81.5,81.6,-0.6,27645,0.8865598419949038,73.4958,72.3433,72.2546,75.0916
2020-12-14,27044688,2257872262,82.6,84.4,81.7,83.8,2.2,14486,0.8865598419949038,73.2298,74.2937,72.4319,74.8257
2020-12-15,70522319,6001492368,84.3,86.0,83.8,85.8,2.0,32510,0.8865598419949038,74.737,76.0668,74.2937,76.2441
2020-12-16,111045457,9747595572,88.0,89.7,86.5,86.7,0.9,49934,0.8865598419949038,78.0173,76.8647,76.6874,79.5244
2020-12-17,85744885,7521983970,88.1,89.6,85.3,86.0,-0.7,41976,0.8865598419949038,78.1059,76.2441,75.6236,79.4358
2020-12-18,35407920,3056309218,86.6,87.5,85.6,85.6,-0.4,17482,0.8865598419949038,76.7761,75.8895,75.8895,77.574
2020-12-21,45090822,3755265924,85.6,86.0,81.6,84.4,-1.2,23785,0.8865598419949038,75.8895,74.8257,72.3433,76.2441
2020-12-22,25103279,2099456293,83.6,85.2,82.1,82.1,-2.3,13720,0.8865598419949038,74.1164,72.7866,72.7866,75.5349
2020-12-23,46462499,3957995954,82.6,87.5,82.2,86.2,4.1,23098,0.8865598419949038,73.2298,76.4215,72.8752,77.574
2020-12-24,24407178,2079984433,86.2,86.5,84.4,84.5,-1.7,13128,0.8865598419949038,76.4215,74.9143,74.8257,76.6874
2020-12-25,15368802,1297927291,85.3,85.8,83.5,84.0,-0.5,8740,0.8865598419949038,75.6236,74.471,74.0277,76.0668
2020-12-28,17000764,1441760679,84.3,85.8,83.7,85.3,1.3,9812,0.8865598419949038,74.737,75.6236,74.2051,76.0668
2020-12-29,36623053,3155228441,85.1,87.2,84.3,85.7,0.4,19237,0.8865598419949038,75.4462,75.9782,74.737,77.308
2020-12-30,32849473,2863400115,86.8,87.8,86.1,86.9,1.2,17753,0.8865598419949038,76.9534,77.0421,76.3328,77.84
2020-12-31,30599854,2677180836,88.0,88.5,86.3,87.4,0.5,15470,0.8865598419949038,78.0173,77.4853,76.5101,78.4605
2021-01-04,85694419,7775440709,88.8,93.2,87.8,90.5,3.1,45426,0.8865598419949038,78.7265,80.2337,77.84,82.6274
2021-01-05,81051713,7460881389,91.3,94.3,88.5,94.3,3.8,43186,0.8865598419949038,80.9429,83.6026,78.4605,83.6026
2021-01-06,114758736,10867428519,95.5,98.0,90.5,91.1,-3.2,60994,0.8865598419949038,84.6665,80.7656,80.2337,86.8829
2021-01-07,47179561,4372572323,92.0,94.2,91.1,92.1,1.0,24867,0.8865598419949038,81.5635,81.6522,80.7656,83.5139
2021-01-08,40095493,3622464943,92.5,93.0,89.1,90.2,-1.9,21827,0.8865598419949038,82.0068,79.9677,78.9925,82.4501
2021-01-11,48852704,4545466760,90.5,95.0,89.5,94.9,4.7,26980,0.8865598419949038,80.2337,84.1345,79.3471,84.2232
2021-01-12,98307324,9581002058,95.0,99.9,93.4,99.4,4.5,51745,0.8865598419949038,84.2232,88.124,82.8047,88.5673
2021-01-13,74422218,7414114133,101.0,103.5,97.6,97.6,-1.8,41215,0.8865598419949038,89.5425,86.5282,86.5282,91.7589
2021-01-14,32667261,3190358564,97.6,99.7,96.2,96.7,-0.9,18893,0.8865598419949038,86.5282,85.7303,85.2871,88.39
2021-01-15,62175681,6148192246,97.5,100.5,96.5,100.0,3.3,32283,0.8865598419949038,86.4396,88.656,85.553,89.0993
2021-01-18,58694231,5640206929,99.6,99.6,94.8,95.0,-5.0,32811,0.8865598419949038,88.3014,84.2232,84.0459,88.3014
2021-01-19,26115384,2518258822,95.8,97.2,95.2,96.4,1.4,14863,0.8865598419949038,84.9324,85.4644,84.4005,86.1736
2021-01-20,39610036,3722970750,96.9,97.6,92.1,92.4,-4.0,22535,0.8865598419949038,85.9076,81.9181,81.6522,86.5282
2021-01-21,35563801,3372691048,93.8,96.4,92.6,95.6,3.2,19615,0.8865598419949038,83.1593,84.7551,82.0954,85.4644
2021-01-22,73381621,7281613362,95.9,102.0,94.8,101.0,5.4,38110,0.8865598419949038,85.0211,89.5425,84.0459,90.4291
2021-01-25,55929111,5458282984,99.5,102.0,94.9,95.7,-5.3,31589,0.8865598419949038,88.2127,84.8438,84.1345,90.4291
2021-01-26,44745538,4301586666,96.3,98.5,94.0,94.0,-1.7,25675,0.8865598419949038,85.3757,83.3366,83.3366,87.3261
2021-01-27,36624404,3406651129,94.7,95.0,92.2,92.6,-1.4,21148,0.8865598419949038,83.9572,82.0954,81.7408,84.2232
2021-01-28,39140061,3478094408,88.2,90.8,88.0,88.1,-4.5,23299,0.8865598419949038,78.1946,78.1059,78.0173,80.4996
2021-01-29,27815055,2442426632,89.2,89.8,86.5,86.5,-1.6,15428,0.8865598419949038,79.0811,76.6874,76.6874,79.6131
2021-02-01,29449349,2528629134,86.6,87.5,84.0,85.8,-0.7,16484,0.8865598419949038,76.7761,76.0668,74.471,77.574
2021-02-02,32710315,2885586637,86.9,89.6,86.6,88.7,2.9,16750,0.8865598419949038,77.0421,78.6379,76.7761,79.4358
2021-02-03,28986865,2543570958,89.5,90.0,86.1,86.3,-2.4,16691,0.8865598419949038,79.3471,76.5101,76.3328,79.7904
2021-02-04,91244092,7627911344,85.8,87.6,80.0,84.1,-2.2,45514,0.8865598419949038,76.0668,74.5597,70.9248,77.6626
2021-02-05,83025901,7193809365,84.1,89.7,82.3,89.7,5.6,45457,0.8865598419949038,74.5597,79.5244,72.9639,79.5244
2021-02-17,47279285,4316211003,91.5,93.0,90.0,91.6,1.9,24938,0.8865598419949038,81.1202,81.2089,79.7904,82.4501
2021-02-18,21774880,1989345036,90.8,92.5,90.1,91.6,0.0,11707,0.8865598419949038,80.4996,81.2089,79.879,82.0068
2021-02-19,22429196,2060466338,91.0,93.0,90.6,91.6,0.0,11439,0.8865598419949038,80.6769,81.2089,80.3223,82.4501
2021-02-22,45627625,4339667303,92.9,97.0,92.2,95.4,3.8,25023,0.8865598419949038,82.3614,84.5778,81.7408,85.9963
2021-02-23,105705314,10500529242,96.0,102.5,95.4,99.6,4.2,50882,0.8865598419949038,85.1097,88.3014,84.5778,90.8724
2021-02-24,109059139,10919655511,99.8,103.5,96.5,97.0,-2.6,53935,0.8865598419949038,88.4787,85.9963,85.553,91.7589
2021-02-25,64480610,6304924366,99.7,101.5,95.0,95.6,-1.4,35850,0.8865598419949038,88.39,84.7551,84.2232,89.9858
2021-02-26,47734491,4618649266,93.2,98.2,93.2,97.5,1.9,25345,0.8865598419949038,82.6274,86.4396,82.6274,87.0602
2021-03-02,43458245,4195995043,99.6,100.5,94.1,94.3,-3.2,25634,0.8865598419949038,88.3014,83.6026,83.4253,89.0993
2021-03-03,40925405,3770298465,94.9,95.5,90.1,91.8,-2.5,23295,0.8865598419949038,84.1345,81.3862,79.879,84.6665
2021-03-04,38261426,3533966361,92.0,93.8,91.0,92.7,0.9,22014,0.8865598419949038,81.5635,82.1841,80.6769,83.1593
2021-03-05,29836093,2732308647,91.0,93.2,89.6,91.2,-1.5,16806,0.8865598419949038,80.6769,80.8543,79.4358,82.6274
2021-03-08,21455188,1970913466,92.5,93.4,90.1,90.2,-1.0,12105,0.8865598419949038,82.0068,79.9677,79.879,82.8047
2021-03-09,38164885,3344218196,90.0,90.5,86.5,86.6,-3.6,22801,0.8865598419949038,79.7904,76.7761,76.6874,80.2337
2021-03-10,22306922,1978585916,87.7,89.7,87.6,88.7,2.1,13900,0.8865598419949038,77.7513,78.6379,77.6626,79.5244
2021-03-11,24624340,2249272925,89.1,92.9,89.1,92.9,4.2,15027,0.8865598419949038,78.9925,82.3614,78.9925,82.3614
2021-03-12,26368663,2435129827,93.6,94.3,91.0,91.5,-1.4,15802,0.8865598419949038,82.982,81.1202,80.6769,83.6026
2021-03-15,17897495,1624268234,91.4,92.3,90.2,90.6,-0.9,10636,0.8865598419949038,81.0316,80.3223,79.9677,81.8295
2021-03-16,13322190,1213751505,91.3,92.2,90.5,90.7,0.1,7953,0.8865598419949038,80.9429,80.411,80.2337,81.7408
2021-03-17,10620794,968894905,91.5,91.9,90.7,90.9,0.2,6123,0.8865598419949038,81.1202,80.5883,80.411,81.4748
2021-03-18,24737419,2295366497,91.9,93.8,91.7,92.1,1.2,13082,0.8865598419949038,81.4748,81.6522,81.2975,83.1593
2021-03-19,31517587,2828188267,91.7,91.8,88.7,89.0,-3.1,18847,0.8865598419949038,81.2975,78.9038,78.6379,81.3862
2021-03-22,21082904,1850757558,88.5,88.8,87.1,87.7,-1.3,13033,0.8865598419949038,78.4605,77.7513,77.2194,78.7265
2021-03-23,25940371,2290504967,88.3,90.5,87.6,88.0,0.3,14648,0.8865598419949038,78.2832,78.0173,77.6626,80.2337
2021-03-24,20648838,1826789322,87.9,89.7,87.6,87.9,-0.1,11837,0.8865598419949038,77.9286,77.9286,77.6626,79.5244
2021-03-25,34501439,2997596984,88.3,89.3,85.7,85.9,-2.0,21938,0.8865598419949038,78.2832,76.1555,75.9782,79.1698
2021-03-26,39615129,3525031012,87.0,90.9,86.6,89.9,4.0,22907,0.8865598419949038,77.1307,79.7017,76.7761,80.5883
2021-03-29,24269682,2184949539,91.0,91.7,89.1,89.8,-0.1,13067,0.8865598419949038,80.6769,79.6131,78.9925,81.2975
2021-03-30,59026910,5453918527,90.2,93.7,90.2,91.2,1.4,31437,0.8865598419949038,79.9677,80.8543,79.9677,83.0707
2021-03-31,26751012,2453928589,92.0,92.4,91.2,91.5,0.3,13568,0.8865598419949038,81.5635,81.1202,80.8543,81.9181
2021-04-01,30409898,2806977357,92.4,93.8,91.0,91.6,0.1,16506,0.8865598419949038,81.9181,81.2089,80.6769,83.1593
2021-04-06,21170162,1967376969,93.2,93.8,91.8,93.1,1.5,11628,0.8865598419949038,82.6274,82.5387,81.3862,83.1593
2021-04-07,26165005,2411981746,94.1,94.2,91.1,91.4,-1.7,14095,0.8865598419949038,83.4253,81.0316,80.7656,83.5139
2021-04-08,21782187,2006012497,91.6,93.2,90.3,92.9,1.5,12090,0.8865598419949038,81.2089,82.3614,80.0564,82.6274
2021-04-09,30693268,2835555506,93.2,93.7,91.1,91.7,-1.2,12147,0.8865598419949038,82.6274,81.2975,80.7656,83.0707
2021-04-12,20453843,1852429977,92.3,92.5,89.6,89.6,-2.1,11961,0.8865598419949038,81.8295,79.4358,79.4358,82.0068
2021-04-13,31861408,2849444397,89.6,90.7,88.0,88.0,-1.6,9848,0.8865598419949038,79.4358,78.0173,78.0173,80.411
2021-04-14,36230225,3162109846,88.6,89.2,84.6,87.5,-0.5,15048,0.8865598419949038,78.5492,77.574,75.003,79.0811
2021-04-15,12841573,1127745846,87.9,88.7,86.6,87.9,0.4,8371,0.8865598419949038,77.9286,77.9286,76.7761,78.6379
2021-04-16,19453142,1741128293,87.9,90.5,87.5,90.1,2.2,11558,0.8865598419949038,77.9286,79.879,77.574,80.2337
2021-04-19,40977210,3811354920,92.8,93.7,92.0,93.2,3.1,21640,0.8865598419949038,82.2728,82.6274,81.5635,83.0707
2021-04-20,20632370,1924549386,93.5,94.0,92.3,93.3,0.1,11757,0.8865598419949038,82.8933,82.716,81.8295,83.3366
2021-04-21,18072512,1682294721,93.6,94.0,92.5,92.6,-0.7,10992,0.8865598419949038,82.982,82.0954,82.0068,83.3366
2021-04-22,28490466,2648270763,93.3,94.7,90.3,90.8,-1.8,17060,0.8865598419949038,82.716,80.4996,80.0564,83.9572
2021-04-23,29069306,2716847675,91.6,94.3,90.5,94.2,3.4,15904,0.8865598419949038,81.2089,83.5139,80.2337,83.6026
2021-04-26,90431638,8901233607,98.0,100.5,94.6,99.8,5.6,47911,0.8865598419949038,86.8829,88.4787,83.8686,89.0993
2021-04-27,50337764,5140189258,103.0,104.5,100.0,102.5,2.7,26755,0.8865598419949038,91.3157,90.8724,88.656,92.6455
2021-04-28,52575332,5799657470,107.0,112.5,105.5,112.5,10.0,19755,0.8865598419949038,94.8619,99.738,93.5321,99.738
2021-04-29,122819933,14276487149,115.0,121.0,111.5,115.0,2.5,53437,0.8865598419949038,101.9544,101.9544,98.8514,107.2737
2021-05-03,47152275,5327425642,116.5,119.0,108.5,109.5,-5.5,23492,0.8865598419949038,103.2842,97.0783,96.1917,105.5006
2021-05-04,53440342,5544165667,110.0,111.5,98.7,104.5,-5.0,24380,0.8865598419949038,97.5216,92.6455,87.5035,98.8514
2021-05-05,34367325,3505376957,104.5,107.0,98.5,99.0,-5.5,17068,0.8865598419949038,92.6455,87.7694,87.3261,94.8619
2021-05-06,52466706,5474521945,100.0,108.0,98.8,106.5,7.5,25405,0.8865598419949038,88.656,94.4186,87.5921,95.7485
2021-05-07,39789559,4260961086,106.5,109.5,105.0,106.5,0.0,19832,0.8865598419949038,94.4186,94.4186,93.0888,97.0783
2021-05-10,22608558,2336572712,107.5,109.0,100.0,101.5,-5.0,12926,0.8865598419949038,95.3052,89.9858,88.656,96.635
2021-05-11,30667108,2985706446,97.0,102.0,95.0,96.4,-5.1,17378,0.8865598419949038,85.9963,85.4644,84.2232,90.4291
2021-05-12,46854550,4333534946,96.6,98.2,86.8,91.2,-5.2,26563,0.8865598419949038,85.6417,80.8543,76.9534,87.0602
2021-05-13,41915721,3912314723,87.5,96.5,85.2,94.6,3.4,23795,0.8865598419949038,77.574,83.8686,75.5349,85.553
2021-05-14,49297794,4838414584,95.8,104.0,94.5,95.0,0.4,27611,0.8865598419949038,84.9324,84.2232,83.7799,92.2022
2021-05-17,55257303,5219682972,88.4,99.6,88.3,93.1,-1.9,32958,0.8865598419949038,78.3719,82.5387,78.2832,88.3014
2021-05-18,48276792,4756858850,97.5,101.0,95.0,99.7,6.6,27462,0.8865598419949038,86.4396,88.39,84.2232,89.5425
2021-05-19,25549424,2525392259,99.4,101.5,97.1,98.1,-1.6,15749,0.8865598419949038,88.124,86.9715,86.085,89.9858
2021-05-20,29430057,2845856274,97.6,100.5,94.1,94.6,-3.5,16307,0.8865598419949038,86.5282,83.8686,83.4253,89.0993
2021-05-21,40284589,3987363057,97.2,100.5,96.6,100.5,5.9,22475,0.8865598419949038,86.1736,89.0993,85.6417,89.0993
2021-05-24,33940966,3442219547,100.0,104.0,99.0,103.5,3.0,16738,0.8865598419949038,88.656,91.7589,87.7694,92.2022
2021-05-25,45726511,4861326629,105.0,109.0,103.0,105.5,2.0,23764,0.8865598419949038,93.0888,93.5321,91.3157,96.635
2021-05-26,20406866,2132212754,108.0,108.0,102.0,103.0,-2.5,11686,0.8865598419949038,95.7485,91.3157,90.4291,95.7485
2021-05-27,21019520,2121118822,102.0,102.5,99.8,101.0,-2.0,9050,0.8865598419949038,90.4291,89.5425,88.4787,90.8724
2021-05-28,23426218,2433400548,102.5,106.5,101.5,104.5,3.5,11727,0.8865598419949038,90.8724,92.6455,89.9858,94.4186
2021-05-31,49125225,5401570948,107.5,114.0,106.0,112.5,8.0,25627,0.8865598419949038,95.3052,99.738,93.9753,101.0678
2021-06-01,31839879,3613561409,115.0,115.5,111.0,113.0,0.5,17124,0.8865598419949038,101.9544,100.1813,98.4081,102.3977
2021-06-02,28680284,3226205720,115.0,117.0,108.5,110.5,-2.5,15575,0.8865598419949038,101.9544,97.9649,96.1917,103.7275
2021-06-03,62919433,7426727241,113.0,121.5,112.0,121.5,11.0,29660,0.8865598419949038,100.1813,107.717,99.2947,107.717
2021-06-04,54261007,6404027542,119.5,120.0,116.0,117.5,-4.0,29020,0.8865598419949038,105.9439,104.1708,102.8409,106.3872
2021-06-07,105633761,13023798687,120.0,129.0,115.0,127.5,10.0,56084,0.8865598419949038,106.3872,113.0364,101.9544,114.3662
2021-06-08,127334829,16458163140,129.0,135.0,124.0,125.5,-2.0,68957,0.8865598419949038,114.3662,111.2633,109.9334,119.6856
2021-06-09,70703918,9083038546,127.0,131.5,125.0,127.0,1.5,37647,0.8865598419949038,112.5931,112.5931,110.82,116.5826
2021-06-10,48087896,6144185548,128.0,129.5,125.0,129.0,2.0,25047,0.8865598419949038,113.4797,114.3662,110.82,114.8095
2021-06-11,38976307,4920916994,129.0,130.0,124.0,124.5,-4.5,21891,0.8865598419949038,114.3662,110.3767,109.9334,115.2528
2021-06-15,25502374,3243856591,126.0,129.5,125.5,127.0,2.5,14262,0.8865598419949038,111.7065,112.5931,111.2633,114.8095
2021-06-16,39757407,5123655020,126.0,132.5,125.5,126.0,-1.0,23512,0.8865598419949038,111.7065,111.7065,111.2633,117.4692
2021-06-17,56353298,7415239278,126.5,136.0,126.0,134.0,8.0,31108,0.8865598419949038,112.1498,118.799,111.7065,120.5721
2021-06-18,65876287,8911598748,135.0,140.0,130.0,130.0,-4.0,36431,0.8865598419949038,119.6856,115.2528,115.2528,124.1184
2021-06-21,45791120,6049992006,131.0,135.5,129.0,131.0,1.0,25138,0.8865598419949038,116.1393,116.1393,114.3662,120.1289
2021-06-22,87578760,11987747066,135.0,141.0,131.5,134.5,3.5,48471,0.8865598419949038,119.6856,119.2423,116.5826,125.0049
2021-06-23,53804941,7248298478,137.5,139.5,130.5,132.0,-2.5,30003,0.8865598419949038,121.902,117.0259,115.6961,123.6751
2021-06-24,49572881,6581835888,134.0,136.5,129.0,131.0,-1.0,26278,0.8865598419949038,118.799,116.1393,114.3662,121.0154
2021-06-25,33143031,4273205681,132.5,133.5,127.0,127.5,-3.5,21473,0.8865598419949038,117.4692,113.0364,112.5931,118.3557
2021-06-28,23653296,3018603696,126.5,129.5,125.5,129.0,1.5,14970,0.8865598419949038,112.1498,114.3662,111.2633,114.8095
2021-06-29,17519574,2260260571,130.5,131.5,127.0,127.5,-1.5,10138,0.8865598419949038,115.6961,113.0364,112.5931,116.5826
2021-06-30,13074791,1684531324,128.5,130.0,127.5,129.0,1.5,7199,0.8865598419949038,113.9229,114.3662,113.0364,115.2528
2021-07-01,36250528,4485186828,128.5,129.0,120.0,123.5,-5.5,22482,0.8865598419949038,113.9229,109.4901,106.3872,114.3662
2021-07-02,22274074,2817928395,123.5,129.0,123.0,126.5,3.0,12627,0.8865598419949038,109.4901,112.1498,109.0469,114.3662
2021-07-05,46469409,6134043494,127.5,135.5,126.5,132.0,5.5,27815,0.8865598419949038,113.0364,117.0259,112.1498,120.1289
2021-07-06,35116061,4695527584,132.5,137.0,130.5,132.5,0.5,20559,0.8865598419949038,117.4692,117.4692,115.6961,121.4587
2021-07-07,68194247,9376626307,135.5,140.5,134.0,137.0,4.5,35941,0.8865598419949038,120.1289,121.4587,118.799,124.5617
2021-07-08,110187006,15816727807,139.0,149.5,138.0,141.0,4.0,63042,0.8865598419949038,123.2318,125.0049,122.3453,132.5407
2021-07-09,54525369,7728652778,139.0,145.0,138.0,142.5,1.5,30075,0.8865598419949038,123.2318,126.3348,122.3453,128.5512
2021-07-12,51974333,7432704818,147.5,148.0,140.0,140.5,-2.0,32012,0.8865598419949038,130.7676,124.5617,124.1184,131.2109
2021-07-13,39618165,5564717959,143.0,145.5,135.0,136.0,-4.5,24069,0.8865598419949038,126.7781,120.5721,119.6856,128.9945
2021-07-14,39320348,5561960872,139.5,144.0,137.0,143.0,7.0,24144,0.8865598419949038,123.6751,126.7781,121.4587,127.6646
2021-07-15,36176045,5191609133,143.5,145.5,141.0,143.5,0.5,21789,0.8865598419949038,127.2213,127.2213,125.0049,128.9945
2021-07-16,17663834,2528123641,142.5,145.0,141.5,143.5,0.0,10814,0.8865598419949038,126.3348,127.2213,125.4482,128.5512
2021-07-19,18375318,2620824939,143.0,145.0,140.0,142.0,-1.5,11124,0.8865598419949038,126.7781,125.8915,124.1184,128.5512
2021-07-20,25276694,3589359017,141.0,144.5,138.5,141.5,-0.5,16311,0.8865598419949038,125.0049,125.4482,122.7885,128.1079
2021-07-21,41892696,5939857870,144.0,146.5,136.0,137.5,-4.0,24118,0.8865598419949038,127.6646,121.902,120.5721,129.881
2021-07-22,51767636,7491737187,141.0,148.5,140.5,146.5,9.0,27895,0.8865598419949038,125.0049,129.881,124.5617,131.6541
2021-07-23,50858702,7314293603,151.0,151.5,138.0,139.5,-7.0,30362,0.8865598419949038,133.8705,123.6751,122.3453,134.3138
2021-07-26,38737307,5593280415,142.0,147.5,138.5,146.0,6.5,20724,0.8865598419949038,125.8915,129.4377,122.7885,130.7676
2021-07-27,35475325,5034237470,147.0,148.0,138.0,142.0,-4.0,20569,0.8865598419949038,130.3243,125.8915,122.3453,131.2109
2021-07-28,49188001,6611673321,139.0,140.0,128.5,138.0,-4.0,29519,0.8865598419949038,123.2318,122.3453,113.9229,124.1184
2021-07-29,103246473,15401470618,144.0,151.5,143.0,151.5,13.5,47191,0.8865598419949038,127.6646,134.3138,126.7781,134.3138
2021-07-30,64969506,9598678306,152.5,153.0,144.5,146.0,-5.5,39852,0.8865598419949038,135.2004,129.4377,128.1079,135.6437
2021-08-02,18614837,2716465424,148.0,148.5,144.0,145.5,-0.5,11122,0.8865598419949038,131.2109,128.9945,127.6646,131.6541
2021-08-03,40793033,6046345983,146.0,150.5,144.0,150.0,4.5,22317,0.8865598419949038,129.4377,132.984,127.6646,133.4273
2021-08-04,24363930,3610162878,149.5,150.5,146.0,147.0,-3.0,14304,0.8865598419949038,132.5407,130.3243,129.4377,133.4273
2021-08-05,25096388,3757164924,148.0,152.0,147.0,148.5,1.5,14960,0.8865598419949038,131.2109,131.6541,130.3243,134.7571
2021-08-06,16364687,2387205687,147.5,148.0,144.5,146.0,-2.5,10740,0.8865598419949038,130.7676,129.4377,128.1079,131.2109
2021-08-09,12071205,1762989726,146.0,148.0,144.0,145.0,-1.0,7869,0.8865598419949038,129.4377,128.5512,127.6646,131.2109
2021-08-10,23965650,3382313507,144.5,146.0,139.0,141.0,-4.0,14949,0.8865598419949038,128.1079,125.0049,123.2318,129.4377
2021-08-11,21078001,2914549931,140.0,142.0,135.0,138.5,-2.5,12407,0.8865598419949038,124.1184,122.7885,119.6856,125.8915
2021-08-12,12093501,1700711088,139.0,142.0,138.0,142.0,3.5,7183,0.8865598419949038,123.2318,125.8915,122.3453,125.8915
2021-08-13,29022342,3962197045,142.5,143.0,133.5,135.0,-7.0,15967,0.8865598419949038,126.3348,119.6856,118.3557,126.7781
2021-08-16,19365519,2602954571,134.5,137.0,132.0,136.5,1.5,10869,0.8865598419949038,119.2423,121.0154,117.0259,121.4587
2021-08-17,21646416,2847133254,137.5,137.5,128.0,128.5,-8.0,14036,0.8865598419949038,121.902,113.9229,113.4797,121.902
2021-08-18,33627704,4477327363,125.5,138.0,123.5,138.0,9.5,17896,0.8865598419949038,111.2633,122.3453,109.4901,122.3453
2021-08-19,18095305,2412669463,135.0,136.5,130.5,131.0,-7.0,11437,0.8865598419949038,119.6856,116.1393,115.6961,121.0154
2021-08-20,19234515,2562029281,133.5,135.5,130.0,134.0,3.0,11156,0.8865598419949038,118.3557,118.799,115.2528,120.1289
2021-08-23,19588994,2701682880,136.0,139.5,135.5,138.0,4.0,11547,0.8865598419949038,120.5721,122.3453,120.1289,123.6751
2021-08-24,16348635,2272874736,141.5,141.5,136.5,136.5,-1.5,8628,0.8865598419949038,125.4482,121.0154,121.0154,125.4482
2021-08-25,29890177,4268211311,139.0,146.0,138.5,142.5,6.0,17861,0.8865598419949038,123.2318,126.3348,122.7885,129.4377
2021-08-26,19559968,2755651616,144.5,145.0,139.0,139.5,-3.0,10584,0.8865598419949038,128.1079,123.6751,123.2318,128.5512
2021-08-27,34183170,4919406183,140.0,147.0,138.0,144.5,0.0,20771,0.8955474146146928,125.3766,129.4066,123.5855,131.6455
2021-08-30,27645637,4079293729,146.5,149.5,145.0,148.0,3.5,16579,0.8955474146146928,131.1977,132.541,129.8544,133.8843
2021-08-31,15732101,2310210697,148.0,148.5,145.0,147.5,-0.5,8119,0.8955474146146928,132.541,132.0932,129.8544,132.9888
2021-09-01,21327815,3173684733,147.0,151.5,145.5,148.5,1.0,12381,0.8955474146146928,131.6455,132.9888,130.3021,135.6754
2021-09-02,22816016,3400949914,149.0,151.0,147.0,147.5,-1.0,12053,0.8955474146146928,133.4366,132.0932,131.6455,135.2277
2021-09-03,44160514,6720583543,149.5,156.0,148.0,155.0,7.5,24155,0.8955474146146928,133.8843,138.8098,132.541,139.7054
2021-09-06,36396594,5642040543,155.0,158.5,151.5,154.5,-0.5,22285,0.8955474146146928,138.8098,138.3621,135.6754,141.9443
2021-09-07,40552113,6033713468,155.0,156.0,143.0,148.5,-6.0,21953,0.8955474146146928,138.8098,132.9888,128.0633,139.7054
2021-09-08,41651289,5915131251,146.5,147.0,138.5,143.0,-5.5,23817,0.8955474146146928,131.1977,128.0633,124.0333,131.6455
2021-09-09,19635375,2817054508,141.0,146.0,140.0,144.0,1.0,12277,0.8955474146146928,126.2722,128.9588,125.3766,130.7499
2021-09-10,13447219,1938158052,144.5,145.5,141.5,145.5,1.5,7844,0.8955474146146928,129.4066,130.3021,126.72,130.3021
2021-09-13,8444412,1218677263,145.0,146.5,143.0,144.5,-1.0,4822,0.8955474146146928,129.8544,129.4066,128.0633,131.1977
2021-09-14,9822206,1412764979,144.5,146.0,142.0,142.5,-2.0,6147,0.8955474146146928,129.4066,127.6155,127.1677,130.7499
2021-09-15,8251311,1173954605,142.5,144.0,141.0,141.5,-1.0,5680,0.8955474146146928,127.6155,126.72,126.2722,128.9588
2021-09-16,22778026,3325020421,143.0,147.5,142.5,145.5,4.0,12990,0.8955474146146928,128.0633,130.3021,127.6155,132.0932
2021-09-17,15774999,2298119931,145.0,148.0,143.0,147.5,2.0,9116,0.8955474146146928,129.8544,132.0932,128.0633,132.541
2021-09-22,16765915,2380493487,142.5,145.5,141.0,141.0,-6.5,11377,0.8955474146146928,127.6155,126.2722,126.2722,130.3021
2021-09-23,16576195,2384220295,144.0,146.0,142.0,142.0,1.0,9609,0.8955474146146928,128.9588,127.1677,127.1677,130.7499
2021-09-24,14250930,2047166039,144.0,145.0,142.5,143.0,1.0,7269,0.8955474146146928,128.9588,128.0633,127.6155,129.8544
2021-09-27,25472331,3534090528,142.0,142.5,137.0,138.0,-5.0,17323,0.8955474146146928,127.1677,123.5855,122.69,127.6155
2021-09-28,28528543,3818878255,134.0,138.5,131.0,137.0,-1.0,16727,0.8955474146146928,120.0034,122.69,117.3167,124.0333
2021-09-29,23890422,3141368507,131.5,133.5,130.0,131.0,-6.0,14061,0.8955474146146928,117.7645,117.3167,116.4212,119.5556
2021-09-30,29736849,3879813702,131.5,133.0,126.0,132.0,1.0,16386,0.8955474146146928,117.7645,118.2123,112.839,119.1078
2021-10-01,20122203,2580960193,129.0,132.0,125.5,127.5,-4.5,11481,0.8955474146146928,115.5256,114.1823,112.3912,118.2123
2021-10-04,26136279,3268080859,129.0,130.0,122.0,122.5,-5.0,12322,0.8955474146146928,115.5256,109.7046,109.2568,116.4212
2021-10-05,30754537,3799677489,118.5,128.0,116.5,125.5,3.0,14892,0.8955474146146928,106.1224,112.3912,104.3313,114.6301
2021-10-06,15736243,1943475096,126.0,127.0,120.5,121.5,-4.0,9183,0.8955474146146928,112.839,108.809,107.9135,113.7345
2021-10-07,25776902,3243911787,122.5,128.5,122.0,126.5,5.0,13885,0.8955474146146928,109.7046,113.2867,109.2568,115.0778
2021-10-08,17331731,2234294901,127.5,130.5,126.5,130.0,3.5,8478,0.8955474146146928,114.1823,116.4212,113.2867,116.8689
2021-10-12,14146800,1782470260,128.0,130.0,123.0,124.0,-6.0,7836,0.8955474146146928,114.6301,111.0479,110.1523,116.4212
2021-10-13,29165710,3464770454,125.0,125.5,116.0,116.0,-8.0,15521,0.8955474146146928,111.9434,103.8835,103.8835,112.3912
2021-10-14,25300984,2958653433,116.0,119.5,115.0,117.0,1.0,12015,0.8955474146146928,103.8835,104.779,102.988,107.0179
2021-10-15,35503329,4441201531,120.5,128.5,119.5,126.0,9.0,18075,0.8955474146146928,107.9135,112.839,107.0179,115.0778
2021-10-18,36425156,4710719286,130.0,131.5,126.5,129.0,3.0,18472,0.8955474146146928,116.4212,115.5256,113.2867,117.7645
2021-10-19,84087527,11664411035,133.0,141.5,132.5,141.5,12.5,33835,0.8955474146146928,119.1078,126.72,118.66,126.72
2021-10-20,121515513,17695260379,142.5,151.0,141.0,145.5,4.0,63546,0.8955474146146928,127.6155,130.3021,126.2722,135.2277
2021-10-21,50600813,7262502509,145.5,147.5,140.0,142.0,-3.5,28045,0.8955474146146928,130.3021,127.1677,125.3766,132.0932
2021-10-22,43985793,6355223757,145.0,147.0,141.5,143.5,1.5,22899,0.8955474146146928,129.8544,128.5111,126.72,131.6455
2021-10-25,56328253,8367560043,143.0,153.0,142.5,150.5,7.0,32680,0.8955474146146928,128.0633,134.7799,127.6155,137.0188
2021-10-26,83852359,13077237189,157.0,160.5,152.5,156.0,5.5,42222,0.8955474146146928,140.6009,139.7054,136.571,143.7354
2021-10-27,52290164,8903558621,171.0,171.5,167.0,171.5,15.5,21858,0.8955474146146928,153.1386,153.5864,149.5564,153.5864
2021-10-28,133831775,23781704896,176.0,181.5,173.0,178.5,7.0,69668,0.8955474146146928,157.6163,159.8552,154.9297,162.5419
2021-10-29,98455838,18129792577,179.5,191.0,176.5,190.0,11.5,62491,0.8955474146146928,160.7508,170.154,158.0641,171.0496
2021-11-01,71674191,13825420105,197.5,198.5,188.5,189.0,-1.0,54258,0.8955474146146928,176.8706,169.2585,168.8107,177.7662
2021-11-02,91361986,17820574964,192.5,200.5,189.0,196.0,7.0,55084,0.8955474146146928,172.3929,175.5273,169.2585,179.5573
2021-11-03,72174925,13498744557,197.5,198.0,182.5,187.5,-8.5,50062,0.8955474146146928,176.8706,167.9151,163.4374,177.3184
2021-11-04,48998741,9416654974,192.0,195.5,189.0,190.0,2.5,29331,0.8955474146146928,171.9451,170.154,169.2585,175.0795
2021-11-05,54345348,10336782798,190.5,196.0,182.5,195.0,5.0,34927,0.8955474146146928,170.6018,174.6317,163.4374,175.5273
2021-11-08,27862898,5275327346,191.5,192.0,187.0,190.0,-5.0,23221,0.8955474146146928,171.4973,170.154,167.4674,171.9451
2021-11-09,48392224,9467290907,193.0,199.0,192.5,192.5,2.5,26978,0.8955474146146928,172.8407,172.3929,172.3929,178.2139
2021-11-10,42275213,8344688576,191.0,201.5,191.0,199.5,7.0,24842,0.8955474146146928,171.0496,178.6617,171.0496,180.4528
2021-11-11,44492246,8777491177,196.0,203.0,194.0,195.0,-4.5,30608,0.8955474146146928,175.5273,174.6317,173.7362,181.7961
2021-11-12,52134122,10499001534,198.5,206.0,195.5,202.0,7.0,30145,0.8955474146146928,177.7662,180.9006,175.0795,184.4828
2021-11-15,53708476,10751091459,205.0,206.5,195.0,196.0,-6.0,34064,0.8955474146146928,183.5872,175.5273,174.6317,184.9305
2021-11-16,31333097,6115403790,197.5,199.5,192.5,195.0,-1.0,19144,0.8955474146146928,176.8706,174.6317,172.3929,178.6617
2021-11-17,18149099,3554170511,196.0,198.0,193.0,198.0,3.0,11981,0.8955474146146928,175.5273,177.3184,172.8407,177.3184
2021-11-18,30431351,5851128989,196.5,197.0,189.0,192.5,-5.5,20767,0.8955474146146928,175.9751,172.3929,169.2585,176.4228
2021-11-19,17127361,3342450647,194.5,197.0,193.0,195.5,3.0,10620,0.8955474146146928,174.184,175.0795,172.8407,176.4228
2021-11-22,16318433,3152014243,193.5,196.5,189.5,196.0,0.5,12331,0.8955474146146928,173.2884,175.5273,169.7062,175.9751
2021-11-23,19989666,3925866135,194.0,199.0,192.5,197.0,1.0,11852,0.8955474146146928,173.7362,176.4228,172.3929,178.2139
2021-11-24,37299187,7444257475,196.5,203.5,194.5,198.5,1.5,24297,0.8955474146146928,175.9751,177.7662,174.184,182.2439
2021-11-25,65189877,13491703204,200.0,212.0,199.5,210.5,12.0,40213,0.8955474146146928,179.1095,188.5127,178.6617,189.8561
2021-11-26,60771251,12604822841,210.0,212.5,201.5,207.5,-3.0,39019,0.8955474146146928,188.065,185.8261,180.4528,190.3038
2021-11-29,49109183,10259740820,206.5,214.0,202.0,213.0,5.5,30268,0.8955474146146928,184.9305,190.7516,180.9006,191.6471
2021-11-30,69052834,15528373019,217.0,229.5,214.5,228.0,15.0,40654,0.8955474146146928,194.3338,204.1848,192.0949,205.5281
2021-12-01,33173026,7411481814,225.0,226.5,221.0,223.5,-4.5,23449,0.8955474146146928,201.4982,200.1548,197.916,202.8415
2021-12-02,51805463,11320943008,224.0,228.0,213.0,213.0,-10.5,33505,0.8955474146146928,200.6026,190.7516,190.7516,204.1848
2021-12-03,28237593,6095521023,215.0,218.0,212.0,217.5,4.5,16177,0.8955474146146928,192.5427,194.7816,189.8561,195.2293
2021-12-06,21679589,4727094969,218.5,220.5,214.5,219.0,1.5,13562,0.8955474146146928,195.6771,196.1249,192.0949,197.4682
2021-12-07,31057496,6868405130,220.0,227.0,215.0,216.5,-2.5,23790,0.8955474146146928,197.0204,193.886,192.5427,203.2893
2021-12-08,26337755,5861343525,222.0,225.0,219.0,221.0,4.5,17775,0.8955474146146928,198.8115,197.916,196.1249,201.4982
2021-12-09,32434346,7215688029,224.5,228.0,217.5,218.0,-3.0,23908,0.8955474146146928,201.0504,195.2293,194.7816,204.1848
2021-12-10,28312448,6279410820,217.0,225.0,215.0,224.5,6.5,16709,0.8955474146146928,194.3338,201.0504,192.5427,201.4982
2021-12-13,22632226,5035126827,226.0,227.0,219.0,220.5,-4.0,17426,0.8955474146146928,202.3937,197.4682,196.1249,203.2893
2021-12-14,16757113,3643235801,220.0,222.0,215.5,216.0,-4.5,12529,0.8955474146146928,197.0204,193.4382,192.9905,198.8115
2021-12-15,22989240,5064523973,218.0,224.0,216.0,221.5,5.5,11008,0.8955474146146928,195.2293,198.3638,193.4382,200.6026
2021-12-16,20857562,4664852654,225.0,226.0,220.0,225.0,3.5,17103,0.8955474146146928,201.4982,201.4982,197.0204,202.3937
2021-12-17,55442100,12402338730,225.5,231.5,218.0,222.0,-3.0,30880,0.8955474146146928,201.9459,198.8115,195.2293,207.3192
2021-12-20,19801504,4364385805,221.0,225.0,217.5,218.0,-4.0,15174,0.8955474146146928,197.916,195.2293,194.7816,201.4982
2021-12-21,18310122,4010587761,219.5,222.5,215.0,222.5,4.5,11312,0.8955474146146928,196.5727,199.2593,192.5427,199.2593
2021-12-22,28680902,6485640360,224.0,229.0,222.0,227.5,5.0,18663,0.8955474146146928,200.6026,203.737,198.8115,205.0804
2021-12-23,55627208,13137932639,230.0,240.0,229.0,240.0,12.5,39081,0.8955474146146928,205.9759,214.9314,205.0804,214.9314
2021-12-24,26940670,6437845825,241.0,243.0,236.5,239.0,-1.0,16908,0.8955474146146928,215.8269,214.0358,211.797,217.618
2021-12-27,34465337,8323543432,240.5,247.5,236.0,236.0,-3.0,23128,0.8955474146146928,215.3792,211.3492,211.3492,221.648
2021-12-28,13274826,3163933497,239.5,240.0,236.0,239.0,3.0,9205,0.8955474146146928,214.4836,214.0358,211.3492,214.9314
2021-12-29,15250800,3587923089,239.0,240.0,233.0,233.0,-6.0,11607,0.8955474146146928,214.0358,208.6625,208.6625,214.9314
2021-12-30,18284580,4243287373,232.0,236.0,229.0,231.0,-2.0,11819,0.8955474146146928,207.767,206.8715,205.0804,211.3492
2022-01-03,30680600,7218335430,235.0,240.5,231.0,231.0,0.0,18316,0.8955474146146928,210.4536,206.8715,206.8715,215.3792
2022-01-04,23913232,5617108847,234.5,238.0,231.5,237.0,6.0,15879,0.8955474146146928,210.0059,212.2447,207.3192,213.1403
2022-01-05,20977602,4893444978,237.0,239.0,230.0,230.0,-7.0,14784,0.8955474146146928,212.2447,205.9759,205.9759,214.0358
2022-01-06,32633746,7278805896,228.0,228.0,220.0,221.0,-9.0,21531,0.8955474146146928,204.1848,197.916,197.0204,204.1848
2022-01-07,34146702,7413089373,222.0,223.5,212.5,217.5,-3.5,20575,0.8955474146146928,198.8115,194.7816,190.3038,200.1548
2022-01-10,33270618,7013408674,213.0,216.0,207.0,209.5,-8.0,21218,0.8955474146146928,190.7516,187.6172,185.3783,193.4382
2022-01-11,25479110,5332212282,206.5,212.0,206.0,208.5,-1.0,14892,0.8955474146146928,184.9305,186.7216,184.4828,189.8561
2022-01-12,31060917,6679790005,215.5,217.5,212.0,216.0,7.5,17613,0.8955474146146928,192.9905,193.4382,189.8561,194.7816
2022-01-13,22506242,4886132549,215.5,220.0,212.5,218.0,2.0,13825,0.8955474146146928,192.9905,195.2293,190.3038,197.0204
2022-01-14,20733222,4477665321,216.5,220.5,211.5,220.0,2.0,13056,0.8955474146146928,193.886,197.0204,189.4083,197.4682
2022-01-17,23283703,5184314946,222.5,225.5,221.0,221.5,1.5,14504,0.8955474146146928,199.2593,198.3638,197.916,201.9459
2022-01-18,19261255,4324603567,222.5,227.5,220.5,222.0,0.5,11967,0.8955474146146928,199.2593,198.8115,197.4682,203.737
2022-01-19,20382178,4405027062,217.0,219.5,213.5,215.5,-6.5,14136,0.8955474146146928,194.3338,192.9905,191.1994,196.5727
2022-01-20,17642065,3838271786,215.0,222.0,213.5,222.0,6.5,12077,0.8955474146146928,192.5427,198.8115,191.1994,198.8115
2022-01-21,45271304,9453186892,215.0,216.0,200.5,201.0,-21.0,38698,0.8955474146146928,192.5427,180.005,179.5573,193.4382
2022-01-24,36189629,7297912970,196.5,208.0,194.0,207.0,6.0,20216,0.8955474146146928,175.9751,185.3783,173.7362,186.2739
2022-01-25,27785984,5608182363,202.0,205.5,199.0,200.5,-6.5,19267,0.8955474146146928,180.9006,179.5573,178.2139,184.035
2022-01-26,17876927,3599270842,200.5,204.0,199.0,200.0,-0.5,15433,0.8955474146146928,179.5573,179.1095,178.2139,182.6917
2022-02-07,19851394,4009150053,204.0,206.0,198.0,203.0,3.0,17207,0.8955474146146928,182.6917,181.7961,177.3184,184.4828
2022-02-08,26548764,5462776542,203.5,209.0,203.0,205.5,2.5,19033,0.8955474146146928,182.2439,184.035,181.7961,187.1694
2022-02-09,44888729,9686344971,209.0,222.0,208.5,221.5,16.0,33905,0.8955474146146928,187.1694,198.3638,186.7216,198.8115
2022-02-10,30957800,6806478715,223.5,225.0,216.0,217.5,-4.0,29350,0.8955474146146928,200.1548,194.7816,193.4382,201.4982
2022-02-11,27542874,6106106311,215.0,224.5,215.0,222.0,4.5,16147,0.8955474146146928,192.5427,198.8115,192.5427,201.0504
2022-02-14,13712914,2979072380,217.5,219.5,215.0,217.5,-4.5,18659,0.8955474146146928,194.7816,194.7816,192.5427,196.5727
2022-02-15,23078039,5169383456,220.0,227.0,219.5,222.5,5.0,18047,0.8955474146146928,197.0204,199.2593,196.5727,203.2893
2022-02-16,38530990,8991540396,230.0,237.0,229.0,233.5,11.0,31647,0.8955474146146928,205.9759,209.1103,205.0804,212.2447
2022-02-17,27431289,6442932264,234.5,238.0,231.0,234.5,1.0,21692,0.8955474146146928,210.0059,210.0059,206.8715,213.1403
2022-02-18,58539601,14159649877,233.0,247.5,231.5,242.0,7.5,42420,0.8955474146146928,208.6625,216.7225,207.3192,221.648
2022-02-21,32745720,7834998088,239.5,244.5,235.5,237.5,-4.5,32741,0.8955474146146928,214.4836,212.6925,210.9014,218.9613
2022-02-22,0,0,,,,,0.0,0,0.8955474146146928,,,,
2022-02-23,38012664,8999629842,233.0,241.0,232.5,240.5,0.0,31530,0.8955474146146928,208.6625,215.3792,208.2148,215.8269
2022-02-24,90931264,22328964535,238.5,254.0,234.5,243.0,2.5,55561,0.8955474146146928,213.5881,217.618,210.0059,227.469
2022-02-25,66414114,17067065331,254.0,261.0,252.5,254.0,11.0,55505,0.8955474146146928,227.469,227.469,226.1257,233.7379
2022-03-01,53817420,13604408287,257.5,260.5,246.5,246.5,-7.5,38856,0.8955474146146928,230.6035,220.7524,220.7524,233.2901
2022-03-02,31846269,7858897246,248.5,251.0,241.0,250.0,3.5,29180,0.8955474146146928,222.5435,223.8869,215.8269,224.7824
2022-03-03,26160990,6533391036,253.0,255.5,246.0,246.0,-4.0,28192,0.8955474146146928,226.5735,220.3047,220.3047,228.8124
2022-03-04,30244189,7496591343,246.0,253.0,243.5,245.0,-1.0,25615,0.8955474146146928,220.3047,219.4091,218.0658,226.5735
2022-03-07,45140523,10222231192,237.0,237.5,221.0,222.0,-23.0,37407,0.8955474146146928,212.2447,198.8115,197.916,212.6925
2022-03-08,41909884,9306879194,214.0,229.5,213.0,216.0,-6.0,38424,0.8955474146146928,191.6471,193.4382,190.7516,205.5281
2022-03-09,35910725,8040527705,224.5,227.5,219.0,227.0,11.0,35218,0.8955474146146928,201.0504,203.2893,196.1249,203.737
2022-03-10,38470621,9192133017,238.5,241.5,234.5,241.0,14.0,36702,0.8955474146146928,213.5881,215.8269,210.0059,216.2747
2022-03-11,25146480,5942764853,241.0,241.0,233.5,235.5,-5.5,30294,0.8955474146146928,215.8269,210.9014,209.1103,215.8269
2022-03-14,47316192,10728583918,236.0,239.5,222.0,225.0,-10.5,30353,0.8955474146146928,211.3492,201.4982,198.8115,214.4836
2022-03-15,37435065,8176092948,223.5,225.0,213.5,217.5,-7.5,37849,0.8955474146146928,200.1548,194.7816,191.1994,201.4982
2022-03-16,30353132,6541887200,224.5,225.0,210.0,212.5,-5.0,21652,0.8955474146146928,201.0504,190.3038,188.065,201.4982
2022-03-17,34118151,7629584982,223.0,228.0,219.5,225.5,13.0,31587,0.8955474146146928,199.7071,201.9459,196.5727,204.1848
2022-03-18,23171057,5086622339,222.0,222.5,217.0,219.5,-6.0,17894,0.8955474146146928,198.8115,196.5727,194.3338,199.2593
2022-03-21,21527280,4863197534,222.5,230.0,222.5,226.0,6.5,28341,0.8955474146146928,199.2593,202.3937,199.2593,205.9759
2022-03-22,19900973,4553049059,224.0,232.0,223.5,232.0,6.0,13045,0.8955474146146928,200.6026,207.767,200.1548,207.767
2022-03-23,26922762,6414524578,238.5,240.5,235.0,239.0,7.0,18658,0.8955474146146928,213.5881,214.0358,210.4536,215.3792
2022-03-24,20258673,4825466672,236.5,241.0,235.5,238.5,-0.5,29560,0.8955474146146928,211.797,213.5881,210.9014,215.8269
2022-03-25,33893819,8218746094,241.0,246.0,237.5,246.0,7.5,32835,0.8955474146146928,215.8269,220.3047,212.6925,220.3047
2022-03-28,19124406,4604375074,241.0,243.0,238.5,241.0,-5.0,23076,0.8955474146146928,215.8269,215.8269,213.5881,217.618
2022-03-29,23542476,5755933069,245.5,249.0,240.0,244.0,3.0,30273,0.8955474146146928,219.8569,218.5136,214.9314,222.9913
2022-03-30,30475509,7604507902,248.0,252.0,246.0,248.5,4.5,26521,0.8955474146146928,222.0958,222.5435,220.3047,225.6779
2022-03-31,19364756,4789787524,249.0,250.0,243.0,249.0,0.5,20046,0.8955474146146928,222.9913,222.9913,217.618,223.8869
2022-04-01,23064446,5616189015,246.0,246.0,241.0,243.5,-5.5,25867,0.8955474146146928,220.3047,218.0658,215.8269,220.3047
2022-04-06,31197099,7257239316,234.0,236.5,230.0,230.5,-13.0,37843,0.8955474146146928,209.5581,206.4237,205.9759,211.797
2022-04-07,29447577,6813894902,228.0,236.0,227.0,227.0,-3.5,35651,0.8955474146146928,204.1848,203.2893,203.2893,211.3492
2022-04-08,17229951,3954272728,231.5,233.0,226.0,231.0,4.0,27799,0.8955474146146928,207.3192,206.8715,202.3937,208.6625
2022-04-11,30127354,6555195706,227.5,227.5,213.0,213.5,-17.5,39847,0.8955474146146928,203.737,191.1994,190.7516,203.737
2022-04-12,18348533,3978114361,211.0,221.0,210.5,215.0,1.5,14042,0.8955474146146928,188.9605,192.5427,188.5127,197.916
2022-04-13,18162086,3923408879,219.0,220.0,213.0,216.5,1.5,20433,0.8955474146146928,196.1249,193.886,190.7516,197.0204
2022-04-14,11081751,2426247427,219.5,222.0,217.0,217.5,1.0,8747,0.8955474146146928,196.5727,194.7816,194.3338,198.8115
2022-04-15,20742040,4314759173,213.0,213.5,205.0,205.0,-12.5,19225,0.8955474146146928,190.7516,183.5872,183.5872,191.1994
2022-04-18,20116477,4137479023,199.0,210.0,198.0,206.5,1.5,14509,0.8955474146146928,178.2139,184.9305,177.3184,188.065
2022-04-19,15334107,3236561391,211.0,213.0,209.0,210.5,4.0,17706,0.8955474146146928,188.9605,188.5127,187.1694,190.7516
2022-04-20,23840852,5201796341,214.0,220.0,214.0,220.0,9.5,15982,0.8955474146146928,191.6471,197.0204,191.6471,197.0204
2022-04-21,22552339,4938420772,216.0,221.0,215.5,220.0,0.0,20799,0.8955474146146928,193.4382,197.0204,192.9905,197.916
2022-04-22,25506149,5384910537,213.0,216.5,209.0,210.0,-10.0,16069,0.8955474146146928,190.7516,188.065,187.1694,193.886
2022-04-25,24244616,4920151300,202.0,208.0,199.0,202.0,-8.0,17895,0.8955474146146928,180.9006,180.9006,178.2139,186.2739
2022-04-26,24161136,4859094639,207.5,208.0,197.0,199.5,-2.5,18225,0.8955474146146928,185.8261,178.6617,176.4228,186.2739
2022-04-27,63792152,13166781986,195.0,219.0,192.0,216.5,17.0,36058,0.8955474146146928,174.6317,193.886,171.9451,196.1249
2022-04-28,47221179,9896500128,213.0,215.5,205.0,205.5,-11.0,64504,0.8955474146146928,190.7516,184.035,183.5872,192.9905
2022-04-29,40325577,8552139164,210.5,216.0,207.5,213.0,7.5,24770,0.8955474146146928,188.5127,190.7516,185.8261,193.4382
2022-05-03,19738296,4222670000,213.0,216.5,211.5,213.5,0.5,17063,0.8955474146146928,190.7516,191.1994,189.4083,193.886
2022-05-04,26541775,5792121640,216.0,222.0,214.5,217.5,4.0,24142,0.8955474146146928,193.4382,194.7816,192.0949,198.8115
2022-05-05,35672578,7944269171,225.0,227.0,218.0,218.0,0.5,32222,0.8955474146146928,201.4982,195.2293,195.2293,203.2893
2022-05-06,24375308,5104526477,210.5,213.0,207.0,208.0,-10.0,47379,0.8955474146146928,188.5127,186.2739,185.3783,190.7516
2022-05-09,28043442,5952460171,208.5,215.5,208.0,211.0,3.0,18302,0.8955474146146928,186.7216,188.9605,186.2739,192.9905
2022-05-10,27654668,5826617670,205.0,216.5,203.0,216.5,5.5,30703,0.8955474146146928,183.5872,193.886,181.7961,193.886
2022-05-11,17428516,3717417756,216.5,217.0,211.0,212.0,-4.5,18687,0.8955474146146928,193.886,189.8561,188.9605,194.3338
2022-05-12,18903320,4004573189,210.0,215.5,208.5,208.5,-3.5,16729,0.8955474146146928,188.065,186.7216,186.7216,192.9905
2022-05-13,19892245,4258600188,213.5,216.0,211.0,215.0,6.5,12736,0.8955474146146928,191.1994,192.5427,188.9605,193.4382
2022-05-16,23945454,5240263162,220.0,223.5,214.0,214.5,-0.5,19223,0.8955474146146928,197.0204,192.0949,191.6471,200.1548
2022-05-17,20817850,4538091753,218.0,220.5,214.5,219.5,5.0,16843,0.8955474146146928,195.2293,196.5727,192.0949,197.4682
2022-05-18,25628681,5744265072,226.0,228.0,222.0,222.5,3.0,17883,0.8955474146146928,202.3937,199.2593,198.8115,204.1848
2022-05-19,20266191,4398127143,217.0,219.5,214.0,219.0,-3.5,29226,0.8955474146146928,194.3338,196.1249,191.6471,196.5727
2022-05-20,12439441,2726014828,221.0,221.5,217.0,217.0,-2.0,13035,0.8955474146146928,197.916,194.3338,194.3338,198.3638
2022-05-23,11025244,2395183687,218.0,220.0,215.0,216.0,-1.0,17484,0.8955474146146928,195.2293,193.4382,192.5427,197.0204
2022-05-24,27926948,5834528669,216.5,217.0,204.0,204.0,-12.0,29539,0.8955474146146928,193.886,182.6917,182.6917,194.3338
2022-05-25,29249758,6081573383,207.0,213.5,202.5,213.0,9.0,21415,0.8955474146146928,185.3783,190.7516,181.3484,191.1994
2022-05-26,37810666,7775892215,212.0,213.0,201.0,201.5,-11.5,52627,0.8955474146146928,189.8561,180.4528,180.005,190.7516
2022-05-27,26809571,5466670090,205.0,207.0,201.0,201.5,0.0,17594,0.8955474146146928,183.5872,180.4528,180.005,185.3783
2022-05-30,37682547,7989095009,206.0,216.0,205.5,213.0,11.5,25777,0.8955474146146928,184.4828,190.7516,184.035,193.4382
2022-05-31,23224059,4991990147,214.0,217.0,212.0,215.5,2.5,13410,0.8955474146146928,191.6471,192.9905,189.8561,194.3338
2022-06-01,38507930,7979712835,210.0,211.5,205.0,205.5,-10.0,49807,0.8955474146146928,188.065,184.035,183.5872,189.4083
2022-06-02,27299492,5559444927,202.5,206.5,202.0,203.5,-2.0,20228,0.8955474146146928,181.3484,182.2439,180.9006,184.9305
2022-06-06,18922506,3877473047,205.5,207.5,202.5,203.5,0.0,10054,0.8955474146146928,184.035,182.2439,181.3484,185.8261
2022-06-07,19735346,3966463942,204.5,205.5,199.0,200.0,-3.5,16495,0.8955474146146928,183.1394,179.1095,178.2139,184.035
2022-06-08,19618751,3994967221,203.0,206.0,201.0,204.5,4.5,12545,0.8955474146146928,181.7961,183.1394,180.005,184.4828
2022-06-09,22830348,4729299552,206.0,209.5,205.0,206.5,2.0,19123,0.8955474146146928,184.4828,184.9305,183.5872,187.6172
2022-06-10,12078408,2478702206,204.5,207.5,203.0,206.5,0.0,16979,0.8955474146146928,183.1394,184.9305,181.7961,185.8261
2022-06-13,19853263,3979247993,200.5,202.5,199.0,200.0,-6.5,14173,0.8955474146146928,179.5573,179.1095,178.2139,181.3484
2022-06-14,18938842,3775700979,199.5,202.5,197.0,201.5,1.5,13173,0.8955474146146928,178.6617,180.4528,176.4228,181.3484
2022-06-15,51421524,9804059112,201.0,203.0,182.0,183.0,-18.5,42218,0.8955474146146928,180.005,163.8852,162.9896,181.7961
2022-06-16,126625079,22122983504,182.5,184.5,165.5,165.5,-17.5,76419,0.8955474146146928,163.4374,148.2131,148.2131,165.2285
2022-06-17,92286949,15060099554,165.0,167.5,158.0,166.0,0.5,51082,0.8955474146146928,147.7653,148.6609,141.4965,150.0042
2022-06-20,38596252,6227658481,166.5,167.0,156.5,157.5,-8.5,27686,0.8955474146146928,149.1086,141.0487,140.1532,149.5564
2022-06-21,49578687,8232168428,164.0,170.0,162.5,169.5,12.0,31721,0.8955474146146928,146.8698,151.7953,145.5265,152.2431
2022-06-22,42796843,6899320949,168.0,168.0,157.5,158.0,-11.5,32070,0.8955474146146928,150.452,141.4965,141.0487,150.452
2022-06-23,30103882,4778212144,162.0,162.0,155.0,159.0,1.0,19914,0.8955474146146928,145.0787,142.392,138.8098,145.0787
2022-06-24,27606324,4455042507,161.5,164.5,158.5,160.5,1.5,21779,0.8955474146146928,144.6309,143.7354,141.9443,147.3175
2022-06-27,30111669,5055130598,164.5,170.5,164.5,167.5,7.0,23238,0.8955474146146928,147.3175,150.0042,147.3175,152.6908
2022-06-28,32833377,5271831573,165.5,166.0,157.0,161.0,-6.5,24209,0.8955474146146928,148.2131,144.1831,140.6009,148.6609
2022-06-29,22726752,3662143153,159.0,164.0,157.5,162.5,1.5,13400,0.8955474146146928,142.392,145.5265,141.0487,146.8698
2022-06-30,22700123,3605316630,161.0,161.5,156.5,158.5,-4.0,17253,0.8955474146146928,144.1831,141.9443,140.1532,144.6309
2022-07-01,49603536,7431097037,158.5,159.5,144.5,146.0,-12.5,30932,0.8955474146146928,141.9443,130.7499,129.4066,142.8398
2022-07-04,38497356,5800614352,151.0,154.0,147.5,149.0,3.0,25674,0.8955474146146928,135.2277,133.4366,132.0932,137.9143
2022-07-05,42046494,6431115739,152.5,156.5,149.0,153.5,4.5,21709,0.8955474146146928,136.571,137.4665,133.4366,140.1532
2022-07-06,30716027,4654318954,152.0,155.5,147.5,147.5,-6.0,18189,0.8955474146146928,136.1232,132.0932,132.0932,139.2576
2022-07-07,41524857,6420827162,152.5,160.0,147.5,156.5,9.0,25111,0.8955474146146928,136.571,140.1532,132.0932,143.2876
2022-07-08,43913917,6969669733,159.5,163.0,155.0,157.5,1.0,30514,0.8955474146146928,142.8398,141.0487,138.8098,145.9742
2022-07-11,26993165,4207500124,159.5,160.0,152.5,153.0,-4.5,18495,0.8955474146146928,142.8398,137.0188,136.571,143.2876
2022-07-12,23303603,3523203432,150.5,155.5,148.0,148.5,-4.5,12521,0.8955474146146928,134.7799,132.9888,132.541,139.2576
2022-07-13,24732538,3822354186,156.5,159.5,149.5,149.5,1.0,13814,0.8955474146146928,140.1532,133.8843,133.8843,142.8398
2022-07-14,26236949,3998125946,149.0,155.5,147.0,153.5,4.0,12255,0.8955474146146928,133.4366,137.4665,131.6455,139.2576
2022-07-15,35880346,5568056810,154.5,159.5,150.5,156.5,0.0,20024,0.9158329656452723,141.4962,143.3279,137.8329,146.0754
2022-07-18,38850375,6295273450,158.0,167.0,155.0,163.5,7.0,31530,0.9158329656452723,144.7016,149.7387,141.9541,152.9441
2022-07-19,30590470,5045968259,163.0,167.5,162.5,164.0,0.5,30095,0.9158329656452723,149.2808,150.1966,148.8229,153.402
2022-07-20,46418692,7875337389,169.0,173.0,166.5,170.5,6.5,25958,0.9158329656452723,154.7758,156.1495,152.4862,158.4391
2022-07-21,40678637,7132245796,172.0,178.5,170.5,177.5,7.0,28402,0.9158329656452723,157.5233,162.5604,156.1495,163.4762
2022-07-22,30874792,5484414584,177.5,180.5,175.0,177.0,-0.5,24646,0.9158329656452723,162.5604,162.1024,160.2708,165.3079
2022-07-25,24035992,4224310709,176.0,179.0,172.5,176.0,-1.0,22249,0.9158329656452723,161.1866,161.1866,157.9812,163.9341
2022-07-26,36843484,6262051570,176.0,176.5,166.5,170.0,-6.0,36278,0.9158329656452723,161.1866,155.6916,152.4862,161.6445
2022-07-27,64743620,11331823989,173.0,180.0,169.5,179.5,9.5,46057,0.9158329656452723,158.4391,164.392,155.2337,164.8499
2022-07-28,85102439,14161326765,173.5,173.5,162.0,162.0,-17.5,65622,0.9158329656452723,158.897,148.3649,148.3649,158.897
2022-07-29,75510359,11999144806,158.0,162.0,156.5,158.5,-3.5,46419,0.9158329656452723,144.7016,145.1595,143.3279,148.3649
2022-08-01,58963721,9131946352,157.0,159.0,152.5,155.0,-3.5,37239,0.9158329656452723,143.7858,141.9541,139.6645,145.6174
2022-08-02,55600095,8263612641,153.5,153.5,145.0,148.0,-7.0,35783,0.9158329656452723,140.5804,135.5433,132.7958,140.5804
2022-08-03,44478699,6569038348,150.0,151.0,145.5,147.5,-0.5,25620,0.9158329656452723,137.3749,135.0854,133.2537,138.2908
2022-08-04,44073209,6432345405,148.0,149.5,142.5,146.0,-1.5,26497,0.9158329656452723,135.5433,133.7116,130.5062,136.917
2022-08-05,40722271,6156324890,148.5,154.0,147.5,150.5,4.5,25108,0.9158329656452723,136.0012,137.8329,135.0854,141.0383
2022-08-08,19441112,2915522066,149.5,153.0,147.0,153.0,2.5,11699,0.9158329656452723,136.917,140.1224,134.6274,140.1224
2022-08-09,28053267,4315852286,152.5,156.0,151.0,154.0,1.0,15648,0.9158329656452723,139.6645,141.0383,138.2908,142.8699
2022-08-10,22673681,3456421660,153.0,155.5,150.0,150.0,-4.0,15531,0.9158329656452723,140.1224,137.3749,137.3749,142.412
2022-08-11,28892731,4448897239,154.5,155.5,152.0,152.5,2.5,14674,0.9158329656452723,141.4962,139.6645,139.2066,142.412
2022-08-12,33673271,5283706146,154.0,159.0,154.0,158.0,5.5,19717,0.9158329656452723,141.0383,144.7016,141.0383,145.6174
2022-08-15,51091803,8351098826,160.0,166.0,160.0,163.5,5.5,31380,0.9158329656452723,146.5333,149.7387,146.5333,152.0283
2022-08-16,21086020,3426074747,164.0,164.5,161.0,162.5,-1.0,14048,0.9158329656452723,150.1966,148.8229,147.4491,150.6545
2022-08-17,26526867,4243671569,162.5,163.5,158.0,159.0,-3.5,25694,0.9158329656452723,148.8229,145.6174,144.7016,149.7387
2022-08-18,33019003,5165335330,156.0,160.5,153.0,160.0,1.0,19848,0.9158329656452723,142.8699,146.5333,140.1224,146.9912
2022-08-19,28289820,4601790718,159.0,165.0,159.0,163.5,3.5,17418,0.9158329656452723,145.6174,149.7387,145.6174,151.1124
2022-08-22,36133264,5965808808,160.5,168.0,160.5,163.5,0.0,22663,0.9158329656452723,146.9912,149.7387,146.9912,153.8599
2022-08-23,40641865,6392179636,160.5,161.5,154.0,154.5,-9.0,29114,0.9158329656452723,146.9912,141.4962,141.0383,147.907
2022-08-24,27773548,4277182517,154.0,156.0,151.0,154.5,0.0,17755,0.9158329656452723,141.0383,141.4962,138.2908,142.8699
2022-08-25,17472289,2718207043,155.5,157.5,154.0,154.5,0.0,12537,0.9158329656452723,142.412,141.4962,141.0383,144.2437
2022-08-26,15993575,2514818574,157.0,158.5,156.0,156.5,2.0,9102,0.9158329656452723,143.7858,143.3279,142.8699,145.1595
2022-08-29,25869325,3887891074,150.0,152.5,148.0,151.5,-5.0,14946,0.9158329656452723,137.3749,138.7487,135.5433,139.6645
2022-08-30,13804040,2106285027,153.0,154.0,151.0,153.0,1.5,8025,0.9158329656452723,140.1224,140.1224,138.2908,141.0383
2022-08-31,15998238,2419623174,150.5,152.5,150.0,151.5,-1.5,9849,0.9158329656452723,137.8329,138.7487,137.3749,139.6645
2022-09-01,63058363,8916025292,147.0,147.5,137.0,138.0,-13.5,43646,0.9158329656452723,134.6274,126.3849,125.4691,135.0854
2022-09-02,41118853,5714755114,140.0,141.5,136.5,138.5,0.5,23544,0.9158329656452723,128.2166,126.8429,125.0112,129.5904
2022-09-05,25151484,3524279887,140.5,143.0,137.5,138.0,-0.5,14089,0.9158329656452723,128.6745,126.3849,125.927,130.9641
2022-09-06,16489371,2305510667,140.0,142.0,138.0,139.0,1.0,9597,0.9158329656452723,128.2166,127.3008,126.3849,130.0483
2022-09-07,41292410,5593973414,137.5,140.0,131.0,139.0,0.0,19973,0.9158329656452723,125.927,127.3008,119.9741,128.2166
2022-09-08,23707157,3306545242,141.0,142.5,136.5,139.5,0.5,13535,0.9158329656452723,129.1324,127.7587,125.0112,130.5062
2022-09-12,21545220,3090024226,143.5,146.0,141.5,142.5,3.0,11794,0.9158329656452723,131.422,130.5062,129.5904,133.7116
2022-09-13,30204271,4247131874,144.5,145.5,138.0,139.0,-3.5,16715,0.9158329656452723,132.3379,127.3008,126.3849,133.2537
2022-09-14,33925376,4560108995,132.5,136.5,132.0,135.5,-3.5,18924,0.9158329656452723,121.3479,124.0954,120.89,125.0112
2022-09-15,18887696,2544287593,136.0,137.0,132.5,133.0,-2.5,11508,0.9158329656452723,124.5533,121.8058,121.3479,125.4691
2022-09-16,23884350,3143247048,132.0,134.0,130.0,130.0,-3.0,11073,0.9158329656452723,120.89,119.0583,119.0583,122.7216
2022-09-19,21017202,2770162437,131.0,134.0,128.5,131.5,1.5,11101,0.9158329656452723,119.9741,120.432,117.6845,122.7216
2022-09-20,26447449,3434779942,133.5,134.0,128.5,129.0,-2.5,16456,0.9158329656452723,122.2637,118.1425,117.6845,122.7216
2022-09-21,18460660,2355411740,128.5,130.5,126.0,127.5,-1.5,10864,0.9158329656452723,117.6845,116.7687,115.395,119.5162
2022-09-22,25278707,3134582337,124.5,126.5,122.0,124.0,-3.5,13830,0.9158329656452723,114.0212,113.5633,111.7316,115.8529
2022-09-23,16751615,2077794861,123.5,125.5,123.0,123.0,-1.0,9923,0.9158329656452723,113.1054,112.6475,112.6475,114.937
2022-09-26,32414097,3879286814,121.0,123.0,117.0,118.0,-5.0,16509,0.9158329656452723,110.8158,108.0683,107.1525,112.6475
2022-09-27,28987525,3511383587,120.5,123.5,118.0,123.5,5.5,15305,0.9158329656452723,110.3579,113.1054,108.0683,113.1054
2022-09-28,36556638,4306536391,123.0,123.5,114.5,115.0,-8.5,19623,0.9158329656452723,112.6475,105.3208,104.8629,113.1054
2022-09-29,28869802,3316679664,118.5,119.5,112.0,113.0,-2.0,14874,0.9158329656452723,108.5262,103.4891,102.5733,109.442
2022-09-30,35184538,3993397076,109.0,117.5,108.0,117.5,4.5,15641,0.9158329656452723,99.8258,107.6104,98.91,107.6104
2022-10-03,25316748,2958467887,114.5,120.0,113.0,117.5,0.0,14561,0.9158329656452723,104.8629,107.6104,103.4891,109.9
2022-10-04,37535292,4541562429,123.0,124.0,118.0,122.5,5.0,17634,0.9158329656452723,112.6475,112.1895,108.0683,113.5633
2022-10-05,36088639,4435690449,125.0,126.0,120.0,121.5,-1.0,19113,0.9158329656452723,114.4791,111.2737,109.9,115.395
2022-10-06,19843589,2434930942,121.5,124.5,120.5,123.5,2.0,10244,0.9158329656452723,111.2737,113.1054,110.3579,114.0212
2022-10-07,26506108,3206386118,121.5,124.0,119.0,120.0,-3.5,14327,0.9158329656452723,111.2737,109.9,108.9841,113.5633
2022-10-11,30180021,3424489530,114.5,117.0,111.0,112.0,-8.0,15643,0.9158329656452723,104.8629,102.5733,101.6575,107.1525
2022-10-12,29374531,3316318791,112.5,114.5,111.0,113.0,1.0,14765,0.9158329656452723,103.0312,103.4891,101.6575,104.8629
2022-10-13,25063143,2757690710,113.0,114.0,106.5,107.5,-5.5,13632,0.9158329656452723,103.4891,98.452,97.5362,104.405
2022-10-14,24245527,2818494672,113.5,118.0,112.5,118.0,10.5,13061,0.9158329656452723,103.947,108.0683,103.0312,108.0683
2022-10-17,54968650,6358652867,117.0,120.0,112.5,119.5,1.5,24475,0.9158329656452723,107.1525,109.442,103.0312,109.9
2022-10-18,45724453,5549915334,123.5,124.5,118.0,121.0,1.5,23723,0.9158329656452723,113.1054,110.8158,108.0683,114.0212
2022-10-19,45760490,5658811872,120.5,126.0,120.0,122.5,1.5,25930,0.9158329656452723,110.3579,112.1895,109.9,115.395
2022-10-20,61289138,7148136006,120.5,121.0,113.0,116.5,-6.0,33174,0.9158329656452723,110.3579,106.6945,103.4891,110.8158
2022-10-21,37835632,4464841524,116.5,120.0,115.5,116.5,0.0,20775,0.9158329656452723,106.6945,106.6945,105.7787,109.9
2022-10-24,70814073,8775919476,121.5,127.5,121.5,122.0,5.5,36208,0.9158329656452723,111.2737,111.7316,111.2737,116.7687
2022-10-25,45841508,5592131770,123.0,123.5,120.0,121.5,-0.5,23713,0.9158329656452723,112.6475,111.2737,109.9,113.1054
2022-10-26,67815296,8080727177,123.5,124.0,115.5,118.5,-3.0,36098,0.9158329656452723,113.1054,108.5262,105.7787,113.5633
2022-10-27,42012221,5060028186,120.5,122.5,118.5,120.5,2.0,21769,0.9158329656452723,110.3579,110.3579,108.5262,112.1895
2022-10-28,46972152,5734226239,118.5,124.5,118.5,122.5,2.0,21253,0.9158329656452723,108.5262,112.1895,108.5262,114.0212
2022-10-31,45228502,5637567945,126.5,127.5,122.5,124.5,2.0,23154,0.9158329656452723,115.8529,114.0212,112.1895,116.7687
2022-11-01,23587355,2942353991,124.0,126.0,123.5,125.0,0.5,13044,0.9158329656452723,113.5633,114.4791,113.1054,115.395
2022-11-02,37431359,4754474768,125.0,128.5,124.0,127.5,2.5,19613,0.9158329656452723,114.4791,116.7687,113.5633,117.6845
2022-11-03,28177152,3579834417,125.0,128.5,124.5,127.5,0.0,13610,0.9158329656452723,114.4791,116.7687,114.0212,117.6845
2022-11-04,36710195,4636865197,126.5,129.0,124.0,129.0,1.5,18209,0.9158329656452723,115.8529,118.1425,113.5633,118.1425
2022-11-07,34886031,4469697166,130.5,131.0,125.5,128.0,-1.0,18578,0.9158329656452723,119.5162,117.2266,114.937,119.9741
2022-11-08,62842988,8411599991,130.5,137.0,130.0,133.0,5.0,34764,0.9158329656452723,119.5162,121.8058,119.0583,125.4691
2022-11-09,97390805,13818248202,137.0,145.5,136.5,145.0,12.0,52018,0.9158329656452723,125.4691,132.7958,125.0112,133.2537
2022-11-10,53541663,7769765416,142.5,147.0,142.0,147.0,2.0,30231,0.9158329656452723,130.5062,134.6274,130.0483,134.6274
2022-11-11,106436993,17043566211,161.0,161.5,157.0,158.0,11.0,41443,0.9158329656452723,147.4491,144.7016,143.7858,147.907
2022-11-14,68128385,10897303660,159.5,163.5,156.5,158.5,0.5,38465,0.9158329656452723,146.0754,145.1595,143.3279,149.7387
2022-11-15,45159257,7193362046,158.5,162.0,156.5,161.0,2.5,30083,0.9158329656452723,145.1595,147.4491,143.3279,148.3649
2022-11-16,38714964,6204775743,161.0,162.0,157.5,161.5,0.5,22320,0.9158329656452723,147.4491,147.907,144.2437,148.3649
2022-11-17,36531472,5839966932,161.5,163.5,158.0,158.5,-3.0,23510,0.9158329656452723,147.907,145.1595,144.7016,149.7387
2022-11-18,42573832,6660947655,158.5,160.0,153.0,154.0,-4.5,25924,0.9158329656452723,145.1595,141.0383,140.1224,146.5333
2022-11-21,21474706,3358222334,154.5,158.5,153.0,157.0,3.0,13007,0.9158329656452723,141.4962,143.7858,140.1224,145.1595
2022-11-22,23328228,3657840946,157.5,159.0,155.0,156.0,-1.0,13716,0.9158329656452723,144.2437,142.8699,141.9541,145.6174
2022-11-23,24279798,3771611287,157.5,158.0,153.0,153.5,-2.5,14008,0.9158329656452723,144.2437,140.5804,140.1224,144.7016
2022-11-24,23096676,3585354654,154.0,157.5,152.5,157.5,4.0,14246,0.9158329656452723,141.0383,144.2437,139.6645,144.2437
2022-11-25,31719780,5018116803,157.5,161.0,156.0,156.5,-1.0,17118,0.9158329656452723,144.2437,143.3279,142.8699,147.4491
2022-11-28,16512540,2569859151,154.0,158.0,153.0,155.5,-1.0,9813,0.9158329656452723,141.0383,142.412,140.1224,144.7016
2022-11-29,32350319,4915656072,154.5,155.0,150.0,151.0,-4.5,21910,0.9158329656452723,141.4962,138.2908,137.3749,141.9541
2022-11-30,18927937,2909552288,151.0,155.5,150.5,155.5,4.5,11120,0.9158329656452723,138.2908,142.412,137.8329,142.412
2022-12-01,92007576,14952889402,161.0,167.5,159.0,159.5,4.0,51632,0.9158329656452723,147.4491,146.0754,145.6174,153.402
2022-12-02,24128229,3865281308,158.5,161.5,158.0,160.5,1.0,15096,0.9158329656452723,145.1595,146.9912,144.7016,147.907
2022-12-05,53535719,8878400132,162.0,168.5,162.0,166.0,5.5,32284,0.9158329656452723,148.3649,152.0283,148.3649,154.3179
2022-12-06,32406655,5357133816,164.5,167.5,163.0,163.0,-3.0,27406,0.9158329656452723,150.6545,149.2808,149.2808,153.402
2022-12-07,66480202,10234302741,161.5,161.5,149.5,150.0,-13.0,42885,0.9158329656452723,147.907,137.3749,136.917,147.907
2022-12-08,35187186,5240940501,149.0,151.5,146.5,149.5,-0.5,20224,0.9158329656452723,136.4591,136.917,134.1695,138.7487
2022-12-09,27939235,4188972223,151.5,152.5,147.5,149.5,0.0,16561,0.9158329656452723,138.7487,136.917,135.0854,139.6645
2022-12-12,12951038,1929698853,148.0,151.0,146.5,150.0,0.5,7807,0.9158329656452723,135.5433,137.3749,134.1695,138.2908
2022-12-13,31777207,4706410371,151.5,152.0,145.0,146.0,-4.0,15735,0.9158329656452723,138.7487,133.7116,132.7958,139.2066
2022-12-14,22681124,3330022019,146.5,148.0,145.0,147.5,1.5,12724,0.9158329656452723,134.1695,135.0854,132.7958,135.5433
2022-12-15,12139160,1799279919,146.5,149.0,146.5,149.0,1.5,7590,0.9158329656452723,134.1695,136.4591,134.1695,136.4591
2022-12-16,28186938,4031800243,144.5,144.5,142.0,142.0,-7.0,18133,0.9158329656452723,132.3379,130.0483,130.0483,132.3379
2022-12-19,19176462,2702453441,140.5,143.5,139.0,140.5,-1.5,10386,0.9158329656452723,128.6745,128.6745,127.3008,131.422
2022-12-20,64996939,8400645064,132.5,134.5,126.5,126.5,-14.0,42720,0.9158329656452723,121.3479,115.8529,115.8529,123.1795
2022-12-21,68104058,8338437931,123.0,126.0,120.0,120.5,-6.0,35258,0.9158329656452723,112.6475,110.3579,109.9,115.395
2022-12-22,35434853,4330077586,123.0,124.5,120.5,122.0,1.5,19819,0.9158329656452723,112.6475,111.7316,110.3579,114.0212
2022-12-23,35224321,4325560606,120.0,125.0,118.0,125.0,3.0,20437,0.9158329656452723,109.9,114.4791,108.0683,114.4791
2022-12-26,13749850,1690588065,124.5,124.5,122.0,123.0,-2.0,8872,0.9158329656452723,114.0212,112.6475,111.7316,114.0212
2022-12-27,12820649,1581810010,123.5,125.0,122.0,122.5,-0.5,7786,0.9158329656452723,113.1054,112.1895,111.7316,114.4791
2022-12-28,16239219,1964402832,121.0,123.5,119.5,120.0,-2.5,9955,0.9158329656452723,110.8158,109.9,109.442,113.1054
2022-12-29,16172402,1951330460,118.5,122.0,118.5,121.5,1.5,9275,0.9158329656452723,108.5262,111.2737,108.5262,111.7316
2022-12-30,16703854,2026486476,123.5,124.0,120.0,120.0,-1.5,10171,0.9158329656452723,113.1054,109.9,109.9,113.5633
2023-01-03,11471114,1391074626,119.5,122.5,119.0,122.0,2.0,6905,0.9158329656452723,109.442,111.7316,108.9841,112.1895
2023-01-04,23101170,2758350882,121.5,122.5,118.0,120.0,-2.0,15416,0.9158329656452723,111.2737,109.9,108.0683,112.1895
2023-01-05,24089852,2875686036,120.5,122.0,117.5,119.0,-1.0,14369,0.9158329656452723,110.3579,108.9841,107.6104,111.7316
2023-01-06,26640579,3247265223,119.0,124.0,118.5,123.0,4.0,15482,0.9158329656452723,108.9841,112.6475,108.5262,113.5633
2023-01-09,31998441,4034205831,125.0,127.5,124.0,127.5,4.5,18434,0.9158329656452723,114.4791,116.7687,113.5633,116.7687
2023-01-10,16631624,2097972406,126.0,127.0,125.0,126.5,-1.0,9883,0.9158329656452723,115.395,115.8529,114.4791,116.3108
2023-01-11,13343594,1700714296,127.0,128.5,126.0,128.0,1.5,8501,0.9158329656452723,116.3108,117.2266,115.395,117.6845
2023-01-12,17048328,2156185382,128.5,129.0,125.0,125.0,-3.0,10135,0.9158329656452723,117.6845,114.4791,114.4791,118.1425
2023-01-13,29226567,3728307867,127.0,130.0,125.5,126.0,1.0,17375,0.9158329656452723,116.3108,115.395,114.937,119.0583
2023-01-16,26225351,3384549078,126.0,131.0,126.0,128.0,2.0,16285,0.9158329656452723,115.395,117.2266,115.395,119.9741
2023-01-17,18085899,2296831167,128.0,128.5,126.0,127.0,-1.0,12096,0.9158329656452723,117.2266,116.3108,115.395,117.6845
2023-01-30,43181475,5754737832,131.0,136.0,129.0,136.0,9.0,24724,0.9158329656452723,119.9741,124.5533,118.1425,124.5533
2023-01-31,24953006,3402241730,135.5,138.0,135.0,136.5,0.5,14451,0.9158329656452723,124.0954,125.0112,123.6375,126.3849
2023-02-01,35751997,5032400874,139.0,142.5,138.0,141.5,5.0,20883,0.9158329656452723,127.3008,129.5904,126.3849,130.5062
2023-02-02,40037391,5720570224,144.0,145.0,140.5,143.5,2.0,20189,0.9158329656452723,131.8799,131.422,128.6745,132.7958
2023-02-03,32488040,4537502077,143.0,143.0,136.5,137.0,-6.5,21030,0.9158329656452723,130.9641,125.4691,125.0112,130.9641
2023-02-06,32183965,4196921692,132.5,133.0,129.0,129.0,-8.0,22482,0.9158329656452723,121.3479,118.1425,118.1425,121.8058
2023-02-07,21779279,2830720283,128.5,131.5,128.5,130.0,1.0,12706,0.9158329656452723,117.6845,119.0583,117.6845,120.432
2023-02-08,18094327,2370946655,131.5,132.0,130.0,131.5,1.5,11829,0.9158329656452723,120.432,120.432,119.0583,120.89
2023-02-09,16136503,2131653609,130.5,133.0,130.0,132.5,1.0,9404,0.9158329656452723,119.5162,121.3479,119.0583,121.8058
2023-02-10,17324690,2255123470,132.0,132.5,129.0,129.0,-3.5,11399,0.9158329656452723,120.89,118.1425,118.1425,121.3479
2023-02-13,9258396,1193389097,129.0,130.5,128.0,128.5,-0.5,6524,0.9158329656452723,118.1425,117.6845,117.2266,119.5162
2023-02-14,15927555,2095339825,130.5,133.0,130.0,131.5,3.0,9944,0.9158329656452723,119.5162,120.432,119.0583,121.8058
2023-02-15,28379119,3814977172,131.0,137.5,130.5,137.5,6.0,18268,0.9158329656452723,119.9741,125.927,119.5162,125.927
2023-02-16,34635533,4785113570,139.5,140.5,135.5,138.5,1.0,21627,0.9158329656452723,127.7587,126.8429,124.0954,128.6745
2023-02-17,19483745,2654980784,136.5,138.0,135.0,136.0,-2.5,11572,0.9158329656452723,125.0112,124.5533,123.6375,126.3849
2023-02-20,11724345,1606472445,137.0,138.5,136.0,136.5,0.5,7882,0.9158329656452723,125.4691,125.0112,124.5533,126.8429
2023-02-21,14877279,2035759673,137.0,138.5,135.0,137.5,1.0,9987,0.9158329656452723,125.4691,125.927,123.6375,126.8429
2023-02-22,27076853,3636705253,135.0,136.0,133.5,133.5,-4.0,18518,0.9158329656452723,123.6375,122.2637,122.2637,124.5533
2023-02-23,25471038,3413583017,133.0,135.5,133.0,134.0,0.5,15533,0.9158329656452723,121.8058,122.7216,121.8058,124.0954
2023-02-24,50247832,6500861610,133.0,133.5,128.0,128.0,-6.0,36348,0.9158329656452723,121.8058,117.2266,117.2266,122.2637
2023-03-01,32915316,4243973647,126.0,131.5,124.0,131.5,3.5,17543,0.9158329656452723,115.395,120.432,113.5633,120.432
2023-03-02,26518986,3482590307,130.0,135.0,129.0,134.0,2.5,14809,0.9158329656452723,119.0583,122.7216,118.1425,123.6375
2023-03-03,43647690,5986220068,136.0,139.5,135.5,136.5,2.5,28446,0.9158329656452723,124.5533,125.0112,124.0954,127.7587
2023-03-06,22111957,3057993789,139.0,139.5,137.0,138.5,2.0,13640,0.9158329656452723,127.3008,126.8429,125.4691,127.7587
2023-03-07,17618847,2398856116,138.0,138.0,135.0,136.5,-2.0,12290,0.9158329656452723,126.3849,125.0112,123.6375,126.3849
2023-03-08,20125450,2755622061,135.0,138.5,134.0,137.0,0.5,11009,0.9158329656452723,123.6375,125.4691,122.7216,126.8429
2023-03-09,20469765,2801354716,138.5,138.5,135.5,136.0,-1.0,11827,0.9158329656452723,126.8429,124.5533,124.0954,126.8429
2023-03-10,20235055,2691261061,134.0,135.5,131.0,131.5,-4.5,14860,0.9158329656452723,122.7216,120.432,119.9741,124.0954
2023-03-13,17671130,2325179788,130.0,134.0,129.0,133.5,2.0,10615,0.9158329656452723,119.0583,122.2637,118.1425,122.7216
2023-03-14,14530118,1906254042,131.0,133.0,130.0,130.5,-3.0,9393,0.9158329656452723,119.9741,119.5162,119.0583,121.8058
2023-03-15,9348109,1234072325,132.5,133.0,131.0,131.0,0.5,6753,0.9158329656452723,121.3479,119.9741,119.9741,121.8058
2023-03-16,11662400,1519962094,130.5,132.0,129.0,129.5,-1.5,8473,0.9158329656452723,119.5162,118.6004,118.1425,120.89
2023-03-17,15386124,2042705388,131.5,134.0,131.0,134.0,4.5,7407,0.9158329656452723,120.432,122.7216,119.9741,122.7216
2023-03-20,14501789,1958924043,134.5,136.0,133.5,135.5,1.5,9538,0.9158329656452723,123.1795,124.0954,122.2637,124.5533
2023-03-21,30443954,4207855696,137.0,139.5,136.0,138.5,3.0,18932,0.9158329656452723,125.4691,126.8429,124.5533,127.7587
2023-03-22,32564239,4601035359,141.0,143.0,139.5,140.0,1.5,21813,0.9158329656452723,129.1324,128.2166,127.7587,130.9641
2023-03-23,42478671,6093359142,140.0,146.0,139.0,146.0,6.0,27711,0.9158329656452723,128.2166,133.7116,127.3008,133.7116
2023-03-24,56380224,8389428830,149.0,151.0,146.5,148.0,2.0,35424,0.9158329656452723,136.4591,135.5433,134.1695,138.2908
2023-03-27,27097680,3962696373,149.0,149.5,144.0,145.5,-2.5,18964,0.9158329656452723,136.4591,133.2537,131.8799,136.917
2023-03-28,43994366,6182402835,145.0,145.5,138.0,138.5,-7.0,27726,0.9158329656452723,132.7958,126.8429,126.3849,133.2537
2023-03-29,16463572,2313788328,139.5,142.0,139.5,140.5,2.0,11534,0.9158329656452723,127.7587,128.6745,127.7587,130.0483
2023-03-30,44885160,6586182160,143.5,148.5,143.0,147.5,7.0,28961,0.9158329656452723,131.422,135.0854,130.9641,136.0012
2023-03-31,34816965,5178281557,149.0,151.0,147.0,147.5,0.0,20792,0.9158329656452723,136.4591,135.0854,134.6274,138.2908
2023-04-06,20838541,2994073860,145.5,146.0,142.0,144.0,-3.5,14480,0.9158329656452723,133.2537,131.8799,130.0483,133.7116
2023-04-07,10989646,1591612979,145.0,146.0,144.0,144.5,0.5,7255,0.9158329656452723,132.7958,132.3379,131.8799,133.7116
2023-04-10,7736579,1116921909,144.5,145.5,143.0,144.5,0.0,5564,0.9158329656452723,132.3379,132.3379,130.9641,133.2537
2023-04-11,11189512,1615637248,145.0,146.0,143.0,143.0,-1.5,7931,0.9158329656452723,132.7958,130.9641,130.9641,133.7116
2023-04-12,13408173,1904664601,144.0,144.0,141.0,142.0,-1.0,9632,0.9158329656452723,131.8799,130.0483,129.1324,131.8799
2023-04-13,18223957,2552089208,141.0,142.5,139.0,139.5,-2.5,13446,0.9158329656452723,129.1324,127.7587,127.3008,130.5062
2023-04-14,11189595,1559981636,141.0,141.0,138.5,139.0,-0.5,8538,0.9158329656452723,129.1324,127.3008,126.8429,129.1324
2023-04-17,11789493,1636549086,139.0,140.0,137.0,139.0,0.0,8747,0.9158329656452723,127.3008,127.3008,125.4691,128.2166
2023-04-18,15503960,2131932943,139.5,140.0,136.0,136.5,-2.5,12362,0.9158329656452723,127.7587,125.0112,124.5533,128.2166
2023-04-19,22654980,3036218043,136.0,136.5,132.0,132.5,-4.0,18351,0.9158329656452723,124.5533,121.3479,120.89,125.0112
2023-04-20,21483855,2906363106,131.5,137.5,131.5,135.5,3.0,13647,0.9158329656452723,120.432,124.0954,120.432,125.927
2023-04-21,22921703,3143725411,136.0,139.0,135.5,136.5,1.0,15044,0.9158329656452723,124.5533,125.0112,124.0954,127.3008
2023-04-24,17762119,2456559177,136.0,139.5,135.5,139.5,3.0,11283,0.9158329656452723,124.5533,127.7587,124.0954,127.7587
2023-04-25,26407417,3629862518,140.5,141.5,135.0,135.0,-4.5,16023,0.9158329656452723,128.6745,123.6375,123.6375,129.5904
2023-04-26,37295764,5149974064,133.5,140.5,133.5,139.0,4.0,22001,0.9158329656452723,122.2637,127.3008,122.2637,128.6745
2023-04-27,21899467,2991675545,137.5,138.5,135.0,136.5,-2.5,13434,0.9158329656452723,125.927,125.0112,123.6375,126.8429
2023-04-28,60170857,8655997941,140.5,146.0,140.0,145.0,8.5,34898,0.9158329656452723,128.6745,132.7958,128.2166,133.7116
2023-05-02,40388802,5872040937,144.0,148.5,142.5,143.5,-1.5,30292,0.9158329656452723,131.8799,131.422,130.5062,136.0012
2023-05-03,32763115,4780680511,143.0,148.0,141.5,147.0,3.5,19535,0.9158329656452723,130.9641,134.6274,129.5904,135.5433
2023-05-04,29408649,4325293891,146.0,148.5,144.0,148.5,1.5,19121,0.9158329656452723,133.7116,136.0012,131.8799,136.0012
2023-05-05,42508290,6426322300,147.5,153.0,147.0,152.5,4.0,28769,0.9158329656452723,135.0854,139.6645,134.6274,140.1224
2023-05-08,65659935,10506231895,158.0,162.0,157.0,161.0,8.5,39266,0.9158329656452723,144.7016,147.4491,143.7858,148.3649
2023-05-09,33185695,5296098758,161.5,162.0,157.0,160.5,-0.5,23658,0.9158329656452723,147.907,146.9912,143.7858,148.3649
2023-05-10,21744933,3427687428,159.0,159.5,155.5,158.0,-2.5,17191,0.9158329656452723,145.6174,144.7016,142.412,146.0754
2023-05-11,22690723,3580555913,159.0,161.0,156.0,156.0,-2.0,17740,0.9158329656452723,145.6174,142.8699,142.8699,147.4491
2023-05-12,26970485,4254381427,155.5,160.5,154.0,160.0,4.0,17901,0.9158329656452723,142.412,146.5333,141.0383,146.9912
2023-05-15,17746921,2796172520,158.5,159.5,156.0,156.0,-4.0,13147,0.9158329656452723,145.1595,142.8699,142.8699,146.0754
2023-05-16,26735418,4290867244,158.5,162.0,158.0,161.0,5.0,16171,0.9158329656452723,145.1595,147.4491,144.7016,148.3649
2023-05-17,44718152,7350011695,161.0,166.5,160.5,165.0,4.0,28521,0.9158329656452723,147.4491,151.1124,146.9912,152.4862
2023-05-18,43513728,7347742844,169.5,171.5,166.5,167.5,2.5,29878,0.9158329656452723,155.2337,153.402,152.4862,157.0654
2023-05-19,25978866,4371935807,169.5,170.0,166.0,170.0,2.5,23502,0.9158329656452723,155.2337,155.6916,152.0283,155.6916
2023-05-22,40936004,6669559821,168.5,168.5,160.5,161.0,-9.0,37213,0.9158329656452723,154.3179,147.4491,146.9912,154.3179
2023-05-23,30372941,5023626065,163.5,167.0,162.5,167.0,6.0,18851,0.9158329656452723,149.7387,152.9441,148.8229,152.9441
2023-05-24,18797075,3127050235,166.0,168.5,164.0,167.5,0.5,15575,0.9158329656452723,152.0283,153.402,150.1966,154.3179
2023-05-25,77703032,13813789815,175.0,183.5,172.0,180.5,13.0,46773,0.9158329656452723,160.2708,165.3079,157.5233,168.0553
2023-05-26,56200678,10542598652,190.0,193.0,182.0,185.5,5.0,50976,0.9158329656452723,174.0083,169.887,166.6816,176.7558
2023-05-29,47420338,8696242065,189.0,190.0,179.5,182.5,-3.0,46257,0.9158329656452723,173.0924,167.1395,164.392,174.0083
2023-05-30,26880218,4831031628,181.5,182.0,178.0,180.0,-2.5,21358,0.9158329656452723,166.2237,164.8499,163.0183,166.6816
2023-05-31,34483316,6220931518,181.5,183.5,178.5,180.5,0.5,17496,0.9158329656452723,166.2237,165.3079,163.4762,168.0553
2023-06-01,20647240,3726361688,178.5,182.5,178.0,181.0,0.5,11462,0.9158329656452723,163.4762,165.7658,163.0183,167.1395
2023-06-02,24032856,4378914725,182.0,184.0,180.0,182.0,1.0,15376,0.9158329656452723,166.6816,166.6816,164.8499,168.5133
2023-06-05,21131486,3840311181,182.0,184.5,179.5,181.0,-1.0,13314,0.9158329656452723,166.6816,165.7658,164.392,168.9712
2023-06-06,20515391,3662883727,183.0,183.0,176.0,177.0,-4.0,17077,0.9158329656452723,167.5974,162.1024,161.1866,167.5974
2023-06-07,32379093,5672387744,176.0,179.0,173.5,176.0,-1.0,21178,0.9158329656452723,161.1866,161.1866,158.897,163.9341
2023-06-08,54272756,9156113716,174.0,174.0,165.5,167.0,-9.0,41385,0.9158329656452723,159.3549,152.9441,151.5704,159.3549
2023-06-09,27924895,4728579147,164.5,172.0,164.5,171.5,4.5,18712,0.9158329656452723,150.6545,157.0654,150.6545,157.5233
2023-06-12,20002926,3437798272,171.5,174.5,168.0,172.5,1.0,17212,0.9158329656452723,157.0654,157.9812,153.8599,159.8129
2023-06-13,37124818,6634911239,174.5,181.0,174.5,180.0,7.5,25067,0.9158329656452723,159.8129,164.8499,159.8129,165.7658
2023-06-14,18705098,3360222266,179.5,181.0,177.0,180.5,0.5,20202,0.9158329656452723,164.392,165.3079,162.1024,165.7658
2023-06-15,29464168,5437047013,181.5,186.5,180.5,186.5,6.0,23344,0.9158329656452723,166.2237,170.8028,165.3079,170.8028
2023-06-16,26681270,5000722703,186.0,189.5,183.5,189.5,3.0,22603,0.9158329656452723,170.3449,173.5503,168.0553,173.5503
2023-06-19,16652000,3120699424,189.0,190.5,185.0,185.5,-4.0,22401,0.9158329656452723,173.0924,169.887,169.4291,174.4662
2023-06-20,21360189,3982633116,186.0,188.5,183.0,188.5,3.0,14179,0.9158329656452723,170.3449,172.6345,167.5974,172.6345
2023-06-21,14466201,2711578969,188.5,190.0,186.5,187.0,-1.5,10754,0.9158329656452723,172.6345,171.2608,170.8028,174.0083
2023-06-26,19934467,3611935089,181.5,184.0,179.5,180.0,-7.0,38773,0.9158329656452723,166.2237,164.8499,164.392,168.5133
2023-06-27,21831011,3868613027,178.5,181.0,174.0,177.0,-3.0,14221,0.9158329656452723,163.4762,162.1024,159.3549,165.7658
2023-06-28,18236753,3186199694,179.0,180.5,172.0,173.0,-4.0,14857,0.9158329656452723,163.9341,158.4391,157.5233,165.3079
2023-06-29,15191663,2647112646,174.5,176.5,172.0,174.0,1.0,10399,0.9158329656452723,159.8129,159.3549,157.5233,161.6445
2023-06-30,12395912,2157283766,173.0,176.0,171.0,176.0,2.0,7403,0.9158329656452723,158.4391,161.1866,156.6074,161.1866
2023-07-03,17003405,3033450458,177.5,181.0,173.5,179.5,3.5,11336,0.9158329656452723,162.5604,164.392,158.897,165.7658
2023-07-04,13063588,2335819103,179.5,180.5,176.5,180.0,0.5,9235,0.9158329656452723,164.392,164.8499,161.6445,165.3079
2023-07-05,21064725,3804245873,180.0,184.5,177.0,178.0,-2.0,14489,0.9158329656452723,164.8499,163.0183,162.1024,168.9712
2023-07-06,34382340,5892020058,175.0,175.5,168.0,169.0,-9.0,29911,0.9158329656452723,160.2708,154.7758,153.8599,160.7287
2023-07-07,21214744,3584887168,168.0,172.0,166.5,170.0,1.0,14888,0.9158329656452723,153.8599,155.6916,152.4862,157.5233
2023-07-10,12532614,2117722777,171.5,172.0,167.0,167.0,-3.0,9283,0.9158329656452723,157.0654,152.9441,152.9441,157.5233
2023-07-11,11280445,1913110278,169.0,171.0,168.5,169.0,2.0,7251,0.9158329656452723,154.7758,154.7758,154.3179,156.6074
2023-07-12,23527395,4014659585,170.5,171.5,168.5,171.0,2.0,12225,0.9158329656452723,156.1495,156.6074,154.3179,157.0654
2023-07-13,60499951,10530429294,168.0,179.0,168.0,175.5,0.0,33834,0.9607818228548561,161.4113,168.6172,161.4113,171.9799
2023-07-14,57474832,10659528133,185.0,188.5,181.0,187.0,11.5,37721,0.9607818228548561,177.7446,179.6662,173.9015,181.1074
2023-07-17,37582146,6959222251,189.0,191.0,182.0,182.0,-5.0,51676,0.9607818228548561,181.5878,174.8623,174.8623,183.5093
2023-07-18,92145431,17848816430,184.0,200.0,183.0,200.0,18.0,64744,0.9607818228548561,176.7839,192.1564,175.8231,192.1564
2023-07-19,97121697,19714844981,206.0,208.0,197.0,203.0,3.0,67104,0.9607818228548561,197.9211,195.0387,189.274,199.8426
2023-07-20,48554009,9690091066,203.0,205.5,195.0,196.5,-6.5,37922,0.9607818228548561,195.0387,188.7936,187.3525,197.4407
2023-07-21,41209005,7859232153,189.5,193.5,188.0,190.5,-6.0,34233,0.9607818228548561,182.0682,183.0289,180.627,185.9113
2023-07-24,46989376,9296341400,192.0,201.5,190.5,199.5,9.0,34285,0.9607818228548561,184.4701,191.676,183.0289,193.5975
2023-07-25,74145236,14952789059,202.5,208.0,195.0,195.5,-4.0,52033,0.9607818228548561,194.5583,187.8328,187.3525,199.8426
2023-07-26,60888446,12197980079,200.0,204.5,195.5,197.5,2.0,41909,0.9607818228548561,192.1564,189.7544,187.8328,196.4799
2023-07-27,50246010,9644690170,190.0,196.5,189.5,190.5,-7.0,44773,0.9607818228548561,182.5485,183.0289,182.0682,188.7936
2023-07-28,30428913,5791407212,191.5,193.0,188.0,191.0,0.5,28693,0.9607818228548561,183.9897,183.5093,180.627,185.4309
2023-07-31,32636315,6110139181,193.0,194.0,183.5,184.5,-6.5,25880,0.9607818228548561,185.4309,177.2642,176.3035,186.3917
2023-08-01,17729209,3301759417,186.0,189.5,184.5,186.0,1.5,12316,0.9607818228548561,178.7054,178.7054,177.2642,182.0682
2023-08-02,43572876,7977118930,186.0,191.0,177.0,180.0,-6.0,30990,0.9607818228548561,178.7054,172.9407,170.0584,183.5093
2023-08-04,25448365,4496157691,177.0,179.5,174.0,177.5,-2.5,17064,0.9607818228548561,170.0584,170.5388,167.176,172.4603
2023-08-07,17449221,3141084776,178.5,182.5,176.5,182.0,4.5,11214,0.9607818228548561,171.4996,174.8623,169.578,175.3427
2023-08-08,17637278,3160357817,183.0,183.5,177.0,178.5,-3.5,11528,0.9607818228548561,175.8231,171.4996,170.0584,176.3035
2023-08-09,32276441,5961655992,179.5,187.5,179.0,184.0,5.5,20909,0.9607818228548561,172.4603,176.7839,171.9799,180.1466
2023-08-10,22522840,4026064883,181.5,182.5,175.0,177.0,-7.0,31221,0.9607818228548561,174.3819,170.0584,168.1368,175.3427
2023-08-11,14513277,2559595914,179.5,180.0,174.0,174.5,-2.5,11290,0.9607818228548561,172.4603,167.6564,167.176,172.9407
2023-08-14,16199171,2756272220,173.0,173.5,167.5,170.5,-4.0,13594,0.9607818228548561,166.2153,163.8133,160.931,166.6956
2023-08-15,15112471,2653233922,175.0,177.5,173.5,175.5,5.0,10973,0.9607818228548561,168.1368,168.6172,166.6956,170.5388
2023-08-16,21851738,3893594944,176.0,180.5,175.0,178.0,2.5,16379,0.9607818228548561,169.0976,171.0192,168.1368,173.4211
2023-08-17,18171534,3250309006,178.0,181.0,176.0,180.5,2.5,14015,0.9607818228548561,171.0192,173.4211,169.0976,173.9015
2023-08-18,13375297,2359119565,179.5,180.5,173.0,174.5,-6.0,12021,0.9607818228548561,172.4603,167.6564,166.2153,173.4211
2023-08-21,8745932,1520187853,174.5,177.0,172.5,172.5,-2.0,6546,0.9607818228548561,167.6564,165.7349,165.7349,170.0584
2023-08-22,16823993,2927637126,174.0,177.0,170.0,176.0,3.5,11863,0.9607818228548561,167.176,169.0976,163.3329,170.0584
2023-08-23,12258623,2159547489,176.0,177.5,174.5,177.0,1.0,8438,0.9607818228548561,169.0976,170.0584,167.6564,170.5388
2023-08-24,50438808,9389233697,183.0,191.5,180.0,189.0,12.0,35144,0.9607818228548561,175.8231,181.5878,172.9407,183.9897
2023-08-25,30569229,5550539590,185.0,185.5,179.0,179.5,-9.5,28044,0.9607818228548561,177.7446,172.4603,171.9799,178.225
2023-08-28,14105586,2507523068,181.0,181.5,176.0,176.0,-3.5,10810,0.9607818228548561,173.9015,169.0976,169.0976,174.3819
2023-08-29,28205559,5169621969,179.5,186.5,179.0,184.0,8.0,20555,0.9607818228548561,172.4603,176.7839,171.9799,179.1858
2023-08-30,18126748,3358479744,187.0,188.0,183.0,184.0,0.0,21119,0.9607818228548561,179.6662,176.7839,175.8231,180.627
2023-08-31,14308414,2650154622,184.5,186.5,182.5,185.5,1.5,12024,0.9607818228548561,177.2642,178.225,175.3427,179.1858
2023-09-01,11009899,2019618782,186.5,187.0,182.0,182.0,-3.5,9029,0.9607818228548561,179.1858,174.8623,174.8623,179.6662
2023-09-04,10602840,1947844545,184.0,185.0,181.0,185.0,3.0,7152,0.9607818228548561,176.7839,177.7446,173.9015,177.7446
2023-09-05,10147400,1881792882,184.5,186.5,183.0,186.5,1.5,7141,0.9607818228548561,177.2642,179.1858,175.8231,179.1858
2023-09-06,10698559,1990046593,187.5,188.0,184.5,187.0,0.5,8376,0.9607818228548561,180.1466,179.6662,177.2642,180.627
2023-09-07,7586057,1404273821,185.5,186.5,184.0,184.5,-2.5,6134,0.9607818228548561,178.225,177.2642,176.7839,179.1858
2023-09-08,8878149,1614987509,183.5,183.5,180.5,181.0,-3.5,7643,0.9607818228548561,176.3035,173.9015,173.4211,176.3035
2023-09-11,9966145,1807159933,182.0,183.5,179.5,179.5,-1.5,7986,0.9607818228548561,174.8623,172.4603,172.4603,176.3035
2023-09-12,13622138,2492545240,180.5,186.0,177.5,185.0,5.5,12624,0.9607818228548561,173.4211,177.7446,170.5388,178.7054
2023-09-13,12895252,2361526183,186.0,186.5,181.0,181.5,-3.5,11601,0.9607818228548561,178.7054,174.3819,173.9015,179.1858
2023-09-14,14608398,2715872606,183.5,188.0,183.0,186.0,4.5,10114,0.9607818228548561,176.3035,178.7054,175.8231,180.627
2023-09-15,35666576,6750901344,186.5,191.5,186.5,190.5,4.5,25493,0.9607818228548561,179.1858,183.0289,179.1858,183.9897
2023-09-18,19375861,3603692617,188.0,189.5,184.0,184.5,-6.0,19494,0.9607818228548561,180.627,177.2642,176.7839,182.0682
2023-09-19,26096584,4915914370,184.5,191.0,184.0,188.5,4.0,17587,0.9607818228548561,177.2642,181.1074,176.7839,183.5093
2023-09-20,21114147,3916339302,189.0,189.0,183.0,183.5,-5.0,20854,0.9607818228548561,181.5878,176.3035,175.8231,181.5878
2023-09-21,14722698,2663529854,182.5,182.5,180.0,180.5,-3.0,12273,0.9607818228548561,175.3427,173.4211,172.9407,175.3427
2023-09-22,20052043,3563984755,177.5,181.0,175.0,181.0,0.5,15276,0.9607818228548561,170.5388,173.9015,168.1368,173.9015
2023-09-25,13238100,2362009128,179.5,180.5,177.0,178.5,-2.5,10116,0.9607818228548561,172.4603,171.4996,170.0584,173.4211
2023-09-26,8917521,1582030079,178.0,180.0,176.0,176.0,-2.5,7310,0.9607818228548561,171.0192,169.0976,169.0976,172.9407
2023-09-27,15876664,2755580571,174.0,175.5,172.5,173.5,-2.5,12188,0.9607818228548561,167.176,166.6956,165.7349,168.6172
2023-09-28,15126355,2637042027,174.5,177.0,173.0,173.5,0.0,8820,0.9607818228548561,167.6564,166.6956,166.2153,170.0584
2023-10-02,16207443,2895593697,175.5,180.5,175.0,178.5,5.0,10192,0.9607818228548561,168.6172,171.4996,168.1368,173.4211
2023-10-03,9054034,1606609826,178.0,180.0,175.5,175.5,-3.0,9803,0.9607818228548561,171.0192,168.6172,168.6172,172.9407
2023-10-04,10699159,1853440966,173.5,174.5,172.0,174.0,-1.5,8123,0.9607818228548561,166.6956,167.176,165.2545,167.6564
2023-10-05,10518224,1823433202,175.5,175.5,172.5,172.5,-1.5,8967,0.9607818228548561,168.6172,165.7349,165.7349,168.6172
2023-10-06,9782239,1683187301,174.0,174.0,171.0,172.5,0.0,8267,0.9607818228548561,167.176,165.7349,164.2937,167.176
2023-10-11,21771996,3771443810,174.0,177.5,171.0,171.5,-1.0,12692,0.9607818228548561,167.176,164.7741,164.2937,170.5388
2023-10-12,10593814,1818846456,172.5,173.0,170.5,171.5,0.0,8734,0.9607818228548561,165.7349,164.7741,163.8133,166.2153
2023-10-13,14342570,2430792254,171.0,171.5,168.0,169.0,-2.5,12730,0.9607818228548561,164.2937,162.3721,161.4113,164.7741
2023-10-16,20908824,3436361701,167.5,168.0,162.0,164.5,-4.5,16641,0.9607818228548561,160.931,158.0486,155.6467,161.4113
2023-10-17,13419112,2254485082,167.5,170.0,166.0,166.5,2.0,9692,0.9607818228548561,160.931,159.9702,159.4898,163.3329
2023-10-18,20955512,3381998937,165.5,166.0,159.5,160.0,-6.5,14598,0.9607818228548561,159.0094,153.7251,153.2447,159.4898
2023-10-19,14288296,2277554715,157.5,161.5,156.0,160.0,0.0,9263,0.9607818228548561,151.3231,153.7251,149.882,155.1663
2023-10-20,11634691,1839419056,157.5,161.0,155.5,161.0,1.0,9063,0.9607818228548561,151.3231,154.6859,149.4016,154.6859
2023-10-23,8938001,1429464459,158.5,162.5,158.5,158.5,-2.5,6232,0.9607818228548561,152.2839,152.2839,152.2839,156.127
2023-10-24,24650279,3819986150,157.5,157.5,152.0,157.0,-1.5,17153,0.9607818228548561,151.3231,150.8427,146.0388,151.3231
2023-10-25,14277867,2263521447,159.0,161.5,156.5,157.0,0.0,9586,0.9607818228548561,152.7643,150.8427,150.3624,155.1663
2023-10-26,30317210,4556316613,152.5,154.0,148.0,149.0,-8.0,20493,0.9607818228548561,146.5192,143.1565,142.1957,147.9604
2023-10-27,24471368,3638425057,150.5,152.0,146.5,147.0,-2.0,12921,0.9607818228548561,144.5977,141.2349,140.7545,146.0388
2023-10-30,14694342,2149291317,146.5,149.0,145.0,145.5,-1.5,9819,0.9607818228548561,140.7545,139.7938,139.3134,143.1565
2023-10-31,13317456,1930750840,147.0,148.0,143.0,143.0,-2.5,8971,0.9607818228548561,141.2349,137.3918,137.3918,142.1957
2023-11-01,9639032,1388729204,144.5,146.5,142.0,144.5,1.5,6730,0.9607818228548561,138.833,138.833,136.431,140.7545
2023-11-02,17285483,2584728303,147.0,151.0,147.0,151.0,6.5,10465,0.9607818228548561,141.2349,145.0781,141.2349,145.0781
2023-11-03,18386764,2831680639,152.0,156.0,151.0,155.5,4.5,11692,0.9607818228548561,146.0388,149.4016,145.0781,149.882
2023-11-06,10811875,1702050123,157.0,159.0,155.0,158.0,2.5,7747,0.9607818228548561,150.8427,151.8035,148.9212,152.7643
2023-11-07,10586091,1634841418,156.5,157.0,153.0,153.5,-4.5,8373,0.9607818228548561,150.3624,147.48,146.9996,150.8427
2023-11-08,9345000,1443651320,153.5,156.0,153.0,154.5,1.0,6425,0.9607818228548561,147.48,148.4408,146.9996,149.882
2023-11-09,7868155,1206852694,154.5,155.0,152.0,154.5,0.0,5390,0.9607818228548561,148.4408,148.4408,146.0388,148.9212
2023-11-10,13158509,1982092680,152.5,152.5,149.5,151.0,-3.5,7852,0.9607818228548561,146.5192,145.0781,143.6369,146.5192
2023-11-13,14349072,2234171517,153.5,157.5,153.0,156.0,5.0,9206,0.9607818228548561,147.48,149.882,146.9996,151.3231
2023-11-14,10822414,1659903074,155.0,156.0,152.0,153.0,-3.0,7170,0.9607818228548561,148.9212,146.9996,146.0388,149.882
2023-11-15,15819172,2458892936,156.5,157.5,154.0,154.5,1.5,8920,0.9607818228548561,150.3624,148.4408,147.9604,151.3231
2023-11-16,9759640,1511229816,156.0,157.5,153.5,155.0,0.5,5240,0.9607818228548561,149.882,148.9212,147.48,151.3231
2023-11-17,15207587,2401319819,156.0,159.5,155.5,159.0,4.0,10388,0.9607818228548561,149.882,152.7643,149.4016,153.2447
2023-11-20,18008723,2898787166,159.0,163.0,158.5,160.0,1.0,10868,0.9607818228548561,152.7643,153.7251,152.2839,156.6074
2023-11-21,36285578,6075541560,163.0,169.5,162.5,168.5,8.5,23389,0.9607818228548561,156.6074,161.8917,156.127,162.8525
2023-11-22,25515667,4337074789,167.5,172.0,165.5,171.0,2.5,17552,0.9607818228548561,160.931,164.2937,159.0094,165.2545
2023-11-23,14616776,2464211696,171.0,171.5,167.0,168.0,-3.0,13217,0.9607818228548561,164.2937,161.4113,160.4506,164.7741
2023-11-24,7930327,1327688702,168.0,169.5,166.5,167.0,-1.0,5729,0.9607818228548561,161.4113,160.4506,159.9702,162.8525
2023-11-27,7345933,1217046911,168.0,168.5,164.5,164.5,-2.5,5924,0.9607818228548561,161.4113,158.0486,158.0486,161.8917
2023-11-28,16163333,2734210424,166.0,171.0,164.5,170.0,5.5,12257,0.9607818228548561,159.4898,163.3329,158.0486,164.2937
2023-11-29,21887517,3805541353,171.5,175.5,170.0,175.0,5.0,23166,0.9607818228548561,164.7741,168.1368,163.3329,168.6172
2023-11-30,19955801,3504076921,176.5,177.0,173.0,177.0,2.0,11410,0.9607818228548561,169.578,170.0584,166.2153,170.0584
2023-12-01,12617170,2223915125,174.5,178.0,174.0,176.0,-1.0,9102,0.9607818228548561,167.6564,169.0976,167.176,171.0192
2023-12-04,10883858,1910587872,176.0,177.5,173.0,177.0,1.0,9894,0.9607818228548561,169.0976,170.0584,166.2153,170.5388
2023-12-05,15262990,2643962555,175.0,176.0,171.5,171.5,-5.5,10261,0.9607818228548561,168.1368,164.7741,164.7741,169.0976
2023-12-06,7225525,1236638234,172.5,173.0,170.0,170.0,-1.5,5874,0.9607818228548561,165.7349,163.3329,163.3329,166.2153
2023-12-07,5937548,1010227174,170.0,172.5,168.5,168.5,-1.5,4533,0.9607818228548561,163.3329,161.8917,161.8917,165.7349
2023-12-08,9656174,1677096687,171.5,175.0,171.5,174.5,6.0,7414,0.9607818228548561,164.7741,167.6564,164.7741,168.1368
2023-12-11,27852654,4993332521,181.5,182.0,176.5,178.0,3.5,18367,0.9607818228548561,174.3819,171.0192,169.578,174.8623
2023-12-12,12921296,2293459679,179.5,180.0,175.5,176.0,-2.0,19921,0.9607818228548561,172.4603,169.0976,168.6172,172.9407
2023-12-13,7579040,1337999426,176.5,178.0,175.0,177.0,1.0,5013,0.9607818228548561,169.578,170.0584,168.1368,171.0192
2023-12-14,17287318,3103007138,177.5,180.5,177.0,180.5,3.5,11556,0.9607818228548561,170.5388,173.4211,170.0584,173.4211
2023-12-15,23727794,4310292326,183.0,183.0,179.0,182.0,1.5,14783,0.9607818228548561,175.8231,174.8623,171.9799,175.8231
2023-12-18,14087305,2507462593,182.0,182.5,176.0,176.0,-6.0,9574,0.9607818228548561,174.8623,169.0976,169.0976,175.3427
2023-12-19,10653632,1866418141,176.5,178.0,173.5,174.5,-1.5,6707,0.9607818228548561,169.578,167.6564,166.6956,171.0192
2023-12-20,12609492,2198362470,174.5,177.0,173.0,173.0,-1.5,8331,0.9607818228548561,167.6564,166.2153,166.2153,170.0584
2023-12-21,16808474,2980543652,170.5,180.0,170.5,179.0,6.0,11051,0.9607818228548561,163.8133,171.9799,163.8133,172.9407
2023-12-22,9369791,1653095057,178.0,179.0,175.0,175.0,-4.0,9894,0.9607818228548561,171.0192,168.1368,168.1368,171.9799
2023-12-25,4296239,756810985,175.5,177.5,174.5,175.0,0.0,2824,0.9607818228548561,168.6172,168.1368,167.6564,170.5388
2023-12-26,7210903,1279503842,176.0,178.5,175.0,177.5,2.5,4458,0.9607818228548561,169.0976,170.5388,168.1368,171.4996
2023-12-27,5558936,989617908,177.5,179.0,177.0,178.0,0.5,3726,0.9607818228548561,170.5388,171.0192,170.0584,171.9799
2023-12-28,4981720,878565515,178.5,179.0,175.5,175.5,-2.5,4389,0.9607818228548561,171.4996,168.6172,168.6172,171.9799
2023-12-29,6756637,1186254435,175.5,176.5,174.0,176.0,0.5,4060,0.9607818228548561,168.6172,169.0976,167.176,169.578
2024-01-02,9013542,1566161139,176.0,177.0,172.0,173.0,-3.0,6287,0.9607818228548561,169.0976,166.2153,165.2545,170.0584
2024-01-03,11153830,1894368716,171.0,171.5,168.0,170.0,-3.0,9184,0.9607818228548561,164.2937,163.3329,161.4113,164.7741
2024-01-04,13673171,2272767932,169.5,170.0,164.0,164.5,-5.5,12444,0.9607818228548561,162.8525,158.0486,157.5682,163.3329
2024-01-05,16668127,2699795776,163.5,164.5,160.0,160.0,-4.5,12861,0.9607818228548561,157.0878,153.7251,153.7251,158.0486
2024-01-08,5854776,947430005,160.5,163.5,160.5,161.0,1.0,4993,0.9607818228548561,154.2055,154.6859,154.2055,157.0878
2024-01-09,10107950,1652530279,162.5,166.0,161.5,162.5,1.5,6122,0.9607818228548561,156.127,156.127,155.1663,159.4898
2024-01-10,12740176,2056409338,162.0,163.5,160.0,162.5,0.0,5626,0.9607818228548561,155.6467,156.127,153.7251,157.0878
2024-01-11,9845657,1587326785,163.0,163.5,160.0,160.5,-2.0,6815,0.9607818228548561,156.6074,154.2055,153.7251,157.0878
2024-01-12,8960393,1430755160,160.5,161.5,158.5,159.0,-1.5,7098,0.9607818228548561,154.2055,152.7643,152.2839,155.1663
2024-01-15,10172949,1623159841,160.5,161.5,157.0,159.5,0.5,7004,0.9607818228548561,154.2055,153.2447,150.8427,155.1663
2024-01-16,7822434,1262250567,159.0,163.0,158.5,162.0,2.5,5449,0.9607818228548561,152.7643,155.6467,152.2839,156.6074
2024-01-17,12869384,2055233272,161.0,162.5,158.5,158.5,-3.5,7189,0.9607818228548561,154.6859,152.2839,152.2839,156.127
2024-01-18,10629094,1672907778,159.5,160.0,155.5,157.0,-1.5,6103,0.9607818228548561,153.2447,150.8427,149.4016,153.7251
2024-01-19,24771545,4113768659,160.0,169.5,160.0,169.5,12.5,16328,0.9607818228548561,153.7251,162.8525,153.7251,162.8525
2024-01-22,22326058,3873735437,172.5,175.0,171.5,175.0,5.5,18453,0.9607818228548561,165.7349,168.1368,164.7741,168.1368
2024-01-23,13715791,2372630763,175.0,175.5,171.0,174.5,-0.5,15722,0.9607818228548561,168.1368,167.6564,164.2937,168.6172
2024-01-24,19091021,3257623724,173.0,173.0,169.0,169.5,-5.0,12664,0.9607818228548561,166.2153,162.8525,162.3721,166.2153
2024-01-25,31784360,5559902734,174.0,176.5,173.0,175.5,6.0,19353,0.9607818228548561,167.176,168.6172,166.2153,169.578
2024-01-26,16660862,2880465850,175.0,175.5,171.5,171.5,-4.0,15315,0.9607818228548561,168.1368,164.7741,164.7741,168.6172
2024-01-29,21122300,3738463145,172.0,178.5,171.5,178.0,6.5,15082,0.9607818228548561,165.2545,171.0192,164.7741,171.4996
2024-01-30,14695174,2624581729,180.0,180.5,177.0,178.0,0.0,13464,0.9607818228548561,172.9407,171.0192,170.0584,173.4211
2024-01-31,8167384,1440925454,177.0,178.0,175.5,176.0,-2.0,6110,0.9607818228548561,170.0584,169.0976,168.6172,171.0192
2024-02-01,7836487,1381760655,175.0,177.5,174.5,177.5,1.5,4718,0.9607818228548561,168.1368,170.5388,167.6564,170.5388
2024-02-02,10036500,1799380246,178.5,180.0,177.5,180.0,2.5,7545,0.9607818228548561,171.4996,172.9407,170.5388,172.9407
2024-02-05,8801528,1557024750,179.0,179.5,176.0,176.5,-3.5,7403,0.9607818228548561,171.9799,169.578,169.0976,172.4603
2024-02-15,14862958,2669432067,183.0,183.0,176.0,180.5,4.0,10858,0.9607818228548561,175.8231,173.4211,169.0976,175.8231
2024-02-16,10622840,1928013342,182.0,183.0,180.0,182.0,1.5,7421,0.9607818228548561,174.8623,174.8623,172.9407,175.8231
2024-02-19,46875252,8943374444,183.0,195.5,181.5,192.5,10.5,36562,0.9607818228548561,175.8231,184.9505,174.3819,187.8328
2024-02-20,23405199,4453539785,193.5,193.5,188.0,190.5,-2.0,36736,0.9607818228548561,185.9113,183.0289,180.627,185.9113
2024-02-21,14128082,2684236508,191.0,192.5,188.0,189.5,-1.0,13369,0.9607818228548561,183.5093,182.0682,180.627,184.9505
2024-02-22,15943782,3006732542,192.5,193.5,186.0,189.0,-0.5,12944,0.9607818228548561,184.9505,181.5878,178.7054,185.9113
2024-02-23,16253709,3081296319,191.0,192.5,187.0,188.0,-1.0,11310,0.9607818228548561,183.5093,180.627,179.6662,184.9505
2024-02-26,38275984,7431443038,189.0,196.5,188.5,196.0,8.0,26284,0.9607818228548561,181.5878,188.3132,181.1074,188.7936
2024-02-27,66445709,12117263922,191.5,191.5,177.0,179.0,-17.0,55989,0.9607818228548561,183.9897,171.9799,170.0584,183.9897
2024-02-29,30093048,5310612630,175.0,179.5,172.5,179.5,0.5,18860,0.9607818228548561,168.1368,172.4603,165.7349,172.4603
2024-03-01,10886995,1947992858,179.5,181.0,177.5,178.0,-1.5,8758,0.9607818228548561,172.4603,171.0192,170.5388,173.9015
2024-03-04,10036591,1816141868,180.0,182.0,179.5,180.5,2.5,7731,0.9607818228548561,172.9407,173.4211,172.4603,174.8623
2024-03-05,8770394,1575075988,182.0,183.5,178.0,178.0,-2.5,10117,0.9607818228548561,174.8623,171.0192,171.0192,176.3035
2024-03-06,16762450,2919734791,175.0,176.0,173.0,174.0,-4.0,16222,0.9607818228548561,168.1368,167.176,166.2153,169.0976
2024-03-07,14873677,2585831603,175.0,176.0,172.5,172.5,-1.5,9970,0.9607818228548561,168.1368,165.7349,165.7349,169.0976
2024-03-08,16563951,2882177347,173.0,177.0,171.5,173.5,1.0,11498,0.9607818228548561,166.2153,166.6956,164.7741,170.0584
2024-03-11,10271837,1806996828,172.5,178.0,172.5,177.0,3.5,7382,0.9607818228548561,165.7349,170.0584,165.7349,171.0192
2024-03-12,15583300,2818068426,177.0,182.0,177.0,182.0,5.0,11592,0.9607818228548561,170.0584,174.8623,170.0584,174.8623
2024-03-13,11377597,2041697296,183.5,184.0,177.0,177.5,-4.5,9298,0.9607818228548561,176.3035,170.5388,170.0584,176.7839
2024-03-14,8823809,1576260826,177.5,181.0,176.0,177.5,0.0,6070,0.9607818228548561,170.5388,170.5388,169.0976,173.9015
2024-03-15,16935361,2938502763,176.0,177.5,172.0,172.0,-5.5,10347,0.9607818228548561,169.0976,165.2545,165.2545,170.5388
2024-03-18,36261881,6661395876,174.5,187.5,174.5,187.0,15.0,25959,0.9607818228548561,167.6564,179.6662,167.6564,180.1466
2024-03-19,42743307,8213290687,189.0,194.5,187.0,192.5,5.5,45136,0.9607818228548561,181.5878,184.9505,179.6662,186.8721
2024-03-20,39497945,7748448519,194.5,199.0,193.0,196.5,4.0,29330,0.9607818228548561,186.8721,188.7936,185.4309,191.1956
2024-03-21,34134378,6855111703,199.5,204.0,198.0,200.0,3.5,40996,0.9607818228548561,191.676,192.1564,190.2348,195.9995
2024-03-22,18315746,3625587499,200.0,200.5,195.0,200.0,0.0,25470,0.9607818228548561,192.1564,192.1564,187.3525,192.6368
2024-03-25,11699499,2313620954,199.5,199.5,195.0,198.0,-2.0,18259,0.9607818228548561,191.676,190.2348,187.3525,191.676
2024-03-26,24935395,4853657026,200.0,203.0,189.5,190.0,-8.0,26074,0.9607818228548561,192.1564,182.5485,182.0682,195.0387
2024-03-27,11972341,2285282576,190.0,193.0,188.5,191.5,1.5,10903,0.9607818228548561,182.5485,183.9897,181.1074,185.4309
2024-03-28,9080876,1728145468,191.5,193.0,188.5,190.0,-1.5,7126,0.9607818228548561,183.9897,182.5485,181.1074,185.4309
2024-03-29,11593546,2231690473,190.0,195.0,189.0,191.0,1.0,8814,0.9607818228548561,182.5485,183.5093,181.5878,187.3525
2024-04-01,13532269,2644123925,192.5,199.0,192.5,193.0,2.0,13274,0.9607818228548561,184.9505,185.4309,184.9505,191.1956
2024-04-02,8067131,1565255965,194.0,196.5,192.0,193.5,0.5,6870,0.9607818228548561,186.3917,185.9113,184.4701,188.7936
2024-04-03,7896198,1515687127,191.5,194.0,189.0,192.0,-1.5,5938,0.9607818228548561,183.9897,184.4701,181.5878,186.3917
2024-04-08,22897423,4539157358,195.5,200.0,195.0,199.0,7.0,14660,0.9607818228548561,187.8328,191.1956,187.3525,192.1564
2024-04-09,12046951,2349457971,200.0,200.0,192.0,193.5,-5.5,22951,0.9607818228548561,192.1564,185.9113,184.4701,192.1564
2024-04-10,6908224,1331106755,193.0,195.0,191.5,191.5,-2.0,5755,0.9607818228548561,185.4309,183.9897,183.9897,187.3525
2024-04-11,6146382,1174949153,190.5,193.0,189.0,192.5,1.0,4747,0.9607818228548561,183.0289,184.9505,181.5878,185.4309
2024-04-12,8218058,1581579183,191.0,195.0,189.5,194.0,1.5,5983,0.9607818228548561,183.5093,186.3917,182.0682,187.3525
2024-04-15,21881940,4025419836,190.0,190.0,182.0,182.5,-11.5,17995,0.9607818228548561,182.5485,175.3427,174.8623,182.5485
2024-04-16,15974229,2850411328,179.5,184.0,176.0,177.0,-5.5,12643,0.9607818228548561,172.4603,170.0584,169.0976,176.7839
2024-04-17,16431795,2917299247,176.0,180.5,174.0,179.0,2.0,12189,0.9607818228548561,169.0976,171.9799,167.176,173.4211
2024-04-18,7840510,1399420141,177.0,180.5,176.0,178.5,-0.5,5211,0.9607818228548561,170.0584,171.4996,169.0976,173.4211
2024-04-19,21435045,3692305034,177.0,178.5,168.0,170.0,-8.5,15492,0.9607818228548561,170.0584,163.3329,161.4113,171.4996
2024-04-22,11506829,1940431809,170.0,171.5,166.5,167.5,-2.5,8507,0.9607818228548561,163.3329,160.931,159.9702,164.7741
2024-04-23,9496286,1617347108,170.5,172.5,169.0,170.0,2.5,8235,0.9607818228548561,163.8133,163.3329,162.3721,165.7349
2024-04-24,21799894,4029000374,178.0,187.0,177.5,187.0,17.0,13508,0.9607818228548561,171.0192,179.6662,170.5388,179.6662
2024-04-25,39120321,7377276727,190.0,194.0,183.0,184.0,-3.0,21697,0.9607818228548561,182.5485,176.7839,175.8231,186.3917
2024-04-26,17397398,3183346603,186.5,187.0,180.0,182.5,-1.5,16347,0.9607818228548561,179.1858,175.3427,172.9407,179.6662
2024-04-29,7272506,1333227705,183.0,185.0,181.5,184.0,1.5,5707,0.9607818228548561,175.8231,176.7839,174.3819,177.7446
2024-04-30,7778389,1429346637,183.0,187.0,182.0,182.0,-2.0,5821,0.9607818228548561,175.8231,174.8623,174.8623,179.6662
2024-05-02,10608843,1910172988,180.5,183.5,178.0,178.0,-4.0,9450,0.9607818228548561,173.4211,171.0192,171.0192,176.3035
2024-05-03,8413678,1499473926,180.5,181.5,176.0,176.0,-2.0,7127,0.9607818228548561,173.4211,169.0976,169.0976,174.3819
2024-05-06,13453829,2461947605,179.0,185.5,178.5,184.0,8.0,10000,0.9607818228548561,171.9799,176.7839,171.4996,178.225
2024-05-07,7694579,1403306008,186.0,186.5,180.5,182.0,-2.0,9106,0.9607818228548561,178.7054,174.8623,173.4211,179.1858
2024-05-08,20229589,3790868120,181.0,190.0,179.0,189.0,7.0,14372,0.9607818228548561,173.9015,181.5878,171.9799,182.5485
2024-05-09,18397019,3526660533,188.5,194.0,187.0,190.5,1.5,17964,0.9607818228548561,181.1074,183.0289,179.6662,186.3917
2024-05-10,8744163,1659136790,189.5,191.5,187.0,190.0,-0.5,12763,0.9607818228548561,182.0682,182.5485,179.6662,183.9897
2024-05-13,9040137,1685535737,189.0,190.0,185.0,186.5,-3.5,22206,0.9607818228548561,181.5878,179.1858,177.7446,182.5485
2024-05-14,7121326,1310937902,185.0,186.0,183.0,183.5,-3.0,9528,0.9607818228548561,177.7446,176.3035,175.8231,178.7054
2024-05-15,8164974,1497990880,184.0,185.0,182.0,182.5,-1.0,5452,0.9607818228548561,176.7839,175.3427,174.8623,177.7446
2024-05-16,9899320,1827895182,186.0,188.5,183.0,183.0,0.5,6383,0.9607818228548561,178.7054,175.8231,175.8231,181.1074
2024-05-17,4947718,906090045,183.0,184.5,181.5,183.5,0.5,3583,0.9607818228548561,175.8231,176.3035,174.3819,177.2642
2024-05-20,10359911,1871237828,182.0,183.0,179.0,180.5,-3.0,7290,0.9607818228548561,174.8623,173.4211,171.9799,175.8231
2024-05-21,5687752,1033054862,181.0,183.0,179.5,182.0,1.5,3915,0.9607818228548561,173.9015,174.8623,172.4603,175.8231
2024-05-22,5995452,1092868122,181.0,184.0,180.5,182.5,0.5,5445,0.9607818228548561,173.9015,175.3427,173.4211,176.7839
2024-05-23,21295291,4028214017,182.0,191.0,182.0,191.0,8.5,15839,0.9607818228548561,174.8623,183.5093,174.8623,183.5093
2024-05-24,6951272,1310797750,188.5,190.0,187.0,189.0,-2.0,19100,0.9607818228548561,181.1074,181.5878,179.6662,182.5485
2024-05-27,12160037,2322417968,189.5,193.0,188.0,192.0,3.0,12144,0.9607818228548561,182.0682,184.4701,180.627,185.4309
2024-05-28,7264835,1386206495,191.0,193.0,188.0,192.0,0.0,13094,0.9607818228548561,183.5093,184.4701,180.627,185.4309
2024-05-29,35818918,7048870506,194.0,202.5,191.0,191.0,-1.0,24240,0.9607818228548561,186.3917,183.5093,183.5093,194.5583
2024-05-30,10607080,1993467291,190.5,190.5,186.0,187.5,-3.5,25871,0.9607818228548561,183.0289,180.1466,178.7054,183.0289
2024-05-31,16978462,3138486621,189.0,190.5,182.5,182.5,-5.0,9417,0.9607818228548561,181.5878,175.3427,175.3427,183.0289
2024-06-03,12463479,2371770236,187.0,193.0,187.0,188.5,6.0,11627,0.9607818228548561,179.6662,181.1074,179.6662,185.4309
2024-06-04,10223222,1924583115,189.0,190.5,186.5,187.5,-1.0,12016,0.9607818228548561,181.5878,180.1466,179.1858,183.0289
2024-06-05,5690018,1057566725,188.0,189.0,184.0,185.5,-2.0,5113,0.9607818228548561,180.627,178.225,176.7839,181.5878
2024-06-06,8552045,1619148248,187.5,192.0,187.5,187.5,2.0,6669,0.9607818228548561,180.1466,180.1466,180.1466,184.4701
2024-06-07,11161515,2071414549,190.0,191.0,183.5,184.0,-3.5,11668,0.9607818228548561,182.5485,176.7839,176.3035,183.5093
2024-06-11,6573330,1204819200,184.0,185.0,182.0,182.5,-1.5,5768,0.9607818228548561,176.7839,175.3427,174.8623,177.7446
2024-06-12,10499501,1950371464,183.5,189.5,183.5,185.5,3.0,7201,0.9607818228548561,176.3035,178.225,176.3035,182.0682
2024-06-13,10276681,1906791991,188.0,189.0,184.0,184.0,-1.5,11821,0.9607818228548561,180.627,176.7839,176.7839,181.5878
2024-06-14,10690208,1957661824,185.0,185.5,182.0,182.5,-1.5,8280,0.9607818228548561,177.7446,175.3427,174.8623,178.225
2024-06-17,5102429,937561348,183.5,185.0,182.0,184.0,1.5,4292,0.9607818228548561,176.3035,176.7839,174.8623,177.7446
2024-06-18,14937465,2820250018,186.0,191.5,185.0,190.0,6.0,11939,0.9607818228548561,178.7054,182.5485,177.7446,183.9897
2024-06-19,12196083,2336819306,193.0,195.0,188.5,189.0,-1.0,17463,0.9607818228548561,185.4309,181.5878,181.1074,187.3525
2024-06-20,5901220,1126298912,190.5,193.0,188.5,190.5,1.5,10345,0.9607818228548561,183.0289,183.0289,181.1074,185.4309
2024-06-21,11870229,2220027689,188.5,189.0,185.0,187.0,-3.5,12896,0.9607818228548561,181.1074,179.6662,177.7446,181.5878
2024-06-24,6957806,1293649374,186.5,188.0,184.0,186.0,-1.0,5233,0.9607818228548561,179.1858,178.7054,176.7839,180.627
2024-06-25,27195348,4924335622,184.5,184.5,179.5,180.0,-6.0,19143,0.9607818228548561,177.2642,172.9407,172.4603,177.2642
2024-06-26,13898484,2514242356,181.0,183.0,179.5,180.0,0.0,7835,0.9607818228548561,173.9015,172.9407,172.4603,175.8231
2024-06-27,12210436,2177854058,178.5,180.5,175.5,178.5,-1.5,10996,0.9607818228548561,171.4996,171.4996,168.6172,173.4211
2024-06-28,15060615,2708597383,179.0,181.0,178.0,180.0,1.5,5591,0.9607818228548561,171.9799,172.9407,171.0192,173.9015
2024-07-01,5934245,1067868736,181.0,181.5,178.0,179.5,-0.5,4865,0.9607818228548561,173.9015,172.4603,171.0192,174.3819
2024-07-02,9714090,1735419773,178.5,181.0,177.0,178.5,-1.0,6680,0.9607818228548561,171.4996,171.4996,170.0584,173.9015
2024-07-03,8801842,1599324784,179.5,183.0,179.0,183.0,4.5,5847,0.9607818228548561,172.4603,175.8231,171.9799,175.8231
2024-07-04,20718995,3794400689,186.0,187.5,180.5,181.5,-1.5,12100,0.9607818228548561,178.7054,174.3819,173.4211,180.1466
2024-07-05,14629696,2625056828,182.5,183.5,178.5,178.5,-3.0,11914,0.9607818228548561,175.3427,171.4996,171.4996,176.3035
2024-07-08,8232071,1484946967,179.5,181.5,178.0,181.0,2.5,6534,0.9607818228548561,172.4603,173.9015,171.0192,174.3819
2024-07-09,13867416,2470417260,181.0,182.0,177.0,177.0,-4.0,10638,0.9607818228548561,173.9015,170.0584,170.0584,174.8623
2024-07-10,23885639,4173531628,175.5,177.0,173.5,175.5,-1.5,17802,0.9607818228548561,168.6172,168.6172,166.6956,170.0584
2024-07-11,68014604,12637811711,175.5,189.5,175.0,189.5,0.0,39097,0.977547741382267,171.5596,185.2453,171.0709,185.2453
2024-07-12,73670633,14169921370,188.0,198.5,186.5,190.0,0.5,45470,0.977547741382267,183.779,185.7341,182.3127,194.0432
2024-07-15,25703227,4919279586,193.5,194.0,187.5,191.0,1.0,26655,0.977547741382267,189.1555,186.7116,183.2902,189.6443
2024-07-16,39618712,7818367143,192.5,199.5,192.0,198.0,7.0,29510,0.977547741382267,188.1779,193.5545,187.6892,195.0208
2024-07-17,76796020,16139448646,198.0,217.0,196.5,215.5,17.5,71931,0.977547741382267,193.5545,210.6615,192.0881,212.1279
2024-07-18,59562763,12441567416,208.5,218.0,202.5,205.0,-10.5,63433,0.977547741382267,203.8187,200.3973,197.9534,213.1054
2024-07-19,51796320,10173663132,205.5,207.0,191.0,192.5,-12.5,38089,0.977547741382267,200.8861,188.1779,186.7116,202.3524
2024-07-22,34895625,6716329562,195.0,197.0,188.0,190.5,-2.0,24063,0.977547741382267,190.6218,186.2228,183.779,192.5769
2024-07-23,42980251,8476667394,196.0,202.5,193.0,194.5,4.0,26986,0.977547741382267,191.5994,190.133,188.6667,197.9534
2024-07-26,25977001,4915435566,186.5,193.5,185.5,191.0,-3.5,20303,0.977547741382267,182.3127,186.7116,181.3351,189.1555
2024-07-29,27088248,5053275271,194.0,195.5,181.0,181.0,-10.0,20443,0.977547741382267,189.6443,176.9361,176.9361,191.1106
2024-07-30,24170098,4348390197,181.0,185.0,175.5,183.5,2.5,17658,0.977547741382267,176.9361,179.38,171.5596,180.8463
2024-07-31,35950172,6385851988,178.5,182.0,173.0,179.5,-4.0,24744,0.977547741382267,174.4923,175.4698,169.1158,177.9137
2024-08-01,36654587,6795459131,184.0,190.5,180.5,183.0,3.5,24593,0.977547741382267,179.8688,178.8912,176.4474,186.2228
2024-08-02,55829257,9514180730,173.5,176.5,165.5,166.0,-17.0,47266,0.977547741382267,169.6045,162.2729,161.7842,172.5372
2024-08-05,29213539,4388004531,151.5,153.5,149.5,149.5,-16.5,23003,0.977547741382267,148.0985,146.1434,146.1434,150.0536
2024-08-06,57902603,8210786739,151.0,153.0,135.5,140.5,-9.0,36020,0.977547741382267,147.6097,137.3455,132.4577,149.5648
2024-08-07,41217887,6057060910,142.5,150.5,141.5,148.5,8.0,27205,0.977547741382267,139.3006,145.1658,138.323,147.1209
2024-08-08,22189762,3186858151,143.0,146.0,141.5,144.0,-4.5,15840,0.977547741382267,139.7893,140.7669,138.323,142.722
2024-08-09,47799871,7136975338,150.5,151.5,146.5,148.0,4.0,25286,0.977547741382267,147.1209,144.6771,143.2107,148.0985
2024-08-12,30661255,4836438207,150.0,161.5,150.0,158.0,10.0,21485,0.977547741382267,146.6322,154.4525,146.6322,157.874
2024-08-13,19613827,3116251548,160.5,162.5,157.0,157.5,-0.5,17277,0.977547741382267,156.8964,153.9638,153.475,158.8515
2024-08-14,20052732,3194596393,160.5,162.0,157.0,159.5,2.0,13276,0.977547741382267,156.8964,155.9189,153.475,158.3627
2024-08-15,10819258,1708584584,159.0,161.0,156.0,157.0,-2.5,8057,0.977547741382267,155.4301,153.475,152.4974,157.3852
2024-08-16,15870156,2552107698,161.0,163.5,159.0,159.5,2.5,10844,0.977547741382267,157.3852,155.9189,155.4301,159.8291
2024-08-19,12801263,2025328814,159.5,160.0,156.5,158.5,-1.0,9000,0.977547741382267,155.9189,154.9413,152.9862,156.4076
2024-08-20,8919185,1420021223,160.0,161.0,158.0,158.0,-0.5,6728,0.977547741382267,156.4076,154.4525,154.4525,157.3852
2024-08-21,19536509,3019047820,157.0,158.0,152.0,153.0,-5.0,13848,0.977547741382267,153.475,149.5648,148.5873,154.4525
2024-08-22,33537640,5394406429,154.5,164.5,154.0,161.5,8.5,23452,0.977547741382267,151.0311,157.874,150.5424,160.8066
2024-08-23,18978011,3043038448,161.0,163.5,157.0,162.5,1.0,18931,0.977547741382267,157.3852,158.8515,153.475,159.8291
2024-08-26,10207687,1651493641,163.0,164.0,160.0,160.5,-2.0,9235,0.977547741382267,159.3403,156.8964,156.4076,160.3178
2024-08-27,8226652,1306073491,159.0,160.5,157.0,160.0,-0.5,6067,0.977547741382267,155.4301,156.4076,153.475,156.8964
2024-08-28,7163922,1137292930,161.0,161.5,157.5,159.0,-1.0,5843,0.977547741382267,157.3852,155.4301,153.9638,157.874
2024-08-29,22630332,3679450594,156.5,166.0,155.5,164.5,5.5,16690,0.977547741382267,152.9862,160.8066,152.0087,162.2729
2024-08-30,28757772,4777297903,167.0,170.5,162.5,163.5,-1.0,19191,0.977547741382267,163.2505,159.8291,158.8515,166.6719
2024-09-02,13456830,2194999806,164.5,166.0,160.5,162.5,-1.0,8276,0.977547741382267,160.8066,158.8515,156.8964,162.2729
2024-09-03,20844557,3314560530,162.5,164.5,156.0,156.5,-6.0,15042,0.977547741382267,158.8515,152.9862,152.4974,160.8066
2024-09-04,39366857,5700886833,145.5,147.5,142.0,143.0,-13.5,33140,0.977547741382267,142.2332,139.7893,138.8118,144.1883
2024-09-05,20257850,2904119996,144.0,145.5,142.0,142.0,-1.0,13857,0.977547741382267,140.7669,138.8118,138.8118,142.2332
2024-09-06,11313474,1616366240,142.5,144.5,141.5,142.5,0.5,6706,0.977547741382267,139.3006,139.3006,138.323,141.2556
2024-09-09,9589130,1360087288,139.0,143.5,139.0,142.0,-0.5,7157,0.977547741382267,135.8791,138.8118,135.8791,140.2781
2024-09-10,17557431,2475221562,143.0,144.5,138.0,139.5,-2.5,13978,0.977547741382267,139.7893,136.3679,134.9016,141.2556
2024-09-11,9729893,1349628755,140.5,140.5,137.5,138.0,-1.5,7594,0.977547741382267,137.3455,134.9016,134.4128,137.3455
2024-09-12,14073679,2042438792,143.0,147.0,142.5,146.0,8.0,10507,0.977547741382267,139.7893,142.722,139.3006,143.6995
2024-09-13,12352823,1823362569,147.5,150.0,145.0,147.5,1.5,10062,0.977547741382267,144.1883,144.1883,141.7444,146.6322
2024-09-16,8305754,1219801732,148.0,149.5,145.5,146.5,-1.0,6516,0.977547741382267,144.6771,143.2107,142.2332,146.1434
2024-09-18,11602819,1674999068,147.0,147.0,142.0,143.0,-3.5,7314,0.977547741382267,143.6995,139.7893,138.8118,143.6995
2024-09-19,14102717,2043420609,144.0,148.0,141.5,147.0,4.0,8023,0.977547741382267,140.7669,143.6995,138.323,144.6771
2024-09-20,14811802,2206568727,150.0,152.5,147.0,147.0,0.0,8719,0.977547741382267,146.6322,143.6995,143.6995,149.076
2024-09-23,7394737,1097937631,149.0,149.5,146.5,149.5,2.5,5756,0.977547741382267,145.6546,146.1434,143.2107,146.1434
2024-09-24,12260100,1785421268,148.0,148.0,144.0,145.0,-4.5,9537,0.977547741382267,144.6771,141.7444,140.7669,144.6771
2024-09-25,13199155,1949980315,148.0,149.5,146.5,146.5,1.5,9069,0.977547741382267,144.6771,143.2107,143.2107,146.1434
2024-09-26,18713565,2765070887,148.5,151.0,145.5,146.5,0.0,10692,0.977547741382267,145.1658,143.2107,142.2332,147.6097
2024-09-27,35877459,5439482897,148.5,155.5,148.5,149.0,2.5,21628,0.977547741382267,145.1658,145.6546,145.1658,152.0087
2024-09-30,18645012,2724222906,147.0,149.5,144.0,144.0,-5.0,12706,0.977547741382267,143.6995,140.7669,140.7669,146.1434
2024-10-01,9207091,1330052954,145.0,146.0,143.0,144.5,0.5,6621,0.977547741382267,141.7444,141.2556,139.7893,142.722
2024-10-04,17255588,2442332877,144.0,144.0,140.0,140.5,-4.0,10609,0.977547741382267,140.7669,137.3455,136.8567,140.7669
2024-10-07,14518172,2045194023,141.5,142.0,140.0,141.5,1.0,9356,0.977547741382267,138.323,138.323,136.8567,138.8118
2024-10-08,19032166,2623604629,140.0,141.0,137.0,137.0,-4.5,16874,0.977547741382267,136.8567,133.924,133.924,137.8342
2024-10-09,21627178,3095531448,139.5,146.0,139.5,142.5,5.5,14680,0.977547741382267,136.3679,139.3006,136.3679,142.722
2024-10-11,13304794,1887528471,142.5,144.0,140.5,141.0,-1.5,9151,0.977547741382267,139.3006,137.8342,137.3455,140.7669
2024-10-14,8012894,1142798358,142.0,144.0,140.5,143.5,2.5,5346,0.977547741382267,138.8118,140.2781,137.3455,140.7669
2024-10-15,11120383,1604446906,144.5,145.5,143.0,145.0,1.5,7693,0.977547741382267,141.2556,141.7444,139.7893,142.2332
2024-10-16,13235973,1893306417,142.5,145.0,141.5,142.5,-2.5,6855,0.977547741382267,139.3006,139.3006,138.323,141.7444
2024-10-17,24954940,3684227276,144.5,150.5,144.0,147.0,4.5,16566,0.977547741382267,141.2556,143.6995,140.7669,147.1209
2024-10-18,16944153,2479524876,149.5,150.0,143.5,144.5,-2.5,11832,0.977547741382267,146.1434,141.2556,140.2781,146.6322
2024-10-21,39756360,6005906719,146.0,154.0,145.5,151.5,7.0,25822,0.977547741382267,142.722,148.0985,142.2332,150.5424
2024-10-22,78605238,12769540760,156.5,166.0,155.5,163.5,12.0,47037,0.977547741382267,152.9862,159.8291,152.0087,162.2729
2024-10-23,68085499,11363158864,166.5,169.0,164.0,167.5,4.0,47417,0.977547741382267,162.7617,163.7392,160.3178,165.2056
2024-10-24,33665183,5528965264,168.0,168.0,161.0,161.5,-6.0,20550,0.977547741382267,164.228,157.874,157.3852,164.228
2024-10-25,25735547,4230771674,164.5,167.5,162.0,166.0,4.5,17596,0.977547741382267,160.8066,162.2729,158.3627,163.7392
2024-10-28,29840148,4908270593,167.0,167.5,161.5,166.0,0.0,26313,0.977547741382267,163.2505,162.2729,157.874,163.7392
2024-10-29,24513540,3981939757,165.0,165.0,160.5,163.5,-2.5,15853,0.977547741382267,161.2954,159.8291,156.8964,161.2954
2024-10-30,44861891,7244382362,160.0,166.5,156.0,161.5,-2.0,29186,0.977547741382267,156.4076,157.874,152.4974,162.7617
2024-11-01,32368477,5243839606,156.0,166.5,155.5,166.0,4.5,21109,0.977547741382267,152.4974,162.2729,152.0087,162.7617
2024-11-04,19924160,3272350771,167.0,167.5,162.5,163.5,-2.5,19124,0.977547741382267,163.2505,159.8291,158.8515,163.7392
2024-11-05,18447293,3056962065,163.5,168.0,163.5,165.0,1.5,11186,0.977547741382267,159.8291,161.2954,159.8291,164.228
2024-11-06,11714727,1948415604,165.5,168.0,164.5,166.0,1.0,11417,0.977547741382267,161.7842,162.2729,160.8066,164.228
2024-11-07,53432051,9271554404,167.0,177.0,166.0,176.5,10.5,36927,0.977547741382267,163.2505,172.5372,162.2729,173.026
2024-11-08,35813759,6308352928,179.0,179.0,173.0,174.0,-2.5,34764,0.977547741382267,174.981,170.0933,169.1158,174.981
2024-11-11,16041328,2743984990,174.5,175.0,169.5,170.5,-3.5,12473,0.977547741382267,170.5821,166.6719,165.6943,171.0709
2024-11-12,18870472,3183595187,167.5,171.5,166.5,167.5,-3.0,12437,0.977547741382267,163.7392,163.7392,162.7617,167.6494
2024-11-13,20879154,3516581261,168.5,171.0,165.0,169.5,2.0,15070,0.977547741382267,164.7168,165.6943,161.2954,167.1607
2024-11-14,14952350,2489731673,168.5,170.0,164.0,166.0,-3.5,11281,0.977547741382267,164.7168,162.2729,160.3178,166.1831
2024-11-15,12161909,1999328018,166.5,167.5,162.0,163.5,-2.5,10478,0.977547741382267,162.7617,159.8291,158.3627,163.7392
2024-11-18,18093908,2867911951,163.0,163.0,156.5,159.0,-4.5,13353,0.977547741382267,159.3403,155.4301,152.9862,159.3403
2024-11-19,9143710,1463665998,161.0,162.5,159.0,159.5,0.5,6485,0.977547741382267,157.3852,155.9189,155.4301,158.8515
2024-11-20,9946676,1576659801,160.0,161.0,156.5,157.5,-2.0,7371,0.977547741382267,156.4076,153.9638,152.9862,157.3852
2024-11-21,10808296,1723673897,156.0,162.5,155.5,160.5,3.0,7860,0.977547741382267,152.4974,156.8964,152.0087,158.8515
2024-11-22,9591254,1547712961,162.0,163.0,160.0,161.0,0.5,7044,0.977547741382267,158.3627,157.3852,156.4076,159.3403
2024-11-25,12937092,2087670972,162.0,164.5,159.0,159.0,-2.0,8440,0.977547741382267,158.3627,155.4301,155.4301,160.8066
2024-11-26,10666019,1700074928,158.5,162.5,157.5,158.5,-0.5,8020,0.977547741382267,154.9413,154.9413,153.9638,158.8515
2024-11-27,21475353,3301005540,159.0,159.0,150.0,150.0,-8.5,17564,0.977547741382267,155.4301,146.6322,146.6322,155.4301
2024-11-28,25955354,3808081175,150.0,150.5,144.0,147.0,-3.0,16559,0.977547741382267,146.6322,143.6995,140.7669,147.1209
2024-11-29,10490704,1556528730,145.0,151.0,144.0,149.0,2.0,7778,0.977547741382267,141.7444,145.6546,140.7669,147.6097
2024-12-02,8955742,1339046985,151.0,151.5,148.5,148.5,-0.5,7136,0.977547741382267,147.6097,145.1658,145.1658,148.0985
2024-12-03,12007460,1802774977,151.0,153.0,148.5,149.0,0.5,8145,0.977547741382267,147.6097,145.6546,145.1658,149.5648
2024-12-04,10924695,1645769184,150.5,152.0,149.0,150.0,1.0,7016,0.977547741382267,147.1209,146.6322,145.6546,148.5873
2024-12-05,20272480,3103667362,151.0,156.0,149.0,153.5,3.5,13662,0.977547741382267,147.6097,150.0536,145.6546,152.4974
2024-12-06,11072765,1697873980,154.0,155.5,151.0,151.5,-2.0,8649,0.977547741382267,150.5424,148.0985,147.6097,152.0087
2024-12-09,12496512,1859865968,150.0,151.0,147.0,148.5,-3.0,9152,0.977547741382267,146.6322,145.1658,143.6995,147.6097
2024-12-10,6819107,1016307581,149.5,151.5,148.0,148.0,-0.5,5420,0.977547741382267,146.1434,144.6771,144.6771,148.0985
2024-12-11,6203098,920897873,147.5,150.5,146.5,148.0,0.0,6241,0.977547741382267,144.1883,144.6771,143.2107,147.1209
2024-12-12,12392903,1852164600,150.0,153.0,147.0,147.0,-1.0,8467,0.977547741382267,146.6322,143.6995,143.6995,149.5648
2024-12-13,23241873,3311192281,146.5,147.5,140.0,141.5,-5.5,20098,0.977547741382267,143.2107,138.323,136.8567,144.1883
2024-12-16,18665386,2599878877,142.0,142.5,137.0,137.5,-4.0,16432,0.977547741382267,138.8118,134.4128,133.924,139.3006
2024-12-17,12941601,1833267912,138.5,143.5,138.5,141.5,4.0,8595,0.977547741382267,135.3904,138.323,135.3904,140.2781
2024-12-18,10009796,1427079339,142.0,144.0,140.5,143.0,1.5,7153,0.977547741382267,138.8118,139.7893,137.3455,140.7669
2024-12-19,12258798,1722355567,140.0,142.5,139.0,141.5,-1.5,8274,0.977547741382267,136.8567,138.323,135.8791,139.3006
2024-12-20,9444036,1339367801,141.5,144.0,140.5,141.0,-0.5,5709,0.977547741382267,138.323,137.8342,137.3455,140.7669
2024-12-23,15387617,2243300575,143.5,147.5,142.5,145.5,4.5,10611,0.977547741382267,140.2781,142.2332,139.3006,144.1883
2024-12-24,20492468,3030691624,147.5,151.5,145.0,145.5,0.0,17003,0.977547741382267,144.1883,142.2332,141.7444,148.0985
2024-12-25,10150136,1477917893,147.5,148.0,144.0,145.0,-0.5,7767,0.977547741382267,144.1883,141.7444,140.7669,144.6771
2024-12-26,8253911,1205768328,147.0,147.5,145.0,145.5,0.5,6236,0.977547741382267,143.6995,142.2332,141.7444,144.1883
2024-12-27,7264425,1060705358,145.5,148.0,145.0,145.0,-0.5,6110,0.977547741382267,142.2332,141.7444,141.7444,144.6771
2024-12-30,8208464,1167538621,144.5,144.5,141.0,141.5,-3.5,8077,0.977547741382267,141.2556,138.323,137.8342,141.2556
2024-12-31,8225126,1157338355,140.5,142.0,139.5,141.0,-0.5,6067,0.977547741382267,137.3455,137.8342,136.3679,138.8118
2025-01-02,23662265,3481273241,142.0,149.5,141.0,147.0,6.0,16008,0.977547741382267,138.8118,143.6995,137.8342,146.1434
2025-01-03,23601062,3527186253,150.0,151.5,146.5,149.5,2.5,21809,0.977547741382267,146.6322,146.1434,143.2107,148.0985
2025-01-06,17611508,2672453762,151.5,153.5,149.5,151.5,2.0,16578,0.977547741382267,148.0985,148.0985,146.1434,150.0536
2025-01-07,19438368,3002051549,155.0,156.0,153.0,154.0,2.5,16170,0.977547741382267,151.5199,150.5424,149.5648,152.4974
2025-01-08,9635253,1479075905,153.0,154.5,152.5,153.0,-1.0,9672,0.977547741382267,149.5648,149.5648,149.076,151.0311
2025-01-09,15474945,2298941211,151.5,152.0,145.5,145.5,-7.5,17475,0.977547741382267,148.0985,142.2332,142.2332,148.5873
2025-01-10,6873156,1002409278,145.5,148.0,144.5,145.0,-0.5,5186,0.977547741382267,142.2332,141.7444,141.2556,144.6771
2025-01-13,14729939,2059771322,144.0,144.0,137.5,140.0,-5.0,12893,0.977547741382267,140.7669,136.8567,134.4128,140.7669
2025-01-14,7594769,1067097687,140.0,141.5,139.5,140.5,0.5,5156,0.977547741382267,136.8567,137.3455,136.3679,138.323
2025-01-15,8373775,1166324913,139.5,141.0,138.0,138.5,-2.0,6631,0.977547741382267,136.3679,135.3904,134.9016,137.8342
2025-01-16,6829116,973593152,141.5,143.5,141.5,142.0,3.5,4785,0.977547741382267,138.323,138.8118,138.323,140.2781
2025-01-17,3867528,548936193,143.0,143.5,141.0,142.0,0.0,4650,0.977547741382267,139.7893,138.8118,137.8342,140.2781
2025-01-20,9395111,1329397601,143.5,144.0,140.5,141.0,-1.0,7296,0.977547741382267,140.2781,137.8342,137.3455,140.7669
2025-01-21,15671189,2181789842,141.0,141.0,138.5,139.5,-1.5,12223,0.977547741382267,137.8342,136.3679,135.3904,137.8342
2025-01-22,21541442,2988871229,139.0,140.0,137.0,139.0,-0.5,14205,0.977547741382267,135.8791,135.8791,133.924,136.8567
2025-02-03,42372518,5420569620,135.0,136.0,125.5,126.5,-12.5,34851,0.977547741382267,131.9689,123.6598,122.6822,132.9465
2025-02-04,32050404,3938418191,127.0,127.5,121.5,121.5,-5.0,23177,0.977547741382267,124.1486,118.7721,118.7721,124.6373
2025-02-05,18573840,2280985980,122.0,125.0,120.5,123.0,1.5,12919,0.977547741382267,119.2608,120.2384,117.7945,122.1935
2025-02-06,11631963,1443825982,123.5,125.0,123.0,123.5,0.5,8704,0.977547741382267,120.7271,120.7271,120.2384,122.1935
2025-02-07,10376117,1292927644,123.5,125.5,123.0,125.0,1.5,7963,0.977547741382267,120.7271,122.1935,120.2384,122.6822
2025-02-10,10442026,1302958042,125.5,126.0,123.5,123.5,-1.5,8553,0.977547741382267,122.6822,120.7271,120.7271,123.171
2025-02-11,9656695,1210883776,124.5,127.0,124.0,124.5,1.0,8116,0.977547741382267,121.7047,121.7047,121.2159,124.1486
2025-02-12,14365378,1779382979,125.5,127.0,122.0,122.0,-2.5,11979,0.977547741382267,122.6822,119.2608,119.2608,124.1486
2025-02-13,18484287,2323386767,122.5,128.0,122.0,128.0,6.0,11861,0.977547741382267,119.7496,125.1261,119.2608,125.1261
2025-02-14,12917354,1634904844,128.5,128.5,125.5,126.5,-1.5,9280,0.977547741382267,125.6149,123.6598,122.6822,125.6149
2025-02-17,21050144,2637051572,125.5,126.5,124.0,125.0,-1.5,15761,0.977547741382267,122.6822,122.1935,121.2159,123.6598
2025-02-18,13749305,1747614830,125.5,128.5,125.0,128.0,3.0,10025,0.977547741382267,122.6822,125.1261,122.1935,125.6149
2025-02-19,32826030,4320155239,129.0,134.0,128.5,130.0,2.0,25232,0.977547741382267,126.1037,127.0812,125.6149,130.9914
2025-02-20,20451148,2625272845,131.5,132.0,127.0,127.5,-2.5,17379,0.977547741382267,128.5475,124.6373,124.1486,129.0363
2025-02-21,30653217,4023673887,127.5,133.5,127.0,131.5,4.0,18098,0.977547741382267,124.6373,128.5475,124.1486,130.5026
2025-02-24,15619617,2034680880,129.0,132.0,128.5,130.5,-1.0,11641,0.977547741382267,126.1037,127.57,125.6149,129.0363
2025-02-25,14615685,1905740994,129.0,131.5,129.0,129.5,-1.0,10056,0.977547741382267,126.1037,126.5924,126.1037,128.5475
2025-02-26,24594723,3087306571,126.5,127.0,124.0,125.5,-4.0,20561,0.977547741382267,123.6598,122.6822,121.2159,124.1486
2025-02-27,48884472,5878464487,124.0,125.0,117.5,118.0,-7.5,46300,0.977547741382267,121.2159,115.3506,114.8619,122.1935
2025-03-03,23385297,2677835167,114.0,117.0,113.0,114.0,-4.0,17278,0.977547741382267,111.4404,111.4404,110.4629,114.3731
2025-03-04,27221360,3063276975,111.5,114.0,110.5,113.5,-0.5,16347,0.977547741382267,108.9966,110.9517,108.019,111.4404
2025-03-05,15317030,1765918666,115.0,116.5,113.5,116.0,2.5,11343,0.977547741382267,112.418,113.3955,110.9517,113.8843
2025-03-06,11822586,1353982446,116.5,116.5,113.5,113.5,-2.5,10651,0.977547741382267,113.8843,110.9517,110.9517,113.8843
2025-03-07,14395533,1621938597,112.0,114.5,111.5,112.0,-1.5,9808,0.977547741382267,109.4853,109.4853,108.9966,111.9292
2025-03-10,11730492,1338026126,114.0,115.5,113.0,113.0,1.0,7505,0.977547741382267,111.4404,110.4629,110.4629,112.9068
2025-03-11,23006242,2488514940,109.0,109.5,106.0,109.5,-3.5,15192,0.977547741382267,106.5527,107.0415,103.6201,107.0415
2025-03-12,9461612,1054276801,110.0,113.0,109.5,112.0,2.5,6918,0.977547741382267,107.5303,109.4853,107.0415,110.4629
2025-03-13,18285159,2013014908,113.5,114.5,107.5,107.5,-4.5,14717,0.977547741382267,110.9517,105.0864,105.0864,111.9292
2025-03-14,30754863,3242243136,107.0,107.5,103.5,106.0,-1.5,17711,0.977547741382267,104.5976,103.6201,101.1762,105.0864
2025-03-17,20912192,2232885600,107.0,108.5,105.5,107.5,1.5,9638,0.977547741382267,104.5976,105.0864,103.1313,106.0639
2025-03-18,7220231,781250932,107.5,109.0,107.5,108.0,0.5,5275,0.977547741382267,105.0864,105.5752,105.0864,106.5527
2025-03-19,15478599,1637894535,107.0,108.5,104.0,104.5,-3.5,10900,0.977547741382267,104.5976,102.1537,101.665,106.0639
2025-03-20,11968322,1295657569,106.5,109.5,106.0,109.5,5.0,7396,0.977547741382267,104.1088,107.0415,103.6201,107.0415
2025-03-21,12050588,1320573321,109.5,111.0,108.0,110.0,0.5,6866,0.977547741382267,107.0415,107.5303,105.5752,108.5078
2025-03-24,8092120,874669580,111.0,111.5,106.5,106.5,-3.5,6293,0.977547741382267,108.5078,104.1088,104.1088,108.9966
2025-03-25,9140092,977821070,108.5,109.5,106.0,106.0,-0.5,5766,0.977547741382267,106.0639,103.6201,103.6201,107.0415
2025-03-26,5758890,618748300,107.0,108.5,107.0,107.0,1.0,3958,0.977547741382267,104.5976,104.5976,104.5976,106.0639
2025-03-27,8408689,878208100,105.5,105.5,103.5,104.5,-2.5,6780,0.977547741382267,103.1313,102.1537,101.1762,103.1313
2025-03-28,32220348,3213923331,103.5,103.5,98.0,99.0,-5.5,24729,0.977547741382267,101.1762,96.7772,95.7997,101.1762
2025-03-31,29117227,2740538131,94.5,96.6,92.0,92.5,-6.5,20336,0.977547741382267,92.3783,90.4232,89.9344,94.4311
2025-04-01,19448435,1829684386,94.6,95.8,92.2,95.4,2.9,13614,0.977547741382267,92.476,93.2581,90.1299,93.6491
2025-04-02,14472394,1370653614,94.5,96.4,93.0,96.4,1.0,10438,0.977547741382267,92.3783,94.2356,90.9119,94.2356
2025-04-07,1726645,149872184,86.8,86.8,86.8,86.8,-9.6,2863,0.977547741382267,84.8511,84.8511,84.8511,84.8511
2025-04-08,16644192,1306725246,78.5,80.5,78.2,78.2,-8.6,10296,0.977547741382267,76.7375,76.4442,76.4442,78.6926
2025-04-09,27967371,1995753984,71.5,74.4,70.4,70.4,-7.8,18294,0.977547741382267,69.8947,68.8194,68.8194,72.7296
2025-04-10,15838720,1225588592,77.4,77.4,76.8,77.4,7.0,9292,0.977547741382267,75.6622,75.6622,75.0757,75.6622
2025-04-11,37134104,2882752321,76.0,80.8,73.4,78.3,0.9,59997,0.977547741382267,74.2936,76.542,71.752,78.9859
2025-04-14,27575720,2346041044,84.6,86.1,83.4,84.7,6.4,23045,0.977547741382267,82.7005,82.7983,81.5275,84.1669
2025-04-15,29483850,2619911725,87.0,90.3,86.7,88.8,4.1,23486,0.977547741382267,85.0467,86.8062,84.7534,88.2726
2025-04-16,18142075,1563415592,86.4,87.8,85.2,85.2,-3.6,15767,0.977547741382267,84.4601,83.2871,83.2871,85.8287
2025-04-17,12533638,1052773539,83.7,85.1,82.7,84.7,-0.5,8909,0.977547741382267,81.8207,82.7983,80.8432,83.1893
2025-04-18,8575323,730537119,84.7,86.4,84.3,85.2,0.5,6126,0.977547741382267,82.7983,83.2871,82.4073,84.4601
2025-04-21,10509509,864828996,84.5,84.9,81.0,81.2,-4.0,7822,0.977547741382267,82.6028,79.3769,79.1814,82.9938
2025-04-22,11446338,933060744,79.4,83.5,79.3,81.0,-0.2,8068,0.977547741382267,77.6173,79.1814,77.5195,81.6252
2025-04-23,31939800,2826416098,86.3,89.1,86.2,88.8,7.8,19830,0.977547741382267,84.3624,86.8062,84.2646,87.0995
2025-04-24,23310943,2035311128,88.8,89.3,85.8,86.5,-2.3,18071,0.977547741382267,86.8062,84.5579,83.8736,87.295
2025-04-25,37166508,3440069036,90.8,94.4,90.6,92.6,6.1,22502,0.977547741382267,88.7613,90.5209,88.5658,92.2805
2025-04-28,28567775,2704517348,93.5,96.0,92.8,95.3,2.7,25650,0.977547741382267,91.4007,93.1603,90.7164,93.8446
2025-04-29,23188041,2221593716,95.5,96.4,94.6,96.0,0.7,22924,0.977547741382267,93.3558,93.8446,92.476,94.2356
2025-04-30,17472137,1657752024,95.2,96.7,93.6,93.9,-2.1,24727,0.977547741382267,93.0625,91.7917,91.4985,94.5289
2025-05-02,16011366,1524289307,95.0,96.4,94.2,94.6,0.7,11505,0.977547741382267,92.867,92.476,92.085,94.2356
2025-05-05,24571382,2286927944,95.5,96.2,90.6,92.5,-2.1,17470,0.977547741382267,93.3558,90.4232,88.5658,94.0401
2025-05-06,8914894,821141566,91.0,93.2,91.0,92.3,-0.2,11193,0.977547741382267,88.9568,90.2277,88.9568,91.1074
2025-05-07,9800618,894623640,92.6,93.2,90.5,90.9,-1.4,7680,0.977547741382267,90.5209,88.8591,88.4681,91.1074
2025-05-08,9222086,854707627,91.6,93.2,91.3,92.6,1.7,6544,0.977547741382267,89.5434,90.5209,89.2501,91.1074
2025-05-09,9669770,900959691,93.6,94.4,91.9,93.9,1.3,6420,0.977547741382267,91.4985,91.7917,89.8366,92.2805
2025-05-12,28936862,2873714484,95.2,102.0,95.1,101.0,7.1,20585,0.977547741382267,93.0625,98.7323,92.9648,99.7099
2025-05-13,31457143,3198528590,104.0,106.0,99.4,99.8,-1.2,23397,0.977547741382267,101.665,97.5593,97.1682,103.6201
2025-05-14,19040392,1941752363,101.5,103.5,100.0,102.5,2.7,11514,0.977547741382267,99.2211,100.1986,97.7548,101.1762
2025-05-15,10258210,1035786776,102.0,102.0,100.0,101.0,-1.5,6301,0.977547741382267,99.7099,98.7323,97.7548,99.7099
2025-05-16,12034887,1231300769,102.5,103.5,101.0,102.0,1.0,8416,0.977547741382267,100.1986,99.7099,98.7323,101.1762
2025-05-19,9640226,966633467,102.0,102.5,99.0,99.0,-3.0,7443,0.977547741382267,99.7099,96.7772,96.7772,100.1986
2025-05-20,13218867,1340248269,100.5,103.5,99.9,100.5,1.5,7361,0.977547741382267,98.2435,98.2435,97.657,101.1762
2025-05-21,10029451,1020291876,101.0,103.0,100.0,102.5,2.0,5746,0.977547741382267,98.7323,100.1986,97.7548,100.6874
2025-05-22,8702429,881752501,101.5,102.5,100.5,102.0,-0.5,5316,0.977547741382267,99.2211,99.7099,98.2435,100.1986
2025-05-23,37781246,4015177987,102.0,108.5,101.5,106.0,4.0,23366,0.977547741382267,99.7099,103.6201,99.2211,106.0639
2025-05-26,18075343,1891349093,106.0,106.5,103.5,104.0,-2.0,11602,0.977547741382267,103.6201,101.665,101.1762,104.1088
2025-05-27,68253739,7492798745,106.0,112.5,104.5,110.5,6.5,36458,0.977547741382267,103.6201,108.019,102.1537,109.9741
2025-05-28,74406490,8222139681,112.0,115.0,105.5,109.5,-1.0,38171,0.977547741382267,109.4853,107.0415,103.1313,112.418
2025-05-29,31984482,3422064106,111.5,111.5,106.0,106.0,-3.5,16767,0.977547741382267,108.9966,103.6201,103.6201,108.9966
2025-06-02,18463321,1878496181,104.0,104.5,100.5,101.0,-5.0,11529,0.977547741382267,101.665,98.7323,98.2435,102.1537
2025-06-03,10973551,1122925437,103.0,103.5,101.5,102.0,1.0,6829,0.977547741382267,100.6874,99.7099,99.2211,101.1762
2025-06-04,22324577,2302605214,103.5,105.5,101.5,103.0,1.0,11294,0.977547741382267,101.1762,100.6874,99.2211,103.1313
2025-06-05,11706643,1206342869,103.0,104.0,102.0,103.0,0.0,6027,0.977547741382267,100.6874,100.6874,99.7099,101.665
2025-06-06,6846921,704400987,102.5,104.5,102.0,103.0,0.0,4370,0.977547741382267,100.1986,100.6874,99.7099,102.1537
2025-06-09,19438772,1943868127,103.0,103.0,98.1,100.0,-3.0,13954,0.977547741382267,100.6874,97.7548,95.8974,100.6874
2025-06-10,25944396,2731644617,101.5,107.5,101.5,107.0,7.0,16669,0.977547741382267,99.2211,104.5976,99.2211,105.0864
2025-06-11,24252468,2615205646,107.0,110.0,105.5,109.0,2.0,14834,0.977547741382267,104.5976,106.5527,103.1313,107.5303
2025-06-12,10436870,1118567101,108.5,108.5,106.5,107.0,-2.0,7226,0.977547741382267,106.0639,104.5976,104.1088,106.0639
2025-06-13,14132424,1462018411,105.5,106.0,102.5,102.5,-4.5,10422,0.977547741382267,103.1313,100.1986,100.1986,103.6201
2025-06-16,8617800,881206346,102.0,103.0,101.0,103.0,0.5,5206,0.977547741382267,99.7099,100.6874,98.7323,100.6874
2025-06-17,15853641,1616797031,104.0,105.0,100.0,101.5,-1.5,10353,0.977547741382267,101.665,99.2211,97.7548,102.6425
2025-06-18,11830229,1216565850,101.5,104.0,101.0,103.5,2.0,8427,0.977547741382267,99.2211,101.1762,98.7323,101.665
2025-06-19,9799692,992049525,103.0,103.5,100.5,100.5,-3.0,7467,0.977547741382267,100.6874,98.2435,98.2435,101.1762
2025-06-20,37735671,3783640297,101.5,103.0,100.0,100.0,-0.5,8952,0.977547741382267,99.2211,97.7548,97.7548,100.6874
2025-06-23,61005719,6535969551,99.0,110.0,98.3,110.0,10.0,32360,0.977547741382267,96.7772,107.5303,96.0929,107.5303
2025-06-24,83917118,9501890799,113.0,116.5,110.5,111.5,1.5,49238,0.977547741382267,110.4629,108.9966,108.019,113.8843
2025-06-25,36948650,4222147340,114.0,116.0,112.5,114.0,2.5,22015,0.977547741382267,111.4404,111.4404,109.9741,113.3955
2025-06-26,18058164,2059273489,114.0,115.5,112.5,114.0,0.0,9664,0.977547741382267,111.4404,111.4404,109.9741,112.9068
2025-06-27,21443953,2419369859,114.0,115.0,110.5,113.0,-1.0,12586,0.977547741382267,111.4404,110.4629,108.019,112.418
2025-06-30,14542516,1652115252,113.5,115.0,111.5,114.0,1.0,8485,0.977547741382267,110.9517,111.4404,108.9966,112.418
2025-07-01,22898420,2612999500,114.0,116.0,112.0,112.0,-2.0,13612,0.977547741382267,111.4404,109.4853,109.4853,113.3955
2025-07-02,9382986,1053827596,112.0,113.5,111.5,112.0,0.0,6071,0.977547741382267,109.4853,109.4853,108.9966,110.9517
2025-07-03,73400740,8576499081,114.0,119.5,113.5,117.0,5.0,39393,0.977547741382267,111.4404,114.3731,110.9517,116.817
2025-07-04,56011863,6649748091,118.5,121.0,116.0,118.0,1.0,30396,0.977547741382267,115.8394,115.3506,113.3955,118.2833
2025-07-07,25206718,2949171727,120.0,120.5,115.0,115.0,-3.0,19137,0.977547741382267,117.3057,112.418,112.418,117.7945
2025-07-08,11351711,1306731123,114.0,116.5,113.0,116.0,1.0,8003,0.977547741382267,111.4404,113.3955,110.4629,113.8843
2025-07-09,55036327,6682986946,116.5,124.0,115.5,122.5,6.5,36235,0.977547741382267,113.8843,119.7496,112.9068,121.2159
2025-07-10,68131403,8541243904,124.0,128.0,122.0,125.5,0.0,37977,0.9897478991596638,122.7287,124.2134,120.7492,126.6877
2025-07-11,24649337,3090740469,126.5,127.5,123.5,124.0,-1.5,18207,0.9897478991596638,125.2031,122.7287,122.2339,126.1929
2025-07-14,24231920,2920681718,123.5,124.0,119.5,120.0,-4.0,16092,0.9897478991596638,122.2339,118.7697,118.2749,122.7287
2025-07-15,96095745,12329661568,120.0,132.0,120.0,132.0,12.0,60462,0.9897478991596638,118.7697,130.6467,118.7697,130.6467
2025-07-16,178875421,24331661055,133.5,141.5,130.0,135.5,3.5,103636,0.9897478991596638,132.1313,134.1108,128.6672,140.0493
2025-07-17,59690609,8029013095,137.0,138.5,132.0,133.5,-2.0,41540,0.9897478991596638,135.5955,132.1313,130.6467,137.0801
2025-07-18,33368863,4443029225,134.5,135.0,131.5,133.0,-0.5,21036,0.9897478991596638,133.1211,131.6365,130.1518,133.616
2025-07-21,28460895,3799043065,133.0,135.5,131.5,133.5,0.5,18588,0.9897478991596638,131.6365,132.1313,130.1518,134.1108
2025-07-22,46116170,6003205308,134.0,135.0,127.5,128.5,-5.0,30934,0.9897478991596638,132.6262,127.1826,126.1929,133.616
2025-07-23,45854043,6044207124,130.0,134.5,128.5,131.5,3.0,29169,0.9897478991596638,128.6672,130.1518,127.1826,133.1211
2025-07-24,26492014,3496365778,133.0,133.5,131.0,132.5,1.0,16211,0.9897478991596638,131.6365,131.1416,129.657,132.1313
2025-07-25,34519854,4580601178,132.0,135.0,131.0,131.0,-1.5,22620,0.9897478991596638,130.6467,129.657,129.657,133.616
2025-07-28,22930853,3053342994,132.5,134.5,131.5,133.0,2.0,13395,0.9897478991596638,131.1416,131.6365,130.1518,133.1211
2025-07-29,114489321,16209698627,138.0,145.0,137.5,140.0,7.0,65550,0.9897478991596638,136.5852,138.5647,136.0903,143.5134
2025-07-30,58375228,8157830617,142.0,142.5,136.5,142.0,2.0,47943,0.9897478991596638,140.5442,140.5442,135.1006,141.0391
2025-07-31,45007870,6210349052,139.0,139.5,136.5,137.5,-4.5,32937,0.9897478991596638,137.575,136.0903,135.1006,138.0698
2025-08-01,33207731,4597938356,133.5,141.0,133.0,138.5,1.0,20094,0.9897478991596638,132.1313,137.0801,131.6365,139.5545
2025-08-04,19078120,2590181640,136.5,137.0,135.0,135.0,-3.5,13963,0.9897478991596638,135.1006,133.616,133.616,135.5955
2025-08-05,17520906,2400177739,136.5,139.0,135.5,135.5,0.5,11441,0.9897478991596638,135.1006,134.1108,134.1108,137.575
2025-08-06,17282085,2323204000,135.5,136.0,133.5,134.0,-1.5,11349,0.9897478991596638,134.1108,132.6262,132.1313,134.6057
2025-08-07,20357713,2793705816,136.5,139.0,135.5,136.0,2.0,14145,0.9897478991596638,135.1006,134.6057,134.1108,137.575
2025-08-08,15522714,2134257500,136.5,138.5,136.5,137.0,1.0,11036,0.9897478991596638,135.1006,135.5955,135.1006,137.0801
2025-08-11,38683959,5464447778,138.0,143.0,137.5,142.5,5.5,26425,0.9897478991596638,136.5852,141.0391,136.0903,141.5339
2025-08-12,21474806,3001616296,142.5,142.5,138.0,138.5,-4.0,18670,0.9897478991596638,141.0391,137.0801,136.5852,141.0391
2025-08-13,28204237,3912991637,140.5,142.0,136.0,138.0,-0.5,18077,0.9897478991596638,139.0596,136.5852,134.6057,140.5442
2025-08-14,31770415,4452405393,140.0,144.5,137.5,138.0,0.0,19735,0.9897478991596638,138.5647,136.5852,136.0903,143.0186
2025-08-15,29696432,4083487227,139.5,142.0,135.0,135.5,-2.5,24120,0.9897478991596638,138.0698,134.1108,133.616,140.5442
2025-08-18,53936215,7574437608,134.0,142.5,134.0,142.0,6.5,32322,0.9897478991596638,132.6262,140.5442,132.6262,141.0391
2025-08-19,32549940,4593900092,144.0,145.5,138.5,139.0,-3.0,22136,0.9897478991596638,142.5237,137.575,137.0801,144.0083
2025-08-20,28473773,3827471511,137.0,139.0,133.0,133.5,-5.5,22467,0.9897478991596638,135.5955,132.1313,131.6365,137.575
2025-08-21,18224912,2433474148,132.5,135.5,132.5,133.5,0.0,13657,0.9897478991596638,131.1416,132.1313,131.1416,134.1108
2025-08-22,12823238,1721682365,134.0,135.5,132.5,135.0,1.5,8342,0.9897478991596638,132.6262,133.616,131.1416,134.1108
2025-08-25,26238917,3654659467,138.0,140.5,138.0,140.0,5.0,15413,0.9897478991596638,136.5852,138.5647,136.5852,139.0596
2025-08-26,55622392,7959019429,141.0,146.0,140.0,142.0,2.0,40535,0.9897478991596638,139.5545,140.5442,138.5647,144.5032
2025-08-27,78875832,11789645368,145.5,152.0,145.0,152.0,10.0,59419,0.9897478991596638,144.0083,150.4417,143.5134,150.4417
2025-08-28,56299084,8470728082,151.5,153.5,147.0,150.0,-2.0,41173,0.9897478991596638,149.9468,148.4622,145.4929,151.9263
2025-08-29,45478963,6708378023,152.5,153.5,144.5,144.5,-5.5,35629,0.9897478991596638,150.9366,143.0186,143.0186,151.9263
2025-09-01,45628424,6254103471,143.5,144.0,133.0,134.5,-10.0,36917,0.9897478991596638,142.0288,133.1211,131.6365,142.5237
2025-09-02,30783090,4052191315,135.0,135.5,129.5,131.0,-3.5,22881,0.9897478991596638,133.616,129.657,128.1724,134.1108
2025-09-03,15310351,2023298585,132.0,133.0,131.0,132.5,1.5,10399,0.9897478991596638,130.6467,131.1416,129.657,131.6365
2025-09-04,18638543,2495704171,134.5,135.5,132.0,133.5,1.0,10090,0.9897478991596638,133.1211,132.1313,130.6467,134.1108
2025-09-05,16038706,2165387955,136.0,137.5,133.0,134.0,0.5,10941,0.9897478991596638,134.6057,132.6262,131.6365,136.0903
2025-09-08,18119903,2405409652,135.0,135.5,130.5,133.5,-0.5,10723,0.9897478991596638,133.616,132.1313,129.1621,134.1108
2025-09-09,9786778,1318074189,135.0,136.0,133.5,135.0,1.5,6933,0.9897478991596638,133.616,133.616,132.1313,134.6057
2025-09-10,34188146,4791424832,137.0,143.0,135.0,141.5,6.5,25443,0.9897478991596638,135.5955,140.0493,133.616,141.5339
2025-09-11,36645537,5266746810,144.5,146.5,141.5,142.5,1.0,24520,0.9897478991596638,143.0186,141.0391,140.0493,144.9981
2025-09-12,29762268,4334928702,145.5,147.5,143.5,144.5,2.0,20737,0.9897478991596638,144.0083,143.0186,142.0288,145.9878
2025-09-15,12585488,1797955212,145.5,145.5,141.5,142.0,-2.5,18488,0.9897478991596638,144.0083,140.5442,140.0493,144.0083
2025-09-16,64156759,9637894536,144.0,153.0,142.5,152.0,10.0,48349,0.9897478991596638,142.5237,150.4417,141.0391,151.4314
2025-09-17,22731939,3380043305,152.0,152.0,147.0,147.5,-4.5,21105,0.9897478991596638,150.4417,145.9878,145.4929,150.4417
2025-09-18,27918539,4117125181,150.0,150.0,145.0,148.5,1.0,15798,0.9897478991596638,148.4622,146.9776,143.5134,148.4622
2025-09-19,77040318,12200466205,155.0,161.5,154.5,157.5,9.0,49617,0.9897478991596638,153.4109,155.8853,152.9161,159.8443
2025-09-22,28067760,4443463202,159.0,159.5,156.5,158.5,1.0,22322,0.9897478991596638,157.3699,156.875,154.8955,157.8648
2025-09-23,49227532,7945299387,160.0,165.0,159.0,159.0,0.5,31890,0.9897478991596638,158.3597,157.3699,157.3699,163.3084
2025-09-24,22247841,3484307091,159.5,160.0,154.5,157.0,-2.0,16812,0.9897478991596638,157.8648,155.3904,152.9161,158.3597
2025-09-25,18732551,2961091356,156.5,159.5,155.0,157.0,0.0,13466,0.9897478991596638,154.8955,155.3904,153.4109,157.8648
2025-09-26,22663847,3410415677,155.5,156.5,148.0,149.0,-8.0,19897,0.9897478991596638,153.9058,147.4724,146.4827,154.8955
2025-09-30,12365063,1878042155,152.5,153.0,150.5,151.5,2.5,7949,0.9897478991596638,150.9366,149.9468,148.9571,151.4314
2025-10-01,19127217,2990874851,153.0,159.5,152.0,155.0,3.5,14969,0.9897478991596638,151.4314,153.4109,150.4417,157.8648
2025-10-02,19461486,2995806856,157.0,157.5,151.0,153.0,-2.0,14253,0.9897478991596638,155.3904,151.4314,149.4519,155.8853
2025-10-03,18510051,2874675054,154.0,157.0,153.0,156.0,3.0,13176,0.9897478991596638,152.4212,154.4007,151.4314,155.3904
2025-10-07,18875133,2997952639,160.0,161.0,157.0,158.0,2.0,13578,0.9897478991596638,158.3597,156.3802,155.3904,159.3494
2025-10-08,15608289,2463487412,156.0,160.5,154.0,160.0,2.0,11343,0.9897478991596638,154.4007,158.3597,152.4212,158.8545
2025-10-09,49101285,8034358806,161.0,167.5,160.5,161.0,1.0,45790,0.9897478991596638,159.3494,159.3494,158.8545,165.7828
2025-10-13,31538717,4804565433,151.0,154.5,150.5,153.5,-7.5,32285,0.9897478991596638,149.4519,151.9263,148.9571,152.9161
2025-10-14,24470429,3678576049,155.5,157.5,146.0,146.0,-7.5,21927,0.9897478991596638,153.9058,144.5032,144.5032,155.8853
2025-10-15,40885807,6376197883,148.5,159.5,148.5,158.5,12.5,29131,0.9897478991596638,146.9776,156.875,146.9776,157.8648
2025-10-16,66717955,10991406942,160.0,168.0,160.0,165.5,7.0,43552,0.9897478991596638,158.3597,163.8033,158.3597,166.2776
2025-10-17,24087543,3914258679,165.5,166.0,160.5,160.5,-5.0,29746,0.9897478991596638,163.8033,158.8545,158.8545,164.2982
2025-10-20,16913013,2705889411,163.0,163.5,158.5,160.0,-0.5,13840,0.9897478991596638,161.3289,158.3597,156.875,161.8238
2025-10-21,18055061,2911149526,161.0,163.0,159.5,160.0,0.0,11892,0.9897478991596638,159.3494,158.3597,157.8648,161.3289
2025-10-22,13392749,2133051521,160.5,162.0,157.5,159.0,-1.0,10447,0.9897478991596638,158.8545,157.3699,155.8853,160.3392
2025-10-23,14103945,2215362271,157.5,160.0,155.0,156.0,-3.0,10609,0.9897478991596638,155.8853,154.4007,153.4109,158.3597
2025-10-27,27029263,4418624099,161.5,165.5,161.0,163.5,7.5,18464,0.9897478991596638,159.8443,161.8238,159.3494,163.8033
2025-10-28,17893084,2892094181,163.0,163.5,158.0,162.5,-1.0,14325,0.9897478991596638,161.3289,160.834,156.3802,161.8238
2025-10-29,22661349,3741596686,164.5,167.0,162.0,166.0,3.5,16618,0.9897478991596638,162.8135,164.2982,160.3392,165.2879
2025-10-30,23973575,3906371967,168.0,169.0,159.0,160.0,-6.0,33058,0.9897478991596638,166.2776,158.3597,157.3699,167.2674
2025-10-31,20577763,3394480399,161.5,169.0,160.5,163.5,3.5,16895,0.9897478991596638,159.8443,161.8238,158.8545,167.2674
2025-11-03,90228850,16035362900,168.0,179.5,167.0,178.5,15.0,52710,0.9897478991596638,166.2776,176.67,165.2879,177.6597
2025-11-04,52986700,9091073428,177.0,177.5,168.0,168.5,-10.0,45166,0.9897478991596638,175.1854,166.7725,166.2776,175.6803
2025-11-05,31267721,5102446020,163.5,166.0,161.0,164.0,-4.5,19997,0.9897478991596638,161.8238,162.3187,159.3494,164.2982
2025-11-06,20317290,3337827695,167.5,167.5,162.0,165.5,1.5,13459,0.9897478991596638,165.7828,163.8033,160.3392,165.7828
2025-11-07,13676701,2210800335,164.0,166.0,160.0,161.5,-4.0,12192,0.9897478991596638,162.3187,159.8443,158.3597,164.2982
2025-11-10,23211420,3783489670,162.5,166.5,158.0,164.5,3.0,15237,0.9897478991596638,160.834,162.8135,156.3802,164.793
2025-11-11,17169427,2872577992,166.0,170.0,164.0,166.5,2.0,13520,0.9897478991596638,164.2982,164.793,162.3187,168.2571
2025-11-12,16832699,2852168941,168.0,173.0,167.0,167.5,1.0,12879,0.9897478991596638,166.2776,165.7828,165.2879,171.2264
2025-11-13,48910447,8642509828,170.5,180.0,170.0,178.5,11.0,42829,0.9897478991596638,168.752,176.67,168.2571,178.1546
2025-11-14,23311749,4012685807,172.5,175.5,168.5,171.5,0.0,46947,1.0,172.5,171.5,168.5,175.5
2025-11-17,19686741,3373685243,174.0,177.0,167.5,167.5,-4.0,14868,1.0,174.0,167.5,167.5,177.0
2025-11-18,50213238,8704208412,167.5,179.0,167.5,170.0,2.5,34355,1.0,167.5,170.0,167.5,179.0
2025-11-19,38610127,6253983493,164.0,165.5,160.0,160.5,-9.5,45712,1.0,164.0,160.5,160.0,165.5
2025-11-20,28955332,4947113698,166.5,175.0,166.5,171.5,11.0,20243,1.0,166.5,171.5,166.5,175.0
2025-11-21,34009078,5489237539,163.5,165.5,158.0,160.0,-11.5,29177,1.0,163.5,160.0,158.0,165.5
2025-11-24,25032463,4028919678,163.0,164.0,157.5,164.0,4.0,14927,1.0,163.0,164.0,157.5,164.0
2025-11-25,45898480,7903196471,168.0,178.0,166.5,176.0,12.0,31272,1.0,168.0,176.0,166.5,178.0
2025-11-26,51502697,9212451740,175.0,183.0,174.0,178.5,2.5,40794,1.0,175.0,178.5,174.0,183.0
2025-11-27,55318867,10234037588,179.0,189.5,178.0,187.0,8.5,43710,1.0,179.0,187.0,178.0,189.5
2025-11-28,20954146,3908562399,187.5,188.0,184.0,186.5,-0.5,16605,1.0,187.5,186.5,184.0,188.0
2025-12-01,71599696,14128614878,190.0,201.0,190.0,197.0,10.5,46636,1.0,190.0,197.0,190.0,201.0
2025-12-02,43927581,8710090470,200.0,204.0,194.5,196.0,-1.0,55670,1.0,200.0,196.0,194.5,204.0
2025-12-03,30774294,6097637645,197.0,203.0,195.0,196.5,0.5,26021,1.0,197.0,196.5,195.0,203.0
2025-12-04,34051059,6821047461,197.0,204.0,197.0,198.5,2.0,33038,1.0,197.0,198.5,197.0,204.0
2025-12-05,80682253,16961287903,202.5,218.0,201.5,215.0,16.5,64638,1.0,202.5,215.0,201.5,218.0
2025-12-08,53880320,11831028350,215.5,224.0,212.0,220.5,5.5,44594,1.0,215.5,220.5,212.0,224.0
2025-12-09,72841341,16590598407,221.5,234.0,221.5,226.0,5.5,105619,1.0,221.5,226.0,221.5,234.0
2025-12-10,36724769,8312517077,227.5,230.0,222.5,227.5,1.5,35004,1.0,227.5,227.5,222.5,230.0
2025-12-11,36200499,8301432226,230.0,235.0,224.5,225.0,-2.5,68153,1.0,230.0,225.0,224.5,235.0
2025-12-12,19839313,4448099543,228.0,229.5,222.0,225.0,0.0,18650,1.0,228.0,225.0,222.0,229.5
2025-12-15,12347665,2737570043,220.0,224.5,219.5,221.5,-3.5,16498,1.0,220.0,221.5,219.5,224.5
2025-12-16,23424436,5046312816,220.0,221.0,211.5,214.0,-7.5,20383,1.0,220.0,214.0,211.5,221.0
2025-12-17,21114961,4530457125,220.0,221.0,211.5,212.0,-2.0,30201,1.0,220.0,212.0,211.5,221.0
2025-12-18,18715861,3894940717,209.0,213.0,204.5,207.0,-5.0,16772,1.0,209.0,207.0,204.5,213.0
2025-12-19,26149364,5602903283,211.0,216.5,209.0,215.0,8.0,16180,1.0,211.0,215.0,209.0,216.5
2025-12-22,25048848,5461851038,219.5,221.0,213.0,220.5,5.5,21729,1.0,219.5,220.5,213.0,221.0
2025-12-23,15591482,3378245402,220.0,220.0,214.5,215.5,-5.0,13547,1.0,220.0,215.5,214.5,220.0
2025-12-24,13473338,2931584972,218.5,220.5,215.0,217.0,1.5,10742,1.0,218.5,217.0,215.0,220.5
2025-12-26,16204155,3592520636,218.5,224.0,216.5,220.5,3.5,13977,1.0,218.5,220.5,216.5,224.0
2025-12-29,11127246,2451322795,222.5,222.5,217.5,220.5,0.0,11383,1.0,222.5,220.5,217.5,222.5
2025-12-30,11167785,2465359124,221.5,224.0,218.0,219.5,-1.0,10087,1.0,221.5,219.5,218.0,224.0
2025-12-31,12816555,2836771368,220.0,223.5,219.0,220.0,0.5,11851,1.0,220.0,220.0,219.0,223.5
2026-01-02,21511262,4726739953,222.5,225.0,216.0,219.0,-1.0,18119,1.0,222.5,219.0,216.0,225.0
2026-01-05,49165233,11196657621,223.0,233.0,221.0,230.0,11.0,37209,1.0,223.0,230.0,221.0,233.0
2026-01-06,26340552,6079675485,231.0,235.5,228.0,230.5,0.5,36003,1.0,231.0,230.5,228.0,235.5
2026-01-07,59270632,13876517690,232.5,244.5,225.5,226.0,-4.5,54396,1.0,232.5,226.0,225.5,244.5
2026-01-08,23871079,5379232098,224.0,230.0,219.5,227.5,1.5,42021,1.0,224.0,227.5,219.5,230.0
2026-01-09,19385893,4371176729,229.0,229.5,221.5,225.5,-2.0,16455,1.0,229.0,225.5,221.5,229.5
2026-01-12,41637350,10057501060,234.5,246.0,234.5,243.5,18.0,38584,1.0,234.5,243.5,234.5,246.0
2026-01-13,56504691,14291711010,246.5,257.0,242.5,254.0,10.5,63266,1.0,246.5,254.0,242.5,257.0
2026-01-14,30300387,7576347013,255.5,256.0,245.5,250.0,-4.0,57787,1.0,255.5,250.0,245.5,256.0
2026-01-15,30354323,7611576766,250.0,257.5,245.5,249.5,-0.5,25165,1.0,250.0,249.5,245.5,257.5
2026-01-16,74016521,19744966398,253.0,274.0,247.0,274.0,24.5,63779,1.0,253.0,274.0,247.0,274.0
2026-01-19,76308584,22278788257,278.0,301.0,274.5,301.0,27.0,73355,1.0,278.0,301.0,274.5,301.0
2026-01-20,117003208,35976422887,297.0,318.0,295.5,308.0,7.0,86998,1.0,297.0,308.0,295.5,318.0
2026-01-21,78717699,25318088011,312.5,328.0,310.5,321.0,13.0,86133,1.0,312.5,321.0,310.5,328.0
2026-01-22,63875536,21255292074,335.5,343.0,325.0,327.0,6.0,79374,1.0,335.5,327.0,325.0,343.0
2026-01-23,45013468,15058722684,327.5,340.0,327.5,339.0,12.0,37939,1.0,327.5,339.0,327.5,340.0
2026-01-26,43059381,14140887299,333.5,335.0,318.0,333.0,-6.0,36248,1.0,333.5,333.0,318.0,335.0
2026-01-27,68458449,23979177154,333.5,363.0,329.0,354.0,21.0,54734,1.0,333.5,354.0,329.0,363.0
2026-01-28,45778289,16681544728,356.5,370.0,355.0,367.5,13.5,39686,1.0,356.5,367.5,355.0,370.0
2026-01-29,59291180,20558311006,365.0,365.0,334.5,344.5,-23.0,60443,1.0,365.0,344.5,334.5,365.0
2026-01-30,76990794,27899931914,347.5,378.5,343.0,378.5,34.0,62123,1.0,347.5,378.5,343.0,378.5
2026-02-02,88667655,32539246108,375.0,377.0,355.0,365.0,-13.5,73332,1.0,375.0,365.0,355.0,377.0
2026-02-03,68774219,26583878608,384.5,397.5,375.0,385.0,20.0,56816,1.0,384.5,385.0,375.0,397.5
2026-02-04,101586634,39526273869,371.0,401.0,370.0,388.0,3.0,83757,1.0,371.0,388.0,370.0,401.0
2026-02-05,72224131,26690231921,380.5,385.0,361.5,365.5,-22.5,73585,1.0,380.5,365.5,361.5,385.0
2026-02-06,68395699,23108673645,336.0,347.5,329.0,340.0,-25.5,59527,1.0,336.0,340.0,329.0,347.5
2026-02-09,80608982,27937954139,355.0,358.0,332.5,347.5,7.5,64340,1.0,355.0,347.5,332.5,358.0
2026-02-10,63529136,23525775708,356.0,381.5,351.0,371.5,24.0,57989,1.0,356.0,371.5,351.0,381.5
2026-02-11,46907630,17472837638,371.5,379.5,366.5,369.0,-2.5,48037,1.0,371.5,369.0,366.5,379.5
2026-02-23,51972076,20820021118,387.0,405.5,387.0,405.5,36.5,43075,1.0,387.0,405.5,387.0,405.5
2026-02-24,85969566,37149068836,410.5,446.0,408.0,446.0,40.5,77643,1.0,410.5,446.0,408.0,446.0
2026-02-25,77302412,34967478755,454.5,463.0,438.0,458.5,12.5,73091,1.0,454.5,458.5,438.0,463.0
2026-02-26,85576984,39594012727,458.0,484.5,436.0,481.5,23.0,81281,1.0,458.0,481.5,436.0,484.5
2026-03-02,77111368,37734973723,463.5,504.0,463.5,481.0,-0.5,82710,1.0,463.5,481.0,463.5,504.0
2026-03-03,18315957,8616516849,477.0,493.5,457.0,463.0,-18.0,30132,1.0,477.0,463.0,457.0,493.5
2026-03-04,27313108,11540775053,440.0,440.0,417.0,417.0,-46.0,50538,1.0,440.0,417.0,417.0,440.0
2026-03-05,18583555,8181236415,450.5,450.5,417.0,450.0,33.0,25137,1.0,450.5,450.0,417.0,450.5
2026-03-06,13951006,6170695813,442.5,450.5,430.5,432.0,-18.0,21752,1.0,442.5,432.0,430.5,450.5
2026-03-09,16081708,6262042015,389.0,391.5,389.0,389.0,-43.0,28370,1.0,389.0,389.0,389.0,391.5
2026-03-10,15566596,6503278882,410.0,427.5,410.0,424.0,35.0,21716,1.0,410.0,424.0,410.0,427.5
2026-03-11,15139938,6960170987,446.5,466.0,445.0,466.0,42.0,19506,1.0,446.5,466.0,445.0,466.0
2026-03-12,15311434,7254506344,466.5,486.0,461.0,480.0,14.0,20407,1.0,466.5,480.0,461.0,486.0
2026-03-13,21131674,10464396608,468.0,509.0,468.0,508.0,28.0,30022,1.0,468.0,508.0,468.0,509.0
2026-03-16,17800019,9432426957,519.0,550.0,505.0,549.0,41.0,29117,1.0,519.0,549.0,505.0,550.0
2026-03-17,62525249,35122752902,571.0,594.0,524.0,543.0,-6.0,80355,1.0,571.0,543.0,524.0,594.0
2026-03-18,50602935,28791915833,550.0,591.0,539.0,580.0,37.0,57575,1.0,550.0,580.0,539.0,591.0
2026-03-19,9690719,5625598454,564.0,590.0,564.0,581.0,1.0,11979,1.0,564.0,581.0,564.0,590.0
2026-03-20,9060263,4982862056,577.0,577.0,533.0,554.0,-27.0,15539,1.0,577.0,554.0,533.0,577.0
2026-03-23,8936699,4490977273,501.0,512.0,499.0,499.0,-55.0,20239,1.0,501.0,499.0,499.0,512.0
2026-03-24,10317920,4698217989,510.0,510.0,449.5,460.0,-39.0,17101,1.0,510.0,460.0,449.5,510.0
2026-03-25,5286906,2662414821,487.5,506.0,487.5,506.0,46.0,7364,1.0,487.5,506.0,487.5,506.0
2026-03-26,8065176,4192122388,510.0,538.0,500.0,502.0,-4.0,10460,1.0,510.0,502.0,500.0,538.0
2026-03-27,5779396,2854458954,473.0,505.0,473.0,505.0,3.0,8463,1.0,473.0,505.0,473.0,505.0
2026-03-30,5105202,2471505338,485.0,496.0,473.5,493.5,-11.5,8416,1.0,485.0,493.5,473.5,496.0
2026-03-31,10008247,4517844016,479.0,479.0,444.5,444.5,-49.0,20754,1.0,479.0,444.5,444.5,479.0
2026-04-01,8025819,3866123805,484.0,488.5,477.0,488.5,44.0,6854,1.0,484.0,488.5,477.0,488.5
2026-04-02,49200504,25957223443,535.0,537.0,515.0,519.0,30.5,53185,1.0,535.0,519.0,515.0,537.0
2026-04-07,36593469,20578244270,546.0,570.0,545.0,564.0,45.0,39532,1.0,546.0,564.0,545.0,570.0
2026-04-08,40382195,24845450055,606.0,620.0,597.0,620.0,56.0,47153,1.0,606.0,620.0,597.0,620.0
2026-04-09,43182032,27286524321,624.0,655.0,614.0,625.0,5.0,55690,1.0,624.0,625.0,614.0,655.0
2026-04-10,31035746,19850214896,641.0,660.0,620.0,638.0,13.0,38139,1.0,641.0,638.0,620.0,660.0
2026-04-13,58280942,36817752043,635.0,648.0,624.0,626.0,-12.0,38343,1.0,635.0,626.0,624.0,648.0
2026-04-14,10850371,6487125650,630.0,630.0,592.0,597.0,-29.0,16141,1.0,630.0,597.0,592.0,630.0
2026-04-15,8044362,4959383226,600.0,629.0,600.0,618.0,21.0,7814,1.0,600.0,618.0,600.0,629.0
2026-04-16,7013959,4424156452,620.0,646.0,606.0,645.0,27.0,9447,1.0,620.0,645.0,606.0,646.0
2026-04-17,4620642,2959844554,640.0,645.0,633.0,643.0,-2.0,7528,1.0,640.0,643.0,633.0,645.0
2026-04-20,9523328,6496382489,644.0,707.0,644.0,678.0,35.0,13971,1.0,644.0,678.0,644.0,707.0
2026-04-21,8275747,5860676791,710.0,715.0,700.0,710.0,32.0,10796,1.0,710.0,710.0,700.0,715.0
2026-04-22,4691666,3377916051,718.0,730.0,711.0,716.0,6.0,8715,1.0,718.0,716.0,711.0,730.0
2026-04-23,8318815,5847705139,726.0,749.0,660.0,728.0,12.0,16907,1.0,726.0,728.0,660.0,749.0
2026-04-24,9904455,7675808875,775.0,790.0,760.0,790.0,62.0,13226,1.0,775.0,790.0,760.0,790.0
2026-04-27,8268907,6751863127,835.0,839.0,790.0,839.0,49.0,13710,1.0,835.0,839.0,790.0,839.0
2026-04-28,40694123,34547379624,864.0,886.0,822.0,825.0,-14.0,71613,1.0,864.0,825.0,822.0,886.0
2026-04-29,33105424,26652560274,805.0,832.0,782.0,803.0,-22.0,73684,1.0,805.0,803.0,782.0,832.0
2026-04-30,34452546,29614041091,828.0,883.0,815.0,883.0,80.0,45831,1.0,828.0,883.0,815.0,883.0
2026-05-04,43775340,39497726439,912.0,920.0,862.0,911.0,28.0,71957,1.0,912.0,911.0,862.0,920.0
2026-05-05,28445776,25874777531,899.0,948.0,893.0,903.0,-8.0,65348,1.0,899.0,903.0,893.0,948.0
2026-05-06,44744339,39239638752,908.0,928.0,846.0,858.0,-45.0,136126,1.0,908.0,858.0,846.0,928.0
2026-05-07,26519253,23480157201,875.0,905.0,862.0,896.0,38.0,49505,1.0,875.0,896.0,862.0,905.0
2026-05-08,36009716,30174708339,871.0,872.0,808.0,818.0,-78.0,146881,1.0,871.0,818.0,808.0,872.0
2026-05-11,28324275,24465278249,830.0,889.0,822.0,861.0,43.0,52140,1.0,830.0,861.0,822.0,889.0
2026-05-12,30082205,27022593227,904.0,926.0,872.0,875.0,14.0,53121,1.0,904.0,875.0,872.0,926.0
