Date,Capacity,Turnover,Open,High,Low,Close,Change,Transaction,AdjFactor,Open_adj,Close_adj,Low_adj,High_adj
2020-05-04,563632,3572731,6.23,6.52,6.0,6.35,-0.04,235,0.9011227683429001,5.614,5.7221,5.4067,5.8753
2020-05-05,415467,2700567,6.36,6.57,6.36,6.43,0.08,143,0.9011227683429001,5.7311,5.7942,5.7311,5.9204
2020-05-06,913012,6083745,6.44,6.9,6.44,6.66,0.23,321,0.9011227683429001,5.8032,6.0015,5.8032,6.2177
2020-05-07,432752,2866132,6.6,6.75,6.51,6.74,0.08,155,0.9011227683429001,5.9474,6.0736,5.8663,6.0826
2020-05-08,582515,3998386,6.84,7.1,6.72,6.72,-0.02,226,0.9011227683429001,6.1637,6.0555,6.0555,6.398
2020-05-11,618901,4290996,7.0,7.05,6.87,6.9,0.18,263,0.9011227683429001,6.3079,6.2177,6.1907,6.3529
2020-05-12,420469,2915884,6.84,7.01,6.84,6.93,0.03,168,0.9011227683429001,6.1637,6.2448,6.1637,6.3169
2020-05-13,406062,2810077,6.9,6.95,6.86,6.95,0.02,119,0.9011227683429001,6.2177,6.2628,6.1817,6.2628
2020-05-14,1989513,14973621,7.0,7.64,7.0,7.64,0.69,460,0.9011227683429001,6.3079,6.8846,6.3079,6.8846
2020-05-15,3118796,24204018,7.99,8.2,7.1,7.11,-0.53,885,0.9011227683429001,7.2,6.407,6.398,7.3892
2020-05-18,895897,6308152,7.1,7.21,6.86,7.2,0.09,314,0.9011227683429001,6.398,6.4881,6.1817,6.4971
2020-05-19,664919,4908886,7.25,7.63,7.25,7.35,0.15,263,0.9011227683429001,6.5331,6.6233,6.5331,6.8756
2020-05-20,308282,2252951,7.4,7.46,7.25,7.25,-0.1,115,0.9011227683429001,6.6683,6.5331,6.5331,6.7224
2020-05-21,285009,2074161,7.25,7.33,7.24,7.28,0.03,110,0.9011227683429001,6.5331,6.5602,6.5241,6.6052
2020-05-22,527994,3772694,7.28,7.28,7.06,7.11,-0.17,175,0.9011227683429001,6.5602,6.407,6.3619,6.5602
2020-05-25,1133531,7796868,7.15,7.15,6.8,6.83,-0.28,326,0.9011227683429001,6.443,6.1547,6.1276,6.443
2020-05-26,432149,3021881,6.85,7.09,6.85,7.07,0.24,172,0.9011227683429001,6.1727,6.3709,6.1727,6.389
2020-05-27,353126,2480627,7.14,7.14,6.93,6.99,-0.08,142,0.9011227683429001,6.434,6.2988,6.2448,6.434
2020-05-28,195888,1368509,6.99,7.04,6.92,6.99,0.0,85,0.9011227683429001,6.2988,6.2988,6.2358,6.3439
2020-05-29,130265,901474,6.93,6.95,6.9,6.93,-0.06,60,0.9011227683429001,6.2448,6.2448,6.2177,6.2628
2020-06-01,224057,1545061,6.72,6.95,6.72,6.91,-0.02,74,0.9011227683429001,6.0555,6.2268,6.0555,6.2628
2020-06-02,281021,1939362,6.95,6.97,6.81,6.91,0.0,86,0.9011227683429001,6.2628,6.2268,6.1366,6.2808
2020-06-03,342960,2400018,7.12,7.13,6.96,7.0,0.09,147,0.9011227683429001,6.416,6.3079,6.2718,6.425
2020-06-04,722034,5198779,7.08,7.3,7.08,7.12,0.12,241,0.9011227683429001,6.3799,6.416,6.3799,6.5782
2020-06-05,509876,3645345,7.18,7.27,7.09,7.18,0.06,195,0.9011227683429001,6.4701,6.4701,6.389,6.5512
2020-06-08,394546,2863753,7.25,7.36,7.2,7.23,0.05,156,0.9011227683429001,6.5331,6.5151,6.4881,6.6323
2020-06-09,341877,2494092,7.4,7.4,7.24,7.24,0.01,134,0.9011227683429001,6.6683,6.5241,6.5241,6.6683
2020-06-10,268697,1930377,7.24,7.24,7.12,7.21,-0.03,99,0.9011227683429001,6.5241,6.4971,6.416,6.5241
2020-06-11,380796,2700292,7.21,7.25,7.0,7.02,-0.19,164,0.9011227683429001,6.4971,6.3259,6.3079,6.5331
2020-06-12,264638,1811080,6.67,6.96,6.67,6.89,-0.13,107,0.9011227683429001,6.0105,6.2087,6.0105,6.2718
2020-06-15,286491,1980913,6.83,7.0,6.83,6.99,0.1,96,0.9011227683429001,6.1547,6.2988,6.1547,6.3079
2020-06-16,277980,1965937,7.07,7.12,7.0,7.09,0.1,112,0.9011227683429001,6.3709,6.389,6.3079,6.416
2020-06-17,235186,1682869,7.15,7.2,7.11,7.16,0.07,108,0.9011227683429001,6.443,6.452,6.407,6.4881
2020-06-18,731632,5262429,7.2,7.29,7.15,7.21,0.05,179,0.9011227683429001,6.4881,6.4971,6.443,6.5692
2020-06-19,456617,3305242,7.36,7.36,7.18,7.24,0.03,177,0.9011227683429001,6.6323,6.5241,6.4701,6.6323
2020-06-22,420578,3036436,7.3,7.3,7.12,7.28,0.04,176,0.9011227683429001,6.5782,6.5602,6.416,6.5782
2020-06-23,459970,3338301,7.29,7.31,7.17,7.28,0.0,149,0.9011227683429001,6.5692,6.5602,6.4611,6.5872
2020-06-24,308082,2237942,7.27,7.33,7.21,7.31,0.03,107,0.9011227683429001,6.5512,6.5872,6.4971,6.6052
2020-06-29,300063,2153282,7.26,7.26,7.12,7.21,-0.1,91,0.9011227683429001,6.5422,6.4971,6.416,6.5422
2020-06-30,242795,1758722,7.2,7.31,7.19,7.23,0.02,86,0.9011227683429001,6.4881,6.5151,6.4791,6.5872
2020-07-01,402796,2920706,7.28,7.31,7.2,7.26,0.03,123,0.9011227683429001,6.5602,6.5422,6.4881,6.5872
2020-07-02,1403974,10607458,7.35,7.9,7.27,7.62,0.36,436,0.9011227683429001,6.6233,6.8666,6.5512,7.1189
2020-07-03,547337,4177988,7.59,7.69,7.59,7.64,0.02,178,0.9011227683429001,6.8395,6.8846,6.8395,6.9296
2020-07-06,1033448,8050311,7.65,8.05,7.65,7.94,0.3,307,0.9011227683429001,6.8936,7.1549,6.8936,7.254
2020-07-07,1014166,7998967,7.96,8.1,7.75,7.77,-0.17,285,0.9011227683429001,7.1729,7.0017,6.9837,7.2991
2020-07-08,1200338,9592624,8.0,8.15,7.8,8.05,0.28,389,0.9011227683429001,7.209,7.254,7.0288,7.3442
2020-07-09,674050,5423150,8.14,8.14,8.0,8.05,0.0,206,0.9011227683429001,7.3351,7.254,7.209,7.3351
2020-07-10,824614,6625432,8.3,8.3,7.9,7.96,-0.09,261,0.9011227683429001,7.4793,7.1729,7.1189,7.4793
2020-07-13,460978,3718154,7.96,8.19,7.96,8.06,0.1,186,0.9011227683429001,7.1729,7.263,7.1729,7.3802
2020-07-14,374556,2997288,8.08,8.08,7.97,7.98,-0.08,144,0.9011227683429001,7.2811,7.191,7.1819,7.2811
2020-07-15,511103,4044291,8.0,8.01,7.8,7.85,-0.13,184,0.9011227683429001,7.209,7.0738,7.0288,7.218
2020-07-16,356090,2763947,7.8,7.87,7.7,7.81,-0.04,119,0.9011227683429001,7.0288,7.0378,6.9386,7.0918
2020-07-17,426122,3295469,7.77,7.81,7.63,7.69,-0.12,130,0.9011227683429001,7.0017,6.9296,6.8756,7.0378
2020-07-20,462761,3460436,7.76,7.76,7.4,7.55,-0.14,158,0.9011227683429001,6.9927,6.8035,6.6683,6.9927
2020-07-21,402798,3033577,7.6,7.69,7.41,7.5,-0.05,155,0.9011227683429001,6.8485,6.7584,6.6773,6.9296
2020-07-22,1424050,11211132,7.61,8.09,7.56,7.9,0.4,502,0.9011227683429001,6.8575,7.1189,6.8125,7.2901
2020-07-23,618115,4854092,7.97,7.97,7.75,7.79,-0.11,195,0.9011227683429001,7.1819,7.0197,6.9837,7.1819
2020-07-24,709305,5386281,7.84,7.84,7.4,7.52,-0.27,247,0.9011227683429001,7.0648,6.7764,6.6683,7.0648
2020-07-27,567364,4205923,7.4,7.6,7.3,7.31,-0.21,178,0.9011227683429001,6.6683,6.5872,6.5782,6.8485
2020-07-28,366062,2661822,7.34,7.4,7.16,7.27,-0.04,156,0.9011227683429001,6.6142,6.5512,6.452,6.6683
2020-07-29,410499,2968380,7.08,7.35,7.08,7.33,0.06,118,0.9011227683429001,6.3799,6.6052,6.3799,6.6233
2020-07-30,540328,3982913,7.3,7.55,7.3,7.35,0.02,147,0.9011227683429001,6.5782,6.6233,6.5782,6.8035
2020-07-31,281830,2071928,7.36,7.46,7.27,7.39,0.04,89,0.9011227683429001,6.6323,6.6593,6.5512,6.7224
2020-08-03,244632,1805088,7.35,7.49,7.33,7.36,-0.03,85,0.9011227683429001,6.6233,6.6323,6.6052,6.7494
2020-08-04,284642,2117807,7.36,7.49,7.36,7.43,0.07,114,0.9011227683429001,6.6323,6.6953,6.6323,6.7494
2020-08-05,433161,3248839,7.48,7.53,7.46,7.48,0.05,168,0.9011227683429001,6.7404,6.7404,6.7224,6.7855
2020-08-06,344651,2589412,7.49,7.75,7.44,7.45,-0.03,140,0.9011227683429001,6.7494,6.7134,6.7044,6.9837
2020-08-07,257437,1913631,7.41,7.54,7.38,7.45,0.0,128,0.9011227683429001,6.6773,6.7134,6.6503,6.7945
2020-08-10,325650,2430604,7.45,7.53,7.41,7.45,0.0,108,0.9011227683429001,6.7134,6.7134,6.6773,6.7855
2020-08-11,2199698,17500763,7.48,8.19,7.4,8.19,0.74,665,0.9011227683429001,6.7404,7.3802,6.6683,7.3802
2020-08-12,3680884,31381386,8.18,9.0,7.8,9.0,0.81,1302,0.9011227683429001,7.3712,8.1101,7.0288,8.1101
2020-08-13,5551028,53112831,9.05,9.9,8.68,9.75,0.75,2147,0.9011227683429001,8.1552,8.7859,7.8217,8.9211
2020-08-14,2685695,25288209,9.79,9.79,9.1,9.46,-0.29,1050,0.9011227683429001,8.822,8.5246,8.2002,8.822
2020-08-17,1360921,12677317,9.35,9.56,9.2,9.21,-0.25,519,0.9011227683429001,8.4255,8.2993,8.2903,8.6147
2020-08-18,2440691,23378950,9.05,10.1,9.05,10.1,0.89,754,0.9011227683429001,8.1552,9.1013,8.1552,9.1013
2020-08-19,4226374,44756220,10.4,10.9,10.25,10.5,0.4,1384,0.9011227683429001,9.3717,9.4618,9.2365,9.8222
2020-08-20,2383836,23696227,10.15,10.55,9.45,9.71,-0.79,872,0.9011227683429001,9.1464,8.7499,8.5156,9.5068
2020-08-21,1326549,13285890,9.71,10.25,9.7,10.05,0.34,504,0.9011227683429001,8.7499,9.0563,8.7409,9.2365
2020-08-24,2812173,29928235,10.05,11.05,9.7,11.0,0.95,984,0.9011227683429001,9.0563,9.9124,8.7409,9.9574
2020-08-25,4109155,46485474,11.0,12.0,10.7,11.95,0.95,1596,0.9011227683429001,9.9124,10.7684,9.642,10.8135
2020-08-26,4288774,51840438,11.5,12.5,11.4,12.1,0.15,1557,0.9011227683429001,10.3629,10.9036,10.2728,11.264
2020-08-27,1905393,22856162,12.1,12.2,11.85,11.85,-0.25,668,0.9011227683429001,10.9036,10.6783,10.6783,10.9937
2020-08-28,1868424,21254564,11.1,11.75,11.05,11.25,-0.6,724,0.9011227683429001,10.0025,10.1376,9.9574,10.5882
2020-08-31,1504547,17344024,11.4,11.95,11.05,11.4,0.15,501,0.9011227683429001,10.2728,10.2728,9.9574,10.7684
2020-09-01,2754469,32933115,11.35,12.3,11.2,12.3,0.9,1009,0.9011227683429001,10.2277,11.0838,10.0926,11.0838
2020-09-02,2370173,28876500,12.3,12.45,11.9,12.15,-0.15,895,0.9011227683429001,11.0838,10.9486,10.7234,11.219
2020-09-03,2464965,29206091,12.15,12.15,11.65,11.7,-0.45,793,0.9011227683429001,10.9486,10.5431,10.4981,10.9486
2020-09-04,1556736,17678924,11.3,11.5,11.05,11.4,-0.3,518,0.9011227683429001,10.1827,10.2728,9.9574,10.3629
2020-09-07,1069083,12326619,11.45,11.85,11.05,11.2,-0.2,415,0.9011227683429001,10.3179,10.0926,9.9574,10.6783
2020-09-08,958102,10753628,11.3,11.4,11.1,11.2,0.0,304,0.9011227683429001,10.1827,10.0926,10.0025,10.2728
2020-09-09,754062,8509392,11.3,11.5,11.15,11.3,0.1,251,0.9011227683429001,10.1827,10.1827,10.0475,10.3629
2020-09-10,1413586,15597124,11.5,11.5,10.8,10.8,-0.5,502,0.9011227683429001,10.3629,9.7321,9.7321,10.3629
2020-09-11,1068816,11301943,10.8,11.0,10.35,10.4,-0.4,411,0.9011227683429001,9.7321,9.3717,9.3266,9.9124
2020-09-14,579753,6131177,10.5,10.7,10.5,10.65,0.25,184,0.9011227683429001,9.4618,9.597,9.4618,9.642
2020-09-15,542554,5759439,11.0,11.0,10.45,10.65,0.0,198,0.9011227683429001,9.9124,9.597,9.4167,9.9124
2020-09-16,630606,6643050,10.8,10.8,10.45,10.45,-0.2,250,0.9011227683429001,9.7321,9.4167,9.4167,9.7321
2020-09-17,448226,4690526,10.45,10.6,10.4,10.4,-0.05,172,0.9011227683429001,9.4167,9.3717,9.3717,9.5519
2020-09-18,1260332,13847102,10.6,11.3,10.4,11.1,0.7,500,0.9011227683429001,9.5519,10.0025,9.3717,10.1827
2020-09-21,760970,8331425,10.9,11.15,10.7,10.8,-0.3,299,0.9011227683429001,9.8222,9.7321,9.642,10.0475
2020-09-22,1165773,12532652,10.85,11.45,10.35,11.25,0.45,397,0.9011227683429001,9.7772,10.1376,9.3266,10.3179
2020-09-23,1233680,13699730,11.15,11.25,11.0,11.1,-0.15,366,0.9011227683429001,10.0475,10.0025,9.9124,10.1376
2020-09-24,458490,4969314,11.1,11.1,10.65,10.85,-0.25,200,0.9011227683429001,10.0025,9.7772,9.597,10.0025
2020-09-25,622368,6542794,10.85,10.9,10.2,10.35,-0.5,266,0.9011227683429001,9.7772,9.3266,9.1915,9.8222
2020-09-28,382530,3969354,10.4,10.45,10.3,10.3,-0.05,135,0.9011227683429001,9.3717,9.2816,9.2816,9.4167
2020-09-29,327953,3420655,10.3,10.7,10.3,10.55,0.25,145,0.9011227683429001,9.2816,9.5068,9.2816,9.642
2020-09-30,303003,3212231,10.45,10.75,10.4,10.6,0.05,128,0.9011227683429001,9.4167,9.5519,9.3717,9.6871
2020-10-05,399123,4216977,10.5,10.7,10.4,10.5,-0.1,162,0.9011227683429001,9.4618,9.4618,9.3717,9.642
2020-10-06,2250805,25728891,10.65,11.55,10.65,11.55,1.05,622,0.9011227683429001,9.597,10.408,9.597,10.408
2020-10-07,8461841,105110113,11.3,12.7,11.3,12.7,1.15,2540,0.9011227683429001,10.1827,11.4443,10.1827,11.4443
2020-10-08,8232715,108505492,12.8,13.6,12.75,13.15,0.45,2742,0.9011227683429001,11.5344,11.8498,11.4893,12.2553
2020-10-12,3659664,46361446,13.2,13.3,12.4,12.6,-0.55,1365,0.9011227683429001,11.8948,11.3541,11.1739,11.9849
2020-10-13,1867155,22918789,12.8,12.8,12.0,12.15,-0.45,792,0.9011227683429001,11.5344,10.9486,10.8135,11.5344
2020-10-14,4552021,59688323,12.15,13.35,11.9,13.35,1.2,1419,0.9011227683429001,10.9486,12.03,10.7234,12.03
2020-10-15,6500705,94150472,14.2,14.65,14.1,14.65,1.3,1422,0.9011227683429001,12.7959,13.2014,12.7058,13.2014
2020-10-16,14292312,214942084,14.65,15.85,14.35,15.0,0.35,4562,0.9011227683429001,13.2014,13.5168,12.9311,14.2828
2020-10-19,3596308,52368527,15.15,15.15,14.1,14.55,-0.45,1502,0.9011227683429001,13.652,13.1113,12.7058,13.652
2020-10-20,9559074,149746434,14.55,16.0,14.5,16.0,1.45,2915,0.9011227683429001,13.1113,14.418,13.0663,14.418
2020-10-21,15433270,259598696,16.3,17.6,15.85,17.2,1.2,5882,0.9011227683429001,14.6883,15.4993,14.2828,15.8598
2020-10-22,7887425,131692675,16.8,17.25,16.25,17.1,-0.1,3337,0.9011227683429001,15.1389,15.4092,14.6432,15.5444
2020-10-23,5700796,97840894,17.2,18.0,16.6,17.85,0.75,2599,0.9011227683429001,15.4993,16.085,14.9586,16.2202
2020-10-26,6023003,107344670,18.0,18.45,17.35,17.7,-0.15,2859,0.9011227683429001,16.2202,15.9499,15.6345,16.6257
2020-10-27,4121032,71219595,17.4,17.65,17.0,17.25,-0.45,1853,0.9011227683429001,15.6795,15.5444,15.3191,15.9048
2020-10-28,4352811,74136357,17.0,17.65,16.6,16.65,-0.6,2011,0.9011227683429001,15.3191,15.0037,14.9586,15.9048
2020-10-29,6501319,110539603,16.25,17.8,15.85,17.8,1.15,2715,0.9011227683429001,14.6432,16.04,14.2828,16.04
2020-10-30,4737486,82667664,17.7,18.3,17.05,17.1,-0.7,2043,0.9011227683429001,15.9499,15.4092,15.3641,16.4905
2020-11-02,2040189,34157146,16.75,17.05,16.5,16.75,-0.35,927,0.9011227683429001,15.0938,15.0938,14.8685,15.3641
2020-11-03,3534266,59367307,16.75,17.4,16.5,16.5,-0.25,1467,0.9011227683429001,15.0938,14.8685,14.8685,15.6795
2020-11-04,2711112,44261973,16.5,16.75,16.05,16.1,-0.4,1153,0.9011227683429001,14.8685,14.5081,14.463,15.0938
2020-11-05,2481041,41092215,16.0,16.9,16.0,16.35,0.25,1143,0.9011227683429001,14.418,14.7334,14.418,15.229
2020-11-06,2175123,35271041,16.5,16.5,16.05,16.1,-0.25,995,0.9011227683429001,14.8685,14.5081,14.463,14.8685
2020-11-09,3074065,49510842,16.2,16.3,15.75,16.25,0.15,1056,0.9011227683429001,14.5982,14.6432,14.1927,14.6883
2020-11-10,5956587,91140085,16.0,16.05,14.65,15.15,-1.1,2349,0.9011227683429001,14.418,13.652,13.2014,14.463
2020-11-11,1899633,28335297,15.0,15.35,14.65,14.85,-0.3,817,0.9011227683429001,13.5168,13.3817,13.2014,13.8322
2020-11-12,1750074,26161718,15.0,15.2,14.75,14.8,-0.05,717,0.9011227683429001,13.5168,13.3366,13.2916,13.6971
2020-11-13,1602235,23132211,14.65,14.75,14.25,14.5,-0.3,713,0.9011227683429001,13.2014,13.0663,12.841,13.2916
2020-11-16,4343790,67459862,14.55,15.95,14.55,15.95,1.45,1424,0.9011227683429001,13.1113,14.3729,13.1113,14.3729
2020-11-17,7966791,132673407,16.4,16.95,16.3,16.7,0.75,3351,0.9011227683429001,14.7784,15.0488,14.6883,15.274
2020-11-18,3074391,50954258,16.65,16.9,16.15,16.5,-0.2,1330,0.9011227683429001,15.0037,14.8685,14.5531,15.229
2020-11-19,2758219,45591163,16.75,16.9,16.3,16.5,0.0,1092,0.9011227683429001,15.0938,14.8685,14.6883,15.229
2020-11-20,3157776,50583553,16.5,16.7,15.8,15.8,-0.7,1417,0.9011227683429001,14.8685,14.2377,14.2377,15.0488
2020-11-23,2327947,36267006,15.75,16.05,15.25,15.7,-0.1,1168,0.9011227683429001,14.1927,14.1476,13.7421,14.463
2020-11-24,1600278,24832331,15.7,15.8,15.4,15.4,-0.3,708,0.9011227683429001,14.1476,13.8773,13.8773,14.2377
2020-11-25,1505438,23381357,15.5,15.8,15.35,15.4,0.0,679,0.9011227683429001,13.9674,13.8773,13.8322,14.2377
2020-11-26,7731431,128181696,15.5,16.9,15.45,16.9,1.5,2818,0.9011227683429001,13.9674,15.229,13.9223,15.229
2020-11-27,4750918,78201285,16.6,16.8,16.2,16.35,-0.55,1800,0.9011227683429001,14.9586,14.7334,14.5982,15.1389
2020-11-30,2379634,38573887,16.35,16.65,16.0,16.2,-0.15,926,0.9011227683429001,14.7334,14.5982,14.418,15.0037
2020-12-01,4309778,71916215,16.2,17.2,16.2,16.75,0.55,1794,0.9011227683429001,14.5982,15.0938,14.5982,15.4993
2020-12-02,2254652,37520058,16.8,17.0,16.45,16.55,-0.2,978,0.9011227683429001,15.1389,14.9136,14.8235,15.3191
2020-12-03,2197346,35647567,16.55,16.55,16.0,16.05,-0.5,985,0.9011227683429001,14.9136,14.463,14.418,14.9136
2020-12-04,2168567,35020424,16.0,16.4,16.0,16.0,-0.05,863,0.9011227683429001,14.418,14.418,14.418,14.7784
2020-12-07,3878871,60196702,16.1,16.5,15.0,15.35,-0.65,1689,0.9011227683429001,14.5081,13.8322,13.5168,14.8685
2020-12-08,9478190,157650478,15.55,16.85,15.55,16.85,1.5,3464,0.9011227683429001,14.0125,15.1839,14.0125,15.1839
2020-12-09,8650406,146107764,16.85,17.8,16.15,17.25,0.4,3623,0.9011227683429001,15.1839,15.5444,14.5531,16.04
2020-12-10,3566786,60187908,17.2,17.45,16.6,16.8,-0.45,1663,0.9011227683429001,15.4993,15.1389,14.9586,15.7246
2020-12-11,3023167,49724492,16.95,17.0,16.0,16.25,-0.55,1206,0.9011227683429001,15.274,14.6432,14.418,15.3191
2020-12-14,4955012,84980724,16.25,17.6,16.25,17.3,1.05,2012,0.9011227683429001,14.6432,15.5894,14.6432,15.8598
2020-12-15,3512430,59222129,17.2,17.5,16.5,16.55,-0.75,1382,0.9011227683429001,15.4993,14.9136,14.8685,15.7696
2020-12-16,1841416,30895345,16.85,16.9,16.6,16.9,0.35,688,0.9011227683429001,15.1839,15.229,14.9586,15.229
2020-12-17,2474160,42116819,17.0,17.3,16.8,16.9,0.0,994,0.9011227683429001,15.3191,15.229,15.1389,15.5894
2020-12-18,2681269,44186049,16.9,16.9,16.3,16.35,-0.55,1135,0.9011227683429001,15.229,14.7334,14.6883,15.229
2020-12-21,2320833,37995289,16.5,16.7,16.0,16.4,0.05,887,0.9011227683429001,14.8685,14.7784,14.418,15.0488
2020-12-22,1963646,32062947,16.4,16.6,16.0,16.05,-0.35,830,0.9011227683429001,14.7784,14.463,14.418,14.9586
2020-12-23,1154833,18721094,16.1,16.35,16.0,16.3,0.25,512,0.9011227683429001,14.5081,14.6883,14.418,14.7334
2020-12-24,13835669,244850194,16.7,17.9,16.5,17.9,1.6,4087,0.9011227683429001,15.0488,16.1301,14.8685,16.1301
2020-12-25,20797660,389824939,17.9,19.65,17.1,19.65,1.75,6772,0.9011227683429001,16.1301,17.7071,15.4092,17.7071
2020-12-28,11879605,246757196,20.0,21.6,19.25,21.6,1.95,4250,0.9011227683429001,18.0225,19.4643,17.3466,19.4643
2020-12-29,16745028,384660315,22.25,23.75,22.2,23.35,1.75,7332,0.9011227683429001,20.05,21.0412,20.0049,21.4017
2020-12-30,17045553,415284308,22.7,25.6,22.4,25.5,2.15,7355,0.9011227683429001,20.4555,22.9786,20.1852,23.0687
2020-12-31,18736763,485864763,24.9,27.2,24.2,26.85,1.35,8505,0.9011227683429001,22.438,24.1951,21.8072,24.5105
2021-01-04,11612963,310097549,26.8,28.1,25.3,27.1,0.25,6433,0.9011227683429001,24.1501,24.4204,22.7984,25.3215
2021-01-05,8176444,218074708,26.9,27.5,26.0,26.45,-0.65,4420,0.9011227683429001,24.2402,23.8347,23.4292,24.7809
2021-01-06,9457505,238290689,26.6,26.6,24.0,25.75,-0.7,4865,0.9011227683429001,23.9699,23.2039,21.6269,23.9699
2021-01-07,4922215,124180153,25.65,25.65,24.8,25.05,-0.7,2526,0.9011227683429001,23.1138,22.5731,22.3478,23.1138
2021-01-08,6884592,181761047,25.6,27.3,25.05,26.5,1.45,3780,0.9011227683429001,23.0687,23.8798,22.5731,24.6007
2021-01-11,4526651,120943297,25.4,27.3,25.4,26.85,0.35,2373,0.9011227683429001,22.8885,24.1951,22.8885,24.6007
2021-01-12,3927583,103872434,27.0,27.0,26.0,26.2,-0.65,2049,0.9011227683429001,24.3303,23.6094,23.4292,24.3303
2021-01-13,4301336,116011696,26.5,27.3,26.5,26.75,0.55,2269,0.9011227683429001,23.8798,24.105,23.8798,24.6007
2021-01-14,9217465,264245500,26.8,29.4,26.75,29.4,2.65,4764,0.9011227683429001,24.1501,26.493,24.105,26.493
2021-01-15,13457923,417242432,30.0,32.3,29.5,31.8,2.4,7204,0.9011227683429001,27.0337,28.6557,26.5831,29.1063
2021-01-18,15213040,475002325,30.95,33.0,29.0,32.95,1.15,7707,0.9011227683429001,27.8897,29.692,26.1326,29.7371
2021-01-19,13182647,422655366,32.0,33.95,30.75,30.75,-2.2,7179,0.9011227683429001,28.8359,27.7095,27.7095,30.5931
2021-01-20,12950309,374655969,29.5,30.5,27.7,29.3,-1.45,6603,0.9011227683429001,26.5831,26.4029,24.9611,27.4842
2021-01-21,7743587,224184570,30.0,30.3,27.9,28.0,-1.3,3836,0.9011227683429001,27.0337,25.2314,25.1413,27.304
2021-01-22,6535366,183430868,27.6,28.7,27.0,27.9,-0.1,3167,0.9011227683429001,24.871,25.1413,24.3303,25.8622
2021-01-25,5581282,156422658,28.0,28.7,27.15,27.55,-0.35,2784,0.9011227683429001,25.2314,24.8259,24.4655,25.8622
2021-01-26,6173385,165421933,27.5,27.9,25.75,25.95,-1.6,3175,0.9011227683429001,24.7809,23.3841,23.2039,25.1413
2021-01-27,6523195,177659548,25.95,28.5,25.95,28.5,2.55,3130,0.9011227683429001,23.3841,25.682,23.3841,25.682
2021-01-28,10332455,298777864,27.0,30.5,27.0,29.1,0.6,5516,0.9011227683429001,24.3303,26.2227,24.3303,27.4842
2021-01-29,5639861,160228218,29.15,29.6,27.55,27.75,-1.35,3224,0.9011227683429001,26.2677,25.0062,24.8259,26.6732
2021-02-01,3563272,95158489,27.6,27.75,26.25,26.25,-1.5,2018,0.9011227683429001,24.871,23.6545,23.6545,25.0062
2021-02-02,2191480,58924151,26.3,27.3,26.3,27.0,0.75,1265,0.9011227683429001,23.6995,24.3303,23.6995,24.6007
2021-02-03,2938517,78006534,26.5,27.25,26.0,26.3,-0.7,1536,0.9011227683429001,23.8798,23.6995,23.4292,24.5556
2021-02-04,4641686,117411708,26.0,26.0,25.0,25.0,-1.3,2627,0.9011227683429001,23.4292,22.5281,22.5281,23.4292
2021-02-05,4474975,109351946,24.85,25.35,24.05,24.05,-0.95,2384,0.9011227683429001,22.3929,21.672,21.672,22.8435
2021-02-17,3727794,97293065,25.7,26.45,25.0,26.45,2.4,1630,0.9011227683429001,23.1589,23.8347,22.5281,23.8347
2021-02-18,10310453,290584544,27.25,29.0,27.0,28.8,2.35,5292,0.9011227683429001,24.5556,25.9523,24.3303,26.1326
2021-02-19,6192823,174021827,27.8,28.9,27.5,28.35,-0.45,3315,0.9011227683429001,25.0512,25.5468,24.7809,26.0424
2021-02-22,4383170,125749379,28.6,29.05,28.0,28.7,0.35,2402,0.9011227683429001,25.7721,25.8622,25.2314,26.1776
2021-02-23,7886918,234865254,28.9,30.95,28.2,30.0,1.3,4287,0.9011227683429001,26.0424,27.0337,25.4117,27.8897
2021-02-24,5783485,168347846,29.0,29.9,28.3,28.6,-1.4,3338,0.9011227683429001,26.1326,25.7721,25.5018,26.9436
2021-02-25,2742285,79251098,29.6,29.65,28.6,28.65,0.05,1553,0.9011227683429001,26.6732,25.8172,25.7721,26.7183
2021-02-26,2719158,77758883,28.0,29.25,27.65,28.65,0.0,1514,0.9011227683429001,25.2314,25.8172,24.916,26.3578
2021-03-02,2718147,78359632,29.0,29.5,28.0,28.0,-0.65,1616,0.9011227683429001,26.1326,25.2314,25.2314,26.5831
2021-03-03,5339434,154153297,27.95,29.85,27.35,29.5,1.5,2721,0.9011227683429001,25.1864,26.5831,24.6457,26.8985
2021-03-04,6714956,199002215,29.0,30.5,28.8,29.6,0.1,3429,0.9011227683429001,26.1326,26.6732,25.9523,27.4842
2021-03-05,3754537,109657389,28.9,29.75,28.4,29.05,-0.55,2101,0.9011227683429001,26.0424,26.1776,25.5919,26.8084
2021-03-08,3241225,93921539,29.6,29.8,28.1,28.3,-0.75,1926,0.9011227683429001,26.6732,25.5018,25.3215,26.8535
2021-03-09,3383348,94937368,28.1,28.8,27.25,28.6,0.3,1859,0.9011227683429001,25.3215,25.7721,24.5556,25.9523
2021-03-10,1991307,56663343,28.85,28.95,28.05,28.05,-0.55,1163,0.9011227683429001,25.9974,25.2765,25.2765,26.0875
2021-03-11,3706431,108013396,28.3,29.8,28.25,29.1,1.05,1992,0.9011227683429001,25.5018,26.2227,25.4567,26.8535
2021-03-12,2766109,80045233,29.55,29.55,28.55,28.8,-0.3,1582,0.9011227683429001,26.6282,25.9523,25.7271,26.6282
2021-03-15,3389052,99375624,29.1,29.8,28.85,29.55,0.75,1857,0.9011227683429001,26.2227,26.6282,25.9974,26.8535
2021-03-16,11465160,358977035,30.25,32.5,29.5,32.5,2.95,5657,0.9011227683429001,27.259,29.2865,26.5831,29.2865
2021-03-17,13795576,485259367,34.0,35.75,34.0,35.75,3.25,6512,0.9011227683429001,30.6382,32.2151,30.6382,32.2151
2021-03-18,23062379,853655988,36.8,38.9,35.9,36.05,0.3,12639,0.9011227683429001,33.1613,32.4855,32.3503,35.0537
2021-03-19,20201373,759986699,34.6,39.65,34.5,39.65,3.6,10776,0.9011227683429001,31.1788,35.7295,31.0887,35.7295
2021-03-22,18729157,752266492,40.0,41.95,38.6,39.65,0.0,10554,0.9011227683429001,36.0449,35.7295,34.7833,37.8021
2021-03-23,16837643,636489196,39.15,39.7,36.0,37.85,-1.8,10025,0.9011227683429001,35.279,34.1075,32.4404,35.7746
2021-03-24,6071482,226835736,37.1,38.6,36.5,37.05,-0.8,3758,0.9011227683429001,33.4317,33.3866,32.891,34.7833
2021-03-25,5458780,201109787,37.5,37.75,36.15,36.4,-0.65,3434,0.9011227683429001,33.7921,32.8009,32.5756,34.0174
2021-03-26,7018185,264200637,36.95,39.1,36.2,38.1,1.7,4194,0.9011227683429001,33.2965,34.3328,32.6206,35.2339
2021-03-29,6301787,239144512,38.1,38.7,37.35,37.65,-0.45,3982,0.9011227683429001,34.3328,33.9273,33.6569,34.8735
2021-03-30,41488845,1691460381,38.8,41.4,38.05,41.4,3.75,16698,0.9011227683429001,34.9636,37.3065,34.2877,37.3065
2021-03-31,84475144,3614236056,41.9,45.3,40.45,42.0,0.6,42508,0.9011227683429001,37.757,37.8472,36.4504,40.8209
2021-04-01,19695201,891346310,42.65,46.2,42.65,46.2,4.2,8727,0.9011227683429001,38.4329,41.6319,38.4329,41.6319
2021-04-06,15637976,776053761,50.3,50.8,47.5,50.8,4.6,6401,0.9011227683429001,45.3265,45.777,42.8033,45.777
2021-04-07,28732684,1462425051,54.2,54.2,46.85,52.8,2.0,16652,0.9011227683429001,48.8409,47.5793,42.2176,48.8409
2021-04-08,14296640,740745904,50.1,54.4,50.1,51.1,-1.7,9386,0.9011227683429001,45.1463,46.0474,45.1463,49.0211
2021-04-09,8600254,414823557,50.2,50.2,46.25,48.0,-3.1,6055,0.9011227683429001,45.2364,43.2539,41.6769,45.2364
2021-04-12,4598267,216688977,48.5,48.5,46.55,46.6,-1.4,3403,0.9011227683429001,43.7045,41.9923,41.9473,43.7045
2021-04-13,3894160,186004351,46.9,48.8,46.85,46.85,0.25,2669,0.9011227683429001,42.2627,42.2176,42.2176,43.9748
2021-04-14,5687716,250214086,46.85,47.0,42.7,44.4,-2.45,3830,0.9011227683429001,42.2176,40.0099,38.4779,42.3528
2021-04-15,3765307,169039345,44.3,46.7,43.15,45.8,1.4,2462,0.9011227683429001,39.9197,41.2714,38.8834,42.0824
2021-04-16,2720887,127697800,45.6,47.7,45.6,46.95,1.15,1901,0.9011227683429001,41.0912,42.3077,41.0912,42.9836
2021-04-19,2252625,105577268,47.5,47.75,46.2,46.35,-0.6,1679,0.9011227683429001,42.8033,41.767,41.6319,43.0286
2021-04-20,2577696,120467593,46.0,47.6,45.5,47.0,0.65,1696,0.9011227683429001,41.4516,42.3528,41.0011,42.8934
2021-04-21,4065550,196356603,46.65,49.6,46.65,49.6,2.6,2712,0.9011227683429001,42.0374,44.6957,42.0374,44.6957
2021-04-22,5533805,264297400,50.2,50.2,45.5,46.0,-3.6,3722,0.9011227683429001,45.2364,41.4516,41.0011,45.2364
2021-04-23,6448296,308257812,46.0,49.5,45.2,47.6,1.6,3901,0.9011227683429001,41.4516,42.8934,40.7307,44.6056
2021-04-26,9666865,439859062,48.85,49.1,43.8,44.15,-3.45,6180,0.9011227683429001,44.0198,39.7846,39.4692,44.2451
2021-04-27,6897692,294886243,44.1,45.1,40.95,42.5,-1.65,4543,0.9011227683429001,39.7395,38.2977,36.901,40.6406
2021-04-28,4921525,205172276,41.7,43.0,41.0,41.1,-1.4,3037,0.9011227683429001,37.5768,37.0361,36.946,38.7483
2021-04-29,3772608,154246661,41.15,42.0,40.3,40.5,-0.6,2345,0.9011227683429001,37.0812,36.4955,36.3152,37.8472
2021-05-03,5551948,216124554,40.5,40.5,37.8,37.8,-2.7,3004,0.9011227683429001,36.4955,34.0624,34.0624,36.4955
2021-05-04,8870864,348629371,37.8,41.55,35.8,41.3,3.5,5211,0.9011227683429001,34.0624,37.2164,32.2602,37.4417
2021-05-05,5076843,197771341,39.5,40.3,38.0,38.0,-3.3,3053,0.9011227683429001,35.5943,34.2427,34.2427,36.3152
2021-05-06,2689760,101457066,38.2,39.0,36.75,37.0,-1.0,1671,0.9011227683429001,34.4229,33.3415,33.1163,35.1438
2021-05-07,4516624,178314635,38.0,40.6,37.4,40.6,3.6,2557,0.9011227683429001,34.2427,36.5856,33.702,36.5856
2021-05-10,3234008,125208648,39.6,39.6,38.0,38.5,-2.1,1995,0.9011227683429001,35.6845,34.6932,34.2427,35.6845
2021-05-11,6397082,224528109,36.85,36.85,34.65,34.65,-3.85,3564,0.9011227683429001,33.2064,31.2239,31.2239,33.2064
2021-05-12,5856340,185938917,32.05,34.3,31.2,31.2,-3.45,2828,0.9011227683429001,28.881,28.115,28.115,30.9085
2021-05-13,5426341,162113743,28.3,31.95,28.1,30.5,-0.7,2747,0.9011227683429001,25.5018,27.4842,25.3215,28.7909
2021-05-14,3651779,113636945,31.6,32.85,29.65,30.1,-0.4,1996,0.9011227683429001,28.4755,27.1238,26.7183,29.6019
2021-05-17,5215345,145145475,27.2,29.9,27.1,27.2,-2.9,2571,0.9011227683429001,24.5105,24.5105,24.4204,26.9436
2021-05-18,2543150,75093358,28.45,29.9,28.0,29.9,2.7,888,0.9011227683429001,25.6369,26.9436,25.2314,26.9436
2021-05-19,5425769,170857305,30.0,32.55,29.95,31.95,2.05,2866,0.9011227683429001,27.0337,28.7909,26.9886,29.3315
2021-05-20,2693723,83097310,32.0,32.05,30.25,30.25,-1.7,1459,0.9011227683429001,28.8359,27.259,27.259,28.881
2021-05-21,3848270,122452892,31.2,32.9,30.8,31.7,1.45,1861,0.9011227683429001,28.115,28.5656,27.7546,29.6469
2021-05-24,3530979,110441143,30.5,32.55,30.2,32.0,0.3,1642,0.9011227683429001,27.4842,28.8359,27.2139,29.3315
2021-05-25,6707853,230015770,32.8,35.2,32.05,35.2,3.2,3274,0.9011227683429001,29.5568,31.7195,28.881,31.7195
2021-05-26,5691598,192287545,34.5,34.85,33.15,33.55,-1.65,3088,0.9011227683429001,31.0887,30.2327,29.8722,31.4041
2021-05-27,2273936,76234242,33.05,34.35,32.6,33.6,0.05,1266,0.9011227683429001,29.7821,30.2777,29.3766,30.9536
2021-05-28,2593663,88584308,33.85,34.7,33.85,33.9,0.3,1469,0.9011227683429001,30.503,30.5481,30.503,31.269
2021-05-31,4020638,140576046,34.55,35.95,33.9,34.9,1.0,2224,0.9011227683429001,31.1338,31.4492,30.5481,32.3954
2021-06-01,3877472,138251575,35.0,36.8,34.35,36.1,1.2,2173,0.9011227683429001,31.5393,32.5305,30.9536,33.1613
2021-06-02,4519761,157769495,36.1,36.1,34.15,34.15,-1.95,2477,0.9011227683429001,32.5305,30.7733,30.7733,32.5305
2021-06-03,1927320,66216000,34.35,35.0,33.7,34.3,0.15,1050,0.9011227683429001,30.9536,30.9085,30.3678,31.5393
2021-06-04,2356556,79096104,33.95,34.25,33.0,33.0,-1.3,1332,0.9011227683429001,30.5931,29.7371,29.7371,30.8635
2021-06-07,1988934,65220152,32.8,33.6,31.55,32.85,-0.15,1014,0.9011227683429001,29.5568,29.6019,28.4304,30.2777
2021-06-08,1168827,38433933,32.85,33.4,32.55,32.6,-0.25,702,0.9011227683429001,29.6019,29.3766,29.3315,30.0975
2021-06-09,1818670,59675547,32.8,33.9,32.3,32.6,0.0,902,0.9011227683429001,29.5568,29.3766,29.1063,30.5481
2021-06-10,1467294,47962072,33.5,33.5,32.15,32.3,-0.3,781,0.9011227683429001,30.1876,29.1063,28.9711,30.1876
2021-06-11,1953057,63895181,32.95,33.4,32.2,32.2,-0.1,1027,0.9011227683429001,29.692,29.0162,29.0162,30.0975
2021-06-15,1980554,64917332,32.75,33.4,32.1,33.35,1.15,1057,0.9011227683429001,29.5118,30.0524,28.926,30.0975
2021-06-16,7716311,275943001,33.35,36.65,32.7,36.65,3.3,3246,0.9011227683429001,30.0524,33.0261,29.4667,33.0261
2021-06-17,8782038,348475773,39.95,40.3,38.3,40.3,3.65,4092,0.9011227683429001,35.9999,36.3152,34.513,36.3152
2021-06-18,14794929,621237379,41.85,43.0,40.35,42.6,2.3,8766,0.9011227683429001,37.712,38.3878,36.3603,38.7483
2021-06-21,6464387,261796386,41.0,41.5,40.0,40.0,-2.6,3897,0.9011227683429001,36.946,36.0449,36.0449,37.3966
2021-06-22,12435477,522952318,40.6,44.0,38.5,44.0,4.0,6872,0.9011227683429001,36.5856,39.6494,34.6932,39.6494
2021-06-23,11269165,501127073,44.0,46.5,42.5,43.7,-0.3,6288,0.9011227683429001,39.6494,39.3791,38.2977,41.9022
2021-06-24,5376482,235701226,43.95,45.0,43.15,43.25,-0.45,3066,0.9011227683429001,39.6043,38.9736,38.8834,40.5505
2021-06-25,4811746,208415373,43.95,44.3,42.5,42.5,-0.75,2808,0.9011227683429001,39.6043,38.2977,38.2977,39.9197
2021-06-28,3688020,154348180,42.5,42.85,41.05,41.55,-0.95,2305,0.9011227683429001,38.2977,37.4417,36.9911,38.6131
2021-06-29,5735965,232743107,41.15,42.1,39.35,40.05,-1.5,3160,0.9011227683429001,37.0812,36.09,35.4592,37.9373
2021-06-30,3469070,141274646,40.95,41.5,39.4,40.75,0.7,2006,0.9011227683429001,36.901,36.7208,35.5042,37.3966
2021-07-01,3734359,149855387,41.25,41.4,39.4,39.45,-1.3,2145,0.9011227683429001,37.1713,35.5493,35.5042,37.3065
2021-07-02,6014300,249574636,40.0,42.6,39.05,42.1,2.65,3526,0.9011227683429001,36.0449,37.9373,35.1888,38.3878
2021-07-05,4669821,196201486,42.5,43.0,41.35,41.5,-0.6,2672,0.9011227683429001,38.2977,37.3966,37.2614,38.7483
2021-07-06,2282935,93762775,41.55,41.85,40.5,40.5,-1.0,1449,0.9011227683429001,37.4417,36.4955,36.4955,37.712
2021-07-07,2122617,87143530,40.95,41.8,40.2,40.8,0.3,1339,0.9011227683429001,36.901,36.7658,36.2251,37.6669
2021-07-08,2617848,107537529,41.05,41.95,40.0,40.85,0.05,1503,0.9011227683429001,36.9911,36.8109,36.0449,37.8021
2021-07-09,2824801,114828928,40.55,41.7,39.85,40.45,-0.4,1576,0.9011227683429001,36.5405,36.4504,35.9097,37.5768
2021-07-12,11008109,477650019,40.85,44.45,40.7,44.45,4.0,5970,0.9011227683429001,36.8109,40.0549,36.6757,40.0549
2021-07-13,20970811,981065122,45.0,48.85,43.5,46.5,2.05,10538,0.9011227683429001,40.5505,41.9022,39.1988,44.0198
2021-07-14,8767175,398370052,46.5,47.35,44.0,44.5,-2.0,4982,0.9011227683429001,41.9022,40.1,39.6494,42.6682
2021-07-15,3153506,138361784,44.5,44.8,43.5,43.8,-0.7,2084,0.9011227683429001,40.1,39.4692,39.1988,40.3703
2021-07-16,3815624,170597785,43.8,46.0,43.1,43.85,0.05,2547,0.9011227683429001,39.4692,39.5142,38.8384,41.4516
2021-07-19,2915193,125420870,43.45,43.5,42.7,42.8,-1.05,1810,0.9011227683429001,39.1538,38.5681,38.4779,39.1988
2021-07-20,4459989,183548901,42.8,42.8,40.05,40.55,-2.25,2710,0.9011227683429001,38.5681,36.5405,36.09,38.5681
2021-07-21,2503699,101771138,41.65,41.65,39.8,40.2,-0.35,1542,0.9011227683429001,37.5318,36.2251,35.8647,37.5318
2021-07-22,3028734,126159002,40.5,42.5,40.2,41.7,1.5,1903,0.9011227683429001,36.4955,37.5768,36.2251,38.2977
2021-07-23,3231427,136902540,41.5,43.75,41.2,43.3,1.6,1900,0.9011227683429001,37.3966,39.0186,37.1263,39.4241
2021-07-26,13220734,613107479,43.95,47.6,43.3,47.6,4.3,6555,0.9011227683429001,39.6043,42.8934,39.0186,42.8934
2021-07-27,7339625,334756453,47.0,47.0,43.8,43.8,-3.8,4369,0.9011227683429001,42.3528,39.4692,39.4692,42.3528
2021-07-28,6892205,298698509,43.8,45.2,41.0,42.95,-0.85,3016,0.9011227683429001,39.4692,38.7032,36.946,40.7307
2021-07-29,3792578,162158009,43.05,43.8,41.7,42.75,-0.2,1638,0.9011227683429001,38.7933,38.523,37.5768,39.4692
2021-07-30,2580018,108588469,42.75,43.0,41.8,41.8,-0.95,1463,0.9011227683429001,38.523,37.6669,37.6669,38.7483
2021-08-02,1928884,81538633,42.5,42.75,41.85,42.45,0.65,694,0.9011227683429001,38.2977,38.2527,37.712,38.523
2021-08-03,943921,40108621,42.45,42.9,42.25,42.3,-0.15,654,0.9011227683429001,38.2527,38.1175,38.0724,38.6582
2021-08-04,1096756,47000961,42.35,43.6,42.35,42.7,0.4,782,0.9011227683429001,38.1625,38.4779,38.1625,39.289
2021-08-05,4190093,185469813,42.9,45.8,42.15,45.6,2.9,2595,0.9011227683429001,38.6582,41.0912,37.9823,41.2714
2021-08-06,3161818,141334955,45.9,45.9,43.8,43.8,-1.8,1877,0.9011227683429001,41.3615,39.4692,39.4692,41.3615
2021-08-09,1799153,76570811,43.5,43.55,42.1,42.1,-1.7,1116,0.9011227683429001,39.1988,37.9373,37.9373,39.2439
2021-08-10,1068229,44510825,42.3,42.5,41.0,41.65,-0.45,719,0.9011227683429001,38.1175,37.5318,36.946,38.2977
2021-08-11,1631357,67074943,41.6,42.75,40.05,40.55,-1.1,1055,0.9011227683429001,37.4867,36.5405,36.09,38.523
2021-08-12,809162,33099677,41.25,41.3,40.6,40.85,0.3,576,0.9011227683429001,37.1713,36.8109,36.5856,37.2164
2021-08-13,1349352,56267764,41.1,42.8,40.6,41.5,0.65,921,0.9011227683429001,37.0361,37.3966,36.5856,38.5681
2021-08-16,2114758,84333477,40.85,41.05,39.0,39.5,-2.0,1271,0.9011227683429001,36.8109,35.5943,35.1438,36.9911
2021-08-17,3294026,122806677,39.85,39.9,35.6,36.0,-3.5,1958,0.9011227683429001,35.9097,32.4404,32.08,35.9548
2021-08-18,3154972,116809332,35.0,39.6,34.0,39.0,3.0,1594,0.9011227683429001,31.5393,35.1438,30.6382,35.6845
2021-08-19,3290884,128467490,39.0,40.35,37.6,38.6,-0.4,1880,0.9011227683429001,35.1438,34.7833,33.8822,36.3603
2021-08-20,1885702,71239328,38.1,39.1,37.0,37.6,-1.0,1277,0.9011227683429001,34.3328,33.8822,33.3415,35.2339
2021-08-23,1304538,50561397,37.8,39.2,37.8,38.7,1.1,805,0.9011227683429001,34.0624,34.8735,34.0624,35.324
2021-08-24,870203,33543292,38.85,39.35,38.0,38.25,-0.45,582,0.9011227683429001,35.0086,34.4679,34.2427,35.4592
2021-08-25,1415137,55588316,38.95,39.9,38.5,38.9,0.65,863,0.9011227683429001,35.0987,35.0537,34.6932,35.9548
2021-08-26,912085,35282568,38.95,39.5,38.2,38.4,-0.5,607,0.9011227683429001,35.0987,34.6031,34.4229,35.5943
2021-08-27,795945,30914881,38.15,39.35,38.15,38.45,0.05,504,0.9011227683429001,34.3778,34.6482,34.3778,35.4592
2021-08-30,666472,25601238,38.7,38.7,38.2,38.35,-0.1,435,0.9011227683429001,34.8735,34.5581,34.4229,34.8735
2021-08-31,799623,30416546,38.3,38.75,37.6,38.0,-0.35,543,0.9011227683429001,34.513,34.2427,33.8822,34.9185
2021-09-01,1008046,39132057,38.3,39.25,38.05,38.9,0.9,689,0.9011227683429001,34.513,35.0537,34.2877,35.3691
2021-09-02,1273023,48452975,38.5,38.85,37.6,37.7,-1.2,789,0.9011227683429001,34.6932,33.9723,33.8822,35.0086
2021-09-03,1361677,50748366,38.0,38.15,36.85,37.0,-0.7,841,0.9011227683429001,34.2427,33.3415,33.2064,34.3778
2021-09-06,1409648,50484254,36.85,36.85,35.25,35.45,-1.55,974,0.9011227683429001,33.2064,31.9448,31.7646,33.2064
2021-09-07,766565,26843412,35.4,35.4,34.8,34.8,-0.65,484,0.9011227683429001,31.8997,31.3591,31.3591,31.8997
2021-09-08,884705,30442908,34.8,35.15,34.05,34.05,-0.75,580,0.9011227683429001,31.3591,30.6832,30.6832,31.6745
2021-09-09,830977,28568183,33.8,34.85,33.55,34.35,0.3,480,0.9011227683429001,30.4579,30.9536,30.2327,31.4041
2021-09-10,449220,15545458,34.2,35.25,34.2,34.6,0.25,321,0.9011227683429001,30.8184,31.1788,30.8184,31.7646
2021-09-13,367479,12634184,34.8,34.85,34.15,34.25,-0.35,261,0.9011227683429001,31.3591,30.8635,30.7733,31.4041
2021-09-14,783151,26455781,34.25,34.8,33.4,33.4,-0.85,531,0.9011227683429001,30.8635,30.0975,30.0975,31.3591
2021-09-15,2437411,85460335,33.4,36.25,33.4,35.45,2.05,1420,0.9011227683429001,30.0975,31.9448,30.0975,32.6657
2021-09-16,1293019,44360410,34.55,35.3,33.95,34.0,-1.45,848,0.9011227683429001,31.1338,30.6382,30.5931,31.8096
2021-09-17,835530,28652995,34.4,35.05,33.5,35.05,1.05,544,0.9011227683429001,30.9986,31.5844,30.1876,31.5844
2021-09-22,811254,27172358,34.0,34.0,33.0,33.9,-1.15,553,0.9011227683429001,30.6382,30.5481,29.7371,30.6382
2021-09-23,407711,13848243,34.15,34.45,33.8,33.95,0.05,260,0.9011227683429001,30.7733,30.5931,30.4579,31.0437
2021-09-24,550710,18927836,34.75,34.75,33.95,34.55,0.6,344,0.9011227683429001,31.314,31.1338,30.5931,31.314
2021-09-27,668135,23360794,34.6,35.3,34.45,34.9,0.35,427,0.9011227683429001,31.1788,31.4492,31.0437,31.8096
2021-09-28,704422,24011842,34.7,34.8,33.9,34.0,-0.9,402,0.9011227683429001,31.269,30.6382,30.5481,31.3591
2021-09-29,834343,27582250,33.55,33.55,32.8,32.8,-1.2,584,0.9011227683429001,30.2327,29.5568,29.5568,30.2327
2021-09-30,627484,20736323,32.8,33.7,32.8,33.0,0.2,402,0.9011227683429001,29.5568,29.7371,29.5568,30.3678
2021-10-01,1201968,37855856,32.8,32.8,30.6,30.75,-2.25,791,0.9011227683429001,29.5568,27.7095,27.5744,29.5568
2021-10-04,1083410,32773752,31.35,31.4,29.2,29.95,-0.8,769,0.9011227683429001,28.2502,26.9886,26.3128,28.2953
2021-10-05,956826,28619371,29.1,30.8,28.65,30.65,0.7,671,0.9011227683429001,26.2227,27.6194,25.8172,27.7546
2021-10-06,620438,18786306,30.65,30.8,30.1,30.1,-0.55,473,0.9011227683429001,27.6194,27.1238,27.1238,27.7546
2021-10-07,690474,21574591,30.3,31.55,30.3,31.5,1.4,501,0.9011227683429001,27.304,28.3854,27.304,28.4304
2021-10-08,705533,22566321,31.6,32.6,31.3,32.2,0.7,523,0.9011227683429001,28.4755,29.0162,28.2051,29.3766
2021-10-12,614594,19101083,31.85,31.95,30.65,30.65,-1.55,390,0.9011227683429001,28.7008,27.6194,27.6194,28.7909
2021-10-13,469766,14462861,31.0,31.3,30.5,30.6,-0.05,353,0.9011227683429001,27.9348,27.5744,27.4842,28.2051
2021-10-14,896729,28425154,30.6,32.35,30.6,32.05,1.45,586,0.9011227683429001,27.5744,28.881,27.5744,29.1513
2021-10-15,626445,20123143,32.55,32.9,31.65,32.05,0.0,521,0.9011227683429001,29.3315,28.881,28.5205,29.6469
2021-10-18,1337911,44009823,32.45,33.5,32.05,33.05,1.0,816,0.9011227683429001,29.2414,29.7821,28.881,30.1876
2021-10-19,704334,23336750,33.45,33.45,32.85,33.15,0.1,462,0.9011227683429001,30.1426,29.8722,29.6019,30.1426
2021-10-20,460688,15330919,33.3,33.65,33.15,33.35,0.2,355,0.9011227683429001,30.0074,30.0524,29.8722,30.3228
2021-10-21,761759,25306032,33.25,33.8,33.0,33.0,-0.35,461,0.9011227683429001,29.9623,29.7371,29.7371,30.4579
2021-10-22,575788,19235191,33.35,33.85,33.0,33.55,0.55,474,0.9011227683429001,30.0524,30.2327,29.7371,30.503
2021-10-25,542773,18259547,33.55,33.9,33.15,33.75,0.2,399,0.9011227683429001,30.2327,30.4129,29.8722,30.5481
2021-10-26,1954335,67054082,34.15,35.5,33.45,33.5,-0.25,1213,0.9011227683429001,30.7733,30.1876,30.1426,31.9899
2021-10-27,687355,22990416,33.5,33.65,33.1,33.6,0.1,406,0.9011227683429001,30.1876,30.2777,29.8272,30.3228
2021-10-28,862047,28766147,34.4,34.4,32.85,32.9,-0.7,534,0.9011227683429001,30.9986,29.6469,29.6019,30.9986
2021-10-29,1455352,46798110,33.0,33.0,31.85,31.9,-1.0,858,0.9011227683429001,29.7371,28.7458,28.7008,29.7371
2021-11-01,2961498,96803982,31.95,34.3,31.8,34.2,2.3,1547,0.9011227683429001,28.7909,30.8184,28.6557,30.9085
2021-11-02,1547590,51946710,34.3,34.35,33.1,33.1,-1.1,891,0.9011227683429001,30.9085,29.8272,29.8272,30.9536
2021-11-03,2343176,74741275,33.5,33.5,31.45,31.55,-1.55,1358,0.9011227683429001,30.1876,28.4304,28.3403,30.1876
2021-11-04,2054456,63677302,31.6,31.85,30.75,30.95,-0.6,1093,0.9011227683429001,28.4755,27.8897,27.7095,28.7008
2021-11-05,496917,15462428,31.4,31.6,30.75,31.2,0.25,421,0.9011227683429001,28.2953,28.115,27.7095,28.4755
2021-11-08,659227,20370608,31.3,31.3,30.8,30.85,-0.35,470,0.9011227683429001,28.2051,27.7996,27.7546,28.2051
2021-11-09,762563,23822475,30.85,31.55,30.6,31.0,0.15,530,0.9011227683429001,27.7996,27.9348,27.5744,28.4304
2021-11-10,582594,18302503,31.0,31.8,30.8,31.45,0.45,421,0.9011227683429001,27.9348,28.3403,27.7546,28.6557
2021-11-11,1087406,34445337,31.65,32.4,31.0,31.55,0.1,684,0.9011227683429001,28.5205,28.4304,27.9348,29.1964
2021-11-12,1020310,32608309,31.8,32.35,31.35,32.0,0.45,601,0.9011227683429001,28.6557,28.8359,28.2502,29.1513
2021-11-15,1061748,34370156,32.05,32.75,32.05,32.65,0.65,670,0.9011227683429001,28.881,29.4217,28.881,29.5118
2021-11-16,1282215,42172206,32.7,33.3,32.5,32.55,-0.1,883,0.9011227683429001,29.4667,29.3315,29.2865,30.0074
2021-11-17,821377,26459456,32.6,32.8,32.0,32.3,-0.25,579,0.9011227683429001,29.3766,29.1063,28.8359,29.5568
2021-11-18,773593,24838240,32.3,32.75,31.9,32.2,-0.1,539,0.9011227683429001,29.1063,29.0162,28.7458,29.5118
2021-11-19,1154893,37695405,32.5,33.0,32.1,32.8,0.6,721,0.9011227683429001,29.2865,29.5568,28.926,29.7371
2021-11-22,3259223,112006429,33.1,35.35,32.85,34.9,2.1,2143,0.9011227683429001,29.8272,31.4492,29.6019,31.8547
2021-11-23,2517330,84222182,34.9,34.9,32.7,32.75,-2.15,1700,0.9011227683429001,31.4492,29.5118,29.4667,31.4492
2021-11-24,823295,26612461,32.0,32.9,31.9,32.3,-0.45,530,0.9011227683429001,28.8359,29.1063,28.7458,29.6469
2021-11-25,694603,22676724,32.65,33.8,32.1,32.5,0.2,376,0.9011227683429001,29.4217,29.2865,28.926,30.4579
2021-11-26,1273883,40494917,32.9,32.9,31.5,31.6,-0.9,787,0.9011227683429001,29.6469,28.4755,28.3854,29.6469
2021-11-29,968634,29870104,30.55,31.3,30.5,30.9,-0.7,585,0.9011227683429001,27.5293,27.8447,27.4842,28.2051
2021-11-30,675834,21000129,31.0,31.45,30.9,30.95,0.05,437,0.9011227683429001,27.9348,27.8897,27.8447,28.3403
2021-12-01,573214,17660459,30.9,31.1,30.35,30.95,0.0,399,0.9011227683429001,27.8447,27.8897,27.3491,28.0249
2021-12-02,541156,16646127,30.6,30.95,30.6,30.75,-0.2,345,0.9011227683429001,27.5744,27.7095,27.5744,27.8897
2021-12-03,298802,9245029,30.7,31.2,30.7,31.0,0.25,210,0.9011227683429001,27.6645,27.9348,27.6645,28.115
2021-12-06,558956,17137850,31.0,31.0,30.45,30.75,-0.25,370,0.9011227683429001,27.9348,27.7095,27.4392,27.9348
2021-12-07,499149,15492708,30.8,31.3,30.8,31.1,0.35,345,0.9011227683429001,27.7546,28.0249,27.7546,28.2051
2021-12-08,589732,18488888,32.0,32.0,31.2,31.25,0.15,388,0.9011227683429001,28.8359,28.1601,28.115,28.8359
2021-12-09,534078,16676718,31.75,31.75,31.05,31.05,-0.2,401,0.9011227683429001,28.6106,27.9799,27.9799,28.6106
2021-12-10,407738,12594346,31.0,31.05,30.8,30.8,-0.25,414,0.9011227683429001,27.9348,27.7546,27.7546,27.9799
2021-12-13,2181136,70848945,31.55,33.5,31.1,33.0,2.2,1310,0.9011227683429001,28.4304,29.7371,28.0249,30.1876
2021-12-14,2223461,74314012,35.05,35.05,32.8,32.85,-0.15,1488,0.9011227683429001,31.5844,29.6019,29.5568,31.5844
2021-12-15,1063549,34055241,32.85,32.85,31.75,31.8,-1.05,730,0.9011227683429001,29.6019,28.6557,28.6106,29.6019
2021-12-16,1018606,32160564,31.55,32.25,31.15,31.3,-0.5,646,0.9011227683429001,28.4304,28.2051,28.07,29.0612
2021-12-17,415745,12990769,31.15,31.5,31.1,31.1,-0.2,336,0.9011227683429001,28.07,28.0249,28.0249,28.3854
2021-12-20,489212,15161228,31.3,31.3,30.85,30.9,-0.2,292,0.9011227683429001,28.2051,27.8447,27.7996,28.2051
2021-12-21,521655,16243234,31.15,31.45,30.8,31.15,0.25,277,0.9011227683429001,28.07,28.07,27.7546,28.3403
2021-12-22,945600,29891003,31.4,32.4,31.0,31.9,0.75,535,0.9011227683429001,28.2953,28.7458,27.9348,29.1964
2021-12-23,546217,17313534,32.3,32.3,31.5,31.6,-0.3,417,0.9011227683429001,29.1063,28.4755,28.3854,29.1063
2021-12-24,671557,21319541,31.2,32.25,31.2,31.55,-0.05,398,0.9011227683429001,28.115,28.4304,28.115,29.0612
2021-12-27,599717,18729952,31.55,31.55,31.1,31.25,-0.3,416,0.9011227683429001,28.4304,28.1601,28.0249,28.4304
2021-12-28,499352,15604941,31.25,31.5,31.1,31.25,0.0,360,0.9011227683429001,28.1601,28.1601,28.0249,28.3854
2021-12-29,417909,13100477,31.25,31.5,31.2,31.3,0.05,262,0.9011227683429001,28.1601,28.2051,28.115,28.3854
2021-12-30,440850,13688798,31.25,31.3,30.9,31.1,-0.2,355,0.9011227683429001,28.1601,28.0249,27.8447,28.2051
2022-01-03,365511,11426289,31.25,31.65,31.1,31.1,0.0,231,0.9011227683429001,28.1601,28.0249,28.0249,28.5205
2022-01-04,740914,22989722,31.1,31.5,30.9,30.9,-0.2,445,0.9011227683429001,28.0249,27.8447,27.8447,28.3854
2022-01-05,7845925,262823527,30.85,33.95,30.85,33.95,3.05,3696,0.9011227683429001,27.7996,30.5931,27.7996,30.5931
2022-01-06,5976082,200012624,32.35,34.75,32.0,34.0,0.05,3041,0.9011227683429001,29.1513,30.6382,28.8359,31.314
2022-01-07,4041140,133688488,33.85,34.3,32.2,32.2,-1.8,2402,0.9011227683429001,30.503,29.0162,29.0162,30.9085
2022-01-10,1412852,44297214,31.85,31.85,31.0,31.25,-0.95,1020,0.9011227683429001,28.7008,28.1601,27.9348,28.7008
2022-01-11,1181859,36670786,31.3,31.4,30.85,30.85,-0.4,882,0.9011227683429001,28.2051,27.7996,27.7996,28.2953
2022-01-12,2283225,68834402,30.95,31.1,29.7,29.8,-1.05,1443,0.9011227683429001,27.8897,26.8535,26.7633,28.0249
2022-01-13,1046301,31100976,29.9,30.2,29.5,29.6,-0.2,661,0.9011227683429001,26.9436,26.6732,26.5831,27.2139
2022-01-14,1418725,40598477,29.5,29.5,28.2,28.5,-1.1,1009,0.9011227683429001,26.5831,25.682,25.4117,26.5831
2022-01-17,489007,14171148,28.45,29.55,28.2,29.55,1.05,385,0.9011227683429001,25.6369,26.6282,25.4117,26.6282
2022-01-18,468423,13717453,29.55,29.7,28.85,28.95,-0.6,404,0.9011227683429001,26.6282,26.0875,25.9974,26.7633
2022-01-19,481713,13784273,28.8,28.85,28.5,28.6,-0.35,353,0.9011227683429001,25.9523,25.7721,25.682,25.9974
2022-01-20,248906,7131774,28.6,28.85,28.55,28.75,0.15,322,0.9011227683429001,25.7721,25.9073,25.7271,25.9974
2022-01-21,476806,13647326,28.6,28.8,28.5,28.5,-0.25,286,0.9011227683429001,25.7721,25.682,25.682,25.9523
2022-01-24,982355,27031274,28.5,28.5,27.25,27.45,-1.05,681,0.9011227683429001,25.682,24.7358,24.5556,25.682
2022-01-25,923399,24920238,27.35,27.45,26.75,26.8,-0.65,587,0.9011227683429001,24.6457,24.1501,24.105,24.7358
2022-01-26,507882,13805910,27.0,27.55,26.8,27.35,0.55,348,0.9011227683429001,24.3303,24.6457,24.1501,24.8259
2022-02-07,337611,9391590,27.6,28.05,27.3,28.0,0.65,243,0.9011227683429001,24.871,25.2314,24.6007,25.2765
2022-02-08,437783,12533283,28.0,28.9,28.0,28.8,0.8,387,0.9011227683429001,25.2314,25.9523,25.2314,26.0424
2022-02-09,478591,13787566,28.95,29.2,28.55,28.85,0.05,529,0.9011227683429001,26.0875,25.9974,25.7271,26.3128
2022-02-10,667977,19008581,29.15,29.15,28.05,28.25,-0.6,713,0.9011227683429001,26.2677,25.4567,25.2765,26.2677
2022-02-11,256933,7230517,28.3,28.3,28.0,28.15,-0.1,249,0.9011227683429001,25.5018,25.3666,25.2314,25.5018
2022-02-14,475400,12928916,28.0,28.0,27.0,27.15,-1.0,407,0.9011227683429001,25.2314,24.4655,24.3303,25.2314
2022-02-15,225390,6148630,27.7,27.7,27.1,27.1,-0.05,209,0.9011227683429001,24.9611,24.4204,24.4204,24.9611
2022-02-16,355228,9698198,27.75,27.75,27.2,27.25,0.15,263,0.9011227683429001,25.0062,24.5556,24.5105,25.0062
2022-02-17,438811,11991681,27.2,27.5,27.15,27.2,-0.05,282,0.9011227683429001,24.5105,24.5105,24.4655,24.7809
2022-02-18,316415,8564569,27.3,27.3,26.9,27.2,0.0,242,0.9011227683429001,24.6007,24.5105,24.2402,24.6007
2022-02-21,294717,8013322,27.2,27.5,26.9,27.2,0.0,224,0.9011227683429001,24.5105,24.5105,24.2402,24.7809
2022-02-22,441097,11876495,27.45,27.45,26.8,26.9,-0.3,346,0.9011227683429001,24.7358,24.2402,24.1501,24.7358
2022-02-23,272442,7336771,26.9,27.15,26.8,26.9,0.0,207,0.9011227683429001,24.2402,24.2402,24.1501,24.4655
2022-02-24,917149,23925839,26.35,26.85,25.3,25.45,-1.45,632,0.9011227683429001,23.7446,22.9336,22.7984,24.1951
2022-02-25,646017,16343555,26.05,26.05,24.9,25.15,-0.3,423,0.9011227683429001,23.4742,22.6632,22.438,23.4742
2022-03-01,624976,15833256,25.15,25.9,24.7,25.75,0.6,437,0.9011227683429001,22.6632,23.2039,22.2577,23.3391
2022-03-02,308778,7879020,25.75,25.75,25.35,25.65,-0.1,230,0.9011227683429001,23.2039,23.1138,22.8435,23.2039
2022-03-03,294716,7540326,25.65,26.0,25.3,25.65,0.0,257,0.9011227683429001,23.1138,23.1138,22.7984,23.4292
2022-03-04,300942,7603052,25.15,25.55,25.15,25.25,-0.4,218,0.9011227683429001,22.6632,22.7533,22.6632,23.0237
2022-03-07,956360,23168435,24.8,24.9,24.0,24.5,-0.75,453,0.9011227683429001,22.3478,22.0775,21.6269,22.438
2022-03-08,790300,18884052,24.0,24.35,23.65,23.7,-0.8,413,0.9011227683429001,21.6269,21.3566,21.3116,21.9423
2022-03-09,693534,16354364,23.8,24.15,23.2,23.3,-0.4,454,0.9011227683429001,21.4467,20.9962,20.906,21.7621
2022-03-10,698550,16791735,23.85,24.35,23.5,24.1,0.8,452,0.9011227683429001,21.4918,21.7171,21.1764,21.9423
2022-03-11,310898,7397827,23.95,24.15,23.6,23.6,-0.5,253,0.9011227683429001,21.5819,21.2665,21.2665,21.7621
2022-03-14,361564,8569250,23.6,24.05,23.5,23.65,0.05,302,0.9011227683429001,21.2665,21.3116,21.1764,21.672
2022-03-15,1009108,22767513,23.85,23.85,22.3,22.3,-1.35,617,0.9011227683429001,21.4918,20.095,20.095,21.4918
2022-03-16,591333,13095959,22.9,22.9,21.6,22.15,-0.15,437,0.9011227683429001,20.6357,19.9599,19.4643,20.6357
2022-03-17,683771,15545502,22.75,23.2,22.3,23.2,1.05,461,0.9011227683429001,20.5005,20.906,20.095,20.906
2022-03-18,403881,9397674,23.45,23.65,22.9,23.6,0.4,320,0.9011227683429001,21.1313,21.2665,20.6357,21.3116
2022-03-21,444296,10640756,23.9,24.2,23.5,24.15,0.55,356,0.9011227683429001,21.5368,21.7621,21.1764,21.8072
2022-03-22,416670,9891799,24.2,24.3,23.55,23.75,-0.4,301,0.9011227683429001,21.8072,21.4017,21.2214,21.8973
2022-03-23,338857,8061669,24.0,24.0,23.6,23.65,-0.1,393,0.9011227683429001,21.6269,21.3116,21.2665,21.6269
2022-03-24,435180,10341543,23.65,24.2,23.35,24.1,0.45,402,0.9011227683429001,21.3116,21.7171,21.0412,21.8072
2022-03-25,444093,10698408,24.7,24.7,23.85,23.85,-0.25,393,0.9011227683429001,22.2577,21.4918,21.4918,22.2577
2022-03-28,302539,7008801,23.55,23.55,23.0,23.2,-0.65,323,0.9011227683429001,21.2214,20.906,20.7258,21.2214
2022-03-29,286383,6688665,23.5,23.65,23.2,23.2,0.0,236,0.9011227683429001,21.1764,20.906,20.906,21.3116
2022-03-30,1343202,33282721,23.55,25.5,23.4,25.5,2.3,826,0.9011227683429001,21.2214,22.9786,21.0863,22.9786
2022-03-31,3660817,98760939,27.4,27.9,25.85,27.45,1.95,2155,0.9011227683429001,24.6908,24.7358,23.294,25.1413
2022-04-01,1048382,27797563,26.85,26.85,26.2,26.45,-1.0,931,0.9011227683429001,24.1951,23.8347,23.6094,24.1951
2022-04-06,788805,20215741,26.3,26.3,25.25,25.55,-0.9,677,0.9011227683429001,23.6995,23.0237,22.7533,23.6995
2022-04-07,2080657,56000155,25.25,27.95,25.2,27.2,1.65,1312,0.9011227683429001,22.7533,24.5105,22.7083,25.1864
2022-04-08,1388597,37347260,26.75,27.85,26.2,26.8,-0.4,956,0.9011227683429001,24.105,24.1501,23.6094,25.0963
2022-04-11,874980,22549817,26.15,26.6,25.45,25.45,-1.35,662,0.9011227683429001,23.5644,22.9336,22.9336,23.9699
2022-04-12,405771,10366688,25.45,26.1,25.05,25.5,0.05,337,0.9011227683429001,22.9336,22.9786,22.5731,23.5193
2022-04-13,335589,8585907,25.25,25.9,25.2,25.5,0.0,299,0.9011227683429001,22.7533,22.9786,22.7083,23.3391
2022-04-14,269126,6841953,25.8,25.8,25.2,25.2,-0.3,217,0.9011227683429001,23.249,22.7083,22.7083,23.249
2022-04-15,294226,7384427,25.0,25.25,25.0,25.2,0.0,313,0.9011227683429001,22.5281,22.7083,22.5281,22.7533
2022-04-18,404254,10049806,25.1,25.15,24.4,24.4,-0.8,389,0.9011227683429001,22.6182,21.9874,21.9874,22.6632
2022-04-19,318677,7800094,24.5,24.85,24.3,24.35,-0.05,290,0.9011227683429001,22.0775,21.9423,21.8973,22.3929
2022-04-20,215944,5340032,24.35,25.0,24.35,24.8,0.45,294,0.9011227683429001,21.9423,22.3478,21.9423,22.5281
2022-04-21,333020,8326562,24.8,25.25,24.8,24.9,0.1,398,0.9011227683429001,22.3478,22.438,22.3478,22.7533
2022-04-22,358319,8692858,24.6,24.6,24.0,24.2,0.0,271,0.9150879662209711,22.5112,22.1451,21.9621,22.5112
2022-04-25,581201,13494477,23.3,23.85,22.5,22.7,-1.5,374,0.9150879662209711,21.3215,20.7725,20.5895,21.8248
2022-04-26,359482,8247532,22.85,23.6,22.7,22.75,0.05,199,0.9150879662209711,20.9098,20.8183,20.7725,21.5961
2022-04-27,460045,10118983,21.75,22.35,21.75,22.15,-0.6,238,0.9150879662209711,19.9032,20.2692,19.9032,20.4522
2022-04-28,218108,4868364,22.2,22.7,22.05,22.2,0.05,158,0.9150879662209711,20.315,20.315,20.1777,20.7725
2022-04-29,255824,5725330,22.2,22.85,22.05,22.15,-0.05,178,0.9150879662209711,20.315,20.2692,20.1777,20.9098
2022-05-03,139435,3092235,22.15,22.8,22.1,22.3,0.15,93,0.9150879662209711,20.2692,20.4065,20.2234,20.864
2022-05-04,1283775,31207905,22.7,24.5,22.6,24.5,2.2,573,0.9150879662209711,20.7725,22.4197,20.681,22.4197
2022-05-05,3122041,81771491,25.65,26.9,25.0,26.45,1.95,1810,0.9150879662209711,23.472,24.2041,22.8772,24.6159
2022-05-06,1119646,27779448,24.5,25.2,24.25,25.0,-1.45,804,0.9150879662209711,22.4197,22.8772,22.1909,23.0602
2022-05-09,1058459,25069748,24.5,24.5,23.1,23.1,-1.9,717,0.9150879662209711,22.4197,21.1385,21.1385,22.4197
2022-05-10,529025,12002393,22.9,23.35,21.05,23.15,0.05,380,0.9150879662209711,20.9555,21.1843,19.2626,21.3673
2022-05-11,596207,13511846,23.15,23.15,22.35,22.45,-0.7,345,0.9150879662209711,21.1843,20.5437,20.4522,21.1843
2022-05-12,608758,13555354,22.0,22.8,22.0,22.05,-0.4,353,0.9150879662209711,20.1319,20.1777,20.1319,20.864
2022-05-13,544567,12237125,22.1,22.75,22.1,22.55,0.5,288,0.9150879662209711,20.2234,20.6352,20.2234,20.8183
2022-05-16,532694,12088385,22.6,22.9,22.45,22.45,-0.1,297,0.9150879662209711,20.681,20.5437,20.5437,20.9555
2022-05-17,314611,7110133,22.75,22.9,22.5,22.55,0.1,184,0.9150879662209711,20.8183,20.6352,20.5895,20.9555
2022-05-18,741340,17334759,22.55,23.95,22.55,23.5,0.95,530,0.9150879662209711,20.6352,21.5046,20.6352,21.9164
2022-05-19,526018,11895447,22.5,22.85,22.4,22.8,-0.7,364,0.9150879662209711,20.5895,20.864,20.498,20.9098
2022-05-20,354578,8098783,22.8,22.95,22.7,22.85,0.05,224,0.9150879662209711,20.864,20.9098,20.7725,21.0013
2022-05-23,811630,18983034,23.2,23.8,23.1,23.3,0.45,434,0.9150879662209711,21.23,21.3215,21.1385,21.7791
2022-05-24,502719,11449681,23.1,23.1,22.55,22.8,-0.5,301,0.9150879662209711,21.1385,20.864,20.6352,21.1385
2022-05-25,3085718,76321342,22.75,25.05,22.55,25.05,2.25,1633,0.9150879662209711,20.8183,22.923,20.6352,22.923
2022-05-26,6668174,155827065,23.85,24.0,22.6,22.65,-2.4,3542,0.9150879662209711,21.8248,20.7267,20.681,21.9621
2022-05-27,1824269,41713600,22.9,23.2,22.6,22.75,0.1,1063,0.9150879662209711,20.9555,20.8183,20.681,21.23
2022-05-30,1207336,27535829,22.9,23.05,22.65,22.7,-0.05,690,0.9150879662209711,20.9555,20.7725,20.7267,21.0928
2022-05-31,2275973,50430692,22.65,22.65,21.75,22.5,-0.2,1284,0.9150879662209711,20.7267,20.5895,19.9032,20.7267
2022-06-01,1427490,32739950,22.4,23.2,22.3,22.8,0.3,851,0.9150879662209711,20.498,20.864,20.4065,21.23
2022-06-02,725842,16468951,22.8,23.0,22.55,22.6,-0.2,468,0.9150879662209711,20.864,20.681,20.6352,21.047
2022-06-06,581563,13118660,22.75,22.85,22.35,22.5,-0.1,409,0.9150879662209711,20.8183,20.5895,20.4522,20.9098
2022-06-07,426572,9607629,22.5,22.7,22.4,22.5,0.0,297,0.9150879662209711,20.5895,20.5895,20.498,20.7725
2022-06-08,447838,10100407,22.55,22.7,22.4,22.45,-0.05,340,0.9150879662209711,20.6352,20.5437,20.498,20.7725
2022-06-09,614333,13788202,22.45,22.65,22.3,22.6,0.15,339,0.9150879662209711,20.5437,20.681,20.4065,20.7267
2022-06-10,327453,7331547,22.55,22.55,22.25,22.35,-0.25,242,0.9150879662209711,20.6352,20.4522,20.3607,20.6352
2022-06-13,703829,15347967,22.0,22.0,21.7,21.75,-0.6,474,0.9150879662209711,20.1319,19.9032,19.8574,20.1319
2022-06-14,703009,15011176,21.7,21.8,21.15,21.55,-0.2,448,0.9150879662209711,19.8574,19.7201,19.3541,19.9489
2022-06-15,409158,8763716,21.75,21.75,21.3,21.3,-0.25,327,0.9150879662209711,19.9032,19.4914,19.4914,19.9032
2022-06-16,681921,14650500,21.7,21.9,21.2,21.2,-0.1,360,0.9150879662209711,19.8574,19.3999,19.3999,20.0404
2022-06-17,504511,10416292,20.5,20.8,20.4,20.65,-0.55,347,0.9150879662209711,18.7593,18.8966,18.6678,19.0338
2022-06-20,1503330,29570870,20.45,20.6,19.0,19.0,-1.65,814,0.9150879662209711,18.7135,17.3867,17.3867,18.8508
2022-06-21,580388,11440278,19.3,20.2,19.25,19.95,0.95,334,0.9150879662209711,17.6612,18.256,17.6154,18.4848
2022-06-22,536607,10511398,19.95,20.2,19.2,19.25,-0.7,391,0.9150879662209711,18.256,17.6154,17.5697,18.4848
2022-06-23,469164,9041601,19.2,19.5,19.1,19.15,-0.1,282,0.9150879662209711,17.5697,17.5239,17.4782,17.8442
2022-06-24,433710,8388710,19.2,19.5,19.2,19.25,0.1,223,0.9150879662209711,17.5697,17.6154,17.5697,17.8442
2022-06-27,404066,7950416,20.1,20.1,19.45,19.65,0.4,294,0.9150879662209711,18.3933,17.9815,17.7985,18.3933
2022-06-28,425629,8270038,19.65,19.8,19.2,19.35,-0.3,223,0.9150879662209711,17.9815,17.707,17.5697,18.1187
2022-06-29,674882,12837334,19.2,19.2,18.95,18.95,-0.4,367,0.9150879662209711,17.5697,17.3409,17.3409,17.5697
2022-06-30,1293684,23463677,19.0,19.1,17.55,17.9,-1.05,658,0.9150879662209711,17.3867,16.3801,16.0598,17.4782
2022-07-01,1011089,17591798,17.9,17.9,17.0,17.0,-0.9,477,0.9150879662209711,16.3801,15.5565,15.5565,16.3801
2022-07-04,644451,10929141,17.4,17.4,16.75,16.8,-0.2,290,0.9150879662209711,15.9225,15.3735,15.3277,15.9225
2022-07-05,458252,7825684,17.1,17.4,16.8,17.15,0.35,227,0.9150879662209711,15.648,15.6938,15.3735,15.9225
2022-07-06,633345,10500474,17.3,17.3,16.05,16.1,-1.05,373,0.9150879662209711,15.831,14.7329,14.6872,15.831
2022-07-07,626810,10316961,16.1,16.9,15.6,16.65,0.55,359,0.9150879662209711,14.7329,15.2362,14.2754,15.465
2022-07-08,533514,9113600,16.7,17.4,16.7,17.0,0.35,305,0.9150879662209711,15.282,15.5565,15.282,15.9225
2022-07-11,276558,4624213,17.0,17.0,16.5,16.65,-0.35,169,0.9150879662209711,15.5565,15.2362,15.099,15.5565
2022-07-12,520488,8379192,16.65,16.65,15.8,15.95,-0.7,263,0.9150879662209711,15.2362,14.5957,14.4584,15.2362
2022-07-13,428147,7020506,16.15,16.6,16.15,16.3,0.35,254,0.9150879662209711,14.7787,14.9159,14.7787,15.1905
2022-07-14,352530,5759607,16.1,16.55,15.95,16.45,0.15,229,0.9150879662209711,14.7329,15.0532,14.5957,15.1447
2022-07-15,471576,7691593,16.2,16.6,16.1,16.5,0.05,291,0.9150879662209711,14.8244,15.099,14.7329,15.1905
2022-07-18,433480,7296398,16.5,17.05,16.5,16.95,0.45,274,0.9150879662209711,15.099,15.5107,15.099,15.6022
2022-07-19,192141,3238075,16.95,17.0,16.75,16.85,-0.1,145,0.9150879662209711,15.5107,15.4192,15.3277,15.5565
2022-07-20,985866,17415236,17.2,18.05,17.15,17.55,0.7,620,0.9150879662209711,15.7395,16.0598,15.6938,16.5173
2022-07-21,597513,10501554,17.6,18.1,17.3,17.75,0.2,350,0.9150879662209711,16.1055,16.2428,15.831,16.5631
2022-07-22,514451,9239397,17.8,18.2,17.8,17.9,0.15,328,0.9150879662209711,16.2886,16.3801,16.2886,16.6546
2022-07-25,234260,4124043,17.8,17.8,17.45,17.65,-0.25,185,0.9150879662209711,16.2886,16.1513,15.9683,16.2886
2022-07-26,358948,6224878,17.85,17.85,17.1,17.1,-0.55,233,0.9150879662209711,16.3343,15.648,15.648,16.3343
2022-07-27,310897,5421619,17.2,17.75,17.0,17.35,0.25,204,0.9150879662209711,15.7395,15.8768,15.5565,16.2428
2022-07-28,229465,3990663,17.55,17.65,17.2,17.25,-0.1,172,0.9150879662209711,16.0598,15.7853,15.7395,16.1513
2022-07-29,263706,4559679,17.25,17.45,17.0,17.3,0.05,157,0.9150879662209711,15.7853,15.831,15.5565,15.9683
2022-08-01,311370,5414638,17.3,17.55,17.2,17.45,0.15,204,0.9150879662209711,15.831,15.9683,15.7395,16.0598
2022-08-02,448165,7558933,17.2,17.2,16.75,16.8,-0.65,265,0.9150879662209711,15.7395,15.3735,15.3277,15.7395
2022-08-03,396313,6560095,16.5,16.85,16.4,16.45,-0.35,236,0.9150879662209711,15.099,15.0532,15.0074,15.4192
2022-08-04,463536,7443066,16.45,16.5,15.7,16.15,-0.3,239,0.9150879662209711,15.0532,14.7787,14.3669,15.099
2022-08-05,250625,4133505,16.6,16.9,16.35,16.5,0.35,171,0.9150879662209711,15.1905,15.099,14.9617,15.465
2022-08-08,316351,5280741,16.8,17.0,16.4,16.65,0.15,185,0.9150879662209711,15.3735,15.2362,15.0074,15.5565
2022-08-09,247698,4115015,16.8,16.8,16.4,16.75,0.1,153,0.9150879662209711,15.3735,15.3277,15.0074,15.3735
2022-08-10,487956,8286881,16.85,17.3,16.6,17.15,0.4,293,0.9150879662209711,15.4192,15.6938,15.1905,15.831
2022-08-11,366959,6343588,17.5,17.5,17.1,17.25,0.1,210,0.9150879662209711,16.014,15.7853,15.648,16.014
2022-08-12,289754,4966002,17.2,17.4,16.85,17.35,0.1,207,0.9150879662209711,15.7395,15.8768,15.4192,15.9225
2022-08-15,541934,9630871,17.1,18.1,17.1,17.8,0.45,329,0.9150879662209711,15.648,16.2886,15.648,16.5631
2022-08-16,394387,7008409,17.5,17.95,17.5,17.8,0.0,201,0.9150879662209711,16.014,16.2886,16.014,16.4258
2022-08-17,385854,6894131,17.85,18.05,17.75,17.8,0.0,215,0.9150879662209711,16.3343,16.2886,16.2428,16.5173
2022-08-18,542959,9810004,18.0,18.3,17.75,18.3,0.5,327,0.9150879662209711,16.4716,16.7461,16.2428,16.7461
2022-08-19,386585,7074530,18.55,18.55,18.15,18.5,0.2,278,0.9150879662209711,16.9749,16.9291,16.6088,16.9749
2022-08-22,332406,6040062,18.2,18.3,18.05,18.15,-0.35,225,0.9150879662209711,16.6546,16.6088,16.5173,16.7461
2022-08-23,325173,5840866,17.95,18.15,17.75,18.05,-0.1,235,0.9150879662209711,16.4258,16.5173,16.2428,16.6088
2022-08-24,505509,9272839,18.2,18.5,18.15,18.4,0.35,296,0.9150879662209711,16.6546,16.8376,16.6088,16.9291
2022-08-25,3169061,62643214,18.3,20.2,18.3,20.2,1.8,1535,0.9150879662209711,16.7461,18.4848,16.7461,18.4848
2022-08-26,6260785,132622710,20.5,21.9,20.3,21.9,1.7,3048,0.9150879662209711,18.7593,20.0404,18.5763,20.0404
2022-08-29,2539265,52828372,21.4,21.45,20.15,20.55,-1.35,1347,0.9150879662209711,19.5829,18.8051,18.439,19.6286
2022-08-30,1838601,38930150,20.7,21.6,20.6,21.4,0.85,1060,0.9150879662209711,18.9423,19.5829,18.8508,19.7659
2022-08-31,1255509,26493489,21.3,21.4,20.9,20.9,-0.5,773,0.9150879662209711,19.4914,19.1253,19.1253,19.5829
2022-09-01,1476241,29949945,20.6,20.7,19.9,20.15,-0.75,866,0.9150879662209711,18.8508,18.439,18.2103,18.9423
2022-09-02,938303,18759776,20.2,20.3,19.8,19.8,-0.35,524,0.9150879662209711,18.4848,18.1187,18.1187,18.5763
2022-09-05,758738,14634933,19.8,19.9,19.15,19.2,-0.6,441,0.9150879662209711,18.1187,17.5697,17.5239,18.2103
2022-09-06,735100,13813999,19.2,19.4,18.55,18.65,-0.55,440,0.9150879662209711,17.5697,17.0664,16.9749,17.7527
2022-09-07,673529,12279632,18.5,18.5,18.1,18.3,-0.35,412,0.9150879662209711,16.9291,16.7461,16.5631,16.9291
2022-09-08,509815,9332451,18.4,18.5,18.2,18.35,0.05,279,0.9150879662209711,16.8376,16.7919,16.6546,16.9291
2022-09-12,390877,7278560,18.45,18.9,18.45,18.6,0.25,278,0.9150879662209711,16.8834,17.0206,16.8834,17.2952
2022-09-13,448417,8297574,18.6,18.7,18.4,18.5,-0.1,279,0.9150879662209711,17.0206,16.9291,16.8376,17.1121
2022-09-14,399540,7273576,18.1,18.45,17.9,18.2,-0.3,260,0.9150879662209711,16.5631,16.6546,16.3801,16.8834
2022-09-15,2816994,55986854,18.75,20.0,18.5,20.0,1.8,1257,0.9150879662209711,17.1579,18.3018,16.9291,18.3018
2022-09-16,1863467,36328715,19.5,19.75,19.2,19.5,-0.5,1146,0.9150879662209711,17.8442,17.8442,17.5697,18.073
2022-09-19,779035,14799303,19.05,19.35,18.8,18.8,-0.7,434,0.9150879662209711,17.4324,17.2037,17.2037,17.707
2022-09-20,1450516,28924567,19.05,20.65,18.85,20.25,1.45,812,0.9150879662209711,17.4324,18.5305,17.2494,18.8966
2022-09-21,1480914,29891118,20.25,20.8,19.8,20.0,-0.25,854,0.9150879662209711,18.5305,18.3018,18.1187,19.0338
2022-09-22,741530,14702477,19.5,20.2,19.5,20.1,0.1,549,0.9150879662209711,17.8442,18.3933,17.8442,18.4848
2022-09-23,623612,12266578,20.2,20.2,19.3,19.45,-0.65,389,0.9150879662209711,18.4848,17.7985,17.6612,18.4848
2022-09-26,767166,14388620,19.1,19.15,18.45,18.75,-0.7,435,0.9150879662209711,17.4782,17.1579,16.8834,17.5239
2022-09-27,448899,8447678,19.15,19.15,18.6,18.95,0.2,257,0.9150879662209711,17.5239,17.3409,17.0206,17.5239
2022-09-28,643225,11756485,18.95,19.05,17.95,17.95,-1.0,379,0.9150879662209711,17.3409,16.4258,16.4258,17.4324
2022-09-29,844237,15606711,18.1,19.2,18.1,18.85,0.9,417,0.9150879662209711,16.5631,17.2494,16.5631,17.5697
2022-09-30,538980,9928014,18.3,18.85,18.1,18.8,-0.05,328,0.9150879662209711,16.7461,17.2037,16.5631,17.2494
2022-10-03,368458,6854453,18.7,18.75,18.35,18.6,-0.2,197,0.9150879662209711,17.1121,17.0206,16.7919,17.1579
2022-10-04,543777,10160832,18.9,18.9,18.55,18.65,0.05,315,0.9150879662209711,17.2952,17.0664,16.9749,17.2952
2022-10-05,877653,16592618,18.85,19.45,18.65,18.65,0.0,427,0.9150879662209711,17.2494,17.0664,17.0664,17.7985
2022-10-06,4223736,85249393,18.85,20.5,18.65,20.5,1.85,2401,0.9150879662209711,17.2494,18.7593,17.0664,18.7593
2022-10-07,4772121,100516802,20.4,21.7,20.1,21.35,0.85,2831,0.9150879662209711,18.6678,19.5371,18.3933,19.8574
2022-10-11,5464495,115963398,20.5,22.5,19.8,22.05,0.7,3168,0.9150879662209711,18.7593,20.1777,18.1187,20.5895
2022-10-12,4083468,88272571,21.75,22.15,20.9,21.5,-0.55,2448,0.9150879662209711,19.9032,19.6744,19.1253,20.2692
2022-10-13,3428871,73080162,21.5,22.05,20.4,20.4,-1.1,1964,0.9150879662209711,19.6744,18.6678,18.6678,20.1777
2022-10-14,6761606,148937216,21.45,22.4,21.05,22.4,2.0,3010,0.9150879662209711,19.6286,20.498,19.2626,20.498
2022-10-17,7230871,161174425,22.1,22.85,21.65,22.85,0.45,3716,0.9150879662209711,20.2234,20.9098,19.8117,20.9098
2022-10-18,4509130,100198175,23.1,23.1,21.7,21.85,-1.0,2442,0.9150879662209711,21.1385,19.9947,19.8574,21.1385
2022-10-19,3288694,69768929,21.85,22.2,20.5,20.6,-1.25,1938,0.9150879662209711,19.9947,18.8508,18.7593,20.315
2022-10-20,2052594,41661842,20.2,20.75,19.85,20.45,-0.15,1105,0.9150879662209711,18.4848,18.7135,18.1645,18.9881
2022-10-21,1301223,26206291,20.6,20.6,19.9,19.9,-0.55,755,0.9150879662209711,18.8508,18.2103,18.2103,18.8508
2022-10-24,1356822,27213954,20.25,20.5,19.35,19.5,-0.4,733,0.9150879662209711,18.5305,17.8442,17.707,18.7593
2022-10-25,1598001,31572949,19.7,20.2,19.4,19.75,0.25,833,0.9150879662209711,18.0272,18.073,17.7527,18.4848
2022-10-26,2625072,54315340,19.8,21.25,19.8,21.1,1.35,1515,0.9150879662209711,18.1187,19.3084,18.1187,19.4456
2022-10-27,2334077,49740807,21.35,21.8,20.75,21.8,0.7,1306,0.9150879662209711,19.5371,19.9489,18.9881,19.9489
2022-10-28,1449027,30458180,21.5,21.5,20.65,20.7,-1.1,863,0.9150879662209711,19.6744,18.9423,18.8966,19.6744
2022-10-31,754857,15822730,20.85,21.45,20.8,20.9,0.2,468,0.9150879662209711,19.0796,19.1253,19.0338,19.6286
2022-11-01,1053040,22038668,20.9,21.2,20.75,20.8,-0.1,554,0.9150879662209711,19.1253,19.0338,18.9881,19.3999
2022-11-02,1133999,23896337,20.9,21.35,20.8,21.0,0.2,637,0.9150879662209711,19.1253,19.2168,19.0338,19.5371
2022-11-03,1587198,32402792,20.55,20.95,20.2,20.25,-0.75,896,0.9150879662209711,18.8051,18.5305,18.4848,19.1711
2022-11-04,999692,20596208,20.3,20.85,20.25,20.8,0.55,566,0.9150879662209711,18.5763,19.0338,18.5305,19.0796
2022-11-07,1367368,28672271,20.95,21.3,20.55,21.2,0.4,783,0.9150879662209711,19.1711,19.3999,18.8051,19.4914
2022-11-08,4158690,90973204,21.35,22.5,21.0,22.0,0.8,2127,0.9150879662209711,19.5371,20.1319,19.2168,20.5895
2022-11-09,2535501,55220070,21.95,22.2,21.4,21.55,-0.45,1436,0.9150879662209711,20.0862,19.7201,19.5829,20.315
2022-11-10,1274519,26795108,21.3,21.35,20.8,20.95,-0.6,813,0.9150879662209711,19.4914,19.1711,19.0338,19.5371
2022-11-11,2009391,42733405,21.4,21.55,20.8,21.4,0.45,991,0.9150879662209711,19.5829,19.5829,19.0338,19.7201
2022-11-14,1129570,24338768,22.05,22.05,21.3,21.4,0.0,608,0.9150879662209711,20.1777,19.5829,19.4914,20.1777
2022-11-15,1269782,26697348,21.5,21.5,20.85,21.05,-0.35,651,0.9150879662209711,19.6744,19.2626,19.0796,19.6744
2022-11-16,1011844,20907063,21.2,21.2,20.55,20.55,-0.5,696,0.9150879662209711,19.3999,18.8051,18.8051,19.3999
2022-11-17,901283,18777469,20.65,21.05,20.55,21.0,0.45,475,0.9150879662209711,18.8966,19.2168,18.8051,19.2626
2022-11-18,1158687,23812009,21.1,21.1,20.25,20.4,-0.6,671,0.9150879662209711,19.3084,18.6678,18.5305,19.3084
2022-11-21,846038,17288230,20.5,20.65,20.2,20.6,0.2,490,0.9150879662209711,18.7593,18.8508,18.4848,18.8966
2022-11-22,904710,18272409,20.75,20.75,20.0,20.15,-0.45,513,0.9150879662209711,18.9881,18.439,18.3018,18.9881
2022-11-23,455406,9200754,20.15,20.4,20.1,20.25,0.1,251,0.9150879662209711,18.439,18.5305,18.3933,18.6678
2022-11-24,507948,10240227,20.3,20.3,20.05,20.15,-0.1,334,0.9150879662209711,18.5763,18.439,18.3475,18.5763
2022-11-25,857283,17158465,20.1,20.35,19.8,19.85,-0.3,531,0.9150879662209711,18.3933,18.1645,18.1187,18.622
2022-11-28,494410,9811400,19.65,20.0,19.6,19.85,0.0,334,0.9150879662209711,17.9815,18.1645,17.9357,18.3018
2022-11-29,656644,13190678,19.85,20.3,19.7,20.3,0.45,402,0.9150879662209711,18.1645,18.5763,18.0272,18.5763
2022-11-30,1614265,32335417,20.5,20.5,19.9,20.0,-0.3,934,0.9150879662209711,18.7593,18.3018,18.2103,18.7593
2022-12-01,1423558,28869933,20.6,20.6,20.0,20.45,0.45,729,0.9150879662209711,18.8508,18.7135,18.3018,18.8508
2022-12-02,7605730,166581018,20.35,22.4,20.25,22.35,1.9,3517,0.9150879662209711,18.622,20.4522,18.5305,20.498
2022-12-05,4283762,94040118,22.0,22.5,21.6,21.7,-0.65,2218,0.9150879662209711,20.1319,19.8574,19.7659,20.5895
2022-12-06,2546587,53485816,21.7,21.7,20.75,20.75,-0.95,1386,0.9150879662209711,19.8574,18.9881,18.9881,19.8574
2022-12-07,2433962,49441325,20.6,21.0,19.85,20.05,-0.7,1197,0.9150879662209711,18.8508,18.3475,18.1645,19.2168
2022-12-08,867326,17473078,20.0,20.35,19.95,20.25,0.2,510,0.9150879662209711,18.3018,18.5305,18.256,18.622
2022-12-09,842044,17102287,20.3,20.55,20.15,20.35,0.1,491,0.9150879662209711,18.5763,18.622,18.439,18.8051
2022-12-12,420473,8456730,20.35,20.35,20.0,20.1,-0.25,232,0.9150879662209711,18.622,18.3933,18.3018,18.622
2022-12-13,622675,12560103,20.35,20.4,20.05,20.2,0.1,329,0.9150879662209711,18.622,18.4848,18.3475,18.6678
2022-12-14,328033,6645155,20.3,20.35,20.2,20.25,0.05,229,0.9150879662209711,18.5763,18.5305,18.4848,18.622
2022-12-15,590435,11889121,20.15,20.25,20.0,20.1,-0.15,315,0.9150879662209711,18.439,18.3933,18.3018,18.5305
2022-12-16,690212,13723918,19.9,20.05,19.6,19.95,-0.15,411,0.9150879662209711,18.2103,18.256,17.9357,18.3475
2022-12-19,452653,9029302,19.95,20.25,19.75,19.85,-0.1,296,0.9150879662209711,18.256,18.1645,18.073,18.5305
2022-12-20,1364054,26436021,20.0,20.0,18.85,18.85,-1.0,714,0.9150879662209711,18.3018,17.2494,17.2494,18.3018
2022-12-21,457953,8752732,18.95,19.35,18.95,19.05,0.2,306,0.9150879662209711,17.3409,17.4324,17.3409,17.707
2022-12-22,441428,8469382,19.1,19.3,19.1,19.25,0.2,254,0.9150879662209711,17.4782,17.6154,17.4782,17.6612
2022-12-23,650249,12336335,19.15,19.3,18.8,19.05,-0.2,356,0.9150879662209711,17.5239,17.4324,17.2037,17.6612
2022-12-26,236267,4491677,19.1,19.15,18.85,19.1,0.05,147,0.9150879662209711,17.4782,17.4782,17.2494,17.5239
2022-12-27,415323,7880708,19.25,19.25,18.85,18.9,-0.2,284,0.9150879662209711,17.6154,17.2952,17.2494,17.6154
2022-12-28,394029,7388046,18.85,18.9,18.65,18.65,-0.25,248,0.9150879662209711,17.2494,17.0664,17.0664,17.2952
2022-12-29,275836,5097751,18.65,18.65,18.35,18.5,-0.15,220,0.9150879662209711,17.0664,16.9291,16.7919,17.0664
2022-12-30,236975,4398293,18.6,19.0,18.45,18.5,0.0,163,0.9150879662209711,17.0206,16.9291,16.8834,17.3867
2023-01-03,354443,6500252,18.45,18.5,18.15,18.45,-0.05,234,0.9150879662209711,16.8834,16.8834,16.6088,16.9291
2023-01-04,290780,5368549,18.4,18.65,18.35,18.45,0.0,229,0.9150879662209711,16.8376,16.8834,16.7919,17.0664
2023-01-05,332308,6125485,18.45,18.6,18.35,18.35,-0.1,246,0.9150879662209711,16.8834,16.7919,16.7919,17.0206
2023-01-06,290627,5326589,18.3,18.45,18.25,18.35,0.0,199,0.9150879662209711,16.7461,16.7919,16.7004,16.8834
2023-01-09,570315,10527530,18.3,18.65,18.25,18.6,0.25,336,0.9150879662209711,16.7461,17.0206,16.7004,17.0664
2023-01-10,270643,5018605,18.6,18.65,18.45,18.5,-0.1,164,0.9150879662209711,17.0206,16.9291,16.8834,17.0664
2023-01-11,284189,5273922,18.8,18.8,18.4,18.6,0.1,221,0.9150879662209711,17.2037,17.0206,16.8376,17.2037
2023-01-12,291202,5375855,18.65,18.75,18.3,18.35,-0.25,237,0.9150879662209711,17.0664,16.7919,16.7461,17.1579
2023-01-13,325928,5962281,18.35,18.5,18.2,18.2,-0.15,201,0.9150879662209711,16.7919,16.6546,16.6546,16.9291
2023-01-16,274654,4994845,18.4,18.4,18.1,18.15,-0.05,198,0.9150879662209711,16.8376,16.6088,16.5631,16.8376
2023-01-17,223298,4041956,18.2,18.2,18.05,18.05,-0.1,164,0.9150879662209711,16.6546,16.5173,16.5173,16.6546
2023-01-30,256700,4697829,18.2,18.45,18.2,18.35,0.3,188,0.9150879662209711,16.6546,16.7919,16.6546,16.8834
2023-01-31,838905,15950784,18.3,19.35,18.3,19.0,0.65,517,0.9150879662209711,16.7461,17.3867,16.7461,17.707
2023-02-01,494093,9346882,18.95,19.1,18.75,18.9,-0.1,322,0.9150879662209711,17.3409,17.2952,17.1579,17.4782
2023-02-02,698226,13373894,19.0,19.3,19.0,19.2,0.3,407,0.9150879662209711,17.3867,17.5697,17.3867,17.6612
2023-02-03,366269,7002926,19.15,19.2,19.0,19.05,-0.15,252,0.9150879662209711,17.5239,17.4324,17.3867,17.5697
2023-02-06,337231,6459994,19.05,19.3,19.05,19.15,0.1,236,0.9150879662209711,17.4324,17.5239,17.4324,17.6612
2023-02-07,264245,5038112,19.15,19.15,19.0,19.1,-0.05,163,0.9150879662209711,17.5239,17.4782,17.3867,17.5239
2023-02-08,1032463,20032033,19.05,19.65,19.05,19.4,0.3,522,0.9150879662209711,17.4324,17.7527,17.4324,17.9815
2023-02-09,526336,10059063,19.15,19.25,19.0,19.1,-0.3,338,0.9150879662209711,17.5239,17.4782,17.3867,17.6154
2023-02-10,490045,9288543,19.1,19.1,18.8,18.9,-0.2,295,0.9150879662209711,17.4782,17.2952,17.2037,17.4782
2023-02-13,352041,6585114,18.9,18.9,18.5,18.7,-0.2,222,0.9150879662209711,17.2952,17.1121,16.9291,17.2952
2023-02-14,451027,8391048,18.85,18.9,18.0,18.6,-0.1,398,0.9150879662209711,17.2494,17.0206,16.4716,17.2952
2023-02-15,387447,7157151,18.7,18.7,18.2,18.4,-0.2,251,0.9150879662209711,17.1121,16.8376,16.6546,17.1121
2023-02-16,559612,10339863,18.4,18.65,18.15,18.5,0.1,315,0.9150879662209711,16.8376,16.9291,16.6088,17.0664
2023-02-17,249995,4615251,18.45,18.55,18.2,18.5,0.0,230,0.9150879662209711,16.8834,16.9291,16.6546,16.9749
2023-02-20,589171,11089208,18.6,19.1,18.5,19.0,0.5,386,0.9150879662209711,17.0206,17.3867,16.9291,17.4782
2023-02-21,389315,7361209,19.05,19.05,18.8,18.9,-0.1,265,0.9150879662209711,17.4324,17.2952,17.2037,17.4324
2023-02-22,445024,8271707,18.65,18.7,18.5,18.55,-0.35,290,0.9150879662209711,17.0664,16.9749,16.9291,17.1121
2023-02-23,389549,7332966,18.55,19.0,18.55,18.85,0.3,269,0.9150879662209711,16.9749,17.2494,16.9749,17.3867
2023-02-24,338535,6314616,18.95,18.95,18.5,18.7,-0.15,250,0.9150879662209711,17.3409,17.1121,16.9291,17.3409
2023-03-01,209820,3895986,18.7,18.7,18.5,18.55,-0.15,185,0.9150879662209711,17.1121,16.9749,16.9291,17.1121
2023-03-02,283833,5258154,18.55,18.6,18.5,18.5,-0.05,191,0.9150879662209711,16.9749,16.9291,16.9291,17.0206
2023-03-03,402109,7446861,18.7,18.7,18.45,18.55,0.05,267,0.9150879662209711,17.1121,16.9749,16.8834,17.1121
2023-03-06,726594,13697955,18.6,18.95,18.6,18.9,0.35,447,0.9150879662209711,17.0206,17.2952,17.0206,17.3409
2023-03-07,1702890,33049485,19.0,19.7,18.9,19.5,0.6,933,0.9150879662209711,17.3867,17.8442,17.2952,18.0272
2023-03-08,983786,19134266,19.4,19.7,19.2,19.4,-0.1,444,0.9150879662209711,17.7527,17.7527,17.5697,18.0272
2023-03-09,552766,10647755,19.4,19.45,19.15,19.15,-0.25,339,0.9150879662209711,17.7527,17.5239,17.5239,17.7985
2023-03-10,648083,12209761,19.0,19.05,18.65,18.7,-0.45,416,0.9150879662209711,17.3867,17.1121,17.0664,17.4324
2023-03-13,424210,7806635,18.6,18.6,18.2,18.5,-0.2,282,0.9150879662209711,17.0206,16.9291,16.6546,17.0206
2023-03-14,278093,5139799,18.6,18.6,18.35,18.45,-0.05,233,0.9150879662209711,17.0206,16.8834,16.7919,17.0206
2023-03-15,204716,3788527,18.6,18.7,18.4,18.4,-0.05,194,0.9150879662209711,17.0206,16.8376,16.8376,17.1121
2023-03-16,431856,7877577,18.25,18.4,18.1,18.15,-0.25,268,0.9150879662209711,16.7004,16.6088,16.5631,16.8376
2023-03-17,511874,9286916,18.35,18.35,18.0,18.2,0.05,335,0.9150879662209711,16.7919,16.6546,16.4716,16.7919
2023-03-20,300308,5437892,18.25,18.25,18.05,18.15,-0.05,206,0.9150879662209711,16.7004,16.6088,16.5173,16.7004
2023-03-21,309592,5664769,18.2,18.55,18.15,18.4,0.25,215,0.9150879662209711,16.6546,16.8376,16.6088,16.9749
2023-03-22,284055,5244064,18.5,18.6,18.35,18.5,0.1,207,0.9150879662209711,16.9291,16.9291,16.7919,17.0206
2023-03-23,299277,5481271,18.35,18.45,18.2,18.3,-0.2,273,0.9150879662209711,16.7919,16.7461,16.6546,16.8834
2023-03-24,484402,8872856,18.35,18.45,18.25,18.45,0.15,249,0.9150879662209711,16.7919,16.8834,16.7004,16.8834
2023-03-27,360236,6650079,18.5,18.6,18.35,18.45,0.0,227,0.9150879662209711,16.9291,16.8834,16.7919,17.0206
2023-03-28,428611,7807246,18.45,18.45,18.15,18.15,-0.3,272,0.9150879662209711,16.8834,16.6088,16.6088,16.8834
2023-03-29,237937,4342767,18.3,18.4,18.15,18.3,0.15,156,0.9150879662209711,16.7461,16.7461,16.6088,16.8376
2023-03-30,105511,1930042,18.45,18.45,18.2,18.35,0.05,100,0.9150879662209711,16.8834,16.7919,16.6546,16.8834
2023-03-31,175548,3199943,18.2,18.3,18.2,18.25,-0.1,183,0.9150879662209711,16.6546,16.7004,16.6546,16.7461
2023-04-06,175050,3179062,18.3,18.3,18.1,18.15,-0.1,136,0.9150879662209711,16.7461,16.6088,16.5631,16.7461
2023-04-07,205873,3740276,18.15,18.25,18.1,18.2,0.05,128,0.9150879662209711,16.6088,16.6546,16.5631,16.7004
2023-04-10,278491,5087682,18.35,18.55,18.15,18.2,0.0,164,0.9150879662209711,16.7919,16.6546,16.6088,16.9749
2023-04-11,294329,5377711,18.2,18.35,18.2,18.25,0.05,179,0.9150879662209711,16.6546,16.7004,16.6546,16.7919
2023-04-12,372184,6811353,18.25,18.4,18.2,18.4,0.15,233,0.9150879662209711,16.7004,16.8376,16.6546,16.8376
2023-04-13,329981,6073401,18.4,18.5,18.3,18.5,0.1,223,0.9150879662209711,16.8376,16.9291,16.7461,16.9291
2023-04-14,406409,7503289,18.5,18.55,18.35,18.45,-0.05,264,0.9150879662209711,16.9291,16.8834,16.7919,16.9749
2023-04-17,457675,8363480,18.4,18.4,18.2,18.3,-0.15,380,0.9150879662209711,16.8376,16.7461,16.6546,16.8376
2023-04-18,1371489,25693104,18.25,19.0,18.25,18.75,0.45,749,0.9150879662209711,16.7004,17.1579,16.7004,17.3867
2023-04-19,668547,12431077,18.95,18.95,18.45,18.5,-0.25,888,0.9150879662209711,17.3409,16.9291,16.8834,17.3409
2023-04-20,4091418,79146087,18.5,20.0,18.5,19.65,1.15,2215,0.9150879662209711,16.9291,17.9815,16.9291,18.3018
2023-04-21,4609960,91820877,20.0,20.35,19.35,19.6,-0.05,2381,0.9150879662209711,18.3018,17.9357,17.707,18.622
2023-04-24,1398602,26375014,19.4,19.4,18.65,18.9,-0.7,837,0.9150879662209711,17.7527,17.2952,17.0664,17.7527
2023-04-25,1377624,25460043,18.9,18.9,18.2,18.25,-0.65,730,0.9150879662209711,17.2952,16.7004,16.6546,17.2952
2023-04-26,514735,9420513,18.15,18.5,18.1,18.45,0.2,311,0.9150879662209711,16.6088,16.8834,16.5631,16.9291
2023-04-27,320740,5886941,18.45,18.5,18.25,18.45,0.0,193,0.9150879662209711,16.8834,16.8834,16.7004,16.9291
2023-04-28,560705,10300939,18.55,18.55,18.2,18.35,-0.1,301,0.9150879662209711,16.9749,16.7919,16.6546,16.9749
2023-05-02,404369,7421386,18.6,18.6,18.2,18.4,0.05,243,0.9150879662209711,17.0206,16.8376,16.6546,17.0206
2023-05-03,294766,5384615,18.4,18.4,18.2,18.35,-0.05,184,0.9150879662209711,16.8376,16.7919,16.6546,16.8376
2023-05-04,320901,5851773,18.3,18.3,18.2,18.2,-0.15,195,0.9150879662209711,16.7461,16.6546,16.6546,16.7461
2023-05-05,343963,6316723,18.35,18.45,18.25,18.45,0.25,177,0.9150879662209711,16.7919,16.8834,16.7004,16.8834
2023-05-08,3846527,64561243,17.8,17.8,16.65,16.65,-1.8,2194,0.9150879662209711,16.2886,15.2362,15.2362,16.2886
2023-05-09,3996353,60945586,15.6,15.8,15.05,15.25,-1.4,2033,0.9150879662209711,14.2754,13.9551,13.7721,14.4584
2023-05-10,1156796,17744195,15.2,15.5,15.15,15.35,0.1,646,0.9150879662209711,13.9093,14.0466,13.8636,14.1839
2023-05-11,1598860,23538773,15.35,15.4,14.5,14.5,-0.85,956,0.9150879662209711,14.0466,13.2688,13.2688,14.0924
2023-05-12,841918,11948435,14.0,14.35,14.0,14.3,-0.2,461,0.9150879662209711,12.8112,13.0858,12.8112,13.1315
2023-05-15,625492,8848233,14.5,14.5,14.05,14.15,-0.15,370,0.9150879662209711,13.2688,12.9485,12.857,13.2688
2023-05-16,431462,6172805,14.2,14.5,14.2,14.3,0.15,279,0.9150879662209711,12.9942,13.0858,12.9942,13.2688
2023-05-17,528396,7559526,14.25,14.45,14.2,14.35,0.05,312,0.9150879662209711,13.04,13.1315,12.9942,13.223
2023-05-18,467177,6671984,14.4,14.45,14.2,14.3,-0.05,286,0.9150879662209711,13.1773,13.0858,12.9942,13.223
2023-05-19,754799,10663042,14.3,14.3,14.05,14.05,-0.25,425,0.9150879662209711,13.0858,12.857,12.857,13.0858
2023-05-22,555113,7939394,14.1,14.45,14.1,14.35,0.3,333,0.9150879662209711,12.9027,13.1315,12.9027,13.223
2023-05-23,458015,6613115,14.35,14.5,14.3,14.5,0.15,276,0.9150879662209711,13.1315,13.2688,13.0858,13.2688
2023-05-24,1195151,17837102,14.4,15.35,14.4,15.3,0.8,644,0.9150879662209711,13.1773,14.0008,13.1773,14.0466
2023-05-25,1305034,19636232,15.0,15.35,14.85,14.9,-0.4,701,0.9150879662209711,13.7263,13.6348,13.5891,14.0466
2023-05-26,868668,12734843,14.95,15.0,14.5,14.55,-0.35,456,0.9150879662209711,13.6806,13.3145,13.2688,13.7263
2023-05-29,469978,6855082,14.55,14.7,14.45,14.6,0.05,282,0.9150879662209711,13.3145,13.3603,13.223,13.4518
2023-05-30,1421271,21458102,14.6,15.45,14.55,15.1,0.5,744,0.9150879662209711,13.3603,13.8178,13.3145,14.1381
2023-05-31,565322,8475517,15.1,15.15,14.9,14.95,-0.15,295,0.9150879662209711,13.8178,13.6806,13.6348,13.8636
2023-06-01,620047,9399525,15.0,15.3,14.9,15.2,0.25,367,0.9150879662209711,13.7263,13.9093,13.6348,14.0008
2023-06-02,639803,9697196,15.2,15.25,15.0,15.15,-0.05,327,0.9150879662209711,13.9093,13.8636,13.7263,13.9551
2023-06-05,533941,8091850,15.35,15.35,15.0,15.2,0.05,268,0.9150879662209711,14.0466,13.9093,13.7263,14.0466
2023-06-06,680620,10203386,15.25,15.25,14.8,14.85,-0.35,380,0.9150879662209711,13.9551,13.5891,13.5433,13.9551
2023-06-07,451633,6754359,14.85,15.05,14.8,15.0,0.15,260,0.9150879662209711,13.5891,13.7263,13.5433,13.7721
2023-06-08,498162,7363637,14.9,15.0,14.7,14.7,-0.3,304,0.9150879662209711,13.6348,13.4518,13.4518,13.7263
2023-06-09,528301,7768452,14.7,14.9,14.6,14.65,-0.05,338,0.9150879662209711,13.4518,13.406,13.3603,13.6348
2023-06-12,740928,10714906,14.65,14.75,14.35,14.4,-0.25,440,0.9150879662209711,13.406,13.1773,13.1315,13.4975
2023-06-13,614847,8844214,14.45,14.55,14.25,14.4,0.0,349,0.9150879662209711,13.223,13.1773,13.04,13.3145
2023-06-14,773049,11043779,14.35,14.5,14.15,14.15,-0.25,449,0.9150879662209711,13.1315,12.9485,12.9485,13.2688
2023-06-15,722832,10235439,14.2,14.25,14.1,14.15,0.0,362,0.9150879662209711,12.9942,12.9485,12.9027,13.04
2023-06-16,627261,8992110,14.25,14.45,14.15,14.4,0.25,325,0.9150879662209711,13.04,13.1773,12.9485,13.223
2023-06-19,497546,7180321,14.4,14.55,14.35,14.55,0.15,285,0.9150879662209711,13.1773,13.3145,13.1315,13.3145
2023-06-20,646168,9258999,14.55,14.55,14.25,14.35,-0.2,269,0.9150879662209711,13.3145,13.1315,13.04,13.3145
2023-06-21,552130,7975548,14.35,14.5,14.35,14.5,0.15,302,0.9150879662209711,13.1315,13.2688,13.1315,13.2688
2023-06-26,547213,7783982,14.2,14.35,14.1,14.15,-0.35,294,0.9150879662209711,12.9942,12.9485,12.9027,13.1315
2023-06-27,607705,8589421,14.15,14.35,14.05,14.05,-0.1,300,0.9150879662209711,12.9485,12.857,12.857,13.1315
2023-06-28,659224,9260635,14.3,14.3,13.95,14.05,0.0,363,0.9150879662209711,13.0858,12.857,12.7655,13.0858
2023-06-29,639453,8993207,14.15,14.25,14.0,14.15,0.1,263,0.9150879662209711,12.9485,12.9485,12.8112,13.04
2023-06-30,398114,5584800,14.15,14.15,14.0,14.0,-0.15,213,0.9150879662209711,12.9485,12.8112,12.8112,12.9485
2023-07-03,828889,11447997,14.1,14.1,13.7,13.75,-0.25,562,0.9150879662209711,12.9027,12.5825,12.5367,12.9027
2023-07-04,1354733,18178360,13.65,13.75,13.2,13.5,-0.25,778,0.9150879662209711,12.491,12.3537,12.0792,12.5825
2023-07-05,530585,7098286,13.5,13.5,13.3,13.4,-0.1,325,0.9150879662209711,12.3537,12.2622,12.1707,12.3537
2023-07-06,638804,8558053,13.4,13.5,13.25,13.3,-0.1,341,0.9150879662209711,12.2622,12.1707,12.1249,12.3537
2023-07-07,466663,6132975,13.3,13.4,13.05,13.1,-0.2,298,0.9150879662209711,12.1707,11.9877,11.9419,12.2622
2023-07-10,741846,10017097,13.1,13.8,13.1,13.5,0.4,404,0.9150879662209711,11.9877,12.3537,11.9877,12.6282
2023-07-11,366646,4939586,13.65,13.7,13.3,13.3,-0.2,244,0.9150879662209711,12.491,12.1707,12.1707,12.5367
2023-07-12,447089,5902920,13.3,13.3,13.1,13.15,-0.15,250,0.9150879662209711,12.1707,12.0334,11.9877,12.1707
2023-07-13,980259,12683847,13.15,13.35,12.75,12.75,-0.4,581,0.9150879662209711,12.0334,11.6674,11.6674,12.2164
2023-07-14,1852684,22689005,12.75,12.75,12.1,12.25,-0.5,1051,0.9150879662209711,11.6674,11.2098,11.0726,11.6674
2023-07-17,1639291,21427195,12.2,13.45,12.2,13.45,1.2,849,0.9150879662209711,11.1641,12.3079,11.1641,12.3079
2023-07-18,4443263,64795128,14.3,14.75,14.1,14.75,1.3,2079,0.9150879662209711,13.0858,13.4975,12.9027,13.4975
2023-07-19,5247381,80816755,16.0,16.0,14.8,14.95,0.2,2632,0.9150879662209711,14.6414,13.6806,13.5433,14.6414
2023-07-20,1713153,24312367,14.65,14.65,14.0,14.25,-0.7,1091,0.9150879662209711,13.406,13.04,12.8112,13.406
2023-07-21,979480,13814547,14.0,14.65,13.55,14.45,0.2,598,0.9150879662209711,12.8112,13.223,12.3994,13.406
2023-07-24,1007752,14581801,14.95,14.95,14.05,14.05,-0.4,621,0.9150879662209711,13.6806,12.857,12.857,13.6806
2023-07-25,632639,8939357,14.05,14.3,14.05,14.15,0.1,332,0.9150879662209711,12.857,12.9485,12.857,13.0858
2023-07-26,545646,7710160,14.05,14.4,14.0,14.05,-0.1,319,0.9150879662209711,12.857,12.857,12.8112,13.1773
2023-07-27,508740,7168616,14.1,14.2,14.0,14.15,0.1,302,0.9150879662209711,12.9027,12.9485,12.8112,12.9942
2023-07-28,465587,6506645,14.15,14.15,13.9,14.0,-0.15,317,0.9150879662209711,12.9485,12.8112,12.7197,12.9485
2023-07-31,653437,9072911,13.85,14.0,13.8,13.9,-0.1,370,0.9150879662209711,12.674,12.7197,12.6282,12.8112
2023-08-01,555287,7606160,13.75,13.95,13.6,13.65,-0.25,357,0.9150879662209711,12.5825,12.491,12.4452,12.7655
2023-08-02,539274,7418450,13.65,14.0,13.65,13.7,0.05,276,0.9150879662209711,12.491,12.5367,12.491,12.8112
2023-08-04,264812,3654962,13.7,13.95,13.65,13.9,0.2,199,0.9150879662209711,12.5367,12.7197,12.491,12.7655
2023-08-07,334538,4633943,13.95,14.05,13.75,13.8,-0.1,168,0.9150879662209711,12.7655,12.6282,12.5825,12.857
2023-08-08,283749,3873010,13.9,13.9,13.6,13.6,-0.2,178,0.9150879662209711,12.7197,12.4452,12.4452,12.7197
2023-08-09,232674,3168043,13.6,13.75,13.5,13.5,-0.1,157,0.9150879662209711,12.4452,12.3537,12.3537,12.5825
2023-08-10,419356,5529619,13.5,13.5,13.05,13.1,-0.4,271,0.9150879662209711,12.3537,11.9877,11.9419,12.3537
2023-08-11,462944,6021308,13.15,13.15,12.9,12.95,-0.15,239,0.9150879662209711,12.0334,11.8504,11.8046,12.0334
2023-08-14,456865,5746852,12.95,12.95,12.4,12.45,-0.5,319,0.9150879662209711,11.8504,11.3928,11.3471,11.8504
2023-08-15,399342,4995266,12.5,12.7,12.35,12.4,-0.05,276,0.9150879662209711,11.4386,11.3471,11.3013,11.6216
2023-08-16,603428,7384029,12.4,12.4,12.15,12.2,-0.2,279,0.9150879662209711,11.3471,11.1641,11.1183,11.3471
2023-08-17,612380,8140420,12.3,13.4,12.3,13.4,1.2,343,0.9150879662209711,11.2556,12.2622,11.2556,12.2622
2023-08-18,1862409,25941923,13.65,14.2,13.65,13.8,0.4,993,0.9150879662209711,12.491,12.6282,12.491,12.9942
2023-08-21,605899,8106015,13.5,13.75,13.25,13.35,-0.45,369,0.9150879662209711,12.3537,12.2164,12.1249,12.5825
2023-08-22,370504,4860351,13.45,13.45,13.0,13.1,-0.25,217,0.9150879662209711,12.3079,11.9877,11.8961,12.3079
2023-08-23,324965,4256266,13.1,13.3,13.0,13.0,-0.1,218,0.9150879662209711,11.9877,11.8961,11.8961,12.1707
2023-08-24,341196,4497961,13.0,13.4,12.95,13.35,0.35,205,0.9150879662209711,11.8961,12.2164,11.8504,12.2622
2023-08-25,214524,2831970,13.35,13.35,13.1,13.3,-0.05,137,0.9150879662209711,12.2164,12.1707,11.9877,12.2164
2023-08-28,174622,2286225,13.2,13.25,13.0,13.15,-0.15,141,0.9150879662209711,12.0792,12.0334,11.8961,12.1249
2023-08-29,300162,4048530,13.15,13.7,13.05,13.5,0.35,241,0.9150879662209711,12.0334,12.3537,11.9419,12.5367
2023-08-30,265545,3633795,13.75,13.8,13.6,13.7,0.2,197,0.9150879662209711,12.5825,12.5367,12.4452,12.6282
2023-08-31,2093285,30705146,13.75,15.05,13.75,14.6,0.9,1051,0.9150879662209711,12.5825,13.3603,12.5825,13.7721
2023-09-01,1261465,18048828,14.1,14.85,13.8,14.25,-0.35,630,0.9150879662209711,12.9027,13.04,12.6282,13.5891
2023-09-04,1890183,27851269,14.25,15.1,14.1,15.0,0.75,969,0.9150879662209711,13.04,13.7263,12.9027,13.8178
2023-09-05,2502620,37810937,14.9,15.4,14.8,15.35,0.35,1154,0.9150879662209711,13.6348,14.0466,13.5433,14.0924
2023-09-06,4482308,71715369,15.6,16.5,15.35,16.05,0.7,2140,0.9150879662209711,14.2754,14.6872,14.0466,15.099
2023-09-07,2147841,33791994,15.95,16.15,15.4,15.6,-0.45,1198,0.9150879662209711,14.5957,14.2754,14.0924,14.7787
2023-09-08,962019,15000316,15.65,15.95,15.45,15.5,-0.1,608,0.9150879662209711,14.3211,14.1839,14.1381,14.5957
2023-09-11,1506220,22165621,15.45,15.45,14.3,14.35,-1.15,1007,0.9150879662209711,14.1381,13.1315,13.0858,14.1381
2023-09-12,818037,11684630,14.55,14.7,14.05,14.1,-0.25,639,0.9150879662209711,13.3145,12.9027,12.857,13.4518
2023-09-13,478961,6832835,14.25,14.45,14.1,14.35,0.25,387,0.9150879662209711,13.04,13.1315,12.9027,13.223
2023-09-14,424310,6115751,14.55,14.6,14.3,14.5,0.15,299,0.9150879662209711,13.3145,13.2688,13.0858,13.3603
2023-09-15,818134,11549980,14.5,14.5,13.95,14.05,-0.45,550,0.9150879662209711,13.2688,12.857,12.7655,13.2688
2023-09-18,453713,6472100,13.95,14.5,13.75,14.4,0.35,365,0.9150879662209711,12.7655,13.1773,12.5825,13.2688
2023-09-19,402364,5779213,14.5,14.7,14.2,14.25,-0.15,319,0.9150879662209711,13.2688,13.04,12.9942,13.4518
2023-09-20,725168,10485428,14.45,14.75,14.25,14.3,0.05,459,0.9150879662209711,13.223,13.0858,13.04,13.4975
2023-09-21,319884,4541149,14.2,14.4,14.05,14.35,0.05,252,0.9150879662209711,12.9942,13.1315,12.857,13.1773
2023-09-22,2421707,36369354,14.4,15.45,14.2,15.2,0.85,1159,0.9150879662209711,13.1773,13.9093,12.9942,14.1381
2023-09-25,1713194,26062207,15.3,15.75,14.75,14.85,-0.35,1045,0.9150879662209711,14.0008,13.5891,13.4975,14.4126
2023-09-26,835792,12045478,14.35,14.8,14.3,14.3,-0.55,608,0.9150879662209711,13.1315,13.0858,13.0858,13.5433
2023-09-27,1009320,14114132,14.25,14.25,13.85,13.95,-0.35,631,0.9150879662209711,13.04,12.7655,12.674,13.04
2023-09-28,556020,7749280,14.0,14.15,13.8,13.9,-0.05,388,0.9150879662209711,12.8112,12.7197,12.6282,12.9485
2023-10-02,667991,9198823,13.85,13.9,13.6,13.65,-0.25,544,0.9150879662209711,12.674,12.491,12.4452,12.7197
2023-10-03,510291,7070550,13.8,14.0,13.55,13.85,0.2,334,0.9150879662209711,12.6282,12.674,12.3994,12.8112
2023-10-04,480312,6646993,13.65,14.15,13.55,13.85,0.0,407,0.9150879662209711,12.491,12.674,12.3994,12.9485
2023-10-05,355549,4903859,13.85,13.95,13.7,13.8,-0.05,316,0.9150879662209711,12.674,12.6282,12.5367,12.7655
2023-10-06,660080,9252366,13.8,14.35,13.8,13.9,0.1,391,0.9150879662209711,12.6282,12.7197,12.6282,13.1315
2023-10-11,671444,9043153,13.8,13.85,13.2,13.35,-0.55,564,0.9150879662209711,12.6282,12.2164,12.0792,12.674
2023-10-12,1242357,16245662,13.35,13.35,12.95,12.95,-0.4,960,0.9150879662209711,12.2164,11.8504,11.8504,12.2164
2023-10-13,675987,8861584,12.95,13.3,12.95,13.15,0.2,681,0.9150879662209711,11.8504,12.0334,11.8504,12.1707
2023-10-23,860400,16042309,19.9,19.9,18.4,18.6,0.0,1016,0.9150879662209711,18.2103,17.0206,16.8376,18.2103
2023-10-24,567415,10268650,18.6,18.6,17.85,17.9,-0.7,1422,0.9150879662209711,17.0206,16.3801,16.3343,17.0206
2023-10-25,286935,5239259,18.05,18.4,18.05,18.3,0.4,538,0.9150879662209711,16.5173,16.7461,16.5173,16.8376
2023-10-26,258469,4643147,18.05,18.15,17.85,17.9,-0.4,447,0.9150879662209711,16.5173,16.3801,16.3343,16.6088
2023-10-27,159413,2850117,17.9,18.05,17.75,17.8,-0.1,345,0.9150879662209711,16.3801,16.2886,16.2428,16.5173
2023-10-30,559801,9616050,17.8,17.8,16.95,17.05,-0.75,745,0.9150879662209711,16.2886,15.6022,15.5107,16.2886
2023-10-31,367491,6187851,17.1,17.25,16.5,16.5,-0.55,612,0.9150879662209711,15.648,15.099,15.099,15.7853
2023-11-01,285710,4775748,16.9,16.9,16.5,16.7,0.2,385,0.9150879662209711,15.465,15.282,15.099,15.465
2023-11-02,343730,5940669,16.7,17.65,16.7,17.25,0.55,563,0.9150879662209711,15.282,15.7853,15.282,16.1513
2023-11-03,230356,3922853,17.25,17.35,16.95,17.0,-0.25,406,0.9150879662209711,15.7853,15.5565,15.5107,15.8768
2023-11-06,179078,3067430,17.2,17.25,17.1,17.2,0.2,435,0.9150879662209711,15.7395,15.7395,15.648,15.7853
2023-11-07,127833,2193356,17.2,17.3,17.1,17.1,-0.1,194,0.9150879662209711,15.7395,15.648,15.648,15.831
2023-11-08,141503,2412202,16.85,17.2,16.85,17.0,-0.1,168,0.9150879662209711,15.4192,15.5565,15.4192,15.7395
2023-11-09,200914,3408954,17.0,17.1,16.85,16.9,-0.1,211,0.9150879662209711,15.5565,15.465,15.4192,15.648
2023-11-10,234094,3993675,16.95,17.3,16.85,17.15,0.25,331,0.9150879662209711,15.5107,15.6938,15.4192,15.831
2023-11-13,542887,9175027,17.0,17.5,16.45,16.7,-0.45,697,0.9150879662209711,15.5565,15.282,15.0532,16.014
2023-11-14,283550,4811132,16.75,17.1,16.75,16.9,0.2,280,0.9150879662209711,15.3277,15.465,15.3277,15.648
2023-11-15,1617348,29333239,17.0,18.55,17.0,18.55,1.65,1021,0.9150879662209711,15.5565,16.9749,15.5565,16.9749
2023-11-16,1651617,30882560,18.55,19.35,18.25,18.55,0.0,1247,0.9150879662209711,16.9749,16.9749,16.7004,17.707
2023-11-17,2517646,50656857,18.55,20.4,18.5,20.4,1.85,1862,0.9150879662209711,16.9749,18.6678,16.9291,18.6678
2023-11-20,3709414,81136221,20.55,22.4,20.5,22.4,2.0,2960,0.9150879662209711,18.8051,20.498,18.7593,20.498
2023-11-21,4141668,96564842,22.6,24.2,22.4,22.85,0.45,3117,0.9150879662209711,20.681,20.9098,20.498,22.1451
2023-11-22,1584034,35416547,22.85,22.85,22.1,22.2,-0.65,1052,0.9150879662209711,20.9098,20.315,20.2234,20.9098
2023-11-23,1367139,30930919,22.5,23.2,22.3,22.5,0.3,991,0.9150879662209711,20.5895,20.5895,20.4065,21.23
2023-11-24,1071951,23551949,22.2,22.5,21.75,21.8,-0.7,848,0.9150879662209711,20.315,19.9489,19.9032,20.5895
2023-11-27,853432,18940617,22.1,22.55,21.8,22.15,0.35,698,0.9150879662209711,20.2234,20.2692,19.9489,20.6352
2023-11-28,722678,16158243,22.15,22.8,22.15,22.2,0.05,444,0.9150879662209711,20.2692,20.315,20.2692,20.864
2023-11-29,1567121,36528700,22.25,23.9,22.25,23.4,1.2,1219,0.9150879662209711,20.3607,21.4131,20.3607,21.8706
2023-11-30,1089664,25748891,23.2,23.85,23.2,23.7,0.3,701,0.9150879662209711,21.23,21.6876,21.23,21.8248
2023-12-01,624853,14592941,23.7,23.7,23.2,23.5,-0.2,796,0.9150879662209711,21.6876,21.5046,21.23,21.6876
2023-12-04,762960,17991386,23.5,23.85,23.4,23.45,-0.05,504,0.9150879662209711,21.5046,21.4588,21.4131,21.8248
2023-12-05,737696,17135313,23.0,23.7,23.0,23.05,-0.4,573,0.9150879662209711,21.047,21.0928,21.047,21.6876
2023-12-06,539379,12403180,22.95,23.35,22.85,22.85,-0.2,589,0.9150879662209711,21.0013,20.9098,20.9098,21.3673
2023-12-07,899378,21029698,22.75,24.0,22.65,23.55,0.7,646,0.9150879662209711,20.8183,21.5503,20.7267,21.9621
2023-12-08,585019,13698955,23.75,23.75,23.2,23.4,-0.15,381,0.9150879662209711,21.7333,21.4131,21.23,21.7333
2023-12-11,614181,14454168,23.1,23.85,23.05,23.75,0.35,484,0.9150879662209711,21.1385,21.7333,21.0928,21.8248
2023-12-12,483812,11347027,23.7,23.8,23.15,23.15,-0.6,431,0.9150879662209711,21.6876,21.1843,21.1843,21.7791
2023-12-13,905890,20709853,23.15,23.3,22.65,22.7,-0.45,725,0.9150879662209711,21.1843,20.7725,20.7267,21.3215
2023-12-14,729591,17005678,23.0,23.65,23.0,23.4,0.7,537,0.9150879662209711,21.047,21.4131,21.047,21.6418
2023-12-15,2945212,73236915,23.4,25.5,23.2,25.5,2.1,2226,0.9150879662209711,21.4131,23.3347,21.23,23.3347
2023-12-18,1346423,33289211,25.9,25.9,24.25,24.35,-1.15,1393,0.9150879662209711,23.7008,22.2824,22.1909,23.7008
2023-12-19,1328073,31407283,24.15,24.7,23.1,23.1,-1.25,1393,0.9150879662209711,22.0994,21.1385,21.1385,22.6027
2023-12-20,385555,9051967,23.5,23.6,23.3,23.6,0.5,411,0.9150879662209711,21.5046,21.5961,21.3215,21.5961
2023-12-21,440491,10313612,23.55,23.8,23.2,23.5,-0.1,324,0.9150879662209711,21.5503,21.5046,21.23,21.7791
2023-12-22,370213,8695492,23.5,23.85,23.3,23.55,0.05,396,0.9150879662209711,21.5046,21.5503,21.3215,21.8248
2023-12-25,851726,20623522,23.65,24.75,23.65,24.2,0.65,636,0.9150879662209711,21.6418,22.1451,21.6418,22.6484
2023-12-26,592096,14393375,24.2,24.55,24.15,24.35,0.15,437,0.9150879662209711,22.1451,22.2824,22.0994,22.4654
2023-12-27,713986,17670095,24.45,25.15,24.4,24.5,0.15,694,0.9150879662209711,22.3739,22.4197,22.3281,23.0145
2023-12-28,439158,10631986,24.4,24.45,24.1,24.2,-0.3,371,0.9150879662209711,22.3281,22.1451,22.0536,22.3739
2023-12-29,309664,7525915,24.35,24.65,24.05,24.35,0.15,283,0.9150879662209711,22.2824,22.2824,22.0079,22.5569
2024-01-02,313985,7548618,24.3,24.3,23.95,24.05,-0.3,266,0.9150879662209711,22.2366,22.0079,21.9164,22.2366
2024-01-03,355279,8460836,23.85,24.15,23.65,23.75,-0.3,495,0.9150879662209711,21.8248,21.7333,21.6418,22.0994
2024-01-04,421941,9949689,23.3,23.95,23.3,23.6,-0.15,366,0.9150879662209711,21.3215,21.5961,21.3215,21.9164
2024-01-05,478002,11384286,23.6,24.35,23.35,23.75,0.15,336,0.9150879662209711,21.5961,21.7333,21.3673,22.2824
2024-01-08,528544,12621679,23.45,24.45,23.45,24.2,0.45,452,0.9150879662209711,21.4588,22.1451,21.4588,22.3739
2024-01-09,422280,10077668,24.2,24.35,23.7,23.85,-0.35,309,0.9150879662209711,22.1451,21.8248,21.6876,22.2824
2024-01-10,391290,9221656,23.8,23.8,23.45,23.45,-0.4,280,0.9150879662209711,21.7791,21.4588,21.4588,21.7791
2024-01-11,825508,20000125,23.65,24.6,23.65,24.2,0.75,638,0.9150879662209711,21.6418,22.1451,21.6418,22.5112
2024-01-12,452042,10869545,24.2,24.35,23.8,23.8,-0.4,385,0.9150879662209711,22.1451,21.7791,21.7791,22.2824
2024-01-15,3585501,92537183,24.35,26.15,23.9,26.15,2.35,2082,0.9150879662209711,22.2824,23.9296,21.8706,23.9296
2024-01-16,5227363,141139456,25.9,28.0,25.45,28.0,1.85,3224,0.9150879662209711,23.7008,25.6225,23.289,25.6225
2024-01-17,2911652,77885099,27.8,27.8,26.15,26.75,-1.25,2516,0.9150879662209711,25.4394,24.4786,23.9296,25.4394
2024-01-18,2718360,75180420,26.75,28.8,26.25,27.55,0.8,2056,0.9150879662209711,24.4786,25.2107,24.0211,26.3545
2024-01-19,2294578,60758814,26.5,27.3,26.1,26.1,-1.45,2086,0.9150879662209711,24.2498,23.8838,23.8838,24.9819
2024-01-22,956195,25673398,26.6,27.3,26.2,26.65,0.55,833,0.9150879662209711,24.3413,24.3871,23.9753,24.9819
2024-01-23,5747853,166235116,26.65,29.3,26.65,29.3,2.65,3070,0.9150879662209711,24.3871,26.8121,24.3871,26.8121
2024-01-24,7096011,219970038,29.35,32.0,29.35,31.7,2.4,4630,0.9150879662209711,26.8578,29.0083,26.8578,29.2828
2024-01-25,4644237,140458303,31.75,31.75,29.85,29.85,-1.85,4197,0.9150879662209711,29.054,27.3154,27.3154,29.054
2024-01-26,1650604,49299247,29.85,30.3,29.5,30.0,0.15,1473,0.9150879662209711,27.3154,27.4526,26.9951,27.7272
2024-01-29,1567735,46399748,30.55,30.55,28.7,30.05,0.05,1228,0.9150879662209711,27.9559,27.4984,26.263,27.9559
2024-01-30,1266468,37733516,30.2,30.2,29.5,29.6,-0.45,1093,0.9150879662209711,27.6357,27.0866,26.9951,27.6357
2024-01-31,1220999,35929909,29.95,30.35,29.15,29.2,-0.4,1325,0.9150879662209711,27.4069,26.7206,26.6748,27.7729
2024-02-01,1438358,41303189,29.05,29.7,28.35,28.35,-0.85,1794,0.9150879662209711,26.5833,25.9427,25.9427,27.1781
2024-02-02,1075299,30385287,28.75,28.75,28.05,28.05,-0.3,1179,0.9150879662209711,26.3088,25.6682,25.6682,26.3088
2024-02-05,1278821,34988750,27.95,28.0,27.0,27.35,-0.7,1148,0.9150879662209711,25.5767,25.0277,24.7074,25.6225
2024-02-15,1423740,40823927,27.65,29.45,27.65,28.95,1.6,1199,0.9150879662209711,25.3022,26.4918,25.3022,26.9493
2024-02-16,847737,24567895,28.95,29.35,28.35,28.95,0.0,778,0.9150879662209711,26.4918,26.4918,25.9427,26.8578
2024-02-19,1863039,55785557,28.8,30.5,28.8,29.95,1.0,1315,0.9150879662209711,26.3545,27.4069,26.3545,27.9102
2024-02-20,1958522,58414850,30.0,30.3,29.2,30.0,0.05,1516,0.9150879662209711,27.4526,27.4526,26.7206,27.7272
2024-02-21,1760092,53261550,29.9,31.0,29.7,30.4,0.4,1233,0.9150879662209711,27.3611,27.8187,27.1781,28.3677
2024-02-22,1250062,37346810,30.5,30.5,29.4,29.4,-1.0,1299,0.9150879662209711,27.9102,26.9036,26.9036,27.9102
2024-02-23,838379,24479116,29.45,29.65,29.0,29.0,-0.4,904,0.9150879662209711,26.9493,26.5376,26.5376,27.1324
2024-02-26,1113610,33247033,29.3,30.2,29.25,29.75,0.75,911,0.9150879662209711,26.8121,27.2239,26.7663,27.6357
2024-02-27,1980349,56272869,30.0,30.05,27.15,27.8,-1.95,2540,0.9150879662209711,27.4526,25.4394,24.8446,27.4984
2024-02-29,712297,19594029,27.8,27.95,27.05,27.6,-0.2,934,0.9150879662209711,25.4394,25.2564,24.7531,25.5767
2024-03-01,652152,17889870,27.7,27.9,27.2,27.35,-0.25,653,0.9150879662209711,25.3479,25.0277,24.8904,25.531
2024-03-04,866091,23919982,27.35,28.1,27.2,27.55,0.2,768,0.9150879662209711,25.0277,25.2107,24.8904,25.714
2024-03-05,724064,20183318,27.6,28.3,27.55,27.65,0.1,689,0.9150879662209711,25.2564,25.3022,25.2107,25.897
2024-03-06,4282924,108107963,26.35,26.4,24.9,25.1,-2.55,3154,0.9150879662209711,24.1126,22.9687,22.7857,24.1583
2024-03-07,1519657,38992644,25.4,26.25,25.25,25.75,0.65,1898,0.9150879662209711,23.2432,23.5635,23.106,24.0211
2024-03-08,944207,23687450,25.4,25.7,24.65,24.85,-0.9,1447,0.9150879662209711,23.2432,22.7399,22.5569,23.5178
2024-03-11,921563,22582489,24.65,24.85,24.15,24.5,-0.35,1214,0.9150879662209711,22.5569,22.4197,22.0994,22.7399
2024-03-12,737753,18339694,24.6,25.3,24.6,25.0,0.5,822,0.9150879662209711,22.5112,22.8772,22.5112,23.1517
2024-03-13,640854,15793044,25.3,25.5,24.4,24.65,-0.35,701,0.9150879662209711,23.1517,22.5569,22.3281,23.3347
2024-03-14,833475,20721331,24.5,25.15,24.5,25.15,0.5,717,0.9150879662209711,22.4197,23.0145,22.4197,23.0145
2024-03-15,765339,19456450,25.4,25.7,25.1,25.35,0.2,767,0.9150879662209711,23.2432,23.1975,22.9687,23.5178
2024-03-18,545487,13653616,25.35,25.35,24.85,24.95,-0.4,798,0.9150879662209711,23.1975,22.8314,22.7399,23.1975
2024-03-19,455866,11346144,25.5,25.5,24.7,24.8,-0.15,659,0.9150879662209711,23.3347,22.6942,22.6027,23.3347
2024-03-20,729685,17765630,24.7,24.7,24.05,24.1,-0.7,1191,0.9150879662209711,22.6027,22.0536,22.0079,22.6027
2024-03-21,480939,11593451,24.2,24.35,24.0,24.1,0.0,775,0.9150879662209711,22.1451,22.0536,21.9621,22.2824
2024-03-22,599256,14425092,24.1,24.3,23.75,24.1,0.0,633,0.9150879662209711,22.0536,22.0536,21.7333,22.2366
2024-03-25,391896,9528620,24.5,24.55,24.1,24.4,0.3,887,0.9150879662209711,22.4197,22.3281,22.0536,22.4654
2024-03-26,783327,18761591,24.75,24.75,23.6,23.7,-0.7,1501,0.9150879662209711,22.6484,21.6876,21.5961,22.6484
2024-03-27,616368,14717990,23.7,24.2,23.5,23.8,0.1,618,0.9150879662209711,21.6876,21.7791,21.5046,22.1451
2024-03-28,2079643,53240035,23.7,26.15,23.7,26.15,2.35,1304,0.9150879662209711,21.6876,23.9296,21.6876,23.9296
2024-03-29,2243361,57972052,26.2,26.75,25.3,25.35,-0.8,1841,0.9150879662209711,23.9753,23.1975,23.1517,24.4786
2024-04-01,744636,18574484,24.9,25.2,24.65,25.1,-0.25,653,0.9150879662209711,22.7857,22.9687,22.5569,23.0602
2024-04-02,391070,9831779,25.45,25.45,25.05,25.1,0.0,387,0.9150879662209711,23.289,22.9687,22.923,23.289
2024-04-03,383423,9450226,25.1,25.1,24.5,24.5,-0.6,534,0.9150879662209711,22.9687,22.4197,22.4197,22.9687
2024-04-08,314031,7637338,24.35,24.5,24.15,24.35,-0.15,331,0.9150879662209711,22.2824,22.2824,22.0994,22.4197
2024-04-09,597356,14898395,24.8,25.5,24.65,24.8,0.45,612,0.9150879662209711,22.6942,22.6942,22.5569,23.3347
2024-04-10,1420025,36464070,25.0,26.1,24.9,25.65,0.85,1035,0.9150879662209711,22.8772,23.472,22.7857,23.8838
2024-04-11,746072,18848257,26.0,26.1,24.95,25.05,-0.6,497,0.9150879662209711,23.7923,22.923,22.8314,23.8838
2024-04-12,481834,12069209,25.1,25.35,24.85,25.05,0.0,388,0.9150879662209711,22.9687,22.923,22.7399,23.1975
2024-04-15,555121,13637088,25.0,25.0,24.4,24.4,-0.65,397,0.9150879662209711,22.8772,22.3281,22.3281,22.8772
2024-04-16,705698,16822164,24.35,24.35,23.65,23.7,-0.7,603,0.9150879662209711,22.2824,21.6876,21.6418,22.2824
2024-04-17,423120,10151447,23.6,24.25,23.6,24.1,0.4,310,0.9150879662209711,21.5961,22.0536,21.5961,22.1909
2024-04-18,197777,4742696,24.0,24.1,23.8,23.9,-0.2,189,0.9150879662209711,21.9621,21.8706,21.7791,22.0536
2024-04-19,773681,17812682,23.75,23.75,22.5,22.85,-1.05,683,0.9150879662209711,21.7333,20.9098,20.5895,21.7333
2024-04-22,442685,10238525,22.85,23.45,22.7,23.1,0.25,292,0.9150879662209711,20.9098,21.1385,20.7725,21.4588
2024-04-23,318640,7356604,23.3,23.35,22.85,23.2,0.1,239,0.9150879662209711,21.3215,21.23,20.9098,21.3673
2024-04-24,365538,8434767,23.3,23.5,22.85,23.25,0.05,389,0.9150879662209711,21.3215,21.2758,20.9098,21.5046
2024-04-25,318599,7321680,22.85,23.2,22.8,22.8,-0.45,300,0.9150879662209711,20.9098,20.864,20.864,21.23
2024-04-26,234377,5343730,22.95,23.0,22.7,22.75,-0.05,264,0.9150879662209711,21.0013,20.8183,20.7725,21.047
2024-04-29,407909,9408884,22.8,23.35,22.8,23.2,0.45,376,0.9150879662209711,20.864,21.23,20.864,21.3673
2024-04-30,711351,16658017,23.2,23.7,23.0,23.6,0.4,354,0.9150879662209711,21.23,21.5961,21.047,21.6876
2024-05-02,202445,4708651,23.6,23.6,23.05,23.35,-0.25,315,0.9150879662209711,21.5961,21.3673,21.0928,21.5961
2024-05-03,217365,5082887,23.35,23.8,23.15,23.2,-0.15,374,0.9150879662209711,21.3673,21.23,21.1843,21.7791
2024-05-06,205875,4829966,23.2,23.7,23.1,23.55,0.35,217,0.9150879662209711,21.23,21.5503,21.1385,21.6876
2024-05-07,337971,8090482,23.6,24.4,23.6,23.8,0.25,278,0.9150879662209711,21.5961,21.7791,21.5961,22.3281
2024-05-08,700395,17169108,23.85,25.0,23.8,24.5,0.7,430,0.9150879662209711,21.8248,22.4197,21.7791,22.8772
2024-05-09,374109,9121232,24.3,24.7,24.2,24.2,-0.3,296,0.9150879662209711,22.2366,22.1451,22.1451,22.6027
2024-05-10,213143,5137711,24.2,24.5,23.85,23.95,-0.25,237,0.9150879662209711,22.1451,21.9164,21.8248,22.4197
2024-05-13,250905,5911058,23.95,23.95,23.3,23.55,-0.4,236,0.9150879662209711,21.9164,21.5503,21.3215,21.9164
2024-05-14,141701,3360244,24.25,24.25,23.5,23.6,0.05,204,0.9150879662209711,22.1909,21.5961,21.5046,22.1909
2024-05-15,192602,4548154,23.6,23.95,23.45,23.45,-0.15,164,0.9150879662209711,21.5961,21.4588,21.4588,21.9164
2024-05-16,275825,6565700,23.8,24.0,23.45,24.0,0.55,244,0.9150879662209711,21.7791,21.9621,21.4588,21.9621
2024-05-17,356883,8595133,24.0,24.3,23.7,24.15,0.15,274,0.9150879662209711,21.9621,22.0994,21.6876,22.2366
2024-05-20,417637,10184686,24.3,24.55,24.15,24.5,0.35,298,0.9150879662209711,22.2366,22.4197,22.0994,22.4654
2024-05-21,492081,12077486,24.55,24.85,24.2,24.5,0.0,346,0.9150879662209711,22.4654,22.4197,22.1451,22.7399
2024-05-22,714658,17659003,24.5,25.0,24.15,25.0,0.5,516,0.9150879662209711,22.4197,22.8772,22.0994,22.8772
2024-05-23,1651965,42459127,24.95,26.7,24.8,25.5,0.5,1830,0.9150879662209711,22.8314,23.3347,22.6942,24.4328
2024-05-24,650766,16190997,25.15,25.4,24.6,25.05,-0.45,798,0.9150879662209711,23.0145,22.923,22.5112,23.2432
2024-05-27,1157996,30001360,25.1,26.25,25.1,26.1,1.05,1071,0.9150879662209711,22.9687,23.8838,22.9687,24.0211
2024-05-28,1492089,37909724,25.7,25.8,25.05,25.25,0.0,2279,0.9673469387755101,24.8608,24.4255,24.232,24.9576
2024-05-29,1270383,32949502,25.45,26.6,25.35,25.6,0.35,1165,0.9673469387755101,24.619,24.7641,24.5222,25.7314
2024-05-30,615232,15489067,25.4,25.7,24.95,25.2,-0.4,633,0.9673469387755101,24.5706,24.3771,24.1353,24.8608
2024-05-31,444954,11148617,25.35,25.35,24.9,25.0,-0.2,317,0.9673469387755101,24.5222,24.1837,24.0869,24.5222
2024-06-03,350944,8735875,24.95,25.05,24.75,24.95,-0.05,397,0.9673469387755101,24.1353,24.1353,23.9418,24.232
2024-06-04,963163,23345272,25.05,25.3,23.8,23.8,-1.15,1078,0.9673469387755101,24.232,23.0229,23.0229,24.4739
2024-06-05,975434,23140926,23.55,23.95,23.4,23.8,0.0,693,0.9673469387755101,22.781,23.0229,22.6359,23.168
2024-06-06,806674,19309991,23.9,24.55,23.65,23.85,0.05,493,0.9673469387755101,23.1196,23.0712,22.8778,23.7484
2024-06-07,1240818,29972058,23.95,24.6,23.8,24.5,0.65,750,0.9673469387755101,23.168,23.7,23.0229,23.7967
2024-06-11,890065,21777250,24.55,25.05,24.0,24.1,-0.4,598,0.9673469387755101,23.7484,23.3131,23.2163,24.232
2024-06-12,800490,19508840,24.0,24.6,23.9,24.5,0.4,558,0.9673469387755101,23.2163,23.7,23.1196,23.7967
2024-06-13,542673,13259266,24.5,24.7,24.25,24.35,-0.15,433,0.9673469387755101,23.7,23.5549,23.4582,23.8935
2024-06-14,2695668,70774962,24.35,26.75,24.25,26.75,2.4,1452,0.9673469387755101,23.5549,25.8765,23.4582,25.8765
2024-06-17,5340763,152952021,27.6,29.25,27.55,28.95,2.2,3746,0.9673469387755101,26.6988,28.0047,26.6504,28.2949
2024-06-18,2723633,77013832,28.95,28.95,27.9,28.1,-0.85,2398,0.9673469387755101,28.0047,27.1824,26.989,28.0047
2024-06-19,1978057,54044619,28.5,28.5,26.5,26.55,-1.55,2303,0.9673469387755101,27.5694,25.6831,25.6347,27.5694
2024-06-20,1519387,41329252,26.75,27.6,26.75,27.3,0.75,1008,0.9673469387755101,25.8765,26.4086,25.8765,26.6988
2024-06-21,1342856,35919043,27.3,27.3,26.35,27.2,-0.1,1417,0.9673469387755101,26.4086,26.3118,25.4896,26.4086
2024-06-24,11759619,339849218,26.35,29.9,26.05,29.8,2.6,6857,0.9673469387755101,25.4896,28.8269,25.1994,28.9237
2024-06-25,9797316,295146153,29.55,31.5,28.5,30.7,0.9,5899,0.9673469387755101,28.5851,29.6976,27.5694,30.4714
2024-06-26,12542589,401938428,30.8,33.2,30.7,33.0,2.3,7267,0.9673469387755101,29.7943,31.9224,29.6976,32.1159
2024-06-27,5830312,186456218,32.8,32.8,31.4,31.45,-1.55,5932,0.9673469387755101,31.729,30.4231,30.3747,31.729
2024-06-28,6966029,220513402,31.55,33.05,30.85,30.9,-0.55,5762,0.9673469387755101,30.5198,29.891,29.8427,31.9708
2024-07-01,4233197,128238568,30.1,30.9,30.0,30.35,-0.55,3117,0.9673469387755101,29.1171,29.359,29.0204,29.891
2024-07-02,2931847,90129212,31.0,31.25,30.3,30.65,0.3,2029,0.9673469387755101,29.9878,29.6492,29.3106,30.2296
2024-07-03,2307215,71196007,30.3,31.35,30.25,30.85,0.2,1365,0.9673469387755101,29.3106,29.8427,29.2622,30.3263
2024-07-04,4236152,129956838,31.0,31.75,30.0,30.5,-0.35,3353,0.9673469387755101,29.9878,29.5041,29.0204,30.7133
2024-07-05,4847997,153895755,30.9,32.7,30.85,32.0,1.5,2960,0.9673469387755101,29.891,30.9551,29.8427,31.6322
2024-07-08,3420940,108295416,32.0,32.75,31.0,31.75,-0.25,2487,0.9673469387755101,30.9551,30.7133,29.9878,31.6806
2024-07-09,8209595,239072888,30.45,30.5,28.6,30.2,-1.55,5980,0.9673469387755101,29.4557,29.2139,27.6661,29.5041
2024-07-10,2551403,76446865,29.8,30.7,29.1,30.0,-0.2,1944,0.9673469387755101,28.8269,29.0204,28.1498,29.6976
2024-07-11,2625562,80242501,29.85,31.3,29.85,30.5,0.5,1549,0.9673469387755101,28.8753,29.5041,28.8753,30.278
2024-07-12,1837854,55104714,30.4,30.75,29.6,30.0,-0.5,1764,0.9673469387755101,29.4073,29.0204,28.6335,29.7459
2024-07-15,1670963,49948166,30.1,30.65,29.45,29.9,-0.1,915,0.9673469387755101,29.1171,28.9237,28.4884,29.6492
2024-07-16,2638684,80204756,31.65,31.65,29.7,30.0,0.1,1708,0.9673469387755101,30.6165,29.0204,28.7302,30.6165
2024-07-17,2821813,86003784,30.35,31.05,29.85,29.9,-0.1,1411,0.9673469387755101,29.359,28.9237,28.8753,30.0361
2024-07-18,2554799,74882661,29.1,30.3,28.8,30.1,0.2,2096,0.9673469387755101,28.1498,29.1171,27.8596,29.3106
2024-07-19,7547886,207495767,29.4,29.4,27.1,27.1,-3.0,8002,0.9673469387755101,28.44,26.2151,26.2151,28.44
2024-07-22,3470528,88918948,27.0,27.0,25.05,25.6,-1.5,2567,0.9673469387755101,26.1184,24.7641,24.232,26.1184
2024-07-23,1198807,30665244,26.0,26.1,25.1,25.3,-0.3,1717,0.9673469387755101,25.151,24.4739,24.2804,25.2478
2024-07-26,924037,22891300,24.3,25.15,24.15,25.0,-0.3,613,0.9673469387755101,23.5065,24.1837,23.3614,24.3288
2024-07-29,1271203,31110756,25.0,25.2,24.0,24.35,-0.65,1015,0.9673469387755101,24.1837,23.5549,23.2163,24.3771
2024-07-30,708949,17434328,24.15,25.0,24.15,24.85,0.5,510,0.9673469387755101,23.3614,24.0386,23.3614,24.1837
2024-07-31,631298,15812941,24.85,25.4,24.7,25.2,0.35,393,0.9673469387755101,24.0386,24.3771,23.8935,24.5706
2024-08-01,800276,20408768,25.3,25.75,25.3,25.65,0.45,527,0.9673469387755101,24.4739,24.8124,24.4739,24.9092
2024-08-02,895695,22454811,25.3,25.45,24.7,24.85,-0.8,729,0.9673469387755101,24.4739,24.0386,23.8935,24.619
2024-08-05,1889857,42736608,23.7,23.8,22.4,22.4,-2.45,1689,0.9673469387755101,22.9261,21.6686,21.6686,23.0229
2024-08-06,1776688,37580103,22.4,22.9,20.3,21.3,-1.1,1551,0.9673469387755101,21.6686,20.6045,19.6371,22.1522
2024-08-07,818959,18237826,21.2,22.75,20.95,22.35,1.05,703,0.9673469387755101,20.5078,21.6202,20.2659,22.0071
2024-08-08,561849,12219146,21.4,22.05,21.4,21.7,-0.65,600,0.9673469387755101,20.7012,20.9914,20.7012,21.33
2024-08-09,1054617,23170750,22.15,22.4,21.7,21.85,0.15,676,0.9673469387755101,21.4267,21.1365,20.9914,21.6686
2024-08-12,625148,13951258,22.1,22.65,22.0,22.15,0.3,430,0.9673469387755101,21.3784,21.4267,21.2816,21.9104
2024-08-13,703844,15403815,22.2,22.25,21.65,21.85,-0.3,668,0.9673469387755101,21.4751,21.1365,20.9431,21.5235
2024-08-14,801109,17713220,22.2,22.4,21.9,22.05,0.2,482,0.9673469387755101,21.4751,21.33,21.1849,21.6686
2024-08-15,801064,17606737,22.05,22.2,21.7,21.95,-0.1,534,0.9673469387755101,21.33,21.2333,20.9914,21.4751
2024-08-16,965343,21685665,22.2,22.85,22.2,22.45,0.5,586,0.9673469387755101,21.4751,21.7169,21.4751,22.1039
2024-08-19,443915,9942801,22.5,22.6,22.1,22.5,0.05,299,0.9673469387755101,21.7653,21.7653,21.3784,21.862
2024-08-20,569679,12828882,22.5,22.65,22.4,22.45,-0.05,352,0.9673469387755101,21.7653,21.7169,21.6686,21.9104
2024-08-21,837001,18950471,22.5,23.4,22.05,22.8,0.35,661,0.9673469387755101,21.7653,22.0555,21.33,22.6359
2024-08-22,3288015,77114105,23.7,24.5,22.3,23.15,0.35,2211,0.9673469387755101,22.9261,22.3941,21.5718,23.7
2024-08-23,8810965,219343145,23.45,25.45,22.7,25.45,2.3,3462,0.9673469387755101,22.6843,24.619,21.9588,24.619
2024-08-26,2870195,80221882,27.95,27.95,27.95,27.95,2.5,1088,0.9673469387755101,27.0373,27.0373,27.0373,27.0373
2024-08-27,24597126,697224213,28.2,29.8,27.4,28.0,0.05,13877,0.9673469387755101,27.2792,27.0857,26.5053,28.8269
2024-08-28,21306749,640446982,28.15,30.8,28.1,30.8,2.8,11077,0.9673469387755101,27.2308,29.7943,27.1824,29.7943
2024-08-29,22866299,699417954,30.75,31.8,29.7,30.05,-0.75,12215,0.9673469387755101,29.7459,29.0688,28.7302,30.7616
2024-08-30,11763436,384038533,30.6,33.05,30.5,33.05,3.0,4794,0.9673469387755101,29.6008,31.9708,29.5041,31.9708
2024-09-02,30199823,985495045,34.0,34.3,31.15,31.15,-1.9,14182,0.9673469387755101,32.8898,30.1329,30.1329,33.18
2024-09-03,24828884,775418610,31.3,32.85,30.2,30.3,-0.85,13672,0.9673469387755101,30.278,29.3106,29.2139,31.7773
2024-09-04,10357985,297955586,29.05,29.85,27.9,28.1,-2.2,6651,0.9673469387755101,28.1014,27.1824,26.989,28.8753
2024-09-05,10069899,293140158,29.15,30.1,28.25,28.8,0.7,6153,0.9673469387755101,28.1982,27.8596,27.3276,29.1171
2024-09-06,5236067,151507416,28.9,29.9,28.3,28.3,-0.5,3671,0.9673469387755101,27.9563,27.3759,27.3759,28.9237
2024-09-09,2889969,80936542,27.75,28.5,27.55,27.95,-0.35,2006,0.9673469387755101,26.8439,27.0373,26.6504,27.5694
2024-09-10,7634582,217007121,28.95,29.4,27.35,28.0,0.05,5453,0.9673469387755101,28.0047,27.0857,26.4569,28.44
2024-09-11,2792263,77512199,27.9,28.45,27.3,27.3,-0.7,1920,0.9673469387755101,26.989,26.4086,26.4086,27.521
2024-09-12,6432582,186452642,27.95,29.95,27.7,29.3,2.0,3976,0.9673469387755101,27.0373,28.3433,26.7955,28.972
2024-09-13,17037609,519781166,29.7,31.65,28.85,30.85,1.55,9912,0.9673469387755101,28.7302,29.8427,27.908,30.6165
2024-09-16,10294392,318959722,31.45,31.8,30.55,30.8,-0.05,6308,0.9673469387755101,30.4231,29.7943,29.5524,30.7616
2024-09-18,6418811,196399713,31.0,31.35,29.8,30.05,-0.75,4207,0.9673469387755101,29.9878,29.0688,28.8269,30.3263
2024-09-19,5673217,174330200,30.4,31.55,29.85,30.75,0.7,3350,0.9673469387755101,29.4073,29.7459,28.8753,30.5198
2024-09-20,20734723,658982292,31.05,32.45,30.75,31.2,0.45,12086,0.9673469387755101,30.0361,30.1812,29.7459,31.3904
2024-09-23,30805185,1028897752,31.5,34.3,30.85,34.3,3.1,13697,0.9673469387755101,30.4714,33.18,29.8427,33.18
2024-09-24,76570072,2758417108,35.0,37.7,33.6,33.75,-0.55,39284,0.9673469387755101,33.8571,32.648,32.5029,36.469
2024-09-25,29112487,1009703580,34.3,35.95,33.8,34.6,0.85,19287,0.9673469387755101,33.18,33.4702,32.6963,34.7761
2024-09-26,42026531,1523016297,34.55,37.75,34.4,35.95,1.35,23316,0.9673469387755101,33.4218,34.7761,33.2767,36.5173
2024-09-27,39949842,1462922013,37.2,37.6,35.5,36.4,0.45,21863,0.9673469387755101,35.9853,35.2114,34.3408,36.3722
2024-09-30,11758100,414958971,35.9,36.4,34.6,35.0,-1.4,8621,0.9673469387755101,34.7278,33.8571,33.4702,35.2114
2024-10-01,14842124,524684572,34.85,36.75,34.0,36.6,1.6,9117,0.9673469387755101,33.712,35.4049,32.8898,35.55
2024-10-04,11164448,397917099,36.15,36.45,35.0,35.0,-1.6,6675,0.9673469387755101,34.9696,33.8571,33.8571,35.2598
2024-10-07,26998023,1015669331,35.4,38.5,35.4,38.5,3.5,12181,0.9673469387755101,34.2441,37.2429,34.2441,37.2429
2024-10-08,62927786,2437736069,39.3,40.2,37.5,38.35,-0.15,32906,0.9673469387755101,38.0167,37.0978,36.2755,38.8873
2024-10-09,19815431,823035999,39.7,42.15,39.7,42.15,3.8,8080,0.9673469387755101,38.4037,40.7737,38.4037,40.7737
2024-10-11,106943088,4655413098,43.75,45.7,40.15,40.5,-1.65,53004,0.9673469387755101,42.3214,39.1776,38.839,44.2078
2024-10-14,52722375,2260825627,41.6,44.55,40.75,44.55,4.05,25468,0.9673469387755101,40.2416,43.0953,39.4194,43.0953
2024-10-15,82925950,3761290356,45.8,46.75,43.8,44.25,-0.3,44025,0.9673469387755101,44.3045,42.8051,42.3698,45.2235
2024-10-16,66641865,3058587711,44.25,47.5,43.35,45.5,1.25,38435,0.9673469387755101,42.8051,44.0143,41.9345,45.949
2024-10-17,33851541,1542545242,46.0,46.95,44.6,46.0,0.5,20663,0.9673469387755101,44.498,44.498,43.1437,45.4169
2024-10-18,29884681,1318531869,46.6,46.7,42.1,43.15,-2.85,17850,0.9673469387755101,45.0784,41.741,40.7253,45.1751
2024-10-21,49914015,2273302603,43.8,47.2,43.75,44.65,1.5,26259,0.9673469387755101,42.3698,43.192,42.3214,45.6588
2024-10-22,18900868,841417208,44.35,45.5,43.5,44.4,-0.25,11689,0.9673469387755101,42.9018,42.9502,42.0796,44.0143
2024-10-23,11473056,506529036,44.4,45.05,43.6,44.5,0.1,6979,0.9673469387755101,42.9502,43.0469,42.1763,43.579
2024-10-24,14500511,624032720,44.45,44.45,42.15,42.25,-2.25,8849,0.9673469387755101,42.9986,40.8704,40.7737,42.9986
2024-10-25,19506074,833404677,42.65,44.85,41.25,41.3,-0.95,11229,0.9673469387755101,41.2573,39.9514,39.9031,43.3855
2024-10-28,16131997,642917301,40.5,41.5,38.8,39.5,-1.8,8917,0.9673469387755101,39.1776,38.2102,37.5331,40.1449
2024-10-29,11819332,465858181,40.0,40.3,38.85,39.3,-0.2,7350,0.9673469387755101,38.6939,38.0167,37.5814,38.9841
2024-10-30,12311074,487274502,39.3,40.65,38.75,38.95,-0.35,8500,0.9673469387755101,38.0167,37.6782,37.4847,39.3227
2024-11-01,8381345,326802377,38.45,39.75,38.1,39.0,0.05,5537,0.9673469387755101,37.1945,37.7265,36.8559,38.452
2024-11-04,6642861,254580181,38.85,39.0,37.85,38.0,-1.0,4459,0.9673469387755101,37.5814,36.7592,36.6141,37.7265
2024-11-05,17535457,692197100,37.65,40.5,37.65,39.25,1.25,9781,0.9673469387755101,36.4206,37.9684,36.4206,39.1776
2024-11-06,22036832,881512208,39.6,41.25,39.1,39.25,0.0,12705,0.9673469387755101,38.3069,37.9684,37.8233,39.9031
2024-11-07,17196362,693212351,39.2,41.1,39.2,39.8,0.55,9136,0.9673469387755101,37.92,38.5004,37.92,39.758
2024-11-08,15935324,623346317,40.4,40.7,37.85,38.55,-1.25,8560,0.9673469387755101,39.0808,37.2912,36.6141,39.371
2024-11-11,13586734,499638236,37.8,38.55,36.0,36.45,-2.1,7776,0.9673469387755101,36.5657,35.2598,34.8245,37.2912
2024-11-12,11865606,434904668,36.3,37.9,36.0,36.05,-0.4,6835,0.9673469387755101,35.1147,34.8729,34.8245,36.6624
2024-11-13,5633470,203652641,36.5,36.7,35.7,35.7,-0.35,3097,0.9673469387755101,35.3082,34.5343,34.5343,35.5016
2024-11-14,16916276,613577993,35.65,37.5,35.05,36.3,0.6,9343,0.9673469387755101,34.4859,35.1147,33.9055,36.2755
2024-11-15,8219531,294230296,36.3,36.6,35.3,35.35,-0.95,5301,0.9673469387755101,35.1147,34.1957,34.1473,35.4049
2024-11-18,7413457,253742771,35.5,35.5,33.45,33.5,-1.85,4267,0.9673469387755101,34.3408,32.4061,32.3578,34.3408
2024-11-19,6408082,219931728,34.0,34.85,33.65,34.3,0.8,3845,0.9673469387755101,32.8898,33.18,32.5512,33.712
2024-11-20,4570348,155832249,34.1,34.8,33.7,34.0,-0.3,2792,0.9673469387755101,32.9865,32.8898,32.5996,33.6637
2024-11-21,3012998,101766479,33.75,34.3,33.4,33.6,-0.4,2147,0.9673469387755101,32.648,32.5029,32.3094,33.18
2024-11-22,10801220,377172340,34.2,35.8,34.1,35.15,1.55,6209,0.9673469387755101,33.0833,34.0022,32.9865,34.631
2024-11-25,4799176,167879270,34.9,35.5,34.7,34.8,-0.35,3094,0.9673469387755101,33.7604,33.6637,33.5669,34.3408
2024-11-26,3557827,120829571,34.5,34.7,33.45,33.5,-1.3,2515,0.9673469387755101,33.3735,32.4061,32.3578,33.5669
2024-11-27,6475442,208962355,33.5,33.65,31.5,31.7,-1.8,3998,0.9673469387755101,32.4061,30.6649,30.4714,32.5512
2024-11-28,4339370,135400745,31.65,31.75,30.7,31.3,-0.4,2637,0.9673469387755101,30.6165,30.278,29.6976,30.7133
2024-11-29,2994710,94995106,31.05,32.0,31.0,31.75,0.45,2414,0.9673469387755101,30.0361,30.7133,29.9878,30.9551
2024-12-02,3449968,111743531,32.05,33.0,31.9,32.25,0.5,2417,0.9673469387755101,31.0035,31.1969,30.8584,31.9224
2024-12-03,3631088,119315824,32.3,33.45,32.3,32.9,0.65,2253,0.9673469387755101,31.2453,31.8257,31.2453,32.3578
2024-12-04,2789668,90763836,32.7,33.05,32.35,32.45,-0.45,1735,0.9673469387755101,31.6322,31.3904,31.2937,31.9708
2024-12-05,2343838,75778486,32.7,32.9,32.0,32.1,-0.35,1520,0.9673469387755101,31.6322,31.0518,30.9551,31.8257
2024-12-06,2049060,65565642,31.8,32.75,31.6,31.7,-0.4,1451,0.9673469387755101,30.7616,30.6649,30.5682,31.6806
2024-12-09,2522809,80792177,31.95,32.4,31.7,32.2,0.5,1683,0.9673469387755101,30.9067,31.1486,30.6649,31.342
2024-12-10,6142306,202107902,32.0,33.8,32.0,32.45,0.25,4165,0.9673469387755101,30.9551,31.3904,30.9551,32.6963
2024-12-11,2117271,68389990,31.9,32.9,31.85,32.3,-0.15,1540,0.9673469387755101,30.8584,31.2453,30.81,31.8257
2024-12-12,5532757,183345884,32.45,33.8,32.45,32.75,0.45,4049,0.9673469387755101,31.3904,31.6806,31.3904,32.6963
2024-12-13,3840720,120138205,32.45,32.45,30.65,31.1,-1.65,3016,0.9673469387755101,31.3904,30.0845,29.6492,31.3904
2024-12-16,2708125,83438818,30.8,31.4,30.5,30.55,-0.55,1580,0.9673469387755101,29.7943,29.5524,29.5041,30.3747
2024-12-17,1567442,48160379,30.6,31.0,30.45,30.9,0.35,1164,0.9673469387755101,29.6008,29.891,29.4557,29.9878
2024-12-18,2664267,83579988,30.8,32.0,30.55,31.8,0.9,1747,0.9673469387755101,29.7943,30.7616,29.5524,30.9551
2024-12-19,1479273,46444022,31.0,31.75,30.95,31.55,-0.25,1010,0.9673469387755101,29.9878,30.5198,29.9394,30.7133
2024-12-20,2414435,76601866,31.55,32.3,31.1,31.4,-0.15,1619,0.9673469387755101,30.5198,30.3747,30.0845,31.2453
2024-12-23,1532599,48916283,31.55,32.2,31.55,32.1,0.7,1130,0.9673469387755101,30.5198,31.0518,30.5198,31.1486
2024-12-24,4974624,161916773,32.3,33.45,31.45,31.45,-0.65,3322,0.9673469387755101,31.2453,30.4231,30.4231,32.3578
2024-12-25,12883199,431144400,31.85,34.35,31.85,33.8,2.35,8427,0.9673469387755101,30.81,32.6963,30.81,33.2284
2024-12-26,19980010,692877231,34.85,35.45,33.9,34.45,0.65,13148,0.9673469387755101,33.712,33.3251,32.7931,34.2924
2024-12-27,5638858,187956800,34.35,34.35,32.85,32.85,-1.6,4019,0.9673469387755101,33.2284,31.7773,31.7773,33.2284
2024-12-30,12161525,420179157,33.45,35.2,33.3,34.25,1.4,7954,0.9673469387755101,32.3578,33.1316,32.2127,34.0506
2024-12-31,4031058,134862104,34.0,34.25,33.1,33.25,-1.0,3415,0.9673469387755101,32.8898,32.1643,32.0192,33.1316
2025-01-02,5270657,173808904,33.55,33.95,32.3,33.0,-0.25,3390,0.9673469387755101,32.4545,31.9224,31.2453,32.8414
2025-01-03,3463970,111893939,33.2,33.35,31.7,31.7,-1.3,2576,0.9673469387755101,32.1159,30.6649,30.6649,32.261
2025-01-06,6716694,221486768,32.0,34.0,31.2,34.0,2.3,4119,0.9673469387755101,30.9551,32.8898,30.1812,32.8898
2025-01-07,12158301,415309163,34.45,35.2,33.25,34.0,0.0,8209,0.9673469387755101,33.3251,32.8898,32.1643,34.0506
2025-01-08,2416585,80582068,33.35,34.0,33.1,33.25,-0.75,1883,0.9673469387755101,32.261,32.1643,32.0192,32.8898
2025-01-09,11776188,400941817,33.05,34.85,33.0,33.2,-0.05,6845,0.9673469387755101,31.9708,32.1159,31.9224,33.712
2025-01-10,3954839,128257147,32.9,32.95,32.05,32.35,-0.85,3368,0.9673469387755101,31.8257,31.2937,31.0035,31.8741
2025-01-13,3572888,110423101,32.1,32.2,30.25,30.35,-2.0,2662,0.9673469387755101,31.0518,29.359,29.2622,31.1486
2025-01-14,4238838,128658016,30.3,31.25,29.6,31.05,0.7,3066,0.9673469387755101,29.3106,30.0361,28.6335,30.2296
2025-01-15,2558755,79698490,30.95,31.55,30.75,31.4,0.35,1998,0.9673469387755101,29.9394,30.3747,29.7459,30.5198
2025-01-16,3221959,102639606,32.15,32.4,31.25,31.45,0.05,2511,0.9673469387755101,31.1002,30.4231,30.2296,31.342
2025-01-17,1682275,52055869,31.35,31.65,30.5,30.6,-0.85,1516,0.9673469387755101,30.3263,29.6008,29.5041,30.6165
2025-01-20,2015522,62440756,30.4,31.55,30.25,31.25,0.65,1472,0.9673469387755101,29.4073,30.2296,29.2622,30.5198
2025-01-21,1192322,36968911,30.9,31.4,30.8,31.0,-0.25,1076,0.9673469387755101,29.891,29.9878,29.7943,30.3747
2025-01-22,1907527,59444328,30.7,31.7,30.6,31.45,0.45,1507,0.9673469387755101,29.6976,30.4231,29.6008,30.6649
2025-02-03,1249314,38167532,30.5,31.0,30.3,30.7,-0.75,1117,0.9673469387755101,29.5041,29.6976,29.3106,29.9878
2025-02-04,1140109,35236059,30.9,31.4,30.5,31.0,0.3,852,0.9673469387755101,29.891,29.9878,29.5041,30.3747
2025-02-05,1296990,40532922,31.3,31.55,31.05,31.3,0.3,1018,0.9673469387755101,30.278,30.278,30.0361,30.5198
2025-02-06,2729068,86820471,31.4,32.3,31.2,31.7,0.4,2044,0.9673469387755101,30.3747,30.6649,30.1812,31.2453
2025-02-07,1237117,39219963,31.5,31.95,31.45,31.7,0.0,1037,0.9673469387755101,30.4714,30.6649,30.4231,30.9067
2025-02-10,1239601,38995293,31.55,31.75,31.3,31.55,-0.15,894,0.9673469387755101,30.5198,30.5198,30.278,30.7133
2025-02-11,1211342,38364765,31.7,32.0,31.4,31.8,0.25,908,0.9673469387755101,30.6649,30.7616,30.3747,30.9551
2025-02-12,2145070,68599990,31.8,32.6,31.5,31.6,-0.2,1914,0.9673469387755101,30.7616,30.5682,30.4714,31.5355
2025-02-13,1513481,48547970,31.95,32.35,31.9,32.0,0.4,1094,0.9673469387755101,30.9067,30.9551,30.8584,31.2937
2025-02-14,1356006,43621051,32.3,32.35,32.0,32.15,0.15,1268,0.9673469387755101,31.2453,31.1002,30.9551,31.2937
2025-02-17,1595676,51241672,32.2,32.65,31.9,31.9,-0.25,1297,0.9673469387755101,31.1486,30.8584,30.8584,31.5839
2025-02-18,1906047,61506608,32.1,32.5,31.95,32.4,0.5,1382,0.9673469387755101,31.0518,31.342,30.9067,31.4388
2025-02-19,26019457,912446573,32.8,35.6,32.5,35.6,3.2,14851,0.9673469387755101,31.729,34.4376,31.4388,34.4376
2025-02-20,51973045,1922856974,36.25,38.05,35.7,36.35,0.75,28652,0.9673469387755101,35.0663,35.1631,34.5343,36.8076
2025-02-21,12003663,429073436,36.0,37.0,35.15,35.25,-1.1,7843,0.9673469387755101,34.8245,34.099,34.0022,35.7918
2025-02-24,4347968,153656638,34.9,35.75,34.65,35.3,0.05,3229,0.9673469387755101,33.7604,34.1473,33.5186,34.5827
2025-02-25,16590132,607215670,35.5,37.45,35.5,35.8,0.5,10712,0.9673469387755101,34.3408,34.631,34.3408,36.2271
2025-02-26,5132039,184537263,36.05,36.5,35.5,36.2,0.4,3355,0.9673469387755101,34.8729,35.018,34.3408,35.3082
2025-02-27,8122225,292859977,36.5,37.3,35.2,35.45,-0.75,5451,0.9673469387755101,35.3082,34.2924,34.0506,36.082
2025-03-03,3378658,118871861,34.9,36.0,34.9,34.9,-0.55,2217,0.9673469387755101,33.7604,33.7604,33.7604,34.8245
2025-03-04,5765450,202659324,34.1,36.6,33.2,35.95,1.05,3821,0.9673469387755101,32.9865,34.7761,32.1159,35.4049
2025-03-05,11024163,406430622,36.1,37.7,35.75,36.7,0.75,6892,0.9673469387755101,34.9212,35.5016,34.5827,36.469
2025-03-06,6599818,242471417,37.5,37.55,36.2,36.4,-0.3,4216,0.9673469387755101,36.2755,35.2114,35.018,36.3239
2025-03-07,5192378,190598562,36.9,37.2,36.35,37.0,0.6,3428,0.9673469387755101,35.6951,35.7918,35.1631,35.9853
2025-03-10,8730838,324293297,36.7,38.0,36.5,37.1,0.1,5670,0.9673469387755101,35.5016,35.8886,35.3082,36.7592
2025-03-11,5976665,220164064,36.55,37.3,36.25,37.1,0.0,3591,0.9673469387755101,35.3565,35.8886,35.0663,36.082
2025-03-12,17725688,678511285,37.6,39.25,37.3,38.55,1.45,10509,0.9673469387755101,36.3722,37.2912,36.082,37.9684
2025-03-13,15368963,582926594,38.9,39.4,36.6,37.2,-1.35,9311,0.9673469387755101,37.6298,35.9853,35.4049,38.1135
2025-03-14,5506405,202227239,37.65,37.75,35.95,37.0,-0.2,3927,0.9673469387755101,36.4206,35.7918,34.7761,36.5173
2025-03-17,5081094,186963733,37.4,37.9,35.9,35.9,-1.1,3712,0.9673469387755101,36.1788,34.7278,34.7278,36.6624
2025-03-18,4599184,165997107,36.2,36.8,35.2,36.1,0.2,3430,0.9673469387755101,35.018,34.9212,34.0506,35.5984
2025-03-19,3411560,124606709,36.3,37.3,36.05,36.75,0.65,2297,0.9673469387755101,35.1147,35.55,34.8729,36.082
2025-03-20,5237631,189531426,36.4,37.15,35.65,35.65,0.0,5982,1.0,36.4,35.65,35.65,37.15
2025-03-21,2509988,88625164,35.65,35.75,35.05,35.1,-0.55,1766,1.0,35.65,35.1,35.05,35.75
2025-03-24,4315065,148481622,35.35,35.45,33.9,34.0,-1.1,4155,1.0,35.35,34.0,33.9,35.45
2025-03-25,2217710,76495633,34.1,35.05,34.1,34.55,0.55,1719,1.0,34.1,34.55,34.1,35.05
2025-03-26,1931705,67367558,34.55,35.45,34.5,34.65,0.1,1831,1.0,34.55,34.65,34.5,35.45
2025-03-27,1289509,43979975,34.45,34.5,33.65,34.1,-0.55,1185,1.0,34.45,34.1,33.65,34.5
2025-03-28,2590631,86310473,33.65,34.25,32.8,32.85,-1.25,1886,1.0,33.65,32.85,32.8,34.25
2025-03-31,3797371,117350215,31.35,31.75,30.25,30.45,-2.4,2025,1.0,31.35,30.45,30.25,31.75
2025-04-01,1634413,50416634,30.85,31.25,30.35,30.95,0.5,1136,1.0,30.85,30.95,30.35,31.25
2025-04-02,1460437,45667641,31.0,31.6,30.6,31.55,0.6,990,1.0,31.0,31.55,30.6,31.6
2025-04-07,1360701,38643826,28.4,28.4,28.4,28.4,-3.15,606,1.0,28.4,28.4,28.4,28.4
2025-04-08,6699888,173729024,25.65,26.6,25.6,26.35,-2.05,2957,1.0,25.65,26.35,25.6,26.6
2025-04-09,7435482,189949953,26.35,27.15,24.0,24.65,-1.7,3779,1.0,26.35,24.65,24.0,27.15
2025-04-10,1047037,28344084,27.1,27.1,26.3,27.1,2.45,523,1.0,27.1,27.1,26.3,27.1
2025-04-11,5518023,153439268,28.0,29.3,26.6,29.05,1.95,3125,1.0,28.0,29.05,26.6,29.3
2025-04-14,2789049,84379224,30.0,30.9,29.7,29.7,0.65,2006,1.0,30.0,29.7,29.7,30.9
2025-04-15,2814804,85618642,30.05,31.15,29.85,30.2,0.5,2119,1.0,30.05,30.2,29.85,31.15
2025-04-16,1995394,60630626,30.05,30.85,30.0,30.15,-0.05,1712,1.0,30.05,30.15,30.0,30.85
2025-04-17,1270523,38062210,30.1,30.4,29.75,29.8,-0.35,886,1.0,30.1,29.8,29.75,30.4
2025-04-18,1597227,47540466,30.1,30.2,29.15,30.0,0.2,1276,1.0,30.1,30.0,29.15,30.2
2025-04-21,1669673,49809190,30.2,30.4,29.15,29.15,-0.85,1057,1.0,30.2,29.15,29.15,30.4
2025-04-22,7486810,234778140,29.0,32.05,28.9,31.8,2.65,6514,1.0,29.0,31.8,28.9,32.05
2025-04-23,15670633,506760113,32.05,33.4,31.45,31.45,-0.35,8570,1.0,32.05,31.45,31.45,33.4
2025-04-24,5017593,156256068,31.9,32.15,30.05,30.45,-1.0,3319,1.0,31.9,30.45,30.05,32.15
2025-04-25,3931923,122681696,31.05,31.75,30.4,31.25,0.8,2406,1.0,31.05,31.25,30.4,31.75
2025-04-28,1938830,59957089,31.15,31.25,30.6,30.75,-0.5,1177,1.0,31.15,30.75,30.6,31.25
2025-04-29,2415015,75599908,30.8,31.75,30.7,31.35,0.6,1399,1.0,30.8,31.35,30.7,31.75
2025-04-30,1386648,42878551,31.35,31.35,30.65,30.8,-0.55,1130,1.0,31.35,30.8,30.65,31.35
2025-05-02,1227784,38225329,31.2,31.4,30.9,31.1,0.3,904,1.0,31.2,31.1,30.9,31.4
2025-05-05,6311526,201343421,32.0,32.7,31.4,31.45,0.35,3113,1.0,32.0,31.45,31.4,32.7
2025-05-06,1653472,52013784,31.55,32.0,31.1,31.25,-0.2,1293,1.0,31.55,31.25,31.1,32.0
2025-05-07,2515383,79392172,31.55,32.05,31.05,31.25,0.0,1490,1.0,31.55,31.25,31.05,32.05
2025-05-08,2720740,85577704,31.65,31.95,31.0,31.45,0.2,1483,1.0,31.65,31.45,31.0,31.95
2025-05-09,3322521,105050674,31.85,32.1,31.25,31.45,0.0,1603,1.0,31.85,31.45,31.25,32.1
2025-05-12,14301922,483621929,31.75,34.55,31.15,34.55,3.1,9156,1.0,31.75,34.55,31.15,34.55
2025-05-13,39575601,1444315265,35.55,37.8,35.05,36.7,2.15,21690,1.0,35.55,36.7,35.05,37.8
2025-05-14,32887480,1275346783,36.8,40.0,36.65,39.5,2.8,18923,1.0,36.8,39.5,36.65,40.0
2025-05-15,19229485,757959410,39.9,40.15,38.2,39.95,0.45,10875,1.0,39.9,39.95,38.2,40.15
2025-05-16,15508425,607519877,40.2,40.3,38.0,38.05,-1.9,8058,1.0,40.2,38.05,38.0,40.3
2025-05-19,19852279,745897969,38.95,39.0,35.9,37.95,-0.1,9430,1.0,38.95,37.95,35.9,39.0
2025-05-20,14202760,517531705,38.15,38.15,35.85,35.85,-2.1,9521,1.0,38.15,35.85,35.85,38.15
2025-05-21,14445860,528970964,36.45,37.7,36.1,36.2,0.35,8610,1.0,36.45,36.2,36.1,37.7
2025-05-22,8014765,288113072,36.45,36.85,35.1,35.2,-1.0,4762,1.0,36.45,35.2,35.1,36.85
2025-05-23,6335526,222131851,33.75,36.3,33.75,35.65,0.45,3510,1.0,33.75,35.65,33.75,36.3
2025-05-26,6073876,208938164,35.9,35.9,33.55,34.05,-1.6,3825,1.0,35.9,34.05,33.55,35.9
2025-05-27,3811509,130938719,33.9,35.0,33.8,34.05,0.0,2403,1.0,33.9,34.05,33.8,35.0
2025-05-28,4615095,159209854,34.5,35.6,33.3,33.9,-0.15,2577,1.0,34.5,33.9,33.3,35.6
2025-05-29,5666567,186594567,34.0,34.3,32.4,32.5,-1.4,2829,1.0,34.0,32.5,32.4,34.3
2025-06-02,3961101,124651975,32.1,32.15,30.9,31.7,-0.8,2013,1.0,32.1,31.7,30.9,32.15
2025-06-03,2283658,74075940,32.15,33.0,31.8,32.5,0.8,1431,1.0,32.15,32.5,31.8,33.0
2025-06-04,1785296,58252060,33.15,33.15,32.15,32.2,-0.3,1199,1.0,33.15,32.2,32.15,33.15
2025-06-05,1932738,63421765,32.2,33.5,32.2,32.6,0.4,1209,1.0,32.2,32.6,32.2,33.5
2025-06-06,5062526,173094658,32.6,35.0,32.55,34.75,2.15,3066,1.0,32.6,34.75,32.55,35.0
2025-06-09,2992929,101689429,34.9,35.0,33.15,33.7,-1.05,1849,1.0,34.9,33.7,33.15,35.0
2025-06-10,1924729,65324485,33.15,34.25,33.15,33.95,0.25,1093,1.0,33.15,33.95,33.15,34.25
2025-06-11,2116952,71911443,34.3,34.75,33.35,34.15,0.2,1477,1.0,34.3,34.15,33.35,34.75
2025-06-12,2820016,94009906,34.15,34.15,32.9,33.1,-1.05,1846,1.0,34.15,33.1,32.9,34.15
2025-06-13,1281050,41865463,33.1,33.1,32.4,32.4,-0.7,963,1.0,33.1,32.4,32.4,33.1
2025-06-16,968332,31193634,32.3,32.45,31.85,32.15,-0.25,743,1.0,32.3,32.15,31.85,32.45
2025-06-17,1229627,39533684,32.5,32.6,31.85,32.1,-0.05,760,1.0,32.5,32.1,31.85,32.6
2025-06-18,1490628,47938712,32.1,32.7,31.9,32.2,0.1,865,1.0,32.1,32.2,31.9,32.7
2025-06-19,4083462,126577247,32.2,32.2,30.0,31.0,-1.2,2278,1.0,32.2,31.0,30.0,32.2
2025-06-20,2846887,89535750,31.0,32.5,30.25,32.0,1.0,1656,1.0,31.0,32.0,30.25,32.5
2025-06-23,2491908,76432863,31.1,31.3,30.1,31.1,-0.9,1581,1.0,31.1,31.1,30.1,31.3
2025-06-24,7463859,252291773,31.6,34.2,31.6,34.2,3.1,5558,1.0,31.6,34.2,31.6,34.2
2025-06-25,4674484,156827978,33.7,34.15,33.0,33.0,-1.2,2785,1.0,33.7,33.0,33.0,34.15
2025-06-26,2234608,73948185,33.4,33.7,32.8,32.9,-0.1,1349,1.0,33.4,32.9,32.8,33.7
2025-06-27,1322903,43754038,33.15,33.4,32.9,33.05,0.15,839,1.0,33.15,33.05,32.9,33.4
2025-06-30,2143740,68480961,33.0,33.0,31.6,31.6,-1.45,1488,1.0,33.0,31.6,31.6,33.0
2025-07-01,1307484,41607096,31.7,32.35,31.45,31.45,-0.15,934,1.0,31.7,31.45,31.45,32.35
2025-07-02,584992,18411546,31.45,31.7,31.25,31.4,-0.05,532,1.0,31.45,31.4,31.25,31.7
2025-07-03,988162,31442486,31.85,32.05,31.55,31.55,0.15,605,1.0,31.85,31.55,31.55,32.05
2025-07-04,1520334,47125087,31.65,31.8,30.75,30.75,-0.8,1052,1.0,31.65,30.75,30.75,31.8
2025-07-07,794929,24300403,30.85,30.95,30.1,30.45,-0.3,548,1.0,30.85,30.45,30.1,30.95
2025-07-08,796881,24172168,30.2,30.6,30.1,30.4,-0.05,492,1.0,30.2,30.4,30.1,30.6
2025-07-09,788765,23979735,30.4,30.75,30.3,30.3,-0.1,588,1.0,30.4,30.3,30.3,30.75
2025-07-10,841255,25599155,30.3,30.95,30.2,30.3,0.0,656,1.0,30.3,30.3,30.2,30.95
2025-07-11,490929,14900847,30.1,30.5,30.1,30.3,0.0,390,1.0,30.1,30.3,30.1,30.5
2025-07-14,543068,16402455,30.35,30.65,30.05,30.1,-0.2,429,1.0,30.35,30.1,30.05,30.65
2025-07-15,515065,15552486,30.0,30.35,30.0,30.1,0.0,392,1.0,30.0,30.1,30.0,30.35
2025-07-16,820441,24916649,30.2,30.55,30.15,30.2,0.1,528,1.0,30.2,30.2,30.15,30.55
2025-07-17,731150,22232288,30.35,30.65,30.3,30.3,0.1,530,1.0,30.35,30.3,30.3,30.65
2025-07-18,863636,26136532,30.45,30.55,30.05,30.05,-0.25,724,1.0,30.45,30.05,30.05,30.55
2025-07-21,1411339,42214186,30.1,30.5,29.2,30.0,-0.05,1007,1.0,30.1,30.0,29.2,30.5
2025-07-22,2949735,90434791,30.05,31.7,29.55,30.7,0.7,2037,1.0,30.05,30.7,29.55,31.7
2025-07-23,1410818,43535082,30.9,31.6,30.55,30.75,0.05,1238,1.0,30.9,30.75,30.55,31.6
2025-07-24,965639,30122811,31.55,31.6,30.9,31.15,0.4,771,1.0,31.55,31.15,30.9,31.6
2025-07-25,898950,27625705,31.15,31.15,30.55,30.55,-0.6,797,1.0,31.15,30.55,30.55,31.15
2025-07-28,631516,19557728,30.7,31.2,30.7,30.9,0.35,431,1.0,30.7,30.9,30.7,31.2
2025-07-29,869296,26374041,30.95,30.95,30.15,30.15,-0.75,690,1.0,30.95,30.15,30.15,30.95
2025-07-30,519005,15720544,30.2,30.5,30.05,30.25,0.1,448,1.0,30.2,30.25,30.05,30.5
2025-07-31,661338,20095731,30.4,30.75,30.1,30.25,0.0,558,1.0,30.4,30.25,30.1,30.75
2025-08-01,1534465,47412581,30.0,31.4,29.55,31.2,0.95,1210,1.0,30.0,31.2,29.55,31.4
2025-08-04,717472,22228702,30.9,31.2,30.7,31.0,-0.2,739,1.0,30.9,31.0,30.7,31.2
2025-08-05,1214803,38151176,31.5,31.95,31.0,31.5,0.5,1118,1.0,31.5,31.5,31.0,31.95
2025-08-06,770532,23990670,31.6,31.6,30.8,30.8,-0.7,936,1.0,31.6,30.8,30.8,31.6
2025-08-07,509592,15717451,31.05,31.35,30.65,30.65,-0.15,440,1.0,31.05,30.65,30.65,31.35
2025-08-08,1971559,62481146,30.95,32.25,30.95,31.75,1.1,1187,1.0,30.95,31.75,30.95,32.25
2025-08-11,1296245,40421420,31.5,31.55,30.7,31.25,-0.5,1005,1.0,31.5,31.25,30.7,31.55
2025-08-12,802114,25225561,31.5,31.75,31.2,31.4,0.15,600,1.0,31.5,31.4,31.2,31.75
2025-08-13,3003610,97443345,31.45,33.25,31.45,32.6,1.2,2092,1.0,31.45,32.6,31.45,33.25
2025-08-14,2600227,85526735,32.8,33.8,32.5,32.5,-0.1,2948,1.0,32.8,32.5,32.5,33.8
2025-08-15,1756435,57554585,32.9,33.25,32.1,33.05,0.55,1319,1.0,32.9,33.05,32.1,33.25
2025-08-18,5741625,200037984,33.2,35.8,32.9,35.25,2.2,3873,1.0,33.2,35.25,32.9,35.8
2025-08-19,2575615,88233709,35.1,35.1,33.7,34.2,-1.05,2949,1.0,35.1,34.2,33.7,35.1
2025-08-20,1652781,55955072,34.1,34.3,33.35,33.85,-0.35,1399,1.0,34.1,33.85,33.35,34.3
2025-08-21,2902889,101757712,34.5,36.1,34.1,35.2,1.35,2302,1.0,34.5,35.2,34.1,36.1
2025-08-22,14784885,539716357,36.5,37.8,34.5,35.6,0.4,9672,1.0,36.5,35.6,34.5,37.8
2025-08-25,7893781,291041387,36.9,37.75,36.15,36.45,0.85,7698,1.0,36.9,36.45,36.15,37.75
2025-08-26,4193594,152372279,36.8,37.25,35.7,35.9,-0.55,4712,1.0,36.8,35.9,35.7,37.25
2025-08-27,18079506,697574707,36.35,39.45,36.15,39.45,3.55,10054,1.0,36.35,39.45,36.15,39.45
2025-08-28,21710805,850853523,39.85,40.85,37.7,38.5,-0.95,15185,1.0,39.85,38.5,37.7,40.85
2025-08-29,8005633,313107001,39.2,39.85,38.5,39.4,0.9,4811,1.0,39.2,39.4,38.5,39.85
2025-09-01,5726692,223707799,39.4,39.85,38.55,38.85,-0.55,3567,1.0,39.4,38.85,38.55,39.85
2025-09-02,7036258,276892002,39.4,40.35,37.95,39.5,0.65,5522,1.0,39.4,39.5,37.95,40.35
2025-09-03,4319010,169647184,39.2,40.1,38.8,39.45,-0.05,2489,1.0,39.2,39.45,38.8,40.1
2025-09-04,5963205,236463764,39.75,40.45,38.8,38.8,-0.65,6293,1.0,39.75,38.8,38.8,40.45
2025-09-05,2792428,109503398,39.15,39.8,38.65,39.3,0.5,2515,1.0,39.15,39.3,38.65,39.8
2025-09-08,3542350,140067483,39.7,40.35,39.1,39.3,0.0,3844,1.0,39.7,39.3,39.1,40.35
2025-09-09,7843438,296751360,38.8,39.2,37.05,37.55,-1.75,11041,1.0,38.8,37.55,37.05,39.2
2025-09-10,3565113,134718478,37.6,38.3,37.4,37.55,0.0,2601,1.0,37.6,37.55,37.4,38.3
2025-09-11,3280348,124258063,38.1,38.55,37.25,37.65,0.1,2449,1.0,38.1,37.65,37.25,38.55
2025-09-12,5825828,212581408,38.3,38.3,35.65,35.8,-1.85,8988,1.0,38.3,35.8,35.65,38.3
2025-09-15,1772463,63313332,36.0,36.4,35.4,35.4,-0.4,1884,1.0,36.0,35.4,35.4,36.4
2025-09-16,7922901,299313058,35.4,38.9,35.2,38.9,3.5,7520,1.0,35.4,38.9,35.2,38.9
2025-09-17,9802057,383674726,38.6,40.0,38.35,38.9,0.0,6700,1.0,38.6,38.9,38.35,40.0
2025-09-18,18427178,751145461,38.95,42.3,38.95,41.75,2.85,13831,1.0,38.95,41.75,38.95,42.3
2025-09-19,14366247,606269740,41.4,43.1,41.3,41.9,0.15,14070,1.0,41.4,41.9,41.3,43.1
2025-09-22,18226916,804110942,43.05,45.0,43.0,44.5,2.6,18370,1.0,43.05,44.5,43.0,45.0
2025-09-23,22293644,994628022,46.0,46.8,43.0,44.3,-0.2,19252,1.0,46.0,44.3,43.0,46.8
2025-09-24,8768868,377446202,44.3,44.3,42.0,42.7,-1.6,12415,1.0,44.3,42.7,42.0,44.3
2025-09-25,4988699,212197481,42.9,43.3,41.8,42.45,-0.25,6880,1.0,42.9,42.45,41.8,43.3
2025-09-26,4412400,182240973,42.25,42.25,40.65,41.0,-1.45,4276,1.0,42.25,41.0,40.65,42.25
2025-09-30,4245169,178004134,41.55,42.65,41.4,41.55,0.55,2777,1.0,41.55,41.55,41.4,42.65
2025-10-01,12988221,567699825,42.0,44.9,41.85,43.4,1.85,12857,1.0,42.0,43.4,41.85,44.9
2025-10-02,10190884,443529129,43.6,44.7,43.0,43.3,-0.1,9448,1.0,43.6,43.3,43.0,44.7
2025-10-03,6698446,292806346,43.3,44.35,42.65,43.8,0.5,4188,1.0,43.3,43.8,42.65,44.35
2025-10-07,7432726,327669023,44.4,44.75,43.4,44.7,0.9,6778,1.0,44.4,44.7,43.4,44.75
2025-10-08,15984638,728605119,44.95,46.3,44.7,46.2,1.5,11088,1.0,44.95,46.2,44.7,46.3
2025-10-09,11815121,540605449,46.5,46.55,45.1,45.15,-1.05,12799,1.0,46.5,45.15,45.1,46.55
2025-10-13,8691886,367447865,41.35,43.3,41.3,42.55,-2.6,8483,1.0,41.35,42.55,41.3,43.3
2025-10-14,11739152,501685976,44.0,44.6,40.8,40.8,-1.75,7690,1.0,44.0,40.8,40.8,44.6
2025-10-15,6744094,276712357,41.0,42.05,40.2,40.4,-0.4,4217,1.0,41.0,40.4,40.2,42.05
2025-10-16,7889360,314968883,40.4,40.9,39.15,39.7,-0.7,4854,1.0,40.4,39.7,39.15,40.9
2025-10-17,10405525,397686373,39.7,39.9,37.3,37.7,-2.0,5473,1.0,39.7,37.7,37.3,39.9
2025-10-20,3899332,149314540,38.05,38.95,37.7,38.7,1.0,2904,1.0,38.05,38.7,37.7,38.95
2025-10-21,2634388,101604488,39.0,39.0,38.25,38.35,-0.35,2329,1.0,39.0,38.35,38.25,39.0
2025-10-22,3863049,150765265,38.5,39.5,38.35,38.45,0.1,2513,1.0,38.5,38.45,38.35,39.5
2025-10-23,3050993,115186019,38.2,38.2,37.5,37.65,-0.8,2682,1.0,38.2,37.65,37.5,38.2
2025-10-27,1905000,72600923,38.0,38.4,37.65,38.15,0.5,1268,1.0,38.0,38.15,37.65,38.4
2025-10-28,2373095,89253964,38.4,38.4,37.35,37.45,-0.7,1753,1.0,38.4,37.45,37.35,38.4
2025-10-29,2601173,98938993,37.7,38.5,37.6,37.9,0.45,1956,1.0,37.7,37.9,37.6,38.5
2025-10-30,2860304,106485272,38.1,38.45,36.65,36.85,-1.05,3162,1.0,38.1,36.85,36.65,38.45
2025-10-31,1523832,56111277,36.85,37.15,36.55,36.6,-0.25,1574,1.0,36.85,36.6,36.55,37.15
2025-11-03,2354968,88650461,36.8,38.15,36.7,37.5,0.9,2046,1.0,36.8,37.5,36.7,38.15
2025-11-04,1736845,64181247,37.65,37.9,36.35,36.45,-1.05,2324,1.0,37.65,36.45,36.35,37.9
2025-11-05,2204763,80303732,35.6,37.55,35.1,36.95,0.5,1653,1.0,35.6,36.95,35.1,37.55
2025-11-06,5078797,195912371,37.5,39.8,37.1,39.35,2.4,3385,1.0,37.5,39.35,37.1,39.8
2025-11-07,3826121,148875751,38.9,39.6,38.25,38.6,-0.75,2470,1.0,38.9,38.6,38.25,39.6
2025-11-10,5680990,217631130,39.3,39.3,37.05,38.55,-0.05,4687,1.0,39.3,38.55,37.05,39.3
2025-11-11,2940021,111130189,38.85,38.85,36.5,37.0,-1.55,2656,1.0,38.85,37.0,36.5,38.85
2025-11-12,2218713,84174239,37.5,38.6,37.5,37.7,0.7,1569,1.0,37.5,37.7,37.5,38.6
2025-11-13,1717738,64131207,38.25,38.25,36.9,37.1,-0.6,2098,1.0,38.25,37.1,36.9,38.25
2025-11-14,1669175,60814772,36.7,37.1,36.0,36.45,-0.65,1497,1.0,36.7,36.45,36.0,37.1
2025-11-17,2726249,96387616,36.7,36.95,34.6,34.7,-1.75,2163,1.0,36.7,34.7,34.6,36.95
2025-11-18,2260366,77792094,34.5,35.25,33.95,34.1,-0.6,1700,1.0,34.5,34.1,33.95,35.25
2025-11-19,1450779,48952923,34.1,34.45,33.3,33.75,-0.35,1296,1.0,34.1,33.75,33.3,34.45
2025-11-20,1029736,35674323,34.8,34.9,34.2,34.8,1.05,963,1.0,34.8,34.8,34.2,34.9
2025-11-21,1345621,46179132,34.05,34.85,33.8,34.3,-0.5,1288,1.0,34.05,34.3,33.8,34.85
2025-11-24,1145300,38774066,34.6,34.7,33.5,33.65,-0.65,867,1.0,34.6,33.65,33.5,34.7
2025-11-25,857193,29401532,33.9,34.55,33.9,34.3,0.65,600,1.0,33.9,34.3,33.9,34.55
2025-11-26,1012048,35345556,34.65,35.2,34.6,35.0,0.7,756,1.0,34.65,35.0,34.6,35.2
2025-11-27,1052554,36488624,35.3,35.3,33.8,34.7,-0.3,892,1.0,35.3,34.7,33.8,35.3
2025-11-28,652267,22638246,34.8,34.95,34.5,34.7,0.0,516,1.0,34.8,34.7,34.5,34.95
2025-12-01,797737,27224823,34.8,34.8,33.95,34.0,-0.7,729,1.0,34.8,34.0,33.95,34.8
2025-12-02,908595,30779178,34.25,34.35,33.7,33.75,-0.25,645,1.0,34.25,33.75,33.7,34.35
2025-12-03,680189,23145831,34.1,34.35,33.85,34.0,0.25,447,1.0,34.1,34.0,33.85,34.35
2025-12-04,1072806,37113075,34.5,34.8,34.2,34.6,0.6,773,1.0,34.5,34.6,34.2,34.8
2025-12-05,879422,29976176,34.95,34.95,33.75,34.15,-0.45,1297,1.0,34.95,34.15,33.75,34.95
2025-12-08,1531940,51910714,34.05,34.15,33.65,33.85,-0.3,567,1.0,34.05,33.85,33.65,34.15
2025-12-09,1461398,50031112,33.95,34.85,33.75,34.05,0.2,1080,1.0,33.95,34.05,33.75,34.85
2025-12-10,1354825,45753396,34.5,34.65,33.4,33.4,-0.65,1993,1.0,34.5,33.4,33.4,34.65
2025-12-11,1382654,46616007,33.55,34.2,33.1,33.85,0.45,1144,1.0,33.55,33.85,33.1,34.2
2025-12-12,1066101,36590086,34.1,34.65,33.9,34.4,0.55,729,1.0,34.1,34.4,33.9,34.65
2025-12-15,923856,31187294,34.35,34.35,33.55,33.55,-0.85,1514,1.0,34.35,33.55,33.55,34.35
2025-12-16,949074,31675248,33.55,33.75,33.0,33.6,0.05,765,1.0,33.55,33.6,33.0,33.75
2025-12-17,1432624,49271071,33.95,34.85,33.85,34.15,0.55,1216,1.0,33.95,34.15,33.85,34.85
2025-12-18,812551,27370033,34.5,34.5,33.4,33.4,-0.75,1196,1.0,34.5,33.4,33.4,34.5
2025-12-19,806966,27375067,33.95,34.45,33.55,33.55,0.15,667,1.0,33.95,33.55,33.55,34.45
2025-12-22,683015,23270904,34.05,34.2,33.9,34.05,0.5,524,1.0,34.05,34.05,33.9,34.2
2025-12-23,860348,28983669,34.4,34.4,33.4,33.5,-0.55,1326,1.0,34.4,33.5,33.4,34.4
2025-12-24,692538,23352854,33.85,34.15,33.5,33.7,0.2,628,1.0,33.85,33.7,33.5,34.15
2025-12-26,1906123,62948700,33.75,33.95,32.5,32.55,-1.15,1403,1.0,33.75,32.55,32.5,33.95
2025-12-29,8746188,303480442,32.55,35.45,32.2,35.1,2.55,6076,1.0,32.55,35.1,32.2,35.45
2025-12-30,5588787,193862918,35.3,35.5,33.55,34.55,-0.55,4208,1.0,35.3,34.55,33.55,35.5
2025-12-31,4045097,141825822,35.0,35.8,34.35,35.2,0.65,3294,1.0,35.0,35.2,34.35,35.8
2026-01-02,9749207,373455398,36.45,38.7,36.2,38.7,3.5,5388,1.0,36.45,38.7,36.2,38.7
2026-01-05,16505384,667787566,41.0,41.85,39.5,39.55,0.85,10010,1.0,41.0,39.55,39.5,41.85
2026-01-06,7244574,286862376,39.6,40.6,38.7,38.9,-0.65,5582,1.0,39.6,38.9,38.7,40.6
2026-01-07,4684055,185425539,39.1,40.6,38.95,39.6,0.7,4136,1.0,39.1,39.6,38.95,40.6
2026-01-08,7432292,298290570,39.6,41.15,38.95,40.7,1.1,4815,1.0,39.6,40.7,38.95,41.15
2026-01-09,12558484,516052054,41.45,43.0,39.55,41.4,0.7,9910,1.0,41.45,41.4,39.55,43.0
2026-01-12,19406917,853502637,41.1,45.0,40.85,44.7,3.3,11678,1.0,41.1,44.7,40.85,45.0
2026-01-13,32147207,1485352034,48.3,48.4,44.8,45.6,0.9,25270,1.0,48.3,45.6,44.8,48.4
2026-01-14,15295706,673319700,45.2,45.3,43.2,43.8,-1.8,12646,1.0,45.2,43.8,43.2,45.3
2026-01-15,15167760,683482162,44.2,46.15,44.0,45.1,1.3,9396,1.0,44.2,45.1,44.0,46.15
2026-01-16,51019103,2414931181,47.0,49.6,44.2,44.4,-0.7,28176,1.0,47.0,44.4,44.2,49.6
2026-01-19,29040105,1366013949,45.0,48.55,44.65,47.95,3.55,14909,1.0,45.0,47.95,44.65,48.55
2026-01-20,30831489,1516329682,47.95,52.5,47.0,51.8,3.85,20246,1.0,47.95,51.8,47.0,52.5
2026-01-21,34507992,1858573565,52.0,56.3,51.0,55.3,3.5,26366,1.0,52.0,55.3,51.0,56.3
2026-01-22,35802627,2103367071,58.0,60.5,56.8,59.4,4.1,29613,1.0,58.0,59.4,56.8,60.5
2026-01-23,39876750,2402863960,61.5,63.2,57.6,59.3,-0.1,21362,1.0,61.5,59.3,57.6,63.2
2026-01-26,17607261,1015127623,59.3,59.6,56.5,57.4,-1.9,10980,1.0,59.3,57.4,56.5,59.6
2026-01-27,17612039,979966263,57.4,57.8,54.5,54.8,-2.6,20635,1.0,57.4,54.8,54.5,57.8
2026-01-28,21806404,1275946093,56.4,60.2,56.1,60.2,5.4,12196,1.0,56.4,60.2,56.1,60.2
2026-01-29,33870470,1964374499,61.2,62.4,54.9,54.9,-5.3,26968,1.0,61.2,54.9,54.9,62.4
2026-01-30,14688737,779297913,54.6,55.2,52.0,52.4,-2.5,7330,1.0,54.6,52.4,52.0,55.2
2026-02-02,8806642,458829696,51.6,54.1,50.6,51.9,-0.5,7276,1.0,51.6,51.9,50.6,54.1
2026-02-03,7746620,405319501,52.6,54.0,51.0,51.4,-0.5,6587,1.0,52.6,51.4,51.0,54.0
2026-02-04,5026241,264716248,51.3,53.7,51.2,52.3,0.9,4332,1.0,51.3,52.3,51.2,53.7
2026-02-05,6429226,327161048,51.6,51.9,50.0,50.8,-1.5,4976,1.0,51.6,50.8,50.0,51.9
2026-02-06,7551123,370743671,50.8,50.9,48.2,48.9,-1.9,4513,1.0,50.8,48.9,48.2,50.9
2026-02-09,8987746,478891115,53.0,53.7,52.0,53.7,4.8,4582,1.0,53.0,53.7,52.0,53.7
2026-02-10,11391548,595404476,53.7,54.0,50.1,50.4,-3.3,6598,1.0,53.7,50.4,50.1,54.0
2026-02-11,6639847,326735390,49.8,50.3,48.55,49.2,-1.2,3938,1.0,49.8,49.2,48.55,50.3
2026-02-23,6022837,314441904,50.5,53.4,50.4,52.8,3.6,4433,1.0,50.5,52.8,50.4,53.4
2026-02-24,6582219,344104738,52.4,53.3,51.2,52.6,-0.2,4879,1.0,52.4,52.6,51.2,53.3
2026-02-25,13164922,718691856,53.8,56.5,52.7,53.2,0.6,8182,1.0,53.8,53.2,52.7,56.5
2026-02-26,5014914,265162998,53.2,54.0,52.2,52.6,-0.6,4070,1.0,53.2,52.6,52.2,54.0
2026-03-02,4461268,232360037,50.0,53.8,49.55,52.7,0.1,3145,1.0,50.0,52.7,49.55,53.8
2026-03-03,14461922,793912710,53.8,56.0,53.6,55.6,2.9,8126,1.0,53.8,55.6,53.6,56.0
2026-03-04,10562459,544563553,54.6,54.8,50.1,50.1,-5.5,6357,1.0,54.6,50.1,50.1,54.8
2026-03-05,7397464,382212899,52.7,53.2,50.0,51.3,1.2,4743,1.0,52.7,51.3,50.0,53.2
2026-03-06,3980407,202799617,50.8,51.9,49.8,51.8,0.5,2511,1.0,50.8,51.8,49.8,51.9
2026-03-09,5517929,265126939,47.2,49.6,47.15,48.15,-3.65,3383,1.0,47.2,48.15,47.15,49.6
2026-03-10,4813607,232645984,49.6,49.75,47.0,47.6,-0.55,3263,1.0,49.6,47.6,47.0,49.75
2026-03-11,4652881,226283035,47.95,49.25,47.95,48.05,0.45,2935,1.0,47.95,48.05,47.95,49.25
2026-03-12,6219271,291705846,48.05,48.7,45.85,46.4,-1.65,3897,1.0,48.05,46.4,45.85,48.7
2026-03-13,3813923,176247789,45.65,46.85,45.1,46.5,0.1,2128,1.0,45.65,46.5,45.1,46.85
2026-03-16,7106882,333332703,46.75,47.8,45.4,47.0,0.5,4416,1.0,46.75,47.0,45.4,47.8
2026-03-17,4228107,200075062,47.5,48.15,46.25,46.4,-0.6,2849,1.0,47.5,46.4,46.25,48.15
2026-03-18,4472413,205547975,47.0,47.3,45.5,45.55,-0.85,3089,1.0,47.0,45.55,45.5,47.3
2026-03-19,4045592,180773733,45.05,45.2,44.25,44.5,-1.05,2678,1.0,45.05,44.5,44.25,45.2
2026-03-20,5864244,271030395,45.4,47.2,45.0,45.75,1.25,3516,1.0,45.4,45.75,45.0,47.2
2026-03-23,4233322,192039909,44.8,46.55,43.75,45.05,-0.7,2864,1.0,44.8,45.05,43.75,46.55
2026-03-24,5097366,225162445,46.2,46.7,42.85,42.85,-2.2,3516,1.0,46.2,42.85,42.85,46.7
2026-03-25,2899323,127473441,44.2,44.6,43.5,44.1,1.25,1970,1.0,44.2,44.1,43.5,44.6
2026-03-26,11550821,547857475,44.05,48.5,43.95,46.6,2.5,7521,1.0,44.05,46.6,43.95,48.5
2026-03-27,12747445,594556149,46.75,47.95,45.8,46.0,-0.6,8020,1.0,46.75,46.0,45.8,47.95
2026-03-30,4963101,218269334,44.6,45.5,42.75,45.3,-0.7,3893,1.0,44.6,45.3,42.75,45.5
2026-03-31,9356417,427969509,45.3,47.45,43.5,43.55,-1.75,6530,1.0,45.3,43.55,43.5,47.45
2026-04-01,3489942,158942969,45.8,46.45,44.8,45.15,1.6,2648,1.0,45.8,45.15,44.8,46.45
2026-04-02,3286545,146199165,45.7,46.05,43.5,43.5,-1.65,2524,1.0,45.7,43.5,43.5,46.05
2026-04-07,4703423,198122767,44.0,44.15,41.45,41.45,-2.05,3447,1.0,44.0,41.45,41.45,44.15
2026-04-08,3397297,146019700,42.3,43.5,42.25,43.45,2.0,2191,1.0,42.3,43.45,42.25,43.5
2026-04-09,6158799,254426042,42.65,42.8,40.8,40.8,-2.65,4874,1.0,42.65,40.8,40.8,42.8
2026-04-10,5443582,220884386,40.8,41.6,39.7,41.4,0.6,3334,1.0,40.8,41.4,39.7,41.6
2026-04-13,2365427,98420383,41.25,42.15,40.75,41.65,0.25,1547,1.0,41.25,41.65,40.75,42.15
2026-04-14,5952183,255791560,41.8,44.2,41.1,43.0,1.35,3856,1.0,41.8,43.0,41.1,44.2
2026-04-15,4444611,188908560,43.7,43.7,41.65,42.0,-1.0,3351,1.0,43.7,42.0,41.65,43.7
2026-04-16,2064429,87288133,42.75,42.85,41.85,42.1,0.1,1597,1.0,42.75,42.1,41.85,42.85
2026-04-17,2028998,85884683,41.9,42.95,41.85,42.3,0.2,1343,1.0,41.9,42.3,41.85,42.95
2026-04-20,6506651,301838554,45.55,46.5,45.55,46.5,4.2,2922,1.0,45.55,46.5,45.55,46.5
2026-04-21,13680510,634359794,47.8,47.9,44.7,46.3,-0.2,8149,1.0,47.8,46.3,44.7,47.9
2026-04-22,4688724,213357229,46.7,46.7,45.0,45.0,-1.3,3433,1.0,46.7,45.0,45.0,46.7
2026-04-23,6893763,294291887,45.5,45.6,40.7,42.05,-2.95,4503,1.0,45.5,42.05,40.7,45.6
2026-04-24,4532960,193367990,42.75,43.7,41.85,43.1,1.05,2691,1.0,42.75,43.1,41.85,43.7
2026-04-27,5497642,237739856,43.4,44.75,41.35,44.35,1.25,3768,1.0,43.4,44.35,41.35,44.75
2026-04-28,3139164,137357404,44.5,44.6,43.3,43.4,-0.95,2995,1.0,44.5,43.4,43.3,44.6
2026-04-29,15060457,706949000,43.4,47.7,43.25,47.7,4.3,11026,1.0,43.4,47.7,43.25,47.7
2026-04-30,18968149,915945482,49.0,49.5,46.8,47.3,-0.4,13161,1.0,49.0,47.3,46.8,49.5
2026-05-04,15559051,782262537,47.5,51.7,47.5,50.9,3.6,10432,1.0,47.5,50.9,47.5,51.7
2026-05-05,15226853,759290030,51.3,51.9,48.6,48.6,-2.3,11291,1.0,51.3,48.6,48.6,51.9
2026-05-06,17394430,874143279,49.7,51.8,48.55,49.5,0.9,10644,1.0,49.7,49.5,48.55,51.8
2026-05-07,18345789,948475102,50.7,53.7,50.0,50.9,1.4,11271,1.0,50.7,50.9,50.0,53.7
2026-05-08,9062420,449963296,50.9,51.4,48.25,48.25,-2.65,5662,1.0,50.9,48.25,48.25,51.4
2026-05-11,8196562,409882549,48.5,51.6,48.45,50.5,2.25,5135,1.0,48.5,50.5,48.45,51.6
2026-05-12,15371091,796328999,51.0,53.4,49.9,51.4,0.9,9156,1.0,51.0,51.4,49.9,53.4
