Date,Capacity,Turnover,Open,High,Low,Close,Change,Transaction,AdjFactor,Open_adj,Close_adj,Low_adj,High_adj
2020-05-04,328669,4535495,13.55,14.05,13.25,14.0,0.05,176,0.9594838081324568,13.001,13.4328,12.7132,13.4807
2020-05-05,434773,6229832,14.2,14.5,14.0,14.35,0.35,232,0.9594838081324568,13.6247,13.7686,13.4328,13.9125
2020-05-06,388200,5561599,14.4,14.5,14.15,14.15,-0.2,162,0.9594838081324568,13.8166,13.5767,13.5767,13.9125
2020-05-07,422000,6151650,14.2,14.75,14.2,14.6,0.45,200,0.9594838081324568,13.6247,14.0085,13.6247,14.1524
2020-05-08,489417,7224377,14.8,15.0,14.6,14.65,0.05,226,0.9594838081324568,14.2004,14.0564,14.0085,14.3923
2020-05-11,620850,9305919,15.2,15.3,14.7,14.85,0.2,287,0.9594838081324568,14.5842,14.2483,14.1044,14.6801
2020-05-12,341079,5038011,14.7,14.85,14.7,14.7,-0.15,154,0.9594838081324568,14.1044,14.1044,14.1044,14.2483
2020-05-13,279586,4082303,14.65,14.8,14.5,14.65,-0.05,149,0.9594838081324568,14.0564,14.0564,13.9125,14.2004
2020-05-14,502112,7167440,14.6,14.6,14.0,14.1,-0.55,281,0.9594838081324568,14.0085,13.5287,13.4328,14.0085
2020-05-15,347070,4835020,14.5,14.5,13.6,14.0,-0.1,194,0.9594838081324568,13.9125,13.4328,13.049,13.9125
2020-05-18,314081,4353066,13.9,14.1,13.7,13.8,-0.2,169,0.9594838081324568,13.3368,13.2409,13.1449,13.5287
2020-05-19,243390,3388282,14.3,14.3,13.8,13.85,0.05,150,0.9594838081324568,13.7206,13.2889,13.2409,13.7206
2020-05-20,325865,4562452,13.9,14.1,13.9,14.05,0.2,175,0.9594838081324568,13.3368,13.4807,13.3368,13.5287
2020-05-21,437199,6228085,14.2,14.3,14.15,14.25,0.2,192,0.9594838081324568,13.6247,13.6726,13.5767,13.7206
2020-05-22,239200,3356900,14.4,14.4,13.85,13.9,-0.35,160,0.9594838081324568,13.8166,13.3368,13.2889,13.8166
2020-05-25,221013,3048878,13.95,13.95,13.65,13.8,-0.1,117,0.9594838081324568,13.3848,13.2409,13.097,13.3848
2020-05-26,295001,4093263,13.95,14.0,13.8,13.9,0.1,125,0.9594838081324568,13.3848,13.3368,13.2409,13.4328
2020-05-27,389000,5452050,13.9,14.3,13.9,14.05,0.15,218,0.9594838081324568,13.3368,13.4807,13.3368,13.7206
2020-05-28,461000,6518150,14.25,14.3,13.85,13.85,-0.2,183,0.9594838081324568,13.6726,13.2889,13.2889,13.7206
2020-05-29,200133,2772691,13.9,13.95,13.75,13.8,-0.05,93,0.9594838081324568,13.3368,13.2409,13.1929,13.3848
2020-06-01,207607,2912658,13.95,14.1,13.9,14.1,0.3,116,0.9594838081324568,13.3848,13.5287,13.3368,13.5287
2020-06-02,182199,2555286,14.3,14.3,13.9,14.05,-0.05,98,0.9594838081324568,13.7206,13.4807,13.3368,13.7206
2020-06-03,226001,3185914,14.05,14.2,14.05,14.15,0.1,127,0.9594838081324568,13.4807,13.5767,13.4807,13.6247
2020-06-04,267999,3783385,14.2,14.2,14.0,14.15,0.0,149,0.9594838081324568,13.6247,13.5767,13.4328,13.6247
2020-06-05,421647,6018633,14.2,14.35,14.1,14.35,0.2,223,0.9594838081324568,13.6247,13.7686,13.5287,13.7686
2020-06-08,523504,7563980,14.4,14.55,14.35,14.45,0.1,255,0.9594838081324568,13.8166,13.8645,13.7686,13.9605
2020-06-09,306599,4454825,14.5,14.6,14.4,14.45,0.0,143,0.9594838081324568,13.9125,13.8645,13.8166,14.0085
2020-06-10,197001,2833714,14.5,14.5,14.3,14.35,-0.1,112,0.9594838081324568,13.9125,13.7686,13.7206,13.9125
2020-06-11,828141,11512423,14.45,14.45,13.5,13.7,-0.65,390,0.9594838081324568,13.8645,13.1449,12.953,13.8645
2020-06-12,480341,6384352,13.05,13.65,13.0,13.6,-0.1,217,0.9594838081324568,12.5213,13.049,12.4733,13.097
2020-06-15,316272,4298244,13.6,13.75,13.35,13.5,-0.1,142,0.9594838081324568,13.049,12.953,12.8091,13.1929
2020-06-16,380125,5274424,13.9,13.95,13.75,13.9,0.4,176,0.9594838081324568,13.3368,13.3368,13.1929,13.3848
2020-06-17,448351,6304381,14.0,14.2,13.95,14.0,0.1,206,0.9594838081324568,13.4328,13.4328,13.3848,13.6247
2020-06-18,543958,7712447,14.2,14.35,14.0,14.3,0.3,250,0.9594838081324568,13.6247,13.7206,13.4328,13.7686
2020-06-19,425000,6129950,14.55,14.55,14.3,14.35,0.05,208,0.9594838081324568,13.9605,13.7686,13.7206,13.9605
2020-06-22,259006,3722884,14.35,14.45,14.25,14.25,-0.1,150,0.9594838081324568,13.7686,13.6726,13.6726,13.8645
2020-06-23,184328,2635073,14.35,14.45,14.2,14.25,0.0,101,0.9594838081324568,13.7686,13.6726,13.6247,13.8645
2020-06-24,237915,3389596,14.3,14.4,14.15,14.25,0.0,121,0.9594838081324568,13.7206,13.6726,13.5767,13.8166
2020-06-29,230300,3208750,14.0,14.05,13.8,14.0,-0.25,143,0.9594838081324568,13.4328,13.4328,13.2409,13.4807
2020-06-30,3146905,47025535,14.15,15.4,14.15,15.4,1.4,1419,0.9594838081324568,13.5767,14.7761,13.5767,14.7761
2020-07-01,3363740,52297319,15.6,16.0,15.1,15.15,-0.25,1529,0.9594838081324568,14.9679,14.5362,14.4882,15.3517
2020-07-02,828249,12518058,15.2,15.3,15.0,15.15,0.0,380,0.9594838081324568,14.5842,14.5362,14.3923,14.6801
2020-07-03,727502,11091628,15.5,15.5,15.1,15.2,0.05,354,0.9594838081324568,14.872,14.5842,14.4882,14.872
2020-07-06,2217422,31742133,14.1,14.6,14.1,14.55,-0.65,1016,0.9594838081324568,13.5287,13.9605,13.5287,14.0085
2020-07-07,1779300,25318593,14.8,14.85,14.05,14.05,-0.5,756,0.9594838081324568,14.2004,13.4807,13.4807,14.2483
2020-07-08,1404191,19840109,14.15,14.45,13.9,14.3,0.25,585,0.9594838081324568,13.5767,13.7206,13.3368,13.8645
2020-07-09,719300,10250874,14.4,14.4,14.15,14.25,-0.05,264,0.9594838081324568,13.8166,13.6726,13.5767,13.8166
2020-07-10,1069105,14759937,14.2,14.2,13.65,13.8,-0.45,487,0.9594838081324568,13.6247,13.2409,13.097,13.6247
2020-07-13,779182,11025783,14.2,14.25,13.95,14.25,0.45,348,0.9594838081324568,13.6247,13.6726,13.3848,13.6726
2020-07-14,615503,8826392,14.3,14.5,14.2,14.35,0.1,327,0.9594838081324568,13.7206,13.7686,13.6247,13.9125
2020-07-15,738153,10511072,14.5,14.5,13.95,14.2,-0.15,340,0.9594838081324568,13.9125,13.6247,13.3848,13.9125
2020-07-16,417377,5868095,14.15,14.25,13.95,14.05,-0.15,194,0.9594838081324568,13.5767,13.4807,13.3848,13.6726
2020-07-17,472870,6587292,14.1,14.1,13.75,13.9,-0.15,199,0.9594838081324568,13.5287,13.3368,13.1929,13.5287
2020-07-20,347244,4806751,13.9,13.95,13.75,13.95,0.05,148,0.9594838081324568,13.3368,13.3848,13.1929,13.3848
2020-07-21,271000,3811200,14.0,14.15,13.95,14.0,0.05,147,0.9594838081324568,13.4328,13.4328,13.3848,13.5767
2020-07-22,395135,5594653,14.1,14.3,14.1,14.1,0.1,182,0.9594838081324568,13.5287,13.5287,13.5287,13.7206
2020-07-23,264000,3732250,14.2,14.25,14.05,14.1,0.0,114,0.9594838081324568,13.6247,13.5287,13.4807,13.6726
2020-07-24,648825,8940276,14.15,14.15,13.6,13.7,-0.4,325,0.9594838081324568,13.5767,13.1449,13.049,13.5767
2020-07-27,449649,6057229,13.45,13.7,13.3,13.35,-0.35,247,0.9594838081324568,12.9051,12.8091,12.7611,13.1449
2020-07-28,310264,4143033,13.55,13.55,13.15,13.2,-0.15,165,0.9594838081324568,13.001,12.6652,12.6172,13.001
2020-07-29,169165,2248677,13.05,13.5,13.05,13.3,0.1,108,0.9594838081324568,12.5213,12.7611,12.5213,12.953
2020-07-30,237208,3186265,13.3,13.5,13.3,13.4,0.1,121,0.9594838081324568,12.7611,12.8571,12.7611,12.953
2020-07-31,218666,2953673,13.55,13.6,13.4,13.5,0.1,116,0.9594838081324568,13.001,12.953,12.8571,13.049
2020-08-03,306200,4144599,13.6,13.65,13.45,13.55,0.05,148,0.9594838081324568,13.049,13.001,12.9051,13.097
2020-08-04,230565,3158390,13.75,13.75,13.65,13.7,0.15,116,0.9594838081324568,13.1929,13.1449,13.097,13.1929
2020-08-05,197532,2715838,13.8,13.85,13.7,13.75,0.05,86,0.9594838081324568,13.2409,13.1929,13.1449,13.2889
2020-08-06,325418,4496226,13.9,13.95,13.7,13.75,0.0,149,0.9594838081324568,13.3368,13.1929,13.1449,13.3848
2020-08-07,191539,2627981,13.85,13.85,13.65,13.65,-0.1,104,0.9594838081324568,13.2889,13.097,13.097,13.2889
2020-08-10,212002,2917476,13.7,13.85,13.7,13.75,0.1,113,0.9594838081324568,13.1449,13.1929,13.1449,13.2889
2020-08-11,905503,12737714,14.1,14.2,13.9,13.95,0.2,368,0.9594838081324568,13.5287,13.3848,13.3368,13.6247
2020-08-12,365000,5065800,13.9,14.05,13.75,13.95,0.0,157,0.9594838081324568,13.3368,13.3848,13.1929,13.4807
2020-08-13,376000,5258650,14.1,14.15,13.85,13.85,-0.1,143,0.9594838081324568,13.5287,13.2889,13.2889,13.5767
2020-08-14,433401,6078022,14.1,14.15,13.9,14.0,0.15,189,0.9594838081324568,13.5287,13.4328,13.3368,13.5767
2020-08-17,1148318,16560077,14.0,14.6,14.0,14.5,0.5,464,0.9594838081324568,13.4328,13.9125,13.4328,14.0085
2020-08-18,897292,13118834,14.75,14.75,14.5,14.6,0.1,347,0.9594838081324568,14.1524,14.0085,13.9125,14.1524
2020-08-19,589333,8553258,14.7,14.75,14.35,14.35,-0.25,268,0.9594838081324568,14.1044,13.7686,13.7686,14.1524
2020-08-20,749729,10337129,14.3,14.3,13.05,13.45,-0.9,323,0.9594838081324568,13.7206,12.9051,12.5213,13.7206
2020-08-21,312033,4302155,13.45,13.95,13.45,13.8,0.35,188,0.9594838081324568,12.9051,13.2409,12.9051,13.3848
2020-08-24,269692,3764347,14.1,14.1,13.8,13.95,0.15,118,0.9594838081324568,13.5287,13.3848,13.2409,13.5287
2020-08-25,459064,6526051,14.1,14.4,14.1,14.15,0.2,226,0.9594838081324568,13.5287,13.5767,13.5287,13.8166
2020-08-26,369196,5261222,14.3,14.4,14.15,14.15,0.0,171,0.9594838081324568,13.7206,13.5767,13.5767,13.8166
2020-08-27,213266,3042740,14.3,14.4,14.15,14.25,0.1,111,0.9594838081324568,13.7206,13.6726,13.5767,13.8166
2020-08-28,300200,4302759,14.25,14.45,14.2,14.3,0.05,147,0.9594838081324568,13.6726,13.7206,13.6247,13.8645
2020-08-31,327518,4710329,14.4,14.55,14.3,14.35,0.05,171,0.9594838081324568,13.8166,13.7686,13.7206,13.9605
2020-09-01,237638,3406691,14.35,14.4,14.25,14.3,-0.05,105,0.9594838081324568,13.7686,13.7206,13.6726,13.8166
2020-09-02,517067,7456614,14.35,14.6,14.25,14.45,0.15,203,0.9594838081324568,13.7686,13.8645,13.6726,14.0085
2020-09-03,1164066,17140926,14.6,15.25,14.45,14.8,0.35,531,0.9594838081324568,14.0085,14.2004,13.8645,14.6321
2020-09-04,1418532,21188441,14.55,15.4,14.35,15.35,0.55,568,0.9594838081324568,13.9605,14.7281,13.7686,14.7761
2020-09-07,1952048,29588100,15.65,15.65,14.65,14.8,-0.55,785,0.9594838081324568,15.0159,14.2004,14.0564,15.0159
2020-09-08,479307,7089487,14.85,14.95,14.7,14.75,-0.05,180,0.9594838081324568,14.2483,14.1524,14.1044,14.3443
2020-09-09,353333,5218577,14.55,14.9,14.5,14.9,0.15,174,0.9594838081324568,13.9605,14.2963,13.9125,14.2963
2020-09-10,728002,10839328,14.95,15.2,14.7,14.7,-0.2,319,0.9594838081324568,14.3443,14.1044,14.1044,14.5842
2020-09-11,2803332,38089930,13.7,13.8,13.3,13.55,-1.15,1055,0.9594838081324568,13.1449,13.001,12.7611,13.2409
2020-09-14,602002,8159576,13.65,13.75,13.4,13.5,-0.05,234,0.9594838081324568,13.097,12.953,12.8571,13.1929
2020-09-15,447000,6048400,13.55,13.6,13.35,13.6,0.1,157,0.9594838081324568,13.001,13.049,12.8091,13.049
2020-09-16,311133,4204208,13.6,13.6,13.45,13.55,-0.05,149,0.9594838081324568,13.049,13.001,12.9051,13.049
2020-09-17,332105,4490905,13.5,13.65,13.4,13.5,-0.05,140,0.9594838081324568,12.953,12.953,12.8571,13.097
2020-09-18,376219,5095141,13.55,13.6,13.45,13.55,0.05,175,0.9594838081324568,13.001,13.001,12.9051,13.049
2020-09-21,260000,3512550,13.45,13.55,13.4,13.5,-0.05,117,0.9594838081324568,12.9051,12.953,12.8571,13.001
2020-09-22,379066,5020533,13.4,13.45,13.1,13.2,-0.3,162,0.9594838081324568,12.8571,12.6652,12.5692,12.9051
2020-09-23,244568,3238947,13.25,13.3,13.2,13.2,0.0,121,0.9594838081324568,12.7132,12.6652,12.6652,12.7611
2020-09-24,437001,5688464,13.2,13.25,12.85,12.9,-0.3,192,0.9594838081324568,12.6652,12.3773,12.3294,12.7132
2020-09-25,620666,7910773,12.95,13.05,12.5,12.55,-0.35,228,0.9594838081324568,12.4253,12.0415,11.9935,12.5213
2020-09-28,189251,2419812,12.8,12.85,12.7,12.75,0.2,84,0.9594838081324568,12.2814,12.2334,12.1854,12.3294
2020-09-29,91105,1163904,12.8,12.85,12.7,12.8,0.05,48,0.9594838081324568,12.2814,12.2814,12.1854,12.3294
2020-09-30,132001,1693813,12.8,12.9,12.8,12.9,0.1,60,0.9594838081324568,12.2814,12.3773,12.2814,12.3773
2020-10-05,196002,2541978,12.85,13.1,12.8,13.0,0.1,88,0.9594838081324568,12.3294,12.4733,12.2814,12.5692
2020-10-06,189000,2473650,13.15,13.15,13.0,13.1,0.1,91,0.9594838081324568,12.6172,12.5692,12.4733,12.6172
2020-10-07,75000,983450,13.1,13.15,13.1,13.15,0.05,35,0.9594838081324568,12.5692,12.6172,12.5692,12.6172
2020-10-08,289314,3783847,13.3,13.3,12.95,13.05,-0.1,133,0.9594838081324568,12.7611,12.5213,12.4253,12.7611
2020-10-12,380000,4846100,13.05,13.05,12.6,12.65,-0.4,186,0.9594838081324568,12.5213,12.1375,12.0895,12.5213
2020-10-13,377399,4775606,12.6,12.8,12.6,12.8,0.15,129,0.9594838081324568,12.0895,12.2814,12.0895,12.2814
2020-10-14,206000,2656800,12.75,13.0,12.75,12.95,0.15,92,0.9594838081324568,12.2334,12.4253,12.2334,12.4733
2020-10-15,84000,1090050,12.95,13.05,12.9,12.95,0.0,55,0.9594838081324568,12.4253,12.4253,12.3773,12.5213
2020-10-16,120829,1562909,13.05,13.05,12.8,12.85,-0.1,65,0.9594838081324568,12.5213,12.3294,12.2814,12.5213
2020-10-19,152733,1978554,12.85,13.0,12.85,13.0,0.15,77,0.9594838081324568,12.3294,12.4733,12.3294,12.4733
2020-10-20,1720477,23905818,12.95,14.3,12.9,14.3,1.3,626,0.9594838081324568,12.4253,13.7206,12.3773,13.7206
2020-10-21,7097594,103563711,14.8,14.85,14.15,14.5,0.2,2545,0.9594838081324568,14.2004,13.9125,13.5767,14.2483
2020-10-22,3173403,45891154,14.5,14.95,14.0,14.95,0.45,850,0.9594838081324568,13.9125,14.3443,13.4328,14.3443
2020-10-23,7543760,113655182,14.95,15.4,14.5,14.6,-0.35,2362,0.9594838081324568,14.3443,14.0085,13.9125,14.7761
2020-10-26,1414351,20362508,14.55,14.7,14.2,14.7,0.1,501,0.9594838081324568,13.9605,14.1044,13.6247,14.1044
2020-10-27,3311968,49071780,14.5,15.0,14.3,15.0,0.3,624,0.9594838081324568,13.9125,14.3923,13.7206,14.3923
2020-10-28,6101801,94343048,15.0,16.2,14.8,15.4,0.4,2328,0.9594838081324568,14.3923,14.7761,14.2004,15.5436
2020-10-29,935673,14115036,15.0,15.2,14.9,15.2,-0.2,485,0.9594838081324568,14.3923,14.5842,14.2963,14.5842
2020-10-30,2844538,43379724,15.2,15.55,14.9,15.55,0.35,798,0.9594838081324568,14.5842,14.92,14.2963,14.92
2020-11-02,7071895,114478890,15.7,16.95,15.65,15.7,0.15,3249,0.9594838081324568,15.0639,15.0639,15.0159,16.2633
2020-11-03,1937857,30340265,15.65,16.1,15.5,15.55,-0.15,907,0.9594838081324568,15.0159,14.92,14.872,15.4477
2020-11-04,5225384,82350867,15.6,16.2,15.05,15.8,0.25,1408,0.9594838081324568,14.9679,15.1598,14.4402,15.5436
2020-11-05,2661306,42092810,15.95,16.25,15.3,15.65,-0.15,1176,0.9594838081324568,15.3038,15.0159,14.6801,15.5916
2020-11-06,934007,14392155,15.7,15.75,15.2,15.25,-0.4,420,0.9594838081324568,15.0639,14.6321,14.5842,15.1119
2020-11-09,747068,11369581,15.5,15.5,15.1,15.2,-0.05,374,0.9594838081324568,14.872,14.5842,14.4882,14.872
2020-11-10,9607397,152845531,15.35,16.3,15.0,16.3,1.1,2653,0.9594838081324568,14.7281,15.6396,14.3923,15.6396
2020-11-11,3694063,59702706,16.4,16.8,15.9,16.0,-0.3,1569,0.9594838081324568,15.7355,15.3517,15.2558,16.1193
2020-11-12,1168353,18543138,16.0,16.15,15.65,15.7,-0.3,610,0.9594838081324568,15.3517,15.0639,15.0159,15.4957
2020-11-13,7152374,119673762,15.75,17.25,15.6,17.2,1.5,1871,0.9594838081324568,15.1119,16.5031,14.9679,16.5511
2020-11-16,9383282,162802695,17.3,17.95,16.8,17.6,0.4,3707,0.9594838081324568,16.5991,16.8869,16.1193,17.2227
2020-11-17,2151475,36886812,17.45,17.55,16.9,16.95,-0.65,1174,0.9594838081324568,16.743,16.2633,16.2153,16.8389
2020-11-18,1359137,23180207,16.95,17.3,16.9,16.9,-0.05,723,0.9594838081324568,16.2633,16.2153,16.2153,16.5991
2020-11-19,5795084,100354764,16.9,17.6,16.6,17.55,0.65,1593,0.9594838081324568,16.2153,16.8389,15.9274,16.8869
2020-11-20,4704090,82843683,17.5,17.9,17.3,17.3,-0.25,2118,0.9594838081324568,16.791,16.5991,16.5991,17.1748
2020-11-23,1435406,24875179,17.3,17.6,17.15,17.15,-0.15,814,0.9594838081324568,16.5991,16.4551,16.4551,16.8869
2020-11-24,1235576,21120273,17.25,17.3,16.85,16.95,-0.2,608,0.9594838081324568,16.5511,16.2633,16.1673,16.5991
2020-11-25,1846938,30852972,17.1,17.1,16.45,16.6,-0.35,889,0.9594838081324568,16.4072,15.9274,15.7835,16.4072
2020-11-26,7169281,124673424,16.95,17.75,16.85,17.5,0.9,2294,0.9594838081324568,16.2633,16.791,16.1673,17.0308
2020-11-27,5050841,89702963,17.5,18.1,17.35,17.7,0.2,2164,0.9594838081324568,16.791,16.9829,16.647,17.3667
2020-11-30,1644853,28736601,17.6,17.65,17.35,17.4,-0.3,783,0.9594838081324568,16.8869,16.695,16.647,16.9349
2020-12-01,1533697,26921894,17.6,17.85,17.25,17.55,0.15,672,0.9594838081324568,16.8869,16.8389,16.5511,17.1268
2020-12-02,1138934,19901078,17.55,17.7,17.35,17.45,-0.1,549,0.9594838081324568,16.8389,16.743,16.647,16.9829
2020-12-03,1730726,30293482,17.45,17.75,17.3,17.35,-0.1,672,0.9594838081324568,16.743,16.647,16.5991,17.0308
2020-12-04,3982050,70634734,17.35,18.0,17.35,17.5,0.15,1385,0.9594838081324568,16.647,16.791,16.647,17.2707
2020-12-07,1995848,35198632,17.6,17.9,17.35,17.45,-0.05,822,0.9594838081324568,16.8869,16.743,16.647,17.1748
2020-12-08,5758287,103591257,17.7,18.4,17.55,18.2,0.75,1821,0.9594838081324568,16.9829,17.4626,16.8389,17.6545
2020-12-09,18078936,344655336,18.05,19.95,17.85,19.6,1.4,5534,0.9594838081324568,17.3187,18.8059,17.1268,19.1417
2020-12-10,6293966,122518412,19.6,19.85,19.0,19.65,0.05,2380,0.9594838081324568,18.8059,18.8539,18.2302,19.0458
2020-12-11,22140108,454463693,19.95,21.2,19.9,20.15,0.5,6747,0.9594838081324568,19.1417,19.3336,19.0937,20.3411
2020-12-14,8837384,178095327,20.15,20.75,19.5,19.65,-0.5,3500,0.9594838081324568,19.3336,18.8539,18.7099,19.9093
2020-12-15,3426255,64620619,19.35,19.6,18.5,18.5,-1.15,1631,0.9594838081324568,18.566,17.7505,17.7505,18.8059
2020-12-16,2061648,38665575,18.6,19.15,18.45,18.55,0.05,990,0.9594838081324568,17.8464,17.7984,17.7025,18.3741
2020-12-17,1155471,21582123,18.6,18.85,18.55,18.65,0.1,632,0.9594838081324568,17.8464,17.8944,17.7984,18.0863
2020-12-18,5545733,108373559,18.75,19.95,18.75,19.55,0.9,2358,0.9594838081324568,17.9903,18.7579,17.9903,19.1417
2020-12-21,12275267,253239649,19.85,21.4,19.6,20.95,1.4,5252,0.9594838081324568,19.0458,20.1012,18.8059,20.533
2020-12-22,8641442,177263600,20.8,21.5,19.35,19.55,-1.4,3705,0.9594838081324568,19.9573,18.7579,18.566,20.6289
2020-12-23,3339343,66877952,19.6,20.5,19.45,20.0,0.45,1537,0.9594838081324568,18.8059,19.1897,18.662,19.6694
2020-12-24,10441065,219047725,20.35,21.65,20.15,20.55,0.55,4399,0.9594838081324568,19.5255,19.7174,19.3336,20.7728
2020-12-25,3712287,76507253,20.5,20.95,20.3,20.9,0.35,1611,0.9594838081324568,19.6694,20.0532,19.4775,20.1012
2020-12-28,8485415,184374409,21.9,22.15,21.5,21.7,0.8,3416,0.9594838081324568,21.0127,20.8208,20.6289,21.2526
2020-12-29,4325995,91315698,21.55,21.85,20.8,20.9,-0.8,1907,0.9594838081324568,20.6769,20.0532,19.9573,20.9647
2020-12-30,2854674,59892833,21.0,21.5,20.55,20.65,-0.25,1345,0.9594838081324568,20.1492,19.8133,19.7174,20.6289
2020-12-31,6403660,135831456,20.7,21.6,20.7,20.85,0.2,2503,0.9594838081324568,19.8613,20.0052,19.8613,20.7249
2021-01-04,14262738,312535797,20.8,22.7,20.1,21.6,0.75,5623,0.9594838081324568,19.9573,20.7249,19.2856,21.7803
2021-01-05,3911063,83232868,21.5,21.9,21.0,21.1,-0.5,1840,0.9594838081324568,20.6289,20.2451,20.1492,21.0127
2021-01-06,4497658,93173870,21.1,21.4,20.2,20.35,-0.75,1842,0.9594838081324568,20.2451,19.5255,19.3816,20.533
2021-01-07,2220659,45512329,20.35,20.8,20.35,20.35,0.0,916,0.9594838081324568,19.5255,19.5255,19.5255,19.9573
2021-01-08,4593752,89916105,20.35,20.35,19.05,19.35,-1.0,2112,0.9594838081324568,19.5255,18.566,18.2782,19.5255
2021-01-11,1954625,38753549,19.35,20.1,19.35,19.85,0.5,951,0.9594838081324568,18.566,19.0458,18.566,19.2856
2021-01-12,1665683,32279350,19.85,19.95,19.05,19.05,-0.8,840,0.9594838081324568,19.0458,18.2782,18.2782,19.1417
2021-01-13,3136171,62532364,19.2,20.6,19.2,20.5,1.45,1355,0.9594838081324568,18.4221,19.6694,18.4221,19.7654
2021-01-14,13073617,276911536,20.9,21.55,20.9,21.1,0.6,5136,0.9594838081324568,20.0532,20.2451,20.0532,20.6769
2021-01-15,4447787,92978139,20.9,21.5,20.5,20.8,-0.3,1816,0.9594838081324568,20.0532,19.9573,19.6694,20.6289
2021-01-18,2653596,55347419,21.0,21.25,20.3,21.0,0.2,1142,0.9594838081324568,20.1492,20.1492,19.4775,20.389
2021-01-19,1894712,39583834,21.2,21.4,20.6,20.65,-0.35,858,0.9594838081324568,20.3411,19.8133,19.7654,20.533
2021-01-20,2795534,55207320,20.6,20.65,19.15,19.25,-1.4,1322,0.9594838081324568,19.7654,18.4701,18.3741,19.8133
2021-01-21,1591637,30941273,19.1,19.9,19.1,19.2,-0.05,724,0.9594838081324568,18.3261,18.4221,18.3261,19.0937
2021-01-22,900906,17352456,19.5,19.5,19.1,19.2,0.0,427,0.9594838081324568,18.7099,18.4221,18.3261,18.7099
2021-01-25,1453462,28234791,19.2,19.85,19.0,19.6,0.4,724,0.9594838081324568,18.4221,18.8059,18.2302,19.0458
2021-01-26,1250005,23999200,19.6,19.85,18.85,18.95,-0.65,588,0.9594838081324568,18.8059,18.1822,18.0863,19.0458
2021-01-27,1110659,21210305,19.15,19.3,18.9,19.2,0.25,529,0.9594838081324568,18.3741,18.4221,18.1342,18.518
2021-01-28,748341,14126735,18.8,19.2,18.7,18.75,-0.45,381,0.9594838081324568,18.0383,17.9903,17.9423,18.4221
2021-01-29,1527553,28543895,19.1,19.25,18.1,18.3,-0.45,743,0.9594838081324568,18.3261,17.5586,17.3667,18.4701
2021-02-01,3445192,64236976,18.0,19.3,18.0,18.1,-0.2,1569,0.9594838081324568,17.2707,17.3667,17.2707,18.518
2021-02-02,5223033,100429011,18.35,19.8,18.2,19.8,1.7,1937,0.9594838081324568,17.6065,18.9978,17.4626,18.9978
2021-02-03,3324923,64065534,19.3,19.6,19.05,19.4,-0.4,1329,0.9594838081324568,18.518,18.614,18.2782,18.8059
2021-02-04,4002611,77375117,19.3,19.8,18.85,19.0,-0.4,1746,0.9594838081324568,18.518,18.2302,18.0863,18.9978
2021-02-05,1384910,25956989,18.8,19.0,18.6,18.7,-0.3,687,0.9594838081324568,18.0383,17.9423,17.8464,18.2302
2021-02-17,4012753,78781637,19.0,20.0,18.8,19.9,1.2,1658,0.9594838081324568,18.2302,19.0937,18.0383,19.1897
2021-02-18,12403516,259963152,20.05,21.5,20.05,21.35,1.45,3821,0.9594838081324568,19.2377,20.485,19.2377,20.6289
2021-02-19,8707493,186570589,21.05,22.15,20.8,20.9,-0.45,3807,0.9594838081324568,20.1971,20.0532,19.9573,21.2526
2021-02-22,5521980,117053200,20.9,21.7,20.6,21.5,0.6,2412,0.9594838081324568,20.0532,20.6289,19.7654,20.8208
2021-02-23,10637799,231596687,21.25,22.3,20.8,22.1,0.6,3066,0.9594838081324568,20.389,21.2046,19.9573,21.3965
2021-02-24,20720856,464181941,22.1,22.55,21.9,22.55,0.45,4710,0.9594838081324568,21.2046,21.6364,21.0127,21.6364
2021-02-25,16546282,374317627,22.6,23.0,22.4,22.7,0.15,4073,0.9594838081324568,21.6843,21.7803,21.4924,22.0681
2021-02-26,9700683,218693099,22.45,22.9,22.15,22.45,-0.25,3104,0.9594838081324568,21.5404,21.5404,21.2526,21.9722
2021-03-02,19355603,442415942,22.85,23.35,21.95,22.1,-0.35,5989,0.9594838081324568,21.9242,21.2046,21.0607,22.4039
2021-03-03,4689336,100322204,21.8,22.1,21.0,21.2,-0.9,2369,0.9594838081324568,20.9167,20.3411,20.1492,21.2046
2021-03-04,2168091,45813315,21.2,21.4,20.95,21.25,0.05,1091,0.9594838081324568,20.3411,20.389,20.1012,20.533
2021-03-05,1891715,39653663,21.25,21.25,20.75,20.75,-0.5,936,0.9594838081324568,20.389,19.9093,19.9093,20.389
2021-03-08,1889120,39140727,21.2,21.2,20.45,20.6,-0.15,798,0.9594838081324568,20.3411,19.7654,19.6214,20.3411
2021-03-09,1740319,35251862,20.4,20.6,20.0,20.4,-0.2,785,0.9594838081324568,19.5735,19.5735,19.1897,19.7654
2021-03-10,951780,19564462,20.6,20.8,20.35,20.55,0.15,497,0.9594838081324568,19.7654,19.7174,19.5255,19.9573
2021-03-11,1598500,33410351,20.45,21.1,20.45,20.85,0.3,822,0.9594838081324568,19.6214,20.0052,19.6214,20.2451
2021-03-12,1065722,22198272,21.0,21.15,20.7,20.7,-0.15,522,0.9594838081324568,20.1492,19.8613,19.8613,20.2931
2021-03-15,1558687,32943803,20.8,21.35,20.75,21.2,0.5,795,0.9594838081324568,19.9573,20.3411,19.9093,20.485
2021-03-16,981557,20872370,21.6,21.6,21.1,21.2,0.0,534,0.9594838081324568,20.7249,20.3411,20.2451,20.7249
2021-03-17,1527416,32617591,21.3,21.6,21.0,21.3,0.1,736,0.9594838081324568,20.437,20.437,20.1492,20.7249
2021-03-18,1510023,32214406,21.45,21.6,21.1,21.2,-0.1,801,0.9594838081324568,20.5809,20.3411,20.2451,20.7249
2021-03-19,2189809,47077302,21.15,21.7,21.15,21.4,0.2,994,0.9594838081324568,20.2931,20.533,20.2931,20.8208
2021-03-22,2449545,53030128,21.7,21.95,21.3,21.65,0.25,1118,0.9594838081324568,20.8208,20.7728,20.437,21.0607
2021-03-23,1895069,41042811,21.9,21.9,21.5,21.55,-0.1,826,0.9594838081324568,21.0127,20.6769,20.6289,21.0127
2021-03-24,16671280,389847126,22.15,23.7,22.15,23.7,2.15,6064,0.9594838081324568,21.2526,22.7398,21.2526,22.7398
2021-03-25,30696388,731206921,24.65,25.1,22.7,23.05,-0.65,13511,0.9594838081324568,23.6513,22.1161,21.7803,24.083
2021-03-26,4772987,109324856,23.05,23.3,22.45,22.85,-0.2,2376,0.9594838081324568,22.1161,21.9242,21.5404,22.356
2021-03-29,4873536,109380270,22.65,22.9,22.2,22.7,-0.15,2151,0.9594838081324568,21.7323,21.7803,21.3005,21.9722
2021-03-30,5589264,128779529,23.1,23.2,22.85,23.0,0.3,2428,0.9594838081324568,22.1641,22.0681,21.9242,22.26
2021-03-31,3213038,72419165,23.0,23.2,22.3,22.35,-0.65,1602,0.9594838081324568,22.0681,21.4445,21.3965,22.26
2021-04-01,1947665,43499539,22.55,22.65,22.2,22.25,-0.1,909,0.9594838081324568,21.6364,21.3485,21.3005,21.7323
2021-04-06,1799202,40548868,22.4,22.8,22.35,22.4,0.15,875,0.9594838081324568,21.4924,21.4924,21.4445,21.8762
2021-04-07,2998572,68253391,22.45,22.9,22.45,22.9,0.5,1303,0.9594838081324568,21.5404,21.9722,21.5404,21.9722
2021-04-08,4210063,98101948,23.0,23.6,22.9,23.3,0.4,2232,0.9594838081324568,22.0681,22.356,21.9722,22.6438
2021-04-09,4616415,109319111,23.65,24.15,23.3,23.5,0.2,2207,0.9594838081324568,22.6918,22.5479,22.356,23.1715
2021-04-12,6648980,160376322,23.85,24.75,23.45,24.4,0.9,3260,0.9594838081324568,22.8837,23.4114,22.4999,23.7472
2021-04-13,5716239,136569002,24.8,25.05,22.8,23.0,-1.4,2831,0.9594838081324568,23.7952,22.0681,21.8762,24.0351
2021-04-14,5261401,117151958,22.9,23.3,21.2,22.35,-0.65,2282,0.9594838081324568,21.9722,21.4445,20.3411,22.356
2021-04-15,1478351,33408197,22.35,22.95,22.2,22.65,0.3,751,0.9594838081324568,21.4445,21.7323,21.3005,22.0202
2021-04-16,3013336,70490637,22.75,23.8,22.75,23.55,0.9,1454,0.9594838081324568,21.8283,22.5958,21.8283,22.8357
2021-04-19,4207249,101243495,23.7,24.4,23.6,24.0,0.45,1862,0.9594838081324568,22.7398,23.0276,22.6438,23.4114
2021-04-20,3766306,91567814,24.15,24.8,24.05,24.15,0.15,1716,0.9594838081324568,23.1715,23.1715,23.0756,23.7952
2021-04-21,13491512,342701879,24.3,26.25,23.85,26.2,2.05,5442,0.9594838081324568,23.3155,25.1385,22.8837,25.1864
2021-04-22,25908180,689931138,27.5,27.95,24.05,25.3,-0.9,11054,0.9594838081324568,26.3858,24.2749,23.0756,26.8176
2021-04-23,5188863,126553399,24.8,25.0,24.1,24.2,-1.1,2430,0.9594838081324568,23.7952,23.2195,23.1236,23.9871
2021-04-26,4627706,111164975,24.3,24.45,23.7,23.7,-0.5,2093,0.9594838081324568,23.3155,22.7398,22.7398,23.4594
2021-04-27,2918923,69062305,23.6,23.9,23.5,23.55,-0.15,1298,0.9594838081324568,22.6438,22.5958,22.5479,22.9317
2021-04-28,3386456,79547474,23.55,24.0,22.9,23.9,0.35,1482,0.9594838081324568,22.5958,22.9317,21.9722,23.0276
2021-04-29,2925936,69544854,24.05,24.3,23.3,23.55,-0.35,1311,0.9594838081324568,23.0756,22.5958,22.356,23.3155
2021-05-03,3301690,74270637,23.55,23.55,21.65,21.65,-1.9,1515,0.9594838081324568,22.5958,20.7728,20.7728,22.5958
2021-05-04,3856386,78702839,21.7,22.0,19.5,20.0,-1.65,1805,0.9594838081324568,20.8208,19.1897,18.7099,21.1086
2021-05-05,1545053,31315006,20.0,20.6,19.8,20.0,0.0,791,0.9594838081324568,19.1897,19.1897,18.9978,19.7654
2021-05-06,1875059,37095193,19.8,20.4,19.2,19.5,-0.5,986,0.9594838081324568,18.9978,18.7099,18.4221,19.5735
2021-05-07,1059718,21411570,19.8,20.6,19.6,20.6,1.1,593,0.9594838081324568,18.9978,19.7654,18.8059,19.7654
2021-05-10,1104813,22233609,20.65,20.65,19.8,19.9,-0.7,641,0.9594838081324568,19.8133,19.0937,18.9978,19.8133
2021-05-11,2662955,50204625,19.2,19.85,18.2,18.3,-1.6,1230,0.9594838081324568,18.4221,17.5586,17.4626,19.0458
2021-05-12,3231043,55490521,18.2,18.55,16.5,16.8,-1.5,1307,0.9594838081324568,17.4626,16.1193,15.8315,17.7984
2021-05-13,1699618,28809256,16.5,17.8,15.35,17.15,0.35,893,0.9594838081324568,15.8315,16.4551,14.7281,17.0788
2021-05-14,1105622,19262768,17.7,18.05,16.95,16.95,-0.2,555,0.9594838081324568,16.9829,16.2633,16.2633,17.3187
2021-05-17,1500596,23735063,15.45,16.8,15.3,15.35,-1.6,731,0.9594838081324568,14.824,14.7281,14.6801,16.1193
2021-05-18,1145630,18949868,15.7,16.85,15.7,16.8,1.45,558,0.9594838081324568,15.0639,16.1193,15.0639,16.1673
2021-05-19,994204,17365897,16.95,18.05,16.95,17.65,0.85,568,0.9594838081324568,16.2633,16.9349,16.2633,17.3187
2021-05-20,576761,10045050,17.55,17.8,17.1,17.1,-0.55,280,0.9594838081324568,16.8389,16.4072,16.4072,17.0788
2021-05-21,969164,17384811,17.75,18.25,17.5,18.1,1.0,455,0.9594838081324568,17.0308,17.3667,16.791,17.5106
2021-05-24,618227,11315723,18.1,18.7,17.55,18.7,0.6,342,0.9594838081324568,17.3667,17.9423,16.8389,17.9423
2021-05-25,1138684,21504339,18.95,19.2,18.55,18.7,0.0,480,0.9594838081324568,18.1822,17.9423,17.7984,18.4221
2021-05-26,590571,11127540,18.9,19.05,18.7,18.7,0.0,314,0.9594838081324568,18.1342,17.9423,17.9423,18.2782
2021-05-27,428541,8090390,19.0,19.05,18.6,18.9,0.2,267,0.9594838081324568,18.2302,18.1342,17.8464,18.2782
2021-05-28,651832,12526328,19.25,19.4,19.05,19.25,0.35,363,0.9594838081324568,18.4701,18.4701,18.2782,18.614
2021-05-31,979713,19021565,19.3,19.65,19.1,19.45,0.2,475,0.9594838081324568,18.518,18.662,18.3261,18.8539
2021-06-01,644781,12689810,19.6,19.8,19.5,19.75,0.3,343,0.9594838081324568,18.8059,18.9498,18.7099,18.9978
2021-06-02,801712,15655859,19.9,19.9,19.2,19.3,-0.45,424,0.9594838081324568,19.0937,18.518,18.4221,19.0937
2021-06-03,578931,11275543,19.35,19.7,19.3,19.4,0.1,290,0.9594838081324568,18.566,18.614,18.518,18.9018
2021-06-04,462100,8965940,19.4,19.55,19.25,19.25,-0.15,224,0.9594838081324568,18.614,18.4701,18.4701,18.7579
2021-06-07,979648,18664692,19.15,19.3,18.6,19.2,-0.05,405,0.9594838081324568,18.3741,18.4221,17.8464,18.518
2021-06-08,413434,7912806,19.3,19.35,18.95,19.0,-0.2,233,0.9594838081324568,18.518,18.2302,18.1822,18.566
2021-06-09,436166,8320590,19.05,19.35,18.8,18.9,-0.1,226,0.9594838081324568,18.2782,18.1342,18.0383,18.566
2021-06-10,549470,10548286,19.15,19.4,19.0,19.1,0.2,310,0.9594838081324568,18.3741,18.3261,18.2302,18.614
2021-06-11,1003606,19663102,19.6,19.8,19.4,19.45,0.35,491,0.9594838081324568,18.8059,18.662,18.614,18.9978
2021-06-15,454355,8864969,19.65,19.65,19.35,19.45,0.0,255,0.9594838081324568,18.8539,18.662,18.566,18.8539
2021-06-16,716519,13745238,19.6,19.6,18.85,18.9,-0.55,376,0.9594838081324568,18.8059,18.1342,18.0863,18.8059
2021-06-17,496123,9502173,19.1,19.4,18.85,19.4,0.5,223,0.9594838081324568,18.3261,18.614,18.0863,18.614
2021-06-18,616459,11972225,19.4,19.55,19.15,19.25,-0.15,312,0.9594838081324568,18.614,18.4701,18.3741,18.7579
2021-06-21,707394,13227661,18.95,19.05,18.5,18.5,-0.75,421,0.9594838081324568,18.1822,17.7505,17.7505,18.2782
2021-06-22,538195,10029015,18.7,19.0,18.3,18.4,-0.1,321,0.9594838081324568,17.9423,17.6545,17.5586,18.2302
2021-06-23,630009,11848342,18.6,19.1,18.35,19.0,0.6,354,0.9594838081324568,17.8464,18.2302,17.6065,18.3261
2021-06-24,455798,8705014,19.05,19.2,19.0,19.2,0.2,268,0.9594838081324568,18.2782,18.4221,18.2302,18.4221
2021-06-25,492530,9531877,19.25,19.45,19.2,19.3,0.1,281,0.9594838081324568,18.4701,18.518,18.4221,18.662
2021-06-28,556740,10780699,19.45,19.5,19.15,19.5,0.2,308,0.9594838081324568,18.662,18.7099,18.3741,18.7099
2021-06-29,495592,9517783,19.6,19.65,19.0,19.0,-0.5,269,0.9594838081324568,18.8059,18.2302,18.2302,18.8539
2021-06-30,461030,8836630,19.15,19.4,19.0,19.2,0.2,255,0.9594838081324568,18.3741,18.4221,18.2302,18.614
2021-07-01,2369232,45678017,19.3,19.55,18.7,18.95,-0.25,649,0.9594838081324568,18.518,18.1822,17.9423,18.7579
2021-07-02,652829,12443001,19.15,19.3,18.8,19.0,0.05,317,0.9594838081324568,18.3741,18.2302,18.0383,18.518
2021-07-05,1116591,21551253,19.0,19.6,19.0,19.45,0.45,538,0.9594838081324568,18.2302,18.662,18.2302,18.8059
2021-07-06,605408,11723495,19.6,19.65,19.2,19.25,-0.2,281,0.9594838081324568,18.8059,18.4701,18.4221,18.8539
2021-07-07,682104,13192292,19.25,19.6,19.15,19.25,0.0,313,0.9594838081324568,18.4701,18.4701,18.3741,18.8059
2021-07-08,725009,14102569,19.6,19.6,19.3,19.5,0.25,334,0.9594838081324568,18.8059,18.7099,18.518,18.8059
2021-07-09,501600,9733755,19.4,19.5,19.3,19.4,-0.1,280,0.9594838081324568,18.614,18.614,18.518,18.7099
2021-07-12,806409,15769735,19.5,19.75,19.4,19.55,0.15,422,0.9594838081324568,18.7099,18.7579,18.614,18.9498
2021-07-13,1547575,30428673,19.75,19.95,19.25,19.25,-0.3,820,0.9594838081324568,18.9498,18.4701,18.4701,19.1417
2021-07-14,827526,15955113,19.7,19.7,19.05,19.25,0.0,437,0.9594838081324568,18.9018,18.4701,18.2782,18.9018
2021-07-15,462069,8925677,19.35,19.5,19.15,19.3,0.05,260,0.9594838081324568,18.566,18.518,18.3741,18.7099
2021-07-16,6004830,122796021,19.35,21.1,19.35,20.0,0.7,3013,0.9594838081324568,18.566,19.1897,18.566,20.2451
2021-07-19,1706436,33867293,19.9,20.35,19.6,19.6,-0.4,832,0.9594838081324568,19.0937,18.8059,18.8059,19.5255
2021-07-20,1339952,25535090,19.2,19.45,18.7,18.8,-0.8,736,0.9594838081324568,18.4221,18.0383,17.9423,18.662
2021-07-21,1807474,33479319,19.1,19.15,18.2,18.2,-0.6,919,0.9594838081324568,18.3261,17.4626,17.4626,18.3741
2021-07-22,926199,17219337,18.5,18.9,18.3,18.5,0.3,451,0.9594838081324568,17.7505,17.7505,17.5586,18.1342
2021-07-23,1069008,20388464,18.9,19.3,18.8,19.25,0.75,594,0.9594838081324568,18.1342,18.4701,18.0383,18.518
2021-07-26,2852930,57581171,19.45,20.7,19.45,20.5,1.25,1451,0.9594838081324568,18.662,19.6694,18.662,19.8613
2021-07-27,1992169,39829434,20.5,20.85,19.55,19.55,-0.95,1001,0.9594838081324568,19.6694,18.7579,18.7579,20.0052
2021-07-28,1093149,20795131,19.9,19.9,18.5,18.95,-0.6,579,0.9594838081324568,19.0937,18.1822,17.7505,19.0937
2021-07-29,790181,15040090,19.05,19.3,18.85,19.0,0.05,357,0.9594838081324568,18.2782,18.2302,18.0863,18.518
2021-07-30,833812,15633959,19.0,19.05,18.55,18.55,-0.45,459,0.9594838081324568,18.2302,17.7984,17.7984,18.2782
2021-08-02,604300,11167955,18.85,18.85,18.3,18.4,-0.15,370,0.9594838081324568,18.0863,17.6545,17.5586,18.0863
2021-08-03,518158,9579279,18.5,18.65,18.3,18.4,0.0,205,0.9594838081324568,17.7505,17.6545,17.5586,17.8944
2021-08-04,498983,9229599,18.45,18.65,18.4,18.5,0.1,302,0.9594838081324568,17.7025,17.7505,17.6545,17.8944
2021-08-05,596517,10960797,18.55,18.6,18.25,18.25,-0.25,345,0.9594838081324568,17.7984,17.5106,17.5106,17.8464
2021-08-06,586358,10663378,18.3,18.35,18.05,18.1,-0.15,341,0.9594838081324568,17.5586,17.3667,17.3187,17.6065
2021-08-09,509303,9170121,18.1,18.25,17.85,17.9,-0.2,309,0.9594838081324568,17.3667,17.1748,17.1268,17.5106
2021-08-10,777400,13647559,17.9,18.15,17.2,17.2,-0.7,415,0.9594838081324568,17.1748,16.5031,16.5031,17.4146
2021-08-11,747405,12759727,17.05,17.5,16.8,16.9,-0.3,369,0.9594838081324568,16.3592,16.2153,16.1193,16.791
2021-08-12,220882,3775484,16.8,17.25,16.8,17.1,0.2,146,0.9594838081324568,16.1193,16.4072,16.1193,16.5511
2021-08-13,675754,11306065,17.15,17.15,16.45,16.55,-0.55,389,0.9594838081324568,16.4551,15.8795,15.7835,16.4551
2021-08-16,614520,9964090,16.5,16.8,15.9,16.1,-0.45,309,0.9594838081324568,15.8315,15.4477,15.2558,16.1193
2021-08-17,387641,6194122,16.1,16.3,15.65,15.7,-0.4,229,0.9594838081324568,15.4477,15.0639,15.0159,15.6396
2021-08-18,718165,11394134,15.3,16.55,15.3,16.45,0.75,384,0.9594838081324568,14.6801,15.7835,14.6801,15.8795
2021-08-19,443009,7117692,16.7,16.7,15.85,15.85,-0.6,248,0.9594838081324568,16.0234,15.2078,15.2078,16.0234
2021-08-20,389692,6200614,16.0,16.1,15.65,15.85,0.0,191,0.9594838081324568,15.3517,15.2078,15.0159,15.4477
2021-08-23,416754,6795737,16.2,16.4,16.15,16.35,0.5,212,0.9594838081324568,15.5436,15.6876,15.4957,15.7355
2021-08-24,488419,7983126,16.6,16.75,16.2,16.35,0.0,240,0.9594838081324568,15.9274,15.6876,15.5436,16.0714
2021-08-25,420563,6983593,16.35,16.75,16.35,16.65,0.3,199,0.9594838081324568,15.6876,15.9754,15.6876,16.0714
2021-08-26,302282,4878129,16.25,16.45,16.0,16.05,0.0,175,0.9891891891891892,16.0743,15.8765,15.827,16.2722
2021-08-27,198200,3198009,16.0,16.3,16.0,16.3,0.25,125,0.9891891891891892,15.827,16.1238,15.827,16.1238
2021-08-30,222153,3608782,16.45,16.45,16.15,16.2,-0.1,137,0.9891891891891892,16.2722,16.0249,15.9754,16.2722
2021-08-31,95221,1535227,16.25,16.25,16.05,16.15,-0.05,75,0.9891891891891892,16.0743,15.9754,15.8765,16.0743
2021-09-01,325023,5330074,16.25,16.55,16.2,16.3,0.15,227,0.9891891891891892,16.0743,16.1238,16.0249,16.3711
2021-09-02,309206,5008306,16.3,16.5,16.0,16.0,-0.3,209,0.9891891891891892,16.1238,15.827,15.827,16.3216
2021-09-03,216371,3469036,16.15,16.15,15.95,15.95,-0.05,120,0.9891891891891892,15.9754,15.7776,15.7776,15.9754
2021-09-06,439998,6889122,16.2,16.2,15.35,15.35,-0.6,282,0.9891891891891892,16.0249,15.1841,15.1841,16.0249
2021-09-07,331346,5115574,15.7,15.7,15.35,15.5,0.15,190,0.9891891891891892,15.5303,15.3324,15.1841,15.5303
2021-09-08,377150,5751801,15.5,15.6,15.0,15.2,-0.3,184,0.9891891891891892,15.3324,15.0357,14.8378,15.4314
2021-09-09,232113,3554654,15.15,15.45,15.15,15.35,0.15,114,0.9891891891891892,14.9862,15.1841,14.9862,15.283
2021-09-10,179107,2749443,15.45,15.45,15.3,15.3,-0.05,121,0.9891891891891892,15.283,15.1346,15.1346,15.283
2021-09-13,197000,3005100,15.3,15.35,15.15,15.35,0.05,113,0.9891891891891892,15.1346,15.1841,14.9862,15.1841
2021-09-14,204001,3103665,15.4,15.4,15.1,15.1,-0.25,110,0.9891891891891892,15.2335,14.9368,14.9368,15.2335
2021-09-15,316154,4750216,15.1,15.15,14.9,14.95,-0.15,191,0.9891891891891892,14.9368,14.7884,14.7389,14.9862
2021-09-16,286452,4279487,15.0,15.1,14.85,14.9,-0.05,183,0.9891891891891892,14.8378,14.7389,14.6895,14.9368
2021-09-17,302054,4512266,15.0,15.05,14.9,15.0,0.1,161,0.9891891891891892,14.8378,14.8378,14.7389,14.8873
2021-09-22,293313,4284016,14.7,14.8,14.45,14.6,-0.4,176,0.9891891891891892,14.5411,14.4422,14.2938,14.64
2021-09-23,144102,2130272,14.65,14.9,14.65,14.85,0.25,101,0.9891891891891892,14.4916,14.6895,14.4916,14.7389
2021-09-24,324599,4901974,14.9,15.4,14.9,14.95,0.1,183,0.9891891891891892,14.7389,14.7884,14.7389,15.2335
2021-09-27,339591,5201495,14.9,15.45,14.9,15.35,0.4,211,0.9891891891891892,14.7389,15.1841,14.7389,15.283
2021-09-28,154011,2353844,15.35,15.5,15.2,15.45,0.1,91,0.9891891891891892,15.1841,15.283,15.0357,15.3324
2021-09-29,294515,4472602,15.45,15.45,15.05,15.3,-0.15,189,0.9891891891891892,15.283,15.1346,14.8873,15.283
2021-09-30,287158,4397632,15.3,15.5,15.15,15.3,0.0,126,0.9891891891891892,15.1346,15.1346,14.9862,15.3324
2021-10-01,359000,5383050,15.35,15.35,14.7,14.9,-0.4,216,0.9891891891891892,15.1841,14.7389,14.5411,15.1841
2021-10-04,338360,4938383,15.1,15.1,14.25,14.25,-0.65,182,0.9891891891891892,14.9368,14.0959,14.0959,14.9368
2021-10-05,271903,3900945,13.85,14.8,13.6,14.5,0.25,167,0.9891891891891892,13.7003,14.3432,13.453,14.64
2021-10-06,200434,2875850,14.45,14.75,14.05,14.2,-0.3,162,0.9891891891891892,14.2938,14.0465,13.8981,14.5905
2021-10-07,341187,4979751,14.3,14.75,14.25,14.7,0.5,217,0.9891891891891892,14.1454,14.5411,14.0959,14.5905
2021-10-08,337013,5074695,14.65,15.25,14.65,15.0,0.3,215,0.9891891891891892,14.4916,14.8378,14.4916,15.0851
2021-10-12,334006,4983037,15.0,15.15,14.55,14.95,-0.05,198,0.9891891891891892,14.8378,14.7884,14.3927,14.9862
2021-10-13,322175,4710472,15.0,15.0,14.5,14.5,-0.45,169,0.9891891891891892,14.8378,14.3432,14.3432,14.8378
2021-10-14,245428,3603555,14.8,14.8,14.5,14.7,0.2,124,0.9891891891891892,14.64,14.5411,14.3432,14.64
2021-10-15,324847,4874418,14.85,15.15,14.8,15.0,0.3,194,0.9891891891891892,14.6895,14.8378,14.64,14.9862
2021-10-18,154129,2318024,15.2,15.2,14.9,15.0,0.0,105,0.9891891891891892,15.0357,14.8378,14.7389,15.0357
2021-10-19,354001,5351116,15.0,15.3,14.95,15.2,0.2,182,0.9891891891891892,14.8378,15.0357,14.7884,15.1346
2021-10-20,309134,4733336,15.35,15.45,15.2,15.25,0.05,160,0.9891891891891892,15.1841,15.0851,15.0357,15.283
2021-10-21,284171,4391724,15.25,15.6,15.25,15.3,0.05,178,0.9891891891891892,15.0851,15.1346,15.0851,15.4314
2021-10-22,239134,3673136,15.45,15.5,15.15,15.3,0.0,133,0.9891891891891892,15.283,15.1346,14.9862,15.3324
2021-10-25,495638,7768176,15.4,15.95,15.35,15.8,0.5,293,0.9891891891891892,15.2335,15.6292,15.1841,15.7776
2021-10-26,263059,4164389,15.8,16.0,15.7,15.8,0.0,176,0.9891891891891892,15.6292,15.6292,15.5303,15.827
2021-10-27,1066139,17443558,15.8,16.9,15.8,16.6,0.8,623,0.9891891891891892,15.6292,16.4205,15.6292,16.7173
2021-10-28,823546,13483421,16.7,16.8,16.1,16.1,-0.5,446,0.9891891891891892,16.5195,15.9259,15.9259,16.6184
2021-10-29,438124,7019964,16.3,16.3,15.9,16.05,-0.05,227,0.9891891891891892,16.1238,15.8765,15.7281,16.1238
2021-11-01,457337,7389556,16.2,16.35,16.0,16.0,-0.05,247,0.9891891891891892,16.0249,15.827,15.827,16.1732
2021-11-02,487000,7756350,16.1,16.3,15.7,15.75,-0.25,231,0.9891891891891892,15.9259,15.5797,15.5303,16.1238
2021-11-03,281003,4493048,15.75,16.15,15.75,16.0,0.25,165,0.9891891891891892,15.5797,15.827,15.5797,15.9754
2021-11-04,553008,9024732,16.2,16.6,16.0,16.3,0.3,318,0.9891891891891892,16.0249,16.1238,15.827,16.4205
2021-11-05,180007,2924219,16.35,16.4,16.1,16.2,-0.1,127,0.9891891891891892,16.1732,16.0249,15.9259,16.2227
2021-11-08,274005,4429834,16.2,16.3,16.1,16.15,-0.05,120,0.9891891891891892,16.0249,15.9754,15.9259,16.1238
2021-11-09,1075219,17691024,16.15,16.75,16.0,16.75,0.6,512,0.9891891891891892,15.9754,16.5689,15.827,16.5689
2021-11-10,1542209,28376643,18.4,18.4,18.4,18.4,1.65,491,0.9891891891891892,18.2011,18.2011,18.2011,18.2011
2021-11-11,3760578,75963668,20.2,20.2,20.2,20.2,1.8,1071,0.9891891891891892,19.9816,19.9816,19.9816,19.9816
2021-11-12,4777188,106053564,22.2,22.2,22.2,22.2,2.0,1099,0.9891891891891892,21.96,21.96,21.96,21.96
2021-11-15,6393372,151598267,24.4,24.4,24.4,24.4,2.2,1236,0.9891891891891892,24.1362,24.1362,24.1362,24.1362
2021-11-16,42615615,1118676254,25.7,26.8,25.3,25.4,1.0,16904,0.9891891891891892,25.4222,25.1254,25.0265,26.5103
2021-11-17,7910484,200100951,24.45,26.6,24.45,26.6,1.2,3772,0.9891891891891892,24.1857,26.3124,24.1857,26.3124
2021-11-18,8199311,221160615,27.4,27.5,26.0,27.05,0.45,3958,0.9891891891891892,27.1038,26.7576,25.7189,27.2027
2021-11-19,6583960,179011705,27.1,27.55,26.6,27.5,0.45,2956,0.9891891891891892,26.807,27.2027,26.3124,27.2522
2021-11-22,12491338,368160941,27.95,30.25,27.95,29.65,2.15,5088,0.9891891891891892,27.6478,29.3295,27.6478,29.923
2021-11-23,8443471,245724315,29.2,30.3,28.0,28.0,-1.65,3650,0.9891891891891892,28.8843,27.6973,27.6973,29.9724
2021-11-24,8993334,267338617,28.45,30.8,28.35,30.8,2.8,3902,0.9891891891891892,28.1424,30.467,28.0435,30.467
2021-11-25,7303978,231335859,30.95,32.4,30.95,31.8,1.0,3871,0.9891891891891892,30.6154,31.4562,30.6154,32.0497
2021-11-26,9475540,281058142,31.8,31.8,28.65,29.6,-2.2,4184,0.9891891891891892,31.4562,29.28,28.3403,31.4562
2021-11-29,5582968,163550532,28.5,30.6,28.25,29.5,-0.1,2653,0.9891891891891892,28.1919,29.1811,27.9446,30.2692
2021-11-30,8647907,265888450,30.5,31.5,30.0,30.25,0.75,3713,0.9891891891891892,30.1703,29.923,29.6757,31.1595
2021-12-01,28273464,775209157,28.8,28.8,27.25,27.6,-2.65,10561,0.9891891891891892,28.4886,27.3016,26.9554,28.4886
2021-12-02,21503816,562261356,27.75,27.8,24.85,24.85,-2.75,9312,0.9891891891891892,27.45,24.5814,24.5814,27.4995
2021-12-03,10751038,272661676,25.3,26.15,24.55,24.95,0.1,5356,0.9891891891891892,25.0265,24.6803,24.2846,25.8673
2021-12-06,6492297,160151275,24.95,25.5,24.05,24.35,-0.6,3264,0.9891891891891892,24.6803,24.0868,23.79,25.2243
2021-12-07,27466763,721000163,24.65,26.75,24.65,26.75,2.4,10748,0.9891891891891892,24.3835,26.4608,24.3835,26.4608
2021-12-08,41641132,1184812130,28.2,29.4,27.1,27.9,1.15,18678,0.9891891891891892,27.8951,27.5984,26.807,29.0822
2021-12-09,20984890,598354696,27.2,29.2,27.2,28.1,0.2,10483,0.9891891891891892,26.9059,27.7962,26.9059,28.8843
2021-12-10,17986396,520248292,27.9,30.0,27.8,30.0,1.9,8446,0.9891891891891892,27.5984,29.6757,27.4995,29.6757
2021-12-13,50562957,1550887168,29.4,32.4,28.8,29.05,-0.95,25306,0.9891891891891892,29.0822,28.7359,28.4886,32.0497
2021-12-14,21448086,585262368,29.0,29.55,26.15,26.2,-2.85,10568,0.9891891891891892,28.6865,25.9168,25.8673,29.2305
2021-12-15,11239911,296715363,25.65,27.15,25.35,27.15,0.95,5500,0.9891891891891892,25.3727,26.8565,25.0759,26.8565
2021-12-16,10979875,298240610,26.9,27.75,26.85,26.85,-0.3,5181,0.9891891891891892,26.6092,26.5597,26.5597,27.45
2021-12-17,8928051,229021082,26.35,26.6,24.9,25.4,-1.45,4218,0.9891891891891892,26.0651,25.1254,24.6308,26.3124
2021-12-20,4022567,103114373,25.95,26.1,25.2,25.6,0.2,2001,0.9891891891891892,25.6695,25.3232,24.9276,25.8178
2021-12-21,3409652,86620664,25.85,25.85,25.0,25.7,0.1,1649,0.9891891891891892,25.5705,25.4222,24.7297,25.5705
2021-12-22,5125249,134442088,25.85,26.9,25.55,25.9,0.2,2514,0.9891891891891892,25.5705,25.62,25.2738,26.6092
2021-12-23,4223988,110577968,26.05,26.75,25.8,26.05,0.15,2075,0.9891891891891892,25.7684,25.7684,25.5211,26.4608
2021-12-24,3094525,80361076,26.7,26.7,25.6,25.6,-0.45,1611,0.9891891891891892,26.4114,25.3232,25.3232,26.4114
2021-12-27,5467809,143092528,25.9,26.65,25.25,26.0,0.4,2574,0.9891891891891892,25.62,25.7189,24.977,26.3619
2021-12-28,4011249,103605076,26.45,26.45,25.3,25.4,-0.6,1910,0.9891891891891892,26.1641,25.1254,25.0265,26.1641
2021-12-29,2887342,74479697,25.55,26.15,25.45,25.9,0.5,1352,0.9891891891891892,25.2738,25.62,25.1749,25.8673
2021-12-30,2702711,69134947,26.3,26.3,25.25,25.55,-0.35,1290,0.9891891891891892,26.0157,25.2738,24.977,26.0157
2022-01-03,2202516,56405757,25.65,26.1,25.25,25.45,-0.1,1148,0.9891891891891892,25.3727,25.1749,24.977,25.8178
2022-01-04,2082273,53044596,25.8,25.85,25.2,25.65,0.2,1395,0.9891891891891892,25.5211,25.3727,24.9276,25.5705
2022-01-05,3451267,86951677,25.7,26.0,24.7,24.8,-0.85,1699,0.9891891891891892,25.4222,24.5319,24.433,25.7189
2022-01-06,1873151,46374435,24.8,25.15,24.35,24.45,-0.35,956,0.9891891891891892,24.5319,24.1857,24.0868,24.8781
2022-01-07,5148905,121150962,24.85,24.85,23.05,23.05,-1.4,2296,0.9891891891891892,24.5814,22.8008,22.8008,24.5814
2022-01-10,4764227,111515244,22.15,24.2,21.95,23.7,0.65,2103,0.9891891891891892,21.9105,23.4438,21.7127,23.9384
2022-01-11,3995003,91268071,23.2,23.7,22.4,22.45,-1.25,2009,0.9891891891891892,22.9492,22.2073,22.1578,23.4438
2022-01-12,2162177,48728342,22.95,23.05,22.2,22.4,-0.05,1046,0.9891891891891892,22.7019,22.1578,21.96,22.8008
2022-01-13,2368067,53092179,22.45,22.85,22.05,22.45,0.05,975,0.9891891891891892,22.2073,22.2073,21.8116,22.603
2022-01-14,2609847,56519279,22.5,22.5,21.4,21.65,-0.8,1200,0.9891891891891892,22.2568,21.4159,21.1686,22.2568
2022-01-17,2771552,62249428,21.85,22.95,21.65,22.6,0.95,1353,0.9891891891891892,21.6138,22.3557,21.4159,22.7019
2022-01-18,2903304,67061135,22.5,23.6,22.5,22.7,0.1,1406,0.9891891891891892,22.2568,22.4546,22.2568,23.3449
2022-01-19,1711719,38980171,22.15,23.25,22.1,22.8,0.1,893,0.9891891891891892,21.9105,22.5535,21.8611,22.9986
2022-01-20,1189968,27041274,23.0,23.15,22.45,22.75,-0.05,699,0.9891891891891892,22.7514,22.5041,22.2073,22.8997
2022-01-21,1262106,28113218,22.2,22.75,22.0,22.05,-0.7,734,0.9891891891891892,21.96,21.8116,21.7622,22.5041
2022-01-24,1500554,32595701,22.05,22.3,21.0,22.05,0.0,895,0.9891891891891892,21.8116,21.8116,20.773,22.0589
2022-01-25,1700476,37034088,22.0,22.45,21.45,21.7,-0.35,786,0.9891891891891892,21.7622,21.4654,21.2181,22.2073
2022-01-26,1142147,24854947,21.7,22.25,21.5,21.55,-0.15,721,0.9891891891891892,21.4654,21.317,21.2676,22.0095
2022-02-07,1433153,32168310,21.75,22.85,21.75,22.85,1.3,995,0.9891891891891892,21.5149,22.603,21.5149,22.603
2022-02-08,1457946,33438663,22.5,23.25,22.5,22.9,0.05,799,0.9891891891891892,22.2568,22.6524,22.2568,22.9986
2022-02-09,2213476,51265887,23.2,23.5,22.7,23.4,0.5,981,0.9891891891891892,22.9492,23.147,22.4546,23.2459
2022-02-10,1665234,38139374,23.5,23.5,22.65,22.75,-0.65,953,0.9891891891891892,23.2459,22.5041,22.4051,23.2459
2022-02-11,1431169,32883151,22.75,23.25,22.75,22.8,0.05,742,0.9891891891891892,22.5041,22.5535,22.5041,22.9986
2022-02-14,1420494,31310901,22.5,22.55,21.85,21.95,-0.85,745,0.9891891891891892,22.2568,21.7127,21.6138,22.3062
2022-02-15,860534,18841258,22.0,22.15,21.7,21.75,-0.2,779,0.9891891891891892,21.7622,21.5149,21.4654,21.9105
2022-02-16,820552,18270119,22.6,22.6,21.95,22.05,0.3,521,0.9891891891891892,22.3557,21.8116,21.7127,22.3557
2022-02-17,1010394,22401171,22.5,22.5,21.85,21.9,-0.15,573,0.9891891891891892,22.2568,21.6632,21.6138,22.2568
2022-02-18,3620771,81640989,22.1,23.2,22.0,22.1,0.2,2266,0.9891891891891892,21.8611,21.8611,21.7622,22.9492
2022-02-21,2654460,56323189,21.9,22.0,20.9,21.3,-0.8,1490,0.9891891891891892,21.6632,21.0697,20.6741,21.7622
2022-02-22,2831036,57784362,21.1,21.15,19.95,20.3,-1.0,1440,0.9891891891891892,20.8719,20.0805,19.7343,20.9214
2022-02-23,1487073,31063341,20.4,21.25,20.4,21.1,0.8,1687,0.9891891891891892,20.1795,20.8719,20.1795,21.0203
2022-02-24,1724150,35253392,20.7,21.05,20.05,20.15,-0.95,1078,0.9891891891891892,20.4762,19.9322,19.8332,20.8224
2022-02-25,1095389,22447757,20.75,20.85,20.2,20.45,0.3,852,0.9891891891891892,20.5257,20.2289,19.9816,20.6246
2022-03-01,1641471,34879728,20.75,21.6,20.6,21.5,1.05,978,0.9891891891891892,20.5257,21.2676,20.3773,21.3665
2022-03-02,1124623,24110123,21.55,21.75,21.1,21.65,0.15,633,0.9891891891891892,21.317,21.4159,20.8719,21.5149
2022-03-03,884645,19034538,21.65,21.9,21.35,21.45,-0.2,475,0.9891891891891892,21.4159,21.2181,21.1192,21.6632
2022-03-04,870884,18591100,21.0,21.6,21.0,21.25,-0.2,377,0.9891891891891892,20.773,21.0203,20.773,21.3665
2022-03-07,1546516,31271562,21.2,21.2,19.95,20.25,-1.0,715,0.9891891891891892,20.9708,20.0311,19.7343,20.9708
2022-03-08,1648241,33640879,20.0,21.15,19.95,20.15,-0.1,895,0.9891891891891892,19.7838,19.9322,19.7343,20.9214
2022-03-09,723619,14686618,20.4,20.6,20.05,20.3,0.15,399,0.9891891891891892,20.1795,20.0805,19.8332,20.3773
2022-03-10,839142,17493739,20.8,21.15,20.65,20.8,0.5,479,0.9891891891891892,20.5751,20.5751,20.4268,20.9214
2022-03-11,391528,8107115,20.8,20.85,20.6,20.6,-0.2,220,0.9891891891891892,20.5751,20.3773,20.3773,20.6246
2022-03-14,579006,11957772,20.9,21.2,20.35,20.55,-0.05,371,0.9891891891891892,20.6741,20.3278,20.13,20.9708
2022-03-15,1134461,22725888,20.7,20.7,19.75,19.85,-0.7,639,0.9891891891891892,20.4762,19.6354,19.5365,20.4762
2022-03-16,812951,16125547,19.85,20.1,19.6,19.75,-0.1,425,0.9891891891891892,19.6354,19.5365,19.3881,19.8827
2022-03-17,1281498,26030002,19.95,20.65,19.95,20.25,0.5,600,0.9891891891891892,19.7343,20.0311,19.7343,20.4268
2022-03-18,1281609,26450108,20.55,20.85,20.25,20.8,0.55,572,0.9891891891891892,20.3278,20.5751,20.0311,20.6246
2022-03-21,621384,13017794,21.0,21.2,20.75,20.85,0.05,355,0.9891891891891892,20.773,20.6246,20.5257,20.9708
2022-03-22,552565,11600037,20.95,21.15,20.75,21.05,0.2,335,0.9891891891891892,20.7235,20.8224,20.5257,20.9214
2022-03-23,535409,11319094,21.35,21.35,20.95,21.1,0.05,301,0.9891891891891892,21.1192,20.8719,20.7235,21.1192
2022-03-24,1220496,26075908,21.2,21.65,21.05,21.25,0.15,671,0.9891891891891892,20.9708,21.0203,20.8224,21.4159
2022-03-25,9716189,221277286,21.35,23.35,21.1,23.35,2.1,4228,0.9891891891891892,21.1192,23.0976,20.8719,23.0976
2022-03-28,9340796,205698761,23.3,23.3,21.35,21.65,-1.7,4773,0.9891891891891892,23.0481,21.4159,21.1192,23.0481
2022-03-29,2115630,45548825,21.7,21.85,21.3,21.6,-0.05,1207,0.9891891891891892,21.4654,21.3665,21.0697,21.6138
2022-03-30,1900665,40706506,21.65,21.9,21.2,21.2,-0.4,963,0.9891891891891892,21.4159,20.9708,20.9708,21.6632
2022-03-31,1437226,29980842,21.25,21.3,20.7,20.7,-0.5,802,0.9891891891891892,21.0203,20.4762,20.4762,21.0697
2022-04-01,660089,13529374,20.5,20.65,20.3,20.6,-0.1,433,0.9891891891891892,20.2784,20.3773,20.0805,20.4268
2022-04-06,830257,16886265,20.55,20.7,20.2,20.25,-0.35,450,0.9891891891891892,20.3278,20.0311,19.9816,20.4762
2022-04-07,1412690,28195171,20.2,20.4,19.6,19.7,-0.55,732,0.9891891891891892,19.9816,19.487,19.3881,20.1795
2022-04-08,591961,11810432,19.9,20.05,19.8,19.9,0.2,380,0.9891891891891892,19.6849,19.6849,19.5859,19.8332
2022-04-11,1573841,30339713,20.1,20.1,18.95,19.0,-0.9,817,0.9891891891891892,19.8827,18.7946,18.7451,19.8827
2022-04-12,838593,15937207,18.9,19.25,18.7,19.05,0.05,462,0.9891891891891892,18.6957,18.8441,18.4978,19.0419
2022-04-13,393636,7552493,19.1,19.3,19.1,19.2,0.15,290,0.9891891891891892,18.8935,18.9924,18.8935,19.0914
2022-04-14,597035,11387305,19.35,19.5,18.85,18.85,-0.35,378,0.9891891891891892,19.1408,18.6462,18.6462,19.2892
2022-04-15,2034656,37002949,18.9,18.9,17.9,18.15,-0.7,1000,0.9891891891891892,18.6957,17.9538,17.7065,18.6957
2022-04-18,787970,14253953,18.1,18.35,17.9,18.15,0.0,436,0.9891891891891892,17.9043,17.9538,17.7065,18.1516
2022-04-19,387431,7110848,18.3,18.5,18.2,18.25,0.1,357,0.9891891891891892,18.1022,18.0527,18.0032,18.3
2022-04-20,362457,6632014,18.45,18.45,18.1,18.35,0.1,290,0.9891891891891892,18.2505,18.1516,17.9043,18.2505
2022-04-21,351299,6491401,18.45,18.6,18.35,18.55,0.2,237,0.9891891891891892,18.2505,18.3495,18.1516,18.3989
2022-04-22,450133,8223022,18.45,18.5,18.15,18.15,-0.4,295,0.9891891891891892,18.2505,17.9538,17.9538,18.3
2022-04-25,839066,14510365,17.8,17.8,17.1,17.15,-1.0,609,0.9891891891891892,17.6076,16.9646,16.9151,17.6076
2022-04-26,670804,11447439,17.25,17.4,16.85,17.0,-0.15,420,0.9891891891891892,17.0635,16.8162,16.6678,17.2119
2022-04-27,1019540,16776426,16.6,17.1,16.0,16.8,-0.2,509,0.9891891891891892,16.4205,16.6184,15.827,16.9151
2022-04-28,514840,8757011,17.0,17.25,16.65,17.1,0.3,303,0.9891891891891892,16.8162,16.9151,16.47,17.0635
2022-04-29,430173,7435382,17.4,17.55,17.1,17.2,0.1,322,0.9891891891891892,17.2119,17.0141,16.9151,17.3603
2022-05-03,367062,6364174,17.2,17.55,17.2,17.5,0.3,236,0.9891891891891892,17.0141,17.3108,17.0141,17.3603
2022-05-04,260718,4579957,17.55,17.75,17.5,17.55,0.05,212,0.9891891891891892,17.3603,17.3603,17.3108,17.5581
2022-05-05,527096,9472036,17.75,18.15,17.75,18.0,0.45,293,0.9891891891891892,17.5581,17.8054,17.5581,17.9538
2022-05-06,364510,6366923,17.6,17.6,17.4,17.5,-0.5,230,0.9891891891891892,17.4097,17.3108,17.2119,17.4097
2022-05-09,555053,9381961,17.3,17.5,16.65,16.8,-0.7,322,0.9891891891891892,17.113,16.6184,16.47,17.3108
2022-05-10,497469,8344748,16.05,17.1,16.05,17.1,0.3,310,0.9891891891891892,15.8765,16.9151,15.8765,16.9151
2022-05-11,453181,7643987,17.15,17.15,16.6,16.8,-0.3,253,0.9891891891891892,16.9646,16.6184,16.4205,16.9646
2022-05-12,584370,9603813,16.5,16.8,16.05,16.3,-0.5,326,0.9891891891891892,16.3216,16.1238,15.8765,16.6184
2022-05-13,504378,8468492,16.3,17.0,16.3,16.9,0.6,239,0.9891891891891892,16.1238,16.7173,16.1238,16.8162
2022-05-16,275288,4682855,17.15,17.3,16.75,17.0,0.1,206,0.9891891891891892,16.9646,16.8162,16.5689,17.113
2022-05-17,302918,5235171,17.1,17.45,17.1,17.35,0.35,200,0.9891891891891892,16.9151,17.1624,16.9151,17.2614
2022-05-18,368790,6460907,17.65,17.75,17.35,17.4,0.05,215,0.9891891891891892,17.4592,17.2119,17.1624,17.5581
2022-05-19,433823,7390961,16.65,17.3,16.65,17.3,-0.1,270,0.9891891891891892,16.47,17.113,16.47,17.113
2022-05-20,264834,4599394,17.35,17.5,17.25,17.4,0.1,146,0.9891891891891892,17.1624,17.2119,17.0635,17.3108
2022-05-23,254470,4469694,17.6,17.65,17.4,17.6,0.2,159,0.9891891891891892,17.4097,17.4097,17.2119,17.4592
2022-05-24,421989,7436767,17.75,17.85,17.35,17.35,-0.25,293,0.9891891891891892,17.5581,17.1624,17.1624,17.657
2022-05-25,403203,7139938,17.6,17.95,17.45,17.85,0.5,240,0.9891891891891892,17.4097,17.657,17.2614,17.7559
2022-05-26,243590,4341829,18.2,18.2,17.6,17.6,-0.25,187,0.9891891891891892,18.0032,17.4097,17.4097,18.0032
2022-05-27,168635,2977972,17.95,17.95,17.5,17.5,-0.1,130,0.9891891891891892,17.7559,17.3108,17.3108,17.7559
2022-05-30,295119,5237754,17.9,17.9,17.6,17.65,0.15,208,0.9891891891891892,17.7065,17.4592,17.4097,17.7065
2022-05-31,403275,7211003,17.65,18.15,17.6,17.9,0.25,217,0.9891891891891892,17.4592,17.7065,17.4097,17.9538
2022-06-01,387499,7005450,17.95,18.2,17.9,18.2,0.3,207,0.9891891891891892,17.7559,18.0032,17.7065,18.0032
2022-06-02,271279,4914936,18.05,18.3,17.95,18.2,0.0,205,0.9891891891891892,17.8549,18.0032,17.7559,18.1022
2022-06-06,317267,5711756,18.05,18.3,17.85,17.95,-0.25,233,0.9891891891891892,17.8549,17.7559,17.657,18.1022
2022-06-07,231063,4153938,17.95,18.1,17.85,17.95,0.0,147,0.9891891891891892,17.7559,17.7559,17.657,17.9043
2022-06-08,217400,3929482,18.05,18.2,18.0,18.0,0.05,161,0.9891891891891892,17.8549,17.8054,17.8054,18.0032
2022-06-09,402788,7329655,18.2,18.35,18.0,18.35,0.35,237,0.9891891891891892,18.0032,18.1516,17.8054,18.1516
2022-06-10,244224,4456996,18.1,18.35,18.1,18.3,-0.05,155,0.9891891891891892,17.9043,18.1022,17.9043,18.1516
2022-06-13,278049,4953680,17.9,17.95,17.7,17.75,-0.55,170,0.9891891891891892,17.7065,17.5581,17.5086,17.7559
2022-06-14,479052,8391356,17.5,17.7,17.3,17.55,-0.2,237,0.9891891891891892,17.3108,17.3603,17.113,17.5086
2022-06-15,2212203,41090790,17.75,19.25,17.7,18.3,0.75,1242,0.9891891891891892,17.5581,18.1022,17.5086,19.0419
2022-06-16,991848,17574732,18.35,18.55,16.75,17.2,-1.1,623,0.9891891891891892,18.1516,17.0141,16.5689,18.3495
2022-06-17,633458,10682067,17.0,17.1,16.6,16.8,-0.4,373,0.9891891891891892,16.8162,16.6184,16.4205,16.9151
2022-06-20,934363,15158517,16.8,17.1,15.9,15.9,-0.9,494,0.9891891891891892,16.6184,15.7281,15.7281,16.9151
2022-06-21,448419,7391265,16.35,16.8,16.0,16.75,0.85,299,0.9891891891891892,16.1732,16.5689,15.827,16.6184
2022-06-22,531508,8632774,16.85,16.85,16.05,16.1,-0.65,315,0.9891891891891892,16.6678,15.9259,15.8765,16.6678
2022-06-23,747610,11894624,16.05,16.3,15.65,15.75,-0.35,438,0.9891891891891892,15.8765,15.5797,15.4808,16.1238
2022-06-24,398101,6498306,16.05,16.55,16.0,16.25,0.5,242,0.9891891891891892,15.8765,16.0743,15.827,16.3711
2022-06-27,367101,6156894,16.5,16.95,16.45,16.9,0.65,230,0.9891891891891892,16.3216,16.7173,16.2722,16.7668
2022-06-28,253701,4238438,17.0,17.0,16.6,16.7,-0.2,159,0.9891891891891892,16.8162,16.5195,16.4205,16.8162
2022-06-29,228728,3824452,16.75,16.8,16.55,16.7,0.0,143,0.9891891891891892,16.5689,16.5195,16.3711,16.6184
2022-06-30,470112,7630336,16.9,16.9,15.95,15.95,-0.75,265,0.9891891891891892,16.7173,15.7776,15.7776,16.7173
2022-07-01,1130434,17245614,15.95,16.05,14.65,14.7,-1.25,571,0.9891891891891892,15.7776,14.5411,14.4916,15.8765
2022-07-04,876364,13043266,14.8,15.2,14.65,14.65,-0.05,396,0.9891891891891892,14.64,14.4916,14.4916,15.0357
2022-07-05,864573,13234421,14.95,15.55,14.95,15.45,0.8,471,0.9891891891891892,14.7884,15.283,14.7884,15.3819
2022-07-06,258147,3944657,15.45,15.6,15.0,15.0,-0.45,174,0.9891891891891892,15.283,14.8378,14.8378,15.4314
2022-07-07,658134,10197593,15.2,15.8,15.0,15.75,0.75,405,0.9891891891891892,15.0357,15.5797,14.8378,15.6292
2022-07-08,540099,8653939,15.8,16.3,15.75,16.05,0.3,310,0.9891891891891892,15.6292,15.8765,15.5797,16.1238
2022-07-11,300519,4830355,16.15,16.35,15.9,15.95,-0.1,174,0.9891891891891892,15.9754,15.7776,15.7281,16.1732
2022-07-12,470545,7205754,15.95,15.95,15.05,15.05,-0.9,286,0.9891891891891892,15.7776,14.8873,14.8873,15.7776
2022-07-13,521718,8205504,15.6,16.05,15.45,15.5,0.45,354,0.9891891891891892,15.4314,15.3324,15.283,15.8765
2022-07-14,561908,8943267,15.3,16.2,15.2,16.15,0.65,378,0.9891891891891892,15.1346,15.9754,15.0357,16.0249
2022-07-15,459034,7437671,16.4,16.4,16.05,16.3,0.15,325,0.9891891891891892,16.2227,16.1238,15.8765,16.2227
2022-07-18,224204,3703257,16.4,16.6,16.35,16.5,0.2,157,0.9891891891891892,16.2227,16.3216,16.1732,16.4205
2022-07-19,277085,4586307,16.2,16.75,16.2,16.6,0.1,160,0.9891891891891892,16.0249,16.4205,16.0249,16.5689
2022-07-20,466200,7789763,16.95,16.95,16.5,16.5,-0.1,265,0.9891891891891892,16.7668,16.3216,16.3216,16.7668
2022-07-21,675674,11404635,16.55,17.1,16.55,16.85,0.35,441,0.9891891891891892,16.3711,16.6678,16.3711,16.9151
2022-07-22,366532,6195052,16.8,17.15,16.75,16.8,-0.05,247,0.9891891891891892,16.6184,16.6184,16.5689,16.9646
2022-07-25,313658,5280694,16.7,17.0,16.6,16.9,0.1,216,0.9891891891891892,16.5195,16.7173,16.4205,16.8162
2022-07-26,431101,7104480,16.9,17.05,16.3,16.5,-0.4,260,0.9891891891891892,16.7173,16.3216,16.1238,16.8657
2022-07-27,266003,4423754,16.5,16.75,16.45,16.6,0.1,193,0.9891891891891892,16.3216,16.4205,16.2722,16.5689
2022-07-28,250160,4152763,16.9,16.9,16.45,16.45,-0.15,164,0.9891891891891892,16.7173,16.2722,16.2722,16.7173
2022-07-29,217009,3622198,16.8,16.8,16.55,16.55,0.1,157,0.9891891891891892,16.6184,16.3711,16.3711,16.6184
2022-08-01,1052001,18091835,16.6,17.4,16.6,17.3,0.75,575,0.9891891891891892,16.4205,17.113,16.4205,17.2119
2022-08-02,854895,14241036,17.1,17.1,16.35,16.45,-0.85,567,0.9891891891891892,16.9151,16.2722,16.1732,16.9151
2022-08-03,566066,9237588,16.45,16.7,16.1,16.25,-0.2,380,0.9891891891891892,16.2722,16.0743,15.9259,16.5195
2022-08-04,689311,10990481,16.4,16.4,15.6,16.1,-0.15,391,0.9891891891891892,16.2227,15.9259,15.4314,16.2227
2022-08-05,1278453,21638892,16.15,17.2,16.15,17.05,0.95,794,0.9891891891891892,15.9754,16.8657,15.9754,17.0141
2022-08-08,2386125,41669870,17.2,18.0,16.8,17.35,0.3,1372,0.9891891891891892,17.0141,17.1624,16.6184,17.8054
2022-08-09,857105,14764445,17.35,17.45,17.05,17.2,-0.15,563,0.9891891891891892,17.1624,17.0141,16.8657,17.2614
2022-08-10,1013676,17800751,17.05,17.85,17.05,17.75,0.55,652,0.9891891891891892,16.8657,17.5581,16.8657,17.657
2022-08-11,10058065,190470211,18.5,19.5,18.3,18.3,0.55,4629,0.9891891891891892,18.3,18.1022,18.1022,19.2892
2022-08-12,5604861,103618773,18.65,19.3,17.95,18.2,-0.1,2616,0.9891891891891892,18.4484,18.0032,17.7559,19.0914
2022-08-15,2122988,39060914,18.25,18.7,17.95,18.55,0.35,1081,0.9891891891891892,18.0527,18.3495,17.7559,18.4978
2022-08-16,1233820,22771678,18.6,18.75,18.25,18.4,-0.15,723,0.9891891891891892,18.3989,18.2011,18.0527,18.5473
2022-08-17,1158883,21469596,18.55,18.8,18.35,18.45,0.05,778,0.9891891891891892,18.3495,18.2505,18.1516,18.5968
2022-08-18,3470986,66025517,18.25,19.5,18.25,19.45,1.0,1779,0.9891891891891892,18.0527,19.2397,18.0527,19.2892
2022-08-19,9296776,183451459,19.6,20.25,19.2,20.25,0.8,4479,0.9891891891891892,19.3881,20.0311,18.9924,20.0311
2022-08-22,7596073,144232739,19.85,20.05,18.25,18.3,-1.95,3777,0.9891891891891892,19.6354,18.1022,18.0527,19.8332
2022-08-23,2347834,42568602,18.0,18.55,17.65,18.35,0.05,1213,0.9891891891891892,17.8054,18.1516,17.4592,18.3495
2022-08-24,1248664,22976234,18.5,18.6,18.2,18.35,0.0,638,0.9891891891891892,18.3,18.1516,18.0032,18.3989
2022-08-25,1954583,36863489,18.45,19.25,18.4,19.0,0.65,1048,0.9891891891891892,18.2505,18.7946,18.2011,19.0419
2022-08-26,1260741,23994866,19.2,19.3,18.85,19.0,0.0,642,0.9891891891891892,18.9924,18.7946,18.6462,19.0914
2022-08-29,1112720,20196225,18.1,18.4,17.95,18.25,-0.75,634,0.9891891891891892,17.9043,18.0527,17.7559,18.2011
2022-08-30,979381,18260683,18.25,18.9,18.25,18.8,0.55,517,0.9891891891891892,18.0527,18.5968,18.0527,18.6957
2022-08-31,1134837,21627322,18.8,19.25,18.7,19.05,0.25,604,0.9891891891891892,18.5968,18.8441,18.4978,19.0419
2022-09-01,1004715,18880043,19.05,19.2,18.5,18.7,-0.35,559,0.9891891891891892,18.8441,18.4978,18.3,18.9924
2022-09-02,1856017,35430845,18.7,19.25,18.7,19.05,0.35,793,0.9891891891891892,18.4978,18.8441,18.4978,19.0419
2022-09-05,1672705,31305647,19.1,19.4,18.25,18.3,-0.75,812,0.9891891891891892,18.8935,18.1022,18.0527,19.1903
2022-09-06,1415012,25407066,18.6,18.6,17.7,17.75,-0.55,636,0.9891891891891892,18.3989,17.5581,17.5086,18.3989
2022-09-07,633086,11088112,17.75,17.75,17.35,17.5,-0.25,346,0.9891891891891892,17.5581,17.3108,17.1624,17.5581
2022-09-08,417064,7430688,17.85,18.1,17.6,18.1,0.6,263,0.9891891891891892,17.657,17.9043,17.4097,17.9043
2022-09-12,944268,17649707,18.35,18.9,18.3,18.75,0.65,502,0.9891891891891892,18.1516,18.5473,18.1022,18.6957
2022-09-13,1145829,21767608,19.0,19.25,18.8,18.9,0.15,613,0.9891891891891892,18.7946,18.6957,18.5968,19.0419
2022-09-14,1045334,19630277,18.0,19.1,18.0,19.0,0.1,546,0.9891891891891892,17.8054,18.7946,17.8054,18.8935
2022-09-15,1269677,24325063,19.0,19.6,18.8,18.8,-0.2,677,0.9891891891891892,18.7946,18.5968,18.5968,19.3881
2022-09-16,436802,8130069,18.8,18.9,18.5,18.5,-0.3,282,0.9891891891891892,18.5968,18.3,18.3,18.6957
2022-09-19,384159,7024391,18.8,18.8,18.2,18.2,-0.3,301,0.9891891891891892,18.5968,18.0032,18.0032,18.5968
2022-09-20,316132,5811724,18.25,18.5,18.25,18.5,0.3,195,0.9891891891891892,18.0527,18.3,18.0527,18.3
2022-09-21,349355,6366240,18.25,18.4,18.1,18.2,-0.3,224,0.9891891891891892,18.0527,18.0032,17.9043,18.2011
2022-09-22,370948,6724084,18.0,18.35,17.8,18.35,0.15,212,0.9891891891891892,17.8054,18.1516,17.6076,18.1516
2022-09-23,855313,15303082,18.4,18.4,17.6,17.6,-0.75,441,0.9891891891891892,18.2011,17.4097,17.4097,18.2011
2022-09-26,1309153,21763625,17.4,17.4,16.1,16.3,-1.3,690,0.9891891891891892,17.2119,16.1238,15.9259,17.2119
2022-09-27,692867,11271154,16.3,16.6,15.95,16.45,0.15,356,0.9891891891891892,16.1238,16.2722,15.7776,16.4205
2022-09-28,1132400,17590361,16.45,16.45,15.2,15.2,-1.25,542,0.9891891891891892,16.2722,15.0357,15.0357,16.2722
2022-09-29,465589,7351129,15.8,15.95,15.6,15.7,0.5,247,0.9891891891891892,15.6292,15.5303,15.4314,15.7776
2022-09-30,499784,7718662,15.5,15.9,15.1,15.85,0.15,276,0.9891891891891892,15.3324,15.6786,14.9368,15.7281
2022-10-03,327203,5168583,15.7,16.15,15.55,16.0,0.15,183,0.9891891891891892,15.5303,15.827,15.3819,15.9754
2022-10-04,425059,6969218,16.3,16.6,16.2,16.4,0.4,221,0.9891891891891892,16.1238,16.2227,16.0249,16.4205
2022-10-05,520801,8678137,16.8,16.9,16.35,16.45,0.05,265,0.9891891891891892,16.6184,16.2722,16.1732,16.7173
2022-10-06,141035,2331978,16.6,16.7,16.45,16.45,0.0,102,0.9891891891891892,16.4205,16.2722,16.2722,16.5195
2022-10-07,239152,3971836,16.45,16.7,16.45,16.65,0.2,116,0.9891891891891892,16.2722,16.47,16.2722,16.5195
2022-10-11,1008820,16542555,16.9,16.9,16.1,16.1,-0.55,438,0.9891891891891892,16.7173,15.9259,15.9259,16.7173
2022-10-12,504283,8100521,16.4,16.4,15.8,16.05,-0.05,242,0.9891891891891892,16.2227,15.8765,15.6292,16.2227
2022-10-13,1331691,20413568,16.2,16.25,14.85,14.85,-1.2,546,0.9891891891891892,16.0249,14.6895,14.6895,16.0743
2022-10-14,436274,6887659,15.45,16.0,15.45,16.0,1.15,273,0.9891891891891892,15.283,15.827,15.283,15.827
2022-10-17,409127,6397940,15.6,16.05,15.3,16.05,0.05,249,0.9891891891891892,15.4314,15.8765,15.1346,15.8765
2022-10-18,282544,4576136,16.6,16.6,16.0,16.2,0.15,164,0.9891891891891892,16.4205,16.0249,15.827,16.4205
2022-10-19,179354,2898638,16.25,16.4,16.0,16.05,-0.15,112,0.9891891891891892,16.0743,15.8765,15.827,16.2227
2022-10-20,204675,3218565,15.85,16.0,15.55,15.8,-0.25,135,0.9891891891891892,15.6786,15.6292,15.3819,15.827
2022-10-21,240001,3748717,15.75,15.75,15.55,15.55,-0.25,127,0.9891891891891892,15.5797,15.3819,15.3819,15.5797
2022-10-24,249201,3938035,15.95,16.0,15.6,15.6,0.05,133,0.9891891891891892,15.7776,15.4314,15.4314,15.827
2022-10-25,407526,6260764,15.7,15.7,15.2,15.25,-0.35,211,0.9891891891891892,15.5303,15.0851,15.0357,15.5303
2022-10-26,275332,4167886,15.25,15.35,15.0,15.2,-0.05,165,0.9891891891891892,15.0851,15.0357,14.8378,15.1841
2022-10-27,285282,4422035,15.25,15.6,15.25,15.5,0.3,155,0.9891891891891892,15.0851,15.3324,15.0851,15.4314
2022-10-28,387400,5847778,15.55,15.6,14.9,14.9,-0.6,196,0.9891891891891892,15.3819,14.7389,14.7389,15.4314
2022-10-31,413038,6279578,15.3,15.35,15.0,15.2,0.3,159,0.9891891891891892,15.1346,15.0357,14.8378,15.1841
2022-11-01,388797,5996266,15.2,15.6,15.2,15.55,0.35,173,0.9891891891891892,15.0357,15.3819,15.0357,15.4314
2022-11-02,383263,5973945,15.2,15.75,15.2,15.6,0.05,174,0.9891891891891892,15.0357,15.4314,15.0357,15.5797
2022-11-03,321507,5025480,15.35,15.75,15.35,15.65,0.05,167,0.9891891891891892,15.1841,15.4808,15.1841,15.5797
2022-11-04,375917,5957726,15.75,15.95,15.65,15.95,0.3,223,0.9891891891891892,15.5797,15.7776,15.4808,15.7776
2022-11-07,420730,6789253,16.25,16.25,15.95,16.2,0.25,223,0.9891891891891892,16.0743,16.0249,15.7776,16.0743
2022-11-08,5542953,96921609,16.7,17.8,16.7,17.8,1.6,2174,0.9891891891891892,16.5195,17.6076,16.5195,17.6076
2022-11-09,12016827,223138272,18.5,19.15,17.9,18.75,0.95,5233,0.9891891891891892,18.3,18.5473,17.7065,18.943
2022-11-10,3834866,71318164,18.6,19.0,18.15,18.25,-0.5,1781,0.9891891891891892,18.3989,18.0527,17.9538,18.7946
2022-11-11,3423819,62472446,18.75,19.1,17.9,17.9,-0.35,1448,0.9891891891891892,18.5473,17.7065,17.7065,18.8935
2022-11-14,2922782,53771625,18.1,18.7,18.0,18.65,0.75,1164,0.9891891891891892,17.9043,18.4484,17.8054,18.4978
2022-11-15,9058446,171635907,18.75,19.25,18.6,19.15,0.5,2122,0.9891891891891892,18.5473,18.943,18.3989,19.0419
2022-11-16,16929395,334305605,19.3,20.0,19.3,20.0,0.85,4975,0.9891891891891892,19.0914,19.7838,19.0914,19.7838
2022-11-17,22420053,472694776,20.35,21.85,20.2,21.25,1.25,10065,0.9891891891891892,20.13,21.0203,19.9816,21.6138
2022-11-18,9520387,199646941,21.1,21.5,20.35,20.9,-0.35,4405,0.9891891891891892,20.8719,20.6741,20.13,21.2676
2022-11-21,3919081,80457284,21.05,21.05,20.25,20.3,-0.6,1907,0.9891891891891892,20.8224,20.0805,20.0311,20.8224
2022-11-22,3907488,77857957,20.65,20.65,19.6,20.05,-0.25,1761,0.9891891891891892,20.4268,19.8332,19.3881,20.4268
2022-11-23,3025896,60435036,20.1,20.2,19.75,20.0,-0.05,1356,0.9891891891891892,19.8827,19.7838,19.5365,19.9816
2022-11-24,5242916,104268429,20.2,20.35,19.5,19.55,-0.45,2358,0.9891891891891892,19.9816,19.3386,19.2892,20.13
2022-11-25,2241254,43597256,19.65,19.8,19.1,19.3,-0.25,1041,0.9891891891891892,19.4376,19.0914,18.8935,19.5859
2022-11-28,2288893,44997157,19.1,19.95,19.1,19.8,0.5,1078,0.9891891891891892,18.8935,19.5859,18.8935,19.7343
2022-11-29,2760484,55309972,19.7,20.3,19.6,20.05,0.25,1376,0.9891891891891892,19.487,19.8332,19.3881,20.0805
2022-11-30,1640016,32740550,20.05,20.2,19.8,19.9,-0.15,850,0.9891891891891892,19.8332,19.6849,19.5859,19.9816
2022-12-01,3464552,70234102,20.2,20.5,19.95,20.4,0.5,1509,0.9891891891891892,19.9816,20.1795,19.7343,20.2784
2022-12-02,3058900,62639262,20.6,20.75,20.3,20.35,-0.05,1590,0.9891891891891892,20.3773,20.13,20.0805,20.5257
2022-12-05,2405178,49228255,20.45,20.8,20.25,20.3,-0.05,1218,0.9891891891891892,20.2289,20.0805,20.0311,20.5751
2022-12-06,1813831,36513545,20.3,20.55,19.85,19.85,-0.45,890,0.9891891891891892,20.0805,19.6354,19.6354,20.3278
2022-12-07,4724342,93864319,19.8,20.7,19.15,19.15,-0.7,2329,0.9891891891891892,19.5859,18.943,18.943,20.4762
2022-12-08,1150042,22411320,19.3,19.7,19.25,19.5,0.35,637,0.9891891891891892,19.0914,19.2892,19.0419,19.487
2022-12-09,911470,17827279,19.65,19.75,19.4,19.5,0.0,574,0.9891891891891892,19.4376,19.2892,19.1903,19.5365
2022-12-12,8666649,179730253,20.1,21.3,20.05,20.9,1.4,4007,0.9891891891891892,19.8827,20.6741,19.8332,21.0697
2022-12-13,13240679,281403087,21.3,21.75,20.45,21.35,0.45,5479,0.9891891891891892,21.0697,21.1192,20.2289,21.5149
2022-12-14,11229268,240545212,21.7,22.1,20.55,21.7,0.35,5047,0.9891891891891892,21.4654,21.4654,20.3278,21.8611
2022-12-15,11070552,239230380,21.35,22.3,20.85,21.55,-0.15,4985,0.9891891891891892,21.1192,21.317,20.6246,22.0589
2022-12-16,7516729,154138510,21.0,21.3,19.8,19.95,-1.6,3844,0.9891891891891892,20.773,19.7343,19.5859,21.0697
2022-12-19,2379334,46807062,19.75,20.1,19.3,19.3,-0.65,1249,0.9891891891891892,19.5365,19.0914,19.0914,19.8827
2022-12-20,2957030,55822818,19.4,19.55,18.3,18.3,-1.0,1359,0.9891891891891892,19.1903,18.1022,18.1022,19.3386
2022-12-21,1378816,25496161,18.65,18.75,18.2,18.4,0.1,741,0.9891891891891892,18.4484,18.2011,18.0032,18.5473
2022-12-22,1009440,18755123,18.6,18.75,18.4,18.5,0.1,524,0.9891891891891892,18.3989,18.3,18.2011,18.5473
2022-12-23,853106,15703826,18.2,18.6,18.15,18.6,0.1,478,0.9891891891891892,18.0032,18.3989,17.9538,18.3989
2022-12-26,883744,16465746,18.65,18.8,18.45,18.65,0.05,417,0.9891891891891892,18.4484,18.4484,18.2505,18.5968
2022-12-27,723935,13646809,18.85,19.1,18.7,18.7,0.05,457,0.9891891891891892,18.6462,18.4978,18.4978,18.8935
2022-12-28,898693,16611570,18.65,18.7,18.25,18.35,-0.35,456,0.9891891891891892,18.4484,18.1516,18.0527,18.4978
2022-12-29,589427,10799986,18.2,18.5,18.1,18.45,0.1,322,0.9891891891891892,18.0032,18.2505,17.9043,18.3
2022-12-30,657261,12200126,18.65,18.75,18.4,18.4,-0.05,383,0.9891891891891892,18.4484,18.2011,18.2011,18.5473
2023-01-03,602874,11096116,18.5,18.6,18.15,18.45,0.05,336,0.9891891891891892,18.3,18.2505,17.9538,18.3989
2023-01-04,838132,15722998,18.45,18.9,18.4,18.65,0.2,478,0.9891891891891892,18.2505,18.4484,18.2011,18.6957
2023-01-05,718573,13424545,18.75,18.95,18.45,18.45,-0.2,426,0.9891891891891892,18.5473,18.2505,18.2505,18.7451
2023-01-06,611254,11292596,18.65,18.65,18.35,18.5,0.05,362,0.9891891891891892,18.4484,18.3,18.1516,18.4484
2023-01-09,514429,9631484,18.85,18.9,18.6,18.7,0.2,329,0.9891891891891892,18.6462,18.4978,18.3989,18.6957
2023-01-10,732221,13683655,18.8,18.85,18.5,18.5,-0.2,405,0.9891891891891892,18.5968,18.3,18.3,18.6462
2023-01-11,2259003,40611405,18.6,18.7,17.7,17.7,-0.8,1284,0.9891891891891892,18.3989,17.5086,17.5086,18.4978
2023-01-12,1034251,18163044,17.7,17.85,17.4,17.45,-0.25,644,0.9891891891891892,17.5086,17.2614,17.2119,17.657
2023-01-13,1159471,19955348,17.75,17.75,17.05,17.1,-0.35,735,0.9891891891891892,17.5581,16.9151,16.8657,17.5581
2023-01-16,754135,12826883,17.2,17.25,16.9,16.9,-0.2,505,0.9891891891891892,17.0141,16.7173,16.7173,17.0635
2023-01-17,553205,9498005,16.95,17.25,16.95,17.25,0.35,376,0.9891891891891892,16.7668,17.0635,16.7668,17.0635
2023-01-30,564469,9872932,17.45,17.65,17.35,17.55,0.3,316,0.9891891891891892,17.2614,17.3603,17.1624,17.4592
2023-01-31,610343,10827744,17.55,17.85,17.55,17.75,0.2,356,0.9891891891891892,17.3603,17.5581,17.3603,17.657
2023-02-01,543340,9660261,17.85,17.9,17.6,17.85,0.1,335,0.9891891891891892,17.657,17.657,17.4097,17.7065
2023-02-02,1107043,20167675,17.95,18.4,17.95,18.25,0.4,654,0.9891891891891892,17.7559,18.0527,17.7559,18.2011
2023-02-03,835897,15146730,18.3,18.35,17.95,17.95,-0.3,487,0.9891891891891892,18.1022,17.7559,17.7559,18.1516
2023-02-06,380206,6889142,17.95,18.2,17.9,18.2,0.25,254,0.9891891891891892,17.7559,18.0032,17.7065,18.0032
2023-02-07,626077,11442162,18.2,18.35,18.2,18.25,0.05,288,0.9891891891891892,18.0032,18.0527,18.0032,18.1516
2023-02-08,481334,8783121,18.45,18.45,18.1,18.25,0.0,268,0.9891891891891892,18.2505,18.0527,17.9043,18.2505
2023-02-09,616046,11199346,18.25,18.25,18.1,18.15,-0.1,304,0.9891891891891892,18.0527,17.9538,17.9043,18.0527
2023-02-10,675181,12097751,18.25,18.25,17.8,17.85,-0.3,339,0.9891891891891892,18.0527,17.657,17.6076,18.0527
2023-02-13,1060905,19289423,17.85,18.4,17.75,18.4,0.55,565,0.9891891891891892,17.657,18.2011,17.5581,18.2011
2023-02-14,2560733,48094785,18.35,19.05,18.35,18.95,0.55,1222,0.9891891891891892,18.1516,18.7451,18.1516,18.8441
2023-02-15,2842466,54173031,19.05,19.45,18.7,18.9,-0.05,1029,0.9891891891891892,18.8441,18.6957,18.4978,19.2397
2023-02-16,879241,16585835,19.2,19.2,18.7,18.8,-0.1,451,0.9891891891891892,18.9924,18.5968,18.4978,18.9924
2023-02-17,535138,10016633,18.75,18.9,18.6,18.65,-0.15,285,0.9891891891891892,18.5473,18.4484,18.3989,18.6957
2023-02-20,624245,11779354,18.65,18.95,18.65,18.9,0.25,351,0.9891891891891892,18.4484,18.6957,18.4484,18.7451
2023-02-21,839186,15899619,19.0,19.1,18.75,19.1,0.2,410,0.9891891891891892,18.7946,18.8935,18.5473,18.8935
2023-02-22,12076491,240584925,19.1,20.4,18.9,20.1,1.0,5314,0.9891891891891892,18.8935,19.8827,18.6957,20.1795
2023-02-23,2742190,54612604,20.0,20.1,19.8,19.85,-0.25,1425,0.9891891891891892,19.7838,19.6354,19.5859,19.8827
2023-02-24,1443824,28389424,19.9,19.95,19.5,19.65,-0.2,699,0.9891891891891892,19.6849,19.4376,19.2892,19.7343
2023-03-01,1369186,27078933,19.65,19.95,19.45,19.95,0.3,728,0.9891891891891892,19.4376,19.7343,19.2397,19.7343
2023-03-02,4058647,81813738,20.15,20.35,19.95,19.95,0.0,1985,0.9891891891891892,19.9322,19.7343,19.7343,20.13
2023-03-03,1399816,28003725,20.15,20.15,19.9,19.9,-0.05,685,0.9891891891891892,19.9322,19.6849,19.6849,19.9322
2023-03-06,1107304,22252627,20.1,20.3,19.95,19.95,0.05,605,0.9891891891891892,19.8827,19.7343,19.7343,20.0805
2023-03-07,1098796,22050887,20.15,20.3,19.95,19.95,0.0,596,0.9891891891891892,19.9322,19.7343,19.7343,20.0805
2023-03-08,3406171,69134600,20.15,20.5,20.0,20.4,0.45,1617,0.9891891891891892,19.9322,20.1795,19.7838,20.2784
2023-03-09,1660609,33476785,20.5,20.55,20.0,20.0,-0.4,851,0.9891891891891892,20.2784,19.7838,19.7838,20.3278
2023-03-10,1608809,32042357,19.9,20.25,19.65,19.75,-0.25,844,0.9891891891891892,19.6849,19.5365,19.4376,20.0311
2023-03-13,1371599,26907363,19.5,19.9,19.35,19.55,-0.2,764,0.9891891891891892,19.2892,19.3386,19.1408,19.6849
2023-03-14,1055325,20367672,19.55,19.75,19.15,19.15,-0.4,523,0.9891891891891892,19.3386,18.943,18.943,19.5365
2023-03-15,873790,16681578,19.3,19.45,18.9,18.9,-0.25,535,0.9891891891891892,19.0914,18.6957,18.6957,19.2397
2023-03-16,1178022,21673271,18.65,18.75,18.15,18.2,-0.7,697,0.9891891891891892,18.4484,18.0032,17.9538,18.5473
2023-03-17,676949,12414639,18.4,18.6,18.25,18.25,0.05,386,0.9891891891891892,18.2011,18.0527,18.0527,18.3989
2023-03-20,539302,9938891,18.5,18.6,18.2,18.5,0.25,327,0.9891891891891892,18.3,18.3,18.0032,18.3989
2023-03-21,2660803,51734728,18.7,19.85,18.7,19.3,0.8,1665,0.9891891891891892,18.4978,19.0914,18.4978,19.6354
2023-03-22,2491473,49353896,19.8,20.2,19.45,19.6,0.3,1245,0.9891891891891892,19.5859,19.3881,19.2397,19.9816
2023-03-23,2328517,46639938,19.7,20.2,19.5,20.1,0.5,1146,0.9891891891891892,19.487,19.8827,19.2892,19.9816
2023-03-24,1837759,36825260,20.15,20.3,19.7,19.7,-0.4,933,0.9891891891891892,19.9322,19.487,19.487,20.0805
2023-03-27,1129590,22501284,19.8,20.1,19.7,19.75,0.05,600,0.9891891891891892,19.5859,19.5365,19.487,19.8827
2023-03-28,1109980,21651245,19.95,19.95,19.25,19.3,-0.45,585,0.9891891891891892,19.7343,19.0914,19.0419,19.7343
2023-03-29,698138,13389067,19.4,19.45,19.05,19.15,-0.15,421,0.9891891891891892,19.1903,18.943,18.8441,19.2397
2023-03-30,626018,12143619,19.5,19.55,19.25,19.3,0.15,375,0.9891891891891892,19.2892,19.0914,19.0419,19.3386
2023-03-31,521519,10058131,19.5,19.5,19.15,19.2,-0.1,339,0.9891891891891892,19.2892,18.9924,18.943,19.2892
2023-04-06,465559,8878524,19.2,19.25,18.85,19.1,-0.1,358,0.9891891891891892,18.9924,18.8935,18.6462,19.0419
2023-04-07,592559,11261631,19.2,19.2,18.9,18.95,-0.15,370,0.9891891891891892,18.9924,18.7451,18.6957,18.9924
2023-04-10,509785,9741332,19.0,19.3,19.0,19.0,0.05,350,0.9891891891891892,18.7946,18.7946,18.7946,19.0914
2023-04-11,535483,10153064,18.9,19.05,18.8,19.0,0.0,355,0.9891891891891892,18.6957,18.7946,18.5968,18.8441
2023-04-12,646991,12370493,19.2,19.3,18.95,19.2,0.2,394,0.9891891891891892,18.9924,18.9924,18.7451,19.0914
2023-04-13,985814,18708248,19.2,19.25,18.85,18.9,-0.3,553,0.9891891891891892,18.9924,18.6957,18.6462,19.0419
2023-04-14,2032561,39735226,19.0,19.8,18.9,19.65,0.75,1065,0.9891891891891892,18.7946,19.4376,18.6957,19.5859
2023-04-17,7030955,144437349,19.75,21.15,19.6,20.3,0.65,3248,0.9891891891891892,19.5365,20.0805,19.3881,20.9214
2023-04-18,3369897,69590714,20.7,20.95,20.35,20.4,0.1,1749,0.9891891891891892,20.4762,20.1795,20.13,20.7235
2023-04-19,3789349,78679892,20.95,21.15,20.3,20.35,-0.05,2006,0.9891891891891892,20.7235,20.13,20.0805,20.9214
2023-04-20,1410005,28062686,20.45,20.5,19.65,19.65,-0.7,942,0.9891891891891892,20.2289,19.4376,19.4376,20.2784
2023-04-21,1577055,30320382,19.7,19.75,19.0,19.0,-0.65,831,0.9891891891891892,19.487,18.7946,18.7946,19.5365
2023-04-24,533543,10188474,19.05,19.3,18.95,19.1,0.1,396,0.9891891891891892,18.8441,18.8935,18.7451,19.0914
2023-04-25,8708829,173152123,19.1,20.45,19.05,20.05,0.95,3781,0.9891891891891892,18.8935,19.8332,18.8441,20.2289
2023-04-26,3399998,66042589,19.55,20.05,19.0,19.45,-0.6,1875,0.9891891891891892,19.3386,19.2397,18.7946,19.8332
2023-04-27,1278481,24545127,19.3,19.5,19.05,19.15,-0.3,732,0.9891891891891892,19.0914,18.943,18.8441,19.2892
2023-04-28,7779544,159991469,19.3,20.95,19.3,20.45,1.3,3428,0.9891891891891892,19.0914,20.2289,19.0914,20.7235
2023-05-02,10466683,221867806,20.75,21.65,20.3,21.6,1.15,4509,0.9891891891891892,20.5257,21.3665,20.0805,21.4159
2023-05-03,34995832,810309785,22.75,23.75,22.35,23.0,1.4,16184,0.9891891891891892,22.5041,22.7514,22.1084,23.4932
2023-05-04,15639308,353946373,23.25,23.5,22.05,22.3,-0.7,7852,0.9891891891891892,22.9986,22.0589,21.8116,23.2459
2023-05-05,4464433,97932105,22.1,22.25,21.7,21.9,-0.4,2605,0.9891891891891892,21.8611,21.6632,21.4654,22.0095
2023-05-08,3522593,76353085,22.2,22.25,21.4,21.65,-0.25,1884,0.9891891891891892,21.96,21.4159,21.1686,22.0095
2023-05-09,3833751,80431842,21.5,21.65,20.55,20.55,-1.1,2080,0.9891891891891892,21.2676,20.3278,20.3278,21.4159
2023-05-10,1880032,39051985,20.75,20.95,20.45,20.75,0.2,1020,0.9891891891891892,20.5257,20.5257,20.2289,20.7235
2023-05-11,2962370,59267177,20.65,20.75,19.65,19.7,-1.05,1582,0.9891891891891892,20.4268,19.487,19.4376,20.5257
2023-05-12,975615,19465658,19.75,20.2,19.65,20.15,0.45,642,0.9891891891891892,19.5365,19.9322,19.4376,19.9816
2023-05-15,937064,18697993,20.2,20.25,19.8,19.9,-0.25,580,0.9891891891891892,19.9816,19.6849,19.5859,20.0311
2023-05-16,721155,14470646,20.2,20.2,19.95,20.1,0.2,422,0.9891891891891892,19.9816,19.8827,19.7343,19.9816
2023-05-17,1189541,24081127,20.2,20.4,20.05,20.15,0.05,655,0.9891891891891892,19.9816,19.9322,19.8332,20.1795
2023-05-18,1031008,20748354,20.4,20.4,20.0,20.0,-0.15,582,0.9891891891891892,20.1795,19.7838,19.7838,20.1795
2023-05-19,1127867,22519223,20.1,20.25,19.8,19.8,-0.2,644,0.9891891891891892,19.8827,19.5859,19.5859,20.0311
2023-05-22,1345751,27173687,19.85,20.35,19.8,20.3,0.5,631,0.9891891891891892,19.6354,20.0805,19.5859,20.13
2023-05-23,1158319,23761525,20.25,20.75,20.2,20.5,0.2,629,0.9891891891891892,20.0311,20.2784,19.9816,20.5257
2023-05-24,8842746,192444886,20.35,22.35,20.25,22.35,1.85,4044,0.9891891891891892,20.13,22.1084,20.0311,22.1084
2023-05-25,10909244,242633823,22.65,22.65,21.75,21.85,-0.5,4951,0.9891891891891892,22.4051,21.6138,21.5149,22.4051
2023-05-26,3015377,64162269,21.75,21.75,20.95,21.05,-0.8,1718,0.9891891891891892,21.5149,20.8224,20.7235,21.5149
2023-05-29,1609994,34495702,21.1,21.65,21.1,21.4,0.35,974,0.9891891891891892,20.8719,21.1686,20.8719,21.4159
2023-05-30,1773883,38240707,21.6,21.85,21.35,21.5,0.1,881,0.9891891891891892,21.3665,21.2676,21.1192,21.6138
2023-05-31,2124412,46452092,21.55,22.15,21.55,21.75,0.25,1095,0.9891891891891892,21.317,21.5149,21.317,21.9105
2023-06-01,1699858,37175017,21.85,22.1,21.65,21.65,-0.1,878,0.9891891891891892,21.6138,21.4159,21.4159,21.8611
2023-06-02,1748157,37718162,21.95,21.95,21.4,21.4,-0.25,897,0.9891891891891892,21.7127,21.1686,21.1686,21.7127
2023-06-05,1582018,34526079,21.6,22.05,21.6,21.65,0.25,750,0.9891891891891892,21.3665,21.4159,21.3665,21.8116
2023-06-06,1556613,33264561,21.7,21.75,21.2,21.3,-0.35,659,0.9891891891891892,21.4654,21.0697,20.9708,21.5149
2023-06-07,971520,20869119,21.5,21.75,21.25,21.3,0.0,565,0.9891891891891892,21.2676,21.0697,21.0203,21.5149
2023-06-08,1498387,31481039,21.35,21.35,20.85,20.85,-0.45,794,0.9891891891891892,21.1192,20.6246,20.6246,21.1192
2023-06-09,999430,20839752,21.1,21.1,20.6,20.8,-0.05,505,0.9891891891891892,20.8719,20.5751,20.3773,20.8719
2023-06-12,2108376,42562347,20.6,20.65,20.0,20.0,-0.8,978,0.9891891891891892,20.3773,19.7838,19.7838,20.4268
2023-06-13,1221581,24430386,20.1,20.2,19.9,19.95,-0.05,657,0.9891891891891892,19.8827,19.7343,19.6849,19.9816
2023-06-14,1558097,31142158,20.0,20.3,19.85,19.85,-0.1,773,0.9891891891891892,19.7838,19.6354,19.6354,20.0805
2023-06-15,1190944,23659416,19.9,20.0,19.65,19.85,0.0,530,0.9891891891891892,19.6849,19.6354,19.4376,19.7838
2023-06-16,2612440,51440377,20.0,20.05,19.5,19.5,-0.35,1287,0.9891891891891892,19.7838,19.2892,19.2892,19.8332
2023-06-19,1185796,23359518,19.65,20.0,19.35,19.75,0.25,650,0.9891891891891892,19.4376,19.5365,19.1408,19.7838
2023-06-20,2154369,43486126,20.05,20.55,20.0,20.05,0.3,1256,0.9891891891891892,19.8332,19.8332,19.7838,20.3278
2023-06-21,828224,16540253,20.25,20.25,19.9,19.9,-0.15,460,0.9891891891891892,20.0311,19.6849,19.6849,20.0311
2023-06-26,966286,19213303,19.85,20.2,19.5,20.05,0.15,459,0.9891891891891892,19.6354,19.8332,19.2892,19.9816
2023-06-27,800199,15945049,20.1,20.2,19.85,19.85,-0.2,385,0.9891891891891892,19.8827,19.6354,19.6354,19.9816
2023-06-28,940361,18951785,20.1,20.4,19.95,20.0,0.15,489,0.9891891891891892,19.8827,19.7838,19.7343,20.1795
2023-06-29,598573,12032995,20.25,20.3,19.95,20.05,0.05,331,0.9891891891891892,20.0311,19.8332,19.7343,20.0805
2023-06-30,691729,13922136,20.1,20.3,20.0,20.05,0.0,346,0.9891891891891892,19.8827,19.8332,19.7838,20.0805
2023-07-03,1215088,24702543,20.2,20.5,20.1,20.35,0.3,656,0.9891891891891892,19.9816,20.13,19.8827,20.2784
2023-07-04,1011211,20596341,20.45,20.65,20.2,20.35,0.0,495,0.9891891891891892,20.2289,20.13,19.9816,20.4268
2023-07-05,926810,19024491,20.45,20.7,20.35,20.35,0.0,597,0.9891891891891892,20.2289,20.13,20.13,20.4762
2023-07-06,1134439,23059916,20.35,20.65,20.05,20.35,0.0,604,0.9891891891891892,20.13,20.13,19.8332,20.4268
2023-07-07,937219,18750146,20.5,20.5,19.75,19.95,-0.4,514,0.9891891891891892,20.2784,19.7343,19.5365,20.2784
2023-07-10,532458,10646379,20.2,20.2,19.9,19.95,0.0,272,0.9891891891891892,19.9816,19.7343,19.6849,19.9816
2023-07-11,826454,16356754,20.05,20.1,19.65,19.75,-0.2,478,0.9891891891891892,19.8332,19.5365,19.4376,19.8827
2023-07-12,644807,12716353,20.1,20.1,19.6,19.6,-0.15,316,0.9891891891891892,19.8827,19.3881,19.3881,19.8827
2023-07-13,920191,18065432,19.75,19.95,19.45,19.45,-0.15,434,0.9891891891891892,19.5365,19.2397,19.2397,19.7343
2023-07-14,765991,15031519,19.5,19.8,19.4,19.7,0.25,374,0.9891891891891892,19.2892,19.487,19.1903,19.5859
2023-07-17,788826,15772357,19.8,20.25,19.45,20.05,0.35,454,0.9891891891891892,19.5859,19.8332,19.2397,20.0311
2023-07-18,1116242,21908032,20.2,20.2,19.45,19.5,-0.55,670,0.9891891891891892,19.9816,19.2892,19.2397,19.9816
2023-07-19,938808,18206407,19.7,19.7,19.1,19.5,0.0,429,0.9891891891891892,19.487,19.2892,18.8935,19.487
2023-07-20,628739,12287991,19.6,19.7,19.4,19.6,0.1,264,0.9891891891891892,19.3881,19.3881,19.1903,19.487
2023-07-21,762524,14679247,19.55,19.55,19.05,19.3,-0.3,368,0.9891891891891892,19.3386,19.0914,18.8441,19.3386
2023-07-24,714374,13491637,19.45,19.45,18.6,18.85,-0.45,391,0.9891891891891892,19.2397,18.6462,18.3989,19.2397
2023-07-25,431545,8181608,18.95,19.1,18.85,18.95,0.1,244,0.9891891891891892,18.7451,18.7451,18.6462,18.8935
2023-07-26,373713,7035218,19.0,19.05,18.7,18.7,-0.25,211,0.9891891891891892,18.7946,18.4978,18.4978,18.8441
2023-07-27,358331,6831421,18.75,19.2,18.7,19.15,0.45,233,0.9891891891891892,18.5473,18.943,18.4978,18.9924
2023-07-28,300694,5696823,19.1,19.1,18.9,18.9,-0.25,203,0.9891891891891892,18.8935,18.6957,18.6957,18.8935
2023-07-31,876971,16944191,18.95,19.55,18.9,19.2,0.3,464,0.9891891891891892,18.7451,18.9924,18.6957,19.3386
2023-08-01,3311581,66509413,19.5,20.5,19.3,20.1,0.9,1697,0.9891891891891892,19.2892,19.8827,19.0914,20.2784
2023-08-02,1926606,39118381,20.45,20.85,20.0,20.15,0.05,1242,0.9891891891891892,20.2289,19.9322,19.7838,20.6246
2023-08-04,649381,12991409,19.9,20.2,19.8,20.2,0.05,385,0.9891891891891892,19.6849,19.9816,19.5859,19.9816
2023-08-07,663640,13318510,20.2,20.25,19.95,20.0,-0.2,315,0.9891891891891892,19.9816,19.7838,19.7343,20.0311
2023-08-08,624517,12281908,20.15,20.15,19.5,19.5,-0.5,390,0.9891891891891892,19.9322,19.2892,19.2892,19.9322
2023-08-09,470104,9077489,19.5,19.55,19.15,19.2,-0.3,286,0.9891891891891892,19.2892,18.9924,18.943,19.3386
2023-08-10,406502,7703421,19.2,19.3,18.85,18.85,-0.35,274,0.9891891891891892,18.9924,18.6462,18.6462,19.0914
2023-08-11,450406,8489086,19.0,19.05,18.7,18.8,-0.05,254,0.9891891891891892,18.7946,18.5968,18.4978,18.8441
2023-08-14,937776,16979718,18.8,18.8,17.95,17.95,-0.85,531,0.9891891891891892,18.5968,17.7559,17.7559,18.5968
2023-08-15,431749,7904013,18.3,18.45,18.15,18.4,0.45,218,0.9891891891891892,18.1022,18.2011,17.9538,18.2505
2023-08-16,389300,7068056,18.2,18.35,17.85,18.2,-0.2,204,0.9891891891891892,18.0032,18.0032,17.657,18.1516
2023-08-17,462393,8493235,18.25,18.65,18.0,18.55,0.35,254,0.9891891891891892,18.0527,18.3495,17.8054,18.4484
2023-08-18,329069,6054641,18.55,18.65,18.2,18.2,-0.35,253,0.9891891891891892,18.3495,18.0032,18.0032,18.4484
2023-08-21,268763,4938805,18.1,18.55,18.1,18.2,0.0,158,0.9891891891891892,17.9043,18.0032,17.9043,18.3495
2023-08-22,450213,8179938,18.5,18.5,18.05,18.05,-0.15,236,0.9891891891891892,18.3,17.8549,17.8549,18.3
2023-08-23,738763,13704202,18.15,18.75,18.15,18.5,0.45,360,0.9891891891891892,17.9538,18.3,17.9538,18.5473
2023-08-24,793098,14822233,18.45,19.1,18.4,18.55,0.0,383,1.0,18.45,18.55,18.4,19.1
2023-08-25,778595,14800992,18.55,19.3,18.35,19.0,0.45,465,1.0,18.55,19.0,18.35,19.3
2023-08-28,1049575,20394709,19.15,19.95,19.15,19.25,0.25,626,1.0,19.15,19.25,19.15,19.95
2023-08-29,496788,9600132,19.0,19.65,19.0,19.45,0.2,310,1.0,19.0,19.45,19.0,19.65
2023-08-30,608417,11845502,19.3,19.7,19.3,19.45,0.0,335,1.0,19.3,19.45,19.3,19.7
2023-08-31,548507,10713408,19.5,19.7,19.4,19.6,0.15,289,1.0,19.5,19.6,19.4,19.7
2023-09-01,521368,10263981,19.6,19.9,19.55,19.7,0.1,338,1.0,19.6,19.7,19.55,19.9
2023-09-04,374888,7278669,19.75,19.75,19.3,19.3,-0.4,254,1.0,19.75,19.3,19.3,19.75
2023-09-05,238757,4617807,19.3,19.5,19.2,19.3,0.0,140,1.0,19.3,19.3,19.2,19.5
2023-09-06,233513,4509752,19.45,19.45,19.25,19.3,0.0,166,1.0,19.45,19.3,19.25,19.45
2023-09-07,238786,4591752,19.3,19.45,19.0,19.0,-0.3,156,1.0,19.3,19.0,19.0,19.45
2023-09-08,306541,5801469,19.0,19.1,18.75,18.9,-0.1,209,1.0,19.0,18.9,18.75,19.1
2023-09-11,493485,9113417,18.85,18.9,18.2,18.3,-0.6,306,1.0,18.85,18.3,18.2,18.9
2023-09-12,245718,4508588,18.25,18.45,18.25,18.35,0.05,165,1.0,18.25,18.35,18.25,18.45
2023-09-13,122903,2265993,18.5,18.55,18.35,18.4,0.05,101,1.0,18.5,18.4,18.35,18.55
2023-09-14,1028815,19678370,18.55,19.55,18.55,19.5,1.1,441,1.0,18.55,19.5,18.55,19.55
2023-09-15,3883733,78425761,20.5,20.6,19.75,19.8,0.3,1906,1.0,20.5,19.8,19.75,20.6
2023-09-18,4291921,88317891,19.8,21.2,19.8,20.05,0.25,2058,1.0,19.8,20.05,19.8,21.2
2023-09-19,1147941,23072109,20.15,20.5,19.85,19.95,-0.1,716,1.0,20.15,19.95,19.85,20.5
2023-09-20,750193,14773322,20.15,20.15,19.35,19.55,-0.4,540,1.0,20.15,19.55,19.35,20.15
2023-09-21,681361,13081184,19.7,19.7,19.0,19.1,-0.45,445,1.0,19.7,19.1,19.0,19.7
2023-09-22,294636,5622596,18.85,19.2,18.8,19.2,0.1,214,1.0,18.85,19.2,18.8,19.2
2023-09-25,320172,6149350,19.2,19.35,19.0,19.15,-0.05,193,1.0,19.2,19.15,19.0,19.35
2023-09-26,389902,7402690,19.25,19.25,18.8,18.8,-0.35,227,1.0,19.25,18.8,18.8,19.25
2023-09-27,612520,11449825,18.65,18.9,18.55,18.6,-0.2,262,1.0,18.65,18.6,18.55,18.9
2023-09-28,515397,9758146,18.85,19.5,18.7,18.9,0.3,322,1.0,18.85,18.9,18.7,19.5
2023-10-02,526397,10031124,19.05,19.5,18.9,19.0,0.1,293,1.0,19.05,19.0,18.9,19.5
2023-10-03,289074,5452331,19.05,19.2,18.75,18.75,-0.25,178,1.0,19.05,18.75,18.75,19.2
2023-10-04,679065,12547587,18.75,18.75,18.35,18.4,-0.35,395,1.0,18.75,18.4,18.35,18.75
2023-10-05,357057,6659566,18.65,18.85,18.55,18.55,0.15,223,1.0,18.65,18.55,18.55,18.85
2023-10-06,247399,4631130,18.6,18.8,18.6,18.7,0.15,171,1.0,18.6,18.7,18.6,18.8
2023-10-11,481081,8825048,19.05,19.05,18.0,18.2,-0.5,289,1.0,19.05,18.2,18.0,19.05
2023-10-12,460311,8611358,18.65,18.85,18.4,18.75,0.55,294,1.0,18.65,18.75,18.4,18.85
2023-10-13,252114,4718843,18.8,18.9,18.6,18.6,-0.15,173,1.0,18.8,18.6,18.6,18.9
2023-10-16,289695,5337710,18.55,18.55,18.35,18.45,-0.15,187,1.0,18.55,18.45,18.35,18.55
2023-10-17,270696,5008237,18.75,18.75,18.35,18.35,-0.1,147,1.0,18.75,18.35,18.35,18.75
2023-10-18,519625,9408397,18.3,18.35,18.0,18.0,-0.35,320,1.0,18.3,18.0,18.0,18.35
2023-10-19,204391,3687283,17.85,18.15,17.85,18.05,0.05,141,1.0,17.85,18.05,17.85,18.15
2023-10-20,348398,6260696,18.05,18.25,17.75,18.2,0.15,237,1.0,18.05,18.2,17.75,18.25
2023-10-23,169517,3107662,18.1,18.5,18.05,18.25,0.05,137,1.0,18.1,18.25,18.05,18.5
2023-10-24,403815,7483430,18.4,18.7,18.25,18.7,0.45,246,1.0,18.4,18.7,18.25,18.7
2023-10-25,290351,5466365,18.65,18.95,18.65,18.75,0.05,179,1.0,18.65,18.75,18.65,18.95
2023-10-26,239628,4498807,18.65,19.05,18.5,18.6,-0.15,189,1.0,18.65,18.6,18.5,19.05
2023-10-27,212785,3982192,18.75,18.9,18.6,18.65,0.05,139,1.0,18.75,18.65,18.6,18.9
2023-10-30,131288,2463169,18.85,18.85,18.65,18.65,0.0,151,1.0,18.85,18.65,18.65,18.85
2023-10-31,299047,5554827,18.85,18.85,18.25,18.5,-0.15,167,1.0,18.85,18.5,18.25,18.85
2023-11-01,167789,3081909,18.5,18.65,18.25,18.25,-0.25,139,1.0,18.5,18.25,18.25,18.65
2023-11-02,153246,2845641,18.5,18.7,18.45,18.5,0.25,115,1.0,18.5,18.5,18.45,18.7
2023-11-03,124363,2306931,18.6,18.7,18.5,18.5,0.0,90,1.0,18.6,18.5,18.5,18.7
2023-11-06,473910,8939758,18.75,19.05,18.6,18.95,0.45,312,1.0,18.75,18.95,18.6,19.05
2023-11-07,306881,5824697,18.95,19.1,18.8,18.8,-0.15,206,1.0,18.95,18.8,18.8,19.1
2023-11-08,516484,9899055,19.1,19.45,18.9,19.05,0.25,292,1.0,19.1,19.05,18.9,19.45
2023-11-09,186029,3523655,19.05,19.15,18.85,19.05,0.0,145,1.0,19.05,19.05,18.85,19.15
2023-11-10,198384,3703984,18.55,18.85,18.5,18.7,-0.35,170,1.0,18.55,18.7,18.5,18.85
2023-11-13,999371,18094694,18.5,18.6,18.0,18.05,-0.65,530,1.0,18.5,18.05,18.0,18.6
2023-11-14,274083,4942229,18.25,18.25,17.9,18.05,0.0,190,1.0,18.25,18.05,17.9,18.25
2023-11-15,379071,6882542,18.2,18.3,18.05,18.1,0.05,181,1.0,18.2,18.1,18.05,18.3
2023-11-16,890655,16278773,17.8,18.55,17.8,18.45,0.35,364,1.0,17.8,18.45,17.8,18.55
2023-11-17,236721,4386076,18.45,18.7,18.45,18.5,0.05,169,1.0,18.45,18.5,18.45,18.7
2023-11-20,278192,5177723,18.6,18.75,18.5,18.6,0.1,174,1.0,18.6,18.6,18.5,18.75
2023-11-21,530524,9961686,18.7,18.95,18.6,18.7,0.1,263,1.0,18.7,18.7,18.6,18.95
2023-11-22,483415,9155727,18.7,19.05,18.65,18.95,0.25,296,1.0,18.7,18.95,18.65,19.05
2023-11-23,370594,7025823,18.9,19.1,18.85,18.9,-0.05,220,1.0,18.9,18.9,18.85,19.1
2023-11-24,356113,6692640,18.95,19.1,18.65,18.7,-0.2,203,1.0,18.95,18.7,18.65,19.1
2023-11-27,440296,8115854,18.7,18.7,18.3,18.3,-0.4,239,1.0,18.7,18.3,18.3,18.7
2023-11-28,251447,4622293,18.3,18.5,18.3,18.4,0.1,196,1.0,18.3,18.4,18.3,18.5
2023-11-29,249928,4617072,18.5,18.6,18.35,18.45,0.05,147,1.0,18.5,18.45,18.35,18.6
2023-11-30,322031,5971718,18.45,18.7,18.45,18.6,0.15,170,1.0,18.45,18.6,18.45,18.7
2023-12-01,322404,6027829,18.55,18.8,18.55,18.75,0.15,156,1.0,18.55,18.75,18.55,18.8
2023-12-04,341418,6435222,18.95,18.95,18.75,18.8,0.05,181,1.0,18.95,18.8,18.75,18.95
2023-12-05,225697,4203050,18.7,18.7,18.55,18.65,-0.15,147,1.0,18.7,18.65,18.55,18.7
2023-12-06,285227,5308192,18.7,18.85,18.5,18.6,-0.05,143,1.0,18.7,18.6,18.5,18.85
2023-12-07,3119347,60380841,18.6,19.85,18.6,19.0,0.4,1462,1.0,18.6,19.0,18.6,19.85
2023-12-08,663768,12583560,19.05,19.3,18.8,18.9,-0.1,361,1.0,19.05,18.9,18.8,19.3
2023-12-11,680375,12534111,18.75,18.75,18.3,18.3,-0.6,485,1.0,18.75,18.3,18.3,18.75
2023-12-12,512781,9364385,18.35,18.5,18.15,18.15,-0.15,293,1.0,18.35,18.15,18.15,18.5
2023-12-13,638919,11739612,18.15,18.65,18.0,18.5,0.35,351,1.0,18.15,18.5,18.0,18.65
2023-12-14,444379,8211561,18.5,18.75,18.3,18.3,-0.2,276,1.0,18.5,18.3,18.3,18.75
2023-12-15,520915,9507211,18.35,18.4,18.2,18.25,-0.05,303,1.0,18.35,18.25,18.2,18.4
2023-12-18,358088,6508095,18.2,18.35,18.1,18.1,-0.15,234,1.0,18.2,18.1,18.1,18.35
2023-12-19,607379,10903928,18.1,18.1,17.9,17.9,-0.2,342,1.0,18.1,17.9,17.9,18.1
2023-12-20,600476,11026085,18.0,18.6,18.0,18.45,0.55,269,1.0,18.0,18.45,18.0,18.6
2023-12-21,217684,3984106,18.25,18.5,18.2,18.25,-0.2,158,1.0,18.25,18.25,18.2,18.5
2023-12-22,406174,7493576,18.5,18.6,18.25,18.4,0.15,235,1.0,18.5,18.4,18.25,18.6
2023-12-25,124147,2268896,18.35,18.4,18.2,18.2,-0.2,100,1.0,18.35,18.2,18.2,18.4
2023-12-26,138731,2537091,18.2,18.4,18.2,18.3,0.1,99,1.0,18.2,18.3,18.2,18.4
2023-12-27,116141,2129931,18.45,18.45,18.3,18.3,0.0,105,1.0,18.45,18.3,18.3,18.45
2023-12-28,116355,2120103,18.45,18.45,18.2,18.2,-0.1,98,1.0,18.45,18.2,18.2,18.45
2023-12-29,139373,2532293,18.35,18.35,18.15,18.2,0.0,113,1.0,18.35,18.2,18.15,18.35
2024-02-01,409850,7231069,17.3,17.9,17.25,17.6,0.35,277,1.0,17.3,17.6,17.25,17.9
2024-02-02,231322,4078616,17.6,17.75,17.55,17.6,0.0,170,1.0,17.6,17.6,17.55,17.75
2024-02-05,433726,7746862,17.6,18.1,17.55,17.65,0.05,271,1.0,17.6,17.65,17.55,18.1
2024-02-15,425861,7672298,17.85,18.2,17.7,17.7,0.05,276,1.0,17.85,17.7,17.7,18.2
2024-02-16,546105,9874911,17.95,18.2,17.9,18.1,0.4,312,1.0,17.95,18.1,17.9,18.2
2024-02-19,362662,6550592,18.1,18.3,18.0,18.0,-0.1,259,1.0,18.1,18.0,18.0,18.3
2024-02-20,480281,8672798,18.0,18.2,17.95,17.95,-0.05,233,1.0,18.0,17.95,17.95,18.2
2024-02-21,199635,3594456,17.95,18.1,17.8,17.95,0.0,173,1.0,17.95,17.95,17.8,18.1
2024-02-22,272564,4881754,18.0,18.0,17.85,17.9,-0.05,176,1.0,18.0,17.9,17.85,18.0
2024-02-23,278427,4969351,17.9,18.0,17.7,17.7,-0.2,230,1.0,17.9,17.7,17.7,18.0
2024-02-26,751442,13551245,17.95,18.1,17.95,18.0,0.3,370,1.0,17.95,18.0,17.95,18.1
2024-02-27,277134,4973745,18.15,18.2,17.8,17.8,-0.2,207,1.0,18.15,17.8,17.8,18.2
2024-02-29,210404,3740315,17.85,17.9,17.7,17.7,-0.1,195,1.0,17.85,17.7,17.7,17.9
2024-03-01,131640,2334097,17.9,17.9,17.7,17.7,0.0,134,1.0,17.9,17.7,17.7,17.9
2024-03-04,601168,10819238,17.75,18.25,17.75,18.0,0.3,383,1.0,17.75,18.0,17.75,18.25
2024-03-05,431253,7692112,18.0,18.15,17.65,17.75,-0.25,281,1.0,18.0,17.75,17.65,18.15
2024-03-06,391458,6876721,17.45,17.75,17.45,17.55,-0.2,263,1.0,17.45,17.55,17.45,17.75
2024-03-07,546657,9439653,17.55,17.55,17.15,17.15,-0.4,359,1.0,17.55,17.15,17.15,17.55
2024-03-08,886685,15109582,17.15,17.25,16.8,16.85,-0.3,457,1.0,17.15,16.85,16.8,17.25
2024-03-11,464073,7786177,16.85,16.95,16.55,16.6,-0.25,342,1.0,16.85,16.6,16.55,16.95
2024-03-12,395481,6597726,16.6,16.75,16.6,16.65,0.05,274,1.0,16.6,16.65,16.6,16.75
2024-03-13,1119030,18642669,16.65,17.25,16.15,16.95,0.3,521,1.0,16.65,16.95,16.15,17.25
2024-03-14,1567147,26009416,16.95,17.25,16.1,16.7,-0.25,647,1.0,16.95,16.7,16.1,17.25
2024-03-15,486984,7998224,16.75,16.8,16.3,16.3,-0.4,289,1.0,16.75,16.3,16.3,16.8
2024-03-18,366901,5921364,16.3,16.3,16.0,16.1,-0.2,254,1.0,16.3,16.1,16.0,16.3
2024-03-19,419647,6725564,16.1,16.1,15.95,16.0,-0.1,230,1.0,16.1,16.0,15.95,16.1
2024-03-20,366345,5836762,16.05,16.05,15.9,15.9,-0.1,189,1.0,16.05,15.9,15.9,16.05
2024-03-21,943197,15522319,15.9,16.8,15.9,16.5,0.6,529,1.0,15.9,16.5,15.9,16.8
2024-03-22,164229,2700177,16.6,16.65,16.3,16.55,0.05,182,1.0,16.6,16.55,16.3,16.65
2024-03-25,182846,3026997,16.55,16.7,16.45,16.6,0.05,169,1.0,16.55,16.6,16.45,16.7
2024-03-26,246096,4014459,16.6,16.6,16.15,16.2,-0.4,198,1.0,16.6,16.2,16.15,16.6
2024-03-27,134750,2193587,16.15,16.35,16.15,16.35,0.15,118,1.0,16.15,16.35,16.15,16.35
2024-03-28,191269,3143531,16.4,16.55,16.35,16.35,0.0,178,1.0,16.4,16.35,16.35,16.55
2024-03-29,145909,2368349,16.25,16.5,16.15,16.2,-0.15,116,1.0,16.25,16.2,16.15,16.5
2024-04-01,178762,2944519,16.3,16.6,16.3,16.45,0.25,143,1.0,16.3,16.45,16.3,16.6
2024-04-02,78344,1285057,16.55,16.55,16.3,16.3,-0.15,89,1.0,16.55,16.3,16.3,16.55
2024-04-03,113998,1844453,16.3,16.3,16.1,16.2,-0.1,144,1.0,16.3,16.2,16.1,16.3
2024-04-08,99663,1622904,16.2,16.5,16.2,16.3,0.1,119,1.0,16.2,16.3,16.2,16.5
2024-04-09,217578,3545322,16.3,16.5,16.2,16.2,-0.1,156,1.0,16.3,16.2,16.2,16.5
2024-04-10,362041,5965761,16.3,16.65,16.3,16.45,0.25,263,1.0,16.3,16.45,16.3,16.65
2024-04-11,820389,13877289,17.25,17.3,16.7,16.8,0.35,481,1.0,17.25,16.8,16.7,17.3
2024-04-12,355309,5891733,16.85,16.85,16.35,16.55,-0.25,219,1.0,16.85,16.55,16.35,16.85
2024-04-15,205165,3380369,16.5,16.7,16.25,16.45,-0.1,217,1.0,16.5,16.45,16.25,16.7
2024-04-16,497559,7979908,16.2,16.45,15.9,15.9,-0.55,296,1.0,16.2,15.9,15.9,16.45
2024-04-17,207857,3362248,16.15,16.3,16.05,16.25,0.35,145,1.0,16.15,16.25,16.05,16.3
2024-04-18,136315,2212970,16.3,16.3,16.1,16.3,0.05,173,1.0,16.3,16.3,16.1,16.3
2024-04-19,468003,7476487,16.0,16.25,15.8,15.8,-0.5,348,1.0,16.0,15.8,15.8,16.25
2024-04-22,193776,3081633,16.1,16.2,15.75,15.8,0.0,325,1.0,16.1,15.8,15.75,16.2
2024-04-23,106428,1708948,15.95,16.15,15.85,16.15,0.35,222,1.0,15.95,16.15,15.85,16.15
2024-04-24,201646,3273183,16.15,16.3,16.15,16.25,0.1,315,1.0,16.15,16.25,16.15,16.3
2024-04-25,114536,1857524,16.1,16.3,16.1,16.25,0.0,130,1.0,16.1,16.25,16.1,16.3
2024-04-26,263369,4235499,16.2,16.25,15.65,16.05,-0.2,232,1.0,16.2,16.05,15.65,16.25
2024-04-29,167191,2713638,16.1,16.3,16.1,16.15,0.1,131,1.0,16.1,16.15,16.1,16.3
2024-04-30,365724,6056753,16.35,16.85,16.3,16.45,0.3,284,1.0,16.35,16.45,16.3,16.85
2024-05-02,270302,4484655,16.6,16.8,16.45,16.55,0.1,167,1.0,16.6,16.55,16.45,16.8
2024-05-03,348166,5833163,16.75,16.95,16.55,16.65,0.1,210,1.0,16.75,16.65,16.55,16.95
2024-05-06,270410,4521157,16.75,16.85,16.6,16.7,0.05,152,1.0,16.75,16.7,16.6,16.85
2024-05-07,176623,2949828,16.7,16.8,16.65,16.75,0.05,116,1.0,16.7,16.75,16.65,16.8
2024-05-08,312715,5221212,16.7,16.85,16.6,16.75,0.0,135,1.0,16.7,16.75,16.6,16.85
2024-05-09,195901,3269859,16.85,16.85,16.55,16.6,-0.15,151,1.0,16.85,16.6,16.55,16.85
2024-05-10,131565,2167504,16.7,16.7,16.4,16.4,-0.2,122,1.0,16.7,16.4,16.4,16.7
2024-05-13,119772,1948704,16.3,16.35,16.2,16.35,-0.05,146,1.0,16.3,16.35,16.2,16.35
2024-05-14,273629,4432573,16.3,16.35,16.15,16.2,-0.15,177,1.0,16.3,16.2,16.15,16.35
2024-05-15,184635,2992818,16.3,16.45,16.1,16.2,0.0,137,1.0,16.3,16.2,16.1,16.45
2024-05-16,447261,7200646,16.3,16.3,16.0,16.05,-0.15,262,1.0,16.3,16.05,16.0,16.3
2024-05-17,335725,5427685,16.1,16.25,16.05,16.2,0.15,198,1.0,16.1,16.2,16.05,16.25
2024-05-20,193464,3130249,16.35,16.35,16.1,16.1,-0.1,139,1.0,16.35,16.1,16.1,16.35
2024-05-21,745162,12343502,16.15,17.0,16.15,16.7,0.6,440,1.0,16.15,16.7,16.15,17.0
2024-05-22,363465,6080212,16.8,16.85,16.6,16.6,-0.1,229,1.0,16.8,16.6,16.6,16.85
2024-05-23,275027,4544153,16.6,16.7,16.4,16.45,-0.15,195,1.0,16.6,16.45,16.4,16.7
2024-05-24,384527,6416702,16.4,16.85,16.4,16.7,0.25,237,1.0,16.4,16.7,16.4,16.85
2024-05-27,548263,9333889,16.85,17.15,16.85,16.9,0.2,336,1.0,16.85,16.9,16.85,17.15
2024-05-28,320883,5427232,16.9,17.05,16.85,16.9,0.0,227,1.0,16.9,16.9,16.85,17.05
2024-05-29,284767,4816885,17.05,17.1,16.85,16.9,0.0,186,1.0,17.05,16.9,16.85,17.1
2024-05-30,146862,2472475,16.9,16.95,16.7,16.7,-0.2,144,1.0,16.9,16.7,16.7,16.95
2024-05-31,326974,5481584,16.85,16.9,16.65,16.8,0.1,189,1.0,16.85,16.8,16.65,16.9
2024-06-03,1756684,30749402,16.95,18.2,16.75,17.85,1.05,1093,1.0,16.95,17.85,16.75,18.2
2024-06-04,1038570,18326555,17.8,17.9,17.4,17.65,-0.2,632,1.0,17.8,17.65,17.4,17.9
2024-06-05,1033507,18110955,17.9,17.95,17.1,17.35,-0.3,555,1.0,17.9,17.35,17.1,17.95
2024-06-06,728996,12508806,17.5,17.65,16.9,17.0,-0.35,407,1.0,17.5,17.0,16.9,17.65
2024-06-07,585711,10079622,17.15,17.4,17.0,17.3,0.3,300,1.0,17.15,17.3,17.0,17.4
2024-06-11,2325861,42221419,17.8,18.7,17.7,17.8,0.5,1246,1.0,17.8,17.8,17.7,18.7
2024-06-12,571134,10048230,17.85,17.95,17.4,17.45,-0.35,393,1.0,17.85,17.45,17.4,17.95
2024-06-13,602188,10641445,17.8,17.8,17.5,17.6,0.15,362,1.0,17.8,17.6,17.5,17.8
2024-06-14,1254381,22518577,17.75,18.2,17.7,17.75,0.15,591,1.0,17.75,17.75,17.7,18.2
2024-06-17,764891,13800483,18.0,18.45,17.65,18.25,0.5,509,1.0,18.0,18.25,17.65,18.45
2024-06-18,2481391,45850036,19.0,19.1,18.05,18.05,-0.2,1257,1.0,19.0,18.05,18.05,19.1
2024-06-19,1572000,28035869,18.15,18.3,17.55,17.7,-0.35,640,1.0,18.15,17.7,17.55,18.3
2024-06-20,517165,9298230,17.7,18.15,17.7,18.0,0.3,325,1.0,17.7,18.0,17.7,18.15
2024-06-21,1497310,27518797,18.05,18.55,18.05,18.4,0.4,767,1.0,18.05,18.4,18.05,18.55
2024-06-24,1256850,23306140,18.45,18.85,18.35,18.4,0.0,561,1.0,18.45,18.4,18.35,18.85
2024-06-25,1070906,19872727,18.6,18.8,18.15,18.8,0.4,486,1.0,18.6,18.8,18.15,18.8
2024-06-26,6814675,135207246,19.6,20.55,19.1,19.4,0.6,3432,1.0,19.6,19.4,19.1,20.55
2024-06-27,1621699,30935079,19.15,19.5,18.85,18.9,-0.5,781,1.0,19.15,18.9,18.85,19.5
2024-06-28,3179663,62425540,18.9,20.1,18.9,19.65,0.75,1364,1.0,18.9,19.65,18.9,20.1
2024-07-01,1158890,22582328,19.85,19.9,19.3,19.35,-0.3,605,1.0,19.85,19.35,19.3,19.9
2024-07-02,835410,16199672,19.45,19.7,19.05,19.4,0.05,453,1.0,19.45,19.4,19.05,19.7
2024-07-03,1319083,25879704,19.7,19.9,19.4,19.5,0.1,561,1.0,19.7,19.5,19.4,19.9
2024-07-04,1319406,25961900,19.65,19.9,19.4,19.55,0.05,571,1.0,19.65,19.55,19.4,19.9
2024-07-05,1443009,28676542,19.8,20.1,19.55,19.95,0.4,746,1.0,19.8,19.95,19.55,20.1
2024-07-08,2240779,45544449,20.2,20.75,20.05,20.05,0.1,1233,1.0,20.2,20.05,20.05,20.75
2024-07-09,1776643,35222324,20.05,20.3,19.45,20.15,0.1,751,1.0,20.05,20.15,19.45,20.3
2024-07-10,907626,18358193,20.15,20.4,20.0,20.05,-0.1,552,1.0,20.15,20.05,20.0,20.4
2024-07-11,979718,19411647,20.05,20.2,19.7,19.75,-0.3,594,1.0,20.05,19.75,19.7,20.2
2024-07-12,730764,14458246,19.7,20.0,19.6,19.6,-0.15,384,1.0,19.7,19.6,19.6,20.0
2024-07-15,1110445,21566689,20.0,20.0,19.1,19.55,-0.05,633,1.0,20.0,19.55,19.1,20.0
2024-07-16,902803,17321015,19.55,19.7,19.0,19.0,-0.55,623,1.0,19.55,19.0,19.0,19.7
2024-07-17,860417,16414505,18.95,19.3,18.95,19.2,0.2,438,1.0,18.95,19.2,18.95,19.3
2024-07-18,506875,9590790,19.0,19.15,18.75,19.0,-0.2,349,1.0,19.0,19.0,18.75,19.15
2024-07-19,4267563,84856358,19.1,20.45,18.95,19.7,0.7,2176,1.0,19.1,19.7,18.95,20.45
2024-07-22,1820882,35148850,19.55,20.05,18.95,19.2,-0.5,996,1.0,19.55,19.2,18.95,20.05
2024-07-23,789845,15324326,19.3,19.85,19.0,19.0,-0.2,480,1.0,19.3,19.0,19.0,19.85
2024-07-26,405501,7542759,18.7,18.75,18.45,18.7,-0.3,287,1.0,18.7,18.7,18.45,18.75
2024-07-29,631394,11630207,19.4,19.4,18.15,18.2,-0.5,436,1.0,19.4,18.2,18.15,19.4
2024-07-30,608446,11121390,18.05,18.6,18.05,18.45,0.25,381,1.0,18.05,18.45,18.05,18.6
2024-07-31,271434,5010270,18.45,18.65,18.3,18.4,-0.05,233,1.0,18.45,18.4,18.3,18.65
2024-08-01,385025,7231474,18.4,18.95,18.4,18.95,0.55,244,1.0,18.4,18.95,18.4,18.95
2024-08-02,483375,8880102,18.7,18.75,18.05,18.05,-0.9,334,1.0,18.7,18.05,18.05,18.75
2024-08-05,1380276,22587512,17.5,17.5,16.25,16.25,-1.8,636,1.0,17.5,16.25,16.25,17.5
2024-08-06,959188,14646067,16.3,16.35,14.65,15.35,-0.9,579,1.0,16.3,15.35,14.65,16.35
2024-08-07,790446,12992160,15.55,16.85,15.55,16.7,1.35,395,1.0,15.55,16.7,15.55,16.85
2024-08-08,362339,5982253,16.3,16.75,16.2,16.55,-0.15,238,1.0,16.3,16.55,16.2,16.75
2024-08-09,412810,6943182,16.65,17.0,16.65,16.7,0.15,233,1.0,16.65,16.7,16.65,17.0
2024-08-12,195946,3304553,16.8,17.1,16.7,16.8,0.1,151,1.0,16.8,16.8,16.7,17.1
2024-08-13,182531,3050270,16.8,16.95,16.6,16.75,-0.05,174,1.0,16.8,16.75,16.6,16.95
2024-08-14,860418,14606849,16.9,17.25,16.6,16.9,0.15,303,1.0,16.9,16.9,16.6,17.25
2024-08-15,236120,3967124,16.95,17.05,16.65,16.7,-0.2,244,1.0,16.95,16.7,16.65,17.05
2024-08-16,662993,11403991,16.85,17.35,16.85,17.15,0.45,500,1.0,16.85,17.15,16.85,17.35
2024-08-19,795760,13658847,17.15,17.5,16.9,17.5,0.35,453,1.0,17.15,17.5,16.9,17.5
2024-08-20,624514,10876386,17.5,18.1,17.25,17.3,-0.2,380,1.0,17.5,17.3,17.25,18.1
2024-08-21,667763,11549107,17.2,17.5,17.05,17.4,0.1,246,1.0,17.2,17.4,17.05,17.5
2024-08-22,382691,6633360,17.5,17.5,17.2,17.25,-0.15,223,1.0,17.5,17.25,17.2,17.5
2024-08-23,282152,4790894,17.1,17.15,16.85,17.05,-0.2,167,1.0,17.1,17.05,16.85,17.15
2024-08-26,134350,2306675,17.35,17.35,17.05,17.05,0.0,114,1.0,17.35,17.05,17.05,17.35
2024-08-27,126345,2151830,17.0,17.15,16.95,17.1,0.05,121,1.0,17.0,17.1,16.95,17.15
2024-08-28,545041,9322123,17.1,17.4,16.8,17.15,0.05,295,1.0,17.1,17.15,16.8,17.4
2024-08-29,270552,4622825,17.0,17.25,17.0,17.1,-0.05,146,1.0,17.0,17.1,17.0,17.25
2024-08-30,462583,7995630,17.1,17.5,17.1,17.3,0.2,284,1.0,17.1,17.3,17.1,17.5
2024-09-02,548723,9412955,17.45,17.5,17.0,17.1,-0.2,470,1.0,17.45,17.1,17.0,17.5
2024-09-03,309435,5256458,17.15,17.3,16.8,16.8,-0.3,247,1.0,17.15,16.8,16.8,17.3
2024-09-04,799719,12860340,16.5,16.5,15.9,15.9,-0.9,510,1.0,16.5,15.9,15.9,16.5
2024-09-05,290791,4694718,15.95,16.4,15.95,16.05,0.15,187,1.0,15.95,16.05,15.95,16.4
2024-09-06,270322,4334074,16.05,16.25,15.9,16.05,0.0,147,1.0,16.05,16.05,15.9,16.25
2024-09-09,183198,2923164,15.75,16.15,15.75,16.1,0.05,130,1.0,15.75,16.1,15.75,16.15
2024-09-10,341653,5469573,16.35,16.35,15.85,16.0,-0.1,192,1.0,16.35,16.0,15.85,16.35
2024-09-11,700925,10928829,15.6,15.85,15.45,15.45,-0.55,411,1.0,15.6,15.45,15.45,15.85
2024-09-12,783297,12711582,15.55,16.5,15.55,16.3,0.85,360,1.0,15.55,16.3,15.55,16.5
2024-09-13,233264,3807264,16.6,16.6,16.15,16.15,-0.15,171,1.0,16.6,16.15,16.15,16.6
2024-09-16,339905,5623111,16.35,16.8,16.35,16.8,0.65,212,1.0,16.35,16.8,16.35,16.8
2024-09-18,233135,3841006,16.8,16.8,16.3,16.3,-0.5,199,1.0,16.8,16.3,16.3,16.8
2024-09-19,153072,2526682,16.35,16.6,16.3,16.5,0.2,107,1.0,16.35,16.5,16.3,16.6
2024-09-20,148548,2461819,16.55,16.8,16.45,16.5,0.0,108,1.0,16.55,16.5,16.45,16.8
2024-09-23,135454,2232674,16.65,16.7,16.35,16.4,-0.1,90,1.0,16.65,16.4,16.35,16.7
2024-09-24,197911,3220966,16.55,16.55,16.2,16.25,-0.15,167,1.0,16.55,16.25,16.2,16.55
2024-09-25,291808,4804985,16.45,16.65,16.4,16.4,0.15,133,1.0,16.45,16.4,16.4,16.65
2024-09-26,155676,2570319,16.6,16.75,16.35,16.4,0.0,119,1.0,16.6,16.4,16.35,16.75
2024-09-27,140606,2317416,16.6,16.65,16.35,16.65,0.25,100,1.0,16.6,16.65,16.35,16.65
2024-09-30,166426,2770299,16.6,16.75,16.5,16.7,0.05,136,1.0,16.6,16.7,16.5,16.75
2024-10-01,406589,6670398,16.65,16.75,16.25,16.4,-0.3,175,1.0,16.65,16.4,16.25,16.75
2024-10-04,159078,2614982,16.5,16.55,16.35,16.5,0.1,90,1.0,16.5,16.5,16.35,16.55
2024-10-07,342261,5710273,16.5,16.85,16.45,16.85,0.35,176,1.0,16.5,16.85,16.45,16.85
2024-10-08,466508,7944205,16.9,17.35,16.6,17.3,0.45,280,1.0,16.9,17.3,16.6,17.35
2024-10-09,411921,7046121,17.6,17.6,16.9,17.0,-0.3,295,1.0,17.6,17.0,16.9,17.6
2024-10-11,1154148,20178337,16.9,18.0,16.7,17.35,0.35,688,1.0,16.9,17.35,16.7,18.0
2024-10-14,405392,7044830,17.65,17.7,17.05,17.5,0.15,260,1.0,17.65,17.5,17.05,17.7
2024-10-15,473000,8296480,17.75,17.8,17.4,17.45,-0.05,280,1.0,17.75,17.45,17.4,17.8
2024-10-16,339612,5956580,17.4,17.7,17.4,17.6,0.15,212,1.0,17.4,17.6,17.4,17.7
2024-10-17,455763,8110934,17.8,18.0,17.6,17.7,0.1,301,1.0,17.8,17.7,17.6,18.0
2024-10-18,386331,6779705,18.0,18.0,17.4,17.4,-0.3,214,1.0,18.0,17.4,17.4,18.0
2024-10-21,331586,5794625,17.45,17.65,17.35,17.45,0.05,189,1.0,17.45,17.45,17.35,17.65
2024-10-22,194530,3395847,17.45,17.55,17.35,17.45,0.0,151,1.0,17.45,17.45,17.35,17.55
2024-10-23,308061,5390934,17.45,17.8,17.4,17.4,-0.05,168,1.0,17.45,17.4,17.4,17.8
2024-10-24,201283,3498212,17.55,17.55,17.25,17.25,-0.15,143,1.0,17.55,17.25,17.25,17.55
2024-10-25,188157,3253101,17.5,17.5,17.15,17.25,0.0,124,1.0,17.5,17.25,17.15,17.5
2024-10-28,234092,3994387,17.45,17.45,16.9,17.1,-0.15,148,1.0,17.45,17.1,16.9,17.45
2024-10-29,99142,1677447,17.1,17.1,16.85,16.85,-0.25,79,1.0,17.1,16.85,16.85,17.1
2024-10-30,165369,2765085,16.95,16.95,16.6,16.6,-0.25,130,1.0,16.95,16.6,16.6,16.95
2024-11-01,144030,2383546,16.5,16.85,16.3,16.85,0.25,101,1.0,16.5,16.85,16.3,16.85
2024-11-04,227313,3768886,16.85,16.85,16.45,16.45,-0.4,134,1.0,16.85,16.45,16.45,16.85
2024-11-05,539793,9087626,17.75,17.75,16.4,16.4,-0.05,339,1.0,17.75,16.4,16.4,17.75
2024-11-06,130491,2148978,16.4,16.6,16.4,16.45,0.05,93,1.0,16.4,16.45,16.4,16.6
2024-11-07,297421,4981065,16.7,16.9,16.5,16.75,0.3,182,1.0,16.7,16.75,16.5,16.9
2024-11-08,3978138,72754819,17.6,18.4,17.1,18.4,1.65,1552,1.0,17.6,18.4,17.1,18.4
2024-11-11,8961274,169144492,19.4,19.5,18.15,18.25,-0.15,4223,1.0,19.4,18.25,18.15,19.5
2024-11-12,2057904,37171825,18.25,18.6,17.75,17.75,-0.5,1125,1.0,18.25,17.75,17.75,18.6
2024-11-13,9397355,179396616,17.8,19.5,17.8,18.5,0.75,4106,1.0,17.8,18.5,17.8,19.5
2024-11-14,1883679,34357779,18.25,18.65,18.0,18.25,-0.25,1022,1.0,18.25,18.25,18.0,18.65
2024-11-15,1216994,21793257,18.15,18.35,17.45,17.75,-0.5,777,1.0,18.15,17.75,17.45,18.35
2024-11-18,659878,11538582,17.65,17.75,17.35,17.4,-0.35,437,1.0,17.65,17.4,17.35,17.75
2024-11-19,1900182,34362558,17.5,18.8,17.35,18.0,0.6,1013,1.0,17.5,18.0,17.35,18.8
2024-11-20,3242705,59436861,18.35,19.0,17.65,17.65,-0.35,1861,1.0,18.35,17.65,17.65,19.0
2024-11-21,575124,10189437,17.55,18.0,17.5,17.95,0.3,376,1.0,17.55,17.95,17.5,18.0
2024-11-22,871266,15728923,17.85,18.25,17.85,18.05,0.1,510,1.0,17.85,18.05,17.85,18.25
2024-11-25,806500,14766939,18.2,18.5,18.1,18.3,0.25,478,1.0,18.2,18.3,18.1,18.5
2024-11-26,6038851,116508852,18.35,19.75,17.8,19.35,1.05,2580,1.0,18.35,19.35,17.8,19.75
2024-11-27,4816735,91755388,19.5,19.5,18.4,18.4,-0.95,2522,1.0,19.5,18.4,18.4,19.5
2024-11-28,5972540,113993377,18.45,19.45,18.45,19.1,0.7,3064,1.0,18.45,19.1,18.45,19.45
2024-11-29,3488674,66631559,19.05,19.4,18.6,19.3,0.2,1934,1.0,19.05,19.3,18.6,19.4
2024-12-02,2927742,56254737,19.3,19.6,18.8,19.1,-0.2,1532,1.0,19.3,19.1,18.8,19.6
2024-12-03,3506009,67225317,19.1,19.5,18.75,19.2,0.1,1688,1.0,19.1,19.2,18.75,19.5
2024-12-04,2078426,39578953,19.2,19.3,18.8,19.1,-0.1,1046,1.0,19.2,19.1,18.8,19.3
2024-12-05,1289160,24325623,19.05,19.2,18.7,18.7,-0.4,720,1.0,19.05,18.7,18.7,19.2
2024-12-06,1093244,20228243,18.55,18.7,18.35,18.5,-0.2,607,1.0,18.55,18.5,18.35,18.7
2024-12-09,725736,13320994,18.55,18.85,18.15,18.15,-0.35,488,1.0,18.55,18.15,18.15,18.85
2024-12-10,527560,9484599,18.15,18.35,17.75,17.8,-0.35,305,1.0,18.15,17.8,17.75,18.35
2024-12-11,635008,11551304,17.7,18.45,17.7,18.25,0.45,372,1.0,17.7,18.25,17.7,18.45
2024-12-12,709018,12883323,18.45,18.55,17.9,17.9,-0.35,433,1.0,18.45,17.9,17.9,18.55
2024-12-13,712463,12497588,18.1,18.1,17.3,17.35,-0.55,407,1.0,18.1,17.35,17.3,18.1
2024-12-16,763550,12961322,17.3,17.35,16.75,16.75,-0.6,440,1.0,17.3,16.75,16.75,17.35
2024-12-17,221437,3759689,16.75,17.15,16.75,17.0,0.25,176,1.0,16.75,17.0,16.75,17.15
2024-12-18,224324,3796825,16.95,17.05,16.8,17.0,0.0,137,1.0,16.95,17.0,16.8,17.05
2024-12-19,401903,6856675,16.85,17.3,16.8,17.1,0.1,266,1.0,16.85,17.1,16.8,17.3
2024-12-20,1331698,23899048,17.5,18.45,17.45,17.75,0.65,779,1.0,17.5,17.75,17.45,18.45
2024-12-23,399397,7160775,18.15,18.2,17.75,17.8,0.05,289,1.0,18.15,17.8,17.75,18.2
2024-12-24,476345,8421359,18.0,18.1,17.45,17.45,-0.35,273,1.0,18.0,17.45,17.45,18.1
2024-12-25,393599,6916097,17.65,17.7,17.4,17.65,0.2,231,1.0,17.65,17.65,17.4,17.7
2024-12-26,682019,12200079,17.95,18.2,17.6,17.6,-0.05,364,1.0,17.95,17.6,17.6,18.2
2024-12-27,371471,6522177,17.65,17.85,17.4,17.4,-0.2,213,1.0,17.65,17.4,17.4,17.85
2024-12-30,2374045,43242561,17.4,18.55,17.4,18.15,0.75,1236,1.0,17.4,18.15,17.4,18.55
2024-12-31,2003935,36688403,17.95,18.75,17.85,18.15,0.0,1206,1.0,17.95,18.15,17.85,18.75
2025-01-02,1143884,20898797,18.2,18.6,17.95,18.25,0.1,618,1.0,18.2,18.25,17.95,18.6
2025-01-03,3640551,67441290,18.3,18.9,17.9,18.5,0.25,1620,1.0,18.3,18.5,17.9,18.9
2025-01-06,8297833,159604411,19.1,19.7,18.9,19.1,0.6,4115,1.0,19.1,19.1,18.9,19.7
2025-01-07,2377654,44236599,18.85,18.95,18.2,18.3,-0.8,1373,1.0,18.85,18.3,18.2,18.95
2025-01-08,693238,12553380,18.3,18.5,18.0,18.2,-0.1,424,1.0,18.3,18.2,18.0,18.5
2025-01-09,1879642,32761066,18.05,18.1,16.9,16.9,-1.3,1078,1.0,18.05,16.9,16.9,18.1
2025-01-10,676464,11505551,17.0,17.2,16.9,17.0,0.1,322,1.0,17.0,17.0,16.9,17.2
2025-01-13,1011873,16984292,17.1,17.15,16.5,16.95,-0.05,541,1.0,17.1,16.95,16.5,17.15
2025-01-14,397613,6752875,17.1,17.3,16.8,17.15,0.2,277,1.0,17.1,17.15,16.8,17.3
2025-01-15,424414,7224921,17.15,17.3,16.9,17.0,-0.15,263,1.0,17.15,17.0,16.9,17.3
2025-01-16,331115,5707979,17.1,17.3,17.1,17.2,0.2,254,1.0,17.1,17.2,17.1,17.3
2025-01-17,195658,3369648,17.2,17.35,17.15,17.15,-0.05,148,1.0,17.2,17.15,17.15,17.35
2025-01-20,160367,2763770,17.15,17.35,17.05,17.35,0.2,162,1.0,17.15,17.35,17.05,17.35
2025-01-21,176839,3036335,17.4,17.4,17.05,17.1,-0.25,136,1.0,17.4,17.1,17.05,17.4
2025-01-22,228212,3903393,17.1,17.25,16.95,17.15,0.05,167,1.0,17.1,17.15,16.95,17.25
2025-02-03,325334,5444642,16.85,17.0,16.45,16.85,-0.3,268,1.0,16.85,16.85,16.45,17.0
2025-02-04,231701,3901712,16.85,17.05,16.7,16.9,0.05,183,1.0,16.85,16.9,16.7,17.05
2025-02-05,330217,5673175,16.9,17.3,16.9,17.25,0.35,220,1.0,16.9,17.25,16.9,17.3
2025-02-06,292494,5117934,17.3,17.65,17.3,17.5,0.25,205,1.0,17.3,17.5,17.3,17.65
2025-02-07,360035,6364041,17.4,17.8,17.4,17.7,0.2,248,1.0,17.4,17.7,17.4,17.8
2025-02-10,217831,3813782,17.5,17.8,17.4,17.5,-0.2,186,1.0,17.5,17.5,17.4,17.8
2025-02-11,584191,10434207,17.65,18.05,17.55,17.8,0.3,364,1.0,17.65,17.8,17.55,18.05
2025-02-12,529229,9542110,17.95,18.25,17.85,17.85,0.05,382,1.0,17.95,17.85,17.85,18.25
2025-02-13,497937,9054659,18.1,18.3,18.0,18.25,0.4,316,1.0,18.1,18.25,18.0,18.3
2025-02-14,352211,6391989,18.4,18.4,18.0,18.2,-0.05,259,1.0,18.4,18.2,18.0,18.4
2025-02-17,350334,6405311,18.45,18.55,18.2,18.2,0.0,310,1.0,18.45,18.2,18.2,18.55
2025-02-18,276629,5061791,18.2,18.4,18.2,18.35,0.15,216,1.0,18.2,18.35,18.2,18.4
2025-02-19,1945596,36770473,18.35,19.1,18.35,18.7,0.35,901,1.0,18.35,18.7,18.35,19.1
2025-02-20,791170,14827309,18.7,19.15,18.55,18.6,-0.1,471,1.0,18.7,18.6,18.55,19.15
2025-02-21,483124,9019922,18.65,18.9,18.45,18.7,0.1,360,1.0,18.65,18.7,18.45,18.9
2025-02-24,396565,7371754,18.85,18.85,18.45,18.5,-0.2,301,1.0,18.85,18.5,18.45,18.85
2025-02-25,532054,9822098,18.7,18.75,18.3,18.3,-0.2,287,1.0,18.7,18.3,18.3,18.75
2025-02-26,613656,11304626,18.3,18.55,18.2,18.2,-0.1,254,1.0,18.3,18.2,18.2,18.55
2025-02-27,294780,5338561,18.25,18.5,17.9,17.9,-0.3,222,1.0,18.25,17.9,17.9,18.5
2025-03-03,220838,3899392,17.9,17.9,17.5,17.6,-0.3,175,1.0,17.9,17.6,17.5,17.9
2025-03-04,294917,5204113,17.55,17.95,17.3,17.95,0.35,205,1.0,17.55,17.95,17.3,17.95
2025-03-05,307625,5535168,17.95,18.25,17.75,18.1,0.15,205,1.0,17.95,18.1,17.75,18.25
2025-03-06,203032,3636938,18.15,18.3,17.7,17.7,-0.4,182,1.0,18.15,17.7,17.7,18.3
2025-03-07,236189,4166886,17.7,17.85,17.5,17.6,-0.1,176,1.0,17.7,17.6,17.5,17.85
2025-03-10,183792,3212065,17.55,17.65,17.35,17.45,-0.15,201,1.0,17.55,17.45,17.35,17.65
2025-03-11,339366,5765132,17.2,17.35,16.6,17.25,-0.2,242,1.0,17.2,17.25,16.6,17.35
2025-03-12,70465,1215577,17.2,17.35,17.2,17.2,-0.05,86,1.0,17.2,17.2,17.2,17.35
2025-03-13,277135,4771387,17.35,17.55,17.0,17.05,-0.15,161,1.0,17.35,17.05,17.0,17.55
2025-03-14,158790,2695406,16.95,17.15,16.85,17.1,0.05,152,1.0,16.95,17.1,16.85,17.15
2025-03-17,288034,4873085,17.2,17.25,16.8,16.8,-0.3,220,1.0,17.2,16.8,16.8,17.25
2025-03-18,410391,6868215,16.75,16.95,16.6,16.65,-0.15,276,1.0,16.75,16.65,16.6,16.95
2025-03-19,846876,14336614,16.6,17.5,16.55,16.85,0.2,449,1.0,16.6,16.85,16.55,17.5
2025-03-20,196769,3330436,17.0,17.05,16.85,17.0,0.15,157,1.0,17.0,17.0,16.85,17.05
2025-03-21,183786,3098792,17.0,17.15,16.8,16.8,-0.2,130,1.0,17.0,16.8,16.8,17.15
2025-03-24,2255682,39358388,16.8,17.8,16.8,17.1,0.3,1277,1.0,16.8,17.1,16.8,17.8
2025-03-25,749888,12642150,17.1,17.25,16.7,16.75,-0.35,459,1.0,17.1,16.75,16.7,17.25
2025-03-26,218885,3719753,17.15,17.15,16.85,16.85,0.1,174,1.0,17.15,16.85,16.85,17.15
2025-03-27,292335,4893244,16.85,16.85,16.65,16.65,-0.2,179,1.0,16.85,16.65,16.65,16.85
2025-03-28,748367,12167389,16.65,16.65,16.0,16.1,-0.55,400,1.0,16.65,16.1,16.0,16.65
2025-03-31,944729,14389316,15.7,15.7,15.0,15.05,-1.05,523,1.0,15.7,15.05,15.0,15.7
2025-04-01,413348,6340349,15.1,15.6,14.95,15.5,0.45,275,1.0,15.1,15.5,14.95,15.6
2025-04-02,225115,3460246,15.5,15.55,15.1,15.5,0.0,153,1.0,15.5,15.5,15.1,15.55
2025-04-07,89724,1251732,13.95,13.95,13.95,13.95,-1.55,94,1.0,13.95,13.95,13.95,13.95
2025-04-08,2476954,33439857,12.6,15.3,12.6,15.2,1.25,797,1.0,12.6,15.2,12.6,15.3
2025-04-09,906228,12633444,14.65,14.65,13.7,13.7,-1.5,422,1.0,14.65,13.7,13.7,14.65
2025-04-10,864452,12794987,15.0,15.05,14.5,14.8,1.1,687,1.0,15.0,14.8,14.5,15.05
2025-04-11,297147,4290963,14.65,14.8,14.05,14.4,-0.4,318,1.0,14.65,14.4,14.05,14.8
2025-04-14,337305,4987630,14.7,15.05,14.5,14.65,0.25,267,1.0,14.7,14.65,14.5,15.05
2025-04-15,186625,2779838,14.7,15.1,14.7,14.95,0.3,175,1.0,14.7,14.95,14.7,15.1
2025-04-16,172734,2509011,14.95,14.95,14.4,14.4,-0.55,217,1.0,14.95,14.4,14.4,14.95
2025-04-17,65231,945475,14.25,14.65,14.25,14.55,0.15,115,1.0,14.25,14.55,14.25,14.65
2025-04-18,141033,2051560,14.75,14.75,14.45,14.7,0.15,244,1.0,14.75,14.7,14.45,14.75
2025-04-21,142287,2037360,14.7,14.75,14.15,14.15,-0.55,305,1.0,14.7,14.15,14.15,14.75
2025-04-22,165755,2326507,13.8,14.25,13.8,13.95,-0.2,305,1.0,13.8,13.95,13.8,14.25
2025-04-23,430771,6407938,14.15,15.3,14.15,14.65,0.7,551,1.0,14.15,14.65,14.15,15.3
2025-04-24,74068,1076349,14.65,14.95,14.4,14.7,0.05,134,1.0,14.65,14.7,14.4,14.95
2025-04-25,155976,2285196,14.75,14.8,14.55,14.65,-0.05,193,1.0,14.75,14.65,14.55,14.8
2025-04-28,104323,1537954,14.65,14.85,14.65,14.7,0.05,104,1.0,14.65,14.7,14.65,14.85
2025-04-29,291426,4362494,14.8,15.1,14.75,15.05,0.35,169,1.0,14.8,15.05,14.75,15.1
2025-04-30,155512,2323131,15.2,15.25,14.7,14.9,-0.15,116,1.0,15.2,14.9,14.7,15.25
2025-05-02,88311,1314208,14.85,15.1,14.8,14.8,-0.1,102,1.0,14.85,14.8,14.8,15.1
2025-05-05,162147,2333112,15.0,15.1,14.2,14.3,-0.5,103,1.0,15.0,14.3,14.2,15.1
2025-05-06,113146,1632649,14.2,14.65,14.2,14.6,0.3,82,1.0,14.2,14.6,14.2,14.65
2025-05-07,71030,1031199,14.65,14.8,14.3,14.55,-0.05,66,1.0,14.65,14.55,14.3,14.8
2025-05-08,278062,4000585,14.45,14.55,14.3,14.55,0.0,95,1.0,14.45,14.55,14.3,14.55
2025-05-09,115065,1647788,14.35,14.5,14.15,14.5,-0.05,57,1.0,14.35,14.5,14.15,14.5
2025-05-12,204237,3017246,14.5,15.0,14.5,14.85,0.35,114,1.0,14.5,14.85,14.5,15.0
2025-05-13,273116,4022788,14.85,15.05,14.5,14.7,-0.15,142,1.0,14.85,14.7,14.5,15.05
2025-05-14,225401,3331107,14.8,14.95,14.4,14.95,0.25,203,1.0,14.8,14.95,14.4,14.95
2025-05-15,54248,805426,14.95,14.95,14.75,14.9,-0.05,54,1.0,14.95,14.9,14.75,14.95
2025-05-16,144959,2142600,14.75,14.95,14.6,14.65,-0.25,96,1.0,14.75,14.65,14.6,14.95
2025-05-19,97528,1410959,14.6,14.65,14.35,14.35,-0.3,60,1.0,14.6,14.35,14.35,14.65
2025-05-20,117819,1700557,14.6,14.6,14.35,14.5,0.15,87,1.0,14.6,14.5,14.35,14.6
2025-05-21,124408,1808743,14.35,14.8,14.35,14.7,0.2,84,1.0,14.35,14.7,14.35,14.8
2025-05-22,27035,389114,14.45,14.45,14.35,14.35,-0.35,26,1.0,14.45,14.35,14.35,14.45
2025-05-23,64351,923662,14.3,14.45,14.25,14.25,-0.1,58,1.0,14.3,14.25,14.25,14.45
2025-05-26,185384,2623791,14.3,14.35,14.1,14.15,-0.1,129,1.0,14.3,14.15,14.1,14.35
2025-05-27,138175,1943650,14.15,14.25,13.9,14.15,0.0,84,1.0,14.15,14.15,13.9,14.25
2025-05-28,230378,3229538,14.2,14.4,13.85,14.0,-0.15,98,1.0,14.2,14.0,13.85,14.4
2025-05-29,325815,4434045,14.05,14.05,13.35,13.5,-0.5,230,1.0,14.05,13.5,13.35,14.05
2025-06-02,105559,1391152,13.5,13.5,13.1,13.15,-0.35,98,1.0,13.5,13.15,13.1,13.5
2025-06-03,76427,1007412,13.5,13.5,13.05,13.1,-0.05,61,1.0,13.5,13.1,13.05,13.5
2025-06-04,203525,2749152,13.1,14.15,13.1,13.3,0.2,128,1.0,13.1,13.3,13.1,14.15
2025-06-05,37582,502019,13.3,13.65,13.25,13.3,0.0,42,1.0,13.3,13.3,13.25,13.65
2025-06-06,63372,844101,13.3,13.45,13.15,13.25,-0.05,71,1.0,13.3,13.25,13.15,13.45
2025-06-09,60662,805376,13.3,13.5,13.15,13.2,-0.05,96,1.0,13.3,13.2,13.15,13.5
2025-06-10,129114,1717395,13.4,13.5,13.15,13.3,0.1,92,1.0,13.4,13.3,13.15,13.5
2025-06-11,166049,2229250,13.25,13.6,13.25,13.45,0.15,109,1.0,13.25,13.45,13.25,13.6
2025-06-12,61198,813698,13.35,13.45,13.25,13.3,-0.15,54,1.0,13.35,13.3,13.25,13.45
2025-06-13,87780,1151850,13.25,13.25,13.0,13.1,-0.2,100,1.0,13.25,13.1,13.0,13.25
2025-06-16,175969,2289337,13.25,13.25,12.9,13.2,0.1,130,1.0,13.25,13.2,12.9,13.25
2025-06-17,200472,2618740,13.15,13.2,12.9,13.2,0.0,112,1.0,13.15,13.2,12.9,13.2
2025-06-18,100279,1308375,13.3,13.3,12.95,13.0,-0.2,79,1.0,13.3,13.0,12.95,13.3
2025-06-19,259328,3298432,13.15,13.15,12.5,12.5,-0.5,170,1.0,13.15,12.5,12.5,13.15
2025-06-20,190342,2352469,12.5,12.6,12.0,12.5,0.0,139,1.0,12.5,12.5,12.0,12.6
2025-06-23,118072,1440040,12.3,12.4,12.05,12.35,-0.15,107,1.0,12.3,12.35,12.05,12.4
2025-06-24,113336,1439190,12.85,12.85,12.5,12.85,0.5,90,1.0,12.85,12.85,12.5,12.85
2025-06-25,66339,839855,12.6,12.75,12.55,12.65,-0.2,57,1.0,12.6,12.65,12.55,12.75
2025-06-26,218495,2834148,12.85,13.15,12.65,13.0,0.35,144,1.0,12.85,13.0,12.65,13.15
2025-06-27,37782,491772,13.1,13.15,12.95,12.95,-0.05,50,1.0,13.1,12.95,12.95,13.15
2025-06-30,94914,1201026,12.75,12.75,12.55,12.7,-0.25,75,1.0,12.75,12.7,12.55,12.75
2025-07-01,164815,2101102,12.8,12.95,12.55,12.65,-0.05,98,1.0,12.8,12.65,12.55,12.95
2025-07-02,27074,345289,12.65,12.95,12.65,12.75,0.1,36,1.0,12.65,12.75,12.65,12.95
2025-07-03,199914,2608377,12.95,13.4,12.7,13.1,0.35,143,1.0,12.95,13.1,12.7,13.4
2025-07-04,75060,978024,13.3,13.55,12.85,12.85,-0.25,86,1.0,13.3,12.85,12.85,13.55
2025-07-07,38290,492733,12.7,13.1,12.7,12.8,-0.05,59,1.0,12.7,12.8,12.7,13.1
2025-07-08,42199,542462,13.0,13.05,12.7,12.75,-0.05,50,1.0,13.0,12.75,12.7,13.05
2025-07-09,46064,591776,12.9,13.0,12.75,12.85,0.1,34,1.0,12.9,12.85,12.75,13.0
2025-07-10,56016,721151,13.05,13.05,12.7,12.7,-0.15,40,1.0,13.05,12.7,12.7,13.05
2025-07-11,140008,1836526,13.0,13.35,12.95,13.25,0.55,113,1.0,13.0,13.25,12.95,13.35
2025-07-14,56850,734643,13.25,13.25,12.8,12.85,-0.4,77,1.0,13.25,12.85,12.8,13.25
2025-07-15,76582,990729,13.25,13.25,12.85,12.9,0.05,77,1.0,13.25,12.9,12.85,13.25
2025-07-16,90044,1175405,13.05,13.2,12.85,13.05,0.15,84,1.0,13.05,13.05,12.85,13.2
2025-07-17,155708,2030290,13.05,13.2,13.0,13.05,0.0,104,1.0,13.05,13.05,13.0,13.2
2025-07-18,90136,1155849,13.0,13.0,12.7,12.85,-0.2,70,1.0,13.0,12.85,12.7,13.0
2025-07-21,50559,650270,12.75,12.95,12.75,12.9,0.05,38,1.0,12.75,12.9,12.75,12.95
2025-07-22,114148,1460064,13.0,13.0,12.7,12.7,-0.2,82,1.0,13.0,12.7,12.7,13.0
2025-07-23,102529,1307876,12.85,12.85,12.7,12.75,0.05,84,1.0,12.85,12.75,12.7,12.85
2025-07-24,40225,516879,13.05,13.05,12.75,12.75,0.0,47,1.0,13.05,12.75,12.75,13.05
2025-07-25,67041,854068,12.75,12.8,12.65,12.75,0.0,65,1.0,12.75,12.75,12.65,12.8
2025-07-28,112334,1434297,12.7,12.8,12.7,12.75,0.0,68,1.0,12.7,12.75,12.7,12.8
2025-07-29,116146,1492616,12.85,13.1,12.7,12.9,0.15,82,1.0,12.85,12.9,12.7,13.1
2025-07-30,98331,1264355,12.85,13.0,12.75,13.0,0.1,72,1.0,12.85,13.0,12.75,13.0
2025-07-31,74489,958662,12.95,12.95,12.8,12.9,-0.1,65,1.0,12.95,12.9,12.8,12.95
2025-08-01,131095,1678742,12.8,12.95,12.6,12.95,0.05,96,1.0,12.8,12.95,12.6,12.95
2025-08-04,31721,407974,12.8,12.95,12.8,12.95,0.0,43,1.0,12.8,12.95,12.8,12.95
2025-08-05,138677,1804083,13.0,13.1,12.95,13.0,0.05,109,1.0,13.0,13.0,12.95,13.1
2025-08-06,105422,1376773,12.9,13.15,12.9,13.0,0.0,93,1.0,12.9,13.0,12.9,13.15
2025-08-07,48093,626305,13.15,13.15,12.9,13.0,0.0,52,1.0,13.15,13.0,12.9,13.15
2025-08-08,80349,1041834,13.05,13.1,12.9,13.0,0.0,70,1.0,13.05,13.0,12.9,13.1
2025-08-11,96933,1246120,12.95,12.95,12.8,12.8,-0.2,75,1.0,12.95,12.8,12.8,12.95
2025-08-12,98509,1263820,12.75,12.95,12.75,12.9,0.1,81,1.0,12.75,12.9,12.75,12.95
2025-08-13,126370,1624065,13.0,13.05,12.8,12.8,-0.1,94,1.0,13.0,12.8,12.8,13.05
2025-08-14,118066,1504044,12.95,12.95,12.65,12.75,-0.05,96,1.0,12.95,12.75,12.65,12.95
2025-08-15,138739,1764060,12.85,12.9,12.6,12.9,0.15,122,1.0,12.85,12.9,12.6,12.9
2025-08-18,152642,1945302,12.8,12.85,12.7,12.8,-0.1,108,1.0,12.8,12.8,12.7,12.85
2025-08-19,439229,5598261,12.8,13.1,12.6,13.1,0.3,187,1.0,12.8,13.1,12.6,13.1
2025-08-20,332762,4252554,13.0,13.0,12.7,12.7,-0.4,113,1.0,13.0,12.7,12.7,13.0
2025-08-21,165309,2117968,12.9,12.9,12.75,12.85,0.15,97,1.0,12.9,12.85,12.75,12.9
2025-08-22,151076,1935974,12.8,12.9,12.75,12.8,-0.05,103,1.0,12.8,12.8,12.75,12.9
2025-08-25,255063,3233891,12.8,12.85,12.6,12.8,0.0,171,1.0,12.8,12.8,12.6,12.85
2025-08-26,172998,2189230,12.75,12.8,12.6,12.75,-0.05,101,1.0,12.75,12.75,12.6,12.8
2025-08-27,271291,3444891,12.7,12.8,12.6,12.8,0.05,165,1.0,12.7,12.8,12.6,12.8
2025-08-28,313429,4047145,12.9,13.1,12.6,13.0,0.2,232,1.0,12.9,13.0,12.6,13.1
2025-08-29,135504,1755027,12.85,13.05,12.85,12.85,-0.15,114,1.0,12.85,12.85,12.85,13.05
2025-09-01,146830,1888412,12.95,13.05,12.7,12.7,-0.15,110,1.0,12.95,12.7,12.7,13.05
2025-09-02,101320,1287729,12.7,12.85,12.6,12.75,0.05,91,1.0,12.7,12.75,12.6,12.85
2025-09-03,106827,1359997,12.65,12.85,12.6,12.65,-0.1,83,1.0,12.65,12.65,12.6,12.85
2025-09-04,169514,2150809,12.7,12.8,12.6,12.65,0.0,112,1.0,12.7,12.65,12.6,12.8
2025-09-05,358544,4655892,12.8,13.05,12.8,13.05,0.4,210,1.0,12.8,13.05,12.8,13.05
2025-09-08,323163,4224771,13.1,13.2,12.95,13.15,0.1,179,1.0,13.1,13.15,12.95,13.2
2025-09-09,263255,3445442,13.15,13.2,13.0,13.2,0.05,147,1.0,13.15,13.2,13.0,13.2
2025-09-10,292953,3831775,13.25,13.25,12.9,13.2,0.0,186,1.0,13.25,13.2,12.9,13.25
2025-09-11,293774,3788213,13.25,13.25,12.65,13.15,-0.05,215,1.0,13.25,13.15,12.65,13.25
2025-09-12,216242,2810034,13.2,13.2,12.9,13.0,-0.15,143,1.0,13.2,13.0,12.9,13.2
2025-09-15,156980,2002764,12.95,13.1,12.6,12.7,-0.3,107,1.0,12.95,12.7,12.6,13.1
2025-09-16,158214,2013301,12.7,12.95,12.55,12.95,0.25,117,1.0,12.7,12.95,12.55,12.95
2025-09-17,88985,1143213,12.7,12.95,12.7,12.85,-0.1,111,1.0,12.7,12.85,12.7,12.95
2025-09-18,177448,2289243,12.8,13.0,12.8,12.95,0.1,119,1.0,12.8,12.95,12.8,13.0
2025-09-19,104276,1352331,13.05,13.05,12.9,12.95,0.0,70,1.0,13.05,12.95,12.9,13.05
2025-09-22,314144,4087077,13.0,13.1,12.95,13.05,0.1,117,1.0,13.0,13.05,12.95,13.1
2025-09-23,1437232,20268686,13.1,14.35,13.1,14.35,1.3,637,1.0,13.1,14.35,13.1,14.35
2025-09-24,2108573,30749565,14.75,15.0,14.15,14.7,0.35,1004,1.0,14.75,14.7,14.15,15.0
2025-09-25,544057,7775381,14.7,14.7,14.1,14.3,-0.4,359,1.0,14.7,14.3,14.1,14.7
2025-09-26,675956,9287871,14.0,14.2,13.5,14.2,-0.1,370,1.0,14.0,14.2,13.5,14.2
2025-09-30,285162,3989664,13.85,14.3,13.75,14.15,-0.05,199,1.0,13.85,14.15,13.75,14.3
2025-10-01,663984,9392980,14.15,14.4,13.9,14.3,0.15,292,1.0,14.15,14.3,13.9,14.4
2025-10-02,301523,4236866,14.15,14.35,13.9,14.25,-0.05,167,1.0,14.15,14.25,13.9,14.35
2025-10-03,320010,4507773,14.2,14.35,13.9,14.2,-0.05,168,1.0,14.2,14.2,13.9,14.35
2025-10-07,212895,2990049,14.3,14.3,13.65,14.1,-0.1,146,1.0,14.3,14.1,13.65,14.3
2025-10-08,168417,2351891,13.85,14.15,13.75,14.15,0.05,107,1.0,13.85,14.15,13.75,14.15
2025-10-09,178394,2488373,14.15,14.15,13.85,14.05,-0.1,117,1.0,14.15,14.05,13.85,14.15
2025-10-13,209298,2893339,13.75,14.05,13.65,14.0,-0.05,119,1.0,13.75,14.0,13.65,14.05
2025-10-14,173926,2412821,13.85,14.05,13.75,13.95,-0.05,121,1.0,13.85,13.95,13.75,14.05
2025-10-15,133272,1846116,13.95,13.95,13.8,13.9,-0.05,72,1.0,13.95,13.9,13.8,13.95
2025-10-16,156771,2174864,13.9,14.0,13.8,13.9,0.0,114,1.0,13.9,13.9,13.8,14.0
2025-10-17,317078,4458240,13.9,14.15,13.9,14.1,0.2,183,1.0,13.9,14.1,13.9,14.15
2025-10-20,210582,2981464,14.2,14.3,14.0,14.1,0.0,143,1.0,14.2,14.1,14.0,14.3
2025-10-21,229720,3201980,14.15,14.15,13.8,14.0,-0.1,132,1.0,14.15,14.0,13.8,14.15
2025-10-22,72909,1014793,13.95,14.0,13.85,14.0,0.0,65,1.0,13.95,14.0,13.85,14.0
2025-10-23,110056,1519923,13.9,13.95,13.75,13.9,-0.1,72,1.0,13.9,13.9,13.75,13.95
2025-10-27,140581,1948102,13.9,14.1,13.75,13.9,0.0,117,1.0,13.9,13.9,13.75,14.1
2025-10-28,146854,2024045,13.9,13.9,13.65,13.85,-0.05,93,1.0,13.9,13.85,13.65,13.9
2025-10-29,207769,2841584,13.85,13.85,13.6,13.6,-0.25,136,1.0,13.85,13.6,13.6,13.85
2025-10-30,1379888,20028030,13.65,14.95,13.65,14.6,1.0,1304,1.0,13.65,14.6,13.65,14.95
2025-10-31,700214,9708881,14.5,14.5,13.65,13.9,-0.7,455,1.0,14.5,13.9,13.65,14.5
2025-11-03,271227,3700093,14.15,14.15,13.55,13.55,-0.35,192,1.0,14.15,13.55,13.55,14.15
2025-11-04,353038,4723726,13.6,13.65,13.1,13.4,-0.15,213,1.0,13.6,13.4,13.1,13.65
2025-11-05,190668,2501746,13.4,13.4,12.9,13.3,-0.1,148,1.0,13.4,13.3,12.9,13.4
2025-11-06,117609,1565400,13.05,13.45,13.05,13.45,0.15,90,1.0,13.05,13.45,13.05,13.45
2025-11-07,180452,2396185,13.35,13.5,12.95,13.45,0.0,133,1.0,13.35,13.45,12.95,13.5
2025-11-10,196033,2589679,13.4,13.4,13.0,13.4,-0.05,130,1.0,13.4,13.4,13.0,13.4
2025-11-11,206194,2698542,13.0,13.3,13.0,13.2,-0.2,147,1.0,13.0,13.2,13.0,13.3
2025-11-12,192347,2529465,13.0,13.3,13.0,13.3,0.1,149,1.0,13.0,13.3,13.0,13.3
2025-11-13,154699,2031716,13.3,13.3,13.05,13.25,-0.05,114,1.0,13.3,13.25,13.05,13.3
2025-11-14,183875,2401385,13.05,13.2,13.0,13.2,-0.05,121,1.0,13.05,13.2,13.0,13.2
2025-11-17,167141,2162123,13.15,13.15,12.85,12.85,-0.35,132,1.0,13.15,12.85,12.85,13.15
2025-11-18,249436,3151308,12.9,12.9,12.5,12.55,-0.3,136,1.0,12.9,12.55,12.5,12.9
2025-11-19,191882,2388387,12.6,12.6,12.3,12.4,-0.15,121,1.0,12.6,12.4,12.3,12.6
2025-11-20,163608,2031143,12.45,12.7,12.2,12.5,0.1,92,1.0,12.45,12.5,12.2,12.7
2025-11-21,130065,1593965,12.5,12.5,12.1,12.5,0.0,105,1.0,12.5,12.5,12.1,12.5
2025-11-24,123005,1528831,12.5,12.5,12.35,12.5,0.0,90,1.0,12.5,12.5,12.35,12.5
2025-11-25,135839,1684757,12.5,12.65,12.25,12.6,0.1,99,1.0,12.5,12.6,12.25,12.65
2025-11-26,110332,1388849,12.6,12.65,12.5,12.65,0.05,73,1.0,12.6,12.65,12.5,12.65
2025-11-27,97557,1225911,12.65,12.7,12.5,12.65,0.0,80,1.0,12.65,12.65,12.5,12.7
2025-11-28,150103,1919165,12.65,13.0,12.6,12.9,0.25,93,1.0,12.65,12.9,12.6,13.0
2025-12-01,115325,1464901,12.9,12.9,12.6,12.85,-0.05,82,1.0,12.9,12.85,12.6,12.9
2025-12-02,142802,1802986,12.85,12.85,12.5,12.8,-0.05,99,1.0,12.85,12.8,12.5,12.85
2025-12-03,89041,1136637,12.75,12.9,12.7,12.85,0.05,73,1.0,12.75,12.85,12.7,12.9
2025-12-04,147509,1888277,12.85,12.9,12.7,12.85,0.0,84,1.0,12.85,12.85,12.7,12.9
2025-12-05,212281,2761809,12.8,13.2,12.8,13.0,0.15,146,1.0,12.8,13.0,12.8,13.2
2025-12-08,97204,1260910,12.95,13.05,12.85,13.05,0.05,59,1.0,12.95,13.05,12.85,13.05
2025-12-09,81170,1052603,13.1,13.1,12.9,13.0,-0.05,73,1.0,13.1,13.0,12.9,13.1
2025-12-10,179807,2370893,13.0,13.5,12.95,13.1,0.1,131,1.0,13.0,13.1,12.95,13.5
2025-12-11,125088,1623886,13.3,13.3,12.85,13.1,0.0,130,1.0,13.3,13.1,12.85,13.3
2025-12-12,83272,1087049,12.95,13.25,12.9,13.1,0.0,58,1.0,12.95,13.1,12.9,13.25
2025-12-15,215286,2862746,13.25,13.5,13.1,13.3,0.2,136,1.0,13.25,13.3,13.1,13.5
2025-12-16,167406,2185141,13.3,13.4,12.9,13.15,-0.15,150,1.0,13.3,13.15,12.9,13.4
2025-12-17,147638,1932234,13.05,13.2,13.0,13.2,0.05,111,1.0,13.05,13.2,13.0,13.2
2025-12-18,160955,2121579,13.2,13.45,13.0,13.3,0.1,124,1.0,13.2,13.3,13.0,13.45
2025-12-19,154446,2012994,13.05,13.2,12.95,13.1,-0.2,116,1.0,13.05,13.1,12.95,13.2
2025-12-22,171018,2205571,13.1,13.1,12.75,12.75,-0.35,144,1.0,13.1,12.75,12.75,13.1
2025-12-23,131328,1683501,12.8,12.9,12.75,12.75,0.0,120,1.0,12.8,12.75,12.75,12.9
2025-12-24,204406,2597137,12.85,12.9,12.5,12.8,0.05,122,1.0,12.85,12.8,12.5,12.9
2025-12-26,293667,3789319,12.75,13.1,12.65,13.1,0.3,146,1.0,12.75,13.1,12.65,13.1
2025-12-29,212403,2773834,13.05,13.2,12.9,13.0,-0.1,129,1.0,13.05,13.0,12.9,13.2
2025-12-30,258434,3390594,12.95,13.3,12.9,13.2,0.2,163,1.0,12.95,13.2,12.9,13.3
2025-12-31,409297,5372036,13.25,13.35,13.0,13.05,-0.15,176,1.0,13.25,13.05,13.0,13.35
2026-01-02,160514,2101508,13.25,13.25,12.95,13.2,0.15,105,1.0,13.25,13.2,12.95,13.25
2026-01-05,381071,4966524,13.25,13.25,12.9,13.0,-0.2,153,1.0,13.25,13.0,12.9,13.25
2026-01-06,336443,4416678,13.0,13.3,12.9,13.15,0.15,179,1.0,13.0,13.15,12.9,13.3
2026-01-07,394801,5192628,13.15,13.3,12.95,13.3,0.15,183,1.0,13.15,13.3,12.95,13.3
2026-01-08,459739,6177296,13.3,13.7,13.2,13.7,0.4,277,1.0,13.3,13.7,13.2,13.7
2026-01-09,477661,6518424,13.7,13.8,13.4,13.8,0.1,244,1.0,13.7,13.8,13.4,13.8
2026-01-12,671603,9406796,13.9,14.4,13.85,14.2,0.4,324,1.0,13.9,14.2,13.85,14.4
2026-01-13,516425,7357167,14.4,14.45,14.05,14.3,0.1,281,1.0,14.4,14.3,14.05,14.45
2026-01-14,753409,10966902,14.3,14.8,14.15,14.6,0.3,335,1.0,14.3,14.6,14.15,14.8
2026-01-15,226406,3283058,14.65,14.65,14.4,14.6,0.0,186,1.0,14.65,14.6,14.4,14.65
2026-01-16,316018,4558591,14.5,14.6,14.3,14.55,-0.05,214,1.0,14.5,14.55,14.3,14.6
2026-01-19,212961,3058913,14.55,14.55,14.1,14.4,-0.15,148,1.0,14.55,14.4,14.1,14.55
2026-01-20,326575,4666217,14.35,14.55,14.1,14.45,0.05,207,1.0,14.35,14.45,14.1,14.55
2026-01-21,591578,8452104,14.6,14.6,14.0,14.6,0.15,256,1.0,14.6,14.6,14.0,14.6
2026-01-22,534707,7928141,14.45,15.1,14.45,14.8,0.2,363,1.0,14.45,14.8,14.45,15.1
2026-01-23,275310,4037578,14.95,14.95,14.4,14.9,0.1,203,1.0,14.95,14.9,14.4,14.95
2026-01-26,464227,6907381,14.95,15.1,14.7,14.7,-0.2,260,1.0,14.95,14.7,14.7,15.1
2026-01-27,402014,5791348,14.75,14.85,14.3,14.35,-0.35,206,1.0,14.75,14.35,14.3,14.85
2026-01-28,333511,4812077,14.35,14.6,14.2,14.6,0.25,197,1.0,14.35,14.6,14.2,14.6
2026-01-29,330181,4723492,14.65,14.65,14.15,14.5,-0.1,146,1.0,14.65,14.5,14.15,14.65
2026-01-30,267955,3793926,14.25,14.5,13.9,14.5,0.0,178,1.0,14.25,14.5,13.9,14.5
2026-02-02,314765,4446909,14.2,14.75,13.8,14.75,0.25,206,1.0,14.2,14.75,13.8,14.75
2026-02-03,794099,11895980,14.75,15.3,14.6,15.0,0.25,462,1.0,14.75,15.0,14.6,15.3
2026-02-04,569086,8549819,15.0,15.25,14.75,15.2,0.2,287,1.0,15.0,15.2,14.75,15.25
2026-02-05,289714,4350834,15.2,15.2,14.85,15.1,-0.1,179,1.0,15.2,15.1,14.85,15.2
2026-02-06,284821,4161932,14.95,14.95,14.4,14.65,-0.45,173,1.0,14.95,14.65,14.4,14.95
2026-02-09,161351,2350411,14.7,14.7,14.4,14.5,-0.15,144,1.0,14.7,14.5,14.4,14.7
2026-02-10,266557,3869370,14.45,14.7,14.4,14.7,0.2,154,1.0,14.45,14.7,14.4,14.7
2026-02-11,385754,5784802,15.2,15.3,14.6,15.3,0.6,252,1.0,15.2,15.3,14.6,15.3
2026-02-23,563566,8693800,15.4,15.6,15.2,15.5,0.2,332,1.0,15.4,15.5,15.2,15.6
2026-02-24,854455,13177356,15.5,15.6,15.25,15.6,0.1,307,1.0,15.5,15.6,15.25,15.6
2026-02-25,659370,10552911,15.7,16.5,15.5,15.9,0.3,364,1.0,15.7,15.9,15.5,16.5
2026-02-26,475807,7465432,15.9,15.95,15.55,15.6,-0.3,270,1.0,15.9,15.6,15.55,15.95
2026-03-02,1328385,22143165,15.6,17.15,15.15,17.1,1.5,851,1.0,15.6,17.1,15.15,17.15
2026-03-03,1142765,18732886,17.1,17.1,16.0,16.2,-0.9,600,1.0,17.1,16.2,16.0,17.1
2026-03-04,468474,7342017,16.2,16.2,15.2,15.75,-0.45,308,1.0,16.2,15.75,15.2,16.2
2026-03-05,336007,5341963,15.95,16.3,15.55,16.0,0.25,255,1.0,15.95,16.0,15.55,16.3
2026-03-06,222488,3502257,15.7,15.9,15.6,15.8,-0.2,203,1.0,15.7,15.8,15.6,15.9
2026-03-09,459264,6932480,15.25,15.45,14.85,15.45,-0.35,305,1.0,15.25,15.45,14.85,15.45
2026-03-10,231586,3592882,15.9,15.9,15.1,15.5,0.05,190,1.0,15.9,15.5,15.1,15.9
2026-03-11,388526,6124480,15.5,16.0,15.5,15.9,0.4,179,1.0,15.5,15.9,15.5,16.0
2026-03-12,140269,2207239,15.9,15.95,15.55,15.7,-0.2,132,1.0,15.9,15.7,15.55,15.95
2026-03-13,406300,6111506,15.5,15.5,14.85,14.85,-0.85,284,1.0,15.5,14.85,14.85,15.5
2026-03-16,218068,3219338,14.8,14.95,14.65,14.7,-0.15,207,1.0,14.8,14.7,14.65,14.95
2026-03-17,281223,4268604,14.8,15.35,14.8,15.25,0.55,223,1.0,14.8,15.25,14.8,15.35
2026-03-18,1447044,23349606,15.75,16.75,15.2,16.6,1.35,1267,1.0,15.75,16.6,15.2,16.75
2026-03-19,653193,10759263,16.45,16.85,16.2,16.3,-0.3,418,1.0,16.45,16.3,16.2,16.85
2026-03-20,471490,7634086,16.35,16.8,15.85,16.2,-0.1,248,1.0,16.35,16.2,15.85,16.8
2026-03-23,227313,3655758,16.0,16.45,15.65,16.2,0.0,198,1.0,16.0,16.2,15.65,16.45
2026-03-24,480327,7779035,16.3,16.65,15.8,16.4,0.2,289,1.0,16.3,16.4,15.8,16.65
2026-03-25,356067,5823195,16.6,16.6,16.15,16.4,0.0,198,1.0,16.6,16.4,16.15,16.6
2026-03-26,220414,3602114,16.55,16.6,16.1,16.25,-0.15,166,1.0,16.55,16.25,16.1,16.6
2026-03-27,261354,4210119,16.1,16.5,15.9,16.3,0.05,159,1.0,16.1,16.3,15.9,16.5
2026-03-30,541129,8684560,16.3,16.3,15.9,16.3,0.0,247,1.0,16.3,16.3,15.9,16.3
2026-03-31,371148,5892506,16.3,16.3,15.65,15.65,-0.65,213,1.0,16.3,15.65,15.65,16.3
2026-04-01,277784,4374355,16.3,16.3,15.15,15.65,0.0,191,1.0,16.3,15.65,15.15,16.3
2026-04-02,226044,3474684,15.45,15.65,15.25,15.5,-0.15,120,1.0,15.45,15.5,15.25,15.65
2026-04-07,157344,2395821,15.45,15.5,15.1,15.5,0.0,345,1.0,15.45,15.5,15.1,15.5
2026-04-08,294575,4561529,15.5,15.7,15.35,15.5,0.0,230,1.0,15.5,15.5,15.35,15.7
2026-04-09,211425,3259829,15.55,15.6,15.3,15.5,0.0,169,1.0,15.55,15.5,15.3,15.6
2026-04-10,311854,4818434,15.55,15.7,15.25,15.45,-0.05,181,1.0,15.55,15.45,15.25,15.7
2026-04-13,821065,12122251,15.45,15.45,14.45,14.85,-0.6,455,1.0,15.45,14.85,14.45,15.45
2026-04-14,909180,13015929,14.85,14.85,14.0,14.05,-0.8,479,1.0,14.85,14.05,14.0,14.85
2026-04-15,639228,9066465,14.15,14.7,13.85,14.25,0.2,348,1.0,14.15,14.25,13.85,14.7
2026-04-16,360167,5209609,14.45,14.65,14.3,14.5,0.25,260,1.0,14.45,14.5,14.3,14.65
2026-04-17,494162,7284558,14.65,15.0,14.5,14.9,0.4,441,1.0,14.65,14.9,14.5,15.0
2026-04-20,1963911,31755982,15.2,16.35,15.2,16.35,1.45,1443,1.0,15.2,16.35,15.2,16.35
2026-04-21,4217117,72518760,16.5,17.95,16.35,17.95,1.6,3283,1.0,16.5,17.95,16.35,17.95
2026-04-22,2231404,38617090,17.9,17.9,16.8,16.8,-1.15,1492,1.0,17.9,16.8,16.8,17.9
2026-04-23,1439273,23807771,16.8,17.4,15.5,16.15,-0.65,866,1.0,16.8,16.15,15.5,17.4
2026-04-24,1013077,16433317,16.4,16.95,15.8,16.3,0.15,514,1.0,16.4,16.3,15.8,16.95
2026-04-27,549711,8741266,16.45,16.45,15.6,16.35,0.05,296,1.0,16.45,16.35,15.6,16.45
2026-04-28,412982,6586712,15.95,16.15,15.75,16.1,-0.25,244,1.0,15.95,16.1,15.75,16.15
2026-04-29,428586,6713814,16.2,16.2,15.5,15.75,-0.35,249,1.0,16.2,15.75,15.5,16.2
2026-04-30,446597,6857919,15.9,15.9,15.1,15.1,-0.65,246,1.0,15.9,15.1,15.1,15.9
2026-05-04,351490,5331684,15.1,15.3,15.1,15.3,0.2,198,1.0,15.1,15.3,15.1,15.3
2026-05-05,695276,10421595,15.3,15.5,14.8,15.35,0.05,364,1.0,15.3,15.35,14.8,15.5
2026-05-06,383751,5759594,15.35,15.35,14.85,14.95,-0.4,228,1.0,15.35,14.95,14.85,15.35
2026-05-07,376794,5678787,15.2,15.2,15.0,15.0,0.05,168,1.0,15.2,15.0,15.0,15.2
2026-05-08,584046,8630236,15.1,15.5,14.2,14.5,-0.5,309,1.0,15.1,14.5,14.2,15.5
2026-05-11,405362,5776076,14.5,14.5,14.15,14.25,-0.25,273,1.0,14.5,14.25,14.15,14.5
2026-05-12,569087,7992587,14.35,14.4,13.8,14.15,-0.1,316,1.0,14.35,14.15,13.8,14.4
2026-05-13,507115,7062216,14.15,14.25,13.75,14.1,-0.05,217,1.0,14.15,14.1,13.75,14.25
