Date,Capacity,Turnover,Open,High,Low,Close,Change,Transaction,AdjFactor,Open_adj,Close_adj,Low_adj,High_adj
2022-01-07,4114322,2154042495,531.0,542.0,503.0,526.0,0.0,4082,0.695173702643851,369.1372,365.6614,349.6724,376.7841
2022-01-10,2273666,1226951620,522.0,558.0,521.0,556.0,30.0,2467,0.695173702643851,362.8807,386.5166,362.1855,387.9069
2022-01-11,3017765,1724595429,551.0,590.0,551.0,580.0,24.0,3210,0.695173702643851,383.0407,403.2007,383.0407,410.1525
2022-01-12,1399597,802703081,576.0,584.0,566.0,577.0,-3.0,1688,0.695173702643851,400.4201,401.1152,393.4683,405.9814
2022-01-13,1417734,802366391,577.0,578.0,555.0,565.0,-12.0,1686,0.695173702643851,401.1152,392.7731,385.8214,401.8104
2022-01-14,2276067,1265956404,560.0,576.0,530.0,568.0,3.0,2235,0.695173702643851,389.2973,394.8587,368.4421,400.4201
2022-01-17,4071087,2466380679,584.0,624.0,582.0,624.0,56.0,3760,0.695173702643851,405.9814,433.7884,404.5911,433.7884
2022-01-18,5497844,3582662677,628.0,680.0,618.0,666.0,42.0,5977,0.695173702643851,436.5691,462.9857,429.6173,472.7181
2022-01-19,2539642,1693460340,650.0,680.0,645.0,678.0,12.0,3306,0.695173702643851,451.8629,471.3278,448.387,472.7181
2022-01-20,2507105,1690664160,670.0,690.0,651.0,679.0,1.0,3324,0.695173702643851,465.7664,472.0229,452.5581,479.6699
2022-01-21,2263098,1495331380,655.0,676.0,650.0,655.0,-24.0,3256,0.695173702643851,455.3388,455.3388,451.8629,469.9374
2022-01-24,1982183,1272156996,646.0,665.0,613.0,658.0,3.0,2409,0.695173702643851,449.0822,457.4243,426.1415,462.2905
2022-01-25,2403807,1556441342,642.0,667.0,635.0,636.0,-22.0,2447,0.695173702643851,446.3015,442.1305,441.4353,463.6809
2022-01-26,1416207,891953064,639.0,643.0,614.0,626.0,-10.0,2025,0.695173702643851,444.216,435.1787,426.8367,446.9967
2022-02-07,1951435,1272544148,641.0,676.0,630.0,661.0,35.0,2405,0.695173702643851,445.6063,459.5098,437.9594,469.9374
2022-02-08,1635353,1089483033,660.0,680.0,648.0,680.0,19.0,2135,0.695173702643851,458.8146,472.7181,450.4726,472.7181
2022-02-09,1699958,1150493543,698.0,699.0,665.0,667.0,-13.0,2255,0.695173702643851,485.2312,463.6809,462.2905,485.9264
2022-02-10,747025,495931188,665.0,677.0,654.0,654.0,-13.0,1128,0.695173702643851,462.2905,454.6436,454.6436,470.6326
2022-02-11,724249,468136154,647.0,655.0,640.0,643.0,-11.0,1161,0.695173702643851,449.7774,446.9967,444.9112,455.3388
2022-02-14,1784099,1091088498,626.0,633.0,597.0,598.0,-45.0,2925,0.695173702643851,435.1787,415.7139,415.0187,440.045
2022-02-15,1340986,829111982,607.0,628.0,607.0,617.0,19.0,1535,0.695173702643851,421.9704,428.9222,421.9704,436.5691
2022-02-16,1572918,1010550678,630.0,655.0,623.0,647.0,30.0,2023,0.695173702643851,437.9594,449.7774,433.0932,455.3388
2022-02-17,1115965,708355219,641.0,641.0,628.0,630.0,-17.0,1490,0.695173702643851,445.6063,437.9594,436.5691,445.6063
2022-02-18,808888,498885209,610.0,627.0,610.0,618.0,-12.0,1464,0.695173702643851,424.056,429.6173,424.056,435.8739
2022-02-21,1196385,718844351,608.0,611.0,590.0,605.0,-13.0,1878,0.695173702643851,422.6656,420.5801,410.1525,424.7511
2022-02-22,2190152,1265570002,589.0,602.0,560.0,573.0,-32.0,3394,0.695173702643851,409.4573,398.3345,389.2973,418.4946
2022-02-23,759565,443664204,578.0,596.0,570.0,590.0,17.0,1244,0.695173702643851,401.8104,410.1525,396.249,414.3235
2022-02-24,1161299,660167520,571.0,582.0,560.0,560.0,-30.0,2059,0.695173702643851,396.9442,389.2973,389.2973,404.5911
2022-02-25,1682424,999289622,583.0,603.0,583.0,596.0,36.0,2267,0.695173702643851,405.2863,414.3235,405.2863,419.1897
2022-03-01,986680,586520388,602.0,602.0,588.0,595.0,-1.0,1380,0.695173702643851,418.4946,413.6284,408.7621,418.4946
2022-03-02,581996,341600199,585.0,594.0,581.0,591.0,-4.0,960,0.695173702643851,406.6766,410.8477,403.8959,412.9332
2022-03-03,765825,459973691,597.0,608.0,591.0,599.0,8.0,1180,0.695173702643851,415.0187,416.409,410.8477,422.6656
2022-03-04,673372,398521205,591.0,598.0,586.0,588.0,-11.0,1081,0.695173702643851,410.8477,408.7621,407.3718,415.7139
2022-03-07,1143191,644824012,573.0,578.0,550.0,565.0,-23.0,1830,0.695173702643851,398.3345,392.7731,382.3455,401.8104
2022-03-08,882202,490952699,551.0,572.0,549.0,550.0,-15.0,1546,0.695173702643851,383.0407,382.3455,381.6504,397.6394
2022-03-09,544288,302060115,563.0,564.0,550.0,550.0,0.0,897,0.695173702643851,391.3828,382.3455,382.3455,392.078
2022-03-10,1154525,665652148,570.0,587.0,562.0,584.0,34.0,1554,0.695173702643851,396.249,405.9814,390.6876,408.067
2022-03-11,634092,358756876,574.0,577.0,560.0,564.0,-20.0,1114,0.695173702643851,399.0297,392.078,389.2973,401.1152
2022-03-14,1474144,799733363,563.0,566.0,531.0,534.0,-30.0,2603,0.695173702643851,391.3828,371.2228,369.1372,393.4683
2022-03-15,1959837,993077726,525.0,526.0,499.0,502.0,-32.0,3246,0.695173702643851,364.9662,348.9772,346.8917,365.6614
2022-03-16,917839,458962600,511.0,511.0,494.0,498.0,-4.0,1559,0.695173702643851,355.2338,346.1965,343.4158,355.2338
2022-03-17,1008844,515798577,512.0,519.0,503.0,510.0,12.0,1392,0.695173702643851,355.9289,354.5386,349.6724,360.7952
2022-03-18,848679,442463727,512.0,532.0,507.0,526.0,16.0,1228,0.695173702643851,355.9289,365.6614,352.4531,369.8324
2022-03-21,719779,384120665,530.0,542.0,521.0,539.0,13.0,1204,0.695173702643851,368.4421,374.6986,362.1855,376.7841
2022-03-22,493989,263054040,535.0,540.0,528.0,538.0,-1.0,835,0.695173702643851,371.9179,374.0035,367.0517,375.3938
2022-03-23,920072,485726800,533.0,537.0,522.0,524.0,-14.0,1835,0.695173702643851,370.5276,364.271,362.8807,373.3083
2022-03-24,766670,404324317,520.0,539.0,516.0,538.0,14.0,1207,0.695173702643851,361.4903,374.0035,358.7096,374.6986
2022-03-25,626913,331297165,537.0,537.0,524.0,526.0,-12.0,981,0.695173702643851,373.3083,365.6614,364.271,373.3083
2022-03-28,289880,149754774,519.0,523.0,510.0,520.0,-6.0,1012,0.695173702643851,360.7952,361.4903,354.5386,363.5758
2022-03-29,274102,142463851,526.0,526.0,516.0,521.0,1.0,1243,0.695173702643851,365.6614,362.1855,358.7096,365.6614
2022-03-30,542553,280446026,522.0,529.0,509.0,514.0,-7.0,1356,0.695173702643851,362.8807,357.3193,353.8434,367.7469
2022-03-31,203459,104043964,510.0,517.0,510.0,510.0,-4.0,742,0.695173702643851,354.5386,354.5386,354.5386,359.4048
2022-04-01,454343,228320513,503.0,507.0,496.5,505.0,-5.0,801,0.695173702643851,349.6724,351.0627,345.1537,352.4531
2022-04-06,317619,158339713,496.5,500.0,496.5,497.0,-8.0,745,0.695173702643851,345.1537,345.5013,345.1537,347.5869
2022-04-07,914720,440253300,492.5,493.0,470.0,475.0,-22.0,1954,0.695173702643851,342.373,330.2075,326.7316,342.7206
2022-04-08,336304,161832272,475.5,486.0,475.5,480.0,5.0,657,0.695173702643851,330.5551,333.6834,330.5551,337.8544
2022-04-11,477356,225117872,476.0,484.5,463.5,467.0,-13.0,977,0.695173702643851,330.9027,324.6461,322.213,336.8117
2022-04-12,400873,186234690,462.0,473.0,457.5,465.0,-2.0,722,0.695173702643851,321.1703,323.2558,318.042,328.8172
2022-04-13,382021,181548809,469.0,483.0,468.0,478.5,13.5,618,0.695173702643851,326.0365,332.6406,325.3413,335.7689
2022-04-14,215430,103015490,481.5,483.0,474.0,475.0,-3.5,338,0.695173702643851,334.7261,330.2075,329.5123,335.7689
2022-04-15,444260,204383415,471.0,471.0,453.0,453.0,-22.0,1054,0.695173702643851,327.4268,314.9137,314.9137,327.4268
2022-04-18,250419,113884487,447.0,460.0,446.5,456.0,3.0,457,0.695173702643851,310.7426,316.9992,310.3951,319.7799
2022-04-19,373766,168651712,459.0,461.0,446.5,448.5,-7.5,786,0.695173702643851,319.0847,311.7854,310.3951,320.4751
2022-04-20,718082,336132516,451.0,480.0,451.0,480.0,31.5,1058,0.695173702643851,313.5233,333.6834,313.5233,333.6834
2022-04-21,1146248,567542498,483.0,505.0,482.0,505.0,25.0,1662,0.695173702643851,335.7689,351.0627,335.0737,351.0627
2022-04-22,966379,487345230,496.5,514.0,490.0,514.0,9.0,1216,0.695173702643851,345.1537,357.3193,340.6351,357.3193
2022-04-25,757667,382569673,500.0,511.0,496.0,505.0,-9.0,1151,0.695173702643851,347.5869,351.0627,344.8062,355.2338
2022-04-26,652321,323544266,507.0,508.0,490.0,490.0,-15.0,920,0.695173702643851,352.4531,340.6351,340.6351,353.1482
2022-04-27,559322,265487961,482.5,482.5,467.0,475.0,-15.0,848,0.695173702643851,335.4213,330.2075,324.6461,335.4213
2022-04-28,396617,192074698,482.0,494.0,475.0,482.5,7.5,587,0.695173702643851,335.0737,335.4213,330.2075,343.4158
2022-04-29,372265,182684656,493.0,497.5,485.0,489.5,7.0,520,0.695173702643851,342.7206,340.2875,337.1592,345.8489
2022-05-03,282477,138881707,487.0,496.5,484.5,496.0,6.5,447,0.695173702643851,338.5496,344.8062,336.8117,345.1537
2022-05-04,231968,114936445,496.0,503.0,490.5,492.5,-3.5,384,0.695173702643851,344.8062,342.373,340.9827,349.6724
2022-05-05,370681,183659725,500.0,501.0,492.5,493.5,1.0,536,0.695173702643851,347.5869,343.0682,342.373,348.282
2022-05-06,237497,114242290,471.5,485.0,471.5,481.5,-12.0,482,0.695173702643851,327.7744,334.7261,327.7744,337.1592
2022-05-09,215312,102995027,481.5,482.0,475.0,479.0,-2.5,407,0.695173702643851,334.7261,332.9882,330.2075,335.0737
2022-05-10,274031,131592174,479.0,488.5,470.0,480.5,1.5,440,0.695173702643851,332.9882,334.031,326.7316,339.5924
2022-05-11,667031,327309418,489.0,499.5,480.0,496.0,15.5,909,0.695173702643851,339.9399,344.8062,333.6834,347.2393
2022-05-12,425868,209577372,488.5,498.0,488.0,489.0,-7.0,672,0.695173702643851,339.5924,339.9399,339.2448,346.1965
2022-05-13,855356,429596489,496.0,507.0,493.5,506.0,17.0,1099,0.695173702643851,344.8062,351.7579,343.0682,352.4531
2022-05-16,661317,337194787,516.0,522.0,500.0,505.0,-1.0,985,0.695173702643851,358.7096,351.0627,347.5869,362.8807
2022-05-17,506889,259339696,509.0,518.0,506.0,509.0,4.0,758,0.695173702643851,353.8434,353.8434,351.7579,360.1
2022-05-18,601967,306796327,511.0,516.0,504.0,505.0,-4.0,796,0.695173702643851,355.2338,351.0627,350.3675,358.7096
2022-05-19,428566,213546432,488.0,509.0,487.0,508.0,3.0,670,0.695173702643851,339.2448,353.1482,338.5496,353.8434
2022-05-20,245732,123948309,508.0,508.0,501.0,502.0,-6.0,428,0.695173702643851,353.1482,348.9772,348.282,353.1482
2022-05-23,626045,308126017,506.0,507.0,485.0,487.5,-14.5,1277,0.695173702643851,351.7579,338.8972,337.1592,352.4531
2022-05-24,435052,208508805,486.0,487.5,474.0,476.0,-11.5,873,0.695173702643851,337.8544,330.9027,329.5123,338.8972
2022-05-25,276797,131792341,476.5,478.5,472.5,477.5,1.5,482,0.695173702643851,331.2503,331.9454,328.4696,332.6406
2022-05-26,207185,99809833,480.0,486.5,477.5,478.5,1.0,346,0.695173702643851,333.6834,332.6406,331.9454,338.202
2022-05-27,270031,130777677,483.5,487.5,481.5,486.5,8.0,410,0.695173702643851,336.1165,338.202,334.7261,338.8972
2022-05-30,454910,225520503,493.5,502.0,490.0,498.5,12.0,696,0.695173702643851,343.0682,346.5441,340.6351,348.9772
2022-05-31,1614073,816572297,500.0,509.0,492.0,509.0,10.5,825,0.695173702643851,347.5869,353.8434,342.0255,353.8434
2022-06-01,553773,281696913,502.0,516.0,501.0,505.0,-4.0,873,0.695173702643851,348.9772,351.0627,348.282,358.7096
2022-06-02,279933,141825734,505.0,512.0,502.0,504.0,-1.0,546,0.695173702643851,351.0627,350.3675,348.9772,355.9289
2022-06-06,197916,98714344,505.0,505.0,495.5,499.5,-4.5,369,0.695173702643851,351.0627,347.2393,344.4586,351.0627
2022-06-07,211162,105316181,502.0,502.0,496.0,497.0,-2.5,355,0.695173702643851,348.9772,345.5013,344.8062,348.9772
2022-06-08,477604,234953547,500.0,501.0,485.0,485.0,-12.0,763,0.695173702643851,347.5869,337.1592,337.1592,348.282
2022-06-09,140879,68938271,485.0,493.0,482.0,490.0,5.0,923,0.695173702643851,337.1592,340.6351,335.0737,342.7206
2022-06-10,218339,105346335,485.5,485.5,481.0,481.5,-8.5,579,0.695173702643851,337.5068,334.7261,334.3786,337.5068
2022-06-13,276560,130573785,471.0,474.5,470.0,472.0,-9.5,662,0.695173702643851,327.4268,328.122,326.7316,329.8599
2022-06-14,277483,128739615,469.5,469.5,457.0,468.0,-4.0,754,0.695173702643851,326.3841,325.3413,317.6944,326.3841
2022-06-15,254023,118441448,470.0,470.0,462.0,464.0,-4.0,512,0.695173702643851,326.7316,322.5606,321.1703,326.7316
2022-06-16,393238,180151598,473.5,474.0,449.0,449.0,-15.0,775,0.695173702643851,329.1647,312.133,312.133,329.5123
2022-06-17,722396,310409553,442.0,442.5,425.0,426.5,-22.5,1427,0.695173702643851,307.2668,296.4916,295.4488,307.6144
2022-06-20,558679,231181118,431.0,431.0,408.0,408.0,-18.5,1131,0.695173702643851,299.6199,283.6309,283.6309,299.6199
2022-06-21,661349,268046934,408.0,411.5,399.0,409.5,1.5,1020,0.695173702643851,283.6309,284.6736,277.3743,286.064
2022-06-22,869497,339000469,409.0,409.5,380.0,380.0,-29.5,1585,0.695173702643851,284.326,264.166,264.166,284.6736
2022-06-23,537300,204372329,381.0,386.5,373.0,380.0,0.0,876,0.695173702643851,264.8612,264.166,259.2998,268.6846
2022-06-24,340477,129229369,383.0,384.5,375.5,377.0,-3.0,624,0.695173702643851,266.2515,262.0805,261.0377,267.2943
2022-06-27,420455,161337337,381.5,386.5,380.0,383.5,6.5,632,0.695173702643851,265.2088,266.5991,264.166,268.6846
2022-06-28,428672,159499555,383.5,383.5,363.0,371.0,-12.5,867,0.695173702643851,266.5991,257.9094,252.3481,266.5991
2022-06-29,540937,195076415,365.0,365.0,356.5,359.5,-11.5,1029,0.695173702643851,253.7384,249.9149,247.8294,253.7384
2022-06-30,661944,232146617,358.0,358.0,346.5,347.5,-12.0,1078,0.695173702643851,248.8722,241.5729,240.8777,248.8722
2022-07-01,838564,288219957,347.5,351.0,338.5,339.0,-8.5,1289,0.695173702643851,241.5729,235.6639,235.3163,244.006
2022-07-04,700572,208683160,296.5,305.0,294.0,296.0,0.0,1010,0.8015778408036242,237.6678,237.267,235.6639,244.4812
2022-07-05,607988,181052239,301.0,301.5,294.0,298.0,2.0,802,0.8015778408036242,241.2749,238.8702,235.6639,241.6757
2022-07-06,605835,173702561,298.0,300.0,280.0,280.0,-18.0,1039,0.8015778408036242,238.8702,224.4418,224.4418,240.4734
2022-07-07,724594,203425395,281.0,287.0,272.5,284.0,4.0,840,0.8015778408036242,225.2434,227.6481,218.43,230.0528
2022-07-08,652812,187681705,284.0,294.5,281.5,287.0,3.0,984,0.8015778408036242,227.6481,230.0528,225.6442,236.0647
2022-07-11,447844,125763920,287.0,287.0,277.5,280.5,-6.5,622,0.8015778408036242,230.0528,224.8426,222.4379,230.0528
2022-07-12,641863,169205266,273.5,275.0,257.5,258.5,-22.0,987,0.8015778408036242,219.2315,207.2079,206.4063,220.4339
2022-07-13,721574,189062417,269.0,269.0,258.5,258.5,0.0,872,0.8015778408036242,215.6244,207.2079,207.2079,215.6244
2022-07-14,714266,185094994,252.5,264.5,252.0,263.0,4.5,756,0.8015778408036242,202.3984,210.815,201.9976,212.0173
2022-07-15,674530,180345603,265.5,272.0,258.5,269.0,6.0,1337,0.8015778408036242,212.8189,215.6244,207.2079,218.0292
2022-07-18,989127,275761174,272.5,284.0,270.5,278.0,9.0,1368,0.8015778408036242,218.43,222.8386,216.8268,227.6481
2022-07-19,652357,178466699,274.0,276.0,271.5,274.5,-3.5,880,0.8015778408036242,219.6323,220.0331,217.6284,221.2355
2022-07-20,893880,253926755,281.5,288.0,280.5,281.5,7.0,972,0.8015778408036242,225.6442,225.6442,224.8426,230.8544
2022-07-21,1093390,316064142,283.0,293.0,283.0,290.5,9.0,1076,0.8015778408036242,226.8465,232.8584,226.8465,234.8623
2022-07-22,1395085,410035397,293.5,301.5,287.5,291.0,0.5,1413,0.8015778408036242,235.2631,233.2592,230.4536,241.6757
2022-07-25,431877,125392426,289.0,293.0,286.5,291.0,0.0,484,0.8015778408036242,231.656,233.2592,229.6521,234.8623
2022-07-26,588967,166307577,291.0,292.0,278.0,279.5,-11.5,1156,0.8015778408036242,233.2592,224.041,222.8386,234.0607
2022-07-27,339261,95643035,277.5,286.0,276.5,285.5,6.0,424,0.8015778408036242,222.4379,228.8505,221.6363,229.2513
2022-07-28,535960,150783163,288.0,288.5,278.0,278.0,-7.5,785,0.8015778408036242,230.8544,222.8386,222.8386,231.2552
2022-07-29,512321,146126214,281.5,288.5,281.5,284.0,6.0,668,0.8015778408036242,225.6442,227.6481,225.6442,231.2552
2022-08-01,378307,106736557,286.5,287.0,279.5,280.0,-4.0,441,0.8015778408036242,229.6521,224.4418,224.041,230.0528
2022-08-02,935233,248985096,272.0,274.0,262.0,262.0,-18.0,1366,0.8015778408036242,218.0292,210.0134,210.0134,219.6323
2022-08-03,654415,169097125,259.0,265.0,255.0,256.0,-6.0,859,0.8015778408036242,207.6087,205.2039,204.4023,212.4181
2022-08-04,783043,196816450,256.0,258.0,249.0,250.0,-6.0,1000,0.8015778408036242,205.2039,200.3945,199.5929,206.8071
2022-08-05,571929,146509305,251.0,259.5,251.0,255.5,5.5,698,0.8015778408036242,201.196,204.8031,201.196,208.0094
2022-08-08,412226,105248328,249.5,258.0,249.0,257.0,1.5,534,0.8015778408036242,199.9937,206.0055,199.5929,206.8071
2022-08-09,633031,157228453,253.0,253.0,243.5,251.0,-6.0,924,0.8015778408036242,202.7992,201.196,195.1842,202.7992
2022-08-10,705508,177933601,252.0,254.5,249.0,253.5,2.5,952,0.8015778408036242,201.9976,203.2,199.5929,204.0016
2022-08-11,902848,236784138,260.0,266.5,258.5,261.0,7.5,1627,0.8015778408036242,208.4102,209.2118,207.2079,213.6205
2022-08-12,1213421,328373937,261.0,276.0,259.0,273.5,12.5,1749,0.8015778408036242,209.2118,219.2315,207.6087,221.2355
2022-08-15,1186932,330435772,277.0,284.0,273.0,281.5,8.0,1553,0.8015778408036242,222.0371,225.6442,218.8308,227.6481
2022-08-16,878722,245738933,283.5,285.5,275.5,278.0,-3.5,1228,0.8015778408036242,227.2473,222.8386,220.8347,228.8505
2022-08-17,503449,140444730,279.0,281.5,276.0,278.5,0.5,579,0.8015778408036242,223.6402,223.2394,221.2355,225.6442
2022-08-18,924703,262274540,276.5,289.5,274.0,287.5,9.0,1328,0.8015778408036242,221.6363,230.4536,219.6323,232.0568
2022-08-19,790454,227198508,287.5,292.0,285.0,285.0,-2.5,1436,0.8015778408036242,230.4536,228.4497,228.4497,234.0607
2022-08-22,2338651,683370610,290.0,302.0,286.0,287.0,2.0,2390,0.8015778408036242,232.4576,230.0528,229.2513,242.0765
2022-08-23,1089538,305317439,283.0,285.0,276.0,277.0,-10.0,1446,0.8015778408036242,226.8465,222.0371,221.2355,228.4497
2022-08-24,382906,107254039,280.5,282.0,278.5,279.5,2.5,478,0.8015778408036242,224.8426,224.041,223.2394,226.045
2022-08-25,554401,156341643,281.5,285.0,279.0,280.5,1.0,642,0.8015778408036242,225.6442,224.8426,223.6402,228.4497
2022-08-26,360393,102044476,285.0,285.5,281.0,281.5,1.0,477,0.8015778408036242,228.4497,225.6442,225.2434,228.8505
2022-08-29,609810,164882358,270.0,273.0,268.5,269.5,-12.0,895,0.8015778408036242,216.426,216.0252,215.2237,218.8308
2022-08-30,306451,83207076,272.0,273.0,270.0,271.0,1.5,461,0.8015778408036242,218.0292,217.2276,216.426,218.8308
2022-08-31,429125,118408033,271.0,280.5,270.5,277.0,6.0,546,0.8015778408036242,217.2276,222.0371,216.8268,224.8426
2022-09-01,828154,222762828,274.0,276.0,264.5,265.5,-11.5,1085,0.8015778408036242,219.6323,212.8189,212.0173,221.2355
2022-09-02,615295,162816324,265.5,268.0,260.5,260.5,-5.0,851,0.8015778408036242,212.8189,208.811,208.811,214.8229
2022-09-05,797722,202477199,261.5,262.0,249.0,253.0,-7.5,1058,0.8015778408036242,209.6126,202.7992,199.5929,210.0134
2022-09-06,735413,182368164,253.0,254.5,245.5,245.5,-7.5,1109,0.8015778408036242,202.7992,196.7874,196.7874,204.0016
2022-09-07,879195,210323422,241.0,244.0,235.5,238.0,-7.5,1209,0.8015778408036242,193.1803,190.7755,188.7716,195.585
2022-09-08,594169,142969385,240.0,243.5,237.0,242.0,4.0,723,0.8015778408036242,192.3787,193.9818,189.9739,195.1842
2022-09-12,617513,155134192,245.0,254.5,245.0,254.0,12.0,785,0.8015778408036242,196.3866,203.6008,196.3866,204.0016
2022-09-13,545096,139082503,254.0,258.0,252.0,254.5,0.5,1054,0.8015778408036242,203.6008,204.0016,201.9976,206.8071
2022-09-14,634070,157356737,243.0,253.0,241.5,250.0,-4.5,813,0.8015778408036242,194.7834,200.3945,193.581,202.7992
2022-09-15,655262,166381053,252.0,256.0,250.5,253.5,3.5,1054,0.8015778408036242,201.9976,203.2,200.7952,205.2039
2022-09-16,2276437,574384301,251.5,253.5,249.0,252.5,-1.0,648,0.8015778408036242,201.5968,202.3984,199.5929,203.2
2022-09-19,435847,110117674,254.0,255.5,250.0,251.5,-1.0,478,0.8015778408036242,203.6008,201.5968,200.3945,204.8031
2022-09-20,377375,95522967,252.5,257.0,250.5,250.5,-1.0,833,0.8015778408036242,202.3984,200.7952,200.7952,206.0055
2022-09-21,367360,90697406,250.0,252.5,244.5,245.5,-5.0,483,0.8015778408036242,200.3945,196.7874,195.9858,202.3984
2022-09-22,408025,98635077,242.0,245.0,238.0,245.0,-0.5,564,0.8015778408036242,193.9818,196.3866,190.7755,196.3866
2022-09-23,356237,86728941,243.0,248.0,239.5,241.0,-4.0,497,0.8015778408036242,194.7834,193.1803,191.9779,198.7913
2022-09-26,731271,169042250,238.0,238.0,226.0,227.5,-13.5,1114,0.8015778408036242,190.7755,182.359,181.1566,190.7755
2022-09-27,495381,112547623,226.0,231.0,223.5,229.5,2.0,561,0.8015778408036242,181.1566,183.9621,179.1526,185.1645
2022-09-28,1232164,266707580,226.5,226.5,209.0,210.5,-19.0,1595,0.8015778408036242,181.5574,168.7321,167.5298,181.5574
2022-09-29,484208,103688010,215.0,216.5,211.5,212.5,2.0,562,0.8015778408036242,172.3392,170.3353,169.5337,173.5416
2022-09-30,472698,100324142,205.5,218.0,205.0,217.0,4.5,957,0.8015778408036242,164.7242,173.9424,164.3235,174.744
2022-10-03,358535,78419398,213.0,223.0,212.0,220.5,3.5,444,0.8015778408036242,170.7361,176.7479,169.9345,178.7519
2022-10-04,434125,98305697,225.5,228.0,224.0,227.0,6.5,1131,0.8015778408036242,180.7558,181.9582,179.5534,182.7597
2022-10-05,740258,172114340,231.5,237.0,228.5,229.5,2.5,885,0.8015778408036242,185.5653,183.9621,183.1605,189.9739
2022-10-06,388971,88511843,231.0,232.0,226.0,226.5,-3.0,675,0.8015778408036242,185.1645,181.5574,181.1566,185.9661
2022-10-07,313935,70224574,226.0,227.0,221.0,221.5,-5.0,428,0.8015778408036242,181.1566,177.5495,177.1487,181.9582
2022-10-11,606132,127693107,215.0,215.5,208.5,208.5,-13.0,998,0.8015778408036242,172.3392,167.129,167.129,172.74
2022-10-12,564908,116665955,209.0,211.5,203.0,205.5,-3.0,709,0.8015778408036242,167.5298,164.7242,162.7203,169.5337
2022-10-13,762171,153881049,206.0,207.5,197.0,198.0,-7.5,949,0.8015778408036242,165.125,158.7124,157.9108,166.3274
2022-10-14,566637,118622781,203.5,213.5,203.5,211.0,13.0,764,0.8015778408036242,163.1211,169.1329,163.1211,171.1369
2022-10-17,977395,211584546,207.0,223.0,205.5,222.0,11.0,1624,0.8015778408036242,165.9266,177.9503,164.7242,178.7519
2022-10-18,1328615,304056671,229.0,232.0,225.0,228.5,6.5,2080,0.8015778408036242,183.5613,183.1605,180.355,185.9661
2022-10-19,725037,166621551,229.5,232.5,228.0,228.0,-0.5,2267,0.8015778408036242,183.9621,182.7597,182.7597,186.3668
2022-10-20,1445703,339698331,224.0,245.5,223.5,245.5,17.5,1735,0.8015778408036242,179.5534,196.7874,179.1526,196.7874
2022-10-21,1240490,294489059,240.0,242.0,233.5,233.5,-12.0,3258,0.8015778408036242,192.3787,187.1684,187.1684,193.9818
2022-10-24,913030,217160024,236.5,242.0,234.0,234.0,0.5,1050,0.8015778408036242,189.5732,187.5692,187.5692,193.9818
2022-10-25,615126,140632621,233.0,234.0,224.0,224.0,-10.0,793,0.8015778408036242,186.7676,179.5534,179.5534,187.5692
2022-10-26,1164133,269844901,227.0,236.5,227.0,232.5,8.5,1998,0.8015778408036242,181.9582,186.3668,181.9582,189.5732
2022-10-27,1419544,341991338,240.0,245.0,237.0,239.5,7.0,2040,0.8015778408036242,192.3787,191.9779,189.9739,196.3866
2022-10-28,643547,150493710,236.5,237.5,231.5,231.5,-8.0,1563,0.8015778408036242,189.5732,185.5653,185.5653,190.3747
2022-10-31,515307,119629783,235.5,235.5,230.0,233.0,1.5,682,0.8015778408036242,188.7716,186.7676,184.3629,188.7716
2022-11-01,421405,99556825,234.5,238.5,232.0,237.0,4.0,548,0.8015778408036242,187.97,189.9739,185.9661,191.1763
2022-11-02,1051495,256044157,237.0,247.0,236.0,244.0,7.0,1351,0.8015778408036242,189.9739,195.585,189.1724,197.9897
2022-11-03,565493,137506145,239.5,246.5,238.0,244.0,0.0,976,0.8015778408036242,191.9779,195.585,190.7755,197.5889
2022-11-04,511095,122994400,244.5,245.0,238.0,241.0,-3.0,1520,0.8015778408036242,195.9858,193.1803,190.7755,196.3866
2022-11-07,973733,240331637,242.0,251.0,240.5,249.5,8.5,1070,0.8015778408036242,193.9818,199.9937,192.7795,201.196
2022-11-08,1486485,382676005,252.5,265.5,250.5,251.0,1.5,4923,0.8015778408036242,202.3984,201.196,200.7952,212.8189
2022-11-09,2786488,758490989,257.0,276.0,257.0,276.0,25.0,2180,0.8015778408036242,206.0055,221.2355,206.0055,221.2355
2022-11-10,5780853,1629540357,276.5,291.0,272.0,279.0,3.0,6148,0.8015778408036242,221.6363,223.6402,218.0292,233.2592
2022-11-11,4259279,1250562118,298.0,301.0,286.0,288.0,9.0,5281,0.8015778408036242,238.8702,230.8544,229.2513,241.2749
2022-11-14,1905094,540886665,288.0,288.5,280.5,283.0,-5.0,3622,0.8015778408036242,230.8544,226.8465,224.8426,231.2552
2022-11-15,2217772,639490444,281.5,295.0,280.5,295.0,12.0,2293,0.8015778408036242,225.6442,236.4655,224.8426,236.4655
2022-11-16,5629326,1751233770,300.0,324.5,297.0,324.5,29.5,5164,0.8015778408036242,240.4734,260.112,238.0686,260.112
2022-11-17,4325705,1406683892,328.0,333.0,320.0,321.5,-3.0,5907,0.8015778408036242,262.9175,257.7073,256.5049,266.9254
2022-11-18,3437452,1122381577,323.5,334.5,316.0,319.0,-2.5,5570,0.8015778408036242,259.3104,255.7033,253.2986,268.1278
2022-11-21,1673208,523730669,319.0,320.5,308.0,308.0,-11.0,1938,0.8015778408036242,255.7033,246.886,246.886,256.9057
2022-11-22,1076677,332974975,309.0,313.0,305.5,308.5,0.5,1158,0.8015778408036242,247.6876,247.2868,244.882,250.8939
2022-11-23,1292537,398210470,314.0,315.5,302.0,303.0,-5.5,1648,0.8015778408036242,251.6954,242.8781,242.0765,252.8978
2022-11-24,1203234,371855043,305.0,312.5,304.5,310.0,7.0,1234,0.8015778408036242,244.4812,248.4891,244.0805,250.4931
2022-11-25,876243,267907635,310.0,311.0,303.0,303.0,-7.0,1065,0.8015778408036242,248.4891,242.8781,242.8781,249.2907
2022-11-28,543116,165397406,301.0,307.0,298.0,305.0,2.0,665,0.8015778408036242,241.2749,244.4812,238.8702,246.0844
2022-11-29,553638,166954317,304.0,304.5,299.0,302.5,-2.5,740,0.8015778408036242,243.6797,242.4773,239.6718,244.0805
2022-11-30,896174,277274157,304.5,313.0,301.5,310.5,8.0,1045,0.8015778408036242,244.0805,248.8899,241.6757,250.8939
2022-12-01,1686178,532978990,316.5,323.0,311.0,311.0,0.5,2078,0.8015778408036242,253.6994,249.2907,249.2907,258.9096
2022-12-02,785960,243835737,309.0,313.5,308.0,313.0,2.0,936,0.8015778408036242,247.6876,250.8939,246.886,251.2947
2022-12-05,624204,196380705,314.0,318.0,312.0,313.0,0.0,730,0.8015778408036242,251.6954,250.8939,250.0923,254.9018
2022-12-06,895885,272622512,311.0,311.0,299.5,300.5,-12.5,1280,0.8015778408036242,249.2907,240.8741,240.0726,249.2907
2022-12-07,668014,201774142,300.0,307.5,296.0,300.5,0.0,818,0.8015778408036242,240.4734,240.8741,237.267,246.4852
2022-12-08,379946,114645988,300.5,304.0,300.0,300.0,-0.5,469,0.8015778408036242,240.8741,240.4734,240.4734,243.6797
2022-12-09,492613,149794270,305.5,306.5,301.0,301.5,1.5,527,0.8015778408036242,244.882,241.6757,241.2749,245.6836
2022-12-12,369475,110078764,301.0,303.0,295.0,299.0,-2.5,493,0.8015778408036242,241.2749,239.6718,236.4655,242.8781
2022-12-13,456571,135771983,303.0,303.0,294.0,294.0,-5.0,628,0.8015778408036242,242.8781,235.6639,235.6639,242.8781
2022-12-14,844712,256195464,296.5,308.0,295.5,307.5,13.5,979,0.8015778408036242,237.6678,246.4852,236.8663,246.886
2022-12-15,626249,193151493,306.5,310.5,305.0,310.0,2.5,954,0.8015778408036242,245.6836,248.4891,244.4812,248.8899
2022-12-16,843258,260325214,303.0,312.5,303.0,312.5,2.5,1308,0.8015778408036242,242.8781,250.4931,242.8781,250.4931
2022-12-19,747623,232330486,316.0,318.5,307.0,308.0,-4.5,1205,0.8015778408036242,253.2986,246.886,246.0844,255.3025
2022-12-20,672609,202861114,308.0,310.0,295.0,295.5,-12.5,919,0.8015778408036242,246.886,236.8663,236.4655,248.4891
2022-12-21,311405,92890922,297.5,301.0,296.0,297.0,1.5,419,0.8015778408036242,238.4694,238.0686,237.267,241.2749
2022-12-22,912027,280995634,301.5,314.5,301.5,307.5,10.5,997,0.8015778408036242,241.6757,246.4852,241.6757,252.0962
2022-12-23,496994,152544907,303.5,312.0,302.0,307.5,0.0,1148,0.8015778408036242,243.2789,246.4852,242.0765,250.0923
2022-12-26,470814,145995088,310.0,313.0,307.0,309.5,2.0,533,0.8015778408036242,248.4891,248.0883,246.0844,250.8939
2022-12-27,2298367,733169878,314.0,328.0,311.5,311.5,2.0,2710,0.8015778408036242,251.6954,249.6915,249.6915,262.9175
2022-12-28,791678,240815991,308.0,308.5,301.0,302.0,-9.5,1493,0.8015778408036242,246.886,242.0765,241.2749,247.2868
2022-12-29,558718,168794792,299.0,307.5,296.5,307.5,5.5,660,0.8015778408036242,239.6718,246.4852,237.6678,246.4852
2022-12-30,473185,145617575,312.0,314.0,302.5,304.5,-3.0,584,0.8015778408036242,250.0923,244.0805,242.4773,251.6954
2023-01-03,2513990,806344410,307.0,328.0,303.5,325.5,21.0,2766,0.8015778408036242,246.0844,260.9136,243.2789,262.9175
2023-01-04,3400529,1144915103,325.0,344.5,322.0,340.0,14.5,3889,0.8015778408036242,260.5128,272.5365,258.1081,276.1436
2023-01-05,2808940,963966468,345.0,349.0,337.5,341.5,1.5,2849,0.8015778408036242,276.5444,273.7388,270.5325,279.7507
2023-01-06,1812008,625443631,341.5,349.5,338.0,346.5,5.0,1998,0.8015778408036242,273.7388,277.7467,270.9333,280.1515
2023-01-09,2211864,754358637,347.5,349.0,336.5,340.0,-6.5,2687,0.8015778408036242,278.5483,272.5365,269.7309,279.7507
2023-01-10,1015222,343693638,340.0,344.0,335.0,337.0,-3.0,1207,0.8015778408036242,272.5365,270.1317,268.5286,275.7428
2023-01-11,1230180,421113540,336.5,345.5,336.5,344.0,7.0,1396,0.8015778408036242,269.7309,275.7428,269.7309,276.9451
2023-01-12,994863,340638761,343.5,345.5,339.0,342.0,-2.0,1084,0.8015778408036242,275.342,274.1396,271.7349,276.9451
2023-01-13,577959,197202120,344.0,345.0,338.5,338.5,-3.5,624,0.8015778408036242,275.7428,271.3341,271.3341,276.5444
2023-01-16,498917,168779524,340.0,341.5,335.0,336.0,-2.5,726,0.8015778408036242,272.5365,269.3302,268.5286,273.7388
2023-01-17,309652,104726497,338.0,339.5,336.0,338.0,2.0,449,0.8015778408036242,270.9333,270.9333,269.3302,272.1357
2023-01-30,714728,246185207,344.5,347.0,343.0,344.0,6.0,906,0.8015778408036242,276.1436,275.7428,274.9412,278.1475
2023-01-31,1499536,531465892,345.0,360.0,344.0,355.0,11.0,1862,0.8015778408036242,276.5444,284.5601,275.7428,288.568
2023-02-01,905592,323246379,358.0,361.0,353.5,356.0,1.0,1160,0.8015778408036242,286.9649,285.3617,283.3578,289.3696
2023-02-02,761533,273980267,360.0,363.0,355.5,359.5,3.5,927,0.8015778408036242,288.568,288.1672,284.9609,290.9728
2023-02-03,814916,289637065,361.0,362.5,353.0,354.5,-5.0,1091,0.8015778408036242,289.3696,284.1593,282.957,290.572
2023-02-06,571544,199674373,351.5,353.0,346.0,347.5,-7.0,844,0.8015778408036242,281.7546,278.5483,277.3459,282.957
2023-02-07,1011885,359308571,347.5,359.0,346.0,359.0,11.5,1181,0.8015778408036242,278.5483,287.7664,277.3459,287.7664
2023-02-08,2840162,1083752745,367.0,392.0,366.5,385.0,26.0,3370,0.8015778408036242,294.1791,308.6075,293.7783,314.2185
2023-02-09,1128325,428291196,379.5,382.0,376.0,381.0,-4.0,1342,0.8015778408036242,304.1988,305.4012,301.3933,306.2027
2023-02-10,522035,197258964,381.0,381.5,375.5,375.5,-5.5,770,0.8015778408036242,305.4012,300.9925,300.9925,305.8019
2023-02-13,613766,226548337,371.0,374.5,365.0,366.0,-9.5,1250,0.8015778408036242,297.3854,293.3775,292.5759,300.1909
2023-02-14,789205,296372535,370.0,380.0,370.0,375.5,9.5,979,0.8015778408036242,296.5838,300.9925,296.5838,304.5996
2023-02-15,996450,376711450,375.5,385.5,371.0,372.5,-3.0,1302,0.8015778408036242,300.9925,298.5877,297.3854,309.0083
2023-02-16,671657,254809264,377.0,383.5,375.0,379.0,6.5,903,0.8015778408036242,302.1948,303.798,300.5917,307.4051
2023-02-17,1945095,760676504,386.0,398.0,386.0,389.0,10.0,2199,0.8015778408036242,309.409,311.8138,309.409,319.028
2023-02-20,843498,330725597,392.5,396.0,389.0,391.5,2.5,1111,0.8015778408036242,314.6193,313.8177,311.8138,317.4248
2023-02-21,2178820,891314167,396.0,419.0,395.5,415.0,23.5,2723,0.8015778408036242,317.4248,332.6548,317.024,335.8611
2023-02-22,1446766,582498921,414.5,414.5,396.0,403.0,-12.0,2608,0.8015778408036242,332.254,323.0359,317.4248,332.254
2023-02-23,1041395,424996306,407.5,414.0,404.0,406.0,3.0,1212,0.8015778408036242,326.643,325.4406,323.8374,331.8532
2023-02-24,2240999,934842915,424.5,428.0,410.0,412.0,6.0,2756,0.8015778408036242,340.2698,330.2501,328.6469,343.0753
2023-03-01,1339347,552408736,412.0,416.5,407.0,414.0,2.0,1766,0.8015778408036242,330.2501,331.8532,326.2422,333.8572
2023-03-02,1025149,425242103,418.5,418.5,411.0,415.5,1.5,1312,0.8015778408036242,335.4603,333.0556,329.4485,335.4603
2023-03-03,1534349,633292609,414.0,417.0,410.5,411.5,-4.0,1819,0.8015778408036242,331.8532,329.8493,329.0477,334.258
2023-03-06,1098824,454426182,413.0,416.0,411.0,411.0,-0.5,1431,0.8015778408036242,331.0516,329.4485,329.4485,333.4564
2023-03-07,786595,321847067,413.5,413.5,407.0,409.5,-1.5,1443,0.8015778408036242,331.4524,328.2461,326.2422,331.4524
2023-03-08,683757,279066727,409.0,410.5,405.5,409.5,0.0,1020,0.8015778408036242,327.8453,328.2461,325.0398,329.0477
2023-03-09,673173,275314225,409.5,412.5,406.0,406.5,-3.0,1029,0.8015778408036242,328.2461,325.8414,325.4406,330.6509
2023-03-10,1322071,526264243,401.0,404.0,394.0,396.0,-10.5,2371,0.8015778408036242,321.4327,317.4248,315.8217,323.8374
2023-03-13,882155,345584330,390.5,397.5,385.0,397.5,1.5,1298,0.8015778408036242,313.0161,318.6272,308.6075,318.6272
2023-03-14,600141,235459013,394.5,397.5,390.0,391.5,-6.0,1092,0.8015778408036242,316.2225,313.8177,312.6154,318.6272
2023-03-15,912731,362577573,399.5,403.5,390.0,390.0,-1.5,1260,0.8015778408036242,320.2303,312.6154,312.6154,323.4367
2023-03-16,672565,262721819,386.0,395.0,384.0,393.0,3.0,935,0.8015778408036242,309.409,315.0201,307.8059,316.6232
2023-03-17,1101126,443407020,399.5,405.5,397.0,403.5,10.5,1293,0.8015778408036242,320.2303,323.4367,318.2264,325.0398
2023-03-20,1033524,424405682,407.0,414.5,407.0,410.5,7.0,1548,0.8015778408036242,326.2422,329.0477,326.2422,332.254
2023-03-21,1390817,579179168,414.5,419.0,411.5,418.0,7.5,1745,0.8015778408036242,332.254,335.0595,329.8493,335.8611
2023-03-22,4324794,1902845012,425.0,446.5,423.5,445.0,27.0,4746,0.8015778408036242,340.6706,356.7021,339.4682,357.9045
2023-03-23,2509191,1098202441,450.0,452.0,430.0,430.5,-14.5,6427,0.8015778408036242,360.71,345.0793,344.6785,362.3132
2023-03-24,958749,411363677,433.0,433.0,427.0,427.0,-3.5,1900,0.8015778408036242,347.0832,342.2737,342.2737,347.0832
2023-03-27,900357,380270901,425.5,429.0,419.0,419.0,-8.0,1891,0.8015778408036242,341.0714,335.8611,335.8611,343.8769
2023-03-28,653097,274470436,419.5,424.0,417.5,419.0,0.0,1812,0.8015778408036242,336.2619,335.8611,334.6587,339.869
2023-03-29,919596,381957850,421.0,424.0,408.5,413.5,-5.5,2184,0.8015778408036242,337.4643,331.4524,327.4445,339.869
2023-03-30,646132,268863728,418.0,420.0,413.5,414.5,1.0,1041,0.8015778408036242,335.0595,332.254,331.4524,336.6627
2023-03-31,955154,396740539,416.0,419.0,412.0,414.0,-0.5,1108,0.8015778408036242,333.4564,331.8532,330.2501,335.8611
2023-04-06,602310,250868793,414.0,419.5,412.0,419.5,5.5,1098,0.8015778408036242,331.8532,336.2619,330.2501,336.2619
2023-04-07,1794856,771850455,424.0,438.5,423.0,425.5,6.0,2098,0.8015778408036242,339.869,341.0714,339.0674,351.4919
2023-04-10,1078235,460888821,425.5,433.5,422.0,423.0,-2.5,2179,0.8015778408036242,341.0714,339.0674,338.2658,347.484
2023-04-11,994725,426466947,424.5,431.5,423.0,430.0,7.0,1206,0.8015778408036242,340.2698,344.6785,339.0674,345.8808
2023-04-12,1238678,521637212,433.5,433.5,418.0,419.5,-10.5,1716,0.8015778408036242,347.484,336.2619,335.0595,347.484
2023-04-13,461712,192976328,420.0,422.0,415.5,416.0,-3.5,701,0.8015778408036242,336.6627,333.4564,333.0556,338.2658
2023-04-14,599028,251278564,419.5,424.0,417.0,419.0,3.0,681,0.8015778408036242,336.2619,335.8611,334.258,339.869
2023-04-17,756371,320072974,420.0,426.0,418.0,425.5,6.5,967,0.8015778408036242,336.6627,341.0714,335.0595,341.4722
2023-04-18,4618706,2036326462,435.0,449.0,428.5,444.5,19.0,4923,0.8015778408036242,348.6864,356.3014,343.4761,359.9085
2023-04-19,3605570,1592396632,448.5,452.5,428.0,435.5,-9.0,4639,0.8015778408036242,359.5077,349.0871,343.0753,362.714
2023-04-20,2009247,857096921,435.0,441.5,418.0,418.0,-17.5,4210,0.8015778408036242,348.6864,335.0595,335.0595,353.8966
2023-04-21,1477159,608293499,423.5,425.5,403.0,403.5,-14.5,2004,0.8015778408036242,339.4682,323.4367,323.0359,341.0714
2023-04-24,822558,330550647,403.0,406.0,399.0,400.0,-3.5,1283,0.8015778408036242,323.0359,320.6311,319.8296,325.4406
2023-04-25,1895532,726476278,402.0,403.0,372.0,373.5,-26.5,3225,0.8015778408036242,322.2343,299.3893,298.187,323.0359
2023-04-26,1456261,534137860,369.0,372.0,361.0,371.0,-2.5,1995,0.8015778408036242,295.7822,297.3854,289.3696,298.187
2023-04-27,947586,354877038,372.0,380.5,364.5,379.0,8.0,1261,0.8015778408036242,298.187,303.798,292.1751,305.0004
2023-04-28,799182,306668134,383.0,389.0,380.0,381.0,2.0,1065,0.8015778408036242,307.0043,305.4012,304.5996,311.8138
2023-05-02,561700,213474031,380.0,385.5,374.0,380.0,-1.0,833,0.8015778408036242,304.5996,304.5996,299.7901,309.0083
2023-05-03,539466,202447276,380.0,380.0,372.0,377.5,-2.5,898,0.8015778408036242,304.5996,302.5956,298.187,304.5996
2023-05-04,501357,188365474,377.0,380.5,373.0,375.0,-2.5,720,0.8015778408036242,302.1948,300.5917,298.9885,305.0004
2023-05-05,433609,162807826,376.0,380.0,372.5,375.5,0.5,571,0.8015778408036242,301.3933,300.9925,298.5877,304.5996
2023-05-08,511626,195198599,379.0,385.0,378.5,381.5,6.0,703,0.8015778408036242,303.798,305.8019,303.3972,308.6075
2023-05-09,631693,236853279,382.0,383.0,371.0,372.5,-9.0,976,0.8015778408036242,306.2027,298.5877,297.3854,307.0043
2023-05-10,2149006,773959965,359.0,366.5,355.0,356.0,-16.5,3087,0.8015778408036242,287.7664,285.3617,284.5601,293.7783
2023-05-11,533352,189210997,357.0,359.0,351.0,355.5,-0.5,869,0.8015778408036242,286.1633,284.9609,281.3538,287.7664
2023-05-12,2494618,842371884,350.5,350.5,334.0,336.5,-19.0,3499,0.8015778408036242,280.953,269.7309,267.727,280.953
2023-05-15,724768,240396386,330.0,334.5,329.5,333.5,-3.0,1056,0.8015778408036242,264.5207,267.3262,264.1199,268.1278
2023-05-16,484975,163991855,338.0,341.0,336.0,336.5,3.0,769,0.8015778408036242,270.9333,269.7309,269.3302,273.338
2023-05-17,595096,199779106,335.5,339.5,332.0,335.5,-1.0,935,0.8015778408036242,268.9294,268.9294,266.1238,272.1357
2023-05-18,605269,204455672,338.0,341.0,335.0,339.5,4.0,966,0.8015778408036242,270.9333,272.1357,268.5286,273.338
2023-05-19,529609,180045656,342.0,344.0,337.0,337.0,-2.5,858,0.8015778408036242,274.1396,270.1317,270.1317,275.7428
2023-05-22,430306,147535404,336.0,345.5,336.0,344.0,7.0,673,0.8015778408036242,269.3302,275.7428,269.3302,276.9451
2023-05-23,486733,168138349,346.5,347.5,343.0,344.5,0.5,731,0.8015778408036242,277.7467,276.1436,274.9412,278.5483
2023-05-24,356409,121632248,345.0,345.0,340.0,342.5,-2.0,642,0.8015778408036242,276.5444,274.5404,272.5365,276.5444
2023-05-25,308174,105519550,345.0,345.0,340.5,342.5,0.0,496,0.8015778408036242,276.5444,274.5404,272.9373,276.5444
2023-05-26,443580,152062580,345.0,347.0,340.5,340.5,-2.0,676,0.8015778408036242,276.5444,272.9373,272.9373,278.1475
2023-05-29,502953,175056441,341.5,350.5,341.5,348.0,7.5,757,0.8015778408036242,273.7388,278.9491,273.7388,280.953
2023-05-30,297144,103055773,350.5,350.5,343.5,349.0,1.0,473,0.8015778408036242,280.953,279.7507,275.342,280.953
2023-05-31,353918,124218806,350.0,354.5,348.0,350.5,1.5,558,0.8015778408036242,280.5522,280.953,278.9491,284.1593
2023-06-01,509132,177560687,350.5,354.0,344.0,353.0,2.5,666,0.8015778408036242,280.953,282.957,275.7428,283.7586
2023-06-02,588812,208660279,356.0,357.5,351.0,356.5,3.5,893,0.8015778408036242,285.3617,285.7625,281.3538,286.5641
2023-06-05,632883,228320064,360.0,363.0,358.0,362.5,6.0,815,0.8015778408036242,288.568,290.572,286.9649,290.9728
2023-06-06,544082,195508564,360.0,361.0,357.5,361.0,-1.5,678,0.8015778408036242,288.568,289.3696,286.5641,289.3696
2023-06-07,745631,274295143,359.5,372.0,359.5,368.0,7.0,1059,0.8015778408036242,288.1672,294.9806,288.1672,298.187
2023-06-08,690554,254777495,366.0,372.5,364.0,371.5,3.5,881,0.8015778408036242,293.3775,297.7862,291.7743,298.5877
2023-06-09,820031,307561973,373.5,378.0,372.0,377.0,5.5,1042,0.8015778408036242,299.3893,302.1948,298.187,302.9964
2023-06-12,661497,251702030,380.0,383.5,378.0,383.5,6.5,977,0.8015778408036242,304.5996,307.4051,302.9964,307.4051
2023-06-13,871228,334904129,384.0,388.0,380.5,388.0,4.5,1296,0.8015778408036242,307.8059,311.0122,305.0004,311.0122
2023-06-14,597217,231572765,388.0,390.0,385.0,387.5,-0.5,893,0.8015778408036242,311.0122,310.6114,308.6075,312.6154
2023-06-15,939118,359566979,387.0,389.5,378.0,380.0,-7.5,1518,0.8015778408036242,310.2106,304.5996,302.9964,312.2146
2023-06-16,753098,285083288,380.0,382.0,374.5,378.5,-1.5,1130,0.8015778408036242,304.5996,303.3972,300.1909,306.2027
2023-06-19,350629,132981073,379.0,382.0,376.5,378.5,0.0,530,0.8015778408036242,303.798,303.3972,301.7941,306.2027
2023-06-20,528715,198925585,382.0,382.0,375.0,375.0,-3.5,656,0.8015778408036242,306.2027,300.5917,300.5917,306.2027
2023-06-21,553571,206439095,376.0,376.0,371.0,372.0,-3.0,913,0.8015778408036242,301.3933,298.187,297.3854,301.3933
2023-06-26,985537,359349167,370.0,370.0,360.0,364.5,-7.5,1532,0.8015778408036242,296.5838,292.1751,288.568,296.5838
2023-06-27,790294,284534878,362.5,363.5,356.5,356.5,-8.0,1452,0.8015778408036242,290.572,285.7625,285.7625,291.3735
2023-06-28,1282430,459320140,360.0,361.0,355.0,359.5,3.0,1416,0.8015778408036242,288.568,288.1672,284.5601,289.3696
2023-06-29,1903788,618007620,318.5,338.0,318.5,325.5,0.0,2067,0.9047636853026778,288.1672,294.5006,288.1672,305.8101
2023-06-30,524758,168518527,325.5,325.5,318.5,321.0,-4.5,881,0.9047636853026778,294.5006,290.4291,288.1672,294.5006
2023-07-03,367968,118907428,325.0,325.5,319.5,324.0,3.0,600,0.9047636853026778,294.0482,293.1434,289.072,294.5006
2023-07-04,364780,120471346,326.0,333.0,324.0,331.5,7.5,679,0.9047636853026778,294.953,299.9292,293.1434,301.2863
2023-07-05,349490,114764490,334.0,334.0,325.0,325.5,-6.0,729,0.9047636853026778,302.1911,294.5006,294.0482,302.1911
2023-07-06,311899,101127826,325.5,328.0,321.5,321.5,-4.0,541,0.9047636853026778,294.5006,290.8815,290.8815,296.7625
2023-07-07,509132,161086166,321.5,321.5,314.0,315.0,-6.5,999,0.9047636853026778,290.8815,285.0006,284.0958,290.8815
2023-07-10,429512,135088790,316.5,319.5,312.0,313.0,-2.0,702,0.9047636853026778,286.3577,283.191,282.2863,289.072
2023-07-11,371034,117413310,317.0,318.0,313.5,317.5,4.5,582,0.9047636853026778,286.8101,287.2625,283.6434,287.7149
2023-07-12,365322,115394276,318.5,319.5,314.0,315.5,-2.0,528,0.9047636853026778,288.1672,285.4529,284.0958,289.072
2023-07-13,383874,123620788,319.0,325.5,317.5,322.0,6.5,814,0.9047636853026778,288.6196,291.3339,287.2625,294.5006
2023-07-14,335486,109035391,329.0,329.0,321.5,324.0,2.0,478,0.9047636853026778,297.6673,293.1434,290.8815,297.6673
2023-07-17,478094,152603067,325.5,325.5,317.0,318.5,-5.5,693,0.9047636853026778,294.5006,288.1672,286.8101,294.5006
2023-07-18,353885,112501795,319.0,321.0,315.0,317.0,-1.5,478,0.9047636853026778,288.6196,286.8101,285.0006,290.4291
2023-07-19,493080,158885668,323.0,326.5,317.5,318.5,1.5,589,0.9047636853026778,292.2387,288.1672,287.2625,295.4053
2023-07-20,242115,77721448,319.5,323.5,318.5,321.5,3.0,590,0.9047636853026778,289.072,290.8815,288.1672,292.6911
2023-07-21,265088,85152204,321.5,324.0,317.0,322.0,0.5,377,0.9047636853026778,290.8815,291.3339,286.8101,293.1434
2023-07-24,492790,155588313,322.0,322.0,313.5,313.5,-8.5,925,0.9047636853026778,291.3339,283.6434,283.6434,291.3339
2023-07-25,196116,61830610,314.0,318.0,313.0,318.0,4.5,330,0.9047636853026778,284.0958,287.7149,283.191,287.7149
2023-07-26,299507,94753816,317.5,325.0,313.5,313.5,-4.5,477,0.9047636853026778,287.2625,283.6434,283.6434,294.0482
2023-07-27,1124262,368631043,316.5,336.5,316.0,331.5,18.0,1506,0.9047636853026778,286.3577,299.9292,285.9053,304.453
2023-07-28,402294,131835101,331.5,332.0,326.0,327.0,-4.5,2192,0.9047636853026778,299.9292,295.8577,294.953,300.3815
2023-07-31,437739,145033891,333.0,335.5,327.5,330.0,3.0,844,0.9047636853026778,301.2863,298.572,296.3101,303.5482
2023-08-01,441145,147308824,331.0,336.5,330.5,336.0,6.0,692,0.9047636853026778,299.4768,304.0006,299.0244,304.453
2023-08-02,523167,172476852,338.5,338.5,324.0,326.0,-10.0,841,0.9047636853026778,306.2625,294.953,293.1434,306.2625
2023-08-04,211050,68634680,325.0,329.0,321.5,329.0,3.0,349,0.9047636853026778,294.0482,297.6673,290.8815,297.6673
2023-08-07,151725,49476076,329.0,329.0,324.5,327.0,-2.0,260,0.9047636853026778,297.6673,295.8577,293.5958,297.6673
2023-08-08,173263,56283971,328.0,328.0,322.0,323.5,-3.5,301,0.9047636853026778,296.7625,292.6911,291.3339,296.7625
2023-08-09,480909,152179228,317.5,319.0,313.5,315.5,-8.0,947,0.9047636853026778,287.2625,285.4529,283.6434,288.6196
2023-08-10,396413,122772459,314.0,314.5,307.0,309.5,-6.0,1028,0.9047636853026778,284.0958,280.0244,277.7625,284.5482
2023-08-11,692510,224062107,315.5,331.0,314.5,322.5,13.0,952,0.9047636853026778,285.4529,291.7863,284.5482,299.4768
2023-08-14,512767,158905872,321.5,321.5,306.0,309.0,-13.5,2585,0.9047636853026778,290.8815,279.572,276.8577,290.8815
2023-08-15,185951,58380999,311.0,317.5,311.0,313.5,4.5,290,0.9047636853026778,281.3815,283.6434,281.3815,287.2625
2023-08-16,691946,211835216,314.0,314.0,302.0,304.0,-9.5,1498,0.9047636853026778,284.0958,275.0482,273.2386,284.0958
2023-08-17,536145,160960765,302.0,306.0,296.0,305.5,1.5,796,0.9047636853026778,273.2386,276.4053,267.8101,276.8577
2023-08-18,440913,131934207,305.0,305.0,295.0,297.0,-8.5,990,0.9047636853026778,275.9529,268.7148,266.9053,275.9529
2023-08-21,450477,133987659,298.5,303.5,293.0,301.5,4.5,753,0.9047636853026778,270.072,272.7863,265.0958,274.5958
2023-08-22,195143,59346386,304.5,307.5,301.0,302.5,1.0,364,0.9047636853026778,275.5005,273.691,272.3339,278.2148
2023-08-23,129649,39085366,298.0,303.5,298.0,303.5,1.0,305,0.9047636853026778,269.6196,274.5958,269.6196,274.5958
2023-08-24,344786,105829048,304.0,310.5,303.0,307.0,3.5,470,0.9047636853026778,275.0482,277.7625,274.1434,280.9291
2023-08-25,191766,58452319,305.0,307.0,302.0,307.0,0.0,308,0.9047636853026778,275.9529,277.7625,273.2386,277.7625
2023-08-28,334792,103698672,307.0,312.0,304.5,310.5,3.5,497,0.9047636853026778,277.7625,280.9291,275.5005,282.2863
2023-08-29,181008,56187787,311.0,313.0,307.0,311.5,1.0,655,0.9047636853026778,281.3815,281.8339,277.7625,283.191
2023-08-30,184120,57624264,313.5,314.0,311.0,314.0,2.5,586,0.9047636853026778,283.6434,284.0958,281.3815,284.0958
2023-08-31,602941,192745446,315.0,322.5,314.0,322.0,8.0,1196,0.9047636853026778,285.0006,291.3339,284.0958,291.7863
2023-09-01,279921,90234664,321.5,324.0,320.5,322.0,0.0,679,0.9047636853026778,290.8815,291.3339,289.9768,293.1434
2023-09-04,676477,223712408,323.0,334.0,321.0,333.0,11.0,1232,0.9047636853026778,292.2387,301.2863,290.4291,302.1911
2023-09-05,3196942,1131905010,337.0,363.0,336.0,360.0,27.0,3857,0.9047636853026778,304.9054,325.7149,304.0006,328.4292
2023-09-06,1018990,361024865,355.5,360.0,350.0,351.0,-9.0,1662,0.9047636853026778,321.6435,317.5721,316.6673,325.7149
2023-09-07,674236,235085972,349.0,354.5,342.0,347.5,-3.5,934,0.9047636853026778,315.7625,314.4054,309.4292,320.7387
2023-09-08,732418,257382371,349.0,354.0,345.0,349.0,1.5,980,0.9047636853026778,315.7625,315.7625,312.1435,320.2863
2023-09-11,2004299,719927458,352.0,363.0,352.0,357.5,8.5,2263,0.9047636853026778,318.4768,323.453,318.4768,328.4292
2023-09-12,1647487,590506447,360.0,365.0,346.0,362.0,4.5,2263,0.9047636853026778,325.7149,327.5245,313.0482,330.2387
2023-09-13,963017,347751127,362.0,364.5,357.0,358.0,-4.0,1199,0.9047636853026778,327.5245,323.9054,323.0006,329.7864
2023-09-14,1318659,481564989,360.0,369.0,358.0,367.5,9.5,1683,0.9047636853026778,325.7149,332.5007,323.9054,333.8578
2023-09-15,2079087,784211281,370.0,381.5,370.0,375.5,8.0,2515,0.9047636853026778,334.7626,339.7388,334.7626,345.1673
2023-09-18,1181951,439801618,372.0,383.5,366.0,367.0,-8.5,2241,0.9047636853026778,336.5721,332.0483,331.1435,346.9769
2023-09-19,973235,360267315,372.5,375.0,362.0,370.0,3.0,1293,0.9047636853026778,337.0245,334.7626,327.5245,339.2864
2023-09-20,1114586,403778921,371.5,375.5,356.5,358.5,-11.5,2296,0.9047636853026778,336.1197,324.3578,322.5483,339.7388
2023-09-21,941924,340665018,353.5,364.5,353.5,364.0,5.5,1249,0.9047636853026778,319.834,329.334,319.834,329.7864
2023-09-22,456733,166588117,359.5,368.0,359.0,368.0,4.0,700,0.9047636853026778,325.2625,332.953,324.8102,332.953
2023-09-25,432496,158694620,368.0,371.0,360.0,369.0,1.0,613,0.9047636853026778,332.953,333.8578,325.7149,335.6673
2023-09-26,286926,104356944,368.0,368.0,361.5,361.5,-7.5,487,0.9047636853026778,332.953,327.0721,327.0721,332.953
2023-09-27,415550,148508592,358.5,361.0,354.5,358.0,-3.5,714,0.9047636853026778,324.3578,323.9054,320.7387,326.6197
2023-09-28,214036,76299649,358.0,360.0,354.0,355.0,-3.0,356,0.9047636853026778,323.9054,321.1911,320.2863,325.7149
2023-10-02,194214,69777605,355.0,361.0,355.0,361.0,6.0,362,0.9047636853026778,321.1911,326.6197,321.1911,326.6197
2023-10-03,613666,224899628,362.0,373.0,361.0,361.0,0.0,1091,0.9047636853026778,327.5245,326.6197,326.6197,337.4769
2023-10-04,337302,122157219,361.0,366.0,355.5,366.0,5.0,577,0.9047636853026778,326.6197,331.1435,321.6435,331.1435
2023-10-05,337270,124513928,369.5,371.5,367.0,368.0,2.0,538,0.9047636853026778,334.3102,332.953,332.0483,336.1197
2023-10-06,278135,100852378,368.0,370.5,360.0,360.5,-7.5,639,0.9047636853026778,332.953,326.1673,325.7149,335.2149
2023-10-11,389063,140759017,364.0,365.5,359.0,360.5,0.0,527,0.9047636853026778,329.334,326.1673,324.8102,330.6911
2023-10-12,584582,207932920,361.0,362.5,351.5,358.5,-2.0,1106,0.9047636853026778,326.6197,324.3578,318.0244,327.9768
2023-10-13,517507,188642535,358.5,369.0,358.0,365.0,6.5,760,0.9047636853026778,324.3578,330.2387,323.9054,333.8578
2023-10-16,473533,170826624,364.0,364.0,355.5,363.0,-2.0,706,0.9047636853026778,329.334,328.4292,321.6435,329.334
2023-10-17,1323561,492742180,363.5,377.5,363.5,372.5,9.5,1725,0.9047636853026778,328.8816,337.0245,328.8816,341.5483
2023-10-18,1752858,657734777,369.5,378.0,368.0,378.0,5.5,1358,0.9047636853026778,334.3102,342.0007,332.953,342.0007
2023-10-19,1435825,544484244,375.5,386.0,372.0,373.5,-4.5,2350,0.9047636853026778,339.7388,337.9292,336.5721,349.2388
2023-10-20,603586,225846934,375.0,377.0,368.5,377.0,3.5,749,0.9047636853026778,339.2864,341.0959,333.4054,341.0959
2023-10-23,977558,361180038,377.0,380.5,360.0,362.5,-14.5,3383,0.9047636853026778,341.0959,327.9768,325.7149,344.2626
2023-10-24,467696,168281188,360.5,363.5,355.0,362.5,0.0,708,0.9047636853026778,326.1673,327.9768,321.1911,328.8816
2023-10-25,285703,104065595,363.0,366.0,362.0,363.5,1.0,405,0.9047636853026778,328.4292,328.8816,327.5245,331.1435
2023-10-26,347596,125760923,359.5,364.0,358.0,361.0,-2.5,454,0.9047636853026778,325.2625,326.6197,323.9054,329.334
2023-10-27,434903,155121251,363.5,363.5,353.0,354.5,-6.5,763,0.9047636853026778,328.8816,320.7387,319.3816,328.8816
2023-10-30,713899,260633207,357.0,370.0,355.0,365.5,11.0,972,0.9047636853026778,323.0006,330.6911,321.1911,334.7626
2023-10-31,327980,119021854,368.0,368.5,358.0,358.5,-7.0,588,0.9047636853026778,332.953,324.3578,323.9054,333.4054
2023-11-01,532836,196082755,361.0,371.5,361.0,368.0,9.5,723,0.9047636853026778,326.6197,332.953,326.6197,336.1197
2023-11-02,817551,305473044,372.0,377.0,367.0,375.5,7.5,1103,0.9047636853026778,336.5721,339.7388,332.0483,341.0959
2023-11-03,544935,204899017,379.0,380.0,373.5,373.5,-2.0,718,0.9047636853026778,342.9054,337.9292,337.9292,343.8102
2023-11-06,1170947,446823801,377.5,384.0,377.5,383.5,10.0,1356,0.9047636853026778,341.5483,346.9769,341.5483,347.4293
2023-11-07,621549,238790676,383.5,386.0,380.5,386.0,2.5,823,0.9047636853026778,346.9769,349.2388,344.2626,349.2388
2023-11-08,1208813,453793651,383.0,383.0,369.0,380.0,-6.0,1688,0.9047636853026778,346.5245,343.8102,333.8578,346.5245
2023-11-09,621713,237110283,378.5,384.5,378.0,382.5,2.5,829,0.9047636853026778,342.4531,346.0721,342.0007,347.8816
2023-11-10,2087908,819168703,379.0,398.0,379.0,393.0,10.5,2664,0.9047636853026778,342.9054,355.5721,342.9054,360.0959
2023-11-13,1271846,507886387,398.0,403.0,395.0,400.0,7.0,1609,0.9047636853026778,360.0959,361.9055,357.3817,364.6198
2023-11-14,937385,373932818,399.0,402.0,394.0,400.5,0.5,1155,0.9047636853026778,361.0007,362.3579,356.4769,363.715
2023-11-15,800223,322322509,403.5,409.0,400.0,400.5,0.0,1017,0.9047636853026778,365.0721,362.3579,361.9055,370.0483
2023-11-16,617722,244528685,400.0,400.0,392.0,396.5,-4.0,883,0.9047636853026778,361.9055,358.7388,354.6674,361.9055
2023-11-17,571975,228538846,394.0,402.0,394.0,402.0,5.5,714,0.9047636853026778,356.4769,363.715,356.4769,363.715
2023-11-20,562894,225738146,399.0,406.0,396.5,398.0,-4.0,787,0.9047636853026778,361.0007,360.0959,358.7388,367.3341
2023-11-21,651144,261212878,399.0,404.5,397.5,398.5,0.5,873,0.9047636853026778,361.0007,360.5483,359.6436,365.9769
2023-11-22,459598,184241295,398.5,404.0,397.0,404.0,5.5,601,0.9047636853026778,360.5483,365.5245,359.1912,365.5245
2023-11-23,500696,199642595,405.0,405.5,396.0,396.0,-8.0,874,0.9047636853026778,366.4293,358.2864,358.2864,366.8817
2023-11-24,659172,259924360,398.5,401.5,390.0,394.5,-1.5,2512,0.9047636853026778,360.5483,356.9293,352.8578,363.2626
2023-11-27,902851,362037434,394.0,406.0,394.0,397.0,2.5,1080,0.9047636853026778,356.4769,359.1912,356.4769,367.3341
2023-11-28,750475,302170613,400.0,406.0,399.5,403.0,6.0,835,0.9047636853026778,361.9055,364.6198,361.4531,367.3341
2023-11-29,516051,209179017,403.5,407.5,402.0,406.0,3.0,734,0.9047636853026778,365.0721,367.3341,363.715,368.6912
2023-11-30,664484,267971451,408.0,409.0,399.5,402.5,-3.5,838,0.9047636853026778,369.1436,364.1674,361.4531,370.0483
2023-12-01,316744,127500956,403.5,405.0,400.5,402.0,-0.5,394,0.9047636853026778,365.0721,363.715,362.3579,366.4293
2023-12-04,347868,140580670,402.0,406.5,401.5,403.5,1.5,425,0.9047636853026778,363.715,365.0721,363.2626,367.7864
2023-12-05,628147,251130966,404.0,405.0,396.5,396.5,-7.0,746,0.9047636853026778,365.5245,358.7388,358.7388,366.4293
2023-12-06,259181,102854548,398.5,399.0,395.5,398.0,1.5,474,0.9047636853026778,360.5483,360.0959,357.834,361.0007
2023-12-07,411969,161785884,398.0,398.0,390.5,393.0,-5.0,825,0.9047636853026778,360.0959,355.5721,353.3102,360.0959
2023-12-08,358329,140166326,394.0,397.0,388.0,388.0,-5.0,658,0.9047636853026778,356.4769,351.0483,351.0483,359.1912
2023-12-11,255712,99646907,389.5,392.5,387.0,389.0,1.0,409,0.9047636853026778,352.4055,351.9531,350.1435,355.1197
2023-12-12,472441,182315621,389.0,389.0,384.0,384.0,-5.0,852,0.9047636853026778,351.9531,347.4293,347.4293,351.9531
2023-12-13,442275,170987626,385.0,389.0,385.0,385.0,1.0,539,0.9047636853026778,348.334,348.334,348.334,351.9531
2023-12-14,404530,157619600,388.0,392.0,386.5,391.5,6.5,631,0.9047636853026778,351.0483,354.215,349.6912,354.6674
2023-12-15,321963,126513243,391.5,396.0,390.5,392.0,0.5,536,0.9047636853026778,354.215,354.6674,353.3102,358.2864
2023-12-18,394795,155403545,392.0,396.5,389.0,396.5,4.5,492,0.9047636853026778,354.6674,358.7388,351.9531,358.7388
2023-12-19,313814,122138926,396.0,396.5,387.0,388.0,-8.5,644,0.9047636853026778,358.2864,351.0483,350.1435,358.7388
2023-12-20,288818,113440001,389.0,396.0,388.5,391.5,3.5,394,0.9047636853026778,351.9531,354.215,351.5007,358.2864
2023-12-21,454532,178494772,390.5,396.0,389.0,393.0,1.5,465,0.9047636853026778,353.3102,355.5721,351.9531,358.2864
2023-12-22,155939,61207584,393.0,394.5,391.0,393.5,0.5,264,0.9047636853026778,355.5721,356.0245,353.7626,356.9293
2023-12-25,380200,148786108,395.5,395.5,388.5,388.5,-5.0,359,0.9047636853026778,357.834,351.5007,351.5007,357.834
2023-12-26,101423,39568551,389.5,391.5,389.0,391.5,3.0,232,0.9047636853026778,352.4055,354.215,351.9531,354.215
2023-12-27,263013,103729419,392.0,396.0,391.5,395.5,4.0,390,0.9047636853026778,354.6674,357.834,354.215,358.2864
2023-12-28,748216,299008631,397.0,403.5,396.5,397.0,1.5,895,0.9047636853026778,359.1912,359.1912,358.7388,365.0721
2023-12-29,233857,93130516,398.0,401.0,395.5,400.5,3.5,391,0.9047636853026778,360.0959,362.3579,357.834,362.8102
2024-01-02,239304,94492303,400.5,401.0,392.5,394.5,-6.0,449,0.9047636853026778,362.3579,356.9293,355.1197,362.8102
2024-01-03,263462,104163306,392.0,397.0,391.0,397.0,2.5,341,0.9047636853026778,354.6674,359.1912,353.7626,359.1912
2024-01-04,399239,156531893,397.0,398.0,389.0,394.0,-3.0,581,0.9047636853026778,359.1912,356.4769,351.9531,360.0959
2024-01-05,213000,82820148,394.0,394.0,387.0,388.0,-6.0,519,0.9047636853026778,356.4769,351.0483,350.1435,356.4769
2024-01-08,272001,106905026,388.0,397.0,388.0,394.0,6.0,313,0.9047636853026778,351.0483,356.4769,351.0483,359.1912
2024-01-09,1372946,551491863,395.5,405.0,395.0,401.5,7.5,1659,0.9047636853026778,357.834,363.2626,357.3817,366.4293
2024-01-10,344627,137531797,404.0,404.0,396.5,398.0,-3.5,536,0.9047636853026778,365.5245,360.0959,358.7388,365.5245
2024-01-11,559831,225924645,400.0,406.0,398.5,404.0,6.0,763,0.9047636853026778,361.9055,365.5245,360.5483,367.3341
2024-01-12,400096,160728923,406.0,408.0,396.5,396.5,-7.5,819,0.9047636853026778,367.3341,358.7388,358.7388,369.1436
2024-01-15,307752,124033777,397.0,405.0,397.0,403.5,7.0,524,0.9047636853026778,359.1912,365.0721,359.1912,366.4293
2024-01-16,191764,77259125,404.5,404.5,401.0,404.5,1.0,290,0.9047636853026778,365.9769,365.9769,362.8102,365.9769
2024-01-17,520470,206917994,405.0,405.0,394.0,394.0,-10.5,728,0.9047636853026778,366.4293,356.4769,356.4769,366.4293
2024-01-18,450483,175092940,396.5,396.5,385.5,387.5,-6.5,657,0.9047636853026778,358.7388,350.5959,348.7864,358.7388
2024-01-19,209751,81900013,388.0,394.0,388.0,389.0,1.5,311,0.9047636853026778,351.0483,351.9531,351.0483,356.4769
2024-01-22,280969,109481110,390.0,393.0,387.0,390.5,1.5,377,0.9047636853026778,352.8578,353.3102,350.1435,355.5721
2024-01-23,252429,98087080,391.0,391.5,387.0,387.0,-3.5,376,0.9047636853026778,353.7626,350.1435,350.1435,354.215
2024-01-24,295739,114190864,388.0,389.0,384.0,384.0,-3.0,571,0.9047636853026778,351.0483,347.4293,347.4293,351.9531
2024-01-25,112564,43356679,384.0,386.5,384.0,385.0,1.0,317,0.9047636853026778,347.4293,348.334,347.4293,349.6912
2024-01-26,425395,161389997,385.0,385.0,375.5,377.0,-8.0,907,0.9047636853026778,348.334,341.0959,339.7388,348.334
2024-01-29,185027,69739182,374.0,379.5,374.0,378.0,1.0,324,0.9047636853026778,338.3816,342.0007,338.3816,343.3578
2024-01-30,169512,63778703,380.5,380.5,374.0,376.5,-1.5,432,0.9047636853026778,344.2626,340.6435,338.3816,344.2626
2024-01-31,154031,58245795,378.5,380.0,376.0,376.5,0.0,337,0.9047636853026778,342.4531,340.6435,340.1911,343.8102
2024-02-01,150612,56780340,375.0,380.0,375.0,377.0,0.5,295,0.9047636853026778,339.2864,341.0959,339.2864,343.8102
2024-02-02,186439,71046091,381.0,383.0,377.5,381.5,4.5,410,0.9047636853026778,344.715,345.1673,341.5483,346.5245
2024-02-05,185471,70348102,381.5,381.5,378.0,378.5,-3.0,275,0.9047636853026778,345.1673,342.4531,342.0007,345.1673
2024-02-15,1989499,809526779,395.0,416.0,392.5,416.0,37.5,2528,0.9047636853026778,357.3817,376.3817,355.1197,376.3817
2024-02-16,1674947,733398325,419.0,450.0,419.0,436.0,20.0,2622,0.9047636853026778,379.096,394.477,379.096,407.1437
2024-02-19,484188,210698908,440.0,440.0,430.0,435.0,-1.0,921,0.9047636853026778,398.096,393.5722,389.0484,398.096
2024-02-20,977465,435542469,436.0,448.5,435.0,444.5,9.5,1382,0.9047636853026778,394.477,402.1675,393.5722,405.7865
2024-02-21,535316,236669515,450.0,450.0,439.0,441.0,-3.5,1348,0.9047636853026778,407.1437,399.0008,397.1913,407.1437
2024-02-22,1182923,534284453,443.5,462.0,439.0,460.0,19.0,1797,0.9047636853026778,401.2627,416.1913,397.1913,418.0008
2024-02-23,686558,314453910,465.0,468.0,452.0,460.5,0.5,1293,0.9047636853026778,420.7151,416.6437,408.9532,423.4294
2024-02-26,540882,242157460,460.0,460.0,445.0,445.0,-15.5,1295,0.9047636853026778,416.1913,402.6198,402.6198,416.1913
2024-02-27,740411,333732544,447.0,458.0,443.0,449.0,4.0,1250,0.9047636853026778,404.4294,406.2389,400.8103,414.3818
2024-02-29,519948,232255028,455.0,455.0,442.5,447.0,-2.0,814,0.9047636853026778,411.6675,404.4294,400.3579,411.6675
2024-03-01,3353231,1604181916,459.0,488.5,458.0,477.0,30.0,3698,0.9047636853026778,415.2865,431.5723,414.3818,441.9771
2024-03-04,2322024,1132432828,485.5,498.0,473.0,480.0,3.0,3537,0.9047636853026778,439.2628,434.2866,427.9532,450.5723
2024-03-05,1162265,557219915,488.5,488.5,475.0,475.0,-5.0,2057,0.9047636853026778,441.9771,429.7628,429.7628,441.9771
2024-03-06,765571,363662387,474.5,479.5,471.0,472.0,-3.0,1232,0.9047636853026778,429.3104,427.0485,426.1437,433.8342
2024-03-07,929847,440521596,475.0,484.0,465.5,470.5,-1.5,1361,0.9047636853026778,429.7628,425.6913,421.1675,437.9056
2024-03-08,951514,445854626,478.5,482.0,460.0,462.0,-8.5,1560,0.9047636853026778,432.9294,418.0008,416.1913,436.0961
2024-03-11,629102,294288047,470.0,478.0,462.0,463.0,1.0,1233,0.9047636853026778,425.2389,418.9056,418.0008,432.477
2024-03-12,1622737,777763139,468.0,489.5,466.5,489.0,26.0,2337,0.9047636853026778,423.4294,442.4294,422.0723,442.8818
2024-03-13,1805736,883564497,496.0,500.0,479.5,486.0,-3.0,2773,0.9047636853026778,448.7628,439.7152,433.8342,452.3818
2024-03-14,1075767,517291365,484.5,488.0,472.0,476.5,-9.5,1691,0.9047636853026778,438.358,431.1199,427.0485,441.5247
2024-03-15,1228498,596335786,479.5,496.0,477.5,479.5,3.0,1687,0.9047636853026778,433.8342,433.8342,432.0247,448.7628
2024-03-18,841233,408975686,487.5,493.0,481.0,481.5,2.0,1169,0.9047636853026778,441.0723,435.6437,435.1913,446.0485
2024-03-19,1756500,869680819,487.0,500.0,482.0,498.0,16.5,2334,0.9047636853026778,440.6199,450.5723,436.0961,452.3818
2024-03-20,1177870,580704085,500.0,506.0,484.0,484.0,-14.0,1807,0.9047636853026778,452.3818,437.9056,437.9056,457.8104
2024-03-21,584225,287231627,493.0,494.5,488.5,494.5,10.5,721,0.9047636853026778,446.0485,447.4056,441.9771,447.4056
2024-03-22,516193,251207094,495.0,495.0,482.5,486.5,-8.0,1067,0.9047636853026778,447.858,440.1675,436.5485,447.858
2024-03-25,499929,239905135,487.0,487.5,477.0,477.5,-9.0,1263,0.9047636853026778,440.6199,432.0247,431.5723,441.0723
2024-03-26,392070,187130460,480.0,486.0,471.5,477.0,-0.5,960,0.9047636853026778,434.2866,431.5723,426.5961,439.7152
2024-03-27,303443,143947664,477.5,480.0,472.5,472.5,-4.5,1619,0.9047636853026778,432.0247,427.5008,427.5008,434.2866
2024-03-28,483536,230348983,474.5,483.0,470.0,473.0,0.5,1635,0.9047636853026778,429.3104,427.9532,425.2389,437.0009
2024-03-29,298049,141144737,473.0,478.5,471.0,478.5,5.5,691,0.9047636853026778,427.9532,432.9294,426.1437,432.9294
2024-04-01,391286,188093634,481.0,485.0,474.5,480.0,1.5,952,0.9047636853026778,435.1913,434.2866,429.3104,438.8104
2024-04-02,411979,199871154,481.5,489.0,481.5,486.5,6.5,649,0.9047636853026778,435.6437,440.1675,435.6437,442.4294
2024-04-03,304963,146835786,481.0,487.0,478.0,480.0,-6.5,709,0.9047636853026778,435.1913,434.2866,432.477,440.6199
2024-04-08,255616,122326323,480.0,484.5,474.0,481.0,1.0,484,0.9047636853026778,434.2866,435.1913,428.858,438.358
2024-04-09,954537,461673444,487.5,495.0,476.0,476.5,-4.5,1305,0.9047636853026778,441.0723,431.1199,430.6675,447.858
2024-04-10,740603,360444709,481.0,493.0,481.0,481.5,5.0,1299,0.9047636853026778,435.1913,435.6437,435.1913,446.0485
2024-04-11,2298645,1060731734,474.5,474.5,454.5,458.0,-23.5,3857,0.9047636853026778,429.3104,414.3818,411.2151,429.3104
2024-04-12,635964,290098755,461.5,461.5,452.5,453.0,-5.0,1046,0.9047636853026778,417.5484,409.8579,409.4056,417.5484
2024-04-15,455899,204891485,453.5,455.0,446.0,446.5,-6.5,933,0.9047636853026778,410.3103,403.977,403.5246,411.6675
2024-04-16,673192,297517324,446.5,449.5,439.5,439.5,-7.0,1081,0.9047636853026778,403.977,397.6436,397.6436,406.6913
2024-04-17,400048,178836684,442.0,450.0,442.0,445.5,6.0,667,0.9047636853026778,399.9055,403.0722,399.9055,407.1437
2024-04-18,438895,193252751,444.0,448.0,436.5,436.5,-9.0,1049,0.9047636853026778,401.7151,394.9293,394.9293,405.3341
2024-04-19,852451,360785262,434.0,434.0,411.0,420.0,-16.5,1669,0.9047636853026778,392.6674,380.0007,371.8579,392.6674
2024-04-22,474667,196880091,421.0,423.5,411.0,411.0,-9.0,1004,0.9047636853026778,380.9055,371.8579,371.8579,383.1674
2024-04-23,316640,132144587,414.0,421.0,412.0,419.5,8.5,533,0.9047636853026778,374.5722,379.5484,372.7626,380.9055
2024-04-24,272965,117022787,424.0,432.5,424.0,432.5,13.0,483,0.9047636853026778,383.6198,391.3103,383.6198,391.3103
2024-04-25,266070,113503912,426.5,432.0,423.5,425.5,-7.0,538,0.9047636853026778,385.8817,384.9769,383.1674,390.8579
2024-04-26,398319,169503387,426.0,428.0,422.5,428.0,2.5,651,0.9047636853026778,385.4293,387.2389,382.2627,387.2389
2024-04-29,552731,238157072,430.0,434.5,427.0,432.0,4.0,695,0.9047636853026778,389.0484,390.8579,386.3341,393.1198
2024-04-30,488598,208678106,429.5,433.0,424.5,427.0,-5.0,663,0.9047636853026778,388.596,386.3341,384.0722,391.7627
2024-05-02,249945,105919794,423.0,427.0,420.0,425.0,-2.0,402,0.9047636853026778,382.715,384.5246,380.0007,386.3341
2024-05-03,371946,159601130,429.5,431.5,426.5,429.0,4.0,514,0.9047636853026778,388.596,388.1436,385.8817,390.4055
2024-05-06,630435,275908186,435.0,444.0,432.0,441.5,12.5,923,0.9047636853026778,393.5722,399.4532,390.8579,401.7151
2024-05-07,965352,431955324,443.0,453.0,441.0,453.0,11.5,1361,0.9047636853026778,400.8103,409.8579,399.0008,409.8579
2024-05-08,1662968,711767829,419.5,435.0,419.5,433.5,-19.5,2425,0.9047636853026778,379.5484,392.2151,379.5484,393.5722
2024-05-09,521331,223460323,434.0,436.0,425.5,426.5,-7.0,972,0.9047636853026778,392.6674,385.8817,384.9769,394.477
2024-05-10,1134372,475190831,432.5,435.0,414.0,416.5,-10.0,2047,0.9047636853026778,391.3103,376.8341,374.5722,393.5722
2024-05-13,653528,269312932,414.0,420.0,410.0,410.0,-6.5,1117,0.9047636853026778,374.5722,370.9531,370.9531,380.0007
2024-05-14,454033,185671519,410.0,413.0,406.5,407.5,-2.5,850,0.9047636853026778,370.9531,368.6912,367.7864,373.6674
2024-05-15,444951,182902032,411.0,413.5,408.0,413.0,5.5,734,0.9047636853026778,371.8579,373.6674,369.1436,374.1198
2024-05-16,535007,220535265,413.0,415.0,410.5,411.5,-1.5,834,0.9047636853026778,373.6674,372.3103,371.4055,375.4769
2024-05-17,315211,130007630,411.5,415.0,409.5,412.0,0.5,548,0.9047636853026778,372.3103,372.7626,370.5007,375.4769
2024-05-20,473814,194584657,415.0,415.5,407.0,409.0,-3.0,901,0.9047636853026778,375.4769,370.0483,368.2388,375.9293
2024-05-21,476009,193420340,409.0,411.0,404.0,404.0,-5.0,1088,0.9047636853026778,370.0483,365.5245,365.5245,371.8579
2024-05-22,456671,186070080,407.5,410.5,405.0,406.5,2.5,804,0.9047636853026778,368.6912,367.7864,366.4293,371.4055
2024-05-23,486450,198086708,409.0,412.0,403.0,404.0,-2.5,971,0.9047636853026778,370.0483,365.5245,364.6198,372.7626
2024-05-24,420933,169637089,399.5,406.0,399.0,402.5,-1.5,794,0.9047636853026778,361.4531,364.1674,361.0007,367.3341
2024-05-27,889463,360398856,403.5,410.5,402.5,403.5,1.0,1290,0.9047636853026778,365.0721,365.0721,364.1674,371.4055
2024-05-28,1150718,475093068,410.0,419.0,409.0,413.0,9.5,1482,0.9047636853026778,370.9531,373.6674,370.0483,379.096
2024-05-29,1360691,563529158,413.0,420.5,410.0,411.5,-1.5,1577,0.9047636853026778,373.6674,372.3103,370.9531,380.4531
2024-05-30,1151644,472014371,412.5,414.5,408.0,408.5,-3.0,1277,0.9047636853026778,373.215,369.596,369.1436,375.0245
2024-05-31,1831187,755858849,413.0,416.0,410.0,413.0,4.5,1764,0.9047636853026778,373.6674,373.6674,370.9531,376.3817
2024-06-03,1873435,781030838,415.5,421.5,411.0,420.5,7.5,1863,0.9047636853026778,375.9293,380.4531,371.8579,381.3579
2024-06-04,1455947,609272170,420.0,422.5,415.0,422.0,1.5,1432,0.9047636853026778,380.0007,381.8103,375.4769,382.2627
2024-06-05,1635264,689989665,424.0,428.5,416.0,421.5,-0.5,1826,0.9047636853026778,383.6198,381.3579,376.3817,387.6912
2024-06-06,1562348,646159618,421.0,421.0,410.5,415.0,-6.5,1803,0.9047636853026778,380.9055,375.4769,371.4055,380.9055
2024-06-07,1336659,554062522,414.5,418.5,410.5,418.5,3.5,1353,0.9047636853026778,375.0245,378.6436,371.4055,378.6436
2024-06-11,1515213,625803868,419.0,419.0,407.5,418.0,-0.5,1639,0.9047636853026778,379.096,378.1912,368.6912,379.096
2024-06-12,1405674,593147669,414.0,425.5,414.0,425.5,7.5,1540,0.9047636853026778,374.5722,384.9769,374.5722,384.9769
2024-06-13,433276,184841633,427.5,429.0,423.0,426.5,1.0,718,0.9047636853026778,386.7865,385.8817,382.715,388.1436
2024-06-14,470993,201887948,428.0,432.5,426.5,427.0,0.5,720,0.9047636853026778,387.2389,386.3341,385.8817,391.3103
2024-06-17,274219,117105660,432.5,432.5,425.0,425.5,-1.5,465,0.9047636853026778,391.3103,384.9769,384.5246,391.3103
2024-06-18,409415,174636607,426.5,432.0,422.0,423.5,-2.0,711,0.9047636853026778,385.8817,383.1674,381.8103,390.8579
2024-06-19,325403,138251447,430.5,430.5,422.0,422.0,-1.5,554,0.9047636853026778,389.5008,381.8103,381.8103,389.5008
2024-06-20,404773,172530669,424.0,429.0,422.5,427.5,5.5,639,0.9047636853026778,383.6198,386.7865,382.2627,388.1436
2024-06-21,681041,287080833,427.0,427.0,419.0,420.0,-7.5,1056,0.9047636853026778,386.3341,380.0007,379.096,386.3341
2024-06-24,673215,284930790,420.0,429.0,419.5,420.5,0.5,951,0.9047636853026778,380.0007,380.4531,379.5484,388.1436
2024-06-25,961408,397823871,424.0,424.0,408.0,411.5,-9.0,1573,0.9047636853026778,383.6198,372.3103,369.1436,383.6198
2024-06-26,512647,211978989,414.5,417.0,411.5,412.5,1.0,708,0.9047636853026778,375.0245,373.215,372.3103,377.2865
2024-06-27,560912,230203821,412.5,415.5,408.0,408.5,-4.0,952,0.9047636853026778,373.215,369.596,369.1436,375.9293
2024-06-28,781822,322163399,412.0,415.5,408.5,411.0,2.5,1004,0.9047636853026778,372.7626,371.8579,369.596,375.9293
2024-07-01,948880,377603347,400.0,402.0,395.0,396.5,0.0,1613,0.9395095367847411,375.8038,372.5155,371.1063,377.6828
2024-07-02,457681,179925018,396.5,396.5,390.5,395.0,-1.5,965,0.9395095367847411,372.5155,371.1063,366.8785,372.5155
2024-07-03,418051,165417892,395.0,400.0,393.0,394.0,-1.0,848,0.9395095367847411,371.1063,370.1668,369.2272,375.8038
2024-07-04,468116,186773223,395.0,402.0,394.5,402.0,8.0,735,0.9395095367847411,371.1063,377.6828,370.6365,377.6828
2024-07-05,450657,181125246,405.0,407.5,399.0,403.5,1.5,896,0.9395095367847411,380.5014,379.0921,374.8643,382.8501
2024-07-08,449260,179785047,404.0,405.5,398.5,398.5,-5.0,844,0.9395095367847411,379.5619,374.3946,374.3946,380.9711
2024-07-09,790511,320804445,403.0,411.5,401.0,407.5,9.0,1129,0.9395095367847411,378.6223,382.8501,376.7433,386.6082
2024-07-10,450822,182676157,409.5,409.5,404.0,404.0,-3.5,770,0.9395095367847411,384.7292,379.5619,379.5619,384.7292
2024-07-11,362609,147106890,405.5,408.5,404.0,404.5,0.5,608,0.9395095367847411,380.9711,380.0316,379.5619,383.7896
2024-07-12,262914,105740176,404.5,405.5,401.0,401.5,-3.0,504,0.9395095367847411,380.0316,377.2131,376.7433,380.9711
2024-07-15,281297,112172164,404.5,404.5,397.0,398.0,-3.5,681,0.9395095367847411,380.0316,373.9248,372.9853,380.0316
2024-07-16,560033,227570457,399.5,411.0,398.5,405.0,7.0,789,0.9395095367847411,375.3341,380.5014,374.3946,386.1384
2024-07-17,370604,148326042,406.0,407.0,398.0,399.0,-6.0,780,0.9395095367847411,381.4409,374.8643,373.9248,382.3804
2024-07-18,883265,344357172,394.5,394.5,385.5,391.5,-7.5,1703,0.9395095367847411,370.6365,367.818,362.1809,370.6365
2024-07-19,518714,198973617,391.5,391.5,380.0,380.0,-11.5,1366,0.9395095367847411,367.818,357.0136,357.0136,367.818
2024-07-22,719319,263576712,379.0,379.0,361.5,363.0,-17.0,1492,0.9395095367847411,356.0741,341.042,339.6327,356.0741
2024-07-23,344451,128208746,367.5,375.0,367.5,373.5,10.5,605,0.9395095367847411,345.2698,350.9068,345.2698,352.3161
2024-07-26,430433,161517013,365.0,382.0,362.0,378.5,5.0,765,0.9395095367847411,342.921,355.6044,340.1025,358.8926
2024-07-29,266309,100407538,380.0,382.5,373.5,373.5,-5.0,520,0.9395095367847411,357.0136,350.9068,350.9068,359.3624
2024-07-30,239745,89055843,367.5,374.5,367.5,372.0,-1.5,415,0.9395095367847411,345.2698,349.4975,345.2698,351.8463
2024-07-31,149157,55895933,371.0,378.0,371.0,373.5,1.5,300,0.9395095367847411,348.558,350.9068,348.558,355.1346
2024-08-01,228424,86642066,378.0,381.5,376.0,380.5,7.0,410,0.9395095367847411,355.1346,357.4834,353.2556,358.4229
2024-08-02,313981,116368122,373.0,377.0,366.5,367.0,-13.5,692,0.9395095367847411,350.4371,344.8,344.3302,354.1951
2024-08-05,719632,240978551,362.0,362.0,330.5,330.5,-36.5,1343,0.9395095367847411,340.1025,310.5079,310.5079,340.1025
2024-08-06,670048,218656223,340.0,340.0,314.0,331.5,1.0,1015,0.9395095367847411,319.4332,311.4474,295.006,319.4332
2024-08-07,504628,179019945,345.0,363.0,342.5,358.0,26.5,883,0.9395095367847411,324.1308,336.3444,321.782,341.042
2024-08-08,383756,134050889,352.0,353.5,346.5,348.0,-10.0,734,0.9395095367847411,330.7074,326.9493,325.5401,332.1166
2024-08-09,1047784,364410678,352.0,357.5,341.5,341.5,-6.5,1741,0.9395095367847411,330.7074,320.8425,320.8425,335.8747
2024-08-12,448893,155454872,345.0,349.5,342.5,344.0,2.5,695,0.9395095367847411,324.1308,323.1913,321.782,328.3586
2024-08-13,393094,137450945,345.5,354.5,345.5,348.0,4.0,561,0.9395095367847411,324.6005,326.9493,324.6005,333.0561
2024-08-14,400577,140469490,352.0,354.0,348.5,349.0,1.0,577,0.9395095367847411,330.7074,327.8888,327.4191,332.5864
2024-08-15,424672,149670253,349.0,356.5,347.5,352.5,3.5,554,0.9395095367847411,327.8888,331.1771,326.4796,334.9351
2024-08-16,377749,134701037,358.0,359.5,354.5,355.0,2.5,604,0.9395095367847411,336.3444,333.5259,333.0561,337.7537
2024-08-19,290635,104313935,355.0,361.0,354.0,360.0,5.0,441,0.9395095367847411,333.5259,338.2234,332.5864,339.1629
2024-08-20,309380,111105883,360.0,362.0,357.5,357.5,-2.5,529,0.9395095367847411,338.2234,335.8747,335.8747,340.1025
2024-08-21,271379,96287998,357.5,358.0,351.5,353.0,-4.5,564,0.9395095367847411,335.8747,331.6469,330.2376,336.3444
2024-08-22,253466,90207619,353.5,357.5,353.5,355.0,2.0,408,0.9395095367847411,332.1166,333.5259,332.1166,335.8747
2024-08-23,254813,89678156,357.0,357.0,350.0,352.5,-2.5,438,0.9395095367847411,335.4049,331.1771,328.8283,335.4049
2024-08-26,265425,94703333,355.5,359.5,353.0,354.0,1.5,447,0.9395095367847411,333.9956,332.5864,331.6469,337.7537
2024-08-27,169305,59787841,354.0,356.0,351.0,352.5,-1.5,333,0.9395095367847411,332.5864,331.1771,329.7678,334.4654
2024-08-28,257905,90903184,352.0,355.0,350.5,353.0,0.5,408,0.9395095367847411,330.7074,331.6469,329.2981,333.5259
2024-08-29,231407,81847536,351.0,356.5,349.0,355.0,2.0,354,0.9395095367847411,329.7678,333.5259,327.8888,334.9351
2024-08-30,489926,175841957,357.0,363.5,355.5,355.5,0.5,588,0.9395095367847411,335.4049,333.9956,333.9956,341.5117
2024-09-02,258271,91260077,358.0,358.0,352.0,352.0,-3.5,507,0.9395095367847411,336.3444,330.7074,330.7074,336.3444
2024-09-03,350702,122442073,352.5,352.5,346.0,346.0,-6.0,724,0.9395095367847411,331.1771,325.0703,325.0703,331.1771
2024-09-04,809373,266592567,333.0,334.0,325.0,326.5,-19.5,1889,0.9395095367847411,312.8567,306.7499,305.3406,313.7962
2024-09-05,346084,113339236,331.0,332.0,323.5,323.5,-3.0,670,0.9395095367847411,310.9777,303.9313,303.9313,311.9172
2024-09-06,180496,59226771,326.0,329.5,323.5,329.0,5.5,503,0.9395095367847411,306.2801,309.0986,303.9313,309.5684
2024-09-09,235557,77056293,321.0,331.5,320.5,331.5,2.5,833,0.9395095367847411,301.5826,311.4474,301.1128,311.4474
2024-09-10,490472,160543219,333.0,335.0,322.0,322.5,-9.0,826,0.9395095367847411,312.8567,302.9918,302.5221,314.7357
2024-09-11,194673,63295914,323.5,327.0,323.5,325.0,2.5,336,0.9395095367847411,303.9313,305.3406,303.9313,307.2196
2024-09-12,261591,86921684,331.0,333.5,330.0,333.0,8.0,522,0.9395095367847411,310.9777,312.8567,310.0381,313.3264
2024-09-13,311016,104202065,333.0,337.5,331.5,336.0,3.0,489,0.9395095367847411,312.8567,315.6752,311.4474,317.0845
2024-09-16,227314,76522585,337.5,339.0,335.0,336.0,0.0,437,0.9395095367847411,317.0845,315.6752,314.7357,318.4937
2024-09-18,264766,88189941,336.0,337.5,329.5,329.5,-6.5,532,0.9395095367847411,315.6752,309.5684,309.5684,317.0845
2024-09-19,272344,91101686,334.0,336.0,331.5,336.0,6.5,398,0.9395095367847411,313.7962,315.6752,311.4474,315.6752
2024-09-20,525004,174465506,338.0,341.5,327.5,327.5,-8.5,750,0.9395095367847411,317.5542,307.6894,307.6894,320.8425
2024-09-23,231999,77404344,328.5,335.5,328.5,333.5,6.0,386,0.9395095367847411,308.6289,313.3264,308.6289,315.2054
2024-09-24,135894,45080298,333.5,333.5,330.0,331.5,-2.0,304,0.9395095367847411,313.3264,311.4474,310.0381,313.3264
2024-09-25,209201,70454557,334.5,338.0,334.5,337.0,5.5,441,0.9395095367847411,314.2659,316.6147,314.2659,317.5542
2024-09-26,252699,85802009,339.5,342.5,337.0,337.0,0.0,492,0.9395095367847411,318.9635,316.6147,316.6147,321.782
2024-09-27,412938,142738119,342.0,349.0,341.5,344.5,7.5,723,0.9395095367847411,321.3123,323.661,320.8425,327.8888
2024-09-30,262639,89459027,343.0,343.5,338.5,338.5,-6.0,566,0.9395095367847411,322.2518,318.024,318.024,322.7215
2024-10-01,141004,48194719,341.0,344.5,339.5,344.0,5.5,336,0.9395095367847411,320.3728,323.1913,318.9635,323.661
2024-10-04,203683,69613173,344.0,344.0,340.0,342.0,-2.0,409,0.9395095367847411,323.1913,321.3123,319.4332,323.1913
2024-10-07,456369,160581388,346.5,354.0,346.5,353.5,11.5,785,0.9395095367847411,325.5401,332.1166,325.5401,332.5864
2024-10-08,382759,133920432,353.5,353.5,347.5,350.5,-3.0,613,0.9395095367847411,332.1166,329.2981,326.4796,332.1166
2024-10-09,306673,108522376,355.0,358.0,350.0,350.5,0.0,564,0.9395095367847411,333.5259,329.2981,328.8283,336.3444
2024-10-11,216032,76049988,350.5,353.5,350.0,352.0,1.5,302,0.9395095367847411,329.2981,330.7074,328.8283,332.1166
2024-10-14,275489,97099813,351.0,355.0,348.5,353.5,1.5,458,0.9395095367847411,329.7678,332.1166,327.4191,333.5259
2024-10-15,265711,94589085,355.5,358.5,354.0,355.0,1.5,434,0.9395095367847411,333.9956,333.5259,332.5864,336.8142
2024-10-16,843852,301311737,351.0,359.5,350.5,359.5,4.5,660,0.9395095367847411,329.7678,337.7537,329.2981,337.7537
2024-10-17,456229,164825080,359.5,365.0,358.0,360.0,0.5,655,0.9395095367847411,337.7537,338.2234,336.3444,342.921
2024-10-18,288906,103669147,361.0,363.0,355.0,356.0,-4.0,498,0.9395095367847411,339.1629,334.4654,333.5259,341.042
2024-10-21,337383,122119169,359.0,364.5,356.5,363.5,7.5,599,0.9395095367847411,337.2839,341.5117,334.9351,342.4512
2024-10-22,308510,112318551,363.5,365.5,360.5,364.0,0.5,472,0.9395095367847411,341.5117,341.9815,338.6932,343.3907
2024-10-23,256206,92776327,364.0,365.5,360.0,360.0,-4.0,511,0.9395095367847411,341.9815,338.2234,338.2234,343.3907
2024-10-24,331454,117494334,360.0,360.0,352.5,352.5,-7.5,686,0.9395095367847411,338.2234,331.1771,331.1771,338.2234
2024-10-25,251292,89210418,354.0,357.0,352.5,356.5,4.0,334,0.9395095367847411,332.5864,334.9351,331.1771,335.4049
2024-10-28,249907,87547703,357.5,357.5,348.0,348.5,-8.0,522,0.9395095367847411,335.8747,327.4191,326.9493,335.8747
2024-10-29,279421,95231774,348.5,348.5,338.5,340.0,-8.5,669,0.9395095367847411,327.4191,319.4332,318.024,327.4191
2024-10-30,174293,59534204,340.5,343.5,339.5,339.5,-0.5,315,0.9395095367847411,319.903,318.9635,318.9635,322.7215
2024-11-01,231296,77499781,331.5,338.5,328.0,338.0,-1.5,426,0.9395095367847411,311.4474,317.5542,308.1591,318.024
2024-11-04,206547,69340739,342.5,342.5,332.5,334.5,-3.5,386,0.9395095367847411,321.782,314.2659,312.3869,321.782
2024-11-05,267005,89329169,333.0,337.5,331.0,334.0,-0.5,458,0.9395095367847411,312.8567,313.7962,310.9777,317.0845
2024-11-06,272848,93248109,338.5,345.0,338.0,343.0,9.0,519,0.9395095367847411,318.024,322.2518,317.5542,324.1308
2024-11-07,278309,96732025,344.0,350.0,343.5,349.5,6.5,477,0.9395095367847411,323.1913,328.3586,322.7215,328.8283
2024-11-08,426312,147302859,346.5,352.0,341.5,342.0,-7.5,739,0.9395095367847411,325.5401,321.3123,320.8425,330.7074
2024-11-11,313179,106200010,339.5,341.5,336.5,339.0,-3.0,557,0.9395095367847411,318.9635,318.4937,316.145,320.8425
2024-11-12,323467,110919799,336.5,348.0,336.5,341.5,2.5,505,0.9395095367847411,316.145,320.8425,316.145,326.9493
2024-11-13,217211,74345439,341.5,345.5,338.5,342.0,0.5,359,0.9395095367847411,320.8425,321.3123,318.024,324.6005
2024-11-14,372953,126114757,342.0,345.0,335.0,338.0,-4.0,674,0.9395095367847411,321.3123,317.5542,314.7357,324.1308
2024-11-15,275421,93703331,338.0,344.5,337.5,339.0,1.0,362,0.9395095367847411,317.5542,318.4937,317.0845,323.661
2024-11-18,245320,82886462,338.0,339.5,336.0,338.0,-1.0,372,0.9395095367847411,317.5542,317.5542,315.6752,318.9635
2024-11-19,232463,79663843,341.5,344.5,338.5,344.5,6.5,337,0.9395095367847411,320.8425,323.661,318.024,323.661
2024-11-20,229655,78600840,345.0,345.0,340.5,341.0,-3.5,425,0.9395095367847411,324.1308,320.3728,319.903,324.1308
2024-11-21,1139760,406276707,344.5,363.0,341.5,361.0,20.0,1624,0.9395095367847411,323.661,339.1629,320.8425,341.042
2024-11-22,756744,276617955,368.5,371.5,361.0,365.0,4.0,973,0.9395095367847411,346.2093,342.921,339.1629,349.0278
2024-11-25,403451,148043142,369.0,369.5,364.0,365.5,0.5,592,0.9395095367847411,346.679,343.3907,341.9815,347.1488
2024-11-26,399431,146365079,365.0,368.0,363.5,367.0,1.5,547,0.9395095367847411,342.921,344.8,341.5117,345.7395
2024-11-27,401677,145117345,366.5,367.0,356.0,357.5,-9.5,704,0.9395095367847411,344.3302,335.8747,334.4654,344.8
2024-11-28,451707,162240469,357.5,367.0,353.0,367.0,9.5,656,0.9395095367847411,335.8747,344.8,331.6469,344.8
2024-11-29,823591,304282669,365.0,373.0,361.5,370.0,3.0,1057,0.9395095367847411,342.921,347.6185,339.6327,350.4371
2024-12-02,1058892,406000131,377.0,388.0,375.0,382.0,12.0,1635,0.9395095367847411,354.1951,358.8926,352.3161,364.5297
2024-12-03,508571,194707827,387.0,387.5,379.0,382.0,0.0,847,0.9395095367847411,363.5902,358.8926,356.0741,364.0599
2024-12-04,608531,234285077,386.0,388.5,381.5,381.5,-0.5,921,0.9395095367847411,362.6507,358.4229,358.4229,364.9995
2024-12-05,353344,135580957,387.0,387.0,382.0,384.0,2.5,617,0.9395095367847411,363.5902,360.7717,358.8926,363.5902
2024-12-06,356620,137076513,383.0,386.5,381.5,385.5,1.5,553,0.9395095367847411,359.8322,362.1809,358.4229,363.1204
2024-12-09,486914,184264877,381.5,383.5,373.0,379.0,-6.5,1063,0.9395095367847411,358.4229,356.0741,350.4371,360.3019
2024-12-10,392084,150452665,377.5,385.5,377.5,383.5,4.5,691,0.9395095367847411,354.6649,360.3019,354.6649,362.1809
2024-12-11,274112,104221161,382.5,384.0,378.0,378.0,-5.5,493,0.9395095367847411,359.3624,355.1346,355.1346,360.7717
2024-12-12,398749,151242777,382.0,383.5,375.0,375.0,-3.0,637,0.9395095367847411,358.8926,352.3161,352.3161,360.3019
2024-12-13,466617,172618966,375.0,375.0,366.0,368.0,-7.0,870,0.9395095367847411,352.3161,345.7395,343.8605,352.3161
2024-12-16,379173,138649558,371.0,374.0,359.5,360.0,-8.0,799,0.9395095367847411,348.558,338.2234,337.7537,351.3766
2024-12-17,887615,330023440,361.0,379.5,360.0,376.5,16.5,1167,0.9395095367847411,339.1629,353.7253,338.2234,356.5439
2024-12-18,1189225,448151358,374.5,383.0,368.0,374.5,-2.0,1377,0.9395095367847411,351.8463,351.8463,345.7395,359.8322
2024-12-19,917390,341973028,370.0,379.5,369.0,371.0,-3.5,1194,0.9395095367847411,347.6185,348.558,346.679,356.5439
2024-12-20,2125815,815260385,374.0,387.5,370.0,382.0,11.0,3936,0.9395095367847411,351.3766,358.8926,347.6185,364.0599
2024-12-23,979190,376819153,385.0,387.5,382.5,384.5,2.5,1234,0.9395095367847411,361.7112,361.2414,359.3624,364.0599
2024-12-24,1013313,389653366,388.0,389.0,380.5,384.0,-0.5,1723,0.9395095367847411,364.5297,360.7717,357.4834,365.4692
2024-12-25,816907,313542288,384.5,385.5,381.0,384.0,0.0,1152,0.9395095367847411,361.2414,360.7717,357.9531,362.1809
2024-12-26,1380301,540228773,387.5,395.0,387.5,389.5,5.5,1959,0.9395095367847411,364.0599,365.939,364.0599,371.1063
2024-12-27,1103579,432794135,392.0,394.5,390.0,393.5,4.0,1204,0.9395095367847411,368.2877,369.697,366.4087,370.6365
2024-12-30,818083,324451207,395.0,398.5,394.5,397.0,3.5,1063,0.9395095367847411,371.1063,372.9853,370.6365,374.3946
2024-12-31,745423,294988877,396.0,398.5,394.0,394.0,-3.0,1000,0.9395095367847411,372.0458,370.1668,370.1668,374.3946
2025-01-02,991818,385610625,394.0,394.0,384.0,390.0,-4.0,1460,0.9395095367847411,370.1668,366.4087,360.7717,370.1668
2025-01-03,651374,254843693,392.0,394.0,387.0,388.0,-2.0,807,0.9395095367847411,368.2877,364.5297,363.5902,370.1668
2025-01-06,653720,256446393,392.0,396.0,387.5,392.0,4.0,900,0.9395095367847411,368.2877,368.2877,364.0599,372.0458
2025-01-07,604043,236998418,393.5,394.5,388.5,392.5,0.5,783,0.9395095367847411,369.697,368.7575,364.9995,370.6365
2025-01-08,1197936,469270728,392.5,398.5,388.5,389.0,-3.5,1418,0.9395095367847411,368.7575,365.4692,364.9995,374.3946
2025-01-09,680998,258675821,388.0,388.0,374.0,374.5,-14.5,2033,0.9395095367847411,364.5297,351.8463,351.3766,364.5297
2025-01-10,421880,157380857,373.0,377.0,369.5,373.0,-1.5,965,0.9395095367847411,350.4371,350.4371,347.1488,354.1951
2025-01-13,683062,253763078,372.0,378.5,362.5,378.5,5.5,1089,0.9395095367847411,349.4975,355.6044,340.5722,355.6044
2025-01-14,848354,325660351,373.5,388.5,371.5,388.5,10.0,1098,0.9395095367847411,350.9068,364.9995,349.0278,364.9995
2025-01-15,573990,222754340,388.5,390.5,384.5,387.5,-1.0,763,0.9395095367847411,364.9995,364.0599,361.2414,366.8785
2025-01-16,725512,283775541,391.5,393.0,388.0,393.0,5.5,950,0.9395095367847411,367.818,369.2272,364.5297,369.2272
2025-01-17,621724,244667037,391.0,396.0,388.5,396.0,3.0,853,0.9395095367847411,367.3482,372.0458,364.9995,372.0458
2025-01-20,655225,260992431,398.0,400.0,394.5,400.0,4.0,1082,0.9395095367847411,373.9248,375.8038,370.6365,375.8038
2025-01-21,307587,122757107,399.5,401.0,397.0,398.5,-1.5,562,0.9395095367847411,375.3341,374.3946,372.9853,376.7433
2025-01-22,313074,123264858,400.0,400.0,391.5,391.5,-7.0,749,0.9395095367847411,375.8038,367.818,367.818,375.8038
2025-02-03,206319,79867818,385.0,391.0,382.0,387.5,-4.0,540,0.9395095367847411,361.7112,364.0599,358.8926,367.3482
2025-02-04,262325,103103429,388.0,397.5,386.5,391.5,4.0,481,0.9395095367847411,364.5297,367.818,363.1204,373.455
2025-02-05,549466,220791108,399.0,406.0,397.0,402.0,10.5,1003,0.9395095367847411,374.8643,377.6828,372.9853,381.4409
2025-02-06,313177,125099340,403.5,405.0,396.5,397.0,-5.0,566,0.9395095367847411,379.0921,372.9853,372.5155,380.5014
2025-02-07,427902,168876287,397.0,398.0,392.0,392.5,-4.5,722,0.9395095367847411,372.9853,368.7575,368.2877,373.9248
2025-02-10,741206,283664626,392.0,392.0,377.5,382.5,-10.0,2339,0.9395095367847411,368.2877,359.3624,354.6649,368.2877
2025-02-11,244437,93592270,382.5,385.0,381.0,383.0,0.5,827,0.9395095367847411,359.3624,359.8322,357.9531,361.7112
2025-02-12,174590,66767270,386.5,386.5,381.0,381.0,-2.0,573,0.9395095367847411,363.1204,357.9531,357.9531,363.1204
2025-02-13,187854,72349036,380.0,387.5,380.0,384.5,3.5,380,0.9395095367847411,357.0136,361.2414,357.0136,364.0599
2025-02-14,219507,84744518,387.0,390.0,384.5,384.5,0.0,442,0.9395095367847411,363.5902,361.2414,361.2414,366.4087
2025-02-17,205549,79068857,384.5,386.5,383.5,384.0,-0.5,439,0.9395095367847411,361.2414,360.7717,360.3019,363.1204
2025-02-18,196208,75526440,382.5,387.5,382.5,385.5,1.5,457,0.9395095367847411,359.3624,362.1809,359.3624,364.0599
2025-02-19,237492,92077097,386.0,390.0,385.5,386.5,1.0,464,0.9395095367847411,362.6507,363.1204,362.1809,366.4087
2025-02-20,398820,155721516,389.5,394.0,387.0,387.0,0.5,674,0.9395095367847411,365.939,363.5902,363.5902,370.1668
2025-02-21,199384,77078503,387.0,388.5,385.5,386.0,-1.0,570,0.9395095367847411,363.5902,362.6507,362.1809,364.9995
2025-02-24,189588,73576926,385.0,390.5,384.0,388.5,2.5,515,0.9395095367847411,361.7112,364.9995,360.7717,366.8785
2025-02-25,237749,92287367,387.0,391.0,384.0,389.5,1.0,434,0.9395095367847411,363.5902,365.939,360.7717,367.3482
2025-02-26,1004474,399827240,392.0,402.0,392.0,399.5,10.0,1597,0.9395095367847411,368.2877,375.3341,368.2877,377.6828
2025-02-27,727354,289419588,407.0,408.0,390.5,392.0,-7.5,1978,0.9395095367847411,382.3804,368.2877,366.8785,383.3199
2025-03-03,345011,133397681,388.0,391.5,385.0,385.5,-6.5,808,0.9395095367847411,364.5297,362.1809,361.7112,367.818
2025-03-04,332980,127943245,384.5,390.0,375.0,387.0,1.5,765,0.9395095367847411,361.2414,363.5902,352.3161,366.4087
2025-03-05,234580,90871184,389.0,390.5,386.0,386.5,-0.5,588,0.9395095367847411,365.4692,363.1204,362.6507,366.8785
2025-03-06,793340,313324902,390.5,397.5,387.5,397.5,11.0,1129,0.9395095367847411,366.8785,373.455,364.0599,373.455
2025-03-07,448112,177717215,397.5,399.0,393.0,399.0,1.5,736,0.9395095367847411,373.455,374.8643,369.2272,374.8643
2025-03-10,378226,150438186,398.0,400.0,395.0,395.0,-4.0,678,0.9395095367847411,373.9248,371.1063,371.1063,375.8038
2025-03-11,390671,152470396,389.0,393.5,385.0,391.5,-3.5,633,0.9395095367847411,365.4692,367.818,361.7112,369.697
2025-03-12,354927,140845906,392.0,400.0,392.0,392.5,1.0,871,0.9395095367847411,368.2877,368.7575,368.2877,375.8038
2025-03-13,618340,237488321,394.0,395.0,378.0,378.5,-14.0,2481,0.9395095367847411,370.1668,355.6044,355.1346,371.1063
2025-03-14,332803,124824781,378.5,380.0,372.5,373.5,-5.0,781,0.9395095367847411,355.6044,350.9068,349.9673,357.0136
2025-03-17,228508,85525998,375.0,377.5,372.5,372.5,-1.0,482,0.9395095367847411,352.3161,349.9673,349.9673,354.6649
2025-03-18,232068,86923994,376.0,376.0,372.0,375.0,2.5,422,0.9395095367847411,353.2556,352.3161,349.4975,353.2556
2025-03-19,323957,120570170,374.0,376.0,369.0,369.5,-5.5,629,0.9395095367847411,351.3766,347.1488,346.679,353.2556
2025-03-20,171385,64030668,370.5,374.5,370.5,373.5,4.0,372,0.9395095367847411,348.0883,350.9068,348.0883,351.8463
2025-03-21,194528,72789779,373.5,376.5,372.5,375.0,1.5,391,0.9395095367847411,350.9068,352.3161,349.9673,353.7253
2025-03-24,286184,106001090,375.0,375.5,367.0,367.0,-8.0,1161,0.9395095367847411,352.3161,344.8,344.8,352.7858
2025-03-25,170393,62800000,368.5,371.0,367.0,367.5,0.5,617,0.9395095367847411,346.2093,345.2698,344.8,348.558
2025-03-26,243298,89525110,370.0,371.0,367.0,367.0,-0.5,1636,0.9395095367847411,347.6185,344.8,344.8,348.558
2025-03-27,285106,103237830,365.0,365.0,360.5,363.0,-4.0,1475,0.9395095367847411,342.921,341.042,338.6932,342.921
2025-03-28,314926,112224636,361.0,362.0,352.0,353.5,-9.5,937,0.9395095367847411,339.1629,332.1166,330.7074,340.1025
2025-03-31,334464,114211318,344.0,345.5,338.5,339.0,-14.5,1036,0.9395095367847411,323.1913,318.4937,318.024,324.6005
2025-04-01,199260,69272642,341.0,354.0,341.0,347.5,8.5,362,0.9395095367847411,320.3728,326.4796,320.3728,332.5864
2025-04-02,235732,82527298,355.0,355.0,346.0,351.0,3.5,304,0.9395095367847411,333.5259,329.7678,325.0703,333.5259
2025-04-07,47887,15132292,316.0,316.0,316.0,316.0,-35.0,374,0.9395095367847411,296.885,296.885,296.885,296.885
2025-04-08,656529,193402107,295.0,306.0,286.5,302.5,-13.5,1140,0.9395095367847411,277.1553,284.2016,269.1695,287.4899
2025-04-09,904408,258224948,295.0,301.0,274.5,277.0,-25.5,1473,0.9395095367847411,277.1553,260.2441,257.8954,282.7924
2025-04-10,277809,84448813,304.5,304.5,300.0,304.5,27.5,333,0.9395095367847411,286.0807,286.0807,281.8529,286.0807
2025-04-11,514225,155275758,296.0,311.0,291.5,310.0,5.5,734,0.9395095367847411,278.0948,291.248,273.867,292.1875
2025-04-14,355499,112811719,320.0,322.5,312.5,318.5,8.5,903,0.9395095367847411,300.6431,299.2338,293.5967,302.9918
2025-04-15,290954,95120147,328.0,330.5,319.5,330.5,12.0,918,0.9395095367847411,308.1591,310.5079,300.1733,310.5079
2025-04-16,197053,64178765,330.5,330.5,323.5,325.5,-5.0,338,0.9395095367847411,310.5079,305.8104,303.9313,310.5079
2025-04-17,184491,59302040,323.0,325.5,317.5,324.0,-1.5,782,0.9395095367847411,303.4616,304.4011,298.2943,305.8104
2025-04-18,127871,41934908,329.5,329.5,326.0,328.5,4.5,213,0.9395095367847411,309.5684,308.6289,306.2801,309.5684
2025-04-21,140634,45151608,331.0,331.0,319.0,319.0,-9.5,2158,0.9395095367847411,310.9777,299.7035,299.7035,310.9777
2025-04-22,122135,38774390,313.0,321.0,313.0,314.5,-4.5,195,0.9395095367847411,294.0665,295.4757,294.0665,301.5826
2025-04-23,133491,42749842,322.5,324.0,318.0,318.0,3.5,265,0.9395095367847411,302.9918,298.764,298.764,304.4011
2025-04-24,145803,46378532,321.0,321.0,316.0,316.0,-2.0,345,0.9395095367847411,301.5826,296.885,296.885,301.5826
2025-04-25,398310,127986762,323.0,325.5,318.0,321.0,5.0,975,0.9395095367847411,303.4616,301.5826,298.764,305.8104
2025-04-28,240898,78672524,321.0,330.5,321.0,327.0,6.0,417,0.9395095367847411,301.5826,307.2196,301.5826,310.5079
2025-04-29,188500,61899612,328.5,330.0,327.0,329.0,2.0,318,0.9395095367847411,308.6289,309.0986,307.2196,310.0381
2025-04-30,190500,62296172,326.5,330.5,325.0,325.5,-3.5,335,0.9395095367847411,306.7499,305.8104,305.3406,310.5079
2025-05-02,219437,72938657,330.0,334.5,329.5,331.5,6.0,435,0.9395095367847411,310.0381,311.4474,309.5684,314.2659
2025-05-05,218085,70712254,334.0,334.5,319.0,321.0,-10.5,1983,0.9395095367847411,313.7962,301.5826,299.7035,314.2659
2025-05-06,207970,67062327,324.0,326.0,320.0,321.0,0.0,398,0.9395095367847411,304.4011,301.5826,300.6431,306.2801
2025-05-07,263857,85727665,327.0,329.0,322.5,322.5,1.5,381,0.9395095367847411,307.2196,302.9918,302.9918,309.0986
2025-05-08,125966,40795527,324.5,326.0,322.0,322.5,0.0,268,0.9395095367847411,304.8708,302.9918,302.5221,306.2801
2025-05-09,203908,66449330,323.5,327.5,323.5,325.5,3.0,557,0.9395095367847411,303.9313,305.8104,303.9313,307.6894
2025-05-12,375036,124719005,325.5,337.0,325.5,336.0,10.5,1083,0.9395095367847411,305.8104,315.6752,305.8104,316.6147
2025-05-13,367933,123696029,340.5,340.5,333.0,336.0,0.0,557,0.9395095367847411,319.903,315.6752,312.8567,319.903
2025-05-14,292207,99585441,336.0,344.0,336.0,343.0,7.0,573,0.9395095367847411,315.6752,322.2518,315.6752,323.1913
2025-05-15,297906,100976520,339.0,341.0,336.0,338.5,-4.5,445,0.9395095367847411,318.4937,318.024,315.6752,320.3728
2025-05-16,167689,57189471,338.5,343.0,338.5,340.5,2.0,320,0.9395095367847411,318.024,319.903,318.024,322.2518
2025-05-19,205473,69640932,339.0,341.0,336.0,336.0,-4.5,332,0.9395095367847411,318.4937,315.6752,315.6752,320.3728
2025-05-20,177366,60154163,336.0,341.0,335.5,338.0,2.0,251,0.9395095367847411,315.6752,317.5542,315.2054,320.3728
2025-05-21,157969,53762431,339.0,342.0,338.5,341.0,3.0,228,0.9395095367847411,318.4937,320.3728,318.024,321.3123
2025-05-22,115435,39399605,338.0,344.0,338.0,342.0,1.0,222,0.9395095367847411,317.5542,321.3123,317.5542,323.1913
2025-05-23,118528,40696422,341.0,345.5,341.0,341.5,-0.5,306,0.9395095367847411,320.3728,320.8425,320.3728,324.6005
2025-05-26,123656,42002776,341.5,341.5,338.0,338.5,-3.0,277,0.9395095367847411,320.8425,318.024,317.5542,320.8425
2025-05-27,139836,47543396,341.5,342.5,337.5,342.5,4.0,220,0.9395095367847411,320.8425,321.782,317.0845,321.782
2025-05-28,154808,52657832,345.0,345.0,336.5,338.0,-4.5,304,0.9395095367847411,324.1308,317.5542,316.145,324.1308
2025-05-29,204185,69403678,339.5,342.0,337.5,341.5,3.5,302,0.9395095367847411,318.9635,320.8425,317.0845,321.3123
2025-06-02,478684,160481083,338.0,339.0,329.0,339.0,-2.5,593,0.9395095367847411,317.5542,318.4937,309.0986,318.4937
2025-06-03,278461,94193975,340.0,343.0,335.0,335.5,-3.5,436,0.9395095367847411,319.4332,315.2054,314.7357,322.2518
2025-06-04,372117,126243302,335.0,343.0,335.0,343.0,7.5,423,0.9395095367847411,314.7357,322.2518,314.7357,322.2518
2025-06-05,417576,143635368,343.0,347.5,340.0,347.5,4.5,455,0.9395095367847411,322.2518,326.4796,319.4332,326.4796
2025-06-06,319582,111236463,344.0,352.0,341.0,352.0,4.5,461,0.9395095367847411,323.1913,330.7074,320.3728,330.7074
2025-06-09,384322,136300311,352.0,358.0,351.5,358.0,6.0,581,0.9395095367847411,330.7074,336.3444,330.2376,336.3444
2025-06-10,328696,118068911,358.0,361.0,354.0,360.5,2.5,467,0.9395095367847411,336.3444,338.6932,332.5864,339.1629
2025-06-11,406129,147841319,360.5,366.5,359.5,366.5,6.0,539,0.9395095367847411,338.6932,344.3302,337.7537,344.3302
2025-06-12,298264,109572309,365.5,369.0,365.5,369.0,2.5,415,0.9395095367847411,343.3907,346.679,343.3907,346.679
2025-06-13,234115,85665491,364.0,369.0,363.5,364.0,-5.0,366,0.9395095367847411,341.9815,341.9815,341.5117,346.679
2025-06-16,168068,61270608,359.0,367.0,359.0,367.0,3.0,234,0.9395095367847411,337.2839,344.8,337.2839,344.8
2025-06-17,539716,197384445,368.0,372.0,360.5,360.5,-6.5,567,0.9395095367847411,345.7395,338.6932,338.6932,349.4975
2025-06-18,734638,268246503,363.0,368.5,362.0,364.0,3.5,711,0.9395095367847411,341.042,341.9815,340.1025,346.2093
2025-06-19,495378,181692249,365.0,369.5,362.0,366.0,2.0,556,0.9395095367847411,342.921,343.8605,340.1025,347.1488
2025-06-20,502536,181166418,366.5,366.5,357.5,359.5,-6.5,637,0.9395095367847411,344.3302,337.7537,335.8747,344.3302
2025-06-23,455979,162641962,358.5,361.5,350.5,361.5,2.0,550,0.9395095367847411,336.8142,339.6327,329.2981,339.6327
2025-06-24,395647,144500625,364.0,368.0,363.0,363.0,1.5,464,0.9395095367847411,341.9815,341.042,341.042,345.7395
2025-06-25,304878,111668705,364.5,367.5,363.5,367.5,4.5,415,0.9395095367847411,342.4512,345.2698,341.5117,345.2698
2025-06-26,258425,94419002,369.5,369.5,364.0,364.0,-3.5,366,0.9395095367847411,347.1488,341.9815,341.9815,347.1488
2025-06-27,559435,204243414,366.5,368.0,361.0,368.0,4.0,547,0.9395095367847411,344.3302,345.7395,339.1629,345.7395
2025-06-30,414304,151358963,368.0,370.0,363.5,366.0,-2.0,410,0.9395095367847411,345.7395,343.8605,341.5117,347.6185
2025-07-01,784183,287962603,366.5,370.0,364.0,369.0,3.0,739,0.9395095367847411,344.3302,346.679,341.9815,347.6185
2025-07-02,469381,172252812,369.0,370.0,365.5,367.0,-2.0,679,0.9395095367847411,346.679,344.8,343.3907,347.6185
2025-07-03,477859,167179096,349.5,354.0,345.5,354.0,0.0,649,1.0,349.5,354.0,345.5,354.0
2025-07-04,367221,129865621,356.0,357.0,349.5,355.0,1.0,551,1.0,356.0,355.0,349.5,357.0
2025-07-07,258291,89955018,355.5,355.5,346.0,350.5,-4.5,477,1.0,355.5,350.5,346.0,355.5
2025-07-08,181372,63165554,350.0,350.0,345.5,350.0,-0.5,270,1.0,350.0,350.0,345.5,350.0
2025-07-09,246975,86881598,350.0,353.5,347.5,352.0,2.0,328,1.0,350.0,352.0,347.5,353.5
2025-07-10,244293,86295704,352.0,355.0,352.0,352.5,0.5,328,1.0,352.0,352.5,352.0,355.0
2025-07-11,158236,56050500,352.5,356.0,351.0,354.0,1.5,226,1.0,352.5,354.0,351.0,356.0
2025-07-14,112248,39561625,350.5,353.5,350.5,353.0,-1.0,197,1.0,350.5,353.0,350.5,353.5
2025-07-15,122172,42962865,353.5,354.0,349.5,351.0,-2.0,217,1.0,353.5,351.0,349.5,354.0
2025-07-16,248007,87905796,349.0,356.0,349.0,355.5,4.5,284,1.0,349.0,355.5,349.0,356.0
2025-07-17,175024,62243616,356.0,356.5,353.5,356.5,1.0,276,1.0,356.0,356.5,353.5,356.5
2025-07-18,147477,52830368,357.5,360.0,356.5,359.0,2.5,240,1.0,357.5,359.0,356.5,360.0
2025-07-21,141132,50760257,357.5,361.5,355.5,361.0,2.0,265,1.0,357.5,361.0,355.5,361.5
2025-07-22,165498,59236019,361.0,361.0,353.5,359.5,-1.5,311,1.0,361.0,359.5,353.5,361.0
2025-07-23,182316,65791683,358.5,363.0,356.5,362.0,2.5,299,1.0,358.5,362.0,356.5,363.0
2025-07-24,114623,41443175,364.5,364.5,357.5,362.0,0.0,248,1.0,364.5,362.0,357.5,364.5
2025-07-25,91883,33150696,361.5,362.0,359.0,359.0,-3.0,214,1.0,361.5,359.0,359.0,362.0
2025-07-28,147342,52863276,362.0,362.0,354.0,359.0,0.0,286,1.0,362.0,359.0,354.0,362.0
2025-07-29,80177,28631360,358.5,360.5,355.0,358.5,-0.5,188,1.0,358.5,358.5,355.0,360.5
2025-07-30,82406,29149143,355.5,357.0,352.0,352.0,-6.5,326,1.0,355.5,352.0,352.0,357.0
2025-07-31,141545,49476671,351.0,351.5,348.5,349.0,-3.0,313,1.0,351.0,349.0,348.5,351.5
2025-08-01,105346,36618244,348.5,351.0,343.0,346.5,-2.5,281,1.0,348.5,346.5,343.0,351.0
2025-08-04,102181,35065352,345.0,346.0,340.5,346.0,-0.5,233,1.0,345.0,346.0,340.5,346.0
2025-08-05,75016,26046234,349.5,349.5,345.0,348.5,2.5,200,1.0,349.5,348.5,345.0,349.5
2025-08-06,312054,105245903,341.0,342.5,333.0,333.0,-15.5,954,1.0,341.0,333.0,333.0,342.5
2025-08-07,594055,190724502,334.5,334.5,316.0,318.0,-15.0,1548,1.0,334.5,318.0,316.0,334.5
2025-08-08,273095,86400758,318.0,320.5,315.0,315.0,-3.0,545,1.0,318.0,315.0,315.0,320.5
2025-08-11,331427,102321577,315.0,315.0,305.5,307.0,-8.0,714,1.0,315.0,307.0,305.5,315.0
2025-08-12,216500,66838669,309.0,311.5,307.5,307.5,0.5,414,1.0,309.0,307.5,307.5,311.5
2025-08-13,200833,62268371,310.5,314.5,308.0,312.0,4.5,405,1.0,310.5,312.0,308.0,314.5
2025-08-14,204996,63898757,314.0,318.5,309.5,310.0,-2.0,621,1.0,314.0,310.0,309.5,318.5
2025-08-15,227766,69300799,310.0,310.0,302.0,304.0,-6.0,582,1.0,310.0,304.0,302.0,310.0
2025-08-18,190606,57559165,304.5,306.0,300.5,301.0,-3.0,482,1.0,304.5,301.0,300.5,306.0
2025-08-19,224429,66774387,301.0,301.0,296.0,296.5,-4.5,670,1.0,301.0,296.5,296.0,301.0
2025-08-20,221567,64828817,298.0,298.0,291.0,291.0,-5.5,630,1.0,298.0,291.0,291.0,298.0
2025-08-21,149068,43807967,294.0,297.0,292.0,295.0,4.0,297,1.0,294.0,295.0,292.0,297.0
2025-08-22,255628,75417452,294.5,302.0,292.5,293.0,-2.0,381,1.0,294.5,293.0,292.5,302.0
2025-08-25,153212,45147214,295.0,298.5,292.5,292.5,-0.5,346,1.0,295.0,292.5,292.5,298.5
2025-08-26,144558,42453559,293.0,295.0,292.5,293.0,0.5,330,1.0,293.0,293.0,292.5,295.0
2025-08-27,231512,69470750,293.5,302.5,293.5,302.0,9.0,454,1.0,293.5,302.0,293.5,302.5
2025-08-28,141782,42463458,302.0,302.0,298.0,299.0,-3.0,585,1.0,302.0,299.0,298.0,302.0
2025-08-29,150750,44887652,301.0,301.0,296.5,297.0,-2.0,314,1.0,301.0,297.0,296.5,301.0
2025-09-01,170457,50185643,298.0,299.0,292.0,293.0,-4.0,411,1.0,298.0,293.0,292.0,299.0
2025-09-02,105842,31011357,293.0,295.5,291.0,292.5,-0.5,286,1.0,293.0,292.5,291.0,295.5
2025-09-03,107187,31522833,291.0,296.0,291.0,293.5,1.0,286,1.0,291.0,293.5,291.0,296.0
2025-09-04,106930,31702680,293.5,298.0,293.5,296.0,2.5,333,1.0,293.5,296.0,293.5,298.0
2025-09-05,140088,41021577,295.0,295.0,292.0,292.5,-3.5,368,1.0,295.0,292.5,292.0,295.0
2025-09-08,177670,52103293,295.0,295.5,291.0,293.5,1.0,335,1.0,295.0,293.5,291.0,295.5
2025-09-09,271297,78968518,293.5,295.5,287.0,293.5,0.0,618,1.0,293.5,293.5,287.0,295.5
2025-09-10,178019,52094868,294.5,295.5,291.5,291.5,-2.0,512,1.0,294.5,291.5,291.5,295.5
2025-09-11,264689,76272476,291.0,291.0,286.0,286.0,-5.5,762,1.0,291.0,286.0,286.0,291.0
2025-09-12,148849,42771044,286.0,289.0,286.0,286.0,0.0,408,1.0,286.0,286.0,286.0,289.0
2025-09-15,152378,43563773,286.0,288.5,285.0,285.5,-0.5,401,1.0,286.0,285.5,285.0,288.5
2025-09-16,180535,51861107,286.0,290.0,285.5,286.0,0.5,359,1.0,286.0,286.0,285.5,290.0
2025-09-17,217760,62671449,286.0,292.5,286.0,286.0,0.0,448,1.0,286.0,286.0,286.0,292.5
2025-09-18,296641,86158807,289.0,292.0,288.0,289.0,3.0,506,1.0,289.0,289.0,288.0,292.0
2025-09-19,582035,174444157,294.0,304.5,293.0,299.0,10.0,1132,1.0,294.0,299.0,293.0,304.5
2025-09-22,361507,107666124,299.0,301.5,293.0,297.0,-2.0,1125,1.0,299.0,297.0,293.0,301.5
2025-09-23,297018,88594375,297.0,302.0,295.0,296.5,-0.5,600,1.0,297.0,296.5,295.0,302.0
2025-09-24,260809,76642439,296.5,299.0,291.0,292.0,-4.5,700,1.0,296.5,292.0,291.0,299.0
2025-09-25,329143,95211852,292.0,292.0,287.0,288.5,-3.5,668,1.0,292.0,288.5,287.0,292.0
2025-09-26,309038,87068983,287.0,287.0,280.0,281.0,-7.5,741,1.0,287.0,281.0,280.0,287.0
2025-09-30,223370,62318056,281.0,282.0,278.0,278.0,-3.0,522,1.0,281.0,278.0,278.0,282.0
2025-10-01,171130,47505201,276.5,280.0,276.0,279.5,1.5,575,1.0,276.5,279.5,276.0,280.0
2025-10-02,153998,43260517,281.0,283.0,279.5,279.5,0.0,285,1.0,281.0,279.5,279.5,283.0
2025-10-03,136929,38102402,282.0,282.0,277.0,277.0,-2.5,495,1.0,282.0,277.0,277.0,282.0
2025-10-07,192428,53852617,274.5,283.0,274.0,279.0,2.0,432,1.0,274.5,279.0,274.0,283.0
2025-10-08,182332,50827133,281.5,282.0,277.5,277.5,-1.5,1093,1.0,281.5,277.5,277.5,282.0
2025-10-09,216319,59748018,277.0,279.0,274.5,274.5,-3.0,618,1.0,277.0,274.5,274.5,279.0
2025-10-13,351453,93940244,272.5,272.5,263.0,265.5,-9.0,1192,1.0,272.5,265.5,263.0,272.5
2025-10-14,358896,94900091,268.0,271.0,258.5,258.5,-7.0,751,1.0,268.0,258.5,258.5,271.0
2025-10-15,701786,180406134,262.0,264.0,255.5,255.5,-3.0,769,1.0,262.0,255.5,255.5,264.0
2025-10-16,413763,106456835,258.5,261.5,255.0,256.0,0.5,763,1.0,258.5,256.0,255.0,261.5
2025-10-17,545555,139126009,253.5,259.0,252.5,252.5,-3.5,731,1.0,253.5,252.5,252.5,259.0
2025-10-20,639618,160277788,253.0,254.0,249.0,249.0,-3.5,987,1.0,253.0,249.0,249.0,254.0
2025-10-21,485795,121657216,253.0,254.0,247.5,247.5,-1.5,822,1.0,253.0,247.5,247.5,254.0
2025-10-22,548627,135100134,248.5,248.5,244.5,246.0,-1.5,855,1.0,248.5,246.0,244.5,248.5
2025-10-23,330337,80583795,245.0,246.0,242.5,244.5,-1.5,634,1.0,245.0,244.5,242.5,246.0
2025-10-27,661039,161484941,245.0,247.5,241.0,246.0,1.5,853,1.0,245.0,246.0,241.0,247.5
2025-10-28,488347,117872876,246.0,246.5,240.0,240.0,-6.0,1033,1.0,246.0,240.0,240.0,246.5
2025-10-29,369317,90184457,241.0,246.5,241.0,242.5,2.5,565,1.0,241.0,242.5,241.0,246.5
2025-10-30,601346,149404487,244.5,250.0,244.5,249.5,7.0,904,1.0,244.5,249.5,244.5,250.0
2025-10-31,474339,116801121,251.5,252.0,243.5,243.5,-6.0,1234,1.0,251.5,243.5,243.5,252.0
2025-11-03,344716,83120061,246.5,246.5,239.5,241.0,-2.5,699,1.0,246.5,241.0,239.5,246.5
2025-11-04,694663,169524928,241.0,247.5,240.0,245.5,4.5,787,1.0,241.0,245.5,240.0,247.5
2025-11-05,1252152,309892198,245.0,256.0,242.5,242.5,-3.0,2585,1.0,245.0,242.5,242.5,256.0
2025-11-06,841300,201459404,245.5,245.5,237.5,238.0,-4.5,2376,1.0,245.5,238.0,237.5,245.5
2025-11-07,918677,211779938,235.0,235.0,229.0,229.0,-9.0,1469,1.0,235.0,229.0,229.0,235.0
2025-11-10,870019,196407467,232.5,232.5,223.5,224.0,-5.0,1217,1.0,232.5,224.0,223.5,232.5
2025-11-11,536805,124006843,225.5,233.0,225.5,232.5,8.5,804,1.0,225.5,232.5,225.5,233.0
2025-11-12,598162,138282685,233.5,236.5,228.5,228.5,-4.0,1965,1.0,233.5,228.5,228.5,236.5
2025-11-13,293158,66550586,229.0,230.5,225.5,226.5,-2.0,584,1.0,229.0,226.5,225.5,230.5
2025-11-14,366790,81993427,226.0,226.0,222.0,222.0,-4.5,760,1.0,226.0,222.0,222.0,226.0
2025-11-17,533504,116317309,223.0,224.5,216.0,217.0,-5.0,967,1.0,223.0,217.0,216.0,224.5
2025-11-18,596769,127295601,215.5,216.0,211.0,212.0,-5.0,1069,1.0,215.5,212.0,211.0,216.0
2025-11-19,456784,95932780,214.0,215.5,207.5,208.5,-3.5,813,1.0,214.0,208.5,207.5,215.5
2025-11-20,358836,75847006,212.0,214.0,210.0,211.0,2.5,491,1.0,212.0,211.0,210.0,214.0
2025-11-21,536524,111794422,209.5,212.5,206.0,206.5,-4.5,888,1.0,209.5,206.5,206.0,212.5
2025-11-24,508501,105208839,209.0,211.5,205.5,207.0,0.5,616,1.0,209.0,207.0,205.5,211.5
2025-11-25,371849,78005319,209.0,213.5,207.5,209.0,2.0,534,1.0,209.0,209.0,207.5,213.5
2025-11-26,274205,58537760,212.0,215.0,212.0,214.5,5.5,971,1.0,212.0,214.5,212.0,215.0
2025-11-27,396863,86220459,215.0,219.0,215.0,219.0,4.5,857,1.0,215.0,219.0,215.0,219.0
2025-11-28,202897,43989342,218.5,219.0,215.0,217.0,-2.0,467,1.0,218.5,217.0,215.0,219.0
2025-12-01,544604,116342451,216.0,217.5,212.0,214.5,-2.5,715,1.0,216.0,214.5,212.0,217.5
2025-12-02,366744,78976362,215.0,217.5,213.5,213.5,-1.0,510,1.0,215.0,213.5,213.5,217.5
2025-12-03,428010,92534112,214.5,218.0,214.5,216.0,2.5,504,1.0,214.5,216.0,214.5,218.0
2025-12-04,477242,102681070,218.0,219.0,212.5,213.0,-3.0,636,1.0,218.0,213.0,212.5,219.0
2025-12-05,422434,88747951,213.0,213.5,209.0,209.0,-4.0,811,1.0,213.0,209.0,209.0,213.5
2025-12-08,532045,110943002,209.0,210.0,207.0,209.5,0.5,824,1.0,209.0,209.5,207.0,210.0
2025-12-09,579191,121919753,211.0,212.5,208.0,209.5,0.0,668,1.0,211.0,209.5,208.0,212.5
2025-12-10,795677,170025643,211.0,217.0,209.0,215.0,5.5,1326,1.0,211.0,215.0,209.0,217.0
2025-12-11,1475033,325490814,217.5,225.0,217.0,221.5,6.5,2603,1.0,217.5,221.5,217.0,225.0
2025-12-12,723425,158077198,221.0,221.0,217.0,219.0,-2.5,1120,1.0,221.0,219.0,217.0,221.0
2025-12-15,386411,83250703,217.0,217.0,214.0,215.0,-4.0,690,1.0,217.0,215.0,214.0,217.0
2025-12-16,1903162,418843045,215.0,226.0,215.0,226.0,11.0,2111,1.0,215.0,226.0,215.0,226.0
2025-12-17,3214352,751563786,230.0,241.0,226.5,234.0,8.0,4677,1.0,230.0,234.0,226.5,241.0
2025-12-18,1895167,431462535,234.0,234.0,224.0,226.5,-7.5,4796,1.0,234.0,226.5,224.0,234.0
2025-12-19,1780817,397947872,227.5,228.0,221.5,225.0,-1.5,2008,1.0,227.5,225.0,221.5,228.0
2025-12-22,2025354,465363197,227.0,233.0,224.0,232.0,7.0,2170,1.0,227.0,232.0,224.0,233.0
2025-12-23,1877389,428549712,235.0,235.0,226.0,229.5,-2.5,2188,1.0,235.0,229.5,226.0,235.0
2025-12-24,1864354,427262910,232.0,233.5,227.0,228.5,-1.0,1907,1.0,232.0,228.5,227.0,233.5
2025-12-26,1809307,407723724,230.5,230.5,222.5,225.5,-3.0,2627,1.0,230.5,225.5,222.5,230.5
2025-12-29,889307,204648247,227.0,232.0,226.5,230.5,5.0,1225,1.0,227.0,230.5,226.5,232.0
2025-12-30,892783,207543542,230.5,235.5,228.5,232.5,2.0,1576,1.0,230.5,232.5,228.5,235.5
2025-12-31,940659,215439543,232.5,233.0,227.0,228.0,-4.5,3340,1.0,232.5,228.0,227.0,233.0
2026-02-02,614025,138234703,228.0,229.0,223.0,223.0,-8.5,955,1.0,228.0,223.0,223.0,229.0
2026-02-03,431573,98308156,228.0,231.5,223.5,230.0,7.0,644,1.0,228.0,230.0,223.5,231.5
2026-02-04,478599,109946705,230.0,234.0,227.0,229.0,-1.0,1723,1.0,230.0,229.0,227.0,234.0
2026-02-05,430846,96812558,227.0,230.5,223.0,223.5,-5.5,696,1.0,227.0,223.5,223.0,230.5
2026-02-06,314494,69332858,223.5,224.0,217.5,221.0,-2.5,503,1.0,223.5,221.0,217.5,224.0
2026-02-09,340185,76709164,225.0,227.5,222.0,226.0,5.0,669,1.0,225.0,226.0,222.0,227.5
2026-02-10,312226,71385998,227.5,231.0,226.0,228.0,2.0,587,1.0,227.5,228.0,226.0,231.0
2026-02-11,506304,113088283,228.0,228.5,222.0,223.5,-4.5,1461,1.0,228.0,223.5,222.0,228.5
2026-02-23,373592,84495421,226.5,228.0,223.5,227.5,4.0,559,1.0,226.5,227.5,223.5,228.0
2026-02-24,558558,130459069,228.5,236.5,228.0,233.5,6.0,840,1.0,228.5,233.5,228.0,236.5
2026-02-25,701482,166320866,236.5,239.0,235.5,237.0,3.5,1316,1.0,236.5,237.0,235.5,239.0
2026-02-26,530356,124398630,237.0,237.5,232.5,233.0,-4.0,1078,1.0,237.0,233.0,232.5,237.5
2026-03-02,539562,124635889,231.0,234.0,228.0,229.0,-4.0,1080,1.0,231.0,229.0,228.0,234.0
2026-03-03,606989,137055657,229.5,231.0,223.5,226.0,-3.0,1195,1.0,229.5,226.0,223.5,231.0
2026-03-04,755927,166188183,225.0,225.0,217.0,218.0,-8.0,1166,1.0,225.0,218.0,217.0,225.0
2026-03-05,403012,89817188,222.0,225.5,221.0,222.0,4.0,659,1.0,222.0,222.0,221.0,225.5
2026-03-06,289885,64924656,220.0,226.0,220.0,226.0,4.0,517,1.0,220.0,226.0,220.0,226.0
2026-03-09,1080702,228031091,215.5,216.0,208.5,210.5,-15.5,1766,1.0,215.5,210.5,208.5,216.0
2026-03-10,642920,137145208,215.5,217.5,210.5,213.0,2.5,895,1.0,215.5,213.0,210.5,217.5
2026-03-11,400739,86756592,214.5,218.0,214.5,217.0,4.0,672,1.0,214.5,217.0,214.5,218.0
2026-03-12,543931,118541834,216.0,220.5,215.0,220.0,3.0,853,1.0,216.0,220.0,215.0,220.5
2026-03-13,254358,55429056,216.0,219.0,215.5,219.0,-1.0,519,1.0,216.0,219.0,215.5,219.0
2026-03-16,316451,69062047,220.0,221.5,217.0,218.0,-1.0,643,1.0,220.0,218.0,217.0,221.5
2026-03-17,426367,92779582,219.0,220.0,216.5,217.0,-1.0,666,1.0,219.0,217.0,216.5,220.0
2026-03-18,389491,85222406,217.0,220.0,217.0,220.0,3.0,658,1.0,217.0,220.0,217.0,220.0
2026-03-19,521897,112589082,216.5,217.5,215.0,215.0,-5.0,946,1.0,216.5,215.0,215.0,217.5
2026-03-20,326536,70089225,215.0,216.0,212.5,214.0,-1.0,753,1.0,215.0,214.0,212.5,216.0
2026-03-23,429006,90212748,212.0,213.0,208.5,208.5,-5.5,1551,1.0,212.0,208.5,208.5,213.0
2026-03-24,256526,53544603,211.5,211.5,206.5,209.5,1.0,962,1.0,211.5,209.5,206.5,211.5
2026-03-25,239276,50915399,213.0,214.5,211.0,214.5,5.0,1881,1.0,213.0,214.5,211.0,214.5
2026-03-26,1196066,263471234,215.0,225.0,215.0,223.0,8.5,2682,1.0,215.0,223.0,215.0,225.0
2026-03-27,384466,84646299,222.0,223.0,217.0,221.0,-2.0,1073,1.0,222.0,221.0,217.0,223.0
2026-03-30,621568,139731397,221.0,231.5,218.0,222.0,1.0,1469,1.0,221.0,222.0,218.0,231.5
2026-03-31,355148,78044231,220.5,222.5,217.0,219.0,-3.0,616,1.0,220.5,219.0,217.0,222.5
2026-04-01,462198,103438722,224.5,225.5,222.0,225.0,6.0,560,1.0,224.5,225.0,222.0,225.5
2026-04-02,410096,90485115,227.0,227.0,217.0,218.0,-7.0,3301,1.0,227.0,218.0,217.0,227.0
2026-04-07,271002,59473833,222.0,222.0,217.5,220.5,2.5,437,1.0,222.0,220.5,217.5,222.0
2026-04-08,508695,114178289,223.0,225.5,223.0,224.5,4.0,638,1.0,223.0,224.5,223.0,225.5
2026-04-09,373101,83927558,227.0,227.0,223.5,224.5,0.0,643,1.0,227.0,224.5,223.5,227.0
2026-04-10,486268,110951256,226.5,230.0,226.5,228.0,3.5,712,1.0,226.5,228.0,226.5,230.0
2026-04-13,464829,106423388,228.5,230.5,224.5,230.0,2.0,1430,1.0,228.5,230.0,224.5,230.5
2026-04-14,395341,90767080,232.0,232.0,228.5,230.0,0.0,741,1.0,232.0,230.0,228.5,232.0
2026-04-15,440756,101186290,230.5,231.0,228.5,228.5,-1.5,1494,1.0,230.5,228.5,228.5,231.0
2026-04-16,462774,107210476,230.5,233.0,229.5,232.5,4.0,729,1.0,230.5,232.5,229.5,233.0
2026-04-17,773115,182235631,233.0,239.5,231.5,239.5,7.0,1140,1.0,233.0,239.5,231.5,239.5
2026-04-20,863157,203672695,239.5,239.5,234.0,237.0,-2.5,4953,1.0,239.5,237.0,234.0,239.5
2026-04-21,1005306,239700529,238.5,243.0,233.5,242.0,5.0,1786,1.0,238.5,242.0,233.5,243.0
2026-04-22,2283990,576032318,243.0,259.5,240.5,254.5,12.5,5674,1.0,243.0,254.5,240.5,259.5
2026-04-23,2014327,487111731,256.5,258.0,231.0,236.5,-18.0,6579,1.0,256.5,236.5,231.0,258.0
2026-04-24,790710,190345161,237.5,246.0,236.5,240.0,3.5,1507,1.0,237.5,240.0,236.5,246.0
2026-04-27,595139,140448787,244.0,244.5,233.5,236.0,-4.0,943,1.0,244.0,236.0,233.5,244.5
2026-04-28,739697,174837546,235.5,240.0,232.0,239.5,3.5,1302,1.0,235.5,239.5,232.0,240.0
2026-04-29,385727,91477675,239.5,239.5,235.0,236.0,-3.5,537,1.0,239.5,236.0,235.0,239.5
2026-04-30,436647,103124447,237.5,239.0,234.5,235.0,-1.0,1395,1.0,237.5,235.0,234.5,239.0
2026-05-04,674427,161391901,238.0,241.5,236.0,239.0,4.0,1039,1.0,238.0,239.0,236.0,241.5
2026-05-05,979059,235134894,239.0,244.0,237.0,241.0,2.0,5250,1.0,239.0,241.0,237.0,244.0
2026-05-06,1911618,447429321,241.5,241.5,228.0,235.5,-5.5,2274,1.0,241.5,235.5,228.0,241.5
2026-05-07,1068723,256362198,238.5,243.0,236.0,242.5,7.0,1324,1.0,238.5,242.5,236.0,243.0
2026-05-08,2731957,701205979,247.0,262.0,247.0,258.5,16.0,4377,1.0,247.0,258.5,247.0,262.0
2026-05-11,2486508,656968447,274.5,274.5,257.0,263.5,5.0,5237,1.0,274.5,263.5,257.0,274.5
2026-05-12,1534049,402840668,265.0,267.5,259.5,261.0,-2.5,2082,1.0,265.0,261.0,259.5,267.5
2026-05-13,1973563,518396996,258.5,268.0,257.0,259.5,-1.5,3317,1.0,258.5,259.5,257.0,268.0
