Date,Capacity,Turnover,Open,High,Low,Close,Change,Transaction,AdjFactor,Open_adj,Close_adj,Low_adj,High_adj
2020-05-04,583475,18435500,31.15,32.05,31.15,31.9,-0.4,355,0.9189522342064714,28.6254,29.3146,28.6254,29.4524
2020-05-05,702571,22595137,32.1,32.7,31.8,32.25,0.35,399,0.9189522342064714,29.4984,29.6362,29.2227,30.0497
2020-05-06,507741,16190762,32.2,32.35,31.6,31.6,-0.65,331,0.9189522342064714,29.5903,29.0389,29.0389,29.7281
2020-05-07,516371,16581755,31.6,32.35,31.5,32.2,0.6,328,0.9189522342064714,29.0389,29.5903,28.947,29.7281
2020-05-08,548992,17650539,32.6,32.6,31.8,31.9,-0.3,384,0.9189522342064714,29.9578,29.3146,29.2227,29.9578
2020-05-11,560425,17774119,31.2,32.15,31.2,31.8,-0.1,330,0.9189522342064714,28.6713,29.2227,28.6713,29.5443
2020-05-12,778916,24194996,31.75,31.75,30.75,31.0,-0.8,477,0.9189522342064714,29.1767,28.4875,28.2578,29.1767
2020-05-13,309652,9603540,31.0,31.4,30.5,31.1,0.1,231,0.9189522342064714,28.4875,28.5794,28.028,28.8551
2020-05-14,409498,12496636,31.1,31.1,30.0,30.15,-0.95,285,0.9189522342064714,28.5794,27.7064,27.5686,28.5794
2020-05-15,527326,15655258,30.8,30.8,29.35,29.55,-0.6,364,0.9189522342064714,28.3037,27.155,26.9712,28.3037
2020-05-18,227262,6748292,29.3,30.0,29.1,29.75,0.2,167,0.9189522342064714,26.9253,27.3388,26.7415,27.5686
2020-05-19,270124,8124676,30.2,30.35,29.75,30.1,0.35,187,0.9189522342064714,27.7524,27.6605,27.3388,27.8902
2020-05-20,760265,23768371,30.2,31.9,30.2,31.8,1.7,498,0.9189522342064714,27.7524,29.2227,27.7524,29.3146
2020-05-21,1196735,38759841,32.35,32.95,31.85,32.2,0.4,739,0.9189522342064714,29.7281,29.5903,29.2686,30.2795
2020-05-22,717220,22764598,32.5,32.5,31.3,31.6,-0.6,466,0.9189522342064714,29.8659,29.0389,28.7632,29.8659
2020-05-25,2516714,84732853,31.65,34.75,31.25,34.75,3.15,1484,0.9189522342064714,29.0848,31.9336,28.7173,31.9336
2020-05-26,4199497,150082184,35.55,36.8,34.85,34.85,0.1,2839,0.9189522342064714,32.6688,32.0255,32.0255,33.8174
2020-05-27,1123472,38809769,34.9,35.25,33.95,34.6,-0.25,718,0.9189522342064714,32.0714,31.7957,31.1984,32.3931
2020-05-28,911306,31621042,35.0,35.5,34.0,34.05,-0.55,569,0.9189522342064714,32.1633,31.2903,31.2444,32.6228
2020-05-29,583845,19620709,34.05,34.3,33.2,33.45,-0.6,399,0.9189522342064714,31.2903,30.739,30.5092,31.5201
2020-06-01,440879,14757520,33.95,33.95,33.2,33.45,0.0,339,0.9189522342064714,31.1984,30.739,30.5092,31.1984
2020-06-02,477416,16171826,33.5,34.4,33.5,34.4,0.95,288,0.9189522342064714,30.7849,31.612,30.7849,31.612
2020-06-03,662749,23204815,35.0,35.45,34.6,35.1,0.7,468,0.9189522342064714,32.1633,32.2552,31.7957,32.5769
2020-06-04,603553,21075112,35.4,35.75,34.6,34.7,-0.4,375,0.9189522342064714,32.5309,31.8876,31.7957,32.8525
2020-06-05,873263,31075117,35.1,36.0,34.7,35.5,0.8,584,0.9189522342064714,32.2552,32.6228,31.8876,33.0823
2020-06-08,654223,23132629,36.0,36.0,34.9,35.15,-0.35,417,0.9189522342064714,33.0823,32.3012,32.0714,33.0823
2020-06-09,512139,17832981,35.2,35.25,34.1,34.8,-0.35,321,0.9189522342064714,32.3471,31.9795,31.3363,32.3931
2020-06-10,442036,15192636,34.8,34.9,34.1,34.4,-0.4,303,0.9189522342064714,31.9795,31.612,31.3363,32.0714
2020-06-11,791343,26504145,34.35,34.35,32.9,32.95,-1.45,541,0.9189522342064714,31.566,30.2795,30.2335,31.566
2020-06-12,580648,18480448,31.15,32.4,31.1,32.0,-0.95,374,0.9189522342064714,28.6254,29.4065,28.5794,29.7741
2020-06-15,292320,9452452,32.4,32.85,32.0,32.2,0.2,212,0.9189522342064714,29.7741,29.5903,29.4065,30.1876
2020-06-16,265999,8688465,32.5,32.95,32.5,32.5,0.3,183,0.9189522342064714,29.8659,29.8659,29.8659,30.2795
2020-06-17,2671765,93937351,32.9,35.75,32.75,35.75,3.25,1602,0.9189522342064714,30.2335,32.8525,30.0957,32.8525
2020-06-18,2901071,102455985,36.3,36.65,34.4,35.0,-0.75,1978,0.9189522342064714,33.358,32.1633,31.612,33.6796
2020-06-19,749107,26002402,35.25,35.45,34.05,34.05,-0.95,531,0.9189522342064714,32.3931,31.2903,31.2903,32.5769
2020-06-22,929994,32328840,33.9,35.4,33.9,34.35,0.3,618,0.9189522342064714,31.1525,31.566,31.1525,32.5309
2020-06-23,400703,13691202,34.65,34.85,33.95,34.05,-0.3,289,0.9189522342064714,31.8417,31.2903,31.1984,32.0255
2020-06-24,475376,15991592,34.05,34.2,33.4,33.5,-0.55,328,0.9189522342064714,31.2903,30.7849,30.693,31.4282
2020-06-29,524722,17568816,33.3,34.0,33.1,33.5,0.0,237,0.9189522342064714,30.6011,30.7849,30.4173,31.2444
2020-06-30,854175,29449425,34.4,35.0,33.6,35.0,1.5,509,0.9189522342064714,31.612,32.1633,30.8768,32.1633
2020-07-01,774816,27056831,35.05,35.3,34.6,34.7,-0.3,435,0.9189522342064714,32.2093,31.8876,31.7957,32.439
2020-07-02,2772123,97795151,35.5,36.3,34.4,34.55,-0.15,1457,0.9189522342064714,32.6228,31.7498,31.612,33.358
2020-07-03,485332,16644944,35.05,35.05,34.1,34.25,-0.3,352,0.9189522342064714,32.2093,31.4741,31.3363,32.2093
2020-07-06,561913,19272680,34.1,34.6,34.1,34.25,0.0,363,0.9189522342064714,31.3363,31.4741,31.3363,31.7957
2020-07-07,818700,28352938,34.65,35.6,34.05,34.2,-0.05,515,0.9189522342064714,31.8417,31.4282,31.2903,32.7147
2020-07-08,533010,18178125,34.2,34.45,33.8,33.85,-0.35,361,0.9189522342064714,31.4282,31.1065,31.0606,31.6579
2020-07-09,594846,20091794,33.85,34.2,33.55,33.65,-0.2,379,0.9189522342064714,31.1065,30.9227,30.8308,31.4282
2020-07-10,649645,21485690,33.8,33.9,32.7,32.95,-0.7,409,0.9189522342064714,31.0606,30.2795,30.0497,31.1525
2020-07-13,498278,16802462,33.0,34.3,33.0,33.7,0.75,350,0.9189522342064714,30.3254,30.9687,30.3254,31.5201
2020-07-14,316508,10516384,33.6,33.7,33.0,33.1,-0.6,245,0.9189522342064714,30.8768,30.4173,30.3254,30.9687
2020-07-15,264867,8790492,33.55,33.7,32.95,33.15,0.05,226,0.9189522342064714,30.8308,30.4633,30.2795,30.9687
2020-07-16,798554,27100874,33.15,34.6,33.15,33.35,0.2,474,0.9189522342064714,30.4633,30.6471,30.4633,31.7957
2020-07-17,442007,14632874,33.6,33.6,32.85,32.85,-0.5,310,0.9189522342064714,30.8768,30.1876,30.1876,30.8768
2020-07-20,326811,10531381,32.9,32.9,32.05,32.2,-0.65,235,0.9189522342064714,30.2335,29.5903,29.4524,30.2335
2020-07-21,264245,8558307,32.35,32.7,32.2,32.2,0.0,207,0.9189522342064714,29.7281,29.5903,29.5903,30.0497
2020-07-22,258629,8355301,32.25,32.5,32.2,32.25,0.05,160,0.9189522342064714,29.6362,29.6362,29.5903,29.8659
2020-07-23,374211,11934573,32.25,32.25,31.6,31.8,-0.45,262,0.9189522342064714,29.6362,29.2227,29.0389,29.6362
2020-07-24,331150,10528888,31.8,32.15,31.55,31.6,-0.2,228,0.9189522342064714,29.2227,29.0389,28.9929,29.5443
2020-07-27,674944,20742154,31.55,31.75,30.0,30.1,-1.5,429,0.9189522342064714,28.9929,27.6605,27.5686,29.1767
2020-07-28,398063,11985573,30.1,30.9,29.8,29.85,-0.25,286,0.9189522342064714,27.6605,27.4307,27.3848,28.3956
2020-07-29,257345,7860014,29.8,30.8,29.8,30.55,0.7,144,0.9189522342064714,27.3848,28.074,27.3848,28.3037
2020-07-30,272844,8474935,30.55,31.6,30.55,31.3,0.75,215,0.9189522342064714,28.074,28.7632,28.074,29.0389
2020-07-31,133570,4163757,31.35,31.35,31.0,31.25,-0.05,102,0.9189522342064714,28.8092,28.7173,28.4875,28.8092
2020-08-03,233145,7163297,31.0,31.0,30.6,30.7,-0.55,189,0.9189522342064714,28.4875,28.2118,28.1199,28.4875
2020-08-04,128492,3983976,31.0,31.2,30.8,31.2,0.5,91,0.9189522342064714,28.4875,28.6713,28.3037,28.6713
2020-08-05,122885,3846157,31.2,31.6,31.2,31.2,0.0,113,0.9189522342064714,28.6713,28.6713,28.6713,29.0389
2020-08-06,375923,11747568,31.45,31.75,30.9,30.95,-0.25,262,0.9189522342064714,28.901,28.4416,28.3956,29.1767
2020-08-07,187135,5751633,31.1,31.2,30.6,30.6,-0.35,143,0.9189522342064714,28.5794,28.1199,28.1199,28.6713
2020-08-10,496573,15572636,30.7,31.6,30.7,31.6,1.0,304,0.9189522342064714,28.2118,29.0389,28.2118,29.0389
2020-08-11,524188,16891082,32.05,32.6,31.7,32.05,0.45,354,0.9189522342064714,29.4524,29.4524,29.1308,29.9578
2020-08-12,232914,7364350,32.05,32.05,31.3,31.35,-0.7,175,0.9189522342064714,29.4524,28.8092,28.7632,29.4524
2020-08-13,103644,3234224,31.35,31.65,31.05,31.2,-0.15,88,0.9189522342064714,28.8092,28.6713,28.5335,29.0848
2020-08-14,114782,3598080,31.2,31.6,31.0,31.5,0.3,97,0.9189522342064714,28.6713,28.947,28.4875,29.0389
2020-08-17,1641258,55290891,31.65,34.4,31.65,33.5,2.0,985,0.9189522342064714,29.0848,30.7849,29.0848,31.612
2020-08-18,540684,18128959,33.1,33.8,33.1,33.55,0.05,327,0.9189522342064714,30.4173,30.8308,30.4173,31.0606
2020-08-19,386364,12712377,33.5,33.55,32.3,32.5,-1.05,268,0.9189522342064714,30.7849,29.8659,29.6822,30.8308
2020-08-20,818942,25628935,32.5,32.55,30.75,31.05,-1.45,440,0.9189522342064714,29.8659,28.5335,28.2578,29.9119
2020-08-21,512853,16240021,31.2,32.05,31.2,31.95,0.9,339,0.9189522342064714,28.6713,29.3605,28.6713,29.4524
2020-08-24,985864,32173778,32.0,33.3,31.75,32.45,0.5,592,0.9189522342064714,29.4065,29.82,29.1767,30.6011
2020-08-25,628233,19246241,30.15,31.3,30.0,30.75,0.0,467,1.0,30.15,30.75,30.0,31.3
2020-08-26,209557,6450677,30.8,31.0,30.3,30.7,-0.05,161,1.0,30.8,30.7,30.3,31.0
2020-08-27,176657,5451298,31.95,31.95,30.55,30.75,0.05,137,1.0,31.95,30.75,30.55,31.95
2020-08-28,201156,6190836,30.75,31.0,30.55,30.95,0.2,138,1.0,30.75,30.95,30.55,31.0
2020-08-31,222016,6916737,31.8,31.8,30.95,31.05,0.1,142,1.0,31.8,31.05,30.95,31.8
2020-09-01,161013,4970674,31.05,31.05,30.7,30.8,-0.25,101,1.0,31.05,30.8,30.7,31.05
2020-09-02,212416,6513324,30.8,31.2,30.5,30.5,-0.3,137,1.0,30.8,30.5,30.5,31.2
2020-09-03,163730,5026965,31.05,31.05,30.5,30.65,0.15,123,1.0,31.05,30.65,30.5,31.05
2020-09-04,242873,7422360,30.0,31.0,30.0,31.0,0.35,154,1.0,30.0,31.0,30.0,31.0
2020-09-07,233520,7174858,31.5,31.5,30.5,30.5,-0.5,158,1.0,31.5,30.5,30.5,31.5
2020-09-08,112979,3444858,30.9,30.9,30.35,30.5,0.0,79,1.0,30.9,30.5,30.35,30.9
2020-09-09,204623,6223953,30.3,30.9,30.1,30.75,0.25,115,1.0,30.3,30.75,30.1,30.9
2020-09-10,140490,4288418,30.9,30.9,30.35,30.35,-0.4,123,1.0,30.9,30.35,30.35,30.9
2020-09-11,231775,6978631,30.3,30.4,30.0,30.05,-0.3,153,1.0,30.3,30.05,30.0,30.4
2020-09-14,254773,7659994,30.05,30.4,29.9,30.05,0.0,152,1.0,30.05,30.05,29.9,30.4
2020-09-15,152648,4580464,30.05,30.25,29.95,29.95,-0.1,112,1.0,30.05,29.95,29.95,30.25
2020-09-16,301950,9047800,30.35,30.35,29.8,29.9,-0.05,205,1.0,30.35,29.9,29.8,30.35
2020-09-17,88521,2655625,29.9,30.2,29.9,29.95,0.05,92,1.0,29.9,29.95,29.9,30.2
2020-09-18,243648,7345547,29.9,30.7,29.85,30.1,0.15,170,1.0,29.9,30.1,29.85,30.7
2020-09-21,283003,8492390,29.95,30.3,29.85,30.0,-0.1,219,1.0,29.95,30.0,29.85,30.3
2020-09-22,165088,4911564,29.95,29.95,29.65,29.7,-0.3,130,1.0,29.95,29.7,29.65,29.95
2020-09-23,378160,11153417,30.2,30.25,29.3,29.5,-0.2,226,1.0,30.2,29.5,29.3,30.25
2020-09-24,1463032,40122034,29.45,29.45,26.6,26.9,-2.6,790,1.0,29.45,26.9,26.6,29.45
2020-09-25,549530,14841137,27.1,27.5,26.55,27.4,0.5,376,1.0,27.1,27.4,26.55,27.5
2020-09-28,193050,5268973,27.5,27.6,26.8,27.35,-0.05,156,1.0,27.5,27.35,26.8,27.6
2020-09-29,138923,3780190,27.35,27.6,27.05,27.15,-0.2,124,1.0,27.35,27.15,27.05,27.6
2020-09-30,67887,1849097,27.05,27.35,27.05,27.2,0.05,64,1.0,27.05,27.2,27.05,27.35
2020-10-05,178220,4937292,27.2,28.15,27.2,27.7,0.5,233,1.0,27.2,27.7,27.2,28.15
2020-10-06,141941,3950474,28.1,28.1,27.7,27.7,0.0,163,1.0,28.1,27.7,27.7,28.1
2020-10-07,111194,3086042,27.8,28.0,27.35,27.9,0.2,119,1.0,27.8,27.9,27.35,28.0
2020-10-08,184895,5187910,27.9,28.8,27.6,27.75,-0.15,158,1.0,27.9,27.75,27.6,28.8
2020-10-12,222785,6126077,27.5,27.8,27.3,27.3,-0.45,181,1.0,27.5,27.3,27.3,27.8
2020-10-13,119501,3248864,27.25,27.3,27.05,27.15,-0.15,112,1.0,27.25,27.15,27.05,27.3
2020-10-14,357946,9674570,27.1,27.25,27.0,27.0,-0.15,144,1.0,27.1,27.0,27.0,27.25
2020-10-15,431864,12115625,27.5,28.8,27.25,28.35,1.35,350,1.0,27.5,28.35,27.25,28.8
2020-10-16,196840,5485681,28.3,28.4,27.55,27.55,-0.8,192,1.0,28.3,27.55,27.55,28.4
2020-10-19,223218,6104812,27.4,27.6,27.15,27.3,-0.25,176,1.0,27.4,27.3,27.15,27.6
2020-10-20,278208,7766243,27.4,28.25,27.3,28.1,0.8,216,1.0,27.4,28.1,27.3,28.25
2020-10-21,160765,4497720,28.1,28.2,27.75,28.0,-0.1,138,1.0,28.1,28.0,27.75,28.2
2020-10-22,173739,4797728,28.0,28.15,27.3,27.3,-0.7,138,1.0,28.0,27.3,27.3,28.15
2020-10-23,73046,2008803,27.35,27.75,27.3,27.5,0.2,76,1.0,27.35,27.5,27.3,27.75
2020-10-26,60280,1652931,27.5,27.5,27.3,27.3,-0.2,90,1.0,27.5,27.3,27.3,27.5
2020-10-27,117549,3215426,27.25,27.75,27.2,27.55,0.25,91,1.0,27.25,27.55,27.2,27.75
2020-10-28,63400,1737933,27.6,27.65,27.2,27.2,-0.35,79,1.0,27.6,27.2,27.2,27.65
2020-10-29,125511,3428030,27.6,27.6,27.2,27.4,0.2,94,1.0,27.6,27.4,27.2,27.6
2020-10-30,179336,4867402,27.35,27.4,26.9,26.9,-0.5,126,1.0,27.35,26.9,26.9,27.4
2020-11-02,151847,4057296,26.95,26.95,26.55,26.65,-0.25,127,1.0,26.95,26.65,26.55,26.95
2020-11-03,79210,2149353,26.7,27.35,26.7,27.15,0.5,87,1.0,26.7,27.15,26.7,27.35
2020-11-04,105873,2893365,27.15,27.65,27.15,27.25,0.1,108,1.0,27.15,27.25,27.15,27.65
2020-11-05,66685,1821577,27.55,27.6,27.2,27.2,-0.05,63,1.0,27.55,27.2,27.2,27.6
2020-11-06,62661,1706008,27.5,27.6,27.05,27.05,-0.15,68,1.0,27.5,27.05,27.05,27.6
2020-11-09,186377,5025778,26.9,27.5,26.8,26.95,-0.1,142,1.0,26.9,26.95,26.8,27.5
2020-11-10,664281,18554641,27.0,28.55,26.9,28.0,1.05,463,1.0,27.0,28.0,26.9,28.55
2020-11-11,312654,8685045,27.6,28.15,27.5,28.0,0.0,232,1.0,27.6,28.0,27.5,28.15
2020-11-12,166443,4661269,28.1,28.4,27.65,27.75,-0.25,137,1.0,28.1,27.75,27.65,28.4
2020-11-13,126818,3540145,27.8,28.0,27.8,28.0,0.25,110,1.0,27.8,28.0,27.8,28.0
2020-11-16,134149,3746221,28.0,28.2,27.75,27.9,-0.1,127,1.0,28.0,27.9,27.75,28.2
2020-11-17,152597,4231726,28.15,28.15,27.6,27.8,-0.1,125,1.0,28.15,27.8,27.6,28.15
2020-11-18,238483,6667074,27.9,28.05,27.7,28.0,0.2,209,1.0,27.9,28.0,27.7,28.05
2020-11-19,254711,7151132,27.9,28.3,27.85,28.05,0.05,167,1.0,27.9,28.05,27.85,28.3
2020-11-20,175151,4899367,27.95,28.1,27.85,28.05,0.0,122,1.0,27.95,28.05,27.85,28.1
2020-11-23,549750,15920899,28.2,29.6,28.2,29.0,0.95,454,1.0,28.2,29.0,28.2,29.6
2020-11-24,501299,14550304,29.1,29.6,28.5,29.15,0.15,374,1.0,29.1,29.15,28.5,29.6
2020-11-25,333854,9837503,29.5,29.9,29.1,29.45,0.3,295,1.0,29.5,29.45,29.1,29.9
2020-11-26,241429,7119693,29.5,29.9,29.35,29.45,0.0,184,1.0,29.5,29.45,29.35,29.9
2020-11-27,385601,11479750,29.45,30.0,29.45,29.95,0.5,297,1.0,29.45,29.95,29.45,30.0
2020-11-30,404252,12142571,29.95,30.3,29.75,29.75,-0.2,262,1.0,29.95,29.75,29.75,30.3
2020-12-01,209516,6145107,29.8,29.9,29.0,29.4,-0.35,180,1.0,29.8,29.4,29.0,29.9
2020-12-02,275542,8018687,29.4,29.4,29.0,29.1,-0.3,183,1.0,29.4,29.1,29.0,29.4
2020-12-03,131958,3828072,28.9,29.25,28.85,29.0,-0.1,117,1.0,28.9,29.0,28.85,29.25
2020-12-04,196661,5717169,29.0,29.4,28.9,28.9,-0.1,171,1.0,29.0,28.9,28.9,29.4
2020-12-07,162256,4676101,28.95,29.15,28.65,28.75,-0.15,151,1.0,28.95,28.75,28.65,29.15
2020-12-08,147169,4243605,28.65,29.0,28.65,28.7,-0.05,118,1.0,28.65,28.7,28.65,29.0
2020-12-09,234360,6742127,28.75,29.0,28.6,28.7,0.0,173,1.0,28.75,28.7,28.6,29.0
2020-12-10,401846,11791976,28.75,30.0,28.7,28.95,0.25,298,1.0,28.75,28.95,28.7,30.0
2020-12-11,363342,10398008,28.85,29.5,28.1,28.45,-0.5,246,1.0,28.85,28.45,28.1,29.5
2020-12-14,134061,3813190,28.35,28.7,28.35,28.45,0.0,99,1.0,28.35,28.45,28.35,28.7
2020-12-15,175873,4972413,28.8,28.8,28.05,28.15,-0.3,157,1.0,28.8,28.15,28.05,28.8
2020-12-16,277045,7940924,28.15,28.85,28.15,28.8,0.65,200,1.0,28.15,28.8,28.15,28.85
2020-12-17,107642,3062475,28.6,28.8,28.25,28.3,-0.5,98,1.0,28.6,28.3,28.25,28.8
2020-12-18,130728,3681765,28.35,28.35,28.05,28.05,-0.25,125,1.0,28.35,28.05,28.05,28.35
2020-12-21,195701,5511088,28.1,28.45,27.95,28.2,0.15,108,1.0,28.1,28.2,27.95,28.45
2020-12-22,261869,7453300,28.2,28.75,28.1,28.15,-0.05,214,1.0,28.2,28.15,28.1,28.75
2020-12-23,243393,6812594,28.25,28.45,27.8,27.85,-0.3,197,1.0,28.25,27.85,27.8,28.45
2020-12-24,473632,13668564,27.9,29.5,27.9,28.75,0.9,393,1.0,27.9,28.75,27.9,29.5
2020-12-25,187222,5359191,28.75,28.8,28.5,28.7,-0.05,140,1.0,28.75,28.7,28.5,28.8
2020-12-28,568733,16729919,28.75,29.95,28.5,29.5,0.8,442,1.0,28.75,29.5,28.5,29.95
2020-12-29,267983,7840852,29.5,29.75,29.05,29.2,-0.3,198,1.0,29.5,29.2,29.05,29.75
2020-12-30,167542,4877553,29.4,29.4,28.95,29.15,-0.05,126,1.0,29.4,29.15,28.95,29.4
2020-12-31,184665,5379005,29.05,29.3,28.9,29.15,0.0,150,1.0,29.05,29.15,28.9,29.3
2021-02-01,88250,2235162,25.55,25.55,25.05,25.4,0.3,70,1.0,25.55,25.4,25.05,25.55
2021-02-02,227253,5734771,25.05,25.5,25.05,25.2,-0.2,154,1.0,25.05,25.2,25.05,25.5
2021-02-03,206135,5274086,25.2,25.8,25.2,25.65,0.45,149,1.0,25.2,25.65,25.2,25.8
2021-02-04,171271,4398797,25.55,25.95,25.55,25.7,0.05,146,1.0,25.55,25.7,25.55,25.95
2021-02-05,118987,3028633,25.75,25.85,25.25,25.6,-0.1,101,1.0,25.75,25.6,25.25,25.85
2021-02-17,235343,5967377,26.0,26.0,25.2,25.35,-0.25,202,1.0,26.0,25.35,25.2,26.0
2021-02-18,268955,6923041,25.4,26.05,25.35,25.65,0.3,185,1.0,25.4,25.65,25.35,26.05
2021-02-19,205024,5258205,25.65,25.85,25.45,25.75,0.1,156,1.0,25.65,25.75,25.45,25.85
2021-02-22,465515,12350795,25.75,26.95,25.75,26.95,1.2,363,1.0,25.75,26.95,25.75,26.95
2021-02-23,530225,14351142,27.2,27.45,26.7,27.2,0.25,387,1.0,27.2,27.2,26.7,27.45
2021-02-24,836842,23346734,27.3,28.6,27.3,27.7,0.5,553,1.0,27.3,27.7,27.3,28.6
2021-02-25,267749,7343495,27.8,28.1,27.1,27.25,-0.45,222,1.0,27.8,27.25,27.1,28.1
2021-02-26,329205,8770454,27.0,27.0,26.35,26.85,-0.4,283,1.0,27.0,26.85,26.35,27.0
2021-03-02,270252,7179328,26.95,27.2,26.2,26.25,-0.6,205,1.0,26.95,26.25,26.2,27.2
2021-03-03,200804,5331810,26.65,26.8,26.25,26.65,0.4,153,1.0,26.65,26.65,26.25,26.8
2021-03-04,239689,6292244,26.65,26.8,26.0,26.3,-0.35,191,1.0,26.65,26.3,26.0,26.8
2021-03-05,113398,2994849,26.3,26.6,26.2,26.4,0.1,103,1.0,26.3,26.4,26.2,26.6
2021-03-08,181021,4769777,26.5,26.8,26.1,26.4,0.0,154,1.0,26.5,26.4,26.1,26.8
2021-03-09,222444,5846779,26.7,26.7,26.05,26.25,-0.15,174,1.0,26.7,26.25,26.05,26.7
2021-03-10,133607,3521919,26.35,26.5,26.15,26.45,0.2,108,1.0,26.35,26.45,26.15,26.5
2021-03-11,316019,8468084,26.45,27.1,26.2,26.85,0.4,238,1.0,26.45,26.85,26.2,27.1
2021-03-12,121995,3264352,27.0,27.0,26.55,26.75,-0.1,103,1.0,27.0,26.75,26.55,27.0
2021-03-15,134939,3595902,26.75,26.8,26.55,26.65,-0.1,110,1.0,26.75,26.65,26.55,26.8
2021-03-16,323769,8804938,26.65,27.4,26.65,27.3,0.65,249,1.0,26.65,27.3,26.65,27.4
2021-03-17,185450,5028916,27.3,27.35,27.0,27.1,-0.2,131,1.0,27.3,27.1,27.0,27.35
2021-03-18,177476,4787630,27.0,27.15,26.8,26.9,-0.2,125,1.0,27.0,26.9,26.8,27.15
2021-03-19,215566,5736500,26.9,27.0,26.45,26.5,-0.4,190,1.0,26.9,26.5,26.45,27.0
2021-03-22,221176,5814261,26.45,26.55,26.15,26.35,-0.15,172,1.0,26.45,26.35,26.15,26.55
2021-03-23,349554,9089165,26.3,26.3,25.8,25.95,-0.4,263,1.0,26.3,25.95,25.8,26.3
2021-03-24,222424,5782411,25.8,26.2,25.8,26.0,0.05,147,1.0,25.8,26.0,25.8,26.2
2021-03-25,217212,5671977,26.1,26.35,25.85,26.0,0.0,157,1.0,26.1,26.0,25.85,26.35
2021-03-26,304422,7997320,26.1,26.5,25.95,26.4,0.4,223,1.0,26.1,26.4,25.95,26.5
2021-03-29,438676,11551474,26.4,26.55,26.05,26.1,-0.3,302,1.0,26.4,26.1,26.05,26.55
2021-03-30,287224,7466507,26.1,26.25,25.9,26.0,-0.1,214,1.0,26.1,26.0,25.9,26.25
2021-03-31,541098,13960028,26.15,26.15,25.65,25.75,-0.25,372,1.0,26.15,25.75,25.65,26.15
2021-04-01,296941,7630506,25.8,25.95,25.6,25.65,-0.1,248,1.0,25.8,25.65,25.6,25.95
2021-04-06,566236,14360724,25.95,25.95,25.2,25.35,-0.3,381,1.0,25.95,25.35,25.2,25.95
2021-04-07,314670,7957275,25.5,25.6,25.2,25.25,-0.1,261,1.0,25.5,25.25,25.2,25.6
2021-04-08,462374,11784461,25.25,25.8,25.15,25.6,0.35,320,1.0,25.25,25.6,25.15,25.8
2021-04-09,363968,9320393,25.7,26.0,25.35,25.45,-0.15,256,1.0,25.7,25.45,25.35,26.0
2021-04-12,420598,10618150,25.45,25.45,25.15,25.25,-0.2,299,1.0,25.45,25.25,25.15,25.45
2021-04-13,714857,18326227,25.25,25.9,25.25,25.3,0.05,468,1.0,25.25,25.3,25.25,25.9
2021-04-14,431832,10911450,25.35,25.65,25.05,25.4,0.1,298,1.0,25.35,25.4,25.05,25.65
2021-04-15,1379521,36203499,25.4,26.95,25.4,26.7,1.3,882,1.0,25.4,26.7,25.4,26.95
2021-04-16,746879,20025234,26.75,27.0,26.35,26.95,0.25,516,1.0,26.75,26.95,26.35,27.0
2021-04-19,2371165,67203710,26.65,29.45,26.65,29.15,2.2,1483,1.0,26.65,29.15,26.65,29.45
2021-04-20,1150468,32612109,28.95,28.95,28.0,28.1,-1.05,773,1.0,28.95,28.1,28.0,28.95
2021-04-21,841894,23946924,28.1,29.0,27.7,28.4,0.3,543,1.0,28.1,28.4,27.7,29.0
2021-04-22,1190017,33624679,28.6,29.0,27.4,27.5,-0.9,666,1.0,28.6,27.5,27.4,29.0
2021-04-23,569876,15935963,27.15,28.4,27.15,27.85,0.35,395,1.0,27.15,27.85,27.15,28.4
2021-04-26,358794,10024613,28.0,28.3,27.65,27.8,-0.05,226,1.0,28.0,27.8,27.65,28.3
2021-04-27,375547,10374741,27.8,27.85,27.4,27.6,-0.2,269,1.0,27.8,27.6,27.4,27.85
2021-04-28,310592,8578580,27.95,28.05,27.4,27.65,0.05,185,1.0,27.95,27.65,27.4,28.05
2021-04-29,1254637,35789509,28.0,29.2,27.7,27.85,0.2,821,1.0,28.0,27.85,27.7,29.2
2021-05-03,612320,16856856,28.2,28.2,27.25,27.35,-0.5,369,1.0,28.2,27.35,27.25,28.2
2021-05-04,1529446,42238952,27.7,28.95,26.1,26.9,-0.45,987,1.0,27.7,26.9,26.1,28.95
2021-05-05,1024753,28528812,27.35,28.45,26.75,28.35,1.45,630,1.0,27.35,28.35,26.75,28.45
2021-05-06,1426755,40768108,29.0,29.15,27.85,28.4,0.05,785,1.0,29.0,28.4,27.85,29.15
2021-05-07,1129993,32601531,29.1,29.3,28.45,28.8,0.4,567,1.0,29.1,28.8,28.45,29.3
2021-05-10,5816932,181918755,29.2,31.65,29.0,31.45,2.65,3163,1.0,29.2,31.45,29.0,31.65
2021-05-11,4445761,132456638,30.5,31.0,28.35,28.7,-2.75,2707,1.0,30.5,28.7,28.35,31.0
2021-05-12,2501451,67190793,28.8,29.35,25.85,25.85,-2.85,1530,1.0,28.8,25.85,25.85,29.35
2021-05-13,1551881,38485795,25.65,25.8,24.25,24.6,-1.25,927,1.0,25.65,24.6,24.25,25.8
2021-05-14,1265228,30732087,25.05,25.6,23.8,24.0,-0.6,738,1.0,25.05,24.0,23.8,25.6
2021-05-17,1529826,33816761,22.15,23.1,21.6,21.8,-2.2,788,1.0,22.15,21.8,21.6,23.1
2021-05-18,467424,10762974,21.8,23.5,21.8,23.15,1.35,316,1.0,21.8,23.15,21.8,23.5
2021-05-19,257513,5954417,23.2,23.7,22.8,23.0,-0.15,182,1.0,23.2,23.0,22.8,23.7
2021-05-20,327727,7628137,23.1,23.55,23.0,23.15,0.15,188,1.0,23.1,23.15,23.0,23.55
2021-05-21,939308,22745034,23.65,24.95,23.55,24.65,1.5,489,1.0,23.65,24.65,23.55,24.95
2021-05-24,803944,19230782,24.05,25.45,24.05,24.6,-0.05,339,1.0,24.05,24.6,24.05,25.45
2021-05-25,579879,14196362,24.75,25.25,24.05,24.1,-0.5,347,1.0,24.75,24.1,24.05,25.25
2021-05-26,254658,6173754,24.5,24.5,24.1,24.3,0.2,151,1.0,24.5,24.3,24.1,24.5
2021-05-27,290724,7009189,24.3,24.4,23.9,24.35,0.05,178,1.0,24.3,24.35,23.9,24.4
2021-05-28,459907,11426018,24.5,25.3,24.3,24.65,0.3,268,1.0,24.5,24.65,24.3,25.3
2021-05-31,283433,6996109,24.8,25.0,24.4,24.5,-0.15,144,1.0,24.8,24.5,24.4,25.0
2021-06-01,362255,9095643,24.4,25.5,24.4,25.3,0.8,283,1.0,24.4,25.3,24.4,25.5
2021-06-02,333867,8277180,25.3,25.3,24.5,24.6,-0.7,203,1.0,25.3,24.6,24.5,25.3
2021-06-03,566155,14359449,24.75,25.9,24.6,25.3,0.7,306,1.0,24.75,25.3,24.6,25.9
2021-06-04,319985,8030865,25.3,25.8,24.8,24.9,-0.4,188,1.0,25.3,24.9,24.8,25.8
2021-06-07,224690,5537049,25.4,25.4,24.25,24.55,-0.35,166,1.0,25.4,24.55,24.25,25.4
2021-06-08,92032,2271593,24.8,24.8,24.5,24.6,0.05,82,1.0,24.8,24.6,24.5,24.8
2021-06-09,220212,5360334,24.5,24.5,24.2,24.4,-0.2,153,1.0,24.5,24.4,24.2,24.5
2021-06-10,169342,4099937,24.55,24.55,24.1,24.15,-0.25,105,1.0,24.55,24.15,24.1,24.55
2021-06-11,125369,3034380,24.15,24.5,24.1,24.15,0.0,91,1.0,24.15,24.15,24.1,24.5
2021-06-15,118907,2865278,24.2,24.2,24.0,24.15,0.0,97,1.0,24.2,24.15,24.0,24.2
2021-06-16,139533,3361181,24.35,24.35,24.0,24.0,-0.15,112,1.0,24.35,24.0,24.0,24.35
2021-06-17,109991,2646135,24.0,24.25,24.0,24.0,0.0,104,1.0,24.0,24.0,24.0,24.25
2021-06-18,206748,4971196,24.1,24.15,24.0,24.0,0.0,150,1.0,24.1,24.0,24.0,24.15
2021-06-21,175941,4183917,24.0,24.0,23.65,23.7,-0.3,152,1.0,24.0,23.7,23.65,24.0
2021-06-22,246282,5877403,24.0,24.3,23.7,23.75,0.05,178,1.0,24.0,23.75,23.7,24.3
2021-06-23,170649,4081024,24.2,24.2,23.75,24.05,0.3,143,1.0,24.2,24.05,23.75,24.2
2021-06-24,245133,5987940,24.3,24.8,24.1,24.3,0.25,176,1.0,24.3,24.3,24.1,24.8
2021-06-25,209559,5125251,24.6,24.8,24.25,24.3,0.0,165,1.0,24.6,24.3,24.25,24.8
2021-06-28,142142,3454446,24.55,24.55,24.15,24.3,0.0,102,1.0,24.55,24.3,24.15,24.55
2021-06-29,256021,6159665,24.3,24.5,23.9,23.9,-0.4,205,1.0,24.3,23.9,23.9,24.5
2021-06-30,451798,10933355,24.4,24.5,23.95,24.5,0.6,284,1.0,24.4,24.5,23.95,24.5
2021-07-01,388303,9376574,24.5,24.55,23.9,24.05,-0.45,273,1.0,24.5,24.05,23.9,24.55
2021-07-02,491655,11960446,24.35,24.8,23.95,24.15,0.1,333,1.0,24.35,24.15,23.95,24.8
2021-07-05,371877,8902676,24.35,24.35,23.75,23.95,-0.2,263,1.0,24.35,23.95,23.75,24.35
2021-07-06,460653,11037543,24.3,24.3,23.8,24.1,0.15,200,1.0,24.3,24.1,23.8,24.3
2021-07-07,311921,7451665,24.25,24.25,23.75,23.75,-0.35,212,1.0,24.25,23.75,23.75,24.25
2021-07-08,108361,2589191,23.85,24.0,23.75,23.8,0.05,101,1.0,23.85,23.8,23.75,24.0
2021-07-09,253530,5990612,23.8,23.8,23.5,23.5,-0.3,209,1.0,23.8,23.5,23.5,23.8
2021-07-12,483457,11174164,23.5,23.5,23.0,23.0,-0.5,338,1.0,23.5,23.0,23.0,23.5
2021-07-13,562025,12724315,23.0,23.05,22.5,22.5,-0.5,335,1.0,23.0,22.5,22.5,23.05
2021-07-14,498493,11018812,22.5,22.6,22.0,22.3,-0.2,351,1.0,22.5,22.3,22.0,22.6
2021-07-15,234125,5299984,22.4,23.0,22.35,22.8,0.5,186,1.0,22.4,22.8,22.35,23.0
2021-07-16,159528,3684216,23.0,23.2,22.95,23.2,0.4,127,1.0,23.0,23.2,22.95,23.2
2021-07-19,128340,2948072,23.2,23.2,22.85,23.0,-0.2,105,1.0,23.2,23.0,22.85,23.2
2021-07-20,181847,4162004,23.15,23.15,22.7,22.8,-0.2,106,1.0,23.15,22.8,22.7,23.15
2021-07-21,213528,4795307,22.8,22.8,22.2,22.25,-0.55,151,1.0,22.8,22.25,22.2,22.8
2021-07-22,191969,4370116,22.75,22.95,22.4,22.8,0.55,173,1.0,22.75,22.8,22.4,22.95
2021-07-23,386052,9053865,22.9,23.7,22.9,23.65,0.85,259,1.0,22.9,23.65,22.9,23.7
2021-07-26,318928,7537380,23.8,24.15,23.2,23.25,-0.4,210,1.0,23.8,23.25,23.2,24.15
2021-07-27,151690,3499599,23.25,23.35,22.95,23.0,-0.25,101,1.0,23.25,23.0,22.95,23.35
2021-07-28,144188,3279513,23.3,23.3,22.55,22.8,-0.2,101,1.0,23.3,22.8,22.55,23.3
2021-07-29,123673,2843462,22.75,23.2,22.75,22.9,0.1,86,1.0,22.75,22.9,22.75,23.2
2021-07-30,189479,4268495,22.75,22.85,22.35,22.35,-0.55,160,1.0,22.75,22.35,22.35,22.85
2021-08-02,202125,4481888,22.7,22.7,21.95,22.3,-0.05,184,1.0,22.7,22.3,21.95,22.7
2021-08-03,78802,1754825,22.3,22.45,22.2,22.35,0.05,89,1.0,22.3,22.35,22.2,22.45
2021-08-04,74444,1669245,22.35,22.5,22.3,22.3,-0.05,85,1.0,22.35,22.3,22.3,22.5
2021-08-05,132667,2947197,22.35,22.35,22.1,22.2,-0.1,103,1.0,22.35,22.2,22.1,22.35
2021-08-06,188787,4168022,22.2,22.3,22.0,22.2,0.0,133,1.0,22.2,22.2,22.0,22.3
2021-08-09,128536,2860466,22.15,22.7,22.0,22.1,-0.1,88,1.0,22.15,22.1,22.0,22.7
2021-08-10,153190,3379736,22.25,22.25,22.0,22.1,0.0,119,1.0,22.25,22.1,22.0,22.25
2021-08-11,575062,12215270,22.0,22.0,20.75,21.0,-1.1,380,1.0,22.0,21.0,20.75,22.0
2021-08-12,394829,8318625,21.0,21.25,20.85,21.0,0.0,202,1.0,21.0,21.0,20.85,21.25
2021-08-13,313013,6504167,21.0,21.25,20.55,20.65,-0.35,228,1.0,21.0,20.65,20.55,21.25
2021-08-16,967627,19003667,21.2,21.2,19.3,19.3,-1.35,581,1.0,21.2,19.3,19.3,21.2
2021-08-17,358258,7065802,19.45,20.05,19.45,19.95,0.65,230,1.0,19.45,19.95,19.45,20.05
2021-08-18,226895,4476514,19.65,19.95,19.4,19.9,-0.05,155,1.0,19.65,19.9,19.4,19.95
2021-08-19,257654,5001164,19.9,19.9,19.3,19.3,-0.6,179,1.0,19.9,19.3,19.3,19.9
2021-08-20,333384,6294379,19.6,19.6,18.7,18.85,-0.45,245,1.0,19.6,18.85,18.7,19.6
2021-08-23,127064,2418305,18.95,19.15,18.95,19.0,0.15,109,1.0,18.95,19.0,18.95,19.15
2021-08-24,95612,1813954,19.05,19.2,18.85,19.0,0.0,89,1.0,19.05,19.0,18.85,19.2
2021-08-25,163374,3130063,19.0,19.3,19.0,19.2,0.2,124,1.0,19.0,19.2,19.0,19.3
2021-08-26,101313,1931212,19.2,19.25,18.95,19.1,-0.1,85,1.0,19.2,19.1,18.95,19.25
2021-08-27,155416,2976644,18.95,19.35,18.95,19.2,0.1,102,1.0,18.95,19.2,18.95,19.35
2021-08-30,225029,4392776,19.25,19.9,19.2,19.75,0.55,127,1.0,19.25,19.75,19.2,19.9
2021-08-31,85128,1669139,19.75,19.75,19.5,19.75,0.0,79,1.0,19.75,19.75,19.5,19.75
2021-09-01,96884,1918653,19.75,19.85,19.7,19.85,0.1,70,1.0,19.75,19.85,19.7,19.85
2021-09-02,57405,1122414,19.85,19.85,19.35,19.55,-0.3,64,1.0,19.85,19.55,19.35,19.85
2021-09-03,78935,1542661,19.7,19.7,19.5,19.6,0.05,64,1.0,19.7,19.6,19.5,19.7
2021-09-06,83802,1609595,19.65,19.65,19.1,19.1,-0.5,87,1.0,19.65,19.1,19.1,19.65
2021-09-07,132247,2510735,19.1,19.2,18.85,18.9,-0.2,97,1.0,19.1,18.9,18.85,19.2
2021-09-08,139917,2621537,18.9,18.9,18.6,18.8,-0.1,138,1.0,18.9,18.8,18.6,18.9
2021-09-09,89515,1680474,18.6,19.0,18.55,18.85,0.05,71,1.0,18.6,18.85,18.55,19.0
2021-09-10,60652,1142297,18.85,18.9,18.8,18.8,-0.05,48,1.0,18.85,18.8,18.8,18.9
2021-09-13,344238,6278980,18.7,18.7,17.9,18.25,-0.55,211,1.0,18.7,18.25,17.9,18.7
2021-09-14,140930,2572716,18.35,18.4,18.1,18.4,0.15,91,1.0,18.35,18.4,18.1,18.4
2021-09-15,103036,1882959,18.35,18.35,18.2,18.25,-0.15,94,1.0,18.35,18.25,18.2,18.35
2021-09-16,176304,3199215,18.3,18.6,18.0,18.3,0.05,109,1.0,18.3,18.3,18.0,18.6
2021-09-17,166778,3026379,18.3,18.3,18.05,18.05,-0.25,100,1.0,18.3,18.05,18.05,18.3
2021-09-22,248244,4415602,18.05,18.05,17.55,17.75,-0.3,145,1.0,18.05,17.75,17.55,18.05
2021-09-23,137815,2444870,17.75,18.0,17.55,17.7,-0.05,110,1.0,17.75,17.7,17.55,18.0
2021-09-24,211820,3749128,17.75,18.0,17.5,17.65,-0.05,145,1.0,17.75,17.65,17.5,18.0
2021-09-27,209018,3772846,17.6,18.5,17.55,18.2,0.55,144,1.0,17.6,18.2,17.55,18.5
2021-09-28,153056,2747437,18.25,18.25,17.9,17.95,-0.25,85,1.0,18.25,17.95,17.9,18.25
2021-09-29,117672,2099666,17.9,18.15,17.6,17.9,-0.05,87,1.0,17.9,17.9,17.6,18.15
2021-09-30,412126,7694200,18.0,19.1,18.0,18.65,0.75,343,1.0,18.0,18.65,18.0,19.1
2021-10-01,266753,4892308,18.65,18.65,18.05,18.1,-0.55,183,1.0,18.65,18.1,18.05,18.65
2021-10-04,152179,2761105,18.25,18.5,18.0,18.1,0.0,121,1.0,18.25,18.1,18.0,18.5
2021-10-05,71016,1279666,17.6,18.1,17.6,18.0,-0.1,67,1.0,17.6,18.0,17.6,18.1
2021-10-06,253832,4569934,18.2,18.25,17.8,17.8,-0.2,135,1.0,18.2,17.8,17.8,18.25
2021-10-07,250895,4592391,18.2,18.75,18.15,18.25,0.45,166,1.0,18.2,18.25,18.15,18.75
2021-10-08,92171,1678709,18.35,18.45,18.1,18.15,-0.1,77,1.0,18.35,18.15,18.1,18.45
2021-10-12,135008,2414516,18.0,18.3,17.75,18.2,0.05,120,1.0,18.0,18.2,17.75,18.3
2021-10-13,111052,1990120,18.2,18.2,17.75,18.1,-0.1,91,1.0,18.2,18.1,17.75,18.2
2021-10-14,57986,1048145,18.15,18.2,17.9,18.2,0.1,40,1.0,18.15,18.2,17.9,18.2
2021-10-15,83899,1517130,17.95,18.2,17.95,18.2,0.0,69,1.0,17.95,18.2,17.95,18.2
2021-10-18,187244,3441672,18.25,18.7,18.0,18.55,0.35,150,1.0,18.25,18.55,18.0,18.7
2021-10-19,156068,2923023,18.75,18.85,18.55,18.8,0.25,128,1.0,18.75,18.8,18.55,18.85
2021-10-20,1026684,20528684,19.0,20.6,18.85,20.0,1.2,645,1.0,19.0,20.0,18.85,20.6
2021-10-21,420009,8366613,20.2,20.2,19.5,20.05,0.05,239,1.0,20.2,20.05,19.5,20.2
2021-10-22,204291,4064450,20.0,20.25,19.6,19.7,-0.35,137,1.0,20.0,19.7,19.6,20.25
2021-10-25,143393,2782726,19.7,19.7,19.25,19.3,-0.4,112,1.0,19.7,19.3,19.25,19.7
2021-10-26,126474,2498503,19.25,20.05,19.25,19.85,0.55,113,1.0,19.25,19.85,19.25,20.05
2021-10-27,48016,955366,20.1,20.1,19.8,19.9,0.05,55,1.0,20.1,19.9,19.8,20.1
2021-10-28,85821,1689199,19.7,19.85,19.55,19.65,-0.25,75,1.0,19.7,19.65,19.55,19.85
2021-10-29,162849,3183846,19.8,19.8,19.4,19.45,-0.2,117,1.0,19.8,19.45,19.4,19.8
2021-11-01,110895,2158502,19.75,19.75,19.25,19.4,-0.05,83,1.0,19.75,19.4,19.25,19.75
2021-11-02,68240,1318252,19.4,19.45,19.25,19.3,-0.1,59,1.0,19.4,19.3,19.25,19.45
2021-11-03,70985,1363088,19.3,19.3,19.1,19.15,-0.15,60,1.0,19.3,19.15,19.1,19.3
2021-11-04,69126,1342752,19.2,19.6,19.2,19.55,0.4,53,1.0,19.2,19.55,19.2,19.6
2021-11-05,85293,1669773,19.75,19.75,19.5,19.6,0.05,84,1.0,19.75,19.6,19.5,19.75
2021-11-08,62350,1226273,19.7,19.75,19.6,19.6,0.0,56,1.0,19.7,19.6,19.6,19.75
2021-11-09,221236,4381286,19.7,20.1,19.65,19.65,0.05,126,1.0,19.7,19.65,19.65,20.1
2021-11-10,318456,6416054,19.65,20.45,19.65,20.15,0.5,206,1.0,19.65,20.15,19.65,20.45
2021-11-11,200356,3997668,20.2,20.35,19.75,19.9,-0.25,115,1.0,20.2,19.9,19.75,20.35
2021-11-12,149924,2969968,20.3,20.3,19.65,19.65,-0.25,110,1.0,20.3,19.65,19.65,20.3
2021-11-15,176697,3483220,19.6,20.0,19.5,19.55,-0.1,105,1.0,19.6,19.55,19.5,20.0
2021-11-16,159702,3109385,19.65,19.8,19.1,19.45,-0.1,105,1.0,19.65,19.45,19.1,19.8
2021-11-17,63324,1230597,19.3,19.55,19.3,19.4,-0.05,64,1.0,19.3,19.4,19.3,19.55
2021-11-18,321870,6441502,19.65,20.4,19.65,19.75,0.35,234,1.0,19.65,19.75,19.65,20.4
2021-11-19,3196766,68428190,19.8,21.7,19.8,21.7,1.95,1508,1.0,19.8,21.7,19.8,21.7
2021-11-22,3668901,84858614,21.6,23.85,21.2,23.75,2.05,2011,1.0,21.6,23.75,21.2,23.85
2021-11-23,1709988,40230069,23.5,24.15,22.85,23.35,-0.4,1036,1.0,23.5,23.35,22.85,24.15
2021-11-24,677106,15704773,23.2,23.8,22.9,23.15,-0.2,422,1.0,23.2,23.15,22.9,23.8
2021-11-25,483782,11074456,22.9,23.3,22.6,22.8,-0.35,347,1.0,22.9,22.8,22.6,23.3
2021-11-26,1167061,27478947,22.95,24.05,22.95,23.25,0.45,789,1.0,22.95,23.25,22.95,24.05
2021-11-29,574666,12804638,23.05,23.05,21.8,22.05,-1.2,405,1.0,23.05,22.05,21.8,23.05
2021-11-30,393376,8711035,22.3,22.45,21.95,21.95,-0.1,265,1.0,22.3,21.95,21.95,22.45
2021-12-01,387504,8441786,22.15,22.6,21.5,21.55,-0.4,257,1.0,22.15,21.55,21.5,22.6
2021-12-02,376395,8003104,21.5,21.9,20.95,20.95,-0.6,283,1.0,21.5,20.95,20.95,21.9
2021-12-03,267907,5572839,20.8,21.15,20.6,21.0,0.05,164,1.0,20.8,21.0,20.6,21.15
2021-12-06,128604,2690088,21.2,21.3,20.8,20.9,-0.1,99,1.0,21.2,20.9,20.8,21.3
2021-12-07,572829,12628828,21.0,22.85,21.0,22.7,1.8,438,1.0,21.0,22.7,21.0,22.85
2021-12-08,491792,11055337,22.45,23.0,22.2,22.6,-0.1,316,1.0,22.45,22.6,22.2,23.0
2021-12-09,210857,4705051,22.3,22.6,22.05,22.2,-0.4,167,1.0,22.3,22.2,22.05,22.6
2021-12-10,122609,2706555,21.85,22.2,21.8,22.1,-0.1,101,1.0,21.85,22.1,21.8,22.2
2021-12-13,284083,6381964,22.2,22.75,22.2,22.25,0.15,247,1.0,22.2,22.25,22.2,22.75
2021-12-14,298851,6682433,22.15,22.65,21.95,22.25,0.0,176,1.0,22.15,22.25,21.95,22.65
2021-12-15,204962,4560454,22.15,22.55,22.1,22.2,-0.05,155,1.0,22.15,22.2,22.1,22.55
2021-12-16,86133,1914097,22.4,22.5,22.1,22.15,-0.05,82,1.0,22.4,22.15,22.1,22.5
2021-12-17,459967,10045992,22.1,22.4,21.35,21.35,-0.8,328,1.0,22.1,21.35,21.35,22.4
2021-12-20,129341,2775706,21.45,21.8,21.25,21.5,0.15,105,1.0,21.45,21.5,21.25,21.8
2021-12-21,262430,5624831,21.45,21.5,21.15,21.45,-0.05,132,1.0,21.45,21.45,21.15,21.5
2021-12-22,116048,2482426,21.75,21.8,21.3,21.3,-0.15,131,1.0,21.75,21.3,21.3,21.8
2021-12-23,104637,2246168,21.5,21.6,21.25,21.55,0.25,88,1.0,21.5,21.55,21.25,21.6
2021-12-24,176045,3836066,21.55,22.2,21.5,21.7,0.15,159,1.0,21.55,21.7,21.5,22.2
2021-12-27,1473038,34358763,21.7,23.8,21.7,23.5,1.8,916,1.0,21.7,23.5,21.7,23.8
2021-12-28,566385,13031120,23.5,23.5,22.7,22.7,-0.8,356,1.0,23.5,22.7,22.7,23.5
2021-12-29,542472,12672760,23.0,23.9,22.7,23.15,0.45,397,1.0,23.0,23.15,22.7,23.9
2021-12-30,301481,6939670,23.1,23.3,22.8,23.25,0.1,205,1.0,23.1,23.25,22.8,23.3
2022-01-03,225477,5187678,23.15,23.45,22.85,23.05,-0.2,207,1.0,23.15,23.05,22.85,23.45
2022-01-04,326686,7647768,23.05,23.8,23.05,23.1,0.05,270,1.0,23.05,23.1,23.05,23.8
2022-01-05,1143758,27383717,23.2,24.6,23.15,23.7,0.6,714,1.0,23.2,23.7,23.15,24.6
2022-01-06,261707,6179333,23.7,23.85,23.4,23.75,0.05,256,1.0,23.7,23.75,23.4,23.85
2022-01-07,329811,7644950,23.95,23.95,22.95,23.05,-0.7,259,1.0,23.95,23.05,22.95,23.95
2022-01-10,146945,3391258,23.05,23.45,23.0,23.05,0.0,109,1.0,23.05,23.05,23.0,23.45
2022-01-11,559539,13305434,23.45,24.2,23.25,23.85,0.8,425,1.0,23.45,23.85,23.25,24.2
2022-01-12,428253,10159683,24.3,24.35,23.3,23.3,-0.55,340,1.0,24.3,23.3,23.3,24.35
2022-01-13,297986,6831482,23.6,23.6,22.65,22.8,-0.5,327,1.0,23.6,22.8,22.65,23.6
2022-01-14,291620,6495114,22.8,22.8,22.05,22.3,-0.5,274,1.0,22.8,22.3,22.05,22.8
2022-01-17,202922,4573088,22.3,22.85,22.1,22.85,0.55,156,1.0,22.3,22.85,22.1,22.85
2022-01-18,127802,2893775,22.85,23.05,22.45,22.5,-0.35,116,1.0,22.85,22.5,22.45,23.05
2022-01-19,102163,2282598,22.5,22.5,22.2,22.3,-0.2,81,1.0,22.5,22.3,22.2,22.5
2022-01-20,49046,1101752,22.75,22.75,22.25,22.6,0.3,76,1.0,22.75,22.6,22.25,22.75
2022-01-21,234139,5176942,22.3,22.45,22.0,22.0,-0.6,196,1.0,22.3,22.0,22.0,22.45
2022-01-24,217088,4604247,21.95,21.95,20.7,21.3,-0.7,168,1.0,21.95,21.3,20.7,21.95
2022-01-25,325771,6745056,21.2,21.2,20.45,20.5,-0.8,377,1.0,21.2,20.5,20.45,21.2
2022-01-26,88658,1831826,20.65,20.9,20.5,20.75,0.25,110,1.0,20.65,20.75,20.5,20.9
2022-02-07,354919,7717450,20.65,22.4,20.65,22.25,1.5,258,1.0,20.65,22.25,20.65,22.4
2022-02-08,207134,4679213,22.25,22.9,22.2,22.6,0.35,207,1.0,22.25,22.6,22.2,22.9
2022-02-09,118693,2686713,22.4,22.85,22.35,22.85,0.25,211,1.0,22.4,22.85,22.35,22.85
2022-02-10,235656,5351686,22.95,23.15,22.35,22.7,-0.15,167,1.0,22.95,22.7,22.35,23.15
2022-02-11,262935,6040121,22.25,23.35,22.25,23.1,0.4,238,1.0,22.25,23.1,22.25,23.35
2022-02-14,1352748,32593499,23.0,24.85,22.75,24.1,1.0,1162,1.0,23.0,24.1,22.75,24.85
2022-02-15,602902,14269747,24.3,24.3,23.3,23.3,-0.8,849,1.0,24.3,23.3,23.3,24.3
2022-02-16,322251,7562598,23.6,24.05,23.15,23.25,-0.05,271,1.0,23.6,23.25,23.15,24.05
2022-02-17,133114,3101777,23.65,23.65,23.15,23.4,0.15,154,1.0,23.65,23.4,23.15,23.65
2022-02-18,222135,5220403,23.95,23.95,23.2,23.4,0.0,210,1.0,23.95,23.4,23.2,23.95
2022-02-21,251087,5781876,23.45,23.45,22.85,23.0,-0.4,191,1.0,23.45,23.0,22.85,23.45
2022-02-22,259277,5870296,22.85,23.0,22.4,22.7,-0.3,681,1.0,22.85,22.7,22.4,23.0
2022-02-23,380862,8969542,22.75,23.95,22.75,23.4,0.7,378,1.0,22.75,23.4,22.75,23.95
2022-02-24,309175,7030796,23.4,23.55,22.4,22.7,-0.7,374,1.0,23.4,22.7,22.4,23.55
2022-02-25,170732,3832682,22.7,22.95,22.2,22.7,0.0,143,1.0,22.7,22.7,22.2,22.95
2022-03-01,140121,3199863,22.7,23.0,22.5,23.0,0.3,90,1.0,22.7,23.0,22.5,23.0
2022-03-02,69168,1580530,22.95,23.15,22.75,22.75,-0.25,54,1.0,22.95,22.75,22.75,23.15
2022-03-03,73659,1671426,22.95,22.95,22.55,22.65,-0.1,70,1.0,22.95,22.65,22.55,22.95
2022-03-04,125027,2799308,22.45,22.8,22.3,22.35,-0.3,129,1.0,22.45,22.35,22.3,22.8
2022-03-07,209201,4485164,22.0,22.05,21.2,21.25,-1.1,216,1.0,22.0,21.25,21.2,22.05
2022-03-08,194769,4102291,21.25,21.55,20.8,20.8,-0.45,173,1.0,21.25,20.8,20.8,21.55
2022-03-09,278134,6156071,20.95,22.75,20.95,22.65,1.85,221,1.0,20.95,22.65,20.95,22.75
2022-03-10,176010,3993685,22.65,23.2,22.55,22.7,0.05,129,1.0,22.65,22.7,22.55,23.2
2022-03-11,76081,1710815,22.7,22.7,22.35,22.55,-0.15,70,1.0,22.7,22.55,22.35,22.7
2022-03-14,99763,2237538,22.75,22.8,22.2,22.3,-0.25,73,1.0,22.75,22.3,22.2,22.8
2022-03-15,161346,3552787,22.7,22.7,21.8,21.85,-0.45,163,1.0,22.7,21.85,21.8,22.7
2022-03-16,130504,2860790,22.15,22.4,21.65,21.65,-0.2,114,1.0,22.15,21.65,21.65,22.4
2022-03-17,129855,2875023,22.25,22.35,22.0,22.05,0.4,113,1.0,22.25,22.05,22.0,22.35
2022-03-18,209340,4630408,22.2,22.6,21.75,22.6,0.55,147,1.0,22.2,22.6,21.75,22.6
2022-03-21,183491,4172018,22.8,23.2,22.35,22.55,-0.05,151,1.0,22.8,22.55,22.35,23.2
2022-03-22,36756,825195,22.75,22.75,22.3,22.45,-0.1,42,1.0,22.75,22.45,22.3,22.75
2022-03-23,121530,2739980,22.75,22.75,22.3,22.45,0.0,103,1.0,22.75,22.45,22.3,22.75
2022-03-24,140635,3190620,22.45,23.25,22.4,22.55,0.1,127,1.0,22.45,22.55,22.4,23.25
2022-03-25,119627,2672667,22.6,22.6,22.2,22.25,-0.3,95,1.0,22.6,22.25,22.2,22.6
2022-03-28,232917,5163419,22.0,22.55,21.9,22.3,0.05,173,1.0,22.0,22.3,21.9,22.55
2022-03-29,159704,3558135,22.3,22.55,22.15,22.15,-0.15,72,1.0,22.3,22.15,22.15,22.55
2022-03-30,329764,7475293,22.3,23.05,22.25,22.35,0.2,213,1.0,22.3,22.35,22.25,23.05
2022-03-31,117565,2638048,22.5,22.65,22.3,22.45,0.1,81,1.0,22.5,22.45,22.3,22.65
2022-04-01,116160,2594673,22.35,22.65,22.2,22.45,0.0,87,1.0,22.35,22.45,22.2,22.65
2022-04-06,118803,2646927,22.45,22.6,22.05,22.15,-0.3,94,1.0,22.45,22.15,22.05,22.6
2022-04-07,292754,6364599,22.15,22.2,21.4,21.6,-0.55,255,1.0,22.15,21.6,21.4,22.2
2022-04-08,84466,1834786,21.6,21.95,21.6,21.65,0.05,75,1.0,21.6,21.65,21.6,21.95
2022-04-11,879892,20165799,22.25,23.5,22.1,22.75,1.1,567,1.0,22.25,22.75,22.1,23.5
2022-04-12,2080085,49738016,22.8,24.5,22.5,23.8,1.05,1209,1.0,22.8,23.8,22.5,24.5
2022-04-13,1163594,28309440,24.2,24.8,23.8,24.2,0.4,664,1.0,24.2,24.2,23.8,24.8
2022-04-14,351050,8401258,24.2,24.4,23.55,23.65,-0.55,273,1.0,24.2,23.65,23.55,24.4
2022-04-15,1416669,34799675,23.3,25.4,23.3,25.25,1.6,871,1.0,23.3,25.25,23.3,25.4
2022-04-18,2658059,69668348,25.3,26.9,25.15,26.1,0.85,1862,1.0,25.3,26.1,25.15,26.9
2022-04-19,933564,23995314,25.6,26.1,25.05,25.9,-0.2,619,1.0,25.6,25.9,25.05,26.1
2022-04-20,869390,22104787,25.85,26.5,24.85,24.85,-1.05,780,1.0,25.85,24.85,24.85,26.5
2022-04-21,1235853,31936440,25.1,26.5,24.85,25.35,0.5,865,1.0,25.1,25.35,24.85,26.5
2022-04-22,879777,21759655,25.2,25.4,24.2,24.75,-0.6,667,1.0,25.2,24.75,24.2,25.4
2022-04-25,627214,14904958,23.95,24.2,23.55,23.75,-1.0,426,1.0,23.95,23.75,23.55,24.2
2022-04-26,535632,13136951,23.75,24.9,23.75,24.45,0.7,345,1.0,23.75,24.45,23.75,24.9
2022-04-27,369688,8777430,23.35,24.25,23.35,24.2,-0.25,238,1.0,23.35,24.2,23.35,24.25
2022-04-28,180214,4344966,24.4,24.85,23.65,24.05,-0.15,146,1.0,24.4,24.05,23.65,24.85
2022-04-29,812463,20292719,24.35,25.55,24.35,25.1,1.05,524,1.0,24.35,25.1,24.35,25.55
2022-05-03,349080,8521413,25.1,25.1,24.0,24.25,-0.85,274,1.0,25.1,24.25,24.0,25.1
2022-05-04,464072,11063521,24.3,24.7,23.5,23.55,-0.7,330,1.0,24.3,23.55,23.5,24.7
2022-05-05,231982,5488874,23.55,23.95,23.55,23.65,0.1,183,1.0,23.55,23.65,23.55,23.95
2022-05-06,352220,8293845,23.25,24.1,23.2,24.1,0.45,249,1.0,23.25,24.1,23.2,24.1
2022-05-09,344049,8104273,23.8,23.9,23.25,23.6,-0.5,237,1.0,23.8,23.6,23.25,23.9
2022-05-10,423941,10054824,23.4,24.1,23.05,24.05,0.45,280,1.0,23.4,24.05,23.05,24.1
2022-05-11,1076704,26376609,24.4,25.0,24.05,24.35,0.3,774,1.0,24.4,24.35,24.05,25.0
2022-05-12,994241,22871895,23.8,24.1,22.05,22.15,-2.2,633,1.0,23.8,22.15,22.05,24.1
2022-05-13,367142,8149672,22.3,22.55,21.8,22.4,0.25,270,1.0,22.3,22.4,21.8,22.55
2022-05-16,171780,3811295,22.65,22.65,22.05,22.05,-0.35,143,1.0,22.65,22.05,22.05,22.65
2022-05-17,125736,2809559,22.0,22.6,22.0,22.3,0.25,99,1.0,22.0,22.3,22.0,22.6
2022-05-18,185792,4172044,22.25,22.95,22.25,22.3,0.0,158,1.0,22.25,22.3,22.25,22.95
2022-05-19,132865,2918738,22.15,22.3,21.6,22.3,0.0,102,1.0,22.15,22.3,21.6,22.3
2022-05-20,116940,2609032,22.5,22.5,22.05,22.25,-0.05,80,1.0,22.5,22.25,22.05,22.5
2022-05-23,236425,5407921,22.6,23.95,22.25,23.1,0.85,169,1.0,22.6,23.1,22.25,23.95
2022-05-24,255117,5852188,23.25,23.4,22.7,22.95,-0.15,173,1.0,23.25,22.95,22.7,23.4
2022-05-25,79835,1828821,22.85,23.1,22.65,23.0,0.05,71,1.0,22.85,23.0,22.65,23.1
2022-05-26,250428,5798563,23.1,23.7,22.85,22.9,-0.1,190,1.0,23.1,22.9,22.85,23.7
2022-05-27,98326,2278803,23.35,23.35,23.05,23.2,0.3,94,1.0,23.35,23.2,23.05,23.35
2022-05-30,273576,6462437,23.5,23.9,23.3,23.65,0.45,182,1.0,23.5,23.65,23.3,23.9
2022-05-31,213077,5063802,23.55,24.0,23.45,23.9,0.25,140,1.0,23.55,23.9,23.45,24.0
2022-06-01,189005,4453610,24.0,24.0,23.3,23.7,-0.2,153,1.0,24.0,23.7,23.3,24.0
2022-06-02,53770,1268472,24.0,24.0,23.4,23.6,-0.1,59,1.0,24.0,23.6,23.4,24.0
2022-06-06,131053,3062895,23.8,23.8,23.1,23.35,-0.25,144,1.0,23.8,23.35,23.1,23.8
2022-06-07,97214,2240469,23.25,23.25,22.95,23.05,-0.3,97,1.0,23.25,23.05,22.95,23.25
2022-06-08,437568,10488949,23.3,24.35,23.3,24.1,1.05,351,1.0,23.3,24.1,23.3,24.35
2022-06-09,253831,6095116,24.1,24.4,23.7,23.85,-0.25,191,1.0,24.1,23.85,23.7,24.4
2022-06-10,967001,23743281,23.6,24.95,23.5,24.7,0.85,617,1.0,23.6,24.7,23.5,24.95
2022-06-13,598463,14720563,24.6,25.0,24.1,24.3,-0.4,436,1.0,24.6,24.3,24.1,25.0
2022-06-14,554617,13155375,24.3,24.5,23.3,23.9,-0.4,371,1.0,24.3,23.9,23.3,24.5
2022-06-15,303707,7234058,24.0,24.0,23.5,24.0,0.1,214,1.0,24.0,24.0,23.5,24.0
2022-06-16,567233,13930051,24.0,24.8,24.0,24.25,0.25,413,1.0,24.0,24.25,24.0,24.8
2022-06-17,727569,17889524,23.65,25.1,23.4,25.1,0.85,452,1.0,23.65,25.1,23.4,25.1
2022-06-20,1842795,46442389,25.8,26.65,24.3,24.6,-0.5,1238,1.0,25.8,24.6,24.3,26.65
2022-06-21,5059512,133925846,24.3,27.05,24.3,27.05,2.45,2935,1.0,24.3,27.05,24.3,27.05
2022-06-22,11089291,305665199,27.5,29.2,26.55,28.0,0.95,6563,1.0,27.5,28.0,26.55,29.2
2022-06-23,8013024,227672949,27.8,29.4,27.2,28.95,0.95,4781,1.0,27.8,28.95,27.2,29.4
2022-06-24,6191654,178963490,28.55,29.9,28.2,29.2,0.25,3845,1.0,28.55,29.2,28.2,29.9
2022-06-27,3033630,88856347,29.0,29.8,28.65,29.25,0.05,1703,1.0,29.0,29.25,28.65,29.8
2022-06-28,3670151,109318211,29.5,30.2,29.2,29.7,0.45,2203,1.0,29.5,29.7,29.2,30.2
2022-06-29,3795298,107334956,29.5,29.55,27.0,28.4,-1.3,2517,1.0,29.5,28.4,27.0,29.55
2022-06-30,2253144,63319060,28.0,28.7,27.4,28.7,0.3,1182,1.0,28.0,28.7,27.4,28.7
2022-07-01,4277068,114866862,28.45,28.45,26.1,26.1,-2.6,2033,1.0,28.45,26.1,26.1,28.45
2022-07-04,1144678,30179748,26.0,26.9,26.0,26.05,-0.05,567,1.0,26.0,26.05,26.0,26.9
2022-07-05,2989421,83138284,26.4,28.6,26.4,28.1,2.05,1726,1.0,26.4,28.1,26.4,28.6
2022-07-06,5840519,170377853,28.35,29.95,27.7,29.0,0.9,3771,1.0,28.35,29.0,27.7,29.95
2022-07-07,6770615,196970192,28.9,30.55,27.6,29.7,0.7,4075,1.0,28.9,29.7,27.6,30.55
2022-07-08,2999597,87752869,29.7,30.15,28.45,28.75,-0.95,1919,1.0,29.7,28.75,28.45,30.15
2022-07-11,2992525,80690710,27.7,28.0,26.2,26.8,-1.95,1697,1.0,27.7,26.8,26.2,28.0
2022-07-12,1583321,42172209,26.5,27.2,25.7,26.85,0.05,896,1.0,26.5,26.85,25.7,27.2
2022-07-13,1119075,30404693,27.5,27.95,26.6,26.6,-0.25,699,1.0,27.5,26.6,26.6,27.95
2022-07-14,922225,24281081,26.1,26.8,25.85,26.45,-0.15,523,1.0,26.1,26.45,25.85,26.8
2022-07-15,603101,16078112,26.3,27.15,26.3,26.75,0.3,412,1.0,26.3,26.75,26.3,27.15
2022-07-18,1631762,45918018,27.2,28.9,26.95,28.65,1.9,1098,1.0,27.2,28.65,26.95,28.9
2022-07-19,1103430,31568379,28.25,29.25,28.2,28.5,-0.15,796,1.0,28.25,28.5,28.2,29.25
2022-07-20,1126000,31569756,28.9,29.1,27.7,28.0,-0.5,718,1.0,28.9,28.0,27.7,29.1
2022-07-21,591143,16341941,28.45,28.45,27.1,27.85,-0.15,435,1.0,28.45,27.85,27.1,28.45
2022-07-22,1999278,57132341,28.2,29.15,27.6,29.15,1.3,1147,1.0,28.2,29.15,27.6,29.15
2022-07-25,6987556,220990681,29.2,32.05,29.15,32.05,2.9,2714,1.0,29.2,32.05,29.15,32.05
2022-07-26,18417978,597872560,32.05,33.8,31.0,33.3,1.25,9890,1.0,32.05,33.3,31.0,33.8
2022-07-27,11199316,365944704,32.7,34.1,31.5,32.25,-1.05,6495,1.0,32.7,32.25,31.5,34.1
2022-07-28,5686851,176484613,32.5,32.8,29.85,30.85,-1.4,3541,1.0,32.5,30.85,29.85,32.8
2022-07-29,2892389,89368182,31.0,31.4,30.1,31.25,0.4,1769,1.0,31.0,31.25,30.1,31.4
2022-08-01,1978548,60766408,31.25,31.7,30.3,30.5,-0.75,1337,1.0,31.25,30.5,30.3,31.7
2022-08-02,2692113,79696872,29.9,30.8,29.0,29.2,-1.3,1582,1.0,29.9,29.2,29.0,30.8
2022-08-03,1871433,54142902,29.35,29.75,28.25,28.6,-0.6,1249,1.0,29.35,28.6,28.25,29.75
2022-08-04,2286607,62866145,28.55,28.55,26.85,27.3,-1.3,1356,1.0,28.55,27.3,26.85,28.55
2022-08-05,1680562,46952302,27.9,28.4,27.4,28.15,0.85,1171,1.0,27.9,28.15,27.4,28.4
2022-08-08,1804907,49225798,27.75,28.2,26.2,27.9,-0.25,1217,1.0,27.75,27.9,26.2,28.2
2022-08-09,2096790,60390420,27.9,29.5,27.75,28.5,0.6,1337,1.0,27.9,28.5,27.75,29.5
2022-08-10,1235646,35146692,27.85,29.25,27.85,28.1,-0.4,751,1.0,27.85,28.1,27.85,29.25
2022-08-11,5965058,180803312,29.5,30.9,29.05,30.85,2.75,3149,1.0,29.5,30.85,29.05,30.9
2022-08-12,4537493,140211114,30.5,31.35,30.5,30.65,-0.2,2752,1.0,30.5,30.65,30.5,31.35
2022-08-15,1190137,35987711,30.65,30.7,29.7,30.5,-0.15,851,1.0,30.65,30.5,29.7,30.7
2022-08-16,1345868,40332879,30.5,30.65,29.55,29.9,-0.6,799,1.0,30.5,29.9,29.55,30.65
2022-08-17,848089,25582117,30.0,30.6,29.8,30.15,0.25,562,1.0,30.0,30.15,29.8,30.6
2022-08-18,1384553,42285541,30.15,30.95,29.9,30.6,0.45,787,1.0,30.15,30.6,29.9,30.95
2022-08-19,962221,29216497,30.8,30.8,30.05,30.2,-0.4,620,1.0,30.8,30.2,30.05,30.8
2022-08-22,1242738,37876869,30.15,31.1,29.8,30.55,0.35,882,1.0,30.15,30.55,29.8,31.1
2022-08-23,2299848,71183837,30.4,31.6,29.85,31.1,0.55,1435,1.0,30.4,31.1,29.85,31.6
2022-08-24,2628743,82911966,31.35,32.0,30.7,31.9,0.8,1417,1.0,31.35,31.9,30.7,32.0
2022-08-25,4570541,148139895,32.2,33.1,31.2,32.7,0.8,2455,1.0,32.2,32.7,31.2,33.1
2022-08-26,2153934,70264918,32.8,33.1,32.2,32.35,-0.35,1298,1.0,32.8,32.35,32.2,33.1
2022-08-29,1547739,49251224,30.9,32.5,30.8,32.0,-0.35,893,1.0,30.9,32.0,30.8,32.5
2022-08-30,1107365,36003856,32.55,33.05,32.05,32.35,0.35,703,1.0,32.55,32.35,32.05,33.05
2022-08-31,1763250,57861868,32.5,33.3,32.3,32.6,0.25,1098,1.0,32.5,32.6,32.3,33.3
2022-09-01,1385260,45485208,32.6,33.2,32.2,33.1,0.5,875,1.0,32.6,33.1,32.2,33.2
2022-09-02,5063615,163073801,33.55,34.1,30.7,30.7,-2.4,3366,1.0,33.55,30.7,30.7,34.1
2022-09-05,1662289,51203807,31.15,31.8,29.75,30.1,-0.6,1089,1.0,31.15,30.1,29.75,31.8
2022-09-06,1222785,36806694,30.5,30.65,29.4,30.2,0.1,913,1.0,30.5,30.2,29.4,30.65
2022-09-07,978068,28874855,29.75,30.2,29.1,29.5,-0.7,729,1.0,29.75,29.5,29.1,30.2
2022-09-08,748070,22543091,29.5,30.75,29.4,30.55,1.05,538,1.0,29.5,30.55,29.4,30.75
2022-09-12,1056355,31929939,30.55,31.0,29.65,30.25,-0.3,808,1.0,30.55,30.25,29.65,31.0
2022-09-13,1483798,46355090,30.55,31.8,30.55,31.05,0.8,1051,1.0,30.55,31.05,30.55,31.8
2022-09-14,512134,15730389,30.25,31.0,30.1,30.7,-0.35,359,1.0,30.25,30.7,30.1,31.0
2022-09-15,988691,30165232,30.55,31.4,29.9,29.9,-0.8,763,1.0,30.55,29.9,29.9,31.4
2022-09-16,3183457,90417847,29.8,30.0,27.6,27.65,-2.25,2096,1.0,29.8,27.65,27.6,30.0
2022-09-19,1571827,42941093,27.65,27.9,27.0,27.5,-0.15,926,1.0,27.65,27.5,27.0,27.9
2022-09-20,835077,22705070,27.9,27.9,26.85,27.1,-0.4,546,1.0,27.9,27.1,26.85,27.9
2022-09-21,956045,25600627,27.05,27.15,26.5,26.75,-0.35,561,1.0,27.05,26.75,26.5,27.15
2022-09-22,935881,24435078,26.3,26.5,25.75,26.15,-0.6,589,1.0,26.3,26.15,25.75,26.5
2022-09-23,1696583,43414027,26.2,26.3,25.3,25.5,-0.65,788,1.0,26.2,25.5,25.3,26.3
2022-09-26,932636,23016290,24.75,25.3,24.2,24.5,-1.0,555,1.0,24.75,24.5,24.2,25.3
2022-09-27,624157,15519736,24.85,25.5,24.2,25.2,0.7,417,1.0,24.85,25.2,24.2,25.5
2022-09-28,953553,23142955,25.3,25.4,23.8,24.0,-1.2,545,1.0,25.3,24.0,23.8,25.4
2022-09-29,423674,10477490,24.3,25.1,24.3,24.85,0.85,282,1.0,24.3,24.85,24.3,25.1
2022-09-30,652761,15654064,24.4,24.5,23.5,24.4,-0.45,457,1.0,24.4,24.4,23.5,24.5
2022-10-03,422951,10070150,24.35,24.35,23.6,23.7,-0.7,314,1.0,24.35,23.7,23.6,24.35
2022-10-04,377035,9051082,24.1,24.3,23.85,23.9,0.2,254,1.0,24.1,23.9,23.85,24.3
2022-10-05,709211,17024309,24.25,24.75,23.65,23.7,-0.2,459,1.0,24.25,23.7,23.65,24.75
2022-10-06,360415,8614936,23.9,24.35,23.7,24.0,0.3,241,1.0,23.9,24.0,23.7,24.35
2022-10-07,468666,11212246,24.05,24.25,23.7,23.95,-0.05,270,1.0,24.05,23.95,23.7,24.25
2022-10-11,717593,16423900,23.6,23.6,22.7,22.7,-1.25,472,1.0,23.6,22.7,22.7,23.6
2022-10-12,408870,9470940,23.0,23.45,22.55,23.45,0.75,291,1.0,23.0,23.45,22.55,23.45
2022-10-13,713262,16112004,23.4,23.65,22.0,22.25,-1.2,447,1.0,23.4,22.25,22.0,23.65
2022-10-14,345861,7977783,22.55,23.3,22.55,23.0,0.75,261,1.0,22.55,23.0,22.55,23.3
2022-10-17,376498,8500721,22.8,23.05,22.15,22.9,-0.1,271,1.0,22.8,22.9,22.15,23.05
2022-10-18,256970,5930446,23.25,23.4,22.8,22.9,0.0,181,1.0,23.25,22.9,22.8,23.4
2022-10-19,203617,4694200,23.0,23.35,22.85,23.1,0.2,157,1.0,23.0,23.1,22.85,23.35
2022-10-20,330157,7367560,22.7,22.75,22.1,22.4,-0.7,239,1.0,22.7,22.4,22.1,22.75
2022-10-21,267113,5923468,22.4,22.4,21.95,22.1,-0.3,160,1.0,22.4,22.1,21.95,22.4
2022-10-24,408310,9330084,22.5,23.1,22.5,22.8,0.7,249,1.0,22.5,22.8,22.5,23.1
2022-10-25,274768,6252920,22.7,22.95,22.55,22.75,-0.05,191,1.0,22.7,22.75,22.55,22.95
2022-10-26,336880,7757381,22.6,23.4,22.6,22.8,0.05,225,1.0,22.6,22.8,22.6,23.4
2022-10-27,206482,4794908,22.8,23.4,22.8,23.2,0.4,133,1.0,22.8,23.2,22.8,23.4
2022-10-28,272513,6283702,23.45,23.7,22.65,22.65,-0.55,188,1.0,23.45,22.65,22.65,23.7
2022-10-31,119200,2749200,22.9,23.2,22.9,22.95,0.3,97,1.0,22.9,22.95,22.9,23.2
2022-11-01,239569,5578620,22.95,23.45,22.8,23.3,0.35,156,1.0,22.95,23.3,22.8,23.45
2022-11-02,155928,3645942,23.35,23.75,23.1,23.35,0.05,135,1.0,23.35,23.35,23.1,23.75
2022-11-03,96720,2246052,23.0,23.4,23.0,23.2,-0.15,75,1.0,23.0,23.2,23.0,23.4
2022-11-04,132047,3071253,23.2,23.45,23.05,23.4,0.2,96,1.0,23.2,23.4,23.05,23.45
2022-11-07,447701,10700164,23.55,24.15,23.45,23.95,0.55,298,1.0,23.55,23.95,23.45,24.15
2022-11-08,360429,8645562,24.05,24.5,23.7,23.7,-0.25,267,1.0,24.05,23.7,23.7,24.5
2022-11-09,310119,7458291,24.05,24.4,23.8,23.85,0.15,188,1.0,24.05,23.85,23.8,24.4
2022-11-10,285677,6663861,23.85,23.85,23.15,23.2,-0.65,196,1.0,23.85,23.2,23.15,23.85
2022-11-11,561234,13480673,24.85,24.85,23.6,23.65,0.45,369,1.0,24.85,23.65,23.6,24.85
2022-11-14,518110,12628031,24.0,24.85,23.85,24.35,0.7,325,1.0,24.0,24.35,23.85,24.85
2022-11-15,284321,6923957,24.4,24.6,24.15,24.3,-0.05,158,1.0,24.4,24.3,24.15,24.6
2022-11-16,391435,9318859,24.4,24.4,23.6,23.7,-0.6,262,1.0,24.4,23.7,23.6,24.4
2022-11-17,332844,7864261,23.45,23.9,23.4,23.7,0.0,206,1.0,23.45,23.7,23.4,23.9
2022-11-18,246729,5912771,23.75,24.35,23.75,23.8,0.1,207,1.0,23.75,23.8,23.75,24.35
2022-11-21,168843,4049311,24.5,24.5,23.8,23.8,0.0,120,1.0,24.5,23.8,23.8,24.5
2022-11-22,352909,8229199,23.7,23.7,23.05,23.3,-0.5,227,1.0,23.7,23.3,23.05,23.7
2022-11-23,125595,2925208,23.2,23.5,23.2,23.3,0.0,85,1.0,23.2,23.3,23.2,23.5
2022-11-24,191745,4486468,23.55,23.65,23.25,23.45,0.15,129,1.0,23.55,23.45,23.25,23.65
2022-11-25,339425,8087760,23.6,24.15,23.45,24.05,0.6,225,1.0,23.6,24.05,23.45,24.15
2022-11-28,206752,4872338,24.05,24.05,23.35,23.45,-0.6,156,1.0,24.05,23.45,23.35,24.05
2022-11-29,166453,3946922,23.65,23.9,23.35,23.9,0.45,125,1.0,23.65,23.9,23.35,23.9
2022-11-30,485960,11793982,23.65,24.6,23.65,24.45,0.55,296,1.0,23.65,24.45,23.65,24.6
2022-12-01,589685,14398721,24.8,24.85,24.1,24.15,-0.3,419,1.0,24.8,24.15,24.1,24.85
2022-12-02,194254,4729526,24.15,24.6,24.15,24.35,0.2,160,1.0,24.15,24.35,24.15,24.6
2022-12-05,1620213,41574677,24.4,26.1,24.4,26.0,1.65,928,1.0,24.4,26.0,24.4,26.1
2022-12-06,816049,20659720,26.0,26.0,25.05,25.15,-0.85,492,1.0,26.0,25.15,25.05,26.0
2022-12-07,890780,21943409,25.05,25.35,24.25,24.25,-0.9,518,1.0,25.05,24.25,24.25,25.35
2022-12-08,229795,5598682,24.4,24.55,24.2,24.4,0.15,174,1.0,24.4,24.4,24.2,24.55
2022-12-09,223628,5507377,24.6,24.85,24.4,24.75,0.35,171,1.0,24.6,24.75,24.4,24.85
2022-12-12,778696,19821391,25.4,25.95,25.0,25.5,0.75,525,1.0,25.4,25.5,25.0,25.95
2022-12-13,963755,24999275,25.65,26.45,25.5,25.6,0.1,615,1.0,25.65,25.6,25.5,26.45
2022-12-14,2533873,68439739,25.85,27.7,25.65,27.0,1.4,1396,1.0,25.85,27.0,25.65,27.7
2022-12-15,663668,17675059,27.0,27.15,26.3,26.3,-0.7,460,1.0,27.0,26.3,26.3,27.15
2022-12-16,382183,9914688,25.8,26.3,25.65,25.8,-0.5,239,1.0,25.8,25.8,25.65,26.3
2022-12-19,608992,16043789,25.55,26.75,25.55,26.5,0.7,377,1.0,25.55,26.5,25.55,26.75
2022-12-20,1039600,27934092,26.7,27.6,26.05,26.15,-0.35,677,1.0,26.7,26.15,26.05,27.6
2022-12-21,1072432,29016745,26.35,27.7,26.35,26.9,0.75,605,1.0,26.35,26.9,26.35,27.7
2022-12-22,494188,13312027,27.35,27.5,26.6,26.75,-0.15,294,1.0,27.35,26.75,26.6,27.5
2022-12-23,1089190,29696503,26.2,27.55,26.2,27.1,0.35,571,1.0,26.2,27.1,26.2,27.55
2022-12-26,236398,6461716,27.15,27.6,27.15,27.3,0.2,200,1.0,27.15,27.3,27.15,27.6
2022-12-27,756760,20865535,27.25,28.0,27.25,27.3,0.0,415,1.0,27.25,27.3,27.25,28.0
2022-12-28,301601,8138467,27.3,27.5,26.7,26.9,-0.4,210,1.0,27.3,26.9,26.7,27.5
2022-12-29,325295,8632757,26.9,26.9,26.25,26.6,-0.3,210,1.0,26.9,26.6,26.25,26.9
2022-12-30,220135,5910389,27.05,27.05,26.6,26.9,0.3,127,1.0,27.05,26.9,26.6,27.05
2023-01-03,196954,5237926,27.0,27.0,26.35,26.45,-0.45,124,1.0,27.0,26.45,26.35,27.0
2023-01-04,91901,2424440,26.45,26.45,26.3,26.4,-0.05,86,1.0,26.45,26.4,26.3,26.45
2023-01-05,465220,12485438,26.5,27.4,26.4,26.4,0.0,238,1.0,26.5,26.4,26.4,27.4
2023-01-06,223495,5883442,26.35,26.55,26.2,26.3,-0.1,129,1.0,26.35,26.3,26.2,26.55
2023-01-09,101051,2684716,26.55,26.75,26.4,26.6,0.3,65,1.0,26.55,26.6,26.4,26.75
2023-01-10,171600,4607139,27.15,27.15,26.5,26.7,0.1,127,1.0,27.15,26.7,26.5,27.15
2023-01-11,1270317,35230730,27.1,28.35,27.1,27.45,0.75,821,1.0,27.1,27.45,27.1,28.35
2023-01-12,975166,27250651,27.8,28.4,27.25,27.85,0.4,684,1.0,27.8,27.85,27.25,28.4
2023-01-13,618141,17250918,28.9,28.9,27.35,27.35,-0.5,429,1.0,28.9,27.35,27.35,28.9
2023-01-16,526271,14392196,27.55,27.75,27.0,27.35,0.0,321,1.0,27.55,27.35,27.0,27.75
2023-01-17,298385,8244858,27.4,27.95,27.25,27.55,0.2,240,1.0,27.4,27.55,27.25,27.95
2023-01-30,323242,8922624,28.2,28.2,27.15,27.4,-0.15,237,1.0,28.2,27.4,27.15,28.2
2023-01-31,296152,8216651,27.45,28.0,27.4,27.9,0.5,202,1.0,27.45,27.9,27.4,28.0
2023-02-01,568112,15897197,28.1,28.35,27.5,28.35,0.45,334,1.0,28.1,28.35,27.5,28.35
2023-02-02,319804,9005308,28.35,28.4,28.0,28.1,-0.25,237,1.0,28.35,28.1,28.0,28.4
2023-02-03,325079,9137682,28.5,28.5,27.8,28.25,0.15,232,1.0,28.5,28.25,27.8,28.5
2023-02-06,583001,16653452,28.5,29.0,28.15,28.5,0.25,372,1.0,28.5,28.5,28.15,29.0
2023-02-07,423216,11954238,28.4,28.55,28.0,28.1,-0.4,263,1.0,28.4,28.1,28.0,28.55
2023-02-08,503002,14005349,28.1,28.2,27.65,27.65,-0.45,300,1.0,28.1,27.65,27.65,28.2
2023-02-09,228395,6321077,27.45,27.85,27.45,27.6,-0.05,140,1.0,27.45,27.6,27.45,27.85
2023-02-10,416416,11320326,27.65,27.7,26.95,27.05,-0.55,282,1.0,27.65,27.05,26.95,27.7
2023-02-13,480082,12741790,26.8,26.95,26.35,26.45,-0.6,306,1.0,26.8,26.45,26.35,26.95
2023-02-14,218838,5816905,26.6,26.85,26.4,26.4,-0.05,160,1.0,26.6,26.4,26.4,26.85
2023-02-15,279394,7330195,26.2,26.6,26.15,26.15,-0.25,170,1.0,26.2,26.15,26.15,26.6
2023-02-16,348540,9159676,26.2,26.65,26.05,26.25,0.1,203,1.0,26.2,26.25,26.05,26.65
2023-02-17,100409,2633945,26.1,26.45,26.1,26.25,0.0,82,1.0,26.1,26.25,26.1,26.45
2023-02-20,181401,4783645,26.15,26.65,26.05,26.3,0.05,136,1.0,26.15,26.3,26.05,26.65
2023-02-21,176851,4651763,26.3,26.55,26.25,26.3,0.0,137,1.0,26.3,26.3,26.25,26.55
2023-02-22,613749,15785161,26.1,26.1,25.55,25.7,-0.6,406,1.0,26.1,25.7,25.55,26.1
2023-02-23,236429,6152234,25.8,26.25,25.75,26.1,0.4,178,1.0,25.8,26.1,25.75,26.25
2023-02-24,122671,3196736,26.2,26.2,26.0,26.05,-0.05,100,1.0,26.2,26.05,26.0,26.2
2023-03-01,92872,2397284,25.85,26.05,25.65,25.85,-0.2,91,1.0,25.85,25.85,25.65,26.05
2023-03-02,135492,3494781,25.85,25.95,25.65,25.75,-0.1,108,1.0,25.85,25.75,25.65,25.95
2023-03-03,293670,7717135,25.8,26.65,25.75,26.35,0.6,202,1.0,25.8,26.35,25.75,26.65
2023-03-06,381874,10159819,26.4,27.0,26.15,26.4,0.05,230,1.0,26.4,26.4,26.15,27.0
2023-03-07,175683,4638191,26.7,26.7,26.2,26.3,-0.1,120,1.0,26.7,26.3,26.2,26.7
2023-03-08,147888,3862281,26.4,26.4,26.05,26.15,-0.15,106,1.0,26.4,26.15,26.05,26.4
2023-03-09,197491,5175162,26.15,26.7,26.05,26.1,-0.05,142,1.0,26.15,26.1,26.05,26.7
2023-03-10,373907,9622071,26.0,26.05,25.55,25.65,-0.45,268,1.0,26.0,25.65,25.55,26.05
2023-03-13,1363554,36524149,26.0,27.5,25.95,26.65,1.0,877,1.0,26.0,26.65,25.95,27.5
2023-03-14,400491,10630173,26.85,26.95,26.25,26.25,-0.4,316,1.0,26.85,26.25,26.25,26.95
2023-03-15,782264,21081418,26.3,27.3,26.3,27.15,0.9,479,1.0,26.3,27.15,26.3,27.3
2023-03-16,397675,10582209,27.05,27.1,26.2,26.35,-0.8,366,1.0,27.05,26.35,26.2,27.1
2023-03-17,189841,5021310,26.9,26.9,26.3,26.5,0.15,132,1.0,26.9,26.5,26.3,26.9
2023-03-20,178369,4770951,26.5,26.9,26.5,26.75,0.25,144,1.0,26.5,26.75,26.5,26.9
2023-03-21,626596,16993645,26.8,27.45,26.8,27.1,0.35,306,1.0,26.8,27.1,26.8,27.45
2023-03-22,359604,9701802,27.0,27.5,26.7,26.8,-0.3,306,1.0,27.0,26.8,26.7,27.5
2023-03-23,201638,5393627,26.8,26.85,26.65,26.75,-0.05,160,1.0,26.8,26.75,26.65,26.85
2023-03-24,650095,17442669,26.75,27.2,26.3,27.2,0.45,334,1.0,26.75,27.2,26.3,27.2
2023-03-27,381049,10354313,27.2,27.45,26.85,27.1,-0.1,243,1.0,27.2,27.1,26.85,27.45
2023-03-28,242082,6515690,27.1,27.25,26.75,26.8,-0.3,170,1.0,27.1,26.8,26.75,27.25
2023-03-29,311656,8266793,26.8,26.85,26.25,26.25,-0.55,224,1.0,26.8,26.25,26.25,26.85
2023-03-30,382961,10038227,26.85,26.85,25.9,26.0,-0.25,357,1.0,26.85,26.0,25.9,26.85
2023-03-31,385877,9956978,26.05,26.05,25.7,25.8,-0.2,290,1.0,26.05,25.8,25.7,26.05
2023-04-06,216961,5573935,25.8,25.85,25.55,25.75,-0.05,185,1.0,25.8,25.75,25.55,25.85
2023-04-07,257825,6612165,25.75,25.85,25.55,25.55,-0.2,227,1.0,25.75,25.55,25.55,25.85
2023-04-10,197905,5108335,25.55,26.1,25.55,26.0,0.45,154,1.0,25.55,26.0,25.55,26.1
2023-04-11,259070,6691188,25.9,26.1,25.7,25.7,-0.3,186,1.0,25.9,25.7,25.7,26.1
2023-04-12,290108,7441274,25.65,25.8,25.55,25.65,-0.05,186,1.0,25.65,25.65,25.55,25.8
2023-04-13,332677,8627416,25.85,26.2,25.65,25.9,0.25,235,1.0,25.85,25.9,25.65,26.2
2023-04-14,181879,4732952,26.05,26.15,25.9,26.15,0.25,152,1.0,26.05,26.15,25.9,26.15
2023-04-17,233463,6042814,26.15,26.15,25.8,25.85,-0.3,147,1.0,26.15,25.85,25.8,26.15
2023-04-18,241870,6205138,25.85,25.85,25.55,25.6,-0.25,182,1.0,25.85,25.6,25.55,25.85
2023-04-19,155600,3990398,25.8,25.8,25.6,25.6,0.0,98,1.0,25.8,25.6,25.6,25.8
2023-04-20,580045,14554395,25.55,25.55,24.8,24.8,-0.8,470,1.0,25.55,24.8,24.8,25.55
2023-04-21,448207,10943780,24.85,24.85,24.1,24.1,-0.7,335,1.0,24.85,24.1,24.1,24.85
2023-04-24,180038,4384496,24.0,24.6,24.0,24.3,0.2,119,1.0,24.0,24.3,24.0,24.6
2023-04-25,332143,8121986,24.35,25.3,24.0,24.0,-0.3,234,1.0,24.35,24.0,24.0,25.3
2023-04-26,637085,15061398,24.0,24.2,23.4,23.7,-0.3,295,1.0,24.0,23.7,23.4,24.2
2023-04-27,171310,4116212,24.0,24.3,23.5,24.3,0.6,132,1.0,24.0,24.3,23.5,24.3
2023-04-28,324866,7958928,24.9,24.9,24.3,24.3,0.0,284,1.0,24.9,24.3,24.3,24.9
2023-05-02,169932,4137413,24.65,24.65,24.25,24.35,0.05,125,1.0,24.65,24.35,24.25,24.65
2023-05-03,166993,4060865,24.35,24.65,24.05,24.4,0.05,129,1.0,24.35,24.4,24.05,24.65
2023-05-04,148018,3625080,24.5,24.6,24.4,24.5,0.1,99,1.0,24.5,24.5,24.4,24.6
2023-05-05,135755,3334917,24.6,24.7,24.5,24.55,0.05,104,1.0,24.6,24.55,24.5,24.7
2023-05-08,113275,2778296,24.6,24.6,24.4,24.5,-0.05,83,1.0,24.6,24.5,24.4,24.6
2023-05-09,83394,2028700,24.5,24.6,24.1,24.25,-0.25,87,1.0,24.5,24.25,24.1,24.6
2023-05-10,229164,5509764,24.35,24.35,24.0,24.05,-0.2,101,1.0,24.35,24.05,24.0,24.35
2023-05-11,2663118,58050327,22.75,22.9,21.65,21.65,-2.4,1253,1.0,22.75,21.65,21.65,22.9
2023-05-12,358301,7727081,21.0,21.9,21.0,21.55,-0.1,232,1.0,21.0,21.55,21.0,21.9
2023-05-15,181424,3882699,21.55,21.65,21.25,21.55,0.0,138,1.0,21.55,21.55,21.25,21.65
2023-05-16,217656,4762880,21.55,22.0,21.55,22.0,0.45,142,1.0,21.55,22.0,21.55,22.0
2023-05-17,444984,9878498,22.0,22.55,21.8,22.05,0.05,320,1.0,22.0,22.05,21.8,22.55
2023-05-18,283372,6207670,22.1,22.2,21.8,21.8,-0.25,279,1.0,22.1,21.8,21.8,22.2
2023-05-19,113535,2485740,22.0,22.1,21.8,21.85,0.05,93,1.0,22.0,21.85,21.8,22.1
2023-05-22,350033,7685454,21.75,22.15,21.75,21.9,0.05,168,1.0,21.75,21.9,21.75,22.15
2023-05-23,412097,9243863,22.15,22.75,22.05,22.45,0.55,239,1.0,22.15,22.45,22.05,22.75
2023-05-24,369714,8340438,22.45,22.8,22.35,22.45,0.0,190,1.0,22.45,22.45,22.35,22.8
2023-05-25,200586,4482471,22.8,22.8,22.15,22.15,-0.3,144,1.0,22.8,22.15,22.15,22.8
2023-05-26,244716,5347901,22.2,22.2,21.75,21.8,-0.35,235,1.0,22.2,21.8,21.75,22.2
2023-05-29,167879,3675376,21.85,22.1,21.7,21.8,0.0,91,1.0,21.85,21.8,21.7,22.1
2023-05-30,103531,2283747,21.85,22.3,21.85,22.1,0.3,69,1.0,21.85,22.1,21.85,22.3
2023-05-31,97744,2161783,22.1,22.2,22.0,22.0,-0.1,73,1.0,22.1,22.0,22.0,22.2
2023-06-01,129883,2860476,22.0,22.1,21.9,22.05,0.05,99,1.0,22.0,22.05,21.9,22.1
2023-06-02,150166,3347344,22.15,22.55,22.05,22.25,0.2,117,1.0,22.15,22.25,22.05,22.55
2023-06-05,146392,3265325,22.65,22.65,22.2,22.3,0.05,202,1.0,22.65,22.3,22.2,22.65
2023-06-06,208442,4702227,22.2,22.85,22.2,22.6,0.3,157,1.0,22.2,22.6,22.2,22.85
2023-06-07,380431,8716262,22.65,23.1,22.55,22.95,0.35,226,1.0,22.65,22.95,22.55,23.1
2023-06-08,481961,11306523,23.2,23.65,23.0,23.55,0.6,322,1.0,23.2,23.55,23.0,23.65
2023-06-09,371061,8616871,23.55,23.75,23.0,23.05,-0.5,292,1.0,23.55,23.05,23.0,23.75
2023-06-12,307628,6984880,23.05,23.05,22.6,22.65,-0.4,191,1.0,23.05,22.65,22.6,23.05
2023-06-13,205978,4664446,22.65,22.8,22.55,22.6,-0.05,149,1.0,22.65,22.6,22.55,22.8
2023-06-14,118642,2691789,22.55,22.9,22.5,22.7,0.1,103,1.0,22.55,22.7,22.5,22.9
2023-06-15,230355,5306237,22.8,23.3,22.7,22.85,0.15,160,1.0,22.8,22.85,22.7,23.3
2023-06-16,180312,4138996,23.1,23.25,22.8,22.9,0.05,117,1.0,23.1,22.9,22.8,23.25
2023-06-19,124811,2825525,22.8,22.85,22.5,22.65,-0.25,86,1.0,22.8,22.65,22.5,22.85
2023-06-20,196835,4529714,22.65,23.25,22.65,22.9,0.25,139,1.0,22.65,22.9,22.65,23.25
2023-06-21,284434,6549156,23.0,23.25,22.8,23.1,0.2,185,1.0,23.0,23.1,22.8,23.25
2023-06-26,70486,1610781,23.0,23.15,22.7,22.8,-0.3,71,1.0,23.0,22.8,22.7,23.15
2023-06-27,186379,4204656,22.8,22.9,22.35,22.35,-0.45,219,1.0,22.8,22.35,22.35,22.9
2023-06-28,84547,1895693,22.3,22.5,22.3,22.35,0.0,92,1.0,22.3,22.35,22.3,22.5
2023-06-29,75571,1695141,22.55,22.6,22.35,22.4,0.05,46,1.0,22.55,22.4,22.35,22.6
2023-06-30,123445,2785511,22.9,22.9,22.45,22.55,0.15,88,1.0,22.9,22.55,22.45,22.9
2023-07-03,418401,9631050,22.75,23.35,22.6,22.8,0.25,214,1.0,22.75,22.8,22.6,23.35
2023-07-04,140477,3214087,22.8,23.0,22.7,22.9,0.1,95,1.0,22.8,22.9,22.7,23.0
2023-07-05,98991,2262948,22.8,23.0,22.75,22.8,-0.1,104,1.0,22.8,22.8,22.75,23.0
2023-07-06,130434,2958225,22.8,22.9,22.55,22.6,-0.2,147,1.0,22.8,22.6,22.55,22.9
2023-07-07,161780,3605996,22.5,22.5,22.1,22.35,-0.25,173,1.0,22.5,22.35,22.1,22.5
2023-07-10,162638,3627687,22.3,22.5,22.15,22.15,-0.2,122,1.0,22.3,22.15,22.15,22.5
2023-07-11,713595,15652794,22.15,22.25,21.6,21.9,-0.25,334,1.0,22.15,21.9,21.6,22.25
2023-07-12,140165,3065907,21.75,22.0,21.75,21.85,-0.05,107,1.0,21.75,21.85,21.75,22.0
2023-07-13,140407,3051990,21.8,21.9,21.65,21.7,-0.15,127,1.0,21.8,21.7,21.65,21.9
2023-07-14,196670,4272081,21.6,21.85,21.6,21.65,-0.05,123,1.0,21.6,21.65,21.6,21.85
2023-07-17,124574,2721314,21.7,22.05,21.65,21.8,0.15,113,1.0,21.7,21.8,21.65,22.05
2023-07-18,96997,2108682,21.8,21.8,21.65,21.65,-0.15,112,1.0,21.8,21.65,21.65,21.8
2023-07-19,149150,3226506,21.7,21.85,21.5,21.55,-0.1,237,1.0,21.7,21.55,21.5,21.85
2023-07-20,78725,1700957,21.7,21.9,21.55,21.55,0.0,115,1.0,21.7,21.55,21.55,21.9
2023-07-21,70925,1531892,21.9,21.9,21.55,21.6,0.05,187,1.0,21.9,21.6,21.55,21.9
2023-07-24,223210,4751412,21.85,21.85,21.15,21.2,-0.4,172,1.0,21.85,21.2,21.15,21.85
2023-07-25,171902,3651855,21.45,21.45,21.15,21.2,0.0,123,1.0,21.45,21.2,21.15,21.45
2023-07-26,245682,5188820,21.2,21.35,21.0,21.05,-0.15,169,1.0,21.2,21.05,21.0,21.35
2023-07-27,170797,3627543,21.05,21.4,21.05,21.25,0.2,139,1.0,21.05,21.25,21.05,21.4
2023-07-28,151214,3217020,21.4,21.5,21.2,21.3,0.05,113,1.0,21.4,21.3,21.2,21.5
2023-07-31,213484,4525551,21.3,21.3,21.1,21.1,-0.2,143,1.0,21.3,21.1,21.1,21.3
2023-08-01,311350,6548269,21.1,21.15,21.0,21.0,-0.1,225,1.0,21.1,21.0,21.0,21.15
2023-08-02,440190,9128104,21.05,21.05,20.5,20.6,-0.4,265,1.0,21.05,20.6,20.5,21.05
2023-08-04,184216,3842588,20.9,21.15,20.3,21.05,0.45,123,1.0,20.9,21.05,20.3,21.15
2023-08-07,70657,1489190,21.05,21.45,20.95,20.95,-0.1,70,1.0,21.05,20.95,20.95,21.45
2023-08-08,142279,2951968,20.95,20.95,20.6,20.7,-0.25,147,1.0,20.95,20.7,20.6,20.95
2023-08-09,61121,1265983,20.75,21.0,20.65,20.65,-0.05,49,1.0,20.75,20.65,20.65,21.0
2023-08-10,172828,3525251,20.55,20.55,20.3,20.35,-0.3,110,1.0,20.55,20.35,20.3,20.55
2023-08-11,243226,4913915,20.35,20.5,20.0,20.05,-0.3,126,1.0,20.35,20.05,20.0,20.5
2023-08-14,615314,11845326,20.05,20.05,18.85,19.1,-0.95,366,1.0,20.05,19.1,18.85,20.05
2023-08-15,256231,4919455,19.1,19.4,18.9,19.25,0.15,133,1.0,19.1,19.25,18.9,19.4
2023-08-16,115419,2226759,19.25,19.45,19.1,19.25,0.0,73,1.0,19.25,19.25,19.1,19.45
2023-08-17,165508,3182938,19.2,19.55,18.9,19.45,0.2,214,1.0,19.2,19.45,18.9,19.55
2023-08-18,248901,4930236,19.5,20.1,19.5,19.7,0.25,167,1.0,19.5,19.7,19.5,20.1
2023-08-21,93959,1850337,19.7,19.95,19.55,19.7,0.0,86,1.0,19.7,19.7,19.55,19.95
2023-08-22,72520,1429080,19.95,20.35,19.6,19.65,-0.05,58,1.0,19.95,19.65,19.6,20.35
2023-08-23,48495,952148,19.65,19.8,19.6,19.6,-0.05,42,1.0,19.65,19.6,19.6,19.8
2023-08-24,62999,1240153,19.7,19.8,19.6,19.6,0.0,61,1.0,19.7,19.6,19.6,19.8
2023-08-25,104785,2076911,19.6,20.0,19.6,19.75,0.15,89,1.0,19.6,19.75,19.6,20.0
2023-08-28,84119,1680118,19.9,20.05,19.85,20.0,0.25,56,1.0,19.9,20.0,19.85,20.05
2023-08-29,137636,2793485,20.0,20.55,20.0,20.55,0.55,117,1.0,20.0,20.55,20.0,20.55
2023-08-30,203752,4128608,20.6,20.6,19.85,20.45,-0.1,129,1.0,20.6,20.45,19.85,20.6
2023-08-31,101961,2108738,20.5,20.8,20.5,20.7,0.25,87,1.0,20.5,20.7,20.5,20.8
2023-09-01,153907,3219573,20.5,21.25,20.45,20.95,0.25,115,1.0,20.5,20.95,20.45,21.25
2023-09-04,104076,2175977,20.75,21.1,20.7,20.9,-0.05,64,1.0,20.75,20.9,20.7,21.1
2023-09-05,117940,2444018,20.75,20.9,20.45,20.7,-0.2,83,1.0,20.75,20.7,20.45,20.9
2023-09-06,119826,2449777,20.3,20.65,20.3,20.4,-0.3,92,1.0,20.3,20.4,20.3,20.65
2023-09-07,73789,1507359,20.4,20.65,20.3,20.35,-0.05,74,1.0,20.4,20.35,20.3,20.65
2023-09-08,76786,1574153,20.5,20.6,20.4,20.5,0.15,59,1.0,20.5,20.5,20.4,20.6
2023-09-11,231973,4871417,21.25,21.25,20.7,20.7,0.2,178,1.0,21.25,20.7,20.7,21.25
2023-09-12,95332,1963998,20.7,20.75,20.5,20.55,-0.15,91,1.0,20.7,20.55,20.5,20.75
2023-09-13,82579,1710434,20.55,20.8,20.55,20.8,0.25,64,1.0,20.55,20.8,20.55,20.8
2023-09-14,207839,4342513,20.75,21.0,20.75,20.9,0.1,115,1.0,20.75,20.9,20.75,21.0
2023-09-15,128541,2661753,20.95,20.95,20.5,20.5,-0.4,86,1.0,20.95,20.5,20.5,20.95
2023-09-18,202242,4173171,20.5,20.8,20.1,20.8,0.3,110,1.0,20.5,20.8,20.1,20.8
2023-09-19,195810,4120947,20.8,21.15,20.8,20.95,0.15,139,1.0,20.8,20.95,20.8,21.15
2023-09-20,59516,1240091,20.8,20.9,20.7,20.9,-0.05,52,1.0,20.8,20.9,20.7,20.9
2023-09-21,170774,3520128,20.8,20.8,20.4,20.5,-0.4,132,1.0,20.8,20.5,20.4,20.8
2023-09-22,95583,1966648,20.7,20.7,20.3,20.6,0.1,76,1.0,20.7,20.6,20.3,20.7
2023-09-25,318493,6661807,20.6,21.3,20.55,21.05,0.45,173,1.0,20.6,21.05,20.55,21.3
2023-09-26,90450,1888680,21.05,21.1,20.8,20.85,-0.2,63,1.0,21.05,20.85,20.8,21.1
2023-09-27,71345,1474557,20.65,20.8,20.55,20.55,-0.3,57,1.0,20.65,20.55,20.55,20.8
2023-09-28,79610,1634934,20.6,20.65,20.5,20.55,0.0,52,1.0,20.6,20.55,20.5,20.65
2023-10-02,118384,2445360,20.75,20.95,20.5,20.6,0.05,177,1.0,20.75,20.6,20.5,20.95
2023-10-03,76918,1591039,20.75,20.75,20.6,20.7,0.1,87,1.0,20.75,20.7,20.6,20.75
2023-10-04,109480,2266084,20.85,20.85,20.6,20.8,0.1,83,1.0,20.85,20.8,20.6,20.85
2023-10-05,213965,4511415,20.8,21.25,20.8,21.15,0.35,145,1.0,20.8,21.15,20.8,21.25
2023-10-06,112866,2376822,21.15,21.25,20.95,21.05,-0.1,219,1.0,21.15,21.05,20.95,21.25
2023-10-11,121212,2541043,20.95,21.15,20.85,20.85,-0.2,115,1.0,20.95,20.85,20.85,21.15
2023-10-12,187929,3922799,20.85,21.2,20.7,20.85,0.0,145,1.0,20.85,20.85,20.7,21.2
2023-10-13,108030,2241526,20.85,20.85,20.7,20.7,-0.15,58,1.0,20.85,20.7,20.7,20.85
2023-10-16,81151,1680273,20.7,20.8,20.65,20.65,-0.05,51,1.0,20.7,20.65,20.65,20.8
2023-10-17,142641,2932252,20.65,20.65,20.45,20.6,-0.05,130,1.0,20.65,20.6,20.45,20.65
2023-10-18,121295,2462007,20.5,20.55,20.1,20.15,-0.45,92,1.0,20.5,20.15,20.1,20.55
2023-10-19,191593,3826652,20.15,20.25,19.75,20.05,-0.1,176,1.0,20.15,20.05,19.75,20.25
2023-10-20,86000,1727150,20.0,20.55,19.75,20.15,0.1,52,1.0,20.0,20.15,19.75,20.55
2023-10-23,80163,1603115,20.0,20.15,19.95,19.95,-0.2,48,1.0,20.0,19.95,19.95,20.15
2023-10-24,81865,1634694,20.15,20.15,19.9,19.9,-0.05,116,1.0,20.15,19.9,19.9,20.15
2023-10-25,66156,1317767,19.8,20.1,19.8,19.95,0.05,42,1.0,19.8,19.95,19.8,20.1
2023-10-26,40965,812057,19.9,19.9,19.75,19.75,-0.2,144,1.0,19.9,19.75,19.75,19.9
2023-10-27,42367,837631,19.8,19.85,19.65,19.7,-0.05,131,1.0,19.8,19.7,19.65,19.85
2023-10-30,35678,703754,19.65,19.85,19.65,19.75,0.05,31,1.0,19.65,19.75,19.65,19.85
2023-10-31,44569,885563,19.65,20.0,19.65,19.9,0.15,46,1.0,19.65,19.9,19.65,20.0
2023-11-01,60054,1189195,19.9,19.9,19.75,19.9,0.0,140,1.0,19.9,19.9,19.75,19.9
2023-11-02,83066,1655244,19.9,20.05,19.9,19.9,0.0,95,1.0,19.9,19.9,19.9,20.05
2023-11-03,72955,1461501,20.0,20.15,19.9,19.9,0.0,69,1.0,20.0,19.9,19.9,20.15
2023-11-06,47780,960189,19.95,20.2,19.95,20.2,0.3,46,1.0,19.95,20.2,19.95,20.2
2023-11-07,72587,1452998,20.0,20.2,19.95,20.05,-0.15,61,1.0,20.0,20.05,19.95,20.2
2023-11-08,40406,812747,20.05,20.2,20.05,20.15,0.1,39,1.0,20.05,20.15,20.05,20.2
2023-11-09,29109,585457,20.3,20.3,20.0,20.1,-0.05,51,1.0,20.3,20.1,20.0,20.3
2023-11-10,60249,1217006,20.1,20.25,20.1,20.25,0.15,76,1.0,20.1,20.25,20.1,20.25
2023-11-13,34857,697315,20.05,20.05,19.95,20.05,-0.2,43,1.0,20.05,20.05,19.95,20.05
2023-11-14,46376,930409,20.0,20.15,20.0,20.1,0.05,37,1.0,20.0,20.1,20.0,20.15
2023-11-15,103182,2079177,20.4,20.4,20.05,20.1,0.0,75,1.0,20.4,20.1,20.05,20.4
2023-11-16,69260,1391296,20.3,20.3,20.0,20.2,0.1,104,1.0,20.3,20.2,20.0,20.3
2023-11-17,132763,2715378,20.3,20.55,20.3,20.5,0.3,103,1.0,20.3,20.5,20.3,20.55
2023-11-20,106656,2192523,20.5,20.6,20.45,20.55,0.05,121,1.0,20.5,20.55,20.45,20.6
2023-11-21,192298,3990554,20.55,20.95,20.5,20.9,0.35,137,1.0,20.55,20.9,20.5,20.95
2023-11-22,98994,2061808,20.95,20.95,20.75,20.85,-0.05,94,1.0,20.95,20.85,20.75,20.95
2023-11-23,69132,1439470,20.85,20.9,20.7,20.9,0.05,92,1.0,20.85,20.9,20.7,20.9
2023-11-24,99157,2073889,20.75,21.0,20.75,20.9,0.0,66,1.0,20.75,20.9,20.75,21.0
2023-11-27,69226,1442456,20.95,20.95,20.8,20.9,0.0,57,1.0,20.95,20.9,20.8,20.95
2023-11-28,86045,1797324,20.8,20.95,20.8,20.85,-0.05,93,1.0,20.8,20.85,20.8,20.95
2023-11-29,74678,1556269,20.8,20.9,20.8,20.8,-0.05,68,1.0,20.8,20.8,20.8,20.9
2023-11-30,79566,1660184,20.8,20.95,20.75,20.95,0.15,58,1.0,20.8,20.95,20.75,20.95
2023-12-01,63570,1331381,20.85,21.05,20.85,20.9,-0.05,87,1.0,20.85,20.9,20.85,21.05
2023-12-04,213802,4459687,21.05,21.05,20.8,20.8,-0.1,101,1.0,21.05,20.8,20.8,21.05
2023-12-05,51613,1072075,20.75,20.9,20.7,20.9,0.1,96,1.0,20.75,20.9,20.7,20.9
2023-12-06,52584,1093552,20.9,20.9,20.6,20.9,0.0,53,1.0,20.9,20.9,20.6,20.9
2023-12-07,1750262,38641997,20.9,22.7,20.9,22.5,1.6,1307,1.0,20.9,22.5,20.9,22.7
2023-12-08,726169,16144143,22.65,22.65,21.8,22.25,-0.25,507,1.0,22.65,22.25,21.8,22.65
2023-12-11,377954,8324621,22.25,22.5,21.8,21.9,-0.35,267,1.0,22.25,21.9,21.8,22.5
2023-12-12,472183,10199169,22.2,22.2,21.25,21.3,-0.6,437,1.0,22.2,21.3,21.25,22.2
2023-12-13,174469,3725571,21.4,21.55,21.2,21.25,-0.05,139,1.0,21.4,21.25,21.2,21.55
2023-12-14,342499,7460810,21.4,22.0,21.4,21.65,0.4,207,1.0,21.4,21.65,21.4,22.0
2023-12-15,143271,3085765,21.65,21.8,21.35,21.55,-0.1,114,1.0,21.65,21.55,21.35,21.8
2023-12-18,92836,1991208,21.5,21.55,21.3,21.45,-0.1,95,1.0,21.5,21.45,21.3,21.55
2023-12-19,170537,3668899,21.5,21.65,21.35,21.65,0.2,107,1.0,21.5,21.65,21.35,21.65
2023-12-20,296610,6510815,21.85,22.15,21.65,22.1,0.45,168,1.0,21.85,22.1,21.65,22.15
2023-12-21,235637,5193032,22.2,22.2,21.8,22.1,0.0,164,1.0,22.2,22.1,21.8,22.2
2023-12-22,344880,7682894,21.85,22.6,21.85,22.0,-0.1,237,1.0,21.85,22.0,21.85,22.6
2023-12-25,139971,3054440,22.2,22.2,21.65,21.7,-0.3,113,1.0,22.2,21.7,21.65,22.2
2023-12-26,71382,1558014,21.75,21.9,21.7,21.9,0.2,59,1.0,21.75,21.9,21.7,21.9
2023-12-27,79530,1725702,21.9,21.9,21.6,21.7,-0.2,107,1.0,21.9,21.7,21.6,21.9
2023-12-28,74515,1619155,21.65,21.8,21.65,21.8,0.1,68,1.0,21.65,21.8,21.65,21.8
2023-12-29,90229,1956891,21.8,21.8,21.6,21.75,-0.05,78,1.0,21.8,21.75,21.6,21.8
2024-01-02,62000,1344981,21.85,21.85,21.65,21.7,-0.05,57,1.0,21.85,21.7,21.65,21.85
2024-01-03,562450,12045173,21.65,21.65,21.1,21.2,-0.5,279,1.0,21.65,21.2,21.1,21.65
2024-01-04,75005,1585894,21.15,21.25,21.05,21.15,-0.05,72,1.0,21.15,21.15,21.05,21.25
2024-01-05,113405,2413234,21.15,21.45,21.15,21.15,0.0,100,1.0,21.15,21.15,21.15,21.45
2024-01-08,104298,2206999,21.15,21.3,21.05,21.15,0.0,86,1.0,21.15,21.15,21.05,21.3
2024-01-09,53050,1117850,21.15,21.2,21.0,21.0,-0.15,37,1.0,21.15,21.0,21.0,21.2
2024-01-10,109506,2273456,21.0,21.0,20.6,20.6,-0.4,130,1.0,21.0,20.6,20.6,21.0
2024-01-11,255858,5139629,20.2,20.3,19.95,20.05,-0.55,340,1.0,20.2,20.05,19.95,20.3
2024-01-12,77546,1559244,20.1,20.75,20.0,20.0,-0.05,103,1.0,20.1,20.0,20.0,20.75
2024-01-15,233045,4643232,20.0,20.0,19.8,19.9,-0.1,132,1.0,20.0,19.9,19.8,20.0
2024-01-16,131419,2622215,19.85,20.0,19.85,20.0,0.1,163,1.0,19.85,20.0,19.85,20.0
2024-01-17,263011,5184485,19.9,19.95,19.3,19.35,-0.65,319,1.0,19.9,19.35,19.3,19.95
2024-01-18,40952,798768,19.35,19.6,19.35,19.5,0.15,60,1.0,19.35,19.5,19.35,19.6
2024-01-19,56666,1113370,19.5,19.8,19.5,19.65,0.15,65,1.0,19.5,19.65,19.5,19.8
2024-01-22,23336,460110,19.7,19.75,19.7,19.7,0.05,28,1.0,19.7,19.7,19.7,19.75
2024-01-23,82714,1620455,19.7,19.85,19.4,19.55,-0.15,83,1.0,19.7,19.55,19.4,19.85
2024-01-24,119035,2325158,19.5,19.65,19.45,19.55,0.0,83,1.0,19.5,19.55,19.45,19.65
2024-01-25,47323,933563,19.7,19.8,19.65,19.7,0.15,58,1.0,19.7,19.7,19.65,19.8
2024-01-26,98143,1936370,19.75,19.85,19.65,19.8,0.1,94,1.0,19.75,19.8,19.65,19.85
2024-01-29,75821,1504003,19.85,19.9,19.8,19.9,0.1,51,1.0,19.85,19.9,19.8,19.9
2024-01-30,84012,1683879,19.85,20.25,19.8,20.05,0.15,79,1.0,19.85,20.05,19.8,20.25
2024-01-31,54600,1081478,20.3,20.3,19.65,19.65,-0.4,66,1.0,20.3,19.65,19.65,20.3
2024-02-01,47034,921213,19.5,19.75,19.5,19.65,0.0,49,1.0,19.5,19.65,19.5,19.75
2024-02-02,48306,952529,19.75,19.9,19.55,19.55,-0.1,89,1.0,19.75,19.55,19.55,19.9
2024-02-05,59935,1168220,19.55,19.55,19.4,19.55,0.0,93,1.0,19.55,19.55,19.4,19.55
2024-02-15,154887,3021158,19.75,19.75,19.4,19.5,-0.05,197,1.0,19.75,19.5,19.4,19.75
2024-02-16,101145,1972155,19.55,19.6,19.4,19.5,0.0,67,1.0,19.55,19.5,19.4,19.6
2024-02-19,267073,5338583,19.55,20.2,19.55,19.9,0.4,152,1.0,19.55,19.9,19.55,20.2
2024-02-20,122486,2443030,20.0,20.0,19.85,19.95,0.05,84,1.0,20.0,19.95,19.85,20.0
2024-02-21,187015,3736063,19.95,20.05,19.8,19.9,-0.05,76,1.0,19.95,19.9,19.8,20.05
2024-02-22,52392,1045066,19.85,20.1,19.85,19.9,0.0,40,1.0,19.85,19.9,19.85,20.1
2024-02-23,186542,3663481,19.85,19.85,19.5,19.55,-0.35,233,1.0,19.85,19.55,19.5,19.85
2024-02-26,201314,3904667,19.55,19.55,19.3,19.35,-0.2,277,1.0,19.55,19.35,19.3,19.55
2024-02-27,174737,3340259,19.35,19.4,18.95,19.0,-0.35,376,1.0,19.35,19.0,18.95,19.4
2024-02-29,93921,1787815,19.0,19.15,19.0,19.15,0.15,209,1.0,19.0,19.15,19.0,19.15
2024-03-01,95564,1828746,19.45,19.45,19.05,19.05,-0.1,123,1.0,19.45,19.05,19.05,19.45
2024-03-04,148256,2820800,19.05,19.1,19.0,19.0,-0.05,133,1.0,19.05,19.0,19.0,19.1
2024-03-05,454713,8437087,19.0,19.0,18.35,18.55,-0.45,402,1.0,19.0,18.55,18.35,19.0
2024-03-06,199716,3697648,18.55,18.7,18.3,18.6,0.05,155,1.0,18.55,18.6,18.3,18.7
2024-03-07,83488,1537121,18.4,18.6,18.3,18.45,-0.15,91,1.0,18.4,18.45,18.3,18.6
2024-03-08,162133,2962280,18.35,18.4,18.15,18.3,-0.15,160,1.0,18.35,18.3,18.15,18.4
2024-03-11,80034,1457647,18.3,18.35,18.15,18.15,-0.15,91,1.0,18.3,18.15,18.15,18.35
2024-03-12,160986,2914239,18.15,18.25,18.0,18.1,-0.05,139,1.0,18.15,18.1,18.0,18.25
2024-03-13,362602,6491982,18.0,18.1,17.7,17.7,-0.4,256,1.0,18.0,17.7,17.7,18.1
2024-03-14,303386,5404751,17.8,18.05,17.7,17.8,0.1,151,1.0,17.8,17.8,17.7,18.05
2024-03-15,65915,1178639,17.8,18.0,17.75,17.85,0.05,71,1.0,17.8,17.85,17.75,18.0
2024-03-18,113987,2019394,17.85,17.85,17.6,17.75,-0.1,109,1.0,17.85,17.75,17.6,17.85
2024-03-19,295380,5200627,17.65,17.9,17.5,17.7,-0.05,145,1.0,17.65,17.7,17.5,17.9
2024-03-20,134072,2377355,17.7,17.9,17.55,17.8,0.1,119,1.0,17.7,17.8,17.55,17.9
2024-03-21,114692,2050022,17.8,18.0,17.8,17.85,0.05,99,1.0,17.8,17.85,17.8,18.0
2024-03-22,95253,1703738,17.85,18.0,17.8,17.95,0.1,84,1.0,17.85,17.95,17.8,18.0
2024-03-25,119952,2140557,17.85,18.0,17.75,18.0,0.05,104,1.0,17.85,18.0,17.75,18.0
2024-03-26,85772,1532289,18.2,18.35,17.65,17.65,-0.35,119,1.0,18.2,17.65,17.65,18.35
2024-03-27,103002,1829477,17.65,17.95,17.65,17.9,0.25,65,1.0,17.65,17.9,17.65,17.95
2024-03-28,115388,2048326,17.75,17.95,17.65,17.9,0.0,109,1.0,17.75,17.9,17.65,17.95
2024-03-29,167181,2951035,17.7,17.85,17.55,17.6,-0.3,156,1.0,17.7,17.6,17.55,17.85
2024-04-01,181790,3166732,17.6,17.6,17.3,17.55,-0.05,287,1.0,17.6,17.55,17.3,17.6
2024-04-02,194062,3361002,17.6,17.6,17.2,17.4,-0.15,192,1.0,17.6,17.4,17.2,17.6
2024-04-03,197506,3379136,17.4,17.4,17.05,17.05,-0.35,141,1.0,17.4,17.05,17.05,17.4
2024-04-08,195481,3326468,17.05,17.2,16.9,17.2,0.15,137,1.0,17.05,17.2,16.9,17.2
2024-04-09,165611,2864837,17.25,17.4,17.2,17.35,0.15,128,1.0,17.25,17.35,17.2,17.4
2024-04-10,61621,1064897,17.25,17.4,17.2,17.35,0.0,62,1.0,17.25,17.35,17.2,17.4
2024-04-11,64740,1113366,17.3,17.3,17.1,17.25,-0.1,72,1.0,17.3,17.25,17.1,17.3
2024-04-12,93445,1596956,17.1,17.2,17.0,17.2,-0.05,92,1.0,17.1,17.2,17.0,17.2
2024-04-15,110704,1910059,17.2,17.6,17.1,17.1,-0.1,90,1.0,17.2,17.1,17.1,17.6
2024-04-16,373641,6197505,17.1,17.1,16.45,16.5,-0.6,229,1.0,17.1,16.5,16.45,17.1
2024-04-17,109375,1806511,16.5,16.65,16.45,16.5,0.0,96,1.0,16.5,16.5,16.45,16.65
2024-04-18,162226,2653865,16.4,16.5,16.3,16.3,-0.2,143,1.0,16.4,16.3,16.3,16.5
2024-04-19,291531,4654480,16.55,16.55,15.8,15.9,-0.4,215,1.0,16.55,15.9,15.8,16.55
2024-04-22,292339,4574259,16.0,16.05,15.4,15.65,-0.25,199,1.0,16.0,15.65,15.4,16.05
2024-04-23,104650,1639889,15.65,15.75,15.6,15.65,0.0,91,1.0,15.65,15.65,15.6,15.75
2024-04-24,193200,3048199,15.65,15.9,15.65,15.9,0.25,124,1.0,15.65,15.9,15.65,15.9
2024-04-25,475624,8117788,15.65,17.45,15.65,17.45,1.55,369,1.0,15.65,17.45,15.65,17.45
2024-04-26,1549936,27869314,17.7,18.55,17.5,17.7,0.25,907,1.0,17.7,17.7,17.5,18.55
2024-04-29,427875,7519686,18.2,18.2,17.2,17.7,0.0,369,1.0,18.2,17.7,17.2,18.2
2024-04-30,118315,2077480,17.7,17.7,17.45,17.5,-0.2,100,1.0,17.7,17.5,17.45,17.7
2024-05-02,76803,1324403,17.15,17.35,17.15,17.35,-0.15,81,1.0,17.15,17.35,17.15,17.35
2024-05-03,141095,2439608,17.35,17.45,17.2,17.35,0.0,118,1.0,17.35,17.35,17.2,17.45
2024-05-06,91899,1606341,17.4,17.65,17.35,17.45,0.1,117,1.0,17.4,17.45,17.35,17.65
2024-05-07,69565,1196529,17.4,17.4,17.05,17.2,-0.25,73,1.0,17.4,17.2,17.05,17.4
2024-05-08,94102,1617153,17.1,17.3,17.1,17.2,0.0,103,1.0,17.1,17.2,17.1,17.3
2024-05-09,36451,627393,17.15,17.3,17.15,17.2,0.0,50,1.0,17.15,17.2,17.15,17.3
2024-05-10,54482,933757,17.2,17.3,17.05,17.3,0.1,61,1.0,17.2,17.3,17.05,17.3
2024-05-13,113776,1949977,17.4,17.4,17.05,17.2,-0.1,141,1.0,17.4,17.2,17.05,17.4
2024-05-14,65406,1120882,17.2,17.25,17.05,17.15,-0.05,102,1.0,17.2,17.15,17.05,17.25
2024-05-15,111750,1910252,17.1,17.2,17.05,17.15,0.0,102,1.0,17.1,17.15,17.05,17.2
2024-05-16,287910,4893303,17.3,17.3,16.85,16.9,-0.25,186,1.0,17.3,16.9,16.85,17.3
2024-05-17,176270,2946572,16.85,16.95,16.65,16.7,-0.2,156,1.0,16.85,16.7,16.65,16.95
2024-05-20,134994,2232541,16.7,16.7,16.4,16.4,-0.3,159,1.0,16.7,16.4,16.4,16.7
2024-05-21,81095,1337252,16.5,16.65,16.4,16.5,0.1,67,1.0,16.5,16.5,16.4,16.65
2024-05-22,602379,10326227,16.65,17.6,16.65,16.9,0.4,358,1.0,16.65,16.9,16.65,17.6
2024-05-23,145852,2462759,16.9,17.3,16.75,16.8,-0.1,99,1.0,16.9,16.8,16.75,17.3
2024-05-24,79609,1324701,16.75,16.8,16.55,16.8,0.0,124,1.0,16.75,16.8,16.55,16.8
2024-05-27,84481,1418784,16.85,16.9,16.7,16.8,0.0,105,1.0,16.85,16.8,16.7,16.9
2024-05-28,88380,1494679,16.9,17.05,16.8,17.0,0.2,85,1.0,16.9,17.0,16.8,17.05
2024-05-29,61105,1040959,16.9,17.25,16.9,17.15,0.15,75,1.0,16.9,17.15,16.9,17.25
2024-05-30,102672,1758890,17.0,17.2,17.0,17.15,0.0,88,1.0,17.0,17.15,17.0,17.2
2024-05-31,155134,2651151,17.2,17.2,17.0,17.15,0.0,96,1.0,17.2,17.15,17.0,17.2
2024-06-03,84196,1438898,17.4,17.4,17.0,17.1,-0.05,129,1.0,17.4,17.1,17.0,17.4
2024-06-04,115379,1961538,17.1,17.1,16.9,16.95,-0.15,74,1.0,17.1,16.95,16.9,17.1
2024-06-05,82377,1390851,16.85,17.0,16.8,16.9,-0.05,95,1.0,16.85,16.9,16.8,17.0
2024-06-06,111745,1865962,16.9,16.9,16.6,16.7,-0.2,150,1.0,16.9,16.7,16.6,16.9
2024-06-07,208636,3562499,16.75,17.25,16.75,17.1,0.4,151,1.0,16.75,17.1,16.75,17.25
2024-06-11,101334,1701814,17.0,17.0,16.65,16.85,-0.25,124,1.0,17.0,16.85,16.65,17.0
2024-06-12,212387,3632793,16.85,17.2,16.7,17.1,0.25,160,1.0,16.85,17.1,16.7,17.2
2024-06-13,231868,4016449,17.1,17.5,17.0,17.3,0.2,156,1.0,17.1,17.3,17.0,17.5
2024-06-14,232437,3970550,17.3,17.3,16.95,17.15,-0.15,138,1.0,17.3,17.15,16.95,17.3
2024-06-17,205581,3543525,17.5,17.5,17.1,17.1,-0.05,196,1.0,17.5,17.1,17.1,17.5
2024-06-18,164990,2803127,17.1,17.1,16.9,16.9,-0.2,190,1.0,17.1,16.9,16.9,17.1
2024-06-19,132330,2236734,17.05,17.05,16.8,16.85,-0.05,147,1.0,17.05,16.85,16.8,17.05
2024-06-20,115804,1966723,16.85,17.15,16.8,17.0,0.15,105,1.0,16.85,17.0,16.8,17.15
2024-06-21,61617,1047902,17.0,17.1,16.95,17.1,0.1,67,1.0,17.0,17.1,16.95,17.1
2024-06-24,88717,1504055,17.0,17.0,16.85,16.85,-0.25,73,1.0,17.0,16.85,16.85,17.0
2024-06-25,60416,1024360,17.1,17.1,16.8,16.9,0.05,56,1.0,17.1,16.9,16.8,17.1
2024-06-26,116829,1973077,16.85,16.95,16.85,16.95,0.05,88,1.0,16.85,16.95,16.85,16.95
2024-06-27,89757,1509224,16.8,16.9,16.75,16.75,-0.2,82,1.0,16.8,16.75,16.75,16.9
2024-06-28,209280,3498702,16.8,16.9,16.65,16.7,-0.05,141,1.0,16.8,16.7,16.65,16.9
2024-07-01,175992,2927156,16.7,16.7,16.55,16.6,-0.1,217,1.0,16.7,16.6,16.55,16.7
2024-07-02,185316,3044766,16.6,16.6,16.3,16.4,-0.2,320,1.0,16.6,16.4,16.3,16.6
2024-07-03,190300,3119815,16.4,16.6,16.3,16.55,0.15,144,1.0,16.4,16.55,16.3,16.6
2024-07-04,153433,2518376,16.65,16.65,16.3,16.5,-0.05,175,1.0,16.65,16.5,16.3,16.65
2024-07-05,120153,1979738,16.3,16.55,16.3,16.55,0.05,107,1.0,16.3,16.55,16.3,16.55
2024-07-08,133185,2182070,16.5,16.55,16.3,16.35,-0.2,116,1.0,16.5,16.35,16.3,16.55
2024-07-09,143819,2336171,16.55,16.55,16.1,16.15,-0.2,140,1.0,16.55,16.15,16.1,16.55
2024-07-10,98218,1587501,16.2,16.2,16.15,16.2,0.05,92,1.0,16.2,16.2,16.15,16.2
2024-07-11,347281,5629271,16.2,16.5,16.0,16.4,0.2,291,1.0,16.2,16.4,16.0,16.5
2024-07-12,233003,3846663,16.4,16.6,16.25,16.5,0.1,138,1.0,16.4,16.5,16.25,16.6
2024-07-15,196485,3202221,16.5,16.5,16.15,16.2,-0.3,167,1.0,16.5,16.2,16.15,16.5
2024-07-16,95705,1551076,16.25,16.3,16.15,16.15,-0.05,172,1.0,16.25,16.15,16.15,16.3
2024-07-17,180519,2923034,16.25,16.3,16.1,16.15,0.0,156,1.0,16.25,16.15,16.1,16.3
2024-07-18,188083,3024916,16.2,16.2,16.0,16.05,-0.1,174,1.0,16.2,16.05,16.0,16.2
2024-07-19,185167,2947786,16.35,16.35,15.8,15.9,-0.15,151,1.0,16.35,15.9,15.8,16.35
2024-07-22,186443,2936956,15.8,16.05,15.5,15.9,0.0,160,1.0,15.8,15.9,15.5,16.05
2024-07-23,589789,9157212,16.05,16.1,15.35,15.45,-0.45,327,1.0,16.05,15.45,15.35,16.1
2024-07-26,268928,4078118,15.2,15.45,15.05,15.15,-0.3,236,1.0,15.2,15.15,15.05,15.45
2024-07-29,139717,2115384,15.2,15.25,15.05,15.05,-0.1,115,1.0,15.2,15.05,15.05,15.25
2024-07-30,281381,4262920,15.05,15.4,14.95,15.4,0.35,193,1.0,15.05,15.4,14.95,15.4
2024-07-31,400575,6217620,15.2,15.95,15.2,15.5,0.1,287,1.0,15.2,15.5,15.2,15.95
2024-08-01,371872,5712545,15.55,15.6,15.25,15.3,-0.2,252,1.0,15.55,15.3,15.25,15.6
2024-08-02,135574,2066712,15.15,15.35,15.15,15.25,-0.05,109,1.0,15.15,15.25,15.15,15.35
2024-08-05,537979,7573881,15.1,15.1,13.75,14.15,-1.1,337,1.0,15.1,14.15,13.75,15.1
2024-08-06,406761,5725269,14.2,14.5,13.4,14.5,0.35,286,1.0,14.2,14.5,13.4,14.5
2024-08-07,153599,2226555,14.3,14.7,14.15,14.6,0.1,118,1.0,14.3,14.6,14.15,14.7
2024-08-08,94105,1352542,14.2,14.6,14.2,14.6,0.0,86,1.0,14.2,14.6,14.2,14.6
2024-08-09,166374,2416679,14.5,14.7,14.4,14.55,-0.05,118,1.0,14.5,14.55,14.4,14.7
2024-08-12,97971,1419385,14.5,14.7,14.4,14.4,-0.15,89,1.0,14.5,14.4,14.4,14.7
2024-08-13,168546,2398223,14.4,14.5,14.1,14.25,-0.15,182,1.0,14.4,14.25,14.1,14.5
2024-08-14,128121,1811230,14.1,14.3,14.05,14.15,-0.1,88,1.0,14.1,14.15,14.05,14.3
2024-08-15,189924,2693495,14.3,14.35,14.05,14.05,-0.1,119,1.0,14.3,14.05,14.05,14.35
2024-08-16,208465,2931882,14.1,14.2,14.0,14.05,0.0,137,1.0,14.1,14.05,14.0,14.2
2024-08-19,103612,1446953,14.05,14.1,13.9,13.9,-0.15,80,1.0,14.05,13.9,13.9,14.1
2024-08-20,121418,1696029,13.95,14.1,13.85,14.0,0.1,104,1.0,13.95,14.0,13.85,14.1
2024-08-21,335868,4651359,13.9,13.95,13.75,13.95,-0.05,165,1.0,13.9,13.95,13.75,13.95
2024-08-22,144812,2003652,13.95,13.95,13.75,13.8,-0.15,101,1.0,13.95,13.8,13.75,13.95
2024-08-23,231322,3242162,13.8,14.3,13.7,14.3,0.5,174,1.0,13.8,14.3,13.7,14.3
2024-08-26,336353,4716250,14.1,14.1,13.9,14.0,-0.3,240,1.0,14.1,14.0,13.9,14.1
2024-08-27,293765,4086834,14.05,14.3,13.8,13.9,-0.1,202,1.0,14.05,13.9,13.8,14.3
2024-08-28,190001,2646112,14.0,14.05,13.85,13.9,0.0,146,1.0,14.0,13.9,13.85,14.05
2024-08-29,149367,2062086,13.85,13.9,13.75,13.8,-0.1,116,1.0,13.85,13.8,13.75,13.9
2024-08-30,82094,1134432,13.85,13.9,13.8,13.85,0.05,83,1.0,13.85,13.85,13.8,13.9
2024-09-02,179480,2467753,13.85,13.85,13.7,13.7,-0.15,119,1.0,13.85,13.7,13.7,13.85
2024-09-03,115108,1570606,13.7,13.7,13.55,13.65,-0.05,108,1.0,13.7,13.65,13.55,13.7
2024-09-04,720058,9587129,13.5,13.5,13.1,13.45,-0.2,302,1.0,13.5,13.45,13.1,13.5
2024-09-05,209853,2783858,13.4,13.45,13.1,13.2,-0.25,150,1.0,13.4,13.2,13.1,13.45
2024-09-06,628588,8278250,13.2,13.25,13.05,13.15,-0.05,168,1.0,13.2,13.15,13.05,13.25
2024-09-09,378668,4854105,12.9,13.0,12.75,12.85,-0.3,206,1.0,12.9,12.85,12.75,13.0
2024-09-10,341034,4312584,12.9,13.2,12.35,12.4,-0.45,210,1.0,12.9,12.4,12.35,13.2
2024-09-11,1252413,16066523,12.75,13.25,12.6,12.95,0.55,416,1.0,12.75,12.95,12.6,13.25
2024-09-12,174625,2240453,12.95,12.95,12.75,12.75,-0.2,146,1.0,12.95,12.75,12.75,12.95
2024-09-13,242309,3154553,12.8,13.2,12.8,13.1,0.35,172,1.0,12.8,13.1,12.8,13.2
2024-09-16,856205,11842115,13.25,14.2,13.25,13.9,0.8,518,1.0,13.25,13.9,13.25,14.2
2024-09-18,210593,2932479,13.9,14.15,13.85,13.9,0.0,186,1.0,13.9,13.9,13.85,14.15
2024-09-19,207552,2892115,14.0,14.05,13.8,14.0,0.1,171,1.0,14.0,14.0,13.8,14.05
2024-09-20,4626238,62181634,14.1,14.15,13.35,13.35,-0.65,572,1.0,14.1,13.35,13.35,14.15
2024-09-23,1003300,13748367,13.35,14.0,13.35,13.7,0.35,433,1.0,13.35,13.7,13.35,14.0
2024-09-24,218757,2978164,13.8,13.9,13.5,13.55,-0.15,188,1.0,13.8,13.55,13.5,13.9
2024-09-25,153847,2108094,13.7,13.8,13.6,13.65,0.1,116,1.0,13.7,13.65,13.6,13.8
2024-09-26,132759,1818016,13.65,13.75,13.6,13.7,0.05,101,1.0,13.65,13.7,13.6,13.75
2024-09-27,204396,2819425,13.7,13.85,13.7,13.8,0.1,115,1.0,13.7,13.8,13.7,13.85
2024-09-30,230725,3204225,13.8,14.0,13.75,14.0,0.2,126,1.0,13.8,14.0,13.75,14.0
2024-10-01,100096,1391585,14.1,14.1,13.8,13.85,-0.15,82,1.0,14.1,13.85,13.8,14.1
2024-10-04,181790,2524095,13.6,14.05,13.6,13.8,-0.05,121,1.0,13.6,13.8,13.6,14.05
2024-10-07,136847,1897023,13.8,13.95,13.75,13.85,0.05,90,1.0,13.8,13.85,13.75,13.95
2024-10-08,239862,3351586,14.0,14.05,13.85,14.0,0.15,160,1.0,14.0,14.0,13.85,14.05
2024-10-09,271732,3765899,14.1,14.1,13.7,13.9,-0.1,153,1.0,14.1,13.9,13.7,14.1
2024-10-11,293406,3969302,13.7,13.7,13.3,13.5,-0.4,188,1.0,13.7,13.5,13.3,13.7
2024-10-14,287495,3782629,13.5,13.5,13.05,13.15,-0.35,138,1.0,13.5,13.15,13.05,13.5
2024-10-15,54801,722302,13.2,13.3,13.1,13.2,0.05,57,1.0,13.2,13.2,13.1,13.3
2024-10-16,144946,1902284,13.1,13.2,13.05,13.1,-0.1,76,1.0,13.1,13.1,13.05,13.2
2024-10-17,122498,1627606,13.1,13.35,13.1,13.3,0.2,82,1.0,13.1,13.3,13.1,13.35
2024-10-18,135025,1789607,13.4,13.4,13.15,13.3,0.0,75,1.0,13.4,13.3,13.15,13.4
2024-10-21,52630,697975,13.3,13.35,13.2,13.2,-0.1,51,1.0,13.3,13.2,13.2,13.35
2024-10-22,49163,649022,13.3,13.3,13.15,13.15,-0.05,56,1.0,13.3,13.15,13.15,13.3
2024-10-23,124407,1634750,13.15,13.35,13.0,13.25,0.1,96,1.0,13.15,13.25,13.0,13.35
2024-10-24,67290,889314,13.2,13.3,13.05,13.3,0.05,72,1.0,13.2,13.3,13.05,13.3
2024-10-25,63707,845080,13.3,13.35,13.2,13.25,-0.05,46,1.0,13.3,13.25,13.2,13.35
2024-10-28,62298,826727,13.25,13.5,13.15,13.2,-0.05,62,1.0,13.25,13.2,13.15,13.5
2024-10-29,110769,1460132,13.3,13.3,13.05,13.2,0.0,126,1.0,13.3,13.2,13.05,13.3
2024-10-30,51782,679603,13.1,13.2,13.05,13.2,0.0,41,1.0,13.1,13.2,13.05,13.2
2024-11-01,88041,1174070,13.55,13.55,13.2,13.2,0.0,96,1.0,13.55,13.2,13.2,13.55
2024-11-04,64592,860121,13.2,13.45,13.2,13.3,0.1,71,1.0,13.2,13.3,13.2,13.45
2024-11-05,82191,1094074,13.3,13.4,13.25,13.3,0.0,125,1.0,13.3,13.3,13.25,13.4
2024-11-06,105052,1409432,13.35,13.5,13.35,13.45,0.15,105,1.0,13.35,13.45,13.35,13.5
2024-11-07,258518,3525018,13.5,13.75,13.5,13.6,0.15,184,1.0,13.5,13.6,13.5,13.75
2024-11-08,135882,1834568,13.6,13.75,13.35,13.4,-0.2,139,1.0,13.6,13.4,13.35,13.75
2024-11-11,63419,849409,13.3,13.5,13.3,13.35,-0.05,57,1.0,13.3,13.35,13.3,13.5
2024-11-12,86138,1135996,13.2,13.3,13.1,13.3,-0.05,66,1.0,13.2,13.3,13.1,13.3
2024-11-13,62535,830180,13.2,13.35,13.15,13.25,-0.05,53,1.0,13.2,13.25,13.15,13.35
2024-11-14,186409,2455249,13.5,13.5,13.0,13.0,-0.25,113,1.0,13.5,13.0,13.0,13.5
2024-11-15,45208,590801,13.0,13.2,13.0,13.1,0.1,81,1.0,13.0,13.1,13.0,13.2
2024-11-18,32617,430929,13.2,13.3,13.15,13.3,0.2,49,1.0,13.2,13.3,13.15,13.3
2024-11-19,81425,1083404,13.3,13.4,13.15,13.35,0.05,111,1.0,13.3,13.35,13.15,13.4
2024-11-20,53671,712140,13.35,13.35,13.2,13.25,-0.1,93,1.0,13.35,13.25,13.2,13.35
2024-11-21,33518,443793,13.25,13.3,13.2,13.25,0.0,36,1.0,13.25,13.25,13.2,13.3
2024-11-22,33903,450922,13.25,13.4,13.2,13.35,0.1,44,1.0,13.25,13.35,13.2,13.4
2024-11-25,67900,904505,13.35,13.4,13.25,13.4,0.05,64,1.0,13.35,13.4,13.25,13.4
2024-11-26,55130,738639,13.4,13.55,13.3,13.35,-0.05,54,1.0,13.4,13.35,13.3,13.55
2024-11-27,47726,636725,13.35,13.4,13.3,13.3,-0.05,49,1.0,13.35,13.3,13.3,13.4
2024-11-28,75120,992142,13.3,13.3,13.15,13.2,-0.1,53,1.0,13.3,13.2,13.15,13.3
2024-11-29,65588,875795,13.35,13.4,13.25,13.3,0.1,58,1.0,13.35,13.3,13.25,13.4
2024-12-02,64664,861328,13.35,13.4,13.25,13.25,-0.05,61,1.0,13.35,13.25,13.25,13.4
2024-12-03,97015,1282099,13.25,13.25,13.15,13.2,-0.05,65,1.0,13.25,13.2,13.15,13.25
2024-12-04,101397,1329825,13.3,13.3,13.05,13.15,-0.05,69,1.0,13.3,13.15,13.05,13.3
2024-12-05,129258,1687412,13.05,13.15,13.0,13.1,-0.05,77,1.0,13.05,13.1,13.0,13.15
2024-12-06,84617,1106938,13.0,13.15,13.0,13.1,0.0,66,1.0,13.0,13.1,13.0,13.15
2024-12-09,163553,2142372,13.15,13.15,13.0,13.0,-0.1,81,1.0,13.15,13.0,13.0,13.15
2024-12-10,140086,1817380,13.0,13.2,12.9,13.0,0.0,122,1.0,13.0,13.0,12.9,13.2
2024-12-11,79585,1035941,12.95,13.1,12.9,13.1,0.1,72,1.0,12.95,13.1,12.9,13.1
2024-12-12,216055,2823296,13.1,13.1,12.9,12.95,-0.15,75,1.0,13.1,12.95,12.9,13.1
2024-12-13,112649,1452441,13.0,13.0,12.85,12.9,-0.05,65,1.0,13.0,12.9,12.85,13.0
2024-12-16,231669,2912195,12.9,12.9,12.25,12.8,-0.1,155,1.0,12.9,12.8,12.25,12.9
2024-12-17,75372,948909,12.8,12.8,12.45,12.65,-0.15,86,1.0,12.8,12.65,12.45,12.8
2024-12-18,985434,11509883,12.5,12.5,11.4,11.55,-1.1,527,1.0,12.5,11.55,11.4,12.5
2024-12-19,605275,6758053,11.4,11.45,11.0,11.35,-0.2,369,1.0,11.4,11.35,11.0,11.45
2024-12-20,180178,2014423,11.5,11.5,11.1,11.1,-0.25,146,1.0,11.5,11.1,11.1,11.5
2024-12-23,687954,7502540,11.15,11.15,10.7,10.7,-0.4,335,1.0,11.15,10.7,10.7,11.15
2024-12-24,285785,3108834,10.6,11.05,10.6,10.85,0.15,201,1.0,10.6,10.85,10.6,11.05
2024-12-25,134189,1460472,11.0,11.0,10.75,10.8,-0.05,96,1.0,11.0,10.8,10.75,11.0
2024-12-26,112841,1235049,10.85,11.05,10.8,11.05,0.25,81,1.0,10.85,11.05,10.8,11.05
2024-12-27,98627,1086758,11.0,11.05,11.0,11.0,-0.05,78,1.0,11.0,11.0,11.0,11.05
2024-12-30,92253,1004740,11.1,11.1,10.75,10.9,-0.1,85,1.0,11.1,10.9,10.75,11.1
2024-12-31,100303,1083989,10.85,10.9,10.75,10.85,-0.05,80,1.0,10.85,10.85,10.75,10.9
2025-01-02,98098,1060850,10.75,10.95,10.7,10.8,-0.05,77,1.0,10.75,10.8,10.7,10.95
2025-01-03,178243,1920921,10.9,10.9,10.55,10.7,-0.1,123,1.0,10.9,10.7,10.55,10.9
2025-01-06,71912,773634,10.7,10.85,10.7,10.8,0.1,51,1.0,10.7,10.8,10.7,10.85
2025-01-07,124732,1331409,10.8,10.8,10.6,10.75,-0.05,99,1.0,10.8,10.75,10.6,10.8
2025-01-08,200896,2111362,10.7,10.7,10.35,10.45,-0.3,150,1.0,10.7,10.45,10.35,10.7
2025-01-09,190468,1979166,10.4,10.65,10.2,10.2,-0.25,122,1.0,10.4,10.2,10.2,10.65
2025-01-10,192562,1949692,10.1,10.3,10.05,10.1,-0.1,112,1.0,10.1,10.1,10.05,10.3
2025-01-13,162393,1650002,10.15,10.25,10.0,10.1,0.0,97,1.0,10.15,10.1,10.0,10.25
2025-01-14,113310,1160375,10.25,10.35,10.15,10.3,0.2,79,1.0,10.25,10.3,10.15,10.35
2025-01-15,76222,785415,10.25,10.35,10.25,10.25,-0.05,44,1.0,10.25,10.25,10.25,10.35
2025-01-16,63203,654215,10.4,10.4,10.25,10.35,0.1,51,1.0,10.4,10.35,10.25,10.4
2025-01-17,41697,430837,10.35,10.4,10.25,10.35,0.0,50,1.0,10.35,10.35,10.25,10.4
2025-01-20,49154,509759,10.4,10.45,10.25,10.4,0.05,38,1.0,10.4,10.4,10.25,10.45
2025-01-21,70878,729270,10.3,10.4,10.25,10.35,-0.05,53,1.0,10.3,10.35,10.25,10.4
2025-01-22,82756,854549,10.3,10.4,10.25,10.35,0.0,51,1.0,10.3,10.35,10.25,10.4
2025-02-03,62569,638513,10.35,10.35,10.15,10.2,-0.15,51,1.0,10.35,10.2,10.15,10.35
2025-02-04,55205,567805,10.2,10.5,10.15,10.2,0.0,42,1.0,10.2,10.2,10.15,10.5
2025-02-05,74217,760275,10.3,10.35,10.15,10.3,0.1,58,1.0,10.3,10.3,10.15,10.35
2025-02-06,140671,1483242,10.4,10.8,10.4,10.65,0.35,118,1.0,10.4,10.65,10.4,10.8
2025-02-07,85086,889345,10.6,10.6,10.35,10.55,-0.1,84,1.0,10.6,10.55,10.35,10.6
2025-02-10,136598,1442183,10.5,10.7,10.45,10.55,0.0,120,1.0,10.5,10.55,10.45,10.7
2025-02-11,118117,1254018,10.7,10.75,10.55,10.6,0.05,77,1.0,10.7,10.6,10.55,10.75
2025-02-12,120255,1277160,10.7,10.75,10.55,10.65,0.05,92,1.0,10.7,10.65,10.55,10.75
2025-02-13,93866,996449,10.75,10.75,10.4,10.65,0.0,94,1.0,10.75,10.65,10.4,10.75
2025-02-14,104718,1122070,10.7,10.75,10.7,10.75,0.1,100,1.0,10.7,10.75,10.7,10.75
2025-02-17,591556,6828479,10.9,11.8,10.75,11.8,1.05,289,1.0,10.9,11.8,10.75,11.8
2025-02-18,1461450,18483506,12.4,12.95,12.2,12.95,1.15,702,1.0,12.4,12.95,12.2,12.95
2025-02-19,3979047,53138457,13.2,13.85,12.95,13.65,0.7,2019,1.0,13.2,13.65,12.95,13.85
2025-02-20,1093185,14875972,13.65,14.05,13.3,13.35,-0.3,660,1.0,13.65,13.35,13.3,14.05
2025-02-21,1858672,26604729,13.35,14.65,13.35,14.65,1.3,854,1.0,13.35,14.65,13.35,14.65
2025-02-24,4717543,72818103,14.65,16.0,14.35,15.9,1.25,2947,1.0,14.65,15.9,14.35,16.0
2025-02-25,2406617,38510644,15.8,16.45,15.6,15.95,0.05,1419,1.0,15.8,15.95,15.6,16.45
2025-02-26,1380418,21645825,16.0,16.0,15.3,15.95,0.0,895,1.0,16.0,15.95,15.3,16.0
2025-02-27,1294771,19726310,16.2,16.2,14.85,14.9,-1.05,800,1.0,16.2,14.9,14.85,16.2
2025-03-03,618471,9353418,14.85,15.35,14.65,15.1,0.2,431,1.0,14.85,15.1,14.65,15.35
2025-03-04,311773,4717610,15.0,15.45,14.8,15.35,0.25,211,1.0,15.0,15.35,14.8,15.45
2025-03-05,291464,4414630,15.25,15.4,15.05,15.1,-0.25,220,1.0,15.25,15.1,15.05,15.4
2025-03-06,250063,3733207,15.25,15.25,14.7,14.85,-0.25,160,1.0,15.25,14.85,14.7,15.25
2025-03-07,398947,5767181,14.8,15.0,14.25,14.4,-0.45,281,1.0,14.8,14.4,14.25,15.0
2025-03-10,276103,4037247,15.0,15.0,14.4,14.4,0.0,190,1.0,15.0,14.4,14.4,15.0
2025-03-11,543780,7565483,14.35,14.75,13.65,13.85,-0.55,297,1.0,14.35,13.85,13.65,14.75
2025-03-12,452311,6106468,13.9,14.0,13.2,13.45,-0.4,318,1.0,13.9,13.45,13.2,14.0
2025-03-13,254320,3423590,13.5,13.7,13.4,13.4,-0.05,150,1.0,13.5,13.4,13.4,13.7
2025-03-14,187703,2540752,13.4,13.8,13.3,13.6,0.2,143,1.0,13.4,13.6,13.3,13.8
2025-03-17,138343,1881309,13.6,13.75,13.45,13.45,-0.15,109,1.0,13.6,13.45,13.45,13.75
2025-03-18,128823,1732361,13.4,13.65,13.4,13.4,-0.05,117,1.0,13.4,13.4,13.4,13.65
2025-03-19,701946,10121223,13.5,14.7,13.45,14.7,1.3,470,1.0,13.5,14.7,13.45,14.7
2025-03-20,1364421,21766429,15.25,16.15,15.1,16.15,1.45,632,1.0,15.25,16.15,15.1,16.15
2025-03-21,3643454,58744605,16.95,17.25,15.6,15.6,-0.55,2121,1.0,16.95,15.6,15.6,17.25
2025-03-24,680709,10525661,15.6,15.85,15.2,15.35,-0.25,451,1.0,15.6,15.35,15.2,15.85
2025-03-25,398378,6058937,15.65,15.65,15.0,15.1,-0.25,278,1.0,15.65,15.1,15.0,15.65
2025-03-26,305911,4551857,15.0,15.0,14.75,15.0,-0.1,224,1.0,15.0,15.0,14.75,15.0
2025-03-27,239708,3571873,14.8,15.2,14.75,14.8,-0.2,212,1.0,14.8,14.8,14.75,15.2
2025-03-28,256308,3708653,14.75,14.75,14.25,14.55,-0.25,180,1.0,14.75,14.55,14.25,14.75
2025-03-31,306234,4275336,14.55,14.55,13.7,14.0,-0.55,238,1.0,14.55,14.0,13.7,14.55
2025-04-01,414788,6133106,14.25,15.15,14.25,14.6,0.6,308,1.0,14.25,14.6,14.25,15.15
2025-04-02,209054,3002371,14.5,14.6,14.15,14.5,-0.1,140,1.0,14.5,14.5,14.15,14.6
2025-04-07,19767,257952,13.05,13.05,13.05,13.05,-1.45,35,1.0,13.05,13.05,13.05,13.05
2025-04-08,607653,7174260,11.75,12.35,11.75,11.75,-1.3,253,1.0,11.75,11.75,11.75,12.35
2025-04-09,695104,7457471,11.9,11.9,10.6,10.6,-1.15,337,1.0,11.9,10.6,10.6,11.9
2025-04-10,228492,2651171,11.6,11.65,11.35,11.65,1.05,130,1.0,11.6,11.65,11.35,11.65
2025-04-11,329481,3737741,11.65,11.65,11.1,11.35,-0.3,189,1.0,11.65,11.35,11.1,11.65
2025-04-14,359165,4125136,11.7,11.9,10.85,11.15,-0.2,194,1.0,11.7,11.15,10.85,11.9
2025-04-15,271288,3135376,11.5,11.8,11.3,11.8,0.65,170,1.0,11.5,11.8,11.3,11.8
2025-04-16,169481,1961363,12.2,12.2,11.4,11.4,-0.4,110,1.0,12.2,11.4,11.4,12.2
2025-04-17,66082,744190,11.15,11.35,11.15,11.2,-0.2,62,1.0,11.15,11.2,11.15,11.35
2025-04-18,139157,1587995,11.3,11.55,11.3,11.35,0.15,94,1.0,11.3,11.35,11.3,11.55
2025-04-21,179331,1981959,11.45,11.45,10.8,10.95,-0.4,99,1.0,11.45,10.95,10.8,11.45
2025-04-22,156226,1711148,10.8,11.2,10.8,10.85,-0.1,104,1.0,10.8,10.85,10.8,11.2
2025-04-23,151389,1716211,10.95,11.6,10.95,11.25,0.4,93,1.0,10.95,11.25,10.95,11.6
2025-04-24,91621,1027500,11.4,11.45,11.15,11.2,-0.05,71,1.0,11.4,11.2,11.15,11.45
2025-04-25,203254,2318617,11.45,11.7,11.25,11.25,0.05,148,1.0,11.45,11.25,11.25,11.7
2025-04-28,181329,2032778,11.2,11.5,11.1,11.3,0.05,100,1.0,11.2,11.3,11.1,11.5
2025-04-29,162622,1865472,11.3,11.65,11.15,11.55,0.25,108,1.0,11.3,11.55,11.15,11.65
2025-04-30,133458,1525166,11.6,11.8,11.3,11.35,-0.2,92,1.0,11.6,11.35,11.3,11.8
2025-05-02,309102,3643270,11.4,12.1,11.4,11.85,0.5,191,1.0,11.4,11.85,11.4,12.1
2025-05-05,270161,3071567,12.05,12.05,11.1,11.3,-0.55,174,1.0,12.05,11.3,11.1,12.05
2025-05-06,151493,1746192,11.2,11.7,11.2,11.6,0.3,103,1.0,11.2,11.6,11.2,11.7
2025-05-07,252792,2999015,11.6,12.2,11.45,11.9,0.3,138,1.0,11.6,11.9,11.45,12.2
2025-05-08,221690,2702244,11.9,12.6,11.9,12.3,0.4,130,1.0,11.9,12.3,11.9,12.6
2025-05-09,142981,1699658,12.25,12.3,11.7,11.85,-0.45,100,1.0,12.25,11.85,11.7,12.3
2025-05-12,127654,1538030,11.95,12.4,11.8,12.0,0.15,99,1.0,11.95,12.0,11.8,12.4
2025-05-13,80699,967692,12.15,12.15,11.85,11.95,-0.05,69,1.0,12.15,11.95,11.85,12.15
2025-05-14,235410,2875972,12.1,12.45,11.95,12.25,0.3,236,1.0,12.1,12.25,11.95,12.45
2025-05-15,142728,1766948,12.4,12.9,12.15,12.25,0.0,122,1.0,12.4,12.25,12.15,12.9
2025-05-16,156174,1882930,12.4,12.4,11.95,12.0,-0.25,101,1.0,12.4,12.0,11.95,12.4
2025-05-19,78263,928537,12.0,12.05,11.75,11.95,-0.05,56,1.0,12.0,11.95,11.75,12.05
2025-05-20,67132,797109,12.1,12.15,11.7,11.7,-0.25,48,1.0,12.1,11.7,11.7,12.15
2025-05-21,44632,530510,11.9,12.0,11.7,11.8,0.1,56,1.0,11.9,11.8,11.7,12.0
2025-05-22,19161,223724,11.55,11.75,11.55,11.75,-0.05,21,1.0,11.55,11.75,11.55,11.75
2025-05-23,52895,613809,11.6,11.75,11.5,11.6,-0.15,55,1.0,11.6,11.6,11.5,11.75
2025-05-26,636876,7895997,11.55,12.75,11.55,12.1,0.5,457,1.0,11.55,12.1,11.55,12.75
2025-05-27,368667,4421825,12.15,12.5,11.65,11.65,-0.45,267,1.0,12.15,11.65,11.65,12.5
2025-05-28,209054,2402218,11.8,11.8,11.3,11.35,-0.3,157,1.0,11.8,11.35,11.3,11.8
2025-05-29,73157,830982,11.3,11.5,11.3,11.35,0.0,80,1.0,11.3,11.35,11.3,11.5
2025-06-02,126470,1401002,11.25,11.3,10.95,11.0,-0.35,101,1.0,11.25,11.0,10.95,11.3
2025-06-03,81400,897474,11.15,11.15,10.95,11.0,0.0,55,1.0,11.15,11.0,10.95,11.15
2025-06-04,126422,1405325,11.1,11.25,11.0,11.0,0.0,74,1.0,11.1,11.0,11.0,11.25
2025-06-05,43003,473738,11.05,11.1,11.0,11.0,0.0,45,1.0,11.05,11.0,11.0,11.1
2025-06-06,25489,280387,11.2,11.2,10.95,10.95,-0.05,28,1.0,11.2,10.95,10.95,11.2
2025-06-09,73134,800129,10.95,11.0,10.9,10.9,-0.05,35,1.0,10.95,10.9,10.9,11.0
2025-06-10,86489,959083,10.9,11.2,10.9,11.05,0.15,63,1.0,10.9,11.05,10.9,11.2
2025-06-11,47253,525033,11.1,11.2,11.0,11.1,0.05,51,1.0,11.1,11.1,11.0,11.2
2025-06-12,60531,667882,11.15,11.15,10.95,11.0,-0.1,43,1.0,11.15,11.0,10.95,11.15
2025-06-13,125755,1360795,10.95,10.95,10.75,10.8,-0.2,76,1.0,10.95,10.8,10.75,10.95
2025-06-16,82843,888617,10.7,10.85,10.65,10.7,-0.1,63,1.0,10.7,10.7,10.65,10.85
2025-06-17,57097,619682,10.75,11.0,10.75,10.75,0.05,51,1.0,10.75,10.75,10.75,11.0
2025-06-18,36135,390656,10.8,10.85,10.8,10.8,0.05,35,1.0,10.8,10.8,10.8,10.85
2025-06-19,131337,1392378,10.8,10.8,10.45,10.8,0.0,121,1.0,10.8,10.8,10.45,10.8
2025-06-20,108234,1130251,10.9,10.9,10.35,10.35,-0.45,108,1.0,10.9,10.35,10.35,10.9
2025-06-23,286679,2889165,10.3,10.3,9.95,10.3,-0.05,201,1.0,10.3,10.3,9.95,10.3
2025-06-24,67927,698014,10.3,10.5,10.25,10.25,-0.05,80,1.0,10.3,10.25,10.25,10.5
2025-06-25,149763,1536031,10.25,10.5,10.15,10.5,0.25,89,1.0,10.25,10.5,10.15,10.5
2025-06-26,80524,842594,10.55,10.65,10.3,10.4,-0.1,82,1.0,10.55,10.4,10.3,10.65
2025-06-27,122449,1286884,10.6,10.6,10.35,10.45,0.05,99,1.0,10.6,10.45,10.35,10.6
2025-06-30,252975,2584582,10.4,10.4,10.1,10.1,-0.35,128,1.0,10.4,10.1,10.1,10.4
2025-07-01,209225,2128391,10.1,10.3,10.05,10.25,0.15,110,1.0,10.1,10.25,10.05,10.3
2025-07-02,60058,616559,10.1,10.35,10.1,10.35,0.1,54,1.0,10.1,10.35,10.1,10.35
2025-07-03,461302,5043820,10.55,11.35,10.45,11.05,0.7,329,1.0,10.55,11.05,10.45,11.35
2025-07-04,152206,1652729,11.05,11.05,10.65,10.9,-0.15,194,1.0,11.05,10.9,10.65,11.05
2025-07-07,27545,293047,10.75,10.75,10.6,10.65,-0.25,35,1.0,10.75,10.65,10.6,10.75
2025-07-08,76404,820094,10.4,11.0,10.35,10.75,0.1,68,1.0,10.4,10.75,10.35,11.0
2025-07-09,124197,1292311,10.65,10.65,10.25,10.25,-0.5,104,1.0,10.65,10.25,10.25,10.65
2025-07-10,960078,9628190,10.3,10.3,9.96,9.97,-0.28,433,1.0,10.3,9.97,9.96,10.3
2025-07-11,150226,1511761,10.05,10.15,10.0,10.1,0.13,84,1.0,10.05,10.1,10.0,10.15
2025-07-14,153548,1542481,10.1,10.15,10.0,10.0,-0.1,94,1.0,10.1,10.0,10.0,10.15
2025-07-15,64687,652567,10.05,10.2,10.05,10.1,0.1,44,1.0,10.05,10.1,10.05,10.2
2025-07-16,44487,448119,10.0,10.15,10.0,10.1,0.0,42,1.0,10.0,10.1,10.0,10.15
2025-07-17,63699,642958,10.1,10.2,10.0,10.1,0.0,52,1.0,10.1,10.1,10.0,10.2
2025-07-18,45380,460781,10.05,10.3,10.05,10.1,0.0,56,1.0,10.05,10.1,10.05,10.3
2025-07-21,85644,867708,10.1,10.2,10.05,10.15,0.05,46,1.0,10.1,10.15,10.05,10.2
2025-07-22,138078,1386158,10.1,10.15,10.0,10.05,-0.1,80,1.0,10.1,10.05,10.0,10.15
2025-07-23,72341,732254,10.15,10.2,10.0,10.2,0.15,45,1.0,10.15,10.2,10.0,10.2
2025-07-24,49216,502301,10.2,10.4,10.1,10.2,0.0,41,1.0,10.2,10.2,10.1,10.4
2025-07-25,73152,743599,10.1,10.25,10.0,10.25,0.05,50,1.0,10.1,10.25,10.0,10.25
2025-07-28,20251,205452,10.15,10.2,10.1,10.2,-0.05,22,1.0,10.15,10.2,10.1,10.2
2025-07-29,51829,526722,10.2,10.25,10.05,10.25,0.05,47,1.0,10.2,10.25,10.05,10.25
2025-07-30,81808,826229,10.2,10.2,10.05,10.1,-0.15,76,1.0,10.2,10.1,10.05,10.2
2025-07-31,55557,558887,10.15,10.15,10.0,10.1,0.0,46,1.0,10.15,10.1,10.0,10.15
2025-08-01,73662,740097,10.0,10.15,9.97,10.05,-0.05,70,1.0,10.0,10.05,9.97,10.15
2025-08-04,33054,332182,10.0,10.15,10.0,10.05,0.0,42,1.0,10.0,10.05,10.0,10.15
2025-08-05,41567,418322,10.1,10.1,10.05,10.05,0.0,42,1.0,10.1,10.05,10.05,10.1
2025-08-06,34858,352301,10.05,10.25,10.05,10.2,0.15,38,1.0,10.05,10.2,10.05,10.25
2025-08-07,33923,343156,10.2,10.2,10.1,10.1,-0.1,35,1.0,10.2,10.1,10.1,10.2
2025-08-08,111481,1120071,10.1,10.1,10.0,10.0,-0.1,71,1.0,10.1,10.0,10.0,10.1
2025-08-11,388929,3871563,10.05,10.25,9.81,10.25,0.25,217,1.0,10.05,10.25,9.81,10.25
2025-08-12,104773,1049588,10.15,10.15,9.99,9.99,-0.26,77,1.0,10.15,9.99,9.99,10.15
2025-08-13,173449,1726646,10.0,10.05,9.88,9.99,0.0,144,1.0,10.0,9.99,9.88,10.05
2025-08-14,115554,1152581,9.99,10.0,9.92,9.99,0.0,91,1.0,9.99,9.99,9.92,10.0
2025-08-15,293529,3012417,10.1,10.4,10.0,10.3,0.31,183,1.0,10.1,10.3,10.0,10.4
2025-08-18,197888,2011724,10.25,10.3,10.1,10.2,-0.1,101,1.0,10.25,10.2,10.1,10.3
2025-08-19,89273,913612,10.3,10.3,10.15,10.2,0.0,48,1.0,10.3,10.2,10.15,10.3
2025-08-20,150765,1515865,10.1,10.15,10.0,10.05,-0.15,79,1.0,10.1,10.05,10.0,10.15
2025-08-21,80019,817787,10.1,10.3,10.1,10.2,0.15,52,1.0,10.1,10.2,10.1,10.3
2025-08-22,33440,340085,10.2,10.25,10.15,10.15,-0.05,32,1.0,10.2,10.15,10.15,10.25
2025-08-25,76502,775347,10.2,10.2,10.05,10.05,-0.1,48,1.0,10.2,10.05,10.05,10.2
2025-08-26,90519,913603,10.05,10.15,10.05,10.1,0.05,56,1.0,10.05,10.1,10.05,10.15
2025-08-27,97253,980221,10.1,10.1,10.0,10.1,0.0,81,1.0,10.1,10.1,10.0,10.1
2025-08-28,89971,907646,10.1,10.15,10.05,10.1,0.0,46,1.0,10.1,10.1,10.05,10.15
2025-08-29,33249,335851,10.1,10.15,10.1,10.1,0.0,32,1.0,10.1,10.1,10.1,10.15
2025-09-01,63657,642190,10.1,10.15,10.0,10.15,0.05,40,1.0,10.1,10.15,10.0,10.15
2025-09-02,79343,809833,10.15,10.25,10.15,10.2,0.05,62,1.0,10.15,10.2,10.15,10.25
2025-09-03,1047737,11615539,10.3,11.2,10.3,11.2,1.0,490,1.0,10.3,11.2,10.3,11.2
2025-09-04,1098320,12166735,11.65,11.65,10.65,10.75,-0.45,680,1.0,11.65,10.75,10.65,11.65
2025-09-05,314532,3291058,10.75,10.75,10.15,10.45,-0.3,262,1.0,10.75,10.45,10.15,10.75
2025-09-08,182870,1956994,10.55,10.9,10.55,10.7,0.25,124,1.0,10.55,10.7,10.55,10.9
2025-09-09,72346,765644,10.7,10.7,10.45,10.45,-0.25,76,1.0,10.7,10.45,10.45,10.7
2025-09-10,107346,1107780,10.5,10.5,10.25,10.3,-0.15,111,1.0,10.5,10.3,10.25,10.5
2025-09-11,45457,468730,10.3,10.4,10.25,10.25,-0.05,39,1.0,10.3,10.25,10.25,10.4
2025-09-12,84943,877326,10.5,10.5,10.25,10.3,0.05,57,1.0,10.5,10.3,10.25,10.5
2025-09-15,54943,564558,10.3,10.35,10.2,10.25,-0.05,65,1.0,10.3,10.25,10.2,10.35
2025-09-16,200438,2126526,10.2,11.05,10.15,10.5,0.25,200,1.0,10.2,10.5,10.15,11.05
2025-09-17,190680,1959924,10.5,10.5,10.15,10.3,-0.2,188,1.0,10.5,10.3,10.15,10.5
2025-09-18,116584,1202666,10.35,10.4,10.2,10.4,0.1,73,1.0,10.35,10.4,10.2,10.4
2025-09-19,61909,642126,10.4,10.45,10.3,10.45,0.05,52,1.0,10.4,10.45,10.3,10.45
2025-09-22,24931,258439,10.4,10.45,10.3,10.35,-0.1,23,1.0,10.4,10.35,10.3,10.45
2025-09-23,48585,499296,10.3,10.4,10.25,10.25,-0.1,57,1.0,10.3,10.25,10.25,10.4
2025-09-24,158685,1633202,10.25,10.5,10.2,10.25,0.0,95,1.0,10.25,10.25,10.2,10.5
2025-09-25,43124,443665,10.3,10.4,10.25,10.25,0.0,38,1.0,10.3,10.25,10.25,10.4
2025-09-26,71605,729570,10.25,10.25,10.15,10.15,-0.1,61,1.0,10.25,10.15,10.15,10.25
2025-09-30,45234,459994,10.15,10.25,10.15,10.2,0.05,41,1.0,10.15,10.2,10.15,10.25
2025-10-01,113125,1168237,10.2,10.45,10.15,10.4,0.2,100,1.0,10.2,10.4,10.15,10.45
2025-10-02,49262,508892,10.3,10.35,10.25,10.3,-0.1,37,1.0,10.3,10.3,10.25,10.35
2025-10-03,49380,506150,10.25,10.4,10.2,10.25,-0.05,45,1.0,10.25,10.25,10.2,10.4
2025-10-07,88635,909039,10.35,10.35,10.2,10.3,0.05,77,1.0,10.35,10.3,10.2,10.35
2025-10-08,47517,486100,10.3,10.3,10.2,10.2,-0.1,39,1.0,10.3,10.2,10.2,10.3
2025-10-09,121486,1243413,10.25,10.3,10.15,10.15,-0.05,121,1.0,10.25,10.15,10.15,10.3
2025-10-13,118534,1198669,10.1,10.25,10.1,10.15,0.0,51,1.0,10.1,10.15,10.1,10.25
2025-10-14,36898,378346,10.4,10.4,10.2,10.2,0.05,35,1.0,10.4,10.2,10.2,10.4
2025-10-15,62834,639227,10.2,10.3,10.15,10.15,-0.05,62,1.0,10.2,10.15,10.15,10.3
2025-10-16,77701,788410,10.2,10.2,10.1,10.1,-0.05,61,1.0,10.2,10.1,10.1,10.2
2025-10-17,140809,1430327,10.4,10.4,10.05,10.2,0.1,108,1.0,10.4,10.2,10.05,10.4
2025-10-20,63956,649850,10.2,10.2,10.1,10.2,0.0,39,1.0,10.2,10.2,10.1,10.2
2025-10-21,101577,1032226,10.2,10.25,10.1,10.15,-0.05,63,1.0,10.2,10.15,10.1,10.25
2025-10-22,112152,1138958,10.15,10.25,10.1,10.15,0.0,61,1.0,10.15,10.15,10.1,10.25
2025-10-23,31843,323520,10.2,10.2,10.15,10.15,0.0,23,1.0,10.2,10.15,10.15,10.2
2025-10-27,52659,537301,10.3,10.3,10.15,10.15,0.0,47,1.0,10.3,10.15,10.15,10.3
2025-10-28,50694,514198,10.2,10.2,10.1,10.15,0.0,38,1.0,10.2,10.15,10.1,10.2
2025-10-29,92857,939246,10.2,10.2,10.1,10.1,-0.05,51,1.0,10.2,10.1,10.1,10.2
2025-10-30,54459,550245,10.1,10.2,10.05,10.1,0.0,44,1.0,10.1,10.1,10.05,10.2
2025-10-31,179480,1799856,10.1,10.1,10.0,10.1,0.0,119,1.0,10.1,10.1,10.0,10.1
2025-11-03,106111,1062016,10.05,10.05,10.0,10.05,-0.05,75,1.0,10.05,10.05,10.0,10.05
2025-11-04,105215,1052325,10.0,10.05,9.98,9.99,-0.06,49,1.0,10.0,9.99,9.98,10.05
2025-11-05,127051,1266508,10.0,10.05,9.9,10.05,0.06,70,1.0,10.0,10.05,9.9,10.05
2025-11-06,94461,944048,10.05,10.05,9.98,10.0,-0.05,67,1.0,10.05,10.0,9.98,10.05
2025-11-07,153480,1532491,10.0,10.0,9.95,9.98,-0.02,50,1.0,10.0,9.98,9.95,10.0
2025-11-10,124466,1236292,10.0,10.05,9.88,9.94,-0.04,93,1.0,10.0,9.94,9.88,10.05
2025-11-11,51153,507290,9.95,9.96,9.9,9.93,-0.01,57,1.0,9.95,9.93,9.9,9.96
2025-11-12,62780,628329,10.05,10.15,9.9,10.0,0.07,53,1.0,10.05,10.0,9.9,10.15
2025-11-13,114441,1157758,10.05,10.25,9.99,10.15,0.15,94,1.0,10.05,10.15,9.99,10.25
2025-11-14,72227,726120,10.05,10.2,10.0,10.05,-0.1,43,1.0,10.05,10.05,10.0,10.2
2025-11-17,62091,620827,10.0,10.05,9.92,10.05,0.0,64,1.0,10.0,10.05,9.92,10.05
2025-11-18,55963,556662,10.0,10.05,9.9,9.99,-0.06,52,1.0,10.0,9.99,9.9,10.05
2025-11-19,44604,447636,10.1,10.15,9.98,9.98,-0.01,58,1.0,10.1,9.98,9.98,10.15
2025-11-20,30449,303164,9.88,10.05,9.88,9.96,-0.02,29,1.0,9.88,9.96,9.88,10.05
2025-11-21,69285,685183,9.93,9.94,9.85,9.87,-0.09,67,1.0,9.93,9.87,9.85,9.94
2025-11-24,52060,515650,9.87,9.99,9.87,9.98,0.11,36,1.0,9.87,9.98,9.87,9.99
2025-11-25,45025,450307,10.05,10.05,9.95,10.0,0.02,27,1.0,10.05,10.0,9.95,10.05
2025-11-26,77544,770338,10.0,10.05,9.8,10.05,0.05,47,1.0,10.0,10.05,9.8,10.05
2025-11-27,41756,416328,9.93,10.0,9.93,10.0,-0.05,42,1.0,9.93,10.0,9.93,10.0
2025-11-28,68015,675817,9.98,10.0,9.87,9.91,-0.09,52,1.0,9.98,9.91,9.87,10.0
2025-12-01,49782,494437,9.92,9.98,9.92,9.92,0.01,46,1.0,9.92,9.92,9.92,9.98
2025-12-02,34686,343936,9.94,9.95,9.9,9.9,-0.02,32,1.0,9.94,9.9,9.9,9.95
2025-12-03,74808,740976,9.91,9.95,9.89,9.91,0.01,44,1.0,9.91,9.91,9.89,9.95
2025-12-04,65896,652440,9.91,9.95,9.87,9.92,0.01,45,1.0,9.91,9.92,9.87,9.95
2025-12-05,47744,472511,10.0,10.0,9.87,9.87,-0.05,51,1.0,10.0,9.87,9.87,10.0
2025-12-08,73036,725885,9.85,10.15,9.85,9.89,0.02,38,1.0,9.85,9.89,9.85,10.15
2025-12-09,29835,295505,9.99,9.99,9.9,9.9,0.01,24,1.0,9.99,9.9,9.9,9.99
2025-12-10,60888,600625,9.9,9.9,9.85,9.85,-0.05,52,1.0,9.9,9.85,9.85,9.9
2025-12-11,87700,867115,9.98,9.98,9.85,9.87,0.02,61,1.0,9.98,9.87,9.85,9.98
2025-12-12,76171,750727,9.9,9.91,9.81,9.83,-0.04,55,1.0,9.9,9.83,9.81,9.91
2025-12-15,115323,1133537,9.83,9.87,9.81,9.83,0.0,76,1.0,9.83,9.83,9.81,9.87
2025-12-16,214956,2097968,9.81,9.83,9.7,9.75,-0.08,153,1.0,9.81,9.75,9.7,9.83
2025-12-17,105821,1032196,9.73,9.8,9.73,9.73,-0.02,78,1.0,9.73,9.73,9.73,9.8
2025-12-18,75952,737211,9.75,9.76,9.65,9.7,-0.03,74,1.0,9.75,9.7,9.65,9.76
2025-12-19,38482,373770,9.71,9.75,9.7,9.71,0.01,40,1.0,9.71,9.71,9.7,9.75
2025-12-22,54705,532034,9.83,9.83,9.71,9.74,0.03,42,1.0,9.83,9.74,9.71,9.83
2025-12-23,61039,594287,9.8,9.8,9.7,9.73,-0.01,68,1.0,9.8,9.73,9.7,9.8
2025-12-24,65459,637128,9.82,9.85,9.71,9.72,-0.01,46,1.0,9.82,9.72,9.71,9.85
2025-12-26,73038,710769,9.71,9.78,9.69,9.75,0.03,51,1.0,9.71,9.75,9.69,9.78
2025-12-29,82241,795060,9.68,9.68,9.65,9.67,-0.08,52,1.0,9.68,9.67,9.65,9.68
2025-12-30,31969,308769,9.69,9.69,9.65,9.67,0.0,71,1.0,9.69,9.67,9.65,9.69
2025-12-31,61874,596892,9.66,9.69,9.64,9.64,-0.03,77,1.0,9.66,9.64,9.64,9.69
2026-01-02,85706,821298,9.6,9.61,9.57,9.57,-0.07,86,1.0,9.6,9.57,9.57,9.61
2026-01-05,448296,4152271,9.54,9.54,9.11,9.16,-0.41,294,1.0,9.54,9.16,9.11,9.54
2026-01-06,279252,2544383,9.16,9.24,9.0,9.1,-0.06,156,1.0,9.16,9.1,9.0,9.24
2026-01-07,109456,1000929,9.1,9.26,9.1,9.13,0.03,94,1.0,9.1,9.13,9.1,9.26
2026-01-08,62882,574027,9.1,9.16,9.07,9.14,0.01,55,1.0,9.1,9.14,9.07,9.16
2026-01-09,94284,861841,9.14,9.18,9.11,9.16,0.02,59,1.0,9.14,9.16,9.11,9.18
2026-01-12,150535,1396141,9.32,9.35,9.2,9.2,0.04,134,1.0,9.32,9.2,9.2,9.35
2026-01-13,66539,609042,9.2,9.2,9.13,9.14,-0.06,64,1.0,9.2,9.14,9.13,9.2
2026-01-14,194760,1778434,9.14,9.24,9.1,9.16,0.02,99,1.0,9.14,9.16,9.1,9.24
2026-01-15,85641,784552,9.14,9.2,9.14,9.19,0.03,56,1.0,9.14,9.19,9.14,9.2
2026-01-16,91630,843068,9.29,9.3,9.16,9.16,-0.03,87,1.0,9.29,9.16,9.16,9.3
2026-01-19,161416,1474739,9.1,9.16,9.1,9.13,-0.03,116,1.0,9.1,9.13,9.1,9.16
2026-01-20,217058,1976484,9.11,9.15,9.08,9.1,-0.03,122,1.0,9.11,9.1,9.08,9.15
2026-01-21,1070811,10314236,9.07,10.0,9.07,10.0,0.9,456,1.0,9.07,10.0,9.07,10.0
2026-01-22,1200286,11742251,10.05,10.3,9.54,9.57,-0.43,824,1.0,10.05,9.57,9.54,10.3
2026-01-23,457766,4373052,9.58,9.66,9.47,9.55,-0.02,167,1.0,9.58,9.55,9.47,9.66
2026-01-26,537828,5299434,9.55,10.15,9.55,9.91,0.36,312,1.0,9.55,9.91,9.55,10.15
2026-01-27,328268,3208992,9.91,9.97,9.55,9.62,-0.29,204,1.0,9.91,9.62,9.55,9.97
2026-01-28,200930,1949594,9.62,9.89,9.58,9.77,0.15,133,1.0,9.62,9.77,9.58,9.89
2026-01-29,82551,794288,9.63,9.7,9.58,9.64,-0.13,88,1.0,9.63,9.64,9.58,9.7
2026-01-30,209151,2012904,9.75,9.84,9.55,9.65,0.01,121,1.0,9.75,9.65,9.55,9.84
2026-02-02,117858,1117708,9.85,9.85,9.4,9.4,-0.25,96,1.0,9.85,9.4,9.4,9.85
2026-02-03,64919,612684,9.58,9.58,9.39,9.4,0.0,65,1.0,9.58,9.4,9.39,9.58
2026-02-04,56248,534128,9.41,9.64,9.41,9.56,0.16,43,1.0,9.41,9.56,9.41,9.64
2026-02-05,61738,584089,9.56,9.56,9.41,9.48,-0.08,157,1.0,9.56,9.48,9.41,9.56
2026-02-06,54389,511181,9.41,9.42,9.38,9.42,-0.06,80,1.0,9.41,9.42,9.38,9.42
2026-02-09,259159,2392298,9.42,9.45,8.93,9.19,-0.23,117,1.0,9.42,9.19,8.93,9.45
2026-02-10,115716,1062336,9.2,9.3,9.1,9.18,-0.01,71,1.0,9.2,9.18,9.1,9.3
2026-02-11,170845,1576222,9.19,9.31,9.16,9.21,0.03,71,1.0,9.19,9.21,9.16,9.31
2026-02-23,162171,1525242,9.21,9.53,9.21,9.51,0.3,145,1.0,9.21,9.51,9.21,9.53
2026-02-24,150019,1419105,9.32,9.54,9.32,9.48,-0.03,97,1.0,9.32,9.48,9.32,9.54
2026-02-25,73658,697326,9.48,9.53,9.43,9.49,0.01,75,1.0,9.48,9.49,9.43,9.53
2026-02-26,93087,876287,9.49,9.49,9.37,9.41,-0.08,104,1.0,9.49,9.41,9.37,9.49
2026-03-02,106920,1003194,9.45,9.45,9.36,9.42,0.01,108,1.0,9.45,9.42,9.36,9.45
2026-03-03,99838,931650,9.36,9.42,9.26,9.3,-0.12,99,1.0,9.36,9.3,9.26,9.42
2026-03-04,203724,1871846,9.32,9.34,9.08,9.12,-0.18,112,1.0,9.32,9.12,9.08,9.34
2026-03-05,106174,987491,9.35,9.4,9.23,9.25,0.13,82,1.0,9.35,9.25,9.23,9.4
2026-03-06,61848,573510,9.26,9.31,9.18,9.3,0.05,52,1.0,9.26,9.3,9.18,9.31
2026-03-09,150285,1366769,9.3,9.3,9.06,9.12,-0.18,140,1.0,9.3,9.12,9.06,9.3
2026-03-10,86236,787861,9.26,9.39,9.09,9.1,-0.02,94,1.0,9.26,9.1,9.09,9.39
2026-03-11,61993,566647,9.1,9.2,9.1,9.15,0.05,54,1.0,9.1,9.15,9.1,9.2
2026-03-12,83468,761333,9.15,9.15,9.08,9.11,-0.04,46,1.0,9.15,9.11,9.08,9.15
2026-03-13,88926,806511,9.03,9.11,9.03,9.07,-0.04,84,1.0,9.03,9.07,9.03,9.11
2026-03-16,105726,958050,9.08,9.12,9.01,9.1,0.03,64,1.0,9.08,9.1,9.01,9.12
2026-03-17,58872,534441,9.06,9.17,9.06,9.08,-0.02,66,1.0,9.06,9.08,9.06,9.17
2026-03-18,231924,2093354,9.08,9.1,9.0,9.06,-0.02,147,1.0,9.08,9.06,9.0,9.1
2026-03-19,104914,952292,9.1,9.11,9.01,9.05,-0.01,74,1.0,9.1,9.05,9.01,9.11
2026-03-20,262153,2367141,9.06,9.06,9.0,9.04,-0.01,113,1.0,9.06,9.04,9.0,9.06
2026-03-23,145545,1311872,9.02,9.05,9.0,9.01,-0.03,106,1.0,9.02,9.01,9.0,9.05
2026-03-24,82305,742487,9.14,9.14,9.0,9.02,0.01,62,1.0,9.14,9.02,9.0,9.14
2026-03-25,76906,696421,9.03,9.26,9.01,9.04,0.02,58,1.0,9.03,9.04,9.01,9.26
2026-03-26,111812,1017034,9.22,9.22,9.04,9.04,0.0,63,1.0,9.22,9.04,9.04,9.22
2026-03-27,60324,545385,9.02,9.09,9.02,9.04,0.0,48,1.0,9.02,9.04,9.02,9.09
2026-03-30,71304,642394,9.01,9.03,9.0,9.01,-0.03,67,1.0,9.01,9.01,9.0,9.03
2026-03-31,100127,901810,9.01,9.03,8.99,9.0,-0.01,77,1.0,9.01,9.0,8.99,9.03
2026-04-01,84584,763504,9.1,9.1,9.0,9.0,0.0,64,1.0,9.1,9.0,9.0,9.1
2026-04-02,281560,2512107,9.0,9.0,8.82,8.9,-0.1,216,1.0,9.0,8.9,8.82,9.0
2026-04-07,142007,1255498,8.91,8.97,8.75,8.83,-0.07,94,1.0,8.91,8.83,8.75,8.97
2026-04-08,283215,2480670,8.8,8.86,8.63,8.69,-0.14,227,1.0,8.8,8.69,8.63,8.86
2026-04-09,486826,4122663,8.69,8.69,8.38,8.43,-0.26,284,1.0,8.69,8.43,8.38,8.69
2026-04-10,120211,1017704,8.44,8.52,8.41,8.46,0.03,89,1.0,8.44,8.46,8.41,8.52
2026-04-13,141473,1198653,8.54,8.54,8.43,8.48,0.02,88,1.0,8.54,8.48,8.43,8.54
2026-04-14,162732,1382347,8.57,8.57,8.47,8.53,0.05,122,1.0,8.57,8.53,8.47,8.57
2026-04-15,161279,1377357,8.53,8.62,8.49,8.58,0.05,98,1.0,8.53,8.58,8.49,8.62
2026-04-16,209235,1805056,8.61,8.77,8.58,8.64,0.06,143,1.0,8.61,8.64,8.58,8.77
2026-04-17,232756,2043473,8.72,8.95,8.6,8.92,0.28,157,1.0,8.72,8.92,8.6,8.95
2026-04-20,156437,1390999,8.71,9.0,8.71,8.88,-0.04,97,1.0,8.71,8.88,8.71,9.0
2026-04-21,88792,791352,8.95,8.97,8.88,8.9,0.02,69,1.0,8.95,8.9,8.88,8.97
2026-04-22,98357,872375,8.97,8.97,8.77,8.89,-0.01,77,1.0,8.97,8.89,8.77,8.97
2026-04-23,214440,1854721,8.89,8.89,8.53,8.6,-0.29,117,1.0,8.89,8.6,8.53,8.89
2026-04-24,133512,1137240,8.6,8.6,8.46,8.53,-0.07,77,1.0,8.6,8.53,8.46,8.6
2026-04-27,149704,1267185,8.42,8.54,8.38,8.44,-0.09,74,1.0,8.42,8.44,8.38,8.54
2026-04-28,55683,468660,8.44,8.44,8.41,8.41,-0.03,66,1.0,8.44,8.41,8.41,8.44
2026-04-29,67706,570525,8.62,8.62,8.38,8.43,0.02,72,1.0,8.62,8.43,8.38,8.62
2026-04-30,102284,855905,8.43,8.43,8.33,8.34,-0.09,84,1.0,8.43,8.34,8.33,8.43
2026-05-04,152511,1257763,8.36,8.36,8.16,8.2,-0.14,98,1.0,8.36,8.2,8.16,8.36
2026-05-05,88678,721492,8.2,8.2,8.1,8.15,-0.05,84,1.0,8.2,8.15,8.1,8.2
2026-05-06,185588,1510071,8.33,8.33,8.11,8.12,-0.03,108,1.0,8.33,8.12,8.11,8.33
2026-05-07,414140,3315430,8.12,8.13,7.88,8.0,-0.12,270,1.0,8.12,8.0,7.88,8.13
2026-05-08,350251,2802786,8.03,8.13,7.87,8.04,0.04,189,1.0,8.03,8.04,7.87,8.13
2026-05-11,186675,1498840,8.04,8.14,7.91,8.0,-0.04,114,1.0,8.04,8.0,7.91,8.14
2026-05-12,138018,1099821,8.0,8.0,7.95,8.0,0.0,89,1.0,8.0,8.0,7.95,8.0
2026-05-13,123669,985593,8.05,8.05,7.94,7.98,-0.02,71,1.0,8.05,7.98,7.94,8.05
