Date,Capacity,Turnover,Open,High,Low,Close,Change,Transaction,AdjFactor,Open_adj,Close_adj,Low_adj,High_adj
2020-05-04,226191,18954201,83.9,84.3,82.9,83.7,-1.5,178,0.7600199999573849,63.7657,63.6137,63.0057,64.0697
2020-05-05,206400,17536219,84.4,85.4,84.4,84.6,0.9,156,0.7600199999573849,64.1457,64.2977,64.1457,64.9057
2020-05-06,157914,13418890,84.6,85.4,84.0,85.0,0.4,110,0.7600199999573849,64.2977,64.6017,63.8417,64.9057
2020-05-07,198525,17053586,85.5,86.4,85.1,86.0,1.0,159,0.7600199999573849,64.9817,65.3617,64.6777,65.6657
2020-05-08,184287,15956210,86.5,86.9,86.2,86.8,0.8,140,0.7600199999573849,65.7417,65.9697,65.5137,66.0457
2020-05-11,418580,36923629,87.0,89.2,87.0,88.5,1.7,306,0.7600199999573849,66.1217,67.2618,66.1217,67.7938
2020-05-12,325050,28713870,88.0,88.8,87.3,88.7,0.2,227,0.7600199999573849,66.8818,67.4138,66.3497,67.4898
2020-05-13,197055,17255744,88.5,88.5,87.0,87.9,-0.8,179,0.7600199999573849,67.2618,66.8058,66.1217,67.2618
2020-05-14,482500,41671648,87.2,87.9,85.0,85.5,-2.4,370,0.7600199999573849,66.2737,64.9817,64.6017,66.8058
2020-05-15,445750,37679900,85.6,86.1,83.2,85.7,0.2,371,0.7600199999573849,65.0577,65.1337,63.2337,65.4377
2020-05-18,132446,11261342,85.0,85.5,84.5,85.2,-0.5,128,0.7600199999573849,64.6017,64.7537,64.2217,64.9817
2020-05-19,321765,27966112,85.3,87.6,85.3,87.6,2.4,252,0.7600199999573849,64.8297,66.5778,64.8297,66.5778
2020-05-20,123080,10774336,88.4,88.5,86.7,86.7,-0.9,116,0.7600199999573849,67.1858,65.8937,65.8937,67.2618
2020-05-21,271152,23863905,86.9,88.5,86.7,88.1,1.4,225,0.7600199999573849,66.0457,66.9578,65.8937,67.2618
2020-05-22,167000,14570600,88.1,88.1,86.1,86.4,-1.7,130,0.7600199999573849,66.9578,65.6657,65.4377,66.9578
2020-05-25,374125,32976435,86.7,89.3,86.3,88.9,2.5,291,0.7600199999573849,65.8937,67.5658,65.5897,67.8698
2020-05-26,238542,21186382,89.4,89.4,88.4,88.6,-0.3,193,0.7600199999573849,67.9458,67.3378,67.1858,67.9458
2020-05-27,284704,25399776,88.8,90.0,88.6,89.3,0.7,216,0.7600199999573849,67.4898,67.8698,67.3378,68.4018
2020-05-28,153300,13604600,90.0,90.0,87.7,87.8,-1.5,126,0.7600199999573849,68.4018,66.7298,66.6538,68.4018
2020-05-29,106480,9352987,88.5,88.6,87.5,88.1,0.3,98,0.7600199999573849,67.2618,66.9578,66.5017,67.3378
2020-06-01,165310,14660283,88.1,89.1,88.0,89.1,1.0,145,0.7600199999573849,66.9578,67.7178,66.8818,67.7178
2020-06-02,158498,14219770,89.0,90.8,89.0,89.3,0.2,117,0.7600199999573849,67.6418,67.8698,67.6418,69.0098
2020-06-03,370944,33479537,89.9,90.8,89.3,90.4,1.1,289,0.7600199999573849,68.3258,68.7058,67.8698,69.0098
2020-06-04,173170,15767133,90.7,91.8,90.4,90.6,0.2,158,0.7600199999573849,68.9338,68.8578,68.7058,69.7698
2020-06-05,101027,9180451,90.7,91.0,90.7,90.8,0.2,100,0.7600199999573849,68.9338,69.0098,68.9338,69.1618
2020-06-08,168615,15243096,91.2,91.5,89.6,90.3,-0.5,131,0.7600199999573849,69.3138,68.6298,68.0978,69.5418
2020-06-09,180855,16293049,90.0,91.0,89.3,89.6,-0.7,153,0.7600199999573849,68.4018,68.0978,67.8698,69.1618
2020-06-10,237100,21490629,90.0,91.2,89.6,90.5,0.9,167,0.7600199999573849,68.4018,68.7818,68.0978,69.3138
2020-06-11,223009,19875092,90.8,90.8,87.9,88.3,-2.2,200,0.7600199999573849,69.0098,67.1098,66.8058,69.0098
2020-06-12,215300,18694560,86.3,88.3,85.5,88.3,0.0,176,0.7600199999573849,65.5897,67.1098,64.9817,67.1098
2020-06-15,92010,8057076,88.0,88.2,87.1,87.2,-1.1,84,0.7600199999573849,66.8818,66.2737,66.1977,67.0338
2020-06-16,76265,6722297,88.0,88.4,87.7,88.3,1.1,74,0.7600199999573849,66.8818,67.1098,66.6538,67.1858
2020-06-17,28040,2474628,88.1,88.6,88.1,88.3,0.0,26,0.7600199999573849,66.9578,67.1098,66.9578,67.3378
2020-06-18,118497,10581082,89.3,89.8,88.6,89.8,1.5,102,0.7600199999573849,67.8698,68.2498,67.3378,68.2498
2020-06-19,116100,10490189,90.2,90.8,89.4,90.2,0.4,107,0.7600199999573849,68.5538,68.5538,67.9458,69.0098
2020-06-22,190600,17316700,90.2,91.7,89.6,90.5,0.3,155,0.7600199999573849,68.5538,68.7818,68.0978,69.6938
2020-06-23,131200,11913299,91.8,91.8,90.2,90.8,0.3,112,0.7600199999573849,69.7698,69.0098,68.5538,69.7698
2020-06-24,96000,8709700,91.2,91.2,90.1,90.1,-0.7,75,0.7600199999573849,69.3138,68.4778,68.4778,69.3138
2020-06-29,73807,6609944,89.5,89.9,89.4,89.5,-0.6,65,0.7600199999573849,68.0218,68.0218,67.9458,68.3258
2020-06-30,87512,7844524,89.9,90.0,89.5,89.8,0.3,77,0.7600199999573849,68.3258,68.2498,68.0218,68.4018
2020-07-01,231426,21049780,90.0,91.8,90.0,91.4,1.6,165,0.7600199999573849,68.4018,69.4658,68.4018,69.7698
2020-07-02,105608,9631728,91.7,91.7,90.9,91.2,-0.2,99,0.7600199999573849,69.6938,69.3138,69.0858,69.6938
2020-07-03,188750,17210299,91.3,91.6,90.8,91.4,0.2,152,0.7600199999573849,69.3898,69.4658,69.0098,69.6178
2020-07-06,467866,42520506,91.1,91.3,90.0,91.0,-0.4,355,0.7600199999573849,69.2378,69.1618,68.4018,69.3898
2020-07-07,527728,48164389,91.1,91.9,91.0,91.2,0.2,313,0.7600199999573849,69.2378,69.3138,69.1618,69.8458
2020-07-08,753070,69093740,91.2,92.5,91.2,92.0,0.8,443,0.7600199999573849,69.3138,69.9218,69.3138,70.3018
2020-07-09,587183,51438611,87.6,88.3,86.8,87.4,0.0,352,0.8036993102997633,70.4041,70.2433,69.7611,70.9666
2020-07-10,412000,35574900,87.5,87.5,85.6,86.1,-1.3,226,0.8036993102997633,70.3237,69.1985,68.7967,70.3237
2020-07-13,189072,16350546,86.5,87.0,86.2,86.8,0.7,133,0.8036993102997633,69.52,69.7611,69.2789,69.9218
2020-07-14,92482,7990440,86.5,86.8,86.2,86.5,-0.3,77,0.8036993102997633,69.52,69.52,69.2789,69.7611
2020-07-15,179183,15468155,86.7,86.8,86.0,86.0,-0.5,114,0.8036993102997633,69.6807,69.1181,69.1181,69.7611
2020-07-16,177110,15415670,86.8,87.5,86.0,87.4,1.4,151,0.8036993102997633,69.7611,70.2433,69.1181,70.3237
2020-07-17,150201,13022026,87.6,87.8,86.1,86.2,-1.2,107,0.8036993102997633,70.4041,69.2789,69.1985,70.5648
2020-07-20,100089,8590462,86.2,86.8,85.0,86.6,0.4,81,0.8036993102997633,69.2789,69.6004,68.3144,69.7611
2020-07-21,237700,20718137,86.8,87.9,86.0,87.9,1.3,193,0.8036993102997633,69.7611,70.6452,69.1181,70.6452
2020-07-22,116101,10185388,87.9,87.9,87.1,87.8,-0.1,81,0.8036993102997633,70.6452,70.5648,70.0022,70.6452
2020-07-23,188093,16507365,87.8,88.2,87.3,87.8,0.0,128,0.8036993102997633,70.5648,70.5648,70.1629,70.8863
2020-07-24,292000,25545400,87.8,87.8,86.7,87.6,-0.2,166,0.8036993102997633,70.5648,70.4041,69.6807,70.5648
2020-07-27,716245,64144893,87.8,90.5,87.8,89.7,2.1,406,0.8036993102997633,70.5648,72.0918,70.5648,72.7348
2020-07-28,361371,32386932,90.0,91.0,87.6,87.7,-2.0,241,0.8036993102997633,72.3329,70.4844,70.4041,73.1366
2020-07-29,104100,9150590,87.7,89.0,87.5,87.7,0.0,92,0.8036993102997633,70.4844,70.4844,70.3237,71.5292
2020-07-30,38459,3390351,88.7,89.0,87.8,88.0,0.3,38,0.8036993102997633,71.2881,70.7255,70.5648,71.5292
2020-07-31,79355,7042116,88.8,89.4,88.5,88.5,0.5,69,0.8036993102997633,71.3685,71.1274,71.1274,71.8507
2020-08-03,107200,9464020,88.5,88.6,88.0,88.1,-0.4,83,0.8036993102997633,71.1274,70.8059,70.7255,71.2078
2020-08-04,120335,10638812,88.1,88.7,88.0,88.4,0.3,90,0.8036993102997633,70.8059,71.047,70.7255,71.2881
2020-08-05,134510,12023392,88.5,90.0,88.5,89.4,1.0,114,0.8036993102997633,71.1274,71.8507,71.1274,72.3329
2020-08-06,387800,34563555,89.9,90.0,88.4,88.7,-0.7,217,0.8036993102997633,72.2526,71.2881,71.047,72.3329
2020-08-07,367350,32103235,88.5,88.7,86.7,87.9,-0.8,276,0.8036993102997633,71.1274,70.6452,69.6807,71.2881
2020-08-10,265300,23062130,87.6,87.8,86.5,86.5,-1.4,176,0.8036993102997633,70.4041,69.52,69.52,70.5648
2020-08-11,267585,22828759,86.5,87.4,84.0,85.0,-1.5,193,0.8036993102997633,69.52,68.3144,67.5107,70.2433
2020-08-12,138001,11606285,84.5,84.6,83.5,84.0,-1.0,119,0.8036993102997633,67.9126,67.5107,67.1089,67.993
2020-08-13,178940,15052669,84.5,85.2,83.4,83.9,-0.1,149,0.8036993102997633,67.9126,67.4304,67.0285,68.4752
2020-08-14,99101,8317894,84.1,84.5,83.5,84.1,0.2,87,0.8036993102997633,67.5911,67.5911,67.1089,67.9126
2020-08-17,308488,26453096,84.0,87.6,83.6,87.6,3.5,245,0.8036993102997633,67.5107,70.4041,67.1893,70.4041
2020-08-18,262100,22681880,88.2,88.3,85.7,85.9,-1.7,212,0.8036993102997633,70.8863,69.0378,68.877,70.9666
2020-08-19,122725,10450489,86.0,86.2,84.3,84.3,-1.6,110,0.8036993102997633,69.1181,67.7519,67.7519,69.2789
2020-08-20,432353,35378849,84.1,84.1,80.1,81.0,-3.3,342,0.8036993102997633,67.5911,65.0996,64.3763,67.5911
2020-08-21,148326,12333679,82.1,84.0,82.1,83.5,2.5,130,0.8036993102997633,65.9837,67.1089,65.9837,67.5107
2020-08-24,156130,12910016,83.5,83.5,82.3,82.6,-0.9,126,0.8036993102997633,67.1089,66.3856,66.1445,67.1089
2020-08-25,57712,4828792,83.0,84.4,83.0,83.5,0.9,52,0.8036993102997633,66.707,67.1089,66.707,67.8322
2020-08-26,56000,4677600,83.5,83.9,83.4,83.4,-0.1,44,0.8036993102997633,67.1089,67.0285,67.0285,67.4304
2020-08-27,106701,8909372,83.4,83.8,83.0,83.6,0.2,75,0.8036993102997633,67.0285,67.1893,66.707,67.35
2020-08-28,189300,16048860,84.2,85.3,83.6,85.2,1.6,167,0.8036993102997633,67.6715,68.4752,67.1893,68.5556
2020-08-31,53050,4517435,86.2,86.2,84.5,85.0,-0.2,52,0.8036993102997633,69.2789,68.3144,67.9126,69.2789
2020-09-01,185810,15529014,84.7,84.7,83.0,83.6,-1.4,157,0.8036993102997633,68.0733,67.1893,66.707,68.0733
2020-09-02,263207,22002500,83.6,83.9,83.1,83.3,-0.3,89,0.8036993102997633,67.1893,66.9482,66.7874,67.4304
2020-09-03,378706,32113178,84.0,86.3,83.8,85.7,2.4,197,0.8036993102997633,67.5107,68.877,67.35,69.3593
2020-09-04,498610,43035770,84.9,87.9,84.1,87.1,1.4,360,0.8036993102997633,68.2341,70.0022,67.5911,70.6452
2020-09-07,259823,22301058,88.4,88.4,84.3,84.3,-2.8,224,0.8036993102997633,71.047,67.7519,67.7519,71.047
2020-09-08,55125,4624637,83.7,84.8,83.6,84.3,0.0,54,0.8036993102997633,67.2696,67.7519,67.1893,68.1537
2020-09-09,59310,4939785,83.1,84.0,82.6,83.5,-0.8,60,0.8036993102997633,66.7874,67.1089,66.3856,67.5107
2020-09-10,94110,7884196,83.6,84.5,83.5,83.5,0.0,79,0.8036993102997633,67.1893,67.1089,67.1089,67.9126
2020-09-11,62470,5222092,83.8,84.1,83.1,83.5,0.0,61,0.8036993102997633,67.35,67.1089,66.7874,67.5911
2020-09-14,101200,8412059,83.2,83.7,82.9,83.2,-0.3,84,0.8036993102997633,66.8678,66.8678,66.6267,67.2696
2020-09-15,30469,2544859,83.3,83.7,83.3,83.5,0.3,35,0.8036993102997633,66.9482,67.1089,66.9482,67.2696
2020-09-16,47150,3942614,83.8,83.9,83.4,83.4,-0.1,46,0.8036993102997633,67.35,67.0285,67.0285,67.4304
2020-09-17,146248,12091783,82.9,83.2,82.4,82.6,-0.8,117,0.8036993102997633,66.6267,66.3856,66.2248,66.8678
2020-09-18,105100,8699650,83.1,83.3,82.5,83.0,0.4,80,0.8036993102997633,66.7874,66.707,66.3052,66.9482
2020-09-21,38266,3169702,83.0,83.0,82.6,82.9,-0.1,38,0.8036993102997633,66.707,66.6267,66.3856,66.707
2020-09-22,82040,6734608,82.7,82.7,81.6,82.0,-0.9,69,0.8036993102997633,66.4659,65.9033,65.5819,66.4659
2020-09-23,136000,11056900,81.9,81.9,81.0,81.5,-0.5,123,0.8036993102997633,65.823,65.5015,65.0996,65.823
2020-09-24,182852,14676565,81.5,81.5,79.8,80.5,-1.0,158,0.8036993102997633,65.5015,64.6978,64.1352,65.5015
2020-09-25,107850,8636714,80.1,81.2,79.5,80.0,-0.5,101,0.8036993102997633,64.3763,64.2959,63.8941,65.2604
2020-09-28,164300,13126470,79.6,80.4,79.4,79.8,-0.2,126,0.8036993102997633,63.9745,64.1352,63.8137,64.6174
2020-09-29,52100,4171450,79.8,80.8,79.8,80.2,0.4,43,0.8036993102997633,64.1352,64.4567,64.1352,64.9389
2020-09-30,20013,1600947,80.2,80.2,79.9,79.9,-0.3,15,0.8036993102997633,64.4567,64.2156,64.2156,64.4567
2020-10-05,68020,5470526,79.6,80.8,79.6,80.5,0.6,28,0.8036993102997633,63.9745,64.6978,63.9745,64.9389
2020-10-06,32165,2605297,80.5,81.2,80.5,81.2,0.7,34,0.8036993102997633,64.6978,65.2604,64.6978,65.2604
2020-10-07,26400,2140400,80.9,81.5,80.5,81.5,0.3,24,0.8036993102997633,65.0193,65.5015,64.6978,65.5015
2020-10-08,63022,5101895,81.6,81.6,80.2,81.1,-0.4,45,0.8036993102997633,65.5819,65.18,64.4567,65.5819
2020-10-12,253036,20566859,81.5,81.7,80.5,81.4,0.3,51,0.8036993102997633,65.5015,65.4211,64.6978,65.6622
2020-10-13,19022,1536904,81.2,81.4,80.4,81.4,0.0,20,0.8036993102997633,65.2604,65.4211,64.6174,65.4211
2020-10-14,45100,3665900,81.3,81.8,80.9,81.3,-0.1,39,0.8036993102997633,65.3408,65.3408,65.0193,65.7426
2020-10-15,21171,1719622,81.3,81.8,80.7,81.2,-0.1,19,0.8036993102997633,65.3408,65.2604,64.8585,65.7426
2020-10-16,16100,1304620,81.2,81.3,80.8,81.2,0.0,15,0.8036993102997633,65.2604,65.2604,64.9389,65.3408
2020-10-19,131025,10672954,81.1,81.9,81.1,81.9,0.7,69,0.8036993102997633,65.18,65.823,65.18,65.823
2020-10-20,17000,1388200,81.9,81.9,81.3,81.4,-0.5,17,0.8036993102997633,65.823,65.4211,65.3408,65.823
2020-10-21,65620,5324430,81.3,81.7,80.6,81.3,-0.1,59,0.8036993102997633,65.3408,65.3408,64.7782,65.6622
2020-10-22,155000,12490400,81.3,81.4,80.3,80.5,-0.8,84,0.8036993102997633,65.3408,64.6978,64.5371,65.4211
2020-10-23,94000,7544400,80.3,81.0,80.0,81.0,0.5,67,0.8036993102997633,64.5371,65.0996,64.2959,65.0996
2020-10-26,27504,2219621,81.0,81.0,80.5,80.9,-0.1,26,0.8036993102997633,65.0996,65.0193,64.6978,65.0996
2020-10-27,28410,2293210,80.9,80.9,80.2,80.9,0.0,25,0.8036993102997633,65.0193,65.0193,64.4567,65.0193
2020-10-28,49460,3980628,80.9,81.0,80.0,80.7,-0.2,48,0.8036993102997633,65.0193,64.8585,64.2959,65.0996
2020-10-29,31814,2547427,79.6,80.8,79.6,80.8,0.1,35,0.8036993102997633,63.9745,64.9389,63.9745,64.9389
2020-10-30,87451,7004264,80.3,80.5,79.9,79.9,-0.9,69,0.8036993102997633,64.5371,64.2156,64.2156,64.6978
2020-11-02,34169,2717320,79.2,79.8,79.1,79.8,-0.1,32,0.8036993102997633,63.653,64.1352,63.5726,64.1352
2020-11-03,79340,6345300,79.8,80.4,79.8,80.2,0.4,55,0.8036993102997633,64.1352,64.4567,64.1352,64.6174
2020-11-04,33630,2697210,80.4,80.4,80.0,80.2,0.0,33,0.8036993102997633,64.6174,64.4567,64.2959,64.6174
2020-11-05,21000,1689400,80.4,80.6,80.4,80.4,0.2,19,0.8036993102997633,64.6174,64.6174,64.6174,64.7782
2020-11-06,118182,9426711,80.4,80.4,79.5,79.6,-0.8,107,0.8036993102997633,64.6174,63.9745,63.8941,64.6174
2020-11-09,236911,18814615,80.7,80.7,79.0,79.2,-0.4,174,0.8036993102997633,64.8585,63.653,63.4922,64.8585
2020-11-10,157325,12455436,79.6,79.8,79.0,79.3,0.1,129,0.8036993102997633,63.9745,63.7334,63.4922,64.1352
2020-11-11,141249,11324314,79.3,80.7,79.3,80.3,1.0,132,0.8036993102997633,63.7334,64.5371,63.7334,64.8585
2020-11-12,97150,7828700,80.5,80.8,80.2,80.5,0.2,86,0.8036993102997633,64.6978,64.6978,64.4567,64.9389
2020-11-13,75562,6090709,80.5,80.8,80.4,80.5,0.0,64,0.8036993102997633,64.6978,64.6978,64.6174,64.9389
2020-11-16,90545,7310493,80.5,80.9,80.5,80.7,0.2,85,0.8036993102997633,64.6978,64.8585,64.6978,65.0193
2020-11-17,115210,9355100,81.3,81.4,80.7,81.3,0.6,109,0.8036993102997633,65.3408,65.3408,64.8585,65.4211
2020-11-18,148760,12145116,81.4,81.9,81.4,81.6,0.3,101,0.8036993102997633,65.4211,65.5819,65.4211,65.823
2020-11-19,119334,9799909,81.8,82.3,81.6,82.1,0.5,93,0.8036993102997633,65.7426,65.9837,65.5819,66.1445
2020-11-20,86215,7089326,82.1,82.4,82.0,82.3,0.2,71,0.8036993102997633,65.9837,66.1445,65.9033,66.2248
2020-11-23,116472,9660523,82.3,83.2,82.3,83.0,0.7,99,0.8036993102997633,66.1445,66.707,66.1445,66.8678
2020-11-24,160713,13474692,83.3,84.1,83.3,83.8,0.8,129,0.8036993102997633,66.9482,67.35,66.9482,67.5911
2020-11-25,93000,7786800,84.3,84.5,82.9,82.9,-0.9,76,0.8036993102997633,67.7519,66.6267,66.6267,67.9126
2020-11-26,96200,7940900,82.9,82.9,82.3,82.6,-0.3,87,0.8036993102997633,66.6267,66.3856,66.1445,66.6267
2020-11-27,23450,1938840,82.6,82.9,82.6,82.8,0.2,28,0.8036993102997633,66.3856,66.5463,66.3856,66.6267
2020-11-30,70316,5817539,82.8,82.8,82.5,82.6,-0.2,48,0.8036993102997633,66.5463,66.3856,66.3052,66.5463
2020-12-01,111664,9327536,82.6,84.1,82.6,83.8,1.2,100,0.8036993102997633,66.3856,67.35,66.3856,67.5911
2020-12-02,114724,9656238,84.2,84.4,83.8,84.4,0.6,106,0.8036993102997633,67.6715,67.8322,67.35,67.8322
2020-12-03,81235,6866000,84.2,84.8,84.0,84.3,-0.1,73,0.8036993102997633,67.6715,67.7519,67.5107,68.1537
2020-12-04,157010,13353791,84.8,85.6,84.3,85.5,1.2,145,0.8036993102997633,68.1537,68.7163,67.7519,68.7967
2020-12-07,139514,11886906,85.8,86.3,84.6,84.9,-0.6,118,0.8036993102997633,68.9574,68.2341,67.993,69.3593
2020-12-08,66138,5581875,85.1,85.1,83.9,84.1,-0.8,75,0.8036993102997633,68.3948,67.5911,67.4304,68.3948
2020-12-09,83906,7074993,84.1,85.5,83.8,85.5,1.4,87,0.8036993102997633,67.5911,68.7163,67.35,68.7163
2020-12-10,64210,5432536,85.5,85.5,84.0,85.0,-0.5,49,0.8036993102997633,68.7163,68.3144,67.5107,68.7163
2020-12-11,101435,8491982,85.4,85.4,82.5,83.8,-1.2,95,0.8036993102997633,68.6359,67.35,66.3052,68.6359
2020-12-14,359748,30819768,84.0,86.5,84.0,86.2,2.4,247,0.8036993102997633,67.5107,69.2789,67.5107,69.52
2020-12-15,137037,11679292,86.2,86.2,84.5,85.9,-0.3,118,0.8036993102997633,69.2789,69.0378,67.9126,69.2789
2020-12-16,100202,8550085,85.9,85.9,85.0,85.5,-0.4,96,0.8036993102997633,69.0378,68.7163,68.3144,69.0378
2020-12-17,98213,8403411,86.0,86.0,85.3,85.5,0.0,77,0.8036993102997633,69.1181,68.7163,68.5556,69.1181
2020-12-18,447953,39484885,86.1,90.0,86.1,87.2,1.7,379,0.8036993102997633,69.1985,70.0826,69.1985,72.3329
2020-12-21,145205,12517589,87.2,87.2,85.6,86.3,-0.9,104,0.8036993102997633,70.0826,69.3593,68.7967,70.0826
2020-12-22,172601,14794986,86.3,86.7,84.4,84.7,-1.6,108,0.8036993102997633,69.3593,68.0733,67.8322,69.6807
2020-12-23,88246,7472728,84.6,85.1,84.4,84.6,-0.1,73,0.8036993102997633,67.993,67.993,67.8322,68.3948
2020-12-24,150399,12658641,84.5,84.9,83.9,84.0,-0.6,119,0.8036993102997633,67.9126,67.5107,67.4304,68.2341
2020-12-25,100705,8442484,83.9,84.1,83.4,83.6,-0.4,88,0.8036993102997633,67.4304,67.1893,67.0285,67.5911
2020-12-28,98501,8345423,83.7,85.1,83.7,84.5,0.9,91,0.8036993102997633,67.2696,67.9126,67.2696,68.3948
2020-12-29,90343,7698985,85.6,85.9,84.8,85.3,0.8,78,0.8036993102997633,68.7967,68.5556,68.1537,69.0378
2020-12-30,81299,6934919,85.5,85.6,85.0,85.5,0.2,63,0.8036993102997633,68.7163,68.7163,68.3144,68.7967
2020-12-31,65081,5582317,86.0,86.0,85.2,85.6,0.1,54,0.8036993102997633,69.1181,68.7967,68.4752,69.1181
2021-01-04,158267,13531166,85.6,86.3,85.2,85.2,-0.4,131,0.8036993102997633,68.7967,68.4752,68.4752,69.3593
2021-01-05,100760,8555776,85.2,85.2,84.7,84.9,-0.3,88,0.8036993102997633,68.4752,68.2341,68.0733,68.4752
2021-01-06,191221,16089855,84.6,84.6,83.7,84.5,-0.4,163,0.8036993102997633,67.993,67.9126,67.2696,67.993
2021-01-07,57390,4867115,84.6,85.1,84.3,85.0,0.5,59,0.8036993102997633,67.993,68.3144,67.7519,68.3948
2021-01-08,112581,9597800,85.3,85.7,84.5,84.8,-0.2,95,0.8036993102997633,68.5556,68.1537,67.9126,68.877
2021-01-11,101700,8616765,84.9,85.3,84.4,84.8,0.0,80,0.8036993102997633,68.2341,68.1537,67.8322,68.5556
2021-01-12,42043,3549477,84.8,84.8,84.2,84.4,-0.4,48,0.8036993102997633,68.1537,67.8322,67.6715,68.1537
2021-01-13,128145,10897520,84.4,85.3,84.4,85.2,0.8,92,0.8036993102997633,67.8322,68.4752,67.8322,68.5556
2021-01-14,44896,3834094,85.3,85.7,85.1,85.3,0.1,51,0.8036993102997633,68.5556,68.5556,68.3948,68.877
2021-01-15,151151,12917028,85.5,86.0,84.3,84.9,-0.4,120,0.8036993102997633,68.7163,68.2341,67.7519,69.1181
2021-01-18,25146,2121953,84.2,84.9,84.2,84.4,-0.5,29,0.8036993102997633,67.6715,67.8322,67.6715,68.2341
2021-01-19,133116,11197877,84.4,84.5,83.8,83.8,-0.6,110,0.8036993102997633,67.8322,67.35,67.35,67.9126
2021-01-20,174019,14405792,83.6,83.8,82.0,82.0,-1.8,142,0.8036993102997633,67.1893,65.9033,65.9033,67.35
2021-01-21,141332,11646614,82.1,83.8,81.9,82.4,0.4,121,0.8036993102997633,65.9837,66.2248,65.823,67.35
2021-01-22,1459851,123186363,82.4,88.0,82.4,85.6,3.2,413,0.8036993102997633,66.2248,68.7967,66.2248,70.7255
2021-01-25,135375,11466954,85.6,85.7,83.9,84.3,-1.3,123,0.8036993102997633,68.7967,67.7519,67.4304,68.877
2021-01-26,72050,6051481,85.4,85.4,83.4,83.7,-0.6,61,0.8036993102997633,68.6359,67.2696,67.0285,68.6359
2021-01-27,62256,5195224,84.0,84.0,83.1,83.3,-0.4,52,0.8036993102997633,67.5107,66.9482,66.7874,67.5107
2021-01-28,139000,11547000,82.9,83.8,82.8,82.9,-0.4,88,0.8036993102997633,66.6267,66.6267,66.5463,67.35
2021-01-29,110282,9129746,83.4,83.7,82.1,82.4,-0.5,87,0.8036993102997633,67.0285,66.2248,65.9837,67.2696
2021-02-01,58873,4869098,82.4,83.7,82.4,82.5,0.1,57,0.8036993102997633,66.2248,66.3052,66.2248,67.2696
2021-02-02,49345,4081873,83.4,83.4,82.5,82.8,0.3,53,0.8036993102997633,67.0285,66.5463,66.3052,67.0285
2021-02-03,111499,9343649,82.6,84.1,82.6,83.7,0.9,95,0.8036993102997633,66.3856,67.2696,66.3856,67.5911
2021-02-04,123026,10382293,83.3,84.9,83.3,84.3,0.6,102,0.8036993102997633,66.9482,67.7519,66.9482,68.2341
2021-02-05,148221,12638471,84.9,86.0,84.3,86.0,1.7,120,0.8036993102997633,68.2341,69.1181,67.7519,69.1181
2021-02-17,583193,50995122,87.0,89.0,86.2,87.3,1.3,395,0.8036993102997633,69.9218,70.1629,69.2789,71.5292
2021-02-18,242571,21247318,87.4,88.3,86.9,87.7,0.4,182,0.8036993102997633,70.2433,70.4844,69.8415,70.9666
2021-02-19,271245,23871569,88.1,88.8,87.2,88.2,0.5,171,0.8036993102997633,70.8059,70.8863,70.0826,71.3685
2021-02-22,275118,24504976,89.2,89.4,88.4,89.4,1.2,218,0.8036993102997633,71.69,71.8507,71.047,71.8507
2021-02-23,152856,13588661,89.5,89.5,88.3,88.4,-1.0,141,0.8036993102997633,71.9311,71.047,70.9666,71.9311
2021-02-24,720402,65149713,89.3,92.0,89.3,91.5,3.1,550,0.8036993102997633,71.7703,73.5385,71.7703,73.9403
2021-02-25,482474,44381288,92.7,93.6,90.4,90.7,-0.8,401,0.8036993102997633,74.5029,72.8955,72.6544,75.2263
2021-02-26,272172,24547131,90.0,91.3,89.2,90.9,0.2,231,0.8036993102997633,72.3329,73.0563,71.69,73.3777
2021-03-02,495861,45820998,91.5,93.1,91.5,92.0,1.1,452,0.8036993102997633,73.5385,73.9403,73.5385,74.8244
2021-03-03,175891,16195567,92.6,92.6,91.0,92.4,0.4,169,0.8036993102997633,74.4226,74.2618,73.1366,74.4226
2021-03-04,315793,28728758,92.4,92.4,90.4,91.1,-1.3,245,0.8036993102997633,74.2618,73.217,72.6544,74.2618
2021-03-05,212500,19487925,91.2,92.6,90.0,91.5,0.4,157,0.8036993102997633,73.2974,73.5385,72.3329,74.4226
2021-03-08,241428,21973075,91.5,91.9,90.5,90.6,-0.9,163,0.8036993102997633,73.5385,72.8152,72.7348,73.86
2021-03-09,147324,13321558,90.1,91.0,90.1,90.5,-0.1,100,0.8036993102997633,72.4133,72.7348,72.4133,73.1366
2021-03-10,60401,5468716,90.5,91.0,90.4,90.5,0.0,63,0.8036993102997633,72.7348,72.7348,72.6544,73.1366
2021-03-11,110171,9972818,90.4,90.7,90.4,90.6,0.1,83,0.8036993102997633,72.6544,72.8152,72.6544,72.8955
2021-03-12,148451,13538714,90.6,91.6,90.5,91.2,0.6,119,0.8036993102997633,72.8152,73.2974,72.7348,73.6189
2021-03-15,71204,6487583,91.6,91.6,91.0,91.1,-0.1,69,0.8036993102997633,73.6189,73.217,73.1366,73.6189
2021-03-16,191293,17331742,91.0,91.1,90.4,90.6,-0.5,148,0.8036993102997633,73.1366,72.8152,72.6544,73.217
2021-03-17,505835,46587075,92.0,93.0,90.8,93.0,2.4,334,0.8036993102997633,73.9403,74.744,72.9759,74.744
2021-03-18,335054,31293794,93.0,94.5,92.2,92.2,-0.8,303,0.8036993102997633,74.744,74.1011,74.1011,75.9496
2021-03-19,168735,15372812,92.2,92.2,90.6,91.4,-0.8,120,0.8036993102997633,74.1011,73.4581,72.8152,74.1011
2021-03-22,156448,14357514,91.6,92.3,91.3,91.6,0.2,130,0.8036993102997633,73.6189,73.6189,73.3777,74.1814
2021-03-23,163250,14885650,91.6,92.0,90.9,91.1,-0.5,109,0.8036993102997633,73.6189,73.217,73.0563,73.9403
2021-03-24,79115,7193885,91.1,91.1,90.6,90.8,-0.3,62,0.8036993102997633,73.217,72.9759,72.8152,73.217
2021-03-25,131389,12002785,91.0,91.9,91.0,91.1,0.3,118,0.8036993102997633,73.1366,73.217,73.1366,73.86
2021-03-26,168633,15405657,91.1,92.1,91.0,91.1,0.0,144,0.8036993102997633,73.217,73.217,73.1366,74.0207
2021-03-29,194490,17786152,91.3,92.2,91.0,92.0,0.9,155,0.8036993102997633,73.3777,73.9403,73.1366,74.1011
2021-03-30,613643,57835854,92.4,95.4,92.0,95.3,3.3,513,0.8036993102997633,74.2618,76.5925,73.9403,76.6729
2021-03-31,253342,23957243,95.4,95.8,93.4,94.3,-1.0,236,0.8036993102997633,76.6729,75.7888,75.0655,76.9944
2021-04-01,158752,15023797,95.1,95.4,93.8,93.9,-0.4,140,0.8036993102997633,76.4318,75.4674,75.387,76.6729
2021-04-06,215050,20331329,96.0,96.0,93.9,94.8,0.9,153,0.8036993102997633,77.1551,76.1907,75.4674,77.1551
2021-04-07,155089,14588659,94.0,94.6,93.8,94.0,-0.8,146,0.8036993102997633,75.5477,75.5477,75.387,76.03
2021-04-08,146602,13855673,94.1,95.1,93.9,94.7,0.7,117,0.8036993102997633,75.6281,76.1103,75.4674,76.4318
2021-04-09,125861,11929868,94.7,95.2,94.2,94.7,0.0,107,0.8036993102997633,76.1103,76.1103,75.7085,76.5122
2021-04-12,177065,16695682,94.5,95.2,93.9,94.2,-0.5,147,0.8036993102997633,75.9496,75.7085,75.4674,76.5122
2021-04-13,215428,20215344,94.9,95.0,92.2,92.6,-1.6,182,0.8036993102997633,76.2711,74.4226,74.1011,76.3514
2021-04-14,283167,26026018,94.6,94.7,90.9,91.3,-1.3,217,0.8036993102997633,76.03,73.3777,73.0563,76.1103
2021-04-15,89770,8274923,91.5,92.5,91.5,92.3,1.0,82,0.8036993102997633,73.5385,74.1814,73.5385,74.3422
2021-04-16,71311,6624725,93.0,93.3,92.5,93.0,0.7,67,0.8036993102997633,74.744,74.744,74.3422,74.9851
2021-04-19,96731,9045317,93.8,93.8,93.3,93.3,0.3,97,0.8036993102997633,75.387,74.9851,74.9851,75.387
2021-04-20,55529,5198654,93.5,93.9,93.4,93.5,0.2,68,0.8036993102997633,75.1459,75.1459,75.0655,75.4674
2021-04-21,144760,13537359,93.5,94.0,93.4,93.6,0.1,112,0.8036993102997633,75.1459,75.2263,75.0655,75.5477
2021-04-22,145477,13571264,93.5,93.9,92.4,92.7,-0.9,137,0.8036993102997633,75.1459,74.5029,74.2618,75.4674
2021-04-23,157010,14614530,92.8,93.5,92.7,92.9,0.2,103,0.8036993102997633,74.5833,74.6637,74.5029,75.1459
2021-04-26,400773,38059083,93.0,96.0,93.0,95.7,2.8,358,0.8036993102997633,74.744,76.914,74.744,77.1551
2021-04-27,477111,46525956,96.4,99.2,96.0,96.8,1.1,404,0.8036993102997633,77.4766,77.7981,77.1551,79.727
2021-04-28,177675,16929465,96.6,96.6,94.6,95.0,-1.8,160,0.8036993102997633,77.6374,76.3514,76.03,77.6374
2021-04-29,133714,12644463,95.0,95.3,94.3,94.3,-0.7,105,0.8036993102997633,76.3514,75.7888,75.7888,76.5925
2021-05-03,220648,20425970,93.5,93.7,91.5,91.8,-2.5,196,0.8036993102997633,75.1459,73.7796,73.5385,75.3066
2021-05-04,449242,40492952,91.5,92.2,88.5,90.2,-1.6,349,0.8036993102997633,73.5385,72.4937,71.1274,74.1011
2021-05-05,164200,14794840,90.2,90.9,89.6,89.7,-0.5,117,0.8036993102997633,72.4937,72.0918,72.0115,73.0563
2021-05-06,182050,16360505,89.9,90.6,89.4,89.4,-0.3,133,0.8036993102997633,72.2526,71.8507,71.8507,72.8152
2021-05-07,277126,24753465,89.5,90.0,88.8,89.4,0.0,225,0.8036993102997633,71.9311,71.8507,71.3685,72.3329
2021-05-10,229874,20486462,89.9,89.9,88.1,88.5,-0.9,174,0.8036993102997633,72.2526,71.1274,70.8059,72.2526
2021-05-11,363320,31601618,88.1,89.1,86.0,86.4,-2.1,278,0.8036993102997633,70.8059,69.4396,69.1181,71.6096
2021-05-12,580372,49208322,86.4,87.5,83.5,84.5,-1.9,341,0.8036993102997633,69.4396,67.9126,67.1089,70.3237
2021-05-13,205010,17250245,85.0,87.1,82.5,83.8,-0.7,150,0.8036993102997633,68.3144,67.35,66.3052,70.0022
2021-05-14,94037,7949850,86.2,86.2,83.6,84.0,0.2,83,0.8036993102997633,69.2789,67.5107,67.1893,69.2789
2021-05-17,360741,29763828,83.0,84.6,82.0,82.7,-1.3,200,0.8036993102997633,66.707,66.4659,65.9033,67.993
2021-05-18,89129,7522170,83.1,85.8,83.1,85.8,3.1,76,0.8036993102997633,66.7874,68.9574,66.7874,68.9574
2021-05-19,96325,8235712,84.9,86.2,84.9,86.0,0.2,64,0.8036993102997633,68.2341,69.1181,68.2341,69.2789
2021-05-20,35116,3021492,86.0,86.7,85.5,86.3,0.3,39,0.8036993102997633,69.1181,69.3593,68.7163,69.6807
2021-05-21,85100,7428550,85.6,87.8,85.6,87.8,1.5,70,0.8036993102997633,68.7967,70.5648,68.7967,70.5648
2021-05-24,50101,4388819,87.8,87.8,87.0,87.3,-0.5,38,0.8036993102997633,70.5648,70.1629,69.9218,70.5648
2021-05-25,84383,7382516,86.5,87.9,86.5,87.8,0.5,74,0.8036993102997633,69.52,70.5648,69.52,70.6452
2021-05-26,54340,4774035,88.8,88.8,87.3,88.3,0.5,46,0.8036993102997633,71.3685,70.9666,70.1629,71.3685
2021-05-27,42030,3673956,87.3,88.0,87.0,87.5,-0.8,32,0.8036993102997633,70.1629,70.3237,69.9218,70.7255
2021-05-28,151555,13409197,87.4,89.2,87.4,88.9,1.4,78,0.8036993102997633,70.2433,71.4489,70.2433,71.69
2021-05-31,45051,4006861,88.9,89.9,88.6,88.9,0.0,35,0.8036993102997633,71.4489,71.4489,71.2078,72.2526
2021-06-01,35011,3097984,88.8,88.9,88.0,88.5,-0.4,25,0.8036993102997633,71.3685,71.1274,70.7255,71.4489
2021-06-02,71375,6326369,88.3,89.6,88.2,89.4,0.9,71,0.8036993102997633,70.9666,71.8507,70.8863,72.0115
2021-06-03,34250,3067785,89.8,90.1,89.3,89.4,0.0,38,0.8036993102997633,72.1722,71.8507,71.7703,72.4133
2021-06-04,101158,8960011,89.0,89.0,88.3,88.6,-0.8,90,0.8036993102997633,71.5292,71.2078,70.9666,71.5292
2021-06-07,99180,8731858,88.4,88.4,87.7,88.0,-0.6,76,0.8036993102997633,71.047,70.7255,70.4844,71.047
2021-06-08,84100,7440531,89.7,89.7,88.2,88.3,0.3,74,0.8036993102997633,72.0918,70.9666,70.8863,72.0918
2021-06-09,42025,3702039,88.4,88.4,87.8,88.0,-0.3,43,0.8036993102997633,71.047,70.7255,70.5648,71.047
2021-06-10,144020,12601877,88.0,88.2,86.1,88.0,0.0,128,0.8036993102997633,70.7255,70.7255,69.1985,70.8863
2021-06-11,84104,7338572,88.0,88.0,86.8,87.2,-0.8,86,0.8036993102997633,70.7255,70.0826,69.7611,70.7255
2021-06-15,42056,3714449,87.9,88.9,87.6,88.4,1.2,41,0.8036993102997633,70.6452,71.047,70.4041,71.4489
2021-06-16,47155,4188089,89.2,89.3,88.0,88.3,-0.1,52,0.8036993102997633,71.69,70.9666,70.7255,71.7703
2021-06-17,35147,3114986,89.0,89.1,88.0,88.9,0.6,41,0.8036993102997633,71.5292,71.4489,70.7255,71.6096
2021-06-18,116015,10219836,88.2,88.5,87.9,87.9,-1.0,87,0.8036993102997633,70.8863,70.6452,70.6452,71.1274
2021-06-21,123000,10740900,87.9,88.0,86.8,87.2,-0.7,91,0.8036993102997633,70.6452,70.0826,69.7611,70.7255
2021-06-22,339519,29305765,87.8,87.8,85.8,86.0,-1.2,242,0.8036993102997633,70.5648,69.1181,68.9574,70.5648
2021-06-23,407587,34833129,86.1,86.1,84.7,85.5,-0.5,298,0.8036993102997633,69.1985,68.7163,68.0733,69.1985
2021-06-24,492450,41990638,85.8,86.2,84.9,85.0,-0.5,277,0.8036993102997633,68.9574,68.3144,68.2341,69.2789
2021-06-25,580955,49269233,85.1,86.0,84.0,85.5,0.5,417,0.8036993102997633,68.3948,68.7163,67.5107,69.1181
2021-06-28,247479,21287383,85.9,86.8,85.5,86.1,0.6,207,0.8036993102997633,69.0378,69.1985,68.7163,69.7611
2021-06-29,133147,11463389,86.5,86.5,86.0,86.0,-0.1,95,0.8036993102997633,69.52,69.1181,69.1181,69.52
2021-06-30,216582,18889600,86.0,87.6,86.0,87.4,1.4,189,0.8036993102997633,69.1181,70.2433,69.1181,70.4041
2021-07-01,260003,22802012,87.5,88.5,87.0,88.1,0.7,240,0.8036993102997633,70.3237,70.8059,69.9218,71.1274
2021-07-02,1189619,109349380,90.1,95.3,89.6,89.8,1.7,1023,0.8036993102997633,72.4133,72.1722,72.0115,76.5925
2021-07-05,328100,29802200,90.5,92.0,90.1,90.8,1.0,294,0.8036993102997633,72.7348,72.9759,72.4133,73.9403
2021-07-06,218700,19814726,91.6,91.6,90.0,90.4,-0.4,200,0.8036993102997633,73.6189,72.6544,72.3329,73.6189
2021-07-07,369965,33834908,90.5,93.0,90.5,91.8,1.4,319,0.8036993102997633,72.7348,73.7796,72.7348,74.744
2021-07-08,271715,25037018,92.2,92.6,91.7,92.2,0.4,217,0.8036993102997633,74.1011,74.1011,73.6992,74.4226
2021-07-09,277866,25602567,91.5,92.5,91.5,92.4,0.2,222,0.8036993102997633,73.5385,74.2618,73.5385,74.3422
2021-07-12,217385,20174072,93.7,93.7,92.2,92.7,0.3,192,0.8036993102997633,75.3066,74.5029,74.1011,75.3066
2021-07-13,382807,35645138,92.7,93.5,92.7,93.4,0.7,265,0.8036993102997633,74.5029,75.0655,74.5029,75.1459
2021-07-14,260590,24231870,94.3,94.3,92.4,92.6,-0.8,225,0.8036993102997633,75.7888,74.4226,74.2618,75.7888
2021-07-15,266915,24722358,92.7,93.3,92.2,92.9,0.3,169,0.8036993102997633,74.5029,74.6637,74.1011,74.9851
2021-07-16,195750,18201564,93.0,93.3,92.6,93.0,0.1,141,0.8036993102997633,74.744,74.744,74.4226,74.9851
2021-07-19,506713,47315032,93.0,94.4,92.7,93.6,0.6,340,0.8036993102997633,74.744,75.2263,74.5029,75.8692
2021-07-20,447443,41589387,93.3,93.5,92.7,92.7,-0.9,355,0.8036993102997633,74.9851,74.5029,74.5029,75.1459
2021-07-21,317638,28278708,88.9,89.6,88.8,89.2,0.0,275,0.8495202515939344,75.5224,75.7772,75.4374,76.117
2021-07-22,214935,19242060,89.9,90.0,88.8,89.9,0.7,177,0.8495202515939344,76.3719,76.3719,75.4374,76.4568
2021-07-23,132709,11907425,90.0,90.3,89.3,89.7,-0.2,120,0.8495202515939344,76.4568,76.202,75.8622,76.7117
2021-07-26,95984,8593722,90.0,90.0,89.1,89.7,0.0,87,0.8495202515939344,76.4568,76.202,75.6923,76.4568
2021-07-27,166101,14863177,90.1,90.1,89.3,89.6,-0.1,105,0.8495202515939344,76.5418,76.117,75.8622,76.5418
2021-07-28,172275,15393890,89.5,90.0,89.0,89.5,-0.1,150,0.8495202515939344,76.0321,76.0321,75.6073,76.4568
2021-07-29,142515,12804566,89.8,90.6,89.4,89.7,0.2,119,0.8495202515939344,76.2869,76.202,75.9471,76.9665
2021-07-30,102639,9187891,89.2,89.7,89.2,89.7,0.0,89,0.8495202515939344,75.7772,76.202,75.7772,76.202
2021-08-02,112030,10042410,89.5,90.1,89.5,89.8,0.1,82,0.8495202515939344,76.0321,76.2869,76.0321,76.5418
2021-08-03,136216,12293213,90.0,90.9,90.0,90.3,0.5,105,0.8495202515939344,76.4568,76.7117,76.4568,77.2214
2021-08-04,204968,18652205,90.3,91.9,90.2,91.9,1.6,178,0.8495202515939344,76.7117,78.0709,76.6267,78.0709
2021-08-05,149315,13759139,91.9,92.8,91.8,92.1,0.2,135,0.8495202515939344,78.0709,78.2408,77.986,78.8355
2021-08-06,519182,48549534,93.0,94.1,92.5,94.0,1.9,422,0.8495202515939344,79.0054,79.8549,78.5806,79.9399
2021-08-09,1018411,98027992,94.7,98.5,92.9,94.0,0.0,867,0.8495202515939344,80.4496,79.8549,78.9204,83.6777
2021-08-10,201428,18991247,94.1,94.9,93.9,94.5,0.5,171,0.8495202515939344,79.9399,80.2797,79.77,80.6195
2021-08-11,515651,47849470,95.0,95.0,90.3,92.3,-2.2,418,0.8495202515939344,80.7044,78.4107,76.7117,80.7044
2021-08-12,129286,11966790,92.5,93.0,92.1,92.5,0.2,118,0.8495202515939344,78.5806,78.5806,78.2408,79.0054
2021-08-13,196150,18076824,93.9,93.9,91.7,91.7,-0.8,169,0.8495202515939344,79.77,77.901,77.901,79.77
2021-08-16,223149,20247941,91.8,92.0,89.8,90.5,-1.2,200,0.8495202515939344,77.986,76.8816,76.2869,78.1559
2021-08-17,81067,7358990,91.7,91.7,90.4,90.6,0.1,66,0.8495202515939344,77.901,76.9665,76.7966,77.901
2021-08-18,181770,16385270,89.3,91.4,89.3,90.2,-0.4,162,0.8495202515939344,75.8622,76.6267,75.8622,77.6462
2021-08-19,127153,11409552,90.2,90.2,89.3,89.3,-0.9,104,0.8495202515939344,76.6267,75.8622,75.8622,76.6267
2021-08-20,87163,7757597,89.3,90.1,88.5,88.8,-0.5,72,0.8495202515939344,75.8622,75.4374,75.1825,76.5418
2021-08-23,50031,4483768,88.8,90.4,88.8,89.8,1.0,46,0.8495202515939344,75.4374,76.2869,75.4374,76.7966
2021-08-24,159127,14290483,89.8,90.6,89.1,89.2,-0.6,101,0.8495202515939344,76.2869,75.7772,75.6923,76.9665
2021-08-25,69470,6200701,89.2,89.5,88.8,89.3,0.1,73,0.8495202515939344,75.7772,75.8622,75.4374,76.0321
2021-08-26,74348,6658561,89.4,90.2,89.2,89.5,0.2,94,0.8495202515939344,75.9471,76.0321,75.7772,76.6267
2021-08-27,175175,15766516,89.2,90.8,89.2,90.8,1.3,118,0.8495202515939344,75.7772,77.1364,75.7772,77.1364
2021-08-30,165526,14916247,90.1,90.8,89.6,90.8,0.0,149,0.8495202515939344,76.5418,77.1364,76.117,77.1364
2021-08-31,155711,13999820,90.3,90.7,89.6,89.7,-1.1,142,0.8495202515939344,76.7117,76.202,76.117,77.0515
2021-09-01,68114,6125163,89.4,90.3,89.4,89.9,0.2,59,0.8495202515939344,75.9471,76.3719,75.9471,76.7117
2021-09-02,135250,12148831,90.7,90.7,89.4,89.8,-0.1,105,0.8495202515939344,77.0515,76.2869,75.9471,77.0515
2021-09-03,175385,15936253,91.0,91.6,90.0,91.2,1.4,150,0.8495202515939344,77.3063,77.4762,76.4568,77.8161
2021-09-06,233830,21438419,91.3,93.3,91.2,91.2,0.0,225,0.8495202515939344,77.5612,77.4762,77.4762,79.2602
2021-09-07,149390,13468623,91.2,92.3,89.9,90.0,-1.2,120,0.8495202515939344,77.4762,76.4568,76.3719,78.4107
2021-09-08,103413,9268501,90.5,90.5,89.2,89.2,-0.8,96,0.8495202515939344,76.8816,75.7772,75.7772,76.8816
2021-09-09,105251,9418500,89.2,90.0,89.1,89.2,0.0,96,0.8495202515939344,75.7772,75.7772,75.6923,76.4568
2021-09-10,71216,6372240,89.4,89.9,89.3,89.3,0.1,71,0.8495202515939344,75.9471,75.8622,75.8622,76.3719
2021-09-13,81017,7265583,90.4,90.4,89.4,89.9,0.6,76,0.8495202515939344,76.7966,76.3719,75.9471,76.7966
2021-09-14,85027,7617563,89.6,89.9,89.3,89.9,0.0,66,0.8495202515939344,76.117,76.3719,75.8622,76.3719
2021-09-15,114053,10221668,90.1,90.1,89.4,89.5,-0.4,110,0.8495202515939344,76.5418,76.0321,75.9471,76.5418
2021-09-16,84220,7526446,89.5,89.8,89.1,89.6,0.1,68,0.8495202515939344,76.0321,76.117,75.6923,76.2869
2021-09-17,91464,8204665,89.8,90.0,89.2,89.5,-0.1,72,0.8495202515939344,76.2869,76.0321,75.7772,76.4568
2021-09-22,78050,6937975,88.1,89.2,88.1,88.8,-0.7,61,0.8495202515939344,74.8427,75.4374,74.8427,75.7772
2021-09-23,94022,8422385,89.1,90.3,89.0,90.3,1.5,58,0.8495202515939344,75.6923,76.7117,75.6073,76.7117
2021-09-24,81325,7364974,90.3,91.0,90.0,90.4,0.1,64,0.8495202515939344,76.7117,76.7966,76.4568,77.3063
2021-09-27,34208,3075237,89.9,90.1,89.7,90.0,-0.4,37,0.8495202515939344,76.3719,76.4568,76.202,76.5418
2021-09-28,158210,14119103,89.4,89.8,88.9,89.0,-1.0,95,0.8495202515939344,75.9471,75.6073,75.5224,76.2869
2021-09-29,393867,34742073,88.5,89.0,87.8,88.5,-0.5,229,0.8495202515939344,75.1825,75.1825,74.5879,75.6073
2021-09-30,37060,3286020,88.5,89.0,88.1,89.0,0.5,36,0.8495202515939344,75.1825,75.6073,74.8427,75.6073
2021-10-01,177847,15659185,89.0,89.4,87.5,87.8,-1.2,142,0.8495202515939344,75.6073,74.5879,74.333,75.9471
2021-10-04,91000,7943100,87.5,88.8,86.4,87.7,-0.1,72,0.8495202515939344,74.333,74.5029,73.3985,75.4374
2021-10-05,37000,3261300,88.2,88.8,87.5,88.0,0.3,31,0.8495202515939344,74.9277,74.7578,74.333,75.4374
2021-10-06,37030,3262340,88.0,88.2,88.0,88.0,0.0,31,0.8495202515939344,74.7578,74.7578,74.7578,74.9277
2021-10-07,23050,2043925,88.5,88.9,88.1,88.1,0.1,23,0.8495202515939344,75.1825,74.8427,74.8427,75.5224
2021-10-08,59020,5188970,88.1,88.2,87.5,87.6,-0.5,48,0.8495202515939344,74.8427,74.418,74.333,74.9277
2021-10-12,61060,5311753,87.5,87.5,86.7,87.2,-0.4,57,0.8495202515939344,74.333,74.0782,73.6534,74.333
2021-10-13,145713,12538539,87.2,87.2,85.6,85.6,-1.6,133,0.8495202515939344,74.0782,72.7189,72.7189,74.0782
2021-10-14,60380,5183430,87.6,87.6,85.5,86.2,0.6,52,0.8495202515939344,74.418,73.2286,72.634,74.418
2021-10-15,50014,4331854,86.2,87.5,86.1,87.0,0.8,42,0.8495202515939344,73.2286,73.9083,73.1437,74.333
2021-10-18,81201,7075788,86.3,88.9,86.1,88.9,1.9,61,0.8495202515939344,73.3136,75.5224,73.1437,75.5224
2021-10-19,130524,11442040,88.0,88.7,87.3,88.0,-0.9,103,0.8495202515939344,74.7578,74.7578,74.1631,75.3524
2021-10-20,20500,1802250,88.0,88.1,87.6,88.1,0.1,21,0.8495202515939344,74.7578,74.8427,74.418,74.8427
2021-10-21,257580,23533190,88.3,93.2,88.3,93.2,5.1,184,0.8495202515939344,75.0126,79.1753,75.0126,79.1753
2021-10-22,132481,11935027,91.5,91.5,89.3,90.1,-3.1,141,0.8495202515939344,77.7311,76.5418,75.8622,77.7311
2021-10-25,90085,8074043,90.0,90.4,89.2,90.4,0.3,72,0.8495202515939344,76.4568,76.7966,75.7772,76.7966
2021-10-26,209140,18814122,90.3,90.3,89.6,90.0,-0.4,50,0.8495202515939344,76.7117,76.4568,76.117,76.7117
2021-10-27,85146,7628561,89.5,90.0,88.6,89.5,-0.5,59,0.8495202515939344,76.0321,76.0321,75.2675,76.4568
2021-10-28,1231436,111751872,89.7,92.8,89.7,92.1,2.6,236,0.8495202515939344,76.202,78.2408,76.202,78.8355
2021-10-29,144473,13321972,93.4,93.4,91.3,91.9,-0.2,160,0.8495202515939344,79.3452,78.0709,77.5612,79.3452
2021-11-01,200560,18465200,92.2,92.5,91.5,91.6,-0.3,153,0.8495202515939344,78.3258,77.8161,77.7311,78.5806
2021-11-02,146668,13546303,91.6,92.8,91.6,91.8,0.2,128,0.8495202515939344,77.8161,77.986,77.8161,78.8355
2021-11-03,143463,13164697,92.0,92.3,91.5,91.5,-0.3,138,0.8495202515939344,78.1559,77.7311,77.7311,78.4107
2021-11-04,477899,44700656,92.5,94.5,92.0,93.5,2.0,303,0.8495202515939344,78.5806,79.4301,78.1559,80.2797
2021-11-05,510294,48519597,93.5,96.8,93.1,96.5,3.0,368,0.8495202515939344,79.4301,81.9787,79.0903,82.2336
2021-11-08,2335040,241092336,96.7,106.0,95.6,105.5,9.0,1776,0.8495202515939344,82.1486,89.6244,81.2141,90.0491
2021-11-09,1774262,189747700,105.5,112.5,102.5,110.5,5.0,1533,0.8495202515939344,89.6244,93.872,87.0758,95.571
2021-11-10,1045285,115540549,113.0,113.5,107.5,109.5,-1.0,886,0.8495202515939344,95.9958,93.0225,91.3234,96.4205
2021-11-11,737826,80685538,109.5,111.0,107.5,111.0,1.5,598,0.8495202515939344,93.0225,94.2967,91.3234,94.2967
2021-11-12,675362,73732711,112.5,113.5,107.0,107.0,-4.0,557,0.8495202515939344,95.571,90.8987,90.8987,96.4205
2021-11-15,740693,81796712,107.5,113.5,106.5,110.5,3.5,654,0.8495202515939344,91.3234,93.872,90.4739,96.4205
2021-11-16,2554153,304435837,113.5,121.5,111.5,116.5,6.0,2904,0.8495202515939344,96.4205,98.9691,94.7215,103.2167
2021-11-17,1169586,139047647,118.0,122.0,115.0,118.0,1.5,771,0.8495202515939344,100.2434,100.2434,97.6948,103.6415
2021-11-18,624745,72042034,118.0,118.0,113.5,114.0,-4.0,517,0.8495202515939344,100.2434,96.8453,96.4205,100.2434
2021-11-19,486503,55942847,114.0,117.0,113.0,116.0,2.0,418,0.8495202515939344,96.8453,98.5443,95.9958,99.3939
2021-11-22,435307,50056061,116.0,117.0,113.5,116.0,0.0,345,0.8495202515939344,98.5443,98.5443,96.4205,99.3939
2021-11-23,561459,63495056,116.5,116.5,111.0,111.0,-5.0,426,0.8495202515939344,98.9691,94.2967,94.2967,98.9691
2021-11-24,549490,63206989,111.0,117.0,111.0,116.5,5.5,443,0.8495202515939344,94.2967,98.9691,94.2967,99.3939
2021-11-25,144386,16648201,115.0,116.5,114.5,115.5,-1.0,141,0.8495202515939344,97.6948,98.1196,97.2701,98.9691
2021-11-26,976641,107906203,115.5,115.5,109.5,110.0,-5.5,469,0.8495202515939344,98.1196,93.4472,93.0225,98.1196
2021-11-29,488606,53883971,109.5,113.0,106.0,112.0,2.0,401,0.8495202515939344,93.0225,95.1463,90.0491,95.9958
2021-11-30,566412,64636294,113.0,116.0,112.0,115.0,3.0,437,0.8495202515939344,95.9958,97.6948,95.1463,98.5443
2021-12-01,545131,62775016,115.0,117.0,112.0,116.0,1.0,435,0.8495202515939344,97.6948,98.5443,95.1463,99.3939
2021-12-02,1086942,128162436,116.0,120.5,114.0,116.0,0.0,631,0.8495202515939344,98.5443,98.5443,96.8453,102.3672
2021-12-03,4268856,541703841,122.0,127.5,122.0,127.5,11.5,1597,0.8495202515939344,103.6415,108.3138,103.6415,108.3138
2021-12-06,4591484,592992433,124.5,134.5,124.5,129.5,2.0,3477,0.8495202515939344,105.7653,110.0129,105.7653,114.2605
2021-12-07,3420247,461840566,130.0,140.5,129.0,134.5,5.0,2532,0.8495202515939344,110.4376,114.2605,109.5881,119.3576
2021-12-08,2502404,344070711,137.0,140.0,134.5,139.0,4.5,1967,0.8495202515939344,116.3843,118.0833,114.2605,118.9328
2021-12-09,2017997,274119710,137.5,141.0,133.0,133.5,-5.5,2611,0.8495202515939344,116.809,113.411,112.9862,119.7824
2021-12-10,1172004,155152436,133.5,136.0,128.0,134.0,0.5,956,0.8495202515939344,113.411,113.8357,108.7386,115.5348
2021-12-13,1014974,133419084,132.5,135.0,129.0,131.5,-2.5,980,0.8495202515939344,112.5614,111.7119,109.5881,114.6852
2021-12-14,1050389,135045085,132.0,133.0,126.5,127.0,-4.5,1147,0.8495202515939344,112.1367,107.8891,107.4643,112.9862
2021-12-15,2401621,322014645,129.5,138.5,128.5,133.0,6.0,1512,0.8495202515939344,110.0129,112.9862,109.1634,117.6586
2021-12-16,2128380,275121234,133.5,133.5,126.5,128.0,-5.0,1584,0.8495202515939344,113.411,108.7386,107.4643,113.411
2021-12-17,1105734,140657059,129.0,131.5,124.0,126.0,-2.0,863,0.8495202515939344,109.5881,107.0396,105.3405,111.7119
2021-12-20,595348,75092886,126.5,128.0,124.5,125.5,-0.5,403,0.8495202515939344,107.4643,106.6148,105.7653,108.7386
2021-12-21,719450,90828833,126.5,130.0,123.5,124.5,-1.0,579,0.8495202515939344,107.4643,105.7653,104.9158,110.4376
2021-12-22,1090945,138684048,125.0,131.5,122.5,129.5,5.0,827,0.8495202515939344,106.19,110.0129,104.0662,111.7119
2021-12-23,699575,90074447,131.5,131.5,127.0,128.5,-1.0,849,0.8495202515939344,111.7119,109.1634,107.8891,111.7119
2021-12-24,1635685,214885817,127.5,135.0,126.5,134.0,5.5,1123,0.8495202515939344,108.3138,113.8357,107.4643,114.6852
2021-12-27,6455441,899680526,134.0,144.0,133.5,136.0,2.0,4521,0.8495202515939344,113.8357,115.5348,113.411,122.3309
2021-12-28,3772906,524491217,138.5,142.0,134.5,138.5,2.5,2891,0.8495202515939344,117.6586,117.6586,114.2605,120.6319
2021-12-29,2856873,399553106,142.0,143.0,136.0,140.0,1.5,2405,0.8495202515939344,120.6319,118.9328,115.5348,121.4814
2021-12-30,10199958,1526218601,142.0,154.0,139.0,154.0,14.0,6523,0.8495202515939344,120.6319,130.8261,118.0833,130.8261
2022-01-03,8363973,1266825377,155.0,156.0,146.0,155.5,1.5,5975,0.8495202515939344,131.6756,132.1004,124.03,132.5252
2022-01-04,6858592,1088829171,163.0,163.0,155.0,156.0,0.5,5192,0.8495202515939344,138.4718,132.5252,131.6756,138.4718
2022-01-05,3186092,485510804,156.0,157.5,148.0,150.0,-6.0,2505,0.8495202515939344,132.5252,127.428,125.729,133.7994
2022-01-06,2574713,378996736,150.0,150.0,143.5,149.5,-0.5,1958,0.8495202515939344,127.428,127.0033,121.9062,127.428
2022-01-07,4484469,627894630,148.5,149.5,136.0,137.5,-12.0,3121,0.8495202515939344,126.1538,116.809,115.5348,127.0033
2022-01-10,2377838,333635100,140.0,144.0,137.5,139.5,2.0,1850,0.8495202515939344,118.9328,118.5081,116.809,122.3309
2022-01-11,1664243,229403969,142.5,142.5,134.0,137.0,-2.5,1350,0.8495202515939344,121.0566,116.3843,113.8357,121.0566
2022-01-12,1134951,153962038,139.0,139.0,133.0,134.0,-3.0,911,0.8495202515939344,118.0833,113.8357,112.9862,118.0833
2022-01-13,1083356,144387049,135.5,138.0,131.0,132.0,-2.0,930,0.8495202515939344,115.11,112.1367,111.2872,117.2338
2022-01-14,1208013,156712523,133.0,133.0,126.5,131.5,-0.5,988,0.8495202515939344,112.9862,111.7119,107.4643,112.9862
2022-01-17,589990,77482607,131.5,133.0,129.5,131.5,0.0,571,0.8495202515939344,111.7119,111.7119,110.0129,112.9862
2022-01-18,2123841,286950951,133.0,138.5,131.5,132.0,0.5,1659,0.8495202515939344,112.9862,112.1367,111.7119,117.6586
2022-01-19,816958,105437182,128.5,130.5,128.0,129.0,-3.0,785,0.8495202515939344,109.1634,109.5881,108.7386,110.8624
2022-01-20,1222718,153908863,127.0,129.0,124.5,127.0,-2.0,887,0.8495202515939344,107.8891,107.8891,105.7653,109.5881
2022-01-21,1739712,217188728,125.0,126.5,123.0,124.0,-3.0,1307,0.8495202515939344,106.19,105.3405,104.491,107.4643
2022-01-24,1435087,174926723,121.0,124.5,119.0,122.5,-1.5,1090,0.8495202515939344,102.792,104.0662,101.0929,105.7653
2022-01-25,892393,107896490,121.0,123.5,119.0,119.0,-3.5,1107,0.8495202515939344,102.792,101.0929,101.0929,104.9158
2022-01-26,942062,115209073,121.0,125.5,120.0,121.0,2.0,793,0.8495202515939344,102.792,102.792,101.9424,106.6148
2022-02-07,604082,75157522,123.0,126.0,122.0,125.0,4.0,558,0.8495202515939344,104.491,106.19,103.6415,107.0396
2022-02-08,1430085,186695364,127.5,132.5,127.5,130.5,5.5,1029,0.8495202515939344,108.3138,110.8624,108.3138,112.5614
2022-02-09,1007461,131920524,134.0,134.0,130.0,130.5,0.0,781,0.8495202515939344,113.8357,110.8624,110.4376,113.8357
2022-02-10,941005,125919240,133.5,135.5,132.5,133.5,3.0,787,0.8495202515939344,113.411,113.411,112.5614,115.11
2022-02-11,572889,75333684,131.0,133.0,129.5,132.0,-1.5,487,0.8495202515939344,111.2872,112.1367,110.0129,112.9862
2022-02-14,1005998,125776629,128.0,128.5,123.0,123.0,-9.0,858,0.8495202515939344,108.7386,104.491,104.491,109.1634
2022-02-15,326218,40596620,126.0,126.0,123.0,123.0,0.0,283,0.8495202515939344,107.0396,104.491,104.491,107.0396
2022-02-16,330770,41910037,125.5,127.5,125.5,126.5,3.5,300,0.8495202515939344,106.6148,107.4643,106.6148,108.3138
2022-02-17,616976,78759723,127.5,130.5,124.5,125.5,-1.0,540,0.8495202515939344,108.3138,106.6148,105.7653,110.8624
2022-02-18,331162,41429201,123.5,128.0,123.0,128.0,2.5,327,0.8495202515939344,104.9158,108.7386,104.491,108.7386
2022-02-21,336123,41929223,127.5,127.5,123.5,124.0,-4.0,294,0.8495202515939344,108.3138,105.3405,104.9158,108.3138
2022-02-22,466713,56786196,123.5,124.0,120.0,122.5,-1.5,402,0.8495202515939344,104.9158,104.0662,101.9424,105.3405
2022-02-23,305891,37311954,123.5,123.5,121.0,121.0,-1.5,265,0.8495202515939344,104.9158,102.792,102.792,104.9158
2022-02-24,515426,61692229,120.5,122.0,118.0,118.5,-2.5,456,0.8495202515939344,102.3672,100.6681,100.2434,103.6415
2022-02-25,360258,43312644,120.0,121.5,119.0,119.5,1.0,288,0.8495202515939344,101.9424,101.5177,101.0929,103.2167
2022-03-01,440158,53045845,121.0,123.0,119.0,119.0,-0.5,361,0.8495202515939344,102.792,101.0929,101.0929,104.491
2022-03-02,267092,31789374,119.5,120.5,117.5,120.5,1.5,238,0.8495202515939344,101.5177,102.3672,99.8186,102.3672
2022-03-03,274212,32827316,121.0,121.5,119.0,119.0,-1.5,373,0.8495202515939344,102.792,101.0929,101.0929,103.2167
2022-03-04,405290,48350400,119.0,122.0,117.5,117.5,-1.5,454,0.8495202515939344,101.0929,99.8186,99.8186,103.6415
2022-03-07,688093,78401740,117.0,117.0,112.0,113.5,-4.0,517,0.8495202515939344,99.3939,96.4205,95.1463,99.3939
2022-03-08,509955,57375967,110.0,115.5,110.0,110.5,-3.0,410,0.8495202515939344,93.4472,93.872,93.4472,98.1196
2022-03-09,282257,32115180,112.0,115.5,111.5,115.0,4.5,425,0.8495202515939344,95.1463,97.6948,94.7215,98.1196
2022-03-10,578988,69145377,116.5,121.5,116.5,119.0,4.0,497,0.8495202515939344,98.9691,101.0929,98.9691,103.2167
2022-03-11,182840,21365384,119.5,119.5,115.5,115.5,-3.5,217,0.8495202515939344,101.5177,98.1196,98.1196,101.5177
2022-03-14,1085435,121512579,117.5,117.5,109.5,109.5,-6.0,537,0.8495202515939344,99.8186,93.0225,93.0225,99.8186
2022-03-15,824797,92064310,112.0,114.5,110.0,110.5,1.0,616,0.8495202515939344,95.1463,93.872,93.4472,97.2701
2022-03-16,362654,40677811,110.5,114.0,110.5,113.0,2.5,333,0.8495202515939344,93.872,95.9958,93.872,96.8453
2022-03-17,468128,53919640,116.0,117.0,113.0,115.5,2.5,420,0.8495202515939344,98.5443,98.1196,95.9958,99.3939
2022-03-18,513805,58306849,115.5,115.5,112.0,115.0,-0.5,383,0.8495202515939344,98.1196,97.6948,95.1463,98.1196
2022-03-21,781078,91831552,116.5,120.0,115.0,116.5,1.5,455,0.8495202515939344,98.9691,98.9691,97.6948,101.9424
2022-03-22,275241,31987151,115.5,118.0,114.5,118.0,1.5,257,0.8495202515939344,98.1196,100.2434,97.2701,100.2434
2022-03-23,511475,59628231,119.0,119.0,115.0,116.5,-1.5,408,0.8495202515939344,101.0929,98.9691,97.6948,101.0929
2022-03-24,562451,66537644,116.5,120.5,115.0,119.5,3.0,412,0.8495202515939344,98.9691,101.5177,97.6948,102.3672
2022-03-25,318168,37735672,119.5,120.0,117.5,117.5,-2.0,260,0.8495202515939344,101.5177,99.8186,99.8186,101.9424
2022-03-28,505033,57415423,115.5,116.0,112.5,114.0,-3.5,418,0.8495202515939344,98.1196,96.8453,95.571,98.5443
2022-03-29,189344,21707923,115.5,115.5,114.0,114.5,0.5,148,0.8495202515939344,98.1196,97.2701,96.8453,98.1196
2022-03-30,202408,23649337,115.5,118.0,115.5,117.5,3.0,167,0.8495202515939344,98.1196,99.8186,98.1196,100.2434
2022-03-31,222840,25717813,117.5,117.5,114.5,114.5,-3.0,192,0.8495202515939344,99.8186,97.2701,97.2701,99.8186
2022-04-01,121188,13803130,113.0,115.0,112.5,114.5,0.0,115,0.8495202515939344,95.9958,97.2701,95.571,97.6948
2022-04-06,89505,10204075,113.0,115.0,113.0,115.0,0.5,94,0.8495202515939344,95.9958,97.6948,95.9958,97.6948
2022-04-07,275454,31163356,115.0,116.0,111.5,111.5,-3.5,264,0.8495202515939344,97.6948,94.7215,94.7215,98.5443
2022-04-08,136924,15406447,112.0,113.5,111.5,113.0,1.5,136,0.8495202515939344,95.1463,95.9958,94.7215,96.4205
2022-04-11,234498,26107773,113.0,114.5,110.0,110.0,-3.0,204,0.8495202515939344,95.9958,93.4472,93.4472,97.2701
2022-04-12,183840,20235503,109.0,111.5,108.5,110.0,0.0,167,0.8495202515939344,92.5977,93.4472,92.1729,94.7215
2022-04-13,143765,16039908,110.0,113.0,110.0,112.5,2.5,126,0.8495202515939344,93.4472,95.571,93.4472,95.9958
2022-04-14,191260,21347639,112.5,113.0,110.5,111.0,-1.5,328,0.8495202515939344,95.571,94.2967,93.872,95.9958
2022-04-15,463299,50014200,111.0,111.0,106.0,106.5,-4.5,421,0.8495202515939344,94.2967,90.4739,90.0491,94.2967
2022-04-18,343564,36386484,105.5,107.5,105.0,105.5,-1.0,298,0.8495202515939344,89.6244,89.6244,89.1996,91.3234
2022-04-19,220445,23786370,108.0,109.0,106.5,107.5,2.0,209,0.8495202515939344,91.7482,91.3234,90.4739,92.5977
2022-04-20,225773,23943557,107.5,108.0,105.0,106.0,-1.5,220,0.8495202515939344,91.3234,90.0491,89.1996,91.7482
2022-04-21,215381,22615249,106.0,106.0,104.0,105.0,-1.0,202,0.8495202515939344,90.0491,89.1996,88.3501,90.0491
2022-04-22,218394,22597867,103.5,104.5,103.0,103.0,-2.0,218,0.8495202515939344,87.9253,87.5006,87.5006,88.7749
2022-04-25,534587,53497681,101.5,101.5,99.6,99.8,-3.2,480,0.8495202515939344,86.2263,84.7821,84.6122,86.2263
2022-04-26,243720,24515370,101.5,101.5,100.0,100.5,0.7,208,0.8495202515939344,86.2263,85.3768,84.952,86.2263
2022-04-27,257979,25374868,99.9,99.9,97.1,98.7,-1.8,235,0.8495202515939344,84.8671,83.8476,82.4884,84.8671
2022-04-28,433641,42934490,99.3,100.5,98.4,99.6,0.9,227,0.8495202515939344,84.3574,84.6122,83.5928,85.3768
2022-04-29,151445,15561559,101.0,104.0,101.0,104.0,4.4,144,0.8495202515939344,85.8015,88.3501,85.8015,88.3501
2022-05-03,287586,28891442,104.0,104.0,99.7,99.7,-4.3,221,0.8495202515939344,88.3501,84.6972,84.6972,88.3501
2022-05-04,60041,6011346,101.5,101.5,99.9,100.0,0.3,58,0.8495202515939344,86.2263,84.952,84.8671,86.2263
2022-05-05,91203,9208568,102.0,102.0,100.5,101.0,1.0,85,0.8495202515939344,86.6511,85.8015,85.3768,86.6511
2022-05-06,106080,10496963,98.0,99.7,97.5,99.3,-1.7,118,0.8495202515939344,83.253,84.3574,82.8282,84.6972
2022-05-09,258843,24983939,98.7,98.7,95.6,96.0,-3.3,241,0.8495202515939344,83.8476,81.5539,81.2141,83.8476
2022-05-10,144608,13825389,93.0,97.3,93.0,97.3,1.3,120,0.8495202515939344,79.0054,82.6583,79.0054,82.6583
2022-05-11,84031,8070129,96.6,97.3,95.1,96.1,-1.2,133,0.8495202515939344,82.0637,81.6389,80.7894,82.6583
2022-05-12,200113,18779856,96.1,97.0,93.0,93.0,-3.1,198,0.8495202515939344,81.6389,79.0054,79.0054,82.4035
2022-05-13,178250,17019213,96.6,96.6,94.4,95.8,2.8,174,0.8495202515939344,82.0637,81.384,80.1947,82.0637
2022-05-16,102165,9752113,96.1,97.7,93.7,95.0,-0.8,103,0.8495202515939344,81.6389,80.7044,79.6,82.9981
2022-05-17,120497,11725337,96.7,98.2,96.0,97.8,2.8,139,0.8495202515939344,82.1486,83.0831,81.5539,83.4229
2022-05-18,107199,10515100,98.1,98.4,97.8,97.9,0.1,100,0.8495202515939344,83.3379,83.168,83.0831,83.5928
2022-05-19,70001,6746097,97.0,97.0,95.5,96.7,-1.2,67,0.8495202515939344,82.4035,82.1486,81.1292,82.4035
2022-05-20,33371,3234514,96.7,97.5,96.5,97.2,0.5,42,0.8495202515939344,82.1486,82.5734,81.9787,82.8282
2022-05-23,70245,6796334,97.3,97.5,96.2,96.7,-0.5,65,0.8495202515939344,82.6583,82.1486,81.7238,82.8282
2022-05-24,110503,10530427,96.3,97.3,94.5,94.6,-2.1,109,0.8495202515939344,81.8088,80.3646,80.2797,82.6583
2022-05-25,69125,6588015,94.9,95.9,94.7,95.4,0.8,72,0.8495202515939344,80.6195,81.0442,80.4496,81.469
2022-05-26,189599,17843130,95.4,95.8,93.3,93.6,-1.8,194,0.8495202515939344,81.0442,79.5151,79.2602,81.384
2022-05-27,117083,10980938,93.7,94.2,93.3,93.8,0.2,116,0.8495202515939344,79.6,79.685,79.2602,80.0248
2022-05-30,137336,13075291,94.0,96.2,94.0,95.7,1.9,129,0.8495202515939344,79.8549,81.2991,79.8549,81.7238
2022-05-31,95395,9079331,95.2,95.6,94.8,95.1,-0.6,84,0.8495202515939344,80.8743,80.7894,80.5345,81.2141
2022-06-01,164300,15677874,95.1,96.2,94.8,96.0,0.9,150,0.8495202515939344,80.7894,81.5539,80.5345,81.7238
2022-06-02,316060,30554637,95.5,97.6,95.5,97.1,1.1,237,0.8495202515939344,81.1292,82.4884,81.1292,82.9132
2022-06-06,175761,16848120,97.7,97.7,95.1,95.3,-1.8,182,0.8495202515939344,82.9981,80.9593,80.7894,82.9981
2022-06-07,131638,12470147,95.6,95.8,94.0,94.5,-0.8,134,0.8495202515939344,81.2141,80.2797,79.8549,81.384
2022-06-08,99116,9456855,94.5,96.5,94.5,95.7,1.2,110,0.8495202515939344,80.2797,81.2991,80.2797,81.9787
2022-06-09,202763,19552553,95.1,97.2,95.1,97.2,1.5,204,0.8495202515939344,80.7894,82.5734,80.7894,82.5734
2022-06-10,82087,7934443,96.7,97.2,95.3,97.2,0.0,76,0.8495202515939344,82.1486,82.5734,80.9593,82.5734
2022-06-13,226723,21431459,95.2,96.0,93.9,93.9,-3.3,234,0.8495202515939344,80.8743,79.77,79.77,81.5539
2022-06-14,190860,17569937,93.1,93.2,90.9,92.4,-1.5,194,0.8495202515939344,79.0903,78.4957,77.2214,79.1753
2022-06-15,70591,6587183,92.6,94.0,92.6,93.0,0.6,174,0.8495202515939344,78.6656,79.0054,78.6656,79.8549
2022-06-16,154544,14189402,94.9,94.9,91.0,91.1,-1.9,167,0.8495202515939344,80.6195,77.3913,77.3063,80.6195
2022-06-17,248693,22467152,90.0,92.2,88.8,90.7,-0.4,219,0.8495202515939344,76.4568,77.0515,75.4374,78.3258
2022-06-20,331017,29170103,91.0,91.0,86.8,86.8,-3.9,315,0.8495202515939344,77.3063,73.7384,73.7384,77.3063
2022-06-21,212076,18801083,88.3,89.5,87.7,89.5,2.7,187,0.8495202515939344,75.0126,76.0321,74.5029,76.0321
2022-06-22,208354,18345842,89.5,89.8,86.8,87.4,-2.1,192,0.8495202515939344,76.0321,74.2481,73.7384,76.2869
2022-06-23,177549,15490351,88.0,88.1,86.7,87.6,0.2,150,0.8495202515939344,74.7578,74.418,73.6534,74.8427
2022-06-24,185720,16582476,88.8,89.9,88.7,89.1,1.5,159,0.8495202515939344,75.4374,75.6923,75.3524,76.3719
2022-06-27,159487,14539416,90.6,92.0,90.6,90.7,1.6,152,0.8495202515939344,76.9665,77.0515,76.9665,78.1559
2022-06-28,96390,8637522,91.2,91.3,88.9,89.2,-1.5,99,0.8495202515939344,77.4762,75.7772,75.5224,77.5612
2022-06-29,263897,23060386,88.0,88.2,86.9,87.9,-1.3,210,0.8495202515939344,74.7578,74.6728,73.8233,74.9277
2022-06-30,543052,46370959,87.3,87.3,84.0,84.5,-3.4,405,0.8495202515939344,74.1631,71.7845,71.3597,74.1631
2022-07-01,516857,43363211,85.1,85.1,82.7,83.3,-1.2,408,0.8495202515939344,72.2942,70.765,70.2553,72.2942
2022-07-04,150795,11947371,78.9,79.8,78.5,78.6,0.0,171,0.9072440635612147,71.5816,71.3094,71.2187,72.3981
2022-07-05,135172,10852585,80.0,81.2,79.2,80.0,1.4,117,0.9072440635612147,72.5795,72.5795,71.8537,73.6682
2022-07-06,943064,68536085,76.7,76.7,72.0,72.0,-8.0,655,0.9072440635612147,69.5856,65.3216,65.3216,69.5856
2022-07-07,1137737,77300618,66.9,69.8,66.5,69.4,-2.6,877,0.9072440635612147,60.6946,62.9627,60.3317,63.3256
2022-07-08,726413,51950754,70.0,73.5,69.3,73.5,4.1,597,0.9072440635612147,63.5071,66.6824,62.872,66.6824
2022-07-11,459358,32441788,73.2,73.2,69.8,70.1,-3.4,424,0.9072440635612147,66.4103,63.5978,63.3256,66.4103
2022-07-12,469415,31500858,69.3,69.3,66.3,67.0,-3.1,463,0.9072440635612147,62.872,60.7854,60.1503,62.872
2022-07-13,407979,28325674,67.5,70.2,67.5,69.9,2.9,357,0.9072440635612147,61.239,63.4164,61.239,63.6885
2022-07-14,254525,17987336,70.3,71.5,68.7,70.6,0.7,240,0.9072440635612147,63.7793,64.0514,62.3277,64.868
2022-07-15,142590,10031414,71.4,71.4,69.5,69.9,-0.7,146,0.9072440635612147,64.7772,63.4164,63.0535,64.7772
2022-07-18,196927,13861463,70.3,71.0,69.9,70.8,0.9,167,0.9072440635612147,63.7793,64.2329,63.4164,64.4143
2022-07-19,146755,10306161,70.8,70.8,70.0,70.3,-0.5,109,0.9072440635612147,64.2329,63.7793,63.5071,64.2329
2022-07-20,211900,15090748,70.7,71.8,70.6,70.9,0.6,164,0.9072440635612147,64.1422,64.3236,64.0514,65.1401
2022-07-21,271097,19368308,70.7,72.9,70.0,72.9,2.0,231,0.9072440635612147,64.1422,66.1381,63.5071,66.1381
2022-07-22,348793,25673025,72.9,75.5,72.2,73.0,0.1,318,0.9072440635612147,66.1381,66.2288,65.503,68.4969
2022-07-25,180194,12755062,73.0,73.0,69.8,70.8,-2.2,136,0.9072440635612147,66.2288,64.2329,63.3256,66.2288
2022-07-26,201653,14133002,70.8,70.8,69.6,70.6,-0.2,174,0.9072440635612147,64.2329,64.0514,63.1442,64.2329
2022-07-27,179326,12489302,70.0,70.6,69.0,70.4,-0.2,165,0.9072440635612147,63.5071,63.87,62.5998,64.0514
2022-07-28,99188,6937416,70.5,70.6,69.5,69.5,-0.9,107,0.9072440635612147,63.9607,63.0535,63.0535,64.0514
2022-07-29,142411,10007440,69.8,71.0,69.5,70.9,1.4,127,0.9072440635612147,63.3256,64.3236,63.0535,64.4143
2022-08-01,124468,8708576,70.1,70.6,69.7,70.1,-0.8,107,0.9072440635612147,63.5978,63.5978,63.2349,64.0514
2022-08-02,503283,34033342,69.4,69.5,67.0,67.6,-2.5,387,0.9072440635612147,62.9627,61.3297,60.7854,63.0535
2022-08-03,422639,28424556,67.6,68.1,66.7,67.2,-0.4,308,0.9072440635612147,61.3297,60.9668,60.5132,61.7833
2022-08-04,543826,36204705,67.2,67.4,65.9,66.6,-0.6,489,0.9072440635612147,60.9668,60.4225,59.7874,61.1482
2022-08-05,741323,49387482,66.7,67.0,66.0,66.5,-0.1,591,0.9072440635612147,60.5132,60.3317,59.8781,60.7854
2022-08-08,480081,31478712,66.5,66.5,65.0,65.1,-1.4,417,0.9072440635612147,60.3317,59.0616,58.9709,60.3317
2022-08-09,366176,23827683,65.1,65.6,65.0,65.2,0.1,343,0.9072440635612147,59.0616,59.1523,58.9709,59.5152
2022-08-10,335398,22281942,65.2,67.8,64.8,67.0,1.8,266,0.9072440635612147,59.1523,60.7854,58.7894,61.5111
2022-08-11,411107,28264337,68.0,69.8,67.4,68.4,1.4,322,0.9072440635612147,61.6926,62.0555,61.1482,63.3256
2022-08-12,110746,7643553,68.5,69.4,68.5,68.9,0.5,123,0.9072440635612147,62.1462,62.5091,62.1462,62.9627
2022-08-15,177286,12262799,69.5,69.6,68.5,69.3,0.4,166,0.9072440635612147,63.0535,62.872,62.1462,63.1442
2022-08-16,165821,11605873,69.1,70.5,69.1,70.2,0.9,124,0.9072440635612147,62.6906,63.6885,62.6906,63.9607
2022-08-17,321085,23010585,70.6,72.7,70.5,70.7,0.5,282,0.9072440635612147,64.0514,64.1422,63.9607,65.9566
2022-08-18,150807,10625931,70.7,71.0,69.5,71.0,0.3,157,0.9072440635612147,64.1422,64.4143,63.0535,64.4143
2022-08-19,665549,48888745,71.5,74.7,71.4,74.0,3.0,475,0.9072440635612147,64.868,67.1361,64.7772,67.7711
2022-08-22,322725,23467403,73.3,73.9,71.7,72.1,-1.9,354,0.9072440635612147,66.501,65.4123,65.0494,67.0453
2022-08-23,133846,9519984,71.1,71.9,70.8,71.1,-1.0,136,0.9072440635612147,64.5051,64.5051,64.2329,65.2308
2022-08-24,89877,6381667,71.1,71.4,70.7,70.7,-0.4,98,0.9072440635612147,64.5051,64.1422,64.1422,64.7772
2022-08-25,113140,8147514,71.5,72.5,71.3,71.9,1.2,132,0.9072440635612147,64.868,65.2308,64.6865,65.7752
2022-08-26,146740,10677795,72.6,73.5,72.2,72.2,0.3,126,0.9072440635612147,65.8659,65.503,65.503,66.6824
2022-08-29,189281,13356654,71.0,71.7,69.8,71.3,-0.9,164,0.9072440635612147,64.4143,64.6865,63.3256,65.0494
2022-08-30,72349,5221550,71.3,72.6,71.3,72.3,1.0,73,0.9072440635612147,64.6865,65.5937,64.6865,65.8659
2022-08-31,212057,15547456,72.6,74.1,72.4,73.5,1.2,194,0.9072440635612147,65.8659,66.6824,65.6845,67.2268
2022-09-01,360426,25687600,73.3,73.3,70.1,71.0,-2.5,299,0.9072440635612147,66.501,64.4143,63.5978,66.501
2022-09-02,72685,5201889,71.4,72.1,70.9,71.5,0.5,84,0.9072440635612147,64.7772,64.868,64.3236,65.4123
2022-09-05,131269,9346804,71.6,73.5,70.5,70.9,-0.6,144,0.9072440635612147,64.9587,64.3236,63.9607,66.6824
2022-09-06,116794,8240807,71.4,71.4,70.2,70.2,-0.7,152,0.9072440635612147,64.7772,63.6885,63.6885,64.7772
2022-09-07,184355,12766385,70.1,70.1,68.4,69.6,-0.6,203,0.9072440635612147,63.5978,63.1442,62.0555,63.5978
2022-09-08,52319,3667648,69.8,70.7,69.6,70.7,1.1,174,0.9072440635612147,63.3256,64.1422,63.1442,64.1422
2022-09-12,89387,6382214,70.8,71.8,70.8,71.3,0.6,90,0.9072440635612147,64.2329,64.6865,64.2329,65.1401
2022-09-13,80986,5820078,71.3,72.2,71.3,71.6,0.3,109,0.9072440635612147,64.6865,64.9587,64.6865,65.503
2022-09-14,62540,4445038,70.9,71.3,70.4,71.1,-0.5,62,0.9072440635612147,64.3236,64.5051,63.87,64.6865
2022-09-15,66237,4730252,70.8,72.0,70.7,71.3,0.2,71,0.9072440635612147,64.2329,64.6865,64.1422,65.3216
2022-09-16,63719,4517303,70.7,71.1,70.6,71.0,-0.3,73,0.9072440635612147,64.1422,64.4143,64.0514,64.5051
2022-09-19,134400,9471364,71.0,71.2,70.1,70.3,-0.7,117,0.9072440635612147,64.4143,63.7793,63.5978,64.5958
2022-09-20,42113,2982956,70.9,71.0,70.4,71.0,0.7,45,0.9072440635612147,64.3236,64.4143,63.87,64.4143
2022-09-21,96332,6768377,70.8,71.0,70.0,70.0,-1.0,115,0.9072440635612147,64.2329,63.5071,63.5071,64.4143
2022-09-22,112413,7788837,70.0,70.0,68.5,69.6,-0.4,127,0.9072440635612147,63.5071,63.1442,62.1462,63.5071
2022-09-23,79552,5497030,70.1,70.1,68.5,68.6,-1.0,97,0.9072440635612147,63.5978,62.2369,62.1462,63.5978
2022-09-26,337164,22394874,68.0,68.0,65.7,66.0,-2.6,359,0.9072440635612147,61.6926,59.8781,59.6059,61.6926
2022-09-27,111362,7370829,66.1,67.9,65.5,67.0,1.0,117,0.9072440635612147,59.9688,60.7854,59.4245,61.6019
2022-09-28,291795,18870635,66.5,66.6,63.9,63.9,-3.1,325,0.9072440635612147,60.3317,57.9729,57.9729,60.4225
2022-09-29,219497,13995900,64.6,65.2,62.8,63.7,-0.2,209,0.9072440635612147,58.608,57.7914,56.9749,59.1523
2022-09-30,95824,5986612,63.3,63.6,61.7,63.6,-0.1,105,0.9072440635612147,57.4285,57.7007,55.977,57.7007
2022-10-03,92957,5887540,62.3,64.3,61.9,63.8,0.2,79,0.9072440635612147,56.5213,57.8822,56.1584,58.3358
2022-10-04,74661,4843168,64.2,65.2,64.2,65.1,1.3,70,0.9072440635612147,58.2451,59.0616,58.2451,59.1523
2022-10-05,100148,6587718,65.6,66.2,65.1,65.1,0.0,225,0.9072440635612147,59.5152,59.0616,59.0616,60.0596
2022-10-06,57490,3730380,65.5,65.5,64.3,64.6,-0.5,62,0.9072440635612147,59.4245,58.608,58.3358,59.4245
2022-10-07,66000,4221511,63.3,64.6,63.3,63.7,-0.9,265,0.9072440635612147,57.4285,57.7914,57.4285,58.608
2022-10-11,238790,14627170,61.7,62.2,60.4,60.6,-3.1,259,0.9072440635612147,55.977,54.979,54.7975,56.4306
2022-10-12,321478,19086087,61.0,61.0,58.8,59.4,-1.2,263,0.9072440635612147,55.3419,53.8903,53.346,55.3419
2022-10-13,288175,16586523,59.4,59.4,56.1,57.0,-2.4,289,0.9072440635612147,53.8903,51.7129,50.8964,53.8903
2022-10-14,147197,8735574,58.1,60.4,58.1,59.0,2.0,159,0.9072440635612147,52.7109,53.5274,52.7109,54.7975
2022-10-17,126975,7366821,58.0,58.8,57.3,58.8,-0.2,138,0.9072440635612147,52.6202,53.346,51.9851,53.346
2022-10-18,349208,21577828,59.9,63.9,59.3,63.0,4.2,331,0.9072440635612147,54.3439,57.1564,53.7996,57.9729
2022-10-19,216475,13489385,64.6,64.6,60.8,61.1,-1.9,235,0.9072440635612147,58.608,55.4326,55.1604,58.608
2022-10-20,572949,33695449,61.0,61.0,58.2,58.3,-2.8,426,0.9072440635612147,55.3419,52.8923,52.8016,55.3419
2022-10-21,160419,9247501,58.8,58.8,57.0,57.4,-0.9,151,0.9072440635612147,53.346,52.0758,51.7129,53.346
2022-10-24,69200,4021387,57.7,58.4,57.7,58.0,0.6,66,0.9072440635612147,52.348,52.6202,52.348,52.9831
2022-10-25,182805,10338993,58.4,58.4,55.8,56.7,-1.3,162,0.9072440635612147,52.9831,51.4407,50.6242,52.9831
2022-10-26,132471,7457570,56.9,57.1,56.0,56.2,-0.5,130,0.9072440635612147,51.6222,50.9871,50.8057,51.8036
2022-10-27,129280,7385630,56.3,57.7,56.3,57.5,1.3,119,0.9072440635612147,51.0778,52.1665,51.0778,52.348
2022-10-28,83400,4720830,57.4,57.4,56.4,56.6,-0.9,59,0.9072440635612147,52.0758,51.35,51.1686,52.0758
2022-10-31,70338,4025454,57.0,57.7,56.7,57.7,1.1,59,0.9072440635612147,51.7129,52.348,51.4407,52.348
2022-11-01,110907,6491535,57.8,59.4,57.7,58.5,0.8,107,0.9072440635612147,52.4387,53.0738,52.348,53.8903
2022-11-02,59836,3560709,58.5,59.9,58.5,59.9,1.4,117,0.9072440635612147,53.0738,54.3439,53.0738,54.3439
2022-11-03,46741,2767645,58.8,59.7,58.7,59.7,-0.2,52,0.9072440635612147,53.346,54.1625,53.2552,54.1625
2022-11-04,49300,2918109,59.5,59.7,58.9,59.7,0.0,48,0.9072440635612147,53.981,54.1625,53.4367,54.1625
2022-11-07,159113,9787998,59.3,62.3,59.3,61.7,2.0,154,0.9072440635612147,53.7996,55.977,53.7996,56.5213
2022-11-08,104650,6494934,61.7,62.5,61.7,61.7,0.0,130,0.9072440635612147,55.977,55.977,55.977,56.7028
2022-11-09,88885,5550481,62.0,62.8,62.0,62.8,1.1,104,0.9072440635612147,56.2491,56.9749,56.2491,56.9749
2022-11-10,128272,7881936,61.2,62.1,60.7,61.5,-1.3,122,0.9072440635612147,55.5233,55.7955,55.0697,56.3399
2022-11-11,102799,6413602,63.3,63.3,62.0,62.5,1.0,91,0.9072440635612147,57.4285,56.7028,56.2491,57.4285
2022-11-14,131403,8328399,62.5,64.1,62.1,64.1,1.6,122,0.9072440635612147,56.7028,58.1543,56.3399,58.1543
2022-11-15,252436,16644211,64.1,66.9,63.8,66.2,2.1,253,0.9072440635612147,58.1543,60.0596,57.8822,60.6946
2022-11-16,287745,19378624,66.1,68.1,65.9,67.2,1.0,302,0.9072440635612147,59.9688,60.9668,59.7874,61.7833
2022-11-17,192039,13108451,67.0,68.7,67.0,68.6,1.4,146,0.9072440635612147,60.7854,62.2369,60.7854,62.3277
2022-11-18,209112,14168214,68.6,69.0,67.2,67.3,-1.3,259,0.9072440635612147,62.2369,61.0575,60.9668,62.5998
2022-11-21,134496,9210845,67.7,69.3,67.7,68.5,1.2,163,0.9072440635612147,61.4204,62.1462,61.4204,62.872
2022-11-22,75774,5137791,67.9,68.1,67.5,67.8,-0.7,173,0.9072440635612147,61.6019,61.5111,61.239,61.7833
2022-11-23,66915,4503139,67.4,67.6,67.1,67.3,-0.5,76,0.9072440635612147,61.1482,61.0575,60.8761,61.3297
2022-11-24,57414,3886165,67.3,67.9,67.3,67.6,0.3,57,0.9072440635612147,61.0575,61.3297,61.0575,61.6019
2022-11-25,86190,5819464,67.4,68.2,67.4,67.4,-0.2,47,0.9072440635612147,61.1482,61.1482,61.1482,61.874
2022-11-28,68231,4586542,66.9,68.1,66.7,67.5,0.1,59,0.9072440635612147,60.6946,61.239,60.5132,61.7833
2022-11-29,44000,2965300,67.0,67.7,66.9,67.3,-0.2,39,0.9072440635612147,60.7854,61.0575,60.6946,61.4204
2022-11-30,87351,5991555,67.4,69.3,67.4,68.5,1.2,90,0.9072440635612147,61.1482,62.1462,61.1482,62.872
2022-12-01,309057,21799883,69.2,71.9,69.2,71.3,2.8,293,0.9072440635612147,62.7813,64.6865,62.7813,65.2308
2022-12-02,129398,9252614,70.4,72.1,70.4,71.6,0.3,201,0.9072440635612147,63.87,64.9587,63.87,65.4123
2022-12-05,210800,15239808,71.9,73.5,71.6,71.7,0.1,277,0.9072440635612147,65.2308,65.0494,64.9587,66.6824
2022-12-06,185427,13169766,71.7,71.7,70.1,70.7,-1.0,283,0.9072440635612147,65.0494,64.1422,63.5978,65.0494
2022-12-07,253027,17724113,70.7,70.8,69.7,69.7,-1.0,275,0.9072440635612147,64.1422,63.2349,63.2349,64.2329
2022-12-08,66535,4631813,70.0,70.0,69.0,69.2,-0.5,106,0.9072440635612147,63.5071,62.7813,62.5998,63.5071
2022-12-09,56570,3950392,70.4,70.5,69.4,69.4,0.2,165,0.9072440635612147,63.87,62.9627,62.9627,63.9607
2022-12-12,138213,9448952,69.0,69.0,68.0,68.0,-1.4,135,0.9072440635612147,62.5998,61.6926,61.6926,62.5998
2022-12-13,280949,19868188,68.8,71.3,68.8,71.0,3.0,229,0.9072440635612147,62.4184,64.4143,62.4184,64.6865
2022-12-14,655704,48590406,71.5,76.9,70.8,73.4,2.4,612,0.9072440635612147,64.868,66.5917,64.2329,69.7671
2022-12-15,281836,20700660,73.4,74.5,72.5,73.0,-0.4,328,0.9072440635612147,66.5917,66.2288,65.7752,67.5897
2022-12-16,283261,20401508,72.2,72.2,71.0,71.0,-2.0,333,0.9072440635612147,65.503,64.4143,64.4143,65.503
2022-12-19,87673,6157185,70.9,71.1,69.9,69.9,-1.1,96,0.9072440635612147,64.3236,63.4164,63.4164,64.5051
2022-12-20,177006,12098353,70.2,70.3,67.0,67.1,-2.8,185,0.9072440635612147,63.6885,60.8761,60.7854,63.7793
2022-12-21,67464,4552785,68.0,68.0,67.0,67.2,0.1,75,0.9072440635612147,61.6926,60.9668,60.7854,61.6926
2022-12-22,71434,4808326,68.0,68.0,67.0,67.1,-0.1,76,0.9072440635612147,61.6926,60.8761,60.7854,61.6926
2022-12-23,90974,6089406,66.5,67.6,65.8,67.2,0.1,77,0.9072440635612147,60.3317,60.9668,59.6967,61.3297
2022-12-26,104882,7021482,67.0,67.7,66.6,66.9,-0.3,115,0.9072440635612147,60.7854,60.6946,60.4225,61.4204
2022-12-27,52088,3511939,67.3,67.8,67.3,67.3,0.4,42,0.9072440635612147,61.0575,61.0575,61.0575,61.5111
2022-12-28,131334,8680918,67.2,67.2,65.5,65.5,-1.8,128,0.9072440635612147,60.9668,59.4245,59.4245,60.9668
2022-12-29,79616,5172498,65.5,65.5,64.7,65.0,-0.5,90,0.9072440635612147,59.4245,58.9709,58.6987,59.4245
2022-12-30,49753,3244791,65.0,66.0,65.0,65.0,0.0,58,0.9072440635612147,58.9709,58.9709,58.9709,59.8781
2023-01-03,58426,3802878,65.0,65.5,64.6,65.2,0.2,55,0.9072440635612147,58.9709,59.1523,58.608,59.4245
2023-01-04,71532,4735060,65.7,67.1,65.5,66.6,1.4,55,0.9072440635612147,59.6059,60.4225,59.4245,60.8761
2023-01-05,36080,2407209,66.6,67.1,66.5,66.7,0.1,125,0.9072440635612147,60.4225,60.5132,60.3317,60.8761
2023-01-06,110566,7337555,66.8,67.4,66.0,66.1,-0.6,102,0.9072440635612147,60.6039,59.9688,59.8781,61.1482
2023-01-09,70299,4725565,67.0,67.8,66.4,67.4,1.3,61,0.9072440635612147,60.7854,61.1482,60.241,61.5111
2023-01-10,128251,8759664,67.4,68.8,67.3,68.3,0.9,115,0.9072440635612147,61.1482,61.9648,61.0575,62.4184
2023-01-11,126628,8660146,68.6,68.9,67.9,68.3,0.0,150,0.9072440635612147,62.2369,61.9648,61.6019,62.5091
2023-01-12,70469,4816753,68.5,68.5,68.0,68.2,-0.1,142,0.9072440635612147,62.1462,61.874,61.6926,62.1462
2023-01-13,75363,5135152,69.5,69.5,67.8,68.1,-0.1,69,0.9072440635612147,63.0535,61.7833,61.5111,63.0535
2023-01-16,74262,5062042,69.0,69.0,67.9,68.3,0.2,68,0.9072440635612147,62.5998,61.9648,61.6019,62.5998
2023-01-17,64597,4425314,68.0,68.9,68.0,68.8,0.5,65,0.9072440635612147,61.6926,62.4184,61.6926,62.5091
2023-01-30,167545,11792434,69.1,70.9,68.9,70.2,1.4,150,0.9072440635612147,62.6906,63.6885,62.5091,64.3236
2023-01-31,260585,18693546,70.2,72.4,70.2,72.4,2.2,182,0.9072440635612147,63.6885,65.6845,63.6885,65.6845
2023-02-01,339336,25071470,72.1,75.0,72.1,74.1,1.7,309,0.9072440635612147,65.4123,67.2268,65.4123,68.0433
2023-02-02,248961,18533072,74.9,75.1,73.5,74.7,0.6,234,0.9072440635612147,67.9526,67.7711,66.6824,68.134
2023-02-03,150913,11275591,74.9,75.2,74.0,74.8,0.1,225,0.9072440635612147,67.9526,67.8619,67.1361,68.2248
2023-02-06,416260,32080614,74.7,78.5,74.7,77.5,2.7,598,0.9072440635612147,67.7711,70.3114,67.7711,71.2187
2023-02-07,631203,48669836,79.8,79.8,75.9,76.0,-1.5,965,0.9072440635612147,72.3981,68.9505,68.8598,72.3981
2023-02-08,238957,18298501,75.9,77.3,75.6,77.0,1.0,212,0.9072440635612147,68.8598,69.8578,68.5877,70.13
2023-02-09,341904,26874320,77.0,79.4,77.0,78.1,1.1,243,0.9072440635612147,69.8578,70.8558,69.8578,72.0352
2023-02-10,142518,11096408,78.0,78.2,77.5,77.8,-0.3,218,0.9072440635612147,70.765,70.5836,70.3114,70.9465
2023-02-13,186719,14266753,77.0,77.1,76.0,76.5,-1.3,374,0.9072440635612147,69.8578,69.4042,68.9505,69.9485
2023-02-14,139257,10716567,76.2,77.5,76.0,76.8,0.3,124,0.9072440635612147,69.132,69.6763,68.9505,70.3114
2023-02-15,357018,28161520,76.7,79.8,76.7,78.3,1.5,295,0.9072440635612147,69.5856,71.0372,69.5856,72.3981
2023-02-16,373140,29715118,79.2,80.2,78.6,79.7,1.4,255,0.9072440635612147,71.8537,72.3074,71.3094,72.761
2023-02-17,124376,9904400,79.1,80.0,79.0,79.7,0.0,131,0.9072440635612147,71.763,72.3074,71.6723,72.5795
2023-02-20,271432,21448123,79.7,80.0,78.3,78.3,-1.4,332,0.9072440635612147,72.3074,71.0372,71.0372,72.5795
2023-02-21,135026,10618171,78.7,79.1,78.2,78.8,0.5,120,0.9072440635612147,71.4001,71.4908,70.9465,71.763
2023-02-22,144444,11258252,77.9,78.8,77.5,78.3,-0.5,108,0.9072440635612147,70.6743,71.0372,70.3114,71.4908
2023-02-23,485174,39620379,78.0,83.4,78.0,82.1,3.8,406,0.9072440635612147,70.765,74.4847,70.765,75.6642
2023-02-24,349374,28252696,82.3,82.3,80.1,80.8,-1.3,302,0.9072440635612147,74.6662,73.3053,72.6702,74.6662
2023-03-01,282332,22176247,80.1,80.2,77.6,78.5,-2.3,291,0.9072440635612147,72.6702,71.2187,70.4021,72.761
2023-03-02,155228,12388998,78.8,80.5,78.6,80.4,1.9,150,0.9072440635612147,71.4908,72.9424,71.3094,73.0331
2023-03-03,314415,25899855,80.4,84.0,80.0,83.0,2.6,308,0.9072440635612147,72.9424,75.3013,72.5795,76.2085
2023-03-06,321978,26739901,83.0,83.9,81.5,83.5,0.5,234,0.9072440635612147,75.3013,75.7549,73.9404,76.1178
2023-03-07,565955,48584720,83.5,87.0,83.5,86.7,3.2,446,0.9072440635612147,75.7549,78.6581,75.7549,78.9302
2023-03-08,210924,18099766,86.2,86.2,85.4,85.9,-0.8,224,0.9072440635612147,78.2044,77.9323,77.4786,78.2044
2023-03-09,128066,11001047,85.9,87.0,85.2,85.6,-0.3,146,0.9072440635612147,77.9323,77.6601,77.2972,78.9302
2023-03-10,275399,23305267,85.0,85.5,84.2,84.7,-0.9,287,0.9072440635612147,77.1157,76.8436,76.39,77.5694
2023-03-13,131867,10990504,83.4,84.4,82.0,83.9,-0.8,184,0.9072440635612147,75.6642,76.1178,74.394,76.5714
2023-03-14,81631,6851462,83.9,85.0,83.0,84.1,0.2,84,0.9072440635612147,76.1178,76.2992,75.3013,77.1157
2023-03-15,108779,9140341,84.5,85.0,83.5,83.9,-0.2,99,0.9072440635612147,76.6621,76.1178,75.7549,77.1157
2023-03-16,189362,15603032,83.1,83.1,81.8,82.1,-1.8,167,0.9072440635612147,75.392,74.4847,74.2126,75.392
2023-03-17,142522,11763917,83.3,83.3,82.1,82.9,0.8,77,0.9072440635612147,75.5734,75.2105,74.4847,75.5734
2023-03-20,86199,7138443,82.9,83.5,82.2,83.0,0.1,88,0.9072440635612147,75.2105,75.3013,74.5755,75.7549
2023-03-21,82925,6936627,83.4,84.3,82.9,83.0,0.0,89,0.9072440635612147,75.6642,75.3013,75.2105,76.4807
2023-03-22,142167,11981864,83.3,85.0,83.2,84.3,1.3,117,0.9072440635612147,75.5734,76.4807,75.4827,77.1157
2023-03-23,136335,11558558,84.1,85.7,83.9,84.8,0.5,117,0.9072440635612147,76.2992,76.9343,76.1178,77.7508
2023-03-24,104486,8863788,85.0,85.3,84.4,84.6,-0.2,76,0.9072440635612147,77.1157,76.7528,76.5714,77.3879
2023-03-27,52212,4398384,84.5,84.8,84.0,84.5,-0.1,47,0.9072440635612147,76.6621,76.6621,76.2085,76.9343
2023-03-28,106648,8855489,84.2,84.2,82.3,82.6,-1.9,441,0.9072440635612147,76.39,74.9384,74.6662,76.39
2023-03-29,50703,4181583,83.0,83.1,82.1,82.4,-0.2,62,0.9072440635612147,75.3013,74.7569,74.4847,75.392
2023-03-30,45203,3743212,82.5,83.2,82.4,83.1,0.7,40,0.9072440635612147,74.8476,75.392,74.7569,75.4827
2023-03-31,42406,3526497,83.0,83.4,83.0,83.4,0.3,175,0.9072440635612147,75.3013,75.6642,75.3013,75.6642
2023-04-06,167758,14274838,83.0,86.6,83.0,86.0,2.6,144,0.9072440635612147,75.3013,78.023,75.3013,78.5673
2023-04-07,183535,15895931,87.3,87.3,85.7,86.2,0.2,145,0.9072440635612147,79.2024,78.2044,77.7508,79.2024
2023-04-10,104445,8997448,85.8,86.5,85.7,86.5,0.3,118,0.9072440635612147,77.8415,78.4766,77.7508,78.4766
2023-04-11,1959929,186320801,95.1,95.1,93.8,95.1,8.6,2859,0.9072440635612147,86.2789,86.2789,85.0995,86.2789
2023-04-12,1422379,131231314,95.7,95.9,90.1,90.6,-4.5,1191,0.9072440635612147,86.8233,82.1963,81.7427,87.0047
2023-04-13,420891,37932441,90.2,91.6,88.8,89.1,-1.5,524,0.9072440635612147,81.8334,80.8354,80.5633,83.1036
2023-04-14,267563,23744443,89.3,89.5,88.4,88.4,-0.7,251,0.9072440635612147,81.0169,80.2004,80.2004,81.1983
2023-04-17,665143,60188788,89.3,92.0,87.9,91.5,3.1,512,0.9072440635612147,81.0169,83.0128,79.7468,83.4665
2023-04-18,391315,35313041,91.5,92.4,88.8,89.4,-2.1,685,0.9072440635612147,83.0128,81.1076,80.5633,83.8294
2023-04-19,615997,56396787,90.6,92.6,90.1,90.8,1.4,447,0.9072440635612147,82.1963,82.3778,81.7427,84.0108
2023-04-20,2811449,271008732,93.7,99.4,93.2,94.5,3.7,2169,0.9072440635612147,85.0088,85.7346,84.5551,90.1801
2023-04-21,3213924,309191828,95.4,101.0,91.3,91.3,-3.2,2956,0.9072440635612147,86.5511,82.8314,82.8314,91.6317
2023-04-24,327809,29834158,89.5,92.7,89.5,90.2,-1.1,386,0.9072440635612147,81.1983,81.8334,81.1983,84.1015
2023-04-25,951104,82649714,90.3,90.9,85.0,86.3,-3.9,786,0.9072440635612147,81.9241,78.2952,77.1157,82.4685
2023-04-26,176151,15080429,84.5,87.0,84.5,85.6,-0.7,166,0.9072440635612147,76.6621,77.6601,76.6621,78.9302
2023-04-27,301690,26431520,85.8,89.5,84.6,87.6,2.0,290,0.9072440635612147,77.8415,79.4746,76.7528,81.1983
2023-04-28,739746,67607898,88.9,94.4,88.4,89.6,2.0,731,0.9072440635612147,80.654,81.2891,80.2004,85.6438
2023-05-02,242426,21785495,90.0,90.6,88.9,90.1,0.5,275,0.9072440635612147,81.652,81.7427,80.654,82.1963
2023-05-03,162217,14613068,90.0,91.1,89.5,89.8,-0.3,278,0.9072440635612147,81.652,81.4705,81.1983,82.6499
2023-05-04,224930,20043628,90.1,90.2,88.5,89.0,-0.8,223,0.9072440635612147,81.7427,80.7447,80.2911,81.8334
2023-05-05,190635,16991169,88.8,90.1,88.1,88.7,-0.3,239,0.9072440635612147,80.5633,80.4725,79.9282,81.7427
2023-05-08,185045,16537549,88.8,90.4,88.3,89.7,1.0,164,0.9072440635612147,80.5633,81.3798,80.1097,82.0149
2023-05-09,182825,16216709,90.5,90.5,88.0,88.1,-1.6,181,0.9072440635612147,82.1056,79.9282,79.8375,82.1056
2023-05-10,201416,18061960,88.1,91.2,88.0,90.5,2.4,193,0.9072440635612147,79.9282,82.1056,79.8375,82.7407
2023-05-11,215825,19198797,91.0,91.3,87.6,87.8,-2.7,318,0.9072440635612147,82.5592,79.656,79.4746,82.8314
2023-05-12,570308,51582906,88.0,92.5,88.0,91.3,3.5,529,0.9072440635612147,79.8375,82.8314,79.8375,83.9201
2023-05-15,624158,57948870,91.7,94.6,91.4,92.7,1.4,573,0.9072440635612147,83.1943,84.1015,82.9221,85.8253
2023-05-16,1368446,130830920,94.4,96.7,93.8,95.1,2.4,1239,0.9072440635612147,85.6438,86.2789,85.0995,87.7305
2023-05-17,3239508,323774117,96.5,103.0,96.5,99.1,4.0,3040,0.9072440635612147,87.5491,89.9079,87.5491,93.4461
2023-05-18,2772809,283639472,103.0,105.5,99.6,99.6,0.5,2694,0.9072440635612147,93.4461,90.3615,90.3615,95.7142
2023-05-19,874228,86718950,102.0,102.0,97.0,97.8,-1.8,839,0.9072440635612147,92.5389,88.7285,88.0027,92.5389
2023-05-22,308603,30163688,97.1,98.7,97.1,97.5,-0.3,312,0.9072440635612147,88.0934,88.4563,88.0934,89.545
2023-05-23,169027,16460595,98.2,98.3,96.5,97.5,0.0,250,0.9072440635612147,89.0914,88.4563,87.5491,89.1821
2023-05-24,745710,74101263,96.9,100.5,96.9,99.1,1.6,749,0.9072440635612147,87.9119,89.9079,87.9119,91.178
2023-05-25,325006,32087833,99.4,101.0,97.5,98.7,-0.4,618,0.9072440635612147,90.1801,89.545,88.4563,91.6317
2023-05-26,297160,29256701,99.6,100.0,97.6,97.6,-1.1,523,0.9072440635612147,90.3615,88.547,88.547,90.7244
2023-05-29,748316,75054877,99.3,102.0,97.9,99.5,1.9,614,0.9072440635612147,90.0893,90.2708,88.8192,92.5389
2023-05-30,619025,61922802,101.5,103.5,98.2,98.2,-1.3,705,0.9072440635612147,92.0853,89.0914,89.0914,93.8998
2023-05-31,213216,21053546,99.0,99.5,98.2,98.8,0.6,272,0.9072440635612147,89.8172,89.6357,89.0914,90.2708
2023-06-01,595514,59447070,99.0,101.0,98.2,99.1,0.3,556,0.9072440635612147,89.8172,89.9079,89.0914,91.6317
2023-06-02,431873,43390010,100.5,101.5,99.3,101.0,1.9,361,0.9072440635612147,91.178,91.6317,90.0893,92.0853
2023-06-05,371795,37697315,101.0,102.5,100.5,101.0,0.0,325,0.9072440635612147,91.6317,91.6317,91.178,92.9925
2023-06-06,321921,32177904,102.0,102.0,98.6,100.5,-0.5,267,0.9072440635612147,92.5389,91.178,89.4543,92.5389
2023-06-07,965327,100030500,101.0,105.0,100.0,105.0,4.5,834,0.9072440635612147,91.6317,95.2606,90.7244,95.2606
2023-06-08,594296,61558833,104.5,107.0,102.0,102.0,-3.0,475,0.9072440635612147,94.807,92.5389,92.5389,97.0751
2023-06-09,407464,42134381,102.5,105.0,102.0,103.5,1.5,381,0.9072440635612147,92.9925,93.8998,92.5389,95.2606
2023-06-12,449914,45661509,103.0,103.0,100.0,102.0,-1.5,390,0.9072440635612147,93.4461,92.5389,90.7244,93.4461
2023-06-13,640120,65826495,102.0,105.5,100.5,103.0,1.0,493,0.9072440635612147,92.5389,93.4461,91.178,95.7142
2023-06-14,649522,67712420,103.5,106.0,102.0,106.0,3.0,573,0.9072440635612147,93.8998,96.1679,92.5389,96.1679
2023-06-15,675767,70037560,106.0,106.5,101.5,104.5,-1.5,644,0.9072440635612147,96.1679,94.807,92.0853,96.6215
2023-06-16,372096,38942572,104.5,106.0,104.0,104.0,-0.5,373,0.9072440635612147,94.807,94.3534,94.3534,96.1679
2023-06-19,855755,91552826,104.0,109.5,103.5,108.0,4.0,692,0.9072440635612147,94.3534,97.9824,93.8998,99.3432
2023-06-20,1044693,113867697,108.0,111.5,106.5,108.0,0.0,804,0.9072440635612147,97.9824,97.9824,96.6215,101.1577
2023-06-21,602552,65809643,107.0,110.5,106.0,110.0,2.0,466,0.9072440635612147,97.0751,99.7968,96.1679,100.2505
2023-06-26,274857,29696584,108.5,109.5,107.5,107.5,-2.5,277,0.9072440635612147,98.436,97.5287,97.5287,99.3432
2023-06-27,844941,88719507,107.0,107.5,102.0,106.5,-1.0,580,0.9072440635612147,97.0751,96.6215,92.5389,97.5287
2023-06-28,1161268,128603604,107.0,112.5,107.0,112.0,5.5,893,0.9072440635612147,97.0751,101.6113,97.0751,102.065
2023-06-29,411644,45686373,112.0,113.0,109.0,110.5,-1.5,384,0.9072440635612147,101.6113,100.2505,98.8896,102.5186
2023-06-30,350506,38696945,111.5,111.5,109.5,110.5,0.0,275,0.9072440635612147,101.1577,100.2505,99.3432,101.1577
2023-07-03,1763788,208984059,111.0,121.0,111.0,119.0,8.5,1198,0.9072440635612147,100.7041,107.962,100.7041,109.7765
2023-07-04,1079097,128702763,120.0,121.0,117.0,119.5,0.5,725,0.9072440635612147,108.8693,108.4157,106.1476,109.7765
2023-07-05,2600794,323624312,117.0,127.5,116.5,124.5,0.0,1880,0.9330091703577035,109.1621,116.1596,108.6956,118.9587
2023-07-06,3471733,459352616,125.0,136.5,125.0,133.0,8.5,2535,0.9330091703577035,116.6261,124.0902,116.6261,127.3558
2023-07-07,6414508,885043146,137.0,143.0,134.0,136.0,3.0,4651,0.9330091703577035,127.8223,126.8892,125.0232,133.4203
2023-07-10,5206114,746065314,137.0,147.5,137.0,142.5,6.5,3932,0.9330091703577035,127.8223,132.9538,127.8223,137.6189
2023-07-11,3327288,480768908,146.0,148.5,139.5,145.5,3.0,2490,0.9330091703577035,136.2193,135.7528,130.1548,138.5519
2023-07-12,2304354,330148139,146.5,146.5,139.5,145.5,0.0,1879,0.9330091703577035,136.6858,135.7528,130.1548,136.6858
2023-07-13,2260750,327448700,147.0,148.0,141.5,142.5,-3.0,1889,0.9330091703577035,137.1523,132.9538,132.0208,138.0854
2023-07-14,2844207,417059192,145.0,152.0,142.5,143.5,1.0,2707,0.9330091703577035,135.2863,133.8868,132.9538,141.8174
2023-07-17,3502526,526967240,148.0,154.5,145.0,153.5,10.0,2870,0.9330091703577035,138.0854,143.2169,135.2863,144.1499
2023-07-18,2830555,422529873,154.5,155.0,145.5,146.0,-7.5,2399,0.9330091703577035,144.1499,136.2193,135.7528,144.6164
2023-07-19,1494583,217545464,148.0,150.0,142.5,144.5,-1.5,1387,0.9330091703577035,138.0854,134.8198,132.9538,139.9514
2023-07-20,943569,136786119,143.5,147.0,143.0,147.0,2.5,804,0.9330091703577035,133.8868,137.1523,133.4203,137.1523
2023-07-21,1517316,217170693,146.5,147.5,137.0,145.0,-2.0,1200,0.9330091703577035,136.6858,135.2863,127.8223,137.6189
2023-07-24,846228,121923270,148.5,148.5,141.5,143.0,-2.0,778,0.9330091703577035,138.5519,133.4203,132.0208,138.5519
2023-07-25,874462,126700820,144.5,147.0,142.0,144.5,1.5,1044,0.9330091703577035,134.8198,134.8198,132.4873,137.1523
2023-07-26,2930736,437656559,146.0,153.0,144.0,151.0,6.5,2479,0.9330091703577035,136.2193,140.8844,134.3533,142.7504
2023-07-27,1363901,201789255,149.0,150.0,145.0,146.5,-4.5,1261,0.9330091703577035,139.0184,136.6858,135.2863,139.9514
2023-07-28,3285420,441858323,146.5,146.5,132.0,133.0,-13.5,2277,0.9330091703577035,136.6858,124.0902,123.1572,136.6858
2023-07-31,1875725,245846177,130.5,134.0,128.5,132.5,-0.5,1870,0.9330091703577035,121.7577,123.6237,119.8917,125.0232
2023-08-01,1881932,245570280,130.5,136.0,127.5,131.0,-1.5,2222,0.9330091703577035,121.7577,122.2242,118.9587,126.8892
2023-08-02,1816041,230487832,130.0,133.0,124.0,126.0,-5.0,1728,0.9330091703577035,121.2912,117.5592,115.6931,124.0902
2023-08-04,480910,61158674,126.0,129.0,124.5,127.0,1.0,623,0.9330091703577035,117.5592,118.4922,116.1596,120.3582
2023-08-07,771982,97479048,127.5,129.0,123.0,129.0,2.0,822,0.9330091703577035,118.9587,120.3582,114.7601,120.3582
2023-08-08,1124012,139495287,129.5,129.5,122.0,124.0,-5.0,856,0.9330091703577035,120.8247,115.6931,113.8271,120.8247
2023-08-09,563439,69142697,122.5,124.5,121.5,122.5,-1.5,433,0.9330091703577035,114.2936,114.2936,113.3606,116.1596
2023-08-10,772051,91632582,122.5,123.0,116.5,117.5,-5.0,659,0.9330091703577035,114.2936,109.6286,108.6956,114.7601
2023-08-11,898301,106089851,120.0,120.5,115.5,117.0,-0.5,632,0.9330091703577035,111.9611,109.1621,107.7626,112.4276
2023-08-14,751765,85690830,117.0,117.0,112.5,113.5,-3.5,697,0.9330091703577035,109.1621,105.8965,104.9635,109.1621
2023-08-15,777352,87763394,115.0,115.0,111.0,113.0,-0.5,764,0.9330091703577035,107.2961,105.43,103.564,107.2961
2023-08-16,1180667,129076143,113.0,113.0,107.5,109.5,-3.5,977,0.9330091703577035,105.43,102.1645,100.2985,105.43
2023-08-17,1232136,134696586,109.5,111.5,107.0,110.0,0.5,1077,0.9330091703577035,102.1645,102.631,99.832,104.0305
2023-08-18,2487802,289733403,111.0,121.0,109.0,113.0,3.0,1840,0.9330091703577035,103.564,105.43,101.698,112.8941
2023-08-21,1653025,189014767,113.5,118.5,112.0,113.5,0.5,1260,0.9330091703577035,105.8965,105.8965,104.497,110.5616
2023-08-22,877600,99443707,114.0,115.0,111.5,113.0,-0.5,677,0.9330091703577035,106.363,105.43,104.0305,107.2961
2023-08-23,535196,59924737,112.0,113.5,110.5,112.5,-0.5,475,0.9330091703577035,104.497,104.9635,103.0975,105.8965
2023-08-24,497413,56976815,113.5,116.0,113.5,114.0,1.5,368,0.9330091703577035,105.8965,106.363,105.8965,108.2291
2023-08-25,348118,39189279,112.0,115.0,111.0,111.0,-3.0,320,0.9330091703577035,104.497,103.564,103.564,107.2961
2023-08-28,513312,56240754,111.5,111.5,108.5,109.0,-2.0,433,0.9330091703577035,104.0305,101.698,101.2315,104.0305
2023-08-29,505089,56384394,110.5,113.5,109.0,112.0,3.0,355,0.9330091703577035,103.0975,104.497,101.698,105.8965
2023-08-30,343455,37906371,112.0,112.0,109.5,110.0,-2.0,485,0.9330091703577035,104.497,102.631,102.1645,104.497
2023-08-31,333779,37398981,109.5,113.5,109.5,112.5,2.5,266,0.9330091703577035,102.1645,104.9635,102.1645,105.8965
2023-09-01,285891,32534601,112.5,115.0,112.5,114.5,2.0,264,0.9330091703577035,104.9635,106.8296,104.9635,107.2961
2023-09-04,429025,48614726,114.5,116.0,111.5,112.5,-2.0,321,0.9330091703577035,106.8296,104.9635,104.0305,108.2291
2023-09-05,771814,90165271,112.5,118.5,112.5,116.5,4.0,687,0.9330091703577035,104.9635,108.6956,104.9635,110.5616
2023-09-06,1357827,155065492,118.0,119.5,111.0,112.0,-4.5,1173,0.9330091703577035,110.0951,104.497,103.564,111.4946
2023-09-07,1434106,155529521,112.5,112.5,107.0,107.5,-4.5,1282,0.9330091703577035,104.9635,100.2985,99.832,104.9635
2023-09-08,1980810,206813650,107.5,108.0,102.0,105.5,-2.0,1444,0.9330091703577035,100.2985,98.4325,95.1669,100.765
2023-09-11,617078,63894708,105.5,106.0,102.5,103.5,-2.0,496,0.9330091703577035,98.4325,96.5664,95.6334,98.899
2023-09-12,263681,27496845,104.0,105.5,103.5,104.5,1.0,262,0.9330091703577035,97.033,97.4995,96.5664,98.4325
2023-09-13,375334,38740452,104.0,106.0,102.5,103.5,-1.0,364,0.9330091703577035,97.033,96.5664,95.6334,98.899
2023-09-14,362195,38325643,105.0,107.0,103.5,106.0,2.5,345,0.9330091703577035,97.966,98.899,96.5664,99.832
2023-09-15,473584,49791814,108.0,108.0,103.5,104.5,-1.5,387,0.9330091703577035,100.765,97.4995,96.5664,100.765
2023-09-18,1547810,167826160,106.0,110.0,105.0,108.5,4.0,1093,0.9330091703577035,98.899,101.2315,97.966,102.631
2023-09-19,1337353,146450112,109.0,112.0,107.5,108.5,0.0,1095,0.9330091703577035,101.698,101.2315,100.2985,104.497
2023-09-20,865496,92375101,109.0,109.5,104.0,105.0,-3.5,761,0.9330091703577035,101.698,97.966,97.033,102.1645
2023-09-21,454300,46996989,105.5,105.5,103.0,104.0,-1.0,396,0.9330091703577035,98.4325,97.033,96.0999,98.4325
2023-09-22,663823,68127779,103.0,104.5,101.0,103.0,-1.0,530,0.9330091703577035,96.0999,96.0999,94.2339,97.4995
2023-09-25,498938,52148654,104.0,106.0,103.0,104.0,1.0,374,0.9330091703577035,97.033,97.033,96.0999,98.899
2023-09-26,834553,84956694,104.0,104.0,99.9,101.5,-2.5,669,0.9330091703577035,97.033,94.7004,93.2076,97.033
2023-09-27,779984,78543607,101.5,102.5,99.5,102.0,0.5,599,0.9330091703577035,94.7004,95.1669,92.8344,95.6334
2023-09-28,1093207,115927635,102.0,107.5,102.0,107.0,5.0,863,0.9330091703577035,95.1669,99.832,95.1669,100.2985
2023-10-02,1743990,191342187,109.0,112.0,107.0,109.0,2.0,1324,0.9330091703577035,101.698,101.698,99.832,104.497
2023-10-03,950919,102485608,109.5,110.5,106.0,106.5,-2.5,798,0.9330091703577035,102.1645,99.3655,98.899,103.0975
2023-10-04,858441,91221278,105.5,108.5,104.5,107.0,0.5,722,0.9330091703577035,98.4325,99.832,97.4995,101.2315
2023-10-05,564992,60598572,107.5,109.0,106.5,107.5,0.5,512,0.9330091703577035,100.2985,100.2985,99.3655,101.698
2023-10-06,480866,51934622,107.5,108.5,107.0,107.5,0.0,336,0.9330091703577035,100.2985,100.2985,99.832,101.2315
2023-10-11,1201786,125475858,109.0,109.0,102.0,102.5,-5.0,957,0.9330091703577035,101.698,95.6334,95.1669,101.698
2023-10-12,1289594,131007356,102.0,104.0,100.0,103.5,1.0,978,0.9330091703577035,95.1669,96.5664,93.3009,97.033
2023-10-13,843931,88001575,104.0,107.0,102.5,102.5,-1.0,659,0.9330091703577035,97.033,95.6334,95.6334,99.832
2023-10-16,1082439,108573144,101.5,102.0,99.6,100.0,-2.5,680,0.9330091703577035,94.7004,93.3009,92.9277,95.1669
2023-10-17,1052370,104716630,102.0,102.0,98.0,98.0,-2.0,992,0.9330091703577035,95.1669,91.4349,91.4349,95.1669
2023-10-18,1652300,157800987,98.0,98.3,94.0,94.7,-3.3,1235,0.9330091703577035,91.4349,88.356,87.7029,91.7148
2023-10-19,867421,81716352,95.2,96.0,93.2,93.8,-0.9,764,0.9330091703577035,88.8225,87.5163,86.9565,89.5689
2023-10-20,1009241,92577868,93.2,93.2,90.5,92.7,-1.1,1001,0.9330091703577035,86.9565,86.49,84.4373,86.9565
2023-10-23,682796,62957550,91.4,94.0,90.8,91.3,-1.4,600,0.9330091703577035,85.277,85.1837,84.7172,87.7029
2023-10-24,543568,50824533,92.8,94.2,92.3,93.7,2.4,490,0.9330091703577035,86.5833,87.423,86.1167,87.8895
2023-10-25,495457,46170049,94.2,94.2,92.4,93.0,-0.7,474,0.9330091703577035,87.8895,86.7699,86.21,87.8895
2023-10-26,562782,51359531,92.7,92.7,90.7,90.7,-2.3,536,0.9330091703577035,86.49,84.6239,84.6239,86.49
2023-10-27,218391,19939497,90.7,91.7,90.7,91.2,0.5,219,0.9330091703577035,84.6239,85.0904,84.6239,85.5569
2023-10-30,294749,27144254,91.8,93.3,91.3,91.6,0.4,435,0.9330091703577035,85.6502,85.4636,85.1837,87.0498
2023-10-31,600447,54026890,92.6,92.6,88.5,88.5,-3.1,659,0.9330091703577035,86.3966,82.5713,82.5713,86.3966
2023-11-01,385130,34425629,89.0,89.9,88.5,89.5,1.0,370,0.9330091703577035,83.0378,83.5043,82.5713,83.8775
2023-11-02,437356,40296634,90.9,92.7,90.9,92.3,2.8,413,0.9330091703577035,84.8105,86.1167,84.8105,86.49
2023-11-03,821522,77721650,92.5,95.8,92.5,94.8,2.5,779,0.9330091703577035,86.3033,88.4493,86.3033,89.3823
2023-11-06,416900,39401444,94.5,95.4,93.8,94.5,-0.3,415,0.9330091703577035,88.1694,88.1694,87.5163,89.0091
2023-11-07,195571,18434049,95.0,95.0,93.5,94.3,-0.2,195,0.9330091703577035,88.6359,87.9828,87.2364,88.6359
2023-11-08,399945,37530974,94.3,94.7,93.2,93.4,-0.9,428,0.9330091703577035,87.9828,87.1431,86.9565,88.356
2023-11-09,477761,45230608,93.8,95.6,93.3,93.3,-0.1,416,0.9330091703577035,87.5163,87.0498,87.0498,89.1957
2023-11-10,483763,44670211,93.1,93.8,91.7,92.2,-1.1,492,0.9330091703577035,86.8632,86.0234,85.5569,87.5163
2023-11-13,334838,31332134,93.4,94.2,92.5,94.1,1.9,291,0.9330091703577035,87.1431,87.7962,86.3033,87.8895
2023-11-14,408096,38615946,94.2,95.1,93.8,94.6,0.5,345,0.9330091703577035,87.8895,88.2627,87.5163,88.7292
2023-11-15,460677,43933932,95.2,96.0,94.8,95.3,0.7,411,0.9330091703577035,88.8225,88.9158,88.4493,89.5689
2023-11-16,787116,76401231,95.4,98.1,95.4,97.5,2.2,599,0.9330091703577035,89.0091,90.9684,89.0091,91.5282
2023-11-17,645782,63124500,97.7,98.6,97.0,97.6,0.1,557,0.9330091703577035,91.155,91.0617,90.5019,91.9947
2023-11-20,317601,31204430,97.6,99.1,97.2,98.0,0.4,288,0.9330091703577035,91.0617,91.4349,90.6885,92.4612
2023-11-21,516134,50869529,98.1,99.3,97.6,98.2,0.2,411,0.9330091703577035,91.5282,91.6215,91.0617,92.6478
2023-11-22,772819,77138694,98.0,101.0,98.0,100.0,1.8,599,0.9330091703577035,91.4349,93.3009,91.4349,94.2339
2023-11-23,488165,48973623,100.5,102.0,99.5,99.7,-0.3,437,0.9330091703577035,93.7674,93.021,92.8344,95.1669
2023-11-24,542716,54741798,99.9,103.0,99.8,99.8,0.1,456,0.9330091703577035,93.2076,93.1143,93.1143,96.0999
2023-11-27,358850,36199301,99.8,102.5,99.8,100.0,0.2,332,0.9330091703577035,93.1143,93.3009,93.1143,95.6334
2023-11-28,375165,37916435,100.0,102.0,100.0,101.0,1.0,336,0.9330091703577035,93.3009,94.2339,93.3009,95.1669
2023-11-29,318666,32138032,102.0,102.0,100.0,101.5,0.5,294,0.9330091703577035,95.1669,94.7004,93.3009,95.1669
2023-11-30,419250,42755779,102.0,103.0,101.0,102.5,1.0,354,0.9330091703577035,95.1669,95.6334,94.2339,96.0999
2023-12-01,243732,25053251,102.5,103.0,102.5,102.5,0.0,234,0.9330091703577035,95.6334,95.6334,95.6334,96.0999
2023-12-04,416416,42100894,102.5,103.0,100.0,100.5,-2.0,382,0.9330091703577035,95.6334,93.7674,93.3009,96.0999
2023-12-05,502081,49822242,100.0,100.0,98.2,98.3,-2.2,491,0.9330091703577035,93.3009,91.7148,91.6215,93.3009
2023-12-06,630320,60918217,97.5,98.0,95.2,97.0,-1.3,669,0.9330091703577035,90.9684,90.5019,88.8225,91.4349
2023-12-07,614423,59046056,96.0,97.6,95.2,95.2,-1.8,661,0.9330091703577035,89.5689,88.8225,88.8225,91.0617
2023-12-08,379723,36020723,95.4,96.0,94.0,94.4,-0.8,455,0.9330091703577035,89.0091,88.0761,87.7029,89.5689
2023-12-11,333145,31702193,94.5,96.2,94.0,94.8,0.4,327,0.9330091703577035,88.1694,88.4493,87.7029,89.7555
2023-12-12,471599,44319942,94.8,95.1,93.4,93.5,-1.3,546,0.9330091703577035,88.4493,87.2364,87.1431,88.7292
2023-12-13,293430,27707624,93.9,95.2,93.8,94.1,0.6,301,0.9330091703577035,87.6096,87.7962,87.5163,88.8225
2023-12-14,2221564,222424275,98.2,102.5,97.3,98.6,4.5,1817,0.9330091703577035,91.6215,91.9947,90.7818,95.6334
2023-12-15,1015603,101356396,99.3,101.5,98.1,98.1,-0.5,942,0.9330091703577035,92.6478,91.5282,91.5282,94.7004
2023-12-18,734928,71091111,98.5,98.5,96.0,96.0,-2.1,671,0.9330091703577035,91.9014,89.5689,89.5689,91.9014
2023-12-19,635243,60124724,96.2,96.7,93.8,94.7,-1.3,611,0.9330091703577035,89.7555,88.356,87.5163,90.222
2023-12-20,353786,33681784,94.5,96.0,94.5,95.0,0.3,311,0.9330091703577035,88.1694,88.6359,88.1694,89.5689
2023-12-21,330718,31224205,94.0,95.5,93.8,93.9,-1.1,316,0.9330091703577035,87.7029,87.6096,87.5163,89.1024
2023-12-22,118545,11182707,94.0,94.7,94.0,94.3,0.4,156,0.9330091703577035,87.7029,87.9828,87.7029,88.356
2023-12-25,202907,19273229,94.3,95.7,94.3,94.7,0.4,203,0.9330091703577035,87.9828,88.356,87.9828,89.289
2023-12-26,752106,73336971,94.7,99.3,94.4,97.0,2.3,617,0.9330091703577035,88.356,90.5019,88.0761,92.6478
2023-12-27,969956,96720534,97.1,101.5,97.1,99.9,2.9,889,0.9330091703577035,90.5952,93.2076,90.5952,94.7004
2023-12-28,293271,29019262,99.9,100.5,98.4,98.8,-1.1,586,0.9330091703577035,93.2076,92.1813,91.8081,93.7674
2023-12-29,293772,29116932,98.5,100.5,98.0,99.3,0.5,271,0.9330091703577035,91.9014,92.6478,91.4349,93.7674
2024-01-02,2047316,212248874,99.3,106.0,99.0,103.5,4.2,1824,0.9330091703577035,92.6478,96.5664,92.3679,98.899
2024-01-03,1813078,188546753,105.5,106.0,101.5,101.5,-2.0,1799,0.9330091703577035,98.4325,94.7004,94.7004,98.899
2024-01-04,917096,91333132,101.5,101.5,98.4,98.4,-3.1,921,0.9330091703577035,94.7004,91.8081,91.8081,94.7004
2024-01-05,649524,65882203,98.4,103.0,98.4,102.5,4.1,577,0.9330091703577035,91.8081,95.6334,91.8081,96.0999
2024-01-08,485144,49166797,100.5,102.5,100.5,101.0,-1.5,560,0.9330091703577035,93.7674,94.2339,93.7674,95.6334
2024-01-09,509215,51029662,102.0,102.5,99.0,100.0,-1.0,481,0.9330091703577035,95.1669,93.3009,92.3679,95.6334
2024-01-10,543402,53715477,99.8,99.8,98.2,98.4,-1.6,490,0.9330091703577035,93.1143,91.8081,91.6215,93.1143
2024-01-11,640568,62507760,98.2,99.3,96.2,98.5,0.1,691,0.9330091703577035,91.6215,91.9014,89.7555,92.6478
2024-01-12,306800,30173026,98.4,99.4,97.6,97.8,-0.7,336,0.9330091703577035,91.8081,91.2483,91.0617,92.7411
2024-01-15,251490,24984728,99.0,99.9,98.4,99.7,1.9,261,0.9330091703577035,92.3679,93.021,91.8081,93.2076
2024-01-16,528473,52007195,100.0,100.0,97.2,98.3,-1.4,530,0.9330091703577035,93.3009,91.7148,90.6885,93.3009
2024-01-17,651764,63338398,97.1,100.0,96.2,96.5,-1.8,662,0.9330091703577035,90.5952,90.0354,89.7555,93.3009
2024-01-18,406188,39263924,96.7,98.3,95.4,95.9,-0.6,463,0.9330091703577035,90.222,89.4756,89.0091,91.7148
2024-01-19,376925,36363588,96.6,97.1,95.5,97.0,1.1,366,0.9330091703577035,90.1287,90.5019,89.1024,90.5952
2024-01-22,385205,37837712,97.0,98.9,97.0,98.3,1.3,354,0.9330091703577035,90.5019,91.7148,90.5019,92.2746
2024-01-23,4155440,442966782,99.1,108.0,99.1,108.0,9.7,2792,0.9330091703577035,92.4612,100.765,92.4612,100.765
2024-01-24,11062933,1244933606,109.5,118.0,107.0,109.0,1.0,7807,0.9330091703577035,102.1645,101.698,99.832,110.0951
2024-01-25,3449194,373991061,109.0,110.5,106.0,107.5,-1.5,3103,0.9330091703577035,101.698,100.2985,98.899,103.0975
2024-01-26,2157199,234623982,110.5,110.5,107.5,108.0,0.5,1756,0.9330091703577035,103.0975,100.765,100.2985,103.0975
2024-01-29,2640524,288316427,110.5,112.0,107.0,109.5,1.5,1933,0.9330091703577035,103.0975,102.1645,99.832,104.497
2024-01-30,1384751,150565390,110.0,111.0,107.5,107.5,-2.0,1142,0.9330091703577035,102.631,100.2985,100.2985,103.564
2024-01-31,1021184,110210890,108.0,109.5,107.0,107.0,-0.5,894,0.9330091703577035,100.765,99.832,99.832,102.1645
2024-02-01,2374322,262198990,108.0,112.0,108.0,111.5,4.5,1841,0.9330091703577035,100.765,104.0305,100.765,104.497
2024-02-02,2030669,227231877,112.0,113.0,110.5,112.0,0.5,1506,0.9330091703577035,104.497,104.497,103.0975,105.43
2024-02-05,4001022,465411077,112.0,119.5,111.5,117.5,5.5,3550,0.9330091703577035,104.497,109.6286,104.0305,111.4946
2024-02-15,4936864,594544930,119.5,124.0,115.0,123.5,6.0,3875,0.9330091703577035,111.4946,115.2266,107.2961,115.6931
2024-02-16,1920341,234016120,123.5,124.5,120.0,120.5,-3.0,1646,0.9330091703577035,115.2266,112.4276,111.9611,116.1596
2024-02-19,1886823,229928651,121.0,123.5,120.0,121.5,1.0,1365,0.9330091703577035,112.8941,113.3606,111.9611,115.2266
2024-02-20,1272383,152436942,121.5,121.5,118.5,119.0,-2.5,1190,0.9330091703577035,113.3606,111.0281,110.5616,113.3606
2024-02-21,1602469,186624976,119.0,119.5,115.0,116.0,-3.0,1323,0.9330091703577035,111.0281,108.2291,107.2961,111.4946
2024-02-22,1523757,177352022,116.0,118.0,114.5,117.0,1.0,1120,0.9330091703577035,108.2291,109.1621,106.8296,110.0951
2024-02-23,3060158,366913847,118.5,122.5,117.5,119.0,2.0,2084,0.9330091703577035,110.5616,111.0281,109.6286,114.2936
2024-02-26,6195162,766445933,118.5,127.0,118.0,123.5,4.5,4116,0.9330091703577035,110.5616,115.2266,110.0951,118.4922
2024-02-27,3551016,428725434,123.5,124.5,117.5,121.5,-2.0,2444,0.9330091703577035,115.2266,113.3606,109.6286,116.1596
2024-02-29,5107523,652819733,122.0,132.0,120.5,132.0,10.5,3675,0.9330091703577035,113.8271,123.1572,112.4276,123.1572
2024-03-01,3293069,430698503,131.0,134.0,127.5,134.0,2.0,2532,0.9330091703577035,122.2242,125.0232,118.9587,125.0232
2024-03-04,7322374,1061724550,137.0,147.0,136.5,144.5,10.5,4612,0.9330091703577035,127.8223,134.8198,127.3558,137.1523
2024-03-05,3171591,456958874,143.5,148.0,141.5,143.0,-1.5,2467,0.9330091703577035,133.8868,133.4203,132.0208,138.0854
2024-03-06,4768084,736534142,143.0,157.0,143.0,157.0,14.0,2600,0.9330091703577035,133.4203,146.4824,133.4203,146.4824
2024-03-07,13892932,2300516001,160.5,172.0,157.0,167.5,10.5,9892,0.9330091703577035,149.748,156.279,146.4824,160.4776
2024-03-08,6316129,999278682,167.5,167.5,151.0,151.0,-16.5,4591,0.9330091703577035,156.279,140.8844,140.8844,156.279
2024-03-11,5163548,789491461,149.5,159.5,146.5,157.5,6.5,3740,0.9330091703577035,139.4849,146.9489,136.6858,148.815
2024-03-12,6929430,1140463113,153.5,172.0,153.0,166.5,9.0,5981,0.9330091703577035,143.2169,155.346,142.7504,160.4776
2024-03-13,6709729,1046396628,167.5,169.0,150.0,150.0,-16.5,5133,0.9330091703577035,156.279,139.9514,139.9514,157.6785
2024-03-14,5580705,828088963,150.5,155.0,142.0,147.0,-3.0,3752,0.9330091703577035,140.4179,137.1523,132.4873,144.6164
2024-03-15,3728058,528686064,143.5,148.0,139.0,140.0,-7.0,3015,0.9330091703577035,133.8868,130.6213,129.6883,138.0854
2024-03-18,2337259,337199979,142.0,147.5,140.5,144.5,4.5,1555,0.9330091703577035,132.4873,134.8198,131.0878,137.6189
2024-03-19,2518561,375891951,147.0,153.5,144.0,147.5,3.0,1957,0.9330091703577035,137.1523,137.6189,134.3533,143.2169
2024-03-20,1941742,288337069,147.0,152.0,145.0,146.5,-1.0,1655,0.9330091703577035,137.1523,136.6858,135.2863,141.8174
2024-03-21,1243109,186554907,150.0,153.0,147.0,148.5,2.0,1022,0.9330091703577035,139.9514,138.5519,137.1523,142.7504
2024-03-22,1272442,187264368,150.5,150.5,145.0,146.0,-2.5,1044,0.9330091703577035,140.4179,136.2193,135.2863,140.4179
2024-03-25,1686475,254555498,147.5,153.5,146.5,150.0,4.0,1508,0.9330091703577035,137.6189,139.9514,136.6858,143.2169
2024-03-26,7456683,1138052425,149.0,164.0,143.0,147.5,-2.5,5625,0.9330091703577035,139.0184,137.6189,133.4203,153.0135
2024-03-27,2836805,428905848,149.5,155.5,147.5,150.5,3.0,2236,0.9330091703577035,139.4849,140.4179,137.6189,145.0829
2024-03-28,2047760,302243214,150.5,150.5,144.5,146.5,-4.0,2184,0.9330091703577035,140.4179,136.6858,134.8198,140.4179
2024-03-29,3961285,597068326,146.0,155.5,143.0,152.0,5.5,3148,0.9330091703577035,136.2193,141.8174,133.4203,145.0829
2024-04-01,3938496,619785163,152.0,160.0,152.0,158.0,6.0,3253,0.9330091703577035,141.8174,147.4154,141.8174,149.2815
2024-04-02,7581830,1227033833,160.0,168.0,155.0,161.0,3.0,7412,0.9330091703577035,149.2815,150.2145,144.6164,156.7455
2024-04-03,4729799,724447448,156.0,157.5,148.5,152.5,-8.5,4116,0.9330091703577035,145.5494,142.2839,138.5519,146.9489
2024-04-08,3758441,592465673,150.0,163.0,150.0,158.0,5.5,2807,0.9330091703577035,139.9514,147.4154,139.9514,152.0805
2024-04-09,2882822,452334668,158.0,162.5,153.5,154.0,-4.0,2918,0.9330091703577035,147.4154,143.6834,143.2169,151.614
2024-04-10,1780788,270825945,154.5,157.0,149.0,149.0,-5.0,1881,0.9330091703577035,144.1499,139.0184,139.0184,146.4824
2024-04-11,2143930,314046125,149.0,150.0,144.5,146.0,-3.0,1758,0.9330091703577035,139.0184,136.2193,134.8198,139.9514
2024-04-12,4453078,695290585,147.0,160.5,145.5,159.0,13.0,3259,0.9330091703577035,137.1523,148.3485,135.7528,149.748
2024-04-15,4637297,740816815,158.5,167.0,155.0,155.5,-3.5,3573,0.9330091703577035,147.882,145.0829,144.6164,155.8125
2024-04-16,2818404,416972641,152.5,154.0,145.5,148.0,-7.5,2295,0.9330091703577035,142.2839,138.0854,135.7528,143.6834
2024-04-17,1802280,273522857,151.0,155.0,149.0,149.5,1.5,1446,0.9330091703577035,140.8844,139.4849,139.0184,144.6164
2024-04-18,1394527,206663279,149.0,151.5,146.0,146.5,-3.0,1329,0.9330091703577035,139.0184,136.6858,136.2193,141.3509
2024-04-19,3464153,485076438,143.5,145.0,135.0,138.5,-8.0,2494,0.9330091703577035,133.8868,129.2218,125.9562,135.2863
2024-04-22,1533089,209374136,138.5,141.0,133.5,135.0,-3.5,1260,0.9330091703577035,129.2218,125.9562,124.5567,131.5543
2024-04-23,1434794,200573716,138.0,142.5,137.0,138.0,3.0,1154,0.9330091703577035,128.7553,128.7553,127.8223,132.9538
2024-04-24,2202132,322377069,143.5,150.5,141.0,149.0,11.0,1688,0.9330091703577035,133.8868,139.0184,131.5543,140.4179
2024-04-25,4914639,759520719,147.5,158.0,146.5,153.5,4.5,3170,0.9330091703577035,137.6189,143.2169,136.6858,147.4154
2024-04-26,3497846,538312472,155.0,157.0,151.0,151.5,-2.0,2860,0.9330091703577035,144.6164,141.3509,140.8844,146.4824
2024-04-29,1110947,170030069,155.0,155.0,151.0,153.5,2.0,1483,0.9330091703577035,144.6164,143.2169,140.8844,144.6164
2024-04-30,1065832,164336589,156.5,156.5,152.5,153.0,-0.5,1619,0.9330091703577035,146.0159,142.7504,142.2839,146.0159
2024-05-02,945654,143739761,153.0,154.5,150.0,151.5,-1.5,694,0.9330091703577035,142.7504,141.3509,139.9514,144.1499
2024-05-03,741774,111694304,153.0,154.0,149.0,149.0,-2.5,638,0.9330091703577035,142.7504,139.0184,139.0184,143.6834
2024-05-06,766396,114610858,150.0,153.0,148.0,148.5,-0.5,607,0.9330091703577035,139.9514,138.5519,138.0854,142.7504
2024-05-07,1371486,199831062,150.0,150.5,143.5,146.5,-2.0,1016,0.9330091703577035,139.9514,136.6858,133.8868,140.4179
2024-05-08,3799911,585792505,154.0,157.5,151.0,153.5,7.0,2649,0.9330091703577035,143.6834,143.2169,140.8844,146.9489
2024-05-09,4262022,667815607,154.5,162.0,151.5,152.0,-1.5,3990,0.9330091703577035,144.1499,141.8174,141.3509,151.1475
2024-05-10,1323900,202445325,153.5,155.5,150.0,154.5,2.5,1581,0.9330091703577035,143.2169,144.1499,139.9514,145.0829
2024-05-13,1059986,162648318,153.5,155.5,152.0,153.0,-1.5,846,0.9330091703577035,143.2169,142.7504,141.8174,145.0829
2024-05-14,1899086,298330309,154.5,160.0,154.0,156.5,3.5,1526,0.9330091703577035,144.1499,146.0159,143.6834,149.2815
2024-05-15,2686443,423865081,159.0,162.0,154.5,161.0,4.5,2210,0.9330091703577035,148.3485,150.2145,144.1499,151.1475
2024-05-16,5715809,944150208,163.5,171.0,159.0,161.0,0.0,4442,0.9330091703577035,152.547,150.2145,148.3485,159.5446
2024-05-17,1328300,213620141,164.0,164.0,158.0,159.0,-2.0,1919,0.9330091703577035,153.0135,148.3485,147.4154,153.0135
2024-05-20,1878413,295894536,161.5,164.5,154.0,156.5,-2.5,1404,0.9330091703577035,150.681,146.0159,143.6834,153.48
2024-05-21,988532,155472208,158.0,159.5,155.5,156.0,-0.5,1008,0.9330091703577035,147.4154,145.5494,145.0829,148.815
2024-05-22,980883,154248348,157.5,159.5,155.5,156.0,0.0,697,0.9330091703577035,146.9489,145.5494,145.0829,148.815
2024-05-23,1981287,307908588,156.5,159.0,153.0,156.5,0.5,1194,0.9330091703577035,146.0159,146.0159,142.7504,148.3485
2024-05-24,5088724,847420189,155.0,172.0,154.0,172.0,15.5,3600,0.9330091703577035,144.6164,160.4776,143.6834,160.4776
2024-05-27,7338965,1300664802,179.5,186.0,171.0,172.0,0.0,5796,0.9330091703577035,167.4751,160.4776,159.5446,173.5397
2024-05-28,2253686,392297098,172.5,177.5,171.0,175.0,3.0,3992,0.9330091703577035,160.9441,163.2766,159.5446,165.6091
2024-05-29,1278708,224628341,175.0,178.5,173.0,174.5,-0.5,1880,0.9330091703577035,163.2766,162.8101,161.4106,166.5421
2024-05-30,1952166,337621317,174.5,176.5,168.5,176.0,1.5,2938,0.9330091703577035,162.8101,164.2096,157.212,164.6761
2024-05-31,4636208,791750472,176.0,180.0,161.5,169.5,-6.5,4591,0.9330091703577035,164.2096,158.1451,150.681,167.9417
2024-06-03,1861250,314817249,172.5,172.5,166.0,171.5,2.0,1528,0.9330091703577035,160.9441,160.0111,154.8795,160.9441
2024-06-04,1541950,263352441,170.5,173.5,167.5,170.0,-1.5,2299,0.9330091703577035,159.0781,158.6116,156.279,161.8771
2024-06-05,1783618,296502227,172.0,172.0,163.0,163.0,-7.0,2292,0.9330091703577035,160.4776,152.0805,152.0805,160.4776
2024-06-06,2117301,338263414,162.5,164.0,158.0,159.5,-3.5,1884,0.9330091703577035,151.614,148.815,147.4154,153.0135
2024-06-07,916918,147094962,158.5,164.0,158.5,159.0,-0.5,805,0.9330091703577035,147.882,148.3485,147.882,153.0135
2024-06-11,722746,114504618,160.5,160.5,156.0,159.0,0.0,667,0.9330091703577035,149.748,148.3485,145.5494,149.748
2024-06-12,965723,156247487,159.5,165.0,159.5,161.5,2.5,877,0.9330091703577035,148.815,150.681,148.815,153.9465
2024-06-13,1356946,218561904,163.5,164.5,159.5,161.0,-0.5,1104,0.9330091703577035,152.547,150.2145,148.815,153.48
2024-06-14,1192838,190405511,161.5,163.0,158.0,160.0,-1.0,1273,0.9330091703577035,150.681,149.2815,147.4154,152.0805
2024-06-17,940229,148655809,161.0,162.0,156.5,158.0,-2.0,977,0.9330091703577035,150.2145,147.4154,146.0159,151.1475
2024-06-18,396380,62384669,159.0,159.5,156.5,157.0,-1.0,476,0.9330091703577035,148.3485,146.4824,146.0159,148.815
2024-06-19,719282,113465938,158.0,159.5,156.5,157.0,0.0,628,0.9330091703577035,147.4154,146.4824,146.0159,148.815
2024-06-20,826396,129654497,158.0,158.5,155.5,157.0,0.0,616,0.9330091703577035,147.4154,146.4824,145.0829,147.882
2024-06-21,2588636,417480787,157.0,165.0,154.0,161.5,4.5,1864,0.9330091703577035,146.4824,150.681,143.6834,153.9465
2024-06-24,2982976,462735147,162.0,162.5,149.0,150.0,-11.5,2444,0.9330091703577035,151.1475,139.9514,139.0184,151.614
2024-06-25,2292586,339718793,151.0,152.0,145.5,149.5,-0.5,1749,0.9330091703577035,140.8844,139.4849,135.7528,141.8174
2024-06-26,583079,87836276,151.5,152.5,149.0,150.0,0.5,601,0.9330091703577035,141.3509,139.9514,139.0184,142.2839
2024-06-27,1233470,181871485,149.5,149.5,146.5,148.0,-2.0,988,0.9330091703577035,139.4849,138.0854,136.6858,139.4849
2024-06-28,1090678,161926586,149.0,151.5,147.0,147.5,-0.5,907,0.9330091703577035,139.0184,137.6189,137.1523,141.3509
2024-07-01,1652309,247464767,149.0,153.5,147.0,149.5,2.0,984,0.9330091703577035,139.0184,139.4849,137.1523,143.2169
2024-07-02,962554,142643092,150.5,150.5,147.0,148.0,-1.5,687,0.9330091703577035,140.4179,138.0854,137.1523,140.4179
2024-07-03,1820112,268251807,149.5,150.0,145.5,147.0,-1.0,1202,0.9330091703577035,139.4849,137.1523,135.7528,139.9514
2024-07-04,826796,119289651,144.5,145.5,143.0,144.0,0.0,773,0.9597785027472527,138.688,138.2081,137.2483,139.6478
2024-07-05,1829209,273858538,145.0,152.0,145.0,151.0,7.0,1538,0.9597785027472527,139.1679,144.9266,139.1679,145.8863
2024-07-08,2007822,301142214,154.0,154.5,147.0,149.5,-1.5,1749,0.9597785027472527,147.8059,143.4869,141.0874,148.2858
2024-07-09,871072,127996608,148.5,149.5,145.0,147.5,-2.0,777,0.9597785027472527,142.5271,141.5673,139.1679,143.4869
2024-07-10,562048,83655744,147.0,152.0,147.0,148.0,0.5,516,0.9597785027472527,141.0874,142.0472,141.0874,145.8863
2024-07-11,554569,81561302,148.5,149.0,146.0,146.5,-1.5,603,0.9597785027472527,142.5271,140.6076,140.1277,143.007
2024-07-12,1164090,174418857,145.0,153.0,145.0,147.0,0.5,917,0.9597785027472527,139.1679,141.0874,139.1679,146.8461
2024-07-15,394599,57703695,147.0,148.0,145.0,146.0,-1.0,401,0.9597785027472527,141.0874,140.1277,139.1679,142.0472
2024-07-16,388633,57071008,147.0,148.5,145.0,148.0,2.0,350,0.9597785027472527,141.0874,142.0472,139.1679,142.5271
2024-07-17,3069569,474841543,148.0,157.0,148.0,155.0,7.0,2209,0.9597785027472527,142.0472,148.7657,142.0472,150.6852
2024-07-18,1503248,229660656,154.5,156.0,150.0,153.5,-1.5,1638,0.9597785027472527,148.2858,147.326,143.9668,149.7254
2024-07-19,1812239,273039547,153.0,154.5,147.0,149.5,-4.0,1253,0.9597785027472527,146.8461,143.4869,141.0874,148.2858
2024-07-22,1828754,271535538,150.0,152.5,145.5,146.0,-3.5,1379,0.9597785027472527,143.9668,140.1277,139.6478,146.3662
2024-07-23,2385573,363757202,149.0,154.5,148.0,153.5,7.5,1615,0.9597785027472527,143.007,147.326,142.0472,148.2858
2024-07-26,4123513,579294680,146.5,148.0,138.5,138.5,-15.0,3262,0.9597785027472527,140.6076,132.9293,132.9293,142.0472
2024-07-29,2060516,283207123,139.0,140.0,134.0,134.5,-4.0,1770,0.9597785027472527,133.4092,129.0902,128.6103,134.369
2024-07-30,1384582,191811235,136.0,142.5,133.0,142.5,8.0,1179,0.9597785027472527,130.5299,136.7684,127.6505,136.7684
2024-07-31,854489,120260066,141.0,143.5,139.0,140.0,-2.5,805,0.9597785027472527,135.3288,134.369,133.4092,137.7282
2024-08-01,579855,82604948,142.0,143.5,141.0,142.0,2.0,487,0.9597785027472527,136.2885,136.2885,135.3288,137.7282
2024-08-02,884797,120788277,138.5,140.0,134.0,134.5,-7.5,736,0.9597785027472527,132.9293,129.0902,128.6103,134.369
2024-08-05,2106231,256541630,126.5,126.5,121.5,121.5,-13.0,1206,0.9597785027472527,121.412,116.6131,116.6131,121.412
2024-08-06,2813022,320911974,125.0,125.0,109.5,118.5,-3.0,1853,0.9597785027472527,119.9723,113.7338,105.0957,119.9723
2024-08-07,2065753,265466171,120.0,130.0,119.0,130.0,11.5,1022,0.9597785027472527,115.1734,124.7712,114.2136,124.7712
2024-08-08,756920,98158326,127.0,132.5,126.5,128.0,-2.0,622,0.9597785027472527,121.8919,122.8516,121.412,127.1707
2024-08-09,1223462,164114761,130.5,139.0,130.0,135.0,7.0,1096,0.9597785027472527,125.2511,129.5701,124.7712,133.4092
2024-08-12,1022252,141811592,135.0,141.5,135.0,138.5,3.5,873,0.9597785027472527,129.5701,132.9293,129.5701,135.8087
2024-08-13,541777,75060210,139.5,140.5,136.5,138.5,0.0,618,0.9597785027472527,133.8891,132.9293,131.0098,134.8489
2024-08-14,774164,108467762,139.0,141.5,139.0,139.0,0.5,796,0.9597785027472527,133.4092,133.4092,133.4092,135.8087
2024-08-15,1946728,282580171,139.0,150.0,139.0,146.5,7.5,1614,0.9597785027472527,133.4092,140.6076,133.4092,143.9668
2024-08-16,2441964,361291994,146.5,151.5,144.0,147.0,0.5,2365,0.9597785027472527,140.6076,141.0874,138.2081,145.4064
2024-08-19,967950,139695906,149.0,149.0,142.0,143.0,-4.0,995,0.9597785027472527,143.007,137.2483,136.2885,143.007
2024-08-20,1103544,156148271,145.0,145.0,139.5,140.5,-2.5,902,0.9597785027472527,139.1679,134.8489,133.8891,139.1679
2024-08-21,612693,86832517,140.0,144.0,138.0,142.0,1.5,524,0.9597785027472527,134.369,136.2885,132.4494,138.2081
2024-08-22,548675,78146555,143.0,145.0,140.0,140.0,-2.0,551,0.9597785027472527,137.2483,134.369,134.369,139.1679
2024-08-23,893073,127944613,139.0,146.5,137.5,145.5,5.5,667,0.9597785027472527,133.4092,139.6478,131.9695,140.6076
2024-08-26,4168894,651335310,147.0,160.0,146.5,155.5,10.0,3233,0.9597785027472527,141.0874,149.2456,140.6076,153.5646
2024-08-27,8768102,1424774955,155.5,167.5,155.0,166.5,11.0,6810,0.9597785027472527,149.2456,159.8031,148.7657,160.7629
2024-08-28,5742105,965049406,167.5,174.0,163.5,166.0,-0.5,12623,0.9597785027472527,160.7629,159.3232,156.9238,167.0015
2024-08-29,3238878,540889654,164.5,170.5,162.5,170.5,4.5,4916,0.9597785027472527,157.8836,163.6422,155.964,163.6422
2024-08-30,4889006,848499405,171.0,179.0,167.5,176.0,5.5,10544,0.9597785027472527,164.1221,168.921,160.7629,171.8004
2024-09-02,3568100,632128264,176.5,181.0,174.5,176.5,0.5,8322,0.9597785027472527,169.4009,169.4009,167.4813,173.7199
2024-09-03,3478075,620070857,179.0,183.5,174.0,175.0,-1.5,8208,0.9597785027472527,171.8004,167.9612,167.0015,176.1194
2024-09-04,2969097,494466798,163.0,172.0,159.5,165.5,-9.5,7744,0.9597785027472527,156.4439,158.8433,153.0847,165.0819
2024-09-05,4727491,830479727,169.5,179.5,167.0,178.0,12.5,8800,0.9597785027472527,162.6825,170.8406,160.283,172.2802
2024-09-06,3322540,582209548,177.0,179.0,173.5,174.5,-3.5,3569,0.9597785027472527,169.8808,167.4813,166.5216,171.8004
2024-09-09,2000280,349829117,171.0,178.0,171.0,177.5,3.0,2721,0.9597785027472527,164.1221,170.3607,164.1221,170.8406
2024-09-10,2846816,505697402,179.5,182.0,173.0,177.0,-0.5,3924,0.9597785027472527,172.2802,169.8808,166.0417,174.6797
2024-09-11,2156776,383997109,177.0,181.5,175.0,176.0,-1.0,6194,0.9597785027472527,169.8808,168.921,167.9612,174.1998
2024-09-12,4045805,743842989,179.5,188.0,177.5,187.0,11.0,6707,0.9597785027472527,172.2802,179.4786,170.3607,180.4384
2024-09-13,7694558,1534950556,187.0,205.5,187.0,205.5,18.5,9700,0.9597785027472527,179.4786,197.2345,179.4786,197.2345
2024-09-16,5513300,1221142659,210.5,226.0,210.5,226.0,20.5,6611,0.9597785027472527,202.0334,216.9099,202.0334,216.9099
2024-09-18,10336411,2482923349,231.0,248.5,230.0,248.5,22.5,11242,0.9597785027472527,221.7088,238.505,220.7491,238.505
2024-09-19,22945576,5715700036,259.0,267.0,233.5,244.0,-4.5,17280,0.9597785027472527,248.5826,234.186,224.1083,256.2609
2024-09-20,9606607,2293225485,248.0,248.0,233.5,238.0,-6.0,8788,0.9597785027472527,238.0251,228.4273,224.1083,238.0251
2024-09-23,3279479,775514145,238.0,243.0,232.5,235.0,-3.0,3104,0.9597785027472527,228.4273,225.5479,223.1485,233.2262
2024-09-24,3194572,720972428,233.0,233.0,220.5,226.5,-8.5,3260,0.9597785027472527,223.6284,217.3898,211.6312,223.6284
2024-09-25,2677744,641149283,232.5,245.0,232.5,244.0,17.5,2651,0.9597785027472527,223.1485,234.186,223.1485,235.1457
2024-09-26,1070457,258242767,246.0,246.0,238.0,239.0,-5.0,1105,0.9597785027472527,236.1055,229.3871,228.4273,236.1055
2024-09-27,1012320,245112682,241.5,247.0,236.5,236.5,-2.5,1071,0.9597785027472527,231.7865,226.9876,226.9876,237.0653
2024-09-30,747016,179756040,239.0,244.0,237.0,240.5,4.0,814,0.9597785027472527,229.3871,230.8267,227.4675,234.186
2024-10-01,906129,218448119,244.5,245.5,237.0,241.0,0.5,929,0.9597785027472527,234.6658,231.3066,227.4675,235.6256
2024-10-04,1022815,241569004,241.5,242.0,231.5,240.0,-1.0,1084,0.9597785027472527,231.7865,230.3468,222.1887,232.2664
2024-10-07,1578427,399033041,240.0,260.0,240.0,258.0,18.0,1852,0.9597785027472527,230.3468,247.6229,230.3468,249.5424
2024-10-08,860498,216376723,253.5,256.0,246.0,249.0,-9.0,1028,0.9597785027472527,243.3039,238.9848,236.1055,245.7033
2024-10-09,849986,213521578,246.5,259.5,245.5,245.5,-3.5,950,0.9597785027472527,236.5854,235.6256,235.6256,249.0625
2024-10-11,770928,185173610,238.0,247.5,238.0,238.5,-7.0,984,0.9597785027472527,228.4273,228.9072,228.4273,237.5452
2024-10-14,3733210,874303167,239.0,244.0,223.0,238.5,0.0,8476,0.9597785027472527,229.3871,228.9072,214.0306,234.186
2024-10-15,4545714,994019008,238.0,238.0,215.0,215.0,-23.5,4653,0.9597785027472527,228.4273,206.3524,206.3524,228.4273
2024-10-16,5069454,1090981125,204.5,224.5,203.0,218.5,3.5,4325,0.9597785027472527,196.2747,209.7116,194.835,215.4703
2024-10-17,3637328,818950091,218.5,235.0,215.0,232.5,14.0,3410,0.9597785027472527,209.7116,223.1485,206.3524,225.5479
2024-10-18,2590590,596078061,233.5,234.5,224.0,230.5,-2.0,7161,0.9597785027472527,224.1083,221.2289,214.9904,225.0681
2024-10-21,1438284,331037541,231.0,233.5,226.0,231.0,0.5,3136,0.9597785027472527,221.7088,221.7088,216.9099,224.1083
2024-10-22,1993565,463277459,231.0,238.5,228.0,231.5,0.5,4963,0.9597785027472527,221.7088,222.1887,218.8295,228.9072
2024-10-23,3517346,873008955,230.0,254.5,230.0,254.5,23.0,2397,0.9597785027472527,220.7491,244.2636,220.7491,244.2636
2024-10-24,10895120,2699494007,261.5,264.0,232.0,242.0,-12.5,9370,0.9597785027472527,250.9821,232.2664,222.6686,253.3815
2024-10-25,6270487,1558915056,243.0,259.0,240.5,241.5,-0.5,6987,0.9597785027472527,233.2262,231.7865,230.8267,248.5826
2024-10-28,2490205,586561024,243.5,246.0,231.0,232.0,-9.5,3792,0.9597785027472527,233.7061,222.6686,221.7088,236.1055
2024-10-29,2584466,596852154,232.0,239.0,226.0,226.5,-5.5,4911,0.9597785027472527,222.6686,217.3898,216.9099,229.3871
2024-10-30,1409181,317133145,230.5,230.5,220.0,226.0,-0.5,1251,0.9597785027472527,221.2289,216.9099,211.1513,221.2289
2024-11-01,1764483,400602775,223.0,231.5,220.5,226.5,0.5,1365,0.9597785027472527,214.0306,217.3898,211.6312,222.1887
2024-11-04,881033,200218662,226.5,231.0,223.0,227.0,0.5,925,0.9597785027472527,217.3898,217.8697,214.0306,221.7088
2024-11-05,1111998,253203160,227.0,232.0,224.5,225.5,-1.5,1675,0.9597785027472527,217.8697,216.4301,215.4703,222.6686
2024-11-06,4119666,970522491,230.0,241.5,228.5,232.5,7.0,4464,0.9597785027472527,220.7491,223.1485,219.3094,231.7865
2024-11-07,4472332,1085405486,235.0,247.5,234.0,246.5,14.0,3942,0.9597785027472527,225.5479,236.5854,224.5882,237.5452
2024-11-08,2660853,648735032,246.5,249.0,240.0,245.5,-1.0,6632,0.9597785027472527,236.5854,235.6256,230.3468,238.9848
2024-11-11,3699718,902102098,243.5,252.5,235.0,247.5,2.0,4771,0.9597785027472527,233.7061,237.5452,225.5479,242.3441
2024-11-12,3250855,767116294,244.0,247.0,228.5,234.5,-13.0,4638,0.9597785027472527,234.186,225.0681,219.3094,237.0653
2024-11-13,1284861,303534254,237.0,240.0,233.5,234.5,0.0,1538,0.9597785027472527,227.4675,225.0681,224.1083,230.3468
2024-11-14,1827885,427434825,236.0,241.0,228.5,229.5,-5.0,1754,0.9597785027472527,226.5077,220.2692,219.3094,231.3066
2024-11-15,1644382,373668146,231.5,232.5,222.0,229.0,-0.5,1646,0.9597785027472527,222.1887,219.7893,213.0708,223.1485
2024-11-18,1577978,346950908,229.0,229.0,215.0,215.0,-14.0,1752,0.9597785027472527,219.7893,206.3524,206.3524,219.7893
2024-11-19,2419700,547389787,217.0,234.5,214.0,233.5,18.5,2164,0.9597785027472527,208.2719,224.1083,205.3926,225.0681
2024-11-20,1690359,392531681,234.5,237.5,227.5,231.5,-2.0,2622,0.9597785027472527,225.0681,222.1887,218.3496,227.9474
2024-11-21,1385712,325295840,231.5,241.0,228.5,235.0,3.5,1438,0.9597785027472527,222.1887,225.5479,219.3094,231.3066
2024-11-22,1051013,247676984,237.5,239.0,233.0,235.0,0.0,1770,0.9597785027472527,227.9474,225.5479,223.6284,229.3871
2024-11-25,2744047,660719923,237.5,246.0,236.0,239.0,4.0,2105,0.9597785027472527,227.9474,229.3871,226.5077,236.1055
2024-11-26,1067850,252895853,236.0,241.5,233.5,235.0,-4.0,4815,0.9597785027472527,226.5077,225.5479,224.1083,231.7865
2024-11-27,1046996,240171726,235.5,236.0,225.0,227.0,-8.0,1210,0.9597785027472527,226.0278,217.8697,215.9502,226.5077
2024-11-28,4023760,838768668,224.0,226.5,204.5,204.5,-22.5,3779,0.9597785027472527,214.9904,196.2747,196.2747,217.3898
2024-11-29,2237925,458257358,202.0,209.0,198.5,204.5,0.0,1899,0.9597785027472527,193.8753,196.2747,190.516,200.5937
2024-12-02,3152824,624477295,207.0,208.0,193.5,198.5,-6.0,2877,0.9597785027472527,198.6742,190.516,185.7171,199.6339
2024-12-03,1274638,257755337,201.0,205.5,198.5,203.0,4.5,1331,0.9597785027472527,192.9155,194.835,190.516,197.2345
2024-12-04,2019203,424341838,203.0,215.0,203.0,213.5,10.5,1927,0.9597785027472527,194.835,204.9127,194.835,206.3524
2024-12-05,1853121,390319371,217.0,217.5,206.0,209.0,-4.5,2604,0.9597785027472527,208.2719,200.5937,197.7144,208.7518
2024-12-06,1014455,215002855,211.0,216.0,209.0,210.5,1.5,1072,0.9597785027472527,202.5133,202.0334,200.5937,207.3122
2024-12-09,666302,140175362,212.0,213.0,207.0,211.0,0.5,1331,0.9597785027472527,203.473,202.5133,198.6742,204.4328
2024-12-10,795104,166114244,209.0,214.5,206.5,207.5,-3.5,806,0.9597785027472527,200.5937,199.154,198.1943,205.8725
2024-12-11,1155298,236127460,206.0,207.5,201.5,203.5,-4.0,1347,0.9597785027472527,197.7144,195.3149,193.3954,199.154
2024-12-12,939056,194886044,205.5,212.5,203.5,204.5,1.0,1214,0.9597785027472527,197.2345,196.2747,195.3149,203.9529
2024-12-13,948695,193515841,205.0,207.0,200.5,207.0,2.5,893,0.9597785027472527,196.7546,198.6742,192.4356,198.6742
2024-12-16,2180431,427861877,207.5,210.0,189.5,191.0,-16.0,2666,0.9597785027472527,199.154,183.3177,181.878,201.5535
2024-12-17,1256855,241435204,192.0,196.0,188.0,193.0,2.0,1459,0.9597785027472527,184.2775,185.2373,180.4384,188.1166
2024-12-18,2616766,497133056,194.0,197.0,186.0,192.0,-1.0,2437,0.9597785027472527,186.197,184.2775,178.5188,189.0764
2024-12-19,1156871,221265421,189.0,196.0,185.0,192.5,0.5,1239,0.9597785027472527,181.3981,184.7574,177.559,188.1166
2024-12-20,971433,183762709,190.5,193.0,187.0,187.0,-5.5,1042,0.9597785027472527,182.8378,179.4786,179.4786,185.2373
2024-12-23,677932,130315839,189.0,194.0,189.0,193.0,6.0,645,0.9597785027472527,181.3981,185.2373,181.3981,186.197
2024-12-24,759343,147969945,193.5,198.0,192.5,193.5,0.5,1291,0.9597785027472527,185.7171,185.7171,184.7574,190.0361
2024-12-25,855062,166734470,194.0,198.0,191.0,197.0,3.5,826,0.9597785027472527,186.197,189.0764,183.3177,190.0361
2024-12-26,604800,119095687,198.5,199.0,195.0,197.0,0.0,687,0.9597785027472527,190.516,189.0764,187.1568,190.9959
2024-12-27,1249122,238159488,196.0,196.5,188.0,188.5,-8.5,1281,0.9597785027472527,188.1166,180.9182,180.4384,188.5965
2024-12-30,670649,125668696,188.0,190.5,184.5,185.0,-3.5,1565,0.9597785027472527,180.4384,177.559,177.0791,182.8378
2024-12-31,601469,112613480,185.0,190.0,184.0,190.0,5.0,594,0.9597785027472527,177.559,182.3579,176.5992,182.3579
2025-01-02,1880701,370799395,189.5,203.0,187.0,195.0,5.0,1882,0.9597785027472527,181.878,187.1568,179.4786,194.835
2025-01-03,2775110,558288729,197.5,206.0,196.0,198.0,3.0,4492,0.9597785027472527,189.5563,190.0361,188.1166,197.7144
2025-01-06,4270142,895290829,210.0,215.0,205.5,210.0,12.0,7231,0.9597785027472527,201.5535,201.5535,197.2345,206.3524
2025-01-07,1832956,383591581,208.5,213.5,205.5,207.0,-3.0,4540,0.9597785027472527,200.1138,198.6742,197.2345,204.9127
2025-01-08,1452097,299467922,205.0,210.5,203.0,204.0,-3.0,2247,0.9597785027472527,196.7546,195.7948,194.835,202.0334
2025-01-09,1339940,269744349,204.0,206.0,198.0,198.0,-6.0,1510,0.9597785027472527,195.7948,190.0361,190.0361,197.7144
2025-01-10,986895,193477685,198.0,201.5,193.5,193.5,-4.5,1080,0.9597785027472527,190.0361,185.7171,185.7171,193.3954
2025-01-13,1148405,220444012,191.5,198.0,186.0,191.5,-2.0,1091,0.9597785027472527,183.7976,183.7976,178.5188,190.0361
2025-01-14,2282694,456500227,192.0,205.0,191.0,204.5,13.0,2375,0.9597785027472527,184.2775,196.2747,183.3177,196.7546
2025-01-15,1870848,380380640,205.0,205.5,199.0,204.0,-0.5,2842,0.9597785027472527,196.7546,195.7948,190.9959,197.2345
2025-01-16,2042389,427268699,210.5,213.5,205.5,209.0,5.0,2533,0.9597785027472527,202.0334,200.5937,197.2345,204.9127
2025-01-17,1054329,216249308,211.0,211.0,202.5,203.0,-6.0,2070,0.9597785027472527,202.5133,194.835,194.3551,202.5133
2025-01-20,1593350,332574319,205.0,212.0,202.5,209.0,6.0,2024,0.9597785027472527,196.7546,200.5937,194.3551,203.473
2025-01-21,6490317,1431384357,212.0,229.5,209.5,225.5,16.5,6384,0.9597785027472527,203.473,216.4301,201.0736,220.2692
2025-01-22,3442765,771025450,225.5,227.5,220.0,225.0,-0.5,5451,0.9597785027472527,216.4301,215.9502,211.1513,218.3496
2025-02-03,1646287,356369686,212.5,222.5,212.0,215.5,-9.5,1830,0.9597785027472527,203.9529,206.8323,203.473,213.5507
2025-02-04,2766910,553244183,217.5,217.5,194.0,194.0,-21.5,3706,0.9597785027472527,208.7518,186.197,186.197,208.7518
2025-02-05,2254647,431052683,194.0,196.0,188.5,189.5,-4.5,3325,0.9597785027472527,186.197,181.878,180.9182,188.1166
2025-02-06,1448982,276706586,190.5,194.0,189.5,190.5,1.0,1485,0.9597785027472527,182.8378,182.8378,181.878,186.197
2025-02-07,1170685,221565966,191.0,192.0,187.5,190.5,0.0,1354,0.9597785027472527,183.3177,182.8378,179.9585,184.2775
2025-02-10,1871144,344549597,189.0,189.5,181.5,182.0,-8.5,2377,0.9597785027472527,181.3981,174.6797,174.1998,181.878
2025-02-11,1571427,285129450,183.5,185.0,178.5,181.5,-0.5,1790,0.9597785027472527,176.1194,174.1998,171.3205,177.559
2025-02-12,1155523,214408315,182.0,187.5,182.0,185.0,3.5,1218,0.9597785027472527,174.6797,177.559,174.6797,179.9585
2025-02-13,1028113,193464738,185.0,191.0,183.5,187.5,2.5,1104,0.9597785027472527,177.559,179.9585,176.1194,183.3177
2025-02-14,1084156,200421140,191.5,191.5,181.5,183.5,-4.0,1384,0.9597785027472527,183.7976,176.1194,174.1998,183.7976
2025-02-17,765792,142951939,183.0,190.0,182.5,188.5,5.0,844,0.9597785027472527,175.6395,180.9182,175.1596,182.3579
2025-02-18,1102717,209148158,190.0,193.0,187.0,189.5,1.0,2241,0.9597785027472527,182.3579,181.878,179.4786,185.2373
2025-02-19,1626139,315055141,191.0,198.0,188.5,195.5,6.0,1583,0.9597785027472527,183.3177,187.6367,180.9182,190.0361
2025-02-20,3340123,668374882,196.5,207.5,195.5,200.0,4.5,3578,0.9597785027472527,188.5965,191.9557,187.6367,199.154
2025-02-21,1545470,311608065,200.0,205.5,195.0,204.0,4.0,2412,0.9597785027472527,191.9557,195.7948,187.1568,197.2345
2025-02-24,1125539,226899919,204.5,205.0,199.0,201.5,-2.5,2239,0.9597785027472527,196.2747,193.3954,190.9959,196.7546
2025-02-25,1166089,229340387,199.0,200.5,194.0,197.0,-4.5,1148,0.9597785027472527,190.9959,189.0764,186.197,192.4356
2025-02-26,3279165,680740436,198.0,214.0,198.0,210.0,13.0,3461,0.9597785027472527,190.0361,201.5535,190.0361,205.3926
2025-02-27,5320867,1172263483,218.0,229.0,213.5,215.5,5.5,10905,0.9597785027472527,209.2317,206.8323,204.9127,219.7893
2025-03-03,3854792,847326810,213.0,225.5,211.0,216.0,0.5,7321,0.9597785027472527,204.4328,207.3122,202.5133,216.4301
2025-03-04,3516970,749146639,215.0,219.0,205.0,216.5,0.5,7898,0.9597785027472527,206.3524,207.792,196.7546,210.1915
2025-03-05,3070154,680152968,222.0,226.5,217.0,220.0,3.5,3701,0.9597785027472527,213.0708,211.1513,208.2719,217.3898
2025-03-06,2649266,589050648,225.5,228.0,218.5,220.0,0.0,2915,0.9597785027472527,216.4301,211.1513,209.7116,218.8295
2025-03-07,1690251,372878865,219.5,225.5,217.5,219.0,-1.0,2312,0.9597785027472527,210.6714,210.1915,208.7518,216.4301
2025-03-10,1085280,236112889,221.0,222.0,214.0,215.0,-4.0,1676,0.9597785027472527,212.111,206.3524,205.3926,213.0708
2025-03-11,1322200,277346152,207.5,214.5,204.5,212.5,-2.5,2299,0.9597785027472527,199.154,203.9529,196.2747,205.8725
2025-03-12,839589,178350928,214.0,218.5,208.0,208.0,-4.5,2413,0.9597785027472527,205.3926,199.6339,199.6339,209.7116
2025-03-13,1095974,225001744,212.5,213.5,200.5,200.5,-7.5,2174,0.9597785027472527,203.9529,192.4356,192.4356,204.9127
2025-03-14,697828,139753599,204.0,204.0,197.0,201.0,0.5,747,0.9597785027472527,195.7948,192.9155,189.0764,195.7948
2025-03-17,1589560,311172162,203.5,204.5,191.0,192.0,-9.0,2595,0.9597785027472527,195.3149,184.2775,183.3177,196.2747
2025-03-18,1036520,203071976,192.5,198.5,192.5,196.0,4.0,1054,0.9597785027472527,184.7574,188.1166,184.7574,190.516
2025-03-19,1450758,275929314,196.5,196.5,187.0,188.5,-7.5,2242,0.9597785027472527,188.5965,180.9182,179.4786,188.5965
2025-03-20,780308,149073637,191.0,192.5,188.5,190.5,2.0,879,0.9597785027472527,183.3177,182.8378,180.9182,184.7574
2025-03-21,519316,97623481,190.5,190.5,187.0,188.0,-2.5,808,0.9597785027472527,182.8378,180.4384,179.4786,182.8378
2025-03-24,640786,119710015,188.0,190.0,185.5,185.5,-2.5,838,0.9597785027472527,180.4384,178.0389,178.0389,182.3579
2025-03-25,934939,177105735,188.0,192.5,186.5,189.0,3.5,1081,0.9597785027472527,180.4384,181.3981,178.9987,184.7574
2025-03-26,625437,117521550,190.0,191.5,186.0,188.0,-1.0,1236,0.9597785027472527,182.3579,180.4384,178.5188,183.7976
2025-03-27,621553,117695268,186.5,192.5,184.0,189.0,1.0,744,0.9597785027472527,178.9987,181.3981,176.5992,184.7574
2025-03-28,2171350,389082125,188.0,188.0,173.0,176.0,-13.0,2621,0.9597785027472527,180.4384,168.921,166.0417,180.4384
2025-03-31,2670122,438400638,167.0,169.5,158.5,164.0,-12.0,2501,0.9597785027472527,160.283,157.4037,152.1249,162.6825
2025-04-01,842866,142109965,166.0,171.5,163.0,171.0,7.0,923,0.9597785027472527,159.3232,164.1221,156.4439,164.602
2025-04-02,431888,73901875,171.0,172.5,168.0,172.0,1.0,501,0.9597785027472527,164.1221,165.0819,161.2428,165.5618
2025-04-07,185595,28767225,155.0,155.0,155.0,155.0,-17.0,252,0.9597785027472527,148.7657,148.7657,148.7657,148.7657
2025-04-08,2569342,359954772,139.5,144.0,139.5,140.0,-15.0,1768,0.9597785027472527,133.8891,134.369,133.8891,138.2081
2025-04-09,2456393,319955150,139.0,139.0,126.0,126.0,-14.0,2182,0.9597785027472527,133.4092,120.9321,120.9321,133.4092
2025-04-10,130566,18083382,138.5,138.5,138.5,138.5,12.5,116,0.9597785027472527,132.9293,132.9293,132.9293,132.9293
2025-04-11,2032008,289991319,138.5,151.0,131.0,150.5,12.0,1934,0.9597785027472527,132.9293,144.4467,125.731,144.9266
2025-04-14,1740164,273141689,155.0,160.5,153.0,157.0,6.5,1927,0.9597785027472527,148.7657,150.6852,146.8461,154.0444
2025-04-15,924276,150471670,161.0,166.0,157.5,163.5,6.5,3305,0.9597785027472527,154.5243,156.9238,151.1651,159.3232
2025-04-16,766255,122782199,160.5,164.5,157.5,157.5,-6.0,782,0.9597785027472527,154.0444,151.1651,151.1651,157.8836
2025-04-17,509483,81080993,157.5,162.0,156.0,160.5,3.0,546,0.9597785027472527,151.1651,154.0444,149.7254,155.4841
2025-04-18,523901,84298326,162.5,163.5,158.0,159.0,-1.5,498,0.9597785027472527,155.964,152.6048,151.645,156.9238
2025-04-21,596586,92266975,158.0,159.0,152.0,153.0,-6.0,535,0.9597785027472527,151.645,146.8461,145.8863,152.6048
2025-04-22,605352,91209888,151.0,155.0,148.0,148.5,-4.5,622,0.9597785027472527,144.9266,142.5271,142.0472,148.7657
2025-04-23,758717,119966336,155.0,162.5,153.5,159.5,11.0,1391,0.9597785027472527,148.7657,153.0847,147.326,155.964
2025-04-24,446406,70817578,159.5,161.5,156.5,156.5,-3.0,441,0.9597785027472527,153.0847,150.2053,150.2053,155.0042
2025-04-25,782854,127853115,163.0,165.5,161.5,163.0,6.5,738,0.9597785027472527,156.4439,156.4439,155.0042,158.8433
2025-04-28,455955,74968149,165.0,166.0,162.0,164.0,1.0,414,0.9597785027472527,158.3635,157.4037,155.4841,159.3232
2025-04-29,550372,90284681,164.0,166.0,161.5,165.5,1.5,697,0.9597785027472527,157.4037,158.8433,155.0042,159.3232
2025-04-30,480502,79585337,165.5,168.0,164.0,165.0,-0.5,590,0.9597785027472527,158.8433,158.3635,157.4037,161.2428
2025-05-02,661074,112388101,167.5,172.5,167.5,169.5,4.5,695,0.9597785027472527,160.7629,162.6825,160.7629,165.5618
2025-05-05,1001686,162598337,171.0,171.0,157.0,160.5,-9.0,1548,0.9597785027472527,164.1221,154.0444,150.6852,164.1221
2025-05-06,662531,109033266,160.0,168.5,158.5,166.0,5.5,678,0.9597785027472527,153.5646,159.3232,152.1249,161.7227
2025-05-07,325480,53729496,166.0,167.5,162.5,164.5,-1.5,403,0.9597785027472527,159.3232,157.8836,155.964,160.7629
2025-05-08,251367,41946103,165.0,168.0,165.0,167.5,3.0,332,0.9597785027472527,158.3635,160.7629,158.3635,161.2428
2025-05-09,265262,44475531,167.5,170.0,166.5,167.5,0.0,323,0.9597785027472527,160.7629,160.7629,159.8031,163.1623
2025-05-12,1117953,199654482,171.0,183.0,171.0,178.0,10.5,2369,0.9597785027472527,164.1221,170.8406,164.1221,175.6395
2025-05-13,863947,154790783,182.0,183.0,176.5,179.0,1.0,1641,0.9597785027472527,174.6797,171.8004,169.4009,175.6395
2025-05-14,1364585,251056893,183.0,187.5,181.0,184.5,5.5,1822,0.9597785027472527,175.6395,177.0791,173.7199,179.9585
2025-05-15,1652850,309910568,188.0,192.5,183.5,189.5,5.0,3958,0.9597785027472527,180.4384,181.878,176.1194,184.7574
2025-05-16,1155857,217298970,189.5,192.5,184.5,186.0,-3.5,4055,0.9597785027472527,181.878,178.5188,177.0791,184.7574
2025-05-19,983204,180390756,184.5,187.5,181.0,181.5,-4.5,1519,0.9597785027472527,177.0791,174.1998,173.7199,179.9585
2025-05-20,555042,101911505,184.5,186.0,181.5,184.0,2.5,605,0.9597785027472527,177.0791,176.5992,174.1998,178.5188
2025-05-21,2203408,424303075,185.0,196.0,185.0,192.0,8.0,2946,0.9597785027472527,177.559,184.2775,177.559,188.1166
2025-05-22,979976,187532299,190.0,193.5,188.5,190.0,-2.0,4290,0.9597785027472527,182.3579,182.3579,180.9182,185.7171
2025-05-23,2851070,571958596,192.0,206.0,192.0,201.5,11.5,5387,0.9597785027472527,184.2775,193.3954,184.2775,197.7144
2025-05-26,3074048,640623124,202.5,215.0,200.5,208.0,6.5,6013,0.9597785027472527,194.3551,199.6339,192.4356,206.3524
2025-05-27,2946863,613483382,205.0,213.0,204.0,206.0,0.0,5168,0.9834183673469388,201.6008,202.5842,200.6173,209.4681
2025-05-28,2917981,618927743,209.5,216.5,204.5,213.5,7.5,3740,0.9834183673469388,206.0261,209.9598,201.1091,212.9101
2025-05-29,1994354,420936749,216.0,216.5,208.5,209.5,-4.0,4102,0.9834183673469388,212.4184,206.0261,205.0427,212.9101
2025-06-02,1222882,252080565,207.0,209.5,203.0,209.5,0.0,1892,0.9834183673469388,203.5676,206.0261,199.6339,206.0261
2025-06-03,4775209,1067214788,210.0,230.0,210.0,230.0,20.5,8818,0.9834183673469388,206.5179,226.1862,206.5179,226.1862
2025-06-04,6414947,1487024601,231.5,238.0,227.0,230.5,0.5,17537,0.9834183673469388,227.6614,226.6779,223.236,234.0536
2025-06-05,3086009,720640007,230.5,236.5,229.5,235.0,4.5,5065,0.9834183673469388,226.6779,231.1033,225.6945,232.5784
2025-06-06,1573920,368118747,234.5,238.0,229.0,238.0,3.0,4025,0.9834183673469388,230.6116,234.0536,225.2028,234.0536
2025-06-09,1524491,363618921,238.0,241.5,235.5,240.5,2.5,3544,0.9834183673469388,234.0536,236.5121,231.595,237.4955
2025-06-10,3064055,766771498,242.0,255.5,241.0,255.5,15.0,5026,0.9834183673469388,237.9872,251.2634,237.0038,251.2634
2025-06-11,3110627,794781084,253.0,262.5,246.5,261.0,5.5,6015,0.9834183673469388,248.8048,256.6722,242.4126,258.1473
2025-06-12,1678565,437280535,261.0,264.0,257.0,262.5,1.5,2019,0.9834183673469388,256.6722,258.1473,252.7385,259.6224
2025-06-13,2493878,648137175,260.0,266.0,254.0,264.5,2.0,5197,0.9834183673469388,255.6888,260.1142,249.7883,261.5893
2025-06-16,2523998,670778530,261.0,270.0,261.0,264.5,0.0,6967,0.9834183673469388,256.6722,260.1142,256.6722,265.523
2025-06-17,2797738,728956796,267.0,270.0,256.0,259.5,-5.0,10645,0.9834183673469388,262.5727,255.1971,251.7551,265.523
2025-06-18,1678760,431795259,259.5,262.0,253.0,257.5,-2.0,3581,0.9834183673469388,255.1971,253.2302,248.8048,257.6556
2025-06-19,4691232,1278376868,256.5,280.5,253.0,275.0,17.5,12740,0.9834183673469388,252.2468,270.4401,248.8048,275.8489
2025-06-20,2968100,798227380,277.5,279.0,262.5,264.0,-11.0,4118,0.9834183673469388,272.8986,259.6224,258.1473,274.3737
2025-06-23,1241512,327675993,259.0,269.0,257.0,265.5,1.5,1390,0.9834183673469388,254.7054,261.0976,252.7385,264.5395
2025-06-24,3919052,1082998982,271.5,283.0,268.0,280.5,15.0,4964,0.9834183673469388,266.9981,275.8489,263.5561,278.3074
2025-06-25,2758295,781024248,280.0,288.0,276.0,287.0,6.5,4715,0.9834183673469388,275.3571,282.2411,271.4235,283.2245
2025-06-26,1977975,563686985,287.0,293.5,279.5,281.5,-5.5,2745,0.9834183673469388,282.2411,276.8323,274.8654,288.6333
2025-06-27,1878011,514941935,282.0,283.0,268.5,274.0,-7.5,2673,0.9834183673469388,277.324,269.4566,264.0478,278.3074
2025-06-30,1088929,294297881,274.0,276.0,267.0,268.0,-6.0,2229,0.9834183673469388,269.4566,263.5561,262.5727,271.4235
2025-07-01,1881094,500641814,268.5,274.5,261.5,264.5,-3.5,2227,0.9834183673469388,264.0478,260.1142,257.1639,269.9483
2025-07-02,583042,154417402,264.5,267.5,263.0,265.0,0.5,748,0.9834183673469388,260.1142,260.6059,258.639,263.0644
2025-07-03,1432533,374495556,267.0,268.5,257.0,259.5,-5.5,1765,0.9834183673469388,262.5727,255.1971,252.7385,264.0478
2025-07-04,788600,202766784,260.0,262.5,254.5,254.5,-5.0,1067,0.9834183673469388,255.6888,250.28,250.28,258.1473
2025-07-07,1109772,281663730,252.5,259.0,248.0,251.0,-3.5,1305,0.9834183673469388,248.3131,246.838,243.8878,254.7054
2025-07-08,1119570,278329867,251.0,252.5,245.0,245.5,-5.5,1439,0.9834183673469388,246.838,241.4292,240.9375,248.3131
2025-07-09,963944,239812957,247.0,252.5,244.0,250.5,5.0,1086,0.9834183673469388,242.9043,246.3463,239.9541,248.3131
2025-07-10,1176449,291995905,252.0,253.5,245.0,245.0,-5.5,1322,0.9834183673469388,247.8214,240.9375,240.9375,249.2966
2025-07-11,996061,241648853,247.0,248.5,238.0,244.0,-1.0,1478,0.9834183673469388,242.9043,239.9541,234.0536,244.3795
2025-07-14,641102,156939217,244.5,249.0,242.5,243.0,-1.0,862,0.9834183673469388,240.4458,238.9707,238.479,244.8712
2025-07-15,1208666,293988444,244.5,249.5,239.0,241.5,-1.5,1284,0.9834183673469388,240.4458,237.4955,235.037,245.3629
2025-07-16,1727249,427948104,244.5,252.0,244.0,245.0,3.5,1900,0.9834183673469388,240.4458,240.9375,239.9541,247.8214
2025-07-17,3465397,885002398,247.0,263.0,246.0,253.5,8.5,3553,0.9834183673469388,242.9043,249.2966,241.9209,258.639
2025-07-18,4280483,1055688921,257.0,258.5,241.0,245.0,-8.5,4358,0.9834183673469388,252.7385,240.9375,237.0038,254.2136
2025-07-21,973863,238258685,248.0,248.0,243.0,245.0,0.0,1175,0.9834183673469388,243.8878,240.9375,238.9707,243.8878
2025-07-22,1993186,494355067,245.5,257.5,242.0,243.0,-2.0,2156,0.9834183673469388,241.4292,238.9707,237.9872,253.2302
2025-07-23,1422526,354854836,247.5,253.0,245.0,251.0,8.0,1756,0.9834183673469388,243.396,246.838,240.9375,248.8048
2025-07-24,1440274,356783205,255.0,256.0,243.5,247.0,-4.0,1824,0.9834183673469388,250.7717,242.9043,239.4624,251.7551
2025-07-25,473595,116219025,247.0,248.0,244.0,244.5,-2.5,574,0.9834183673469388,242.9043,240.4458,239.9541,243.8878
2025-07-28,1550970,390163420,248.0,255.0,247.0,249.0,4.5,1697,0.9834183673469388,243.8878,244.8712,242.9043,250.7717
2025-07-29,1205436,295201929,252.0,253.5,241.0,245.5,-3.5,1618,0.9834183673469388,247.8214,241.4292,237.0038,249.2966
2025-07-30,1741224,438101841,247.0,257.5,241.5,251.5,6.0,2194,0.9834183673469388,242.9043,247.3297,237.4955,253.2302
2025-07-31,1781083,454237869,251.5,259.0,250.0,256.0,4.5,2475,0.9834183673469388,247.3297,251.7551,245.8546,254.7054
2025-08-01,1545852,394019287,251.5,260.0,251.5,252.5,-3.5,2961,0.9834183673469388,247.3297,248.3131,247.3297,255.6888
2025-08-04,865041,212842515,251.0,252.0,243.5,246.0,-6.5,1165,0.9834183673469388,246.838,241.9209,239.4624,247.8214
2025-08-05,643324,161046301,247.5,252.5,247.5,251.0,5.0,775,0.9834183673469388,243.396,246.838,243.396,248.3131
2025-08-06,963020,244531013,251.0,257.0,251.0,253.0,2.0,1305,0.9834183673469388,246.838,248.8048,246.838,252.7385
2025-08-07,4471246,1179034573,252.5,268.0,252.5,268.0,15.0,6366,0.9834183673469388,248.3131,263.5561,248.3131,263.5561
2025-08-08,2117264,566529337,266.5,271.5,263.0,269.0,1.0,4895,0.9834183673469388,262.081,264.5395,258.639,266.9981
2025-08-11,1256439,334738616,271.0,271.0,260.5,268.0,-1.0,3594,0.9834183673469388,266.5064,263.5561,256.1805,266.5064
2025-08-12,1090170,287622241,270.0,270.0,261.0,262.0,-6.0,2084,0.9834183673469388,265.523,257.6556,256.6722,265.523
2025-08-13,2275944,588753935,268.0,272.0,250.0,252.0,-10.0,3209,0.9834183673469388,263.5561,247.8214,245.8546,267.4898
2025-08-14,1912811,524932647,265.0,277.0,265.0,277.0,25.0,1613,0.9834183673469388,260.6059,272.4069,260.6059,272.4069
2025-08-15,7710572,2251946077,277.0,304.5,276.0,304.5,27.5,10346,0.9834183673469388,272.4069,299.4509,271.4235,299.4509
2025-08-18,7775783,2449610644,313.5,331.5,299.0,330.0,25.5,13081,0.9834183673469388,308.3017,324.5281,294.0421,326.0032
2025-08-19,3429824,1115516855,328.5,334.5,316.5,327.5,-2.5,5809,0.9834183673469388,323.0529,322.0695,311.2519,328.9534
2025-08-20,4412463,1443945850,319.5,339.5,315.0,328.5,1.0,12728,0.9834183673469388,314.2022,323.0529,309.7768,333.8705
2025-08-21,3557732,1169088210,333.0,340.5,320.5,321.0,-7.5,7525,0.9834183673469388,327.4783,315.6773,315.1856,334.854
2025-08-22,2465726,804254355,321.0,336.0,316.0,323.0,2.0,4654,0.9834183673469388,315.6773,317.6441,310.7602,330.4286
2025-08-25,2409298,801177276,335.0,339.0,327.0,330.0,7.0,8354,0.9834183673469388,329.4452,324.5281,321.5778,333.3788
2025-08-26,1749357,580840137,330.0,341.0,322.5,341.0,11.0,2702,0.9834183673469388,324.5281,335.3457,317.1524,335.3457
2025-08-27,2893120,1049440722,358.5,375.0,344.0,375.0,34.0,3107,0.9834183673469388,352.5555,368.7819,338.2959,368.7819
2025-08-28,5334009,2059709415,381.0,397.0,374.0,387.0,12.0,6230,0.9834183673469388,374.6824,380.5829,367.7985,390.4171
2025-08-29,4538383,1779975957,392.0,409.0,379.5,382.0,-5.0,5758,0.9834183673469388,385.5,375.6658,373.2073,402.2181
2025-09-01,4338072,1698252731,382.5,404.5,377.0,391.5,9.5,5430,0.9834183673469388,376.1575,385.0083,370.7487,397.7927
2025-09-02,3054204,1185139959,393.5,401.0,375.0,388.5,-3.0,4294,0.9834183673469388,386.9751,382.058,368.7819,394.3508
2025-09-03,2890230,1157930308,386.5,409.5,386.5,407.5,19.0,3987,0.9834183673469388,380.0912,400.743,380.0912,402.7098
2025-09-04,2905816,1156201091,407.0,414.5,386.0,388.0,-19.5,4464,0.9834183673469388,400.2513,381.5663,379.5995,407.6269
2025-09-05,3416251,1415943069,395.0,426.5,394.0,426.5,38.5,5148,0.9834183673469388,388.4503,419.4279,387.4668,419.4279
2025-09-08,3799782,1642708721,431.0,446.0,421.5,426.0,-0.5,5239,0.9834183673469388,423.8533,418.9362,414.5108,438.6046
2025-09-09,1844177,773617027,425.5,429.5,413.5,416.0,-10.0,3046,0.9834183673469388,418.4445,409.102,406.6435,422.3782
2025-09-10,3160895,1287293429,422.0,424.5,396.5,407.0,-9.0,5105,0.9834183673469388,415.0026,400.2513,389.9254,417.4611
2025-09-11,1889622,775457453,411.0,417.5,400.5,407.0,0.0,2640,0.9834183673469388,404.1849,400.2513,393.8591,410.5772
2025-09-12,3551899,1496597084,410.0,435.5,408.0,412.5,5.5,4359,0.9834183673469388,403.2015,405.6601,401.2347,428.2787
2025-09-15,1886493,753715493,415.0,415.0,393.0,394.0,-18.5,3416,0.9834183673469388,408.1186,387.4668,386.4834,408.1186
2025-09-16,1424483,557508822,401.0,401.0,384.0,390.5,-3.5,2311,0.9834183673469388,394.3508,384.0249,377.6327,394.3508
2025-09-17,1381406,527643777,388.0,390.5,378.5,380.0,-10.5,2544,0.9834183673469388,381.5663,373.699,372.2239,384.0249
2025-09-18,1308259,488112748,381.0,383.5,367.0,371.5,-8.5,2770,0.9834183673469388,374.6824,365.3399,360.9145,377.1409
2025-09-19,1456690,551594433,374.0,386.5,365.0,381.0,9.5,2031,0.9834183673469388,367.7985,374.6824,358.9477,380.0912
2025-09-22,1013227,388716139,383.0,393.5,375.0,378.5,-2.5,1723,0.9834183673469388,376.6492,372.2239,368.7819,386.9751
2025-09-23,2397692,949547284,380.5,407.5,380.5,399.0,20.5,3403,0.9834183673469388,374.1907,392.3839,374.1907,400.743
2025-09-24,2611247,1024503703,392.5,407.0,382.0,390.0,-9.0,3452,0.9834183673469388,385.9917,383.5332,375.6658,400.2513
2025-09-25,2666955,1075790522,390.0,413.5,387.0,402.5,12.5,3543,0.9834183673469388,383.5332,395.8259,380.5829,406.6435
2025-09-26,1776568,690488666,400.0,406.5,382.5,388.5,-14.0,2788,0.9834183673469388,393.3673,382.058,376.1575,399.7596
2025-09-30,1310998,520466797,393.5,407.5,392.0,392.5,4.0,1734,0.9834183673469388,386.9751,385.9917,385.5,400.743
2025-10-01,773777,309095014,400.0,405.0,395.0,399.0,6.5,1155,0.9834183673469388,393.3673,392.3839,388.4503,398.2844
2025-10-02,1955610,764570543,405.0,407.0,381.5,381.5,-17.5,3856,0.9834183673469388,398.2844,375.1741,375.1741,400.2513
2025-10-03,1681780,644429341,383.5,390.0,378.0,386.0,4.5,2123,0.9834183673469388,377.1409,379.5995,371.7321,383.5332
2025-10-07,1721769,671082193,392.0,398.0,384.0,389.0,3.0,2327,0.9834183673469388,385.5,382.5497,377.6327,391.4005
2025-10-08,1057097,405872744,389.0,389.0,379.0,386.0,-3.0,1536,0.9834183673469388,382.5497,379.5995,372.7156,382.5497
2025-10-09,1076622,410826551,387.0,388.5,377.0,385.0,-1.0,1913,0.9834183673469388,380.5829,378.6161,370.7487,382.058
2025-10-13,1146082,426844035,363.0,380.0,361.0,375.0,-10.0,2058,0.9834183673469388,356.9809,368.7819,355.014,373.699
2025-10-14,1810436,693422944,378.0,395.0,369.0,370.5,-4.5,2512,0.9834183673469388,371.7321,364.3565,362.8814,388.4503
2025-10-15,895176,340280849,372.5,387.0,371.0,386.5,16.0,1283,0.9834183673469388,366.3233,380.0912,364.8482,380.5829
2025-10-16,2182861,825936445,388.5,389.0,370.0,375.0,-11.5,3844,0.9834183673469388,382.058,368.7819,363.8648,382.5497
2025-10-17,1486522,542324428,374.0,375.0,361.5,362.0,-13.0,3299,0.9834183673469388,367.7985,355.9974,355.5057,368.7819
2025-10-20,1074116,387642634,365.5,368.0,356.0,360.0,-2.0,1639,0.9834183673469388,359.4394,354.0306,350.0969,361.898
2025-10-21,2204354,779202772,363.0,365.0,349.5,352.5,-7.5,4038,0.9834183673469388,356.9809,346.655,343.7047,358.9477
2025-10-22,942200,337831617,355.0,363.0,350.0,358.0,5.5,1349,0.9834183673469388,349.1135,352.0638,344.1964,356.9809
2025-10-23,444056,159761142,357.5,362.5,357.0,358.0,0.0,863,0.9834183673469388,351.5721,352.0638,351.0804,356.4892
2025-10-27,473310,170872639,362.5,364.5,359.0,359.5,1.5,729,0.9834183673469388,356.4892,353.5389,353.0472,358.456
2025-10-28,739070,269059527,363.0,368.0,359.0,364.0,4.5,1038,0.9834183673469388,356.9809,357.9643,353.0472,361.898
2025-10-29,1226236,459359928,369.5,380.0,369.5,375.0,11.0,1760,0.9834183673469388,363.3731,368.7819,363.3731,373.699
2025-10-30,749541,278933480,375.5,378.0,366.5,368.5,-6.5,1342,0.9834183673469388,369.2736,362.3897,360.4228,371.7321
2025-10-31,1415885,540882815,368.5,393.0,365.0,381.5,13.0,2255,0.9834183673469388,362.3897,375.1741,358.9477,386.4834
2025-11-03,667820,254221672,383.5,387.0,375.0,381.5,0.0,1604,0.9834183673469388,377.1409,375.1741,368.7819,380.5829
2025-11-04,721490,274461815,383.0,387.0,374.5,377.0,-4.5,1369,0.9834183673469388,376.6492,370.7487,368.2902,380.5829
2025-11-05,1210376,451949952,370.0,385.0,361.0,383.0,6.0,1966,0.9834183673469388,363.8648,376.6492,355.014,378.6161
2025-11-06,919957,353959070,385.0,389.5,379.5,384.5,1.5,1374,0.9834183673469388,378.6161,378.1244,373.2073,383.0415
2025-11-07,1313174,486863166,380.0,381.0,365.0,367.5,-17.0,2470,0.9834183673469388,373.699,361.4062,358.9477,374.6824
2025-11-10,818891,299036601,367.5,371.0,357.5,362.0,-5.5,1401,0.9834183673469388,361.4062,355.9974,351.5721,364.8482
2025-11-11,608865,221238061,365.0,369.5,360.5,362.5,0.5,1093,0.9834183673469388,358.9477,356.4892,354.5223,363.3731
2025-11-12,933483,333181883,362.5,368.5,352.0,353.0,-9.5,2104,0.9834183673469388,356.4892,347.1467,346.1633,362.3897
2025-11-13,1207039,418332812,350.5,351.5,342.5,344.5,-8.5,2029,0.9834183673469388,344.6881,338.7876,336.8208,345.6716
2025-11-14,778831,267034549,339.0,347.0,336.5,344.0,-0.5,1128,0.9834183673469388,333.3788,338.2959,330.9203,341.2462
2025-11-17,579480,197620426,346.5,350.5,333.5,333.5,-10.5,1234,0.9834183673469388,340.7545,327.97,327.97,344.6881
2025-11-18,1505318,486071642,329.0,334.5,316.5,317.0,-16.5,2434,0.9834183673469388,323.5446,311.7436,311.2519,328.9534
2025-11-19,1333934,421668815,318.5,325.5,312.0,315.5,-1.5,2136,0.9834183673469388,313.2188,310.2685,306.8265,320.1027
2025-11-20,1461720,463354216,325.0,325.5,313.0,317.0,1.5,2567,0.9834183673469388,319.611,311.7436,307.8099,320.1027
2025-11-21,700281,217244184,313.0,314.0,307.0,311.0,-6.0,1008,0.9834183673469388,307.8099,305.8431,301.9094,308.7934
2025-11-24,375397,117241144,313.5,315.0,308.0,313.0,2.0,573,0.9834183673469388,308.3017,307.8099,302.8929,309.7768
2025-11-25,272722,86673453,316.5,319.0,316.0,318.0,5.0,474,0.9834183673469388,311.2519,312.727,310.7602,313.7105
2025-11-26,777789,259073884,320.0,340.5,320.0,335.0,17.0,1218,0.9834183673469388,314.6939,329.4452,314.6939,334.854
2025-11-27,484715,165744262,335.0,346.5,335.0,341.5,6.5,744,0.9834183673469388,329.4452,335.8374,329.4452,340.7545
2025-11-28,730739,250755711,345.0,352.0,336.5,337.0,-4.5,1151,0.9834183673469388,339.2793,331.412,330.9203,346.1633
2025-12-01,536182,177831360,337.0,342.5,328.0,328.5,-8.5,1023,0.9834183673469388,331.412,323.0529,322.5612,336.8208
2025-12-02,591097,199333152,335.0,344.0,330.5,334.0,5.5,918,0.9834183673469388,329.4452,328.4617,325.0198,338.2959
2025-12-03,341245,114873259,337.5,342.5,333.5,333.5,-0.5,475,0.9834183673469388,331.9037,327.97,327.97,336.8208
2025-12-04,360066,119762558,334.5,337.5,330.0,330.5,-3.0,562,0.9834183673469388,328.9534,325.0198,324.5281,331.9037
2025-12-05,438554,144567144,329.0,334.0,327.0,330.5,0.0,786,0.9834183673469388,323.5446,325.0198,321.5778,328.4617
2025-12-08,507166,165247239,329.0,329.5,322.0,325.0,-5.5,1043,0.9834183673469388,323.5446,319.611,316.6607,324.0364
2025-12-09,378758,123778118,326.0,330.5,322.5,327.5,2.5,1062,0.9834183673469388,320.5944,322.0695,317.1524,325.0198
2025-12-10,290989,95138265,328.0,332.0,325.0,325.0,-2.5,1041,0.9834183673469388,322.5612,319.611,319.611,326.4949
2025-12-11,795356,262309664,330.5,335.5,325.5,326.0,1.0,1844,0.9834183673469388,325.0198,320.5944,320.1027,329.9369
2025-12-12,1467541,505253548,332.0,355.0,332.0,345.0,19.0,2366,0.9834183673469388,326.4949,339.2793,326.4949,349.1135
2025-12-15,926109,314412756,339.0,343.0,333.5,339.5,-5.5,1269,0.9834183673469388,333.3788,333.8705,327.97,337.3125
2025-12-16,626865,207626349,336.0,339.5,326.0,326.0,-13.5,1218,0.9834183673469388,330.4286,320.5944,320.5944,333.8705
2025-12-17,755573,243948127,328.0,330.0,318.0,318.5,-7.5,1351,0.9834183673469388,322.5612,313.2188,312.727,324.5281
2025-12-18,529925,168183187,317.0,323.5,314.0,316.0,-2.5,660,0.9834183673469388,311.7436,310.7602,308.7934,318.1358
2025-12-19,1017339,339301491,320.0,342.0,320.0,339.5,23.5,1409,0.9834183673469388,314.6939,333.8705,314.6939,336.3291
2025-12-22,957972,329713092,346.0,351.0,339.5,341.0,1.5,1296,0.9834183673469388,340.2628,335.3457,333.8705,345.1798
2025-12-23,472070,163400184,347.0,350.0,342.0,345.0,4.0,800,0.9834183673469388,341.2462,339.2793,336.3291,344.1964
2025-12-24,531462,181686726,350.0,351.0,337.0,340.0,-5.0,882,0.9834183673469388,344.1964,334.3622,331.412,345.1798
2025-12-26,257172,87139288,342.5,344.5,334.5,337.0,-3.0,514,0.9834183673469388,336.8208,331.412,328.9534,338.7876
2025-12-29,391325,132983317,338.5,345.0,335.0,338.0,1.0,603,0.9834183673469388,332.8871,332.3954,329.4452,339.2793
2025-12-30,387737,129514506,339.0,339.0,331.0,334.0,-4.0,662,0.9834183673469388,333.3788,328.4617,325.5115,333.3788
2025-12-31,1267638,441550363,338.5,353.5,338.0,347.0,13.0,1753,0.9834183673469388,332.8871,341.2462,332.3954,347.6384
2026-01-02,1980054,741727800,351.5,381.5,351.5,381.5,34.5,2787,0.9834183673469388,345.6716,375.1741,345.6716,375.1741
2026-01-05,5339546,2122268048,401.5,410.0,382.5,385.5,4.0,7633,0.9834183673469388,394.8425,379.1078,376.1575,403.2015
2026-01-06,3055085,1143524065,390.0,392.0,365.5,369.0,-16.5,5536,0.9834183673469388,383.5332,362.8814,359.4394,385.5
2026-01-07,1496667,546777501,370.0,374.5,360.5,361.5,-7.5,2751,0.9834183673469388,363.8648,355.5057,354.5223,368.2902
2026-01-08,2350075,874083982,362.5,385.5,360.5,369.5,8.0,2925,0.9834183673469388,356.4892,363.3731,354.5223,379.1078
2026-01-09,1291137,473931390,370.5,378.0,362.0,365.0,-4.5,1990,0.9834183673469388,364.3565,358.9477,355.9974,371.7321
2026-01-12,1582026,569457494,366.0,369.5,355.5,356.0,-9.0,2926,0.9834183673469388,359.9311,350.0969,349.6052,363.3731
2026-01-13,1701356,616705789,357.5,373.0,352.0,369.0,13.0,2359,0.9834183673469388,351.5721,362.8814,346.1633,366.8151
2026-01-14,911657,331637347,369.0,370.0,360.0,365.0,-4.0,1764,0.9834183673469388,362.8814,358.9477,354.0306,363.8648
2026-01-15,558482,202585766,365.5,366.0,359.0,365.0,0.0,972,0.9834183673469388,359.4394,358.9477,353.0472,359.9311
2026-01-16,1357139,489312709,370.5,372.0,355.0,355.5,-9.5,2519,0.9834183673469388,364.3565,349.6052,349.1135,365.8316
2026-01-19,1230999,434333553,355.5,364.0,348.0,350.5,-5.0,2304,0.9834183673469388,349.6052,344.6881,342.2296,357.9643
2026-01-20,472823,166689299,351.5,355.5,349.0,354.0,3.5,827,0.9834183673469388,345.6716,348.1301,343.213,349.6052
2026-01-21,712863,247996151,350.5,355.0,344.5,345.0,-9.0,1772,0.9834183673469388,344.6881,339.2793,338.7876,349.1135
2026-01-22,1360969,463674287,349.0,351.5,334.0,336.5,-8.5,2899,0.9834183673469388,343.213,330.9203,328.4617,345.6716
2026-01-23,1143060,386098222,339.0,347.5,334.5,336.0,-0.5,1655,0.9834183673469388,333.3788,330.4286,328.9534,341.7379
2026-01-26,1541098,508082767,341.0,343.5,324.5,328.5,-7.5,3212,0.9834183673469388,335.3457,323.0529,319.1193,337.8042
2026-01-27,1217234,403059393,329.5,339.0,324.0,330.5,2.0,1881,0.9834183673469388,324.0364,325.0198,318.6276,333.3788
2026-01-28,917458,306419411,331.0,338.0,330.0,334.0,3.5,1654,0.9834183673469388,325.5115,328.4617,324.5281,332.3954
2026-01-29,1102867,371714708,335.0,342.5,329.5,335.5,1.5,1463,0.9834183673469388,329.4452,329.9369,324.0364,336.8208
2026-01-30,645254,213685009,336.5,336.5,326.5,329.5,-6.0,1029,0.9834183673469388,330.9203,324.0364,321.0861,330.9203
2026-02-02,554628,182770153,328.0,336.5,322.0,329.5,0.0,904,0.9834183673469388,322.5612,324.0364,316.6607,330.9203
2026-02-03,941959,317902358,334.0,344.0,328.0,342.0,12.5,1500,0.9834183673469388,328.4617,336.3291,322.5612,338.2959
2026-02-04,1045675,362689439,343.5,352.5,338.0,349.5,7.5,1505,0.9834183673469388,337.8042,343.7047,332.3954,346.655
2026-02-05,1859998,665120479,344.0,368.5,344.0,350.5,1.0,2747,0.9834183673469388,338.2959,344.6881,338.2959,362.3897
2026-02-06,1179198,400276032,349.0,350.0,325.0,348.5,-2.0,1804,0.9834183673469388,343.213,342.7213,319.611,344.1964
2026-02-09,1043561,371838470,356.5,362.5,348.5,358.5,10.0,1443,0.9834183673469388,350.5886,352.5555,342.7213,356.4892
2026-02-10,3501790,1326947358,358.0,386.0,358.0,381.0,22.5,4935,0.9834183673469388,352.0638,374.6824,352.0638,379.5995
2026-02-11,2154949,839480541,381.0,396.0,381.0,388.5,7.5,3074,0.9834183673469388,374.6824,382.058,374.6824,389.4337
2026-02-23,2411666,978253258,398.0,417.0,391.5,409.5,21.0,3576,0.9834183673469388,391.4005,402.7098,385.0083,410.0855
2026-02-24,2437712,1053296264,405.5,443.5,405.5,441.0,31.5,3792,0.9834183673469388,398.7761,433.6875,398.7761,436.146
2026-02-25,2337485,1046813630,441.5,457.0,437.0,450.0,9.0,3392,0.9834183673469388,434.1792,442.5383,429.7538,449.4222
2026-02-26,3990772,1676586180,445.0,448.0,405.0,424.5,-25.5,5708,0.9834183673469388,437.6212,417.4611,398.2844,440.5714
2026-03-02,2954224,1155603944,392.5,405.5,385.0,391.5,-33.0,13025,0.9834183673469388,385.9917,385.0083,378.6161,398.7761
2026-03-03,3314338,1333390191,397.0,419.0,386.5,388.0,-3.5,4658,0.9834183673469388,390.4171,381.5663,380.0912,412.0523
2026-03-04,2349672,902149948,390.0,396.5,371.5,382.0,-6.0,3462,0.9834183673469388,383.5332,375.6658,365.3399,389.9254
2026-03-05,1614748,645217977,402.0,410.5,389.5,400.5,18.5,2646,0.9834183673469388,395.3342,393.8591,383.0415,403.6932
2026-03-06,1108966,439515698,399.5,407.5,390.0,392.0,-8.5,1842,0.9834183673469388,392.8756,385.5,383.5332,400.743
2026-03-09,1479063,526236481,356.5,364.5,353.0,353.0,-39.0,2688,0.9834183673469388,350.5886,347.1467,347.1467,358.456
2026-03-10,1319142,488155239,367.0,377.0,360.5,371.0,18.0,1696,0.9834183673469388,360.9145,364.8482,354.5223,370.7487
2026-03-11,783095,299441658,378.5,389.5,375.5,383.0,12.0,1332,0.9834183673469388,372.2239,376.6492,369.2736,383.0415
2026-03-12,1660337,657924284,383.0,402.0,380.0,402.0,19.0,2328,0.9834183673469388,376.6492,395.3342,373.699,395.3342
2026-03-13,1147286,456368455,400.0,404.0,392.5,394.5,-7.5,1988,0.9834183673469388,393.3673,387.9585,385.9917,397.301
2026-03-16,1555208,626577534,398.5,410.5,394.0,399.5,5.0,2122,0.9834183673469388,391.8922,392.8756,387.4668,403.6932
2026-03-17,1365355,555252466,404.0,417.0,397.0,401.5,2.0,2382,0.9834183673469388,397.301,394.8425,390.4171,410.0855
2026-03-18,663127,266394410,410.5,411.0,398.0,399.0,-2.5,1310,0.9834183673469388,403.6932,392.3839,391.4005,404.1849
2026-03-19,1005905,399760965,399.5,406.0,391.0,392.0,-7.0,1995,0.9834183673469388,392.8756,385.5,384.5166,399.2679
2026-03-20,2378278,902935294,387.5,392.0,375.5,378.5,0.0,1815,1.0,387.5,378.5,375.5,392.0
2026-03-23,850050,308255919,370.0,374.0,354.0,355.5,-23.0,2329,1.0,370.0,355.5,354.0,374.0
2026-03-24,678883,243674858,362.0,368.0,351.0,356.0,0.5,1139,1.0,362.0,356.0,351.0,368.0
2026-03-25,658237,243650960,369.0,378.0,364.5,367.0,11.0,1053,1.0,369.0,367.0,364.5,378.0
2026-03-26,633548,232506897,372.0,379.0,358.0,358.0,-9.0,1564,1.0,372.0,358.0,358.0,379.0
2026-03-27,688233,242197762,350.5,356.5,346.0,356.5,-1.5,1408,1.0,350.5,356.5,346.0,356.5
2026-03-30,734498,250006029,348.0,349.0,334.5,341.5,-15.0,1795,1.0,348.0,341.5,334.5,349.0
2026-03-31,751985,251034868,341.5,345.0,328.0,330.0,-11.5,1405,1.0,341.5,330.0,328.0,345.0
2026-04-01,1166519,415704214,341.0,363.0,340.0,361.0,31.0,2376,1.0,341.0,361.0,340.0,363.0
2026-04-02,1444956,523169149,363.0,372.5,355.0,357.0,-4.0,1737,1.0,363.0,357.0,355.0,372.5
2026-04-07,688880,250947806,368.0,374.5,356.5,356.5,-0.5,1099,1.0,368.0,356.5,356.5,374.5
2026-04-08,1422580,552219436,370.0,392.0,369.5,392.0,35.5,2393,1.0,370.0,392.0,369.5,392.0
2026-04-09,1794211,729775884,395.0,417.0,395.0,401.0,9.0,2957,1.0,395.0,401.0,395.0,417.0
2026-04-10,980168,391941374,406.5,411.0,391.0,396.5,-4.5,2076,1.0,406.5,396.5,391.0,411.0
2026-04-13,805390,320877337,393.5,404.0,387.0,400.0,3.5,1231,1.0,393.5,400.0,387.0,404.0
2026-04-14,758230,304392299,406.0,407.0,397.5,402.5,2.5,1297,1.0,406.0,402.5,397.5,407.0
2026-04-15,1598451,670465423,410.0,426.5,407.0,420.0,17.5,2912,1.0,410.0,420.0,407.0,426.5
2026-04-16,1268532,538764413,420.0,430.0,412.0,429.5,9.5,2035,1.0,420.0,429.5,412.0,430.0
2026-04-17,1248445,548124697,425.0,451.5,421.0,443.0,13.5,2091,1.0,425.0,443.0,421.0,451.5
2026-04-20,960053,437675110,450.0,462.0,449.0,456.5,13.5,1922,1.0,450.0,456.5,449.0,462.0
2026-04-21,664157,303519370,456.5,462.5,450.0,462.0,5.5,1474,1.0,456.5,462.0,450.0,462.5
2026-04-22,1744877,823391563,466.0,499.5,451.0,453.0,-9.0,10830,1.0,466.0,453.0,451.0,499.5
2026-04-23,1373879,617388079,455.5,467.0,434.0,445.0,-8.0,4128,1.0,455.5,445.0,434.0,467.0
2026-04-24,1211891,525380789,449.0,458.5,422.0,424.0,-21.0,10037,1.0,449.0,424.0,422.0,458.5
2026-04-27,580978,245705870,435.0,438.0,412.0,420.5,-3.5,2713,1.0,435.0,420.5,412.0,438.0
2026-04-28,695464,293964991,424.5,433.0,413.5,428.0,7.5,1359,1.0,424.5,428.0,413.5,433.0
2026-04-29,1360052,611363590,430.5,461.5,418.0,461.5,33.5,2633,1.0,430.5,461.5,418.0,461.5
2026-04-30,1084762,489644588,464.0,467.5,440.5,444.5,-17.0,6657,1.0,464.0,444.5,440.5,467.5
2026-05-04,705386,309549278,451.0,452.0,431.5,433.5,-11.0,2040,1.0,451.0,433.5,431.5,452.0
2026-05-05,559473,238149956,434.0,434.0,422.0,428.5,-5.0,1497,1.0,434.0,428.5,422.0,434.0
2026-05-06,1078555,444600173,432.5,433.5,400.0,413.5,-15.0,2535,1.0,432.5,413.5,400.0,433.5
2026-05-07,1259598,503528933,420.0,420.5,394.0,398.5,-15.0,3517,1.0,420.0,398.5,394.0,420.5
2026-05-08,1110916,454939950,396.5,424.5,396.5,408.0,9.5,1880,1.0,396.5,408.0,396.5,424.5
2026-05-11,784081,324840878,412.0,424.5,403.5,414.5,6.5,1361,1.0,412.0,414.5,403.5,424.5
2026-05-12,1633093,698754583,422.0,445.0,414.5,433.0,18.5,2519,1.0,422.0,433.0,414.5,445.0
2026-05-13,708253,296162871,426.5,428.0,412.0,415.5,-17.5,1870,1.0,426.5,415.5,412.0,428.0
