Date,Capacity,Turnover,Open,High,Low,Close,Change,Transaction,AdjFactor,Open_adj,Close_adj,Low_adj,High_adj
2020-05-04,183400,7631588,42.0,42.0,41.45,41.55,-0.7,157,0.8094750664931236,33.998,33.6337,33.5527,33.998
2020-05-05,107175,4456150,41.5,41.7,41.45,41.7,0.15,62,0.8094750664931236,33.5932,33.7551,33.5527,33.7551
2020-05-06,111080,4678950,41.7,42.5,41.7,42.3,0.6,92,0.8094750664931236,33.7551,34.2408,33.7551,34.4027
2020-05-07,79226,3380472,42.3,42.85,42.3,42.55,0.25,71,0.8094750664931236,34.2408,34.4432,34.2408,34.686
2020-05-08,81475,3469780,42.65,42.9,42.3,42.6,0.05,69,0.8094750664931236,34.5241,34.4836,34.2408,34.7265
2020-05-11,50224,2138152,42.1,42.9,42.1,42.65,0.05,57,0.8094750664931236,34.0789,34.5241,34.0789,34.7265
2020-05-12,68749,2904958,42.6,42.65,42.05,42.2,-0.45,79,0.8094750664931236,34.4836,34.1598,34.0384,34.5241
2020-05-13,39049,1646425,42.2,42.35,42.05,42.15,-0.05,37,0.8094750664931236,34.1598,34.1194,34.0384,34.2813
2020-05-14,70444,2966225,42.3,42.45,42.0,42.05,-0.1,61,0.8094750664931236,34.2408,34.0384,33.998,34.3622
2020-05-15,42021,1765040,42.05,42.1,41.95,42.0,-0.05,38,0.8094750664931236,34.0384,33.998,33.9575,34.0789
2020-05-18,76188,3173247,41.5,41.85,41.5,41.65,-0.35,69,0.8094750664931236,33.5932,33.7146,33.5932,33.8765
2020-05-19,41552,1735564,41.65,42.05,41.65,42.05,0.4,40,0.8094750664931236,33.7146,34.0384,33.7146,34.0384
2020-05-20,80130,3366674,42.05,42.1,41.9,41.95,-0.1,55,0.8094750664931236,34.0384,33.9575,33.917,34.0789
2020-05-21,52958,2224530,42.0,42.1,41.9,41.95,0.0,48,0.8094750664931236,33.998,33.9575,33.917,34.0789
2020-05-22,148033,6171199,42.05,42.05,41.25,41.7,-0.25,114,0.8094750664931236,34.0384,33.7551,33.3908,34.0384
2020-05-25,83010,3445170,41.7,41.8,41.3,41.8,0.1,53,0.8094750664931236,33.7551,33.8361,33.4313,33.8361
2020-05-26,84021,3524924,41.85,42.1,41.8,42.05,0.25,63,0.8094750664931236,33.8765,34.0384,33.8361,34.0789
2020-05-27,45536,1911012,42.05,42.05,41.9,42.0,-0.05,45,0.8094750664931236,34.0384,33.998,33.917,34.0384
2020-05-28,74322,3126005,42.0,42.2,41.9,42.0,0.0,70,0.8094750664931236,33.998,33.998,33.917,34.1598
2020-05-29,79500,3360674,42.0,42.35,42.0,42.2,0.2,67,0.8094750664931236,33.998,34.1598,33.998,34.2813
2020-06-01,306218,13188142,42.2,43.85,42.2,43.8,1.6,223,0.8094750664931236,34.1598,35.455,34.1598,35.4955
2020-06-02,308758,13558627,43.8,44.85,42.9,44.4,0.6,258,0.8094750664931236,35.455,35.9407,34.7265,36.305
2020-06-03,1170986,55802530,45.9,48.8,45.9,47.3,2.9,847,0.8094750664931236,37.1549,38.2882,37.1549,39.5024
2020-06-04,1081726,53086814,48.8,50.3,47.6,48.85,1.55,797,0.8094750664931236,39.5024,39.5429,38.531,40.7166
2020-06-05,2874003,151355247,49.65,53.7,49.5,53.7,4.85,1901,0.8094750664931236,40.1904,43.4688,40.069,43.4688
2020-06-08,4400694,253388567,54.0,59.0,53.9,56.4,2.7,2882,0.8094750664931236,43.7117,45.6544,43.6307,47.759
2020-06-09,2246600,119114611,56.4,56.4,52.0,52.5,-3.9,1564,0.8094750664931236,45.6544,42.4974,42.0927,45.6544
2020-06-10,1355764,68268786,51.5,52.2,49.05,49.75,-2.75,1070,0.8094750664931236,41.688,40.2714,39.7048,42.2546
2020-06-11,1728079,88096023,49.75,52.5,49.05,49.85,0.1,1294,0.8094750664931236,40.2714,40.3523,39.7048,42.4974
2020-06-12,622051,29774494,46.6,48.6,46.6,48.05,-1.8,508,0.8094750664931236,37.7215,38.8953,37.7215,39.3405
2020-06-15,879083,44121434,48.9,51.5,48.25,49.15,1.1,690,0.8094750664931236,39.5833,39.7857,39.0572,41.688
2020-06-16,446216,22402866,50.1,51.4,49.6,49.6,0.45,357,0.8094750664931236,40.5547,40.15,40.15,41.607
2020-06-17,439865,21575753,50.3,50.3,48.6,49.0,-0.6,351,0.8094750664931236,40.7166,39.6643,39.3405,40.7166
2020-06-18,373791,18200469,49.5,49.5,48.5,48.6,-0.4,317,0.8094750664931236,40.069,39.3405,39.2595,40.069
2020-06-19,863417,43391432,49.3,51.3,49.0,50.9,2.3,674,0.8094750664931236,39.9071,41.2023,39.6643,41.5261
2020-06-22,499225,24906550,51.0,51.0,49.2,49.5,-1.4,403,0.8094750664931236,41.2832,40.069,39.8262,41.2832
2020-06-23,1855256,96884584,49.5,53.8,48.7,53.7,4.2,1421,0.8094750664931236,40.069,43.4688,39.4214,43.5498
2020-06-24,3782182,211435484,55.3,57.2,55.0,55.1,1.4,2811,0.8094750664931236,44.764,44.6021,44.5211,46.302
2020-06-29,959434,50710884,54.0,54.2,51.6,52.2,-2.9,720,0.8094750664931236,43.7117,42.2546,41.7689,43.8735
2020-06-30,462829,24148138,53.0,53.4,51.3,51.3,-0.9,352,0.8094750664931236,42.9022,41.5261,41.5261,43.226
2020-07-01,276807,14425539,51.0,53.0,51.0,52.1,0.8,239,0.8094750664931236,41.2832,42.1737,41.2832,42.9022
2020-07-02,348893,18026187,51.2,52.5,51.2,51.5,-0.6,276,0.8094750664931236,41.4451,41.688,41.4451,42.4974
2020-07-03,421918,21606018,52.4,52.4,50.8,51.0,-0.5,331,0.8094750664931236,42.4165,41.2832,41.1213,42.4165
2020-07-06,375500,19406847,51.0,52.6,51.0,51.7,0.7,310,0.8094750664931236,41.2832,41.8499,41.2832,42.5784
2020-07-07,670553,33900200,51.8,52.1,49.85,50.1,-1.6,497,0.8094750664931236,41.9308,40.5547,40.3523,42.1737
2020-07-08,439310,21973050,49.55,51.0,49.55,49.95,-0.15,363,0.8094750664931236,40.1095,40.4333,40.1095,41.2832
2020-07-09,464601,23712951,50.4,51.9,50.1,50.8,0.85,374,0.8094750664931236,40.7975,41.1213,40.5547,42.0118
2020-07-10,258600,12948326,50.8,50.8,49.85,50.0,-0.8,209,0.8094750664931236,41.1213,40.4738,40.3523,41.1213
2020-07-13,245800,12268850,50.9,50.9,49.0,49.9,-0.1,220,0.8094750664931236,41.2023,40.3928,39.6643,41.2023
2020-07-14,186630,9309600,50.0,50.3,49.65,49.8,-0.1,157,0.8094750664931236,40.4738,40.3119,40.1904,40.7166
2020-07-15,454738,22423345,49.8,50.0,49.0,49.0,-0.8,345,0.8094750664931236,40.3119,39.6643,39.6643,40.4738
2020-07-16,256112,12505638,48.75,49.3,48.7,48.85,-0.15,203,0.8094750664931236,39.4619,39.5429,39.4214,39.9071
2020-07-17,458192,22019819,48.85,48.85,47.6,47.7,-1.15,376,0.8094750664931236,39.5429,38.612,38.531,39.5429
2020-07-20,196148,9492776,47.7,49.1,47.3,49.0,1.3,157,0.8094750664931236,38.612,39.6643,38.2882,39.7452
2020-07-21,219500,10878600,49.2,49.9,49.2,49.7,0.7,180,0.8094750664931236,39.8262,40.2309,39.8262,40.3928
2020-07-22,158309,7839249,50.0,50.1,49.15,49.15,-0.55,133,0.8094750664931236,40.4738,39.7857,39.7857,40.5547
2020-07-23,145307,7119123,49.25,49.65,48.75,48.9,-0.25,117,0.8094750664931236,39.8666,39.5833,39.4619,40.1904
2020-07-24,191256,9209889,49.5,49.5,47.95,48.0,-0.9,174,0.8094750664931236,40.069,38.8548,38.8143,40.069
2020-07-27,448659,21114684,48.0,48.25,46.3,46.5,-1.5,317,0.8094750664931236,38.8548,37.6406,37.4787,39.0572
2020-07-28,347742,15996132,46.3,46.85,45.5,45.5,-1.0,250,0.8094750664931236,37.4787,36.8311,36.8311,37.9239
2020-07-29,218260,10160242,45.5,47.4,45.5,46.5,1.0,164,0.8094750664931236,36.8311,37.6406,36.8311,38.3691
2020-07-30,68668,3224527,46.75,47.45,46.6,47.0,0.5,72,0.8094750664931236,37.843,38.0453,37.7215,38.4096
2020-07-31,65396,3091057,47.1,47.7,47.0,47.5,0.5,59,0.8094750664931236,38.1263,38.4501,38.0453,38.612
2020-08-03,81050,3818070,47.5,47.95,46.65,46.9,-0.6,82,0.8094750664931236,38.4501,37.9644,37.762,38.8143
2020-08-04,91081,4297410,47.35,47.85,46.9,47.2,0.3,71,0.8094750664931236,38.3286,38.2072,37.9644,38.7334
2020-08-05,129000,6085800,47.4,47.45,46.9,47.3,0.1,73,0.8094750664931236,38.3691,38.2882,37.9644,38.4096
2020-08-06,148211,6961564,47.15,47.25,46.85,46.9,-0.4,104,0.8094750664931236,38.1667,37.9644,37.9239,38.2477
2020-08-07,104849,4907853,46.9,47.0,46.7,46.7,-0.2,92,0.8094750664931236,37.9644,37.8025,37.8025,38.0453
2020-08-10,106161,4925066,46.7,46.7,46.3,46.3,-0.4,96,0.8094750664931236,37.8025,37.4787,37.4787,37.8025
2020-08-11,186101,8687413,46.3,47.0,46.3,46.6,0.3,134,0.8094750664931236,37.4787,37.7215,37.4787,38.0453
2020-08-12,91038,4226570,46.9,46.9,46.1,46.25,-0.35,74,0.8094750664931236,37.9644,37.4382,37.3168,37.9644
2020-08-13,470802,22591949,47.0,48.45,47.0,48.3,2.05,384,0.8094750664931236,38.0453,39.0976,38.0453,39.2191
2020-08-14,325139,15958488,48.45,49.75,48.45,48.6,0.3,265,0.8094750664931236,39.2191,39.3405,39.2191,40.2714
2020-08-17,245383,11857998,49.0,49.15,47.6,48.1,-0.5,165,0.8094750664931236,39.6643,38.9358,38.531,39.7857
2020-08-18,98364,4734308,48.75,48.8,47.9,48.05,-0.05,91,0.8094750664931236,39.4619,38.8953,38.7739,39.5024
2020-08-19,141102,6759287,48.05,48.3,47.6,47.7,-0.35,118,0.8094750664931236,38.8953,38.612,38.531,39.0976
2020-08-20,222044,10429794,47.7,47.7,46.6,47.0,-0.7,183,0.8094750664931236,38.612,38.0453,37.7215,38.612
2020-08-21,110843,5289664,47.05,48.5,47.05,48.0,1.0,100,0.8094750664931236,38.0858,38.8548,38.0858,39.2595
2020-08-24,311332,15058896,48.0,48.8,48.0,48.6,0.6,226,0.8094750664931236,38.8548,39.3405,38.8548,39.5024
2020-08-25,141303,6668299,47.05,47.5,47.0,47.1,0.0,121,0.8397115951241367,39.5084,39.5504,39.4664,39.8863
2020-08-26,133060,6267861,47.05,47.55,46.8,47.3,0.2,92,0.8397115951241367,39.5084,39.7184,39.2985,39.9283
2020-08-27,72111,3397677,47.3,47.4,46.95,46.95,-0.35,61,0.8397115951241367,39.7184,39.4245,39.4245,39.8023
2020-08-28,68057,3196979,47.0,47.35,46.85,46.9,-0.05,55,0.8397115951241367,39.4664,39.3825,39.3405,39.7603
2020-08-31,102321,4785299,47.4,47.4,46.65,46.7,-0.2,91,0.8397115951241367,39.8023,39.2145,39.1725,39.8023
2020-09-01,75758,3513558,46.6,46.65,46.2,46.4,-0.3,72,0.8397115951241367,39.1306,38.9626,38.7947,39.1725
2020-09-02,60700,2824700,46.4,46.95,46.4,46.65,0.25,57,0.8397115951241367,38.9626,39.1725,38.9626,39.4245
2020-09-03,50232,2352449,46.7,47.0,46.7,47.0,0.35,47,0.8397115951241367,39.2145,39.4664,39.2145,39.4664
2020-09-04,709956,35103958,46.5,50.3,46.4,50.0,3.0,553,0.8397115951241367,39.0466,41.9856,38.9626,42.2375
2020-09-07,2046028,106212497,52.0,53.7,50.0,50.1,0.1,1454,0.8397115951241367,43.665,42.0696,41.9856,45.0925
2020-09-08,321238,15879914,50.1,50.5,49.0,49.0,-1.1,252,0.8397115951241367,42.0696,41.1459,41.1459,42.4054
2020-09-09,205261,9888680,48.7,48.8,48.0,48.05,-0.95,183,0.8397115951241367,40.894,40.3481,40.3062,40.9779
2020-09-10,154275,7448026,48.1,49.05,48.0,48.1,0.05,125,0.8397115951241367,40.3901,40.3901,40.3062,41.1879
2020-09-11,119221,5685458,48.05,48.05,47.5,47.55,-0.55,99,0.8397115951241367,40.3481,39.9283,39.8863,40.3481
2020-09-14,93100,4448534,47.65,48.0,47.4,47.75,0.2,62,0.8397115951241367,40.0123,40.0962,39.8023,40.3062
2020-09-15,127308,6182524,48.2,49.0,48.0,48.85,1.1,97,0.8397115951241367,40.4741,41.0199,40.3062,41.1459
2020-09-16,143053,6926652,49.0,49.6,48.0,48.25,-0.6,122,0.8397115951241367,41.1459,40.5161,40.3062,41.6497
2020-09-17,105607,5084036,47.6,48.45,47.6,48.2,-0.05,73,0.8397115951241367,39.9703,40.4741,39.9703,40.684
2020-09-18,85069,4105296,48.25,48.4,48.1,48.35,0.15,61,0.8397115951241367,40.5161,40.6001,40.3901,40.642
2020-09-21,103172,5017743,48.45,49.0,48.3,48.6,0.25,91,0.8397115951241367,40.684,40.81,40.5581,41.1459
2020-09-22,62530,3002752,48.45,48.45,47.8,48.05,-0.55,67,0.8397115951241367,40.684,40.3481,40.1382,40.684
2020-09-23,681001,32555798,47.7,48.1,47.6,47.8,-0.25,61,0.8397115951241367,40.0542,40.1382,39.9703,40.3901
2020-09-24,158048,7440072,47.75,47.75,46.9,47.1,-0.7,123,0.8397115951241367,40.0962,39.5504,39.3825,40.0962
2020-09-25,183001,8571148,47.1,47.15,46.55,46.6,-0.5,126,0.8397115951241367,39.5504,39.1306,39.0886,39.5924
2020-09-28,55500,2597365,46.5,46.95,46.5,46.85,0.25,55,0.8397115951241367,39.0466,39.3405,39.0466,39.4245
2020-09-29,72071,3370837,47.0,47.0,46.65,46.75,-0.1,51,0.8397115951241367,39.4664,39.2565,39.1725,39.4664
2020-09-30,59001,2760347,46.8,47.0,46.65,46.7,-0.05,38,0.8397115951241367,39.2985,39.2145,39.1725,39.4664
2020-10-05,75100,3510739,46.7,46.9,46.6,46.85,0.15,55,0.8397115951241367,39.2145,39.3405,39.1306,39.3825
2020-10-06,51000,2395000,46.85,47.35,46.7,47.0,0.15,42,0.8397115951241367,39.3405,39.4664,39.2145,39.7603
2020-10-07,33300,1570734,47.15,47.75,47.0,47.3,0.3,34,0.8397115951241367,39.5924,39.7184,39.4664,40.0962
2020-10-08,41600,1951430,47.3,47.3,46.8,46.9,-0.4,33,0.8397115951241367,39.7184,39.3825,39.2985,39.7184
2020-10-12,85504,4050495,47.7,47.9,47.1,47.4,0.5,68,0.8397115951241367,40.0542,39.8023,39.5504,40.2222
2020-10-13,37100,1755148,47.4,47.6,47.1,47.3,-0.1,35,0.8397115951241367,39.8023,39.7184,39.5504,39.9703
2020-10-14,75100,3545529,47.25,47.9,46.9,47.05,-0.25,53,0.8397115951241367,39.6764,39.5084,39.3825,40.2222
2020-10-15,60096,2823336,47.05,47.05,46.9,46.9,-0.15,52,0.8397115951241367,39.5084,39.3825,39.3825,39.5084
2020-10-16,33056,1549185,47.0,47.0,46.75,46.8,-0.1,33,0.8397115951241367,39.4664,39.2985,39.2565,39.4664
2020-10-19,87000,4096950,46.8,47.65,46.8,47.65,0.85,83,0.8397115951241367,39.2985,40.0123,39.2985,40.0123
2020-10-20,26110,1233684,47.4,47.4,47.0,47.1,-0.55,22,0.8397115951241367,39.8023,39.5504,39.4664,39.8023
2020-10-21,61337,2885289,47.0,47.25,46.95,46.95,-0.15,56,0.8397115951241367,39.4664,39.4245,39.4245,39.6764
2020-10-22,54022,2530201,46.75,47.0,46.75,46.85,-0.1,45,0.8397115951241367,39.2565,39.3405,39.2565,39.4664
2020-10-23,55275,2579325,46.8,46.8,46.6,46.7,-0.15,44,0.8397115951241367,39.2985,39.2145,39.1306,39.2985
2020-10-26,68001,3178097,47.0,47.1,46.5,46.5,-0.2,51,0.8397115951241367,39.4664,39.0466,39.0466,39.5504
2020-10-27,52256,2424757,46.3,46.6,46.3,46.35,-0.15,47,0.8397115951241367,38.8786,38.9206,38.8786,39.1306
2020-10-28,89275,4129444,46.4,46.4,46.2,46.2,-0.15,74,0.8397115951241367,38.9626,38.7947,38.7947,38.9626
2020-10-29,60061,2762430,46.2,46.2,45.85,46.0,-0.2,47,0.8397115951241367,38.7947,38.6267,38.5008,38.7947
2020-10-30,64025,2945275,46.0,46.2,45.9,45.95,-0.05,55,0.8397115951241367,38.6267,38.5847,38.5428,38.7947
2020-11-02,63422,2912086,45.9,46.0,45.85,45.9,-0.05,55,0.8397115951241367,38.5428,38.5428,38.5008,38.6267
2020-11-03,40062,1859183,45.85,46.8,45.85,46.25,0.35,28,0.8397115951241367,38.5008,38.8367,38.5008,39.2985
2020-11-04,45117,2089595,46.35,46.5,46.0,46.45,0.2,41,0.8397115951241367,38.9206,39.0046,38.6267,39.0466
2020-11-05,24331,1125228,46.4,46.4,46.1,46.3,-0.15,27,0.8397115951241367,38.9626,38.8786,38.7107,38.9626
2020-11-06,54175,2521455,46.35,46.9,46.35,46.4,0.1,48,0.8397115951241367,38.9206,38.9626,38.9206,39.3825
2020-11-09,44166,2061804,46.9,46.9,46.4,46.55,0.15,43,0.8397115951241367,39.3825,39.0886,38.9626,39.3825
2020-11-10,47100,2190284,46.6,46.6,46.35,46.35,-0.2,38,0.8397115951241367,39.1306,38.9206,38.9206,39.1306
2020-11-11,48680,2264601,46.35,46.85,46.05,46.8,0.45,46,0.8397115951241367,38.9206,39.2985,38.6687,39.3405
2020-11-12,71453,3343567,47.0,47.1,46.5,46.5,-0.3,58,0.8397115951241367,39.4664,39.0466,39.0466,39.5504
2020-11-13,22723,1055383,46.4,46.65,46.3,46.65,0.15,41,0.8397115951241367,38.9626,39.1725,38.8786,39.1725
2020-11-16,71102,3324855,46.95,46.95,46.6,46.65,0.0,60,0.8397115951241367,39.4245,39.1725,39.1306,39.4245
2020-11-17,238106,11126355,46.5,46.95,46.4,46.9,0.25,65,0.8397115951241367,39.0466,39.3825,38.9626,39.4245
2020-11-18,48087,2257714,47.0,47.0,46.9,47.0,0.1,58,0.8397115951241367,39.4664,39.4664,39.3825,39.4664
2020-11-19,80249,3795323,47.2,47.45,47.2,47.3,0.3,68,0.8397115951241367,39.6344,39.7184,39.6344,39.8443
2020-11-20,31355,1481150,47.35,47.35,46.85,47.2,-0.1,38,0.8397115951241367,39.7603,39.6344,39.3405,39.7603
2020-11-23,105162,4991900,47.2,47.65,47.15,47.4,0.2,90,0.8397115951241367,39.6344,39.8023,39.5924,40.0123
2020-11-24,71017,3354818,47.6,47.6,47.0,47.0,-0.4,59,0.8397115951241367,39.9703,39.4664,39.4664,39.9703
2020-11-25,43252,2027633,47.0,47.15,46.75,47.0,0.0,50,0.8397115951241367,39.4664,39.4664,39.2565,39.5924
2020-11-26,84514,3967623,47.1,47.25,46.8,47.25,0.25,74,0.8397115951241367,39.5504,39.6764,39.2985,39.6764
2020-11-27,32563,1532489,47.25,47.25,46.95,46.95,-0.3,42,0.8397115951241367,39.6764,39.4245,39.4245,39.6764
2020-11-30,81321,3807281,46.95,46.95,46.75,46.75,-0.2,77,0.8397115951241367,39.4245,39.2565,39.2565,39.4245
2020-12-01,77514,3622339,46.75,46.95,46.5,46.9,0.15,69,0.8397115951241367,39.2565,39.3825,39.0466,39.4245
2020-12-02,70035,3266384,46.85,46.85,46.55,46.85,-0.05,61,0.8397115951241367,39.3405,39.3405,39.0886,39.3405
2020-12-03,127129,5919164,46.75,46.8,46.45,46.5,-0.35,72,0.8397115951241367,39.2565,39.0466,39.0046,39.2985
2020-12-04,45788,2132956,46.5,46.8,46.45,46.5,0.0,41,0.8397115951241367,39.0466,39.0466,39.0046,39.2985
2020-12-07,116195,5376012,46.95,46.95,46.0,46.3,-0.2,94,0.8397115951241367,39.4245,38.8786,38.6267,39.4245
2020-12-08,60697,2823463,46.3,46.8,46.2,46.7,0.4,59,0.8397115951241367,38.8786,39.2145,38.7947,39.2985
2020-12-09,62195,2906707,46.7,46.9,46.5,46.8,0.1,75,0.8397115951241367,39.2145,39.2985,39.0466,39.3825
2020-12-10,54272,2528004,46.8,46.8,46.4,46.7,-0.1,56,0.8397115951241367,39.2985,39.2145,38.9626,39.2985
2020-12-11,54122,2515631,46.6,46.6,46.4,46.5,-0.2,49,0.8397115951241367,39.1306,39.0466,38.9626,39.1306
2020-12-14,106308,5001105,47.0,47.2,46.9,47.1,0.6,74,0.8397115951241367,39.4664,39.5504,39.3825,39.6344
2020-12-15,113684,5374297,47.1,47.5,47.0,47.05,-0.05,90,0.8397115951241367,39.5504,39.5084,39.4664,39.8863
2020-12-16,118334,5640871,47.3,47.9,47.3,47.9,0.85,118,0.8397115951241367,39.7184,40.2222,39.7184,40.2222
2020-12-17,150467,7269406,47.9,48.5,47.85,48.5,0.6,156,0.8397115951241367,40.2222,40.726,40.1802,40.726
2020-12-18,60579,2928236,48.5,48.65,48.1,48.1,-0.4,60,0.8397115951241367,40.726,40.3901,40.3901,40.852
2020-12-21,66202,3179220,48.1,48.3,47.5,47.95,-0.15,58,0.8397115951241367,40.3901,40.2642,39.8863,40.5581
2020-12-22,38072,1809498,47.65,47.9,47.35,47.45,-0.5,47,0.8397115951241367,40.0123,39.8443,39.7603,40.2222
2020-12-23,37312,1770668,47.45,47.55,47.35,47.55,0.1,43,0.8397115951241367,39.8443,39.9283,39.7603,39.9283
2020-12-24,333224,16073935,47.6,49.85,47.5,47.7,0.15,247,0.8397115951241367,39.9703,40.0542,39.8863,41.8596
2020-12-25,93302,4434641,47.65,47.75,47.35,47.5,-0.2,81,0.8397115951241367,40.0123,39.8863,39.7603,40.0962
2020-12-28,57714,2750530,47.55,47.9,47.55,47.7,0.2,60,0.8397115951241367,39.9283,40.0542,39.9283,40.2222
2020-12-29,52675,2501306,47.8,47.8,47.25,47.6,-0.1,61,0.8397115951241367,40.1382,39.9703,39.6764,40.1382
2020-12-30,841185,42031848,47.3,51.5,47.3,50.9,3.3,608,0.8397115951241367,39.7184,42.7413,39.7184,43.2451
2020-12-31,932917,47780985,51.0,52.4,50.1,50.5,-0.4,738,0.8397115951241367,42.8253,42.4054,42.0696,44.0009
2021-01-04,238442,11794480,50.5,50.5,49.0,49.2,-1.3,205,0.8397115951241367,42.4054,41.3138,41.1459,42.4054
2021-01-05,108597,5307984,49.15,49.2,48.6,48.85,-0.35,111,0.8397115951241367,41.2718,41.0199,40.81,41.3138
2021-01-06,111463,5403200,48.9,49.8,48.0,48.2,-0.65,113,0.8397115951241367,41.0619,40.4741,40.3062,41.8176
2021-01-07,55165,2678508,48.2,48.9,48.2,48.65,0.45,55,0.8397115951241367,40.4741,40.852,40.4741,41.0619
2021-01-08,56392,2732038,49.8,49.8,48.1,48.3,-0.35,58,0.8397115951241367,41.8176,40.5581,40.3901,41.8176
2021-01-11,113504,5424932,48.0,48.0,47.6,47.7,-0.6,116,0.8397115951241367,40.3062,40.0542,39.9703,40.3062
2021-01-12,118939,5635688,47.7,47.7,47.1,47.3,-0.4,120,0.8397115951241367,40.0542,39.7184,39.5504,40.0542
2021-01-13,83080,3961260,47.3,47.9,47.3,47.8,0.5,75,0.8397115951241367,39.7184,40.1382,39.7184,40.2222
2021-01-14,34520,1645741,47.8,47.8,47.55,47.75,-0.05,38,0.8397115951241367,40.1382,40.0962,39.9283,40.1382
2021-01-15,113231,5350617,47.4,47.6,47.1,47.25,-0.5,108,0.8397115951241367,39.8023,39.6764,39.5504,39.9703
2021-01-18,138009,6518065,47.0,47.3,46.7,47.3,0.05,141,0.8397115951241367,39.4664,39.7184,39.2145,39.7184
2021-01-19,50367,2403736,47.35,47.9,47.35,47.6,0.3,37,0.8397115951241367,39.7603,39.9703,39.7603,40.2222
2021-01-20,117478,5532437,47.05,47.25,47.0,47.0,-0.6,95,0.8397115951241367,39.5084,39.4664,39.4664,39.6764
2021-01-21,40512,1907283,47.0,47.3,47.0,47.0,0.0,38,0.8397115951241367,39.4664,39.4664,39.4664,39.7184
2021-01-22,67005,3140694,46.85,47.0,46.8,47.0,0.0,56,0.8397115951241367,39.3405,39.4664,39.2985,39.4664
2021-01-25,48110,2256837,47.0,47.0,46.8,47.0,0.0,48,0.8397115951241367,39.4664,39.4664,39.2985,39.4664
2021-01-26,31719,1484452,46.8,46.9,46.75,46.8,-0.2,43,0.8397115951241367,39.2985,39.2985,39.2565,39.3825
2021-01-27,9221,432377,46.85,46.95,46.85,46.85,0.05,31,0.8397115951241367,39.3405,39.3405,39.3405,39.4245
2021-01-28,38184,1778414,46.8,46.8,46.4,46.6,-0.25,36,0.8397115951241367,39.2985,39.1306,38.9626,39.2985
2021-01-29,89224,4147136,46.5,47.0,46.2,46.35,-0.25,82,0.8397115951241367,39.0466,38.9206,38.7947,39.4664
2021-02-01,55102,2563491,46.35,47.75,46.25,46.25,-0.1,51,0.8397115951241367,38.9206,38.8367,38.8367,40.0962
2021-02-02,22265,1037170,46.2,47.1,46.2,46.5,0.25,30,0.8397115951241367,38.7947,39.0466,38.7947,39.5504
2021-02-03,25691,1193438,46.5,46.85,46.3,46.5,0.0,53,0.8397115951241367,39.0466,39.0466,38.8786,39.3405
2021-02-04,406307,19534953,46.2,46.7,46.2,46.4,-0.1,47,0.8397115951241367,38.7947,38.9626,38.7947,39.2145
2021-02-05,17459,811614,46.5,46.9,46.4,46.4,0.0,38,0.8397115951241367,39.0466,38.9626,38.9626,39.3825
2021-02-17,50672,2377068,47.0,47.1,46.6,46.95,0.55,63,0.8397115951241367,39.4664,39.4245,39.1306,39.5504
2021-02-18,65709,3090438,47.0,47.2,46.95,47.15,0.2,85,0.8397115951241367,39.4664,39.5924,39.4245,39.6344
2021-02-19,125376,5983490,47.15,48.85,47.15,48.1,0.95,123,0.8397115951241367,39.5924,40.3901,39.5924,41.0199
2021-02-22,137810,6738930,48.2,49.15,48.2,48.65,0.55,173,0.8397115951241367,40.4741,40.852,40.4741,41.2718
2021-02-23,105607,5174526,48.8,49.3,48.8,48.9,0.25,135,0.8397115951241367,40.9779,41.0619,40.9779,41.3978
2021-02-24,72805,3562963,49.4,49.4,48.8,48.85,-0.05,94,0.8397115951241367,41.4818,41.0199,40.9779,41.4818
2021-02-25,62409,3047599,48.85,49.0,48.7,48.75,-0.1,93,0.8397115951241367,41.0199,40.9359,40.894,41.1459
2021-02-26,139020,6724666,48.75,48.75,48.2,48.2,-0.55,184,0.8397115951241367,40.9359,40.4741,40.4741,40.9359
2021-03-02,87140,4199255,48.2,48.35,47.8,47.8,-0.4,234,0.8397115951241367,40.4741,40.1382,40.1382,40.6001
2021-03-03,55803,2680628,47.5,48.65,47.5,48.35,0.55,110,0.8397115951241367,39.8863,40.6001,39.8863,40.852
2021-03-04,38534,1850855,48.85,48.85,47.75,48.3,-0.05,76,0.8397115951241367,41.0199,40.5581,40.0962,41.0199
2021-03-05,48223,2314263,47.95,48.1,47.85,47.85,-0.45,125,0.8397115951241367,40.2642,40.1802,40.1802,40.3901
2021-03-08,47890,2296685,47.85,48.0,47.85,47.9,0.05,124,0.8397115951241367,40.1802,40.2222,40.1802,40.3062
2021-03-09,84103,4039168,48.0,48.2,47.85,48.2,0.3,96,0.8397115951241367,40.3062,40.4741,40.1802,40.4741
2021-03-10,50307,2418985,48.2,48.2,47.95,48.2,0.0,100,0.8397115951241367,40.4741,40.4741,40.2642,40.4741
2021-03-11,37612,1813664,48.3,48.3,48.05,48.3,0.1,92,0.8397115951241367,40.5581,40.5581,40.3481,40.5581
2021-03-12,42352,2046469,48.1,48.45,48.1,48.45,0.15,73,0.8397115951241367,40.3901,40.684,40.3901,40.684
2021-03-15,62424,3024627,48.45,48.5,48.4,48.5,0.05,127,0.8397115951241367,40.684,40.726,40.642,40.726
2021-03-16,47090,2287129,48.5,48.6,48.45,48.6,0.1,84,0.8397115951241367,40.726,40.81,40.684,40.81
2021-03-17,80862,3912134,48.65,48.65,48.0,48.0,-0.6,105,0.8397115951241367,40.852,40.3062,40.3062,40.852
2021-03-18,39327,1897433,48.1,48.6,48.1,48.3,0.3,55,0.8397115951241367,40.3901,40.5581,40.3901,40.81
2021-03-19,48180,2319451,48.0,48.3,48.0,48.05,-0.25,83,0.8397115951241367,40.3062,40.3481,40.3062,40.5581
2021-03-22,44851,2158111,48.05,48.5,48.05,48.2,0.15,84,0.8397115951241367,40.3481,40.4741,40.3481,40.726
2021-03-23,100682,4837356,48.2,48.25,47.95,48.0,-0.2,93,0.8397115951241367,40.4741,40.3062,40.2642,40.5161
2021-03-24,39038,1871546,48.0,48.0,47.85,47.9,-0.1,63,0.8397115951241367,40.3062,40.2222,40.1802,40.3062
2021-03-25,44383,2133695,48.0,48.15,48.0,48.05,0.15,54,0.8397115951241367,40.3062,40.3481,40.3062,40.4321
2021-03-26,50742,2455957,48.1,48.7,48.1,48.5,0.45,68,0.8397115951241367,40.3901,40.726,40.3901,40.894
2021-03-29,26404,1274770,48.5,48.65,48.0,48.15,-0.35,57,0.8397115951241367,40.726,40.4321,40.3062,40.852
2021-03-30,40919,1972148,48.15,48.4,48.1,48.1,-0.05,65,0.8397115951241367,40.4321,40.3901,40.3901,40.642
2021-03-31,42198,2031291,48.1,48.2,48.1,48.15,0.05,56,0.8397115951241367,40.3901,40.4321,40.3901,40.4741
2021-04-01,27185,1308106,48.45,48.45,48.05,48.1,-0.05,32,0.8397115951241367,40.684,40.3901,40.3481,40.684
2021-04-06,48637,2340204,48.1,48.3,48.05,48.05,-0.05,89,0.8397115951241367,40.3901,40.3481,40.3481,40.5581
2021-04-07,77963,3750158,48.5,48.5,48.0,48.0,-0.05,88,0.8397115951241367,40.726,40.3062,40.3062,40.726
2021-04-08,38170,1834754,48.0,48.3,48.0,48.05,0.05,83,0.8397115951241367,40.3062,40.3481,40.3062,40.5581
2021-04-09,159711,7759151,49.5,49.5,48.1,48.55,0.5,139,0.8397115951241367,41.5657,40.768,40.3901,41.5657
2021-04-12,109410,5342980,48.9,49.0,48.6,48.75,0.2,120,0.8397115951241367,41.0619,40.9359,40.81,41.1459
2021-04-13,97589,4768567,48.9,49.0,48.6,48.6,-0.15,104,0.8397115951241367,41.0619,40.81,40.81,41.1459
2021-04-14,65179,3158957,48.6,48.7,48.1,48.2,-0.4,66,0.8397115951241367,40.81,40.4741,40.3901,40.894
2021-04-15,58358,2833538,48.5,48.85,48.2,48.3,0.1,48,0.8397115951241367,40.726,40.5581,40.4741,41.0199
2021-04-16,55430,2681202,48.3,48.8,48.3,48.35,0.05,59,0.8397115951241367,40.5581,40.6001,40.5581,40.9779
2021-04-19,184725,9059202,48.45,49.3,48.4,49.2,0.85,188,0.8397115951241367,40.684,41.3138,40.642,41.3978
2021-04-20,181611,9026032,49.2,50.5,49.05,49.45,0.25,156,0.8397115951241367,41.3138,41.5237,41.1879,42.4054
2021-04-21,110329,5418833,49.45,49.45,48.95,49.1,-0.35,102,0.8397115951241367,41.5237,41.2298,41.1039,41.5237
2021-04-22,164908,8099484,49.2,49.5,49.0,49.0,-0.1,110,0.8397115951241367,41.3138,41.1459,41.1459,41.5657
2021-04-23,68160,3342715,48.8,49.2,48.75,49.0,0.0,58,0.8397115951241367,40.9779,41.1459,40.9359,41.3138
2021-04-26,123172,6075466,49.05,50.0,49.05,49.5,0.5,118,0.8397115951241367,41.1879,41.5657,41.1879,41.9856
2021-04-27,124674,6163379,49.4,49.7,49.3,49.6,0.1,120,0.8397115951241367,41.4818,41.6497,41.3978,41.7337
2021-04-28,216749,10838705,49.7,50.3,49.7,50.1,0.5,207,0.8397115951241367,41.7337,42.0696,41.7337,42.2375
2021-04-29,148861,7509202,51.0,51.0,50.3,50.4,0.3,165,0.8397115951241367,42.8253,42.3215,42.2375,42.8253
2021-05-03,220095,11008170,50.4,50.6,49.55,49.55,-0.85,197,0.8397115951241367,42.3215,41.6077,41.6077,42.4894
2021-05-04,182601,9021828,50.0,50.1,49.05,49.5,-0.05,158,0.8397115951241367,41.9856,41.5657,41.1879,42.0696
2021-05-05,73338,3612321,49.4,49.45,49.0,49.3,-0.2,72,0.8397115951241367,41.4818,41.3978,41.1459,41.5237
2021-05-06,57379,2846526,50.0,50.0,49.3,49.8,0.5,71,0.8397115951241367,41.9856,41.8176,41.3978,41.9856
2021-05-07,172485,8658274,50.3,50.5,50.0,50.3,0.5,167,0.8397115951241367,42.2375,42.2375,41.9856,42.4054
2021-05-10,82728,4164297,50.9,50.9,50.1,50.3,0.0,86,0.8397115951241367,42.7413,42.2375,42.0696,42.7413
2021-05-11,137023,6794278,50.1,50.1,49.25,49.25,-1.05,143,0.8397115951241367,42.0696,41.3558,41.3558,42.0696
2021-05-12,299035,14515302,49.25,50.0,47.0,48.25,-1.0,249,0.8397115951241367,41.3558,40.5161,39.4664,41.9856
2021-05-13,151323,7297338,47.1,49.1,47.05,47.85,-0.4,126,0.8397115951241367,39.5504,40.1802,39.5084,41.2298
2021-05-14,73500,3551557,47.9,48.5,47.9,48.3,0.45,73,0.8397115951241367,40.2222,40.5581,40.2222,40.726
2021-05-17,296619,14389348,47.5,49.0,47.5,48.05,-0.25,162,0.8397115951241367,39.8863,40.3481,39.8863,41.1459
2021-05-18,188377,9083666,48.65,48.65,48.05,48.5,0.45,92,0.8397115951241367,40.852,40.726,40.3481,40.852
2021-05-19,158948,7838322,49.85,49.85,48.8,48.8,0.3,151,0.8397115951241367,41.8596,40.9779,40.9779,41.8596
2021-05-20,123523,6089264,48.9,49.85,48.9,49.2,0.4,99,0.8397115951241367,41.0619,41.3138,41.0619,41.8596
2021-05-21,122391,5987729,49.4,49.6,48.6,49.0,-0.2,103,0.8397115951241367,41.4818,41.1459,40.81,41.6497
2021-05-24,67116,3279871,49.0,49.35,48.85,49.25,0.25,55,0.8397115951241367,41.1459,41.3558,41.0199,41.4398
2021-05-25,111619,5490429,49.25,49.95,48.55,49.3,0.05,86,0.8397115951241367,41.3558,41.3978,40.768,41.9436
2021-05-26,42057,2072861,49.8,49.8,48.7,49.25,-0.05,31,0.8397115951241367,41.8176,41.3558,40.894,41.8176
2021-05-27,60088,2956963,49.2,49.9,48.95,48.95,-0.3,56,0.8397115951241367,41.3138,41.1039,41.1039,41.9016
2021-05-28,63517,3139389,49.4,49.75,49.15,49.15,0.2,61,0.8397115951241367,41.4818,41.2718,41.2718,41.7757
2021-05-31,76533,3760420,49.7,49.7,48.95,49.1,-0.05,97,0.8397115951241367,41.7337,41.2298,41.1039,41.7337
2021-06-01,60071,2959964,49.45,49.75,48.9,49.1,0.0,65,0.8397115951241367,41.5237,41.2298,41.0619,41.7757
2021-06-02,37332,1836031,49.1,49.3,49.1,49.2,0.1,41,0.8397115951241367,41.2298,41.3138,41.2298,41.3978
2021-06-03,101575,5031636,49.5,49.75,49.25,49.75,0.55,100,0.8397115951241367,41.5657,41.7757,41.3558,41.7757
2021-06-04,47334,2349268,49.55,49.7,49.55,49.65,-0.1,57,0.8397115951241367,41.6077,41.6917,41.6077,41.7337
2021-06-07,70617,3505401,49.7,49.8,49.5,49.65,0.0,73,0.8397115951241367,41.7337,41.6917,41.5657,41.8176
2021-06-08,82409,4106812,49.85,50.0,49.65,49.85,0.2,73,0.8397115951241367,41.8596,41.8596,41.6917,41.9856
2021-06-09,235117,11868511,50.1,51.6,49.8,50.2,0.35,221,0.8397115951241367,42.0696,42.1535,41.8176,43.3291
2021-06-10,69797,3502673,50.8,50.8,49.9,49.9,-0.3,85,0.8397115951241367,42.6573,41.9016,41.9016,42.6573
2021-06-11,114152,5754613,50.5,50.5,50.2,50.4,0.5,116,0.8397115951241367,42.4054,42.3215,42.1535,42.4054
2021-06-15,45236,2291923,50.5,50.8,50.5,50.7,0.3,124,0.8397115951241367,42.4054,42.5734,42.4054,42.6573
2021-06-16,159303,8132773,50.7,51.8,50.5,50.5,-0.2,150,0.8397115951241367,42.5734,42.4054,42.4054,43.4971
2021-06-17,69969,3515280,51.2,51.2,50.0,50.1,-0.4,76,0.8397115951241367,42.9932,42.0696,41.9856,42.9932
2021-06-18,56233,2837657,51.0,51.0,50.1,50.6,0.5,67,0.8397115951241367,42.8253,42.4894,42.0696,42.8253
2021-06-21,141663,7078199,50.6,50.6,49.85,49.85,-0.75,106,0.8397115951241367,42.4894,41.8596,41.8596,42.4894
2021-06-22,217638,10835367,50.3,50.3,49.5,49.6,-0.25,164,0.8397115951241367,42.2375,41.6497,41.5657,42.2375
2021-06-23,137211,6779875,49.95,50.3,48.0,49.95,0.35,133,0.8397115951241367,41.9436,41.9436,40.3062,42.2375
2021-06-24,76134,3797650,50.3,50.3,49.7,49.9,-0.05,75,0.8397115951241367,42.2375,41.9016,41.7337,42.2375
2021-06-25,57183,2856572,50.0,50.2,49.8,49.8,-0.1,68,0.8397115951241367,41.9856,41.8176,41.8176,42.1535
2021-06-28,78691,3914451,49.8,49.9,49.6,49.65,-0.15,104,0.8397115951241367,41.8176,41.6917,41.6497,41.9016
2021-06-29,111763,5581829,49.8,50.3,49.55,50.3,0.65,131,0.8397115951241367,41.8176,42.2375,41.6077,42.2375
2021-06-30,105468,5329000,50.6,50.7,50.4,50.4,0.1,85,0.8397115951241367,42.4894,42.3215,42.3215,42.5734
2021-07-01,71531,3585552,50.5,50.5,50.0,50.0,-0.4,73,0.8397115951241367,42.4054,41.9856,41.9856,42.4054
2021-07-02,68423,3429152,50.4,50.4,50.0,50.1,0.1,57,0.8397115951241367,42.3215,42.0696,41.9856,42.3215
2021-07-05,104596,5267717,50.2,50.5,50.2,50.5,0.4,96,0.8397115951241367,42.1535,42.4054,42.1535,42.4054
2021-07-06,85170,4304747,50.9,50.9,50.4,50.5,0.0,95,0.8397115951241367,42.7413,42.4054,42.3215,42.7413
2021-07-07,157096,8001914,50.5,51.7,50.5,51.2,0.7,160,0.8397115951241367,42.4054,42.9932,42.4054,43.4131
2021-07-08,239817,12397320,51.8,52.3,51.0,51.7,0.5,205,0.8397115951241367,43.4971,43.4131,42.8253,43.9169
2021-07-09,136307,6945171,51.5,51.5,50.7,51.1,-0.6,147,0.8397115951241367,43.2451,42.9093,42.5734,43.2451
2021-07-12,95512,4825371,51.3,51.3,50.1,50.8,-0.3,106,0.8397115951241367,43.0772,42.6573,42.0696,43.0772
2021-07-13,77415,3923784,50.5,51.0,50.5,50.5,-0.3,72,0.8397115951241367,42.4054,42.4054,42.4054,42.8253
2021-07-14,41204,2093169,50.9,51.2,50.5,50.7,0.2,53,0.8397115951241367,42.7413,42.5734,42.4054,42.9932
2021-07-15,44693,2268989,50.7,51.0,50.6,50.9,0.2,66,0.8397115951241367,42.5734,42.7413,42.4894,42.8253
2021-07-16,38785,1968873,50.6,51.0,50.6,50.7,-0.2,48,0.8397115951241367,42.4894,42.5734,42.4894,42.8253
2021-07-19,21412,1086225,51.0,51.0,50.5,50.5,-0.2,46,0.8397115951241367,42.8253,42.4054,42.4054,42.8253
2021-07-20,35105,1782926,50.5,51.0,50.5,50.7,0.2,49,0.8397115951241367,42.4054,42.5734,42.4054,42.8253
2021-07-21,45348,2297503,50.7,50.8,50.5,50.8,0.1,52,0.8397115951241367,42.5734,42.6573,42.4054,42.6573
2021-07-22,34437,1753940,50.8,51.1,50.6,50.9,0.1,34,0.8397115951241367,42.6573,42.7413,42.4894,42.9093
2021-07-23,84789,4328380,51.0,51.4,50.5,51.1,0.2,72,0.8397115951241367,42.8253,42.9093,42.4054,43.1612
2021-07-26,48419,2473336,51.3,51.3,50.9,51.0,-0.1,54,0.8397115951241367,43.0772,42.8253,42.7413,43.0772
2021-07-27,85949,4370180,51.0,51.3,50.5,50.7,-0.3,86,0.8397115951241367,42.8253,42.5734,42.4054,43.0772
2021-07-28,72687,3658555,50.7,50.8,50.1,50.2,-0.5,80,0.8397115951241367,42.5734,42.1535,42.0696,42.6573
2021-07-29,26563,1341402,50.2,50.7,50.2,50.4,0.2,37,0.8397115951241367,42.1535,42.3215,42.1535,42.5734
2021-07-30,25037,1263509,50.5,50.5,50.3,50.3,-0.1,41,0.8397115951241367,42.4054,42.2375,42.2375,42.4054
2021-08-02,30411,1533790,50.4,50.7,50.3,50.7,0.4,37,0.8397115951241367,42.3215,42.5734,42.2375,42.5734
2021-08-03,24281,1228763,50.7,50.8,50.5,50.5,-0.2,37,0.8397115951241367,42.5734,42.4054,42.4054,42.6573
2021-08-04,17714,894325,50.5,50.7,50.4,50.7,0.2,28,0.8397115951241367,42.4054,42.5734,42.3215,42.5734
2021-08-05,31695,1599749,50.3,50.7,50.3,50.5,-0.2,42,0.8397115951241367,42.2375,42.4054,42.2375,42.5734
2021-08-06,45575,2299745,50.5,50.6,50.3,50.5,0.0,51,0.8397115951241367,42.4054,42.4054,42.2375,42.4894
2021-08-09,48416,2444984,50.9,50.9,50.4,50.6,0.1,54,0.8397115951241367,42.7413,42.4894,42.3215,42.7413
2021-08-10,68598,3453328,50.6,50.6,50.2,50.3,-0.3,77,0.8397115951241367,42.4894,42.2375,42.1535,42.4894
2021-08-11,85613,4322071,50.7,50.7,50.2,50.4,0.1,92,0.8397115951241367,42.5734,42.3215,42.1535,42.5734
2021-08-12,28221,1426747,50.4,50.7,50.3,50.6,0.2,32,0.8397115951241367,42.3215,42.4894,42.2375,42.5734
2021-08-13,62226,3161044,50.8,51.2,50.6,50.7,0.1,48,0.8397115951241367,42.6573,42.5734,42.4894,42.9932
2021-08-16,45368,2288889,50.7,50.7,50.2,50.5,-0.2,69,0.8397115951241367,42.5734,42.4054,42.1535,42.5734
2021-08-17,48691,2455824,50.5,50.6,50.3,50.4,-0.1,55,0.8397115951241367,42.4054,42.3215,42.2375,42.4894
2021-08-18,72671,3662231,50.2,50.7,50.2,50.6,0.2,44,0.8397115951241367,42.1535,42.4894,42.1535,42.5734
2021-08-19,71054,3568685,50.4,50.4,50.1,50.1,-0.5,69,0.8397115951241367,42.3215,42.0696,42.0696,42.3215
2021-08-20,73474,3680667,50.1,50.2,50.0,50.1,0.0,63,0.8397115951241367,42.0696,42.0696,41.9856,42.1535
2021-08-23,70194,3539865,50.1,50.7,50.0,50.6,0.5,60,0.8397115951241367,42.0696,42.4894,41.9856,42.5734
2021-08-24,133356,6780299,50.8,51.0,50.5,51.0,0.4,132,0.8397115951241367,42.6573,42.8253,42.4054,42.8253
2021-08-25,80487,4016093,49.9,50.2,49.55,49.9,0.0,124,0.8706097042352302,43.4434,43.4434,43.1387,43.7046
2021-08-26,43021,2144455,49.8,50.1,49.75,49.75,-0.15,55,0.8706097042352302,43.3564,43.3128,43.3128,43.6175
2021-08-27,55138,2749586,49.75,50.0,49.7,49.9,0.15,61,0.8706097042352302,43.3128,43.4434,43.2693,43.5305
2021-08-30,42319,2114186,49.9,50.1,49.85,49.9,0.0,42,0.8706097042352302,43.4434,43.4434,43.3999,43.6175
2021-08-31,48458,2418613,49.8,50.0,49.8,50.0,0.1,55,0.8706097042352302,43.3564,43.5305,43.3564,43.5305
2021-09-01,52261,2611423,50.0,50.0,49.85,50.0,0.0,36,0.8706097042352302,43.5305,43.5305,43.3999,43.5305
2021-09-02,70457,3532990,49.95,50.4,49.9,50.2,0.2,66,0.8706097042352302,43.487,43.7046,43.4434,43.8787
2021-09-03,42721,2152559,50.2,50.5,50.2,50.5,0.3,61,0.8706097042352302,43.7046,43.9658,43.7046,43.9658
2021-09-06,66541,3365629,50.5,50.7,50.5,50.6,0.1,53,0.8706097042352302,43.9658,44.0529,43.9658,44.1399
2021-09-07,103324,5237502,50.5,51.1,50.4,50.5,-0.1,62,0.8706097042352302,43.9658,43.9658,43.8787,44.4882
2021-09-08,35097,1766709,50.8,50.8,50.1,50.5,0.0,42,0.8706097042352302,44.227,43.9658,43.6175,44.227
2021-09-09,18375,925453,50.5,50.5,50.3,50.4,-0.1,30,0.8706097042352302,43.9658,43.8787,43.7917,43.9658
2021-09-10,26118,1315754,50.4,50.4,50.3,50.3,-0.1,38,0.8706097042352302,43.8787,43.7917,43.7917,43.8787
2021-09-13,76556,3851128,51.0,51.0,50.1,50.4,0.1,56,0.8706097042352302,44.4011,43.8787,43.6175,44.4011
2021-09-14,18990,956868,50.4,50.6,50.3,50.6,0.2,35,0.8706097042352302,43.8787,44.0529,43.7917,44.0529
2021-09-15,38433,1934179,50.8,50.8,50.2,50.2,-0.4,55,0.8706097042352302,44.227,43.7046,43.7046,44.227
2021-09-16,31981,1605169,50.3,50.3,50.1,50.2,0.0,81,0.8706097042352302,43.7917,43.7046,43.6175,43.7917
2021-09-17,54477,2736301,50.1,50.3,50.1,50.2,0.0,44,0.8706097042352302,43.6175,43.7046,43.6175,43.7917
2021-09-22,81385,4099057,50.1,50.8,50.1,50.4,0.2,94,0.8706097042352302,43.6175,43.8787,43.6175,44.227
2021-09-23,20242,1022101,50.4,50.7,50.3,50.5,0.1,34,0.8706097042352302,43.8787,43.9658,43.7917,44.1399
2021-09-24,59442,3014796,50.6,50.8,50.5,50.8,0.3,61,0.8706097042352302,44.0529,44.227,43.9658,44.227
2021-09-27,63113,3213435,51.2,51.2,50.8,51.0,0.2,56,0.8706097042352302,44.5752,44.4011,44.227,44.5752
2021-09-28,48504,2471408,51.1,51.1,50.8,50.9,-0.1,54,0.8706097042352302,44.4882,44.314,44.227,44.4882
2021-09-29,104237,5267738,50.7,50.8,50.3,50.4,-0.5,109,0.8706097042352302,44.1399,43.8787,43.7917,44.227
2021-09-30,11381,574616,50.3,50.5,50.3,50.5,0.1,25,0.8706097042352302,43.7917,43.9658,43.7917,43.9658
2021-11-01,16703,837201,50.0,50.3,50.0,50.3,0.2,36,0.8706097042352302,43.5305,43.7917,43.5305,43.7917
2021-11-02,17318,866957,50.0,50.1,50.0,50.1,-0.2,22,0.8706097042352302,43.5305,43.6175,43.5305,43.6175
2021-11-03,49583,2479806,50.1,50.1,49.95,50.0,-0.1,47,0.8706097042352302,43.6175,43.5305,43.487,43.6175
2021-11-04,19932,996903,50.0,50.1,49.95,50.0,0.0,40,0.8706097042352302,43.5305,43.5305,43.487,43.6175
2021-11-05,19156,956665,50.0,50.0,49.9,49.95,-0.05,26,0.8706097042352302,43.5305,43.487,43.4434,43.5305
2021-11-08,42768,2135907,49.95,50.0,49.9,49.9,-0.05,59,0.8706097042352302,43.487,43.4434,43.4434,43.5305
2021-11-09,62289,3144052,49.8,51.9,49.8,50.2,0.3,51,0.8706097042352302,43.3564,43.7046,43.3564,45.1846
2021-11-10,22220,1115450,50.8,50.8,50.0,50.5,0.3,32,0.8706097042352302,44.227,43.9658,43.5305,44.227
2021-11-11,40374,2019310,50.3,50.3,49.95,50.0,-0.5,50,0.8706097042352302,43.7917,43.5305,43.487,43.7917
2021-11-12,35287,1765263,50.0,50.1,50.0,50.0,0.0,35,0.8706097042352302,43.5305,43.5305,43.5305,43.6175
2021-11-15,65374,3270447,49.9,50.3,49.9,50.0,0.0,66,0.8706097042352302,43.4434,43.5305,43.4434,43.7917
2021-11-16,17434,872152,50.2,50.2,50.0,50.0,0.0,27,0.8706097042352302,43.7046,43.5305,43.5305,43.7046
2021-11-17,18649,933230,50.0,50.1,50.0,50.1,0.1,28,0.8706097042352302,43.5305,43.6175,43.5305,43.6175
2021-11-18,72372,3619300,50.0,50.1,49.95,49.95,-0.15,53,0.8706097042352302,43.5305,43.487,43.487,43.6175
2021-11-19,46178,2309352,49.95,50.1,49.95,50.0,0.05,39,0.8706097042352302,43.487,43.5305,43.487,43.6175
2021-11-22,49496,2483029,50.1,50.3,50.0,50.0,0.0,42,0.8706097042352302,43.6175,43.5305,43.5305,43.7917
2021-11-23,30144,1506667,49.9,50.1,49.9,50.0,0.0,31,0.8706097042352302,43.4434,43.5305,43.4434,43.6175
2021-11-24,71410,3570718,50.0,50.1,49.9,49.95,-0.05,49,0.8706097042352302,43.5305,43.487,43.4434,43.6175
2021-11-25,35095,1752073,49.9,50.0,49.9,49.95,0.0,53,0.8706097042352302,43.4434,43.487,43.4434,43.5305
2021-11-26,32181,1603397,49.9,49.9,49.8,49.8,-0.15,84,0.8706097042352302,43.4434,43.3564,43.3564,43.4434
2021-11-29,65707,3259199,49.5,49.8,49.4,49.8,0.0,71,0.8706097042352302,43.0952,43.3564,43.0081,43.3564
2021-11-30,20528,1022007,50.0,50.0,49.7,49.7,-0.1,35,0.8706097042352302,43.5305,43.2693,43.2693,43.5305
2022-02-07,22509,1158646,51.2,52.0,51.0,51.8,0.6,50,0.8706097042352302,44.5752,45.0976,44.4011,45.2717
2022-02-08,24839,1279894,52.0,52.0,51.2,51.6,-0.2,61,0.8706097042352302,45.2717,44.9235,44.5752,45.2717
2022-02-09,50836,2649536,51.6,52.5,51.6,52.4,0.8,60,0.8706097042352302,44.9235,45.6199,44.9235,45.707
2022-02-10,25719,1345454,52.8,52.8,52.1,52.2,-0.2,56,0.8706097042352302,45.9682,45.4458,45.3588,45.9682
2022-02-11,27662,1437496,52.7,52.7,51.7,51.8,-0.4,52,0.8706097042352302,45.8811,45.0976,45.0105,45.8811
2022-02-14,35505,1848697,52.2,52.3,51.9,52.1,0.3,42,0.8706097042352302,45.4458,45.3588,45.1846,45.5329
2022-02-15,22397,1171840,52.2,52.4,52.2,52.3,0.2,29,0.8706097042352302,45.4458,45.5329,45.4458,45.6199
2022-02-16,18425,963896,52.3,52.4,52.1,52.4,0.1,29,0.8706097042352302,45.5329,45.6199,45.3588,45.6199
2022-02-17,36130,1885570,52.4,52.4,52.0,52.0,-0.4,43,0.8706097042352302,45.6199,45.2717,45.2717,45.6199
2022-02-18,17324,900672,51.9,52.2,51.9,52.2,0.2,28,0.8706097042352302,45.1846,45.4458,45.1846,45.4458
2022-02-21,34247,1780522,51.9,52.3,51.9,51.9,-0.3,42,0.8706097042352302,45.1846,45.1846,45.1846,45.5329
2022-02-22,23106,1193322,51.9,52.1,51.0,51.6,-0.3,45,0.8706097042352302,45.1846,44.9235,44.4011,45.3588
2022-02-23,34885,1796501,51.8,51.8,51.3,51.4,-0.2,52,0.8706097042352302,45.0976,44.7493,44.6623,45.0976
2022-02-24,50945,2603867,51.5,51.5,50.9,51.1,-0.3,69,0.8706097042352302,44.8364,44.4882,44.314,44.8364
2022-02-25,19865,1023998,51.2,51.9,51.2,51.6,0.5,28,0.8706097042352302,44.5752,44.9235,44.5752,45.1846
2022-03-01,32481,1682565,51.7,52.2,51.6,51.6,0.0,52,0.8706097042352302,45.0105,44.9235,44.9235,45.4458
2022-03-02,54046,2783889,51.6,52.2,51.0,52.2,0.6,77,0.8706097042352302,44.9235,45.4458,44.4011,45.4458
2022-03-03,26230,1367059,52.2,52.3,51.6,52.3,0.1,32,0.8706097042352302,45.4458,45.5329,44.9235,45.5329
2022-03-04,130777,6872758,52.0,53.1,52.0,52.8,0.5,146,0.8706097042352302,45.2717,45.9682,45.2717,46.2294
2022-03-07,64520,3361396,52.7,52.7,51.6,52.0,-0.8,107,0.8706097042352302,45.8811,45.2717,44.9235,45.8811
2022-03-08,29119,1507797,52.0,52.3,51.5,51.7,-0.3,36,0.8706097042352302,45.2717,45.0105,44.8364,45.5329
2022-03-09,29420,1529725,51.7,52.3,51.7,52.1,0.4,54,0.8706097042352302,45.0105,45.3588,45.0105,45.5329
2022-03-10,31368,1654569,53.3,53.3,52.6,52.8,0.7,65,0.8706097042352302,46.4035,45.9682,45.7941,46.4035
2022-03-11,25045,1318037,52.8,52.8,52.4,52.5,-0.3,45,0.8706097042352302,45.9682,45.707,45.6199,45.9682
2022-03-14,17366,918493,52.6,53.0,52.6,53.0,0.5,39,0.8706097042352302,45.7941,46.1423,45.7941,46.1423
2022-03-15,32059,1675515,52.9,52.9,52.0,52.2,-0.8,55,0.8706097042352302,46.0553,45.4458,45.2717,46.0553
2022-03-16,25117,1308211,52.2,52.4,51.9,52.4,0.2,28,0.8706097042352302,45.4458,45.6199,45.1846,45.6199
2022-03-17,26258,1386891,52.4,53.0,52.0,53.0,0.6,38,0.8706097042352302,45.6199,46.1423,45.2717,46.1423
2022-03-18,11474,606286,52.9,52.9,52.8,52.8,-0.2,26,0.8706097042352302,46.0553,45.9682,45.9682,46.0553
2022-03-21,23490,1241427,53.1,53.2,52.5,52.8,0.0,37,0.8706097042352302,46.2294,45.9682,45.707,46.3164
2022-03-22,17387,920151,53.2,53.3,52.5,52.9,0.1,30,0.8706097042352302,46.3164,46.0553,45.707,46.4035
2022-03-23,34384,1824091,53.1,53.2,52.8,52.8,-0.1,59,0.8706097042352302,46.2294,45.9682,45.9682,46.3164
2022-03-24,40180,2119509,52.8,53.0,52.5,52.5,-0.3,31,0.8706097042352302,45.9682,45.707,45.707,46.1423
2022-03-25,24498,1290149,52.5,52.8,52.5,52.6,0.1,27,0.8706097042352302,45.707,45.7941,45.707,45.9682
2022-03-28,19049,999911,52.6,52.6,52.2,52.5,-0.1,49,0.8706097042352302,45.7941,45.707,45.4458,45.7941
2022-03-29,18464,975032,52.8,53.0,52.6,52.6,0.1,32,0.8706097042352302,45.9682,45.7941,45.7941,46.1423
2022-03-30,42956,2275842,52.7,53.3,52.7,53.3,0.7,53,0.8706097042352302,45.8811,46.4035,45.8811,46.4035
2022-03-31,52127,2779727,53.3,53.5,53.1,53.1,-0.2,72,0.8706097042352302,46.4035,46.2294,46.2294,46.5776
2022-04-01,90655,4867102,53.1,54.3,53.1,53.3,0.2,99,0.8706097042352302,46.2294,46.4035,46.2294,47.2741
2022-04-06,48405,2606271,53.3,54.0,53.2,53.7,0.4,76,0.8706097042352302,46.4035,46.7517,46.3164,47.0129
2022-04-07,66603,3577613,53.3,54.2,53.0,53.1,-0.6,111,0.8706097042352302,46.4035,46.2294,46.1423,47.187
2022-04-08,21803,1162190,53.0,53.8,53.0,53.4,0.3,53,0.8706097042352302,46.1423,46.4906,46.1423,46.8388
2022-04-11,74884,3968965,53.8,53.8,52.7,52.7,-0.7,117,0.8706097042352302,46.8388,45.8811,45.8811,46.8388
2022-04-12,66104,3501988,52.7,53.2,52.7,52.7,0.0,104,0.8706097042352302,45.8811,45.8811,45.8811,46.3164
2022-04-13,53786,2864986,53.2,54.1,52.6,53.5,0.8,63,0.8706097042352302,46.3164,46.5776,45.7941,47.1
2022-04-14,6237,334407,53.9,53.9,53.5,53.6,0.1,28,0.8706097042352302,46.9259,46.6647,46.5776,46.9259
2022-04-15,12385,662535,53.4,53.7,53.4,53.5,-0.1,17,0.8706097042352302,46.4906,46.5776,46.4906,46.7517
2022-04-18,13220,703187,53.5,53.5,53.0,53.3,-0.2,14,0.8706097042352302,46.5776,46.4035,46.1423,46.5776
2022-04-19,95492,5159327,53.5,54.3,53.0,54.1,0.8,81,0.8706097042352302,46.5776,47.1,46.1423,47.2741
2022-04-20,32334,1746971,54.2,54.2,53.8,53.9,-0.2,40,0.8706097042352302,47.187,46.9259,46.8388,47.187
2022-04-21,16862,909715,53.9,54.1,53.8,53.9,0.0,35,0.8706097042352302,46.9259,46.9259,46.8388,47.1
2022-04-22,33462,1803210,53.3,54.0,53.3,53.9,0.0,34,0.8706097042352302,46.4035,46.9259,46.4035,47.0129
2022-04-25,50472,2690975,54.0,54.0,53.1,53.1,-0.8,58,0.8706097042352302,47.0129,46.2294,46.2294,47.0129
2022-04-26,8502,454608,53.5,53.5,53.3,53.3,0.2,13,0.8706097042352302,46.5776,46.4035,46.4035,46.5776
2022-04-27,17131,913144,53.2,53.4,53.1,53.4,0.1,33,0.8706097042352302,46.3164,46.4906,46.2294,46.4906
2022-04-28,13121,706303,53.9,53.9,53.5,53.9,0.5,21,0.8706097042352302,46.9259,46.9259,46.5776,46.9259
2022-04-29,24263,1300504,53.1,54.0,53.1,53.6,-0.3,35,0.8706097042352302,46.2294,46.6647,46.2294,47.0129
2022-05-03,48335,2581412,53.6,53.9,53.1,53.5,-0.1,59,0.8706097042352302,46.6647,46.5776,46.2294,46.9259
2022-05-04,6117,325771,53.8,53.8,53.1,53.1,-0.4,23,0.8706097042352302,46.8388,46.2294,46.2294,46.8388
2022-05-05,10754,573035,53.3,53.3,53.2,53.2,0.1,25,0.8706097042352302,46.4035,46.3164,46.3164,46.4035
2022-05-06,52912,2835362,53.0,54.0,53.0,53.8,0.6,65,0.8706097042352302,46.1423,46.8388,46.1423,47.0129
2022-05-09,71591,3833969,53.7,54.2,52.9,53.3,-0.5,74,0.8706097042352302,46.7517,46.4035,46.0553,47.187
2022-05-10,46081,2458945,53.4,53.9,53.0,53.9,0.6,35,0.8706097042352302,46.4906,46.9259,46.1423,46.9259
2022-05-11,49617,2662416,53.9,53.9,53.4,53.6,-0.3,43,0.8706097042352302,46.9259,46.6647,46.4906,46.9259
2022-05-12,30936,1657326,53.8,53.9,53.2,53.3,-0.3,46,0.8706097042352302,46.8388,46.4035,46.3164,46.9259
2022-05-13,53252,2847906,53.4,53.8,53.2,53.6,0.3,65,0.8706097042352302,46.4906,46.6647,46.3164,46.8388
2022-05-16,145332,7911315,53.8,55.0,53.7,54.9,1.3,163,0.8706097042352302,46.8388,47.7965,46.7517,47.8835
2022-05-17,129553,7119533,55.2,55.6,54.5,55.0,0.1,103,0.8706097042352302,48.0577,47.8835,47.4482,48.4059
2022-05-18,32347,1783439,55.0,55.4,54.8,54.8,-0.2,48,0.8706097042352302,47.8835,47.7094,47.7094,48.2318
2022-05-19,51934,2853140,54.7,55.1,54.6,55.1,0.3,79,0.8706097042352302,47.6224,47.9706,47.5353,47.9706
2022-05-20,140904,7872707,55.1,56.2,55.1,56.1,1.0,160,0.8706097042352302,47.9706,48.8412,47.9706,48.9283
2022-05-23,203246,11706491,56.6,58.1,56.6,57.9,1.8,225,0.8706097042352302,49.2765,50.4083,49.2765,50.5824
2022-05-24,101702,5832441,58.8,58.8,56.7,56.8,-1.1,132,0.8706097042352302,51.1919,49.4506,49.3636,51.1919
2022-05-25,46832,2677844,57.5,57.5,57.0,57.4,0.6,87,0.8706097042352302,50.0601,49.973,49.6248,50.0601
2022-05-26,45295,2592113,57.9,57.9,56.6,57.0,-0.4,84,0.8706097042352302,50.4083,49.6248,49.2765,50.4083
2022-05-27,109884,6335095,58.0,58.2,56.5,57.5,0.5,99,0.8706097042352302,50.4954,50.0601,49.1894,50.6695
2022-05-30,46775,2691756,57.6,57.8,57.2,57.5,0.0,66,0.8706097042352302,50.1471,50.0601,49.7989,50.3212
2022-05-31,78922,4495177,57.5,57.5,56.5,57.1,-0.4,85,0.8706097042352302,50.0601,49.7118,49.1894,50.0601
2022-06-01,133867,7743334,57.1,58.3,56.8,58.0,0.9,131,0.8706097042352302,49.7118,50.4954,49.4506,50.7565
2022-06-02,43856,2543987,58.0,58.2,57.2,57.9,-0.1,56,0.8706097042352302,50.4954,50.4083,49.7989,50.6695
2022-06-06,147194,8637974,58.3,59.2,58.0,59.0,1.1,137,0.8706097042352302,50.7565,51.366,50.4954,51.5401
2022-06-07,375695,22764848,59.1,61.6,59.0,60.9,1.9,319,0.8706097042352302,51.453,53.0201,51.366,53.6296
2022-06-08,190567,11775826,62.0,62.5,61.1,62.2,1.3,218,0.8706097042352302,53.9778,54.1519,53.1943,54.4131
2022-06-09,122609,7564499,62.4,62.4,61.0,61.7,-0.5,134,0.8706097042352302,54.326,53.7166,53.1072,54.326
2022-06-10,43733,2687104,61.9,61.9,61.2,61.6,-0.1,81,0.8706097042352302,53.8907,53.6296,53.2813,53.8907
2022-06-13,109098,6588441,60.8,61.5,59.9,60.5,-1.1,149,0.8706097042352302,52.9331,52.6719,52.1495,53.5425
2022-06-14,116027,6915895,60.7,60.7,59.0,59.8,-0.7,118,0.8706097042352302,52.846,52.0625,51.366,52.846
2022-06-15,52403,3149380,59.9,60.9,59.6,60.2,0.4,75,0.8706097042352302,52.1495,52.4107,51.8883,53.0201
2022-06-16,54495,3283397,61.0,61.2,59.8,59.8,-0.4,73,0.8706097042352302,53.1072,52.0625,52.0625,53.2813
2022-06-17,44595,2657369,59.4,59.9,59.4,59.8,0.0,68,0.8706097042352302,51.7142,52.0625,51.7142,52.1495
2022-06-20,73960,4388761,60.0,60.5,58.8,59.7,-0.1,100,0.8706097042352302,52.2366,51.9754,51.1919,52.6719
2022-06-21,53937,3239910,60.8,60.8,59.7,60.2,0.5,93,0.8706097042352302,52.9331,52.4107,51.9754,52.9331
2022-06-22,98967,5812281,60.2,60.2,58.1,58.3,-1.9,151,0.8706097042352302,52.4107,50.7565,50.5824,52.4107
2022-06-23,101138,5899995,58.3,59.5,57.6,58.7,0.4,142,0.8706097042352302,50.7565,51.1048,50.1471,51.8013
2022-06-24,83671,4949264,60.0,60.0,58.6,58.8,0.1,119,0.8706097042352302,52.2366,51.1919,51.0177,52.2366
2022-06-27,93902,5626967,59.5,60.4,58.9,59.9,1.1,109,0.8706097042352302,51.8013,52.1495,51.2789,52.5848
2022-06-28,24409,1445177,59.5,59.5,59.0,59.3,-0.6,44,0.8706097042352302,51.8013,51.6272,51.366,51.8013
2022-06-29,32528,1927938,59.6,60.5,58.6,59.7,0.4,59,0.8706097042352302,51.8883,51.9754,51.0177,52.6719
2022-06-30,31774,1872367,59.0,59.2,58.7,59.1,-0.6,54,0.8706097042352302,51.366,51.453,51.1048,51.5401
2022-07-01,78361,4639041,59.9,60.3,58.5,58.6,-0.5,99,0.8706097042352302,52.1495,51.0177,50.9307,52.4978
2022-07-04,187265,11359489,60.0,61.3,59.4,61.2,2.6,212,0.8706097042352302,52.2366,53.2813,51.7142,53.3684
2022-07-05,88432,5433709,61.9,62.4,60.7,61.3,0.1,140,0.8706097042352302,53.8907,53.3684,52.846,54.326
2022-07-06,64775,3986525,61.9,62.5,60.8,61.3,0.0,97,0.8706097042352302,53.8907,53.3684,52.9331,54.4131
2022-07-07,59542,3605577,61.2,61.2,60.1,60.5,-0.8,66,0.8706097042352302,53.2813,52.6719,52.3236,53.2813
2022-07-08,60570,3641670,60.5,60.6,59.7,59.8,-0.7,66,0.8706097042352302,52.6719,52.0625,51.9754,52.7589
2022-07-11,28713,1708541,60.0,60.0,59.2,59.4,-0.4,44,0.8706097042352302,52.2366,51.7142,51.5401,52.2366
2022-07-12,39678,2341000,58.7,59.5,58.6,59.5,0.1,65,0.8706097042352302,51.1048,51.8013,51.0177,51.8013
2022-07-13,63519,3812377,59.2,61.5,59.0,61.3,1.8,64,0.8706097042352302,51.5401,53.3684,51.366,53.5425
2022-07-14,27064,1631839,60.6,61.0,60.0,60.4,-0.9,67,0.8706097042352302,52.7589,52.5848,52.2366,53.1072
2022-07-15,47075,2804115,60.0,60.0,59.2,59.6,-0.8,56,0.8706097042352302,52.2366,51.8883,51.5401,52.2366
2022-07-18,13950,831703,59.3,59.8,59.3,59.8,0.2,29,0.8706097042352302,51.6272,52.0625,51.6272,52.0625
2022-07-19,20368,1217006,59.8,60.1,59.5,60.1,0.3,35,0.8706097042352302,52.0625,52.3236,51.8013,52.3236
2022-07-20,53297,3191227,59.2,60.7,59.2,60.1,0.0,71,0.8706097042352302,51.5401,52.3236,51.5401,52.846
2022-07-21,10145,609835,60.1,60.4,59.7,60.4,0.3,20,0.8706097042352302,52.3236,52.5848,51.9754,52.5848
2022-07-22,29894,1795056,60.1,60.4,59.8,59.9,-0.5,53,0.8706097042352302,52.3236,52.1495,52.0625,52.5848
2022-07-25,13830,837443,60.5,60.6,60.5,60.6,0.7,31,0.8706097042352302,52.6719,52.7589,52.6719,52.7589
2022-07-26,37519,2276314,60.5,60.9,60.5,60.8,0.2,152,0.8706097042352302,52.6719,52.9331,52.6719,53.0201
2022-07-27,11612,704206,60.7,60.7,60.4,60.7,-0.1,28,0.8706097042352302,52.846,52.846,52.5848,52.846
2022-07-28,46565,2799024,59.8,60.4,59.8,60.4,-0.3,59,0.8706097042352302,52.0625,52.5848,52.0625,52.5848
2022-07-29,9555,579605,60.5,60.7,60.5,60.7,0.3,25,0.8706097042352302,52.6719,52.846,52.6719,52.846
2026-05-04,44782,4119351,92.2,92.2,91.9,92.0,-0.2,165,1.0,92.2,92.0,91.9,92.2
2026-05-05,29298,2688541,91.9,92.0,91.6,91.8,-0.2,140,1.0,91.9,91.8,91.6,92.0
2026-05-06,63763,5870116,91.8,92.8,91.7,92.0,0.2,150,1.0,91.8,92.0,91.7,92.8
2026-05-07,63223,5808210,92.0,92.0,91.7,91.8,-0.2,156,1.0,92.0,91.8,91.7,92.0
2026-05-08,24336,2254889,93.4,93.4,92.2,92.7,0.9,63,1.0,93.4,92.7,92.2,93.4
2026-05-11,25273,2333111,93.0,93.0,92.0,92.0,-0.7,130,1.0,93.0,92.0,92.0,93.0
2026-05-12,56166,5176550,94.2,94.2,91.7,92.5,0.5,116,1.0,94.2,92.5,91.7,94.2
2026-05-13,15975,1473434,92.4,92.4,92.0,92.2,-0.3,66,1.0,92.4,92.2,92.0,92.4
2026-05-14,48131,4429411,92.0,92.1,91.8,92.0,-0.2,121,1.0,92.0,92.0,91.8,92.1
2022-09-01,154939,10679742,70.1,71.0,67.8,69.0,-1.5,221,0.8995594186501893,63.0591,62.0696,60.9901,63.8687
2022-09-02,48880,3341538,67.8,68.8,67.8,68.0,-1.0,87,0.8995594186501893,60.9901,61.17,60.9901,61.8897
2022-09-05,100976,6753825,68.0,68.0,65.4,65.4,-2.6,177,0.8995594186501893,61.17,58.8312,58.8312,61.17
2022-09-06,72512,4759965,65.4,66.0,65.1,66.0,0.6,75,0.8995594186501893,58.8312,59.3709,58.5613,59.3709
2022-09-07,75543,4932936,65.6,65.9,65.0,65.5,-0.5,113,0.8995594186501893,59.0111,58.9211,58.4714,59.281
2022-09-08,69286,4674931,65.8,69.6,65.6,68.7,3.2,81,0.8995594186501893,59.191,61.7997,59.0111,62.6093
2022-09-12,91405,6419295,69.4,71.5,68.9,70.9,2.2,166,0.8995594186501893,62.4294,63.7788,61.9796,64.3185
2022-09-13,81623,5707328,70.9,70.9,69.0,69.7,-1.2,289,0.8995594186501893,63.7788,62.6993,62.0696,63.7788
2022-09-14,107713,7580670,69.6,71.3,68.8,70.2,0.5,166,0.8995594186501893,62.6093,63.1491,61.8897,64.1386
2022-09-15,40883,2862631,70.1,70.5,68.8,70.0,-0.2,125,0.8995594186501893,63.0591,62.9692,61.8897,63.4189
2022-09-16,59262,4157304,68.8,71.0,68.8,71.0,1.0,144,0.8995594186501893,61.8897,63.8687,61.8897,63.8687
2022-09-19,228969,16708987,71.0,77.0,71.0,72.3,1.3,371,0.8995594186501893,63.8687,65.0381,63.8687,69.2661
2022-09-20,125139,8919406,72.3,73.0,70.5,71.2,-1.1,459,0.8995594186501893,65.0381,64.0486,63.4189,65.6678
2022-09-21,58210,4111574,70.5,71.0,70.0,70.8,-0.4,136,0.8995594186501893,63.4189,63.6888,62.9692,63.8687
2022-09-22,61046,4265290,70.2,71.3,69.3,71.3,0.5,86,0.8995594186501893,63.1491,64.1386,62.3395,64.1386
2022-09-23,39969,2823669,71.4,71.4,70.0,71.1,-0.2,70,0.8995594186501893,64.2285,63.9587,62.9692,64.2285
2022-09-26,53990,3787441,70.5,70.5,70.0,70.1,-1.0,71,0.8995594186501893,63.4189,63.0591,62.9692,63.4189
2022-09-27,39712,2785428,70.6,70.6,70.0,70.3,0.2,69,0.8995594186501893,63.5089,63.239,62.9692,63.5089
2022-09-28,97517,6777762,71.1,71.1,68.6,68.7,-1.6,115,0.8995594186501893,63.9587,61.7997,61.7098,63.9587
2022-09-29,121712,8310350,68.7,69.4,67.5,67.5,-1.2,141,0.8995594186501893,61.7997,60.7203,60.7203,62.4294
2022-09-30,67955,4599219,67.4,68.7,66.5,68.7,1.2,76,0.8995594186501893,60.6303,61.7997,59.8207,61.7997
2022-10-03,30678,2085228,69.7,69.7,67.0,69.3,0.6,71,0.8995594186501893,62.6993,62.3395,60.2705,62.6993
2022-10-04,17099,1193095,68.6,70.0,68.6,69.4,0.1,52,0.8995594186501893,61.7098,62.4294,61.7098,62.9692
2022-10-05,28675,1997744,70.6,70.6,69.0,69.5,0.1,45,0.8995594186501893,63.5089,62.5194,62.0696,63.5089
2022-10-06,25038,1739100,69.9,69.9,69.1,69.5,0.0,50,0.8995594186501893,62.8792,62.5194,62.1596,62.8792
2022-10-07,21344,1485474,69.3,69.7,69.3,69.7,0.2,35,0.8995594186501893,62.3395,62.6993,62.3395,62.6993
2022-10-11,63528,4323867,69.6,69.6,67.5,68.0,-1.7,95,0.8995594186501893,62.6093,61.17,60.7203,62.6093
2022-10-12,34404,2329877,67.5,69.0,67.3,67.9,-0.1,53,0.8995594186501893,60.7203,61.0801,60.5403,62.0696
2022-10-13,193265,12547034,67.7,67.7,63.2,64.2,-3.7,247,0.8995594186501893,60.9002,57.7517,56.8522,60.9002
2022-10-14,59841,3884756,64.6,65.8,64.5,65.1,0.9,121,0.8995594186501893,58.1115,58.5613,58.0216,59.191
2022-10-17,122694,7629740,63.0,64.9,61.3,61.7,-3.4,179,0.8995594186501893,56.6722,55.5028,55.143,58.3814
2022-10-18,122372,7387194,62.0,62.0,58.8,60.9,-0.8,176,0.8995594186501893,55.7727,54.7832,52.8941,55.7727
2022-10-19,65567,3943153,60.9,61.7,59.6,59.9,-1.0,92,0.8995594186501893,54.7832,53.8836,53.6137,55.5028
2022-10-20,165815,9617844,58.9,58.9,57.2,58.0,-1.9,188,0.8995594186501893,52.984,52.1744,51.4548,52.984
2022-10-21,631556,34158563,58.0,58.0,52.4,54.4,-3.6,537,0.8995594186501893,52.1744,48.936,47.1369,52.1744
2022-10-24,103002,5651641,55.0,55.5,54.0,54.0,-0.4,149,0.8995594186501893,49.4758,48.5762,48.5762,49.9255
2022-10-25,134834,7221157,54.0,54.4,52.7,54.0,0.0,153,0.8995594186501893,48.5762,48.5762,47.4068,48.936
2022-10-26,54480,2937883,55.0,55.0,53.3,54.0,0.0,70,0.8995594186501893,49.4758,48.5762,47.9465,49.4758
2022-10-27,62312,3397777,54.0,55.0,53.3,55.0,1.0,77,0.8995594186501893,48.5762,49.4758,47.9465,49.4758
2022-10-28,33958,1839861,54.5,54.5,54.0,54.2,-0.8,49,0.8995594186501893,49.026,48.7561,48.5762,49.026
2022-10-31,23698,1284398,54.2,54.7,53.9,54.5,0.3,51,0.8995594186501893,48.7561,49.026,48.4863,49.2059
2022-11-01,23934,1326227,54.9,55.8,54.8,55.3,0.8,59,0.8995594186501893,49.3858,49.7456,49.2959,50.1954
2022-11-02,20033,1116486,55.9,56.1,55.2,55.9,0.6,36,0.8995594186501893,50.2854,50.2854,49.6557,50.4653
2022-11-03,25357,1408774,55.9,55.9,54.8,55.8,-0.1,43,0.8995594186501893,50.2854,50.1954,49.2959,50.2854
2022-11-04,9018,502887,55.7,55.8,55.7,55.8,0.0,29,0.8995594186501893,50.1055,50.1954,50.1055,50.1954
2022-11-07,29764,1664351,55.8,56.2,55.7,55.8,0.0,47,0.8995594186501893,50.1954,50.1954,50.1055,50.5552
2022-11-08,20755,1169191,56.5,56.6,56.1,56.1,0.3,46,0.8995594186501893,50.8251,50.4653,50.4653,50.9151
2022-11-09,96761,5442371,56.2,56.8,55.8,56.5,0.4,82,0.8995594186501893,50.5552,50.8251,50.1954,51.095
2022-11-10,37858,2120623,56.1,56.5,55.4,56.3,-0.2,59,0.8995594186501893,50.4653,50.6452,49.8356,50.8251
2022-11-11,56977,3233309,56.5,57.6,56.3,56.3,0.0,81,0.8995594186501893,50.8251,50.6452,50.6452,51.8146
2022-11-14,141200,7970679,57.0,57.0,55.6,56.5,0.2,118,0.8995594186501893,51.2749,50.8251,50.0155,51.2749
2022-11-15,83509,4796987,56.3,58.0,56.2,57.0,0.5,73,0.8995594186501893,50.6452,51.2749,50.5552,52.1744
2022-11-16,74939,4211622,57.0,57.0,55.7,55.8,-1.2,124,0.8995594186501893,51.2749,50.1954,50.1055,51.2749
2022-11-17,52456,2998028,56.8,57.3,56.8,57.1,1.3,45,0.8995594186501893,51.095,51.3648,51.095,51.5448
2022-11-18,22186,1263023,56.9,57.3,56.8,57.1,0.0,42,0.8995594186501893,51.1849,51.3648,51.095,51.5448
2022-11-21,56612,3283560,57.1,58.7,57.1,57.5,0.4,49,0.8995594186501893,51.3648,51.7247,51.3648,52.8041
2022-11-22,45641,2646767,57.5,58.5,57.1,58.5,1.0,56,0.8995594186501893,51.7247,52.6242,51.3648,52.6242
2022-11-23,46991,2809169,59.3,60.6,59.3,59.7,1.2,73,0.8995594186501893,53.3439,53.7037,53.3439,54.5133
2022-11-24,106737,6501627,60.4,61.3,60.2,61.3,1.6,105,0.8995594186501893,54.3334,55.143,54.1535,55.143
2022-11-25,66717,4070814,62.0,62.1,60.1,60.5,-0.8,89,0.8995594186501893,55.7727,54.4233,54.0635,55.8626
2022-11-28,96159,5679890,60.4,60.4,58.4,59.6,-0.9,110,0.8995594186501893,54.3334,53.6137,52.5343,54.3334
2022-11-29,33373,1973095,58.9,59.8,58.5,59.3,-0.3,52,0.8995594186501893,52.984,53.3439,52.6242,53.7937
2022-11-30,34915,2076419,58.8,60.3,58.8,60.3,1.0,69,0.8995594186501893,52.8941,54.2434,52.8941,54.2434
2022-12-01,40201,2409859,60.5,60.9,59.3,60.0,-0.3,72,0.8995594186501893,54.4233,53.9736,53.3439,54.7832
2022-12-02,35853,2150001,59.8,60.9,59.2,60.0,0.0,51,0.8995594186501893,53.7937,53.9736,53.2539,54.7832
2022-12-05,31433,1880313,60.0,60.5,59.4,59.9,-0.1,39,0.8995594186501893,53.9736,53.8836,53.4338,54.4233
2022-12-06,35069,2083630,60.2,60.2,59.0,59.1,-0.8,59,0.8995594186501893,54.1535,53.164,53.074,54.1535
2022-12-07,27929,1646299,59.0,59.1,58.8,58.9,-0.2,48,0.8995594186501893,53.074,52.984,52.8941,53.164
2022-12-08,37149,2213146,60.1,60.1,58.9,59.0,0.1,40,0.8995594186501893,54.0635,53.074,52.984,54.0635
2022-12-09,12534,740467,59.0,59.2,59.0,59.1,0.1,32,0.8995594186501893,53.074,53.164,53.074,53.2539
2022-12-12,27604,1646301,59.1,59.9,59.1,59.8,0.7,51,0.8995594186501893,53.164,53.7937,53.164,53.8836
2022-12-13,16251,968341,59.6,59.8,59.5,59.8,0.0,28,0.8995594186501893,53.6137,53.7937,53.5238,53.7937
2022-12-14,52268,3140300,59.8,60.4,59.3,60.1,0.3,73,0.8995594186501893,53.7937,54.0635,53.3439,54.3334
2022-12-15,43491,2609452,60.3,60.3,58.9,60.0,-0.1,58,0.8995594186501893,54.2434,53.9736,52.984,54.2434
2022-12-16,29417,1748393,60.1,60.1,59.1,59.6,-0.4,45,0.8995594186501893,54.0635,53.6137,53.164,54.0635
2022-12-19,24729,1465018,59.6,59.7,58.2,58.5,-1.1,48,0.8995594186501893,53.6137,52.6242,52.3544,53.7037
2022-12-20,39035,2264103,59.5,59.5,57.5,58.3,-0.2,77,0.8995594186501893,53.5238,52.4443,51.7247,53.5238
2022-12-21,11699,686382,58.0,59.0,58.0,58.9,0.6,28,0.8995594186501893,52.1744,52.984,52.1744,53.074
2022-12-22,25166,1472810,58.9,59.0,58.0,58.7,-0.2,38,0.8995594186501893,52.984,52.8041,52.1744,53.074
2022-12-23,9175,537001,57.8,58.9,57.8,58.5,-0.2,36,0.8995594186501893,51.9945,52.6242,51.9945,52.984
2022-12-26,21949,1292788,60.0,60.0,58.6,58.6,0.1,47,0.8995594186501893,53.9736,52.7142,52.7142,53.9736
2022-12-27,24637,1451195,59.2,59.4,58.5,58.9,0.3,45,0.8995594186501893,53.2539,52.984,52.6242,53.4338
2022-12-28,9400,551296,58.1,59.1,58.1,58.8,-0.1,46,0.8995594186501893,52.2644,52.8941,52.2644,53.164
2022-12-29,13625,798180,58.1,58.9,58.1,58.9,0.1,35,0.8995594186501893,52.2644,52.984,52.2644,52.984
2022-12-30,30305,1772962,58.9,59.0,57.9,59.0,0.1,76,0.8995594186501893,52.984,53.074,52.0845,53.074
2023-01-03,57216,3374270,58.7,59.1,58.5,59.1,0.1,63,0.8995594186501893,52.8041,53.164,52.6242,53.164
2023-01-04,14763,871203,59.0,59.1,58.6,59.0,-0.1,37,0.8995594186501893,53.074,53.074,52.7142,53.164
2023-01-05,17564,1032577,59.0,59.0,58.6,59.0,0.0,44,0.8995594186501893,53.074,53.074,52.7142,53.074
2023-01-06,90560,5344876,58.8,59.5,58.5,59.4,0.4,73,0.8995594186501893,52.8941,53.4338,52.6242,53.5238
2023-01-09,26699,1585013,59.4,59.4,59.1,59.4,0.0,51,0.8995594186501893,53.4338,53.4338,53.164,53.4338
2023-01-10,50949,3025125,59.4,59.5,59.2,59.4,0.0,53,0.8995594186501893,53.4338,53.4338,53.2539,53.5238
2023-01-11,59109,3512997,59.5,59.8,59.2,59.8,0.4,66,0.8995594186501893,53.5238,53.7937,53.2539,53.7937
2023-01-12,38320,2288411,59.8,59.9,59.5,59.8,0.0,52,0.8995594186501893,53.7937,53.7937,53.5238,53.8836
2023-01-13,23436,1400558,59.9,59.9,59.6,59.8,0.0,36,0.8995594186501893,53.8836,53.7937,53.6137,53.8836
2023-01-16,31671,1896659,59.8,60.0,59.7,60.0,0.2,42,0.8995594186501893,53.7937,53.9736,53.7037,53.9736
2023-01-17,67151,4039169,60.0,60.4,60.0,60.4,0.4,111,0.8995594186501893,53.9736,54.3334,53.9736,54.3334
2023-01-30,81319,4953635,60.4,61.7,60.4,61.1,0.7,104,0.8995594186501893,54.3334,54.9631,54.3334,55.5028
2023-01-31,68518,4202149,61.3,61.6,61.0,61.3,0.2,88,0.8995594186501893,55.143,55.143,54.8731,55.4129
2023-02-01,33554,2081623,61.6,62.2,61.6,62.1,0.8,92,0.8995594186501893,55.4129,55.8626,55.4129,55.9526
2023-02-02,43447,2721829,63.1,63.2,62.1,62.6,0.5,59,0.8995594186501893,56.7622,56.3124,55.8626,56.8522
2023-02-03,24031,1508422,63.2,63.2,62.4,63.0,0.4,54,0.8995594186501893,56.8522,56.6722,56.1325,56.8522
2023-02-06,51585,3244994,63.0,63.5,61.1,62.9,-0.1,102,0.8995594186501893,56.6722,56.5823,54.9631,57.122
2023-02-07,18558,1168768,63.3,63.3,62.8,62.9,0.0,60,0.8995594186501893,56.9421,56.5823,56.4923,56.9421
2023-02-08,28822,1826761,63.1,64.7,63.0,63.2,0.3,112,0.8995594186501893,56.7622,56.8522,56.6722,58.2015
2023-02-09,30096,1894418,63.3,63.3,62.7,62.8,-0.4,146,0.8995594186501893,56.9421,56.4923,56.4024,56.9421
2023-02-10,23494,1461471,62.6,62.6,61.9,62.3,-0.5,52,0.8995594186501893,56.3124,56.0426,55.6827,56.3124
2023-02-13,61974,3802421,61.9,62.2,60.0,61.6,-0.7,90,0.8995594186501893,55.6827,55.4129,53.9736,55.9526
2023-02-14,18744,1160452,61.9,62.1,61.6,61.9,0.3,44,0.8995594186501893,55.6827,55.6827,55.4129,55.8626
2023-02-15,15239,944079,62.8,62.9,61.2,61.6,-0.3,49,0.8995594186501893,56.4923,55.4129,55.053,56.5823
2023-02-16,13565,839375,62.2,62.2,61.6,62.0,0.4,43,0.8995594186501893,55.9526,55.7727,55.4129,55.9526
2023-02-17,34927,2183532,62.0,62.8,62.0,62.8,0.8,97,0.8995594186501893,55.7727,56.4923,55.7727,56.4923
2023-02-20,55694,3495176,63.0,63.2,62.2,63.1,0.3,127,0.8995594186501893,56.6722,56.7622,55.9526,56.8522
2023-02-21,13659,858425,63.1,63.1,62.6,63.0,-0.1,48,0.8995594186501893,56.7622,56.6722,56.3124,56.7622
2023-02-22,28957,1817713,62.8,63.0,62.5,62.9,-0.1,64,0.8995594186501893,56.4923,56.5823,56.2225,56.6722
2023-02-23,31126,1961377,62.7,64.0,62.7,63.0,0.1,100,0.8995594186501893,56.4024,56.6722,56.4024,57.5718
2023-02-24,47962,3040821,63.5,63.6,63.3,63.4,0.4,66,0.8995594186501893,57.122,57.0321,56.9421,57.212
2023-03-01,64102,4097550,63.7,64.6,63.5,64.0,0.6,72,0.8995594186501893,57.3019,57.5718,57.122,58.1115
2023-03-02,46068,2938024,64.2,64.2,63.5,63.5,-0.5,84,0.8995594186501893,57.7517,57.122,57.122,57.7517
2023-03-03,46813,2971292,63.6,63.7,63.4,63.7,0.2,73,0.8995594186501893,57.212,57.3019,57.0321,57.3019
2023-03-06,60178,3866605,64.1,64.6,64.0,64.6,0.9,84,0.8995594186501893,57.6618,58.1115,57.5718,58.1115
2023-03-07,77689,5067673,64.8,65.8,64.6,65.8,1.2,90,0.8995594186501893,58.2915,59.191,58.1115,59.191
2023-03-08,73662,4825373,65.8,66.4,64.6,66.2,0.4,109,0.8995594186501893,59.191,59.5508,58.1115,59.7307
2023-03-09,23375,1556102,67.3,67.3,66.1,66.5,0.3,277,0.8995594186501893,60.5403,59.8207,59.4609,60.5403
2023-03-10,65004,4273437,66.1,66.5,65.1,66.3,-0.2,200,0.8995594186501893,59.4609,59.6408,58.5613,59.8207
2023-03-13,81673,5295210,66.3,66.3,63.5,65.0,-1.3,248,0.8995594186501893,59.6408,58.4714,57.122,59.6408
2023-03-14,66404,4250427,66.4,66.4,63.5,64.9,-0.1,114,0.8995594186501893,59.7307,58.3814,57.122,59.7307
2023-03-15,41270,2657354,64.3,64.7,64.0,64.7,-0.2,165,0.8995594186501893,57.8417,58.2015,57.5718,58.2015
2023-03-16,45481,2899836,64.6,64.6,63.5,63.5,-1.2,158,0.8995594186501893,58.1115,57.122,57.122,58.1115
2023-03-17,32496,2070786,64.1,64.1,63.5,63.7,0.2,58,0.8995594186501893,57.6618,57.3019,57.122,57.6618
2023-03-20,32582,2073695,63.9,63.9,63.5,63.9,0.2,147,0.8995594186501893,57.4818,57.4818,57.122,57.4818
2023-03-21,24430,1556258,63.9,63.9,63.5,63.5,-0.4,110,0.8995594186501893,57.4818,57.122,57.122,57.4818
2023-03-22,25312,1605770,63.5,63.6,63.2,63.6,0.1,64,0.8995594186501893,57.122,57.212,56.8522,57.212
2023-03-23,36341,2334168,63.6,64.7,63.6,64.2,0.6,61,0.8995594186501893,57.212,57.7517,57.212,58.2015
2023-03-24,32903,2136607,65.9,65.9,64.3,64.8,0.6,59,0.8995594186501893,59.281,58.2915,57.8417,59.281
2023-03-27,20587,1330433,64.8,65.0,64.3,64.9,0.1,42,0.8995594186501893,58.2915,58.3814,57.8417,58.4714
2023-03-28,19224,1237928,64.9,64.9,64.0,64.7,-0.2,44,0.8995594186501893,58.3814,58.2015,57.5718,58.3814
2023-03-29,38079,2473628,64.9,65.4,64.6,64.9,0.2,47,0.8995594186501893,58.3814,58.3814,58.1115,58.8312
2023-03-30,6278,406617,65.0,65.0,64.2,64.8,-0.1,38,0.8995594186501893,58.4714,58.2915,57.7517,58.4714
2023-03-31,39064,2550411,66.2,66.2,65.0,65.4,0.6,42,0.8995594186501893,59.5508,58.8312,58.4714,59.5508
2023-04-06,23940,1569776,65.9,65.9,65.4,65.4,0.0,146,0.8995594186501893,59.281,58.8312,58.8312,59.281
2023-04-07,42907,2788587,65.0,65.3,64.8,65.3,-0.1,115,0.8995594186501893,58.4714,58.7412,58.2915,58.7412
2023-04-10,12759,830844,65.3,65.3,64.8,64.9,-0.4,191,0.8995594186501893,58.7412,58.3814,58.2915,58.7412
2023-04-11,16804,1082957,64.3,64.5,64.3,64.5,-0.4,106,0.8995594186501893,57.8417,58.0216,57.8417,58.0216
2023-04-12,37615,2426000,64.5,64.8,64.3,64.6,0.1,171,0.8995594186501893,58.0216,58.1115,57.8417,58.2915
2023-04-13,53200,3409755,64.5,64.5,63.9,64.0,-0.6,401,0.8995594186501893,58.0216,57.5718,57.4818,58.0216
2023-04-14,92542,5882433,63.9,63.9,63.4,63.4,-0.6,177,0.8995594186501893,57.4818,57.0321,57.0321,57.4818
2023-04-17,55639,3526181,63.5,63.6,63.1,63.6,0.2,283,0.8995594186501893,57.122,57.212,56.7622,57.212
2023-04-18,19423,1236187,63.2,63.9,63.2,63.5,-0.1,87,0.8995594186501893,56.8522,57.122,56.8522,57.4818
2023-04-19,47517,3016902,63.8,63.8,63.3,63.3,-0.2,142,0.8995594186501893,57.3919,56.9421,56.9421,57.3919
2023-04-20,74520,4692565,63.1,63.4,62.6,62.6,-0.7,130,0.8995594186501893,56.7622,56.3124,56.3124,57.0321
2023-04-21,96415,5960920,62.5,62.6,61.3,62.3,-0.3,193,0.8995594186501893,56.2225,56.0426,55.143,56.3124
2023-04-24,30700,1910790,62.1,62.5,62.0,62.3,0.0,106,0.8995594186501893,55.8626,56.0426,55.7727,56.2225
2023-04-25,57106,3527622,62.5,62.5,61.1,61.9,-0.4,111,0.8995594186501893,56.2225,55.6827,54.9631,56.2225
2023-04-26,45520,2810395,62.4,62.4,61.2,61.4,-0.5,88,0.8995594186501893,56.1325,55.2329,55.053,56.1325
2023-04-27,19477,1198569,61.4,61.8,61.4,61.8,0.4,47,0.8995594186501893,55.2329,55.5928,55.2329,55.5928
2023-04-28,22557,1396063,62.0,62.0,61.8,61.9,0.1,52,0.8995594186501893,55.7727,55.6827,55.5928,55.7727
2023-05-02,40189,2511028,61.9,63.4,61.9,63.0,1.1,86,0.8995594186501893,55.6827,56.6722,55.6827,57.0321
2023-05-03,36397,2305980,63.4,63.5,63.0,63.4,0.4,77,0.8995594186501893,57.0321,57.0321,56.6722,57.122
2023-05-04,25165,1580769,63.0,63.1,62.5,63.0,-0.4,53,0.8995594186501893,56.6722,56.6722,56.2225,56.7622
2023-05-05,35165,2212820,62.8,64.5,62.6,63.0,0.0,61,0.8995594186501893,56.4923,56.6722,56.3124,58.0216
2023-05-08,28588,1802950,63.1,63.2,63.0,63.1,0.1,54,0.8995594186501893,56.7622,56.7622,56.6722,56.8522
2023-05-09,25693,1614184,63.3,63.3,62.7,62.7,-0.4,65,0.8995594186501893,56.9421,56.4024,56.4024,56.9421
2023-05-10,30439,1910521,62.6,62.9,62.5,62.6,-0.1,54,0.8995594186501893,56.3124,56.3124,56.2225,56.5823
2023-05-11,21600,1357215,62.6,62.9,62.6,62.7,0.1,64,0.8995594186501893,56.3124,56.4024,56.3124,56.5823
2023-05-12,13118,826346,63.0,63.2,62.8,62.9,0.2,48,0.8995594186501893,56.6722,56.5823,56.4923,56.8522
2023-05-15,32117,1998330,62.1,62.5,62.0,62.3,-0.6,90,0.8995594186501893,55.8626,56.0426,55.7727,56.2225
2023-05-16,32558,2042686,62.5,63.0,62.5,62.8,0.5,54,0.8995594186501893,56.2225,56.4923,56.2225,56.6722
2023-05-17,114138,7259777,62.8,64.3,62.8,64.3,1.5,147,0.8995594186501893,56.4923,57.8417,56.4923,57.8417
2023-05-18,92939,5991707,64.6,65.1,64.2,64.3,0.0,123,0.8995594186501893,58.1115,57.8417,57.7517,58.5613
2023-05-19,38724,2488402,64.9,64.9,63.8,64.1,-0.2,92,0.8995594186501893,58.3814,57.6618,57.3919,58.3814
2023-05-22,28301,1812348,64.0,64.1,63.7,63.8,-0.3,83,0.8995594186501893,57.5718,57.3919,57.3019,57.6618
2023-05-23,26521,1700558,64.0,64.3,63.9,63.9,0.1,56,0.8995594186501893,57.5718,57.4818,57.4818,57.8417
2023-05-24,20264,1299279,64.0,64.3,63.8,64.3,0.4,57,0.8995594186501893,57.5718,57.8417,57.3919,57.8417
2023-05-25,12286,788630,64.3,64.3,64.1,64.1,-0.2,51,0.8995594186501893,57.8417,57.6618,57.6618,57.8417
2023-05-26,24589,1581022,64.1,64.4,64.1,64.2,0.1,68,0.8995594186501893,57.6618,57.7517,57.6618,57.9316
2023-05-29,57032,3658912,64.2,64.3,63.7,63.9,-0.3,57,0.8995594186501893,57.7517,57.4818,57.3019,57.8417
2023-05-30,29532,1893323,63.9,64.5,63.9,64.1,0.2,49,0.8995594186501893,57.4818,57.6618,57.4818,58.0216
2023-05-31,26653,1713220,64.5,64.5,63.8,64.4,0.3,58,0.8995594186501893,58.0216,57.9316,57.3919,58.0216
2023-06-01,21572,1389796,64.3,64.5,64.3,64.4,0.0,52,0.8995594186501893,57.8417,57.9316,57.8417,58.0216
2023-06-02,35693,2300320,64.4,64.6,64.2,64.3,-0.1,54,0.8995594186501893,57.9316,57.8417,57.7517,58.1115
2023-06-05,16310,1046165,64.0,64.6,63.9,64.3,0.0,82,0.8995594186501893,57.5718,57.8417,57.4818,58.1115
2023-06-06,32464,2075071,64.0,64.3,63.8,64.3,0.0,59,0.8995594186501893,57.5718,57.8417,57.3919,57.8417
2023-06-07,31656,2042417,64.3,64.6,64.3,64.6,0.3,56,0.8995594186501893,57.8417,58.1115,57.8417,58.1115
2023-06-08,7720,498232,64.5,64.5,64.5,64.5,-0.1,35,0.8995594186501893,58.0216,58.0216,58.0216,58.0216
2023-06-09,36882,2368912,64.2,64.5,64.0,64.5,0.0,80,0.8995594186501893,57.7517,58.0216,57.5718,58.0216
2023-06-12,38534,2475633,64.2,64.4,64.1,64.2,-0.3,52,0.8995594186501893,57.7517,57.7517,57.6618,57.9316
2023-06-13,35982,2309032,64.2,64.6,64.0,64.0,-0.2,76,0.8995594186501893,57.7517,57.5718,57.5718,58.1115
2023-06-14,29860,1909007,64.0,64.2,63.8,64.2,0.2,54,0.8995594186501893,57.5718,57.7517,57.3919,57.7517
2023-06-15,27543,1761365,64.1,64.2,63.7,64.2,0.0,53,0.8995594186501893,57.6618,57.7517,57.3019,57.7517
2023-06-16,104543,6793759,64.1,65.6,64.1,65.3,1.1,127,0.8995594186501893,57.6618,58.7412,57.6618,59.0111
2023-06-19,101137,6662383,65.4,66.3,65.4,66.1,0.8,189,0.8995594186501893,58.8312,59.4609,58.8312,59.6408
2023-06-20,75629,5019902,66.2,66.8,66.0,66.5,0.4,172,0.8995594186501893,59.5508,59.8207,59.3709,60.0906
2023-06-21,36237,2403905,66.5,66.7,66.0,66.7,0.2,72,0.8995594186501893,59.8207,60.0006,59.3709,60.0006
2023-06-26,26181,1729359,66.4,66.4,65.8,66.4,-0.3,140,0.8995594186501893,59.7307,59.7307,59.191,59.7307
2023-06-27,52479,3472386,66.4,66.4,65.9,66.1,-0.3,70,0.8995594186501893,59.7307,59.4609,59.281,59.7307
2023-06-28,26695,1764847,66.6,66.6,65.9,66.3,0.2,54,0.8995594186501893,59.9107,59.6408,59.281,59.9107
2023-06-29,31049,2057777,66.4,66.7,66.0,66.0,-0.3,65,0.8995594186501893,59.7307,59.3709,59.3709,60.0006
2023-06-30,11232,739719,66.0,66.2,65.7,66.2,0.2,39,0.8995594186501893,59.3709,59.5508,59.1011,59.5508
2023-07-03,33217,2215468,66.5,67.0,66.3,66.9,0.7,85,0.8995594186501893,59.8207,60.1805,59.6408,60.2705
2023-07-04,14056,933574,66.7,66.7,66.1,66.1,-0.8,75,0.8995594186501893,60.0006,59.4609,59.4609,60.0006
2023-07-05,44319,2925403,66.0,66.3,65.9,66.0,-0.1,51,0.8995594186501893,59.3709,59.3709,59.281,59.6408
2023-07-06,14241,939882,66.0,66.3,65.8,66.3,0.3,46,0.8995594186501893,59.3709,59.6408,59.191,59.6408
2023-07-07,12166,803408,66.3,66.3,65.8,66.2,-0.1,45,0.8995594186501893,59.6408,59.5508,59.191,59.6408
2023-07-10,55725,3650928,66.2,66.2,64.8,65.4,-0.8,81,0.8995594186501893,59.5508,58.8312,58.2915,59.5508
2023-07-11,14231,935097,65.5,66.0,65.4,65.6,0.2,65,0.8995594186501893,58.9211,59.0111,58.8312,59.3709
2023-07-12,35646,2348645,66.0,67.7,65.5,65.5,-0.1,43,0.8995594186501893,59.3709,58.9211,58.9211,60.9002
2023-07-13,24758,1622506,65.5,66.1,65.3,66.0,0.5,42,0.8995594186501893,58.9211,59.3709,58.7412,59.4609
2023-07-14,15029,992030,65.2,66.2,65.2,66.2,0.2,40,0.8995594186501893,58.6513,59.5508,58.6513,59.5508
2023-07-17,5888,387412,65.7,66.0,65.7,65.8,-0.4,68,0.8995594186501893,59.1011,59.191,59.1011,59.3709
2023-07-18,39244,2568080,65.8,66.0,64.8,65.4,-0.4,73,0.8995594186501893,59.191,58.8312,58.2915,59.3709
2023-07-19,11838,773150,65.2,65.9,65.1,65.6,0.2,49,0.8995594186501893,58.6513,59.0111,58.5613,59.281
2023-07-20,8587,561581,65.6,65.8,65.2,65.2,-0.4,27,0.8995594186501893,59.0111,58.6513,58.6513,59.191
2023-07-21,12642,829419,65.8,65.8,65.2,65.7,0.5,33,0.8995594186501893,59.191,59.1011,58.6513,59.191
2023-07-24,30034,1964898,65.7,65.7,65.1,65.4,-0.3,67,0.8995594186501893,59.1011,58.8312,58.5613,59.1011
2023-07-25,26947,1771492,65.4,66.5,65.3,65.8,0.4,50,0.8995594186501893,58.8312,59.191,58.7412,59.8207
2023-07-26,12689,833031,65.5,65.7,65.5,65.6,-0.2,44,0.8995594186501893,58.9211,59.0111,58.9211,59.1011
2023-07-27,15746,1035582,65.6,66.0,65.4,65.8,0.2,65,0.8995594186501893,59.0111,59.191,58.8312,59.3709
2023-07-28,13646,899118,65.5,66.0,65.5,65.9,0.1,49,0.8995594186501893,58.9211,59.281,58.9211,59.3709
2023-07-31,23100,1519211,65.9,66.0,65.6,65.6,-0.3,57,0.8995594186501893,59.281,59.0111,59.0111,59.3709
2023-08-01,12878,848262,66.7,66.7,65.6,65.6,0.0,65,0.8995594186501893,60.0006,59.0111,59.0111,60.0006
2023-08-02,29783,1951313,65.6,65.8,65.2,65.2,-0.4,56,0.8995594186501893,59.0111,58.6513,58.6513,59.191
2023-08-04,20756,1353879,65.2,65.7,65.0,65.3,0.1,132,0.8995594186501893,58.6513,58.7412,58.4714,59.1011
2023-08-07,10487,686520,65.8,65.8,65.0,65.4,0.1,86,0.8995594186501893,59.191,58.8312,58.4714,59.191
2023-08-08,46830,3058933,65.4,65.5,65.1,65.5,0.1,189,0.8995594186501893,58.8312,58.9211,58.5613,58.9211
2023-08-09,23392,1541627,65.7,66.3,65.5,66.2,0.7,98,0.8995594186501893,59.1011,59.5508,58.9211,59.6408
2023-08-10,45747,3017417,66.2,66.2,65.7,66.0,-0.2,108,0.8995594186501893,59.5508,59.3709,59.1011,59.5508
2023-08-11,13234,877318,66.2,66.3,66.1,66.3,0.3,76,0.8995594186501893,59.5508,59.6408,59.4609,59.6408
2023-08-14,52275,3490823,66.4,67.1,66.4,67.0,0.7,118,0.8995594186501893,59.7307,60.2705,59.7307,60.3604
2023-08-15,37831,2526699,67.0,67.0,66.5,66.7,-0.3,89,0.8995594186501893,60.2705,60.0006,59.8207,60.2705
2023-08-16,14501,967351,66.5,66.8,66.5,66.7,0.0,46,0.8995594186501893,59.8207,60.0006,59.8207,60.0906
2023-08-17,29884,1992016,66.1,67.0,66.1,67.0,0.3,75,0.8995594186501893,59.4609,60.2705,59.4609,60.2705
2023-08-18,54709,3675446,66.5,67.5,66.3,67.5,0.5,121,0.8995594186501893,59.8207,60.7203,59.6408,60.7203
2023-08-21,171023,11659224,67.4,68.7,67.4,68.6,1.1,244,0.8995594186501893,60.6303,61.7098,60.6303,61.7997
2023-08-22,90359,5978388,66.5,66.8,66.0,66.1,0.0,127,0.9335820895522388,62.0832,61.7098,61.6164,62.3633
2023-08-23,35485,2343242,66.1,66.4,65.9,66.0,-0.1,74,0.9335820895522388,61.7098,61.6164,61.5231,61.9899
2023-08-24,15876,1049223,65.8,66.2,65.8,66.2,0.2,52,0.9335820895522388,61.4297,61.8031,61.4297,61.8031
2023-08-25,24418,1614466,66.0,66.3,66.0,66.2,0.0,65,0.9335820895522388,61.6164,61.8031,61.6164,61.8965
2023-08-28,15369,1018541,66.3,66.3,66.2,66.2,0.0,44,0.9335820895522388,61.8965,61.8031,61.8031,61.8965
2023-08-29,20574,1363543,66.3,66.3,66.2,66.3,0.1,45,0.9335820895522388,61.8965,61.8965,61.8031,61.8965
2023-08-30,30391,2017453,66.3,66.4,66.3,66.4,0.1,44,0.9335820895522388,61.8965,61.9899,61.8965,61.9899
2023-08-31,7463,494193,66.2,66.3,66.2,66.3,-0.1,52,0.9335820895522388,61.8031,61.8965,61.8031,61.8965
2023-09-01,30081,1997382,66.4,66.5,66.2,66.4,0.1,52,0.9335820895522388,61.9899,61.9899,61.8031,62.0832
2023-09-04,51794,3452431,66.4,67.8,66.4,66.5,0.1,73,0.9335820895522388,61.9899,62.0832,61.9899,63.2969
2023-09-05,8512,568294,66.4,67.2,66.4,66.6,0.1,30,0.9335820895522388,61.9899,62.1766,61.9899,62.7367
2023-09-06,46374,3087875,66.7,66.7,66.5,66.5,-0.1,216,0.9335820895522388,62.2699,62.0832,62.0832,62.2699
2023-09-07,31266,2084600,67.2,67.2,66.6,66.6,0.1,80,0.9335820895522388,62.7367,62.1766,62.1766,62.7367
2023-09-08,26165,1751754,66.6,67.0,66.6,67.0,0.4,41,0.9335820895522388,62.1766,62.55,62.1766,62.55
2023-09-11,47339,3172281,67.0,67.3,66.8,66.9,-0.1,122,0.9335820895522388,62.55,62.4566,62.3633,62.8301
2023-09-12,7726,519114,66.9,67.5,66.9,67.2,0.3,68,0.9335820895522388,62.4566,62.7367,62.4566,63.0168
2023-09-13,7490,503169,67.0,67.2,67.0,67.2,0.0,45,0.9335820895522388,62.55,62.7367,62.55,62.7367
2023-09-14,38714,2608410,67.4,67.5,67.1,67.1,-0.1,60,0.9335820895522388,62.9234,62.6434,62.6434,63.0168
2023-09-15,44062,2958196,67.2,67.3,66.7,66.7,-0.4,97,0.9335820895522388,62.7367,62.2699,62.2699,62.8301
2023-09-18,27800,1862414,66.9,67.2,66.8,67.2,0.5,61,0.9335820895522388,62.4566,62.7367,62.3633,62.7367
2023-09-19,21547,1447432,67.0,67.4,67.0,67.4,0.2,70,0.9335820895522388,62.55,62.9234,62.55,62.9234
2023-09-20,17697,1193648,67.2,67.6,67.2,67.5,0.1,78,0.9335820895522388,62.7367,63.0168,62.7367,63.1101
2023-09-21,15617,1053516,67.3,67.6,67.3,67.5,0.0,53,0.9335820895522388,62.8301,63.0168,62.8301,63.1101
2023-09-22,9340,630607,67.5,67.6,67.4,67.5,0.0,31,0.9335820895522388,63.0168,63.0168,62.9234,63.1101
2023-09-25,18535,1249937,67.5,67.5,67.4,67.4,-0.1,51,0.9335820895522388,63.0168,62.9234,62.9234,63.0168
2023-09-26,22376,1504482,67.6,67.6,67.1,67.2,-0.2,89,0.9335820895522388,63.1101,62.7367,62.6434,63.1101
2023-09-27,52562,3531412,67.2,67.3,67.1,67.3,0.1,78,0.9335820895522388,62.7367,62.8301,62.6434,62.8301
2023-09-28,12441,836805,67.2,67.4,67.2,67.4,0.1,50,0.9335820895522388,62.7367,62.9234,62.7367,62.9234
2023-10-02,19884,1340615,67.4,67.5,67.4,67.4,0.0,56,0.9335820895522388,62.9234,62.9234,62.9234,63.0168
2023-10-03,1439,97105,67.5,67.5,67.5,67.5,0.1,36,0.9335820895522388,63.0168,63.0168,63.0168,63.0168
2023-10-04,35071,2344491,67.2,67.3,66.5,66.9,-0.6,84,0.9335820895522388,62.7367,62.4566,62.0832,62.8301
2023-10-05,19859,1330277,67.6,67.6,66.8,66.9,0.0,61,0.9335820895522388,63.1101,62.4566,62.3633,63.1101
2023-10-06,14540,971909,66.6,67.0,66.6,66.9,0.0,51,0.9335820895522388,62.1766,62.4566,62.1766,62.55
2023-10-11,23408,1574764,67.1,67.8,66.9,67.7,0.8,48,0.9335820895522388,62.6434,63.2035,62.4566,63.2969
2023-10-12,32890,2235309,68.0,68.1,67.5,68.1,0.4,60,0.9335820895522388,63.4836,63.5769,63.0168,63.5769
2023-10-13,8131,553365,68.2,68.2,67.9,68.1,0.0,89,0.9335820895522388,63.6703,63.5769,63.3902,63.6703
2023-10-16,12742,866721,68.1,68.2,67.6,68.2,0.1,83,0.9335820895522388,63.5769,63.6703,63.1101,63.6703
2023-10-17,16697,1136033,68.6,68.6,67.2,67.7,-0.5,200,0.9335820895522388,64.0437,63.2035,62.7367,64.0437
2023-10-18,12193,828815,67.6,68.2,67.6,68.1,0.4,60,0.9335820895522388,63.1101,63.5769,63.1101,63.6703
2023-10-19,13330,904256,68.1,68.1,67.5,67.9,-0.2,35,0.9335820895522388,63.5769,63.3902,63.0168,63.5769
2023-10-20,8333,563575,67.2,67.9,67.2,67.7,-0.2,71,0.9335820895522388,62.7367,63.2035,62.7367,63.3902
2023-10-23,17322,1166809,67.7,67.7,67.1,67.5,-0.2,56,0.9335820895522388,63.2035,63.0168,62.6434,63.2035
2023-10-24,15960,1070443,67.0,67.6,67.0,67.0,-0.5,76,0.9335820895522388,62.55,62.55,62.55,63.1101
2023-10-25,18501,1238457,67.0,67.0,66.9,66.9,-0.1,74,0.9335820895522388,62.55,62.4566,62.4566,62.55
2023-10-26,26151,1742354,66.8,67.0,66.5,66.8,-0.1,48,0.9335820895522388,62.3633,62.3633,62.0832,62.55
2023-10-27,37826,2512306,66.9,66.9,65.7,66.5,-0.3,84,0.9335820895522388,62.4566,62.0832,61.3363,62.4566
2023-10-30,9330,619745,66.7,66.7,66.2,66.5,0.0,35,0.9335820895522388,62.2699,62.0832,61.8031,62.2699
2023-10-31,31183,2069469,66.5,66.5,66.0,66.5,0.0,71,0.9335820895522388,62.0832,62.0832,61.6164,62.0832
2023-11-01,8263,552302,68.1,68.1,66.3,66.9,0.4,24,0.9335820895522388,63.5769,62.4566,61.8965,63.5769
2023-11-02,7378,492091,67.3,67.3,66.5,67.0,0.1,34,0.9335820895522388,62.8301,62.55,62.0832,62.8301
2023-11-03,8522,571311,67.1,67.1,66.8,67.1,0.1,41,0.9335820895522388,62.6434,62.6434,62.3633,62.6434
2023-11-06,16338,1095936,67.2,67.3,67.0,67.1,0.0,41,0.9335820895522388,62.7367,62.6434,62.55,62.8301
2023-11-07,8432,563912,66.8,67.1,66.8,67.1,0.0,45,0.9335820895522388,62.3633,62.6434,62.3633,62.6434
2023-11-08,8581,574971,67.1,67.2,66.6,67.2,0.1,38,0.9335820895522388,62.6434,62.7367,62.1766,62.7367
2023-11-09,14025,948636,67.5,68.1,67.4,67.4,0.2,45,0.9335820895522388,63.0168,62.9234,62.9234,63.5769
2023-11-10,8582,578869,67.4,67.5,67.2,67.5,0.1,45,0.9335820895522388,62.9234,63.0168,62.7367,63.0168
2023-11-13,15345,1036289,67.5,67.7,67.5,67.7,0.2,45,0.9335820895522388,63.0168,63.2035,63.0168,63.2035
2023-11-14,33810,2304092,68.3,68.6,67.5,68.3,0.6,53,0.9335820895522388,63.7637,63.7637,63.0168,64.0437
2023-11-15,24976,1697532,68.3,68.3,67.8,68.3,0.0,62,0.9335820895522388,63.7637,63.7637,63.2969,63.7637
2023-11-16,25789,1747243,68.5,68.5,67.1,67.5,-0.8,72,0.9335820895522388,63.9504,63.0168,62.6434,63.9504
2023-11-17,30380,2046379,67.0,68.3,67.0,68.3,0.8,60,0.9335820895522388,62.55,63.7637,62.55,63.7637
2023-11-20,14618,995989,67.6,68.4,67.6,68.4,0.1,56,0.9335820895522388,63.1101,63.857,63.1101,63.857
2023-11-21,45092,3059743,67.4,68.4,67.4,68.4,0.0,99,0.9335820895522388,62.9234,63.857,62.9234,63.857
2023-11-22,44546,3015222,67.7,68.0,67.5,67.9,-0.5,156,0.9335820895522388,63.2035,63.3902,63.0168,63.4836
2023-11-23,44861,3015825,67.9,68.0,67.0,67.3,-0.6,76,0.9335820895522388,63.3902,62.8301,62.55,63.4836
2023-11-24,39628,2660533,67.9,67.9,67.0,67.0,-0.3,89,0.9335820895522388,63.3902,62.55,62.55,63.3902
2023-11-27,26038,1742930,67.0,67.0,66.7,66.9,-0.1,89,0.9335820895522388,62.55,62.4566,62.2699,62.55
2023-11-28,52770,3533191,66.9,67.5,66.7,67.0,0.1,88,0.9335820895522388,62.4566,62.55,62.2699,63.0168
2023-11-29,48518,3251482,66.8,67.3,66.8,67.0,0.0,74,0.9335820895522388,62.3633,62.55,62.3633,62.8301
2023-11-30,29358,1966412,67.0,67.0,66.9,67.0,0.0,63,0.9335820895522388,62.55,62.55,62.4566,62.55
2023-12-01,55651,3736493,67.0,67.9,66.9,67.9,0.9,79,0.9335820895522388,62.55,63.3902,62.4566,63.3902
2023-12-04,39035,2626547,67.9,67.9,67.0,67.2,-0.7,108,0.9335820895522388,63.3902,62.7367,62.55,63.3902
2023-12-05,14536,974195,67.2,67.2,67.0,67.1,-0.1,90,0.9335820895522388,62.7367,62.6434,62.55,62.7367
2023-12-06,36773,2464893,67.1,67.6,67.0,67.0,-0.1,80,0.9335820895522388,62.6434,62.55,62.55,63.1101
2023-12-07,29381,1966413,67.0,67.0,66.7,67.0,0.0,63,0.9335820895522388,62.55,62.55,62.2699,62.55
2023-12-08,45546,3058819,67.8,67.8,67.0,67.5,0.5,71,0.9335820895522388,63.2969,63.0168,62.55,63.2969
2023-12-11,12701,856989,67.5,67.5,67.3,67.5,0.0,57,0.9335820895522388,63.0168,63.0168,62.8301,63.0168
2023-12-12,58121,3896603,67.6,67.6,66.9,67.0,-0.5,87,0.9335820895522388,63.1101,62.55,62.4566,63.1101
2023-12-13,25221,1689546,67.0,67.0,66.9,67.0,0.0,277,0.9335820895522388,62.55,62.55,62.4566,62.55
2023-12-14,36120,2431388,66.9,67.5,66.9,67.5,0.5,91,0.9335820895522388,62.4566,63.0168,62.4566,63.0168
2023-12-15,41602,2787250,67.5,67.5,66.8,67.0,-0.5,117,0.9335820895522388,63.0168,62.55,62.3633,63.0168
2023-12-18,28861,1942604,67.0,67.5,67.0,67.4,0.4,86,0.9335820895522388,62.55,62.9234,62.55,63.0168
2023-12-19,34577,2312996,67.4,67.4,66.8,66.9,-0.5,70,0.9335820895522388,62.9234,62.4566,62.3633,62.9234
2023-12-20,12652,845512,66.8,67.0,66.7,67.0,0.1,38,0.9335820895522388,62.3633,62.55,62.2699,62.55
2023-12-21,44995,3012234,67.0,67.0,66.8,66.8,-0.2,67,0.9335820895522388,62.55,62.3633,62.3633,62.55
2023-12-22,50492,3382648,66.8,67.2,66.8,67.0,0.2,80,0.9335820895522388,62.3633,62.55,62.3633,62.7367
2023-12-25,23075,1543513,67.0,67.0,66.8,66.9,-0.1,52,0.9335820895522388,62.55,62.4566,62.3633,62.55
2023-12-26,22643,1515236,66.8,67.0,66.8,67.0,0.1,79,0.9335820895522388,62.3633,62.55,62.3633,62.55
2023-12-27,16385,1096971,67.0,67.0,66.8,67.0,0.0,54,0.9335820895522388,62.55,62.55,62.3633,62.55
2023-12-28,49048,3286640,67.1,67.2,66.9,67.0,0.0,69,0.9335820895522388,62.6434,62.55,62.4566,62.7367
2023-12-29,46854,3137544,67.0,67.0,66.8,66.9,-0.1,77,0.9335820895522388,62.55,62.4566,62.3633,62.55
2024-01-02,21650,1447604,66.8,66.9,66.8,66.9,0.0,67,0.9335820895522388,62.3633,62.4566,62.3633,62.4566
2024-01-03,21983,1470751,66.9,67.0,66.8,66.9,0.0,68,0.9335820895522388,62.4566,62.4566,62.3633,62.55
2024-01-04,56260,3768468,66.9,67.0,66.9,67.0,0.1,96,0.9335820895522388,62.4566,62.55,62.4566,62.55
2024-01-05,117372,7894433,66.9,67.6,66.9,67.6,0.6,147,0.9335820895522388,62.4566,63.1101,62.4566,63.1101
2024-01-08,108522,7281377,67.6,67.6,67.0,67.0,-0.6,155,0.9335820895522388,63.1101,62.55,62.55,63.1101
2024-01-09,103812,6937029,67.5,67.6,66.3,66.6,-0.4,162,0.9335820895522388,63.0168,62.1766,61.8965,63.1101
2024-01-10,27488,1840538,66.6,67.0,66.6,66.8,0.2,113,0.9335820895522388,62.1766,62.3633,62.1766,62.55
2024-01-11,35928,2405989,67.0,67.0,66.9,66.9,0.1,70,0.9335820895522388,62.55,62.4566,62.4566,62.55
2024-01-12,21003,1406347,67.0,67.0,66.9,66.9,0.0,41,0.9335820895522388,62.55,62.4566,62.4566,62.55
2024-01-15,23289,1562070,67.5,67.5,66.8,66.8,-0.1,80,0.9335820895522388,63.0168,62.3633,62.3633,63.0168
2024-01-16,41202,2743539,66.8,66.8,66.4,66.6,-0.2,196,0.9335820895522388,62.3633,62.1766,61.9899,62.3633
2024-01-17,33455,2227919,66.4,67.0,66.3,67.0,0.4,103,0.9335820895522388,61.9899,62.55,61.8965,62.55
2024-01-18,46888,3130588,66.9,67.0,66.5,66.9,-0.1,88,0.9335820895522388,62.4566,62.4566,62.0832,62.55
2024-01-19,39787,2649282,66.5,67.0,66.5,66.5,-0.4,91,0.9335820895522388,62.0832,62.0832,62.0832,62.55
2024-01-22,5928,396107,66.6,66.8,66.6,66.8,0.3,63,0.9335820895522388,62.1766,62.3633,62.1766,62.3633
2024-01-23,51361,3440357,66.7,67.0,66.7,67.0,0.2,93,0.9335820895522388,62.2699,62.55,62.2699,62.55
2024-01-24,14106,940366,66.6,66.8,66.6,66.6,-0.4,171,0.9335820895522388,62.1766,62.1766,62.1766,62.3633
2024-01-25,9710,646552,66.7,66.7,66.6,66.6,0.0,46,0.9335820895522388,62.2699,62.1766,62.1766,62.2699
2024-01-26,13672,912518,67.0,67.0,66.7,66.7,0.1,73,0.9335820895522388,62.55,62.2699,62.2699,62.55
2024-01-29,16846,1127517,66.9,67.0,66.7,67.0,0.3,135,0.9335820895522388,62.4566,62.55,62.2699,62.55
2024-01-30,7602,511290,67.2,67.3,67.1,67.3,0.3,65,0.9335820895522388,62.7367,62.8301,62.6434,62.8301
2024-01-31,23666,1584247,67.1,67.1,66.7,67.0,-0.3,169,0.9335820895522388,62.6434,62.55,62.2699,62.6434
2024-02-01,26287,1763156,67.3,67.3,66.9,67.0,0.0,70,0.9335820895522388,62.8301,62.55,62.4566,62.8301
2024-02-02,8266,554821,66.8,67.2,66.8,67.2,0.2,52,0.9335820895522388,62.3633,62.7367,62.3633,62.7367
2024-02-05,37010,2475595,67.0,67.2,66.7,67.2,0.0,142,0.9335820895522388,62.55,62.7367,62.2699,62.7367
2024-02-15,64548,4344614,67.0,67.7,66.6,67.7,0.5,190,0.9335820895522388,62.55,63.2035,62.1766,63.2035
2024-02-16,93219,6350260,67.7,68.6,67.2,68.5,0.8,212,0.9335820895522388,63.2035,63.9504,62.7367,64.0437
2024-02-19,72900,5007381,68.6,69.0,68.5,68.9,0.4,287,0.9335820895522388,64.0437,64.3238,63.9504,64.4172
2024-02-20,47176,3266558,68.9,69.4,68.9,69.3,0.4,506,0.9335820895522388,64.3238,64.6972,64.3238,64.7906
2024-02-21,58051,4064204,69.4,70.3,69.3,70.2,0.9,286,0.9335820895522388,64.7906,65.5375,64.6972,65.6308
2024-02-22,142084,9940628,70.1,70.4,69.7,69.9,-0.3,428,0.9335820895522388,65.4441,65.2574,65.0707,65.7242
2024-02-23,49660,3468942,69.8,70.0,69.8,69.9,0.0,242,0.9335820895522388,65.164,65.2574,65.164,65.3507
2024-02-26,40518,2839193,70.5,70.5,69.9,70.1,0.2,258,0.9335820895522388,65.8175,65.4441,65.2574,65.8175
2024-02-27,46369,3244553,70.1,70.1,69.8,69.8,-0.3,195,0.9335820895522388,65.4441,65.164,65.164,65.4441
2024-02-29,51197,3582664,69.8,70.3,69.8,69.8,0.0,257,0.9335820895522388,65.164,65.164,65.164,65.6308
2024-03-01,38726,2704915,69.8,70.0,69.5,69.9,0.1,186,0.9335820895522388,65.164,65.2574,64.884,65.3507
2024-03-04,70382,4940376,69.9,70.5,69.9,70.3,0.4,371,0.9335820895522388,65.2574,65.6308,65.2574,65.8175
2024-03-05,53245,3765153,70.5,71.0,70.4,70.6,0.3,253,0.9335820895522388,65.8175,65.9109,65.7242,66.2843
2024-03-06,39821,2825123,71.0,71.0,70.8,71.0,0.4,605,0.9335820895522388,66.2843,66.2843,66.0976,66.2843
2024-03-07,42993,3054071,71.0,71.1,70.9,71.1,0.1,332,0.9335820895522388,66.2843,66.3777,66.191,66.3777
2024-03-08,48301,3425497,71.1,71.2,70.7,70.7,-0.4,321,0.9335820895522388,66.3777,66.0043,66.0043,66.471
2024-03-11,28378,1999359,70.7,70.8,70.0,70.5,-0.2,235,0.9335820895522388,66.0043,65.8175,65.3507,66.0976
2024-03-12,27698,1967696,70.6,71.2,70.6,71.0,0.5,124,0.9335820895522388,65.9109,66.2843,65.9109,66.471
2024-03-13,36522,2601420,71.0,71.5,71.0,71.1,0.1,140,0.9335820895522388,66.2843,66.3777,66.2843,66.7511
2024-03-14,27814,1990616,71.9,72.0,71.2,71.3,0.2,237,0.9335820895522388,67.1246,66.5644,66.471,67.2179
2024-03-15,21265,1519070,71.4,71.5,71.3,71.3,0.0,153,0.9335820895522388,66.6578,66.5644,66.5644,66.7511
2024-03-18,34188,2439871,71.3,71.5,71.2,71.4,0.1,190,0.9335820895522388,66.5644,66.6578,66.471,66.7511
2024-03-19,32672,2347138,71.4,72.1,71.4,71.9,0.5,145,0.9335820895522388,66.6578,67.1246,66.6578,67.3113
2024-03-20,54644,3931152,71.8,72.3,71.8,71.9,0.0,167,0.9335820895522388,67.0312,67.1246,67.0312,67.498
2024-03-21,24575,1772197,72.2,72.3,72.0,72.1,0.2,145,0.9335820895522388,67.4046,67.3113,67.2179,67.498
2024-03-22,27788,2011887,72.1,72.9,72.0,72.7,0.6,131,0.9335820895522388,67.3113,67.8714,67.2179,68.0581
2024-03-25,79059,5855773,72.8,74.7,72.8,74.7,2.0,258,0.9335820895522388,67.9648,69.7386,67.9648,69.7386
2024-03-26,100758,7622631,74.8,76.0,74.8,75.4,0.7,343,0.9335820895522388,69.8319,70.3921,69.8319,70.9522
2024-03-27,54211,4073720,75.4,76.3,74.9,75.7,0.3,207,0.9335820895522388,70.3921,70.6722,69.9253,71.2323
2024-03-28,61058,4584365,75.7,75.7,73.9,74.5,-1.2,162,0.9335820895522388,70.6722,69.5519,68.9917,70.6722
2024-03-29,65289,4893947,74.9,75.4,74.6,74.6,0.1,231,0.9335820895522388,69.9253,69.6452,69.6452,70.3921
2024-04-01,46650,3487215,74.6,75.1,74.4,75.1,0.5,480,0.9335820895522388,69.6452,70.112,69.4585,70.112
2024-04-02,18571,1393871,75.7,75.8,74.8,74.8,-0.3,134,0.9335820895522388,70.6722,69.8319,69.8319,70.7655
2024-04-03,27876,2081901,74.5,74.9,74.5,74.8,0.0,184,0.9335820895522388,69.5519,69.8319,69.5519,69.9253
2024-04-08,48654,3642075,75.2,75.3,74.5,74.6,-0.2,460,0.9335820895522388,70.2054,69.6452,69.5519,70.2987
2024-04-09,48561,3634071,74.6,75.0,74.6,74.8,0.2,352,0.9335820895522388,69.6452,69.8319,69.6452,70.0187
2024-04-10,71282,5320611,74.6,74.8,74.5,74.7,-0.1,526,0.9335820895522388,69.6452,69.7386,69.5519,69.8319
2024-04-11,90951,6697100,72.3,74.5,72.3,73.6,-1.1,455,0.9335820895522388,67.498,68.7116,67.498,69.5519
2024-04-12,55117,4051905,73.0,73.9,73.0,73.9,0.3,164,0.9335820895522388,68.1515,68.9917,68.1515,68.9917
2024-04-15,68451,5012174,73.9,73.9,72.8,73.8,-0.1,475,0.9335820895522388,68.9917,68.8984,67.9648,68.9917
2024-04-16,48270,3513911,73.5,73.5,72.2,72.4,-1.4,190,0.9335820895522388,68.6183,67.5913,67.4046,68.6183
2024-04-17,81929,5928258,72.4,72.6,72.2,72.2,-0.2,163,0.9335820895522388,67.5913,67.4046,67.4046,67.7781
2024-04-18,147062,10812544,72.4,74.4,72.3,73.9,1.7,214,0.9335820895522388,67.5913,68.9917,67.498,69.4585
2024-04-19,77523,5630015,73.9,74.0,71.3,73.8,-0.1,398,0.9335820895522388,68.9917,68.8984,66.5644,69.0851
2024-04-22,75432,5589405,74.4,74.7,73.5,73.8,0.0,186,0.9335820895522388,69.4585,68.8984,68.6183,69.7386
2024-04-23,32238,2377402,73.7,73.8,73.6,73.7,-0.1,68,0.9335820895522388,68.805,68.805,68.7116,68.8984
2024-04-24,32425,2404263,74.3,74.3,73.8,74.1,0.4,69,0.9335820895522388,69.3651,69.1784,68.8984,69.3651
2024-04-25,16692,1235284,73.9,74.2,73.5,74.2,0.1,50,0.9335820895522388,68.9917,69.2718,68.6183,69.2718
2024-04-26,11541,856007,74.1,74.2,73.9,74.2,0.0,40,0.9335820895522388,69.1784,69.2718,68.9917,69.2718
2024-04-29,34754,2586094,74.7,74.7,74.2,74.2,0.0,106,0.9335820895522388,69.7386,69.2718,69.2718,69.7386
2024-04-30,12141,901168,74.2,74.4,74.0,74.2,0.0,47,0.9335820895522388,69.2718,69.2718,69.0851,69.4585
2024-05-02,19752,1457464,73.8,74.0,73.6,73.8,-0.4,68,0.9335820895522388,68.8984,68.8984,68.7116,69.0851
2024-05-03,30804,2268774,74.0,74.0,73.5,73.7,-0.1,58,0.9335820895522388,69.0851,68.805,68.6183,69.0851
2024-05-06,52565,3877287,73.7,74.3,73.4,73.6,-0.1,81,0.9335820895522388,68.805,68.7116,68.5249,69.3651
2024-05-07,31089,2294993,73.7,74.0,73.6,74.0,0.4,63,0.9335820895522388,68.805,69.0851,68.7116,69.0851
2024-05-08,34815,2571946,74.0,74.0,73.7,73.9,-0.1,83,0.9335820895522388,69.0851,68.9917,68.805,69.0851
2024-05-09,35439,2609961,73.8,73.8,73.4,73.4,-0.5,62,0.9335820895522388,68.8984,68.5249,68.5249,68.8984
2024-05-10,28062,2072655,73.4,74.3,73.4,73.6,0.2,76,0.9335820895522388,68.5249,68.7116,68.5249,69.3651
2024-05-13,28805,2127261,74.7,74.8,73.5,73.5,-0.1,95,0.9335820895522388,69.7386,68.6183,68.6183,69.8319
2024-05-14,19657,1446896,73.7,74.0,73.0,73.3,-0.2,145,0.9335820895522388,68.805,68.4316,68.1515,69.0851
2024-05-15,22658,1665821,73.2,73.8,73.2,73.7,0.4,52,0.9335820895522388,68.3382,68.805,68.3382,68.8984
2024-05-16,76499,5656803,75.2,75.2,73.5,73.8,0.1,118,0.9335820895522388,70.2054,68.8984,68.6183,70.2054
2024-05-17,14856,1095817,73.7,74.1,73.7,74.0,0.2,39,0.9335820895522388,68.805,69.0851,68.805,69.1784
2024-05-20,20093,1486717,74.3,74.3,73.7,74.2,0.2,60,0.9335820895522388,69.3651,69.2718,68.805,69.3651
2024-05-21,18960,1399382,74.2,74.2,73.5,74.0,-0.2,60,0.9335820895522388,69.2718,69.0851,68.6183,69.2718
2024-05-22,33417,2467909,74.0,74.2,73.7,73.7,-0.3,63,0.9335820895522388,69.0851,68.805,68.805,69.2718
2024-05-23,17635,1297271,73.5,73.7,73.4,73.5,-0.2,34,0.9335820895522388,68.6183,68.6183,68.5249,68.805
2024-05-24,17167,1259219,73.3,73.6,73.1,73.4,-0.1,56,0.9335820895522388,68.4316,68.5249,68.2449,68.7116
2024-05-27,7635,562658,73.4,74.5,73.4,73.5,0.1,38,0.9335820895522388,68.5249,68.6183,68.5249,69.5519
2024-05-28,32415,2395166,73.5,74.5,73.4,73.8,0.3,77,0.9335820895522388,68.6183,68.8984,68.5249,69.5519
2024-05-29,26665,1966381,73.6,74.3,73.5,73.8,0.0,44,0.9335820895522388,68.7116,68.8984,68.6183,69.3651
2024-05-30,22397,1652806,74.2,74.5,73.5,73.5,-0.3,64,0.9335820895522388,69.2718,68.6183,68.6183,69.5519
2024-05-31,45386,3347684,74.7,74.7,73.3,74.0,0.5,63,0.9335820895522388,69.7386,69.0851,68.4316,69.7386
2024-06-03,21760,1615328,74.0,74.5,73.6,74.0,0.0,51,0.9335820895522388,69.0851,69.0851,68.7116,69.5519
2024-06-04,40788,3002430,73.9,73.9,73.5,73.8,-0.2,59,0.9335820895522388,68.9917,68.8984,68.6183,68.9917
2024-06-05,12433,913879,73.5,73.8,73.5,73.8,0.0,69,0.9335820895522388,68.6183,68.8984,68.6183,68.8984
2024-06-06,17722,1304333,73.3,73.7,73.3,73.7,-0.1,47,0.9335820895522388,68.4316,68.805,68.4316,68.805
2024-06-07,16107,1184595,73.5,73.7,73.5,73.7,0.0,33,0.9335820895522388,68.6183,68.805,68.6183,68.805
2024-06-11,23600,1733861,73.6,73.6,73.2,73.5,-0.2,57,0.9335820895522388,68.7116,68.6183,68.3382,68.7116
2024-06-12,28199,2078967,73.3,74.5,73.2,73.6,0.1,54,0.9335820895522388,68.4316,68.7116,68.3382,69.5519
2024-06-13,18426,1356563,73.6,73.8,73.6,73.6,0.0,39,0.9335820895522388,68.7116,68.7116,68.7116,68.8984
2024-06-14,9509,699151,73.4,73.6,73.4,73.6,0.0,33,0.9335820895522388,68.5249,68.7116,68.5249,68.7116
2024-06-17,12635,929588,73.5,73.6,73.5,73.5,-0.1,34,0.9335820895522388,68.6183,68.6183,68.6183,68.7116
2024-06-18,21033,1548323,73.6,73.8,73.4,73.8,0.3,49,0.9335820895522388,68.7116,68.8984,68.5249,68.8984
2024-06-19,24375,1806357,73.7,74.5,73.7,74.3,0.5,73,0.9335820895522388,68.805,69.3651,68.805,69.5519
2024-06-20,89581,6650972,74.5,75.0,73.6,74.6,0.3,290,0.9335820895522388,69.5519,69.6452,68.7116,70.0187
2024-06-21,23867,1770631,74.1,75.0,73.7,75.0,0.4,149,0.9335820895522388,69.1784,70.0187,68.805,70.0187
2024-06-24,16513,1229559,75.0,75.0,74.1,74.6,-0.4,42,0.9335820895522388,70.0187,69.6452,69.1784,70.0187
2024-06-25,24862,1861851,75.0,75.0,74.5,75.0,0.4,52,0.9335820895522388,70.0187,70.0187,69.5519,70.0187
2024-06-26,26735,2008050,75.0,75.5,74.9,75.4,0.4,58,0.9335820895522388,70.0187,70.3921,69.9253,70.4854
2024-06-27,10725,797616,74.2,74.7,74.2,74.7,-0.7,30,0.9335820895522388,69.2718,69.7386,69.2718,69.7386
2024-06-28,42271,3177883,74.7,75.6,74.5,75.0,0.3,94,0.9335820895522388,69.7386,70.0187,69.5519,70.5788
2024-07-01,9081,686777,75.0,76.0,74.9,75.9,0.9,41,0.9335820895522388,70.0187,70.8589,69.9253,70.9522
2024-07-02,14805,1119503,76.0,76.0,75.4,75.5,-0.4,59,0.9335820895522388,70.9522,70.4854,70.3921,70.9522
2024-07-03,14056,1057501,75.5,75.5,75.1,75.1,-0.4,36,0.9335820895522388,70.4854,70.112,70.112,70.4854
2024-07-04,30865,2325936,74.9,75.5,74.9,74.9,-0.2,70,0.9335820895522388,69.9253,69.9253,69.9253,70.4854
2024-07-05,17098,1276905,74.9,74.9,74.5,74.8,-0.1,73,0.9335820895522388,69.9253,69.8319,69.5519,69.9253
2024-07-08,29289,2186609,74.9,75.2,74.4,74.4,-0.4,81,0.9335820895522388,69.9253,69.4585,69.4585,70.2054
2024-07-09,32288,2401970,74.3,75.0,73.7,74.6,0.2,58,0.9335820895522388,69.3651,69.6452,68.805,70.0187
2024-07-10,22565,1690086,74.6,75.6,74.5,74.9,0.3,41,0.9335820895522388,69.6452,69.9253,69.5519,70.5788
2024-07-11,51353,3849786,74.9,75.0,74.9,74.9,0.0,45,0.9335820895522388,69.9253,69.9253,69.9253,70.0187
2024-07-12,50808,3802723,74.9,74.9,74.6,74.9,0.0,61,0.9335820895522388,69.9253,69.9253,69.6452,69.9253
2024-07-15,48784,3651393,74.6,75.0,74.6,75.0,0.1,52,0.9335820895522388,69.6452,70.0187,69.6452,70.0187
2024-07-16,14899,1114551,74.7,74.9,74.7,74.9,-0.1,35,0.9335820895522388,69.7386,69.9253,69.7386,69.9253
2024-07-17,17864,1339148,75.0,75.4,74.8,75.0,0.1,37,0.9335820895522388,70.0187,70.0187,69.8319,70.3921
2024-07-18,19787,1483125,75.0,75.4,74.8,75.4,0.4,35,0.9335820895522388,70.0187,70.3921,69.8319,70.3921
2024-07-19,55551,4161016,75.0,75.0,74.7,74.9,-0.5,65,0.9335820895522388,70.0187,69.9253,69.7386,70.0187
2024-07-22,86743,6506186,74.9,75.8,74.8,75.2,0.3,124,0.9335820895522388,69.9253,70.2054,69.8319,70.7655
2024-07-23,27107,2061558,75.8,76.5,75.8,75.9,0.7,69,0.9335820895522388,70.7655,70.8589,70.7655,71.419
2024-07-26,43040,3227027,75.3,76.0,74.7,74.8,-1.1,117,0.9335820895522388,70.2987,69.8319,69.7386,70.9522
2024-07-29,58319,4366605,74.9,75.1,74.7,74.9,0.1,142,0.9335820895522388,69.9253,69.9253,69.7386,70.112
2024-07-30,39453,2970375,74.9,76.9,74.9,75.0,0.1,68,0.9335820895522388,69.9253,70.0187,69.9253,71.7925
2024-07-31,7214,543035,75.0,75.5,75.0,75.5,0.5,53,0.9335820895522388,70.0187,70.4854,70.0187,70.4854
2024-08-01,46435,3538254,75.3,77.0,75.3,76.6,1.1,250,0.9335820895522388,70.2987,71.5124,70.2987,71.8858
2024-08-02,25137,1896519,75.7,75.8,75.1,75.2,-1.4,87,0.9335820895522388,70.6722,70.2054,70.112,70.7655
2024-08-05,172303,12679243,74.5,74.5,72.8,72.8,-2.4,228,0.9335820895522388,69.5519,67.9648,67.9648,69.5519
2024-08-06,86881,6351229,73.5,73.5,72.0,73.2,0.4,153,0.9335820895522388,68.6183,68.3382,67.2179,68.6183
2024-08-07,36379,2687649,73.2,74.5,73.2,74.5,1.3,49,0.9335820895522388,68.3382,69.5519,68.3382,69.5519
2024-08-08,45353,3302958,72.1,73.6,72.1,72.9,-1.6,218,0.9335820895522388,67.3113,68.0581,67.3113,68.7116
2024-08-09,34547,2542498,73.2,73.9,73.2,73.3,0.4,61,0.9335820895522388,68.3382,68.4316,68.3382,68.9917
2024-08-12,49064,3595995,73.2,74.0,72.7,73.4,0.1,75,0.9335820895522388,68.3382,68.5249,67.8714,69.0851
2024-08-13,7305,539201,73.9,73.9,73.7,73.7,0.3,19,0.9335820895522388,68.9917,68.805,68.805,68.9917
2024-08-14,17251,1285542,74.4,74.9,74.4,74.5,0.8,42,0.9335820895522388,69.4585,69.5519,69.4585,69.9253
2024-08-15,16903,1258999,74.5,74.8,74.0,74.4,-0.1,133,0.9335820895522388,69.5519,69.4585,69.0851,69.8319
2024-08-16,26968,2017805,75.0,75.0,74.7,74.9,0.5,75,0.9335820895522388,70.0187,69.9253,69.7386,70.0187
2024-08-19,39584,2968626,74.9,75.1,74.9,75.0,0.1,157,0.9335820895522388,69.9253,70.0187,69.9253,70.112
2024-08-20,34807,2611570,75.1,75.1,74.9,74.9,-0.1,78,0.9335820895522388,70.112,69.9253,69.9253,70.112
2024-08-21,51631,3873797,74.9,75.3,74.7,75.3,0.4,91,0.9335820895522388,69.9253,70.2987,69.7386,70.2987
2024-08-22,9657,724990,75.3,75.3,74.9,74.9,-0.4,42,0.9335820895522388,70.2987,69.9253,69.9253,70.2987
2024-08-23,40714,3055891,74.9,75.4,74.4,75.4,0.5,67,0.9335820895522388,69.9253,70.3921,69.4585,70.3921
2024-08-26,58590,4502784,75.8,77.0,75.8,77.0,1.6,119,0.9335820895522388,70.7655,71.8858,70.7655,71.8858
2024-08-27,28840,2160430,75.0,75.5,74.4,74.9,0.0,101,0.9681592039800995,72.6119,72.5151,72.031,73.096
2024-08-28,22738,1729570,76.9,76.9,75.2,75.8,0.9,50,0.9681592039800995,74.4514,73.3865,72.8056,74.4514
2024-08-29,23625,1760807,74.3,75.0,74.1,74.9,-0.9,58,0.9681592039800995,71.9342,72.5151,71.7406,72.6119
2024-08-30,17941,1342766,74.9,75.6,74.7,75.0,0.1,45,0.9681592039800995,72.5151,72.6119,72.3215,73.1928
2024-09-02,13280,992504,76.0,76.0,74.5,74.6,-0.4,53,0.9681592039800995,73.5801,72.2247,72.1279,73.5801
2024-09-03,8900,664506,75.0,75.0,74.3,74.6,0.0,47,0.9681592039800995,72.6119,72.2247,71.9342,72.6119
2024-09-04,103988,7609508,72.3,73.6,72.3,73.1,-1.5,130,0.9681592039800995,69.9979,70.7724,69.9979,71.2565
2024-09-05,14579,1076133,73.1,73.8,73.1,73.6,0.5,72,0.9681592039800995,70.7724,71.2565,70.7724,71.4501
2024-09-06,23824,1753981,74.4,74.4,72.9,73.5,-0.1,73,0.9681592039800995,72.031,71.1597,70.5788,72.031
2024-09-09,54653,3961161,72.5,73.3,72.0,72.5,-1.0,101,0.9681592039800995,70.1915,70.1915,69.7075,70.9661
2024-09-10,33261,2414047,72.6,72.7,72.5,72.6,0.1,54,0.9681592039800995,70.2884,70.2884,70.1915,70.3852
2024-09-11,27198,1997738,74.7,74.7,72.7,72.7,0.1,32,0.9681592039800995,72.3215,70.3852,70.3852,72.3215
2024-09-12,12113,894848,74.1,74.1,73.7,73.9,1.2,25,0.9681592039800995,71.7406,71.547,71.3533,71.7406
2024-09-13,3270,241342,73.9,74.0,73.5,73.5,-0.4,19,0.9681592039800995,71.547,71.1597,71.1597,71.6438
2024-09-16,5633,418146,74.7,74.7,74.0,74.0,0.5,24,0.9681592039800995,72.3215,71.6438,71.6438,72.3215
2024-09-18,25538,1890758,74.0,74.3,74.0,74.2,0.2,80,0.9681592039800995,71.6438,71.8374,71.6438,71.9342
2024-09-19,31669,2366812,74.1,75.6,74.0,75.1,0.9,71,0.9681592039800995,71.7406,72.7088,71.6438,73.1928
2024-09-20,28660,2158816,75.0,75.7,75.0,75.5,0.4,164,0.9681592039800995,72.6119,73.096,72.6119,73.2897
2024-09-23,24958,1907857,76.0,77.5,75.5,76.3,0.8,239,0.9681592039800995,73.5801,73.8705,73.096,75.0323
2024-09-24,1167,88617,75.9,75.9,75.9,75.9,-0.4,20,0.9681592039800995,73.4833,73.4833,73.4833,73.4833
2024-09-25,46303,3568516,76.9,77.3,76.8,77.2,1.3,115,0.9681592039800995,74.4514,74.7419,74.3546,74.8387
2024-09-26,30198,2332457,77.6,77.6,76.4,77.4,0.2,54,0.9681592039800995,75.1292,74.9355,73.9674,75.1292
2024-09-27,30690,2366598,77.8,77.8,76.8,77.1,-0.3,59,0.9681592039800995,75.3228,74.6451,74.3546,75.3228
2024-09-30,15956,1218698,76.2,77.0,75.9,77.0,-0.1,233,0.9681592039800995,73.7737,74.5483,73.4833,74.5483
2024-10-01,7940,609957,77.0,77.0,76.5,76.9,-0.1,41,0.9681592039800995,74.5483,74.4514,74.0642,74.5483
2024-10-04,15226,1157100,76.2,76.2,75.6,75.6,-1.3,38,0.9681592039800995,73.7737,73.1928,73.1928,73.7737
2024-10-07,18530,1414318,76.7,76.7,75.8,75.9,0.3,44,0.9681592039800995,74.2578,73.4833,73.3865,74.2578
2024-10-08,27515,2082841,75.5,76.0,75.5,75.5,-0.4,42,0.9681592039800995,73.096,73.096,73.096,73.5801
2024-10-09,15437,1186127,77.9,77.9,76.5,77.0,1.5,47,0.9681592039800995,75.4196,74.5483,74.0642,75.4196
2024-10-11,26183,2013157,76.9,77.0,76.5,76.9,-0.1,104,0.9681592039800995,74.4514,74.4514,74.0642,74.5483
2024-10-14,28192,2171869,77.0,77.3,76.5,77.1,0.2,52,0.9681592039800995,74.5483,74.6451,74.0642,74.8387
2024-10-15,34840,2692020,77.1,77.5,76.7,77.0,-0.1,69,0.9681592039800995,74.6451,74.5483,74.2578,75.0323
2024-10-16,37147,2847315,77.0,77.4,76.2,77.2,0.2,66,0.9681592039800995,74.5483,74.7419,73.7737,74.9355
2024-10-17,15299,1180962,76.9,77.4,76.8,77.3,0.1,41,0.9681592039800995,74.4514,74.8387,74.3546,74.9355
2024-10-18,72106,5624783,77.6,78.5,76.8,78.4,1.1,100,0.9681592039800995,75.1292,75.9037,74.3546,76.0005
2024-10-21,48174,3854370,80.4,80.4,78.6,79.6,1.2,160,0.9681592039800995,77.84,77.0655,76.0973,77.84
2024-10-22,17877,1421318,80.3,80.3,79.0,79.7,0.1,54,0.9681592039800995,77.7432,77.1623,76.4846,77.7432
2024-10-23,20921,1657102,79.0,79.9,79.0,79.6,-0.1,53,0.9681592039800995,76.4846,77.0655,76.4846,77.3559
2024-10-24,21287,1668877,78.8,79.4,78.0,79.4,-0.2,71,0.9681592039800995,76.2909,76.8718,75.5164,76.8718
2024-10-25,9830,775032,78.2,79.1,78.2,79.1,-0.3,50,0.9681592039800995,75.71,76.5814,75.71,76.5814
2024-10-28,18674,1479372,79.1,79.7,78.9,79.5,0.4,50,0.9681592039800995,76.5814,76.9687,76.3878,77.1623
2024-10-29,32893,2576911,79.0,79.5,77.7,78.1,-1.4,121,0.9681592039800995,76.4846,75.6132,75.226,76.9687
2024-10-30,20673,1613439,77.9,78.1,77.9,78.1,0.0,49,0.9681592039800995,75.4196,75.6132,75.4196,75.6132
2024-11-01,46159,3663918,78.7,80.2,78.2,80.2,2.1,88,0.9681592039800995,76.1941,77.6464,75.71,77.6464
2024-11-04,15912,1276661,80.0,80.5,80.0,80.4,0.2,107,0.9681592039800995,77.4527,77.84,77.4527,77.9368
2024-11-05,6411,515999,80.4,80.4,80.3,80.4,0.0,52,0.9681592039800995,77.84,77.84,77.7432,77.84
2024-11-06,35780,2884927,80.2,81.2,79.7,81.0,0.6,75,0.9681592039800995,77.6464,78.4209,77.1623,78.6145
2024-11-07,32384,2631931,80.2,81.8,80.0,81.7,0.7,72,0.9681592039800995,77.6464,79.0986,77.4527,79.1954
2024-11-08,30371,2507907,82.0,83.0,82.0,82.3,0.6,118,0.9681592039800995,79.3891,79.6795,79.3891,80.3572
2024-11-11,15048,1234460,82.6,82.6,81.3,81.7,-0.6,210,0.9681592039800995,79.97,79.0986,78.7113,79.97
2024-11-12,38134,3064277,80.9,80.9,79.6,80.0,-1.7,128,0.9681592039800995,78.3241,77.4527,77.0655,78.3241
2024-11-13,21523,1734626,80.0,81.7,80.0,80.2,0.2,74,0.9681592039800995,77.4527,77.6464,77.4527,79.0986
2024-11-14,30944,2458224,79.3,80.1,79.2,79.2,-1.0,62,0.9681592039800995,76.775,76.6782,76.6782,77.5496
2024-11-15,12954,1043811,80.5,80.9,80.0,80.1,0.9,47,0.9681592039800995,77.9368,77.5496,77.4527,78.3241
2024-11-18,36371,2893535,79.8,80.1,79.3,79.4,-0.7,76,0.9681592039800995,77.2591,76.8718,76.775,77.5496
2024-11-19,16205,1316812,81.5,81.5,80.2,81.1,1.7,31,0.9681592039800995,78.905,78.5177,77.6464,78.905
2024-11-20,38235,3071491,80.2,81.2,80.0,81.2,0.1,90,0.9681592039800995,77.6464,78.6145,77.4527,78.6145
2024-11-21,9137,732748,78.3,80.8,78.3,80.5,-0.7,27,0.9681592039800995,75.8069,77.9368,75.8069,78.2273
2024-11-22,14012,1140891,81.0,82.0,81.0,82.0,1.5,47,0.9681592039800995,78.4209,79.3891,78.4209,79.3891
2024-11-25,40337,3315917,82.0,83.0,81.1,83.0,1.0,93,0.9681592039800995,79.3891,80.3572,78.5177,80.3572
2024-11-26,10891,889063,81.5,81.8,81.5,81.6,-1.4,28,0.9681592039800995,78.905,79.0018,78.905,79.1954
2024-11-27,12741,1038601,81.0,82.0,81.0,81.4,-0.2,56,0.9681592039800995,78.4209,78.8082,78.4209,79.3891
2024-11-28,16422,1332047,82.3,82.3,80.4,80.8,-0.6,56,0.9681592039800995,79.6795,78.2273,77.84,79.6795
2024-11-29,24325,1968125,80.4,81.9,79.7,80.9,0.1,45,0.9681592039800995,77.84,78.3241,77.1623,79.2922
2024-12-02,14330,1156902,80.7,80.9,80.6,80.9,0.0,29,0.9681592039800995,78.1304,78.3241,78.0336,78.3241
2024-12-03,19860,1600215,80.9,81.1,80.0,80.8,-0.1,51,0.9681592039800995,78.3241,78.2273,77.4527,78.5177
2024-12-04,5315,430055,80.8,81.0,80.8,81.0,0.2,15,0.9681592039800995,78.2273,78.4209,78.2273,78.4209
2024-12-05,61325,5088485,81.8,83.5,81.8,83.0,2.0,111,0.9681592039800995,79.1954,80.3572,79.1954,80.8413
2024-12-06,33155,2718922,81.8,82.9,81.2,82.9,-0.1,125,0.9681592039800995,79.1954,80.2604,78.6145,80.2604
2024-12-09,31368,2615738,82.9,83.7,82.7,82.7,-0.2,94,0.9681592039800995,80.2604,80.0668,80.0668,81.0349
2024-12-10,26567,2194504,82.7,83.0,82.1,82.3,-0.4,263,0.9681592039800995,80.0668,79.6795,79.4859,80.3572
2024-12-11,31019,2565001,82.3,83.5,82.0,82.1,-0.2,66,0.9681592039800995,79.6795,79.4859,79.3891,80.8413
2024-12-12,26786,2227425,82.1,83.5,82.1,82.9,0.8,81,0.9681592039800995,79.4859,80.2604,79.4859,80.8413
2024-12-13,13278,1097291,82.3,83.0,82.3,82.8,-0.1,42,0.9681592039800995,79.6795,80.1636,79.6795,80.3572
2024-12-16,20265,1683697,82.1,83.8,82.1,83.1,0.3,137,0.9681592039800995,79.4859,80.454,79.4859,81.1317
2024-12-17,20941,1745258,82.9,83.9,82.9,83.6,0.5,67,0.9681592039800995,80.2604,80.9381,80.2604,81.2286
2024-12-18,15970,1330365,83.2,83.7,83.0,83.0,-0.6,341,0.9681592039800995,80.5508,80.3572,80.3572,81.0349
2024-12-19,33891,2805428,83.0,83.4,82.5,82.7,-0.3,79,0.9681592039800995,80.3572,80.0668,79.8731,80.7445
2024-12-20,19352,1599124,82.7,82.7,82.5,82.6,-0.1,51,0.9681592039800995,80.0668,79.97,79.8731,80.0668
2024-12-23,24411,2033296,83.9,83.9,82.7,83.6,1.0,59,0.9681592039800995,81.2286,80.9381,80.0668,81.2286
2024-12-24,22002,1838800,82.7,83.7,82.7,83.7,0.1,244,0.9681592039800995,80.0668,81.0349,80.0668,81.0349
2024-12-25,39828,3390858,83.9,87.2,83.9,87.0,3.3,115,0.9681592039800995,81.2286,84.2299,81.2286,84.4235
2024-12-26,47945,4210268,87.0,88.8,87.0,87.6,0.6,214,0.9681592039800995,84.2299,84.8107,84.2299,85.9725
2024-12-27,16884,1460271,86.0,86.6,86.0,86.5,-1.1,225,0.9681592039800995,83.2617,83.7458,83.2617,83.8426
2024-12-30,20749,1777386,86.2,86.2,85.6,86.2,-0.3,293,0.9681592039800995,83.4553,83.4553,82.8744,83.4553
2024-12-31,41248,3525712,86.0,86.0,85.0,85.5,-0.7,81,0.9681592039800995,83.2617,82.7776,82.2935,83.2617
2025-01-02,33154,2838204,85.1,86.5,85.1,85.3,-0.2,113,0.9681592039800995,82.3903,82.584,82.3903,83.7458
2025-01-03,53353,4634976,85.0,88.3,85.0,87.3,2.0,280,0.9681592039800995,82.2935,84.5203,82.2935,85.4885
2025-01-06,37145,3246003,87.0,88.7,86.0,88.4,1.1,161,0.9681592039800995,84.2299,85.5853,83.2617,85.8757
2025-01-07,65788,5980034,88.4,92.1,88.4,91.3,2.9,243,0.9681592039800995,85.5853,88.3929,85.5853,89.1675
2025-01-08,43270,3939377,92.0,92.0,90.3,90.8,-0.5,119,0.9681592039800995,89.0706,87.9089,87.4248,89.0706
2025-01-09,54053,4901052,90.9,91.6,89.1,89.3,-1.5,375,0.9681592039800995,88.0057,86.4566,86.263,88.6834
2025-01-10,41908,3716368,88.2,89.5,88.2,89.0,-0.3,171,0.9681592039800995,85.3916,86.1662,85.3916,86.6502
2025-01-13,41350,3675134,89.2,89.5,88.3,89.4,0.4,170,0.9681592039800995,86.3598,86.5534,85.4885,86.6502
2025-01-14,17217,1553031,90.0,90.7,89.8,90.2,0.8,109,0.9681592039800995,87.1343,87.328,86.9407,87.812
2025-01-15,25096,2279521,90.2,91.1,90.2,90.5,0.3,129,0.9681592039800995,87.328,87.6184,87.328,88.1993
2025-01-16,37240,3420866,90.5,92.8,90.5,91.4,0.9,205,0.9681592039800995,87.6184,88.4898,87.6184,89.8452
2025-01-17,11431,1046540,91.8,91.8,91.4,91.4,0.0,47,0.9681592039800995,88.877,88.4898,88.4898,88.877
2025-01-20,6932,631997,91.1,91.1,90.9,90.9,-0.5,51,0.9681592039800995,88.1993,88.0057,88.0057,88.1993
2025-01-21,11611,1061373,91.0,92.3,91.0,91.5,0.6,40,0.9681592039800995,88.1025,88.5866,88.1025,89.3611
2025-01-22,19390,1795076,91.8,93.0,91.8,92.6,1.1,80,0.9681592039800995,88.877,89.6515,88.877,90.0388
2025-02-03,77927,7337174,94.1,96.1,92.7,94.1,1.5,188,0.9681592039800995,91.1038,91.1038,89.7484,93.0401
2025-02-04,50465,4789170,93.6,96.4,93.5,95.6,1.5,150,0.9681592039800995,90.6197,92.556,90.5229,93.3305
2025-02-05,74811,7427684,97.2,100.5,97.1,99.9,4.3,191,0.9681592039800995,94.1051,96.7191,94.0083,97.3
2025-02-06,288542,30217424,102.5,108.0,101.0,103.0,3.1,789,0.9681592039800995,99.2363,99.7204,97.7841,104.5612
2025-02-07,355169,39043131,105.0,112.0,105.0,110.0,7.0,853,0.9681592039800995,101.6567,106.4975,101.6567,108.4338
2025-02-10,373113,39006367,110.0,110.0,101.0,102.0,-8.0,1155,0.9681592039800995,106.4975,98.7522,97.7841,106.4975
2025-02-11,128310,13398935,105.0,105.0,103.0,104.5,2.5,260,0.9681592039800995,101.6567,101.1726,99.7204,101.6567
2025-02-12,112727,11811575,104.5,106.5,102.5,103.5,-1.0,248,0.9681592039800995,101.1726,100.2045,99.2363,103.109
2025-02-13,85418,8865635,103.5,105.5,103.0,103.5,0.0,236,0.9681592039800995,100.2045,100.2045,99.7204,102.1408
2025-02-14,157036,15696535,103.0,103.0,98.4,99.5,-4.0,409,0.9681592039800995,99.7204,96.3318,95.2669,99.7204
2025-02-17,101843,10017795,99.5,99.8,97.3,97.4,-2.1,359,0.9681592039800995,96.3318,94.2987,94.2019,96.6223
2025-02-18,53623,5229428,96.3,98.0,96.3,97.7,0.3,154,0.9681592039800995,93.2337,94.5892,93.2337,94.8796
2025-02-19,49975,4903997,97.0,99.2,96.8,98.7,1.0,133,0.9681592039800995,93.9114,95.5573,93.7178,96.0414
2025-02-20,52818,5153899,98.6,98.6,97.1,97.6,-1.1,207,0.9681592039800995,95.4605,94.4923,94.0083,95.4605
2025-02-21,70783,6820405,97.0,97.1,95.0,96.4,-1.2,253,0.9681592039800995,93.9114,93.3305,91.9751,94.0083
2025-02-24,23116,2235279,96.4,97.0,96.4,96.6,0.2,129,0.9681592039800995,93.3305,93.5242,93.3305,93.9114
2025-02-25,63548,6048496,96.0,96.0,94.6,94.9,-1.7,277,0.9681592039800995,92.9433,91.8783,91.5879,92.9433
2025-02-26,46643,4394532,92.6,94.5,92.6,94.1,-0.8,158,0.9681592039800995,89.6515,91.1038,89.6515,91.491
2025-02-27,86056,8023287,93.8,93.8,92.6,93.6,-0.5,206,0.9681592039800995,90.8133,90.6197,89.6515,90.8133
2025-03-03,83373,7720340,93.0,93.9,91.8,92.7,-0.9,280,0.9681592039800995,90.0388,89.7484,88.877,90.9101
2025-03-04,54553,5007997,92.0,92.6,91.1,92.6,-0.1,197,0.9681592039800995,89.0706,89.6515,88.1993,89.6515
2025-03-05,43717,4024917,91.5,92.5,91.5,92.2,-0.4,97,0.9681592039800995,88.5866,89.2643,88.5866,89.5547
2025-03-06,44380,4071506,91.4,92.2,91.4,91.6,-0.6,156,0.9681592039800995,88.4898,88.6834,88.4898,89.2643
2025-03-07,64467,5833740,90.0,91.1,89.8,90.2,-1.4,196,0.9681592039800995,87.1343,87.328,86.9407,88.1993
2025-03-10,103985,9221419,90.0,90.0,87.6,89.2,-1.0,278,0.9681592039800995,87.1343,86.3598,84.8107,87.1343
2025-03-11,90201,7859069,89.0,89.0,85.4,88.4,-0.8,286,0.9681592039800995,86.1662,85.5853,82.6808,86.1662
2025-03-12,35746,3184783,88.2,89.4,88.2,89.4,1.0,138,0.9681592039800995,85.3916,86.5534,85.3916,86.5534
2025-03-13,34786,3099690,89.1,89.5,88.6,89.1,-0.3,104,0.9681592039800995,86.263,86.263,85.7789,86.6502
2025-03-14,9893,881993,89.2,89.2,88.8,88.8,-0.3,100,0.9681592039800995,86.3598,85.9725,85.9725,86.3598
2025-03-17,41733,3689097,88.9,88.9,87.8,88.5,-0.3,123,0.9681592039800995,86.0694,85.6821,85.0044,86.0694
2025-03-18,51706,4656865,88.6,91.2,88.6,91.2,2.7,85,0.9681592039800995,85.7789,88.2961,85.7789,88.2961
2025-03-19,43354,3921297,91.2,91.3,89.8,90.1,-1.1,110,0.9681592039800995,88.2961,87.2311,86.9407,88.3929
2025-03-20,25492,2324947,91.3,91.9,90.5,91.9,1.8,68,0.9681592039800995,88.3929,88.9738,87.6184,88.9738
2025-03-21,28574,2607905,90.7,92.2,90.7,90.7,-1.2,82,0.9681592039800995,87.812,87.812,87.812,89.2643
2025-03-24,18961,1725405,90.5,91.7,90.5,90.5,-0.2,67,0.9681592039800995,87.6184,87.6184,87.6184,88.7802
2025-03-25,5519,501285,90.8,91.0,90.7,90.7,0.2,57,0.9681592039800995,87.9089,87.812,87.812,88.1025
2025-03-26,33325,3056827,91.9,92.3,91.0,91.2,0.5,64,0.9681592039800995,88.9738,88.2961,88.1025,89.3611
2025-03-27,8822,802686,91.0,91.2,90.8,91.2,0.0,49,0.9681592039800995,88.1025,88.2961,87.9089,88.2961
2025-03-28,56526,5025794,88.9,90.6,88.2,88.4,-2.8,166,0.9681592039800995,86.0694,85.5853,85.3916,87.7152
2025-03-31,59240,5173772,88.0,88.0,86.5,87.6,-0.8,167,0.9681592039800995,85.198,84.8107,83.7458,85.198
2025-04-01,50130,4418075,85.6,90.0,85.6,89.3,1.7,106,0.9681592039800995,82.8744,86.4566,82.8744,87.1343
2025-04-02,15575,1398763,88.1,91.2,88.1,89.6,0.3,53,0.9681592039800995,85.2948,86.7471,85.2948,88.2961
2025-04-07,246747,20320773,81.5,83.9,80.8,82.4,-7.2,464,0.9681592039800995,78.905,79.7763,78.2273,81.2286
2025-04-08,143024,12110207,82.4,87.3,81.6,86.1,3.7,212,0.9681592039800995,79.7763,83.3585,79.0018,84.5203
2025-04-09,123618,10262387,85.6,85.6,81.5,81.5,-4.6,236,0.9681592039800995,82.8744,78.905,78.905,82.8744
2025-04-10,123346,10957308,84.1,89.6,84.1,89.6,8.1,287,0.9681592039800995,81.4222,86.7471,81.4222,86.7471
2025-04-11,57698,5097364,89.1,89.1,88.0,88.1,-1.5,145,0.9681592039800995,86.263,85.2948,85.198,86.263
2025-04-14,49400,4318410,88.2,88.4,86.8,87.0,-1.1,140,0.9681592039800995,85.3916,84.2299,84.0362,85.5853
2025-04-15,28253,2501183,87.3,89.0,87.1,89.0,2.0,70,0.9681592039800995,84.5203,86.1662,84.3267,86.1662
2025-04-16,29628,2643614,89.3,89.6,88.5,88.5,-0.5,59,0.9681592039800995,86.4566,85.6821,85.6821,86.7471
2025-04-17,31557,2814595,88.6,89.8,88.0,89.5,1.0,53,0.9681592039800995,85.7789,86.6502,85.198,86.9407
2025-04-18,28828,2613587,90.3,91.8,90.1,90.2,0.7,72,0.9681592039800995,87.4248,87.328,87.2311,88.877
2025-04-21,56297,5057787,91.1,91.1,89.0,89.0,-1.2,89,0.9681592039800995,88.1993,86.1662,86.1662,88.1993
2025-04-22,39718,3568547,90.4,90.5,89.1,89.1,0.1,82,0.9681592039800995,87.5216,86.263,86.263,87.6184
2025-04-23,22423,2008346,89.3,89.9,89.3,89.4,0.3,55,0.9681592039800995,86.4566,86.5534,86.4566,87.0375
2025-04-24,32188,2859115,89.5,89.8,88.1,89.8,0.4,292,0.9681592039800995,86.6502,86.9407,85.2948,86.9407
2025-04-25,44027,3934868,89.9,90.2,88.7,88.9,-0.9,128,0.9681592039800995,87.0375,86.0694,85.8757,87.328
2025-04-28,11512,1021162,88.3,88.9,88.2,88.7,-0.2,54,0.9681592039800995,85.4885,85.8757,85.3916,86.0694
2025-04-29,4423,395246,89.3,89.6,89.3,89.3,0.6,65,0.9681592039800995,86.4566,86.4566,86.4566,86.7471
2025-04-30,23228,2064536,88.8,89.0,88.5,88.5,-0.8,70,0.9681592039800995,85.9725,85.6821,85.6821,86.1662
2025-05-02,15593,1388425,88.4,90.2,88.2,89.8,1.3,83,0.9681592039800995,85.5853,86.9407,85.3916,87.328
2025-05-05,56497,5153153,89.9,92.7,89.9,91.5,1.7,121,0.9681592039800995,87.0375,88.5866,87.0375,89.7484
2025-05-06,24820,2274975,91.5,92.5,90.6,91.3,-0.2,54,0.9681592039800995,88.5866,88.3929,87.7152,89.5547
2025-05-07,26543,2427030,91.3,92.3,91.0,92.0,0.7,63,0.9681592039800995,88.3929,89.0706,88.1025,89.3611
2025-05-08,78113,7331810,92.8,95.5,92.5,94.3,2.3,220,0.9681592039800995,89.8452,91.2974,89.5547,92.4592
2025-05-09,23942,2265834,94.1,95.1,93.7,93.7,-0.6,101,0.9681592039800995,91.1038,90.7165,90.7165,92.0719
2025-05-12,73284,7035173,94.5,96.8,93.9,96.8,3.1,275,0.9681592039800995,91.491,93.7178,90.9101,93.7178
2025-05-13,85951,8155593,97.0,98.0,93.4,93.4,-3.4,275,0.9681592039800995,93.9114,90.4261,90.4261,94.8796
2025-05-14,30467,2897986,94.5,95.6,94.2,95.5,2.1,171,0.9681592039800995,91.491,92.4592,91.2006,92.556
2025-05-15,6762,639599,94.3,94.8,94.2,94.8,-0.7,63,0.9681592039800995,91.2974,91.7815,91.2006,91.7815
2025-05-16,14564,1366126,94.2,94.8,93.2,93.2,-1.6,87,0.9681592039800995,91.2006,90.2324,90.2324,91.7815
2025-05-19,15627,1459671,93.2,94.0,93.2,93.3,0.1,66,0.9681592039800995,90.2324,90.3293,90.2324,91.007
2025-05-20,24346,2302766,94.5,95.2,94.0,95.2,1.9,37,0.9681592039800995,91.491,92.1688,91.007,92.1688
2025-05-21,15749,1506354,94.7,95.9,94.7,95.9,0.7,57,0.9681592039800995,91.6847,92.8465,91.6847,92.8465
2025-05-22,14443,1381364,95.8,96.0,95.2,95.5,-0.4,33,0.9681592039800995,92.7497,92.4592,92.1688,92.9433
2025-05-23,10861,1026680,94.4,94.8,94.4,94.8,-0.7,49,0.9681592039800995,91.3942,91.7815,91.3942,91.7815
2025-05-26,45033,4282058,93.8,95.8,93.8,95.7,0.9,83,0.9681592039800995,90.8133,92.6528,90.8133,92.7497
2025-05-27,23908,2256341,94.1,95.8,94.0,94.0,-1.7,142,0.9681592039800995,91.1038,91.007,91.007,92.7497
2025-05-28,3367,316620,94.0,94.0,93.9,93.9,-0.1,17,0.9681592039800995,91.007,90.9101,90.9101,91.007
2025-05-29,12960,1221205,94.2,94.5,94.0,94.4,0.5,33,0.9681592039800995,91.2006,91.3942,91.007,91.491
2025-06-02,63050,5820044,92.6,94.5,91.6,92.4,-2.0,122,0.9681592039800995,89.6515,89.4579,88.6834,91.491
2025-06-03,14855,1365623,92.6,92.6,90.9,92.0,-0.4,44,0.9681592039800995,89.6515,89.0706,88.0057,89.6515
2025-06-04,19112,1787061,92.0,94.5,92.0,93.1,1.1,42,0.9681592039800995,89.0706,90.1356,89.0706,91.491
2025-06-05,6700,619117,93.1,93.1,92.2,92.2,-0.9,115,0.9681592039800995,90.1356,89.2643,89.2643,90.1356
2025-06-06,9259,856132,92.3,93.0,92.3,92.4,0.2,22,0.9681592039800995,89.3611,89.4579,89.3611,90.0388
2025-06-09,18220,1703478,93.0,94.8,92.8,93.5,1.1,64,0.9681592039800995,90.0388,90.5229,89.8452,91.7815
2025-06-10,27418,2593646,93.1,95.0,93.1,94.4,0.9,74,0.9681592039800995,90.1356,91.3942,90.1356,91.9751
2025-06-11,14873,1398710,94.1,95.0,93.8,94.9,0.5,130,0.9681592039800995,91.1038,91.8783,90.8133,91.9751
2025-06-12,14458,1350619,92.8,95.2,92.8,93.1,-1.8,40,0.9681592039800995,89.8452,90.1356,89.8452,92.1688
2025-06-13,32860,3028133,92.2,94.2,91.5,92.4,-0.7,78,0.9681592039800995,89.2643,89.4579,88.5866,91.2006
2025-06-16,25386,2341251,91.8,93.6,88.9,93.6,1.2,47,0.9681592039800995,88.877,90.6197,86.0694,90.6197
2025-06-17,9481,882715,93.2,93.2,93.0,93.0,-0.6,31,0.9681592039800995,90.2324,90.0388,90.0388,90.2324
2025-06-18,16865,1567464,93.3,93.6,92.3,92.3,-0.7,42,0.9681592039800995,90.3293,89.3611,89.3611,90.6197
2025-06-19,28711,2604982,91.7,91.7,90.0,90.4,-1.9,212,0.9681592039800995,88.7802,87.5216,87.1343,88.7802
2025-06-20,41550,3757448,90.4,90.9,90.0,90.4,0.0,56,0.9681592039800995,87.5216,87.5216,87.1343,88.0057
2025-06-23,21018,1893444,89.9,90.7,89.9,90.3,-0.1,72,0.9681592039800995,87.0375,87.4248,87.0375,87.812
2025-06-24,20815,1905264,90.8,92.5,90.8,92.0,1.7,93,0.9681592039800995,87.9089,89.0706,87.9089,89.5547
2025-06-25,1527,140604,92.0,92.0,92.0,92.0,0.0,46,0.9681592039800995,89.0706,89.0706,89.0706,89.0706
2025-06-26,27431,2545918,92.0,93.6,91.2,93.2,1.2,52,0.9681592039800995,89.0706,90.2324,88.2961,90.6197
2025-06-27,33809,3127023,93.8,93.8,91.7,92.8,-0.4,53,0.9681592039800995,90.8133,89.8452,88.7802,90.8133
2025-06-30,2990,276963,92.5,92.5,92.4,92.4,-0.4,31,0.9681592039800995,89.5547,89.4579,89.4579,89.5547
2025-07-01,71774,6774168,94.0,96.1,92.6,94.0,1.6,111,0.9681592039800995,91.007,91.007,89.6515,93.0401
2025-07-02,5431,510810,94.0,94.2,93.8,94.2,0.2,28,0.9681592039800995,91.007,91.2006,90.8133,91.2006
2025-07-03,10837,1014580,94.0,94.0,93.1,93.5,-0.7,277,0.9681592039800995,91.007,90.5229,90.1356,91.007
2025-07-04,4257,397863,93.4,93.5,93.4,93.5,0.0,36,0.9681592039800995,90.4261,90.5229,90.4261,90.5229
2025-07-07,14283,1335028,92.6,94.9,91.5,94.1,0.6,77,0.9681592039800995,89.6515,91.1038,88.5866,91.8783
2025-07-08,8590,807307,94.4,94.4,93.8,93.9,-0.2,26,0.9681592039800995,91.3942,90.9101,90.8133,91.3942
2025-07-09,9211,860530,94.0,94.0,92.5,93.5,-0.4,20,0.9681592039800995,91.007,90.5229,89.5547,91.007
2025-07-10,4659,435879,94.0,94.0,94.0,94.0,0.5,47,0.9681592039800995,91.007,91.007,91.007,91.007
2025-07-11,9868,927347,92.9,94.4,92.9,94.0,0.0,31,0.9681592039800995,89.942,91.007,89.942,91.3942
2025-07-14,18135,1708920,94.5,94.8,93.6,93.6,-0.4,46,0.9681592039800995,91.491,90.6197,90.6197,91.7815
2025-07-15,21099,1962016,94.0,94.0,92.7,93.6,0.0,45,0.9681592039800995,91.007,90.6197,89.7484,91.007
2025-07-16,10211,955974,93.5,94.4,93.0,94.0,0.4,35,0.9681592039800995,90.5229,91.007,90.0388,91.3942
2025-07-17,12616,1183675,93.6,94.5,93.2,94.5,0.5,31,0.9681592039800995,90.6197,91.491,90.2324,91.491
2025-07-18,10400,976934,93.5,94.5,93.4,94.4,-0.1,31,0.9681592039800995,90.5229,91.3942,90.4261,91.491
2025-07-21,26602,2511085,94.4,94.9,94.0,94.7,0.3,38,0.9681592039800995,91.3942,91.6847,91.007,91.8783
2025-07-22,24458,2313063,94.7,95.0,94.0,94.5,-0.2,61,0.9681592039800995,91.6847,91.491,91.007,91.9751
2025-07-23,25437,2411369,94.5,95.0,94.5,95.0,0.5,78,0.9681592039800995,91.491,91.9751,91.491,91.9751
2025-07-24,10558,1000222,95.0,95.0,94.2,94.7,-0.3,26,0.9681592039800995,91.9751,91.6847,91.2006,91.9751
2025-07-25,12480,1182061,94.7,94.8,94.5,94.8,0.1,44,0.9681592039800995,91.6847,91.7815,91.491,91.7815
2025-07-28,11717,1110122,94.9,95.0,94.0,95.0,0.2,36,0.9681592039800995,91.8783,91.9751,91.007,91.9751
2025-07-29,23205,2196964,95.0,95.0,94.2,94.3,-0.7,68,0.9681592039800995,91.9751,91.2974,91.2006,91.9751
2025-07-30,5042,477312,94.5,95.0,94.4,94.5,0.2,28,0.9681592039800995,91.491,91.491,91.3942,91.9751
2025-07-31,15919,1508174,95.0,95.0,94.2,94.7,0.2,36,0.9681592039800995,91.9751,91.6847,91.2006,91.9751
2025-08-01,22516,2128773,95.0,95.0,94.0,94.9,0.2,58,0.9681592039800995,91.9751,91.8783,91.007,91.9751
2025-08-04,17759,1699289,96.4,98.0,95.0,95.0,0.1,53,0.9681592039800995,93.3305,91.9751,91.9751,94.8796
2025-08-05,24804,2359834,95.0,95.5,95.0,95.3,0.3,71,0.9681592039800995,91.9751,92.2656,91.9751,92.4592
2025-08-06,16963,1617184,95.4,95.4,95.1,95.3,0.0,44,0.9681592039800995,92.3624,92.2656,92.0719,92.3624
2025-08-07,28477,2728497,95.5,96.1,95.5,96.0,0.7,133,0.9681592039800995,92.4592,92.9433,92.4592,93.0401
2025-08-08,29195,2804217,96.0,96.4,95.7,95.9,-0.1,148,0.9681592039800995,92.9433,92.8465,92.6528,93.3305
2025-08-11,80492,7865732,96.9,98.8,95.8,98.0,2.1,159,0.9681592039800995,93.8146,94.8796,92.7497,95.6541
2025-08-12,20303,1977508,98.0,98.0,97.2,97.4,-0.6,237,0.9681592039800995,94.8796,94.2987,94.1051,94.8796
2025-08-13,18012,1758380,97.5,98.0,97.4,97.6,0.2,40,0.9681592039800995,94.3955,94.4923,94.2987,94.8796
2025-08-14,15755,1532103,97.4,97.6,96.8,97.6,0.0,57,0.9681592039800995,94.2987,94.4923,93.7178,94.4923
2025-08-15,24243,2379095,97.6,98.6,97.6,98.6,1.0,73,0.9681592039800995,94.4923,95.4605,94.4923,95.4605
2025-08-18,76002,7622145,98.8,101.0,98.8,100.5,1.9,324,0.9681592039800995,95.6541,97.3,95.6541,97.7841
2025-08-19,34753,3462982,99.5,100.0,99.5,99.5,-1.0,221,0.9681592039800995,96.3318,96.3318,96.3318,96.8159
2025-08-20,36171,3573631,98.9,99.1,98.2,98.9,-0.6,70,0.9681592039800995,95.7509,95.7509,95.0732,95.9446
2025-08-21,37233,3720656,99.0,100.0,99.0,100.0,1.1,67,0.9681592039800995,95.8478,96.8159,95.8478,96.8159
2025-08-22,29672,2943938,99.2,99.9,98.5,99.0,-1.0,57,0.9681592039800995,96.0414,95.8478,95.3637,96.7191
2025-08-25,78918,7901291,99.6,101.0,99.5,100.5,1.5,152,0.9681592039800995,96.4287,97.3,96.3318,97.7841
2025-08-26,42035,4123610,97.3,98.8,97.2,98.5,0.0,345,1.0,97.3,98.5,97.2,98.8
2025-08-27,35739,3532964,99.0,100.0,98.4,98.6,0.1,481,1.0,99.0,98.6,98.4,100.0
2025-08-28,25699,2514877,98.4,98.4,97.5,97.5,-1.1,107,1.0,98.4,97.5,97.5,98.4
2025-08-29,24849,2406980,96.0,97.3,96.0,97.0,-0.5,87,1.0,96.0,97.0,96.0,97.3
2025-09-01,18094,1749747,97.0,97.0,96.4,96.5,-0.5,57,1.0,97.0,96.5,96.4,97.0
2025-09-02,9799,948053,96.5,97.0,96.5,96.7,0.2,35,1.0,96.5,96.7,96.5,97.0
2025-09-03,7400,715819,96.7,96.8,96.7,96.8,0.1,32,1.0,96.7,96.8,96.7,96.8
2025-09-04,10180,998492,98.8,98.8,97.2,97.2,0.4,29,1.0,98.8,97.2,97.2,98.8
2025-09-05,13929,1355894,97.2,97.5,97.2,97.5,0.3,47,1.0,97.2,97.5,97.2,97.5
2025-09-08,21737,2139239,97.8,99.0,97.8,98.9,1.4,94,1.0,97.8,98.9,97.8,99.0
2025-09-09,23195,2303323,99.9,99.9,99.0,99.2,0.3,84,1.0,99.9,99.2,99.0,99.9
2025-09-10,42331,4184860,99.2,99.2,98.6,98.9,-0.3,70,1.0,99.2,98.9,98.6,99.2
2025-09-11,29757,2932709,99.0,99.0,97.5,98.3,-0.6,175,1.0,99.0,98.3,97.5,99.0
2025-09-12,14334,1411204,98.3,98.6,98.2,98.4,0.1,32,1.0,98.3,98.4,98.2,98.6
2025-09-15,22471,2217377,98.5,99.0,98.5,99.0,0.6,46,1.0,98.5,99.0,98.5,99.0
2025-09-16,23291,2286355,98.8,98.8,97.6,98.0,-1.0,332,1.0,98.8,98.0,97.6,98.8
2025-09-17,27067,2645091,98.4,98.4,97.1,97.4,-0.6,212,1.0,98.4,97.4,97.1,98.4
2025-09-18,40078,3923791,98.1,98.3,97.0,97.8,0.4,84,1.0,98.1,97.8,97.0,98.3
2025-09-19,14979,1464367,97.8,98.3,97.5,97.5,-0.3,158,1.0,97.8,97.5,97.5,98.3
2025-09-22,17311,1695856,98.2,98.2,97.7,97.8,0.3,46,1.0,98.2,97.8,97.7,98.2
2025-09-23,19881,1947057,97.6,98.2,97.6,98.2,0.4,72,1.0,97.6,98.2,97.6,98.2
2025-09-24,27543,2707695,98.5,98.5,98.0,98.4,0.2,43,1.0,98.5,98.4,98.0,98.5
2025-09-25,14446,1429123,98.4,99.0,98.4,99.0,0.6,45,1.0,98.4,99.0,98.4,99.0
2025-09-26,14639,1442765,98.3,99.0,98.1,99.0,0.0,43,1.0,98.3,99.0,98.1,99.0
2025-09-30,11877,1174569,98.8,99.0,98.7,99.0,0.0,36,1.0,98.8,99.0,98.7,99.0
2025-10-01,14296,1407890,98.7,98.9,98.0,98.9,-0.1,40,1.0,98.7,98.9,98.0,98.9
2025-10-02,9881,976688,99.0,99.0,98.5,98.8,-0.1,49,1.0,99.0,98.8,98.5,99.0
2025-10-03,42150,4138554,98.5,99.8,97.7,99.8,1.0,87,1.0,98.5,99.8,97.7,99.8
2025-10-07,50126,4956837,100.0,100.0,98.4,99.0,-0.8,103,1.0,100.0,99.0,98.4,100.0
2025-10-08,13322,1314639,98.8,98.8,98.6,98.6,-0.4,89,1.0,98.8,98.6,98.6,98.8
2025-10-09,12924,1275930,98.5,99.0,98.5,98.7,0.1,45,1.0,98.5,98.7,98.5,99.0
2025-10-13,33252,3284117,98.7,99.7,98.4,98.8,0.1,68,1.0,98.7,98.8,98.4,99.7
2025-10-14,33640,3313965,98.0,99.0,97.9,98.4,-0.4,75,1.0,98.0,98.4,97.9,99.0
2025-10-15,22326,2195633,99.4,99.4,98.0,98.1,-0.3,57,1.0,99.4,98.1,98.0,99.4
2025-10-16,35052,3435190,98.1,98.3,97.7,97.7,-0.4,70,1.0,98.1,97.7,97.7,98.3
2025-10-17,16245,1591782,98.1,98.5,97.7,97.7,0.0,39,1.0,98.1,97.7,97.7,98.5
2025-10-20,28386,2767083,97.4,98.5,96.1,98.5,0.8,94,1.0,97.4,98.5,96.1,98.5
2025-10-21,8594,843458,98.2,98.3,98.0,98.1,-0.4,41,1.0,98.2,98.1,98.0,98.3
2025-10-22,2825,276562,98.1,98.1,98.1,98.1,0.0,43,1.0,98.1,98.1,98.1,98.1
2025-10-23,11925,1166435,98.1,98.5,97.6,97.6,-0.5,60,1.0,98.1,97.6,97.6,98.5
2025-10-27,21581,2105225,97.6,98.3,96.6,97.6,0.0,88,1.0,97.6,97.6,96.6,98.3
2025-10-28,19162,1877591,97.6,98.5,97.2,97.2,-0.4,62,1.0,97.6,97.2,97.2,98.5
2025-10-29,33262,3226581,97.2,98.1,96.6,97.1,-0.1,226,1.0,97.2,97.1,96.6,98.1
2025-10-30,26498,2564561,97.1,97.1,96.6,96.7,-0.4,180,1.0,97.1,96.7,96.6,97.1
2025-10-31,27134,2616871,96.9,96.9,96.1,96.1,-0.6,72,1.0,96.9,96.1,96.1,96.9
2025-11-03,63421,6053355,96.1,96.1,95.0,95.0,-1.1,165,1.0,96.1,95.0,95.0,96.1
2025-11-04,26437,2511831,95.0,95.2,95.0,95.0,0.0,78,1.0,95.0,95.0,95.0,95.2
2025-11-05,66415,6256306,95.0,95.0,93.6,94.0,-1.0,163,1.0,95.0,94.0,93.6,95.0
2025-11-06,40575,3823271,94.2,95.0,94.0,94.4,0.4,95,1.0,94.2,94.4,94.0,95.0
2025-11-07,37544,3561898,94.6,95.1,94.5,94.9,0.5,81,1.0,94.6,94.9,94.5,95.1
2025-11-10,52784,5023290,95.8,95.8,94.9,95.3,0.4,186,1.0,95.8,95.3,94.9,95.8
2025-11-11,30910,2964227,95.4,96.2,95.4,96.2,0.9,78,1.0,95.4,96.2,95.4,96.2
2025-11-12,6542,629040,96.2,96.2,96.1,96.2,0.0,45,1.0,96.2,96.2,96.1,96.2
2025-11-13,24851,2390263,96.2,96.4,95.8,96.2,0.0,63,1.0,96.2,96.2,95.8,96.4
2025-11-14,20470,1973579,96.2,98.7,95.3,95.3,-0.9,196,1.0,96.2,95.3,95.3,98.7
2025-11-17,51975,4941501,95.4,95.5,94.9,95.0,-0.3,315,1.0,95.4,95.0,94.9,95.5
2025-11-18,19889,1892834,95.2,96.0,95.0,95.5,0.5,48,1.0,95.2,95.5,95.0,96.0
2025-11-19,1669,159475,95.5,95.5,95.5,95.5,0.0,46,1.0,95.5,95.5,95.5,95.5
2025-11-20,9565,915292,95.6,95.8,95.6,95.7,0.2,79,1.0,95.6,95.7,95.6,95.8
2025-11-21,10592,1009307,95.2,95.4,95.1,95.4,-0.3,97,1.0,95.2,95.4,95.1,95.4
2025-11-24,11310,1085702,96.1,96.1,95.9,96.0,0.6,28,1.0,96.1,96.0,95.9,96.1
2025-11-25,1093,105063,96.1,96.1,96.1,96.1,0.1,7,1.0,96.1,96.1,96.1,96.1
2025-11-26,8431,810653,96.0,97.0,95.7,97.0,0.9,43,1.0,96.0,97.0,95.7,97.0
2025-11-27,1206,116985,97.0,97.0,97.0,97.0,0.0,11,1.0,97.0,97.0,97.0,97.0
2025-11-28,16292,1575691,97.5,97.5,96.0,96.2,-0.8,46,1.0,97.5,96.2,96.0,97.5
2025-12-01,4973,479944,96.6,96.6,96.5,96.5,0.3,25,1.0,96.6,96.5,96.5,96.6
2025-12-02,1744,168418,96.5,96.5,96.5,96.5,0.0,22,1.0,96.5,96.5,96.5,96.5
2025-12-03,11966,1150099,96.5,96.7,95.6,95.6,-0.9,43,1.0,96.5,95.6,95.6,96.7
2025-12-04,15382,1469153,95.6,96.4,95.2,95.4,-0.2,29,1.0,95.6,95.4,95.2,96.4
2025-12-05,13040,1246271,95.8,95.8,95.2,95.6,0.2,44,1.0,95.8,95.6,95.2,95.8
2025-12-08,4608,441885,95.6,96.1,95.6,95.8,0.2,21,1.0,95.6,95.8,95.6,96.1
2025-12-09,27917,2675470,96.4,96.4,95.2,96.1,0.3,46,1.0,96.4,96.1,95.2,96.4
2025-12-10,10651,1019835,95.9,96.0,95.5,95.8,-0.3,45,1.0,95.9,95.8,95.5,96.0
2025-12-11,24714,2363934,97.4,97.4,95.0,95.1,-0.7,49,1.0,97.4,95.1,95.0,97.4
2025-12-12,30105,2865731,95.1,95.7,95.0,95.1,0.0,42,1.0,95.1,95.1,95.0,95.7
2025-12-15,21612,2056787,95.5,95.5,95.1,95.1,0.0,41,1.0,95.5,95.1,95.1,95.5
2025-12-16,68203,6484842,95.0,95.8,94.9,95.8,0.7,97,1.0,95.0,95.8,94.9,95.8
2025-12-17,33878,3222040,95.8,95.8,95.0,95.0,-0.8,176,1.0,95.8,95.0,95.0,95.8
2025-12-18,9788,938346,95.9,96.3,95.4,96.0,1.0,35,1.0,95.9,96.0,95.4,96.3
2025-12-19,3099,296480,95.6,95.7,95.6,95.7,-0.3,24,1.0,95.6,95.7,95.6,95.7
2025-12-22,3312,317132,95.8,95.8,95.6,95.6,-0.1,57,1.0,95.8,95.6,95.6,95.8
2025-12-23,18423,1752869,95.6,95.6,95.0,95.2,-0.4,32,1.0,95.6,95.2,95.0,95.6
2025-12-24,45307,4304512,95.0,95.1,95.0,95.1,-0.1,44,1.0,95.0,95.1,95.0,95.1
2025-12-26,25486,2435017,96.2,96.4,95.2,95.4,0.3,63,1.0,96.2,95.4,95.2,96.4
2025-12-29,46931,4461463,95.2,95.2,95.0,95.2,-0.2,57,1.0,95.2,95.2,95.0,95.2
2025-12-30,21190,2008569,94.8,95.2,94.6,95.2,0.0,58,1.0,94.8,95.2,94.6,95.2
2025-12-31,15883,1506726,94.7,95.0,94.7,95.0,-0.2,66,1.0,94.7,95.0,94.7,95.0
2026-01-02,14298,1357552,95.0,95.1,94.8,95.0,0.0,43,1.0,95.0,95.0,94.8,95.1
2026-01-05,49029,4654917,95.0,95.0,94.6,95.0,0.0,160,1.0,95.0,95.0,94.6,95.0
2026-01-06,31647,3006713,95.0,95.3,94.9,95.0,0.0,88,1.0,95.0,95.0,94.9,95.3
2026-01-07,27528,2615587,95.0,95.1,94.8,95.1,0.1,58,1.0,95.0,95.1,94.8,95.1
2026-01-08,60930,5786014,95.0,95.2,94.6,94.6,-0.5,62,1.0,95.0,94.6,94.6,95.2
2026-01-09,37158,3529441,94.8,95.3,94.7,95.2,0.6,31,1.0,94.8,95.2,94.7,95.3
2026-01-12,38407,3690567,95.2,96.5,95.2,96.0,0.8,87,1.0,95.2,96.0,95.2,96.5
2026-01-13,41208,4021331,96.9,98.8,96.7,98.6,2.6,138,1.0,96.9,98.6,96.7,98.8
2026-01-14,24176,2387542,99.8,100.0,98.0,98.3,-0.3,75,1.0,99.8,98.3,98.0,100.0
2026-01-15,15882,1539843,98.0,98.0,96.2,96.2,-2.1,132,1.0,98.0,96.2,96.2,98.0
2026-01-16,33344,3212932,96.0,97.3,95.5,96.2,0.0,281,1.0,96.0,96.2,95.5,97.3
2026-01-19,28095,2698141,96.8,96.8,95.6,96.3,0.1,52,1.0,96.8,96.3,95.6,96.8
2026-01-20,35956,3442278,95.2,96.3,95.1,95.6,-0.7,460,1.0,95.2,95.6,95.1,96.3
2026-01-21,19386,1849342,95.1,95.9,95.1,95.9,0.3,143,1.0,95.1,95.9,95.1,95.9
2026-01-22,31600,3012189,95.2,95.9,95.2,95.7,-0.2,167,1.0,95.2,95.7,95.2,95.9
2026-01-23,39222,3745119,95.8,96.4,95.2,95.5,-0.2,106,1.0,95.8,95.5,95.2,96.4
2026-01-26,38028,3620747,95.4,95.5,95.0,95.1,-0.4,76,1.0,95.4,95.1,95.0,95.5
2026-01-27,41011,3908701,95.2,95.9,95.0,95.5,0.4,82,1.0,95.2,95.5,95.0,95.9
2026-01-28,25306,2410241,95.2,95.5,95.2,95.5,0.0,221,1.0,95.2,95.5,95.2,95.5
2026-01-29,62109,5903749,95.1,95.4,94.9,95.4,-0.1,226,1.0,95.1,95.4,94.9,95.4
2026-01-30,71628,6808641,95.5,95.5,94.9,95.0,-0.4,135,1.0,95.5,95.0,94.9,95.5
2026-02-02,63585,6041759,95.5,95.5,94.9,94.9,-0.1,160,1.0,95.5,94.9,94.9,95.5
2026-02-03,35406,3363342,95.0,95.1,95.0,95.0,0.1,158,1.0,95.0,95.0,95.0,95.1
2026-02-04,20561,1949071,94.5,95.0,94.5,94.7,-0.3,57,1.0,94.5,94.7,94.5,95.0
2026-02-05,16625,1578527,94.8,95.5,94.8,94.9,0.2,78,1.0,94.8,94.9,94.8,95.5
2026-02-06,50444,4788226,95.1,95.5,94.5,94.8,-0.1,82,1.0,95.1,94.8,94.5,95.5
2026-02-09,44782,4257850,95.0,95.9,94.5,94.5,-0.3,72,1.0,95.0,94.5,94.5,95.9
2026-02-10,27919,2652477,94.6,95.4,94.6,95.1,0.6,65,1.0,94.6,95.1,94.6,95.4
2026-02-11,45517,4332931,94.7,95.5,94.7,95.2,0.1,74,1.0,94.7,95.2,94.7,95.5
2026-02-23,68449,6555035,95.8,96.0,95.3,95.7,0.5,147,1.0,95.8,95.7,95.3,96.0
2026-02-24,37607,3598001,95.5,96.0,95.2,95.2,-0.5,272,1.0,95.5,95.2,95.2,96.0
2026-02-25,47683,4550409,95.2,95.7,95.0,95.6,0.4,133,1.0,95.2,95.6,95.0,95.7
2026-02-26,40737,3887561,95.2,95.8,95.2,95.8,0.2,151,1.0,95.2,95.8,95.2,95.8
2026-03-02,24348,2322375,96.2,96.2,95.1,95.2,-0.6,120,1.0,96.2,95.2,95.1,96.2
2026-03-03,47394,4495552,94.7,95.5,94.6,95.2,0.0,97,1.0,94.7,95.2,94.6,95.5
2026-03-04,185802,17232996,94.2,94.2,91.7,92.3,-2.9,223,1.0,94.2,92.3,91.7,94.2
2026-03-05,121864,11505685,92.3,95.9,92.3,95.3,3.0,167,1.0,92.3,95.3,92.3,95.9
2026-03-06,68105,6463364,95.1,95.2,94.1,95.0,-0.3,97,1.0,95.1,95.0,94.1,95.2
2026-03-09,166589,15789105,95.0,95.4,93.0,95.4,0.4,210,1.0,95.0,95.4,93.0,95.4
2026-03-10,57081,5428365,96.3,96.3,94.6,95.2,-0.2,84,1.0,96.3,95.2,94.6,96.3
2026-03-11,42008,3997977,95.9,95.9,94.5,95.0,-0.2,1658,1.0,95.9,95.0,94.5,95.9
2026-03-12,58514,5508756,95.0,95.0,93.6,93.8,-1.2,1640,1.0,95.0,93.8,93.6,95.0
2026-03-13,70012,6524096,93.0,93.8,92.0,93.5,-0.3,1182,1.0,93.0,93.5,92.0,93.8
2026-03-16,84318,7825562,93.2,93.2,92.5,92.5,-1.0,1343,1.0,93.2,92.5,92.5,93.2
2026-03-17,51334,4747408,92.5,93.0,92.2,92.9,0.4,834,1.0,92.5,92.9,92.2,93.0
2026-03-18,31786,2959190,93.8,93.8,92.7,93.3,0.4,958,1.0,93.8,93.3,92.7,93.8
2026-03-19,33995,3161545,92.2,93.8,92.2,92.9,-0.4,857,1.0,92.2,92.9,92.2,93.8
2026-03-20,27327,2530850,92.5,93.3,92.3,92.5,-0.4,644,1.0,92.5,92.5,92.3,93.3
2026-03-23,50659,4647021,89.5,92.5,89.5,92.2,-0.3,1264,1.0,89.5,92.2,89.5,92.5
2026-03-24,21071,1952758,92.3,93.5,92.2,93.2,1.0,636,1.0,92.3,93.2,92.2,93.5
2026-03-25,24564,2321161,96.2,96.2,93.2,93.2,0.0,599,1.0,96.2,93.2,93.2,96.2
2026-03-26,16878,1570758,95.1,95.1,92.6,92.6,-0.6,569,1.0,95.1,92.6,92.6,95.1
2026-03-27,2689,248475,92.1,92.3,92.1,92.3,-0.3,362,1.0,92.1,92.3,92.1,92.3
2026-03-30,58379,5379178,91.1,93.2,91.1,93.0,0.7,707,1.0,91.1,93.0,91.1,93.2
2026-03-31,14052,1302216,93.1,93.1,92.0,92.0,-1.0,432,1.0,93.1,92.0,92.0,93.1
2026-04-01,47096,4380233,93.3,93.9,91.0,92.7,0.7,265,1.0,93.3,92.7,91.0,93.9
2026-04-02,50245,4598922,92.8,92.8,91.0,91.5,-1.2,408,1.0,92.8,91.5,91.0,92.8
2026-04-07,19666,1798419,91.5,92.0,91.1,91.4,-0.1,528,1.0,91.5,91.4,91.1,92.0
2026-04-08,30645,2833155,91.1,93.2,91.1,92.6,1.2,331,1.0,91.1,92.6,91.1,93.2
2026-04-09,19643,1827518,93.4,93.5,92.1,93.1,0.5,313,1.0,93.4,93.1,92.1,93.5
2026-04-10,36095,3356090,93.2,93.5,92.4,93.2,0.1,301,1.0,93.2,93.2,92.4,93.5
2026-04-13,8538,789177,93.0,93.0,92.1,92.5,-0.7,441,1.0,93.0,92.5,92.1,93.0
2026-04-14,40847,3813598,93.0,93.8,93.0,93.2,0.7,339,1.0,93.0,93.2,93.0,93.8
2026-04-15,48212,4536064,93.7,94.3,93.7,94.1,0.9,349,1.0,93.7,94.1,93.7,94.3
2026-04-16,40524,3846144,94.5,95.1,94.3,94.9,0.8,433,1.0,94.5,94.9,94.3,95.1
2026-04-17,26005,2474100,95.6,95.8,94.9,95.3,0.4,596,1.0,95.6,95.3,94.9,95.8
2026-04-20,24593,2337377,95.0,95.3,94.3,95.0,-0.3,1408,1.0,95.0,95.0,94.3,95.3
2026-04-21,43433,4157141,95.0,96.0,95.0,96.0,1.0,1061,1.0,95.0,96.0,95.0,96.0
2026-04-22,31534,3005777,96.0,96.0,95.0,95.2,-0.8,834,1.0,96.0,95.2,95.0,96.0
2026-04-23,56998,5373499,95.2,95.2,93.5,94.7,-0.5,1719,1.0,95.2,94.7,93.5,95.2
2026-04-24,21419,2003862,93.8,94.0,93.3,94.0,-0.7,774,1.0,93.8,94.0,93.3,94.0
2026-04-27,52817,4881574,92.9,92.9,92.1,92.6,-1.4,208,1.0,92.9,92.6,92.1,92.9
2026-04-28,14254,1332992,93.5,93.8,93.4,93.6,1.0,118,1.0,93.5,93.6,93.4,93.8
2026-04-29,20239,1879370,93.9,93.9,92.3,92.6,-1.0,173,1.0,93.9,92.6,92.3,93.9
2026-04-30,20087,1853981,92.6,92.6,92.0,92.2,-0.4,119,1.0,92.6,92.2,92.0,92.6
2026-05-04,44782,4119351,92.2,92.2,91.9,92.0,-0.2,165,1.0,92.2,92.0,91.9,92.2
2026-05-05,29298,2688541,91.9,92.0,91.6,91.8,-0.2,140,1.0,91.9,91.8,91.6,92.0
2026-05-06,63763,5870116,91.8,92.8,91.7,92.0,0.2,150,1.0,91.8,92.0,91.7,92.8
2026-05-07,63223,5808210,92.0,92.0,91.7,91.8,-0.2,156,1.0,92.0,91.8,91.7,92.0
2026-05-08,24336,2254889,93.4,93.4,92.2,92.7,0.9,63,1.0,93.4,92.7,92.2,93.4
2026-05-11,25273,2333111,93.0,93.0,92.0,92.0,-0.7,130,1.0,93.0,92.0,92.0,93.0
2026-05-12,56166,5176550,94.2,94.2,91.7,92.5,0.5,116,1.0,94.2,92.5,91.7,94.2
2026-05-13,15975,1473434,92.4,92.4,92.0,92.2,-0.3,66,1.0,92.4,92.2,92.0,92.4
2026-05-14,48131,4429411,92.0,92.1,91.8,92.0,-0.2,121,1.0,92.0,92.0,91.8,92.1
