Date,Capacity,Turnover,Open,High,Low,Close,Change,Transaction,AdjFactor,Open_adj,Close_adj,Low_adj,High_adj
2020-05-04,3535210,259943840,71.7,75.5,71.7,73.0,-1.5,2457,0.8132383309990843,58.3092,59.3664,58.3092,61.3995
2020-05-05,1609587,117973951,73.6,74.7,72.5,73.0,0.0,1096,0.8132383309990843,59.8543,59.3664,58.9598,60.7489
2020-05-06,1814874,130939663,73.0,73.4,71.2,71.2,-1.8,1275,0.8132383309990843,59.3664,57.9026,57.9026,59.6917
2020-05-07,1463500,106108148,71.8,73.3,71.7,72.0,0.8,1111,0.8132383309990843,58.3905,58.5532,58.3092,59.6104
2020-05-08,1208301,87283722,72.5,73.2,71.6,71.9,-0.1,843,0.8132383309990843,58.9598,58.4718,58.2279,59.529
2020-05-11,6262769,469731701,72.7,77.0,72.0,77.0,5.1,4250,0.8132383309990843,59.1224,62.6194,58.5532,62.6194
2020-05-12,5396737,413616712,75.5,78.7,74.5,76.0,-1.0,3761,0.8132383309990843,61.3995,61.8061,60.5863,64.0019
2020-05-13,3662100,281032400,76.5,77.9,74.9,77.8,1.8,2485,0.8132383309990843,62.2127,63.2699,60.9116,63.3513
2020-05-14,3403390,259802750,77.7,77.8,74.5,74.5,-3.3,2026,0.8132383309990843,63.1886,60.5863,60.5863,63.2699
2020-05-15,7359845,545707150,77.0,78.7,71.2,72.1,-2.4,5022,0.8132383309990843,62.6194,58.6345,57.9026,64.0019
2020-05-18,1856875,130394985,71.5,72.1,69.1,69.2,-2.9,1426,0.8132383309990843,58.1465,56.2761,56.1948,58.6345
2020-05-19,779795,55155384,71.5,71.6,70.0,70.6,1.4,626,0.8132383309990843,58.1465,57.4146,56.9267,58.2279
2020-05-20,600000,42486700,71.4,71.4,70.1,70.6,0.0,464,0.8132383309990843,58.0652,57.4146,57.008,58.0652
2020-05-21,6387002,481798652,71.8,77.5,71.4,76.2,5.6,4316,0.8132383309990843,58.3905,61.9688,58.0652,63.026
2020-05-22,5491192,417429030,77.0,77.3,75.2,75.3,-0.9,3817,0.8132383309990843,62.6194,61.2368,61.1555,62.8633
2020-05-25,4539838,342259254,75.3,77.2,73.3,76.5,1.2,2959,0.8132383309990843,61.2368,62.2127,59.6104,62.782
2020-05-26,13436609,1079181417,78.8,82.4,78.6,78.6,2.1,9198,0.8132383309990843,64.0832,63.9205,63.9205,67.0108
2020-05-27,3982485,314898106,79.1,80.2,77.8,79.2,0.6,2994,0.8132383309990843,64.3272,64.4085,63.2699,65.2217
2020-05-28,8813161,721634341,83.1,84.1,80.2,80.5,1.3,6276,0.8132383309990843,67.5801,65.4657,65.2217,68.3933
2020-05-29,3932643,316994252,79.7,81.9,79.0,81.9,1.4,2323,0.8132383309990843,64.8151,66.6042,64.2458,66.6042
2020-06-01,3011680,243729040,81.5,81.5,80.5,80.6,-1.3,2307,0.8132383309990843,66.2789,65.547,65.4657,66.2789
2020-06-02,2510400,203404537,81.5,82.5,80.2,80.2,-0.4,1942,0.8132383309990843,66.2789,65.2217,65.2217,67.0922
2020-06-03,2621710,209772800,81.3,81.4,79.5,79.6,-0.6,2008,0.8132383309990843,66.1163,64.7338,64.6524,66.1976
2020-06-04,1531200,122172918,80.2,80.6,79.4,79.4,-0.2,1133,0.8132383309990843,65.2217,64.5711,64.5711,65.547
2020-06-05,2336468,187851840,79.8,81.2,79.6,79.6,0.2,1729,0.8132383309990843,64.8964,64.7338,64.7338,66.035
2020-06-08,3225805,260894260,81.1,81.5,80.2,80.3,0.7,2192,0.8132383309990843,65.9536,65.303,65.2217,66.2789
2020-06-09,16866088,1424490741,82.5,86.5,82.4,83.2,2.9,11276,0.8132383309990843,67.0922,67.6614,67.0108,70.3451
2020-06-10,3308765,273369680,83.0,83.7,82.0,82.0,-1.2,2514,0.8132383309990843,67.4988,66.6855,66.6855,68.068
2020-06-11,3050066,247506602,82.0,83.0,79.3,79.8,-2.2,2203,0.8132383309990843,66.6855,64.8964,64.4898,67.4988
2020-06-12,2346700,184870170,76.0,80.8,76.0,80.7,0.9,1736,0.8132383309990843,61.8061,65.6283,61.8061,65.7097
2020-06-15,3679104,302549340,82.2,83.8,80.8,81.2,0.5,2805,0.8132383309990843,66.8482,66.035,65.7097,68.1494
2020-06-16,1900604,156034706,83.2,83.3,81.5,81.5,0.3,1358,0.8132383309990843,67.6614,66.2789,66.2789,67.7428
2020-06-17,1134551,92576570,81.8,82.2,81.3,81.3,-0.2,902,0.8132383309990843,66.5229,66.1163,66.1163,66.8482
2020-06-18,1024524,83411546,81.4,81.8,81.1,81.6,0.3,758,0.8132383309990843,66.1976,66.3602,65.9536,66.5229
2020-06-19,1283722,104779885,81.7,82.2,81.1,81.1,-0.5,875,0.8132383309990843,66.4416,65.9536,65.9536,66.8482
2020-06-22,1401482,114592982,81.2,82.7,80.9,81.5,0.4,1054,0.8132383309990843,66.035,66.2789,65.791,67.2548
2020-06-23,1182601,96020461,82.2,82.3,80.5,80.9,-0.6,836,0.8132383309990843,66.8482,65.791,65.4657,66.9295
2020-06-24,4386859,362899820,81.5,84.0,81.4,82.7,1.8,3154,0.8132383309990843,66.2789,67.2548,66.1976,68.312
2020-06-29,1782590,144620180,81.5,82.0,80.2,81.1,-1.6,1373,0.8132383309990843,66.2789,65.9536,65.2217,66.6855
2020-06-30,7598315,641720596,82.4,86.4,82.0,85.4,4.3,5185,0.8132383309990843,67.0108,69.4506,66.6855,70.2638
2020-07-01,11300438,988848059,86.1,90.0,84.7,88.4,3.0,7572,0.8132383309990843,70.0198,71.8903,68.8813,73.1914
2020-07-02,11332775,1039114403,91.2,94.4,89.4,91.4,3.0,8204,0.8132383309990843,74.1673,74.33,72.7035,76.7697
2020-07-03,6286422,583801262,93.0,95.3,91.0,91.4,0.0,4419,0.8132383309990843,75.6312,74.33,74.0047,77.5016
2020-07-06,4213680,391632297,93.5,94.0,92.1,92.6,1.2,2727,0.8132383309990843,76.0378,75.3059,74.8993,76.4444
2020-07-07,4079244,373373871,94.4,94.4,89.4,90.9,-1.7,2890,0.8132383309990843,76.7697,73.9234,72.7035,76.7697
2020-07-08,6393265,600961577,91.2,96.0,91.2,96.0,5.1,4558,0.8132383309990843,74.1673,78.0709,74.1673,78.0709
2020-07-09,7788257,800767701,98.0,105.5,97.5,105.5,9.5,4314,0.8132383309990843,79.6974,85.7966,79.2907,85.7966
2020-07-10,19968826,2203502730,112.0,115.5,105.5,106.0,0.5,13219,0.8132383309990843,91.0827,86.2033,85.7966,93.929
2020-07-13,5149850,559814450,111.5,112.0,106.0,106.0,0.0,3472,0.8132383309990843,90.6761,86.2033,86.2033,91.0827
2020-07-14,4742411,505845945,106.5,111.0,104.0,104.0,-2.0,3474,0.8132383309990843,86.6099,84.5768,84.5768,90.2695
2020-07-15,9943964,1079228124,107.0,111.0,105.0,107.5,3.5,6456,0.8132383309990843,87.0165,87.4231,85.39,90.2695
2020-07-16,5896802,615721606,107.5,108.5,101.0,102.0,0.0,4164,0.833394857792198,89.5899,85.0063,84.1729,90.4233
2020-07-17,8363447,880790594,103.5,109.0,101.0,102.0,0.0,5933,0.833394857792198,86.2564,85.0063,84.1729,90.84
2020-07-20,4012395,396027242,102.5,103.0,97.0,98.1,-3.9,2904,0.833394857792198,85.423,81.756,80.8393,85.8397
2020-07-21,4319918,443356918,100.5,105.0,100.0,104.5,6.4,3213,0.833394857792198,83.7562,87.0898,83.3395,87.5065
2020-07-22,3732909,385083627,103.0,105.5,101.0,103.0,-1.5,2643,0.833394857792198,85.8397,85.8397,84.1729,87.9232
2020-07-23,5695867,600501099,103.5,108.0,102.0,104.5,1.5,4148,0.833394857792198,86.2564,87.0898,85.0063,90.0066
2020-07-24,23802635,2669347696,108.0,114.5,107.0,114.5,10.0,14869,0.833394857792198,90.0066,95.4237,89.1732,95.4237
2020-07-27,23477023,2906018379,125.5,125.5,120.0,125.5,11.0,13991,0.833394857792198,104.5911,104.5911,100.0074,104.5911
2020-07-28,36559187,4638749772,129.5,137.5,114.5,116.0,-9.5,25136,0.833394857792198,107.9246,96.6738,95.4237,114.5918
2020-07-29,15434574,1747037712,114.0,117.0,108.5,114.5,-1.5,10186,0.833394857792198,95.007,95.4237,90.4233,97.5072
2020-07-30,9269426,1088529696,118.0,120.0,115.5,115.5,1.0,6498,0.833394857792198,98.3406,96.2571,96.2571,100.0074
2020-07-31,4991478,575540904,115.5,118.0,112.0,118.0,2.5,3833,0.833394857792198,96.2571,98.3406,93.3402,98.3406
2020-08-03,4094975,470917631,118.0,118.0,113.0,113.5,-4.5,2926,0.833394857792198,98.3406,94.5903,94.1736,98.3406
2020-08-04,3680442,424856830,115.0,117.5,114.0,114.5,1.0,2699,0.833394857792198,95.8404,95.4237,95.007,97.9239
2020-08-05,9949533,1190363927,116.0,123.0,116.0,119.0,4.5,7081,0.833394857792198,96.6738,99.174,96.6738,102.5076
2020-08-06,6233922,755561596,122.0,124.5,119.0,119.5,0.5,4709,0.833394857792198,101.6742,99.5907,99.174,103.7577
2020-08-07,3130632,369468340,119.0,120.0,116.0,119.0,-0.5,2583,0.833394857792198,99.174,99.174,96.6738,100.0074
2020-08-10,4305051,510964518,119.0,122.0,116.0,116.0,-3.0,3273,0.833394857792198,99.174,96.6738,96.6738,101.6742
2020-08-11,5611755,622095550,111.5,115.0,108.0,109.0,-7.0,4168,0.833394857792198,92.9235,90.84,90.0066,95.8404
2020-08-12,5399223,569778253,107.5,110.0,102.0,110.0,1.0,3784,0.833394857792198,89.5899,91.6734,85.0063,91.6734
2020-08-13,4999233,544452307,113.0,114.0,105.5,106.0,-4.0,3645,0.833394857792198,94.1736,88.3399,87.9232,95.007
2020-08-14,2390070,255914589,104.0,110.0,103.5,108.5,2.5,1891,0.833394857792198,86.6731,90.4233,86.2564,91.6734
2020-08-17,1930216,207695212,108.5,109.5,106.5,107.5,-1.0,1658,0.833394857792198,90.4233,89.5899,88.7566,91.2567
2020-08-18,2110376,222044668,108.5,108.5,104.0,104.5,-3.0,1786,0.833394857792198,90.4233,87.0898,86.6731,90.4233
2020-08-19,2199440,227328540,105.0,106.0,102.0,102.5,-2.0,1780,0.833394857792198,87.5065,85.423,85.0063,88.3399
2020-08-20,4569151,442866866,101.0,101.5,92.6,95.6,-6.9,3629,0.833394857792198,84.1729,79.6725,77.1724,84.5896
2020-08-21,4698999,475983492,98.1,104.5,97.8,102.5,6.9,3721,0.833394857792198,81.756,85.423,81.506,87.0898
2020-08-24,2886311,298726308,103.0,105.5,100.5,103.5,1.0,2124,0.833394857792198,85.8397,86.2564,83.7562,87.9232
2020-08-25,4518332,482782188,105.0,109.0,104.0,108.5,5.0,3407,0.833394857792198,87.5065,90.4233,86.6731,90.84
2020-08-26,13884788,1618141272,111.0,119.0,111.0,119.0,10.5,8867,0.833394857792198,92.5068,99.174,92.5068,99.174
2020-08-27,26813489,3223309464,122.0,125.5,115.0,116.0,-3.0,17901,0.833394857792198,101.6742,96.6738,95.8404,104.5911
2020-08-28,9929979,1079835606,109.0,113.0,105.5,113.0,-3.0,7179,0.833394857792198,90.84,94.1736,87.9232,94.1736
2020-08-31,5720090,643658170,115.0,116.5,109.0,112.0,-1.0,4057,0.833394857792198,95.8404,93.3402,90.84,97.0905
2020-09-01,2189511,242443221,112.0,112.5,109.5,110.0,-2.0,1732,0.833394857792198,93.3402,91.6734,91.2567,93.7569
2020-09-02,1677661,185642859,112.0,112.5,109.0,110.0,0.0,1314,0.833394857792198,93.3402,91.6734,90.84,93.7569
2020-09-03,1834474,201281666,111.0,112.0,108.0,108.5,-1.5,1454,0.833394857792198,92.5068,90.4233,90.0066,93.3402
2020-09-04,2404377,256917900,104.5,109.0,103.0,108.5,0.0,1822,0.833394857792198,87.0898,90.4233,85.8397,90.84
2020-09-07,2708260,286981665,108.5,109.0,103.5,104.0,-4.5,1810,0.833394857792198,90.4233,86.6731,86.2564,90.84
2020-09-08,1905141,200322664,105.0,107.5,103.5,104.0,0.0,1434,0.833394857792198,87.5065,86.6731,86.2564,89.5899
2020-09-09,4007687,406731862,101.5,106.5,99.8,106.5,2.5,2527,0.833394857792198,84.5896,88.7566,83.1728,88.7566
2020-09-10,2663770,278672463,107.0,108.0,102.0,103.0,-3.5,1996,0.833394857792198,89.1732,85.8397,85.0063,90.0066
2020-09-11,1775501,182164352,103.0,104.5,101.5,102.0,-1.0,1405,0.833394857792198,85.8397,85.0063,84.5896,87.0898
2020-09-14,1362399,141641690,102.0,105.0,102.0,104.5,2.5,1034,0.833394857792198,85.0063,87.0898,85.0063,87.5065
2020-09-15,2679299,275615647,105.0,105.5,101.0,101.5,-3.0,2284,0.833394857792198,87.5065,84.5896,84.1729,87.9232
2020-09-16,2220751,228225353,102.0,104.5,101.5,102.0,0.5,1692,0.833394857792198,85.0063,85.0063,84.5896,87.0898
2020-09-17,1293960,132985840,102.0,104.0,101.5,104.0,2.0,875,0.833394857792198,85.0063,86.6731,84.5896,86.6731
2020-09-18,7931655,855325585,106.5,109.5,106.0,107.0,3.0,5575,0.833394857792198,88.7566,89.1732,88.3399,91.2567
2020-09-21,1993987,208313648,107.0,107.5,102.5,103.0,-4.0,1539,0.833394857792198,89.1732,85.8397,85.423,89.5899
2020-09-22,1426925,146113810,102.0,103.5,101.0,102.0,-1.0,1118,0.833394857792198,85.0063,85.0063,84.1729,86.2564
2020-09-23,1185702,121620508,103.0,104.0,101.0,104.0,2.0,930,0.833394857792198,85.8397,86.6731,84.1729,86.6731
2020-09-24,2521750,261184500,102.0,105.5,102.0,103.5,-0.5,1903,0.833394857792198,85.0063,86.2564,85.0063,87.9232
2020-09-25,2529660,256960160,104.0,105.0,100.0,100.0,-3.5,1852,0.833394857792198,86.6731,83.3395,83.3395,87.5065
2020-09-28,989650,101124125,101.5,103.0,101.0,102.0,2.0,721,0.833394857792198,84.5896,85.0063,84.1729,85.8397
2020-09-29,1901622,198057377,103.0,105.5,102.5,103.0,1.0,1401,0.833394857792198,85.8397,85.8397,85.423,87.9232
2020-09-30,1033079,107152253,103.5,104.5,102.5,103.5,0.5,690,0.833394857792198,86.2564,86.2564,85.423,87.0898
2020-10-05,1963056,206738903,104.5,106.5,104.0,105.0,1.5,1418,0.833394857792198,87.0898,87.5065,86.6731,88.7566
2020-10-06,1455854,154711451,107.5,107.5,105.5,106.0,1.0,1107,0.833394857792198,89.5899,88.3399,87.9232,89.5899
2020-10-07,859140,91202980,105.0,107.0,105.0,106.5,0.5,697,0.833394857792198,87.5065,88.7566,87.5065,89.1732
2020-10-08,3172743,343557230,107.5,109.5,106.5,109.5,3.0,2382,0.833394857792198,89.5899,91.2567,88.7566,91.2567
2020-10-12,7535778,849183463,114.0,115.0,110.5,110.5,1.0,5243,0.833394857792198,95.007,92.0901,92.0901,95.8404
2020-10-13,1817429,198639975,111.0,111.5,108.0,109.0,-1.5,1386,0.833394857792198,92.5068,90.84,90.0066,92.9235
2020-10-14,1904700,209258700,109.0,111.0,108.5,111.0,2.0,1240,0.833394857792198,90.84,92.5068,90.4233,92.5068
2020-10-15,1591691,174188352,110.0,111.0,108.0,110.5,-0.5,1267,0.833394857792198,91.6734,92.0901,90.0066,92.5068
2020-10-16,4343572,478990776,111.0,113.5,106.0,107.5,-3.0,3173,0.833394857792198,92.5068,89.5899,88.3399,94.5903
2020-10-19,832237,89372096,107.5,108.5,106.5,107.0,-0.5,685,0.833394857792198,89.5899,89.1732,88.7566,90.4233
2020-10-20,913693,96116765,106.5,106.5,104.5,105.0,-2.0,694,0.833394857792198,88.7566,87.5065,87.0898,88.7566
2020-10-21,554407,58538142,106.0,106.0,105.0,106.0,1.0,433,0.833394857792198,88.3399,88.3399,87.5065,88.3399
2020-10-22,892374,93197396,106.0,106.5,104.0,104.0,-2.0,547,0.833394857792198,88.3399,86.6731,86.6731,88.7566
2020-10-23,547875,57180875,104.5,105.0,104.0,104.5,0.5,461,0.833394857792198,87.0898,87.0898,86.6731,87.5065
2020-10-26,589672,61207197,105.5,105.5,103.0,103.5,-1.0,477,0.833394857792198,87.9232,86.2564,85.8397,87.9232
2020-10-27,498911,51108306,102.5,103.5,101.5,103.0,-0.5,417,0.833394857792198,85.423,85.8397,84.5896,86.2564
2020-10-28,594415,61078245,103.0,104.0,102.0,102.0,-1.0,486,0.833394857792198,85.8397,85.0063,85.0063,86.6731
2020-10-29,868330,88200245,100.5,103.0,100.0,103.0,1.0,652,0.833394857792198,83.7562,85.8397,83.3395,85.8397
2020-10-30,531282,54134463,103.0,103.0,101.5,101.5,-1.5,429,0.833394857792198,85.8397,84.5896,84.5896,85.8397
2020-11-02,841160,84438915,101.5,102.0,99.7,100.5,-1.0,657,0.833394857792198,84.5896,83.7562,83.0895,85.0063
2020-11-03,1020059,104657166,101.0,103.5,101.0,103.0,2.5,716,0.833394857792198,84.1729,85.8397,84.1729,86.2564
2020-11-04,1146464,119382893,103.5,105.0,102.5,104.5,1.5,908,0.833394857792198,86.2564,87.0898,85.423,87.5065
2020-11-05,802412,83645009,104.5,105.0,103.5,104.0,-0.5,651,0.833394857792198,87.0898,86.6731,86.2564,87.5065
2020-11-06,1221958,129471069,105.0,107.0,104.5,105.5,1.5,974,0.833394857792198,87.5065,87.9232,87.0898,89.1732
2020-11-09,4261350,466703377,107.5,112.0,106.5,111.0,5.5,3176,0.833394857792198,89.5899,92.5068,88.7566,93.3402
2020-11-10,2431515,262715949,111.0,111.0,106.0,107.5,-3.5,1938,0.833394857792198,92.5068,89.5899,88.3399,92.5068
2020-11-11,1468023,159724808,107.5,110.0,107.5,108.5,1.0,1159,0.833394857792198,89.5899,90.4233,89.5899,91.6734
2020-11-12,1453294,158357943,109.0,111.0,107.0,107.5,-1.0,1161,0.833394857792198,90.84,89.5899,89.1732,92.5068
2020-11-13,3031275,334095055,108.0,111.5,107.0,111.0,3.5,2082,0.833394857792198,90.0066,92.5068,89.1732,92.9235
2020-11-16,6937028,792736288,115.5,117.0,112.0,112.5,1.5,4826,0.833394857792198,96.2571,93.7569,93.3402,97.5072
2020-11-17,2420848,269943834,113.0,114.0,110.0,110.0,-2.5,1868,0.833394857792198,94.1736,91.6734,91.6734,95.007
2020-11-18,2037139,227929481,111.5,113.5,110.5,112.0,2.0,1487,0.833394857792198,92.9235,93.3402,92.0901,94.5903
2020-11-19,1006044,112480415,111.0,113.0,111.0,111.5,-0.5,806,0.833394857792198,92.5068,92.9235,92.5068,94.1736
2020-11-20,1758062,197670944,112.0,114.0,111.0,112.0,0.5,1189,0.833394857792198,93.3402,93.3402,92.5068,95.007
2020-11-23,1173413,132168615,113.0,114.0,111.5,112.5,0.5,932,0.833394857792198,94.1736,93.7569,92.9235,95.007
2020-11-24,1614793,181155330,113.5,113.5,111.0,111.0,-1.5,1152,0.833394857792198,94.5903,92.5068,92.5068,94.5903
2020-11-25,2741772,309568373,112.0,115.0,110.5,111.0,0.0,1962,0.833394857792198,93.3402,92.5068,92.0901,95.8404
2020-11-26,3162544,360713161,112.5,115.0,112.0,114.5,3.5,2220,0.833394857792198,93.7569,95.4237,93.3402,95.8404
2020-11-27,9677998,1128370281,116.0,119.5,113.5,114.5,0.0,6432,0.833394857792198,96.6738,95.4237,94.5903,99.5907
2020-11-30,2395453,270756253,115.5,116.0,111.0,112.0,-2.5,1847,0.833394857792198,96.2571,93.3402,92.5068,96.6738
2020-12-01,1605618,178646036,112.0,113.0,109.5,113.0,1.0,1301,0.833394857792198,93.3402,94.1736,91.2567,94.1736
2020-12-02,1790788,202684644,113.0,114.5,111.5,113.5,0.5,1325,0.833394857792198,94.1736,94.5903,92.9235,95.4237
2020-12-03,1364251,154560879,113.5,114.5,112.0,112.0,-1.5,1081,0.833394857792198,94.5903,93.3402,93.3402,95.4237
2020-12-04,705849,79500888,112.5,114.0,112.0,112.5,0.5,613,0.833394857792198,93.7569,93.7569,93.3402,95.007
2020-12-07,1522761,171524827,113.5,114.0,111.5,112.0,-0.5,1153,0.833394857792198,94.5903,93.3402,92.9235,95.007
2020-12-08,6052874,701212017,113.0,118.0,112.0,118.0,6.0,4368,0.833394857792198,94.1736,98.3406,93.3402,98.3406
2020-12-09,6299219,742309044,119.5,121.5,115.5,117.0,-1.0,4325,0.833394857792198,99.5907,97.5072,96.2571,101.2575
2020-12-10,2475037,281624308,116.0,116.0,112.5,113.5,-3.5,1655,0.833394857792198,96.6738,94.5903,93.7569,96.6738
2020-12-11,1683048,188401451,114.5,115.0,110.0,111.0,-2.5,1437,0.833394857792198,95.4237,92.5068,91.6734,95.8404
2020-12-14,1111093,123995218,112.0,113.5,110.0,111.0,0.0,804,0.833394857792198,93.3402,92.5068,91.6734,94.5903
2020-12-15,1868040,203780756,111.0,112.0,107.5,108.0,-3.0,1244,0.833394857792198,92.5068,90.0066,89.5899,93.3402
2020-12-16,874606,96014049,109.5,110.5,109.0,109.5,1.5,686,0.833394857792198,91.2567,91.2567,90.84,92.0901
2020-12-17,776378,84484538,109.5,110.5,108.0,108.5,-1.0,701,0.833394857792198,91.2567,90.4233,90.0066,92.0901
2020-12-18,443959,48126264,108.5,109.5,108.0,108.0,-0.5,403,0.833394857792198,90.4233,90.0066,90.0066,91.2567
2020-12-21,1791086,187710727,108.0,108.5,103.0,106.0,-2.0,1450,0.833394857792198,90.0066,88.3399,85.8397,90.4233
2020-12-22,1366118,146659214,106.0,109.5,105.0,106.0,0.0,1110,0.833394857792198,88.3399,88.3399,87.5065,91.2567
2020-12-23,2680246,293861813,109.0,111.0,108.0,109.5,3.5,1971,0.833394857792198,90.84,91.2567,90.0066,92.5068
2020-12-24,1065795,117312402,111.5,111.5,109.0,109.5,0.0,763,0.833394857792198,92.9235,91.2567,90.84,92.9235
2020-12-25,836153,92335766,111.5,111.5,109.0,110.5,1.0,669,0.833394857792198,92.9235,92.0901,90.84,92.9235
2020-12-28,2641011,299941923,112.0,115.0,111.5,113.5,3.0,1879,0.833394857792198,93.3402,94.5903,92.9235,95.8404
2020-12-29,1430600,162762094,114.5,115.0,112.5,113.5,0.0,1066,0.833394857792198,95.4237,94.5903,93.7569,95.8404
2020-12-30,2041109,235043272,115.0,116.0,114.0,115.0,1.5,1489,0.833394857792198,95.8404,95.8404,95.007,96.6738
2020-12-31,2235784,258284694,115.5,117.5,113.5,116.5,1.5,1458,0.833394857792198,96.2571,97.0905,94.5903,97.9239
2021-01-04,2181144,252299233,117.5,117.5,113.5,116.5,0.0,1536,0.833394857792198,97.9239,97.0905,94.5903,97.9239
2021-01-05,1628950,186626578,116.0,116.0,113.5,113.5,-3.0,1174,0.833394857792198,96.6738,94.5903,94.5903,96.6738
2021-01-06,3530513,408829571,114.5,117.5,114.0,115.5,2.0,2394,0.833394857792198,95.4237,96.2571,95.007,97.9239
2021-01-07,5974647,708396593,118.0,120.5,116.5,117.0,1.5,4250,0.833394857792198,98.3406,97.5072,97.0905,100.4241
2021-01-08,2342716,270089818,118.0,118.5,113.5,114.5,-2.5,1846,0.833394857792198,98.3406,95.4237,94.5903,98.7573
2021-01-11,3687855,434035258,113.0,119.0,113.0,119.0,4.5,2475,0.833394857792198,94.1736,99.174,94.1736,99.174
2021-01-12,2822320,326221305,118.0,118.0,113.5,114.5,-4.5,2121,0.833394857792198,98.3406,95.4237,94.5903,98.3406
2021-01-13,3536051,416076927,114.5,119.0,114.5,119.0,4.5,2466,0.833394857792198,95.4237,99.174,95.4237,99.174
2021-01-14,3340694,394807785,116.0,120.5,116.0,118.0,-1.0,2411,0.833394857792198,96.6738,98.3406,96.6738,100.4241
2021-01-15,12146116,1490156675,128.0,128.5,118.0,118.0,0.0,8328,0.833394857792198,106.6745,98.3406,98.3406,107.0912
2021-01-18,8839363,1077412555,120.0,125.5,117.0,121.5,3.5,6423,0.833394857792198,100.0074,101.2575,97.5072,104.5911
2021-01-19,6585978,818816642,124.0,128.0,122.0,123.0,1.5,4780,0.833394857792198,103.341,102.5076,101.6742,106.6745
2021-01-20,3900671,468130652,122.0,123.5,118.0,119.0,-4.0,2844,0.833394857792198,101.6742,99.174,98.3406,102.9243
2021-01-21,16258200,2064030198,121.0,130.5,121.0,130.5,11.5,10153,0.833394857792198,100.8408,108.758,100.8408,108.758
2021-01-22,23709033,3065372938,128.0,134.5,125.0,127.5,-3.0,16601,0.833394857792198,106.6745,106.2578,104.1744,112.0916
2021-01-25,4819389,599036333,126.5,127.0,122.0,124.0,-3.5,3636,0.833394857792198,105.4244,103.341,101.6742,105.8411
2021-01-26,4275569,522492169,124.0,126.0,119.0,120.5,-3.5,3260,0.833394857792198,103.341,100.4241,99.174,105.0078
2021-01-27,1781502,214484806,121.5,122.0,119.0,120.5,0.0,1523,0.833394857792198,101.2575,100.4241,99.174,101.6742
2021-01-28,2597481,302273963,117.0,118.0,115.0,116.0,-4.5,2129,0.833394857792198,97.5072,96.6738,95.8404,98.3406
2021-01-29,1508137,174132556,117.5,118.0,112.5,113.5,-2.5,1366,0.833394857792198,97.9239,94.5903,93.7569,98.3406
2021-02-01,1418519,158378220,111.5,113.5,109.5,113.0,-0.5,1200,0.833394857792198,92.9235,94.1736,91.2567,94.5903
2021-02-02,1266666,144994284,113.5,115.5,113.5,114.5,1.5,987,0.833394857792198,94.5903,95.4237,94.5903,96.2571
2021-02-03,889756,102298156,115.5,116.5,113.5,113.5,-1.0,763,0.833394857792198,96.2571,94.5903,94.5903,97.0905
2021-02-04,869067,98009330,113.0,114.0,111.5,112.5,-1.0,731,0.833394857792198,94.1736,93.7569,92.9235,95.007
2021-02-05,852721,96416187,113.5,114.0,112.5,113.0,0.5,692,0.833394857792198,94.5903,94.1736,93.7569,95.007
2021-02-17,1354801,158226141,116.5,118.0,116.0,116.5,3.5,1151,0.833394857792198,97.0905,97.0905,96.6738,98.3406
2021-02-18,807390,94352567,117.0,118.0,115.5,117.0,0.5,665,0.833394857792198,97.5072,97.5072,96.2571,98.3406
2021-02-19,980437,113752230,116.5,117.0,115.5,117.0,0.0,868,0.833394857792198,97.0905,97.5072,96.2571,97.5072
2021-02-22,1490913,176384815,118.0,119.5,117.0,117.5,0.5,1224,0.833394857792198,98.3406,97.9239,97.5072,99.5907
2021-02-23,953260,111923782,117.0,118.5,116.0,117.5,0.0,823,0.833394857792198,97.5072,97.9239,96.6738,98.7573
2021-02-24,1152339,135702332,117.5,119.0,116.5,116.5,-1.0,933,0.833394857792198,97.9239,97.0905,97.0905,99.174
2021-02-25,778384,91275507,118.0,118.0,116.5,116.5,0.0,630,0.833394857792198,98.3406,97.0905,97.0905,98.3406
2021-02-26,948188,108916839,113.5,116.5,113.5,114.5,-2.0,865,0.833394857792198,94.5903,95.4237,94.5903,97.0905
2021-03-02,813375,93154694,115.5,116.5,113.5,113.5,-1.0,738,0.833394857792198,96.2571,94.5903,94.5903,97.0905
2021-03-03,720092,81416162,113.5,114.5,111.5,114.0,0.5,617,0.833394857792198,94.5903,95.007,92.9235,95.4237
2021-03-04,959792,108009923,113.5,114.0,111.5,111.5,-2.5,726,0.833394857792198,94.5903,92.9235,92.9235,95.007
2021-03-05,719090,79425603,109.5,112.0,109.0,110.0,-1.5,703,0.833394857792198,91.2567,91.6734,90.84,93.3402
2021-03-08,931659,101837286,111.5,112.0,107.0,107.0,-3.0,826,0.833394857792198,92.9235,89.1732,89.1732,93.3402
2021-03-09,1263894,132206450,107.0,107.5,103.5,104.0,-3.0,1164,0.833394857792198,89.1732,86.6731,86.2564,89.5899
2021-03-10,713213,75430761,105.0,107.0,104.5,106.0,2.0,609,0.833394857792198,87.5065,88.3399,87.0898,89.1732
2021-03-11,796577,86299822,107.5,109.0,106.5,108.5,2.5,575,0.833394857792198,89.5899,90.4233,88.7566,90.84
2021-03-12,453077,49481143,109.5,110.5,108.5,109.0,0.5,407,0.833394857792198,91.2567,90.84,90.4233,92.0901
2021-03-15,423515,45906707,109.0,109.5,107.5,108.5,-0.5,442,0.833394857792198,90.84,90.4233,89.5899,91.2567
2021-03-16,505913,54818099,109.5,109.5,107.5,108.0,-0.5,453,0.833394857792198,91.2567,90.0066,89.5899,91.2567
2021-03-17,357213,38845906,108.0,109.5,108.0,108.5,0.5,340,0.833394857792198,90.0066,90.4233,90.0066,91.2567
2021-03-18,863645,93649700,109.0,109.5,107.0,108.0,-0.5,733,0.833394857792198,90.84,90.0066,89.1732,91.2567
2021-03-19,443823,47920740,108.0,109.0,107.0,108.0,0.0,380,0.833394857792198,90.0066,90.0066,89.1732,90.84
2021-03-22,878610,96645296,108.5,112.0,108.0,112.0,4.0,756,0.833394857792198,90.4233,93.3402,90.0066,93.3402
2021-03-23,741524,82275001,112.0,112.5,110.0,110.0,-2.0,642,0.833394857792198,93.3402,91.6734,91.6734,93.7569
2021-03-24,536416,58799830,111.5,111.5,108.5,109.0,-1.0,463,0.833394857792198,92.9235,90.84,90.4233,92.9235
2021-03-25,387412,42352580,110.0,110.0,108.5,109.0,0.0,324,0.833394857792198,91.6734,90.84,90.4233,91.6734
2021-03-26,847954,94211246,110.0,112.5,109.5,112.0,3.0,739,0.833394857792198,91.6734,93.3402,91.2567,93.7569
2021-03-29,757112,84759694,113.0,113.5,111.0,111.0,-1.0,640,0.833394857792198,94.1736,92.5068,92.5068,94.5903
2021-03-30,1517537,171791995,112.0,114.5,111.0,114.0,3.0,1160,0.833394857792198,93.3402,95.007,92.5068,95.4237
2021-03-31,997266,113158563,114.5,115.0,112.0,112.5,-1.5,841,0.833394857792198,95.4237,93.7569,93.3402,95.8404
2021-04-01,904972,103121564,114.5,115.0,113.0,113.5,1.0,689,0.833394857792198,95.4237,94.5903,94.1736,95.8404
2021-04-06,6648622,796443555,116.0,123.5,115.5,121.0,7.5,5085,0.833394857792198,96.6738,100.8408,96.2571,102.9243
2021-04-07,3924121,474734754,121.5,123.5,118.5,121.0,0.0,3297,0.833394857792198,101.2575,100.8408,98.7573,102.9243
2021-04-08,2094177,252858052,121.0,122.0,119.5,121.0,0.0,1625,0.833394857792198,100.8408,100.8408,99.5907,101.6742
2021-04-09,1685926,202197658,121.0,122.5,118.5,121.0,0.0,1463,0.833394857792198,100.8408,100.8408,98.7573,102.0909
2021-04-12,5152275,642836704,124.5,128.0,121.5,122.0,1.0,4112,0.833394857792198,103.7577,101.6742,101.2575,106.6745
2021-04-13,2598274,315448234,124.5,124.5,118.0,118.0,-4.0,1901,0.833394857792198,103.7577,98.3406,98.3406,103.7577
2021-04-14,3579007,423767574,119.0,121.5,114.5,121.0,3.0,2474,0.833394857792198,99.174,100.8408,95.4237,101.2575
2021-04-15,2497410,297987458,119.0,122.0,117.0,122.0,1.0,1997,0.833394857792198,99.174,101.6742,97.5072,101.6742
2021-04-16,3555764,430974094,122.5,123.5,119.5,120.5,-1.5,2617,0.833394857792198,102.0909,100.4241,99.5907,102.9243
2021-04-19,1104742,131468338,120.5,121.5,118.0,118.5,-2.0,958,0.833394857792198,100.4241,98.7573,98.3406,101.2575
2021-04-20,1134960,134508238,118.5,119.5,117.5,118.5,0.0,752,0.833394857792198,98.7573,98.7573,97.9239,99.5907
2021-04-21,740321,88120988,118.5,120.0,118.0,119.5,1.0,649,0.833394857792198,98.7573,99.5907,98.3406,100.0074
2021-04-22,1737638,206342612,122.0,122.5,116.5,116.5,-3.0,1442,0.833394857792198,101.6742,97.0905,97.0905,102.0909
2021-04-23,696563,81903047,116.5,119.0,116.5,117.5,1.0,566,0.833394857792198,97.0905,97.9239,97.0905,99.174
2021-04-26,1011305,117918937,118.5,118.5,115.0,116.0,-1.5,883,0.833394857792198,98.7573,96.6738,95.8404,98.7573
2021-04-27,787859,92061319,116.5,118.0,115.5,116.5,0.5,611,0.833394857792198,97.0905,97.0905,96.2571,98.3406
2021-04-28,812186,94503913,117.0,117.0,115.5,116.0,-0.5,609,0.833394857792198,97.5072,96.6738,96.2571,97.5072
2021-04-29,2577001,308144332,117.5,121.5,117.5,119.0,3.0,2048,0.833394857792198,97.9239,99.174,97.9239,101.2575
2021-05-03,1759454,204235874,120.5,120.5,112.0,112.5,-6.5,1368,0.833394857792198,100.4241,93.7569,93.3402,100.4241
2021-05-04,1846558,207932007,113.5,116.5,108.0,115.0,2.5,1568,0.833394857792198,94.5903,95.8404,90.0066,97.0905
2021-05-05,1011391,115329542,116.0,117.0,111.5,111.5,-3.5,1024,0.833394857792198,96.6738,92.9235,92.9235,97.5072
2021-05-06,538922,60397383,113.5,114.0,110.5,112.0,0.5,477,0.833394857792198,94.5903,93.3402,92.0901,95.007
2021-05-07,1033801,119365913,114.5,117.0,112.5,115.0,3.0,842,0.833394857792198,95.4237,95.8404,93.7569,97.5072
2021-05-10,605747,68032473,115.0,115.0,111.0,111.0,-4.0,551,0.833394857792198,95.8404,92.5068,92.5068,95.8404
2021-05-11,1627435,172314235,109.5,109.5,104.0,104.0,-7.0,1422,0.833394857792198,91.2567,86.6731,86.6731,91.2567
2021-05-12,2594889,252637214,100.5,104.0,93.6,94.6,-9.4,2068,0.833394857792198,83.7562,78.8392,78.0058,86.6731
2021-05-13,1228677,116474456,92.5,98.4,89.1,96.1,1.5,1094,0.833394857792198,77.089,80.0892,74.2555,82.0061
2021-05-14,774381,75531541,98.7,99.5,96.3,96.5,0.4,695,0.833394857792198,82.2561,80.4226,80.2559,82.9228
2021-05-17,1371949,123267015,88.2,94.7,87.0,89.0,-7.5,1147,0.833394857792198,73.5054,74.1721,72.5054,78.9225
2021-05-18,1117358,104027450,89.9,95.8,89.9,93.9,4.9,887,0.833394857792198,74.9222,78.2558,74.9222,79.8392
2021-05-19,488866,46333033,93.9,96.1,93.4,96.1,2.2,426,0.833394857792198,78.2558,80.0892,77.8391,80.0892
2021-05-20,472917,44997864,96.9,96.9,94.2,94.6,-1.5,386,0.833394857792198,80.756,78.8392,78.5058,80.756
2021-05-21,326586,31272733,96.0,96.6,95.2,95.4,0.8,309,0.833394857792198,80.0059,79.5059,79.3392,80.5059
2021-05-24,330476,31838164,94.5,98.2,94.4,96.4,1.0,298,0.833394857792198,78.7558,80.3393,78.6725,81.8394
2021-05-25,723587,72184414,98.7,101.0,97.3,100.0,3.6,630,0.833394857792198,82.2561,83.3395,81.0893,84.1729
2021-05-26,369821,37198867,101.5,101.5,100.0,100.0,0.0,330,0.833394857792198,84.5896,83.3395,83.3395,84.5896
2021-05-27,396677,39789606,100.5,101.5,99.1,100.0,0.0,342,0.833394857792198,83.7562,83.3395,82.5894,84.5896
2021-05-28,491357,50529750,102.5,104.0,101.0,102.5,2.5,460,0.833394857792198,85.423,85.423,84.1729,86.6731
2021-05-31,458128,47555196,105.0,105.0,102.5,102.5,0.0,428,0.833394857792198,87.5065,85.423,85.423,87.5065
2021-06-01,300894,31321084,103.5,105.0,103.0,104.5,2.0,288,0.833394857792198,86.2564,87.0898,85.8397,87.5065
2021-06-02,541163,55441078,105.0,105.5,101.0,101.5,-3.0,487,0.833394857792198,87.5065,84.5896,84.1729,87.9232
2021-06-03,409353,42284853,102.5,104.0,102.0,104.0,2.5,360,0.833394857792198,85.423,86.6731,85.0063,86.6731
2021-06-04,263432,26939003,103.5,103.5,101.5,102.0,-2.0,258,0.833394857792198,86.2564,85.0063,84.5896,86.2564
2021-06-07,386010,39064945,102.5,103.0,99.0,102.0,0.0,342,0.833394857792198,85.423,85.0063,82.5061,85.8397
2021-06-08,152369,15484688,103.0,103.0,101.0,101.0,-1.0,152,0.833394857792198,85.8397,84.1729,84.1729,85.8397
2021-06-09,106394,10813971,101.0,102.5,101.0,102.0,1.0,127,0.833394857792198,84.1729,85.0063,84.1729,85.423
2021-06-10,585112,61076665,103.0,105.0,102.5,104.5,2.5,557,0.833394857792198,85.8397,87.0898,85.423,87.5065
2021-06-11,615560,64917921,105.0,107.0,104.5,106.0,1.5,528,0.833394857792198,87.5065,88.3399,87.0898,89.1732
2021-06-15,450674,47978550,106.5,107.5,105.5,106.5,0.5,428,0.833394857792198,88.7566,88.7566,87.9232,89.5899
2021-06-16,272211,28793507,106.5,107.0,105.0,105.5,-1.0,276,0.833394857792198,88.7566,87.9232,87.5065,89.1732
2021-06-17,328550,35004797,105.0,107.5,105.0,107.5,2.0,331,0.833394857792198,87.5065,89.5899,87.5065,89.5899
2021-06-18,734653,79647920,110.0,110.0,107.0,107.0,-0.5,555,0.833394857792198,91.6734,89.1732,89.1732,91.6734
2021-06-21,675931,68606901,105.5,106.0,104.0,104.5,-2.5,399,0.833394857792198,87.9232,87.0898,86.6731,88.3399
2021-06-22,343284,35728439,105.5,106.0,103.5,103.5,-1.0,297,0.833394857792198,87.9232,86.2564,86.2564,88.3399
2021-06-23,463408,49062509,105.0,107.0,104.5,106.0,2.5,413,0.833394857792198,87.5065,88.3399,87.0898,89.1732
2021-06-24,913453,99301674,109.0,109.5,107.0,109.0,3.0,839,0.833394857792198,90.84,90.84,89.1732,91.2567
2021-06-25,1640119,183202750,110.0,113.0,110.0,112.0,3.0,1239,0.833394857792198,91.6734,93.3402,91.6734,94.1736
2021-06-28,757524,84792054,114.0,114.0,111.0,111.5,-0.5,676,0.833394857792198,95.007,92.9235,92.5068,95.007
2021-06-29,821571,89167491,113.0,113.0,109.0,109.0,-2.5,534,0.833394857792198,94.1736,90.84,90.84,94.1736
2021-06-30,382753,41977194,111.0,111.0,109.0,109.0,0.0,364,0.833394857792198,92.5068,90.84,90.84,92.5068
2021-07-01,502351,54537965,109.0,110.0,107.0,107.5,-1.5,443,0.833394857792198,90.84,89.5899,89.1732,91.6734
2021-07-02,458014,50219379,108.5,111.0,107.5,110.5,3.0,383,0.833394857792198,90.4233,92.0901,89.5899,92.5068
2021-07-05,782246,88221448,112.5,113.5,111.5,113.0,2.5,689,0.833394857792198,93.7569,94.1736,92.9235,94.5903
2021-07-06,465594,52359452,113.0,114.0,111.0,111.5,-1.5,473,0.833394857792198,94.1736,92.9235,92.5068,95.007
2021-07-07,363557,40485496,111.5,112.5,110.5,110.5,-1.0,375,0.833394857792198,92.9235,92.0901,92.0901,93.7569
2021-07-08,292072,32527791,112.5,112.5,110.5,112.0,1.5,250,0.833394857792198,93.7569,93.3402,92.0901,93.7569
2021-07-09,346079,38103271,111.5,111.5,109.0,110.0,-2.0,322,0.833394857792198,92.9235,91.6734,90.84,92.9235
2021-07-12,1954458,224362911,111.5,116.5,111.5,116.0,6.0,1489,0.833394857792198,92.9235,96.6738,92.9235,97.0905
2021-07-13,2646752,306939133,117.5,119.0,114.0,115.0,-1.0,1892,0.833394857792198,97.9239,95.8404,95.007,99.174
2021-07-14,1989701,232204268,118.0,118.0,114.0,118.0,3.0,1539,0.833394857792198,98.3406,98.3406,95.007,98.3406
2021-07-15,2531643,299471460,120.0,121.5,116.0,118.5,0.5,1822,0.833394857792198,100.0074,98.7573,96.6738,101.2575
2021-07-16,919360,106089026,116.0,116.0,114.5,115.5,-3.0,737,0.833394857792198,96.6738,96.2571,95.4237,96.6738
2021-07-19,586809,66561616,114.5,115.0,113.0,113.5,-2.0,563,0.833394857792198,95.4237,94.5903,94.1736,95.8404
2021-07-20,604745,67362282,112.0,112.5,110.5,111.0,-2.5,560,0.833394857792198,93.3402,92.5068,92.0901,93.7569
2021-07-21,558690,63003949,113.5,114.0,112.0,113.5,2.5,496,0.833394857792198,94.5903,94.5903,93.3402,95.007
2021-07-22,1926210,225733054,114.5,118.0,114.5,116.5,3.0,1634,0.833394857792198,95.4237,97.0905,95.4237,98.3406
2021-07-23,8097063,1033151064,124.5,128.0,124.5,128.0,11.5,3625,0.833394857792198,103.7577,106.6745,103.7577,106.6745
2021-07-26,7667702,962912432,129.0,129.0,122.5,126.5,-1.5,5681,0.833394857792198,107.5079,105.4244,102.0909,107.5079
2021-07-27,13712346,1652100301,130.0,132.0,114.0,114.5,-12.0,8709,0.833394857792198,108.3413,95.4237,95.007,110.0081
2021-07-28,3093153,341664496,113.0,114.0,106.0,112.5,-2.0,2447,0.833394857792198,94.1736,93.7569,88.3399,95.007
2021-07-29,1447371,163527516,115.0,115.0,110.5,114.5,2.0,1201,0.833394857792198,95.8404,95.4237,92.0901,95.8404
2021-07-30,1181327,132155828,113.5,114.0,111.0,111.0,-3.5,980,0.833394857792198,94.5903,92.5068,92.5068,95.007
2021-08-02,511940,57452037,111.0,113.5,111.0,112.5,1.5,428,0.833394857792198,92.5068,93.7569,92.5068,94.5903
2021-08-03,879657,99727823,112.5,115.0,112.0,112.5,0.0,628,0.833394857792198,93.7569,93.7569,93.3402,95.8404
2021-08-04,579892,65935682,113.0,114.5,113.0,113.5,1.0,532,0.833394857792198,94.1736,94.5903,94.1736,95.4237
2021-08-05,2034831,237830098,115.0,118.5,114.0,117.5,4.0,1760,0.833394857792198,95.8404,97.9239,95.007,98.7573
2021-08-06,1692069,197499881,118.5,119.5,114.5,115.0,-2.5,1279,0.833394857792198,98.7573,95.8404,95.4237,99.5907
2021-08-09,843173,95027590,114.0,114.5,111.5,111.5,-3.5,727,0.833394857792198,95.007,92.9235,92.9235,95.4237
2021-08-10,768103,85464270,111.5,112.5,108.5,112.0,0.5,579,0.833394857792198,92.9235,93.3402,90.4233,93.7569
2021-08-11,882133,98092423,112.0,113.5,109.0,110.0,-2.0,633,0.833394857792198,93.3402,91.6734,90.84,94.5903
2021-08-12,417787,46623748,112.0,112.5,110.5,112.0,2.0,260,0.833394857792198,93.3402,93.3402,92.0901,93.7569
2021-08-13,621042,67897520,112.0,112.0,108.0,108.0,-4.0,582,0.833394857792198,93.3402,90.0066,90.0066,93.3402
2021-08-16,639536,68401434,108.0,109.0,105.0,107.0,-1.0,555,0.833394857792198,90.0066,89.1732,87.5065,90.84
2021-08-17,414212,44079066,107.5,108.0,105.0,105.5,-1.5,358,0.833394857792198,89.5899,87.9232,87.5065,90.0066
2021-08-18,910778,97132248,102.5,110.5,101.0,110.0,4.5,745,0.833394857792198,85.423,91.6734,84.1729,92.0901
2021-08-19,1574598,176572754,108.5,116.0,108.5,110.5,0.5,1142,0.833394857792198,90.4233,92.0901,90.4233,96.6738
2021-08-20,547493,60489846,111.0,112.0,108.5,110.5,0.0,468,0.833394857792198,92.5068,92.0901,90.4233,93.3402
2021-08-23,611278,69211128,112.0,114.5,111.5,114.5,4.0,540,0.833394857792198,93.3402,95.4237,92.9235,95.4237
2021-08-24,739377,85086320,116.0,116.5,114.0,114.5,0.0,625,0.833394857792198,96.6738,95.4237,95.007,97.0905
2021-08-25,1066999,123409458,115.0,116.5,115.0,115.5,1.0,799,0.833394857792198,95.8404,96.2571,95.8404,97.0905
2021-08-26,1431006,167388308,118.0,119.0,115.0,116.0,0.5,1107,0.833394857792198,98.3406,96.6738,95.8404,99.174
2021-08-27,803604,93393280,116.0,117.0,114.0,117.0,1.0,615,0.833394857792198,96.6738,97.5072,95.007,97.5072
2021-08-30,621209,72181099,117.5,117.5,115.0,116.0,-1.0,515,0.833394857792198,97.9239,96.6738,95.8404,97.9239
2021-08-31,996953,115067181,116.0,116.5,114.5,116.0,0.0,692,0.833394857792198,96.6738,96.6738,95.4237,97.0905
2021-09-01,1012889,115639255,113.0,115.5,111.5,115.5,0.0,812,0.8593226978123996,97.1035,99.2518,95.8145,99.2518
2021-09-02,533690,61033170,114.5,116.0,113.5,113.5,-2.0,522,0.8593226978123996,98.3924,97.5331,97.5331,99.6814
2021-09-03,1623952,189855775,115.5,118.0,114.0,118.0,4.5,1360,0.8593226978123996,99.2518,101.4001,97.9628,101.4001
2021-09-06,1239273,145209306,118.0,119.0,115.0,116.0,-2.0,1070,0.8593226978123996,101.4001,99.6814,98.8221,102.2594
2021-09-07,516273,59192843,116.5,117.0,113.0,114.5,-1.5,513,0.8593226978123996,100.1111,98.3924,97.1035,100.5408
2021-09-08,566767,64668956,113.5,116.5,113.0,113.0,-1.5,538,0.8593226978123996,97.5331,97.1035,97.1035,100.1111
2021-09-09,372292,42761501,113.5,116.0,112.0,115.5,2.5,336,0.8593226978123996,97.5331,99.2518,96.2441,99.6814
2021-09-10,823727,96341514,116.5,118.0,116.0,116.5,1.0,684,0.8593226978123996,100.1111,100.1111,99.6814,101.4001
2021-09-13,612269,71267498,118.0,118.0,115.0,115.0,-1.5,488,0.8593226978123996,101.4001,98.8221,98.8221,101.4001
2021-09-14,289221,33046233,115.0,115.5,113.5,113.5,-1.5,273,0.8593226978123996,98.8221,97.5331,97.5331,99.2518
2021-09-15,348843,39548415,113.5,114.0,112.5,114.0,0.5,272,0.8593226978123996,97.5331,97.9628,96.6738,97.9628
2021-09-16,253573,28692602,114.0,114.0,112.5,113.0,-1.0,231,0.8593226978123996,97.9628,97.1035,96.6738,97.9628
2021-09-17,641277,74139906,113.5,117.0,113.5,116.0,3.0,552,0.8593226978123996,97.5331,99.6814,97.5331,100.5408
2021-09-22,424376,48790395,113.5,116.0,113.5,115.5,-0.5,386,0.8593226978123996,97.5331,99.2518,97.5331,99.6814
2021-09-23,436336,50433917,116.5,117.0,114.5,115.0,-0.5,884,0.8593226978123996,100.1111,98.8221,98.3924,100.5408
2021-09-24,6767182,819609415,117.0,124.0,116.5,121.5,6.5,5669,0.8593226978123996,100.5408,104.4077,100.1111,106.556
2021-09-27,3706629,449523122,122.0,123.0,119.0,122.5,1.0,2776,0.8593226978123996,104.8374,105.267,102.2594,105.6967
2021-09-28,1865361,221274067,120.5,120.5,117.0,117.5,-5.0,1564,0.8593226978123996,103.5484,100.9704,100.5408,103.5484
2021-09-29,2255509,253057707,113.0,114.5,110.0,112.0,-5.5,3142,0.8593226978123996,97.1035,96.2441,94.5255,98.3924
2021-09-30,747361,84211587,113.0,114.0,111.5,113.0,1.0,573,0.8593226978123996,97.1035,97.1035,95.8145,97.9628
2021-10-01,1004706,112570738,111.5,113.0,111.0,112.5,-0.5,690,0.8593226978123996,95.8145,96.6738,95.3848,97.1035
2021-10-04,1038030,116658555,114.0,115.0,111.0,111.0,-1.5,943,0.8593226978123996,97.9628,95.3848,95.3848,98.8221
2021-10-05,800730,88404586,110.0,113.0,106.5,112.0,1.0,552,0.8593226978123996,94.5255,96.2441,91.5179,97.1035
2021-10-06,490474,54502978,113.0,113.5,109.5,110.0,-2.0,422,0.8593226978123996,97.1035,94.5255,94.0958,97.5331
2021-10-07,612458,68637097,111.5,113.0,111.0,112.5,2.5,656,0.8593226978123996,95.8145,96.6738,95.3848,97.1035
2021-10-08,499967,55838986,113.0,113.0,111.0,112.0,-0.5,431,0.8593226978123996,97.1035,96.2441,95.3848,97.1035
2021-10-12,798178,87059613,111.0,111.0,108.0,108.5,-3.5,656,0.8593226978123996,95.3848,93.2365,92.8069,95.3848
2021-10-13,914201,97002293,107.0,109.0,104.5,104.5,-4.0,987,0.8593226978123996,91.9475,89.7992,89.7992,93.6662
2021-10-14,425252,45020467,106.5,107.0,104.0,106.5,2.0,338,0.8593226978123996,91.5179,91.5179,89.3696,91.9475
2021-10-15,6106709,711283819,111.5,117.0,111.5,117.0,10.5,2785,0.8593226978123996,95.8145,100.5408,95.8145,100.5408
2021-10-18,7373531,850223889,118.0,118.5,112.0,112.0,-5.0,4248,0.8593226978123996,101.4001,96.2441,96.2441,101.8297
2021-10-19,1033152,117761321,113.0,115.0,113.0,114.0,2.0,866,0.8593226978123996,97.1035,97.9628,97.1035,98.8221
2021-10-20,1084801,124535027,115.0,116.5,113.5,114.0,0.0,805,0.8593226978123996,98.8221,97.9628,97.5331,100.1111
2021-10-21,1184597,136293566,115.0,117.0,113.5,113.5,-0.5,949,0.8593226978123996,98.8221,97.5331,97.5331,100.5408
2021-10-22,2747249,321255353,115.5,119.0,114.5,117.5,4.0,1827,0.8593226978123996,99.2518,100.9704,98.3924,102.2594
2021-10-25,964211,111793592,117.5,117.5,115.0,116.5,-1.0,1028,0.8593226978123996,100.9704,100.1111,98.8221,100.9704
2021-10-26,1931926,224964967,116.5,117.5,115.0,116.5,0.0,861,0.8593226978123996,100.1111,100.1111,98.8221,100.9704
2021-10-27,668194,77793120,116.5,117.0,115.5,116.5,0.0,525,0.8593226978123996,100.1111,100.1111,99.2518,100.5408
2021-10-28,910028,106696439,117.0,118.0,116.5,117.5,1.0,692,0.8593226978123996,100.5408,100.9704,100.1111,101.4001
2021-10-29,626169,73053203,118.5,118.5,116.0,116.5,-1.0,478,0.8593226978123996,101.8297,100.1111,99.6814,101.8297
2021-11-01,2468207,294658458,116.0,121.5,116.0,121.0,4.5,2055,0.8593226978123996,99.6814,103.978,99.6814,104.4077
2021-11-02,2514635,298853706,120.5,122.0,116.0,116.5,-4.5,2613,0.8593226978123996,103.5484,100.1111,99.6814,104.8374
2021-11-03,477254,55613151,118.0,118.0,116.0,116.0,-0.5,884,0.8593226978123996,101.4001,99.6814,99.6814,101.4001
2021-11-04,521163,60295311,117.0,117.0,115.0,115.0,-1.0,648,0.8593226978123996,100.5408,98.8221,98.8221,100.5408
2021-11-05,899980,104509019,116.5,117.0,115.0,116.5,1.5,762,0.8593226978123996,100.1111,100.1111,98.8221,100.5408
2021-11-08,519135,60594661,117.5,118.5,116.0,116.0,-0.5,710,0.8593226978123996,100.9704,99.6814,99.6814,101.8297
2021-11-09,856772,101139914,117.0,119.0,117.0,118.0,2.0,679,0.8593226978123996,100.5408,101.4001,100.5408,102.2594
2021-11-10,14972155,1906957428,124.0,129.5,123.5,125.5,7.5,8759,0.8593226978123996,106.556,107.845,106.1264,111.2823
2021-11-11,19020725,2561074669,125.5,138.0,125.0,138.0,12.5,10432,0.8593226978123996,107.845,118.5865,107.4153,118.5865
2021-11-12,25421363,3705488247,144.0,150.0,142.0,143.5,5.5,17248,0.8593226978123996,123.7425,123.3128,122.0238,128.8984
2021-11-15,14148614,2196397146,152.0,157.5,149.5,157.5,14.0,7940,0.8593226978123996,130.6171,135.3433,128.4687,135.3433
2021-11-16,19270511,3032374547,161.5,164.0,151.0,153.5,-4.0,13643,0.8593226978123996,138.7806,131.906,129.7577,140.9289
2021-11-17,15879762,2522908047,156.0,165.0,154.0,154.0,0.5,11915,0.8593226978123996,134.0543,132.3357,132.3357,141.7882
2021-11-18,6321640,966888999,155.0,156.5,151.0,153.5,-0.5,4865,0.8593226978123996,133.195,131.906,129.7577,134.484
2021-11-19,8101494,1235781567,156.5,158.0,147.5,149.5,-4.0,6913,0.8593226978123996,134.484,128.4687,126.7501,135.773
2021-11-22,3705179,557685061,148.5,153.0,147.0,150.0,0.5,2928,0.8593226978123996,127.6094,128.8984,126.3204,131.4764
2021-11-23,4041863,594720137,147.5,150.5,143.0,148.5,-1.5,3632,0.8593226978123996,126.7501,127.6094,122.8831,129.3281
2021-11-24,4365545,651214717,147.0,152.5,145.5,150.0,1.5,3765,0.8593226978123996,126.3204,128.8984,125.0315,131.0467
2021-11-25,12852805,2001453624,155.5,162.5,150.0,151.0,1.0,9227,0.8593226978123996,133.6247,129.7577,128.8984,139.6399
2021-11-26,3677165,538743403,150.0,150.0,145.0,145.0,-6.0,3347,0.8593226978123996,128.8984,124.6018,124.6018,128.8984
2021-11-29,3147138,454564631,141.0,148.0,140.0,145.5,0.5,2206,0.8593226978123996,121.1645,125.0315,120.3052,127.1798
2021-11-30,4060701,606127868,148.5,151.5,146.5,151.5,6.0,3402,0.8593226978123996,127.6094,130.1874,125.8908,130.1874
2021-12-01,3948507,598914283,151.5,155.0,147.5,155.0,3.5,3466,0.8593226978123996,130.1874,133.195,126.7501,133.195
2021-12-02,4217139,646518623,155.5,156.5,151.0,152.5,-2.5,4341,0.8593226978123996,133.6247,131.0467,129.7577,134.484
2021-12-03,9054432,1426448823,155.0,162.0,154.5,156.0,3.5,6399,0.8593226978123996,133.195,134.0543,132.7654,139.2103
2021-12-06,3433104,538560254,157.0,158.5,155.5,156.5,0.5,2741,0.8593226978123996,134.9137,134.484,133.6247,136.2026
2021-12-07,3223820,499942421,158.0,159.0,153.0,153.0,-3.5,5246,0.8593226978123996,135.773,131.4764,131.4764,136.6323
2021-12-08,6632311,1047920051,156.0,161.5,155.5,156.0,3.0,4858,0.8593226978123996,134.0543,134.0543,133.6247,138.7806
2021-12-09,18942795,3091272930,157.0,169.0,156.5,160.5,4.5,13173,0.8593226978123996,134.9137,137.9213,134.484,145.2255
2021-12-10,16595449,2683354857,164.0,166.5,157.5,160.5,0.0,16344,0.8593226978123996,140.9289,137.9213,135.3433,143.0772
2021-12-13,5940856,922508354,160.5,160.5,152.0,152.0,-8.5,4619,0.8593226978123996,137.9213,130.6171,130.6171,137.9213
2021-12-14,3717445,553033094,150.5,150.5,147.0,148.0,-4.0,2724,0.8593226978123996,129.3281,127.1798,126.3204,129.3281
2021-12-15,2046474,308264296,147.5,152.5,147.0,152.5,4.5,1989,0.8593226978123996,126.7501,131.0467,126.3204,131.0467
2021-12-16,4167218,635957795,153.5,154.5,150.0,154.5,2.0,3141,0.8593226978123996,131.906,132.7654,128.8984,132.7654
2021-12-17,3114999,482234919,152.0,157.0,152.0,155.0,0.5,2546,0.8593226978123996,130.6171,133.195,130.6171,134.9137
2021-12-20,7410742,1184678572,155.0,162.5,154.5,159.0,4.0,5948,0.8593226978123996,133.195,136.6323,132.7654,139.6399
2021-12-21,8992502,1445801445,161.0,165.0,157.0,160.0,1.0,8660,0.8593226978123996,138.351,137.4916,134.9137,141.7882
2021-12-22,3003132,481978511,161.0,162.0,159.0,160.0,0.0,2385,0.8593226978123996,138.351,137.4916,136.6323,139.2103
2021-12-23,6611457,1079539559,161.5,166.0,159.5,166.0,6.0,6021,0.8593226978123996,138.7806,142.6476,137.062,142.6476
2021-12-24,8898725,1426645346,165.0,165.0,158.0,158.5,-7.5,10666,0.8593226978123996,141.7882,136.2026,135.773,141.7882
2021-12-27,3508810,567178114,160.5,163.0,159.5,163.0,4.5,2779,0.8593226978123996,137.9213,140.0696,137.062,140.0696
2021-12-28,4355704,711728063,167.0,167.0,160.5,161.5,-1.5,4175,0.8593226978123996,143.5069,138.7806,137.9213,143.5069
2021-12-29,19420305,3328609920,163.5,177.5,162.5,177.5,16.0,12880,0.8593226978123996,140.4993,152.5298,139.6399,152.5298
2021-12-30,46539166,8689477691,183.5,195.0,180.0,182.0,4.5,37552,0.8593226978123996,157.6857,156.3967,154.6781,167.5679
2022-01-03,20166997,3686371225,185.5,190.0,175.5,176.0,-6.0,15982,0.8593226978123996,159.4044,151.2408,150.8111,163.2713
2022-01-04,10245781,1781491804,177.0,178.5,171.0,174.0,-2.0,7967,0.8593226978123996,152.1001,149.5221,146.9442,153.3891
2022-01-05,17663315,3131423642,175.5,182.0,173.0,173.5,-0.5,12510,0.8593226978123996,150.8111,149.0925,148.6628,156.3967
2022-01-06,11965271,2118101564,172.0,180.0,169.5,180.0,6.5,10214,0.8593226978123996,147.8035,154.6781,145.6552,154.6781
2022-01-07,9381888,1632018617,178.5,180.0,168.5,173.5,-6.5,7797,0.8593226978123996,153.3891,149.0925,144.7959,154.6781
2022-01-10,11819917,2121400352,171.0,183.5,170.0,183.5,10.0,10148,0.8593226978123996,146.9442,157.6857,146.0849,157.6857
2022-01-11,9750189,1715465794,180.0,181.5,172.5,174.0,-9.5,11438,0.8593226978123996,154.6781,149.5221,148.2332,155.9671
2022-01-12,10635386,1903382342,177.0,181.0,176.0,178.5,4.5,7728,0.8593226978123996,152.1001,153.3891,151.2408,155.5374
2022-01-13,12600230,2231797066,180.0,183.0,172.5,175.5,-3.0,15856,0.8593226978123996,154.6781,150.8111,148.2332,157.2561
2022-01-14,8056316,1389215292,176.0,177.5,170.0,171.0,-4.5,5896,0.8593226978123996,151.2408,146.9442,146.0849,152.5298
2022-01-17,4053794,702840744,172.0,176.0,170.0,173.5,2.5,3032,0.8593226978123996,147.8035,149.0925,146.0849,151.2408
2022-01-18,3978091,678666653,172.0,175.0,168.0,169.0,-4.5,3398,0.8593226978123996,147.8035,145.2255,144.3662,150.3815
2022-01-19,4170773,699839863,165.5,171.0,163.5,171.0,2.0,3185,0.8593226978123996,142.2179,146.9442,140.4993,146.9442
2022-01-20,3242773,544343702,168.0,170.5,166.5,168.5,-2.5,3197,0.8593226978123996,144.3662,144.7959,143.0772,146.5145
2022-01-21,3212827,525772579,165.5,169.0,160.5,161.0,-7.5,2837,0.8593226978123996,142.2179,138.351,137.9213,145.2255
2022-01-24,2926513,473092767,160.5,164.5,157.5,163.5,2.5,2264,0.8593226978123996,137.9213,140.4993,135.3433,141.3586
2022-01-25,1576248,253824474,162.5,163.5,158.5,160.0,-3.5,2195,0.8593226978123996,139.6399,137.4916,136.2026,140.4993
2022-01-26,1450052,233854154,160.0,163.0,158.5,161.5,1.5,1283,0.8593226978123996,137.4916,138.7806,136.2026,140.0696
2022-02-07,1224274,200095714,164.5,165.5,161.0,165.0,3.5,1637,0.8593226978123996,141.3586,141.7882,138.351,142.2179
2022-02-08,1180411,193994758,165.0,166.5,163.0,164.5,-0.5,1297,0.8593226978123996,141.7882,141.3586,140.0696,143.0772
2022-02-09,1694070,281617084,166.0,168.0,165.0,165.5,1.0,1379,0.8593226978123996,142.6476,142.2179,141.7882,144.3662
2022-02-10,1235853,204288916,167.5,168.0,164.0,164.5,-1.0,1156,0.8593226978123996,143.9366,141.3586,140.9289,144.3662
2022-02-11,962610,155838180,163.0,164.0,161.0,161.5,-3.0,1013,0.8593226978123996,140.0696,138.7806,138.351,140.9289
2022-02-14,1558088,244051638,159.0,159.5,153.5,158.0,-3.5,1422,0.8593226978123996,136.6323,135.773,131.906,137.062
2022-02-15,804046,128335248,158.5,162.0,158.0,158.5,0.5,1030,0.8593226978123996,136.2026,136.2026,135.773,139.2103
2022-02-16,1729443,282539758,163.0,166.0,161.5,161.5,3.0,2234,0.8593226978123996,140.0696,138.7806,138.7806,142.6476
2022-02-17,783486,126613633,163.0,164.5,160.0,160.5,-1.0,966,0.8593226978123996,140.0696,137.9213,137.4916,141.3586
2022-02-18,398150,63793912,159.0,161.5,158.0,161.0,0.5,419,0.8593226978123996,136.6323,138.351,135.773,138.7806
2022-02-21,1755563,288163720,160.5,166.0,160.0,165.5,4.5,1640,0.8593226978123996,137.9213,142.2179,137.4916,142.6476
2022-02-22,2917631,463730489,164.0,164.0,156.0,157.0,-8.5,3128,0.8593226978123996,140.9289,134.9137,134.0543,140.9289
2022-02-23,2204786,341831136,158.0,158.5,153.5,154.5,-2.5,2116,0.8593226978123996,135.773,132.7654,131.906,136.2026
2022-02-24,2427330,363976817,153.0,154.0,147.0,147.0,-7.5,2357,0.8593226978123996,131.4764,126.3204,126.3204,132.3357
2022-02-25,1061913,158165520,151.0,151.0,147.5,147.5,0.5,1052,0.8593226978123996,129.7577,126.7501,126.7501,129.7577
2022-03-01,1090560,166122826,149.5,154.0,149.5,153.5,6.0,992,0.8593226978123996,128.4687,131.906,128.4687,132.3357
2022-03-02,1141357,173317899,153.5,154.5,149.5,154.0,0.5,1089,0.8593226978123996,131.906,132.3357,128.4687,132.7654
2022-03-03,800844,123698687,155.5,157.0,153.0,153.5,-0.5,856,0.8593226978123996,133.6247,131.906,131.4764,134.9137
2022-03-04,708362,107371834,152.0,153.0,151.0,151.0,-2.5,904,0.8593226978123996,130.6171,129.7577,129.7577,131.4764
2022-03-07,1497262,216725807,149.0,149.0,141.0,144.5,-6.5,1467,0.8593226978123996,128.0391,124.1721,121.1645,128.0391
2022-03-08,2242451,330873196,141.5,149.5,141.5,148.5,4.0,1622,0.8593226978123996,121.5942,127.6094,121.5942,128.4687
2022-03-09,1296893,193266048,150.5,151.5,146.5,148.5,0.0,1979,0.8593226978123996,129.3281,127.6094,125.8908,130.1874
2022-03-10,1033084,158055599,153.0,154.0,151.0,153.5,5.0,971,0.8593226978123996,131.4764,131.906,129.7577,132.3357
2022-03-11,600134,90962885,153.0,153.5,150.5,152.5,-1.0,622,0.8593226978123996,131.4764,131.0467,129.3281,131.906
2022-03-14,1278195,198771924,153.0,157.5,153.0,156.5,4.0,1064,0.8593226978123996,131.4764,134.484,131.4764,135.3433
2022-03-15,1897656,287036497,150.5,154.0,148.0,152.0,-4.5,1564,0.8593226978123996,129.3281,130.6171,127.1798,132.3357
2022-03-16,886267,135047513,155.0,156.0,150.0,151.5,-0.5,796,0.8593226978123996,133.195,130.1874,128.8984,134.0543
2022-03-17,1209210,188727835,154.0,157.5,154.0,156.0,4.5,1091,0.8593226978123996,132.3357,134.0543,132.3357,135.3433
2022-03-18,3480198,555821673,157.5,160.5,155.0,160.5,4.5,1260,0.8593226978123996,135.3433,137.9213,133.195,137.9213
2022-03-21,1440077,229557267,162.5,163.0,157.0,157.5,-3.0,1507,0.8593226978123996,139.6399,135.3433,134.9137,140.0696
2022-03-22,598670,93652291,157.5,158.0,155.5,156.5,-1.0,564,0.8593226978123996,135.3433,134.484,133.6247,135.773
2022-03-23,490297,77663014,159.0,159.5,157.5,158.0,1.5,461,0.8593226978123996,136.6323,135.773,135.3433,137.062
2022-03-24,362512,56916360,157.0,159.0,156.0,157.0,-1.0,400,0.8593226978123996,134.9137,134.9137,134.0543,136.6323
2022-03-25,507821,79895410,159.0,160.0,156.0,156.0,-1.0,444,0.8593226978123996,136.6323,134.0543,134.0543,137.4916
2022-03-28,755187,118789326,155.0,158.5,154.5,157.5,1.5,535,0.8593226978123996,133.195,135.3433,132.7654,136.2026
2022-03-29,348585,54827663,158.5,158.5,156.5,157.5,0.0,683,0.8593226978123996,136.2026,135.3433,134.484,136.2026
2022-03-30,407505,64454067,158.5,159.0,157.5,158.0,0.5,491,0.8593226978123996,136.2026,135.773,135.3433,136.6323
2022-03-31,410317,63840884,157.5,157.5,154.0,155.0,-3.0,445,0.8593226978123996,135.3433,133.195,132.3357,135.3433
2022-04-01,371377,57049707,151.5,156.5,151.5,156.5,1.5,365,0.8593226978123996,130.1874,134.484,130.1874,134.484
2022-04-06,704945,107084816,156.0,156.0,150.5,150.5,-6.0,724,0.8593226978123996,134.0543,129.3281,129.3281,134.0543
2022-04-07,852951,126150018,152.0,152.0,145.0,145.0,-5.5,936,0.8593226978123996,130.6171,124.6018,124.6018,130.6171
2022-04-08,674183,98532672,150.0,150.0,145.0,146.0,1.0,643,0.8593226978123996,128.8984,125.4611,124.6018,128.8984
2022-04-11,922747,132365504,146.0,146.0,142.0,142.0,-4.0,914,0.8593226978123996,125.4611,122.0238,122.0238,125.4611
2022-04-12,1273373,178500608,140.5,144.0,138.5,140.0,-2.0,1280,0.8593226978123996,120.7348,120.3052,119.0162,123.7425
2022-04-13,1203804,168768723,144.0,144.5,138.5,141.0,1.0,1235,0.8593226978123996,123.7425,121.1645,119.0162,124.1721
2022-04-14,1500349,207014670,142.5,142.5,136.5,138.0,-3.0,1536,0.8593226978123996,122.4535,118.5865,117.2975,122.4535
2022-04-15,1304760,175179668,137.0,137.0,132.0,134.5,-3.5,1298,0.8593226978123996,117.7272,115.5789,113.4306,117.7272
2022-04-18,1264535,167314901,133.5,134.5,130.0,133.5,-1.0,1172,0.8593226978123996,114.7196,114.7196,111.712,115.5789
2022-04-19,1444424,189273375,132.0,134.0,130.0,130.0,-3.5,1401,0.8593226978123996,113.4306,111.712,111.712,115.1492
2022-04-20,1025894,135662005,131.5,133.5,131.0,132.5,2.5,1128,0.8593226978123996,113.0009,113.8603,112.5713,114.7196
2022-04-21,533968,71387298,134.0,135.0,132.5,134.0,1.5,497,0.8593226978123996,115.1492,115.1492,113.8603,116.0086
2022-04-22,604080,79559085,132.5,133.0,131.0,131.0,-3.0,573,0.8593226978123996,113.8603,112.5713,112.5713,114.2899
2022-04-25,931343,116037133,126.5,127.0,123.0,123.5,-7.5,946,0.8593226978123996,108.7043,106.1264,105.6967,109.134
2022-04-26,1005105,126591815,126.5,128.0,124.5,125.5,2.0,808,0.8593226978123996,108.7043,107.845,106.9857,109.9933
2022-04-27,1006910,122424494,121.0,124.5,119.0,123.5,-2.0,1208,0.8593226978123996,103.978,106.1264,102.2594,106.9857
2022-04-28,559874,70697454,125.0,128.0,124.0,127.0,3.5,505,0.8593226978123996,107.4153,109.134,106.556,109.9933
2022-04-29,1139588,148408746,131.0,133.0,127.5,128.5,1.5,1094,0.8593226978123996,112.5713,110.423,109.5636,114.2899
2022-05-03,327664,41588456,127.0,128.5,126.0,126.0,-2.5,732,0.8593226978123996,109.134,108.2747,108.2747,110.423
2022-05-04,333199,42838967,126.5,129.5,126.5,128.5,2.5,469,0.8593226978123996,108.7043,110.423,108.7043,111.2823
2022-05-05,855672,113232201,131.5,134.0,130.0,131.0,2.5,937,0.8593226978123996,113.0009,112.5713,111.712,115.1492
2022-05-06,725712,94119602,127.0,132.0,126.5,130.5,-0.5,657,0.8593226978123996,109.134,112.1416,108.7043,113.4306
2022-05-09,821020,102389185,130.0,130.0,122.5,122.5,-8.0,752,0.8593226978123996,111.712,105.267,105.267,111.712
2022-05-10,455302,55628558,119.0,124.0,119.0,124.0,1.5,457,0.8593226978123996,102.2594,106.556,102.2594,106.556
2022-05-11,791490,96456819,125.5,125.5,119.0,123.0,-1.0,601,0.8593226978123996,107.845,105.6967,102.2594,107.845
2022-05-12,527332,64438106,122.0,125.0,120.0,120.0,-3.0,508,0.8593226978123996,104.8374,103.1187,103.1187,107.4153
2022-05-13,520201,63732755,121.5,123.5,121.0,123.5,3.5,440,0.8593226978123996,104.4077,106.1264,103.978,106.1264
2022-05-16,640825,78711996,125.5,125.5,121.0,121.5,-2.0,549,0.8593226978123996,107.845,104.4077,103.978,107.845
2022-05-17,355264,43877789,122.5,124.5,122.0,123.5,2.0,336,0.8593226978123996,105.267,106.1264,104.8374,106.9857
2022-05-18,1597391,206024811,126.0,131.5,125.0,130.0,6.5,1481,0.8593226978123996,108.2747,111.712,107.4153,113.0009
2022-05-19,806378,101976370,125.0,127.5,124.5,127.0,-3.0,869,0.8593226978123996,107.4153,109.134,106.9857,109.5636
2022-05-20,426249,53708395,127.0,127.0,125.0,126.0,-1.0,431,0.8593226978123996,109.134,108.2747,107.4153,109.134
2022-05-23,368539,46345258,126.5,127.5,124.5,125.5,-0.5,349,0.8593226978123996,108.7043,107.845,106.9857,109.5636
2022-05-24,497940,61571664,127.0,127.0,122.0,122.5,-3.0,468,0.8593226978123996,109.134,105.267,104.8374,109.134
2022-05-25,373140,46488585,126.0,126.0,123.5,124.5,2.0,362,0.8593226978123996,108.2747,106.9857,106.1264,108.2747
2022-05-26,3295514,431980792,125.5,134.0,125.5,130.0,5.5,2769,0.8593226978123996,107.845,111.712,107.845,115.1492
2022-05-27,2189189,290949122,134.0,136.0,131.0,132.0,2.0,2913,0.8593226978123996,115.1492,113.4306,112.5713,116.8679
2022-05-30,1301933,172568538,134.5,135.0,131.0,132.0,0.0,1218,0.8593226978123996,115.5789,113.4306,112.5713,116.0086
2022-05-31,737769,97003759,131.5,132.5,130.0,131.5,-0.5,588,0.8593226978123996,113.0009,113.0009,111.712,113.8603
2022-06-01,897920,119111590,133.5,133.5,131.5,132.5,1.0,632,0.8593226978123996,114.7196,113.8603,113.0009,114.7196
2022-06-02,602586,79886212,132.0,133.5,130.5,133.5,1.0,496,0.8593226978123996,113.4306,114.7196,112.1416,114.7196
2022-06-06,238335,31372819,133.0,133.0,131.0,131.0,-2.5,260,0.8593226978123996,114.2899,112.5713,112.5713,114.2899
2022-06-07,177681,23232656,131.0,131.5,130.0,130.5,-0.5,189,0.8593226978123996,112.5713,112.1416,111.712,113.0009
2022-06-08,255426,33564091,131.5,132.5,130.5,131.0,0.5,269,0.8593226978123996,113.0009,112.5713,112.1416,113.8603
2022-06-09,253606,33029213,130.5,131.0,129.5,130.0,-1.0,237,0.8593226978123996,112.1416,111.712,111.2823,112.5713
2022-06-10,256357,32932751,128.0,129.5,127.5,128.5,-1.5,277,0.8593226978123996,109.9933,110.423,109.5636,111.2823
2022-06-13,510795,63790799,125.0,125.5,124.5,124.5,-4.0,476,0.8593226978123996,107.4153,106.9857,106.9857,107.845
2022-06-14,1423771,182429162,121.5,131.5,121.5,128.5,4.0,1277,0.8593226978123996,104.4077,110.423,104.4077,113.0009
2022-06-15,608996,78631330,130.0,131.0,127.0,128.0,-0.5,748,0.8593226978123996,111.712,109.9933,109.134,112.5713
2022-06-16,668662,84142083,131.0,131.0,123.0,123.0,-5.0,655,0.8593226978123996,112.5713,105.6967,105.6967,112.5713
2022-06-17,501913,61269361,121.5,124.5,121.0,121.5,-1.5,482,0.8593226978123996,104.4077,104.4077,103.978,106.9857
2022-06-20,1014891,118959247,124.5,124.5,114.0,114.5,-7.0,975,0.8593226978123996,106.9857,98.3924,97.9628,106.9857
2022-06-21,387263,45441651,117.5,118.5,115.0,118.5,4.0,411,0.8593226978123996,100.9704,101.8297,98.8221,101.8297
2022-06-22,961909,108947860,120.0,120.0,111.0,112.0,-6.5,971,0.8593226978123996,103.1187,96.2441,95.3848,103.1187
2022-06-23,628685,70308679,113.5,114.0,110.0,112.5,0.5,581,0.8593226978123996,97.5331,96.6738,94.5255,97.9628
2022-06-24,674539,76501200,113.0,115.5,110.5,114.0,1.5,618,0.8593226978123996,97.1035,97.9628,94.9552,99.2518
2022-06-27,390703,45452439,115.0,117.5,114.5,116.5,2.5,417,0.8593226978123996,98.8221,100.1111,98.3924,100.9704
2022-06-28,275973,31355403,116.5,116.5,112.5,112.5,-4.0,298,0.8593226978123996,100.1111,96.6738,96.6738,100.1111
2022-06-29,215070,24005138,112.0,112.5,110.0,112.0,-0.5,204,0.8593226978123996,96.2441,96.2441,94.5255,96.6738
2022-06-30,1070843,116351630,112.0,112.5,105.0,111.0,-1.0,936,0.8593226978123996,96.2441,95.3848,90.2289,96.6738
2022-07-01,1625990,171153209,108.5,110.0,100.5,106.0,-5.0,1439,0.8593226978123996,93.2365,91.0882,86.3619,94.5255
2022-07-04,634862,67133864,103.0,107.0,103.0,107.0,1.0,552,0.8593226978123996,88.5102,91.9475,88.5102,91.9475
2022-07-05,825322,86611925,107.5,109.5,102.5,105.5,-1.5,790,0.8593226978123996,92.3772,90.6585,88.0806,94.0958
2022-07-06,818072,84420553,105.5,105.5,101.0,102.0,-3.5,793,0.8593226978123996,90.6585,87.6509,86.7916,90.6585
2022-07-07,494292,51291599,102.5,105.0,101.5,104.5,2.5,455,0.8593226978123996,88.0806,89.7992,87.2213,90.2289
2022-07-08,727998,78698687,106.5,110.5,105.0,109.5,5.0,566,0.8593226978123996,91.5179,94.0958,90.2289,94.9552
2022-07-11,1035122,110386277,109.0,109.0,105.5,107.0,-2.5,761,0.8593226978123996,93.6662,91.9475,90.6585,93.6662
2022-07-12,1328191,136492390,103.5,106.5,100.5,100.5,0.0,1098,0.8966116885999684,92.7993,90.1095,90.1095,95.4891
2022-07-13,511498,53295015,105.0,105.5,103.0,103.0,2.5,451,0.8966116885999684,94.1442,92.351,92.351,94.5925
2022-07-14,1032378,107070405,104.0,105.5,100.5,105.0,2.0,815,0.8966116885999684,93.2476,94.1442,90.1095,94.5925
2022-07-15,1036691,110651856,105.5,108.0,104.5,107.0,2.0,939,0.8966116885999684,94.5925,95.9375,93.6959,96.8341
2022-07-18,910973,98551571,109.0,110.5,106.0,108.0,1.0,727,0.8966116885999684,97.7307,96.8341,95.0408,99.0756
2022-07-19,354395,37985456,106.5,108.5,106.5,107.0,-1.0,363,0.8966116885999684,95.4891,95.9375,95.4891,97.2824
2022-07-20,917524,100062538,109.5,110.0,107.5,109.5,2.5,708,0.8966116885999684,98.179,98.179,96.3858,98.6273
2022-07-21,1965684,225100794,112.5,116.0,112.0,115.0,5.5,1808,0.8966116885999684,100.8688,103.1103,100.4205,104.007
2022-07-22,823869,93260965,115.5,115.5,111.5,112.0,-3.0,870,0.8966116885999684,103.5587,100.4205,99.9722,103.5587
2022-07-25,233544,26043464,111.0,112.5,110.0,112.0,0.0,336,0.8966116885999684,99.5239,100.4205,98.6273,100.8688
2022-07-26,366406,40158130,111.5,112.0,108.5,109.0,-3.0,346,0.8966116885999684,99.9722,97.7307,97.2824,100.4205
2022-07-27,294181,32353143,108.5,111.5,108.0,111.5,2.5,272,0.8966116885999684,97.2824,99.9722,96.8341,99.9722
2022-07-28,727287,81027661,113.0,114.5,109.5,110.0,-1.5,596,0.8966116885999684,101.3171,98.6273,98.179,102.662
2022-07-29,535433,60321673,111.0,114.0,111.0,113.0,3.0,455,0.8966116885999684,99.5239,101.3171,99.5239,102.2137
2022-08-01,253950,28551797,114.5,114.5,111.5,112.0,-1.0,240,0.8966116885999684,102.662,100.4205,99.9722,102.662
2022-08-02,499553,54069697,110.0,110.0,107.0,108.5,-3.5,495,0.8966116885999684,98.6273,97.2824,95.9375,98.6273
2022-08-03,233806,25270950,108.0,109.0,107.0,108.5,0.0,203,0.8966116885999684,96.8341,97.2824,95.9375,97.7307
2022-08-04,308047,33146832,108.0,109.0,106.0,108.5,0.0,289,0.8966116885999684,96.8341,97.2824,95.0408,97.7307
2022-08-05,367752,40707034,109.5,112.0,109.5,110.5,2.0,335,0.8966116885999684,98.179,99.0756,98.179,100.4205
2022-08-08,275774,30779119,109.5,112.5,109.5,112.5,2.0,240,0.8966116885999684,98.179,100.8688,98.179,100.8688
2022-08-09,271602,30381232,111.5,112.5,111.0,112.5,0.0,265,0.8966116885999684,99.9722,100.8688,99.5239,100.8688
2022-08-10,523570,59382995,113.0,114.0,112.5,113.0,0.5,491,0.8966116885999684,101.3171,101.3171,100.8688,102.2137
2022-08-11,558367,64282126,115.0,116.5,114.5,114.5,1.5,533,0.8966116885999684,103.1103,102.662,102.662,104.4553
2022-08-12,573944,66466512,115.0,116.5,115.0,116.0,1.5,524,0.8966116885999684,103.1103,104.007,103.1103,104.4553
2022-08-15,746736,88301434,117.5,120.0,116.5,119.5,3.5,694,0.8966116885999684,105.3519,107.1451,104.4553,107.5934
2022-08-16,2415775,296518556,124.5,127.0,120.0,120.0,0.5,2153,0.8966116885999684,111.6282,107.5934,107.5934,113.8697
2022-08-17,866642,103094522,121.0,121.0,118.0,118.5,-1.5,771,0.8966116885999684,108.49,106.2485,105.8002,108.49
2022-08-18,823434,99018825,117.5,122.5,117.0,122.5,4.0,755,0.8966116885999684,105.3519,109.8349,104.9036,109.8349
2022-08-19,1275212,158302303,124.0,126.5,122.5,123.5,1.0,1164,0.8966116885999684,111.1798,110.7315,109.8349,113.4214
2022-08-22,565689,69534674,122.5,124.0,122.0,122.5,-1.0,582,0.8966116885999684,109.8349,109.8349,109.3866,111.1798
2022-08-23,639388,78385591,121.5,124.0,121.0,123.5,1.0,572,0.8966116885999684,108.9383,110.7315,108.49,111.1798
2022-08-24,354933,43750458,123.5,124.5,122.5,122.5,-1.0,362,0.8966116885999684,110.7315,109.8349,109.8349,111.6282
2022-08-25,1337174,168604942,124.0,128.0,124.0,125.5,3.0,1102,0.8966116885999684,111.1798,112.5248,111.1798,114.7663
2022-08-26,1429154,179796743,129.0,129.5,123.5,123.5,-2.0,1338,0.8966116885999684,115.6629,110.7315,110.7315,116.1112
2022-08-29,518888,62361183,118.0,122.0,118.0,122.0,-1.5,512,0.8966116885999684,105.8002,109.3866,105.8002,109.3866
2022-08-30,320877,39393357,122.0,123.5,122.0,123.5,1.5,330,0.8966116885999684,109.3866,110.7315,109.3866,110.7315
2022-08-31,458524,56819315,123.5,124.5,122.5,124.5,1.0,429,0.8966116885999684,110.7315,111.6282,109.8349,111.6282
2022-09-01,421739,51385807,124.0,124.0,120.5,120.5,-4.0,432,0.8966116885999684,111.1798,108.0417,108.0417,111.1798
2022-09-02,276577,33674730,121.5,123.0,121.0,121.0,0.5,295,0.8966116885999684,108.9383,108.49,108.49,110.2832
2022-09-05,316029,37661657,121.0,121.5,118.0,118.5,-2.5,369,0.8966116885999684,108.49,106.2485,105.8002,108.9383
2022-09-06,331755,38971742,118.5,119.5,116.5,116.5,-2.0,313,0.8966116885999684,106.2485,104.4553,104.4553,107.1451
2022-09-07,539963,62164166,114.5,118.0,112.5,116.0,-0.5,466,0.8966116885999684,102.662,104.007,100.8688,105.8002
2022-09-08,286609,34095589,117.0,120.0,116.0,120.0,4.0,293,0.8966116885999684,104.9036,107.5934,104.007,107.5934
2022-09-12,795382,98519955,126.0,126.0,122.0,122.0,2.0,724,0.8966116885999684,112.9731,109.3866,109.3866,112.9731
2022-09-13,2582716,327489436,124.5,128.5,123.0,127.0,5.0,2212,0.8966116885999684,111.6282,113.8697,110.2832,115.2146
2022-09-14,1323189,167326214,123.0,128.5,122.5,127.5,0.5,1737,0.8966116885999684,110.2832,114.318,109.8349,115.2146
2022-09-15,2504851,322186890,129.5,132.0,125.0,126.0,-1.5,2209,0.8966116885999684,116.1112,112.9731,112.0765,118.3527
2022-09-16,799950,100909391,125.5,128.0,125.0,125.0,-1.0,950,0.8966116885999684,112.5248,112.0765,112.0765,114.7663
2022-09-19,543924,67121922,126.5,126.5,122.0,122.5,-2.5,529,0.8966116885999684,113.4214,109.8349,109.3866,113.4214
2022-09-20,264423,32528220,124.5,124.5,122.0,123.5,1.0,280,0.8966116885999684,111.6282,110.7315,109.3866,111.6282
2022-09-21,401428,48964682,123.0,123.5,120.5,121.5,-2.0,357,0.8966116885999684,110.2832,108.9383,108.0417,110.7315
2022-09-22,554041,67610725,119.0,124.5,119.0,123.5,2.0,530,0.8966116885999684,106.6968,110.7315,106.6968,111.6282
2022-09-23,397717,48548720,123.5,124.5,120.5,122.0,-1.5,355,0.8966116885999684,110.7315,109.3866,108.0417,111.6282
2022-09-26,726006,84723673,119.5,119.5,114.0,115.0,-7.0,724,0.8966116885999684,107.1451,103.1103,102.2137,107.1451
2022-09-27,466198,53235996,115.0,117.0,112.5,114.5,-0.5,411,0.8966116885999684,103.1103,102.662,100.8688,104.9036
2022-09-28,871716,95078959,115.5,115.5,106.0,106.0,-8.5,843,0.8966116885999684,103.5587,95.0408,95.0408,103.5587
2022-09-29,663921,71086257,108.0,109.5,105.0,106.0,0.0,604,0.8966116885999684,96.8341,95.0408,94.1442,98.179
2022-09-30,599013,63493218,103.0,108.5,102.5,108.5,2.5,528,0.8966116885999684,92.351,97.2824,91.9027,97.2824
2022-10-03,464885,49947561,107.5,109.5,105.5,108.0,-0.5,392,0.8966116885999684,96.3858,96.8341,94.5925,98.179
2022-10-04,432469,48008048,111.0,112.5,109.5,112.0,4.0,321,0.8966116885999684,99.5239,100.4205,98.179,100.8688
2022-10-05,623313,70398680,113.5,114.5,110.5,111.0,-1.0,775,0.8966116885999684,101.7654,99.5239,99.0756,102.662
2022-10-06,563323,64407853,113.5,115.5,113.0,115.0,4.0,506,0.8966116885999684,101.7654,103.1103,101.3171,103.5587
2022-10-07,339171,38163331,112.0,114.5,111.5,112.0,-3.0,343,0.8966116885999684,100.4205,100.4205,99.9722,102.662
2022-10-11,509802,54006705,104.5,107.5,104.5,106.5,-5.5,483,0.8966116885999684,93.6959,95.4891,93.6959,96.3858
2022-10-12,1098286,112506775,105.0,105.5,100.5,102.5,-4.0,915,0.8966116885999684,94.1442,91.9027,90.1095,94.5925
2022-10-13,1093920,108733609,103.0,103.0,96.6,96.9,-5.6,1022,0.8966116885999684,92.351,86.8817,86.6127,92.351
2022-10-14,582375,58567210,100.0,102.5,98.9,100.5,3.6,511,0.8966116885999684,89.6612,90.1095,88.6749,91.9027
2022-10-17,633280,61568585,98.5,100.5,95.0,100.5,0.0,552,0.8966116885999684,88.3163,90.1095,85.1781,90.1095
2022-10-18,371936,37149643,102.0,102.5,98.1,100.0,-0.5,365,0.8966116885999684,91.4544,89.6612,87.9576,91.9027
2022-10-19,408747,41255832,101.5,103.0,99.8,99.8,-0.2,353,0.8966116885999684,91.0061,89.4818,89.4818,92.351
2022-10-20,356630,35651748,100.5,101.0,98.7,101.0,1.2,354,0.8966116885999684,90.1095,90.5578,88.4956,90.5578
2022-10-21,345495,34448457,100.5,100.5,98.5,98.5,-2.5,286,0.8966116885999684,90.1095,88.3163,88.3163,90.1095
2022-10-24,232308,23176074,101.0,101.0,98.6,98.6,0.1,193,0.8966116885999684,90.5578,88.4059,88.4059,90.5578
2022-10-25,299310,29332835,99.3,99.3,97.3,97.5,-1.1,279,0.8966116885999684,89.0335,87.4196,87.2403,89.0335
2022-10-26,216523,20943660,98.0,98.0,96.0,96.5,-1.0,251,0.8966116885999684,87.8679,86.523,86.0747,87.8679
2022-10-27,244910,24209334,96.5,99.5,96.5,99.1,2.6,236,0.8966116885999684,86.523,88.8542,86.523,89.2129
2022-10-28,266230,25861687,98.6,99.5,96.4,96.8,-2.3,556,0.8966116885999684,88.4059,86.792,86.4334,89.2129
2022-10-31,289348,28314538,98.0,98.6,96.7,97.9,1.1,245,0.8966116885999684,87.8679,87.7783,86.7024,88.4059
2022-11-01,566498,55467946,98.0,98.9,97.1,97.6,-0.3,529,0.8966116885999684,87.8679,87.5093,87.061,88.6749
2022-11-02,981302,98728391,101.0,102.0,99.8,100.0,2.4,890,0.8966116885999684,90.5578,89.6612,89.4818,91.4544
2022-11-03,344378,34424862,98.7,101.0,98.5,100.5,0.5,330,0.8966116885999684,88.4956,90.1095,88.3163,90.5578
2022-11-04,273190,27444925,101.0,101.5,99.5,101.0,0.5,260,0.8966116885999684,90.5578,90.5578,89.2129,91.0061
2022-11-07,495750,50417750,103.0,103.0,101.0,102.0,1.0,419,0.8966116885999684,92.351,91.4544,90.5578,92.351
2022-11-08,626035,64895748,103.0,105.0,102.0,102.0,0.0,556,0.8966116885999684,92.351,91.4544,91.4544,94.1442
2022-11-09,624747,65432435,104.0,105.5,104.0,105.0,3.0,535,0.8966116885999684,93.2476,94.1442,93.2476,94.5925
2022-11-10,248572,25826511,104.5,104.5,103.5,104.0,-1.0,256,0.8966116885999684,93.6959,93.2476,92.7993,93.6959
2022-11-11,1314245,141517898,108.0,110.0,105.5,109.0,5.0,1065,0.8966116885999684,96.8341,97.7307,94.5925,98.6273
2022-11-14,1466479,161371626,110.0,113.0,108.0,109.0,0.0,1218,0.8966116885999684,98.6273,97.7307,96.8341,101.3171
2022-11-15,3958367,460894850,110.5,119.0,109.5,117.0,8.0,3292,0.8966116885999684,99.0756,104.9036,98.179,106.6968
2022-11-16,5292869,637220477,121.0,124.5,117.5,120.0,3.0,4526,0.8966116885999684,108.49,107.5934,105.3519,111.6282
2022-11-17,3416621,401166341,118.5,120.0,115.0,117.5,-2.5,2726,0.8966116885999684,106.2485,105.3519,103.1103,107.5934
2022-11-18,3092705,357755363,119.5,120.0,113.5,114.5,-3.0,2697,0.8966116885999684,107.1451,102.662,101.7654,107.5934
2022-11-21,1099255,127712390,116.5,117.5,115.0,116.0,1.5,937,0.8966116885999684,104.4553,104.007,103.1103,105.3519
2022-11-22,1065505,124353499,116.5,117.5,115.5,116.5,0.5,971,0.8966116885999684,104.4553,104.4553,103.5587,105.3519
2022-11-23,725101,85021308,118.0,118.5,116.5,117.5,1.0,695,0.8966116885999684,105.8002,105.3519,104.4553,106.2485
2022-11-24,3618714,436120608,118.5,122.5,118.5,121.5,4.0,2874,0.8966116885999684,106.2485,108.9383,106.2485,109.8349
2022-11-25,4713314,580672496,126.0,127.5,119.5,120.0,-1.5,3864,0.8966116885999684,112.9731,107.5934,107.1451,114.318
2022-11-28,914273,109143265,118.0,120.5,118.0,119.0,-1.0,1382,0.8966116885999684,105.8002,106.6968,105.8002,108.0417
2022-11-29,727830,85998287,119.0,119.0,117.0,119.0,0.0,748,0.8966116885999684,106.6968,106.6968,104.9036,106.6968
2022-11-30,819050,97462766,118.5,120.0,118.0,119.5,0.5,730,0.8966116885999684,106.2485,107.1451,105.8002,107.5934
2022-12-01,1227487,148602922,122.0,122.5,120.0,121.0,1.5,1075,0.8966116885999684,109.3866,108.49,107.5934,109.8349
2022-12-02,1227373,149716314,120.0,123.0,120.0,122.0,1.0,1250,0.8966116885999684,107.5934,109.3866,107.5934,110.2832
2022-12-05,2241432,280014023,123.5,126.5,123.0,125.0,3.0,1879,0.8966116885999684,110.7315,112.0765,110.2832,113.4214
2022-12-06,1212578,149920076,126.0,126.0,122.0,122.5,-2.5,1289,0.8966116885999684,112.9731,109.8349,109.3866,112.9731
2022-12-07,7025847,891157085,126.0,130.5,123.5,124.0,1.5,5456,0.8966116885999684,112.9731,111.1798,110.7315,117.0078
2022-12-08,1793065,218607201,123.0,123.5,120.5,123.5,-0.5,1726,0.8966116885999684,110.2832,110.7315,108.0417,110.7315
2022-12-09,1684533,210547044,125.5,126.5,123.0,123.5,0.0,1460,0.8966116885999684,112.5248,110.7315,110.2832,113.4214
2022-12-12,648013,80159564,123.5,125.0,122.0,123.5,0.0,672,0.8966116885999684,110.7315,110.7315,109.3866,112.0765
2022-12-13,807216,99087798,124.5,125.5,121.0,121.5,-2.0,783,0.8966116885999684,111.6282,108.9383,108.49,112.5248
2022-12-14,770704,94555336,122.0,123.5,121.5,122.5,1.0,593,0.8966116885999684,109.3866,109.8349,108.9383,110.7315
2022-12-15,781065,95764672,122.5,123.5,121.5,122.5,0.0,608,0.8966116885999684,109.8349,109.8349,108.9383,110.7315
2022-12-16,860733,103546358,121.0,121.5,119.5,120.0,-2.5,781,0.8966116885999684,108.49,107.5934,107.1451,108.9383
2022-12-19,391576,47009345,120.0,121.0,118.5,120.0,0.0,417,0.8966116885999684,107.5934,107.5934,106.2485,108.49
2022-12-20,680395,80094759,120.0,121.0,116.0,116.0,-4.0,735,0.8966116885999684,107.5934,104.007,104.007,108.49
2022-12-21,282394,33235909,117.5,118.5,117.0,117.5,1.5,320,0.8966116885999684,105.3519,105.3519,104.9036,106.2485
2022-12-22,423329,50141903,119.0,119.5,117.5,117.5,0.0,441,0.8966116885999684,106.6968,105.3519,105.3519,107.1451
2022-12-23,360704,41769947,115.0,118.0,114.0,117.0,-0.5,390,0.8966116885999684,103.1103,104.9036,102.2137,105.8002
2022-12-26,168637,19648398,118.0,118.0,116.0,116.0,-1.0,211,0.8966116885999684,105.8002,104.007,104.007,105.8002
2022-12-27,176934,20759814,116.5,118.0,116.5,117.0,1.0,217,0.8966116885999684,104.4553,104.9036,104.4553,105.8002
2022-12-28,364188,41862661,116.5,116.5,114.0,114.5,-2.5,405,0.8966116885999684,104.4553,102.662,102.2137,104.4553
2022-12-29,363167,41470232,114.0,116.5,112.5,115.5,1.0,353,0.8966116885999684,102.2137,103.5587,100.8688,104.4553
2022-12-30,506718,59330154,118.0,118.0,115.5,118.0,2.5,513,0.8966116885999684,105.8002,105.8002,103.5587,105.8002
2023-01-03,1622174,195056172,120.5,122.5,118.5,119.0,1.0,1406,0.8966116885999684,108.0417,106.6968,106.2485,109.8349
2023-01-04,427389,50929139,119.5,120.0,118.0,118.0,-1.0,450,0.8966116885999684,107.1451,105.8002,105.8002,107.5934
2023-01-05,353720,42137556,119.5,120.0,118.5,119.0,1.0,379,0.8966116885999684,107.1451,106.6968,106.2485,107.5934
2023-01-06,446177,53504196,119.0,121.0,118.5,121.0,2.0,375,0.8966116885999684,106.6968,108.49,106.2485,108.49
2023-01-09,1061571,129484203,121.0,122.5,121.0,122.5,1.5,892,0.8966116885999684,108.49,109.8349,108.49,109.8349
2023-01-10,848857,103211027,123.0,123.0,120.0,120.5,-2.0,696,0.8966116885999684,110.2832,108.0417,107.5934,110.2832
2023-01-11,872987,105939467,121.0,122.0,120.5,120.5,0.0,627,0.8966116885999684,108.49,108.0417,108.0417,109.3866
2023-01-12,523717,63633867,121.5,122.0,121.0,122.0,1.5,473,0.8966116885999684,108.9383,109.3866,108.49,109.3866
2023-01-13,1067041,130648273,123.5,125.0,119.5,119.5,-2.5,942,0.8966116885999684,110.7315,107.1451,107.1451,112.0765
2023-01-16,299416,36047875,120.0,121.0,119.5,120.5,1.0,332,0.8966116885999684,107.5934,108.0417,107.1451,108.49
2023-01-17,216516,26102013,121.0,121.0,120.0,120.5,0.0,263,0.8966116885999684,108.49,108.0417,107.5934,108.49
2023-01-30,1307610,162447178,124.5,125.0,122.5,124.5,4.0,1147,0.8966116885999684,111.6282,111.6282,109.8349,112.0765
2023-01-31,921598,115638681,126.0,126.5,125.0,125.0,0.5,882,0.8966116885999684,112.9731,112.0765,112.0765,113.4214
2023-02-01,2641837,339294001,126.0,130.5,125.0,130.0,5.0,2365,0.8966116885999684,112.9731,116.5595,112.0765,117.0078
2023-02-02,3987696,527704515,132.5,136.0,129.5,130.5,0.5,3294,0.8966116885999684,118.801,117.0078,116.1112,121.9392
2023-02-03,1185690,152995536,130.0,131.0,127.0,130.0,-0.5,1131,0.8966116885999684,116.5595,116.5595,113.8697,117.4561
2023-02-06,516616,65940077,128.0,129.0,127.0,127.0,-3.0,528,0.8966116885999684,114.7663,113.8697,113.8697,115.6629
2023-02-07,853985,110481482,127.5,130.5,127.5,130.5,3.5,793,0.8966116885999684,114.318,117.0078,114.318,117.0078
2023-02-08,1175164,152888210,131.0,131.0,129.0,129.5,-1.0,935,0.8966116885999684,117.4561,116.1112,115.6629,117.4561
2023-02-09,1048060,136451641,129.0,132.0,128.5,129.0,-0.5,798,0.8966116885999684,115.6629,115.6629,115.2146,118.3527
2023-02-10,793010,101007539,128.5,129.5,126.0,126.5,-2.5,796,0.8966116885999684,115.2146,113.4214,112.9731,116.1112
2023-02-13,396777,50535527,127.0,128.5,126.5,127.5,1.0,372,0.8966116885999684,113.8697,114.318,113.4214,115.2146
2023-02-14,439537,56087937,129.0,129.0,127.0,127.0,-0.5,425,0.8966116885999684,115.6629,113.8697,113.8697,115.6629
2023-02-15,607437,76305632,125.0,126.5,124.5,126.0,-1.0,552,0.8966116885999684,112.0765,112.9731,111.6282,113.4214
2023-02-16,412885,52639819,127.0,128.5,126.5,128.5,2.5,338,0.8966116885999684,113.8697,115.2146,113.4214,115.2146
2023-02-17,332647,42401426,127.5,128.5,126.5,128.0,-0.5,291,0.8966116885999684,114.318,114.7663,113.4214,115.2146
2023-02-20,1439273,185084659,130.0,131.5,127.0,127.0,-1.0,1221,0.8966116885999684,116.5595,113.8697,113.8697,117.9044
2023-02-21,718144,91815111,128.5,129.5,127.0,127.0,0.0,655,0.8966116885999684,115.2146,113.8697,113.8697,116.1112
2023-02-22,820437,101975534,126.0,126.0,123.5,124.0,-3.0,948,0.8966116885999684,112.9731,111.1798,110.7315,112.9731
2023-02-23,360076,45114530,125.0,125.5,124.5,125.5,1.5,410,0.8966116885999684,112.0765,112.5248,111.6282,112.5248
2023-02-24,597692,75429730,126.0,127.0,125.5,126.5,1.0,598,0.8966116885999684,112.9731,113.4214,112.5248,113.8697
2023-03-01,1750932,226097121,128.5,131.0,128.0,128.0,1.5,1577,0.8966116885999684,115.2146,114.7663,114.7663,117.4561
2023-03-02,997910,129052672,128.5,130.5,127.0,130.0,2.0,950,0.8966116885999684,115.2146,116.5595,113.8697,117.0078
2023-03-03,1967666,260065348,131.5,133.5,131.0,131.5,1.5,1768,0.8966116885999684,117.9044,117.9044,117.4561,119.6977
2023-03-06,1883736,245552112,133.0,133.0,128.0,131.5,0.0,1625,0.8966116885999684,119.2494,117.9044,114.7663,119.2494
2023-03-07,758879,99922170,132.0,132.5,130.5,132.0,0.5,647,0.8966116885999684,118.3527,118.3527,117.0078,118.801
2023-03-08,2954806,396796772,135.0,137.5,132.0,132.0,0.0,2647,0.8966116885999684,121.0426,118.3527,118.3527,123.2841
2023-03-09,660211,86868974,133.0,133.5,130.5,130.5,-1.5,645,0.8966116885999684,119.2494,117.0078,117.0078,119.6977
2023-03-10,990475,129340120,129.5,132.0,129.0,130.5,0.0,878,0.8966116885999684,116.1112,117.0078,115.6629,118.3527
2023-03-13,781042,99830912,129.5,129.5,125.5,128.5,-2.0,779,0.8966116885999684,116.1112,115.2146,112.5248,116.1112
2023-03-14,356682,45361579,128.0,128.0,126.5,126.5,-2.0,414,0.8966116885999684,114.7663,113.4214,113.4214,114.7663
2023-03-15,341907,43469715,128.5,128.5,126.0,126.0,-0.5,428,0.8966116885999684,115.2146,112.9731,112.9731,115.2146
2023-03-16,461337,57804141,126.0,127.0,124.0,124.5,-1.5,522,0.8966116885999684,112.9731,111.6282,111.1798,113.8697
2023-03-17,300239,37901987,126.5,127.0,125.5,126.0,1.5,332,0.8966116885999684,113.4214,112.9731,112.5248,113.8697
2023-03-20,255424,32609228,127.0,128.0,127.0,128.0,2.0,272,0.8966116885999684,113.8697,114.7663,113.8697,114.7663
2023-03-21,336496,43127874,129.0,129.0,127.5,128.5,0.5,332,0.8966116885999684,115.6629,115.2146,114.318,115.6629
2023-03-22,863467,112450956,129.5,131.0,129.5,130.5,2.0,727,0.8966116885999684,116.1112,117.0078,116.1112,117.4561
2023-03-23,2880258,385368917,131.0,135.5,130.5,134.0,3.5,2345,0.8966116885999684,117.4561,120.146,117.0078,121.4909
2023-03-24,1832342,246295616,135.0,136.0,133.0,134.5,0.5,1501,0.8966116885999684,121.0426,120.5943,119.2494,121.9392
2023-03-27,961458,129325155,135.5,135.5,133.5,134.0,-0.5,808,0.8966116885999684,121.4909,120.146,119.6977,121.4909
2023-03-28,709457,93577792,134.0,134.5,130.5,131.5,-2.5,723,0.8966116885999684,120.146,117.9044,117.0078,120.5943
2023-03-29,457863,60243912,132.5,133.0,130.5,131.0,-0.5,484,0.8966116885999684,118.801,117.4561,117.0078,119.2494
2023-03-30,325183,42989179,132.5,133.0,131.0,132.5,1.5,373,0.8966116885999684,118.801,118.801,117.4561,119.2494
2023-03-31,640866,85447609,134.0,134.0,132.5,133.5,1.0,625,0.8966116885999684,120.146,119.6977,118.801,120.146
2023-04-06,838616,112896454,134.0,135.5,132.0,135.0,1.5,775,0.8966116885999684,120.146,121.0426,118.3527,121.4909
2023-04-07,821502,110791782,135.5,136.0,134.0,135.0,0.0,685,0.8966116885999684,121.4909,121.0426,120.146,121.9392
2023-04-10,709247,94888734,134.5,136.0,132.5,133.5,-1.5,764,0.8966116885999684,120.5943,119.6977,118.801,121.9392
2023-04-11,1764684,240181578,135.0,137.0,134.5,136.5,3.0,1522,0.8966116885999684,121.0426,122.3875,120.5943,122.8358
2023-04-12,1495847,203603012,137.5,139.0,134.5,136.0,-0.5,1339,0.8966116885999684,123.2841,121.9392,120.5943,124.629
2023-04-13,952689,127631632,135.0,135.5,133.0,134.0,-2.0,859,0.8966116885999684,121.0426,120.146,119.2494,121.4909
2023-04-14,380304,50895115,134.5,135.0,133.0,134.0,0.0,415,0.8966116885999684,120.5943,120.146,119.2494,121.0426
2023-04-17,685292,90748329,134.5,134.5,132.0,132.0,-2.0,706,0.8966116885999684,120.5943,118.3527,118.3527,120.5943
2023-04-18,915859,119271259,132.0,132.0,129.0,129.5,-2.5,967,0.8966116885999684,118.3527,116.1112,115.6629,118.3527
2023-04-19,424053,55202403,129.5,131.0,129.5,130.5,1.0,451,0.8966116885999684,116.1112,117.0078,116.1112,117.4561
2023-04-20,492791,63485871,130.5,130.5,128.0,128.0,-2.5,488,0.8966116885999684,117.0078,114.7663,114.7663,117.0078
2023-04-21,1621615,212999636,131.5,134.0,129.0,129.5,1.5,1440,0.8966116885999684,117.9044,116.1112,115.6629,120.146
2023-04-24,329622,42717057,129.5,130.5,129.0,130.0,0.5,742,0.8966116885999684,116.1112,116.5595,115.6629,117.0078
2023-04-25,829413,105198598,130.0,130.0,125.5,126.0,-4.0,782,0.8966116885999684,116.5595,112.9731,112.5248,116.5595
2023-04-26,534563,66894171,125.0,126.0,124.0,126.0,0.0,529,0.8966116885999684,112.0765,112.9731,111.1798,112.9731
2023-04-27,236653,29881839,126.0,127.5,124.5,127.0,1.0,258,0.8966116885999684,112.9731,113.8697,111.6282,114.318
2023-04-28,453717,58308150,127.5,129.5,127.0,129.5,2.5,401,0.8966116885999684,114.318,116.1112,113.8697,116.1112
2023-05-02,330103,42809440,129.5,130.5,128.0,129.5,0.0,333,0.8966116885999684,116.1112,116.1112,114.7663,117.0078
2023-05-03,185940,24020522,128.5,130.0,128.5,129.5,0.0,236,0.8966116885999684,115.2146,116.1112,115.2146,116.5595
2023-05-04,292579,38070882,129.0,131.0,128.5,130.5,1.0,268,0.8966116885999684,115.6629,117.0078,115.2146,117.4561
2023-05-05,232369,30265484,131.0,131.0,130.0,130.5,0.0,218,0.8966116885999684,117.4561,117.0078,116.5595,117.4561
2023-05-08,312006,40850598,131.0,132.0,130.5,131.0,0.5,306,0.8966116885999684,117.4561,117.4561,117.0078,118.3527
2023-05-09,329044,42546411,131.5,131.5,128.0,128.5,-2.5,377,0.8966116885999684,117.9044,115.2146,114.7663,117.9044
2023-05-10,252076,32116324,128.0,128.5,127.0,127.0,-1.5,314,0.8966116885999684,114.7663,113.8697,113.8697,115.2146
2023-05-11,271927,34310195,128.0,128.5,125.5,125.5,-1.5,312,0.8966116885999684,114.7663,112.5248,112.5248,115.2146
2023-05-12,163874,20650546,124.5,127.0,124.5,126.5,1.0,176,0.8966116885999684,111.6282,113.4214,111.6282,113.8697
2023-05-15,162155,20449328,126.5,127.0,125.5,125.5,-1.0,196,0.8966116885999684,113.4214,112.5248,112.5248,113.8697
2023-05-16,157051,20007818,127.5,128.0,127.0,127.5,2.0,195,0.8966116885999684,114.318,114.318,113.8697,114.7663
2023-05-17,273782,35217360,127.5,129.5,127.0,129.0,1.5,312,0.8966116885999684,114.318,115.6629,113.8697,116.1112
2023-05-18,385694,50066811,130.0,131.0,129.0,129.0,0.0,417,0.8966116885999684,116.5595,115.6629,115.6629,117.4561
2023-05-19,248488,32142406,130.0,130.5,128.5,128.5,-0.5,253,0.8966116885999684,116.5595,115.2146,115.2146,117.0078
2023-05-22,163557,21104880,129.0,130.0,128.5,128.5,0.0,181,0.8966116885999684,115.6629,115.2146,115.2146,116.5595
2023-05-23,194282,25084999,129.5,129.5,128.5,129.0,0.5,208,0.8966116885999684,116.1112,115.6629,115.2146,116.1112
2023-05-24,180244,23093264,128.5,129.0,127.5,128.0,-1.0,212,0.8966116885999684,115.2146,114.7663,114.318,115.6629
2023-05-25,285445,36799291,129.0,129.5,128.0,129.0,1.0,250,0.8966116885999684,115.6629,115.6629,114.7663,116.1112
2023-05-26,1803985,238540447,131.0,134.0,131.0,131.5,2.5,1622,0.8966116885999684,117.4561,117.9044,117.4561,120.146
2023-05-29,629895,83098943,133.0,133.5,131.0,131.5,0.0,590,0.8966116885999684,119.2494,117.9044,117.4561,119.6977
2023-05-30,390047,51528808,133.0,133.0,131.5,132.0,0.5,377,0.8966116885999684,119.2494,118.3527,117.9044,119.2494
2023-05-31,439254,57882757,132.5,133.0,131.0,132.0,0.0,396,0.8966116885999684,118.801,118.3527,117.4561,119.2494
2023-06-01,313274,41010863,132.0,132.0,130.5,131.0,-1.0,325,0.8966116885999684,118.3527,117.4561,117.0078,118.3527
2023-06-02,359721,47279697,131.5,132.0,131.0,131.5,0.5,349,0.8966116885999684,117.9044,117.9044,117.4561,118.3527
2023-06-05,454204,60094375,132.0,133.0,131.5,132.5,1.0,428,0.8966116885999684,118.3527,118.801,117.9044,119.2494
2023-06-06,416299,54665184,133.0,133.0,130.5,131.0,-1.5,375,0.8966116885999684,119.2494,117.4561,117.0078,119.2494
2023-06-07,1553110,207374341,132.0,135.0,131.5,135.0,4.0,1249,0.8966116885999684,118.3527,121.0426,117.9044,121.0426
2023-06-08,760962,101861322,135.5,136.0,132.5,132.5,-2.5,728,0.8966116885999684,121.4909,118.801,118.801,121.9392
2023-06-09,2148715,292955267,133.5,137.5,133.0,137.5,5.0,1896,0.8966116885999684,119.6977,123.2841,119.2494,123.2841
2023-06-12,5326651,783322102,139.5,151.0,138.0,151.0,13.5,4012,0.8966116885999684,125.0773,135.3884,123.7324,135.3884
2023-06-13,13201161,1987511724,153.5,156.5,145.0,148.5,-2.5,9790,0.8966116885999684,137.6299,133.1468,130.0087,140.3197
2023-06-14,2594837,380860137,149.0,150.0,145.5,145.5,-3.0,2262,0.8966116885999684,133.5951,130.457,130.457,134.4918
2023-06-15,2940559,436286365,148.0,152.0,146.5,147.5,2.0,2556,0.8966116885999684,132.6985,132.2502,131.3536,136.285
2023-06-16,2587416,375750515,148.0,148.5,142.0,146.5,-1.0,2068,0.8966116885999684,132.6985,131.3536,127.3189,133.1468
2023-06-19,784912,113968205,145.5,147.0,144.0,144.0,-2.5,816,0.8966116885999684,130.457,129.1121,129.1121,131.8019
2023-06-20,1122274,160891341,144.5,146.0,141.5,143.5,-0.5,968,0.8966116885999684,129.5604,128.6638,126.8706,130.9053
2023-06-21,827772,120205605,144.0,146.5,143.0,146.5,3.0,836,0.8966116885999684,129.1121,131.3536,128.2155,131.3536
2023-06-26,759676,108763872,145.0,145.0,142.0,143.5,-3.0,781,0.8966116885999684,130.0087,128.6638,127.3189,130.0087
2023-06-27,1493484,211382117,143.0,146.0,138.5,138.5,-5.0,1444,0.8966116885999684,128.2155,124.1807,124.1807,130.9053
2023-06-28,795678,110595529,140.0,140.5,137.5,139.5,1.0,781,0.8966116885999684,125.5256,125.0773,123.2841,125.9739
2023-06-29,591941,83020503,140.5,142.0,139.0,139.0,-0.5,592,0.8966116885999684,125.9739,124.629,124.629,127.3189
2023-06-30,546623,76979606,139.5,142.0,138.5,141.5,2.5,545,0.8966116885999684,125.0773,126.8706,124.1807,127.3189
2023-07-03,1027142,147867549,143.0,145.0,142.5,144.5,3.0,994,0.8966116885999684,128.2155,129.5604,127.7672,130.0087
2023-07-04,1038454,148205153,143.5,143.5,142.0,142.5,-2.0,972,0.8966116885999684,128.6638,127.7672,127.3189,128.6638
2023-07-05,974987,139511077,144.0,145.0,142.0,142.0,-0.5,843,0.8966116885999684,129.1121,127.3189,127.3189,130.0087
2023-07-06,1400634,199933784,142.0,144.0,142.0,143.0,1.0,1128,0.8966116885999684,127.3189,128.2155,127.3189,129.1121
2023-07-07,1768505,249684927,143.5,144.5,139.0,141.0,-2.0,1461,0.8966116885999684,128.6638,126.4222,124.629,129.5604
2023-07-10,1027460,138501959,135.5,135.5,133.5,134.0,0.0,974,0.9339705089583004,126.553,125.152,124.6851,126.553
2023-07-11,606586,81460127,135.0,135.5,133.5,134.5,0.5,596,0.9339705089583004,126.086,125.619,124.6851,126.553
2023-07-12,452158,61026579,136.0,136.0,134.5,135.0,0.5,481,0.9339705089583004,127.02,126.086,125.619,127.02
2023-07-13,846243,116129950,136.5,139.0,135.5,135.5,0.5,843,0.9339705089583004,127.487,126.553,126.553,129.8219
2023-07-14,863244,119493344,137.0,139.5,136.5,139.0,3.5,877,0.9339705089583004,127.954,129.8219,127.487,130.2889
2023-07-17,743637,102568225,140.0,140.0,137.0,137.5,-1.5,742,0.9339705089583004,130.7559,128.4209,127.954,130.7559
2023-07-18,800663,108021892,137.5,138.0,133.5,134.0,-3.5,901,0.9339705089583004,128.4209,125.152,124.6851,128.8879
2023-07-19,1153719,152266517,135.0,135.0,130.0,131.0,-3.0,1265,0.9339705089583004,126.086,122.3501,121.4162,126.086
2023-07-20,3626275,498572477,134.5,142.5,133.5,134.5,3.5,3018,0.9339705089583004,125.619,125.619,124.6851,133.0908
2023-07-21,871844,114868513,131.0,133.0,130.0,132.0,-2.5,936,0.9339705089583004,122.3501,123.2841,121.4162,124.2181
2023-07-24,1642329,221820921,133.0,138.5,130.5,137.5,5.5,1399,0.9339705089583004,124.2181,128.4209,121.8832,129.3549
2023-07-25,4807208,680345095,143.5,145.0,139.0,139.0,1.5,3698,0.9339705089583004,134.0248,129.8219,129.8219,135.4257
2023-07-26,2265213,319959690,141.0,142.5,138.5,141.5,2.5,2472,0.9339705089583004,131.6898,132.1568,129.3549,133.0908
2023-07-27,7886344,1160825069,142.5,150.5,142.0,148.0,6.5,7561,0.9339705089583004,133.0908,138.2276,132.6238,140.5626
2023-07-28,5306049,780975900,147.5,151.0,142.5,150.5,2.5,4563,0.9339705089583004,137.7607,140.5626,133.0908,141.0295
2023-07-31,3452258,503598622,150.5,151.0,142.0,142.5,-8.0,3375,0.9339705089583004,140.5626,133.0908,132.6238,141.0295
2023-08-01,1020297,144422393,143.5,143.5,140.0,141.5,-1.0,1092,0.9339705089583004,134.0248,132.1568,130.7559,134.0248
2023-08-02,1185174,165881148,142.0,143.0,138.0,139.0,-2.5,1259,0.9339705089583004,132.6238,129.8219,128.8879,133.5578
2023-08-04,4728510,696690845,145.0,149.0,144.0,149.0,10.0,4038,0.9339705089583004,135.4257,139.1616,134.4918,139.1616
2023-08-07,2820677,421290427,149.0,152.0,147.0,150.0,1.0,2582,0.9339705089583004,139.1616,140.0956,137.2937,141.9635
2023-08-08,1813381,262415747,146.0,147.0,143.0,143.5,-6.5,1960,0.9339705089583004,136.3597,134.0248,133.5578,137.2937
2023-08-09,1089297,156300198,143.0,145.0,140.0,144.0,0.5,1024,0.9339705089583004,133.5578,134.4918,130.7559,135.4257
2023-08-10,859640,122136284,144.5,144.5,140.5,142.0,-2.0,879,0.9339705089583004,134.9587,132.6238,131.2229,134.9587
2023-08-11,566801,80226015,142.5,143.5,140.5,140.5,-1.5,596,0.9339705089583004,133.0908,131.2229,131.2229,134.0248
2023-08-14,1153644,156727836,139.0,139.0,134.0,135.0,-5.5,1330,0.9339705089583004,129.8219,126.086,125.152,129.8219
2023-08-15,617887,83824910,136.0,136.5,135.0,135.5,0.5,612,0.9339705089583004,127.02,126.553,126.086,127.487
2023-08-16,571954,76745600,134.0,136.0,132.0,135.0,-0.5,637,0.9339705089583004,125.152,126.086,123.2841,127.02
2023-08-17,834981,114863945,133.5,140.0,133.5,140.0,5.0,810,0.9339705089583004,124.6851,130.7559,124.6851,130.7559
2023-08-18,662468,91409604,138.5,139.5,136.5,138.0,-2.0,664,0.9339705089583004,129.3549,128.8879,127.487,130.2889
2023-08-21,483835,66016568,138.5,138.5,135.5,135.5,-2.5,527,0.9339705089583004,129.3549,126.553,126.553,129.3549
2023-08-22,404939,54704535,136.5,137.0,134.0,134.0,-1.5,499,0.9339705089583004,127.487,125.152,125.152,127.954
2023-08-23,381111,51777239,134.5,137.0,134.5,135.5,1.5,410,0.9339705089583004,125.619,126.553,125.619,127.954
2023-08-24,524001,71558439,136.5,137.5,135.5,136.5,1.0,505,0.9339705089583004,127.487,127.487,126.553,128.4209
2023-08-25,372407,50319610,135.0,136.5,134.0,134.5,-2.0,485,0.9339705089583004,126.086,125.619,125.152,127.487
2023-08-28,413174,55586749,135.5,136.0,133.5,134.0,-0.5,459,0.9339705089583004,126.553,125.152,124.6851,127.02
2023-08-29,339916,46200115,135.0,136.5,135.0,136.5,2.5,344,0.9339705089583004,126.086,127.487,126.086,127.487
2023-08-30,473765,65046716,137.0,138.5,136.5,137.0,0.5,461,0.9339705089583004,127.954,127.954,127.487,129.3549
2023-08-31,464438,63978997,137.5,138.5,136.5,138.5,1.5,445,0.9339705089583004,128.4209,129.3549,127.487,129.3549
2023-09-01,851537,115758674,137.0,137.5,135.0,136.0,-2.5,879,0.9339705089583004,127.954,127.02,126.086,128.4209
2023-09-04,407860,55339387,136.0,136.5,134.5,136.0,0.0,345,0.9339705089583004,127.02,127.02,125.619,127.487
2023-09-05,1343128,187101206,136.5,141.0,136.5,139.0,3.0,1317,0.9339705089583004,127.487,129.8219,127.487,131.6898
2023-09-06,444294,61841118,139.0,140.0,137.5,139.5,0.5,534,0.9339705089583004,129.8219,130.2889,128.4209,130.7559
2023-09-07,285010,39608932,138.0,140.0,138.0,138.5,-1.0,304,0.9339705089583004,128.8879,129.3549,128.8879,130.7559
2023-09-08,513491,70347431,137.5,138.5,136.0,136.5,-2.0,498,0.9339705089583004,128.4209,127.487,127.02,129.3549
2023-09-11,326193,44705157,138.0,138.0,136.0,137.0,0.5,369,0.9339705089583004,128.8879,127.954,127.02,128.8879
2023-09-12,488663,67764643,137.5,140.0,137.0,139.0,2.0,518,0.9339705089583004,128.4209,129.8219,127.954,130.7559
2023-09-13,380612,53054861,139.0,140.0,138.5,139.5,0.5,416,0.9339705089583004,129.8219,130.2889,129.3549,130.7559
2023-09-14,763959,107890362,140.5,142.0,140.0,141.0,1.5,804,0.9339705089583004,131.2229,131.6898,130.7559,132.6238
2023-09-15,509540,71510366,141.5,142.0,139.5,140.0,-1.0,522,0.9339705089583004,132.1568,130.7559,130.2889,132.6238
2023-09-18,416792,58452624,138.0,141.0,138.0,140.5,0.5,431,0.9339705089583004,128.8879,131.2229,128.8879,131.6898
2023-09-19,408037,57025510,140.5,141.0,138.5,139.0,-1.5,463,0.9339705089583004,131.2229,129.8219,129.3549,131.6898
2023-09-20,496752,68134407,138.5,139.5,136.0,136.5,-2.5,625,0.9339705089583004,129.3549,127.487,127.02,130.2889
2023-09-21,473450,63707631,135.0,136.0,133.5,135.0,-1.5,604,0.9339705089583004,126.086,126.086,124.6851,127.02
2023-09-22,238405,32225559,134.0,136.0,133.5,136.0,1.0,277,0.9339705089583004,125.152,127.02,124.6851,127.02
2023-09-25,182492,24923831,136.5,137.5,136.0,136.0,0.0,222,0.9339705089583004,127.487,127.02,127.02,128.4209
2023-09-26,298354,40178509,135.5,136.0,134.0,134.5,-1.5,380,0.9339705089583004,126.553,125.619,125.152,127.02
2023-09-27,251263,33692086,134.5,135.0,133.5,134.5,0.0,325,0.9339705089583004,125.619,125.619,124.6851,126.086
2023-09-28,1243398,172825854,137.5,141.5,137.0,138.0,3.5,1187,0.9339705089583004,128.4209,128.8879,127.954,132.1568
2023-10-02,779861,109071300,138.0,141.0,138.0,140.5,2.5,684,0.9339705089583004,128.8879,131.2229,128.8879,131.6898
2023-10-03,443439,61818318,140.5,140.5,138.5,138.5,-2.0,424,0.9339705089583004,131.2229,129.3549,129.3549,131.2229
2023-10-04,220401,30208919,137.0,138.0,136.5,137.0,-1.5,266,0.9339705089583004,127.954,127.954,127.487,128.8879
2023-10-05,262039,36244652,138.0,139.5,137.5,139.0,2.0,303,0.9339705089583004,128.8879,129.8219,128.4209,130.2889
2023-10-06,578186,80703079,140.5,141.0,138.5,138.5,-0.5,535,0.9339705089583004,131.2229,129.3549,129.3549,131.6898
2023-10-11,626065,87089569,139.5,140.5,138.5,138.5,0.0,401,0.9339705089583004,130.2889,129.3549,129.3549,131.2229
2023-10-12,995408,140623638,139.0,142.0,139.0,142.0,3.5,941,0.9339705089583004,129.8219,132.6238,129.8219,132.6238
2023-10-13,443189,62485771,140.5,141.5,140.5,141.5,-0.5,626,0.9339705089583004,131.2229,132.1568,131.2229,132.1568
2023-10-16,334511,46692210,141.0,141.0,139.0,139.0,-2.5,375,0.9339705089583004,131.6898,129.8219,129.8219,131.6898
2023-10-17,292086,40626261,140.0,140.5,138.0,138.0,-1.0,341,0.9339705089583004,130.7559,128.8879,128.8879,131.2229
2023-10-18,509082,69592859,139.0,139.0,136.0,136.0,-2.0,428,0.9339705089583004,129.8219,127.02,127.02,129.8219
2023-10-19,426361,57792195,134.5,136.5,134.5,136.5,0.5,380,0.9339705089583004,125.619,127.487,125.619,127.487
2023-10-20,317322,43141997,137.0,137.5,135.0,137.0,0.5,352,0.9339705089583004,127.954,127.954,126.086,128.4209
2023-10-23,197171,26840696,135.5,137.5,135.5,135.5,-1.5,194,0.9339705089583004,126.553,126.553,126.553,128.4209
2023-10-24,384160,51965728,135.5,136.5,134.0,136.0,0.5,387,0.9339705089583004,126.553,127.02,125.152,127.487
2023-10-25,293731,40274814,136.0,137.5,136.0,137.0,1.0,332,0.9339705089583004,127.02,127.954,127.02,128.4209
2023-10-26,312634,42180528,135.5,136.0,134.0,134.5,-2.5,402,0.9339705089583004,126.553,125.619,125.152,127.02
2023-10-27,599588,80453030,135.0,136.0,133.5,133.5,-1.0,502,0.9339705089583004,126.086,124.6851,124.6851,127.02
2023-10-30,182398,24513931,133.0,135.5,133.0,134.0,0.5,228,0.9339705089583004,124.2181,125.152,124.2181,126.553
2023-10-31,533144,71013568,135.0,135.0,132.0,132.5,-1.5,545,0.9339705089583004,126.086,123.7511,123.2841,126.086
2023-11-01,828837,108138110,132.5,132.5,129.5,130.5,-2.0,1005,0.9339705089583004,123.7511,121.8832,120.9492,123.7511
2023-11-02,493085,65154892,132.0,133.0,131.0,132.5,2.0,532,0.9339705089583004,123.2841,123.7511,122.3501,124.2181
2023-11-03,397403,53253416,133.5,135.0,133.0,134.0,1.5,387,0.9339705089583004,124.6851,125.152,124.2181,126.086
2023-11-06,640746,86561914,135.5,136.5,134.0,134.5,0.5,606,0.9339705089583004,126.553,125.619,125.152,127.487
2023-11-07,204469,27443052,134.0,135.0,133.5,134.5,0.0,263,0.9339705089583004,125.152,125.619,124.6851,126.086
2023-11-08,309775,41674155,134.5,135.5,134.0,134.0,-0.5,352,0.9339705089583004,125.619,125.152,125.152,126.553
2023-11-09,329684,43820513,134.0,134.0,132.5,133.0,-1.0,423,0.9339705089583004,125.152,124.2181,123.7511,125.152
2023-11-10,241737,32178442,133.0,133.5,132.5,133.0,0.0,252,0.9339705089583004,124.2181,124.2181,123.7511,124.6851
2023-11-13,526377,70474445,136.0,136.0,132.5,132.5,-0.5,544,0.9339705089583004,127.02,123.7511,123.7511,127.02
2023-11-14,200408,26668902,133.5,133.5,132.5,133.0,0.5,263,0.9339705089583004,124.6851,124.2181,123.7511,124.6851
2023-11-15,449666,60440546,134.0,135.0,134.0,134.5,1.5,429,0.9339705089583004,125.152,125.619,125.152,126.086
2023-11-16,577894,77977605,135.0,136.0,134.0,134.5,0.0,522,0.9339705089583004,126.086,125.619,125.152,127.02
2023-11-17,302587,40893428,135.0,136.0,134.5,135.0,0.5,312,0.9339705089583004,126.086,126.086,125.619,127.02
2023-11-20,1145830,156294431,136.0,138.5,135.0,135.0,0.0,966,0.9339705089583004,127.02,126.086,126.086,129.3549
2023-11-21,601517,81829044,136.0,136.5,135.5,136.0,1.0,897,0.9339705089583004,127.02,127.02,126.553,127.487
2023-11-22,724425,97585359,136.0,136.0,134.0,134.5,-1.5,803,0.9339705089583004,127.02,125.619,125.152,127.02
2023-11-23,844878,114831674,134.5,137.5,134.5,135.5,1.0,716,0.9339705089583004,125.619,126.553,125.619,128.4209
2023-11-24,411754,55744337,135.5,136.5,134.5,135.0,-0.5,780,0.9339705089583004,126.553,126.086,125.619,127.487
2023-11-27,399520,53733923,135.0,135.5,133.5,134.0,-1.0,403,0.9339705089583004,126.086,125.152,124.6851,126.553
2023-11-28,621916,83317899,134.5,134.5,133.5,134.0,0.0,692,0.9339705089583004,125.619,125.152,124.6851,125.619
2023-11-29,436376,58851907,135.0,135.5,134.5,135.0,1.0,477,0.9339705089583004,126.086,126.086,125.619,126.553
2023-11-30,458585,61792026,135.5,135.5,134.0,134.5,-0.5,485,0.9339705089583004,126.553,125.619,125.152,126.553
2023-12-01,583552,78476500,135.0,135.5,134.0,134.0,-0.5,611,0.9339705089583004,126.086,125.152,125.152,126.553
2023-12-04,972933,130047113,134.5,135.0,133.0,133.0,-1.0,930,0.9339705089583004,125.619,124.2181,124.2181,126.086
2023-12-05,1205020,158925751,133.0,133.5,131.0,131.5,-1.5,1332,0.9339705089583004,124.2181,122.8171,122.3501,124.6851
2023-12-06,761545,101223053,132.5,134.0,132.5,132.5,1.0,731,0.9339705089583004,123.7511,123.7511,123.7511,125.152
2023-12-07,416901,55318352,133.0,133.5,132.0,132.0,-0.5,384,0.9339705089583004,124.2181,123.2841,123.2841,124.6851
2023-12-08,544776,72168601,133.0,133.5,132.0,132.0,0.0,570,0.9339705089583004,124.2181,123.2841,123.2841,124.6851
2023-12-11,397930,52667825,133.5,133.5,132.0,132.0,0.0,571,0.9339705089583004,124.6851,123.2841,123.2841,124.6851
2023-12-12,707401,94809531,132.5,135.0,132.5,134.0,2.0,579,0.9339705089583004,123.7511,125.152,123.7511,126.086
2023-12-13,620025,82997766,134.5,134.5,133.0,133.0,-1.0,579,0.9339705089583004,125.619,124.2181,124.2181,125.619
2023-12-14,869506,117328415,134.0,136.0,134.0,134.5,1.5,679,0.9339705089583004,125.152,125.619,125.152,127.02
2023-12-15,616464,83201562,135.5,135.5,134.5,134.5,0.0,541,0.9339705089583004,126.553,125.619,125.619,126.553
2023-12-18,411050,55651808,135.0,136.0,135.0,135.5,1.0,416,0.9339705089583004,126.086,126.553,126.086,127.02
2023-12-19,865040,115472736,135.5,135.5,132.5,133.0,-2.5,619,0.9339705089583004,126.553,124.2181,123.7511,126.553
2023-12-20,427585,57509133,134.0,135.5,133.5,134.0,1.0,408,0.9339705089583004,125.152,125.152,124.6851,126.553
2023-12-21,279374,37240442,133.5,134.0,132.5,133.0,-1.0,498,0.9339705089583004,124.6851,124.2181,123.7511,125.152
2023-12-22,262775,35040697,134.0,134.5,133.0,133.0,0.0,251,0.9339705089583004,125.152,124.2181,124.2181,125.619
2023-12-25,261642,34979593,133.5,134.5,133.0,133.5,0.5,279,0.9339705089583004,124.6851,124.6851,124.2181,125.619
2023-12-26,238149,31946349,133.5,134.5,133.5,134.5,1.0,245,0.9339705089583004,124.6851,125.619,124.6851,125.619
2023-12-27,522680,70430803,134.5,135.5,134.0,134.5,0.0,450,0.9339705089583004,125.619,125.619,125.152,126.553
2023-12-28,2740079,378673593,134.5,140.0,134.5,139.5,5.0,2340,0.9339705089583004,125.619,130.2889,125.619,130.7559
2023-12-29,2706443,378547285,141.0,141.0,138.0,140.5,1.0,2525,0.9339705089583004,131.6898,131.2229,128.8879,131.6898
2024-01-02,1381675,192998499,140.0,141.0,138.0,140.5,0.0,1290,0.9339705089583004,130.7559,131.2229,128.8879,131.6898
2024-01-03,743776,103163812,139.5,139.5,138.0,138.0,-2.5,749,0.9339705089583004,130.2889,128.8879,128.8879,130.2889
2024-01-04,754719,103584123,138.0,139.0,136.5,137.0,-1.0,700,0.9339705089583004,128.8879,127.954,127.487,129.8219
2024-01-05,2441850,343278622,141.0,143.0,138.5,139.5,2.5,2073,0.9339705089583004,131.6898,130.2889,129.3549,133.5578
2024-01-08,1765469,249317430,140.0,142.0,139.5,141.0,1.5,1585,0.9339705089583004,130.7559,131.6898,130.2889,132.6238
2024-01-09,4640976,670158712,142.5,147.0,142.0,142.0,1.0,4182,0.9339705089583004,133.0908,132.6238,132.6238,137.2937
2024-01-10,1677244,240044285,142.0,144.5,142.0,143.0,1.0,2608,0.9339705089583004,132.6238,133.5578,132.6238,134.9587
2024-01-11,1250025,177648424,143.5,144.0,141.0,141.5,-1.5,1135,0.9339705089583004,134.0248,132.1568,131.6898,134.4918
2024-01-12,712074,101179976,141.5,143.0,141.0,142.0,0.5,697,0.9339705089583004,132.1568,132.6238,131.6898,133.5578
2024-01-15,952836,136701324,143.5,145.0,142.5,143.5,1.5,868,0.9339705089583004,134.0248,134.0248,133.0908,135.4257
2024-01-16,1317451,189369052,143.0,144.5,142.5,143.5,0.0,1269,0.9339705089583004,133.5578,134.0248,133.0908,134.9587
2024-01-17,3436354,503581124,143.5,148.5,143.5,147.0,3.5,2997,0.9339705089583004,134.0248,137.2937,134.0248,138.6946
2024-01-18,3026059,440227262,148.5,149.5,142.0,144.5,-2.5,2847,0.9339705089583004,138.6946,134.9587,132.6238,139.6286
2024-01-19,2479057,361502522,147.0,148.5,144.0,145.0,0.5,2058,0.9339705089583004,137.2937,135.4257,134.4918,138.6946
2024-01-22,1683678,247407611,146.5,148.5,146.0,146.0,1.0,1452,0.9339705089583004,136.8267,136.3597,136.3597,138.6946
2024-01-23,1393808,203935996,146.5,148.0,144.5,146.5,0.5,2079,0.9339705089583004,136.8267,136.8267,134.9587,138.2276
2024-01-24,2875502,424582955,148.5,150.0,145.0,145.0,-1.5,2417,0.9339705089583004,138.6946,135.4257,135.4257,140.0956
2024-01-25,2526987,372988347,147.5,150.0,145.5,146.0,1.0,2132,0.9339705089583004,137.7607,136.3597,135.8927,140.0956
2024-01-26,1021640,149465092,147.5,147.5,144.5,146.5,0.5,1424,0.9339705089583004,137.7607,136.8267,134.9587,137.7607
2024-01-29,3091986,452130832,147.5,148.5,145.0,145.0,-1.5,2422,0.9339705089583004,137.7607,135.4257,135.4257,138.6946
2024-01-30,1272290,186366138,146.0,147.5,145.0,147.0,2.0,1206,0.9339705089583004,136.3597,137.2937,135.4257,137.7607
2024-01-31,1252936,184279666,146.5,148.5,146.5,146.5,-0.5,1148,0.9339705089583004,136.8267,136.8267,136.8267,138.6946
2024-02-01,1305578,189108189,146.5,146.5,144.0,145.0,-1.5,1285,0.9339705089583004,136.8267,135.4257,134.4918,136.8267
2024-02-02,954096,138394300,145.5,146.0,144.5,144.5,-0.5,906,0.9339705089583004,135.8927,134.9587,134.9587,136.3597
2024-02-05,765911,110135941,144.5,144.5,143.0,144.5,0.0,921,0.9339705089583004,134.9587,134.9587,133.5578,134.9587
2024-02-15,8113670,1240495468,149.0,158.5,148.0,158.0,13.5,6771,0.9339705089583004,139.1616,147.5673,138.2276,148.0343
2024-02-16,8620905,1399183924,161.0,166.0,159.5,162.5,4.5,8027,0.9339705089583004,150.3693,151.7702,148.9683,155.0391
2024-02-19,2668108,428327635,162.5,163.5,158.5,159.0,-3.5,3028,0.9339705089583004,151.7702,148.5013,148.0343,152.7042
2024-02-20,4597898,712845185,155.5,158.0,153.0,154.0,-5.0,5016,0.9339705089583004,145.2324,143.8315,142.8975,147.5673
2024-02-21,2315072,356101572,152.5,156.0,151.5,155.0,1.0,2287,0.9339705089583004,142.4305,144.7654,141.4965,145.6994
2024-02-22,3358015,529772832,156.5,160.0,155.0,159.5,4.5,3531,0.9339705089583004,146.1664,148.9683,144.7654,149.4353
2024-02-23,5870430,951022861,161.5,165.0,159.5,159.5,0.0,5211,0.9339705089583004,150.8362,148.9683,148.9683,154.1051
2024-02-26,2787943,450648774,161.5,163.5,160.0,161.0,1.5,2704,0.9339705089583004,150.8362,150.3693,149.4353,152.7042
2024-02-27,6352468,1039733286,164.5,169.5,159.0,160.0,-1.0,5503,0.9339705089583004,153.6381,149.4353,148.5013,158.308
2024-02-29,1711782,272168301,160.0,160.0,158.0,159.0,-1.0,2027,0.9339705089583004,149.4353,148.5013,147.5673,149.4353
2024-03-01,1646790,262157555,159.0,160.5,158.5,158.5,-0.5,1534,0.9339705089583004,148.5013,148.0343,148.0343,149.9023
2024-03-04,2348844,379621766,160.0,163.0,160.0,160.5,2.0,2141,0.9339705089583004,149.4353,149.9023,149.4353,152.2372
2024-03-05,1492238,239316554,162.0,162.5,159.0,161.0,0.5,2249,0.9339705089583004,151.3032,150.3693,148.5013,151.7702
2024-03-06,2536918,411999387,159.5,164.0,159.0,163.5,2.5,2420,0.9339705089583004,148.9683,152.7042,148.5013,153.1712
2024-03-07,3035798,487340931,161.0,163.0,159.0,159.5,-4.0,2834,0.9339705089583004,150.3693,148.9683,148.5013,152.2372
2024-03-08,3151658,500413683,162.0,163.0,155.0,156.0,-3.5,3132,0.9339705089583004,151.3032,145.6994,144.7654,152.2372
2024-03-11,1080306,168266844,155.0,158.0,154.5,155.0,-1.0,1565,0.9339705089583004,144.7654,144.7654,144.2984,147.5673
2024-03-12,2203409,346495093,155.0,160.0,153.0,159.5,4.5,2034,0.9339705089583004,144.7654,148.9683,142.8975,149.4353
2024-03-13,1731151,274195998,162.0,162.0,155.5,156.5,-3.0,1880,0.9339705089583004,151.3032,146.1664,145.2324,151.3032
2024-03-14,966633,149462176,156.0,156.5,153.0,154.5,-2.0,1224,0.9339705089583004,145.6994,144.2984,142.8975,146.1664
2024-03-15,832458,129025938,154.5,156.5,153.5,154.5,0.0,830,0.9339705089583004,144.2984,144.2984,143.3645,146.1664
2024-03-18,523951,81637374,155.0,157.0,155.0,156.5,2.0,639,0.9339705089583004,144.7654,146.1664,144.7654,146.6334
2024-03-19,1963173,313933534,157.0,161.5,157.0,160.5,4.0,1793,0.9339705089583004,146.6334,149.9023,146.6334,150.8362
2024-03-20,1846105,296249595,162.5,163.5,158.0,159.0,-1.5,1904,0.9339705089583004,151.7702,148.5013,147.5673,152.7042
2024-03-21,933194,148979444,161.0,161.0,158.5,159.5,0.5,911,0.9339705089583004,150.3693,148.9683,148.0343,150.3693
2024-03-22,1260581,202614073,161.0,162.0,159.5,161.0,1.5,1757,0.9339705089583004,150.3693,150.3693,148.9683,151.3032
2024-03-25,2576156,421350220,163.0,165.0,162.0,162.0,1.0,2651,0.9339705089583004,152.2372,151.3032,151.3032,154.1051
2024-03-26,1640024,264891746,163.0,164.5,158.5,160.0,-2.0,1630,0.9339705089583004,152.2372,149.4353,148.0343,153.6381
2024-03-27,2245386,365828559,161.0,164.5,161.0,164.0,4.0,2325,0.9339705089583004,150.3693,153.1712,150.3693,153.6381
2024-03-28,1397024,228403678,165.0,166.0,162.0,163.0,-1.0,1402,0.9339705089583004,154.1051,152.2372,151.3032,155.0391
2024-03-29,3021029,497857496,164.5,167.0,163.0,163.5,0.5,2698,0.9339705089583004,153.6381,152.7042,152.2372,155.9731
2024-04-01,1142027,186438499,162.5,164.5,162.0,162.5,-1.0,2724,0.9339705089583004,151.7702,151.7702,151.3032,153.6381
2024-04-02,10089216,1752887304,163.5,178.5,162.0,176.5,14.0,8468,0.9339705089583004,152.7042,164.8458,151.3032,166.7137
2024-04-03,5730646,972513356,173.0,173.0,167.5,169.0,-7.5,5303,0.9339705089583004,161.5769,157.841,156.4401,161.5769
2024-04-08,2456779,409804022,169.5,169.5,165.0,166.5,-2.5,2450,0.9339705089583004,158.308,155.5061,154.1051,158.308
2024-04-09,5014232,856324853,168.0,174.5,166.0,174.0,7.5,5491,0.9339705089583004,156.907,162.5109,155.0391,162.9779
2024-04-10,7884449,1388625166,176.5,180.5,172.5,174.5,0.5,10904,0.9339705089583004,164.8458,162.9779,161.1099,168.5817
2024-04-11,1766315,303921037,174.0,174.0,170.5,172.0,-2.5,1849,0.9339705089583004,162.5109,160.6429,159.242,162.5109
2024-04-12,5415823,948967361,175.5,178.0,172.0,172.5,0.5,4201,0.9339705089583004,163.9118,161.1099,160.6429,166.2468
2024-04-15,2630826,447313928,171.5,172.0,168.0,171.0,-1.5,4504,0.9339705089583004,160.1759,159.709,156.907,160.6429
2024-04-16,2631246,432256188,169.0,169.0,162.0,163.5,-7.5,3006,0.9339705089583004,157.841,152.7042,151.3032,157.841
2024-04-17,1345714,224723124,164.5,168.5,164.5,167.0,3.5,1364,0.9339705089583004,153.6381,155.9731,153.6381,157.374
2024-04-18,1771766,288679635,164.0,164.0,161.0,163.5,-3.5,1954,0.9339705089583004,153.1712,152.7042,150.3693,153.1712
2024-04-19,3752559,582097165,159.0,159.0,150.0,154.5,-9.0,4094,0.9339705089583004,148.5013,144.2984,140.0956,148.5013
2024-04-22,1863713,281443956,152.0,154.0,149.0,150.0,-4.5,2342,0.9339705089583004,141.9635,140.0956,139.1616,143.8315
2024-04-23,959083,145533417,152.0,153.0,149.5,152.5,2.5,1175,0.9339705089583004,141.9635,142.4305,139.6286,142.8975
2024-04-24,1215361,191837331,155.5,159.0,155.5,158.5,6.0,1523,0.9339705089583004,145.2324,148.0343,145.2324,148.5013
2024-04-25,563375,88149226,157.0,157.5,155.0,156.0,-2.5,864,0.9339705089583004,146.6334,145.6994,144.7654,147.1004
2024-04-26,758249,119621560,159.0,159.0,157.0,157.0,1.0,954,0.9339705089583004,148.5013,146.6334,146.6334,148.5013
2024-04-29,768843,122408014,159.0,160.0,158.0,160.0,3.0,914,0.9339705089583004,148.5013,149.4353,147.5673,149.4353
2024-04-30,391541,62262187,160.0,160.5,158.0,158.5,-1.5,544,0.9339705089583004,149.4353,148.0343,147.5673,149.9023
2024-05-02,337053,52833444,158.0,158.0,156.0,157.0,-1.5,480,0.9339705089583004,147.5673,146.6334,145.6994,147.5673
2024-05-03,1281671,204774644,158.5,161.0,157.5,160.5,3.5,1230,0.9339705089583004,148.0343,149.9023,147.1004,150.3693
2024-05-06,695410,111397934,162.5,163.0,159.0,159.5,-1.0,868,0.9339705089583004,151.7702,148.9683,148.5013,152.2372
2024-05-07,640944,101544969,160.5,160.5,157.0,159.5,0.0,810,0.9339705089583004,149.9023,148.9683,146.6334,149.9023
2024-05-08,928592,145403969,158.5,158.5,155.0,157.0,-2.5,1199,0.9339705089583004,148.0343,146.6334,144.7654,148.0343
2024-05-09,850010,132508594,156.5,158.5,154.5,155.0,-2.0,1015,0.9339705089583004,146.1664,144.7654,144.2984,148.0343
2024-05-10,552937,85646212,156.0,156.0,153.5,156.0,1.0,681,0.9339705089583004,145.6994,145.6994,143.3645,145.6994
2024-05-13,660512,102832969,157.5,158.0,154.0,154.0,-2.0,813,0.9339705089583004,147.1004,143.8315,143.8315,147.5673
2024-05-14,551546,84977921,154.5,155.5,153.0,154.0,0.0,745,0.9339705089583004,144.2984,143.8315,142.8975,145.2324
2024-05-15,583147,90445071,155.0,156.5,154.0,154.5,0.5,794,0.9339705089583004,144.7654,144.2984,143.8315,146.1664
2024-05-16,1244578,193503201,155.5,157.5,153.5,156.0,1.5,1127,0.9339705089583004,145.2324,145.6994,143.3645,147.1004
2024-05-17,854178,134480069,157.0,159.0,156.0,157.0,1.0,952,0.9339705089583004,146.6334,146.6334,145.6994,148.5013
2024-05-20,700278,108515916,158.0,158.0,154.0,154.0,-3.0,918,0.9339705089583004,147.5673,143.8315,143.8315,147.5673
2024-05-21,339327,52566406,154.0,155.5,154.0,155.0,1.0,392,0.9339705089583004,143.8315,144.7654,143.8315,145.2324
2024-05-22,342890,53448204,156.0,156.5,154.5,156.0,1.0,467,0.9339705089583004,145.6994,145.6994,144.2984,146.1664
2024-05-23,730641,112824717,157.0,157.0,153.5,154.0,-2.0,908,0.9339705089583004,146.6334,143.8315,143.3645,146.6334
2024-05-24,2366631,373421442,155.5,160.5,155.5,156.5,2.5,2133,0.9339705089583004,145.2324,146.1664,145.2324,149.9023
2024-05-27,1262165,200882092,159.0,160.0,158.5,158.5,2.0,1326,0.9339705089583004,148.5013,148.0343,148.0343,149.4353
2024-05-28,622683,98090847,158.5,159.5,157.0,157.0,-1.5,1106,0.9339705089583004,148.0343,146.6334,146.6334,148.9683
2024-05-29,439094,68783209,157.5,158.0,156.0,156.5,-0.5,599,0.9339705089583004,147.1004,146.1664,145.6994,147.5673
2024-05-30,532724,82677082,156.5,156.5,154.5,154.5,-2.0,737,0.9339705089583004,146.1664,144.2984,144.2984,146.1664
2024-05-31,534538,82653100,155.0,155.5,154.0,154.0,-0.5,687,0.9339705089583004,144.7654,143.8315,143.8315,145.2324
2024-06-03,370287,57548183,155.5,156.0,154.5,155.0,1.0,577,0.9339705089583004,145.2324,144.7654,144.2984,145.6994
2024-06-04,300421,46836859,155.0,157.0,155.0,155.5,0.5,411,0.9339705089583004,144.7654,145.2324,144.7654,146.6334
2024-06-05,364250,56503657,155.5,156.0,154.5,155.0,-0.5,524,0.9339705089583004,145.2324,144.7654,144.2984,145.6994
2024-06-06,833762,130897826,157.0,158.0,156.0,156.0,1.0,855,0.9339705089583004,146.6334,145.6994,145.6994,147.5673
2024-06-07,3047081,492967507,158.0,164.0,158.0,162.5,6.5,2971,0.9339705089583004,147.5673,151.7702,147.5673,153.1712
2024-06-11,2260459,370484222,165.5,166.0,161.0,161.5,-1.0,3357,0.9339705089583004,154.5721,150.8362,150.3693,155.0391
2024-06-12,776367,125950292,162.0,163.0,161.0,163.0,1.5,1007,0.9339705089583004,151.3032,152.2372,150.3693,152.2372
2024-06-13,1427290,235539473,165.5,167.5,163.5,164.0,1.0,1963,0.9339705089583004,154.5721,153.1712,152.7042,156.4401
2024-06-14,779271,127474666,165.5,165.5,162.0,164.0,0.0,1986,0.9339705089583004,154.5721,153.1712,151.3032,154.5721
2024-06-17,692684,114028639,164.5,165.5,164.0,164.0,0.0,2651,0.9339705089583004,153.6381,153.1712,153.1712,154.5721
2024-06-18,644177,105955991,165.0,165.5,164.0,165.0,1.0,992,0.9339705089583004,154.1051,154.1051,153.1712,154.5721
2024-06-19,1942075,323341318,167.0,168.0,165.0,167.0,2.0,3827,0.9339705089583004,155.9731,155.9731,154.1051,156.907
2024-06-20,1403697,233611479,167.0,168.0,165.0,166.5,-0.5,4456,0.9339705089583004,155.9731,155.5061,154.1051,156.907
2024-06-21,975587,161749381,167.0,167.0,164.5,164.5,-2.0,5172,0.9339705089583004,155.9731,153.6381,153.6381,155.9731
2024-06-24,782200,129431418,166.0,166.5,164.0,164.5,0.0,893,0.9339705089583004,155.0391,153.6381,153.1712,155.5061
2024-06-25,820837,133814517,165.5,165.5,161.0,165.0,0.5,2137,0.9339705089583004,154.5721,154.1051,150.3693,154.5721
2024-06-26,3536058,602119963,166.5,173.0,166.5,170.5,5.5,3972,0.9339705089583004,155.5061,159.242,155.5061,161.5769
2024-06-27,2519145,426666178,170.5,172.5,167.0,168.0,-2.5,16455,0.9339705089583004,159.242,156.907,155.9731,161.1099
2024-06-28,932056,158458387,171.0,171.5,169.5,169.5,1.5,1176,0.9339705089583004,159.709,158.308,158.308,160.1759
2024-07-01,2317126,402139576,173.0,175.0,171.5,173.0,3.5,6421,0.9339705089583004,161.5769,161.5769,160.1759,163.4448
2024-07-02,1002692,172244357,173.5,174.5,170.0,171.5,-1.5,3097,0.9339705089583004,162.0439,160.1759,158.775,162.9779
2024-07-03,864383,148782042,173.0,173.5,171.0,171.5,0.0,1167,0.9339705089583004,161.5769,160.1759,159.709,162.0439
2024-07-04,1754942,305606503,174.0,175.0,172.5,174.5,3.0,3405,0.9339705089583004,162.5109,162.9779,161.1099,163.4448
2024-07-05,1825974,321419841,175.0,177.0,174.5,177.0,2.5,2714,0.9339705089583004,163.4448,165.3128,162.9779,165.3128
2024-07-08,1467836,257857823,179.0,179.5,173.0,175.0,-2.0,3648,0.9339705089583004,167.1807,163.4448,161.5769,167.6477
2024-07-09,1477934,259547965,176.5,178.5,172.5,175.0,0.0,1619,0.9339705089583004,164.8458,163.4448,161.1099,166.7137
2024-07-10,1103737,191817809,176.5,176.5,172.5,174.0,-1.0,1169,0.9339705089583004,164.8458,162.5109,161.1099,164.8458
2024-07-11,1377388,237936506,175.5,175.5,171.0,171.5,-2.5,1624,0.9339705089583004,163.9118,160.1759,159.709,163.9118
2024-07-12,986503,167181354,170.5,171.0,168.5,170.0,-1.5,1139,0.9339705089583004,159.242,158.775,157.374,159.709
2024-07-15,750191,126895950,172.0,172.0,168.0,168.5,-1.5,867,0.9339705089583004,160.6429,157.374,156.907,160.6429
2024-07-16,1391170,236248236,168.5,171.5,168.0,170.0,1.5,1380,0.9339705089583004,157.374,158.775,156.907,160.1759
2024-07-17,1773280,290222702,163.5,166.0,162.0,162.0,0.0,1922,0.9681401617250674,158.2909,156.8387,156.8387,160.7113
2024-07-18,2097813,329266748,159.5,160.0,155.0,157.0,-5.0,2421,0.9681401617250674,154.4184,151.998,150.0617,154.9024
2024-07-19,1504467,232686566,155.5,157.0,153.0,153.5,-3.5,1793,0.9681401617250674,150.5458,148.6095,148.1254,151.998
2024-07-22,1255029,189394664,154.5,154.5,149.0,151.0,-2.5,1374,0.9681401617250674,149.5777,146.1892,144.2529,149.5777
2024-07-23,612177,93752803,154.0,154.5,151.5,154.0,3.0,658,0.9681401617250674,149.0936,149.0936,146.6732,149.5777
2024-07-26,488402,73649901,152.0,152.0,150.0,151.0,-3.0,700,0.9681401617250674,147.1573,146.1892,145.221,147.1573
2024-07-29,917988,138268094,154.5,154.5,149.0,149.5,-1.5,863,0.9681401617250674,149.5777,144.737,144.2529,149.5777
2024-07-30,664670,98276391,149.5,150.5,146.0,150.5,1.0,763,0.9681401617250674,144.737,145.7051,141.3485,145.7051
2024-07-31,316478,47690697,150.0,152.0,149.5,150.5,0.0,427,0.9681401617250674,145.221,145.7051,144.737,147.1573
2024-08-01,630437,96693339,153.0,154.5,152.0,154.0,3.5,584,0.9681401617250674,148.1254,149.0936,147.1573,149.5777
2024-08-02,1144233,169290026,148.0,150.0,146.5,146.5,-7.5,1395,0.9681401617250674,143.2847,141.8325,141.8325,145.221
2024-08-05,1335802,179406957,142.5,142.5,132.0,132.0,-14.5,1581,0.9681401617250674,137.96,127.7945,127.7945,137.96
2024-08-06,1064043,137477823,134.0,135.0,123.0,131.0,-1.0,1226,0.9681401617250674,129.7308,126.8264,119.0812,130.6989
2024-08-07,671909,91808399,132.5,139.5,131.5,139.0,8.0,804,0.9681401617250674,128.2786,134.5715,127.3104,135.0556
2024-08-08,452280,62113689,136.5,139.5,135.0,136.5,-2.5,542,0.9681401617250674,132.1511,132.1511,130.6989,135.0556
2024-08-09,535849,75875228,141.0,143.0,139.5,142.0,5.5,600,0.9681401617250674,136.5078,137.4759,135.0556,138.444
2024-08-12,726502,105410296,141.0,147.0,141.0,145.0,3.0,824,0.9681401617250674,136.5078,140.3803,136.5078,142.3166
2024-08-13,299266,43031214,145.0,146.0,142.5,144.0,-1.0,369,0.9681401617250674,140.3803,139.4122,137.96,141.3485
2024-08-14,480123,70672960,145.0,148.0,145.0,148.0,4.0,572,0.9681401617250674,140.3803,143.2847,140.3803,143.2847
2024-08-15,268653,39358969,149.0,149.0,145.5,146.0,-2.0,368,0.9681401617250674,144.2529,141.3485,140.8644,144.2529
2024-08-16,654029,97631244,148.5,150.5,147.5,150.0,4.0,658,0.9681401617250674,143.7688,145.221,142.8007,145.7051
2024-08-19,1207890,184912570,152.0,156.5,150.0,151.0,1.0,1390,0.9681401617250674,147.1573,146.1892,145.221,151.5139
2024-08-20,890478,137756646,153.0,156.0,153.0,153.5,2.5,1338,0.9681401617250674,148.1254,148.6095,148.1254,151.0299
2024-08-21,289536,44146764,153.5,154.0,151.5,152.5,-1.0,705,0.9681401617250674,148.6095,147.6414,146.6732,149.0936
2024-08-22,268342,41061520,153.0,154.5,152.0,153.0,0.5,627,0.9681401617250674,148.1254,148.1254,147.1573,149.5777
2024-08-23,302852,46104652,151.5,154.5,150.0,154.0,1.0,567,0.9681401617250674,146.6732,149.0936,145.221,149.5777
2024-08-26,338204,52372109,154.5,156.0,152.5,153.5,-0.5,778,0.9681401617250674,149.5777,148.6095,147.6414,151.0299
2024-08-27,196257,30126542,152.5,154.5,152.0,154.0,0.5,269,0.9681401617250674,147.6414,149.0936,147.1573,149.5777
2024-08-28,208589,32019781,154.5,154.5,152.5,154.0,0.0,444,0.9681401617250674,149.5777,149.0936,147.6414,149.5777
2024-08-29,388087,59447495,152.5,155.0,151.5,154.5,0.5,394,0.9681401617250674,147.6414,149.5777,146.6732,150.0617
2024-08-30,688286,107647230,155.5,157.0,155.0,157.0,2.5,792,0.9681401617250674,150.5458,151.998,150.0617,151.998
2024-09-02,518804,80702178,158.0,158.5,154.5,154.5,-2.5,1230,0.9681401617250674,152.9661,149.5777,149.5777,153.4502
2024-09-03,196876,30702130,156.5,157.0,155.5,155.5,1.0,305,0.9681401617250674,151.5139,150.5458,150.5458,151.998
2024-09-04,899384,133218655,150.5,150.5,143.0,147.5,-8.0,1237,0.9681401617250674,145.7051,142.8007,138.444,145.7051
2024-09-05,357107,53333050,149.0,151.5,147.5,148.5,1.0,355,0.9681401617250674,144.2529,143.7688,142.8007,146.6732
2024-09-06,261991,38757223,151.0,151.0,147.0,147.5,-1.0,431,0.9681401617250674,146.1892,142.8007,142.3166,146.1892
2024-09-09,232263,33805725,143.5,147.0,143.5,146.5,-1.0,310,0.9681401617250674,138.9281,141.8325,138.9281,142.3166
2024-09-10,438315,64016459,148.0,149.0,144.0,146.5,0.0,479,0.9681401617250674,143.2847,141.8325,139.4122,144.2529
2024-09-11,309448,45893937,147.0,150.5,145.5,148.5,2.0,335,0.9681401617250674,142.3166,143.7688,140.8644,145.7051
2024-09-12,171395,25701310,150.0,151.0,149.0,149.0,0.5,246,0.9681401617250674,145.221,144.2529,144.2529,146.1892
2024-09-13,392972,59890944,150.0,154.5,150.0,153.5,4.5,565,0.9681401617250674,145.221,148.6095,145.221,149.5777
2024-09-16,452012,70180278,155.0,156.5,153.5,155.0,1.5,611,0.9681401617250674,150.0617,150.0617,148.6095,151.5139
2024-09-18,255022,38938669,155.5,155.5,151.0,151.5,-3.5,340,0.9681401617250674,150.5458,146.6732,146.1892,150.5458
2024-09-19,250334,38127729,152.0,154.0,151.5,153.5,2.0,296,0.9681401617250674,147.1573,148.6095,146.6732,149.0936
2024-09-20,206448,31618893,154.5,155.0,152.0,152.0,-1.5,291,0.9681401617250674,149.5777,147.1573,147.1573,150.0617
2024-09-23,222989,33864128,153.0,153.0,151.5,151.5,-0.5,358,0.9681401617250674,148.1254,146.6732,146.6732,148.1254
2024-09-24,397973,60697852,152.0,154.0,150.0,154.0,2.5,518,0.9681401617250674,147.1573,149.0936,145.221,149.0936
2024-09-25,231683,35668362,155.0,155.0,153.0,153.0,-1.0,445,0.9681401617250674,150.0617,148.1254,148.1254,150.0617
2024-09-26,279141,42959552,154.5,155.5,152.5,152.5,-0.5,366,0.9681401617250674,149.5777,147.6414,147.6414,150.5458
2024-09-27,215374,32923937,153.0,154.5,152.0,152.0,-0.5,273,0.9681401617250674,148.1254,147.1573,147.1573,149.5777
2024-09-30,251097,37951354,152.5,152.5,150.0,150.5,-1.5,320,0.9681401617250674,147.6414,145.7051,145.221,147.6414
2024-10-01,193523,28997441,150.5,151.5,149.0,149.5,-1.0,309,0.9681401617250674,145.7051,144.737,144.2529,146.6732
2024-10-04,291947,43612982,149.0,150.5,148.5,149.5,0.0,349,0.9681401617250674,144.2529,144.737,143.7688,145.7051
2024-10-07,316733,47891384,151.5,152.5,150.0,152.0,2.5,369,0.9681401617250674,146.6732,147.1573,145.221,147.6414
2024-10-08,218647,32964348,152.0,152.5,150.0,150.0,-2.0,374,0.9681401617250674,147.1573,145.221,145.221,147.6414
2024-10-09,724264,110488470,152.0,155.0,151.5,151.5,1.5,645,0.9681401617250674,147.1573,146.6732,146.6732,150.0617
2024-10-11,366058,56369261,153.5,155.0,153.0,153.5,2.0,473,0.9681401617250674,148.6095,148.6095,148.1254,150.0617
2024-10-14,240781,36895392,154.5,154.5,152.0,153.5,0.0,1300,0.9681401617250674,149.5777,148.6095,147.1573,149.5777
2024-10-15,430489,66750793,154.0,156.0,153.5,155.0,1.5,560,0.9681401617250674,149.0936,150.0617,148.6095,151.0299
2024-10-16,2162860,340455946,153.0,160.0,153.0,157.5,2.5,2164,0.9681401617250674,148.1254,152.4821,148.1254,154.9024
2024-10-17,486054,76070422,156.5,158.5,155.5,156.0,-1.5,679,0.9681401617250674,151.5139,151.0299,150.5458,153.4502
2024-10-18,1073690,170097320,159.0,161.5,156.0,156.0,0.0,1095,0.9681401617250674,153.9343,151.0299,151.0299,156.3546
2024-10-21,537486,84681384,156.5,159.0,156.5,157.0,1.0,548,0.9681401617250674,151.5139,151.998,151.5139,153.9343
2024-10-22,588884,93542980,157.0,159.5,157.0,159.5,2.5,646,0.9681401617250674,151.998,154.4184,151.998,154.4184
2024-10-23,322711,51141037,159.5,159.5,157.5,157.5,-2.0,461,0.9681401617250674,154.4184,152.4821,152.4821,154.4184
2024-10-24,400541,62186263,157.5,157.5,154.0,154.0,-3.5,536,0.9681401617250674,152.4821,149.0936,149.0936,152.4821
2024-10-25,169061,26217254,154.0,156.0,154.0,155.5,1.5,295,0.9681401617250674,149.0936,150.5458,149.0936,151.0299
2024-10-28,347497,53423550,157.0,157.0,152.5,153.0,-2.5,585,0.9681401617250674,151.998,148.1254,147.6414,151.998
2024-10-29,656196,100141170,153.0,156.0,150.0,155.5,2.5,721,0.9681401617250674,148.1254,150.5458,145.221,151.0299
2024-10-30,153615,23584891,155.5,155.5,152.5,153.0,-2.5,304,0.9681401617250674,150.5458,148.1254,147.6414,150.5458
2024-11-01,259768,39659672,150.5,154.5,150.5,154.0,1.0,335,0.9681401617250674,145.7051,149.0936,145.7051,149.5777
2024-11-04,513320,77323859,152.5,153.5,149.0,150.0,-4.0,690,0.9681401617250674,147.6414,145.221,144.2529,148.6095
2024-11-05,1098017,161305907,148.0,150.0,144.0,149.0,-1.0,1262,0.9681401617250674,143.2847,144.2529,139.4122,145.221
2024-11-06,739006,108061177,145.0,147.5,145.0,147.0,-2.0,834,0.9681401617250674,140.3803,142.3166,140.3803,142.8007
2024-11-07,438800,65669038,147.0,151.0,146.0,151.0,4.0,525,0.9681401617250674,142.3166,146.1892,141.3485,146.1892
2024-11-08,747906,114505141,152.5,156.0,150.5,151.0,0.0,763,0.9681401617250674,147.6414,146.1892,145.7051,151.0299
2024-11-11,455294,69590681,151.0,154.0,151.0,154.0,3.0,769,0.9681401617250674,146.1892,149.0936,146.1892,149.0936
2024-11-12,350332,53101881,151.0,152.5,150.5,151.5,-2.5,422,0.9681401617250674,146.1892,146.6732,145.7051,147.6414
2024-11-13,353363,53216177,150.5,152.0,150.0,150.0,-1.5,396,0.9681401617250674,145.7051,145.221,145.221,147.1573
2024-11-14,942958,140699236,150.0,151.0,147.5,151.0,1.0,870,0.9681401617250674,145.221,146.1892,142.8007,146.1892
2024-11-15,1328834,204594498,151.5,157.0,150.0,151.5,0.5,1246,0.9681401617250674,146.6732,146.6732,145.221,151.998
2024-11-18,537612,79841689,151.0,151.5,147.0,147.5,-4.0,2094,0.9681401617250674,146.1892,142.8007,142.3166,146.6732
2024-11-19,352613,52272013,148.0,149.5,147.0,148.5,1.0,452,0.9681401617250674,143.2847,143.7688,142.3166,144.737
2024-11-20,521396,77385014,148.0,149.0,147.5,148.0,-0.5,482,0.9681401617250674,143.2847,143.2847,142.8007,144.2529
2024-11-21,354467,53117108,147.5,151.0,147.0,150.0,2.0,391,0.9681401617250674,142.8007,145.221,142.3166,146.1892
2024-11-22,242433,36507620,151.0,151.5,150.0,150.5,0.5,280,0.9681401617250674,146.1892,145.7051,145.221,146.6732
2024-11-25,777445,118437926,152.0,154.0,151.0,153.0,2.5,707,0.9681401617250674,147.1573,148.1254,146.1892,149.0936
2024-11-26,259937,39536615,153.0,153.5,151.5,151.5,-1.5,1054,0.9681401617250674,148.1254,146.6732,146.6732,148.6095
2024-11-27,379638,57029388,151.5,152.5,149.0,149.5,-2.0,631,0.9681401617250674,146.6732,144.737,144.2529,147.6414
2024-11-28,590144,86955640,149.5,150.5,146.5,147.5,-2.0,684,0.9681401617250674,144.737,142.8007,141.8325,145.7051
2024-11-29,310911,45679542,147.5,148.0,145.5,147.0,-0.5,402,0.9681401617250674,142.8007,142.3166,140.8644,143.2847
2024-12-02,501084,74592800,147.5,151.0,147.5,148.0,1.0,520,0.9681401617250674,142.8007,143.2847,142.8007,146.1892
2024-12-03,309847,46218899,149.5,151.0,148.0,148.0,0.0,642,0.9681401617250674,144.737,143.2847,143.2847,146.1892
2024-12-04,357443,53443794,148.5,150.5,148.0,150.5,2.5,648,0.9681401617250674,143.7688,145.7051,143.2847,145.7051
2024-12-05,170386,25468769,151.0,151.0,149.0,149.0,-1.5,292,0.9681401617250674,146.1892,144.2529,144.2529,146.1892
2024-12-06,273047,41029224,150.5,151.0,149.5,150.0,1.0,319,0.9681401617250674,145.7051,145.221,144.737,146.1892
2024-12-09,132162,19844482,151.5,151.5,149.5,150.0,0.0,201,0.9681401617250674,146.6732,145.221,144.737,146.6732
2024-12-10,167124,25040998,150.5,151.0,149.0,149.5,-0.5,284,0.9681401617250674,145.7051,144.737,144.2529,146.1892
2024-12-11,313913,46424347,148.5,149.5,147.0,148.5,-1.0,385,0.9681401617250674,143.7688,143.7688,142.3166,144.737
2024-12-12,128631,19122892,149.5,150.0,147.5,147.5,-1.0,247,0.9681401617250674,144.737,142.8007,142.8007,145.221
2024-12-13,228096,33511525,147.0,147.5,146.5,146.5,-1.0,326,0.9681401617250674,142.3166,141.8325,141.8325,142.8007
2024-12-16,316392,45984779,148.0,148.0,144.0,144.5,-2.0,474,0.9681401617250674,143.2847,139.8963,139.4122,143.2847
2024-12-17,422254,62060511,144.5,148.5,144.5,146.5,2.0,369,0.9681401617250674,139.8963,141.8325,139.8963,143.7688
2024-12-18,525468,77429463,145.5,148.5,145.5,146.5,0.0,512,0.9681401617250674,140.8644,141.8325,140.8644,143.7688
2024-12-19,556842,81304787,145.5,148.0,145.0,145.0,-1.5,564,0.9681401617250674,140.8644,140.3803,140.3803,143.2847
2024-12-20,632622,91677708,145.0,146.5,144.0,144.0,-1.0,620,0.9681401617250674,140.3803,139.4122,139.4122,141.8325
2024-12-23,606953,88595030,145.5,147.0,145.0,145.5,1.5,599,0.9681401617250674,140.8644,140.8644,140.3803,142.3166
2024-12-24,1001735,149961880,146.0,152.0,146.0,152.0,6.5,874,0.9681401617250674,141.3485,147.1573,141.3485,147.1573
2024-12-25,637804,96720191,152.0,153.0,150.0,151.0,-1.0,671,0.9681401617250674,147.1573,146.1892,145.221,148.1254
2024-12-26,467101,70963827,151.0,153.0,150.5,153.0,2.0,416,0.9681401617250674,146.1892,148.1254,145.7051,148.1254
2024-12-27,389863,58591332,152.0,152.5,149.5,149.5,-3.5,441,0.9681401617250674,147.1573,144.737,144.737,147.6414
2024-12-30,237457,35666779,148.5,151.0,148.5,150.5,1.0,258,0.9681401617250674,143.7688,145.7051,143.7688,146.1892
2024-12-31,368429,54438216,150.0,150.0,146.5,147.5,-3.0,480,0.9681401617250674,145.221,142.8007,141.8325,145.221
2025-01-02,270494,39760147,147.0,147.5,146.5,147.5,0.0,312,0.9681401617250674,142.3166,142.8007,141.8325,142.8007
2025-01-03,222477,32768991,147.5,148.0,146.5,148.0,0.5,260,0.9681401617250674,142.8007,143.2847,141.8325,143.2847
2025-01-06,210096,31274698,149.0,149.5,148.0,149.0,1.0,255,0.9681401617250674,144.2529,144.2529,143.2847,144.737
2025-01-07,373570,55927245,150.0,150.5,149.0,150.0,1.0,417,0.9681401617250674,145.221,145.221,144.2529,145.7051
2025-01-08,320073,48006476,150.0,151.0,148.5,151.0,1.0,327,0.9681401617250674,145.221,146.1892,143.7688,146.1892
2025-01-09,239877,35444631,151.0,151.0,146.0,146.0,-5.0,360,0.9681401617250674,146.1892,141.3485,141.3485,146.1892
2025-01-10,309123,45594432,146.0,148.5,146.0,148.5,2.5,328,0.9681401617250674,141.3485,143.7688,141.3485,143.7688
2025-01-13,686380,99261175,148.0,148.0,142.5,147.0,-1.5,708,0.9681401617250674,143.2847,142.3166,137.96,143.2847
2025-01-14,332183,48887639,147.0,148.0,145.5,148.0,1.0,335,0.9681401617250674,142.3166,143.2847,140.8644,143.2847
2025-01-15,301347,44622687,147.0,148.5,147.0,148.5,0.5,337,0.9681401617250674,142.3166,143.7688,142.3166,143.7688
2025-01-16,238773,35602581,149.5,150.0,148.5,148.5,0.0,284,0.9681401617250674,144.737,143.7688,143.7688,145.221
2025-01-17,189850,28217343,149.5,149.5,147.0,149.0,0.5,413,0.9681401617250674,144.737,144.2529,142.3166,144.737
2025-01-20,140815,21028115,149.0,150.0,149.0,149.5,0.5,203,0.9681401617250674,144.2529,144.737,144.2529,145.221
2025-01-21,70911,10580092,149.0,149.5,149.0,149.0,-0.5,131,0.9681401617250674,144.2529,144.2529,144.2529,144.737
2025-01-22,152191,22702019,149.5,150.0,148.0,149.5,0.5,227,0.9681401617250674,144.737,144.737,143.2847,145.221
2025-02-03,296944,43147931,146.0,147.5,143.5,145.5,-4.0,436,0.9681401617250674,141.3485,140.8644,138.9281,142.8007
2025-02-04,203806,29652473,145.5,147.0,144.0,145.0,-0.5,305,0.9681401617250674,140.8644,140.3803,139.4122,142.3166
2025-02-05,170271,24978261,146.0,147.5,146.0,147.5,2.5,205,0.9681401617250674,141.3485,142.8007,141.3485,142.8007
2025-02-06,154699,22951233,147.0,149.5,147.0,149.5,2.0,191,0.9681401617250674,142.3166,144.737,142.3166,144.737
2025-02-07,201667,29917154,148.0,149.5,147.5,149.5,0.0,791,0.9681401617250674,143.2847,144.737,142.8007,144.737
2025-02-10,155097,22903135,149.0,149.0,147.0,148.0,-1.5,253,0.9681401617250674,144.2529,143.2847,142.3166,144.2529
2025-02-11,168357,24780035,148.0,148.5,146.5,147.0,-1.0,244,0.9681401617250674,143.2847,142.3166,141.8325,143.7688
2025-02-12,249088,36459855,147.5,148.0,145.5,146.5,-0.5,309,0.9681401617250674,142.8007,141.8325,140.8644,143.2847
2025-02-13,361899,53237235,146.5,148.5,146.0,148.0,1.5,400,0.9681401617250674,141.8325,143.2847,141.3485,143.7688
2025-02-14,988156,149133354,148.5,152.5,148.5,150.5,2.5,1061,0.9681401617250674,143.7688,145.7051,143.7688,147.6414
2025-02-17,422973,63537729,151.0,151.0,149.0,151.0,0.5,555,0.9681401617250674,146.1892,146.1892,144.2529,146.1892
2025-02-18,2256418,352126106,153.0,159.5,153.0,155.0,4.0,2218,0.9681401617250674,148.1254,150.0617,148.1254,154.4184
2025-02-19,523023,81292202,155.0,156.5,154.0,156.0,1.0,1143,0.9681401617250674,150.0617,151.0299,149.0936,151.5139
2025-02-20,472352,73882840,157.0,157.0,155.5,157.0,1.0,703,0.9681401617250674,151.998,151.998,150.5458,151.998
2025-02-21,534696,83569790,158.0,158.0,155.0,157.0,0.0,712,0.9681401617250674,152.9661,151.998,150.0617,152.9661
2025-02-24,594495,93324185,155.0,158.0,155.0,157.5,0.5,604,0.9681401617250674,150.0617,152.4821,150.0617,152.9661
2025-02-25,385725,59748109,156.0,156.5,154.0,154.0,-3.5,1696,0.9681401617250674,151.0299,149.0936,149.0936,151.5139
2025-02-26,264189,40513173,154.0,154.0,152.5,153.0,-1.0,346,0.9681401617250674,149.0936,148.1254,147.6414,149.0936
2025-02-27,712805,110171714,154.5,156.0,152.0,156.0,3.0,1028,0.9681401617250674,149.5777,151.0299,147.1573,151.0299
2025-03-03,414840,63680905,155.0,155.0,152.5,153.5,-2.5,1476,0.9681401617250674,150.0617,148.6095,147.6414,150.0617
2025-03-04,10535285,1735327025,155.5,168.5,155.0,168.5,15.0,9083,0.9681401617250674,150.5458,163.1316,150.0617,163.1316
2025-03-05,13835173,2371723730,175.0,175.0,167.0,169.0,0.5,16543,0.9681401617250674,169.4245,163.6157,161.6794,169.4245
2025-03-06,9006998,1546545605,171.5,175.5,167.5,168.0,-1.0,7378,0.9681401617250674,166.036,162.6475,162.1635,169.9086
2025-03-07,4085204,693408045,167.0,172.5,166.5,169.5,1.5,5950,0.9681401617250674,161.6794,164.0998,161.1953,167.0042
2025-03-10,4011371,666785774,170.0,173.0,162.0,163.0,-6.5,3891,0.9681401617250674,164.5838,157.8068,156.8387,167.4882
2025-03-11,2276757,362078622,158.5,162.0,155.5,162.0,-1.0,2421,0.9681401617250674,153.4502,156.8387,150.5458,156.8387
2025-03-12,1420536,232790837,163.5,165.5,162.5,164.0,2.0,1552,0.9681401617250674,158.2909,158.775,157.3228,160.2272
2025-03-13,2335156,383543765,167.0,168.5,161.0,161.5,-2.5,3272,0.9681401617250674,161.6794,156.3546,155.8706,163.1316
2025-03-14,1131504,181358317,162.0,162.0,159.0,161.5,0.0,1266,0.9681401617250674,156.8387,156.3546,153.9343,156.8387
2025-03-17,978068,157725828,163.0,163.5,159.5,159.5,-2.0,1084,0.9681401617250674,157.8068,154.4184,154.4184,158.2909
2025-03-18,1036603,168602697,161.5,164.0,161.0,164.0,4.5,1122,0.9681401617250674,156.3546,158.775,155.8706,158.775
2025-03-19,1234231,202945022,164.5,166.0,162.5,164.0,0.0,1310,0.9681401617250674,159.2591,158.775,157.3228,160.7113
2025-03-20,1006546,166134836,165.0,166.0,164.0,165.5,1.5,1164,0.9681401617250674,159.7431,160.2272,158.775,160.7113
2025-03-21,522184,86474011,165.5,167.0,164.5,164.5,-1.0,658,0.9681401617250674,160.2272,159.2591,159.2591,161.6794
2025-03-24,814639,134720868,166.0,167.0,162.5,165.5,1.0,1055,0.9681401617250674,160.7113,160.2272,157.3228,161.6794
2025-03-25,741626,122470848,167.5,167.5,163.0,163.0,-2.5,1195,0.9681401617250674,162.1635,157.8068,157.8068,162.1635
2025-03-26,748225,123413210,163.0,166.5,162.5,166.5,3.5,990,0.9681401617250674,157.8068,161.1953,157.3228,161.1953
2025-03-27,633059,103712739,164.0,165.0,163.0,164.5,-2.0,1097,0.9681401617250674,158.775,159.2591,157.8068,159.7431
2025-03-28,997770,160474802,163.5,164.0,158.5,162.5,-2.0,1263,0.9681401617250674,158.2909,157.3228,153.4502,158.775
2025-03-31,987930,155200828,159.0,159.5,156.0,156.0,-6.5,1184,0.9681401617250674,153.9343,151.0299,151.0299,154.4184
2025-04-01,2064387,337673958,158.5,165.5,158.0,165.5,9.5,2163,0.9681401617250674,153.4502,160.2272,152.9661,160.2272
2025-04-02,1324308,219052290,165.5,168.5,163.0,165.0,-0.5,1761,0.9681401617250674,160.2272,159.7431,157.8068,163.1316
2025-04-07,137079,20356182,148.5,148.5,148.5,148.5,-16.5,341,0.9681401617250674,143.7688,143.7688,143.7688,143.7688
2025-04-08,2431169,329386554,134.0,138.5,134.0,137.5,-11.0,2406,0.9681401617250674,129.7308,133.1193,129.7308,134.0874
2025-04-09,2456503,327670911,138.0,139.0,128.0,129.0,-8.5,2493,0.9681401617250674,133.6033,124.8901,123.9219,134.5715
2025-04-10,522802,73974973,141.5,141.5,141.0,141.5,12.5,451,0.9681401617250674,136.9918,136.9918,136.5078,136.9918
2025-04-11,1566553,220663516,135.5,145.5,134.0,145.5,4.0,3831,0.9681401617250674,131.183,140.8644,129.7308,140.8644
2025-04-14,1911238,283220238,149.0,153.0,145.5,148.0,2.5,4214,0.9681401617250674,144.2529,143.2847,140.8644,148.1254
2025-04-15,1125767,170127990,150.0,152.5,148.0,151.5,3.5,1148,0.9681401617250674,145.221,146.6732,143.2847,147.6414
2025-04-16,843690,128723434,151.5,156.0,149.5,150.5,-1.0,2308,0.9681401617250674,146.6732,145.7051,144.737,151.0299
2025-04-17,1138376,174608445,149.0,157.0,148.0,155.0,4.5,1822,0.9681401617250674,144.2529,150.0617,143.2847,151.998
2025-04-18,858415,131934649,154.5,156.0,151.5,154.0,-1.0,2369,0.9681401617250674,149.5777,149.0936,146.6732,151.0299
2025-04-21,603724,91072001,154.5,154.5,149.0,150.0,-4.0,1335,0.9681401617250674,149.5777,145.221,144.2529,149.5777
2025-04-22,534088,80028371,149.0,152.0,147.5,148.5,-1.5,517,0.9681401617250674,144.2529,143.7688,142.8007,147.1573
2025-04-23,1909719,302516615,153.0,161.5,152.5,159.0,10.5,2264,0.9681401617250674,148.1254,153.9343,147.6414,156.3546
2025-04-24,1166169,186836301,160.0,162.5,158.5,159.5,0.5,1099,0.9681401617250674,154.9024,154.4184,153.4502,157.3228
2025-04-25,817518,131205635,163.0,163.0,158.5,158.5,-1.0,937,0.9681401617250674,157.8068,153.4502,153.4502,157.8068
2025-04-28,1254876,200127346,161.5,162.5,156.0,161.5,3.0,2671,0.9681401617250674,156.3546,156.3546,151.0299,157.3228
2025-04-29,687007,110325986,160.0,162.0,159.0,161.0,-0.5,769,0.9681401617250674,154.9024,155.8706,153.9343,156.8387
2025-04-30,469815,75582401,162.0,162.5,160.0,160.5,-0.5,522,0.9681401617250674,156.8387,155.3865,154.9024,157.3228
2025-05-02,1286732,210135697,162.5,164.5,162.0,163.0,2.5,1110,0.9681401617250674,157.3228,157.8068,156.8387,159.2591
2025-05-05,692849,111934373,164.0,164.0,159.5,161.0,-2.0,739,0.9681401617250674,158.775,155.8706,154.4184,158.775
2025-05-06,421988,67916508,160.0,162.0,158.0,161.5,0.5,433,0.9681401617250674,154.9024,156.3546,152.9661,156.8387
2025-05-07,1984767,326696851,165.0,168.0,162.0,162.5,1.0,3085,0.9681401617250674,159.7431,157.3228,156.8387,162.6475
2025-05-08,669762,109244521,163.5,164.0,161.5,163.5,1.0,665,0.9681401617250674,158.2909,158.2909,156.3546,158.775
2025-05-09,626283,101250737,163.5,163.5,161.0,161.5,-2.0,646,0.9681401617250674,158.2909,156.3546,155.8706,158.2909
2025-05-12,1135030,186406511,165.0,166.0,161.5,166.0,4.5,1187,0.9681401617250674,159.7431,160.7113,156.3546,160.7113
2025-05-13,751663,124266187,167.0,167.5,163.5,163.5,-2.5,1932,0.9681401617250674,161.6794,158.2909,158.2909,162.1635
2025-05-14,1388308,232731903,166.0,169.5,166.0,167.5,4.0,2208,0.9681401617250674,160.7113,162.1635,160.7113,164.0998
2025-05-15,953053,160082104,167.5,168.5,166.5,168.5,1.0,3567,0.9681401617250674,162.1635,163.1316,161.1953,163.1316
2025-05-16,2061338,352297786,169.5,172.5,168.5,169.0,0.5,2916,0.9681401617250674,164.0998,163.6157,163.1316,167.0042
2025-05-19,2435914,415654164,170.0,173.0,168.0,169.5,0.5,2410,0.9681401617250674,164.5838,164.0998,162.6475,167.4882
2025-05-20,3765642,653658806,170.5,175.0,169.0,174.5,5.0,3728,0.9681401617250674,165.0679,168.9405,163.6157,169.4245
2025-05-21,3554282,626569594,175.0,177.5,173.5,177.0,2.5,3573,0.9681401617250674,169.4245,171.3608,167.9723,171.8449
2025-05-22,1936625,338550481,175.0,176.5,173.0,174.5,-2.5,2574,0.9681401617250674,169.4245,168.9405,167.4882,170.8767
2025-05-23,2070717,361891630,174.5,176.0,173.5,175.0,0.5,4449,0.9681401617250674,168.9405,169.4245,167.9723,170.3927
2025-05-26,1448111,248216859,173.5,173.5,169.5,171.0,-4.0,1672,0.9681401617250674,167.9723,165.552,164.0998,167.9723
2025-05-27,1300135,220840112,170.0,171.5,168.5,171.0,0.0,2246,0.9681401617250674,164.5838,165.552,163.1316,166.036
2025-05-28,1222646,210695575,172.5,173.5,170.0,172.5,1.5,1096,0.9681401617250674,167.0042,167.0042,164.5838,167.9723
2025-05-29,1547391,265956202,173.0,173.5,170.0,173.0,0.5,2557,0.9681401617250674,167.4882,167.4882,164.5838,167.9723
2025-06-02,939449,159093385,171.0,172.0,167.5,170.5,-2.5,4707,0.9681401617250674,165.552,165.0679,162.1635,166.5201
2025-06-03,747995,127893674,171.0,172.0,170.0,171.5,1.0,759,0.9681401617250674,165.552,166.036,164.5838,166.5201
2025-06-04,1625553,283020304,172.0,176.0,172.0,173.0,1.5,5280,0.9681401617250674,166.5201,167.4882,166.5201,170.3927
2025-06-05,728246,126190915,173.0,174.0,172.0,174.0,1.0,787,0.9681401617250674,167.4882,168.4564,166.5201,168.4564
2025-06-06,935207,158936638,172.0,172.5,168.5,170.5,-3.5,4210,0.9681401617250674,166.5201,165.0679,163.1316,167.0042
2025-06-09,850309,143706334,170.0,170.5,167.0,170.5,0.0,3321,0.9681401617250674,164.5838,165.0679,161.6794,165.0679
2025-06-10,801619,137583273,171.5,172.5,170.0,172.5,2.0,791,0.9681401617250674,166.036,167.0042,164.5838,167.0042
2025-06-11,798377,138679444,172.0,174.5,172.0,174.0,1.5,919,0.9681401617250674,166.5201,168.4564,166.5201,168.9405
2025-06-12,585484,102370989,174.0,175.5,173.5,175.0,1.0,751,0.9681401617250674,168.4564,169.4245,167.9723,169.9086
2025-06-13,662593,114766522,174.0,174.0,172.5,173.5,-1.5,688,0.9681401617250674,168.4564,167.9723,167.0042,168.4564
2025-06-16,566863,98512635,172.5,175.0,172.0,175.0,1.5,751,0.9681401617250674,167.0042,169.4245,166.5201,169.4245
2025-06-17,1850443,326421887,175.5,178.0,174.0,176.5,1.5,1682,0.9681401617250674,169.9086,170.8767,168.4564,172.3289
2025-06-18,1670971,297998794,177.0,179.5,176.0,179.0,2.5,1798,0.9681401617250674,171.3608,173.2971,170.3927,173.7812
2025-06-19,701775,124215276,179.0,179.0,176.0,176.0,-3.0,1034,0.9681401617250674,173.2971,170.3927,170.3927,173.2971
2025-06-20,2974913,533208634,177.0,182.5,174.5,177.0,1.0,7585,0.9681401617250674,171.3608,171.3608,168.9405,176.6856
2025-06-23,3762169,682911930,176.0,184.5,174.0,181.5,4.5,10381,0.9681401617250674,170.3927,175.7174,168.4564,178.6219
2025-06-24,3511086,660136095,184.0,191.0,184.0,187.0,5.5,9354,0.9681401617250674,178.1378,181.0422,178.1378,184.9148
2025-06-25,1689051,318089546,189.5,192.0,186.0,188.0,1.0,4477,0.9681401617250674,183.4626,182.0104,180.0741,185.8829
2025-06-26,1360436,253386479,188.0,188.5,184.5,188.5,0.5,1792,0.9681401617250674,182.0104,182.4944,178.6219,182.4944
2025-06-27,968760,181689676,190.0,190.0,185.5,188.0,-0.5,1315,0.9681401617250674,183.9466,182.0104,179.59,183.9466
2025-06-30,1601667,303180031,188.0,191.5,186.0,189.0,1.0,4208,0.9681401617250674,182.0104,182.9785,180.0741,185.3988
2025-07-01,1442332,274543105,190.0,193.0,187.5,190.0,1.0,3482,0.9681401617250674,183.9466,183.9466,181.5263,186.8511
2025-07-02,1041888,195497568,190.0,191.0,186.5,186.5,-3.5,6736,0.9681401617250674,183.9466,180.5581,180.5581,184.9148
2025-07-03,1260867,238482186,188.5,190.0,186.0,190.0,3.5,1668,0.9681401617250674,182.4944,183.9466,180.0741,183.9466
2025-07-04,1978090,377711651,191.0,195.0,187.5,189.0,-1.0,7539,0.9681401617250674,184.9148,182.9785,181.5263,188.7873
2025-07-07,1625926,300538977,186.0,189.0,179.5,185.5,-3.5,3868,0.9681401617250674,180.0741,179.59,173.7812,182.9785
2025-07-08,1458972,265646436,179.5,184.0,178.0,183.0,0.0,3426,1.0,179.5,183.0,178.0,184.0
2025-07-09,1223101,223387649,181.5,185.0,180.0,184.0,1.0,6622,1.0,181.5,184.0,180.0,185.0
2025-07-10,1279285,237794001,184.5,188.5,184.0,185.5,1.5,4861,1.0,184.5,185.5,184.0,188.5
2025-07-11,8567266,1734860313,192.0,204.0,192.0,204.0,18.5,16321,1.0,192.0,204.0,192.0,204.0
2025-07-14,6004205,1217841320,203.0,206.0,199.0,199.5,-4.5,7837,1.0,203.0,199.5,199.0,206.0
2025-07-15,2393518,480701195,201.5,203.0,198.0,200.5,1.0,2970,1.0,201.5,200.5,198.0,203.0
2025-07-16,3616821,734880327,201.0,207.0,200.0,202.5,2.0,3162,1.0,201.0,202.5,200.0,207.0
2025-07-17,2811483,580169924,202.5,208.5,202.5,208.0,5.5,4785,1.0,202.5,208.0,202.5,208.5
2025-07-18,6386823,1354231442,216.0,219.5,206.0,211.5,3.5,5516,1.0,216.0,211.5,206.0,219.5
2025-07-21,3959289,847724350,212.5,218.5,211.0,212.5,1.0,3376,1.0,212.5,212.5,211.0,218.5
2025-07-22,3518089,730048221,213.0,214.0,204.0,205.5,-7.0,5118,1.0,213.0,205.5,204.0,214.0
2025-07-23,1655669,340779542,206.5,208.5,203.5,204.5,-1.0,4732,1.0,206.5,204.5,203.5,208.5
2025-07-24,1219456,251278203,206.0,208.0,204.5,206.5,2.0,1204,1.0,206.0,206.5,204.5,208.0
2025-07-25,1157637,240672296,207.0,209.0,206.0,207.5,1.0,1185,1.0,207.0,207.5,206.0,209.0
2025-07-28,1134694,237493256,208.0,211.0,207.5,209.0,1.5,1940,1.0,208.0,209.0,207.5,211.0
2025-07-29,1096551,224881340,209.0,210.0,202.0,205.0,-4.0,1518,1.0,209.0,205.0,202.0,210.0
2025-07-30,555434,114090322,206.5,206.5,204.5,205.5,0.5,965,1.0,206.5,205.5,204.5,206.5
2025-07-31,2183862,448481076,206.0,210.5,201.5,205.0,-0.5,1526,1.0,206.0,205.0,201.5,210.5
2025-08-01,1192728,243142105,205.0,205.5,201.5,204.0,-1.0,1144,1.0,205.0,204.0,201.5,205.5
2025-08-04,1588594,315527441,202.5,203.0,196.5,199.0,-5.0,1925,1.0,202.5,199.0,196.5,203.0
2025-08-05,1612225,325790664,202.5,206.5,199.5,201.0,2.0,2361,1.0,202.5,201.0,199.5,206.5
2025-08-06,912468,183210761,203.5,203.5,198.0,200.5,-0.5,1970,1.0,203.5,200.5,198.0,203.5
2025-08-07,4295950,933552413,210.5,220.5,210.5,220.5,20.0,4363,1.0,210.5,220.5,210.5,220.5
2025-08-08,7598265,1682327155,225.5,226.5,214.5,219.0,-1.5,8233,1.0,225.5,219.0,214.5,226.5
2025-08-11,1963314,420077229,214.5,217.0,210.5,216.5,-2.5,2212,1.0,214.5,216.5,210.5,217.0
2025-08-12,3167510,703255029,217.5,225.5,216.0,224.5,8.0,3581,1.0,217.5,224.5,216.0,225.5
2025-08-13,5386812,1248929367,225.0,243.0,222.0,235.5,11.0,11570,1.0,225.0,235.5,222.0,243.0
2025-08-14,3169773,744425095,235.0,238.5,229.5,238.0,2.5,9591,1.0,235.0,238.0,229.5,238.5
2025-08-15,2591233,611231528,236.5,242.5,231.5,232.5,-5.5,4834,1.0,236.5,232.5,231.5,242.5
2025-08-18,2259369,533126210,232.0,240.5,228.5,238.5,6.0,3793,1.0,232.0,238.5,228.5,240.5
2025-08-19,1967750,468660572,238.5,244.0,233.0,239.0,0.5,4694,1.0,238.5,239.0,233.0,244.0
2025-08-20,1849118,427510997,237.0,238.0,228.0,229.0,-10.0,4432,1.0,237.0,229.0,228.0,238.0
2025-08-21,2176777,516586767,230.5,242.0,229.5,242.0,13.0,3586,1.0,230.5,242.0,229.5,242.0
2025-08-22,1489562,351591636,242.0,242.0,232.5,235.0,-7.0,11511,1.0,242.0,235.0,232.5,242.0
2025-08-25,2361555,571602427,240.0,246.5,237.5,238.0,3.0,2349,1.0,240.0,238.0,237.5,246.5
2025-08-26,2015993,495067812,238.0,249.5,237.0,247.0,9.0,7727,1.0,238.0,247.0,237.0,249.5
2025-08-27,3121839,820889882,256.0,270.0,256.0,262.5,15.5,4842,1.0,256.0,262.5,256.0,270.0
2025-08-28,1610777,426729853,264.0,268.0,260.5,264.0,1.5,3286,1.0,264.0,264.0,260.5,268.0
2025-08-29,1633428,435330514,269.0,270.5,263.5,264.0,0.0,1971,1.0,269.0,264.0,263.5,270.5
2025-09-01,5327549,1463704166,260.5,288.0,259.0,268.5,4.5,7209,1.0,260.5,268.5,259.0,288.0
2025-09-02,3200842,853140994,272.0,276.0,260.0,265.0,-3.5,6433,1.0,272.0,265.0,260.0,276.0
2025-09-03,1879136,506532840,265.0,274.0,264.0,268.5,3.5,4023,1.0,265.0,268.5,264.0,274.0
2025-09-04,1251104,334604473,271.5,274.0,263.0,263.0,-5.5,3240,1.0,271.5,263.0,263.0,274.0
2025-09-05,993056,263358553,264.0,268.5,263.0,265.0,2.0,3533,1.0,264.0,265.0,263.0,268.5
2025-09-08,2352942,626609862,265.0,273.5,256.5,270.0,5.0,2753,1.0,265.0,270.0,256.5,273.5
2025-09-09,1191376,323292419,271.0,275.0,267.5,272.5,2.5,1706,1.0,271.0,272.5,267.5,275.0
2025-09-10,1919963,531401459,275.0,283.5,272.5,274.0,1.5,2750,1.0,275.0,274.0,272.5,283.5
2025-09-11,3452196,963462183,275.5,285.0,273.0,274.0,0.0,4026,1.0,275.5,274.0,273.0,285.0
2025-09-12,2715676,728896941,275.5,279.5,263.0,271.5,-2.5,5532,1.0,275.5,271.5,263.0,279.5
2025-09-15,2661910,703833548,270.5,271.0,261.5,263.0,-8.5,5059,1.0,270.5,263.0,261.5,271.0
2025-09-16,1172382,310961592,263.0,267.5,262.0,266.0,3.0,2840,1.0,263.0,266.0,262.0,267.5
2025-09-17,2619993,666824825,266.0,266.0,250.5,255.0,-11.0,4903,1.0,266.0,255.0,250.5,266.0
2025-09-18,1206282,306154450,254.5,256.0,251.0,255.5,0.5,3187,1.0,254.5,255.5,251.0,256.0
2025-09-19,1256712,317617761,255.0,255.5,251.0,252.0,-3.5,1731,1.0,255.0,252.0,251.0,255.5
2025-09-22,836510,214146330,252.0,259.0,252.0,257.0,5.0,1040,1.0,252.0,257.0,252.0,259.0
2025-09-23,821486,210180426,260.0,260.0,253.0,255.0,-2.0,2168,1.0,260.0,255.0,253.0,260.0
2025-09-24,1392454,360700033,259.0,263.0,256.5,257.0,2.0,1518,1.0,259.0,257.0,256.5,263.0
2025-09-25,1020795,257596541,256.0,256.0,250.5,251.0,-6.0,1688,1.0,256.0,251.0,250.5,256.0
2025-09-26,1856950,450810114,251.0,251.0,239.5,241.5,-9.5,2285,1.0,251.0,241.5,239.5,251.0
2025-09-30,1328668,325155767,243.0,247.5,239.0,244.5,3.0,2860,1.0,243.0,244.5,239.0,247.5
2025-10-01,1209554,296051926,245.5,251.5,241.0,243.5,-1.0,1914,1.0,245.5,243.5,241.0,251.5
2025-10-02,1660570,407282225,248.0,249.0,242.0,243.5,0.0,1770,1.0,248.0,243.5,242.0,249.0
2025-10-03,868122,212684650,244.0,248.0,243.0,245.5,2.0,1563,1.0,244.0,245.5,243.0,248.0
2025-10-07,1440437,354928594,246.0,249.5,244.5,247.0,1.5,1699,1.0,246.0,247.0,244.5,249.5
2025-10-08,916882,223857116,246.5,248.0,242.5,245.5,-1.5,1073,1.0,246.5,245.5,242.5,248.0
2025-10-09,1181963,293879320,247.0,251.5,244.5,250.5,5.0,1243,1.0,247.0,250.5,244.5,251.5
2025-10-13,945347,229794444,239.0,247.5,238.5,243.5,-7.0,3824,1.0,239.0,243.5,238.5,247.5
2025-10-14,2446898,612771307,248.0,257.5,240.5,240.5,-3.0,2586,1.0,248.0,240.5,240.5,257.5
2025-10-15,1939949,488210756,244.5,255.5,242.5,253.5,13.0,2765,1.0,244.5,253.5,242.5,255.5
2025-10-16,1608810,406507440,256.0,256.5,249.0,253.0,-0.5,1891,1.0,256.0,253.0,249.0,256.5
2025-10-17,3263063,778559564,244.5,248.0,235.5,239.0,-14.0,4104,1.0,244.5,239.0,235.5,248.0
2025-10-20,1156956,272664355,239.0,239.0,233.5,235.5,-3.5,1543,1.0,239.0,235.5,233.5,239.0
2025-10-21,910034,215099284,238.5,239.0,234.5,236.0,0.5,1104,1.0,238.5,236.0,234.5,239.0
2025-10-22,1583791,363824322,236.5,236.5,228.0,228.0,-8.0,2627,1.0,236.5,228.0,228.0,236.5
2025-10-23,1511571,342685198,225.0,229.5,224.0,225.5,-2.5,2007,1.0,225.0,225.5,224.0,229.5
2025-10-27,2250924,524364181,230.0,238.0,226.0,237.0,11.5,2116,1.0,230.0,237.0,226.0,238.0
2025-10-28,614694,142847603,236.0,236.0,231.0,232.5,-4.5,1379,1.0,236.0,232.5,231.0,236.0
2025-10-29,726656,171349556,233.5,239.5,233.5,236.0,3.5,968,1.0,233.5,236.0,233.5,239.5
2025-10-30,859056,204398568,236.5,239.5,236.5,238.0,2.0,1733,1.0,236.5,238.0,236.5,239.5
2025-10-31,2189263,541236313,240.0,252.0,238.5,246.0,8.0,3124,1.0,240.0,246.0,238.5,252.0
2025-11-03,1484150,371687566,248.0,252.5,248.0,252.5,6.5,2197,1.0,248.0,252.5,248.0,252.5
2025-11-04,1397420,346719136,252.5,254.5,244.0,248.0,-4.5,1710,1.0,252.5,248.0,244.0,254.5
2025-11-05,1156663,280320079,244.0,248.0,237.0,248.0,0.0,2090,1.0,244.0,248.0,237.0,248.0
2025-11-06,2132542,530058736,254.5,259.0,242.0,243.5,-4.5,2720,1.0,254.5,243.5,242.0,259.0
2025-11-07,740422,179402466,242.5,245.0,240.0,242.5,-1.0,2199,1.0,242.5,242.5,240.0,245.0
2025-11-10,1818216,420239418,246.0,246.0,226.5,228.0,-14.5,4858,1.0,246.0,228.0,226.5,246.0
2025-11-11,857879,197484075,230.0,232.5,227.0,232.5,4.5,1031,1.0,230.0,232.5,227.0,232.5
2025-11-12,781038,184721131,232.5,238.5,232.5,237.0,4.5,2084,1.0,232.5,237.0,232.5,238.5
2025-11-13,1396298,341604906,241.0,248.0,240.5,245.0,8.0,3240,1.0,241.0,245.0,240.5,248.0
2025-11-14,890831,211963001,239.5,241.5,235.5,236.0,-9.0,4847,1.0,239.5,236.0,235.5,241.5
2025-11-17,613544,143773924,238.0,239.0,231.5,234.5,-1.5,841,1.0,238.0,234.5,231.5,239.0
2025-11-18,2299987,516026725,231.5,233.0,219.5,220.5,-14.0,2510,1.0,231.5,220.5,219.5,233.0
2025-11-19,2446273,541688446,221.5,225.0,218.5,220.5,0.0,2408,1.0,221.5,220.5,218.5,225.0
2025-11-20,2507691,564230734,229.0,231.0,222.0,225.0,4.5,2359,1.0,229.0,225.0,222.0,231.0
2025-11-21,1547589,342224664,221.0,227.5,218.5,220.5,-4.5,1628,1.0,221.0,220.5,218.5,227.5
2025-11-24,1196587,264724152,224.0,224.0,219.0,221.5,1.0,1409,1.0,224.0,221.5,219.0,224.0
2025-11-25,2549323,573412375,223.0,229.0,219.5,227.0,5.5,1991,1.0,223.0,227.0,219.5,229.0
2025-11-26,1503240,354922283,235.0,241.0,230.5,234.5,7.5,2380,1.0,235.0,234.5,230.5,241.0
2025-11-27,2462156,585800544,238.0,247.5,230.0,231.5,-3.0,4163,1.0,238.0,231.5,230.0,247.5
2025-11-28,842494,197375887,232.0,237.0,231.0,235.0,3.5,1142,1.0,232.0,235.0,231.0,237.0
2025-12-01,767881,178357416,234.5,238.0,229.0,232.0,-3.0,875,1.0,234.5,232.0,229.0,238.0
2025-12-02,812218,187420704,234.5,235.0,228.0,228.5,-3.5,1501,1.0,234.5,228.5,228.0,235.0
2025-12-03,1018318,233898516,232.0,232.0,228.0,230.0,1.5,873,1.0,232.0,230.0,228.0,232.0
2025-12-04,574347,131321166,230.0,231.0,227.0,227.0,-3.0,669,1.0,230.0,227.0,227.0,231.0
2025-12-05,492246,111683996,227.5,230.0,225.0,227.0,0.0,670,1.0,227.5,227.0,225.0,230.0
2025-12-08,853736,197049612,227.0,233.0,226.0,231.0,4.0,943,1.0,227.0,231.0,226.0,233.0
2025-12-09,1882212,444727955,231.0,240.5,231.0,237.0,6.0,1936,1.0,231.0,237.0,231.0,240.5
2025-12-10,1192754,283529121,237.0,241.5,233.5,238.5,1.5,1935,1.0,237.0,238.5,233.5,241.5
2025-12-11,3589415,889252971,244.0,251.0,243.5,245.0,6.5,3637,1.0,244.0,245.0,243.5,251.0
2025-12-12,4305719,1097402995,247.0,258.0,245.5,257.0,12.0,14293,1.0,247.0,257.0,245.5,258.0
2025-12-15,4121141,1051548004,249.0,264.0,246.5,254.0,-3.0,12770,1.0,249.0,254.0,246.5,264.0
2025-12-16,4569988,1161354199,251.0,261.0,248.0,256.0,2.0,4323,1.0,251.0,256.0,248.0,261.0
2025-12-17,8629434,2295025650,259.5,275.5,257.5,260.5,4.5,8906,1.0,259.5,260.5,257.5,275.5
2025-12-18,3227185,833500439,261.0,262.0,256.0,257.5,-3.0,10125,1.0,261.0,257.5,256.0,262.0
2025-12-19,4757091,1270413206,264.0,272.0,261.5,272.0,14.5,7135,1.0,264.0,272.0,261.5,272.0
2025-12-22,4902910,1358143649,279.0,282.5,270.0,274.5,2.5,5833,1.0,279.0,274.5,270.0,282.5
2025-12-23,2957292,809089851,277.5,279.0,271.0,271.5,-3.0,9170,1.0,277.5,271.5,271.0,279.0
2025-12-24,2309516,629513699,274.0,275.0,270.0,272.5,1.0,4859,1.0,274.0,272.5,270.0,275.0
2025-12-26,2302881,635448370,272.5,278.5,270.5,274.5,2.0,5044,1.0,272.5,274.5,270.5,278.5
2025-12-29,2671696,733376778,276.5,281.5,270.0,271.5,-3.0,22081,1.0,276.5,271.5,270.0,281.5
2025-12-30,1673767,455740294,269.5,277.0,267.0,273.5,2.0,3661,1.0,269.5,273.5,267.0,277.0
2025-12-31,2337269,644077105,275.0,279.5,271.0,275.0,1.5,6176,1.0,275.0,275.0,271.0,279.5
2026-01-02,2127371,592670767,276.0,283.5,274.5,276.0,1.0,5650,1.0,276.0,276.0,274.5,283.5
2026-01-05,4289995,1188235241,279.0,281.5,270.5,279.5,3.5,6809,1.0,279.0,279.5,270.5,281.5
2026-01-06,7058933,2077476415,284.5,301.5,283.5,296.0,16.5,11025,1.0,284.5,296.0,283.5,301.5
2026-01-07,6118817,1849288003,300.0,310.0,293.0,304.5,8.5,13507,1.0,300.0,304.5,293.0,310.0
2026-01-08,4099315,1192084568,300.0,300.0,284.5,287.0,-17.5,6701,1.0,300.0,287.0,284.5,300.0
2026-01-09,2204076,616666762,287.0,287.0,276.0,276.0,-11.0,6525,1.0,287.0,276.0,276.0,287.0
2026-01-12,2758381,751416418,278.5,280.0,266.0,272.5,-3.5,5753,1.0,278.5,272.5,266.0,280.0
2026-01-13,6669154,1933230667,285.0,295.0,281.0,292.5,20.0,7038,1.0,285.0,292.5,281.0,295.0
2026-01-14,7281415,2170095488,299.0,309.0,286.5,297.0,4.5,7615,1.0,299.0,297.0,286.5,309.0
2026-01-15,7260308,2224133016,300.5,315.0,297.0,305.5,8.5,7595,1.0,300.5,305.5,297.0,315.0
2026-01-16,10578473,3263503242,328.0,335.0,293.5,298.0,-7.5,14226,1.0,328.0,298.0,293.5,335.0
2026-01-19,3262994,953296015,298.0,298.0,288.5,292.5,-5.5,5389,1.0,298.0,292.5,288.5,298.0
2026-01-20,4361118,1323641738,292.5,308.5,289.0,308.0,15.5,5664,1.0,292.5,308.0,289.0,308.5
2026-01-21,3897515,1147485649,305.5,305.5,288.0,290.0,-18.0,10121,1.0,305.5,290.0,288.0,305.5
2026-01-22,4152792,1218365522,295.5,299.5,286.0,296.0,6.0,4575,1.0,295.5,296.0,286.0,299.5
2026-01-23,1578146,460697714,298.0,298.0,289.5,292.0,-4.0,2275,1.0,298.0,292.0,289.5,298.0
2026-01-26,1672937,485614937,293.5,298.0,287.5,289.0,-3.0,2516,1.0,293.5,289.0,287.5,298.0
2026-01-27,1504983,441378405,291.5,296.5,290.0,293.0,4.0,1994,1.0,291.5,293.0,290.0,296.5
2026-01-28,2639316,788376248,298.0,304.0,293.5,295.5,2.5,4019,1.0,298.0,295.5,293.5,304.0
2026-01-29,2362224,696827038,298.0,301.5,290.5,290.5,-5.0,6968,1.0,298.0,290.5,290.5,301.5
2026-01-30,1837570,524187713,290.5,292.5,282.5,284.0,-6.5,3885,1.0,290.5,284.0,282.5,292.5
2026-02-02,1471433,408445498,278.5,283.0,273.5,277.5,-6.5,3868,1.0,278.5,277.5,273.5,283.0
2026-02-03,997732,280881968,281.0,287.0,278.5,281.0,3.5,5862,1.0,281.0,281.0,278.5,287.0
2026-02-04,1207762,333436730,281.0,281.0,275.0,276.5,-4.5,2457,1.0,281.0,276.5,275.0,281.0
2026-02-05,1476240,396876147,274.0,276.0,265.5,265.5,-11.0,2942,1.0,274.0,265.5,265.5,276.0
2026-02-06,2102767,540940376,265.5,265.5,251.5,258.0,-7.5,2479,1.0,265.5,258.0,251.5,265.5
2026-02-09,699673,184250113,265.0,266.5,261.0,262.5,4.5,1611,1.0,265.0,262.5,261.0,266.5
2026-02-10,519003,136497985,264.0,265.0,260.0,265.0,2.5,986,1.0,264.0,265.0,260.0,265.0
2026-02-11,1489541,385587709,265.5,265.5,253.0,263.0,-2.0,2574,1.0,265.5,263.0,253.0,265.5
2026-02-23,2024827,559698924,269.5,283.5,265.5,279.0,16.0,2962,1.0,269.5,279.0,265.5,283.5
2026-02-24,2992563,852284983,280.0,292.5,276.0,287.0,8.0,3313,1.0,280.0,287.0,276.0,292.5
2026-02-25,3318443,970469967,290.0,297.0,289.0,292.0,5.0,3828,1.0,290.0,292.0,289.0,297.0
2026-02-26,5735675,1740776879,294.5,310.0,292.5,305.0,13.0,7446,1.0,294.5,305.0,292.5,310.0
2026-03-02,2209756,655059167,289.5,302.0,285.5,298.0,-7.0,2979,1.0,289.5,298.0,285.5,302.0
2026-03-03,2666167,779610193,297.0,302.0,285.0,289.5,-8.5,3375,1.0,297.0,289.5,285.0,302.0
2026-03-04,3042380,816031690,278.0,283.0,263.0,263.0,-26.5,4387,1.0,278.0,263.0,263.0,283.0
2026-03-05,2807626,781259790,273.5,285.5,271.0,284.0,21.0,2850,1.0,273.5,284.0,271.0,285.5
2026-03-06,1731820,485560826,283.0,284.0,276.0,280.5,-3.5,1964,1.0,283.0,280.5,276.0,284.0
2026-03-09,1883871,487627314,261.0,266.0,253.5,266.0,-14.5,2714,1.0,261.0,266.0,253.5,266.0
2026-03-10,1511628,414080312,276.0,281.5,269.0,271.0,5.0,1802,1.0,276.0,271.0,269.0,281.5
2026-03-11,1264783,356478873,275.0,286.0,274.5,286.0,15.0,2117,1.0,275.0,286.0,274.5,286.0
2026-03-12,1301189,366929957,282.5,287.0,278.5,283.5,-2.5,2481,1.0,282.5,283.5,278.5,287.0
2026-03-13,1369502,381896308,277.5,283.5,275.5,276.0,-7.5,2620,1.0,277.5,276.0,275.5,283.5
2026-03-16,842960,235272263,277.0,281.5,274.0,280.0,4.0,1167,1.0,277.0,280.0,274.0,281.5
2026-03-17,1179313,333999807,283.0,286.0,281.0,281.5,1.5,1413,1.0,283.0,281.5,281.0,286.0
2026-03-18,1767561,506320090,286.0,291.5,283.5,285.5,4.0,2070,1.0,286.0,285.5,283.5,291.5
2026-03-19,1073996,303926996,282.5,289.0,280.0,280.5,-5.0,1535,1.0,282.5,280.5,280.0,289.0
2026-03-20,2635464,757641906,284.5,292.0,279.0,288.0,7.5,2666,1.0,284.5,288.0,279.0,292.0
2026-03-23,3574580,1001178994,280.5,290.5,270.5,273.5,-14.5,4047,1.0,280.5,273.5,270.5,290.5
2026-03-24,2197575,618673524,284.5,287.0,274.5,280.5,7.0,2389,1.0,284.5,280.5,274.5,287.0
2026-03-25,4870856,1444762163,286.0,303.5,286.0,300.0,19.5,6298,1.0,286.0,300.0,286.0,303.5
2026-03-26,2821772,837279600,305.0,307.5,288.0,290.0,-10.0,3704,1.0,305.0,290.0,288.0,307.5
2026-03-27,1449520,416361475,286.0,293.0,282.0,293.0,3.0,2186,1.0,286.0,293.0,282.0,293.0
2026-03-30,1378436,386506297,282.0,284.0,277.5,281.5,-11.5,2126,1.0,282.0,281.5,277.5,284.0
2026-03-31,2041734,559162770,280.0,283.5,268.5,273.0,-8.5,2277,1.0,280.0,273.0,268.5,283.5
2026-04-01,816448,229175765,283.5,284.0,278.0,280.0,7.0,1248,1.0,283.5,280.0,278.0,284.0
2026-04-02,1123143,316613458,281.0,286.0,279.0,282.0,2.0,2735,1.0,281.0,282.0,279.0,286.0
2026-04-07,2036467,586891389,285.0,294.0,278.0,292.0,10.0,3910,1.0,285.0,292.0,278.0,294.0
2026-04-08,3666525,1096403783,297.5,302.0,295.0,302.0,10.0,5397,1.0,297.5,302.0,295.0,302.0
2026-04-09,6170745,1942239983,305.0,323.0,302.0,318.5,16.5,9610,1.0,305.0,318.5,302.0,323.0
2026-04-10,4213012,1369015711,325.5,331.5,320.0,325.5,7.0,7845,1.0,325.5,325.5,320.0,331.5
2026-04-13,2971473,956771282,330.0,332.0,314.5,320.5,-5.0,4360,1.0,330.0,320.5,314.5,332.0
2026-04-14,2754889,912965058,330.0,335.0,326.0,331.0,10.5,4552,1.0,330.0,331.0,326.0,335.0
2026-04-15,4787408,1663560559,338.0,360.0,334.0,353.0,22.0,6470,1.0,338.0,353.0,334.0,360.0
2026-04-16,5493480,1840575839,349.5,351.5,325.5,340.0,-13.0,8744,1.0,349.5,340.0,325.5,351.5
2026-04-17,4011934,1401779931,335.0,359.0,334.5,359.0,19.0,5295,1.0,335.0,359.0,334.5,359.0
2026-04-20,2977133,1158604686,379.0,394.5,376.5,394.5,35.5,3407,1.0,379.0,394.5,376.5,394.5
2026-04-21,6644836,2671553274,409.5,415.5,392.5,397.5,3.0,9452,1.0,409.5,397.5,392.5,415.5
2026-04-22,2862783,1128167128,393.0,402.0,388.0,390.5,-7.0,5864,1.0,393.0,390.5,388.0,402.0
2026-04-23,4211277,1595347213,397.0,399.5,363.0,376.0,-14.5,6900,1.0,397.0,376.0,363.0,399.5
2026-04-24,2894324,1123212730,385.0,396.5,379.0,386.0,10.0,4243,1.0,385.0,386.0,379.0,396.5
2026-04-27,3436877,1285360624,391.5,392.0,362.5,380.5,-5.5,5240,1.0,391.5,380.5,362.5,392.0
2026-04-28,1482722,565665210,389.0,389.5,378.0,381.5,1.0,2330,1.0,389.0,381.5,378.0,389.5
2026-04-29,932183,350208167,381.0,381.5,371.5,376.5,-5.0,1924,1.0,381.0,376.5,371.5,381.5
2026-04-30,1569919,592703835,376.5,385.0,371.5,378.0,1.5,2736,1.0,376.5,378.0,371.5,385.0
2026-05-04,1900320,728363881,386.0,388.0,379.0,383.0,5.0,2839,1.0,386.0,383.0,379.0,388.0
2026-05-05,2001960,750835143,385.0,386.0,371.0,374.0,-9.0,4283,1.0,385.0,374.0,371.0,386.0
2026-05-06,4627563,1803468607,382.5,397.0,377.0,395.5,21.5,6651,1.0,382.5,395.5,377.0,397.0
2026-05-07,3052447,1214023126,405.5,406.0,392.0,393.0,-2.5,5112,1.0,405.5,393.0,392.0,406.0
2026-05-08,6222739,2577843084,398.0,429.0,398.0,410.0,17.0,9555,1.0,398.0,410.0,398.0,429.0
2026-05-11,4394222,1865236616,420.0,437.5,410.0,425.0,15.0,6762,1.0,420.0,425.0,410.0,437.5
2026-05-12,3790284,1612877134,445.0,446.5,415.0,419.5,-5.5,6485,1.0,445.0,419.5,415.0,446.5
2026-05-13,2182946,912158157,414.0,426.5,412.5,419.5,0.0,3763,1.0,414.0,419.5,412.5,426.5
2026-05-14,5660678,2415769533,426.0,450.0,408.0,435.5,16.0,8102,1.0,426.0,435.5,408.0,450.0
