Date,Capacity,Turnover,Open,High,Low,Close,Change,Transaction,AdjFactor,Open_adj,Close_adj,Low_adj,High_adj
2020-05-04,265700,2257196,8.6,8.6,8.4,8.5,-0.17,131,0.8965211196296597,7.7101,7.6204,7.5308,7.7101
2020-05-05,694433,6433484,8.67,9.35,8.65,9.35,0.85,248,0.8965211196296597,7.7728,8.3825,7.7549,8.3825
2020-05-06,840631,8023665,9.99,10.0,9.07,9.1,-0.25,346,0.8965211196296597,8.9562,8.1583,8.1314,8.9652
2020-05-07,360748,3364907,9.05,9.5,9.0,9.46,0.36,200,0.8965211196296597,8.1135,8.4811,8.0687,8.517
2020-05-08,257282,2413610,9.6,9.6,9.3,9.35,-0.11,127,0.8965211196296597,8.6066,8.3825,8.3376,8.6066
2020-05-11,1186135,12041733,10.2,10.25,9.9,10.0,0.65,421,0.8965211196296597,9.1445,8.9652,8.8756,9.1893
2020-05-12,617062,5926576,9.54,9.9,9.5,9.56,-0.44,246,0.8965211196296597,8.5528,8.5707,8.517,8.8756
2020-05-13,144301,1383654,9.5,9.8,9.5,9.8,0.24,76,0.8965211196296597,8.517,8.7859,8.517,8.7859
2020-05-14,254001,2391069,9.7,9.8,9.13,9.14,-0.66,114,0.8965211196296597,8.6963,8.1942,8.1852,8.7859
2020-05-15,162010,1498132,9.39,9.43,9.15,9.15,0.01,83,0.8965211196296597,8.4183,8.2032,8.2032,8.4542
2020-05-18,157168,1442318,9.25,9.33,9.08,9.1,-0.05,85,0.8965211196296597,8.2928,8.1583,8.1404,8.3645
2020-05-19,326103,2939852,9.29,9.29,8.81,8.98,-0.12,144,0.8965211196296597,8.3287,8.0508,7.8984,8.3287
2020-05-20,197220,1766866,9.0,9.02,8.9,8.92,-0.06,82,0.8965211196296597,8.0687,7.997,7.979,8.0866
2020-05-21,152752,1381526,9.0,9.15,8.99,9.07,0.15,75,0.8965211196296597,8.0687,8.1314,8.0597,8.2032
2020-05-22,112281,1014613,9.19,9.19,8.9,8.9,-0.17,78,0.8965211196296597,8.239,7.979,7.979,8.239
2020-05-25,174340,1568339,8.7,9.2,8.7,9.2,0.3,80,0.8965211196296597,7.7997,8.248,7.7997,8.248
2020-05-26,139085,1272304,9.2,9.21,9.07,9.08,-0.12,83,0.8965211196296597,8.248,8.1404,8.1314,8.257
2020-05-27,190744,1731926,9.11,9.19,9.05,9.05,-0.03,82,0.8965211196296597,8.1673,8.1135,8.1135,8.239
2020-05-28,185692,1679551,9.07,9.16,8.98,8.98,-0.07,87,0.8965211196296597,8.1314,8.0508,8.0508,8.2121
2020-05-29,110383,994383,9.0,9.04,8.95,9.02,0.04,65,0.8965211196296597,8.0687,8.0866,8.0239,8.1046
2020-06-01,186377,1689709,9.14,9.14,9.01,9.02,0.0,92,0.8965211196296597,8.1942,8.0866,8.0777,8.1942
2020-06-02,262390,2358736,9.04,9.1,8.93,8.95,-0.07,100,0.8965211196296597,8.1046,8.0239,8.0059,8.1583
2020-06-03,258624,2340106,9.03,9.15,8.96,9.0,0.05,120,0.8965211196296597,8.0956,8.0687,8.0328,8.2032
2020-06-04,208525,1898771,9.15,9.18,9.03,9.09,0.09,95,0.8965211196296597,8.2032,8.1494,8.0956,8.2301
2020-06-05,184826,1677842,9.03,9.15,9.02,9.15,0.06,99,0.8965211196296597,8.0956,8.2032,8.0866,8.2032
2020-06-08,339423,3111538,9.18,9.3,9.12,9.3,0.15,151,0.8965211196296597,8.2301,8.3376,8.1763,8.3376
2020-06-09,248749,2315422,9.35,9.38,9.25,9.3,0.0,132,0.8965211196296597,8.3825,8.3376,8.2928,8.4094
2020-06-10,289565,2732277,9.36,9.51,9.36,9.49,0.19,141,0.8965211196296597,8.3914,8.508,8.3914,8.5259
2020-06-11,697205,6273930,9.25,9.28,8.7,8.89,-0.6,276,0.8965211196296597,8.2928,7.9701,7.7997,8.3197
2020-06-12,270002,2255306,8.11,8.69,8.11,8.6,-0.29,109,0.8965211196296597,7.2708,7.7101,7.2708,7.7908
2020-06-15,214002,1828546,8.61,8.77,8.47,8.5,-0.1,73,0.8965211196296597,7.719,7.6204,7.5935,7.8625
2020-06-16,176759,1517954,8.6,8.61,8.51,8.59,0.09,73,0.8965211196296597,7.7101,7.7011,7.6294,7.719
2020-06-17,223050,1899024,8.61,8.61,8.47,8.5,-0.09,88,0.8965211196296597,7.719,7.6204,7.5935,7.719
2020-06-18,256415,2165054,8.51,8.51,8.36,8.49,-0.01,125,0.8965211196296597,7.6294,7.6115,7.4949,7.6294
2020-06-19,748346,6800864,8.75,9.31,8.71,9.04,0.55,331,0.8965211196296597,7.8446,8.1046,7.8087,8.3466
2020-06-22,248002,2221536,8.81,9.18,8.8,9.0,-0.04,116,0.8965211196296597,7.8984,8.0687,7.8894,8.2301
2020-06-23,469587,4287789,9.14,9.26,8.85,9.25,0.25,220,0.8965211196296597,8.1942,8.2928,7.9342,8.3018
2020-06-24,268626,2468149,9.24,9.24,9.15,9.23,-0.02,112,0.8965211196296597,8.2839,8.2749,8.2032,8.2839
2020-06-29,170215,1522391,8.9,9.14,8.86,8.91,-0.32,81,0.8965211196296597,7.979,7.988,7.9432,8.1942
2020-06-30,214792,1918394,8.92,9.0,8.87,8.95,0.04,84,0.8965211196296597,7.997,8.0239,7.9521,8.0687
2020-07-01,203046,1835944,8.94,9.17,8.94,9.02,0.07,86,0.8965211196296597,8.0149,8.0866,8.0149,8.2211
2020-07-02,1108947,10555438,9.15,9.92,8.94,9.92,0.9,396,0.8965211196296597,8.2032,8.8935,8.0149,8.8935
2020-07-03,2986654,31421434,10.3,10.9,9.92,10.9,0.98,1164,0.8965211196296597,9.2342,9.7721,8.8935,9.7721
2020-07-06,2211831,24339233,11.2,11.4,10.65,10.8,-0.1,858,0.8965211196296597,10.041,9.6824,9.5479,10.2203
2020-07-07,1440749,15285924,11.0,11.2,10.2,10.25,-0.55,590,0.8965211196296597,9.8617,9.1893,9.1445,10.041
2020-07-08,1440000,15693047,10.15,11.2,10.15,11.1,0.85,646,0.8965211196296597,9.0997,9.9514,9.0997,10.041
2020-07-09,942101,10185024,11.1,11.25,10.6,10.7,-0.4,440,0.8965211196296597,9.9514,9.5928,9.5031,10.0859
2020-07-10,843768,8600730,10.6,10.7,10.0,10.1,-0.6,367,0.8965211196296597,9.5031,9.0549,8.9652,9.5928
2020-07-13,610900,6070312,10.1,10.15,9.77,9.97,-0.13,273,0.8965211196296597,9.0549,8.9383,8.759,9.0997
2020-07-14,375661,3689482,9.98,10.0,9.66,9.75,-0.22,188,0.8965211196296597,8.9473,8.7411,8.6604,8.9652
2020-07-15,545106,5574617,9.88,10.55,9.76,10.15,0.4,299,0.8965211196296597,8.8576,9.0997,8.75,9.4583
2020-07-16,260660,2598864,10.0,10.25,9.9,9.99,-0.16,159,0.8965211196296597,8.9652,8.9562,8.8756,9.1893
2020-07-17,1543250,16426744,10.0,10.95,9.8,10.95,0.96,493,0.8965211196296597,8.9652,9.8169,8.7859,9.8169
2020-07-20,4786677,55703784,11.3,12.0,11.0,11.85,0.9,1873,0.8965211196296597,10.1307,10.6238,9.8617,10.7583
2020-07-21,2230095,24877682,11.6,11.6,10.8,11.0,-0.85,1007,0.8965211196296597,10.3996,9.8617,9.6824,10.3996
2020-07-22,1224722,13204992,11.15,11.2,10.55,10.85,-0.15,581,0.8965211196296597,9.9962,9.7273,9.4583,10.041
2020-07-23,1884469,21539153,10.85,11.9,10.65,11.9,1.05,838,0.8965211196296597,9.7273,10.6686,9.5479,10.6686
2020-07-24,1984200,22990070,11.95,12.0,11.15,11.15,-0.75,888,0.8965211196296597,10.7134,9.9962,9.9962,10.7583
2020-07-27,1058301,11826296,11.4,11.6,10.85,10.85,-0.3,437,0.8965211196296597,10.2203,9.7273,9.7273,10.3996
2020-07-28,942621,10090281,10.8,11.2,10.2,10.25,-0.6,396,0.8965211196296597,9.6824,9.1893,9.1445,10.041
2020-07-29,537209,5638493,10.3,10.7,10.2,10.45,0.2,226,0.8965211196296597,9.2342,9.3686,9.1445,9.5928
2020-07-30,460708,4903380,10.65,10.95,10.4,10.5,0.05,218,0.8965211196296597,9.5479,9.4135,9.3238,9.8169
2020-07-31,1322566,14791798,10.55,11.5,10.55,11.5,1.0,557,0.8965211196296597,9.4583,10.31,9.4583,10.31
2020-08-03,2036375,23735634,11.7,11.9,11.4,11.4,-0.1,849,0.8965211196296597,10.4893,10.2203,10.2203,10.6686
2020-08-04,6838425,84548158,11.55,12.5,11.55,12.5,1.1,1916,0.8965211196296597,10.3548,11.2065,10.3548,11.2065
2020-08-05,5823037,73255976,12.6,13.25,12.2,13.05,0.55,2144,0.8965211196296597,11.2962,11.6996,10.9376,11.8789
2020-08-06,3627500,45245123,12.5,12.95,12.15,12.35,-0.7,1300,0.8965211196296597,11.2065,11.072,10.8927,11.6099
2020-08-07,1911995,23511985,11.85,13.2,11.85,13.0,0.65,773,0.8965211196296597,10.6238,11.6548,10.6238,11.8341
2020-08-10,3336000,43322547,12.95,13.5,12.5,13.3,0.3,1299,0.8965211196296597,11.6099,11.9237,11.2065,12.103
2020-08-11,1607989,20568909,13.15,13.15,12.5,12.5,-0.8,778,0.8965211196296597,11.7893,11.2065,11.2065,11.7893
2020-08-12,705126,8792942,12.5,12.7,12.15,12.3,-0.2,360,0.8965211196296597,11.2065,11.0272,10.8927,11.3858
2020-08-13,769682,9564087,12.4,12.85,12.1,12.15,-0.15,362,0.8965211196296597,11.1169,10.8927,10.8479,11.5203
2020-08-14,516089,6297126,12.2,12.35,12.0,12.2,0.05,260,0.8965211196296597,10.9376,10.9376,10.7583,11.072
2020-08-17,634043,7765467,12.35,12.45,12.05,12.1,-0.1,288,0.8965211196296597,11.072,10.8479,10.8031,11.1617
2020-08-18,492101,5892412,12.2,12.2,11.85,12.0,-0.1,264,0.8965211196296597,10.9376,10.7583,10.6238,10.9376
2020-08-19,864020,10230731,11.85,12.25,11.55,11.65,-0.35,364,0.8965211196296597,10.6238,10.4445,10.3548,10.9824
2020-08-20,1514593,16273972,11.55,11.55,10.5,10.6,-1.05,589,0.8965211196296597,10.3548,9.5031,9.4135,10.3548
2020-08-21,562200,6121367,10.95,11.05,10.75,10.85,0.25,254,0.8965211196296597,9.8169,9.7273,9.6376,9.9066
2020-08-24,540105,5920774,11.0,11.2,10.75,10.75,-0.1,239,0.8965211196296597,9.8617,9.6376,9.6376,10.041
2020-08-25,574156,6348823,11.0,11.25,10.85,11.1,0.35,230,0.8965211196296597,9.8617,9.9514,9.7273,10.0859
2020-08-26,570195,6512061,11.25,11.65,11.1,11.4,0.3,257,0.8965211196296597,10.0859,10.2203,9.9514,10.4445
2020-08-27,400526,4508689,11.6,11.6,11.1,11.2,-0.2,205,0.8965211196296597,10.3996,10.041,9.9514,10.3996
2020-08-28,1665567,19903672,11.2,12.3,11.05,12.3,1.1,577,0.8965211196296597,10.041,11.0272,9.9066,11.0272
2020-08-31,1404190,16867385,12.25,12.3,11.8,11.9,-0.4,649,0.8965211196296597,10.9824,10.6686,10.5789,11.0272
2020-09-01,1704300,20907253,11.9,12.95,11.45,12.2,0.3,676,0.8965211196296597,10.6686,10.9376,10.2652,11.6099
2020-09-02,1780401,22542663,12.15,13.2,12.15,13.0,0.8,663,0.8965211196296597,10.8927,11.6548,10.8927,11.8341
2020-09-03,1526210,19667340,12.9,13.3,12.5,12.95,-0.05,668,0.8965211196296597,11.5651,11.6099,11.2065,11.9237
2020-09-04,1672225,21399093,12.5,13.2,12.4,12.85,-0.1,784,0.8965211196296597,11.2065,11.5203,11.1169,11.8341
2020-09-07,1947552,25365504,12.7,13.5,12.7,12.8,-0.05,816,0.8965211196296597,11.3858,11.4755,11.3858,12.103
2020-09-08,1250388,16082313,13.1,13.15,12.7,12.8,0.0,413,0.8965211196296597,11.7444,11.4755,11.3858,11.7893
2020-09-09,3459353,46360816,12.7,13.95,12.5,13.9,1.1,1172,0.8965211196296597,11.3858,12.4616,11.2065,12.5065
2020-09-10,3958451,54727456,13.7,14.5,13.45,14.0,0.1,1411,0.8965211196296597,12.2823,12.5513,12.0582,12.9996
2020-09-11,3298639,43349263,13.8,13.8,12.6,12.75,-1.25,1301,0.8965211196296597,12.372,11.4306,11.2962,12.372
2020-09-14,1294409,16446727,13.0,13.0,12.4,12.7,-0.05,437,0.8965211196296597,11.6548,11.3858,11.1169,11.6548
2020-09-15,606014,7766274,12.85,13.0,12.7,12.7,0.0,241,0.8965211196296597,11.5203,11.3858,11.3858,11.6548
2020-09-16,767512,9763247,12.9,12.9,12.5,12.5,-0.2,290,0.8965211196296597,11.5651,11.2065,11.2065,11.5651
2020-09-17,649955,8266276,12.6,12.9,12.6,12.65,0.15,286,0.8965211196296597,11.2962,11.341,11.2962,11.5651
2020-09-18,824544,10579934,12.8,13.15,12.55,12.85,0.2,336,0.8965211196296597,11.4755,11.5203,11.2513,11.7893
2020-09-21,953250,12201548,12.75,13.05,12.6,12.6,-0.25,335,0.8965211196296597,11.4306,11.2962,11.2962,11.6996
2020-09-22,766463,9392370,12.6,12.65,12.1,12.2,-0.4,351,0.8965211196296597,11.2962,10.9376,10.8479,11.341
2020-09-23,664043,8302989,12.4,12.75,12.25,12.6,0.4,317,0.8965211196296597,11.1169,11.2962,10.9824,11.4306
2020-09-24,758503,9190886,12.3,12.45,11.95,12.05,-0.55,336,0.8965211196296597,11.0272,10.8031,10.7134,11.1617
2020-09-25,868210,10231318,12.4,12.4,11.3,11.7,-0.35,340,0.8965211196296597,11.1169,10.4893,10.1307,11.1169
2020-09-28,300154,3571631,12.0,12.0,11.75,11.95,0.25,146,0.8965211196296597,10.7583,10.7134,10.5341,10.7583
2020-09-29,202009,2421606,12.1,12.2,11.85,11.9,-0.05,101,0.8965211196296597,10.8479,10.6686,10.6238,10.9376
2020-09-30,156652,1867787,11.95,12.0,11.85,11.9,0.0,79,0.8965211196296597,10.7134,10.6686,10.6238,10.7583
2020-10-05,231013,2785459,12.0,12.3,11.9,12.3,0.4,126,0.8965211196296597,10.7583,11.0272,10.6686,11.0272
2020-10-06,300316,3718434,12.35,12.5,12.25,12.4,0.1,164,0.8965211196296597,11.072,11.1169,10.9824,11.2065
2020-10-07,295236,3596388,12.4,12.4,12.0,12.25,-0.15,159,0.8965211196296597,11.1169,10.9824,10.7583,11.1169
2020-10-08,477114,5888701,12.35,12.55,12.25,12.3,0.05,202,0.8965211196296597,11.072,11.0272,10.9824,11.2513
2020-10-12,628333,7463236,12.25,12.3,11.65,11.7,-0.6,286,0.8965211196296597,10.9824,10.4893,10.4445,11.0272
2020-10-13,331422,3853943,11.7,11.9,11.2,11.65,-0.05,176,0.8965211196296597,10.4893,10.4445,10.041,10.6686
2020-10-14,923000,11299100,11.5,12.5,11.5,12.3,0.65,423,0.8965211196296597,10.31,11.0272,10.31,11.2065
2020-10-15,1912938,24159752,12.35,13.0,12.3,12.9,0.6,965,0.8965211196296597,11.072,11.5651,11.0272,11.6548
2020-10-16,1019830,12713191,12.8,12.8,12.2,12.25,-0.65,487,0.8965211196296597,11.4755,10.9824,10.9376,11.4755
2020-10-19,516689,6283818,12.3,12.35,12.0,12.25,0.0,271,0.8965211196296597,11.0272,10.9824,10.7583,11.072
2020-10-20,264180,3195610,12.1,12.25,12.05,12.1,-0.15,149,0.8965211196296597,10.8479,10.8479,10.8031,10.9824
2020-10-21,373885,4569907,12.15,12.4,12.15,12.2,0.1,181,0.8965211196296597,10.8927,10.9376,10.8927,11.1169
2020-10-22,886500,11065698,12.2,12.7,12.2,12.5,0.3,440,0.8965211196296597,10.9376,11.2065,10.9376,11.3858
2020-10-23,448433,5526931,12.7,12.75,12.2,12.3,-0.2,247,0.8965211196296597,11.3858,11.0272,10.9376,11.4306
2020-10-26,395173,4810891,12.35,12.35,12.0,12.15,-0.15,179,0.8965211196296597,11.072,10.8927,10.7583,11.072
2020-10-27,186323,2247026,12.0,12.15,12.0,12.1,-0.05,133,0.8965211196296597,10.7583,10.8479,10.7583,10.8927
2020-10-28,327823,3912585,12.1,12.1,11.8,11.95,-0.15,199,0.8965211196296597,10.8479,10.7134,10.5789,10.8479
2020-10-29,257631,3011756,11.85,11.85,11.55,11.75,-0.2,143,0.8965211196296597,10.6238,10.5341,10.3548,10.6238
2020-10-30,237127,2752883,11.75,11.8,11.5,11.55,-0.2,137,0.8965211196296597,10.5341,10.3548,10.31,10.5789
2020-11-02,228052,2590849,11.55,11.55,11.25,11.3,-0.25,155,0.8965211196296597,10.3548,10.1307,10.0859,10.3548
2020-11-03,135220,1562129,11.55,11.7,11.4,11.6,0.3,91,0.8965211196296597,10.3548,10.3996,10.2203,10.4893
2020-11-04,150293,1737493,11.6,11.7,11.45,11.65,0.05,95,0.8965211196296597,10.3996,10.4445,10.2652,10.4893
2020-11-05,150288,1755581,11.7,11.85,11.6,11.6,-0.05,88,0.8965211196296597,10.4893,10.3996,10.3996,10.6238
2020-11-06,249873,2920169,11.75,11.9,11.4,11.55,-0.05,121,0.8965211196296597,10.5341,10.3548,10.2203,10.6686
2020-11-09,253734,2919030,11.6,11.7,11.35,11.5,-0.05,139,0.8965211196296597,10.3996,10.31,10.1755,10.4893
2020-11-10,288655,3299381,11.45,11.65,11.35,11.35,-0.15,115,0.8965211196296597,10.2652,10.1755,10.1755,10.4445
2020-11-11,423105,4890184,11.35,11.75,11.3,11.4,0.05,190,0.8965211196296597,10.1755,10.2203,10.1307,10.5341
2020-11-12,278404,3165870,11.45,11.45,11.3,11.35,-0.05,114,0.8965211196296597,10.2652,10.1755,10.1307,10.2652
2020-11-13,138432,1583896,11.35,11.55,11.35,11.5,0.15,76,0.8965211196296597,10.1755,10.31,10.1755,10.3548
2020-11-16,346525,4037432,11.55,11.8,11.55,11.65,0.15,136,0.8965211196296597,10.3548,10.4445,10.3548,10.5789
2020-11-17,277339,3203038,11.7,11.7,11.4,11.5,-0.15,150,0.8965211196296597,10.4893,10.31,10.2203,10.4893
2020-11-18,322502,3688745,11.45,11.55,11.35,11.45,-0.05,140,0.8965211196296597,10.2652,10.2652,10.1755,10.3548
2020-11-19,517252,5973849,11.4,11.65,11.4,11.65,0.2,206,0.8965211196296597,10.2203,10.4445,10.2203,10.4445
2020-11-20,3031769,38038783,11.7,12.8,11.6,12.8,1.15,949,0.8965211196296597,10.4893,11.4755,10.3996,11.4755
2020-11-23,3272838,41603428,12.75,13.2,12.35,12.85,0.05,1303,0.8965211196296597,11.4306,11.5203,11.072,11.8341
2020-11-24,1544977,19347154,12.85,12.85,12.2,12.3,-0.55,609,0.8965211196296597,11.5203,11.0272,10.9376,11.5203
2020-11-25,781676,9674383,12.3,12.6,12.25,12.35,0.05,309,0.8965211196296597,11.0272,11.072,10.9824,11.2962
2020-11-26,334615,4140298,12.35,12.5,12.25,12.4,0.05,188,0.8965211196296597,11.072,11.1169,10.9824,11.2065
2020-11-27,2505828,32544895,12.4,13.4,12.25,13.35,0.95,938,0.8965211196296597,11.1169,11.9686,10.9824,12.0134
2020-11-30,1759114,23423664,13.55,13.55,13.1,13.15,-0.2,664,0.8965211196296597,12.1479,11.7893,11.7444,12.1479
2020-12-01,775630,9971488,12.7,13.1,12.7,12.8,-0.35,364,0.8965211196296597,11.3858,11.4755,11.3858,11.7444
2020-12-02,1625655,21434500,12.9,13.6,12.85,12.85,0.05,600,0.8965211196296597,11.5651,11.5203,11.5203,12.1927
2020-12-03,934545,12060228,13.0,13.15,12.7,12.8,-0.05,380,0.8965211196296597,11.6548,11.4755,11.3858,11.7893
2020-12-04,1676851,22017128,12.85,13.4,12.8,13.4,0.6,619,0.8965211196296597,11.5203,12.0134,11.4755,12.0134
2020-12-07,5144702,73241477,13.45,14.7,13.0,14.7,1.3,1793,0.8965211196296597,12.0582,13.1789,11.6548,13.1789
2020-12-08,3016229,43537116,14.1,15.0,13.9,14.45,-0.25,1359,0.8965211196296597,12.6409,12.9547,12.4616,13.4478
2020-12-09,2524572,34810051,14.05,14.05,13.55,13.65,-0.8,1113,0.8965211196296597,12.5961,12.2375,12.1479,12.5961
2020-12-10,1623773,21557724,13.65,13.65,13.0,13.0,-0.65,635,0.8965211196296597,12.2375,11.6548,11.6548,12.2375
2020-12-11,1094231,14529891,13.3,13.65,12.95,13.0,0.0,471,0.8965211196296597,11.9237,11.6548,11.6099,12.2375
2020-12-14,510637,6803421,13.0,13.55,13.0,13.25,0.25,256,0.8965211196296597,11.6548,11.8789,11.6548,12.1479
2020-12-15,576105,7574171,13.3,13.5,13.0,13.05,-0.2,236,0.8965211196296597,11.9237,11.6996,11.6548,12.103
2020-12-16,323316,4286536,13.25,13.45,13.15,13.15,0.1,187,0.8965211196296597,11.8789,11.7893,11.7893,12.0582
2020-12-17,1247246,16954189,13.15,13.9,13.15,13.7,0.55,563,0.8965211196296597,11.7893,12.2823,11.7893,12.4616
2020-12-18,799619,10894899,13.8,13.8,13.5,13.5,-0.2,335,0.8965211196296597,12.372,12.103,12.103,12.372
2020-12-21,728093,9478637,13.4,13.4,12.65,13.1,-0.4,391,0.8965211196296597,12.0134,11.7444,11.341,12.0134
2020-12-22,444212,5767091,13.1,13.2,12.75,12.75,-0.35,242,0.8965211196296597,11.7444,11.4306,11.4306,11.8341
2020-12-23,400904,5163132,12.8,13.0,12.75,12.9,0.15,200,0.8965211196296597,11.4755,11.5651,11.4306,11.6548
2020-12-24,512791,6666765,12.95,13.15,12.85,12.95,0.05,243,0.8965211196296597,11.6099,11.6099,11.5203,11.7893
2020-12-25,519346,6771638,13.05,13.3,12.9,12.9,-0.05,263,0.8965211196296597,11.6996,11.5651,11.5651,11.9237
2020-12-28,4104701,57670306,13.45,14.15,13.0,14.15,1.25,1339,0.8965211196296597,12.0582,12.6858,11.6548,12.6858
2020-12-29,4226360,61184316,14.5,15.05,14.1,14.3,0.15,1613,0.8965211196296597,12.9996,12.8203,12.6409,13.4926
2020-12-30,1080204,15069077,14.05,14.3,13.65,14.15,-0.15,470,0.8965211196296597,12.5961,12.6858,12.2375,12.8203
2020-12-31,813240,11498582,14.25,14.5,13.9,14.0,-0.15,365,0.8965211196296597,12.7754,12.5513,12.4616,12.9996
2021-01-04,3066233,45716267,14.0,15.4,13.8,15.4,1.4,1030,0.8965211196296597,12.5513,13.8064,12.372,13.8064
2021-01-05,3216256,49092759,15.6,15.75,14.8,15.35,-0.05,1273,0.8965211196296597,13.9857,13.7616,13.2685,14.1202
2021-01-06,3494272,52660404,15.4,15.8,14.15,15.65,0.3,1469,0.8965211196296597,13.8064,14.0306,12.6858,14.165
2021-01-07,2185473,34076060,15.5,15.8,15.3,15.8,0.15,829,0.8965211196296597,13.8961,14.165,13.7168,14.165
2021-01-08,3458933,53921003,15.8,16.0,15.05,15.75,-0.05,1375,0.8965211196296597,14.165,14.1202,13.4926,14.3443
2021-01-11,3734740,61585089,15.55,17.2,15.55,17.0,1.25,1625,0.8965211196296597,13.9409,15.2409,13.9409,15.4202
2021-01-12,2252507,37099391,16.75,16.9,16.25,16.4,-0.6,1045,0.8965211196296597,15.0167,14.7029,14.5685,15.1512
2021-01-13,2025506,33991570,16.4,17.55,16.2,17.1,0.7,871,0.8965211196296597,14.7029,15.3305,14.5236,15.7339
2021-01-14,1837542,31491639,16.8,17.6,16.65,17.0,-0.1,886,0.8965211196296597,15.0616,15.2409,14.9271,15.7788
2021-01-15,2165845,36981337,17.2,17.6,16.7,16.85,-0.15,932,0.8965211196296597,15.4202,15.1064,14.9719,15.7788
2021-01-18,6424372,116105487,16.85,18.5,16.65,18.5,1.65,2226,0.8965211196296597,15.1064,16.5856,14.9271,16.5856
2021-01-19,4814574,87530631,18.5,18.85,17.7,18.2,-0.3,2252,0.8965211196296597,16.5856,16.3167,15.8684,16.8994
2021-01-20,3088856,53309932,18.0,18.25,16.8,16.9,-1.3,1338,0.8965211196296597,16.1374,15.1512,15.0616,16.3615
2021-01-21,1344871,22654705,16.9,17.5,16.4,16.65,-0.25,663,0.8965211196296597,15.1512,14.9271,14.7029,15.6891
2021-01-22,932911,15688647,16.4,17.35,16.3,16.9,0.25,481,0.8965211196296597,14.7029,15.1512,14.6133,15.5546
2021-01-25,828616,13777703,16.9,17.15,16.4,16.65,-0.25,420,0.8965211196296597,15.1512,14.9271,14.7029,15.3753
2021-01-26,1226141,19836905,16.65,16.75,15.8,15.9,-0.75,572,0.8965211196296597,14.9271,14.2547,14.165,15.0167
2021-01-27,658601,10622435,16.1,16.4,15.95,16.25,0.35,300,0.8965211196296597,14.434,14.5685,14.2995,14.7029
2021-01-28,451405,7307112,15.9,16.45,15.9,16.35,0.1,241,0.8965211196296597,14.2547,14.6581,14.2547,14.7478
2021-01-29,2138764,36414763,16.35,17.5,16.35,17.4,1.05,1001,0.8965211196296597,14.6581,15.5995,14.6581,15.6891
2021-02-01,1902730,30330123,16.85,16.95,15.7,15.7,-1.7,758,0.8965211196296597,15.1064,14.0754,14.0754,15.196
2021-02-02,2789741,41056867,14.2,15.5,14.2,15.0,-0.7,1109,0.8965211196296597,12.7306,13.4478,12.7306,13.8961
2021-02-03,970568,14433057,14.85,15.3,14.5,15.0,0.0,513,0.8965211196296597,13.3133,13.4478,12.9996,13.7168
2021-02-04,839475,12349733,14.95,15.05,14.5,14.55,-0.45,385,0.8965211196296597,13.403,13.0444,12.9996,13.4926
2021-02-05,551319,8063031,14.55,14.85,14.4,14.55,0.0,304,0.8965211196296597,13.0444,13.0444,12.9099,13.3133
2021-02-17,977566,14611587,14.6,15.25,14.55,15.05,0.5,458,0.8965211196296597,13.0892,13.4926,13.0444,13.6719
2021-02-18,823306,12696129,15.15,15.75,15.1,15.45,0.4,452,0.8965211196296597,13.5823,13.8513,13.5375,14.1202
2021-02-19,864497,13560292,15.15,16.05,15.1,16.0,0.55,456,0.8965211196296597,13.5823,14.3443,13.5375,14.3892
2021-02-22,2701521,46035259,16.0,17.6,15.95,17.55,1.55,1212,0.8965211196296597,14.3443,15.7339,14.2995,15.7788
2021-02-23,1975102,33852228,17.35,17.6,16.6,17.6,0.05,858,0.8965211196296597,15.5546,15.7788,14.8823,15.7788
2021-02-24,4422324,80491415,17.5,19.0,17.3,17.65,0.05,1936,0.8965211196296597,15.6891,15.8236,15.5098,17.0339
2021-02-25,2190308,37860481,17.65,17.9,16.85,16.85,-0.8,1141,0.8965211196296597,15.8236,15.1064,15.1064,16.0477
2021-02-26,1231050,20541304,16.55,17.35,16.1,16.85,0.0,621,0.8965211196296597,14.8374,15.1064,14.434,15.5546
2021-03-02,1135503,19406574,17.0,17.4,16.7,16.7,-0.15,599,0.8965211196296597,15.2409,14.9719,14.9719,15.5995
2021-03-03,663683,11034818,16.85,16.95,16.15,16.95,0.25,354,0.8965211196296597,15.1064,15.196,14.4788,15.196
2021-03-04,553460,9132056,16.9,16.95,16.1,16.3,-0.65,383,0.8965211196296597,15.1512,14.6133,14.434,15.196
2021-03-05,488075,8016481,16.35,16.75,16.1,16.45,0.15,315,0.8965211196296597,14.6581,14.7478,14.434,15.0167
2021-03-08,460382,7594467,16.6,16.9,16.15,16.4,-0.05,322,0.8965211196296597,14.8823,14.7029,14.4788,15.1512
2021-03-09,358460,5926536,16.75,16.85,16.25,16.4,0.0,251,0.8965211196296597,15.0167,14.7029,14.5685,15.1064
2021-03-10,732583,12314817,16.65,17.1,16.45,16.85,0.45,437,0.8965211196296597,14.9271,15.1064,14.7478,15.3305
2021-03-11,1661578,28811261,16.9,17.85,16.8,17.5,0.65,807,0.8965211196296597,15.1512,15.6891,15.0616,16.0029
2021-03-12,4565772,81969049,17.2,18.75,16.9,18.4,0.9,1928,0.8965211196296597,15.4202,16.496,15.1512,16.8098
2021-03-15,4641356,85082801,18.05,18.7,18.0,18.6,0.2,2033,0.8965211196296597,16.1822,16.6753,16.1374,16.7649
2021-03-16,4535257,85531184,18.6,20.0,18.0,19.7,1.1,2246,0.8965211196296597,16.6753,17.6615,16.1374,17.9304
2021-03-17,6216422,128393077,19.9,21.6,19.65,20.85,1.15,3178,0.8965211196296597,17.8408,18.6925,17.6166,19.3649
2021-03-18,3781253,77878646,20.45,21.4,20.05,20.3,-0.55,2083,0.8965211196296597,18.3339,18.1994,17.9752,19.1856
2021-03-19,3911413,82290181,19.85,22.0,19.8,21.95,1.65,2037,0.8965211196296597,17.7959,19.6786,17.7511,19.7235
2021-03-22,5092183,113238543,22.8,23.2,21.2,21.5,-0.45,2489,0.8965211196296597,20.4407,19.2752,19.0062,20.7993
2021-03-23,3282510,67830052,21.55,21.8,20.0,20.2,-1.3,1743,0.8965211196296597,19.32,18.1097,17.9304,19.5442
2021-03-24,1531246,31727053,20.25,21.05,20.25,20.7,0.5,830,0.8965211196296597,18.1546,18.558,18.1546,18.8718
2021-03-25,1168833,23915237,20.8,21.0,20.15,20.35,-0.35,747,0.8965211196296597,18.6476,18.2442,18.0649,18.8269
2021-03-26,1583031,33105173,20.4,21.3,20.4,21.0,0.65,860,0.8965211196296597,18.289,18.8269,18.289,19.0959
2021-03-29,1805948,38854316,21.1,21.95,21.0,21.4,0.4,1195,0.8965211196296597,18.9166,19.1856,18.8269,19.6786
2021-03-30,2805817,61541033,21.4,22.85,21.2,22.3,0.9,1471,0.8965211196296597,19.1856,19.9924,19.0062,20.4855
2021-03-31,4339671,100305498,22.0,24.0,22.0,23.8,1.5,2313,0.8965211196296597,19.7235,21.3372,19.7235,21.5165
2021-04-01,4007571,94547014,24.15,24.8,23.0,23.25,-0.55,2165,0.8965211196296597,21.651,20.8441,20.62,22.2337
2021-04-06,1933779,45321471,23.25,24.1,23.0,23.05,-0.2,1182,0.8965211196296597,20.8441,20.6648,20.62,21.6062
2021-04-07,1975540,46233563,23.2,23.8,23.05,23.5,0.45,1030,0.8965211196296597,20.7993,21.0682,20.6648,21.3372
2021-04-08,3639831,88587352,23.7,25.2,23.2,25.2,1.7,1727,0.8965211196296597,21.2476,22.5923,20.7993,22.5923
2021-04-09,4455985,110985208,26.05,26.2,24.05,24.3,-0.9,2115,0.8965211196296597,23.3544,21.7855,21.5613,23.4889
2021-04-12,2480539,58737950,24.3,24.65,23.3,23.3,-1.0,1356,0.8965211196296597,21.7855,20.8889,20.8889,22.0992
2021-04-13,2883376,65170551,23.6,23.65,21.6,21.8,-1.5,1655,0.8965211196296597,21.1579,19.5442,19.3649,21.2027
2021-04-14,2708315,57987541,22.5,22.75,20.1,21.8,0.0,1246,0.8965211196296597,20.1717,19.5442,18.0201,20.3959
2021-04-15,3299322,75820392,21.85,23.95,21.35,23.95,2.15,1547,0.8965211196296597,19.589,21.4717,19.1407,21.4717
2021-04-16,5716053,141755413,24.3,25.95,23.2,24.65,0.7,2655,0.8965211196296597,21.7855,22.0992,20.7993,23.2647
2021-04-19,2923116,68632795,24.0,24.4,23.15,23.2,-1.45,1578,0.8965211196296597,21.5165,20.7993,20.7545,21.8751
2021-04-20,1433870,33568403,23.0,23.95,22.8,23.35,0.15,732,0.8965211196296597,20.62,20.9338,20.4407,21.4717
2021-04-21,1184761,27437582,23.35,23.55,22.9,23.1,-0.25,684,0.8965211196296597,20.9338,20.7096,20.5303,21.1131
2021-04-22,7361185,154278036,20.8,22.35,20.8,20.8,-2.3,3335,0.8965211196296597,18.6476,18.6476,18.6476,20.0372
2021-04-23,3189761,61764703,19.0,20.0,18.75,19.75,-1.05,1568,0.8965211196296597,17.0339,17.7063,16.8098,17.9304
2021-04-26,1782046,35924629,20.1,20.6,19.75,20.5,0.75,1022,0.8965211196296597,18.0201,18.3787,17.7063,18.4683
2021-04-27,1635260,32666598,20.9,20.9,19.7,19.8,-0.7,868,0.8965211196296597,18.7373,17.7511,17.6615,18.7373
2021-04-28,1366565,26837981,19.95,20.1,19.2,19.35,-0.45,757,0.8965211196296597,17.8856,17.3477,17.2132,18.0201
2021-04-29,1968488,37281836,19.45,19.5,18.5,18.8,-0.55,939,0.8965211196296597,17.4373,16.8546,16.5856,17.4822
2021-05-03,2312219,41055808,18.6,18.6,17.2,17.25,-1.55,1119,0.8965211196296597,16.6753,15.465,15.4202,16.6753
2021-05-04,2408844,41128262,17.4,18.0,15.95,17.7,0.45,996,0.8965211196296597,15.5995,15.8684,14.2995,16.1374
2021-05-05,1687322,29294331,18.0,18.25,16.9,16.9,-0.8,795,0.8965211196296597,16.1374,15.1512,15.1512,16.3615
2021-05-06,942600,16004450,16.9,17.2,16.65,17.0,0.1,538,0.8965211196296597,15.1512,15.2409,14.9271,15.4202
2021-05-07,1309516,23312136,17.05,18.15,17.05,18.1,1.1,657,0.8965211196296597,15.2857,16.227,15.2857,16.2719
2021-05-10,1100075,19403768,18.35,18.4,17.2,17.35,-0.75,593,0.8965211196296597,16.4512,15.5546,15.4202,16.496
2021-05-11,1620166,26596627,16.8,17.05,16.0,16.15,-1.2,728,0.8965211196296597,15.0616,14.4788,14.3443,15.2857
2021-05-12,1689523,25468600,15.7,16.25,14.55,14.8,-1.35,806,0.8965211196296597,14.0754,13.2685,13.0444,14.5685
2021-05-13,1029226,15104149,14.0,15.45,13.8,15.0,0.2,547,0.8965211196296597,12.5513,13.4478,12.372,13.8513
2021-05-14,629553,9556476,15.45,15.85,14.8,14.8,-0.2,358,0.8965211196296597,13.8513,13.2685,13.2685,14.2099
2021-05-17,1251331,17526499,14.05,15.0,13.35,13.55,-1.25,553,0.8965211196296597,12.5961,12.1479,11.9686,13.4478
2021-05-18,1141193,16813124,13.9,14.9,13.9,14.9,1.35,420,0.8965211196296597,12.4616,13.3582,12.4616,13.3582
2021-05-19,894310,13624133,15.45,15.6,14.65,15.3,0.4,406,0.8965211196296597,13.8513,13.7168,13.134,13.9857
2021-05-20,499558,7637154,15.2,15.55,15.0,15.15,-0.15,292,0.8965211196296597,13.6271,13.5823,13.4478,13.9409
2021-05-21,1061070,16900819,15.5,16.35,15.45,16.1,0.95,569,0.8965211196296597,13.8961,14.434,13.8513,14.6581
2021-05-24,829212,13264904,16.1,16.4,15.5,16.4,0.3,470,0.8965211196296597,14.434,14.7029,13.8961,14.7029
2021-05-25,887023,14937022,16.45,17.2,16.4,17.0,0.6,534,0.8965211196296597,14.7478,15.2409,14.7029,15.4202
2021-05-26,650037,10788293,17.0,17.0,16.35,16.5,-0.5,367,0.8965211196296597,15.2409,14.7926,14.6581,15.2409
2021-05-27,420470,6878594,16.3,16.6,16.15,16.5,0.0,277,0.8965211196296597,14.6133,14.7926,14.4788,14.8823
2021-05-28,528848,8902199,16.65,17.2,16.55,16.65,0.15,344,0.8965211196296597,14.9271,14.9271,14.8374,15.4202
2021-05-31,518568,8680577,16.6,17.0,16.55,16.8,0.15,335,0.8965211196296597,14.8823,15.0616,14.8374,15.2409
2021-06-01,1249272,21654443,16.8,17.75,16.8,17.6,0.8,654,0.8965211196296597,15.0616,15.7788,15.0616,15.9132
2021-06-02,1640030,27702052,17.9,17.9,16.35,16.55,-1.05,953,0.8965211196296597,16.0477,14.8374,14.6581,16.0477
2021-06-03,582813,9771072,16.6,17.0,16.5,16.7,0.15,336,0.8965211196296597,14.8823,14.9719,14.7926,15.2409
2021-06-04,449792,7456885,16.65,16.75,16.4,16.55,-0.15,304,0.8965211196296597,14.9271,14.8374,14.7029,15.0167
2021-06-07,585244,9535569,16.5,16.6,16.0,16.3,-0.25,312,0.8965211196296597,14.7926,14.6133,14.3443,14.8823
2021-06-08,250293,4091323,16.4,16.65,16.15,16.15,-0.15,167,0.8965211196296597,14.7029,14.4788,14.4788,14.9271
2021-06-09,726787,12072233,16.15,16.95,16.0,16.95,0.8,445,0.8965211196296597,14.4788,15.196,14.3443,15.196
2021-06-10,958986,16409902,17.4,17.45,16.9,17.1,0.15,556,0.8965211196296597,15.5995,15.3305,15.1512,15.6443
2021-06-11,868610,14920862,17.3,17.4,16.9,16.9,-0.2,474,0.8965211196296597,15.5098,15.1512,15.1512,15.5995
2021-06-15,581399,9909669,17.2,17.3,16.9,16.9,0.0,289,0.8965211196296597,15.4202,15.1512,15.1512,15.5098
2021-06-16,786066,13182517,17.25,17.25,16.3,16.35,-0.55,432,0.8965211196296597,15.465,14.6581,14.6133,15.465
2021-06-17,582219,9791100,16.2,17.1,16.2,17.0,0.65,309,0.8965211196296597,14.5236,15.2409,14.5236,15.3305
2021-06-18,551115,9236179,17.1,17.2,16.5,16.65,-0.35,319,0.8965211196296597,15.3305,14.9271,14.7926,15.4202
2021-06-21,902344,14515197,16.5,16.65,15.9,15.9,-0.75,469,0.8965211196296597,14.7926,14.2547,14.2547,14.9271
2021-06-22,565109,9016658,16.25,16.4,15.7,15.7,-0.2,298,0.8965211196296597,14.5685,14.0754,14.0754,14.7029
2021-06-23,363660,5821740,15.85,16.2,15.65,16.05,0.35,223,0.8965211196296597,14.2099,14.3892,14.0306,14.5236
2021-06-24,411040,6698093,16.05,16.55,16.0,16.55,0.5,243,0.8965211196296597,14.3892,14.8374,14.3443,14.8374
2021-06-25,515699,8513957,16.7,16.7,16.25,16.35,-0.2,266,0.8965211196296597,14.9719,14.6581,14.5685,14.9719
2021-06-28,910399,14649224,16.45,16.6,15.95,16.05,-0.3,394,0.8965211196296597,14.7478,14.3892,14.2995,14.8823
2021-06-29,645516,10319975,16.25,16.25,15.8,15.85,-0.2,295,0.8965211196296597,14.5685,14.2099,14.165,14.5685
2021-06-30,605727,9845377,16.1,16.4,15.9,16.25,0.4,270,0.8965211196296597,14.434,14.5685,14.2547,14.7029
2021-07-01,530230,8531552,16.4,16.45,15.85,15.95,-0.3,329,0.8965211196296597,14.7029,14.2995,14.2099,14.7478
2021-07-02,403257,6484630,16.0,16.25,15.8,16.1,0.15,236,0.8965211196296597,14.3443,14.434,14.165,14.5685
2021-07-05,1734256,29110776,16.25,17.3,16.25,17.2,1.1,873,0.8965211196296597,14.5685,15.4202,14.5685,15.5098
2021-07-06,1061423,17828392,17.3,17.3,16.55,16.6,-0.6,591,0.8965211196296597,15.5098,14.8823,14.8374,15.5098
2021-07-07,909578,15285881,16.4,17.05,16.4,16.75,0.15,471,0.8965211196296597,14.7029,15.0167,14.7029,15.2857
2021-07-08,2234906,38817411,17.5,17.8,17.0,17.45,0.7,1075,0.8965211196296597,15.6891,15.6443,15.2409,15.9581
2021-07-09,1041059,17835276,17.0,17.45,16.8,17.3,-0.15,555,0.8965211196296597,15.2409,15.5098,15.0616,15.6443
2021-07-12,3166807,59020528,17.55,19.0,17.55,19.0,1.7,1225,0.8965211196296597,15.7339,17.0339,15.7339,17.0339
2021-07-13,1968474,41141090,20.9,20.9,20.9,20.9,1.9,699,0.8965211196296597,18.7373,18.7373,18.7373,18.7373
2021-07-14,13593209,306830022,22.95,22.95,20.95,22.95,2.05,6034,0.8965211196296597,20.5752,20.5752,18.7821,20.5752
2021-07-15,7470739,159818192,22.0,22.85,20.7,22.6,-0.35,3693,0.8965211196296597,19.7235,20.2614,18.558,20.4855
2021-07-16,4137332,90513294,21.95,22.5,21.5,21.8,-0.8,2102,0.8965211196296597,19.6786,19.5442,19.2752,20.1717
2021-07-19,2485245,52762710,21.6,21.6,20.7,21.3,-0.5,1329,0.8965211196296597,19.3649,19.0959,18.558,19.3649
2021-07-20,8679747,198756881,21.1,23.4,20.7,23.4,2.1,3756,0.8965211196296597,18.9166,20.9786,18.558,20.9786
2021-07-21,12964938,323099202,23.4,25.7,23.15,25.7,2.3,5188,0.8965211196296597,20.9786,23.0406,20.7545,23.0406
2021-07-22,14567605,385933348,26.25,28.25,24.25,28.0,2.3,7687,0.8965211196296597,23.5337,25.1026,21.7406,25.3267
2021-07-23,9710487,257383033,26.7,27.8,25.6,26.0,-2.0,5468,0.8965211196296597,23.9371,23.3095,22.9509,24.9233
2021-07-26,5323410,139871457,25.85,27.8,25.0,26.9,0.9,3093,0.8965211196296597,23.1751,24.1164,22.413,24.9233
2021-07-27,4320117,111167110,26.4,26.8,25.0,25.05,-1.85,2375,0.8965211196296597,23.6682,22.4579,22.413,24.0268
2021-07-28,4207997,98000969,24.5,24.8,22.55,23.2,-1.85,2241,0.8965211196296597,21.9648,20.7993,20.2166,22.2337
2021-07-29,2510376,59786035,23.45,24.85,22.55,24.45,1.25,1470,0.8965211196296597,21.0234,21.9199,20.2166,22.2785
2021-07-30,2246395,53723892,24.0,24.5,23.6,23.65,-0.8,1101,0.8965211196296597,21.5165,21.2027,21.1579,21.9648
2021-08-02,1264407,30228195,23.85,24.45,23.6,23.75,0.1,725,0.8965211196296597,21.382,21.2924,21.1579,21.9199
2021-08-03,2510912,61560929,24.4,25.25,23.95,24.2,0.45,1360,0.8965211196296597,21.8751,21.6958,21.4717,22.6372
2021-08-04,4141861,96227577,24.0,24.1,22.7,23.0,-1.2,2248,0.8965211196296597,21.5165,20.62,20.351,21.6062
2021-08-05,3299310,72990097,23.0,23.0,21.8,22.3,-0.7,1725,0.8965211196296597,20.62,19.9924,19.5442,20.62
2021-08-06,2331740,51845884,23.0,23.0,21.8,22.0,-0.3,1189,0.8965211196296597,20.62,19.7235,19.5442,20.62
2021-08-09,1746389,37175150,22.0,22.0,21.0,21.0,-1.0,1052,0.8965211196296597,19.7235,18.8269,18.8269,19.7235
2021-08-10,1760308,36661617,20.9,21.7,20.0,21.3,0.3,1010,0.8965211196296597,18.7373,19.0959,17.9304,19.4545
2021-08-11,1755333,35596205,21.4,21.4,19.6,19.95,-1.35,981,0.8965211196296597,19.1856,17.8856,17.5718,19.1856
2021-08-12,1049623,21045677,19.85,20.4,19.7,20.0,0.05,585,0.8965211196296597,17.7959,17.9304,17.6615,18.289
2021-08-13,1327404,25709198,20.1,20.1,19.0,19.0,-1.0,719,0.8965211196296597,18.0201,17.0339,17.0339,18.0201
2021-08-16,1055239,19740374,18.85,19.45,18.2,18.65,-0.35,534,0.8965211196296597,16.8994,16.7201,16.3167,17.4373
2021-08-17,1488749,28730843,19.2,19.95,18.7,18.75,0.1,886,0.8965211196296597,17.2132,16.8098,16.7649,17.8856
2021-08-18,1413561,26513856,18.5,19.5,17.95,19.5,0.75,751,0.8965211196296597,16.5856,17.4822,16.0926,17.4822
2021-08-19,778799,14565689,19.1,19.1,18.25,18.3,-1.2,464,0.8965211196296597,17.1236,16.4063,16.3615,17.1236
2021-08-20,927439,17424800,18.85,19.25,18.3,18.9,0.6,480,0.8965211196296597,16.8994,16.9442,16.4063,17.258
2021-08-23,1172836,22908531,18.95,20.1,18.95,19.7,0.8,622,0.8965211196296597,16.9891,17.6615,16.9891,18.0201
2021-08-24,1047901,20088687,19.8,19.9,18.85,18.9,-0.8,582,0.8965211196296597,17.7511,16.9442,16.8994,17.8408
2021-08-25,1699237,34590725,19.25,20.75,19.25,20.75,1.85,768,0.8965211196296597,17.258,18.6028,17.258,18.6028
2021-08-26,3916479,84267076,21.2,22.3,21.0,22.2,1.45,2175,0.8965211196296597,19.0062,19.9028,18.8269,19.9924
2021-08-27,1790655,38089068,21.6,21.8,21.0,21.1,-1.1,914,0.8965211196296597,19.3649,18.9166,18.8269,19.5442
2021-08-30,631076,13353911,21.2,21.4,21.0,21.0,-0.1,372,0.8965211196296597,19.0062,18.8269,18.8269,19.1856
2021-08-31,965397,20388651,21.1,21.5,20.8,21.3,0.3,500,0.8965211196296597,18.9166,19.0959,18.6476,19.2752
2021-09-01,2107939,46440884,21.45,22.75,21.25,22.5,1.2,1181,0.8965211196296597,19.2304,20.1717,19.0511,20.3959
2021-09-02,1718929,37166982,22.2,22.2,21.3,21.3,-1.2,851,0.8965211196296597,19.9028,19.0959,19.0959,19.9028
2021-09-03,1180567,25681727,21.3,22.05,21.3,21.8,0.5,639,0.8965211196296597,19.0959,19.5442,19.0959,19.7683
2021-09-06,1151328,24695855,22.35,22.35,21.0,21.05,-0.75,644,0.8965211196296597,20.0372,18.8718,18.8269,20.0372
2021-09-07,1273469,25645244,21.0,21.05,19.8,19.9,-1.15,764,0.8965211196296597,18.8269,17.8408,17.7511,18.8718
2021-09-08,749435,14990673,19.7,20.5,19.65,19.85,-0.05,391,0.8965211196296597,17.6615,17.7959,17.6166,18.3787
2021-09-09,540183,10852390,19.55,20.3,19.55,20.15,0.3,318,0.8965211196296597,17.527,18.0649,17.527,18.1994
2021-09-10,312004,6304815,20.3,20.5,20.0,20.15,0.0,212,0.8965211196296597,18.1994,18.0649,17.9304,18.3787
2021-09-13,690527,13619675,20.0,20.15,19.55,19.7,-0.45,406,0.8965211196296597,17.9304,17.6615,17.527,18.0649
2021-09-14,379232,7456274,19.8,19.95,19.4,19.4,-0.3,226,0.8965211196296597,17.7511,17.3925,17.3925,17.8856
2021-09-15,1938113,35498225,19.35,19.35,17.9,18.15,-1.25,1177,0.8965211196296597,17.3477,16.2719,16.0477,17.3477
2021-09-16,696197,12676481,18.1,18.5,18.0,18.15,0.0,409,0.8965211196296597,16.227,16.2719,16.1374,16.5856
2021-09-17,625047,11324213,18.0,18.35,17.9,18.25,0.1,377,0.8965211196296597,16.1374,16.3615,16.0477,16.4512
2021-09-22,465982,8167683,17.4,17.75,17.2,17.5,-0.75,331,0.8965211196296597,15.5995,15.6891,15.4202,15.9132
2021-09-23,440325,7759652,17.6,17.9,17.4,17.6,0.1,317,0.8965211196296597,15.7788,15.7788,15.5995,16.0477
2021-09-24,727041,13121881,17.6,18.45,17.6,18.1,0.5,442,0.8965211196296597,15.7788,16.227,15.7788,16.5408
2021-09-27,714791,13081146,18.3,18.45,18.0,18.4,0.3,337,0.8965211196296597,16.4063,16.496,16.1374,16.5408
2021-09-28,398240,7207872,18.7,18.7,18.0,18.1,-0.3,233,0.8965211196296597,16.7649,16.227,16.1374,16.7649
2021-09-29,530152,9341644,17.8,17.8,17.5,17.6,-0.5,313,0.8965211196296597,15.9581,15.7788,15.6891,15.9581
2021-09-30,348013,6176995,17.6,18.0,17.5,17.75,0.15,221,0.8965211196296597,15.7788,15.9132,15.6891,16.1374
2021-10-01,784186,13435538,17.6,17.6,16.8,16.8,-0.95,424,0.8965211196296597,15.7788,15.0616,15.0616,15.7788
2021-10-04,562581,9365459,17.1,17.3,16.2,16.25,-0.55,303,0.8965211196296597,15.3305,14.5685,14.5236,15.5098
2021-10-05,386962,6404428,16.0,17.1,15.7,16.8,0.55,263,0.8965211196296597,14.3443,15.0616,14.0754,15.3305
2021-10-06,335560,5658302,16.8,17.15,16.6,16.6,-0.2,205,0.8965211196296597,15.0616,14.8823,14.8823,15.3753
2021-10-07,658326,11634357,16.85,18.2,16.8,17.7,1.1,387,0.8965211196296597,15.1064,15.8684,15.0616,16.3167
2021-10-08,684471,12297723,17.8,18.4,17.75,17.85,0.15,282,0.8965211196296597,15.9581,16.0029,15.9132,16.496
2021-10-12,353308,6146116,17.45,17.65,17.25,17.35,-0.5,183,0.8965211196296597,15.6443,15.5546,15.465,15.8236
2021-10-13,428046,7404491,17.55,17.9,16.85,17.5,0.15,222,0.8965211196296597,15.7339,15.6891,15.1064,16.0477
2021-10-14,390318,6669015,17.75,17.75,16.8,17.05,-0.45,534,0.8965211196296597,15.9132,15.2857,15.0616,15.9132
2021-10-15,668270,11774197,17.4,17.9,17.4,17.6,0.55,1259,0.8965211196296597,15.5995,15.7788,15.5995,16.0477
2021-10-18,840763,14625856,18.0,18.0,17.0,17.0,-0.6,842,0.8965211196296597,16.1374,15.2409,15.2409,16.1374
2021-10-19,670284,11694665,17.7,17.7,17.2,17.5,0.5,755,0.8965211196296597,15.8684,15.6891,15.4202,15.8684
2021-10-20,2385914,44452563,17.55,19.25,17.4,19.25,1.75,1188,0.8965211196296597,15.7339,17.258,15.5995,17.258
2021-10-21,3604458,75440237,21.0,21.15,20.25,21.15,1.9,1535,0.8965211196296597,18.8269,18.9614,18.1546,18.9614
2021-10-22,6807128,144317656,21.6,22.25,20.0,21.0,-0.15,3597,0.8965211196296597,19.3649,18.8269,17.9304,19.9476
2021-10-25,2563098,51603698,20.1,20.8,19.7,20.1,-0.9,1559,0.8965211196296597,18.0201,18.0201,17.6615,18.6476
2021-10-26,2883892,60040348,20.8,21.5,20.2,20.7,0.6,1570,0.8965211196296597,18.6476,18.558,18.1097,19.2752
2021-10-27,6949343,152530018,21.5,22.75,20.75,22.75,2.05,3028,0.8965211196296597,19.2752,20.3959,18.6028,20.3959
2021-11-04,1229285,63430691,51.6,51.6,51.6,51.6,0.0,1340,0.8965211196296597,46.2605,46.2605,46.2605,46.2605
2021-11-05,2851739,136171991,50.0,50.5,46.45,46.45,-5.15,2859,0.8965211196296597,44.8261,41.6434,41.6434,45.2743
2021-11-08,1531874,65622949,41.85,45.4,41.85,42.5,-3.95,1610,0.8965211196296597,37.5194,38.1021,37.5194,40.7021
2021-11-09,1646214,75373240,43.1,46.75,42.6,46.75,4.25,1383,0.8965211196296597,38.6401,41.9124,38.1918,41.9124
2021-11-10,2523966,121617189,46.8,50.1,46.1,47.3,0.55,2239,0.8965211196296597,41.9572,42.4054,41.3296,44.9157
2021-11-11,1296079,58422092,45.15,46.4,44.0,45.0,-2.3,1128,0.8965211196296597,40.4779,40.3435,39.4469,41.5986
2021-11-12,716009,31709635,45.0,45.5,43.2,43.95,-1.05,960,0.8965211196296597,40.3435,39.4021,38.7297,40.7917
2021-11-15,1063460,48516655,44.95,47.4,44.4,45.0,1.05,859,0.8965211196296597,40.2986,40.3435,39.8055,42.4951
2021-11-16,882393,40154211,44.8,46.7,44.2,45.1,0.1,787,0.8965211196296597,40.1641,40.4331,39.6262,41.8675
2021-11-17,1281261,59686289,46.0,47.55,45.6,46.6,1.5,1025,0.8965211196296597,41.24,41.7779,40.8814,42.6296
2021-11-18,1050842,47934223,46.7,47.25,44.85,44.95,-1.65,892,0.8965211196296597,41.8675,40.2986,40.209,42.3606
2021-11-19,576201,25673318,45.1,45.3,44.15,44.5,-0.45,517,0.8965211196296597,40.4331,39.8952,39.5814,40.6124
2021-11-22,571625,25808243,45.2,45.7,44.5,45.0,0.5,474,0.8965211196296597,40.5228,40.3435,39.8952,40.971
2021-11-23,7875269,386929089,46.1,49.5,45.5,49.5,4.5,4323,0.8965211196296597,41.3296,44.3778,40.7917,44.3778
2021-11-24,5640913,273864066,49.25,50.4,46.6,50.4,0.9,3594,0.8965211196296597,44.1537,45.1847,41.7779,45.1847
2021-11-25,4933669,270814003,52.3,55.4,52.2,55.4,5.0,2647,0.8965211196296597,46.8881,49.6673,46.7984,49.6673
2021-11-26,20444940,1153819440,53.0,60.9,51.7,55.4,0.0,12996,0.8965211196296597,47.5156,49.6673,46.3501,54.5981
2021-11-29,13851504,795412776,55.4,60.8,53.2,57.1,1.7,9592,0.8965211196296597,49.6673,51.1914,47.6949,54.5085
2021-11-30,6885459,402738937,58.1,60.4,55.8,58.8,1.7,4549,0.8965211196296597,52.0879,52.7154,50.0259,54.1499
2021-12-01,11116503,697481498,58.8,64.6,57.3,64.6,5.8,6901,0.8965211196296597,52.7154,57.9153,51.3707,57.9153
2021-12-02,5913780,419131180,71.0,71.0,68.8,71.0,6.4,2499,0.8965211196296597,63.653,63.653,61.6807,63.653
2021-12-03,14585660,1016851283,67.8,72.2,67.2,70.0,-1.0,9551,0.8965211196296597,60.7841,62.7565,60.2462,64.7288
2021-12-06,14731696,1064386666,68.0,76.7,67.6,70.6,0.6,10223,0.8965211196296597,60.9634,63.2944,60.6048,68.7632
2021-12-07,11675971,791895368,71.1,72.4,63.8,63.8,-6.8,7602,0.8965211196296597,63.7427,57.198,57.198,64.9081
2021-12-08,6366896,416629030,64.7,66.9,64.1,64.3,0.5,4331,0.8965211196296597,58.0049,57.6463,57.467,59.9773
2021-12-09,10204389,696161741,65.0,70.7,64.2,70.7,6.4,7332,0.8965211196296597,58.2739,63.384,57.5567,63.384
2021-12-10,17713214,1259425557,71.5,74.5,68.3,70.4,-0.3,12409,0.8965211196296597,64.1013,63.1151,61.2324,66.7908
2021-12-13,3879233,269603553,71.3,72.5,68.0,68.0,-2.4,2838,0.8965211196296597,63.922,60.9634,60.9634,64.9978
2021-12-14,6774085,429533431,67.2,68.8,61.3,61.4,-6.6,4340,0.8965211196296597,60.2462,55.0464,54.9567,61.6807
2021-12-15,3747145,235291894,62.6,64.9,61.5,62.1,0.7,3236,0.8965211196296597,56.1222,55.674,55.136,58.1842
2021-12-16,2098802,131531249,62.7,64.0,61.6,62.0,-0.1,2059,0.8965211196296597,56.2119,55.5843,55.2257,57.3774
2021-12-17,4045102,242747062,61.4,63.4,57.5,58.6,-3.4,3279,0.8965211196296597,55.0464,52.5361,51.55,56.8394
2021-12-20,2244946,134625488,58.6,61.7,58.5,58.7,0.1,1580,0.8965211196296597,52.5361,52.6258,52.4465,55.3154
2021-12-21,1601652,94833909,58.8,60.4,58.4,59.1,0.4,1691,0.8965211196296597,52.7154,52.9844,52.3568,54.1499
2021-12-22,1786598,106005239,58.9,60.5,58.2,58.8,-0.3,1599,0.8965211196296597,52.8051,52.7154,52.1775,54.2395
2021-12-23,1636652,97804175,59.6,60.7,58.9,58.9,0.1,1547,0.8965211196296597,53.4327,52.8051,52.8051,54.4188
2021-12-24,2720213,164961185,59.8,62.4,59.1,60.0,1.1,2029,0.8965211196296597,53.612,53.7913,52.9844,55.9429
2021-12-27,945487,57222575,60.7,61.8,60.1,60.1,0.1,897,0.8965211196296597,54.4188,53.8809,53.8809,55.405
2021-12-28,5455889,346590667,60.8,65.8,60.2,63.8,3.7,4083,0.8965211196296597,54.5085,57.198,53.9706,58.9911
2021-12-29,2584483,162966399,62.6,64.5,62.0,62.6,-1.2,2116,0.8965211196296597,56.1222,56.1222,55.5843,57.8256
2021-12-30,2603323,156552735,62.8,63.0,58.5,59.0,-3.6,2701,0.8965211196296597,56.3015,52.8947,52.4465,56.4808
2022-01-03,1659936,95442790,58.0,58.9,57.0,57.6,-1.4,1349,0.8965211196296597,51.9982,51.6396,51.1017,52.8051
2022-01-04,803393,45974583,57.6,58.3,56.5,56.5,-1.1,652,0.8965211196296597,51.6396,50.6534,50.6534,52.2672
2022-01-05,1639673,90908822,56.6,57.4,53.8,54.5,-2.0,1163,0.8965211196296597,50.7431,48.8604,48.2328,51.4603
2022-01-06,1079587,59038370,54.5,55.5,54.0,54.1,-0.4,835,0.8965211196296597,48.8604,48.5018,48.4121,49.7569
2022-01-07,1145937,59947700,54.2,54.5,51.1,52.0,-2.1,922,0.8965211196296597,48.5914,46.6191,45.8122,48.8604
2022-01-10,696442,36914479,51.2,53.8,51.2,53.2,1.2,654,0.8965211196296597,45.9019,47.6949,45.9019,48.2328
2022-01-11,673747,35029592,53.2,53.2,51.3,51.6,-1.6,675,0.8965211196296597,47.6949,46.2605,45.9915,47.6949
2022-01-12,502800,25733615,52.4,52.4,50.5,51.2,-0.4,423,0.8965211196296597,46.9777,45.9019,45.2743,46.9777
2022-01-13,874273,44257116,51.2,51.5,49.7,50.6,-0.6,724,0.8965211196296597,45.9019,45.364,44.5571,46.1708
2022-01-14,1072784,52638929,50.5,50.5,48.0,49.5,-1.1,1106,0.8965211196296597,45.2743,44.3778,43.033,45.2743
2022-01-17,1119680,58017846,50.0,52.9,50.0,52.5,3.0,948,0.8965211196296597,44.8261,47.0674,44.8261,47.426
2022-01-18,677901,35055533,52.5,52.7,50.7,50.9,-1.6,803,0.8965211196296597,47.0674,45.6329,45.4536,47.2467
2022-01-19,298231,15158403,50.1,51.4,50.1,50.6,-0.3,291,0.8965211196296597,44.9157,45.364,44.9157,46.0812
2022-01-20,431462,21644676,51.3,51.3,49.55,50.3,-0.3,489,0.8965211196296597,45.9915,45.095,44.4226,45.9915
2022-01-21,621930,30723425,49.6,50.8,48.6,48.6,-1.7,514,0.8965211196296597,44.4674,43.5709,43.5709,45.5433
2022-01-24,654565,31279126,48.5,48.8,46.35,48.35,-0.25,594,0.8965211196296597,43.4813,43.3468,41.5538,43.7502
2022-01-25,519536,24426618,48.35,48.6,46.0,46.0,-2.35,804,0.8965211196296597,43.3468,41.24,41.24,43.5709
2022-01-26,424893,19806782,46.15,47.2,46.0,46.7,0.7,460,0.8965211196296597,41.3744,41.8675,41.24,42.3158
2022-02-07,391376,18436924,46.8,48.05,46.15,47.8,1.1,639,0.8965211196296597,41.9572,42.8537,41.3744,43.0778
2022-02-08,463595,22833967,47.8,50.0,47.8,49.7,1.9,483,0.8965211196296597,42.8537,44.5571,42.8537,44.8261
2022-02-09,575181,29179876,50.3,52.0,49.9,50.7,1.0,656,0.8965211196296597,45.095,45.4536,44.7364,46.6191
2022-02-10,402540,20158100,51.3,51.8,49.25,49.75,-0.95,536,0.8965211196296597,45.9915,44.6019,44.1537,46.4398
2022-02-11,323398,16211878,49.75,50.8,49.65,49.8,0.05,388,0.8965211196296597,44.6019,44.6468,44.5123,45.5433
2022-02-14,362175,17307343,49.5,49.5,47.3,47.5,-2.3,632,0.8965211196296597,44.3778,42.5848,42.4054,44.3778
2022-02-15,219507,10554692,47.55,48.8,47.5,47.5,0.0,292,0.8965211196296597,42.6296,42.5848,42.5848,43.7502
2022-02-16,374089,18242445,48.4,49.25,48.2,48.8,1.3,451,0.8965211196296597,43.3916,43.7502,43.2123,44.1537
2022-02-17,344080,16774626,48.85,49.6,47.9,48.1,-0.7,494,0.8965211196296597,43.7951,43.1227,42.9434,44.4674
2022-02-18,248085,11799085,48.1,48.1,47.0,47.75,-0.35,431,0.8965211196296597,43.1227,42.8089,42.1365,43.1227
2022-02-21,286412,13462862,47.5,47.5,46.8,46.9,-0.85,360,0.8965211196296597,42.5848,42.0468,41.9572,42.5848
2022-02-22,508727,23355313,46.9,46.9,45.35,45.6,-1.3,509,0.8965211196296597,42.0468,40.8814,40.6572,42.0468
2022-02-23,174024,7996502,45.65,46.3,45.65,46.05,0.45,415,0.8965211196296597,40.9262,41.2848,40.9262,41.5089
2022-02-24,695541,30539741,45.7,45.7,42.85,43.1,-2.95,1159,0.8965211196296597,40.971,38.6401,38.4159,40.971
2022-02-25,297274,13081686,44.2,44.65,43.0,44.1,1.0,371,0.8965211196296597,39.6262,39.5366,38.5504,40.0297
2022-03-01,214963,9697464,44.4,45.55,44.3,45.1,1.0,302,0.8965211196296597,39.8055,40.4331,39.7159,40.8365
2022-03-02,211233,9494433,44.6,45.6,44.15,45.4,0.3,311,0.8965211196296597,39.9848,40.7021,39.5814,40.8814
2022-03-03,325172,14930490,46.0,46.55,45.35,45.7,0.3,394,0.8965211196296597,41.24,40.971,40.6572,41.7331
2022-03-04,304133,13865863,45.3,46.4,44.8,44.8,-0.9,396,0.8965211196296597,40.6124,40.1641,40.1641,41.5986
2022-03-07,486169,20715126,44.4,44.4,41.85,42.55,-2.25,618,0.8965211196296597,39.8055,38.147,37.5194,39.8055
2022-03-08,438315,18289362,40.8,43.1,40.8,41.1,-1.45,516,0.8965211196296597,36.5781,36.847,36.5781,38.6401
2022-03-09,279247,11788090,41.8,42.75,41.5,42.3,1.2,361,0.8965211196296597,37.4746,37.9228,37.2056,38.3263
2022-03-10,344786,15058323,43.7,44.25,43.35,44.1,1.8,327,0.8965211196296597,39.178,39.5366,38.8642,39.6711
2022-03-11,163640,7082051,43.8,43.8,42.8,43.1,-1.0,259,0.8965211196296597,39.2676,38.6401,38.3711,39.2676
2022-03-14,183791,7819930,43.7,43.7,42.05,42.5,-0.6,306,0.8965211196296597,39.178,38.1021,37.6987,39.178
2022-03-15,333160,13800308,41.8,42.2,41.05,41.1,-1.4,360,0.8965211196296597,37.4746,36.847,36.8022,37.8332
2022-03-16,243540,10103863,42.2,42.2,41.1,41.5,0.4,330,0.8965211196296597,37.8332,37.2056,36.847,37.8332
2022-03-17,630637,27630050,42.5,44.45,42.5,44.45,2.95,610,0.8965211196296597,38.1021,39.8504,38.1021,39.8504
2022-03-18,207480,9115029,44.3,44.3,43.1,44.15,-0.3,1144,0.8965211196296597,39.7159,39.5814,38.6401,39.7159
2022-03-21,410598,18631844,44.25,45.75,44.25,45.5,1.35,1076,0.8965211196296597,39.6711,40.7917,39.6711,41.0158
2022-03-22,217129,9782985,45.4,45.55,44.5,45.05,-0.45,900,0.8965211196296597,40.7021,40.3883,39.8952,40.8365
2022-03-23,1587286,75492919,45.6,48.9,45.6,46.3,1.25,1636,0.8965211196296597,40.8814,41.5089,40.8814,43.8399
2022-03-24,321712,14756509,46.3,46.3,45.4,46.1,-0.2,690,0.8965211196296597,41.5089,41.3296,40.7021,41.5089
2022-03-25,463190,21402432,47.0,47.3,45.4,45.85,-0.25,676,0.8965211196296597,42.1365,41.1055,40.7021,42.4054
2022-03-28,299438,13450125,45.65,45.65,44.35,45.15,-0.7,769,0.8965211196296597,40.9262,40.4779,39.7607,40.9262
2022-03-29,529245,24538069,45.4,46.9,45.4,46.45,1.3,773,0.8965211196296597,40.7021,41.6434,40.7021,42.0468
2022-03-30,3275988,161519848,47.5,51.0,47.0,51.0,4.55,2674,0.8965211196296597,42.5848,45.7226,42.1365,45.7226
2022-03-31,6899653,372216366,51.8,55.6,51.8,53.9,2.9,5198,0.8965211196296597,46.4398,48.3225,46.4398,49.8466
2022-04-01,5528095,304267988,54.3,56.7,52.8,52.9,-1.0,4716,0.8965211196296597,48.6811,47.426,47.3363,50.8327
2022-04-06,1340202,68153648,52.9,52.9,50.0,50.0,-2.9,2218,0.8965211196296597,47.426,44.8261,44.8261,47.426
2022-04-07,1389404,69132178,49.5,51.4,48.65,49.05,-0.95,1314,0.8965211196296597,44.3778,43.9744,43.6158,46.0812
2022-04-08,468769,23195907,49.5,50.3,49.2,49.3,0.25,574,0.8965211196296597,44.3778,44.1985,44.1088,45.095
2022-04-11,1015891,48043530,49.5,49.8,46.45,46.5,-2.8,919,0.8965211196296597,44.3778,41.6882,41.6434,44.6468
2022-04-12,680711,31131443,46.4,46.75,45.0,45.2,-1.3,469,0.8965211196296597,41.5986,40.5228,40.3435,41.9124
2022-04-13,618333,28919593,45.7,47.5,45.7,46.5,1.3,521,0.8965211196296597,40.971,41.6882,40.971,42.5848
2022-04-14,498288,22873652,47.1,47.1,45.3,45.4,-1.1,397,0.8965211196296597,42.2261,40.7021,40.6124,42.2261
2022-04-15,653156,28622610,45.4,45.4,43.2,43.5,-1.9,541,0.8965211196296597,40.7021,38.9987,38.7297,40.7021
2022-04-18,345103,14809215,42.5,43.95,42.35,42.75,-0.75,300,0.8965211196296597,38.1021,38.3263,37.9677,39.4021
2022-04-19,393015,17198275,43.65,44.2,43.3,43.55,0.8,277,0.8965211196296597,39.1331,39.0435,38.8194,39.6262
2022-04-20,310796,13642090,44.1,44.3,43.15,44.05,0.5,257,0.8965211196296597,39.5366,39.4918,38.6849,39.7159
2022-04-21,397592,17834078,44.4,45.25,44.2,44.75,0.7,279,0.8965211196296597,39.8055,40.1193,39.6262,40.5676
2022-04-22,298703,13098551,43.95,44.2,43.5,44.0,-0.75,244,0.8965211196296597,39.4021,39.4469,38.9987,39.6262
2022-04-25,515725,21451865,43.0,43.0,41.0,41.75,-2.25,377,0.8965211196296597,38.5504,37.4298,36.7574,38.5504
2022-04-26,346754,14812305,44.5,44.5,42.2,42.3,0.55,277,0.8965211196296597,39.8952,37.9228,37.8332,39.8952
2022-04-27,532936,21455639,40.0,41.2,39.0,40.9,-1.4,410,0.8965211196296597,35.8608,36.6677,34.9643,36.9367
2022-04-28,243611,10048378,41.5,42.2,40.05,41.0,0.1,217,0.8965211196296597,37.2056,36.7574,35.9057,37.8332
2022-04-29,295568,12571862,42.05,43.5,41.7,41.7,0.7,303,0.8965211196296597,37.6987,37.3849,37.3849,38.9987
2022-05-03,168369,7070561,41.7,42.6,41.7,41.95,0.25,146,0.8965211196296597,37.3849,37.6091,37.3849,38.1918
2022-05-04,132558,5622317,42.75,42.95,42.1,42.2,0.25,170,0.8965211196296597,38.3263,37.8332,37.7435,38.5056
2022-05-05,288603,12516389,43.1,44.05,43.0,43.05,0.85,254,0.8965211196296597,38.6401,38.5952,38.5504,39.4918
2022-05-06,264298,10933761,42.0,42.0,41.05,41.3,-1.75,256,0.8965211196296597,37.6539,37.0263,36.8022,37.6539
2022-05-09,259571,10444679,41.0,41.0,39.75,40.15,-1.15,257,0.8965211196296597,36.7574,35.9953,35.6367,36.7574
2022-05-10,304080,11928339,37.8,40.85,37.65,40.25,0.1,242,0.8965211196296597,33.8885,36.085,33.754,36.6229
2022-05-11,274804,10853619,39.1,40.2,39.1,39.25,-1.0,242,0.8965211196296597,35.054,35.1885,35.054,36.0401
2022-05-12,267934,10446703,39.3,40.1,38.05,38.05,-1.2,241,0.8965211196296597,35.2333,34.1126,34.1126,35.9505
2022-05-13,162601,6428697,39.4,40.0,38.75,39.5,1.45,150,0.8965211196296597,35.3229,35.4126,34.7402,35.8608
2022-05-16,261587,10562328,39.8,41.35,39.65,39.7,0.2,220,0.8965211196296597,35.6815,35.5919,35.5471,37.0711
2022-05-17,260440,10606637,39.4,41.2,39.4,41.1,1.4,227,0.8965211196296597,35.3229,36.847,35.3229,36.9367
2022-05-18,139877,5780263,42.0,42.0,40.9,41.0,-0.1,149,0.8965211196296597,37.6539,36.7574,36.6677,37.6539
2022-05-19,131037,5350916,40.6,41.45,39.9,41.2,0.2,125,0.8965211196296597,36.3988,36.9367,35.7712,37.1608
2022-05-20,116879,4809087,41.25,41.5,40.7,40.7,-0.5,170,0.8965211196296597,36.9815,36.4884,36.4884,37.2056
2022-05-23,76188,3115130,40.8,41.25,40.65,40.65,-0.05,82,0.8965211196296597,36.5781,36.4436,36.4436,36.9815
2022-05-24,214583,8500519,40.75,40.75,39.0,39.1,-1.55,221,0.8965211196296597,36.5332,35.054,34.9643,36.5332
2022-05-25,159562,6285631,39.2,39.9,38.8,39.5,0.4,128,0.8965211196296597,35.1436,35.4126,34.785,35.7712
2022-05-26,196963,7704529,39.6,40.05,38.6,38.95,-0.55,394,0.8965211196296597,35.5022,34.9195,34.6057,35.9057
2022-05-27,194923,7635196,40.0,40.0,38.7,38.9,-0.05,227,0.8965211196296597,35.8608,34.8747,34.6954,35.8608
2022-05-30,426971,17359760,39.4,41.5,39.4,41.0,2.1,376,0.8965211196296597,35.3229,36.7574,35.3229,37.2056
2022-05-31,139219,5724492,41.2,41.55,40.6,41.3,0.3,131,0.8965211196296597,36.9367,37.0263,36.3988,37.2505
2022-06-01,230244,9575608,40.8,42.3,40.8,41.1,-0.2,255,0.8965211196296597,36.5781,36.847,36.5781,37.9228
2022-06-02,115559,4783480,41.0,41.65,41.0,41.3,0.2,132,0.8965211196296597,36.7574,37.0263,36.7574,37.3401
2022-06-06,209950,8568094,41.5,41.6,40.4,40.45,-0.85,174,0.8965211196296597,37.2056,36.2643,36.2195,37.2953
2022-06-07,749375,32963400,41.4,44.45,41.3,44.45,4.0,474,0.8965211196296597,37.116,39.8504,37.0263,39.8504
2022-06-08,4503998,209451300,47.3,48.6,44.1,44.1,-0.35,3145,0.8965211196296597,42.4054,39.5366,39.5366,43.5709
2022-06-09,796826,34577188,43.7,44.05,42.9,43.5,-0.6,675,0.8965211196296597,39.178,38.9987,38.4608,39.4918
2022-06-10,2182612,98229992,43.25,46.3,43.0,44.4,0.9,1607,0.8965211196296597,38.7745,39.8055,38.5504,41.5089
2022-06-13,487935,20844839,43.8,43.8,42.1,42.15,-2.25,469,0.8965211196296597,39.2676,37.7884,37.7435,39.2676
2022-06-14,411862,17058227,40.9,42.1,40.7,42.1,-0.05,345,0.8965211196296597,36.6677,37.7435,36.4884,37.7435
2022-06-15,212235,8879258,41.75,42.65,41.3,41.35,-0.75,213,0.8965211196296597,37.4298,37.0711,37.0263,38.2366
2022-06-16,291076,11897096,42.3,42.3,39.8,39.8,-1.55,256,0.8965211196296597,37.9228,35.6815,35.6815,37.9228
2022-06-17,252016,10117646,39.45,40.95,39.05,40.0,0.2,233,0.8965211196296597,35.3678,35.8608,35.0091,36.7125
2022-06-20,337084,13131332,40.9,40.9,38.05,38.2,-1.8,268,0.8965211196296597,36.6677,34.2471,34.1126,36.6677
2022-06-21,240777,9504597,39.5,40.0,39.05,40.0,1.8,213,0.8965211196296597,35.4126,35.8608,35.0091,35.8608
2022-06-22,330572,12883655,40.2,40.2,38.3,39.3,-0.7,260,0.8965211196296597,36.0401,35.2333,34.3368,36.0401
2022-06-23,260749,10113975,39.0,39.5,38.2,38.45,-0.85,193,0.8965211196296597,34.9643,34.4712,34.2471,35.4126
2022-06-24,196207,7640317,39.1,39.45,38.6,38.8,0.35,138,0.8965211196296597,35.054,34.785,34.6057,35.3678
2022-06-27,221303,8899952,40.0,40.75,39.6,40.55,1.75,205,0.8965211196296597,35.8608,36.3539,35.5022,36.5332
2022-06-28,160295,6399526,41.55,41.55,39.3,39.65,-0.9,138,0.8965211196296597,37.2505,35.5471,35.2333,37.2505
2022-06-29,172039,6695962,39.5,39.5,38.65,39.0,-0.65,161,0.8965211196296597,35.4126,34.9643,34.6505,35.4126
2022-06-30,330913,12318093,38.0,38.25,36.4,36.4,0.0,283,0.9244929578412673,35.1307,33.6515,33.6515,35.3619
2022-07-01,466287,15977742,36.0,36.4,32.8,32.85,-3.55,398,0.9244929578412673,33.2817,30.3696,30.3234,33.6515
2022-07-04,287024,9292108,32.5,33.6,31.8,32.0,-0.85,221,0.9244929578412673,30.046,29.5838,29.3989,31.063
2022-07-05,225989,7335058,32.9,33.3,31.75,32.6,0.6,168,0.9244929578412673,30.4158,30.1385,29.3527,30.7856
2022-07-06,274234,8675779,32.8,32.8,30.7,30.8,-1.8,230,0.9244929578412673,30.3234,28.4744,28.3819,30.3234
2022-07-07,294714,9205542,30.75,31.95,30.25,31.8,1.0,223,0.9244929578412673,28.4282,29.3989,27.9659,29.5376
2022-07-08,288870,9454106,32.1,33.2,32.0,32.55,0.75,233,0.9244929578412673,29.6762,30.0922,29.5838,30.6932
2022-07-11,140503,4478187,32.9,32.9,31.55,31.6,-0.95,128,0.9244929578412673,30.4158,29.214,29.1678,30.4158
2022-07-12,387289,11407608,30.55,30.7,28.8,29.0,-2.6,288,0.9244929578412673,28.2433,26.8103,26.6254,28.3819
2022-07-13,261314,7992278,30.0,31.2,30.0,30.55,1.55,228,0.9244929578412673,27.7348,28.2433,27.7348,28.8442
2022-07-14,251963,7895309,30.55,31.7,30.45,31.65,1.1,175,0.9244929578412673,28.2433,29.2602,28.1508,29.3064
2022-07-15,145751,4678160,32.2,32.45,31.6,32.1,0.45,139,0.9244929578412673,29.7687,29.6762,29.214,29.9998
2022-07-18,161835,5275700,32.85,33.1,32.25,32.5,0.4,163,0.9244929578412673,30.3696,30.046,29.8149,30.6007
2022-07-19,83678,2693710,32.2,32.5,32.0,32.0,-0.5,88,0.9244929578412673,29.7687,29.5838,29.5838,30.046
2022-07-20,215915,7073958,32.9,33.2,32.3,32.3,0.3,211,0.9244929578412673,30.4158,29.8611,29.8611,30.6932
2022-07-21,413537,13962777,32.85,34.4,32.55,34.0,1.7,342,0.9244929578412673,30.3696,31.4328,30.0922,31.8026
2022-07-22,308292,10520041,34.4,35.0,33.45,33.45,-0.55,267,0.9244929578412673,31.8026,30.9243,30.9243,32.3573
2022-07-25,88245,2927697,33.2,33.4,32.9,33.1,-0.35,120,0.9244929578412673,30.6932,30.6007,30.4158,30.8781
2022-07-26,199358,6392728,32.5,32.85,31.5,31.5,-1.6,198,0.9244929578412673,30.046,29.1215,29.1215,30.3696
2022-07-27,125640,3967402,31.65,32.1,31.05,31.95,0.45,112,0.9244929578412673,29.2602,29.5376,28.7055,29.6762
2022-07-28,156236,5005924,32.0,32.8,31.65,31.75,-0.2,137,0.9244929578412673,29.5838,29.3527,29.2602,30.3234
2022-07-29,133219,4256820,31.85,32.2,31.7,31.85,0.1,131,0.9244929578412673,29.4451,29.4451,29.3064,29.7687
2022-08-01,147762,4656097,32.1,32.15,31.3,31.4,-0.45,164,0.9244929578412673,29.6762,29.0291,28.9366,29.7224
2022-08-02,144190,4371835,31.0,31.15,30.0,30.25,-1.15,135,0.9244929578412673,28.6593,27.9659,27.7348,28.798
2022-08-03,127422,3839547,30.2,30.5,29.5,29.9,-0.35,127,0.9244929578412673,27.9197,27.6423,27.2725,28.197
2022-08-04,147346,4391298,29.9,30.4,29.25,29.9,0.0,132,0.9244929578412673,27.6423,27.6423,27.0414,28.1046
2022-08-05,141483,4352884,30.2,31.15,30.2,30.9,1.0,198,0.9244929578412673,27.9197,28.5668,27.9197,28.798
2022-08-08,59038,1799158,30.75,30.75,30.25,30.45,-0.45,78,0.9244929578412673,28.4282,28.1508,27.9659,28.4282
2022-08-09,211344,6601734,30.45,31.85,30.45,31.3,0.85,168,0.9244929578412673,28.1508,28.9366,28.1508,29.4451
2022-08-10,68233,2105481,30.95,31.0,30.75,30.85,-0.45,93,0.9244929578412673,28.6131,28.5206,28.4282,28.6593
2022-08-11,134838,4207342,31.45,31.5,31.0,31.0,0.15,114,0.9244929578412673,29.0753,28.6593,28.6593,29.1215
2022-08-12,154601,4904396,31.35,32.0,31.05,31.95,0.95,130,0.9244929578412673,28.9829,29.5376,28.7055,29.5838
2022-08-15,215825,7039277,32.4,32.8,32.3,32.8,0.85,205,0.9244929578412673,29.9536,30.3234,29.8611,30.3234
2022-08-16,167540,5509568,33.65,33.65,32.4,32.45,-0.35,144,0.9244929578412673,31.1092,29.9998,29.9536,31.1092
2022-08-17,145311,4733608,32.5,32.95,32.3,32.7,0.25,119,0.9244929578412673,30.046,30.2309,29.8611,30.462
2022-08-18,214041,7053401,32.7,33.6,32.25,33.0,0.3,171,0.9244929578412673,30.2309,30.5083,29.8149,31.063
2022-08-19,261467,8776615,33.95,33.95,33.2,33.5,0.5,207,0.9244929578412673,31.3865,30.9705,30.6932,31.3865
2022-08-22,151371,4959960,33.5,33.5,32.4,32.4,-1.1,158,0.9244929578412673,30.9705,29.9536,29.9536,30.9705
2022-08-23,50634,1618040,32.0,32.3,31.55,32.15,-0.25,66,0.9244929578412673,29.5838,29.7224,29.1678,29.8611
2022-08-24,84244,2739395,32.4,32.9,32.2,32.2,0.05,81,0.9244929578412673,29.9536,29.7687,29.7687,30.4158
2022-08-25,110682,3630126,32.25,33.1,32.2,32.8,0.6,115,0.9244929578412673,29.8149,30.3234,29.7687,30.6007
2022-08-26,61725,2024655,32.9,33.1,32.65,32.65,-0.15,80,0.9244929578412673,30.4158,30.1847,30.1847,30.6007
2022-08-29,117101,3681122,31.7,31.7,31.25,31.4,-1.25,116,0.9244929578412673,29.3064,29.0291,28.8904,29.3064
2022-08-30,72044,2281183,31.25,32.0,31.15,31.9,0.5,69,0.9244929578412673,28.8904,29.4913,28.798,29.5838
2022-08-31,139998,4534750,31.8,32.75,31.8,32.5,0.6,139,0.9244929578412673,29.3989,30.046,29.3989,30.2771
2022-09-01,163370,5200597,32.5,32.5,31.45,31.65,-0.85,172,0.9244929578412673,30.046,29.2602,29.0753,30.046
2022-09-02,144219,4504652,31.7,31.7,31.0,31.1,-0.55,151,0.9244929578412673,29.3064,28.7517,28.6593,29.3064
2022-09-05,214187,6482725,31.1,31.1,29.95,30.0,-1.1,244,0.9244929578412673,28.7517,27.7348,27.6886,28.7517
2022-09-06,233899,6897483,29.7,30.4,29.05,29.1,-0.9,255,0.9244929578412673,27.4574,26.9027,26.8565,28.1046
2022-09-07,97160,2778034,29.1,29.1,28.15,28.6,-0.5,76,0.9244929578412673,26.9027,26.4405,26.0245,26.9027
2022-09-08,71048,2074040,29.1,29.4,29.0,29.2,0.6,59,0.9244929578412673,26.9027,26.9952,26.8103,27.1801
2022-09-12,66752,1999897,29.4,30.15,29.4,29.95,0.75,73,0.9244929578412673,27.1801,27.6886,27.1801,27.8735
2022-09-13,109915,3354285,30.2,30.85,30.2,30.45,0.5,95,0.9244929578412673,27.9197,28.1508,27.9197,28.5206
2022-09-14,77425,2326567,29.4,30.4,29.4,30.05,-0.4,73,0.9244929578412673,27.1801,27.781,27.1801,28.1046
2022-09-15,80413,2420977,30.05,30.35,29.85,30.15,0.1,67,0.9244929578412673,27.781,27.8735,27.5961,28.0584
2022-09-16,60274,1791036,29.55,30.0,29.55,29.8,-0.35,79,0.9244929578412673,27.3188,27.5499,27.3188,27.7348
2022-09-19,67145,1975268,29.8,29.85,29.05,29.05,-0.75,78,0.9244929578412673,27.5499,26.8565,26.8565,27.5961
2022-09-20,146271,4212828,29.2,29.45,28.55,28.6,-0.45,122,0.9244929578412673,26.9952,26.4405,26.3943,27.2263
2022-09-21,105245,2954711,28.55,28.55,27.95,28.0,-0.6,119,0.9244929578412673,26.3943,25.8858,25.8396,26.3943
2022-09-22,111370,3124585,27.95,28.25,27.5,28.2,0.2,107,0.9244929578412673,25.8396,26.0707,25.4236,26.1169
2022-09-23,101118,2820810,28.05,28.5,27.5,27.55,-0.65,101,0.9244929578412673,25.932,25.4698,25.4236,26.348
2022-09-26,263256,6749125,27.25,27.25,24.8,25.3,-2.25,243,0.9244929578412673,25.1924,23.3897,22.9274,25.1924
2022-09-27,166623,4169752,24.5,25.8,24.35,25.8,0.5,155,0.9244929578412673,22.6501,23.8519,22.5114,23.8519
2022-09-28,250983,6006951,25.6,25.6,23.45,23.5,-2.3,228,0.9244929578412673,23.667,21.7256,21.6794,23.667
2022-09-29,178440,4308485,24.3,24.7,23.9,24.3,0.8,147,0.9244929578412673,22.4652,22.4652,22.0954,22.835
2022-09-30,176752,4193150,23.8,24.3,23.0,24.1,-0.2,153,0.9244929578412673,22.0029,22.2803,21.2633,22.4652
2022-10-03,111348,2684967,23.95,24.55,23.35,24.45,0.35,106,0.9244929578412673,22.1416,22.6039,21.5869,22.6963
2022-10-04,122460,3055749,25.0,25.35,24.7,24.9,0.45,100,0.9244929578412673,23.1123,23.0199,22.835,23.4359
2022-10-05,175338,4502286,25.15,26.15,25.15,25.5,0.6,147,0.9244929578412673,23.251,23.5746,23.251,24.1755
2022-10-06,346470,9687827,27.8,28.05,27.6,28.05,2.55,159,0.9244929578412673,25.7009,25.932,25.516,25.932
2022-10-07,2365859,68459267,27.95,29.8,27.85,28.0,-0.05,1678,0.9244929578412673,25.8396,25.8858,25.7471,27.5499
2022-10-11,463305,12130869,27.15,27.5,25.2,25.5,-2.5,392,0.9244929578412673,25.1,23.5746,23.2972,25.4236
2022-10-12,249846,6211256,25.9,25.9,24.2,25.2,-0.3,190,0.9244929578412673,23.9444,23.2972,22.3727,23.9444
2022-10-13,386344,9178484,25.35,25.35,23.0,23.0,-2.2,281,0.9244929578412673,23.4359,21.2633,21.2633,23.4359
2022-10-14,209068,5073997,24.6,24.6,24.0,24.1,1.1,168,0.9244929578412673,22.7425,22.2803,22.1878,22.7425
2022-10-17,136544,3252554,23.85,24.6,23.2,24.6,0.5,136,0.9244929578412673,22.0492,22.7425,21.4482,22.7425
2022-10-18,147082,3644342,25.2,25.4,24.25,24.45,-0.15,113,0.9244929578412673,23.2972,22.6039,22.419,23.4821
2022-10-19,211046,5270553,24.5,25.5,24.45,24.8,0.35,160,0.9244929578412673,22.6501,22.9274,22.6039,23.5746
2022-10-20,99654,2426336,24.5,24.9,24.0,24.9,0.1,105,0.9244929578412673,22.6501,23.0199,22.1878,23.0199
2022-10-21,210325,5154797,25.1,25.3,23.65,23.65,-1.25,159,0.9244929578412673,23.2048,21.8643,21.8643,23.3897
2022-10-24,112076,2747035,24.35,24.75,24.25,24.35,0.7,113,0.9244929578412673,22.5114,22.5114,22.419,22.8812
2022-10-25,119016,2871197,24.4,24.55,23.8,23.9,-0.45,99,0.9244929578412673,22.5576,22.0954,22.0029,22.6963
2022-10-26,197033,4665642,24.0,24.0,23.4,23.7,-0.2,142,0.9244929578412673,22.1878,21.9105,21.6331,22.1878
2022-10-27,215253,5309682,24.0,25.15,24.0,24.8,1.1,180,0.9244929578412673,22.1878,22.9274,22.1878,23.251
2022-10-28,85014,2078186,24.8,24.95,24.1,24.15,-0.65,78,0.9244929578412673,22.9274,22.3265,22.2803,23.0661
2022-10-31,63015,1563913,24.75,25.0,24.3,24.75,0.6,62,0.9244929578412673,22.8812,22.8812,22.4652,23.1123
2022-11-01,192755,4932258,24.9,25.9,24.9,25.5,0.75,191,0.9244929578412673,23.0199,23.5746,23.0199,23.9444
2022-11-02,1090104,29877893,25.7,28.05,25.6,27.4,1.9,749,0.9244929578412673,23.7595,25.3311,23.667,25.932
2022-11-03,399468,10739114,26.95,27.25,26.6,27.1,-0.3,328,0.9244929578412673,24.9151,25.0538,24.5915,25.1924
2022-11-04,250403,6772513,27.45,27.6,26.6,26.9,-0.2,229,0.9244929578412673,25.3773,24.8689,24.5915,25.516
2022-11-07,259206,7067791,27.25,27.75,26.9,27.15,0.25,213,0.9244929578412673,25.1924,25.1,24.8689,25.6547
2022-11-08,259734,7063310,27.15,27.7,26.6,26.7,-0.45,224,0.9244929578412673,25.1,24.684,24.5915,25.6085
2022-11-09,364068,10082094,26.8,28.3,26.8,28.0,1.3,292,0.9244929578412673,24.7764,25.8858,24.7764,26.1632
2022-11-10,246684,6893827,27.85,28.8,27.2,27.2,-0.8,225,0.9244929578412673,25.7471,25.1462,25.1462,26.6254
2022-11-11,255955,7155480,28.35,28.55,27.2,27.3,0.1,254,0.9244929578412673,26.2094,25.2387,25.1462,26.3943
2022-11-14,95372,2626116,27.2,27.7,27.2,27.65,0.35,77,0.9244929578412673,25.1462,25.5622,25.1462,25.6085
2022-11-15,156200,4343893,27.8,28.2,27.45,27.75,0.1,122,0.9244929578412673,25.7009,25.6547,25.3773,26.0707
2022-11-16,690606,20051471,28.2,30.05,27.6,28.7,0.95,507,0.9244929578412673,26.0707,26.5329,25.516,27.781
2022-11-17,141352,4073504,28.75,29.15,28.65,28.65,-0.05,144,0.9244929578412673,26.5792,26.4867,26.4867,26.949
2022-11-18,258498,7512131,29.15,29.6,28.3,28.5,-0.15,231,0.9244929578412673,26.949,26.348,26.1632,27.365
2022-11-21,155709,4428645,28.4,28.95,28.05,28.05,-0.45,120,0.9244929578412673,26.2556,25.932,25.932,26.7641
2022-11-22,183549,5144551,28.2,28.3,27.65,27.7,-0.35,120,0.9244929578412673,26.0707,25.6085,25.5622,26.1632
2022-11-23,161837,4507800,28.0,28.35,27.5,27.5,-0.2,189,0.9244929578412673,25.8858,25.4236,25.4236,26.2094
2022-11-24,201698,5628180,27.6,28.25,27.5,28.2,0.7,164,0.9244929578412673,25.516,26.0707,25.4236,26.1169
2022-11-25,121085,3343788,27.75,27.9,27.2,27.45,-0.75,108,0.9244929578412673,25.6547,25.3773,25.1462,25.7934
2022-11-28,84489,2307093,26.85,27.7,26.85,27.25,-0.2,89,0.9244929578412673,24.8226,25.1924,24.8226,25.6085
2022-11-29,115515,3117658,27.3,27.35,26.55,27.3,0.05,95,0.9244929578412673,25.2387,25.2387,24.5453,25.2849
2022-11-30,307399,8709308,27.35,28.95,27.35,28.3,1.0,270,0.9244929578412673,25.2849,26.1632,25.2849,26.7641
2022-12-01,344180,9971073,28.9,29.5,28.7,28.7,0.4,314,0.9244929578412673,26.7178,26.5329,26.5329,27.2725
2022-12-02,184080,5330210,28.85,29.2,28.7,28.85,0.15,136,0.9244929578412673,26.6716,26.6716,26.5329,26.9952
2022-12-05,408466,12083003,29.05,30.5,28.8,29.6,0.75,385,0.9244929578412673,26.8565,27.365,26.6254,28.197
2022-12-06,323776,9281950,29.65,29.65,28.1,28.1,-1.5,352,0.9244929578412673,27.4112,25.9783,25.9783,27.4112
2022-12-07,249560,6973970,28.05,28.55,27.3,27.7,-0.4,180,0.9244929578412673,25.932,25.6085,25.2387,26.3943
2022-12-08,1184024,35425030,28.3,30.45,28.25,30.45,2.75,673,0.9244929578412673,26.1632,28.1508,26.1169,28.1508
2022-12-09,3692046,114721658,31.55,32.5,29.5,30.0,-0.45,2495,0.9244929578412673,29.1678,27.7348,27.2725,30.046
2022-12-12,611394,18011334,29.5,29.75,29.1,29.35,-0.65,445,0.9244929578412673,27.2725,27.1339,26.9027,27.5037
2022-12-13,440249,12820065,30.2,30.2,28.6,28.75,-0.6,375,0.9244929578412673,27.9197,26.5792,26.4405,27.9197
2022-12-14,255571,7395950,28.8,29.15,28.75,29.0,0.25,195,0.9244929578412673,26.6254,26.8103,26.5792,26.949
2022-12-15,299051,8710529,28.9,29.4,28.8,29.15,0.15,178,0.9244929578412673,26.7178,26.949,26.6254,27.1801
2022-12-16,228873,6539134,28.55,29.15,28.4,28.5,-0.65,195,0.9244929578412673,26.3943,26.348,26.2556,26.949
2022-12-19,142167,4028274,28.15,28.6,28.15,28.4,-0.1,123,0.9244929578412673,26.0245,26.2556,26.0245,26.4405
2022-12-20,282714,7920242,28.35,28.8,27.15,27.65,-0.75,203,0.9244929578412673,26.2094,25.5622,25.1,26.6254
2022-12-21,199482,5598744,27.5,28.45,27.5,28.35,0.7,155,0.9244929578412673,25.4236,26.2094,25.4236,26.3018
2022-12-22,186067,5385361,28.95,29.3,28.6,28.65,0.3,160,0.9244929578412673,26.7641,26.4867,26.4405,27.0876
2022-12-23,76258,2155467,28.3,28.6,27.9,28.6,-0.05,78,0.9244929578412673,26.1632,26.4405,25.7934,26.4405
2022-12-26,80108,2272017,28.6,28.6,28.2,28.4,-0.2,67,0.9244929578412673,26.4405,26.2556,26.0707,26.4405
2022-12-27,74173,2132479,28.85,28.95,28.6,28.7,0.3,95,0.9244929578412673,26.6716,26.5329,26.4405,26.7641
2022-12-28,133257,3741384,28.6,28.6,27.8,27.85,-0.85,119,0.9244929578412673,26.4405,25.7471,25.7009,26.4405
2022-12-29,108229,2965981,27.4,27.75,27.2,27.75,-0.1,90,0.9244929578412673,25.3311,25.6547,25.1462,25.6547
2022-12-30,57107,1603353,28.1,28.4,27.85,27.85,0.1,65,0.9244929578412673,25.9783,25.7471,25.7471,26.2556
2023-01-03,69022,1909305,27.0,28.1,27.0,27.85,0.0,71,0.9244929578412673,24.9613,25.7471,24.9613,25.9783
2023-01-04,64293,1804803,28.0,28.25,27.9,28.05,0.2,75,0.9244929578412673,25.8858,25.932,25.7934,26.1169
2023-01-05,87617,2468697,28.2,28.45,27.9,27.9,-0.15,91,0.9244929578412673,26.0707,25.7934,25.7934,26.3018
2023-01-06,142141,4027680,27.7,28.6,27.7,28.5,0.6,117,0.9244929578412673,25.6085,26.348,25.6085,26.4405
2023-01-09,168904,4872735,28.6,29.2,28.6,28.6,0.1,150,0.9244929578412673,26.4405,26.4405,26.4405,26.9952
2023-01-10,180182,5236425,28.65,29.35,28.65,28.9,0.3,134,0.9244929578412673,26.4867,26.7178,26.4867,27.1339
2023-01-11,100431,2908160,28.95,29.1,28.75,29.1,0.2,113,0.9244929578412673,26.7641,26.9027,26.5792,26.9027
2023-01-12,251437,7357578,29.15,29.7,28.95,29.1,0.0,217,0.9244929578412673,26.949,26.9027,26.7641,27.4574
2023-01-13,188349,5399407,29.3,29.3,28.2,28.4,-0.7,191,0.9244929578412673,27.0876,26.2556,26.0707,27.0876
2023-01-16,48821,1379095,28.2,28.4,28.1,28.15,-0.25,90,0.9244929578412673,26.0707,26.0245,25.9783,26.2556
2023-01-17,68617,1923595,27.9,28.2,27.9,27.9,-0.25,72,0.9244929578412673,25.7934,25.7934,25.7934,26.0707
2023-01-30,220687,6375131,28.95,29.15,28.35,28.85,0.95,185,0.9244929578412673,26.7641,26.6716,26.2094,26.949
2023-01-31,106911,3105029,28.9,29.25,28.9,29.05,0.2,154,0.9244929578412673,26.7178,26.8565,26.7178,27.0414
2023-02-01,468645,13890943,29.2,30.3,29.15,30.0,0.95,392,0.9244929578412673,26.9952,27.7348,26.949,28.0121
2023-02-02,861378,26504990,30.55,31.3,30.15,30.5,0.5,522,0.9244929578412673,28.2433,28.197,27.8735,28.9366
2023-02-03,218678,6601874,30.5,30.5,29.9,29.95,-0.55,270,0.9244929578412673,28.197,27.6886,27.6423,28.197
2023-02-06,88744,2646059,29.6,30.3,29.6,29.8,-0.15,165,0.9244929578412673,27.365,27.5499,27.365,28.0121
2023-02-07,127983,3830707,29.8,30.2,29.7,30.05,0.25,197,0.9244929578412673,27.5499,27.781,27.4574,27.9197
2023-02-08,2122885,67254669,30.95,32.95,30.7,31.05,1.0,1634,0.9244929578412673,28.6131,28.7055,28.3819,30.462
2023-02-09,383836,11880126,31.05,31.5,30.5,30.65,-0.4,385,0.9244929578412673,28.7055,28.3357,28.197,29.1215
2023-02-10,304992,9225803,30.65,30.7,29.95,29.95,-0.7,311,0.9244929578412673,28.3357,27.6886,27.6886,28.3819
2023-02-13,168338,5102841,29.95,30.65,29.7,30.55,0.6,241,0.9244929578412673,27.6886,28.2433,27.4574,28.3357
2023-02-14,136733,4185880,30.85,30.9,30.45,30.5,-0.05,182,0.9244929578412673,28.5206,28.197,28.1508,28.5668
2023-02-15,192980,5831762,30.35,30.5,30.05,30.2,-0.3,205,0.9244929578412673,28.0584,27.9197,27.781,28.197
2023-02-16,197719,6085009,30.25,31.1,30.25,30.8,0.6,212,0.9244929578412673,27.9659,28.4744,27.9659,28.7517
2023-02-17,220822,6841745,30.8,31.3,30.5,31.1,0.3,227,0.9244929578412673,28.4744,28.7517,28.197,28.9366
2023-02-20,260814,8180626,31.15,31.75,31.15,31.4,0.3,276,0.9244929578412673,28.798,29.0291,28.798,29.3527
2023-02-21,171999,5411655,31.4,31.75,31.25,31.55,0.15,192,0.9244929578412673,29.0291,29.1678,28.8904,29.3527
2023-02-22,267820,8425451,31.1,31.9,31.0,31.8,0.25,259,0.9244929578412673,28.7517,29.3989,28.6593,29.4913
2023-02-23,449442,14444390,32.2,32.75,31.6,31.7,-0.1,390,0.9244929578412673,29.7687,29.3064,29.214,30.2771
2023-02-24,313206,9743718,31.65,31.7,30.6,30.8,-0.9,285,0.9244929578412673,29.2602,28.4744,28.2895,29.3064
2023-03-01,141240,4408674,30.85,31.5,30.5,31.3,0.5,303,0.9244929578412673,28.5206,28.9366,28.197,29.1215
2023-03-02,111294,3436752,31.05,31.3,30.75,30.85,-0.45,187,0.9244929578412673,28.7055,28.5206,28.4282,28.9366
2023-03-03,223579,6925818,31.45,31.45,30.75,31.1,0.25,228,0.9244929578412673,29.0753,28.7517,28.4282,29.0753
2023-03-06,305467,9680061,31.45,32.0,31.4,31.7,0.6,310,0.9244929578412673,29.0753,29.3064,29.0291,29.5838
2023-03-07,582983,18834858,32.4,32.75,31.8,32.35,0.65,545,0.9244929578412673,29.9536,29.9073,29.3989,30.2771
2023-03-08,1079940,37708905,32.0,35.55,32.0,35.55,3.2,630,0.9244929578412673,29.5838,32.8657,29.5838,32.8657
2023-03-09,4006851,150835870,38.8,39.1,36.0,36.0,0.45,2590,0.9244929578412673,35.8703,33.2817,33.2817,36.1477
2023-03-10,997854,34406666,35.1,35.2,33.85,33.9,-2.1,820,0.9244929578412673,32.4497,31.3403,31.2941,32.5422
2023-03-13,506237,16831601,33.3,33.85,32.55,33.75,-0.15,503,0.9244929578412673,30.7856,31.2016,30.0922,31.2941
2023-03-14,2251405,82723230,33.45,37.1,33.35,37.1,3.35,1381,0.9244929578412673,30.9243,34.2987,30.8318,34.2987
2023-03-15,5917052,224263884,38.0,39.0,37.25,38.2,1.1,4154,0.9244929578412673,35.1307,35.3156,34.4374,36.0552
2023-03-16,1206859,44682994,37.9,38.0,36.3,36.35,-1.85,1280,0.9244929578412673,35.0383,33.6053,33.5591,35.1307
2023-03-17,699468,25503208,37.05,37.15,36.05,36.05,-0.3,710,0.9244929578412673,34.2525,33.328,33.328,34.3449
2023-03-20,453173,16334750,36.3,36.5,35.7,35.9,-0.15,713,0.9244929578412673,33.5591,33.1893,33.0044,33.744
2023-03-21,1592938,59765238,36.35,38.2,36.35,37.35,1.45,1289,0.9244929578412673,33.6053,34.5298,33.6053,35.3156
2023-03-22,897167,33787062,37.5,38.2,37.15,37.35,0.0,875,0.9244929578412673,34.6685,34.5298,34.3449,35.3156
2023-03-23,372307,13898962,37.7,37.7,37.05,37.15,-0.2,457,0.9244929578412673,34.8534,34.3449,34.2525,34.8534
2023-03-24,5172923,204343067,38.3,40.85,37.3,37.3,0.15,3226,0.9244929578412673,35.4081,34.4836,34.4836,37.7655
2023-03-27,868337,32008513,37.3,37.65,36.2,36.25,-1.05,1162,0.9244929578412673,34.4836,33.5129,33.4666,34.8072
2023-03-28,720165,26039474,36.5,37.1,35.5,35.8,-0.45,831,0.9244929578412673,33.744,33.0968,32.8195,34.2987
2023-03-29,473453,16996278,35.8,36.65,35.25,36.3,0.5,817,0.9244929578412673,33.0968,33.5591,32.5884,33.8827
2023-03-30,659488,24367059,36.45,37.65,36.45,36.5,0.2,714,0.9244929578412673,33.6978,33.744,33.6978,34.8072
2023-03-31,244911,8955848,36.9,36.9,36.35,36.6,0.1,268,0.9244929578412673,34.1138,33.8364,33.6053,34.1138
2023-04-06,159432,5810598,36.85,36.85,36.05,36.5,-0.1,206,0.9244929578412673,34.0676,33.744,33.328,34.0676
2023-04-07,303263,11116645,36.7,37.2,36.25,36.4,-0.1,281,0.9244929578412673,33.9289,33.6515,33.5129,34.3911
2023-04-10,786202,29416834,36.75,37.95,36.75,37.3,0.9,620,0.9244929578412673,33.9751,34.4836,33.9751,35.0845
2023-04-11,455504,17147313,37.3,37.95,37.1,37.85,0.55,348,0.9244929578412673,34.4836,34.9921,34.2987,35.0845
2023-04-12,1413726,54901294,38.0,39.9,37.5,39.15,1.3,921,0.9244929578412673,35.1307,36.1939,34.6685,36.8873
2023-04-13,821828,31982262,39.15,39.5,38.4,38.4,-0.75,567,0.9244929578412673,36.1939,35.5005,35.5005,36.5175
2023-04-14,417349,16074137,38.75,39.05,38.0,38.05,-0.35,287,0.9244929578412673,35.8241,35.177,35.1307,36.1015
2023-04-17,676990,26224380,38.05,39.5,37.6,39.05,1.0,433,0.9244929578412673,35.177,36.1015,34.7609,36.5175
2023-04-18,1524895,60742526,39.05,41.2,38.75,39.1,0.05,1034,0.9244929578412673,36.1015,36.1477,35.8241,38.0891
2023-04-19,1839469,72193950,39.75,41.0,37.6,37.95,-1.15,1257,0.9244929578412673,36.7486,35.0845,34.7609,37.9042
2023-04-20,540251,20527020,38.1,38.65,37.2,37.6,-0.35,395,0.9244929578412673,35.2232,34.7609,34.3911,35.7317
2023-04-21,667698,24394662,37.8,37.85,35.8,36.2,-1.4,461,0.9244929578412673,34.9458,33.4666,33.0968,34.9921
2023-04-24,205174,7429887,36.05,36.7,35.6,36.35,0.15,161,0.9244929578412673,33.328,33.6053,32.9119,33.9289
2023-04-25,357248,12571438,36.6,36.75,34.45,34.85,-1.5,299,0.9244929578412673,33.8364,32.2186,31.8488,33.9751
2023-04-26,231038,8021065,34.55,35.35,34.1,35.25,0.4,193,0.9244929578412673,31.9412,32.5884,31.5252,32.6808
2023-04-27,119019,4219872,35.3,35.9,34.55,35.3,0.05,173,0.9244929578412673,32.6346,32.6346,31.9412,33.1893
2023-04-28,190951,6890528,36.0,36.5,35.85,35.9,0.6,177,0.9244929578412673,33.2817,33.1893,33.1431,33.744
2023-05-02,321870,11771580,36.0,36.9,36.0,36.6,0.7,210,0.9244929578412673,33.2817,33.8364,33.2817,34.1138
2023-05-03,133045,4809460,36.5,36.5,35.75,36.15,-0.45,110,0.9244929578412673,33.744,33.4204,33.0506,33.744
2023-05-04,150858,5478956,36.25,36.8,35.5,36.45,0.3,123,0.9244929578412673,33.5129,33.6978,32.8195,34.0213
2023-05-05,226070,8332776,36.6,37.35,36.45,37.1,0.65,178,0.9244929578412673,33.8364,34.2987,33.6978,34.5298
2023-05-08,5045942,205392749,40.0,40.8,40.0,40.8,3.7,2132,0.9244929578412673,36.9797,37.7193,36.9797,37.7193
2023-05-09,5408151,219980751,41.0,42.0,38.9,41.0,0.2,3469,0.9244929578412673,37.9042,37.9042,35.9628,38.8287
2023-05-10,5683380,241372335,41.8,44.9,40.75,41.2,0.2,3703,0.9244929578412673,38.6438,38.0891,37.6731,41.5097
2023-05-11,4113505,169355511,41.2,42.9,39.55,40.1,-1.1,2761,0.9244929578412673,38.0891,37.0722,36.5637,39.6607
2023-05-12,1234013,48806270,39.9,40.55,38.65,40.15,0.05,935,0.9244929578412673,36.8873,37.1184,35.7317,37.4882
2023-05-15,971061,37732085,40.15,40.15,38.2,38.35,-1.8,726,0.9244929578412673,37.1184,35.4543,35.3156,37.1184
2023-05-16,3586067,148583613,39.0,42.15,39.0,41.65,3.3,2543,0.9244929578412673,36.0552,38.5051,36.0552,38.9674
2023-05-17,7532395,329815368,41.05,45.4,41.0,42.4,0.75,5129,0.9244929578412673,37.9504,39.1985,37.9042,41.972
2023-05-18,3182093,136687476,42.95,43.95,41.6,43.15,0.75,2268,0.9244929578412673,39.707,39.8919,38.4589,40.6315
2023-05-19,2117267,90713783,42.95,44.0,41.6,44.0,0.85,1575,0.9244929578412673,39.707,40.6777,38.4589,40.6777
2023-05-22,3528746,155911066,45.15,45.15,43.5,43.5,-0.5,2292,0.9244929578412673,41.7409,40.2154,40.2154,41.7409
2023-05-23,1538079,66873357,43.7,44.45,42.8,42.8,-0.7,1179,0.9244929578412673,40.4003,39.5683,39.5683,41.0937
2023-05-24,1151840,49710441,42.8,43.95,42.55,42.7,-0.1,848,0.9244929578412673,39.5683,39.4758,39.3372,40.6315
2023-05-25,927780,39773659,43.3,43.5,42.35,42.55,-0.15,637,0.9244929578412673,40.0305,39.3372,39.1523,40.2154
2023-05-26,1169094,50387871,43.2,43.75,42.55,42.55,0.0,914,0.9244929578412673,39.9381,39.3372,39.3372,40.4466
2023-05-29,1160794,50212793,43.5,44.45,42.6,42.85,0.3,898,0.9244929578412673,40.2154,39.6145,39.3834,41.0937
2023-05-30,1993733,86984911,43.55,44.2,42.85,43.85,1.0,1226,0.9244929578412673,40.2617,40.539,39.6145,40.8626
2023-05-31,1100576,48140148,44.0,44.15,43.2,43.8,-0.05,812,0.9244929578412673,40.6777,40.4928,39.9381,40.8164
2023-06-01,2243482,100246715,43.6,45.55,43.4,44.85,1.05,1673,0.9244929578412673,40.3079,41.4635,40.123,42.1107
2023-06-02,3614537,166886186,44.95,48.4,44.0,47.55,2.7,2573,0.9244929578412673,41.556,43.9596,40.6777,44.7455
2023-06-05,2336298,121486825,50.5,52.3,49.6,52.3,4.75,1125,0.9244929578412673,46.6869,48.351,45.8549,48.351
2023-06-06,6147184,310631195,50.5,52.5,48.8,52.5,0.2,3912,0.9244929578412673,46.6869,48.5359,45.1153,48.5359
2023-06-07,5078170,276943360,53.1,56.4,53.1,53.9,1.4,3547,0.9244929578412673,49.0906,49.8302,49.0906,52.1414
2023-06-08,8693826,475565700,53.6,57.8,51.4,51.8,-2.1,5916,0.9244929578412673,49.5528,47.8887,47.5189,53.4357
2023-06-09,3325588,171816227,53.2,53.4,50.7,51.0,-0.8,2299,0.9244929578412673,49.183,47.1491,46.8718,49.3679
2023-06-12,1759030,90191753,51.5,52.6,50.1,51.5,0.5,1199,0.9244929578412673,47.6114,47.6114,46.3171,48.6283
2023-06-13,2137884,111050754,51.9,53.0,51.2,51.6,0.1,1470,0.9244929578412673,47.9812,47.7038,47.334,48.9981
2023-06-14,2008575,105794164,51.9,53.5,51.8,52.9,1.3,1409,0.9244929578412673,47.9812,48.9057,47.8887,49.4604
2023-06-15,1365964,71086929,51.8,52.8,51.3,52.0,0.0,946,0.9459512083134048,49.0003,49.1895,48.5273,49.9462
2023-06-16,1578096,82519568,52.5,53.3,51.4,52.1,0.1,1003,0.9459512083134048,49.6624,49.2841,48.6219,50.4192
2023-06-19,1098663,57269220,51.6,53.0,51.1,52.3,0.2,770,0.9459512083134048,48.8111,49.4732,48.3381,50.1354
2023-06-20,1064586,55518671,52.9,53.4,51.5,51.6,-0.7,880,0.9459512083134048,50.0408,48.8111,48.7165,50.5138
2023-06-21,1297836,68419228,51.6,53.5,51.5,52.3,0.7,901,0.9459512083134048,48.8111,49.4732,48.7165,50.6084
2023-06-26,2469221,132902284,52.4,55.3,51.6,53.5,1.2,2075,0.9459512083134048,49.5678,50.6084,48.8111,52.3111
2023-06-27,3993261,213001968,54.0,55.4,51.5,51.5,-2.0,3859,0.9459512083134048,51.0814,48.7165,48.7165,52.4057
2023-06-28,1717512,91188597,52.0,53.8,52.0,53.3,1.8,1126,0.9459512083134048,49.1895,50.4192,49.1895,50.8922
2023-06-29,4111704,225798538,53.6,56.0,53.3,55.3,2.0,3083,0.9459512083134048,50.703,52.3111,50.4192,52.9733
2023-06-30,1574299,85585022,55.0,55.7,53.7,54.1,-1.2,1461,0.9459512083134048,52.0273,51.176,50.7976,52.6895
2023-07-03,2485712,138229994,55.2,56.8,54.2,55.2,1.1,1788,0.9459512083134048,52.2165,52.2165,51.2706,53.73
2023-07-04,1920742,105808902,57.0,57.7,53.8,54.5,-0.7,1826,0.9459512083134048,53.9192,51.5543,50.8922,54.5814
2023-07-05,2467502,129755817,53.6,54.8,51.8,52.0,-2.5,2174,0.9459512083134048,50.703,49.1895,49.0003,51.8381
2023-07-06,1388826,71406122,52.0,52.3,50.6,51.0,-1.0,926,0.9459512083134048,49.1895,48.2435,47.8651,49.4732
2023-07-07,1276520,63650635,50.6,51.0,48.2,49.55,-1.45,1080,0.9459512083134048,47.8651,46.8719,45.5948,48.2435
2023-07-10,944383,48761325,50.3,53.5,50.0,51.1,1.55,745,0.9459512083134048,47.5813,48.3381,47.2976,50.6084
2023-07-11,755720,39218096,51.7,52.4,51.2,51.9,0.8,564,0.9459512083134048,48.9057,49.0949,48.4327,49.5678
2023-07-12,820856,41750029,52.5,52.6,49.0,50.2,-1.7,674,0.9459512083134048,49.6624,47.4868,46.3516,49.757
2023-07-13,729106,36908803,50.5,51.9,49.95,50.1,-0.1,566,0.9459512083134048,47.7705,47.3922,47.2503,49.0949
2023-07-14,544377,27397734,50.7,51.0,49.9,50.1,0.0,448,0.9459512083134048,47.9597,47.3922,47.203,48.2435
2023-07-17,798622,39745754,50.1,50.5,48.65,50.2,0.1,595,0.9459512083134048,47.3922,47.4868,46.0205,47.7705
2023-07-18,1398787,67627375,50.4,50.4,47.3,47.75,-2.45,1026,0.9459512083134048,47.6759,45.1692,44.7435,47.6759
2023-07-19,701702,33885224,48.05,49.2,47.65,47.7,-0.05,547,0.9459512083134048,45.453,45.1219,45.0746,46.5408
2023-07-20,451772,22211703,48.6,49.8,48.35,49.1,1.4,378,0.9459512083134048,45.9732,46.4462,45.7367,47.1084
2023-07-21,362720,17493271,48.45,48.95,47.5,48.3,-0.8,336,0.9459512083134048,45.8313,45.6894,44.9327,46.3043
2023-07-24,1015065,47413595,47.85,47.9,45.95,46.95,-1.35,1030,0.9459512083134048,45.2638,44.4124,43.4665,45.3111
2023-07-25,385880,18238620,46.95,47.65,46.7,47.2,0.25,359,0.9459512083134048,44.4124,44.6489,44.1759,45.0746
2023-07-26,540451,25248289,47.45,47.5,46.05,46.4,-0.8,600,0.9459512083134048,44.8854,43.8921,43.5611,44.9327
2023-07-27,328968,15578391,46.6,48.0,46.6,47.35,0.95,305,0.9459512083134048,44.0813,44.7908,44.0813,45.4057
2023-07-28,442932,20698451,47.95,47.95,46.4,46.8,-0.55,585,0.9459512083134048,45.3584,44.2705,43.8921,45.3584
2023-07-31,529006,25206299,47.2,48.4,46.95,47.0,0.2,446,0.9459512083134048,44.6489,44.4597,44.4124,45.784
2023-08-01,458546,21187916,47.0,47.35,45.6,45.6,-1.4,625,0.9459512083134048,44.4597,43.1354,43.1354,44.7908
2023-08-02,549247,24426936,45.65,45.8,43.95,44.1,-1.5,625,0.9459512083134048,43.1827,41.7164,41.5746,43.3246
2023-08-04,1199754,55555485,44.3,47.3,44.3,47.1,3.0,919,0.9459512083134048,41.9056,44.5543,41.9056,44.7435
2023-08-07,371335,17271565,46.8,47.15,45.8,46.65,-0.45,315,0.9459512083134048,44.2705,44.1286,43.3246,44.6016
2023-08-08,363645,16648440,46.65,46.65,45.35,45.5,-1.15,353,0.9459512083134048,44.1286,43.0408,42.8989,44.1286
2023-08-09,172086,7843420,45.5,46.15,45.25,45.4,-0.1,150,0.9459512083134048,43.0408,42.9462,42.8043,43.6556
2023-08-10,522293,23129665,45.3,45.35,43.9,44.1,-1.3,383,0.9459512083134048,42.8516,41.7164,41.5273,42.8989
2023-08-11,272522,12042937,44.25,44.9,43.8,43.8,-0.3,201,0.9459512083134048,41.8583,41.4327,41.4327,42.4732
2023-08-14,189443,8244980,44.0,44.15,43.05,43.6,-0.2,185,0.9459512083134048,41.6219,41.2435,40.7232,41.7637
2023-08-15,135113,5946125,44.5,44.6,43.65,44.15,0.55,136,0.9459512083134048,42.0948,41.7637,41.2908,42.1894
2023-08-16,256855,11084357,43.7,43.85,42.5,43.7,-0.45,221,0.9459512083134048,41.3381,41.3381,40.2029,41.48
2023-08-17,190141,8406521,43.3,44.7,43.1,44.55,0.85,191,0.9459512083134048,40.9597,42.1421,40.7705,42.284
2023-08-18,138482,6133731,44.55,45.1,43.7,43.85,-0.7,189,0.9459512083134048,42.1421,41.48,41.3381,42.6624
2023-08-21,107344,4712060,44.35,44.35,43.5,44.05,0.2,136,0.9459512083134048,41.9529,41.6692,41.1489,41.9529
2023-08-22,150568,6610119,44.15,45.0,43.55,43.55,-0.5,198,0.9459512083134048,41.7637,41.1962,41.1962,42.5678
2023-08-23,239886,10708522,44.05,45.0,43.9,44.85,1.3,287,0.9459512083134048,41.6692,42.4259,41.5273,42.5678
2023-08-24,300655,13640486,45.0,46.1,44.65,44.9,0.05,264,0.9459512083134048,42.5678,42.4732,42.2367,43.6084
2023-08-25,138925,6255693,44.6,45.45,44.55,44.85,-0.05,213,0.9459512083134048,42.1894,42.4259,42.1421,42.9935
2023-08-28,257615,11362455,45.3,45.3,43.5,43.5,-1.35,269,0.9459512083134048,42.8516,41.1489,41.1489,42.8516
2023-08-29,105506,4656607,43.55,44.65,43.55,44.5,1.0,99,0.9459512083134048,41.1962,42.0948,41.1962,42.2367
2023-08-30,230546,10479650,44.55,45.75,44.55,45.4,0.9,311,0.9459512083134048,42.1421,42.9462,42.1421,43.2773
2023-08-31,392804,18162844,45.5,46.75,44.85,46.45,1.05,336,0.9459512083134048,43.0408,43.9394,42.4259,44.2232
2023-09-01,496951,23182301,46.9,47.25,45.5,46.55,0.1,408,0.9459512083134048,44.3651,44.034,43.0408,44.6962
2023-09-04,968500,46141673,46.8,48.45,46.1,48.45,1.9,581,0.9459512083134048,44.2705,45.8313,43.6084,45.8313
2023-09-05,2469467,122208496,48.5,50.6,47.85,48.95,0.5,2016,0.9459512083134048,45.8786,46.3043,45.2638,47.8651
2023-09-06,2786003,143158720,48.75,52.9,48.5,52.0,3.05,2072,0.9459512083134048,46.1151,49.1895,45.8786,50.0408
2023-09-07,4619248,242818308,52.4,54.0,51.2,52.5,0.5,3426,0.9459512083134048,49.5678,49.6624,48.4327,51.0814
2023-09-08,1104051,57391245,52.0,53.0,51.3,51.7,-0.8,901,0.9459512083134048,49.1895,48.9057,48.5273,50.1354
2023-09-11,755948,38734405,51.7,52.3,50.4,51.3,-0.4,669,0.9459512083134048,48.9057,48.5273,47.6759,49.4732
2023-09-12,837757,42331375,51.4,51.7,49.35,51.3,0.0,961,0.9459512083134048,48.6219,48.5273,46.6827,48.9057
2023-09-13,546889,27956897,50.7,51.6,50.3,51.4,0.1,509,0.9459512083134048,47.9597,48.6219,47.5813,48.8111
2023-09-14,1767666,91707762,51.6,53.2,50.7,50.7,-0.7,1280,0.9459512083134048,48.8111,47.9597,47.9597,50.3246
2023-09-15,663875,33929335,51.2,52.0,50.6,50.6,-0.1,622,0.9459512083134048,48.4327,47.8651,47.8651,49.1895
2023-09-18,470706,24196344,50.6,52.1,50.6,50.7,0.1,471,0.9459512083134048,47.8651,47.9597,47.8651,49.2841
2023-09-19,436988,21979220,50.7,51.1,49.85,50.2,-0.5,422,0.9459512083134048,47.9597,47.4868,47.1557,48.3381
2023-09-20,410860,20208549,50.9,51.0,48.7,48.85,-1.35,522,0.9459512083134048,48.1489,46.2097,46.0678,48.2435
2023-09-21,529240,25006534,48.65,48.65,46.6,46.6,-2.25,431,0.9459512083134048,46.0205,44.0813,44.0813,46.0205
2023-09-22,264511,12246565,46.6,46.8,45.5,46.3,-0.3,225,0.9459512083134048,44.0813,43.7975,43.0408,44.2705
2023-09-25,185140,8638220,46.3,46.95,46.3,46.55,0.25,229,0.9459512083134048,43.7975,44.034,43.7975,44.4124
2023-09-26,307839,14051080,46.6,46.7,45.1,45.4,-1.15,287,0.9459512083134048,44.0813,42.9462,42.6624,44.1759
2023-09-27,202143,9089483,45.5,45.5,44.6,45.1,-0.3,191,0.9459512083134048,43.0408,42.6624,42.1894,43.0408
2023-09-28,199108,9005339,45.6,45.75,45.0,45.1,0.0,187,0.9459512083134048,43.1354,42.6624,42.5678,43.2773
2023-10-02,180464,8280322,45.4,46.2,45.4,45.85,0.75,192,0.9459512083134048,42.9462,43.3719,42.9462,43.7029
2023-10-03,222615,10222792,46.5,46.5,45.55,45.6,-0.25,215,0.9459512083134048,43.9867,43.1354,43.0881,43.9867
2023-10-04,206869,9274936,45.2,45.35,44.6,45.0,-0.6,212,0.9459512083134048,42.757,42.5678,42.1894,42.8989
2023-10-05,783601,36433796,45.6,47.3,45.35,47.1,2.1,608,0.9459512083134048,43.1354,44.5543,42.8989,44.7435
2023-10-06,1104373,53235486,47.5,49.9,46.95,47.9,0.8,855,0.9459512083134048,44.9327,45.3111,44.4124,47.203
2023-10-11,704773,32752020,47.55,47.9,45.8,46.25,-1.65,591,0.9459512083134048,44.98,43.7502,43.3246,45.3111
2023-10-12,231761,10854475,46.6,47.2,46.3,47.05,0.8,204,0.9459512083134048,44.0813,44.507,43.7975,44.6489
2023-10-13,197258,9136687,47.3,47.3,45.9,46.05,-1.0,210,0.9459512083134048,44.7435,43.5611,43.4192,44.7435
2023-10-16,257295,11618796,45.85,45.85,44.85,44.9,-1.15,218,0.9459512083134048,43.3719,42.4732,42.4259,43.3719
2023-10-17,276321,12586849,45.2,46.25,45.0,45.1,0.2,270,0.9459512083134048,42.757,42.6624,42.5678,43.7502
2023-10-18,1054647,48944705,45.1,48.35,45.05,45.6,0.5,991,0.9459512083134048,42.6624,43.1354,42.6151,45.7367
2023-10-19,2571265,126562489,46.65,50.1,46.5,50.1,4.5,1585,0.9459512083134048,44.1286,47.3922,43.9867,47.3922
2023-10-20,7629405,376456700,52.3,53.0,46.8,47.4,-2.7,4836,0.9459512083134048,49.4732,44.8381,44.2705,50.1354
2023-10-23,4897470,243976001,47.0,51.4,46.45,49.85,2.45,3334,0.9459512083134048,44.4597,47.1557,43.9394,48.6219
2023-10-24,2806187,139634265,49.35,52.5,48.5,48.7,-1.15,2514,0.9459512083134048,46.6827,46.0678,45.8786,49.6624
2023-10-25,9762655,515549756,50.5,53.5,50.5,53.5,4.8,5646,0.9459512083134048,47.7705,50.6084,47.7705,50.6084
2023-10-26,12472675,656023979,53.1,54.4,50.5,50.5,-3.0,6807,0.9459512083134048,50.23,47.7705,47.7705,51.4597
2023-10-27,4235518,212196583,51.1,51.7,48.7,49.8,-0.7,2838,0.9459512083134048,48.3381,47.1084,46.0678,48.9057
2023-10-30,3467190,177645041,49.8,52.2,49.3,52.1,2.3,2582,0.9459512083134048,47.1084,49.2841,46.6354,49.3787
2023-10-31,3282509,165975001,52.1,52.4,49.2,49.2,-2.9,3086,0.9459512083134048,49.2841,46.5408,46.5408,49.5678
2023-11-01,1285565,62633305,50.2,50.4,48.1,48.3,-0.9,925,0.9459512083134048,47.4868,45.6894,45.5003,47.6759
2023-11-02,2793153,142141494,49.2,51.8,48.8,51.4,3.1,2112,0.9459512083134048,46.5408,48.6219,46.1624,49.0003
2023-11-03,3299562,171231917,52.4,52.8,50.6,51.9,0.5,2272,0.9459512083134048,49.5678,49.0949,47.8651,49.9462
2023-11-06,5629739,296807385,53.6,54.4,51.2,51.3,-0.6,3895,0.9459512083134048,50.703,48.5273,48.4327,51.4597
2023-11-07,7039965,377511078,51.0,55.4,50.7,53.0,1.7,4576,0.9459512083134048,48.2435,50.1354,47.9597,52.4057
2023-11-08,9732994,528621599,53.2,56.3,53.0,53.9,0.9,6376,0.9459512083134048,50.3246,50.9868,50.1354,53.2571
2023-11-09,4650056,249955600,54.4,55.0,52.4,53.8,-0.1,3074,0.9459512083134048,51.4597,50.8922,49.5678,52.0273
2023-11-10,2040947,107432883,52.9,53.5,51.8,53.0,-0.8,1601,0.9459512083134048,50.0408,50.1354,49.0003,50.6084
2023-11-13,1798418,95705373,53.6,54.0,52.5,52.6,-0.4,1437,0.9459512083134048,50.703,49.757,49.6624,51.0814
2023-11-14,5726038,312741305,52.6,55.5,52.2,55.1,2.5,3768,0.9459512083134048,49.757,52.1219,49.3787,52.5003
2023-11-15,6577820,368959986,56.7,57.2,55.0,55.8,0.7,4321,0.9459512083134048,53.6354,52.7841,52.0273,54.1084
2023-11-16,7157810,429994953,57.3,61.3,57.2,61.3,5.5,3909,0.9459512083134048,54.203,57.9868,54.1084,57.9868
2023-11-17,15110648,995109779,63.5,67.4,63.3,67.4,6.1,7117,0.9459512083134048,60.0679,63.7571,59.8787,63.7571
2023-11-20,20136425,1408407376,69.8,72.6,68.1,69.9,2.5,12045,0.9459512083134048,66.0274,66.122,64.4193,68.6761
2023-11-21,7589503,522478157,70.1,70.5,67.3,67.5,-2.4,5223,0.9459512083134048,66.3112,63.8517,63.6625,66.6896
2023-11-22,13286511,951279907,68.8,74.2,68.0,74.2,6.7,8861,0.9459512083134048,65.0814,70.1896,64.3247,70.1896
2023-11-23,29915165,2240731815,76.2,78.7,70.3,72.4,-1.8,18845,0.9459512083134048,72.0815,68.4869,66.5004,74.4464
2023-11-24,7715246,547113657,73.1,74.1,68.8,69.6,-2.8,5262,0.9459512083134048,69.149,65.8382,65.0814,70.095
2023-11-27,4252226,291252430,70.2,70.3,67.0,67.2,-2.4,3955,0.9459512083134048,66.4058,63.5679,63.3787,66.5004
2023-11-28,18580600,1337028863,68.3,73.9,67.5,73.9,6.7,11977,0.9459512083134048,64.6085,69.9058,63.8517,69.9058
2023-11-29,27860866,2104793123,74.8,78.3,73.1,77.8,3.9,18300,0.9459512083134048,70.7572,73.595,69.149,74.068
2023-11-30,10414713,795308258,78.0,78.2,75.1,75.3,-2.5,6802,0.9459512083134048,73.7842,71.2301,71.0409,73.9734
2023-12-01,6872217,519687019,75.9,77.3,74.2,74.3,-1.0,5328,0.9459512083134048,71.7977,70.2842,70.1896,73.122
2023-12-04,4179641,307335493,74.4,75.5,72.3,73.1,-1.2,3004,0.9459512083134048,70.3788,69.149,68.3923,71.4193
2023-12-05,3337857,239928641,73.1,73.3,70.6,71.7,-1.4,2680,0.9459512083134048,69.149,67.8247,66.7842,69.3382
2023-12-06,14615802,1120237428,72.3,78.8,72.3,78.8,7.1,8729,0.9459512083134048,68.3923,74.541,68.3923,74.541
2023-12-07,21312970,1624528743,80.0,80.1,72.1,73.2,-5.6,13431,0.9459512083134048,75.6761,69.2436,68.2031,75.7707
2023-12-08,15146018,1138552814,74.2,77.1,72.8,73.0,-0.2,10330,0.9459512083134048,70.1896,69.0544,68.8652,72.9328
2023-12-11,4415075,321868007,74.5,74.8,71.8,73.3,0.3,3549,0.9459512083134048,70.4734,69.3382,67.9193,70.7572
2023-12-12,4448344,323192206,73.6,74.4,71.3,73.4,0.1,3549,0.9459512083134048,69.622,69.4328,67.4463,70.3788
2023-12-13,3067627,222176828,73.2,73.3,71.7,72.2,-1.2,2367,0.9459512083134048,69.2436,68.2977,67.8247,69.3382
2023-12-14,5070528,359363526,72.6,73.8,69.2,69.5,-2.7,3670,0.9459512083134048,68.6761,65.7436,65.4598,69.8112
2023-12-15,4637928,316522798,69.2,70.2,67.1,67.5,-2.0,2915,0.9459512083134048,65.4598,63.8517,63.4733,66.4058
2023-12-18,3483050,237765062,68.4,69.8,67.1,67.8,0.3,2530,0.9459512083134048,64.7031,64.1355,63.4733,66.0274
2023-12-19,2264865,151101878,67.5,67.8,65.5,67.1,-0.7,1622,0.9459512083134048,63.8517,63.4733,61.9598,64.1355
2023-12-20,2677815,182567021,67.7,69.4,66.6,69.3,2.2,2127,0.9459512083134048,64.0409,65.5544,63.0004,65.649
2023-12-21,5711740,400174197,68.5,71.7,67.8,69.4,0.1,4118,0.9459512083134048,64.7977,65.649,64.1355,67.8247
2023-12-22,16371147,1192911190,70.0,74.5,69.6,72.0,2.6,11645,0.9459512083134048,66.2166,68.1085,65.8382,70.4734
2023-12-25,9711058,707274231,72.5,74.0,70.4,73.4,1.4,6899,0.9459512083134048,68.5815,69.4328,66.595,70.0004
2023-12-26,12130099,899287622,73.4,76.0,72.5,74.5,1.1,8226,0.9459512083134048,69.4328,70.4734,68.5815,71.8923
2023-12-27,14933610,1130814332,75.5,77.0,74.5,74.6,0.1,10489,0.9459512083134048,71.4193,70.568,70.4734,72.8382
2023-12-28,6827977,507604516,75.4,75.9,73.1,75.2,0.6,5189,0.9459512083134048,71.3247,71.1355,69.149,71.7977
2023-12-29,3849184,286169139,74.6,75.2,73.2,74.6,-0.6,2975,0.9459512083134048,70.568,70.568,69.2436,71.1355
2024-01-02,2936958,219687788,74.5,75.6,73.5,75.2,0.6,2485,0.9459512083134048,70.4734,71.1355,69.5274,71.5139
2024-01-03,4182714,310951267,74.5,76.0,73.1,73.5,-1.7,3392,0.9459512083134048,70.4734,69.5274,69.149,71.8923
2024-01-04,4857050,355041945,73.6,75.5,71.8,72.2,-1.3,3908,0.9459512083134048,69.622,68.2977,67.9193,71.4193
2024-01-05,14412091,1085242453,72.0,76.6,72.0,74.4,2.2,10368,0.9459512083134048,68.1085,70.3788,68.1085,72.4599
2024-01-08,10398794,776486121,75.2,76.6,72.8,73.5,-0.9,6932,0.9459512083134048,71.1355,69.5274,68.8652,72.4599
2024-01-09,4388241,318242620,74.2,74.8,71.4,71.9,-1.6,3158,0.9459512083134048,70.1896,68.0139,67.5409,70.7572
2024-01-10,19244466,1452477086,71.9,77.8,71.8,73.9,2.0,14893,0.9459512083134048,68.0139,69.9058,67.9193,73.595
2024-01-11,8190994,600618298,74.4,74.9,72.3,73.6,-0.3,5491,0.9459512083134048,70.3788,69.622,68.3923,70.8517
2024-01-12,7271058,531983344,72.9,75.0,71.7,72.1,-1.5,4927,0.9459512083134048,68.9598,68.2031,67.8247,70.9463
2024-01-15,17754133,1376795661,73.1,79.3,72.8,79.3,7.2,11011,0.9459512083134048,69.149,75.0139,68.8652,75.0139
2024-01-16,47589995,4057048826,82.1,87.2,81.5,87.2,7.9,24235,0.9459512083134048,77.6626,82.4869,77.095,82.4869
2024-01-17,62252037,5359676716,88.5,90.4,81.1,83.2,-4.0,35434,0.9459512083134048,83.7167,78.7031,76.7166,85.514
2024-01-18,14057315,1132930557,83.0,84.5,78.6,79.0,-4.2,9613,0.9459512083134048,78.514,74.7301,74.3518,79.9329
2024-01-19,13317904,1062412231,79.5,81.8,77.8,80.3,1.3,8999,0.9459512083134048,75.2031,75.9599,73.595,77.3788
2024-01-22,9454024,763062315,80.5,82.6,79.1,79.8,-0.5,6520,0.9459512083134048,76.1491,75.4869,74.8247,78.1356
2024-01-23,9304196,754589340,79.9,82.5,79.6,80.5,0.7,6594,0.9459512083134048,75.5815,76.1491,75.2977,78.041
2024-01-24,4281299,343176736,81.2,81.5,78.9,78.9,-1.6,3250,0.9459512083134048,76.8112,74.6356,74.6356,77.095
2024-01-25,4343862,336560742,79.0,79.7,76.1,76.1,-2.8,3189,0.9459512083134048,74.7301,71.9869,71.9869,75.3923
2024-01-26,3566118,269210587,76.1,76.8,74.0,74.0,-2.1,2699,0.9459512083134048,71.9869,70.0004,70.0004,72.6491
2024-01-29,4281265,319807403,73.9,75.9,73.1,75.0,1.0,3081,0.9459512083134048,69.9058,70.9463,69.149,71.7977
2024-01-30,2663220,200349493,75.2,76.1,74.5,75.4,0.4,2022,0.9459512083134048,71.1355,71.3247,70.4734,71.9869
2024-01-31,12591559,998354356,75.5,81.5,75.0,79.7,4.3,9203,0.9459512083134048,71.4193,75.3923,70.9463,77.095
2024-02-01,29458929,2473147330,79.5,86.4,79.0,82.7,3.0,19489,0.9459512083134048,75.2031,78.2302,74.7301,81.7302
2024-02-02,26659206,2303112370,84.6,88.4,84.4,85.6,2.9,17272,0.9459512083134048,80.0275,80.9734,79.8383,83.6221
2024-02-05,18056387,1471257822,87.0,88.5,77.3,77.7,-7.9,12306,0.9459512083134048,82.2978,73.5004,73.122,83.7167
2024-02-15,4437690,348250908,78.3,80.1,77.0,78.8,1.1,3445,0.9459512083134048,74.068,74.541,72.8382,75.7707
2024-02-16,9258328,752260885,78.9,83.4,78.9,81.3,2.5,7051,0.9459512083134048,74.6356,76.9058,74.6356,78.8923
2024-02-19,3260547,258244814,81.0,81.4,78.4,79.0,-2.3,2892,0.9459512083134048,76.622,74.7301,74.1626,77.0004
2024-02-20,3751464,292369493,78.8,79.8,75.8,78.5,-0.5,3109,0.9459512083134048,74.541,74.2572,71.7031,75.4869
2024-02-21,2058830,159642815,78.2,78.9,77.0,77.5,-1.0,1930,0.9459512083134048,73.9734,73.3112,72.8382,74.6356
2024-02-22,2087617,161772907,78.1,78.5,76.8,76.9,-0.6,1702,0.9459512083134048,73.8788,72.7436,72.6491,74.2572
2024-02-23,1877599,143964256,77.7,78.1,75.5,75.9,-1.0,1773,0.9459512083134048,73.5004,71.7977,71.4193,73.8788
2024-02-26,2954732,230229419,75.9,79.1,75.9,78.2,2.3,2440,0.9459512083134048,71.7977,73.9734,71.7977,74.8247
2024-02-27,4524163,356916214,77.9,81.2,77.0,77.8,-0.4,3736,0.9459512083134048,73.6896,73.595,72.8382,76.8112
2024-02-29,2430798,190146683,77.8,79.7,77.4,77.6,-0.2,1975,0.9459512083134048,73.595,73.4058,73.2166,75.3923
2024-03-01,1583636,122562615,78.0,78.3,77.0,77.0,-0.6,1273,0.9459512083134048,73.7842,72.8382,72.8382,74.068
2024-03-04,1357366,103672113,76.8,77.5,75.6,75.6,-1.4,1386,0.9459512083134048,72.6491,71.5139,71.5139,73.3112
2024-03-05,2291385,170122913,75.6,76.6,73.5,74.4,-1.2,1955,0.9459512083134048,71.5139,70.3788,69.5274,72.4599
2024-03-06,1858995,136386401,73.6,74.9,72.1,72.4,-2.0,1642,0.9459512083134048,69.622,68.4869,68.2031,70.8517
2024-03-07,1947465,137930317,72.6,72.9,69.5,69.5,-2.9,1916,0.9459512083134048,68.6761,65.7436,65.7436,68.9598
2024-03-08,1866059,129424121,69.7,71.0,68.3,69.5,0.0,2035,0.9459512083134048,65.9328,65.7436,64.6085,67.1625
2024-03-11,662116,46560173,69.2,71.2,69.2,70.5,1.0,1313,0.9459512083134048,65.4598,66.6896,65.4598,67.3517
2024-03-12,637418,45196307,70.5,71.4,70.5,71.1,0.6,1065,0.9459512083134048,66.6896,67.2571,66.6896,67.5409
2024-03-13,1098599,76373612,71.0,71.4,68.6,69.7,-1.4,1196,0.9459512083134048,67.1625,65.9328,64.8923,67.5409
2024-03-14,881255,61353438,69.9,71.1,68.5,69.2,-0.5,1127,0.9459512083134048,66.122,65.4598,64.7977,67.2571
2024-03-15,604987,42028982,68.7,70.0,68.7,69.9,0.7,899,0.9459512083134048,64.9868,66.122,64.9868,66.2166
2024-03-18,886581,63328897,69.5,72.9,69.5,71.8,1.9,936,0.9459512083134048,65.7436,67.9193,65.7436,68.9598
2024-03-19,661241,47106220,71.1,72.1,70.6,70.8,-1.0,1203,0.9459512083134048,67.2571,66.9733,66.7842,68.2031
2024-03-20,889251,62678893,70.8,71.6,69.5,69.6,-1.2,1011,0.9459512083134048,66.9733,65.8382,65.7436,67.7301
2024-03-21,605682,41929714,70.0,70.7,68.7,68.7,-0.9,758,0.9459512083134048,66.2166,64.9868,64.9868,66.8788
2024-03-22,1072826,72642685,69.1,69.1,67.0,68.5,-0.2,982,0.9459512083134048,65.3652,64.7977,63.3787,65.3652
2024-03-25,439347,29976035,68.6,69.2,67.6,67.8,-0.7,973,0.9459512083134048,64.8923,64.1355,63.9463,65.4598
2024-03-26,767460,51170227,68.0,68.5,65.9,65.9,-1.9,948,0.9459512083134048,64.3247,62.3382,62.3382,64.7977
2024-03-27,710351,46376401,65.9,66.3,64.8,64.9,-1.0,1293,0.9459512083134048,62.3382,61.3922,61.2976,62.7166
2024-03-28,762733,50181496,65.2,66.4,65.2,66.1,1.2,1208,0.9459512083134048,61.676,62.5274,61.676,62.8112
2024-03-29,1197100,80669772,66.3,68.5,66.3,66.3,0.2,1305,0.9459512083134048,62.7166,62.7166,62.7166,64.7977
2024-04-01,1152538,78166065,66.8,69.2,66.8,67.0,0.7,1300,0.9459512083134048,63.1895,63.3787,63.1895,65.4598
2024-04-02,1197856,80918237,67.3,68.4,66.3,67.6,0.6,1144,0.9459512083134048,63.6625,63.9463,62.7166,64.7031
2024-04-03,1096924,74598042,67.9,68.9,66.8,67.6,0.0,1233,0.9459512083134048,64.2301,63.9463,63.1895,65.176
2024-04-08,774728,51567872,68.0,68.1,66.0,66.1,-1.5,841,0.9459512083134048,64.3247,62.5274,62.4328,64.4193
2024-04-09,786979,51460263,66.4,66.5,64.8,65.5,-0.6,615,0.9459512083134048,62.8112,61.9598,61.2976,62.9058
2024-04-10,369769,24243505,65.8,66.1,65.1,65.2,-0.3,455,0.9459512083134048,62.2436,61.676,61.5814,62.5274
2024-04-11,423579,27366112,65.5,65.6,64.3,64.6,-0.6,503,0.9459512083134048,61.9598,61.1084,60.8247,62.0544
2024-04-12,499451,32034464,64.8,65.1,63.8,63.8,-0.8,521,0.9459512083134048,61.2976,60.3517,60.3517,61.5814
2024-04-15,523121,32788502,63.5,63.5,62.1,62.2,-1.6,687,0.9459512083134048,60.0679,58.8382,58.7436,60.0679
2024-04-16,916154,56021920,62.0,62.1,60.5,60.7,-1.5,974,0.9459512083134048,58.649,57.4192,57.23,58.7436
2024-04-17,638446,39458540,61.1,62.5,61.0,62.0,1.3,649,0.9459512083134048,57.7976,58.649,57.703,59.122
2024-04-18,390154,24028075,61.8,62.6,60.7,61.3,-0.7,634,0.9459512083134048,58.4598,57.9868,57.4192,59.2165
2024-04-19,763501,45352157,60.7,61.0,57.6,59.8,-1.5,813,0.9459512083134048,57.4192,56.5679,54.4868,57.703
2024-04-22,528487,30918355,59.7,60.1,57.4,57.4,-2.4,907,0.9459512083134048,56.4733,54.2976,54.2976,56.8517
2024-04-23,400956,23446042,57.8,59.1,57.8,58.8,1.4,411,0.9459512083134048,54.676,55.6219,54.676,55.9057
2024-04-24,654120,39280667,58.8,60.5,58.8,59.8,1.0,624,0.9459512083134048,55.6219,56.5679,55.6219,57.23
2024-04-25,368611,21704960,59.6,60.9,58.2,58.5,-1.3,442,0.9459512083134048,56.3787,55.3381,55.0544,57.6084
2024-04-26,344913,20165137,58.9,59.4,57.8,58.3,-0.2,322,0.9459512083134048,55.7165,55.149,54.676,56.1895
2024-04-29,317748,18656097,58.3,59.2,58.3,58.8,0.5,435,0.9459512083134048,55.149,55.6219,55.149,56.0003
2024-04-30,232104,13564145,59.2,59.2,58.0,58.7,-0.1,227,0.9459512083134048,56.0003,55.5273,54.8652,56.0003
2024-05-02,237185,13912493,59.0,59.1,57.9,58.8,0.1,258,0.9459512083134048,55.8111,55.6219,54.7706,55.9057
2024-05-03,266753,15590103,59.1,59.4,58.1,58.3,-0.5,552,0.9459512083134048,55.9057,55.149,54.9598,56.1895
2024-05-06,345979,20143258,58.3,58.9,57.6,58.9,0.6,333,0.9459512083134048,55.149,55.7165,54.4868,55.7165
2024-05-07,235777,13746411,59.0,59.1,57.8,58.0,-0.9,427,0.9459512083134048,55.8111,54.8652,54.676,55.9057
2024-05-08,207902,12115191,58.6,58.7,57.9,57.9,-0.1,221,0.9459512083134048,55.4327,54.7706,54.7706,55.5273
2024-05-09,264275,15141867,57.9,57.9,56.9,57.3,-0.6,357,0.9459512083134048,54.7706,54.203,53.8246,54.7706
2024-05-10,376819,21274491,57.1,57.1,55.9,57.1,-0.2,381,0.9459512083134048,54.0138,54.0138,52.8787,54.0138
2024-05-13,198709,11333798,57.1,57.6,56.1,57.5,0.4,271,0.9459512083134048,54.0138,54.3922,53.0679,54.4868
2024-05-14,521132,30390333,57.2,58.7,57.2,58.2,0.7,735,0.9459512083134048,54.1084,55.0544,54.1084,55.5273
2024-05-15,869236,52020160,58.8,60.8,58.8,59.7,1.5,1162,0.9459512083134048,55.6219,56.4733,55.6219,57.5138
2024-05-16,425628,25379682,60.0,60.7,59.1,59.6,-0.1,608,0.9459512083134048,56.7571,56.3787,55.9057,57.4192
2024-05-17,315977,18990063,59.3,60.5,59.3,60.5,0.9,312,0.9459512083134048,56.0949,57.23,56.0949,57.23
2024-05-20,192201,11550594,60.6,60.7,59.8,59.9,-0.6,402,0.9459512083134048,57.3246,56.6625,56.5679,57.4192
2024-05-21,150453,8989714,60.3,60.5,59.2,60.5,0.6,185,0.9459512083134048,57.0409,57.23,56.0003,57.23
2024-05-22,217071,13078346,60.5,60.6,60.0,60.1,-0.4,398,0.9459512083134048,57.23,56.8517,56.7571,57.3246
2024-05-23,691256,42226730,60.4,62.8,59.8,60.9,0.8,683,0.9459512083134048,57.1355,57.6084,56.5679,59.4057
2024-05-24,271499,16364661,60.9,61.0,59.7,60.3,-0.6,541,0.9459512083134048,57.6084,57.0409,56.4733,57.703
2024-05-27,531805,32538633,60.3,62.0,60.0,61.7,1.4,479,0.9459512083134048,57.0409,58.3652,56.7571,58.649
2024-05-28,1441261,91414196,62.2,64.3,62.0,63.9,2.2,1262,0.9459512083134048,58.8382,60.4463,58.649,60.8247
2024-05-29,5448027,364640274,64.0,69.8,63.9,66.8,2.9,4441,0.9459512083134048,60.5409,63.1895,60.4463,66.0274
2024-05-30,4573800,307660507,66.8,68.9,65.2,66.0,-0.8,3899,0.9459512083134048,63.1895,62.4328,61.676,65.176
2024-05-31,4728891,322604674,68.0,69.5,66.5,68.5,2.5,3758,0.9459512083134048,64.3247,64.7977,62.9058,65.7436
2024-06-03,1121055,75922638,68.5,68.5,67.0,67.8,-0.7,1221,0.9459512083134048,64.7977,64.1355,63.3787,64.7977
2024-06-04,1282341,87283230,67.8,69.0,67.2,67.2,-0.6,1190,0.9459512083134048,64.1355,63.5679,63.5679,65.2706
2024-06-05,776909,51019996,67.4,67.9,64.7,64.8,-2.4,888,0.9459512083134048,63.7571,61.2976,61.203,64.2301
2024-06-06,617384,39505049,65.3,66.2,63.0,63.0,-1.8,591,0.9459512083134048,61.7706,59.5949,59.5949,62.622
2024-06-07,329475,20888886,63.5,64.1,63.0,63.4,0.4,279,0.9459512083134048,60.0679,59.9733,59.5949,60.6355
2024-06-11,395635,24879861,64.4,64.7,62.0,62.1,-1.3,427,0.9459512083134048,60.9193,58.7436,58.649,61.203
2024-06-12,666520,42141925,62.6,64.3,61.8,63.3,1.2,530,0.9459512083134048,59.2165,59.8787,58.4598,60.8247
2024-06-13,484001,30222705,62.6,62.8,61.9,62.7,0.0,372,0.9642304587155962,60.3608,60.4572,59.6859,60.5537
2024-06-14,398163,24783723,62.1,62.9,61.9,62.5,-0.2,287,0.9642304587155962,59.8787,60.2644,59.6859,60.6501
2024-06-17,706845,45047664,62.6,65.3,62.2,64.2,1.7,543,0.9642304587155962,60.3608,61.9036,59.9751,62.9642
2024-06-18,424413,27221503,64.9,64.9,63.8,63.8,-0.4,432,0.9642304587155962,62.5786,61.5179,61.5179,62.5786
2024-06-19,331178,21038284,64.6,64.6,63.1,63.1,-0.7,372,0.9642304587155962,62.2893,60.8429,60.8429,62.2893
2024-06-20,433265,27816822,63.1,64.8,63.0,64.2,1.1,583,0.9642304587155962,60.8429,61.9036,60.7465,62.4821
2024-06-21,267398,17046676,63.5,64.5,63.1,63.4,-0.8,358,0.9642304587155962,61.2286,61.1322,60.8429,62.1929
2024-06-24,234252,14730755,62.9,63.7,62.5,62.5,-0.9,287,0.9642304587155962,60.6501,60.2644,60.2644,61.4215
2024-06-25,619732,37564529,61.6,61.6,59.1,60.9,0.0,495,0.9724770642201834,59.9046,59.2239,57.4734,59.9046
2024-06-26,520034,31535568,61.5,61.8,59.5,59.5,-1.4,469,0.9724770642201834,59.8073,57.8624,57.8624,60.0991
2024-06-27,330095,19402576,59.5,59.7,58.1,58.2,-1.3,431,0.9724770642201834,57.8624,56.5982,56.5009,58.0569
2024-06-28,181239,10604463,58.2,59.0,58.2,58.2,0.0,212,0.9724770642201834,56.5982,56.5982,56.5982,57.3761
2024-07-01,242111,14036488,58.5,58.5,57.7,57.7,-0.5,230,0.9724770642201834,56.8899,56.1119,56.1119,56.8899
2024-07-02,179903,10361282,57.5,58.1,57.2,57.8,0.1,264,0.9724770642201834,55.9174,56.2092,55.6257,56.5009
2024-07-03,567690,33719683,58.0,60.1,58.0,59.8,2.0,503,0.9724770642201834,56.4037,58.1541,56.4037,58.4459
2024-07-04,399089,24200071,60.0,61.3,60.0,60.1,0.3,890,0.9724770642201834,58.3486,58.4459,58.3486,59.6128
2024-07-05,333641,20057660,60.0,60.7,59.3,60.6,0.5,413,0.9724770642201834,58.3486,58.9321,57.6679,59.0294
2024-07-08,263521,15560922,60.6,60.6,58.4,58.9,-1.7,518,0.9724770642201834,58.9321,57.2789,56.7927,58.9321
2024-07-09,435128,25033894,58.7,58.8,56.8,57.7,-1.2,495,0.9724770642201834,57.0844,56.1119,55.2367,57.1817
2024-07-10,178784,10403215,57.6,58.7,57.6,58.1,0.4,197,0.9724770642201834,56.0147,56.5009,56.0147,57.0844
2024-07-11,157253,9151211,58.2,58.6,57.8,58.4,0.3,170,0.9724770642201834,56.5982,56.7927,56.2092,56.9872
2024-07-12,255033,14894624,58.0,59.1,57.8,58.1,-0.3,315,0.9724770642201834,56.4037,56.5009,56.2092,57.4734
2024-07-15,2585241,158944127,58.7,63.0,58.1,61.5,3.4,2195,0.9724770642201834,57.0844,59.8073,56.5009,61.2661
2024-07-16,4567828,288886617,61.8,65.8,60.9,62.5,1.0,3482,0.9724770642201834,60.0991,60.7798,59.2239,63.989
2024-07-17,2150773,135970299,62.5,64.5,61.9,62.3,-0.2,1803,0.9724770642201834,60.7798,60.5853,60.1963,62.7248
2024-07-18,699490,42556974,61.7,61.7,60.2,60.6,-1.7,902,0.9724770642201834,60.0018,58.9321,58.5431,60.0018
2024-07-19,531183,31744821,60.9,61.8,58.2,58.2,-2.4,806,0.9724770642201834,59.2239,56.5982,56.5982,60.0991
2024-07-22,507743,28595762,57.6,58.1,55.1,55.8,-2.4,797,0.9724770642201834,56.0147,54.2642,53.5835,56.5009
2024-07-23,461739,26344230,56.8,58.0,56.2,56.7,0.9,435,0.9724770642201834,55.2367,55.1394,54.6532,56.4037
2024-07-26,356624,19603418,56.0,56.6,54.4,54.6,-2.1,393,0.9724770642201834,54.4587,53.0972,52.9028,55.0422
2024-07-29,500928,26438660,55.4,55.6,51.7,52.0,-2.6,488,0.9724770642201834,53.8752,50.5688,50.2771,54.0697
2024-07-30,317965,16662410,52.0,53.5,51.4,53.5,1.5,285,0.9724770642201834,50.5688,52.0275,49.9853,52.0275
2024-07-31,94091,5037040,53.0,54.0,52.8,53.4,-0.1,125,0.9724770642201834,51.5413,51.9303,51.3468,52.5138
2024-08-01,227826,12477672,54.2,55.3,54.1,55.0,1.6,255,0.9724770642201834,52.7083,53.4862,52.611,53.778
2024-08-02,406318,21445449,54.3,54.3,51.6,51.7,-3.3,560,0.9724770642201834,52.8055,50.2771,50.1798,52.8055
2024-08-05,929506,43754578,50.0,50.0,46.55,47.85,-3.85,813,0.9724770642201834,48.6239,46.533,45.2688,48.6239
2024-08-06,802675,36783280,46.45,48.8,43.7,45.45,-2.4,768,0.9724770642201834,45.1716,44.1991,42.4972,47.4569
2024-08-07,570632,27799393,46.3,49.95,46.25,49.6,4.15,485,0.9724770642201834,45.0257,48.2349,44.9771,48.5752
2024-08-08,204866,9958992,48.55,49.15,48.1,48.35,-1.25,297,0.9724770642201834,47.2138,47.0193,46.7761,47.7972
2024-08-09,285144,14029597,49.05,49.9,48.65,48.65,0.3,359,0.9724770642201834,47.7,47.311,47.311,48.5266
2024-08-12,194334,9529939,48.6,49.45,48.55,48.9,0.25,213,0.9724770642201834,47.2624,47.5541,47.2138,48.089
2024-08-13,185392,9076189,49.0,49.3,48.25,48.9,0.0,219,0.9724770642201834,47.6514,47.5541,46.922,47.9431
2024-08-14,435579,21946325,49.9,51.8,49.8,49.8,0.9,388,0.9724770642201834,48.5266,48.4294,48.4294,50.3743
2024-08-15,145078,7231954,49.65,50.4,49.5,49.65,-0.15,209,0.9724770642201834,48.2835,48.2835,48.1376,49.0128
2024-08-16,206937,10355861,49.75,50.4,49.7,50.2,0.55,217,0.9724770642201834,48.3807,48.8183,48.3321,49.0128
2024-08-19,213968,10757000,51.3,51.3,49.85,49.85,-0.35,201,0.9724770642201834,49.8881,48.478,48.478,49.8881
2024-08-20,168445,8437447,50.0,50.7,49.55,49.8,-0.05,182,0.9724770642201834,48.6239,48.4294,48.1862,49.3046
2024-08-21,131323,6497580,49.5,50.4,49.1,49.25,-0.55,138,0.9724770642201834,48.1376,47.8945,47.7486,49.0128
2024-08-22,113882,5637008,49.2,49.75,49.2,49.35,0.1,99,0.9724770642201834,47.8459,47.9917,47.8459,48.3807
2024-08-23,119062,5834281,49.35,49.65,48.5,49.65,0.3,135,0.9724770642201834,47.9917,48.2835,47.1651,48.2835
2024-08-26,141301,7014666,49.7,50.3,49.0,49.15,-0.5,252,0.9724770642201834,48.3321,47.7972,47.6514,48.9156
2024-08-27,62830,3105900,49.15,49.85,49.15,49.7,0.55,175,0.9724770642201834,47.7972,48.3321,47.7972,48.478
2024-08-28,75373,3727237,49.25,49.8,49.2,49.25,-0.45,166,0.9724770642201834,47.8945,47.8945,47.8459,48.4294
2024-08-29,116226,5764191,49.05,49.85,49.05,49.45,0.2,175,0.9724770642201834,47.7,48.089,47.7,48.478
2024-08-30,337057,17137624,50.5,51.5,50.3,50.4,0.95,360,0.9724770642201834,49.1101,49.0128,48.9156,50.0826
2024-09-02,95008,4801792,51.2,51.2,50.2,50.2,-0.2,138,0.9724770642201834,49.7908,48.8183,48.8183,49.7908
2024-09-03,123062,6097311,50.4,50.4,48.75,49.7,-0.5,282,0.9724770642201834,49.0128,48.3321,47.4083,49.0128
2024-09-04,295804,13820607,48.65,48.65,46.0,46.0,-3.7,359,0.9724770642201834,47.311,44.7339,44.7339,47.311
2024-09-05,108689,5048689,46.8,47.2,45.55,45.8,-0.2,155,0.9724770642201834,45.5119,44.5394,44.2963,45.9009
2024-09-06,153833,7157765,46.5,47.0,46.05,46.55,0.75,146,0.9724770642201834,45.2202,45.2688,44.7826,45.7064
2024-09-09,194740,8975155,43.8,49.55,43.8,49.55,3.0,219,0.9724770642201834,42.5945,48.1862,42.5945,48.1862
2024-09-10,322493,15212635,48.7,49.2,46.05,46.05,-3.5,302,0.9724770642201834,47.3596,44.7826,44.7826,47.8459
2024-09-11,103418,4785378,46.75,46.75,46.05,46.05,0.0,124,0.9724770642201834,45.4633,44.7826,44.7826,45.4633
2024-09-12,127604,5947944,46.3,47.0,46.15,46.65,0.6,125,0.9724770642201834,45.0257,45.3661,44.8798,45.7064
2024-09-13,186723,8817197,46.95,48.05,46.55,47.85,1.2,153,0.9724770642201834,45.6578,46.533,45.2688,46.7275
2024-09-16,87595,4187976,47.55,48.15,47.5,47.8,-0.05,96,0.9724770642201834,46.2413,46.4844,46.1927,46.8248
2024-09-18,86916,4126799,47.45,48.2,46.65,46.65,-1.15,107,0.9724770642201834,46.144,45.3661,45.3661,46.8734
2024-09-19,79762,3761218,46.65,47.5,46.55,47.4,0.75,113,0.9724770642201834,45.3661,46.0954,45.2688,46.1927
2024-09-20,104901,5038329,48.5,48.55,47.75,47.8,0.4,132,0.9724770642201834,47.1651,46.4844,46.4358,47.2138
2024-09-23,314149,15441906,47.8,49.8,47.8,49.05,1.25,433,0.9724770642201834,46.4844,47.7,46.4844,48.4294
2024-09-24,135425,6581423,48.75,49.5,48.3,48.5,-0.55,292,0.9724770642201834,47.4083,47.1651,46.9706,48.1376
2024-09-25,1006274,51856275,49.15,53.1,49.0,51.8,3.3,1128,0.9724770642201834,47.7972,50.3743,47.6514,51.6385
2024-09-26,3305820,183170607,54.8,56.9,52.6,56.9,5.1,2304,0.9724770642201834,53.2917,55.3339,51.1523,55.3339
2024-09-27,8848326,513608062,58.6,60.6,55.1,57.9,1.0,6432,0.9724770642201834,56.9872,56.3064,53.5835,58.9321
2024-09-30,994493,56377121,56.8,57.4,55.7,56.5,-1.4,1023,0.9724770642201834,55.2367,54.945,54.167,55.8202
2024-10-01,702725,38811402,56.3,56.6,54.7,54.7,-1.8,668,0.9724770642201834,54.7505,53.1945,53.1945,55.0422
2024-10-04,335077,18031667,54.7,54.7,53.3,53.5,-1.2,497,0.9724770642201834,53.1945,52.0275,51.833,53.1945
2024-10-07,256807,13754433,53.7,54.3,53.0,53.8,0.3,387,0.9724770642201834,52.222,52.3193,51.5413,52.8055
2024-10-08,189825,10127317,54.4,54.4,52.8,53.4,-0.4,201,0.9724770642201834,52.9028,51.9303,51.3468,52.9028
2024-10-09,382996,19918669,54.1,54.1,51.2,51.2,-2.2,424,0.9724770642201834,52.611,49.7908,49.7908,52.611
2024-10-11,307853,15898229,50.6,52.4,50.6,51.5,0.3,313,0.9724770642201834,49.2073,50.0826,49.2073,50.9578
2024-10-14,116087,5962947,51.2,52.0,51.1,51.4,-0.1,150,0.9724770642201834,49.7908,49.9853,49.6936,50.5688
2024-10-15,579344,30393476,52.1,53.4,51.6,51.7,0.3,483,0.9724770642201834,50.6661,50.2771,50.1798,51.9303
2024-10-16,124122,6375416,51.4,51.8,51.2,51.2,-0.5,157,0.9724770642201834,49.9853,49.7908,49.7908,50.3743
2024-10-17,122130,6306940,51.2,52.0,51.2,51.7,0.5,182,0.9724770642201834,49.7908,50.2771,49.7908,50.5688
2024-10-18,183542,9332309,51.8,51.8,50.3,50.3,-1.4,300,0.9724770642201834,50.3743,48.9156,48.9156,50.3743
2024-10-21,644864,34012514,50.9,53.7,50.9,53.7,3.4,541,0.9724770642201834,49.4991,52.222,49.4991,52.222
2024-10-22,317125,16891841,53.9,53.9,52.6,53.6,-0.1,310,0.9724770642201834,52.4165,52.1248,51.1523,52.4165
2024-10-23,400470,21615485,54.5,54.6,53.0,53.9,0.3,313,0.9724770642201834,53.0,52.4165,51.5413,53.0972
2024-10-24,249352,13263651,54.2,54.2,52.6,53.3,-0.6,292,0.9724770642201834,52.7083,51.833,51.1523,52.7083
2024-10-25,228479,12119230,53.5,53.5,52.6,53.3,0.0,220,0.9724770642201834,52.0275,51.833,51.1523,52.0275
2024-10-28,213944,11235498,52.8,53.1,51.9,52.2,-1.1,226,0.9724770642201834,51.3468,50.7633,50.4716,51.6385
2024-10-29,77864,3995581,51.6,51.8,51.1,51.1,-1.1,171,0.9724770642201834,50.1798,49.6936,49.6936,50.3743
2024-10-30,298486,15625671,51.2,53.3,51.0,52.1,1.0,270,0.9724770642201834,49.7908,50.6661,49.5963,51.833
2024-11-01,117632,6074549,52.0,52.1,51.3,51.5,-0.6,171,0.9724770642201834,50.5688,50.0826,49.8881,50.6661
2024-11-04,147870,7460898,51.0,51.0,50.1,50.1,-1.4,237,0.9724770642201834,49.5963,48.7211,48.7211,49.5963
2024-11-05,145973,7415161,50.1,51.4,50.1,50.8,0.7,141,0.9724770642201834,48.7211,49.4018,48.7211,49.9853
2024-11-06,80293,4087023,50.8,51.3,50.6,50.8,0.0,88,0.9724770642201834,49.4018,49.4018,49.2073,49.8881
2024-11-07,215555,11224062,51.8,52.6,51.5,52.1,1.3,210,0.9724770642201834,50.3743,50.6661,50.0826,51.1523
2024-11-08,150636,7742063,52.6,52.6,50.6,50.6,-1.5,292,0.9724770642201834,51.1523,49.2073,49.2073,51.1523
2024-11-11,199889,10129351,51.7,51.8,50.1,50.7,0.1,175,0.9724770642201834,50.2771,49.3046,48.7211,50.3743
2024-11-12,222087,11029323,50.5,50.5,49.3,49.35,-1.35,325,0.9724770642201834,49.1101,47.9917,47.9431,49.1101
2024-11-13,138666,6900490,49.35,50.6,49.15,49.6,0.25,145,0.9724770642201834,47.9917,48.2349,47.7972,49.2073
2024-11-14,152736,7401249,50.0,50.0,48.05,48.05,-1.55,192,0.9724770642201834,48.6239,46.7275,46.7275,48.6239
2024-11-15,104292,5053002,48.85,48.9,48.15,48.5,0.45,103,0.9724770642201834,47.5055,47.1651,46.8248,47.5541
2024-11-18,86014,4114138,48.05,48.4,47.65,47.7,-0.8,105,0.9724770642201834,46.7275,46.3872,46.3385,47.0679
2024-11-19,97637,4723602,47.4,49.2,47.4,48.45,0.75,108,0.9724770642201834,46.0954,47.1165,46.0954,47.8459
2024-11-20,102283,4944550,49.05,49.05,47.85,48.65,0.2,119,0.9724770642201834,47.7,47.311,46.533,47.7
2024-11-21,109487,5314607,48.15,49.4,48.0,48.4,-0.25,120,0.9724770642201834,46.8248,47.0679,46.6789,48.0404
2024-11-22,79092,3870206,48.85,49.5,48.3,48.3,-0.1,129,0.9724770642201834,47.5055,46.9706,46.9706,48.1376
2024-11-25,104339,5126372,49.05,49.4,48.8,49.3,1.0,117,0.9724770642201834,47.7,47.9431,47.4569,48.0404
2024-11-26,68600,3375579,49.05,49.5,48.95,49.05,-0.25,101,0.9724770642201834,47.7,47.7,47.6028,48.1376
2024-11-27,99700,4800477,49.05,49.1,47.7,47.7,-1.35,177,0.9724770642201834,47.7,46.3872,46.3872,47.7486
2024-11-28,102563,4844140,47.75,48.8,46.75,47.3,-0.4,162,0.9724770642201834,46.4358,45.9982,45.4633,47.4569
2024-11-29,112829,5310430,47.25,47.7,46.85,47.1,-0.2,136,0.9724770642201834,45.9495,45.8037,45.5606,46.3872
2024-12-02,177306,8575313,48.05,49.0,47.35,48.7,1.6,190,0.9724770642201834,46.7275,47.3596,46.0468,47.6514
2024-12-03,84046,4071162,49.0,49.1,47.9,48.05,-0.65,155,0.9724770642201834,47.6514,46.7275,46.5817,47.7486
2024-12-04,222353,10825014,48.2,49.0,48.2,48.8,0.75,168,0.9724770642201834,46.8734,47.4569,46.8734,47.6514
2024-12-05,128172,6225707,49.0,49.0,48.3,48.5,-0.3,104,0.9724770642201834,47.6514,47.1651,46.9706,47.6514
2024-12-06,1568862,81501983,48.9,53.3,48.5,53.3,4.8,1152,0.9724770642201834,47.5541,51.833,47.1651,51.833
2024-12-09,8045510,453320998,55.0,58.5,53.5,53.5,0.2,6311,0.9724770642201834,53.4862,52.0275,52.0275,56.8899
2024-12-10,2615871,139459184,52.3,54.9,51.6,52.9,-0.6,2506,0.9724770642201834,50.8606,51.444,50.1798,53.389
2024-12-11,2015213,105590997,53.0,54.2,50.5,51.6,-1.3,1978,0.9724770642201834,51.5413,50.1798,49.1101,52.7083
2024-12-12,701148,35248369,51.7,51.9,49.1,49.1,-2.5,769,0.9724770642201834,50.2771,47.7486,47.7486,50.4716
2024-12-13,523680,25577958,49.55,50.1,47.5,47.9,-1.2,599,0.9724770642201834,48.1862,46.5817,46.1927,48.7211
2024-12-16,2563576,127156182,47.95,51.7,47.65,48.4,0.5,2181,0.9724770642201834,46.6303,47.0679,46.3385,50.2771
2024-12-17,563576,27116891,48.5,48.95,47.55,47.95,-0.45,611,0.9724770642201834,47.1651,46.6303,46.2413,47.6028
2024-12-18,262673,12559044,48.0,48.7,47.35,47.7,-0.25,343,0.9724770642201834,46.6789,46.3872,46.0468,47.3596
2024-12-19,179561,8552214,47.5,48.2,47.4,47.7,0.0,205,0.9724770642201834,46.1927,46.3872,46.0954,46.8734
2024-12-20,196337,9390428,48.3,48.65,47.2,47.55,-0.15,238,0.9724770642201834,46.9706,46.2413,45.9009,47.311
2024-12-23,883846,43441224,47.85,49.8,47.85,49.15,1.6,780,0.9724770642201834,46.533,47.7972,46.533,48.4294
2024-12-24,292368,14262167,49.8,49.8,48.0,48.0,-1.15,356,0.9724770642201834,48.4294,46.6789,46.6789,48.4294
2024-12-25,148074,7174422,48.5,48.8,48.15,48.8,0.8,159,0.9724770642201834,47.1651,47.4569,46.8248,47.4569
2024-12-26,182150,8806201,49.2,49.2,48.0,48.0,-0.8,209,0.9724770642201834,47.8459,46.6789,46.6789,47.8459
2024-12-27,1352218,67236501,48.5,51.0,48.05,48.2,0.2,1048,0.9724770642201834,47.1651,46.8734,46.7275,49.5963
2024-12-30,317242,15123238,48.1,48.7,47.3,47.55,-0.65,315,0.9724770642201834,46.7761,46.2413,45.9982,47.3596
2024-12-31,197977,9378617,47.75,48.15,47.0,47.0,-0.55,279,0.9724770642201834,46.4358,45.7064,45.7064,46.8248
2025-01-02,163442,7692819,47.5,47.95,46.6,46.6,-0.4,242,0.9724770642201834,46.1927,45.3174,45.3174,46.6303
2025-01-03,110600,5161216,47.1,47.3,46.2,46.3,-0.3,219,0.9724770642201834,45.8037,45.0257,44.9284,45.9982
2025-01-06,118773,5497000,46.95,46.95,45.85,46.2,-0.1,281,0.9724770642201834,45.6578,44.9284,44.5881,45.6578
2025-01-07,182494,8527497,46.5,47.2,46.4,46.4,0.2,205,0.9724770642201834,45.2202,45.1229,45.1229,45.9009
2025-01-08,254259,11723677,46.25,46.4,45.95,45.95,-0.45,265,0.9724770642201834,44.9771,44.6853,44.6853,45.1229
2025-01-09,290406,13559485,46.0,47.3,45.9,46.55,0.6,329,0.9724770642201834,44.7339,45.2688,44.6367,45.9982
2025-01-10,139225,6465562,46.65,46.7,46.0,46.4,-0.15,143,0.9724770642201834,45.3661,45.1229,44.7339,45.4147
2025-01-13,241955,10757310,45.95,45.95,43.85,43.85,-2.55,801,0.9724770642201834,44.6853,42.6431,42.6431,44.6853
2025-01-14,71325,3141001,44.4,44.45,43.25,44.25,0.4,300,0.9724770642201834,43.178,43.0321,42.0596,43.2266
2025-01-15,110007,4844502,44.3,44.3,43.6,43.75,-0.5,162,0.9724770642201834,43.0807,42.5459,42.4,43.0807
2025-01-16,75676,3336010,44.5,44.5,44.0,44.1,0.35,92,0.9724770642201834,43.2752,42.8862,42.789,43.2752
2025-01-17,129693,5576619,44.1,44.1,42.6,42.6,-1.5,216,0.9724770642201834,42.8862,41.4275,41.4275,42.8862
2025-01-20,237907,10121990,43.3,43.3,42.0,42.25,-0.35,213,0.9724770642201834,42.1083,41.0872,40.844,42.1083
2025-01-21,228931,9708843,42.35,43.15,42.2,42.2,-0.05,831,0.9724770642201834,41.1844,41.0385,41.0385,41.9624
2025-01-22,236384,10147813,42.65,43.35,42.25,43.0,0.8,770,0.9724770642201834,41.4761,41.8165,41.0872,42.1569
2025-02-03,256710,10926313,42.95,43.45,41.45,43.0,0.0,838,0.9724770642201834,41.7679,41.8165,40.3092,42.2541
2025-02-04,640736,29013184,43.45,46.4,43.45,45.15,2.15,864,0.9724770642201834,42.2541,43.9073,42.2541,45.1229
2025-02-05,254389,11532129,45.2,45.8,44.8,45.6,0.45,554,0.9724770642201834,43.956,44.345,43.567,44.5394
2025-02-06,90707,4132316,45.1,45.75,45.1,45.65,0.05,518,0.9724770642201834,43.8587,44.3936,43.8587,44.4908
2025-02-07,72191,3295037,45.05,46.0,45.05,45.7,0.05,502,0.9724770642201834,43.8101,44.4422,43.8101,44.7339
2025-02-10,75881,3426426,45.1,45.8,45.0,45.2,-0.5,664,0.9724770642201834,43.8587,43.956,43.7615,44.5394
2025-02-11,94105,4253233,46.25,46.3,44.85,45.25,0.05,581,0.9724770642201834,44.9771,44.0046,43.6156,45.0257
2025-02-12,107577,4868048,45.25,45.95,44.75,44.95,-0.3,1008,0.9724770642201834,44.0046,43.7128,43.5183,44.6853
2025-02-13,95423,4327045,44.85,45.55,44.85,45.2,0.25,370,0.9724770642201834,43.6156,43.956,43.6156,44.2963
2025-02-14,138210,6335109,45.2,46.3,45.2,45.7,0.5,318,0.9724770642201834,43.956,44.4422,43.956,45.0257
2025-02-17,86269,3968908,46.1,46.2,45.7,45.95,0.25,295,0.9724770642201834,44.8312,44.6853,44.4422,44.9284
2025-02-18,239564,11189453,46.1,47.4,46.0,46.5,0.55,590,0.9724770642201834,44.8312,45.2202,44.7339,46.0954
2025-02-19,93859,4374789,47.1,47.1,46.3,46.7,0.2,261,0.9724770642201834,45.8037,45.4147,45.0257,45.8037
2025-02-20,114949,5370921,46.35,47.2,46.3,46.3,-0.4,400,0.9724770642201834,45.0743,45.0257,45.0257,45.9009
2025-02-21,163024,7542337,46.05,46.6,46.0,46.1,-0.2,334,0.9724770642201834,44.7826,44.8312,44.7339,45.3174
2025-02-24,107824,5008666,45.65,46.8,45.5,46.65,0.55,291,0.9724770642201834,44.3936,45.3661,44.2477,45.5119
2025-02-25,64635,2985524,46.0,46.65,45.9,46.2,-0.45,155,0.9724770642201834,44.7339,44.9284,44.6367,45.3661
2025-02-26,66590,3083067,46.45,46.7,45.9,46.3,0.1,279,0.9724770642201834,45.1716,45.0257,44.6367,45.4147
2025-02-27,58491,2681355,46.3,46.3,45.65,45.7,-0.6,231,0.9724770642201834,45.0257,44.4422,44.3936,45.0257
2025-03-03,93925,4201770,45.25,45.25,44.5,44.55,-1.15,256,0.9724770642201834,44.0046,43.3239,43.2752,44.0046
2025-03-04,81875,3623628,43.35,44.8,43.35,44.8,0.25,177,0.9724770642201834,42.1569,43.567,42.1569,43.567
2025-03-05,76711,3439552,45.3,45.3,44.35,44.75,-0.05,176,0.9724770642201834,44.0532,43.5183,43.1294,44.0532
2025-03-06,75382,3344452,44.7,44.8,44.0,44.05,-0.7,247,0.9724770642201834,43.4697,42.8376,42.789,43.567
2025-03-07,88964,3898653,44.3,44.6,43.55,43.65,-0.4,199,0.9724770642201834,43.0807,42.4486,42.3514,43.3725
2025-03-10,68309,2969825,43.65,44.35,43.2,43.25,-0.4,211,0.9724770642201834,42.4486,42.0596,42.011,43.1294
2025-03-11,47818,2039494,43.25,43.25,41.65,43.15,-0.1,192,0.9724770642201834,42.0596,41.9624,40.5037,42.0596
2025-03-12,81308,3571176,43.6,44.2,43.15,43.7,0.55,155,0.9724770642201834,42.4,42.4972,41.9624,42.9835
2025-03-13,73488,3169348,43.7,44.0,42.75,42.75,-0.95,291,0.9724770642201834,42.4972,41.5734,41.5734,42.789
2025-03-14,116098,4986906,43.7,43.7,42.6,43.05,0.3,169,0.9724770642201834,42.4972,41.8651,41.4275,42.4972
2025-03-17,50280,2178245,43.2,43.65,43.15,43.25,0.2,222,0.9724770642201834,42.011,42.0596,41.9624,42.4486
2025-03-18,146684,6484321,43.85,44.6,43.8,44.3,1.05,212,0.9724770642201834,42.6431,43.0807,42.5945,43.3725
2025-03-19,77944,3426663,44.3,44.3,43.7,43.95,-0.35,235,0.9724770642201834,43.0807,42.7404,42.4972,43.0807
2025-03-20,71358,3126445,44.55,44.55,43.6,43.95,0.0,178,0.9724770642201834,43.3239,42.7404,42.4,43.3239
2025-03-21,48425,2131814,43.95,44.3,43.75,44.3,0.35,252,0.9724770642201834,42.7404,43.0807,42.5459,43.0807
2025-03-24,106621,4644456,44.15,44.2,43.05,43.15,-1.15,282,0.9724770642201834,42.9349,41.9624,41.8651,42.9835
2025-03-25,91234,3913708,43.55,43.75,42.55,42.65,-0.5,229,0.9724770642201834,42.3514,41.4761,41.3789,42.5459
2025-03-26,56814,2417773,42.5,43.05,42.3,42.35,-0.3,340,0.9724770642201834,41.3303,41.1844,41.1358,41.8651
2025-03-27,75695,3172227,42.3,42.35,41.75,41.8,-0.55,146,0.9724770642201834,41.1358,40.6495,40.6009,41.1844
2025-03-28,226203,9160510,41.55,41.9,39.75,40.35,-1.45,237,0.9724770642201834,40.4064,39.2394,38.656,40.7468
2025-03-31,368492,13959740,39.0,39.2,37.1,37.1,-3.25,379,0.9724770642201834,37.9266,36.0789,36.0789,38.1211
2025-04-01,170280,6504517,37.1,38.85,37.1,38.25,1.15,212,0.9724770642201834,36.0789,37.1972,36.0789,37.7807
2025-04-02,79227,3052191,38.25,38.85,38.0,38.85,0.6,129,0.9724770642201834,37.1972,37.7807,36.9541,37.7807
2025-04-07,19456,680960,35.0,35.0,35.0,35.0,-3.85,107,0.9724770642201834,34.0367,34.0367,34.0367,34.0367
2025-04-08,102494,3229132,31.5,31.5,31.5,31.5,-3.5,302,0.9724770642201834,30.633,30.633,30.633,30.633
2025-04-09,167706,4755299,28.35,28.35,28.35,28.35,-3.15,218,0.9724770642201834,27.5697,27.5697,27.5697,27.5697
2025-04-10,799085,24362071,29.3,31.15,29.3,31.15,2.8,519,0.9724770642201834,28.4936,30.2927,28.4936,30.2927
2025-04-11,415800,12064051,28.05,30.8,28.05,29.75,-1.4,526,0.9724770642201834,27.278,28.9312,27.278,29.9523
2025-04-14,239954,7416435,30.35,32.3,30.15,30.4,0.65,271,0.9724770642201834,29.5147,29.5633,29.3202,31.411
2025-04-15,225678,7157599,30.55,32.55,30.55,32.15,1.75,264,0.9724770642201834,29.7092,31.2651,29.7092,31.6541
2025-04-16,153037,4915557,32.0,32.55,31.5,32.55,0.4,198,0.9724770642201834,31.1193,31.6541,30.633,31.6541
2025-04-17,124912,4067103,32.55,33.4,31.9,32.5,-0.05,210,0.9724770642201834,31.6541,31.6055,31.022,32.4807
2025-04-18,64868,2114790,32.7,32.95,32.25,32.35,-0.15,168,0.9724770642201834,31.8,31.4596,31.3624,32.0431
2025-04-21,80052,2537682,32.35,32.35,31.5,31.65,-0.7,181,0.9724770642201834,31.4596,30.7789,30.633,31.4596
2025-04-22,72812,2256244,29.8,31.65,29.8,31.05,-0.6,105,0.9724770642201834,28.9798,30.1954,28.9798,30.7789
2025-04-23,114096,3647799,31.25,32.4,31.25,32.0,0.95,172,0.9724770642201834,30.3899,31.1193,30.3899,31.5083
2025-04-24,131461,4310724,32.8,33.15,32.1,33.0,1.0,180,0.9724770642201834,31.8972,32.0917,31.2165,32.2376
2025-04-25,138359,4652092,33.6,33.85,33.2,33.4,0.4,175,0.9724770642201834,32.6752,32.4807,32.2862,32.9183
2025-04-28,111273,3786474,33.55,34.65,33.5,34.5,1.1,286,0.9724770642201834,32.6266,33.5505,32.578,33.6963
2025-04-29,202229,7194389,34.55,36.1,34.55,35.65,1.15,191,0.9724770642201834,33.5991,34.6688,33.5991,35.1064
2025-04-30,241749,8869387,35.95,37.2,35.75,36.55,0.9,211,0.9724770642201834,34.9606,35.544,34.7661,36.1761
2025-05-02,298180,11290979,37.3,39.5,36.95,39.5,2.95,316,0.9724770642201834,36.2734,38.4128,35.933,38.4128
2025-05-05,322239,12353914,39.5,40.0,37.2,38.15,-1.35,437,0.9724770642201834,38.4128,37.1,36.1761,38.8991
2025-05-06,142825,5516954,38.3,39.0,38.2,38.35,0.2,219,0.9724770642201834,37.2459,37.2945,37.1486,37.9266
2025-05-07,146193,5654198,39.1,39.2,38.4,38.85,0.5,416,0.9724770642201834,38.0239,37.7807,37.3431,38.1211
2025-05-08,754617,30876336,39.8,42.0,39.8,40.75,1.9,916,0.9724770642201834,38.7046,39.6284,38.7046,40.844
2025-05-09,374374,15339453,40.75,41.65,40.45,41.15,0.4,399,0.9724770642201834,39.6284,40.0174,39.3367,40.5037
2025-05-12,802564,34664478,41.45,44.65,41.45,43.6,2.45,1176,0.9724770642201834,40.3092,42.4,40.3092,43.4211
2025-05-13,468908,19462558,42.25,42.4,40.7,40.7,0.0,772,1.0,42.25,40.7,40.7,42.4
2025-05-14,491989,19724097,41.25,41.25,39.75,39.75,-0.95,657,1.0,41.25,39.75,39.75,41.25
2025-05-15,252731,9906078,40.35,40.35,38.75,38.75,-1.0,266,1.0,40.35,38.75,38.75,40.35
2025-05-16,1011219,40773805,39.15,41.35,38.65,40.1,1.35,894,1.0,39.15,40.1,38.65,41.35
2025-05-19,208265,8189644,40.6,40.6,38.9,38.9,-1.2,431,1.0,40.6,38.9,38.9,40.6
2025-05-20,178569,7003440,39.7,39.7,38.9,39.1,0.2,166,1.0,39.7,39.1,38.9,39.7
2025-05-21,253726,10013697,39.5,40.05,39.1,39.2,0.1,221,1.0,39.5,39.2,39.1,40.05
2025-05-22,152748,5987089,39.2,39.55,38.75,39.2,0.0,143,1.0,39.2,39.2,38.75,39.55
2025-05-23,298081,11931066,39.9,40.9,39.3,39.3,0.1,305,1.0,39.9,39.3,39.3,40.9
2025-05-26,111820,4360954,39.35,39.45,38.7,38.85,-0.45,144,1.0,39.35,38.85,38.7,39.45
2025-05-27,88998,3425142,38.9,39.25,38.2,38.2,-0.65,242,1.0,38.9,38.2,38.2,39.25
2025-05-28,104739,4021090,38.95,38.95,38.1,38.1,-0.1,109,1.0,38.95,38.1,38.1,38.95
2025-05-29,191186,7295065,38.2,38.7,37.95,38.15,0.05,139,1.0,38.2,38.15,37.95,38.7
2025-06-02,88069,3281295,37.0,38.0,36.9,37.25,-0.9,192,1.0,37.0,37.25,36.9,38.0
2025-06-03,56474,2095258,36.75,37.85,36.75,37.0,-0.25,106,1.0,36.75,37.0,36.75,37.85
2025-06-04,122507,4647702,37.0,38.35,37.0,38.0,1.0,154,1.0,37.0,38.0,37.0,38.35
2025-06-05,388164,15390859,38.4,40.5,38.4,39.65,1.65,450,1.0,38.4,39.65,38.4,40.5
2025-06-06,1169906,47224689,39.6,41.1,39.5,39.5,-0.15,1329,1.0,39.6,39.5,39.5,41.1
2025-06-09,131815,5142722,39.75,39.75,38.65,38.8,-0.7,160,1.0,39.75,38.8,38.65,39.75
2025-06-10,215390,8447683,38.9,39.55,38.5,39.55,0.75,161,1.0,38.9,39.55,38.5,39.55
2025-06-11,126700,4969714,39.55,39.7,38.9,39.1,-0.45,136,1.0,39.55,39.1,38.9,39.7
2025-06-12,1493035,60405923,39.5,41.75,38.95,38.95,-0.15,1111,1.0,39.5,38.95,38.95,41.75
2025-06-13,476077,18405035,38.6,39.8,37.75,37.75,-1.2,440,1.0,38.6,37.75,37.75,39.8
2025-06-16,64060,2431319,37.75,38.3,37.45,38.0,0.25,79,1.0,37.75,38.0,37.45,38.3
2025-06-17,143235,5492885,38.0,39.05,37.8,37.8,-0.2,144,1.0,38.0,37.8,37.8,39.05
2025-06-18,379450,14851943,38.45,39.65,38.05,39.4,1.6,358,1.0,38.45,39.4,38.05,39.65
2025-06-19,163196,6268646,39.0,39.15,38.1,38.1,-1.3,203,1.0,39.0,38.1,38.1,39.15
2025-06-20,156643,5857639,39.05,39.05,36.7,37.4,-0.7,173,1.0,39.05,37.4,36.7,39.05
2025-06-23,68294,2508370,37.35,37.35,36.25,36.85,-0.55,117,1.0,37.35,36.85,36.25,37.35
2025-06-24,209759,8051580,37.9,38.75,37.6,38.55,1.7,200,1.0,37.9,38.55,37.6,38.75
2025-06-25,441005,17305851,38.55,39.6,38.55,38.9,0.35,427,1.0,38.55,38.9,38.55,39.6
2025-06-26,110585,4293170,39.6,39.6,38.4,38.4,-0.5,143,1.0,39.6,38.4,38.4,39.6
2025-06-27,132893,5126242,38.8,39.1,38.3,38.3,-0.1,142,1.0,38.8,38.3,38.3,39.1
2025-06-30,106047,3992525,38.35,38.35,37.35,37.55,-0.75,160,1.0,38.35,37.55,37.35,38.35
2025-07-01,105633,4013319,38.35,38.45,37.55,37.95,0.4,120,1.0,38.35,37.95,37.55,38.45
2025-07-02,98285,3735868,37.85,38.55,37.65,38.0,0.05,108,1.0,37.85,38.0,37.65,38.55
2025-07-03,248298,9657771,38.45,39.45,38.4,38.45,0.45,246,1.0,38.45,38.45,38.4,39.45
2025-07-04,143787,5351729,38.4,38.4,37.0,37.05,-1.4,215,1.0,38.4,37.05,37.0,38.4
2025-07-07,170929,6269891,37.2,37.75,36.2,37.15,0.1,194,1.0,37.2,37.15,36.2,37.75
2025-07-08,113924,4127723,36.55,36.8,35.85,36.1,-1.05,169,1.0,36.55,36.1,35.85,36.8
2025-07-09,44157,1608573,36.1,36.9,36.1,36.6,0.5,62,1.0,36.1,36.6,36.1,36.9
2025-07-10,52427,1905353,36.95,36.95,36.0,36.4,-0.2,52,1.0,36.95,36.4,36.0,36.95
2025-07-11,145406,5412244,36.4,37.6,36.4,37.3,0.9,143,1.0,36.4,37.3,36.4,37.6
2025-07-14,80515,2970816,37.75,37.75,36.3,37.4,0.1,98,1.0,37.75,37.4,36.3,37.75
2025-07-15,93796,3521003,37.25,37.85,37.0,37.55,0.15,92,1.0,37.25,37.55,37.0,37.85
2025-07-16,169448,6459047,38.0,38.5,37.55,37.55,0.0,158,1.0,38.0,37.55,37.55,38.5
2025-07-17,111078,4221559,37.7,38.25,37.65,38.05,0.5,105,1.0,37.7,38.05,37.65,38.25
2025-07-18,481130,18032562,38.45,38.6,37.15,37.3,-0.75,295,1.0,38.45,37.3,37.15,38.6
2025-07-21,356438,13729259,36.8,39.0,36.8,38.8,1.5,481,1.0,36.8,38.8,36.8,39.0
2025-07-22,149500,5693689,39.0,39.4,37.15,37.25,-1.55,255,1.0,39.0,37.25,37.15,39.4
2025-07-23,75523,2869171,37.7,38.35,37.55,38.1,0.85,86,1.0,37.7,38.1,37.55,38.35
2025-07-24,90540,3419613,38.8,38.8,37.2,38.25,0.15,103,1.0,38.8,38.25,37.2,38.8
2025-07-25,49604,1873391,37.65,38.2,37.55,37.7,-0.55,114,1.0,37.65,37.7,37.55,38.2
2025-07-28,58546,2192788,37.4,37.95,37.05,37.35,-0.35,105,1.0,37.4,37.35,37.05,37.95
2025-07-29,89792,3322623,37.45,37.85,36.6,36.65,-0.7,127,1.0,37.45,36.65,36.6,37.85
2025-07-30,86536,3166218,36.65,36.8,36.3,36.65,0.0,112,1.0,36.65,36.65,36.3,36.8
2025-07-31,132957,4836408,36.7,36.95,36.1,36.15,-0.5,134,1.0,36.7,36.15,36.1,36.95
2025-08-01,73015,2631825,36.15,36.4,35.2,36.15,0.0,92,1.0,36.15,36.15,35.2,36.4
2025-08-04,52000,1867512,35.95,36.25,35.55,35.8,-0.35,100,1.0,35.95,35.8,35.55,36.25
2025-08-05,64236,2341861,36.3,36.7,36.15,36.5,0.7,150,1.0,36.3,36.5,36.15,36.7
2025-08-06,87076,3156240,36.55,36.75,36.05,36.05,-0.45,104,1.0,36.55,36.05,36.05,36.75
2025-08-07,153382,5640170,36.2,37.0,36.2,36.8,0.75,175,1.0,36.2,36.8,36.2,37.0
2025-08-08,74903,2739092,37.45,37.45,36.2,36.2,-0.6,129,1.0,37.45,36.2,36.2,37.45
2025-08-11,184054,6553119,36.05,36.05,35.3,35.3,-0.9,395,1.0,36.05,35.3,35.3,36.05
2025-08-12,105365,3766429,35.35,36.15,35.3,35.8,0.5,143,1.0,35.35,35.8,35.3,36.15
2025-08-13,108961,3938734,36.3,36.6,35.7,35.8,0.0,169,1.0,36.3,35.8,35.7,36.6
2025-08-14,175949,6465258,36.25,37.0,36.25,36.8,1.0,198,1.0,36.25,36.8,36.25,37.0
2025-08-15,79802,2880972,36.5,36.5,35.95,36.0,-0.8,258,1.0,36.5,36.0,35.95,36.5
2025-08-18,62513,2258795,36.3,36.5,36.0,36.05,0.05,126,1.0,36.3,36.05,36.0,36.5
2025-08-19,69366,2506139,36.25,36.35,35.95,36.2,0.15,118,1.0,36.25,36.2,35.95,36.35
2025-08-20,360880,12627563,36.6,36.6,34.5,34.55,-1.65,351,1.0,36.6,34.55,34.5,36.6
2025-08-21,104179,3683444,34.7,35.8,34.7,35.15,0.6,110,1.0,34.7,35.15,34.7,35.8
2025-08-22,77903,2738821,35.15,35.4,34.45,35.3,0.15,128,1.0,35.15,35.3,34.45,35.4
2025-08-25,130229,4649724,35.75,36.4,35.25,35.25,-0.05,127,1.0,35.75,35.25,35.25,36.4
2025-08-26,241972,8758229,35.3,36.75,35.3,36.25,1.0,216,1.0,35.3,36.25,35.3,36.75
2025-08-27,392509,14570466,36.1,37.8,36.1,36.5,0.25,357,1.0,36.1,36.5,36.1,37.8
2025-08-28,151093,5581063,37.15,37.15,36.5,36.95,0.45,136,1.0,37.15,36.95,36.5,37.15
2025-08-29,139816,5073827,37.2,37.2,35.9,35.9,-1.05,327,1.0,37.2,35.9,35.9,37.2
2025-09-01,132314,4665204,35.45,35.8,34.95,35.25,-0.65,230,1.0,35.45,35.25,34.95,35.8
2025-09-02,67558,2364509,35.6,35.6,34.65,35.1,-0.15,85,1.0,35.6,35.1,34.65,35.6
2025-09-03,83052,2938965,34.95,35.7,34.95,35.5,0.4,98,1.0,34.95,35.5,34.95,35.7
2025-09-04,47968,1714316,35.6,36.35,35.55,35.7,0.2,83,1.0,35.6,35.7,35.55,36.35
2025-09-05,105486,3773709,35.95,36.0,35.4,35.8,0.1,109,1.0,35.95,35.8,35.4,36.0
2025-09-08,53875,1936076,35.55,36.3,35.55,35.8,0.0,96,1.0,35.55,35.8,35.55,36.3
2025-09-09,165722,6054046,36.7,37.05,36.05,36.05,0.25,143,1.0,36.7,36.05,36.05,37.05
2025-09-10,93136,3304645,36.1,36.1,35.2,35.5,-0.55,199,1.0,36.1,35.5,35.2,36.1
2025-09-11,255439,8855176,35.1,35.2,34.1,34.1,-1.4,516,1.0,35.1,34.1,34.1,35.2
2025-09-12,114510,3939450,34.2,35.0,34.1,34.15,0.05,224,1.0,34.2,34.15,34.1,35.0
2025-09-15,108862,3746087,34.45,34.8,34.1,34.5,0.35,116,1.0,34.45,34.5,34.1,34.8
2025-09-16,178264,6309543,34.5,36.0,34.5,35.2,0.7,171,1.0,34.5,35.2,34.5,36.0
2025-09-17,136611,4862262,35.5,35.9,35.3,35.5,0.3,198,1.0,35.5,35.5,35.3,35.9
2025-09-18,610515,22624369,35.6,37.9,35.5,37.5,2.0,597,1.0,35.6,37.5,35.5,37.9
2025-09-19,193326,7167309,37.9,37.9,36.7,36.75,-0.75,304,1.0,37.9,36.75,36.7,37.9
2025-09-22,95431,3476185,36.8,36.8,36.0,36.45,-0.3,209,1.0,36.8,36.45,36.0,36.8
2025-09-23,115971,4203888,36.9,36.95,36.05,36.05,-0.4,194,1.0,36.9,36.05,36.05,36.95
2025-09-24,111650,3986041,36.05,36.2,35.45,35.45,-0.6,106,1.0,36.05,35.45,35.45,36.2
2025-09-25,125413,4458136,35.05,35.9,35.05,35.4,-0.05,101,1.0,35.05,35.4,35.05,35.9
2025-09-26,184712,6334419,35.35,35.35,34.0,34.05,-1.35,262,1.0,35.35,34.05,34.0,35.35
2025-09-30,393793,14007547,34.1,36.5,34.1,35.4,1.35,506,1.0,34.1,35.4,34.1,36.5
2025-10-01,93187,3281135,35.45,35.8,35.0,35.0,-0.4,156,1.0,35.45,35.0,35.0,35.8
2025-10-02,134121,4636088,35.0,35.45,34.2,34.4,-0.6,244,1.0,35.0,34.4,34.2,35.45
2025-10-03,54932,1879013,34.25,34.35,34.1,34.2,-0.2,144,1.0,34.25,34.2,34.1,34.35
2025-10-07,67895,2336392,34.25,34.65,34.2,34.5,0.3,97,1.0,34.25,34.5,34.2,34.65
2025-10-08,62830,2165243,34.3,35.15,34.1,34.6,0.1,142,1.0,34.3,34.6,34.1,35.15
2025-10-09,117075,4092681,35.15,35.15,34.65,34.7,0.1,120,1.0,35.15,34.7,34.65,35.15
2025-10-13,108733,3630634,32.6,33.8,32.6,33.7,-1.0,153,1.0,32.6,33.7,32.6,33.8
2025-10-14,164307,5523985,34.25,34.45,33.0,33.0,-0.7,203,1.0,34.25,33.0,33.0,34.45
2025-10-15,86935,2893629,33.0,33.8,32.75,33.3,0.3,124,1.0,33.0,33.3,32.75,33.8
2025-10-16,107556,3638984,33.3,34.05,33.3,33.95,0.65,117,1.0,33.3,33.95,33.3,34.05
2025-10-17,97840,3274843,33.8,34.15,33.25,33.25,-0.7,174,1.0,33.8,33.25,33.25,34.15
2025-10-20,102315,3418116,33.35,33.7,33.0,33.45,0.2,149,1.0,33.35,33.45,33.0,33.7
2025-10-21,520402,18327219,33.75,35.8,33.75,35.2,1.75,605,1.0,33.75,35.2,33.75,35.8
2025-10-22,138141,4815231,35.7,35.7,34.5,34.65,-0.55,193,1.0,35.7,34.65,34.5,35.7
2025-10-23,87163,3025003,34.4,35.05,34.15,34.6,-0.05,157,1.0,34.4,34.6,34.15,35.05
2025-10-27,114209,3929361,35.75,35.75,34.15,34.2,-0.4,222,1.0,35.75,34.2,34.15,35.75
2025-10-28,116347,3929710,34.2,34.2,33.5,33.7,-0.5,199,1.0,34.2,33.7,33.5,34.2
2025-10-29,128831,4301753,34.15,34.15,33.15,33.25,-0.45,144,1.0,34.15,33.25,33.15,34.15
2025-10-30,72797,2429639,33.9,33.95,33.05,33.1,-0.15,143,1.0,33.9,33.1,33.05,33.95
2025-10-31,67759,2247875,33.85,33.85,33.05,33.05,-0.05,89,1.0,33.85,33.05,33.05,33.85
2025-11-03,121420,4015430,33.05,33.3,32.8,32.8,-0.25,109,1.0,33.05,32.8,32.8,33.3
2025-11-04,141093,4532053,32.75,32.75,31.6,31.65,-1.15,157,1.0,32.75,31.65,31.6,32.75
2025-11-05,214855,6613645,31.5,31.65,30.45,30.8,-0.85,165,1.0,31.5,30.8,30.45,31.65
2025-11-06,75467,2335517,31.15,31.25,30.75,30.95,0.15,101,1.0,31.15,30.95,30.75,31.25
2025-11-07,165529,5116281,30.8,31.3,30.55,30.8,-0.15,142,1.0,30.8,30.8,30.55,31.3
2025-11-10,100514,3091713,30.8,31.1,30.15,30.65,-0.15,97,1.0,30.8,30.65,30.15,31.1
2025-11-11,110294,3403398,30.65,31.0,30.65,30.95,0.3,113,1.0,30.65,30.95,30.65,31.0
2025-11-12,122257,3834955,31.0,31.7,30.9,31.45,0.5,126,1.0,31.0,31.45,30.9,31.7
2025-11-13,55758,1738183,31.55,31.55,31.05,31.15,-0.3,125,1.0,31.55,31.15,31.05,31.55
2025-11-14,147722,4577830,31.1,31.45,30.7,30.7,-0.45,134,1.0,31.1,30.7,30.7,31.45
2025-11-17,193629,5816148,30.95,30.95,29.55,29.8,-0.9,183,1.0,30.95,29.8,29.55,30.95
2025-11-18,174351,5032772,29.3,29.3,28.4,28.5,-1.3,171,1.0,29.3,28.5,28.4,29.3
2025-11-19,463519,12672648,28.5,28.55,26.45,27.6,-0.9,249,1.0,28.5,27.6,26.45,28.55
2025-11-20,120893,3415049,28.2,28.65,28.0,28.3,0.7,102,1.0,28.2,28.3,28.0,28.65
2025-11-21,110465,3073689,28.05,28.2,27.35,27.35,-0.95,114,1.0,28.05,27.35,27.35,28.2
2025-11-24,66694,1822941,27.95,27.95,27.05,27.2,-0.15,102,1.0,27.95,27.2,27.05,27.95
2025-11-25,77680,2134774,27.45,27.8,27.3,27.65,0.45,100,1.0,27.45,27.65,27.3,27.8
2025-11-26,70235,1968269,28.2,28.4,27.9,27.95,0.3,69,1.0,28.2,27.95,27.9,28.4
2025-11-27,91147,2588450,28.2,28.65,28.2,28.3,0.35,139,1.0,28.2,28.3,28.2,28.65
2025-11-28,71872,2077773,28.3,29.15,28.3,28.8,0.5,120,1.0,28.3,28.8,28.3,29.15
2025-12-01,83772,2442169,29.4,29.65,28.85,29.0,0.2,113,1.0,29.4,29.0,28.85,29.65
2025-12-02,74951,2170154,29.4,29.4,28.7,28.8,-0.2,105,1.0,29.4,28.8,28.7,29.4
2025-12-03,88346,2591707,28.95,29.6,28.95,29.3,0.5,113,1.0,28.95,29.3,28.95,29.6
2025-12-04,101456,3017234,29.3,30.3,29.3,29.4,0.1,148,1.0,29.3,29.4,29.3,30.3
2025-12-05,66419,1942230,29.25,29.55,29.1,29.15,-0.25,104,1.0,29.25,29.15,29.1,29.55
2025-12-08,99011,2914711,28.8,29.7,28.8,29.45,0.3,150,1.0,28.8,29.45,28.8,29.7
2025-12-09,199955,6103993,29.95,31.0,29.8,30.9,1.45,270,1.0,29.95,30.9,29.8,31.0
2025-12-10,230408,7014840,31.35,31.35,29.85,29.9,-1.0,320,1.0,31.35,29.9,29.85,31.35
2025-12-11,301866,9174186,30.8,30.85,30.0,30.5,0.6,340,1.0,30.8,30.5,30.0,30.85
2025-12-12,921675,30922122,33.55,33.55,33.5,33.55,3.05,485,1.0,33.55,33.55,33.5,33.55
2025-12-15,1064680,39202321,36.9,36.9,35.8,36.9,3.35,607,1.0,36.9,36.9,35.8,36.9
2025-12-16,3504495,132070704,37.3,39.3,36.75,37.1,0.2,2629,1.0,37.3,37.1,36.75,39.3
2025-12-17,980405,35286283,36.95,37.1,35.1,35.1,-2.0,1028,1.0,36.95,35.1,35.1,37.1
2025-12-18,476917,16392766,34.75,35.05,34.0,34.1,-1.0,474,1.0,34.75,34.1,34.0,35.05
2025-12-19,314472,10884191,34.3,34.9,34.3,34.35,0.25,350,1.0,34.3,34.35,34.3,34.9
2025-12-22,308911,10906295,34.55,35.7,34.55,35.2,0.85,330,1.0,34.55,35.2,34.55,35.7
2025-12-23,2681794,103569653,37.35,38.7,37.25,38.7,3.5,1259,1.0,37.35,38.7,37.25,38.7
2025-12-24,2497034,96335900,39.5,39.95,37.7,37.7,-1.0,1784,1.0,39.5,37.7,37.7,39.95
2025-12-26,1060134,40366386,38.2,39.1,37.05,38.5,0.8,1164,1.0,38.2,38.5,37.05,39.1
2025-12-29,671443,25792253,38.35,39.0,37.85,38.9,0.4,633,1.0,38.35,38.9,37.85,39.0
2025-12-30,811115,31014840,38.5,39.5,36.9,37.9,-1.0,685,1.0,38.5,37.9,36.9,39.5
2025-12-31,305126,11564851,38.15,38.75,37.25,37.35,-0.55,343,1.0,38.15,37.35,37.25,38.75
2026-01-02,233721,8705904,36.65,37.6,36.65,37.3,-0.05,279,1.0,36.65,37.3,36.65,37.6
2026-01-05,373484,13530819,37.95,37.95,35.7,35.85,-1.45,491,1.0,37.95,35.85,35.7,37.95
2026-01-06,167370,6016058,35.85,36.3,35.55,35.85,0.0,192,1.0,35.85,35.85,35.55,36.3
2026-01-07,376992,13361503,35.85,36.25,35.0,35.6,-0.25,424,1.0,35.85,35.6,35.0,36.25
2026-01-08,300737,10561954,36.65,36.65,34.6,34.65,-0.95,304,1.0,36.65,34.65,34.6,36.65
2026-01-09,140295,4894351,34.85,35.45,34.0,35.2,0.55,233,1.0,34.85,35.2,34.0,35.45
2026-01-12,233300,8211615,35.0,35.8,34.0,35.1,-0.1,292,1.0,35.0,35.1,34.0,35.8
2026-01-13,193694,6771454,35.05,35.35,34.7,35.0,-0.1,373,1.0,35.05,35.0,34.7,35.35
2026-01-14,135985,4802154,35.0,35.6,34.95,35.5,0.5,211,1.0,35.0,35.5,34.95,35.6
2026-01-15,195881,6910416,35.5,35.85,34.7,35.65,0.15,281,1.0,35.5,35.65,34.7,35.85
2026-01-16,287486,10386540,35.25,36.5,35.25,36.15,0.5,373,1.0,35.25,36.15,35.25,36.5
2026-01-19,320847,11750746,36.15,37.0,35.9,36.45,0.3,331,1.0,36.15,36.45,35.9,37.0
2026-01-20,172142,6275968,36.5,36.95,36.2,36.25,-0.2,343,1.0,36.5,36.25,36.2,36.95
2026-01-21,245076,8724148,35.75,36.15,35.2,35.2,-1.05,481,1.0,35.75,35.2,35.2,36.15
2026-01-22,250815,8752406,35.3,35.6,34.55,34.6,-0.6,334,1.0,35.3,34.6,34.55,35.6
2026-01-23,206834,7229554,35.05,35.35,34.55,34.8,0.2,209,1.0,35.05,34.8,34.55,35.35
2026-01-26,344147,12435151,35.3,36.55,35.3,36.15,1.35,498,1.0,35.3,36.15,35.3,36.55
2026-01-27,176256,6266051,36.15,36.35,35.3,35.4,-0.75,328,1.0,36.15,35.4,35.3,36.35
2026-01-28,403126,14611047,35.4,36.95,35.4,36.3,0.9,400,1.0,35.4,36.3,35.4,36.95
2026-01-29,428051,15663659,37.0,38.4,35.5,35.5,-0.8,464,1.0,37.0,35.5,35.5,38.4
2026-01-30,207566,7178912,35.5,35.5,34.3,34.3,-1.2,262,1.0,35.5,34.3,34.3,35.5
2026-02-02,211834,7044723,34.1,34.1,32.8,33.1,-1.2,251,1.0,34.1,33.1,32.8,34.1
2026-02-03,135131,4582855,34.1,34.3,33.5,33.8,0.7,169,1.0,34.1,33.8,33.5,34.3
2026-02-04,117574,4072222,33.85,35.0,33.85,34.85,1.05,171,1.0,33.85,34.85,33.85,35.0
2026-02-05,211686,7534945,34.9,36.5,34.85,35.4,0.55,292,1.0,34.9,35.4,34.85,36.5
2026-02-06,106672,3659924,35.65,35.65,33.7,34.25,-1.15,336,1.0,35.65,34.25,33.7,35.65
2026-02-09,142208,4840204,34.6,34.6,33.65,33.85,-0.4,278,1.0,34.6,33.85,33.65,34.6
2026-02-10,77790,2627684,34.0,34.15,33.5,33.5,-0.35,152,1.0,34.0,33.5,33.5,34.15
2026-02-11,80947,2706627,33.75,34.05,33.0,33.5,0.0,182,1.0,33.75,33.5,33.0,34.05
2026-02-23,175944,5983084,33.5,34.7,33.25,34.55,1.05,281,1.0,33.5,34.55,33.25,34.7
2026-02-24,171022,6007043,34.55,35.6,34.55,35.0,0.45,245,1.0,34.55,35.0,34.55,35.6
2026-02-25,157397,5450564,35.35,35.6,34.3,34.4,-0.6,404,1.0,35.35,34.4,34.3,35.6
2026-02-26,116865,4052028,34.0,35.0,34.0,34.5,0.1,297,1.0,34.0,34.5,34.0,35.0
2026-03-02,186104,6440013,33.45,35.25,33.35,34.6,0.1,445,1.0,33.45,34.6,33.35,35.25
2026-03-03,582563,20921090,35.45,37.7,34.95,35.2,0.6,1004,1.0,35.45,35.2,34.95,37.7
2026-03-04,343301,11370945,35.1,35.1,32.0,32.7,-2.5,479,1.0,35.1,32.7,32.0,35.1
2026-03-05,516675,18112198,34.25,35.95,34.0,34.35,1.65,667,1.0,34.25,34.35,34.0,35.95
2026-03-06,183657,6215008,33.65,34.75,33.65,34.05,-0.3,328,1.0,33.65,34.05,33.65,34.75
2026-03-09,247290,7766813,31.35,31.9,31.15,31.5,-2.55,521,1.0,31.35,31.5,31.15,31.9
2026-03-10,123429,3938241,32.25,32.4,31.55,31.95,0.45,298,1.0,32.25,31.95,31.55,32.4
2026-03-11,121820,3997731,32.4,33.0,32.4,32.85,0.9,268,1.0,32.4,32.85,32.4,33.0
2026-03-12,121378,3978526,32.85,33.5,32.6,32.7,-0.15,340,1.0,32.85,32.7,32.6,33.5
2026-03-13,96912,3118667,32.2,32.55,32.0,32.15,-0.55,293,1.0,32.2,32.15,32.0,32.55
2026-03-16,145372,4591525,32.25,32.25,31.3,31.6,-0.55,417,1.0,32.25,31.6,31.3,32.25
2026-03-17,109784,3530404,31.65,32.4,31.65,32.1,0.5,1480,1.0,31.65,32.1,31.65,32.4
2026-03-18,147834,4721798,32.2,32.7,31.6,31.9,-0.2,1320,1.0,32.2,31.9,31.6,32.7
2026-03-19,193069,6006904,31.8,31.8,30.65,30.9,-1.0,920,1.0,31.8,30.9,30.65,31.8
2026-03-20,184111,5786850,30.95,31.95,30.75,31.55,0.65,728,1.0,30.95,31.55,30.75,31.95
2026-03-23,84622,2615867,31.55,31.55,30.5,30.6,-0.95,907,1.0,31.55,30.6,30.5,31.55
2026-03-24,184212,5578273,30.85,31.05,29.9,29.9,-0.7,577,1.0,30.85,29.9,29.9,31.05
2026-03-25,55496,1689190,29.95,30.75,29.95,30.4,0.5,474,1.0,29.95,30.4,29.95,30.75
2026-03-26,128572,3934678,30.55,31.5,30.1,30.1,-0.3,485,1.0,30.55,30.1,30.1,31.5
2026-03-27,105898,3137915,30.1,30.1,29.45,29.75,-0.35,485,1.0,30.1,29.75,29.45,30.1
2026-03-30,222043,6465795,29.1,29.8,28.9,28.9,-0.85,680,1.0,29.1,28.9,28.9,29.8
2026-03-31,116949,3333322,28.7,28.95,28.2,28.2,-0.7,436,1.0,28.7,28.2,28.2,28.95
2026-04-01,125674,3620818,28.85,29.25,28.4,28.85,0.65,334,1.0,28.85,28.85,28.4,29.25
2026-04-02,109986,3202734,29.3,29.75,28.6,28.65,-0.2,400,1.0,29.3,28.65,28.6,29.75
2026-04-07,360410,10478200,29.1,29.15,28.65,28.8,0.15,574,1.0,29.1,28.8,28.65,29.15
2026-04-08,143045,4234484,29.25,29.85,29.2,29.7,0.9,449,1.0,29.25,29.7,29.2,29.85
2026-04-09,103942,3084714,30.1,30.5,29.5,29.5,-0.2,513,1.0,30.1,29.5,29.5,30.5
2026-04-10,101333,3022257,29.8,30.4,29.6,29.7,0.2,488,1.0,29.8,29.7,29.6,30.4
2026-04-13,72080,2159043,29.7,30.1,29.55,30.05,0.35,877,1.0,29.7,30.05,29.55,30.1
2026-04-14,117293,3541370,30.7,30.7,30.0,30.2,0.15,969,1.0,30.7,30.2,30.0,30.7
2026-04-15,215182,6622314,30.3,31.0,30.3,30.95,0.75,1677,1.0,30.3,30.95,30.3,31.0
2026-04-16,350843,11017383,30.65,32.0,30.35,31.4,0.45,748,1.0,30.65,31.4,30.35,32.0
2026-04-17,166665,5156510,31.4,31.4,30.75,30.95,-0.45,339,1.0,31.4,30.95,30.75,31.4
2026-04-20,187322,5710649,30.95,31.2,29.9,30.05,-0.9,445,1.0,30.95,30.05,29.9,31.2
2026-04-21,625049,20114834,30.35,33.05,30.15,33.05,3.0,604,1.0,30.35,33.05,30.15,33.05
2026-04-22,2124823,75608523,36.0,36.35,34.4,36.35,3.3,1816,1.0,36.0,36.35,34.4,36.35
2026-04-23,2191215,78037056,38.2,38.55,32.9,34.0,-2.35,1587,1.0,38.2,34.0,32.9,38.55
2026-04-24,2275373,83126134,34.25,37.4,34.25,34.75,0.75,1736,1.0,34.25,34.75,34.25,37.4
2026-04-27,744001,25530577,35.75,37.0,33.0,33.75,-1.0,686,1.0,35.75,33.75,33.0,37.0
2026-04-28,262311,8853602,33.25,34.1,32.85,34.0,0.25,236,1.0,33.25,34.0,32.85,34.1
2026-04-29,384779,13074064,34.9,35.35,33.3,33.3,-0.7,363,1.0,34.9,33.3,33.3,35.35
2026-04-30,266399,9049961,33.8,34.5,33.5,33.55,0.25,309,1.0,33.8,33.55,33.5,34.5
2026-05-04,408715,13893683,33.4,34.95,33.05,34.0,0.45,417,1.0,33.4,34.0,33.05,34.95
2026-05-05,378126,12993741,34.0,35.0,33.6,34.75,0.75,347,1.0,34.0,34.75,33.6,35.0
2026-05-06,391565,13287393,34.75,34.75,33.5,33.9,-0.85,393,1.0,34.75,33.9,33.5,34.75
2026-05-07,1002053,35675639,34.6,36.8,34.6,35.85,1.95,1025,1.0,34.6,35.85,34.6,36.8
2026-05-08,728074,25734140,36.05,36.7,34.15,34.45,-1.4,571,1.0,36.05,34.45,34.15,36.7
2026-05-11,296214,10253780,34.9,35.25,34.25,34.45,0.0,304,1.0,34.9,34.45,34.25,35.25
2026-05-12,305831,10350397,34.5,34.5,33.25,34.35,-0.1,259,1.0,34.5,34.35,33.25,34.5
2026-05-13,255380,8488780,33.7,33.7,32.8,33.35,-1.0,241,1.0,33.7,33.35,32.8,33.7
2026-05-14,623214,21549289,33.9,35.5,33.4,34.9,1.55,544,1.0,33.9,34.9,33.4,35.5
