Date,Capacity,Turnover,Open,High,Low,Close,Change,Transaction,AdjFactor,Open_adj,Close_adj,Low_adj,High_adj
2020-05-04,1065984,45629912,43.0,43.45,42.1,42.65,-1.2,803,0.9611209918013333,41.3282,40.9918,40.4632,41.7607
2020-05-05,1106502,48053061,43.05,44.15,42.7,43.65,1.0,789,0.9611209918013333,41.3763,41.9529,41.0399,42.4335
2020-05-06,683337,29765241,43.8,44.0,43.3,43.3,-0.35,491,0.9611209918013333,42.0971,41.6165,41.6165,42.2893
2020-05-07,1282300,56236610,43.3,44.6,43.0,44.6,1.3,838,0.9611209918013333,41.6165,42.866,41.3282,42.866
2020-05-08,2058863,92570188,45.45,45.45,44.25,44.6,0.0,1316,0.9611209918013333,43.6829,42.866,42.5296,43.6829
2020-05-11,10156497,490500324,45.8,49.05,45.5,49.05,4.45,5208,0.9611209918013333,44.0193,47.143,43.731,47.143
2020-05-12,5438700,259108060,47.1,48.5,47.0,48.0,-1.05,3330,0.9611209918013333,45.2688,46.1338,45.1727,46.6144
2020-05-13,3084113,150329126,47.25,49.85,47.25,48.5,0.5,2199,0.9611209918013333,45.413,46.6144,45.413,47.9119
2020-05-14,1964512,92236692,48.15,48.5,45.2,45.65,-2.85,1376,0.9611209918013333,46.278,43.8752,43.4427,46.6144
2020-05-15,2062200,93010850,46.7,47.0,43.5,45.75,0.1,1479,0.9611209918013333,44.8844,43.9713,41.8088,45.1727
2020-05-18,1395503,61594032,45.05,45.55,43.55,43.75,-2.0,933,0.9611209918013333,43.2985,42.049,41.8568,43.7791
2020-05-19,793248,34927984,44.3,44.75,43.8,43.9,0.15,546,0.9611209918013333,42.5777,42.1932,42.0971,43.0102
2020-05-20,1196159,53300818,44.3,45.2,43.5,45.2,1.3,806,0.9611209918013333,42.5777,43.4427,41.8088,43.4427
2020-05-21,1518005,70077983,45.5,47.0,45.35,45.55,0.35,1134,0.9611209918013333,43.731,43.7791,43.5868,45.1727
2020-05-22,818000,36319350,45.4,45.4,44.0,44.2,-1.35,633,0.9611209918013333,43.6349,42.4815,42.2893,43.6349
2020-05-25,837000,37458550,44.8,45.25,43.65,45.1,0.9,540,0.9611209918013333,43.0582,43.3466,41.9529,43.4907
2020-05-26,925000,41602350,45.55,45.7,44.5,44.65,-0.45,695,0.9611209918013333,43.7791,42.9141,42.7699,43.9232
2020-05-27,543050,24299425,44.7,45.35,44.5,44.5,-0.15,435,0.9611209918013333,42.9621,42.7699,42.7699,43.5868
2020-05-28,788100,35026100,44.95,45.2,43.65,43.7,-0.8,564,0.9611209918013333,43.2024,42.001,41.9529,43.4427
2020-05-29,592000,25638050,43.7,43.7,43.0,43.2,-0.5,439,0.9611209918013333,42.001,41.5204,41.3282,42.001
2020-06-01,632000,27626850,43.1,44.1,43.1,43.75,0.55,470,0.9611209918013333,41.4243,42.049,41.4243,42.3854
2020-06-02,1993508,90036171,43.95,46.3,43.9,45.55,1.8,1451,0.9611209918013333,42.2413,43.7791,42.1932,44.4999
2020-06-03,1432600,65911218,46.1,46.6,45.6,45.75,0.2,1033,0.9611209918013333,44.3077,43.9713,43.8271,44.7882
2020-06-04,847025,38532492,45.8,46.25,45.0,45.1,-0.65,616,0.9611209918013333,44.0193,43.3466,43.2504,44.4518
2020-06-05,820100,37544100,45.1,46.05,45.1,45.75,0.65,633,0.9611209918013333,43.3466,43.9713,43.3466,44.2596
2020-06-08,682900,31007854,46.15,46.15,45.15,45.25,-0.5,470,0.9611209918013333,44.3557,43.4907,43.3946,44.3557
2020-06-09,598276,27107401,45.45,45.9,44.65,44.7,-0.55,476,0.9611209918013333,43.6829,42.9621,42.9141,44.1155
2020-06-10,1216350,53080250,44.15,44.35,43.4,43.6,-1.1,916,0.9611209918013333,42.4335,41.9049,41.7127,42.6257
2020-06-11,1470400,62295080,43.6,43.7,41.55,41.6,-2.0,1099,0.9611209918013333,41.9049,39.9826,39.9346,42.001
2020-06-12,977954,39072286,38.8,40.7,38.8,40.45,-1.15,758,0.9611209918013333,37.2915,38.8773,37.2915,39.1176
2020-06-15,1114480,44160314,40.0,40.4,39.0,39.15,-1.3,830,0.9611209918013333,38.4448,37.6279,37.4837,38.8293
2020-06-16,1085166,43189754,39.4,40.2,39.2,40.05,0.9,763,0.9611209918013333,37.8682,38.4929,37.6759,38.6371
2020-06-17,706014,28676021,40.1,41.25,40.1,40.4,0.35,519,0.9611209918013333,38.541,38.8293,38.541,39.6462
2020-06-18,561073,22642459,41.0,41.0,40.0,40.4,0.0,365,0.9611209918013333,39.406,38.8293,38.4448,39.406
2020-06-19,919063,37768938,40.6,41.5,40.3,41.5,1.1,714,0.9611209918013333,39.0215,39.8865,38.7332,39.8865
2020-06-22,514014,21191740,42.05,42.2,40.75,41.05,-0.45,408,0.9611209918013333,40.4151,39.454,39.1657,40.5593
2020-06-23,533219,21586079,41.1,41.6,40.15,40.2,-0.85,399,0.9611209918013333,39.5021,38.6371,38.589,39.9826
2020-06-24,375500,15063450,40.5,40.6,39.9,39.9,-0.3,289,0.9611209918013333,38.9254,38.3487,38.3487,39.0215
2020-06-29,389660,15449510,39.8,40.1,39.3,40.1,0.2,287,0.9611209918013333,38.2526,38.541,37.7721,38.541
2020-06-30,474690,19302190,40.1,41.15,40.1,40.7,0.6,329,0.9611209918013333,38.541,39.1176,38.541,39.5501
2020-07-01,876300,36404584,40.7,42.15,40.7,41.4,0.7,643,0.9611209918013333,39.1176,39.7904,39.1176,40.5112
2020-07-02,466383,19338121,41.95,41.95,41.15,41.6,0.2,361,0.9611209918013333,40.319,39.9826,39.5501,40.319
2020-07-03,485467,19925930,41.9,41.9,40.8,40.9,-0.7,389,0.9611209918013333,40.271,39.3098,39.2137,40.271
2020-07-06,918060,38224970,41.1,42.45,40.85,41.65,0.75,647,0.9611209918013333,39.5021,40.0307,39.2618,40.7996
2020-07-07,3794687,164554441,41.95,44.8,40.9,44.5,2.85,2478,0.9611209918013333,40.319,42.7699,39.3098,43.0582
2020-07-08,1618010,70076938,44.0,44.0,42.9,43.1,-1.4,1087,0.9611209918013333,42.2893,41.4243,41.2321,42.2893
2020-07-09,902200,38313530,43.5,43.5,42.0,42.0,-1.1,659,0.9611209918013333,41.8088,40.3671,40.3671,41.8088
2020-07-10,1164222,47301303,41.9,41.9,40.1,40.25,-1.75,792,0.9611209918013333,40.271,38.6851,38.541,40.271
2020-07-13,417035,16933861,40.5,41.0,40.35,40.65,0.4,305,0.9611209918013333,38.9254,39.0696,38.7812,39.406
2020-07-14,1039143,41247370,40.7,40.7,39.15,39.6,-1.05,670,0.9611209918013333,39.1176,38.0604,37.6279,39.1176
2020-07-15,521085,20771268,40.5,40.65,39.3,39.6,0.0,345,0.9611209918013333,38.9254,38.0604,37.7721,39.0696
2020-07-16,439000,17603500,39.95,40.55,39.6,40.1,0.5,293,0.9611209918013333,38.3968,38.541,38.0604,38.9735
2020-07-17,456050,18122450,40.2,40.55,39.3,39.35,-0.75,321,0.9611209918013333,38.6371,37.8201,37.7721,38.9735
2020-07-20,369010,14443500,39.6,39.65,38.75,39.2,-0.15,238,0.9611209918013333,38.0604,37.6759,37.2434,38.1084
2020-07-21,431050,17182535,39.8,40.2,39.7,39.8,0.6,277,0.9611209918013333,38.2526,38.2526,38.1565,38.6371
2020-07-22,477000,19153500,40.2,40.5,39.9,40.1,0.3,327,0.9611209918013333,38.6371,38.541,38.3487,38.9254
2020-07-23,502278,19773275,39.6,39.9,39.0,39.15,0.0,339,0.9857020913358943,39.0338,38.5902,38.4424,39.3295
2020-07-24,659548,25319102,39.0,39.15,37.6,38.1,-1.05,501,0.9857020913358943,38.4424,37.5552,37.0624,38.5902
2020-07-27,815250,30031350,38.5,38.5,36.1,36.1,-2.0,573,0.9857020913358943,37.9495,35.5838,35.5838,37.9495
2020-07-28,700230,24436522,36.3,36.6,34.15,34.3,-1.8,500,0.9857020913358943,35.781,33.8096,33.6617,36.0767
2020-07-29,667480,23709370,34.05,36.5,33.7,36.5,2.2,547,0.9857020913358943,33.5632,35.9781,33.2182,35.9781
2020-07-30,372015,13774363,37.2,37.4,36.7,37.0,0.5,248,0.9857020913358943,36.6681,36.471,36.1753,36.8653
2020-07-31,213049,7877027,37.0,37.3,36.5,37.05,0.05,155,0.9857020913358943,36.471,36.5203,35.9781,36.7667
2020-08-03,358160,13086080,36.7,37.4,36.15,36.4,-0.65,297,0.9857020913358943,36.1753,35.8796,35.6331,36.8653
2020-08-04,208000,7635750,36.95,36.95,36.5,36.65,0.25,168,0.9857020913358943,36.4217,36.126,35.9781,36.4217
2020-08-05,334100,12258620,37.25,37.3,36.3,36.6,-0.05,285,0.9857020913358943,36.7174,36.0767,35.781,36.7667
2020-08-06,450000,16587100,37.05,37.3,36.5,36.5,-0.1,344,0.9857020913358943,36.5203,35.9781,35.9781,36.7667
2020-08-07,297200,10752000,36.55,36.95,36.0,36.1,-0.4,254,0.9857020913358943,36.0274,35.5838,35.4853,36.4217
2020-08-10,337100,11980010,36.2,36.2,35.2,35.35,-0.75,245,0.9857020913358943,35.6824,34.8446,34.6967,35.6824
2020-08-11,504250,17426637,35.4,35.4,34.05,34.35,-1.0,383,0.9857020913358943,34.8939,33.8589,33.5632,34.8939
2020-08-12,458200,16017339,34.9,36.2,33.9,36.0,1.65,348,0.9857020913358943,34.401,35.4853,33.4153,35.6824
2020-08-13,530130,19273954,37.0,37.2,35.5,35.55,-0.45,405,0.9857020913358943,36.471,35.0417,34.9924,36.6681
2020-08-14,303160,10741428,35.25,35.95,35.0,35.55,0.0,206,0.9857020913358943,34.746,35.0417,34.4996,35.436
2020-08-17,549609,20076358,35.35,37.1,35.35,36.8,1.25,450,0.9857020913358943,34.8446,36.2738,34.8446,36.5695
2020-08-18,300200,11069460,37.0,37.3,36.6,36.75,-0.05,219,0.9857020913358943,36.471,36.2246,36.0767,36.7667
2020-08-19,280000,10164450,36.65,37.0,35.5,35.75,-1.0,232,0.9857020913358943,36.126,35.2388,34.9924,36.471
2020-08-20,907179,30299115,35.7,35.7,32.3,32.45,-3.3,630,0.9857020913358943,35.1896,31.986,31.8382,35.1896
2020-08-21,556011,18747325,33.1,34.55,32.8,33.85,1.4,438,0.9857020913358943,32.6267,33.366,32.331,34.056
2020-08-24,452251,15757358,33.85,35.15,33.8,34.8,0.95,322,0.9857020913358943,33.366,34.3024,33.3167,34.6474
2020-08-25,385300,13783390,35.25,36.1,34.95,35.75,0.95,315,0.9857020913358943,34.746,35.2388,34.4503,35.5838
2020-08-26,478500,17392899,35.75,36.75,35.75,36.05,0.3,348,0.9857020913358943,35.2388,35.5346,35.2388,36.2246
2020-08-27,258193,9211340,36.3,36.35,35.2,35.35,-0.7,198,0.9857020913358943,35.781,34.8446,34.6967,35.8303
2020-08-28,378386,13657573,35.6,36.8,35.0,36.2,0.85,246,0.9857020913358943,35.091,35.6824,34.4996,36.2738
2020-08-31,165000,5984400,36.6,36.6,36.0,36.05,-0.15,117,0.9857020913358943,36.0767,35.5346,35.4853,36.0767
2020-09-01,1128361,42048886,36.75,37.75,36.25,37.5,1.45,750,0.9857020913358943,36.2246,36.9638,35.7317,37.2103
2020-09-02,547187,20194062,37.5,38.0,36.1,36.6,-0.9,397,0.9857020913358943,36.9638,36.0767,35.5838,37.4567
2020-09-03,249100,9080500,36.65,36.95,36.2,36.4,-0.2,181,0.9857020913358943,36.126,35.8796,35.6824,36.4217
2020-09-04,227210,8123210,35.5,36.2,35.35,36.0,-0.4,180,0.9857020913358943,34.9924,35.4853,34.8446,35.6824
2020-09-07,520000,19234650,36.2,37.55,36.15,36.5,0.5,367,0.9857020913358943,35.6824,35.9781,35.6331,37.0131
2020-09-08,2397102,93238994,36.7,40.15,36.5,40.15,3.65,1468,0.9857020913358943,36.1753,39.5759,35.9781,39.5759
2020-09-09,2671941,105258835,39.9,39.9,38.5,39.2,-0.95,1952,0.9857020913358943,39.3295,38.6395,37.9495,39.3295
2020-09-10,5381854,222805605,39.8,42.7,39.7,40.35,1.15,3516,0.9857020913358943,39.2309,39.7731,39.1324,42.0895
2020-09-11,2362035,92630847,39.85,40.7,38.2,38.5,-1.85,1606,0.9857020913358943,39.2802,37.9495,37.6538,40.1181
2020-09-14,851032,32712267,39.1,39.1,38.15,38.25,-0.25,570,0.9857020913358943,38.541,37.7031,37.6045,38.541
2020-09-15,846000,32377500,38.7,39.0,37.9,38.05,-0.2,576,0.9857020913358943,38.1467,37.506,37.3581,38.4424
2020-09-16,838000,31473700,38.4,38.4,37.1,37.5,-0.55,662,0.9857020913358943,37.851,36.9638,36.5695,37.851
2020-09-17,699050,26458340,37.7,38.5,37.4,37.75,0.25,445,0.9857020913358943,37.161,37.2103,36.8653,37.9495
2020-09-18,387000,14704750,37.75,38.2,37.7,38.2,0.45,265,0.9857020913358943,37.2103,37.6538,37.161,37.6538
2020-09-21,401371,15278454,38.2,38.55,37.6,37.75,-0.45,259,0.9857020913358943,37.6538,37.2103,37.0624,37.9988
2020-09-22,751004,27538857,37.55,37.7,36.05,37.0,-0.75,473,0.9857020913358943,37.0131,36.471,35.5346,37.161
2020-09-23,379706,13828059,37.2,37.2,36.2,36.35,-0.65,275,0.9857020913358943,36.6681,35.8303,35.6824,36.6681
2020-09-24,716000,25284500,35.5,35.9,35.0,35.3,-1.05,506,0.9857020913358943,34.9924,34.7953,34.4996,35.3867
2020-09-25,701250,23953625,35.4,35.8,33.3,34.2,-1.1,487,0.9857020913358943,34.8939,33.711,32.8239,35.2881
2020-09-28,353000,12392800,34.5,35.6,34.5,35.4,1.2,233,0.9857020913358943,34.0067,34.8939,34.0067,35.091
2020-09-29,271750,9538849,35.8,35.8,34.7,34.8,-0.6,197,0.9857020913358943,35.2881,34.3024,34.2039,35.2881
2020-09-30,162000,5673100,35.0,35.3,34.7,35.15,0.35,117,0.9857020913358943,34.4996,34.6474,34.2039,34.7953
2020-10-05,240000,8530150,34.7,35.9,34.7,35.8,0.65,184,0.9857020913358943,34.2039,35.2881,34.2039,35.3867
2020-10-06,532500,19418574,36.1,36.85,36.0,36.75,0.95,386,0.9857020913358943,35.5838,36.2246,35.4853,36.3231
2020-10-07,836006,30984128,36.5,37.85,36.05,37.45,0.7,578,0.9857020913358943,35.9781,36.9145,35.5346,37.3088
2020-10-08,421048,15618022,37.55,37.55,36.75,37.0,-0.45,291,0.9857020913358943,37.0131,36.471,36.2246,37.0131
2020-10-12,352010,12934636,37.4,37.4,36.55,36.9,-0.1,285,0.9857020913358943,36.8653,36.3724,36.0274,36.8653
2020-10-13,464190,17341705,36.9,38.0,36.4,38.0,1.1,320,0.9857020913358943,36.3724,37.4567,35.8796,37.4567
2020-10-14,3615055,145409097,38.0,41.8,38.0,41.8,3.8,2039,0.9857020913358943,37.4567,41.2023,37.4567,41.2023
2020-10-15,1821137,83681242,45.95,45.95,45.95,45.95,4.15,681,0.9857020913358943,45.293,45.293,45.293,45.293
2020-10-16,18149371,906268832,50.5,50.5,48.75,50.5,4.55,8810,0.9857020913358943,49.778,49.778,48.053,49.778
2020-10-19,16876080,872788082,51.3,53.4,49.7,49.7,-0.8,8598,0.9857020913358943,50.5665,48.9894,48.9894,52.6365
2020-10-20,5936105,298525200,49.9,51.6,49.2,49.3,-0.4,3574,0.9857020913358943,49.1865,48.5951,48.4965,50.8622
2020-10-21,6222334,327856148,50.8,54.2,49.9,54.2,4.9,3408,0.9857020913358943,50.0737,53.4251,49.1865,53.4251
2020-10-22,18848012,1070014761,55.2,58.8,54.6,55.0,0.8,11266,0.9857020913358943,54.4108,54.2136,53.8193,57.9593
2020-10-23,9502001,539267956,56.5,58.4,54.5,55.5,0.5,6040,0.9857020913358943,55.6922,54.7065,53.7208,57.565
2020-10-26,6169819,334653408,57.0,57.0,52.0,52.8,-2.7,4003,0.9857020913358943,56.185,52.0451,51.2565,56.185
2020-10-27,4611737,245785281,52.5,54.3,52.2,54.0,1.2,2950,0.9857020913358943,51.7494,53.2279,51.4536,53.5236
2020-10-28,4433284,235902756,54.0,54.8,51.7,53.8,-0.2,2924,0.9857020913358943,53.2279,53.0308,50.9608,54.0165
2020-10-29,4664950,249655662,52.8,54.6,52.4,53.0,-0.8,3052,0.9857020913358943,52.0451,52.2422,51.6508,53.8193
2020-10-30,4915058,257774571,53.5,54.4,50.5,50.5,-2.5,3101,0.9857020913358943,52.7351,49.778,49.778,53.6222
2020-11-02,2830199,142780018,51.0,51.9,49.15,51.1,0.6,1899,0.9857020913358943,50.2708,50.3694,48.4473,51.1579
2020-11-03,2047877,104912204,52.0,52.1,50.6,50.9,-0.2,1218,0.9857020913358943,51.2565,50.1722,49.8765,51.3551
2020-11-04,1713309,86249094,51.0,51.4,49.9,50.1,-0.8,1061,0.9857020913358943,50.2708,49.3837,49.1865,50.6651
2020-11-05,11351323,615807243,50.2,55.1,50.2,55.1,5.0,5651,0.9857020913358943,49.4822,54.3122,49.4822,54.3122
2020-11-06,12563544,685690468,55.4,55.7,53.6,54.8,-0.3,6250,0.9857020913358943,54.6079,54.0165,52.8336,54.9036
2020-11-09,8526450,473907185,55.5,56.9,54.2,55.2,0.4,4632,0.9857020913358943,54.7065,54.4108,53.4251,56.0864
2020-11-10,3663141,195060067,54.0,54.9,51.8,52.2,-3.0,2404,0.9857020913358943,53.2279,51.4536,51.0594,54.115
2020-11-11,2070450,107846575,52.2,53.0,50.9,52.2,0.0,1370,0.9857020913358943,51.4536,51.4536,50.1722,52.2422
2020-11-12,1269343,65380972,52.1,52.8,50.8,51.0,-1.2,935,0.9857020913358943,51.3551,50.2708,50.0737,52.0451
2020-11-13,1819834,94234056,51.0,52.9,50.1,52.0,1.0,1306,0.9857020913358943,50.2708,51.2565,49.3837,52.1436
2020-11-16,1040903,53781421,52.4,52.6,51.2,51.2,-0.8,787,0.9857020913358943,51.6508,50.4679,50.4679,51.8479
2020-11-17,1104643,57148856,51.8,52.5,51.0,51.8,0.6,770,0.9857020913358943,51.0594,51.0594,50.2708,51.7494
2020-11-18,834153,42878421,51.8,52.1,51.1,51.3,-0.5,619,0.9857020913358943,51.0594,50.5665,50.3694,51.3551
2020-11-19,9400388,515483538,51.3,56.4,51.2,56.4,5.1,5654,0.9857020913358943,50.5665,55.5936,50.4679,55.5936
2020-11-20,14194868,789115409,56.8,58.1,53.1,53.5,-2.9,7888,0.9857020913358943,55.9879,52.7351,52.3408,57.2693
2020-11-23,2051095,108877042,53.5,54.0,52.5,52.9,-0.6,1361,0.9857020913358943,52.7351,52.1436,51.7494,53.2279
2020-11-24,3018866,162977884,53.4,54.8,53.0,54.1,1.2,1889,0.9857020913358943,52.6365,53.3265,52.2422,54.0165
2020-11-25,5040804,275121872,55.0,56.3,52.8,54.7,0.6,3201,0.9857020913358943,54.2136,53.9179,52.0451,55.495
2020-11-26,38795634,2263142413,54.7,60.1,54.3,55.4,0.7,17044,0.9857020913358943,53.9179,54.6079,53.5236,59.2407
2020-11-27,5732011,323663394,55.4,57.7,55.4,56.7,1.3,3610,0.9857020913358943,54.6079,55.8893,54.6079,56.875
2020-11-30,4098129,232858833,57.0,57.5,56.0,56.1,-0.6,2147,0.9857020913358943,56.185,55.2979,55.1993,56.6779
2020-12-01,2137471,117813322,56.2,56.7,54.3,54.9,-1.2,1358,0.9857020913358943,55.3965,54.115,53.5236,55.8893
2020-12-02,1426552,78794966,55.0,55.7,54.7,55.1,0.2,918,0.9857020913358943,54.2136,54.3122,53.9179,54.9036
2020-12-03,10723413,617009288,56.0,59.7,55.3,55.5,0.4,6540,0.9857020913358943,55.1993,54.7065,54.5093,58.8464
2020-12-04,2243340,125413358,55.0,57.0,55.0,55.5,0.0,1479,0.9857020913358943,54.2136,54.7065,54.2136,56.185
2020-12-07,2186100,121656252,56.0,56.6,55.0,55.0,-0.5,1337,0.9857020913358943,55.1993,54.2136,54.2136,55.7907
2020-12-08,1670008,92242541,55.3,56.3,54.7,55.0,0.0,1106,0.9857020913358943,54.5093,54.2136,53.9179,55.495
2020-12-09,1882352,103799190,55.3,56.0,54.6,54.7,-0.3,1251,0.9857020913358943,54.5093,53.9179,53.8193,55.1993
2020-12-10,3931919,207594130,54.0,54.0,51.8,52.2,-2.5,2424,0.9857020913358943,53.2279,51.4536,51.0594,53.2279
2020-12-11,1846039,95240787,52.3,53.2,50.6,51.1,-1.1,1169,0.9857020913358943,51.5522,50.3694,49.8765,52.4394
2020-12-14,1733276,90993591,51.1,53.6,50.7,52.8,1.7,952,0.9857020913358943,50.3694,52.0451,49.9751,52.8336
2020-12-15,5906248,321093270,54.0,56.6,52.2,52.2,-0.6,3869,0.9857020913358943,53.2279,51.4536,51.4536,55.7907
2020-12-16,1195030,62834672,52.6,53.4,52.2,52.5,0.3,825,0.9857020913358943,51.8479,51.7494,51.4536,52.6365
2020-12-17,766926,40000734,52.8,53.0,51.8,52.1,-0.4,511,0.9857020913358943,52.0451,51.3551,51.0594,52.2422
2020-12-18,749089,38860564,52.4,52.4,51.5,52.0,-0.1,529,0.9857020913358943,51.6508,51.2565,50.7637,51.6508
2020-12-21,869591,44292873,52.0,52.3,50.2,50.9,-1.1,556,0.9857020913358943,51.2565,50.1722,49.4822,51.5522
2020-12-22,880455,44775248,51.0,51.9,50.0,50.0,-0.9,626,0.9857020913358943,50.2708,49.2851,49.2851,51.1579
2020-12-23,806110,40844601,50.2,51.4,49.9,50.8,0.8,595,0.9857020913358943,49.4822,50.0737,49.1865,50.6651
2020-12-24,892000,46136900,51.3,52.4,50.9,51.5,0.7,628,0.9857020913358943,50.5665,50.7637,50.1722,51.6508
2020-12-25,3787195,202252442,53.5,54.5,52.5,52.8,1.3,2389,0.9857020913358943,52.7351,52.0451,51.7494,53.7208
2020-12-28,1160491,60579923,52.8,53.2,51.6,52.2,-0.6,784,0.9857020913358943,52.0451,51.4536,50.8622,52.4394
2020-12-29,911611,47002103,52.8,52.8,51.0,51.0,-1.2,655,0.9857020913358943,52.0451,50.2708,50.2708,52.0451
2020-12-30,588229,30187118,51.0,51.8,51.0,51.1,0.1,408,0.9857020913358943,50.2708,50.3694,50.2708,51.0594
2020-12-31,603444,30908798,51.4,51.7,50.9,51.2,0.1,384,0.9857020913358943,50.6651,50.4679,50.1722,50.9608
2021-01-04,1071570,55907888,51.8,52.9,51.5,51.7,0.5,755,0.9857020913358943,51.0594,50.9608,50.7637,52.1436
2021-01-05,727512,37693868,52.0,52.2,51.5,51.6,-0.1,495,0.9857020913358943,51.2565,50.8622,50.7637,51.4536
2021-01-06,1569464,79175233,52.1,52.5,49.1,49.5,-2.1,1127,0.9857020913358943,51.3551,48.7923,48.398,51.7494
2021-01-07,734611,36944350,49.65,50.8,49.5,50.3,0.8,522,0.9857020913358943,48.9401,49.5808,48.7923,50.0737
2021-01-08,897904,44578145,50.5,50.6,49.2,49.35,-0.95,660,0.9857020913358943,49.778,48.6444,48.4965,49.8765
2021-01-11,821447,40310480,49.45,50.0,48.55,49.0,-0.35,603,0.9857020913358943,48.743,48.2994,47.8558,49.2851
2021-01-12,1000969,48157996,49.2,49.4,47.2,47.8,-1.2,726,0.9857020913358943,48.4965,47.1166,46.5251,48.6937
2021-01-13,749069,36205840,47.9,48.95,47.5,48.1,0.3,485,0.9857020913358943,47.2151,47.4123,46.8208,48.2501
2021-01-14,639665,31186620,48.8,49.35,48.45,48.65,0.55,489,0.9857020913358943,48.1023,47.9544,47.7573,48.6444
2021-01-15,1262320,59751754,48.95,49.1,46.5,46.65,-2.0,876,0.9857020913358943,48.2501,45.983,45.8351,48.398
2021-01-18,915285,42074494,46.0,47.7,44.6,47.15,0.5,636,0.9857020913358943,45.3423,46.4759,43.9623,47.018
2021-01-19,591003,28315939,47.15,48.5,47.15,47.35,0.2,471,0.9857020913358943,46.4759,46.673,46.4759,47.8066
2021-01-20,1021427,46496199,47.25,47.35,44.65,44.75,-2.6,758,0.9857020913358943,46.5744,44.1102,44.0116,46.673
2021-01-21,548955,24598409,45.0,45.7,44.05,44.45,-0.3,413,0.9857020913358943,44.3566,43.8145,43.4202,45.0466
2021-01-22,574059,25790870,44.45,46.0,44.3,45.55,1.1,385,0.9857020913358943,43.8145,44.8987,43.6666,45.3423
2021-01-25,480198,22071017,45.7,46.7,45.05,46.65,1.1,352,0.9857020913358943,45.0466,45.983,44.4059,46.0323
2021-01-26,460309,21398596,47.3,47.45,45.5,45.7,-0.95,371,0.9857020913358943,46.6237,45.0466,44.8494,46.7716
2021-01-27,270160,12374224,46.0,46.4,45.45,46.05,0.35,201,0.9857020913358943,45.3423,45.3916,44.8002,45.7366
2021-01-28,257578,11718651,45.35,46.05,45.0,45.2,-0.85,218,0.9857020913358943,44.7016,44.5537,44.3566,45.3916
2021-01-29,485395,21837703,45.2,45.6,44.75,44.8,-0.4,299,0.9857020913358943,44.5537,44.1595,44.1102,44.948
2021-02-01,537222,23595802,44.4,44.95,42.75,44.2,-0.6,397,0.9857020913358943,43.7652,43.568,42.1388,44.3073
2021-02-02,664205,30395524,44.95,46.25,44.3,45.7,1.5,468,0.9857020913358943,44.3073,45.0466,43.6666,45.5887
2021-02-03,398080,18388139,46.5,46.7,45.7,45.7,0.0,288,0.9857020913358943,45.8351,45.0466,45.0466,46.0323
2021-02-04,346335,16032664,45.7,46.7,45.7,46.1,0.4,246,0.9857020913358943,45.0466,45.4409,45.0466,46.0323
2021-02-05,312390,14577722,46.6,47.0,46.4,46.55,0.45,241,0.9857020913358943,45.9337,45.8844,45.7366,46.328
2021-02-17,553770,26513467,48.0,48.25,47.05,47.9,1.35,382,0.9857020913358943,47.3137,47.2151,46.3773,47.5601
2021-02-18,412693,20032723,48.05,48.9,48.05,48.55,0.65,287,0.9857020913358943,47.363,47.8558,47.363,48.2008
2021-02-19,1390264,69252092,50.0,50.9,49.1,49.8,1.25,996,0.9857020913358943,49.2851,49.088,48.398,50.1722
2021-02-22,831645,41440874,50.0,50.7,49.3,49.9,0.1,528,0.9857020913358943,49.2851,49.1865,48.5951,49.9751
2021-02-23,405160,19947078,49.9,49.9,49.0,49.25,-0.65,301,0.9857020913358943,49.1865,48.5458,48.2994,49.1865
2021-02-24,483028,23625478,49.2,49.8,48.4,48.6,-0.65,340,0.9857020913358943,48.4965,47.9051,47.708,49.088
2021-02-25,290100,14120259,49.0,49.05,48.5,48.65,0.05,205,0.9857020913358943,48.2994,47.9544,47.8066,48.3487
2021-02-26,351079,16979673,48.3,49.1,47.4,48.3,-0.35,253,0.9857020913358943,47.6094,47.6094,46.7223,48.398
2021-03-02,318057,15225698,48.5,49.1,47.15,47.15,-1.15,242,0.9857020913358943,47.8066,46.4759,46.4759,48.398
2021-03-03,905803,44034116,47.2,49.7,46.5,49.0,1.85,648,0.9857020913358943,46.5251,48.2994,45.8351,48.9894
2021-03-04,423099,20478901,48.5,49.4,47.9,48.45,-0.55,289,0.9857020913358943,47.8066,47.7573,47.2151,48.6937
2021-03-05,163151,7857811,48.1,48.45,47.85,48.1,-0.35,130,0.9857020913358943,47.4123,47.4123,47.1658,47.7573
2021-03-08,585015,28647075,48.2,50.0,48.2,48.35,0.25,397,0.9857020913358943,47.5108,47.6587,47.5108,49.2851
2021-03-09,294160,14192086,48.8,48.8,47.5,48.55,0.2,201,0.9857020913358943,48.1023,47.8558,46.8208,48.1023
2021-03-10,926116,45939174,49.35,50.4,48.8,49.0,0.45,660,0.9857020913358943,48.6444,48.2994,48.1023,49.6794
2021-03-11,411670,20229313,49.0,49.45,48.95,49.25,0.25,337,0.9857020913358943,48.2994,48.5458,48.2501,48.743
2021-03-12,665059,32543727,49.5,49.75,48.45,48.5,-0.75,499,0.9857020913358943,48.7923,47.8066,47.7573,49.0387
2021-03-15,685630,33764811,48.9,49.7,48.3,49.3,0.8,566,0.9857020913358943,48.2008,48.5951,47.6094,48.9894
2021-03-16,786518,38904603,49.55,49.95,48.9,49.6,0.3,581,0.9857020913358943,48.8415,48.8908,48.2008,49.2358
2021-03-17,6301091,327597880,49.6,53.6,49.55,52.4,2.8,3711,0.9857020913358943,48.8908,51.6508,48.8415,52.8336
2021-03-18,4801008,250426357,52.5,53.5,51.1,51.6,-0.8,2733,0.9857020913358943,51.7494,50.8622,50.3694,52.7351
2021-03-19,1286799,65252326,50.6,51.3,50.2,50.4,-1.2,799,0.9857020913358943,49.8765,49.6794,49.4822,50.5665
2021-03-22,1311500,64753778,50.6,50.6,49.0,49.45,-0.95,886,0.9857020913358943,49.8765,48.743,48.2994,49.8765
2021-03-23,875451,43565101,49.55,50.7,49.1,49.35,-0.1,643,0.9857020913358943,48.8415,48.6444,48.398,49.9751
2021-03-24,551076,27072431,49.2,49.85,48.9,49.0,-0.35,393,0.9857020913358943,48.4965,48.2994,48.2008,49.1372
2021-03-25,477116,23465248,48.8,49.75,48.8,49.75,0.75,293,0.9857020913358943,48.1023,49.0387,48.1023,49.0387
2021-03-26,331307,16380745,49.9,49.95,49.25,49.25,-0.5,274,0.9857020913358943,49.1865,48.5458,48.5458,49.2358
2021-03-29,583546,28508819,49.25,49.5,48.6,48.75,-0.5,440,0.9857020913358943,48.5458,48.053,47.9051,48.7923
2021-03-30,399756,19498639,48.6,49.25,48.45,48.75,0.0,288,0.9857020913358943,47.9051,48.053,47.7573,48.5458
2021-03-31,455035,22046648,48.9,49.0,48.1,48.1,-0.65,345,0.9857020913358943,48.2008,47.4123,47.4123,48.2994
2021-04-01,497700,24009624,48.8,48.95,48.05,48.05,-0.05,369,0.9857020913358943,48.1023,47.363,47.363,48.2501
2021-04-06,599500,29025224,48.6,48.8,48.05,48.55,0.5,393,0.9857020913358943,47.9051,47.8558,47.363,48.1023
2021-04-07,531340,25806892,49.0,49.0,48.35,48.55,0.0,372,0.9857020913358943,48.2994,47.8558,47.6587,48.2994
2021-04-08,835818,41151217,48.8,49.75,48.45,49.3,0.75,612,0.9857020913358943,48.1023,48.5951,47.7573,49.0387
2021-04-09,3816400,193975837,50.4,51.7,49.75,50.1,0.8,2537,0.9857020913358943,49.6794,49.3837,49.0387,50.9608
2021-04-12,1661638,83777495,50.7,51.3,49.75,49.8,-0.3,1057,0.9857020913358943,49.9751,49.088,49.0387,50.5665
2021-04-13,1099946,54193174,49.9,50.4,48.1,48.2,-1.6,755,0.9857020913358943,49.1865,47.5108,47.4123,49.6794
2021-04-14,849623,40430480,48.5,48.8,46.9,47.45,-0.75,584,0.9857020913358943,47.8066,46.7716,46.2294,48.1023
2021-04-15,390000,18609400,47.5,48.0,47.4,47.75,0.3,233,0.9857020913358943,46.8208,47.0673,46.7223,47.3137
2021-04-16,419486,20220019,47.75,48.7,47.75,48.15,0.4,287,0.9857020913358943,47.0673,47.4616,47.0673,48.0037
2021-04-19,558364,27156386,48.2,49.3,48.1,49.1,0.95,367,0.9857020913358943,47.5108,48.398,47.4123,48.5951
2021-04-20,698267,34701447,49.6,50.2,49.2,49.6,0.5,518,0.9857020913358943,48.8908,48.8908,48.4965,49.4822
2021-04-21,938608,46496602,49.6,50.4,48.85,48.85,-0.75,561,0.9857020913358943,48.8908,48.1515,48.1515,49.6794
2021-04-22,942070,45332258,49.7,49.7,46.6,47.55,-1.3,604,0.9857020913358943,48.9894,46.8701,45.9337,48.9894
2021-04-23,789270,37227318,48.0,48.0,46.75,46.75,-0.8,484,0.9857020913358943,47.3137,46.0816,46.0816,47.3137
2021-04-26,737456,34547412,47.9,47.9,46.5,46.6,-0.15,452,0.9857020913358943,47.2151,45.9337,45.8351,47.2151
2021-04-27,679008,31790825,46.75,47.6,46.3,46.6,0.0,454,0.9857020913358943,46.0816,45.9337,45.638,46.9194
2021-04-28,293302,13768162,46.7,47.35,46.6,46.75,0.15,222,0.9857020913358943,46.0323,46.0816,45.9337,46.673
2021-04-29,421308,19551591,47.0,47.0,46.1,46.1,-0.65,288,0.9857020913358943,46.328,45.4409,45.4409,46.328
2021-05-03,1056726,46543811,45.8,45.8,42.85,43.25,-2.85,700,0.9857020913358943,45.1452,42.6316,42.2373,45.1452
2021-05-04,1075080,43797176,43.25,43.25,39.0,40.9,-2.35,673,0.9857020913358943,42.6316,40.3152,38.4424,42.6316
2021-05-05,419181,17401362,41.0,42.35,40.5,40.95,0.05,292,0.9857020913358943,40.4138,40.3645,39.9209,41.7445
2021-05-06,324528,13478901,41.2,42.1,41.0,41.4,0.45,232,0.9857020913358943,40.6109,40.8081,40.4138,41.4981
2021-05-07,285513,12129078,42.0,43.2,42.0,43.1,1.7,216,0.9857020913358943,41.3995,42.4838,41.3995,42.5823
2021-05-10,274494,11605995,43.0,43.0,42.0,42.0,-1.1,203,0.9857020913358943,42.3852,41.3995,41.3995,42.3852
2021-05-11,704450,28080318,41.4,41.6,38.5,38.65,-3.35,470,0.9857020913358943,40.8081,38.0974,37.9495,41.0052
2021-05-12,1212835,43887085,38.65,39.55,34.8,35.3,-3.35,775,0.9857020913358943,38.0974,34.7953,34.3024,38.9845
2021-05-13,791000,28559100,34.6,37.35,33.6,36.65,1.35,524,0.9857020913358943,34.1053,36.126,33.1196,36.816
2021-05-14,440036,16258874,36.65,38.2,36.25,36.35,-0.3,269,0.9857020913358943,36.126,35.8303,35.7317,37.6538
2021-05-17,820334,27592073,32.8,35.6,32.75,32.8,-3.55,525,0.9857020913358943,32.331,32.331,32.2817,35.091
2021-05-18,598649,21188396,33.55,36.05,33.4,36.05,3.25,395,0.9857020913358943,33.0703,35.5346,32.9224,35.5346
2021-05-19,390125,14537965,36.15,37.95,36.15,37.65,1.6,270,0.9857020913358943,35.6331,37.1117,35.6331,37.4074
2021-05-20,373200,14098600,37.0,38.45,37.0,38.0,0.35,220,0.9857020913358943,36.471,37.4567,36.471,37.9002
2021-05-21,363000,13966550,39.05,39.25,38.05,38.3,0.3,240,0.9857020913358943,38.4917,37.7524,37.506,38.6888
2021-05-24,227499,8628761,37.0,38.9,37.0,38.5,0.2,150,0.9857020913358943,36.471,37.9495,36.471,38.3438
2021-05-25,274550,10750975,39.0,40.0,38.6,38.9,0.4,205,0.9857020913358943,38.4424,38.3438,38.0481,39.4281
2021-05-26,149500,5824250,39.0,39.4,38.55,39.0,0.1,129,0.9857020913358943,38.4424,38.4424,37.9988,38.8367
2021-05-27,269000,10389500,38.8,39.15,38.3,38.5,-0.5,169,0.9857020913358943,38.2452,37.9495,37.7524,38.5902
2021-05-28,354141,14032990,38.7,40.0,38.7,39.7,1.2,244,0.9857020913358943,38.1467,39.1324,38.1467,39.4281
2021-05-31,225403,9001747,39.7,40.6,39.5,39.55,-0.15,178,0.9857020913358943,39.1324,38.9845,38.9352,40.0195
2021-06-01,279030,11075775,39.6,40.05,39.4,40.0,0.45,181,0.9857020913358943,39.0338,39.4281,38.8367,39.4774
2021-06-02,313652,12365793,39.7,40.3,38.9,39.15,-0.85,232,0.9857020913358943,39.1324,38.5902,38.3438,39.7238
2021-06-03,195510,7663842,39.15,39.6,38.9,39.4,0.25,159,0.9857020913358943,38.5902,38.8367,38.3438,39.0338
2021-06-04,128190,5070660,39.4,40.0,39.05,39.4,0.0,105,0.9857020913358943,38.8367,38.8367,38.4917,39.4281
2021-06-07,315508,12046829,39.4,39.4,37.15,38.25,-1.15,228,0.9857020913358943,38.8367,37.7031,36.6188,38.8367
2021-06-08,126005,4831645,38.25,38.8,38.2,38.3,0.05,89,0.9857020913358943,37.7031,37.7524,37.6538,38.2452
2021-06-09,165002,6255376,38.2,38.35,37.6,37.65,-0.65,126,0.9857020913358943,37.6538,37.1117,37.0624,37.8017
2021-06-10,111155,4206496,37.65,38.2,37.45,38.0,0.35,97,0.9857020913358943,37.1117,37.4567,36.9145,37.6538
2021-06-11,230040,8679185,38.0,38.0,37.5,37.6,-0.4,148,0.9857020913358943,37.4567,37.0624,36.9638,37.4567
2021-06-15,332150,12789739,37.5,39.7,37.45,39.7,2.1,242,0.9857020913358943,36.9638,39.1324,36.9145,39.1324
2021-06-16,3270183,137842771,40.5,43.65,40.45,42.0,2.3,2143,0.9857020913358943,39.9209,41.3995,39.8716,43.0259
2021-06-17,1003493,40907648,41.1,41.6,40.2,40.65,-1.35,710,0.9857020913358943,40.5124,40.0688,39.6252,41.0052
2021-06-18,645013,25815503,40.9,41.0,39.8,39.9,-0.75,451,0.9857020913358943,40.3152,39.3295,39.2309,40.4138
2021-06-21,379079,14734281,39.9,39.9,38.5,38.7,-1.2,300,0.9857020913358943,39.3295,38.1467,37.9495,39.3295
2021-06-22,379050,14710945,38.9,39.5,38.5,38.5,-0.2,244,0.9857020913358943,38.3438,37.9495,37.9495,38.9352
2021-06-23,592075,22982170,39.05,39.45,38.25,38.25,-0.25,364,0.9857020913358943,38.4917,37.7031,37.7031,38.8859
2021-06-24,980598,39206680,38.7,40.5,38.6,40.2,1.95,666,0.9857020913358943,38.1467,39.6252,38.0481,39.9209
2021-06-25,835529,33424206,40.25,41.0,39.5,39.7,-0.5,519,0.9857020913358943,39.6745,39.1324,38.9352,40.4138
2021-06-28,302778,11939412,40.5,40.5,39.1,39.25,-0.45,224,0.9857020913358943,39.9209,38.6888,38.541,39.9209
2021-06-29,448152,17502020,39.35,39.4,38.8,38.9,-0.35,256,0.9857020913358943,38.7874,38.3438,38.2452,38.8367
2021-06-30,703260,27852460,39.4,40.45,38.8,39.0,0.1,471,0.9857020913358943,38.8367,38.4424,38.2452,39.8716
2021-07-01,289002,11276479,39.3,39.55,38.65,38.9,-0.1,203,0.9857020913358943,38.7381,38.3438,38.0974,38.9845
2021-07-02,480393,19089079,39.2,40.25,39.2,39.6,0.7,316,0.9857020913358943,38.6395,39.0338,38.6395,39.6745
2021-07-05,823666,33302705,40.1,40.9,39.75,40.85,1.25,536,0.9857020913358943,39.5267,40.2659,39.1817,40.3152
2021-07-06,848441,34196902,40.9,41.4,39.4,40.0,-0.85,495,0.9857020913358943,40.3152,39.4281,38.8367,40.8081
2021-07-07,415671,16363948,40.0,40.0,39.0,39.1,-0.9,295,0.9857020913358943,39.4281,38.541,38.4424,39.4281
2021-07-08,209000,8187100,39.15,39.5,39.0,39.35,0.25,138,0.9857020913358943,38.5902,38.7874,38.4424,38.9352
2021-07-09,226506,8944168,39.3,39.85,39.05,39.4,0.05,168,0.9857020913358943,38.7381,38.8367,38.4917,39.2802
2021-07-12,547875,21296777,39.7,39.7,38.4,39.2,-0.2,388,0.9857020913358943,39.1324,38.6395,37.851,39.1324
2021-07-13,887814,35373640,39.2,40.7,39.0,39.25,0.05,543,0.9857020913358943,38.6395,38.6888,38.4424,40.1181
2021-07-14,423135,16322814,39.35,39.35,38.2,38.65,-0.6,282,0.9857020913358943,38.7874,38.0974,37.6538,38.7874
2021-07-15,277000,10688700,38.6,38.9,38.35,38.8,0.15,175,0.9857020913358943,38.0481,38.2452,37.8017,38.3438
2021-07-16,1074935,43101205,38.85,41.0,38.8,41.0,2.2,740,0.9857020913358943,38.2945,40.4138,38.2452,40.4138
2021-07-19,2527861,105412012,41.5,42.95,40.75,40.8,-0.2,1622,0.9857020913358943,40.9066,40.2166,40.1674,42.3359
2021-07-20,1010635,39892046,39.55,40.4,38.9,39.35,-1.45,625,0.9857020913358943,38.9845,38.7874,38.3438,39.8224
2021-07-21,835309,32325766,39.8,39.8,38.35,38.5,-0.85,594,0.9857020913358943,39.2309,37.9495,37.8017,39.2309
2021-07-22,314520,12260774,38.7,39.4,38.7,38.8,0.3,238,0.9857020913358943,38.1467,38.2452,38.1467,38.8367
2021-07-23,774714,30945995,38.8,40.5,38.8,39.75,0.95,520,0.9857020913358943,38.2452,39.1817,38.2452,39.9209
2021-07-26,965114,39392471,40.35,41.45,40.0,40.6,0.85,567,0.9857020913358943,39.7731,40.0195,39.4281,40.8574
2021-07-27,832379,33811212,41.6,41.85,39.65,39.7,-0.9,519,0.9857020913358943,41.0052,39.1324,39.0831,41.2516
2021-07-28,519516,20186526,39.6,39.6,38.3,39.05,-0.65,340,0.9857020913358943,39.0338,38.4917,37.7524,39.0338
2021-07-29,300222,11703418,38.65,39.6,38.55,39.25,0.0,209,0.9933333333333334,38.3923,38.9883,38.293,39.336
2021-07-30,247154,9636960,38.8,39.5,38.55,38.6,-0.65,170,0.9933333333333334,38.5413,38.3427,38.293,39.2367
2021-08-02,348173,13379992,38.75,39.05,38.05,38.6,0.0,236,0.9933333333333334,38.4917,38.3427,37.7963,38.7897
2021-08-03,224150,8751850,38.75,39.35,38.7,39.0,0.4,157,0.9933333333333334,38.4917,38.74,38.442,39.0877
2021-08-04,276062,10780178,39.4,39.4,38.8,38.8,-0.2,167,0.9933333333333334,39.1373,38.5413,38.5413,39.1373
2021-08-05,241064,9350802,39.0,39.3,38.55,38.65,-0.15,147,0.9933333333333334,38.74,38.3923,38.293,39.038
2021-08-06,344655,13344165,38.6,39.3,38.35,38.8,0.15,237,0.9933333333333334,38.3427,38.5413,38.0943,39.038
2021-08-09,299612,11587614,39.05,39.05,38.35,38.35,-0.45,177,0.9933333333333334,38.7897,38.0943,38.0943,38.7897
2021-08-10,416471,15682213,38.4,38.5,37.3,37.3,-1.05,332,0.9933333333333334,38.144,37.0513,37.0513,38.2433
2021-08-11,743639,26519697,37.0,37.0,34.4,35.3,-2.0,529,0.9933333333333334,36.7533,35.0647,34.1707,36.7533
2021-08-12,228320,8078586,35.0,35.9,35.0,35.5,0.2,139,0.9933333333333334,34.7667,35.2633,34.7667,35.6607
2021-08-13,256725,8976630,35.5,35.8,34.65,34.65,-0.85,193,0.9933333333333334,35.2633,34.419,34.419,35.5613
2021-08-16,343386,11488915,34.4,34.4,33.0,33.3,-1.35,237,0.9933333333333334,34.1707,33.078,32.78,34.1707
2021-08-17,266150,9003208,33.25,34.3,33.25,33.6,0.3,144,0.9933333333333334,33.0283,33.376,33.0283,34.0713
2021-08-18,473965,15667256,33.2,34.2,32.1,34.0,0.4,260,0.9933333333333334,32.9787,33.7733,31.886,33.972
2021-08-19,220865,7308595,34.4,34.4,32.55,32.55,-1.45,172,0.9933333333333334,34.1707,32.333,32.333,34.1707
2021-08-20,152818,4967139,32.6,32.9,32.1,32.55,0.0,107,0.9933333333333334,32.3827,32.333,31.886,32.6807
2021-08-23,220180,7369473,33.4,33.75,33.0,33.75,1.2,144,0.9933333333333334,33.1773,33.525,32.78,33.525
2021-08-24,100200,3366400,34.0,34.0,33.45,33.6,-0.15,81,0.9933333333333334,33.7733,33.376,33.227,33.7733
2021-08-25,210102,7220368,33.9,34.85,33.8,34.4,0.8,162,0.9933333333333334,33.674,34.1707,33.5747,34.6177
2021-08-26,100350,3408095,34.15,34.25,33.6,33.8,-0.6,77,0.9933333333333334,33.9223,33.5747,33.376,34.0217
2021-08-27,136230,4587560,33.65,34.1,33.2,34.1,0.3,101,0.9933333333333334,33.4257,33.8727,32.9787,33.8727
2021-08-30,73206,2487154,34.0,34.25,33.7,33.8,-0.3,67,0.9933333333333334,33.7733,33.5747,33.4753,34.0217
2021-08-31,159796,5338977,33.8,34.0,33.2,33.35,-0.45,149,0.9933333333333334,33.5747,33.1277,32.9787,33.7733
2021-09-01,202050,6859594,33.35,34.3,33.25,33.85,0.5,155,0.9933333333333334,33.1277,33.6243,33.0283,34.0713
2021-09-02,106092,3566764,34.2,34.2,33.5,33.55,-0.3,86,0.9933333333333334,33.972,33.3263,33.2767,33.972
2021-09-03,130105,4347528,33.7,33.75,33.2,33.45,-0.1,119,0.9933333333333334,33.4753,33.227,32.9787,33.525
2021-09-06,201000,6622600,33.45,33.5,32.6,32.6,-0.85,150,0.9933333333333334,33.227,32.3827,32.3827,33.2767
2021-09-07,197300,6394279,32.65,33.15,32.1,32.3,-0.3,106,0.9933333333333334,32.4323,32.0847,31.886,32.929
2021-09-08,133450,4293250,32.15,32.7,32.0,32.0,-0.3,107,0.9933333333333334,31.9357,31.7867,31.7867,32.482
2021-09-09,152220,4864495,32.4,32.4,31.5,31.5,-0.5,103,0.9933333333333334,32.184,31.29,31.29,32.184
2021-09-10,138757,4377297,31.8,31.8,31.3,31.55,0.05,113,0.9933333333333334,31.588,31.3397,31.0913,31.588
2021-09-13,137211,4303627,31.95,31.95,31.2,31.4,-0.15,114,0.9933333333333334,31.737,31.1907,30.992,31.737
2021-09-14,85350,2708096,31.4,31.95,31.4,31.55,0.15,73,0.9933333333333334,31.1907,31.3397,31.1907,31.737
2021-09-15,102563,3207059,31.6,31.6,31.05,31.5,-0.05,96,0.9933333333333334,31.3893,31.29,30.843,31.3893
2021-09-16,69066,2172971,31.75,31.75,31.3,31.4,-0.1,62,0.9933333333333334,31.5383,31.1907,31.0913,31.5383
2021-09-17,58150,1817840,31.05,31.45,31.05,31.25,-0.15,50,0.9933333333333334,30.843,31.0417,30.843,31.2403
2021-09-22,142531,4367199,31.0,31.0,30.5,30.6,-0.65,117,0.9933333333333334,30.7933,30.396,30.2967,30.7933
2021-09-23,82040,2524590,31.0,31.0,30.6,31.0,0.4,61,0.9933333333333334,30.7933,30.7933,30.396,30.7933
2021-09-24,158760,4895185,31.0,31.15,30.65,30.8,-0.2,134,0.9933333333333334,30.7933,30.5947,30.4457,30.9423
2021-09-27,275528,8770731,31.3,32.3,31.25,31.6,0.8,207,0.9933333333333334,31.0913,31.3893,31.0417,32.0847
2021-09-28,89080,2811453,31.6,31.9,31.2,31.6,0.0,75,0.9933333333333334,31.3893,31.3893,30.992,31.6873
2021-09-29,203218,6461479,31.5,32.6,31.25,31.8,0.2,188,0.9933333333333334,31.29,31.588,31.0417,32.3827
2021-09-30,127138,4080541,32.5,32.5,31.7,31.95,0.15,95,0.9933333333333334,32.2833,31.737,31.4887,32.2833
2021-10-01,191538,6038888,32.2,32.2,31.0,31.0,-0.95,170,0.9933333333333334,31.9853,30.7933,30.7933,31.9853
2021-10-04,253925,7622196,31.7,31.7,29.5,29.55,-1.45,211,0.9933333333333334,31.4887,29.353,29.3033,31.4887
2021-10-05,148625,4301896,29.5,29.5,27.9,29.3,-0.25,132,0.9933333333333334,29.3033,29.1047,27.714,29.3033
2021-10-06,165074,4813489,29.3,29.9,28.7,28.75,-0.55,114,0.9933333333333334,29.1047,28.5583,28.5087,29.7007
2021-10-07,180560,5344130,28.75,29.95,28.75,29.8,1.05,135,0.9933333333333334,28.5583,29.6013,28.5583,29.7503
2021-10-08,90010,2702399,30.0,30.25,29.85,30.0,0.2,80,0.9933333333333334,29.8,29.8,29.651,30.0483
2021-10-12,122056,3629130,29.0,30.3,29.0,29.8,-0.2,102,0.9933333333333334,28.8067,29.6013,28.8067,30.098
2021-10-13,147150,4293252,29.5,29.8,28.85,29.2,-0.6,136,0.9933333333333334,29.3033,29.0053,28.6577,29.6013
2021-10-14,86390,2535505,29.1,29.55,29.1,29.55,0.35,68,0.9933333333333334,28.906,29.353,28.906,29.353
2021-10-15,151200,4554240,30.0,30.45,29.9,30.2,0.65,103,0.9933333333333334,29.8,29.9987,29.7007,30.247
2021-10-18,41100,1238950,30.2,30.5,29.9,30.2,0.0,40,0.9933333333333334,29.9987,29.9987,29.7007,30.2967
2021-10-19,158865,4893350,30.25,30.95,30.25,30.9,0.7,148,0.9933333333333334,30.0483,30.694,30.0483,30.7437
2021-10-20,174210,5432031,31.0,31.5,30.95,31.5,0.6,122,0.9933333333333334,30.7933,31.29,30.7437,31.29
2021-10-21,258530,8279590,31.8,32.4,31.4,31.5,0.0,167,0.9933333333333334,31.588,31.29,31.1907,32.184
2021-10-22,118354,3669782,31.75,31.75,30.6,30.95,-0.55,94,0.9933333333333334,31.5383,30.7437,30.396,31.5383
2021-10-25,83099,2613792,31.7,31.7,30.95,31.65,0.7,76,0.9933333333333334,31.4887,31.439,30.7437,31.4887
2021-10-26,330267,10648018,32.0,32.5,31.85,32.45,0.8,219,0.9933333333333334,31.7867,32.2337,31.6377,32.2833
2021-10-27,183905,5978582,32.6,32.65,32.25,32.6,0.15,125,0.9933333333333334,32.3827,32.3827,32.035,32.4323
2021-10-28,182383,5964249,32.8,32.9,32.5,32.65,0.05,146,0.9933333333333334,32.5813,32.4323,32.2833,32.6807
2021-10-29,1217976,41953468,33.45,35.6,33.1,34.0,1.35,864,0.9933333333333334,33.227,33.7733,32.8793,35.3627
2021-11-01,675834,23571905,34.2,35.9,34.2,34.5,0.5,506,0.9933333333333334,33.972,34.27,33.972,35.6607
2021-11-02,373591,12604759,35.3,35.3,33.1,33.35,-1.15,262,0.9933333333333334,35.0647,33.1277,32.8793,35.0647
2021-11-03,147620,4932268,33.95,34.15,33.1,33.35,0.0,115,0.9933333333333334,33.7237,33.1277,32.8793,33.9223
2021-11-04,81972,2746601,33.5,33.7,33.25,33.3,-0.05,73,0.9933333333333334,33.2767,33.078,33.0283,33.4753
2021-11-05,205407,6676192,33.3,33.3,32.0,32.5,-0.8,158,0.9933333333333334,33.078,32.2833,31.7867,33.078
2021-11-08,129137,4274447,32.6,33.35,32.6,33.15,0.65,109,0.9933333333333334,32.3827,32.929,32.3827,33.1277
2021-11-09,173176,5819400,33.5,33.9,33.05,33.75,0.6,121,0.9933333333333334,33.2767,33.525,32.8297,33.674
2021-11-10,177300,5905550,33.7,33.85,33.0,33.45,-0.3,131,0.9933333333333334,33.4753,33.227,32.78,33.6243
2021-11-11,80160,2677512,33.45,33.7,33.1,33.2,-0.25,69,0.9933333333333334,33.227,32.9787,32.8793,33.4753
2021-11-12,172000,5617200,33.1,33.1,32.4,32.45,-0.75,130,0.9933333333333334,32.8793,32.2337,32.184,32.8793
2021-11-15,170230,5624059,32.8,33.3,32.65,33.05,0.6,118,0.9933333333333334,32.5813,32.8297,32.4323,33.078
2021-11-16,98433,3249377,33.1,33.5,32.6,32.8,-0.25,83,0.9933333333333334,32.8793,32.5813,32.3827,33.2767
2021-11-17,88210,2885805,33.3,33.35,32.55,32.65,-0.15,86,0.9933333333333334,33.078,32.4323,32.333,33.1277
2021-11-18,67041,2183598,32.5,32.8,32.45,32.6,-0.05,52,0.9933333333333334,32.2833,32.3827,32.2337,32.5813
2021-11-19,141304,4658734,32.6,33.2,32.45,33.15,0.55,116,0.9933333333333334,32.3827,32.929,32.2337,32.9787
2021-11-22,343156,11575312,32.85,34.8,32.5,34.2,1.05,271,0.9933333333333334,32.631,33.972,32.2833,34.568
2021-11-23,363210,12430361,34.5,34.8,33.7,33.9,-0.3,279,0.9933333333333334,34.27,33.674,33.4753,34.568
2021-11-24,145050,4938857,34.35,34.4,33.75,33.9,0.0,130,0.9933333333333334,34.121,33.674,33.525,34.1707
2021-11-25,99513,3367786,34.4,34.4,33.5,33.5,-0.4,85,0.9933333333333334,34.1707,33.2767,33.2767,34.1707
2021-11-26,201441,6573306,33.2,33.3,32.35,32.45,-1.05,155,0.9933333333333334,32.9787,32.2337,32.1343,33.078
2021-11-29,102050,3274500,31.15,32.9,31.15,32.0,-0.45,74,0.9933333333333334,30.9423,31.7867,30.9423,32.6807
2021-11-30,91050,2926815,32.3,32.85,32.0,32.0,0.0,70,0.9933333333333334,32.0847,31.7867,31.7867,32.631
2021-12-01,74000,2363850,32.0,32.35,31.8,32.3,0.3,64,0.9933333333333334,31.7867,32.0847,31.588,32.1343
2021-12-02,113530,3635610,32.6,32.6,31.65,31.8,-0.5,91,0.9933333333333334,32.3827,31.588,31.439,32.3827
2021-12-03,68600,2180254,31.8,32.0,31.6,31.7,-0.1,65,0.9933333333333334,31.588,31.4887,31.3893,31.7867
2021-12-06,47688,1524261,32.15,32.3,31.75,32.3,0.6,50,0.9933333333333334,31.9357,32.0847,31.5383,32.0847
2021-12-07,82420,2680810,32.65,32.7,32.2,32.6,0.3,70,0.9933333333333334,32.4323,32.3827,31.9853,32.482
2021-12-08,279250,9359186,32.8,33.9,32.8,33.7,1.1,208,0.9933333333333334,32.5813,33.4753,32.5813,33.674
2021-12-09,253151,8603666,34.0,34.7,33.5,33.95,0.25,189,0.9933333333333334,33.7733,33.7237,33.2767,34.4687
2021-12-10,98505,3276332,33.35,33.6,33.1,33.15,-0.8,103,0.9933333333333334,33.1277,32.929,32.8793,33.376
2021-12-13,121038,3948070,33.1,33.1,32.45,32.5,-0.65,113,0.9933333333333334,32.8793,32.2833,32.2337,32.8793
2021-12-14,151599,4847302,32.6,32.6,31.8,31.9,-0.6,152,0.9933333333333334,32.3827,31.6873,31.588,32.3827
2021-12-15,126833,4033546,31.8,32.0,31.6,31.8,-0.1,167,0.9933333333333334,31.588,31.588,31.3893,31.7867
2021-12-16,141606,4528042,32.0,32.3,31.75,32.25,0.45,116,0.9933333333333334,31.7867,32.035,31.5383,32.0847
2021-12-17,93448,2973554,31.85,32.1,31.7,31.75,-0.5,130,0.9933333333333334,31.6377,31.5383,31.4887,31.886
2021-12-20,144226,4535722,31.55,31.6,31.3,31.4,-0.35,91,0.9933333333333334,31.3397,31.1907,31.0913,31.3893
2021-12-21,53656,1695681,31.45,31.9,31.35,31.8,0.4,49,0.9933333333333334,31.2403,31.588,31.141,31.6873
2021-12-22,69060,2206213,31.7,32.2,31.7,32.1,0.3,63,0.9933333333333334,31.4887,31.886,31.4887,31.9853
2021-12-23,106160,3403425,32.0,32.3,31.95,32.15,0.05,73,0.9933333333333334,31.7867,31.9357,31.737,32.0847
2021-12-24,299880,9871320,32.45,33.35,32.45,32.55,0.4,255,0.9933333333333334,32.2337,32.333,32.2337,33.1277
2021-12-27,180176,5860327,32.65,32.85,32.3,32.35,-0.2,132,0.9933333333333334,32.4323,32.1343,32.0847,32.631
2021-12-28,119025,3851425,32.25,32.65,32.25,32.3,-0.05,95,0.9933333333333334,32.035,32.0847,32.035,32.4323
2021-12-29,303419,10035945,32.75,34.0,32.35,33.45,1.15,249,0.9933333333333334,32.5317,33.227,32.1343,33.7733
2021-12-30,205770,6814529,33.8,33.8,32.8,33.0,-0.45,181,0.9933333333333334,33.5747,32.78,32.5813,33.5747
2022-01-03,1650747,58384210,33.0,36.3,33.0,36.3,3.3,1068,0.9933333333333334,32.78,36.058,32.78,36.058
2022-01-04,2385644,87162619,37.5,37.95,35.6,35.85,-0.45,1719,0.9933333333333334,37.25,35.611,35.3627,37.697
2022-01-05,640274,22338086,35.25,35.6,34.5,34.75,-1.1,467,0.9933333333333334,35.015,34.5183,34.27,35.3627
2022-01-06,322104,11056309,34.3,34.75,34.15,34.2,-0.55,209,0.9933333333333334,34.0713,33.972,33.9223,34.5183
2022-01-07,258302,8759078,34.2,34.75,33.5,33.8,-0.4,185,0.9933333333333334,33.972,33.5747,33.2767,34.5183
2022-01-10,155253,5199846,33.6,34.0,33.1,33.3,-0.5,138,0.9933333333333334,33.376,33.078,32.8793,33.7733
2022-01-11,181576,6079553,34.05,34.05,33.25,33.35,0.05,169,0.9933333333333334,33.823,33.1277,33.0283,33.823
2022-01-12,128750,4299044,33.4,34.2,33.1,33.4,0.05,186,0.9933333333333334,33.1773,33.1773,32.8793,33.972
2022-01-13,85000,2837550,33.4,33.5,33.2,33.3,-0.1,67,0.9933333333333334,33.1773,33.078,32.9787,33.2767
2022-01-14,254900,8207805,33.3,33.3,31.95,32.3,-1.0,182,0.9933333333333334,33.078,32.0847,31.737,33.078
2022-01-17,84099,2710216,32.05,32.6,31.9,32.55,0.25,68,0.9933333333333334,31.8363,32.333,31.6873,32.3827
2022-01-18,78147,2541026,32.55,32.95,32.25,32.6,0.05,75,0.9933333333333334,32.333,32.3827,32.035,32.7303
2022-01-19,125522,4100874,32.4,33.0,32.05,33.0,0.4,92,0.9933333333333334,32.184,32.78,31.8363,32.78
2022-01-20,119665,3970419,32.9,33.7,32.6,33.65,0.65,93,0.9933333333333334,32.6807,33.4257,32.3827,33.4753
2022-01-21,153631,5117709,33.5,33.9,32.6,32.6,-1.05,131,0.9933333333333334,33.2767,32.3827,32.3827,33.674
2022-01-24,162031,5161842,32.0,32.25,31.6,31.9,-0.7,111,0.9933333333333334,31.7867,31.6873,31.3893,32.035
2022-01-25,126300,4018554,31.9,32.45,31.55,31.55,-0.35,95,0.9933333333333334,31.6873,31.3397,31.3397,32.2337
2022-01-26,138014,4352103,31.25,31.75,31.0,31.5,-0.05,88,0.9933333333333334,31.0417,31.29,30.7933,31.5383
2022-02-07,105019,3339358,31.45,32.2,31.45,31.95,0.45,83,0.9933333333333334,31.2403,31.737,31.2403,31.9853
2022-02-08,64000,2040950,32.45,32.45,31.3,32.1,0.15,56,0.9933333333333334,32.2337,31.886,31.0913,32.2337
2022-02-09,85100,2767380,31.85,32.95,31.85,32.7,0.6,77,0.9933333333333334,31.6377,32.482,31.6377,32.7303
2022-02-10,95000,3126600,32.8,33.2,32.75,32.95,0.25,83,0.9933333333333334,32.5813,32.7303,32.5317,32.9787
2022-02-11,86234,2802849,32.5,32.75,32.2,32.3,-0.65,52,0.9933333333333334,32.2833,32.0847,31.9853,32.5317
2022-02-14,95163,2997677,32.2,32.2,31.2,31.5,-0.8,78,0.9933333333333334,31.9853,31.29,30.992,31.9853
2022-02-15,31050,982200,31.5,32.0,31.5,31.55,0.05,30,0.9933333333333334,31.29,31.3397,31.29,31.7867
2022-02-16,72210,2291570,31.6,32.0,31.6,31.75,0.2,45,0.9933333333333334,31.3893,31.5383,31.3893,31.7867
2022-02-17,60500,1932000,31.65,32.15,31.65,31.85,0.1,48,0.9933333333333334,31.439,31.6377,31.439,31.9357
2022-02-18,56459,1790815,31.5,32.0,31.45,32.0,0.15,51,0.9933333333333334,31.29,31.7867,31.2403,31.7867
2022-02-21,54000,1705950,31.6,31.95,31.3,31.7,-0.3,43,0.9933333333333334,31.3893,31.4887,31.0913,31.737
2022-02-22,97250,3061908,31.6,31.7,31.35,31.45,-0.25,78,0.9933333333333334,31.3893,31.2403,31.141,31.4887
2022-02-23,71000,2246500,31.5,31.8,31.45,31.6,0.15,40,0.9933333333333334,31.29,31.3893,31.2403,31.588
2022-02-24,172282,5384919,31.5,31.7,31.0,31.0,-0.6,128,0.9933333333333334,31.29,30.7933,30.7933,31.4887
2022-02-25,209208,6419255,31.2,31.25,29.65,30.6,-0.4,144,0.9933333333333334,30.992,30.396,29.4523,31.0417
2022-03-01,84000,2576650,30.7,30.95,30.4,30.9,0.3,65,0.9933333333333334,30.4953,30.694,30.1973,30.7437
2022-03-02,73029,2242549,30.5,30.9,30.4,30.75,-0.15,64,0.9933333333333334,30.2967,30.545,30.1973,30.694
2022-03-03,115000,3605900,31.8,31.85,30.8,31.5,0.75,75,0.9933333333333334,31.588,31.29,30.5947,31.6377
2022-03-04,54022,1685004,30.85,31.55,30.85,31.3,-0.2,42,0.9933333333333334,30.6443,31.0913,30.6443,31.3397
2022-03-07,111251,3396652,31.3,31.3,30.3,30.3,-1.0,91,0.9933333333333334,31.0913,30.098,30.098,31.0913
2022-03-08,221261,6544152,30.3,30.75,29.0,29.55,-0.75,142,0.9933333333333334,30.098,29.353,28.8067,30.545
2022-03-09,30046,898286,29.55,30.15,29.55,30.05,0.5,31,0.9933333333333334,29.353,29.8497,29.353,29.949
2022-03-10,97811,2950137,30.3,30.5,30.05,30.1,0.05,70,0.9933333333333334,30.098,29.8993,29.8497,30.2967
2022-03-11,156813,4613244,30.0,30.0,29.1,29.35,-0.75,117,0.9933333333333334,29.8,29.1543,28.906,29.8
2022-03-14,111100,3286530,30.0,30.4,29.15,29.3,-0.05,82,0.9933333333333334,29.8,29.1047,28.9557,30.1973
2022-03-15,165265,4732411,29.3,29.3,28.45,28.6,-0.7,113,0.9933333333333334,29.1047,28.4093,28.2603,29.1047
2022-03-16,136310,3850045,28.75,28.8,28.05,28.5,-0.1,104,0.9933333333333334,28.5583,28.31,27.863,28.608
2022-03-17,222114,6342169,28.5,28.8,28.4,28.6,0.1,157,0.9933333333333334,28.31,28.4093,28.2107,28.608
2022-03-18,118000,3380350,28.6,28.9,28.5,28.8,0.2,79,0.9933333333333334,28.4093,28.608,28.31,28.7073
2022-03-21,112458,3302499,29.25,29.5,29.25,29.3,0.5,103,0.9933333333333334,29.055,29.1047,29.055,29.3033
2022-03-22,88082,2589509,29.45,29.5,29.2,29.4,0.1,74,0.9933333333333334,29.2537,29.204,29.0053,29.3033
2022-03-23,66215,1943651,29.95,29.95,29.1,29.35,-0.05,68,0.9933333333333334,29.7503,29.1543,28.906,29.7503
2022-03-24,49347,1441811,29.35,29.35,29.1,29.25,-0.1,47,0.9933333333333334,29.1543,29.055,28.906,29.1543
2022-03-25,40342,1175575,29.15,29.25,29.1,29.1,-0.15,46,0.9933333333333334,28.9557,28.906,28.906,29.055
2022-03-28,87008,2488606,29.0,29.0,28.25,28.75,-0.35,64,0.9933333333333334,28.8067,28.5583,28.0617,28.8067
2022-03-29,120409,3448930,28.7,29.8,28.45,28.65,-0.1,81,0.9933333333333334,28.5087,28.459,28.2603,29.6013
2022-03-30,95100,2761400,29.1,29.3,28.75,29.25,0.6,85,0.9933333333333334,28.906,29.055,28.5583,29.1047
2022-03-31,108673,3120582,29.05,29.05,28.5,28.65,-0.6,96,0.9933333333333334,28.8563,28.459,28.31,28.8563
2022-04-01,55110,1580504,28.65,28.75,28.65,28.75,0.1,47,0.9933333333333334,28.459,28.5583,28.459,28.5583
2022-04-06,49004,1396912,28.7,28.7,28.25,28.55,-0.2,38,0.9933333333333334,28.5087,28.3597,28.0617,28.5087
2022-04-07,125715,3540698,28.55,28.55,28.0,28.0,-0.55,96,0.9933333333333334,28.3597,27.8133,27.8133,28.3597
2022-04-08,86217,2416621,28.6,28.6,27.95,27.95,-0.05,76,0.9933333333333334,28.4093,27.7637,27.7637,28.4093
2022-04-11,260043,7037297,27.9,27.9,26.8,26.85,-1.1,198,0.9933333333333334,27.714,26.671,26.6213,27.714
2022-04-12,152000,4062600,27.0,27.0,26.5,26.55,-0.3,106,0.9933333333333334,26.82,26.373,26.3233,26.82
2022-04-13,133295,3545360,26.55,26.8,26.45,26.5,-0.05,106,0.9933333333333334,26.373,26.3233,26.2737,26.6213
2022-04-14,343665,9486512,26.5,28.35,26.5,28.2,1.7,251,0.9933333333333334,26.3233,28.012,26.3233,28.161
2022-04-15,103175,2830368,27.75,27.75,27.2,27.35,-0.85,214,0.9933333333333334,27.565,27.1677,27.0187,27.565
2022-04-18,83265,2228294,26.4,27.05,26.4,26.9,-0.45,235,0.9933333333333334,26.224,26.7207,26.224,26.8697
2022-04-19,70186,1900442,26.9,27.45,26.9,26.9,0.0,115,0.9933333333333334,26.7207,26.7207,26.7207,27.267
2022-04-20,79433,2140439,26.8,27.2,26.8,26.95,0.05,111,0.9933333333333334,26.6213,26.7703,26.6213,27.0187
2022-04-21,285860,8018227,27.0,28.6,27.0,27.55,0.6,254,0.9933333333333334,26.82,27.3663,26.82,28.4093
2022-04-22,99427,2685492,27.3,27.3,26.5,27.1,-0.45,103,0.9933333333333334,27.118,26.9193,26.3233,27.118
2022-04-25,130675,3439876,27.1,27.1,26.2,26.25,-0.85,123,0.9933333333333334,26.9193,26.075,26.0253,26.9193
2022-04-26,107614,2816000,26.4,26.65,26.0,26.05,-0.2,105,0.9933333333333334,26.224,25.8763,25.8267,26.4723
2022-04-27,417489,10175006,25.35,25.35,23.85,24.0,-2.05,310,0.9933333333333334,25.181,23.84,23.691,25.181
2022-04-28,93105,2254230,24.0,24.5,23.85,24.3,0.3,81,0.9933333333333334,23.84,24.138,23.691,24.3367
2022-04-29,83113,2031935,24.45,25.0,24.25,24.3,0.0,83,0.9933333333333334,24.287,24.138,24.0883,24.8333
2022-05-03,42521,1045388,24.3,24.85,24.3,24.65,0.35,47,0.9933333333333334,24.138,24.4857,24.138,24.6843
2022-05-04,84010,2101109,25.1,25.3,24.9,25.0,0.35,66,0.9933333333333334,24.9327,24.8333,24.734,25.1313
2022-05-05,118111,2970969,25.05,25.75,24.5,25.25,0.25,82,0.9933333333333334,24.883,25.0817,24.3367,25.5783
2022-05-06,43046,1065634,24.65,24.95,24.55,24.8,-0.45,39,0.9933333333333334,24.4857,24.6347,24.3863,24.7837
2022-05-09,146175,3527995,24.9,24.9,23.9,24.1,-0.7,72,0.9933333333333334,24.734,23.9393,23.7407,24.734
2022-05-10,217123,4978631,22.15,23.75,22.15,23.4,-0.7,147,0.9933333333333334,22.0023,23.244,22.0023,23.5917
2022-05-11,71738,1662159,23.05,23.5,23.0,23.1,-0.3,86,0.9933333333333334,22.8963,22.946,22.8467,23.3433
2022-05-12,217288,4837055,23.0,23.1,21.75,21.8,-1.3,200,0.9933333333333334,22.8467,21.6547,21.605,22.946
2022-05-13,161769,3587767,22.0,22.4,21.9,22.25,0.45,106,0.9933333333333334,21.8533,22.1017,21.754,22.2507
2022-05-16,103487,2341105,22.6,23.2,22.35,22.65,0.4,123,0.9933333333333334,22.4493,22.499,22.201,23.0453
2022-05-17,96096,2202122,22.55,23.15,22.55,23.15,0.5,77,0.9933333333333334,22.3997,22.9957,22.3997,22.9957
2022-05-18,135408,3136889,23.25,23.4,23.05,23.1,-0.05,107,0.9933333333333334,23.095,22.946,22.8963,23.244
2022-05-19,47083,1074867,22.8,23.05,22.6,23.0,-0.1,44,0.9933333333333334,22.648,22.8467,22.4493,22.8963
2022-05-20,77210,1809887,23.45,23.7,23.05,23.65,0.65,73,0.9933333333333334,23.2937,23.4923,22.8963,23.542
2022-05-23,94206,2247793,24.05,24.05,23.7,23.75,0.1,89,0.9933333333333334,23.8897,23.5917,23.542,23.8897
2022-05-24,89445,2093960,23.8,23.95,23.05,23.1,-0.65,79,0.9933333333333334,23.6413,22.946,22.8963,23.7903
2022-05-25,80273,1902106,23.45,24.0,23.45,23.6,0.5,81,0.9933333333333334,23.2937,23.4427,23.2937,23.84
2022-05-26,49051,1151600,23.7,23.75,23.3,23.4,-0.2,48,0.9933333333333334,23.542,23.244,23.1447,23.5917
2022-05-27,66249,1566987,23.6,24.1,23.45,23.75,0.35,53,0.9933333333333334,23.4427,23.5917,23.2937,23.9393
2022-05-30,172112,4129952,24.1,24.3,23.8,24.05,0.3,99,0.9933333333333334,23.9393,23.8897,23.6413,24.138
2022-05-31,95447,2257062,24.0,24.0,23.2,23.75,-0.3,86,0.9933333333333334,23.84,23.5917,23.0453,23.84
2022-06-01,46057,1096805,23.5,24.0,23.5,23.85,0.1,42,0.9933333333333334,23.3433,23.691,23.3433,23.84
2022-06-02,265771,6543555,23.85,25.3,23.8,24.5,0.65,201,0.9933333333333334,23.691,24.3367,23.6413,25.1313
2022-06-06,90161,2191893,24.55,24.55,24.1,24.4,-0.1,89,0.9933333333333334,24.3863,24.2373,23.9393,24.3863
2022-06-07,68355,1667344,24.8,24.85,24.15,24.3,-0.1,55,0.9933333333333334,24.6347,24.138,23.989,24.6843
2022-06-08,57148,1388515,24.35,24.5,24.1,24.25,-0.05,49,0.9933333333333334,24.1877,24.0883,23.9393,24.3367
2022-06-09,257806,6362521,24.75,25.0,24.25,24.9,0.65,185,0.9933333333333334,24.585,24.734,24.0883,24.8333
2022-06-10,84392,2076360,24.95,25.0,24.45,24.5,-0.4,80,0.9933333333333334,24.7837,24.3367,24.287,24.8333
2022-06-13,101328,2410231,24.0,24.0,23.6,23.7,-0.8,99,0.9933333333333334,23.84,23.542,23.4427,23.84
2022-06-14,118008,2747737,23.5,23.7,22.9,23.4,-0.3,87,0.9933333333333334,23.3433,23.244,22.7473,23.542
2022-06-15,57396,1349328,23.45,23.8,23.3,23.5,0.1,65,0.9933333333333334,23.2937,23.3433,23.1447,23.6413
2022-06-16,133526,3075347,23.6,23.6,22.35,22.5,-1.0,108,0.9933333333333334,23.4427,22.35,22.201,23.4427
2022-06-17,119110,2646154,22.05,22.45,22.05,22.15,-0.35,94,0.9933333333333334,21.903,22.0023,21.903,22.3003
2022-06-20,181599,3937866,22.25,22.25,21.35,21.45,-0.7,143,0.9933333333333334,22.1017,21.307,21.2077,22.1017
2022-06-21,88034,1910531,21.1,22.15,21.1,22.15,0.7,73,0.9933333333333334,20.9593,22.0023,20.9593,22.0023
2022-06-22,86420,1860713,21.85,21.85,21.2,21.4,-0.75,69,0.9933333333333334,21.7043,21.2573,21.0587,21.7043
2022-06-23,105338,2270165,21.5,22.2,21.15,21.6,0.2,93,0.9933333333333334,21.3567,21.456,21.009,22.052
2022-06-24,139009,3073598,21.6,22.45,21.6,22.05,0.45,84,0.9933333333333334,21.456,21.903,21.456,22.3003
2022-06-27,79016,1781357,22.5,22.7,22.35,22.6,0.55,73,0.9933333333333334,22.35,22.4493,22.201,22.5487
2022-06-28,29021,646421,22.35,22.35,22.2,22.2,-0.4,34,0.9933333333333334,22.201,22.052,22.052,22.201
2022-06-29,32693,723444,22.1,22.25,22.0,22.15,-0.05,47,0.9933333333333334,21.9527,22.0023,21.8533,22.1017
2022-06-30,61312,1315004,22.1,22.1,21.3,21.35,-0.8,71,0.9933333333333334,21.9527,21.2077,21.158,21.9527
2022-07-01,248578,5094337,21.0,21.75,20.0,20.0,-1.35,235,0.9933333333333334,20.86,19.8667,19.8667,21.605
2022-07-04,49007,1002740,19.9,20.75,19.9,20.45,0.45,43,0.9933333333333334,19.7673,20.3137,19.7673,20.6117
2022-07-05,98350,2012601,20.9,20.95,20.2,20.6,0.15,58,0.9933333333333334,20.7607,20.4627,20.0653,20.8103
2022-07-06,79521,1610705,20.65,20.75,19.95,20.0,-0.6,84,0.9933333333333334,20.5123,19.8667,19.817,20.6117
2022-07-07,86106,1774303,20.15,20.75,20.05,20.75,0.75,72,0.9933333333333334,20.0157,20.6117,19.9163,20.6117
2022-07-08,89101,1845157,20.75,20.9,20.5,20.75,0.0,64,0.9933333333333334,20.6117,20.6117,20.3633,20.7607
2022-07-11,59031,1229847,21.2,21.3,20.6,20.6,-0.15,57,0.9933333333333334,21.0587,20.4627,20.4627,21.158
2022-07-12,98188,1964237,20.6,20.6,19.8,19.95,-0.65,93,0.9933333333333334,20.4627,19.817,19.668,20.4627
2022-07-13,92012,1871048,20.2,20.55,20.2,20.3,0.35,66,0.9933333333333334,20.0653,20.1647,20.0653,20.413
2022-07-14,124035,2541579,20.3,21.05,20.1,20.65,0.35,78,0.9933333333333334,20.1647,20.5123,19.966,20.9097
2022-07-15,104240,2184473,20.85,21.2,20.7,20.9,0.25,99,0.9933333333333334,20.711,20.7607,20.562,21.0587
2022-07-18,64475,1366173,21.1,21.5,21.05,21.05,0.15,70,0.9933333333333334,20.9593,20.9097,20.9097,21.3567
2022-07-19,45061,950570,21.05,21.25,20.95,21.05,0.0,43,0.9933333333333334,20.9097,20.9097,20.8103,21.1083
2022-07-20,240011,5138592,21.55,21.7,21.15,21.2,0.15,104,0.9933333333333334,21.4063,21.0587,21.009,21.5553
2022-07-21,200325,4360743,21.3,22.15,21.3,22.05,0.85,148,0.9933333333333334,21.158,21.903,21.158,22.0023
2022-07-22,49120,1076149,22.05,22.1,21.75,21.9,-0.15,53,0.9933333333333334,21.903,21.754,21.605,21.9527
2022-07-25,79067,1742742,21.9,22.4,21.7,22.05,0.15,56,0.9933333333333334,21.754,21.903,21.5553,22.2507
2022-07-26,53009,1150496,21.85,21.85,21.5,21.85,-0.2,50,0.9933333333333334,21.7043,21.7043,21.3567,21.7043
2022-07-27,31047,675230,21.9,21.9,21.55,21.6,-0.25,33,0.9933333333333334,21.754,21.456,21.4063,21.754
2022-07-28,60099,1292124,21.85,21.85,21.35,21.35,-0.25,54,0.9933333333333334,21.7043,21.2077,21.2077,21.7043
2022-07-29,81750,1772657,21.7,21.8,21.6,21.65,0.3,75,0.9933333333333334,21.5553,21.5057,21.456,21.6547
2022-08-01,78451,1696096,21.65,21.95,21.5,21.95,0.3,80,0.9933333333333334,21.5057,21.8037,21.3567,21.8037
2022-08-02,71638,1529360,21.65,21.65,21.25,21.3,-0.65,66,0.9933333333333334,21.5057,21.158,21.1083,21.5057
2022-08-03,57043,1211366,21.3,21.4,20.9,21.15,-0.15,59,0.9933333333333334,21.158,21.009,20.7607,21.2573
2022-08-04,39018,822130,21.5,21.5,20.7,20.95,-0.2,34,0.9933333333333334,21.3567,20.8103,20.562,21.3567
2022-08-05,50038,1068170,21.35,21.5,21.2,21.35,0.4,42,0.9933333333333334,21.2077,21.2077,21.0587,21.3567
2022-08-08,104083,2219045,21.2,21.55,21.0,21.45,0.1,50,0.9933333333333334,21.0587,21.307,20.86,21.4063
2022-08-09,73202,1584677,21.75,21.8,21.4,21.75,0.3,53,0.9933333333333334,21.605,21.605,21.2573,21.6547
2022-08-10,189162,4133466,21.6,22.25,21.3,22.1,0.35,105,0.9933333333333334,21.456,21.9527,21.158,22.1017
2022-08-11,142013,3116445,21.8,22.15,21.8,22.0,-0.1,113,0.9933333333333334,21.6547,21.8533,21.6547,22.0023
2022-08-12,229679,5180702,22.0,22.95,22.0,22.85,0.85,160,0.9933333333333334,21.8533,22.6977,21.8533,22.797
2022-08-15,135591,3087073,22.85,23.0,22.5,22.9,0.05,101,0.9933333333333334,22.6977,22.7473,22.35,22.8467
2022-08-16,69152,1576440,22.9,23.0,22.65,22.65,-0.25,54,0.9933333333333334,22.7473,22.499,22.499,22.8467
2022-08-17,51244,1147717,22.7,22.7,22.1,22.2,-0.45,49,0.9933333333333334,22.5487,22.052,21.9527,22.5487
2022-08-18,99008,2201184,22.35,22.4,22.15,22.3,0.1,57,0.9933333333333334,22.201,22.1513,22.0023,22.2507
2022-08-19,127511,2883624,22.4,23.1,22.35,22.6,0.3,98,0.9933333333333334,22.2507,22.4493,22.201,22.946
2022-08-22,263095,6088187,23.4,23.55,22.65,23.0,0.4,191,0.9933333333333334,23.244,22.8467,22.499,23.393
2022-08-23,62226,1412965,23.2,23.2,22.5,22.65,-0.35,50,0.9933333333333334,23.0453,22.499,22.35,23.0453
2022-08-24,45520,1026796,22.7,22.7,22.45,22.45,-0.2,52,0.9933333333333334,22.5487,22.3003,22.3003,22.5487
2022-08-25,308301,7126828,23.0,23.7,22.6,22.85,0.4,220,0.9933333333333334,22.8467,22.6977,22.4493,23.542
2022-08-26,133051,3068585,22.85,23.35,22.85,23.0,0.15,90,0.9933333333333334,22.6977,22.8467,22.6977,23.1943
2022-08-29,119218,2677645,22.5,23.0,22.2,23.0,0.0,97,0.9933333333333334,22.35,22.8467,22.052,22.8467
2022-08-30,339335,7759191,23.0,23.5,22.5,22.7,-0.3,190,0.9933333333333334,22.8467,22.5487,22.35,23.3433
2022-08-31,175557,3981883,23.1,23.25,22.5,22.7,0.0,141,0.9933333333333334,22.946,22.5487,22.35,23.095
2022-09-01,170110,3799060,22.6,22.6,22.2,22.6,-0.1,126,0.9933333333333334,22.4493,22.4493,22.052,22.4493
2022-09-02,62439,1403209,22.55,22.6,22.35,22.35,-0.25,56,0.9933333333333334,22.3997,22.201,22.201,22.4493
2022-09-05,79546,1757885,22.4,22.4,22.0,22.0,-0.35,80,0.9933333333333334,22.2507,21.8533,21.8533,22.2507
2022-09-06,171094,3818566,21.5,23.2,21.5,21.5,-0.5,94,0.9933333333333334,21.3567,21.3567,21.3567,23.0453
2022-09-07,97560,2064719,21.55,21.55,20.95,21.15,-0.35,77,0.9933333333333334,21.4063,21.009,20.8103,21.4063
2022-09-08,56006,1204927,21.65,22.05,21.2,21.35,0.2,50,0.9933333333333334,21.5057,21.2077,21.0587,21.903
2022-09-12,278005,5955955,22.0,22.0,21.3,21.85,0.5,91,0.9933333333333334,21.8533,21.7043,21.158,21.8533
2022-09-13,82214,1803010,22.0,22.15,21.5,21.8,-0.05,72,0.9933333333333334,21.8533,21.6547,21.3567,22.0023
2022-09-14,53375,1145461,21.2,21.65,21.2,21.5,-0.3,49,0.9933333333333334,21.0587,21.3567,21.0587,21.5057
2022-09-15,122257,2641339,21.4,21.95,21.4,21.45,-0.05,114,0.9933333333333334,21.2573,21.307,21.2573,21.8037
2022-09-16,102032,2190426,21.35,21.95,21.3,21.35,-0.1,99,0.9933333333333334,21.2077,21.2077,21.158,21.8037
2022-09-19,109214,2313134,21.95,21.95,21.0,21.0,-0.35,92,0.9933333333333334,21.8037,20.86,20.86,21.8037
2022-09-20,94385,1975977,21.15,21.15,20.75,20.9,-0.1,74,0.9933333333333334,21.009,20.7607,20.6117,21.009
2022-09-21,100370,2055414,20.7,20.7,20.25,20.35,-0.55,91,0.9933333333333334,20.562,20.2143,20.115,20.562
2022-09-22,223393,4468593,20.05,20.3,19.85,20.25,-0.1,144,0.9933333333333334,19.9163,20.115,19.7177,20.1647
2022-09-23,83089,1674600,20.25,20.55,20.0,20.25,0.0,80,0.9933333333333334,20.115,20.115,19.8667,20.413
2022-09-26,168632,3296346,19.8,19.9,19.1,19.5,-0.75,142,0.9933333333333334,19.668,19.37,18.9727,19.7673
2022-09-27,121879,2380637,19.5,19.9,19.4,19.9,0.4,97,0.9933333333333334,19.37,19.7673,19.2707,19.7673
2022-09-28,133221,2529642,19.55,19.55,18.7,18.7,-1.2,97,0.9933333333333334,19.4197,18.5753,18.5753,19.4197
2022-09-29,77868,1472993,19.1,19.1,18.7,18.95,0.25,66,0.9933333333333334,18.9727,18.8237,18.5753,18.9727
2022-09-30,155013,2877139,18.5,18.9,18.25,18.65,-0.3,98,0.9933333333333334,18.3767,18.5257,18.1283,18.774
2022-10-03,48165,904718,18.75,18.95,18.55,18.8,0.15,44,0.9933333333333334,18.625,18.6747,18.4263,18.8237
2022-10-04,48000,930250,19.3,19.55,19.2,19.55,0.75,39,0.9933333333333334,19.1713,19.4197,19.072,19.4197
2022-10-05,104035,2036243,19.5,20.0,19.35,19.45,-0.1,69,0.9933333333333334,19.37,19.3203,19.221,19.8667
2022-10-06,21109,410281,19.5,19.5,19.3,19.5,0.05,35,0.9933333333333334,19.37,19.37,19.1713,19.37
2022-10-07,32548,625362,19.4,19.4,19.1,19.15,-0.35,37,0.9933333333333334,19.2707,19.0223,18.9727,19.2707
2022-10-11,69315,1278393,19.2,19.2,18.35,18.45,-0.7,100,0.9933333333333334,19.072,18.327,18.2277,19.072
2022-10-12,40524,744511,18.45,18.75,18.3,18.35,-0.1,44,0.9933333333333334,18.327,18.2277,18.178,18.625
2022-10-13,127930,2240855,18.5,18.5,16.85,16.85,-1.5,120,0.9933333333333334,18.3767,16.7377,16.7377,18.3767
2022-10-14,90125,1584877,17.3,17.8,17.3,17.8,0.95,85,0.9933333333333334,17.1847,17.6813,17.1847,17.6813
2022-10-17,47058,813523,17.7,17.7,17.15,17.3,-0.5,49,0.9933333333333334,17.582,17.1847,17.0357,17.582
2022-10-18,78274,1351846,17.4,17.4,17.15,17.25,-0.05,69,0.9933333333333334,17.284,17.135,17.0357,17.284
2022-10-19,79221,1366416,17.3,17.35,17.1,17.3,0.05,84,0.9933333333333334,17.1847,17.1847,16.986,17.2343
2022-10-20,72220,1217628,16.9,17.6,16.7,16.85,-0.45,81,0.9933333333333334,16.7873,16.7377,16.5887,17.4827
2022-10-21,67322,1123949,16.85,16.95,16.5,16.5,-0.35,60,0.9933333333333334,16.7377,16.39,16.39,16.837
2022-10-24,86006,1448451,17.0,17.1,16.6,16.65,0.15,73,0.9933333333333334,16.8867,16.539,16.4893,16.986
2022-10-25,52241,866127,16.9,16.9,16.4,16.65,0.0,58,0.9933333333333334,16.7873,16.539,16.2907,16.7873
2022-10-26,62007,1036564,16.65,16.85,16.6,16.65,0.0,50,0.9933333333333334,16.539,16.539,16.4893,16.7377
2022-10-27,106480,1805569,16.85,17.15,16.7,17.15,0.5,117,0.9933333333333334,16.7377,17.0357,16.5887,17.0357
2022-10-28,14138,238557,16.8,17.0,16.75,17.0,-0.15,40,0.9933333333333334,16.688,16.8867,16.6383,16.8867
2022-10-31,33026,565786,17.0,17.2,17.0,17.2,0.2,32,0.9933333333333334,16.8867,17.0853,16.8867,17.0853
2022-11-01,501487,9349398,17.2,18.9,17.2,18.9,1.7,290,0.9933333333333334,17.0853,18.774,17.0853,18.774
2022-11-02,1980242,39931217,18.75,20.75,18.6,20.75,1.85,1379,0.9933333333333334,18.625,20.6117,18.476,20.6117
2022-11-03,1866401,40237477,20.55,22.3,20.35,21.65,0.9,1298,0.9933333333333334,20.413,21.5057,20.2143,22.1513
2022-11-04,725110,15375340,21.5,21.7,20.7,21.4,-0.25,533,0.9933333333333334,21.3567,21.2573,20.562,21.5553
2022-11-07,558833,12120126,21.8,22.1,21.2,21.65,0.25,391,0.9933333333333334,21.6547,21.5057,21.0587,21.9527
2022-11-08,455434,9642917,21.8,21.85,20.7,20.85,-0.8,404,0.9933333333333334,21.6547,20.711,20.562,21.7043
2022-11-09,150847,3145757,21.2,21.2,20.7,20.9,0.05,141,0.9933333333333334,21.0587,20.7607,20.562,21.0587
2022-11-10,153620,3147529,20.8,20.85,20.25,20.45,-0.45,140,0.9933333333333334,20.6613,20.3137,20.115,20.711
2022-11-11,315007,6541702,20.95,21.6,20.2,21.05,0.6,202,0.9933333333333334,20.8103,20.9097,20.0653,21.456
2022-11-14,166183,3504771,21.35,21.35,20.85,21.0,-0.05,137,0.9933333333333334,21.2077,20.86,20.711,21.2077
2022-11-15,147381,3043317,21.0,21.0,20.5,20.65,-0.35,133,0.9933333333333334,20.86,20.5123,20.3633,20.86
2022-11-16,239783,4898493,20.65,20.75,20.2,20.6,-0.05,178,0.9933333333333334,20.5123,20.4627,20.0653,20.6117
2022-11-17,133006,2763570,20.45,20.9,20.45,20.9,0.3,107,0.9933333333333334,20.3137,20.7607,20.3137,20.7607
2022-11-18,97486,2010861,20.65,20.8,20.55,20.65,-0.25,99,0.9933333333333334,20.5123,20.5123,20.413,20.6613
2022-11-21,51115,1057558,21.0,21.0,20.6,20.7,0.05,56,0.9933333333333334,20.86,20.562,20.4627,20.86
2022-11-22,2169466,48593421,20.7,22.75,20.7,22.75,2.05,1098,0.9933333333333334,20.562,22.5983,20.562,22.5983
2022-11-23,5966926,145844719,23.3,25.0,23.3,25.0,2.25,3349,0.9933333333333334,23.1447,24.8333,23.1447,24.8333
2022-11-24,2551065,62291815,25.0,25.3,24.0,24.5,-0.5,1665,0.9933333333333334,24.8333,24.3367,23.84,25.1313
2022-11-25,920776,22304012,24.55,24.8,23.9,24.45,-0.05,578,0.9933333333333334,24.3863,24.287,23.7407,24.6347
2022-11-28,581419,13917080,24.35,24.4,23.65,23.85,-0.6,399,0.9933333333333334,24.1877,23.691,23.4923,24.2373
2022-11-29,1442229,35556380,23.7,25.65,23.6,24.05,0.2,1036,0.9933333333333334,23.542,23.8897,23.4427,25.479
2022-11-30,523531,12552718,24.05,24.4,23.7,24.2,0.15,360,0.9933333333333334,23.8897,24.0387,23.542,24.2373
2022-12-01,603963,14593120,24.25,24.7,23.8,24.1,-0.1,400,0.9933333333333334,24.0883,23.9393,23.6413,24.5353
2022-12-02,2562626,66322022,24.3,26.5,24.15,26.5,2.4,1392,0.9933333333333334,24.138,26.3233,23.989,26.3233
2022-12-05,6031798,163374584,27.0,28.55,25.85,27.35,0.85,3747,0.9933333333333334,26.82,27.1677,25.6777,28.3597
2022-12-06,1148899,30567254,26.95,27.3,26.05,26.15,-1.2,818,0.9933333333333334,26.7703,25.9757,25.8763,27.118
2022-12-07,1259958,31772641,25.4,26.1,24.5,24.7,-1.45,835,0.9933333333333334,25.2307,24.5353,24.3367,25.926
2022-12-08,483662,11997194,24.55,25.3,24.55,24.7,0.0,330,0.9933333333333334,24.3863,24.5353,24.3863,25.1313
2022-12-09,541040,13394859,24.9,25.4,24.3,24.3,-0.4,389,0.9933333333333334,24.734,24.138,24.138,25.2307
2022-12-12,331218,7997768,24.3,24.65,23.7,24.4,0.1,260,0.9933333333333334,24.138,24.2373,23.542,24.4857
2022-12-13,315283,7665316,24.9,25.1,23.85,23.9,-0.5,223,0.9933333333333334,24.734,23.7407,23.691,24.9327
2022-12-14,356025,8629539,23.9,24.65,23.8,24.35,0.45,261,0.9933333333333334,23.7407,24.1877,23.6413,24.4857
2022-12-15,274649,6597519,24.35,24.35,23.9,23.95,-0.4,222,0.9933333333333334,24.1877,23.7903,23.7407,24.1877
2022-12-16,515967,11877498,23.5,23.5,22.8,22.85,-1.1,391,0.9933333333333334,23.3433,22.6977,22.648,23.3433
2022-12-19,238618,5414738,22.85,23.0,22.25,22.45,-0.4,186,0.9933333333333334,22.6977,22.3003,22.1017,22.8467
2022-12-20,415846,9296890,22.1,23.2,21.85,21.85,-0.6,317,0.9933333333333334,21.9527,21.7043,21.7043,23.0453
2022-12-21,198360,4338944,21.85,22.45,21.6,21.7,-0.15,110,0.9933333333333334,21.7043,21.5553,21.456,22.3003
2022-12-22,131121,2871463,22.0,22.3,21.75,21.95,0.25,99,0.9933333333333334,21.8533,21.8037,21.605,22.1513
2022-12-23,457753,10270297,21.8,22.95,21.5,22.25,0.3,283,0.9933333333333334,21.6547,22.1017,21.3567,22.797
2022-12-26,98486,2186752,22.45,22.45,22.0,22.15,-0.1,89,0.9933333333333334,22.3003,22.0023,21.8533,22.3003
2022-12-27,63814,1413419,22.25,22.4,22.0,22.1,-0.05,101,0.9933333333333334,22.1017,21.9527,21.8533,22.2507
2022-12-28,165570,3607818,22.3,22.35,21.45,21.65,-0.45,138,0.9933333333333334,22.1513,21.5057,21.307,22.201
2022-12-29,70419,1508715,21.5,21.75,21.0,21.75,0.1,79,0.9933333333333334,21.3567,21.605,20.86,21.605
2022-12-30,72071,1582219,22.0,22.2,21.85,21.85,0.1,63,0.9933333333333334,21.8533,21.7043,21.7043,22.052
2023-01-03,127059,2844858,21.85,22.7,21.75,22.4,0.55,94,0.9933333333333334,21.7043,22.2507,21.605,22.5487
2023-01-04,106621,2390135,22.5,22.7,22.2,22.3,-0.1,80,0.9933333333333334,22.35,22.1513,22.052,22.5487
2023-01-05,70733,1571799,22.3,22.5,21.9,22.05,-0.25,93,0.9933333333333334,22.1513,21.903,21.754,22.35
2023-01-06,43021,951417,22.05,22.25,21.95,22.15,0.1,50,0.9933333333333334,21.903,22.0023,21.8037,22.1017
2023-01-09,295615,6723082,22.35,23.3,22.2,22.35,0.2,259,0.9933333333333334,22.201,22.201,22.052,23.1447
2023-01-10,1351664,31597660,23.0,24.15,22.55,22.7,0.35,963,0.9933333333333334,22.8467,22.5487,22.3997,23.989
2023-01-11,250745,5603157,22.75,22.75,22.2,22.25,-0.45,267,0.9933333333333334,22.5983,22.1017,22.052,22.5983
2023-01-12,102420,2282492,22.3,22.45,22.1,22.15,-0.1,131,0.9933333333333334,22.1513,22.0023,21.9527,22.3003
2023-01-13,161280,3619660,22.4,22.8,22.25,22.35,0.2,147,0.9933333333333334,22.2507,22.201,22.1017,22.648
2023-01-16,77278,1739198,22.7,22.7,22.2,22.5,0.15,126,0.9933333333333334,22.5487,22.35,22.052,22.5487
2023-01-17,93235,2099868,22.5,22.7,22.3,22.55,0.05,105,0.9933333333333334,22.35,22.3997,22.1513,22.5487
2023-01-30,248204,5693484,22.75,23.2,22.55,23.0,0.45,211,0.9933333333333334,22.5983,22.8467,22.3997,23.0453
2023-01-31,290039,6826149,23.0,23.95,23.0,23.65,0.65,289,0.9933333333333334,22.8467,23.4923,22.8467,23.7903
2023-02-01,152781,3628399,23.8,24.0,23.5,23.8,0.15,202,0.9933333333333334,23.6413,23.6413,23.3433,23.84
2023-02-02,178245,4245947,24.0,24.0,23.5,23.9,0.1,234,0.9933333333333334,23.84,23.7407,23.3433,23.84
2023-02-03,221253,5287365,23.9,24.15,23.65,23.95,0.05,244,0.9933333333333334,23.7407,23.7903,23.4923,23.989
2023-02-06,109360,2587346,23.7,23.95,23.5,23.55,-0.4,174,0.9933333333333334,23.542,23.393,23.3433,23.7903
2023-02-07,103410,2426903,23.2,23.7,23.2,23.7,0.15,112,0.9933333333333334,23.0453,23.542,23.0453,23.542
2023-02-08,93356,2202581,23.8,23.8,23.45,23.6,-0.1,166,0.9933333333333334,23.6413,23.4427,23.2937,23.6413
2023-02-09,1812012,45989884,24.0,25.95,23.9,25.95,2.35,1053,0.9933333333333334,23.84,25.777,23.7407,25.777
2023-02-10,4957929,133227498,26.9,27.8,26.1,26.1,0.15,3079,0.9933333333333334,26.7207,25.926,25.926,27.6147
2023-02-13,790425,20045362,25.9,25.95,25.0,25.25,-0.85,721,0.9933333333333334,25.7273,25.0817,24.8333,25.777
2023-02-14,702365,18157095,25.45,26.5,25.45,25.5,0.25,621,0.9933333333333334,25.2803,25.33,25.2803,26.3233
2023-02-15,437833,11026384,25.5,25.5,25.0,25.05,-0.45,423,0.9933333333333334,25.33,24.883,24.8333,25.33
2023-02-16,248661,6276547,25.15,25.5,25.1,25.45,0.4,260,0.9933333333333334,24.9823,25.2803,24.9327,25.33
2023-02-17,519533,13447478,25.2,26.2,25.15,26.05,0.6,416,0.9933333333333334,25.032,25.8763,24.9823,26.0253
2023-02-20,701725,18686005,26.05,27.25,26.05,26.5,0.45,567,0.9933333333333334,25.8763,26.3233,25.8763,27.0683
2023-02-21,470877,12288517,26.65,26.95,25.75,25.75,-0.75,364,0.9933333333333334,26.4723,25.5783,25.5783,26.7703
2023-02-22,271305,6900575,25.3,25.65,25.25,25.4,-0.35,278,0.9933333333333334,25.1313,25.2307,25.0817,25.479
2023-02-23,277199,7122567,25.9,26.1,25.45,25.5,0.1,272,0.9933333333333334,25.7273,25.33,25.2803,25.926
2023-02-24,145338,3708313,25.7,25.95,25.3,25.45,-0.05,262,0.9933333333333334,25.5287,25.2803,25.1313,25.777
2023-03-01,155321,3928266,25.5,25.75,25.1,25.3,-0.15,419,0.9933333333333334,25.33,25.1313,24.9327,25.5783
2023-03-02,185255,4628107,25.3,25.3,24.85,24.95,-0.35,239,0.9933333333333334,25.1313,24.7837,24.6843,25.1313
2023-03-03,255374,6418892,25.05,25.3,24.95,25.2,0.25,257,0.9933333333333334,24.883,25.032,24.7837,25.1313
2023-03-06,412716,10675078,25.3,26.15,25.3,25.65,0.45,400,0.9933333333333334,25.1313,25.479,25.1313,25.9757
2023-03-07,5114944,142723852,25.95,28.2,25.95,28.2,2.55,2599,0.9933333333333334,25.777,28.012,25.777,28.012
2023-03-08,5225028,151108652,28.15,29.8,27.9,29.3,1.1,3443,0.9933333333333334,27.9623,29.1047,27.714,29.6013
2023-03-09,1384132,39345442,29.0,29.15,28.05,28.25,-1.05,1168,0.9933333333333334,28.8067,28.0617,27.863,28.9557
2023-03-10,741336,20524203,28.25,28.55,27.2,27.4,-0.85,641,0.9933333333333334,28.0617,27.2173,27.0187,28.3597
2023-03-13,486192,13087907,27.2,27.4,26.5,26.9,-0.5,443,0.9933333333333334,27.0187,26.7207,26.3233,27.2173
2023-03-14,2138800,60986805,26.65,29.25,26.65,28.45,1.55,1627,0.9933333333333334,26.4723,28.2603,26.4723,29.055
2023-03-15,1002561,28304728,28.95,28.95,27.65,27.65,-0.8,831,0.9933333333333334,28.757,27.4657,27.4657,28.757
2023-03-16,1193591,31535218,27.45,27.6,25.4,26.3,-1.35,2716,0.9933333333333334,27.267,26.1247,25.2307,27.416
2023-03-17,375887,9979868,26.45,27.05,26.1,26.1,-0.2,1349,0.9933333333333334,26.2737,25.926,25.926,26.8697
2023-03-20,263626,6886081,25.7,26.6,25.7,26.3,0.2,1041,0.9933333333333334,25.5287,26.1247,25.5287,26.4227
2023-03-21,453202,12215323,26.4,27.35,26.35,26.95,0.65,895,0.9933333333333334,26.224,26.7703,26.1743,27.1677
2023-03-22,428261,11484699,27.5,27.6,26.5,26.75,-0.2,772,0.9933333333333334,27.3167,26.5717,26.3233,27.416
2023-03-23,288949,7693802,26.85,26.9,26.5,26.9,0.15,471,0.9933333333333334,26.671,26.7207,26.3233,26.7207
2023-03-24,489864,13396527,26.95,27.75,26.7,27.25,0.35,641,0.9933333333333334,26.7703,27.0683,26.522,27.565
2023-03-27,467238,12773978,27.45,28.2,26.95,27.3,0.05,1068,0.9933333333333334,27.267,27.118,26.7703,28.012
2023-03-28,540028,14385571,27.4,27.4,26.2,26.2,-1.1,1024,0.9933333333333334,27.2173,26.0253,26.0253,27.2173
2023-03-29,204166,5370536,26.3,26.6,26.1,26.4,0.2,635,0.9933333333333334,26.1247,26.224,25.926,26.4227
2023-03-30,323706,8728925,26.8,27.35,26.2,27.05,0.65,801,0.9933333333333334,26.6213,26.8697,26.0253,27.1677
2023-03-31,154698,4176004,27.0,27.25,26.75,27.0,-0.05,1197,0.9933333333333334,26.82,26.82,26.5717,27.0683
2023-04-06,149007,4000900,27.0,27.1,26.5,26.8,-0.2,444,0.9933333333333334,26.82,26.6213,26.3233,26.9193
2023-04-07,178881,4765866,26.8,26.95,26.4,26.5,-0.3,208,0.9933333333333334,26.6213,26.3233,26.224,26.7703
2023-04-10,188887,5105726,26.8,27.25,26.55,27.05,0.55,233,0.9933333333333334,26.6213,26.8697,26.373,27.0683
2023-04-11,369351,9944826,27.25,27.7,26.55,26.65,-0.4,373,0.9933333333333334,27.0683,26.4723,26.373,27.5153
2023-04-12,168461,4519547,26.6,27.15,26.5,26.95,0.3,142,0.9933333333333334,26.4227,26.7703,26.3233,26.969
2023-04-13,152402,4084044,27.0,27.3,26.6,26.6,-0.35,139,0.9933333333333334,26.82,26.4227,26.4227,27.118
2023-04-14,175350,4690907,26.7,27.0,26.5,26.9,0.3,139,0.9933333333333334,26.522,26.7207,26.3233,26.82
2023-04-17,534713,14634074,26.75,27.65,26.7,27.35,0.45,418,0.9933333333333334,26.5717,27.1677,26.522,27.4657
2023-04-18,1548920,44032841,27.65,29.45,27.55,28.25,0.9,1201,0.9933333333333334,27.4657,28.0617,27.3663,29.2537
2023-04-19,421575,11825017,28.3,28.5,27.7,27.85,-0.4,385,0.9933333333333334,28.1113,27.6643,27.5153,28.31
2023-04-20,408898,11286441,28.15,28.6,27.1,27.5,-0.35,320,0.9933333333333334,27.9623,27.3167,26.9193,28.4093
2023-04-21,470689,12536386,27.3,27.75,26.2,26.2,-1.3,326,0.9933333333333334,27.118,26.0253,26.0253,27.565
2023-04-24,666493,18471881,26.45,28.3,26.4,27.8,1.6,509,0.9933333333333334,26.2737,27.6147,26.224,28.1113
2023-04-25,981415,26998644,28.15,28.45,26.95,27.05,-0.75,527,0.9933333333333334,27.9623,26.8697,26.7703,28.2603
2023-04-26,429537,11483297,27.0,27.4,26.3,27.4,0.35,333,0.9933333333333334,26.82,27.2173,26.1247,27.2173
2023-04-27,677455,19029292,27.5,28.4,26.9,28.3,0.9,557,0.9933333333333334,27.3167,28.1113,26.7207,28.2107
2023-04-28,1546004,44945428,28.5,29.6,28.45,28.75,0.45,1174,0.9933333333333334,28.31,28.5583,28.2603,29.4027
2023-05-02,916830,26965265,29.15,29.95,28.75,28.9,0.15,788,0.9933333333333334,28.9557,28.7073,28.5583,29.7503
2023-05-03,489996,13766936,28.9,28.9,27.8,27.9,-1.0,444,0.9933333333333334,28.7073,27.714,27.6147,28.7073
2023-05-04,259940,7193511,27.9,28.1,27.25,28.05,0.15,203,0.9933333333333334,27.714,27.863,27.0683,27.9127
2023-05-05,272770,7669164,28.15,28.45,27.75,28.4,0.35,228,0.9933333333333334,27.9623,28.2107,27.565,28.2603
2023-05-08,319282,9177932,28.45,29.1,28.4,28.8,0.4,242,0.9933333333333334,28.2603,28.608,28.2107,28.906
2023-05-09,345040,9757323,28.95,29.25,28.0,28.1,-0.7,233,0.9933333333333334,28.757,27.9127,27.8133,29.055
2023-05-10,731739,21171470,28.85,29.35,28.4,28.9,0.8,521,0.9933333333333334,28.6577,28.7073,28.2107,29.1543
2023-05-11,661268,18471114,29.05,29.05,27.35,27.35,-1.55,459,0.9933333333333334,28.8563,27.1677,27.1677,28.8563
2023-05-12,590289,15847384,26.95,27.5,26.4,27.1,-0.25,312,0.9933333333333334,26.7703,26.9193,26.224,27.3167
2023-05-15,950803,27099226,27.1,29.3,26.9,28.8,1.7,637,0.9933333333333334,26.9193,28.608,26.7207,29.1047
2023-05-16,4110411,124481591,29.05,30.8,29.05,29.7,0.9,2261,0.9933333333333334,28.8563,29.502,28.8563,30.5947
2023-05-17,1296524,38790667,29.65,30.35,29.4,30.15,0.45,839,0.9933333333333334,29.4523,29.949,29.204,30.1477
2023-05-18,617295,18498050,30.5,30.6,29.55,29.9,-0.25,463,0.9933333333333334,30.2967,29.7007,29.353,30.396
2023-05-19,761186,22428957,30.15,30.15,29.05,29.25,-0.65,510,0.9933333333333334,29.949,29.055,28.8563,29.949
2023-05-22,658270,19933102,29.4,30.7,29.4,30.2,0.95,477,0.9933333333333334,29.204,29.9987,29.204,30.4953
2023-05-23,1353950,41851769,30.3,31.3,29.8,31.2,1.0,886,0.9933333333333334,30.098,30.992,29.6013,31.0913
2023-05-24,579371,17926089,31.2,31.35,30.6,31.15,-0.05,405,0.9933333333333334,30.992,30.9423,30.396,31.141
2023-05-25,461227,14313228,30.85,31.25,30.6,31.15,0.0,307,0.9933333333333334,30.6443,30.9423,30.396,31.0417
2023-05-26,1768709,52798619,31.2,31.3,28.9,28.9,-2.25,1028,0.9933333333333334,30.992,28.7073,28.7073,31.0913
2023-05-29,904097,26864941,28.2,30.35,28.2,30.2,1.3,516,0.9933333333333334,28.012,29.9987,28.012,30.1477
2023-05-30,268477,8014659,30.15,30.25,29.65,29.8,-0.4,183,0.9933333333333334,29.949,29.6013,29.4523,30.0483
2023-05-31,1187755,36854758,30.1,31.75,30.0,30.95,1.15,722,0.9933333333333334,29.8993,30.7437,29.8,31.5383
2023-06-01,1254535,39767891,30.9,32.2,30.5,32.05,1.1,719,0.9933333333333334,30.694,31.8363,30.2967,31.9853
2023-06-02,1323573,43475291,31.85,33.75,31.85,33.0,0.95,934,0.9933333333333334,31.6377,32.78,31.6377,33.525
2023-06-05,1303297,43760535,33.4,34.5,32.9,33.35,0.35,833,0.9933333333333334,33.1773,33.1277,32.6807,34.27
2023-06-06,616935,20316886,33.0,33.85,32.25,32.9,-0.45,416,0.9933333333333334,32.78,32.6807,32.035,33.6243
2023-06-07,653397,20926197,33.4,33.4,31.65,31.95,-0.95,517,0.9933333333333334,33.1773,31.737,31.439,33.1773
2023-06-08,516568,16091177,31.9,31.9,30.75,31.25,-0.7,378,0.9933333333333334,31.6873,31.0417,30.545,31.6873
2023-06-09,445251,13792969,31.25,31.75,30.5,30.9,-0.35,278,0.9933333333333334,31.0417,30.694,30.2967,31.5383
2023-06-12,530235,16087578,31.25,31.5,30.1,30.2,-0.7,354,0.9933333333333334,31.0417,29.9987,29.8993,31.29
2023-06-13,384178,11588129,30.2,30.7,30.0,30.2,0.0,243,0.9933333333333334,29.9987,29.9987,29.8,30.4953
2023-06-14,490433,14642758,30.2,30.5,29.55,29.6,-0.6,323,0.9933333333333334,29.9987,29.4027,29.353,30.2967
2023-06-15,357761,10645724,29.9,30.25,29.1,30.1,0.5,283,0.9933333333333334,29.7007,29.8993,28.906,30.0483
2023-06-16,495432,14623743,30.1,30.15,29.25,29.25,-0.85,355,0.9933333333333334,29.8993,29.055,29.055,29.949
2023-06-19,407901,11810312,29.25,29.3,28.75,28.85,-0.4,312,0.9933333333333334,29.055,28.6577,28.5583,29.1047
2023-06-20,296122,8460495,28.85,29.0,28.3,28.8,-0.05,227,0.9933333333333334,28.6577,28.608,28.1113,28.8067
2023-06-21,226274,6527018,28.8,29.2,28.5,29.1,0.3,192,0.9933333333333334,28.608,28.906,28.31,29.0053
2023-06-26,571862,16075655,29.15,29.15,27.65,28.0,-1.1,376,0.9933333333333334,28.9557,27.8133,27.4657,28.9557
2023-06-27,363424,10122616,28.0,28.55,27.5,27.75,-0.25,211,0.9933333333333334,27.8133,27.565,27.3167,28.3597
2023-06-28,204494,5789662,27.95,28.7,27.95,28.45,0.7,179,0.9933333333333334,27.7637,28.2603,27.7637,28.5087
2023-06-29,197846,5620687,28.55,28.85,28.1,28.2,-0.25,193,0.9933333333333334,28.3597,28.012,27.9127,28.6577
2023-06-30,260473,7281414,28.1,28.25,27.75,28.1,-0.1,164,0.9933333333333334,27.9127,27.9127,27.565,28.0617
2023-07-03,292461,8151565,28.15,28.2,27.7,27.95,-0.15,201,0.9933333333333334,27.9623,27.7637,27.5153,28.012
2023-07-04,142274,3964584,28.0,28.2,27.6,27.9,-0.05,131,0.9933333333333334,27.8133,27.714,27.416,28.012
2023-07-05,458886,12616342,27.8,27.9,27.15,27.25,-0.65,330,0.9933333333333334,27.6147,27.0683,26.969,27.714
2023-07-06,251233,6989493,27.2,28.35,27.2,27.9,0.65,222,0.9933333333333334,27.0187,27.714,27.0187,28.161
2023-07-07,203341,5545561,27.55,27.65,27.05,27.2,-0.7,169,0.9933333333333334,27.3663,27.0187,26.8697,27.4657
2023-07-10,159394,4328815,27.6,27.6,26.9,27.1,-0.1,124,0.9933333333333334,27.416,26.9193,26.7207,27.416
2023-07-11,168949,4592242,27.15,27.55,27.1,27.1,0.0,108,0.9933333333333334,26.969,26.9193,26.9193,27.3663
2023-07-12,400149,10607966,27.15,27.2,26.2,26.25,-0.85,368,0.9933333333333334,26.969,26.075,26.0253,27.0187
2023-07-13,209762,5531425,26.5,26.7,26.2,26.2,-0.05,157,0.9933333333333334,26.3233,26.0253,26.0253,26.522
2023-07-14,100443,2671368,26.5,26.85,26.4,26.4,0.2,91,0.9933333333333334,26.3233,26.224,26.224,26.671
2023-07-17,199316,5235413,26.2,26.7,25.85,26.65,0.25,169,0.9933333333333334,26.0253,26.4723,25.6777,26.522
2023-07-18,270646,7002111,26.55,26.6,25.65,25.75,-0.9,240,0.9933333333333334,26.373,25.5783,25.479,26.4227
2023-07-19,219012,5587812,25.9,26.05,25.3,25.35,-0.4,170,0.9933333333333334,25.7273,25.181,25.1313,25.8763
2023-07-20,117511,3040280,25.35,26.1,25.35,25.9,0.55,90,0.9933333333333334,25.181,25.7273,25.181,25.926
2023-07-21,165192,4206071,25.95,25.95,25.15,25.55,-0.35,187,0.9933333333333334,25.777,25.3797,24.9823,25.777
2023-07-24,292904,7295446,25.45,25.45,24.75,24.9,-0.65,195,0.9933333333333334,25.2803,24.734,24.585,25.2803
2023-07-25,136005,3394923,25.15,25.15,24.75,25.0,0.1,94,0.9933333333333334,24.9823,24.8333,24.585,24.9823
2023-07-26,78491,1945393,25.0,25.05,24.7,24.7,-0.3,82,0.9933333333333334,24.8333,24.5353,24.5353,24.883
2023-07-27,93418,2351850,24.7,25.35,24.7,25.2,0.5,85,0.9933333333333334,24.5353,25.032,24.5353,25.181
2023-07-28,103268,2616262,25.45,25.65,25.0,25.65,0.45,92,0.9933333333333334,25.2803,25.479,24.8333,25.479
2023-07-31,199872,5073466,25.55,25.8,25.05,25.1,-0.55,173,0.9933333333333334,25.3797,24.9327,24.883,25.628
2023-08-01,61640,1540798,25.15,25.15,24.85,25.05,-0.05,62,0.9933333333333334,24.9823,24.883,24.6843,24.9823
2023-08-02,543320,13341458,25.0,25.2,24.4,24.4,-0.65,195,0.9933333333333334,24.8333,24.2373,24.2373,25.032
2023-08-04,81881,1992870,24.4,24.7,24.0,24.45,0.05,85,0.9933333333333334,24.2373,24.287,23.84,24.5353
2023-08-07,77372,1872063,24.5,24.5,24.05,24.4,-0.05,87,0.9933333333333334,24.3367,24.2373,23.8897,24.3367
2023-08-08,169173,4060479,24.4,24.4,23.85,23.9,-0.5,135,0.9933333333333334,24.2373,23.7407,23.691,24.2373
2023-08-09,161856,3824192,24.0,24.2,23.4,23.6,-0.3,163,0.9933333333333334,23.84,23.4427,23.244,24.0387
2023-08-10,158091,3636362,23.55,23.55,22.8,23.0,-0.6,157,0.9933333333333334,23.393,22.8467,22.648,23.393
2023-08-11,66054,1527273,22.95,23.35,22.95,23.15,0.15,53,0.9933333333333334,22.797,22.9957,22.797,23.1943
2023-08-14,202359,4542527,23.15,23.15,22.0,22.5,-0.65,215,0.9933333333333334,22.9957,22.35,21.8533,22.9957
2023-08-15,111054,2556773,22.95,23.2,22.9,23.0,0.5,92,0.9933333333333334,22.797,22.8467,22.7473,23.0453
2023-08-16,150208,3466448,22.85,23.4,22.65,23.2,0.2,117,0.9933333333333334,22.6977,23.0453,22.499,23.244
2023-08-17,293112,7134595,23.05,24.9,23.0,24.5,1.3,256,0.9933333333333334,22.8963,24.3367,22.8467,24.734
2023-08-18,164172,3950717,24.1,24.7,23.65,23.75,-0.75,170,0.9933333333333334,23.9393,23.5917,23.4923,24.5353
2023-08-21,107361,2499244,23.8,23.8,23.05,23.15,-0.6,123,0.9933333333333334,23.6413,22.9957,22.8963,23.6413
2023-08-22,144082,3280853,23.15,23.15,22.55,22.6,-0.55,138,0.9933333333333334,22.9957,22.4493,22.3997,22.9957
2023-08-23,116892,2687411,22.8,23.3,22.65,22.7,0.1,105,0.9933333333333334,22.648,22.5487,22.499,23.1447
2023-08-24,155606,3571172,22.75,23.4,22.75,22.85,0.15,102,0.9933333333333334,22.5983,22.6977,22.5983,23.244
2023-08-25,72695,1680194,23.4,23.4,23.0,23.1,0.25,68,0.9933333333333334,23.244,22.946,22.8467,23.244
2023-08-28,62416,1423067,23.0,23.0,22.65,22.7,-0.4,71,0.9933333333333334,22.8467,22.5487,22.499,22.8467
2023-08-29,29095,666815,22.7,23.1,22.7,23.05,0.35,37,0.9933333333333334,22.5487,22.8963,22.5487,22.946
2023-08-30,34252,794705,23.3,23.35,23.05,23.35,0.3,39,0.9933333333333334,23.1447,23.1943,22.8963,23.1943
2023-08-31,112844,2689650,23.4,24.1,23.4,23.9,0.55,108,0.9933333333333334,23.244,23.7407,23.244,23.9393
2023-09-01,39716,945067,23.85,23.9,23.6,23.75,-0.15,66,0.9933333333333334,23.691,23.5917,23.4427,23.7407
2023-09-04,66153,1565712,24.25,24.25,23.5,23.65,-0.1,92,0.9933333333333334,24.0883,23.4923,23.3433,24.0883
2023-09-05,58134,1376535,23.95,23.95,23.55,23.8,0.15,72,0.9933333333333334,23.7903,23.6413,23.393,23.7903
2023-09-06,90358,2127263,23.75,23.75,23.4,23.45,-0.35,88,0.9933333333333334,23.5917,23.2937,23.244,23.5917
2023-09-07,127360,2944717,23.3,23.3,22.85,23.1,-0.35,127,0.9933333333333334,23.1447,22.946,22.6977,23.1447
2023-09-08,116685,2643892,22.75,23.0,22.55,22.65,-0.45,107,0.9933333333333334,22.5983,22.499,22.3997,22.8467
2023-09-11,189333,4237567,22.8,22.8,22.2,22.4,-0.25,145,0.9933333333333334,22.648,22.2507,22.052,22.648
2023-09-12,116018,2616163,22.35,23.1,22.3,22.85,0.45,71,0.9933333333333334,22.201,22.6977,22.1513,22.946
2023-09-13,92506,2133015,22.75,23.3,22.75,22.95,0.1,68,0.9933333333333334,22.5983,22.797,22.5983,23.1447
2023-09-14,106224,2435283,23.05,23.1,22.7,22.75,-0.2,86,0.9933333333333334,22.8963,22.5983,22.5487,22.946
2023-09-15,48205,1106872,22.8,23.1,22.75,23.0,0.25,56,0.9933333333333334,22.648,22.8467,22.5983,22.946
2023-09-18,85491,1997828,22.85,23.65,22.85,23.45,0.45,98,0.9933333333333334,22.6977,23.2937,22.6977,23.4923
2023-09-19,48050,1117272,23.25,23.45,23.1,23.3,-0.15,47,0.9933333333333334,23.095,23.1447,22.946,23.2937
2023-09-20,48187,1117997,23.3,23.3,23.1,23.15,-0.15,61,0.9933333333333334,23.1447,22.9957,22.946,23.1447
2023-09-21,61167,1400219,23.05,23.05,22.75,22.85,-0.3,76,0.9933333333333334,22.8963,22.6977,22.5983,22.8963
2023-09-22,33185,759227,23.25,23.25,22.8,22.85,0.0,46,0.9933333333333334,23.095,22.6977,22.648,23.095
2023-09-25,26129,596750,22.85,22.9,22.55,22.8,-0.05,31,0.9933333333333334,22.6977,22.648,22.3997,22.7473
2023-09-26,75784,1721020,22.9,23.1,22.5,22.55,-0.25,89,0.9933333333333334,22.7473,22.3997,22.35,22.946
2023-09-27,36054,815606,22.85,22.85,22.55,22.55,0.0,56,0.9933333333333334,22.6977,22.3997,22.3997,22.6977
2023-09-28,32033,723648,22.55,22.65,22.5,22.55,0.0,37,0.9933333333333334,22.3997,22.3997,22.35,22.499
2023-10-02,25145,573663,22.75,22.9,22.65,22.65,0.1,32,0.9933333333333334,22.5983,22.499,22.499,22.7473
2023-10-03,34487,778226,22.65,22.65,22.5,22.6,-0.05,39,0.9933333333333334,22.499,22.4493,22.35,22.499
2023-10-04,56682,1264608,22.55,22.55,22.25,22.35,-0.25,91,0.9933333333333334,22.3997,22.201,22.1017,22.3997
2023-10-05,38017,854198,22.7,22.7,22.4,22.6,0.25,42,0.9933333333333334,22.5487,22.4493,22.2507,22.5487
2023-10-06,37239,834545,22.55,22.55,22.3,22.45,-0.15,49,0.9933333333333334,22.3997,22.3003,22.1513,22.3997
2023-10-11,78498,1749094,22.5,22.65,22.15,22.45,0.0,91,0.9933333333333334,22.35,22.3003,22.0023,22.499
2023-10-12,23741,534833,22.4,22.6,22.4,22.6,0.15,38,0.9933333333333334,22.2507,22.4493,22.2507,22.4493
2023-10-13,63159,1430538,22.6,22.8,22.6,22.65,0.05,62,0.9933333333333334,22.4493,22.499,22.4493,22.648
2023-10-16,29373,663073,22.65,22.7,22.4,22.7,0.05,43,0.9933333333333334,22.499,22.5487,22.2507,22.5487
2023-10-17,60272,1350136,22.75,22.75,22.2,22.6,-0.1,61,0.9933333333333334,22.5983,22.4493,22.052,22.5983
2023-10-18,49117,1104055,22.5,22.9,22.25,22.8,0.2,59,0.9933333333333334,22.35,22.648,22.1017,22.7473
2023-10-19,33369,750544,22.6,22.6,22.4,22.5,-0.3,50,0.9933333333333334,22.4493,22.35,22.2507,22.4493
2023-10-20,111757,2443682,22.2,22.2,21.7,21.75,-0.75,148,0.9933333333333334,22.052,21.605,21.5553,22.052
2023-10-23,119029,2533558,21.55,21.6,21.05,21.1,-0.65,153,0.9933333333333334,21.4063,20.9593,20.9097,21.456
2023-10-24,46453,984464,21.1,21.4,21.0,21.3,0.2,60,0.9933333333333334,20.9593,21.158,20.86,21.2573
2023-10-25,37174,804880,21.45,21.95,21.4,21.8,0.5,48,0.9933333333333334,21.307,21.6547,21.2573,21.8037
2023-10-26,65286,1397375,21.8,21.8,21.2,21.35,-0.45,71,0.9933333333333334,21.6547,21.2077,21.0587,21.6547
2023-10-27,43429,923302,21.45,21.45,21.1,21.1,-0.25,50,0.9933333333333334,21.307,20.9593,20.9593,21.307
2023-10-30,110270,2320429,21.15,21.3,20.85,21.0,-0.1,78,0.9933333333333334,21.009,20.86,20.711,21.158
2023-10-31,104506,2164849,21.0,21.0,20.4,20.4,-0.6,118,0.9933333333333334,20.86,20.264,20.264,20.86
2023-11-01,55150,1124865,20.4,20.8,20.2,20.3,-0.1,72,0.9933333333333334,20.264,20.1647,20.0653,20.6613
2023-11-02,449898,9873902,20.4,22.3,20.4,22.3,2.0,286,0.9933333333333334,20.264,22.1513,20.264,22.1513
2023-11-03,2314331,55537538,22.55,24.5,22.3,24.5,2.2,1490,0.9933333333333334,22.3997,24.3367,22.1513,24.3367
2023-11-06,1695304,40628615,24.2,24.75,23.35,24.0,-0.5,1310,0.9933333333333334,24.0387,23.84,23.1943,24.585
2023-11-07,2766228,69987998,23.75,26.2,23.7,25.0,1.0,1827,0.9933333333333334,23.5917,24.8333,23.542,26.0253
2023-11-08,1894601,48944078,25.0,26.3,24.75,25.7,0.7,1350,0.9933333333333334,24.8333,25.5287,24.585,26.1247
2023-11-09,2981887,79856995,26.0,27.5,25.95,26.8,1.1,1933,0.9933333333333334,25.8267,26.6213,25.777,27.3167
2023-11-10,1012342,26245276,26.2,26.45,25.35,26.0,-0.8,737,0.9933333333333334,26.0253,25.8267,25.181,26.2737
2023-11-13,1267247,32443607,26.15,26.25,24.7,26.2,0.2,799,0.9933333333333334,25.9757,26.0253,24.5353,26.075
2023-11-14,1003652,25699489,25.55,26.0,25.25,25.6,-0.6,658,0.9933333333333334,25.3797,25.4293,25.0817,25.8267
2023-11-15,668358,17136991,25.9,26.1,25.3,25.4,-0.2,466,0.9933333333333334,25.7273,25.2307,25.1313,25.926
2023-11-16,558637,14021304,25.8,25.8,24.8,25.0,-0.4,448,0.9933333333333334,25.628,24.8333,24.6347,25.628
2023-11-17,4551558,124285593,25.35,27.5,25.35,27.5,2.5,1630,0.9933333333333334,25.181,27.3167,25.181,27.3167
2023-11-20,8206026,241757135,28.4,30.25,28.0,30.25,2.75,4583,0.9933333333333334,28.2107,30.0483,27.8133,30.0483
2023-11-21,5225444,154658662,30.75,31.05,28.6,29.45,-0.8,3007,0.9933333333333334,30.545,29.2537,28.4093,30.843
2023-11-22,1452643,41682655,28.9,29.1,28.4,28.75,-0.7,1027,0.9933333333333334,28.7073,28.5583,28.2107,28.906
2023-11-23,2304393,68029019,29.6,30.4,28.75,28.85,0.1,1600,0.9933333333333334,29.4027,28.6577,28.5583,30.1973
2023-11-24,585936,16705098,28.9,28.95,28.35,28.65,-0.2,485,0.9933333333333334,28.7073,28.459,28.161,28.757
2023-11-27,760819,21291728,28.65,28.65,27.75,27.8,-0.85,546,0.9933333333333334,28.459,27.6147,27.565,28.459
2023-11-28,420995,11732421,27.95,28.25,27.55,28.0,0.2,368,0.9933333333333334,27.7637,27.8133,27.3663,28.0617
2023-11-29,1878758,54789312,28.1,29.75,28.0,29.2,1.2,1420,0.9933333333333334,27.9127,29.0053,27.8133,29.5517
2023-11-30,2249456,67342496,30.3,30.6,29.45,29.75,0.55,1654,0.9933333333333334,30.098,29.5517,29.2537,30.396
2023-12-01,950014,27673160,29.85,29.85,28.9,28.9,-0.85,706,0.9933333333333334,29.651,28.7073,28.7073,29.651
2023-12-04,883973,25997548,29.2,29.8,28.95,29.1,0.2,630,0.9933333333333334,29.0053,28.906,28.757,29.6013
2023-12-05,866741,24595699,29.05,29.05,28.0,28.1,-1.0,653,0.9933333333333334,28.8563,27.9127,27.8133,28.8563
2023-12-06,383414,10844634,28.4,28.65,28.1,28.15,0.05,274,0.9933333333333334,28.2107,27.9623,27.9127,28.459
2023-12-07,447378,12666396,28.25,28.75,28.05,28.6,0.45,341,0.9933333333333334,28.0617,28.4093,27.863,28.5583
2023-12-08,5133426,156723076,29.0,31.45,29.0,29.45,0.85,2622,0.9933333333333334,28.8067,29.2537,28.8067,31.2403
2023-12-11,1209122,34245306,28.8,28.8,28.0,28.0,-1.45,905,0.9933333333333334,28.608,27.8133,27.8133,28.608
2023-12-12,1101389,29908205,27.95,28.0,26.6,27.3,-0.7,821,0.9933333333333334,27.7637,27.118,26.4227,27.8133
2023-12-13,251999,6900408,27.5,27.55,27.2,27.35,0.05,237,0.9933333333333334,27.3167,27.1677,27.0187,27.3663
2023-12-14,390211,10680025,27.5,27.7,27.1,27.15,-0.2,274,0.9933333333333334,27.3167,26.969,26.9193,27.5153
2023-12-15,169575,4632697,27.2,27.5,27.2,27.35,0.2,146,0.9933333333333334,27.0187,27.1677,27.0187,27.3167
2023-12-18,346229,9577114,27.3,28.35,27.2,27.3,-0.05,297,0.9933333333333334,27.118,27.118,27.0187,28.161
2023-12-19,321629,8679251,27.55,27.55,26.8,27.0,-0.3,249,0.9933333333333334,27.3663,26.82,26.6213,27.3663
2023-12-20,243658,6672633,27.1,27.75,27.05,27.75,0.75,179,0.9933333333333334,26.9193,27.565,26.8697,27.565
2023-12-21,177309,4873836,27.35,27.7,27.35,27.4,-0.35,133,0.9933333333333334,27.1677,27.2173,27.1677,27.5153
2023-12-22,229658,6272823,27.45,27.6,27.1,27.5,0.1,167,0.9933333333333334,27.267,27.3167,26.9193,27.416
2023-12-25,131352,3577779,27.35,27.4,27.15,27.2,-0.3,94,0.9933333333333334,27.1677,27.0187,26.969,27.2173
2023-12-26,186650,5141370,27.2,27.8,27.2,27.8,0.6,155,0.9933333333333334,27.0187,27.6147,27.0187,27.6147
2023-12-27,116569,3213287,27.95,27.95,27.45,27.55,-0.25,109,0.9933333333333334,27.7637,27.3663,27.267,27.7637
2023-12-28,135774,3740330,27.65,27.8,27.4,27.5,-0.05,120,0.9933333333333334,27.4657,27.3167,27.2173,27.6147
2023-12-29,238813,6495214,27.7,27.7,26.95,27.05,-0.45,171,0.9933333333333334,27.5153,26.8697,26.7703,27.5153
2024-01-02,173190,4689876,27.15,27.3,26.9,27.1,0.05,128,0.9933333333333334,26.969,26.9193,26.7207,27.118
2024-01-03,139423,3737689,27.05,27.05,26.65,26.8,-0.3,115,0.9933333333333334,26.8697,26.6213,26.4723,26.8697
2024-01-04,111170,2981563,26.8,27.0,26.7,26.7,-0.1,110,0.9933333333333334,26.6213,26.522,26.522,26.82
2024-01-05,210491,5684410,26.75,27.45,26.7,27.05,0.35,180,0.9933333333333334,26.5717,26.8697,26.522,27.267
2024-01-08,55894,1513839,27.3,27.3,27.0,27.0,-0.05,75,0.9933333333333334,27.118,26.82,26.82,27.118
2024-01-09,242679,6454649,27.15,27.15,26.4,26.45,-0.55,171,0.9933333333333334,26.969,26.2737,26.224,26.969
2024-01-10,374362,9597949,26.45,26.45,25.25,25.4,-1.05,309,0.9933333333333334,26.2737,25.2307,25.0817,26.2737
2024-01-11,175313,4538336,25.4,26.2,25.4,26.1,0.7,143,0.9933333333333334,25.2307,25.926,25.2307,26.0253
2024-01-12,180690,4748905,26.0,26.7,26.0,26.55,0.45,142,0.9933333333333334,25.8267,26.373,25.8267,26.522
2024-01-15,134632,3559283,26.55,26.65,26.25,26.55,0.0,157,0.9933333333333334,26.373,26.373,26.075,26.4723
2024-01-16,196923,5083752,26.25,26.25,25.65,25.7,-0.85,201,0.9933333333333334,26.075,25.5287,25.479,26.075
2024-01-17,174421,4431254,25.7,25.75,25.15,25.4,-0.3,191,0.9933333333333334,25.5287,25.2307,24.9823,25.5783
2024-01-18,146226,3684991,25.4,25.4,25.0,25.25,-0.15,117,0.9933333333333334,25.2307,25.0817,24.8333,25.2307
2024-01-19,233505,5872238,25.3,25.6,25.05,25.25,0.0,187,0.9933333333333334,25.1313,25.0817,24.883,25.4293
2024-01-22,131232,3377379,25.3,25.9,25.3,25.8,0.55,130,0.9933333333333334,25.1313,25.628,25.1313,25.7273
2024-01-23,119118,3082875,25.8,26.05,25.7,25.9,0.1,88,0.9933333333333334,25.628,25.7273,25.5287,25.8763
2024-01-24,446707,11751439,25.9,26.85,25.9,26.0,0.1,286,0.9933333333333334,25.7273,25.8267,25.7273,26.671
2024-01-25,117647,3021687,26.05,26.1,25.5,25.55,-0.45,133,0.9933333333333334,25.8763,25.3797,25.33,25.926
2024-01-26,86201,2195572,25.45,25.6,25.3,25.55,0.0,75,0.9933333333333334,25.2803,25.3797,25.1313,25.4293
2024-01-29,46156,1178695,25.55,25.65,25.35,25.55,0.0,87,0.9933333333333334,25.3797,25.3797,25.181,25.479
2024-01-30,68177,1732515,25.55,25.85,25.25,25.3,-0.25,94,0.9933333333333334,25.3797,25.1313,25.0817,25.6777
2024-01-31,84029,2115000,25.5,25.5,25.05,25.1,-0.2,92,0.9933333333333334,25.33,24.9327,24.883,25.33
2024-03-01,134743,3442624,25.85,25.9,25.45,25.5,-0.25,190,0.9933333333333334,25.6777,25.33,25.2803,25.7273
2024-03-04,297298,7713490,25.6,26.4,25.55,25.9,0.4,341,0.9933333333333334,25.4293,25.7273,25.3797,26.224
2024-03-05,248359,6381374,25.9,26.15,25.45,25.55,-0.35,228,0.9933333333333334,25.7273,25.3797,25.2803,25.9757
2024-03-06,166013,4272125,25.7,25.9,25.5,25.75,0.2,201,0.9933333333333334,25.5287,25.5783,25.33,25.7273
2024-03-07,252670,6378710,25.7,25.9,25.05,25.05,-0.7,271,0.9933333333333334,25.5287,24.883,24.883,25.7273
2024-03-08,372810,9098677,25.0,25.05,24.0,24.0,-1.05,384,0.9933333333333334,24.8333,23.84,23.84,24.883
2024-03-11,140420,3403629,24.15,24.45,24.0,24.4,0.4,208,0.9933333333333334,23.989,24.2373,23.84,24.287
2024-03-12,221717,5383410,24.45,24.55,24.1,24.25,-0.15,295,0.9933333333333334,24.287,24.0883,23.9393,24.3863
2024-03-13,401568,9590162,24.25,24.3,23.5,23.55,-0.7,304,0.9933333333333334,24.0883,23.393,23.3433,24.138
2024-03-14,256831,5919636,23.55,23.55,22.55,22.95,-0.6,271,0.9933333333333334,23.393,22.797,22.3997,23.393
2024-03-15,182850,4189942,22.9,23.2,22.65,22.85,-0.1,855,0.9933333333333334,22.7473,22.6977,22.499,23.0453
2024-03-18,91238,2082896,22.7,23.1,22.6,23.05,0.2,674,0.9933333333333334,22.5487,22.8963,22.4493,22.946
2024-03-19,151065,3473751,23.05,23.45,22.75,22.9,-0.15,525,0.9933333333333334,22.8963,22.7473,22.5983,23.2937
2024-03-20,134199,3074011,23.2,23.2,22.75,22.8,-0.1,461,0.9933333333333334,23.0453,22.648,22.5983,23.0453
2024-03-21,100612,2303092,23.0,23.0,22.8,22.85,0.05,316,0.9933333333333334,22.8467,22.6977,22.648,22.8467
2024-03-22,95679,2207031,22.85,23.3,22.85,23.2,0.35,298,0.9933333333333334,22.6977,23.0453,22.6977,23.1447
2024-03-25,69066,1594691,23.05,23.3,22.95,22.95,-0.25,542,0.9933333333333334,22.8963,22.797,22.797,23.1447
2024-03-26,147957,3419368,23.0,23.65,22.7,22.8,-0.15,629,0.9933333333333334,22.8467,22.648,22.5487,23.4923
2024-03-27,271342,6139575,22.7,22.85,22.35,22.5,-0.3,1180,0.9933333333333334,22.5487,22.35,22.201,22.6977
2024-03-28,116120,2631753,22.6,22.95,22.5,22.55,0.05,336,0.9933333333333334,22.4493,22.3997,22.35,22.797
2024-03-29,71071,1605771,22.55,22.9,22.5,22.55,0.0,111,0.9933333333333334,22.3997,22.3997,22.35,22.7473
2024-04-01,127175,2904921,22.85,23.0,22.7,23.0,0.45,165,0.9933333333333334,22.6977,22.8467,22.5487,22.8467
2024-04-02,107098,2476516,23.05,23.35,22.95,22.95,-0.05,114,0.9933333333333334,22.8963,22.797,22.797,23.1943
2024-04-03,48434,1101426,22.8,22.9,22.6,22.65,-0.3,88,0.9933333333333334,22.648,22.499,22.4493,22.7473
2024-04-08,79572,1823028,22.8,23.2,22.75,22.9,0.25,96,0.9933333333333334,22.648,22.7473,22.5983,23.0453
2024-04-09,96257,2187544,22.9,22.95,22.6,22.7,-0.2,120,0.9933333333333334,22.7473,22.5487,22.4493,22.797
2024-04-10,1272250,31397676,23.05,24.95,23.05,24.95,2.25,697,0.9933333333333334,22.8963,24.7837,22.8963,24.7837
2024-04-11,1045501,25483462,25.35,25.4,23.8,23.85,-1.1,803,0.9933333333333334,25.181,23.691,23.6413,25.2307
2024-04-12,174446,4136293,24.05,24.05,23.55,23.55,-0.3,163,0.9933333333333334,23.8897,23.393,23.393,23.8897
2024-04-15,163887,3793025,23.55,23.55,22.75,23.1,-0.45,171,0.9933333333333334,23.393,22.946,22.5983,23.393
2024-04-16,233866,5284623,23.05,23.05,22.35,22.45,-0.65,234,0.9933333333333334,22.8963,22.3003,22.201,22.8963
2024-04-17,116513,2656627,22.5,23.0,22.5,22.7,0.25,110,0.9933333333333334,22.35,22.5487,22.35,22.8467
2024-04-18,98176,2253815,22.7,23.25,22.6,22.85,0.15,86,0.9933333333333334,22.5487,22.6977,22.4493,23.095
2024-04-19,166815,3753721,22.65,22.85,22.2,22.4,-0.45,149,0.9933333333333334,22.499,22.2507,22.052,22.6977
2024-04-22,91650,2091445,22.65,23.05,22.6,22.6,0.2,118,0.9933333333333334,22.499,22.4493,22.4493,22.8963
2024-04-23,42065,961199,22.65,23.1,22.65,22.75,0.15,46,0.9933333333333334,22.499,22.5983,22.499,22.946
2024-04-24,62194,1421289,22.8,23.05,22.75,22.75,0.0,66,0.9933333333333334,22.648,22.5983,22.5983,22.8963
2024-04-25,61473,1397076,22.95,22.95,22.6,22.7,-0.05,66,0.9933333333333334,22.797,22.5487,22.4493,22.797
2024-04-26,69074,1575238,22.65,23.0,22.65,22.7,0.0,74,0.9933333333333334,22.499,22.5487,22.499,22.8467
2024-04-29,75561,1724987,22.85,22.95,22.65,22.95,0.25,99,0.9933333333333334,22.6977,22.797,22.499,22.797
2024-04-30,378421,8964261,22.85,24.3,22.8,24.05,1.1,346,0.9933333333333334,22.6977,23.8897,22.648,24.138
2024-05-02,165988,3919939,24.25,24.25,23.35,23.55,-0.5,234,0.9933333333333334,24.0883,23.393,23.1943,24.0883
2024-05-03,94225,2220529,23.95,23.95,23.35,23.45,-0.1,87,0.9933333333333334,23.7903,23.2937,23.1943,23.7903
2024-05-06,79478,1856986,23.45,23.7,23.1,23.3,-0.15,98,0.9933333333333334,23.2937,23.1447,22.946,23.542
2024-05-07,61129,1415690,23.25,23.4,23.05,23.25,-0.05,78,0.9933333333333334,23.095,23.095,22.8963,23.244
2024-05-08,41208,962293,23.35,23.45,23.25,23.35,0.1,49,0.9933333333333334,23.1943,23.1943,23.095,23.2937
2024-05-09,236697,5635158,23.6,24.1,23.45,24.05,0.7,207,0.9933333333333334,23.4427,23.8897,23.2937,23.9393
2024-05-10,158602,3801521,24.0,24.6,23.7,23.85,-0.2,155,0.9933333333333334,23.84,23.691,23.542,24.436
2024-05-13,64345,1536548,24.25,24.25,23.8,23.85,0.0,71,0.9933333333333334,24.0883,23.691,23.6413,24.0883
2024-05-14,214873,5199615,23.85,24.4,23.85,24.25,0.4,138,0.9933333333333334,23.691,24.0883,23.691,24.2373
2024-05-15,103259,2497907,24.25,24.4,24.1,24.1,-0.15,90,0.9933333333333334,24.0883,23.9393,23.9393,24.2373
2024-05-16,111235,2680708,24.1,24.35,24.0,24.0,-0.1,85,0.9933333333333334,23.9393,23.84,23.84,24.1877
2024-05-17,120185,2860606,24.0,24.2,23.6,23.7,-0.3,171,0.9933333333333334,23.84,23.542,23.4427,24.0387
2024-05-20,80443,1917111,23.75,24.0,23.6,23.8,0.1,83,0.9933333333333334,23.5917,23.6413,23.4427,23.84
2024-05-21,87681,2083170,23.95,23.95,23.6,23.8,0.0,69,0.9933333333333334,23.7903,23.6413,23.4427,23.7903
2024-05-22,390674,9543650,23.95,24.75,23.95,24.35,0.55,337,0.9933333333333334,23.7903,24.1877,23.7903,24.585
2024-05-23,133564,3214294,24.5,24.6,23.85,23.85,-0.5,129,0.9933333333333334,24.3367,23.691,23.691,24.436
2024-05-24,105908,2508726,23.8,23.9,23.45,23.85,0.0,98,0.9933333333333334,23.6413,23.691,23.2937,23.7407
2024-05-27,523832,13052083,24.05,25.45,24.05,24.55,0.7,440,0.9933333333333334,23.8897,24.3863,23.8897,25.2803
2024-05-28,464333,11716120,24.65,25.55,24.65,25.4,0.85,359,0.9933333333333334,24.4857,25.2307,24.4857,25.3797
2024-05-29,203612,5119536,25.4,25.4,25.0,25.15,-0.25,171,0.9933333333333334,25.2307,24.9823,24.8333,25.2307
2024-05-30,120977,3002043,25.1,25.1,24.6,24.6,-0.55,156,0.9933333333333334,24.9327,24.436,24.436,24.9327
2024-05-31,79127,1955024,24.6,24.9,24.6,24.9,0.3,101,0.9933333333333334,24.436,24.734,24.436,24.734
2024-06-03,82272,2039572,25.0,25.0,24.6,24.7,-0.2,81,0.9933333333333334,24.8333,24.5353,24.436,24.8333
2024-06-04,204211,5125040,24.7,25.35,24.7,24.95,0.25,179,0.9933333333333334,24.5353,24.7837,24.5353,25.181
2024-06-05,137490,3462521,25.15,25.35,25.1,25.1,0.15,120,0.9933333333333334,24.9823,24.9327,24.9327,25.181
2024-06-06,90848,2259571,25.0,25.05,24.65,24.75,-0.35,109,0.9933333333333334,24.8333,24.585,24.4857,24.883
2024-06-07,215115,5412827,24.6,25.7,24.5,25.25,0.5,152,0.9933333333333334,24.436,25.0817,24.3367,25.5287
2024-06-11,190257,4792736,25.25,25.5,24.95,25.0,-0.25,169,0.9933333333333334,25.0817,24.8333,24.7837,25.33
2024-06-12,66654,1659449,25.0,25.0,24.8,24.9,-0.1,55,0.9933333333333334,24.8333,24.734,24.6347,24.8333
2024-06-13,107431,2671069,24.9,25.3,24.75,24.75,-0.15,96,0.9933333333333334,24.734,24.585,24.585,25.1313
2024-06-14,71503,1777623,24.8,24.95,24.75,24.85,0.1,62,0.9933333333333334,24.6347,24.6843,24.585,24.7837
2024-06-17,187733,4741305,24.9,25.5,24.9,25.25,0.4,160,0.9933333333333334,24.734,25.0817,24.734,25.33
2024-06-18,1018506,26840454,25.4,26.75,25.4,26.55,1.3,740,0.9933333333333334,25.2307,26.373,25.2307,26.5717
2024-06-19,431630,11393385,26.55,26.95,26.1,26.3,-0.25,351,0.9933333333333334,26.373,26.1247,25.926,26.7703
2024-06-20,239351,6266009,26.4,26.5,26.0,26.4,0.1,173,0.9933333333333334,26.224,26.224,25.8267,26.3233
2024-06-21,407765,10706312,26.35,26.8,26.0,26.05,-0.35,341,0.9933333333333334,26.1743,25.8763,25.8267,26.6213
2024-06-24,327928,8615323,26.0,26.75,25.5,26.3,0.25,264,0.9933333333333334,25.8267,26.1247,25.33,26.5717
2024-06-25,233465,6131343,26.65,26.65,25.85,26.6,0.3,181,0.9933333333333334,26.4723,26.4227,25.6777,26.4723
2024-06-26,291954,7839460,26.65,26.95,26.65,26.75,0.15,224,0.9933333333333334,26.4723,26.5717,26.4723,26.7703
2024-06-27,175419,4685387,26.75,26.85,26.5,26.65,-0.1,165,0.9933333333333334,26.5717,26.4723,26.3233,26.671
2024-06-28,227580,6131481,26.8,27.3,26.6,27.05,0.4,240,0.9933333333333334,26.6213,26.8697,26.4227,27.118
2024-07-01,209667,5645823,27.05,27.25,26.6,26.6,-0.45,175,0.9933333333333334,26.8697,26.4227,26.4227,27.0683
2024-07-02,173544,4623034,27.0,27.0,26.5,26.65,0.05,119,0.9933333333333334,26.82,26.4723,26.3233,26.82
2024-07-03,133997,3579176,26.6,26.95,26.55,26.75,0.1,107,0.9933333333333334,26.4227,26.5717,26.373,26.7703
2024-07-04,227049,6056947,26.95,27.05,26.5,26.8,0.05,168,0.9933333333333334,26.7703,26.6213,26.3233,26.8697
2024-07-05,341304,9160056,26.85,27.05,26.6,26.6,-0.2,197,0.9933333333333334,26.671,26.4227,26.4227,26.8697
2024-07-08,226583,6029109,26.65,26.8,26.35,26.6,0.0,142,0.9933333333333334,26.4723,26.4227,26.1743,26.6213
2024-07-09,246708,6534655,26.6,26.85,26.1,26.25,-0.35,204,0.9933333333333334,26.4227,26.075,25.926,26.671
2024-07-10,411698,11110652,26.25,27.3,26.25,26.95,0.7,284,0.9933333333333334,26.075,26.7703,26.075,27.118
2024-07-11,183509,4945600,27.35,27.35,26.6,27.0,0.05,236,0.9933333333333334,27.1677,26.82,26.4227,27.1677
2024-07-12,123129,3291712,27.15,27.15,26.55,26.55,-0.45,88,0.9933333333333334,26.969,26.373,26.373,26.969
2024-07-15,252454,6526265,26.55,26.55,25.5,25.7,-0.85,312,0.9933333333333334,26.373,25.5287,25.33,26.373
2024-07-16,44837,1156441,25.6,25.95,25.6,25.75,0.05,84,0.9933333333333334,25.4293,25.5783,25.4293,25.777
2024-07-17,143396,3728251,26.05,26.5,25.75,25.85,0.1,96,0.9933333333333334,25.8763,25.6777,25.5783,26.3233
2024-07-18,121234,3104912,25.85,25.85,25.45,25.5,-0.35,92,0.9933333333333334,25.6777,25.33,25.2803,25.6777
2024-07-19,141057,3537859,25.45,25.45,24.9,24.9,-0.6,123,0.9933333333333334,25.2803,24.734,24.734,25.2803
2024-07-22,153585,3717344,24.95,24.95,23.9,24.1,-0.8,140,0.9933333333333334,24.7837,23.9393,23.7407,24.7837
2024-07-23,84913,2067175,24.25,24.65,24.1,24.3,0.2,77,0.9933333333333334,24.0883,24.138,23.9393,24.4857
2024-07-26,95370,2276878,24.3,24.3,23.7,24.05,-0.25,142,0.9933333333333334,24.138,23.8897,23.542,24.138
2024-07-29,157821,3721018,24.25,24.25,23.3,23.3,-0.75,160,0.9933333333333334,24.0883,23.1447,23.1447,24.0883
2024-07-30,144167,3325449,23.1,23.45,22.85,23.4,0.1,99,0.9933333333333334,22.946,23.244,22.6977,23.2937
2024-07-31,84510,1956976,23.2,23.3,22.95,23.3,-0.1,77,0.9933333333333334,23.0453,23.1447,22.797,23.1447
2024-08-01,73408,1742185,23.7,23.95,23.4,23.85,0.55,58,0.9933333333333334,23.542,23.691,23.244,23.7903
2024-08-02,120086,2775774,23.5,23.5,22.9,23.0,-0.85,117,0.9933333333333334,23.3433,22.8467,22.7473,23.3433
2024-08-05,270850,5693508,22.7,22.7,20.7,20.9,-2.1,224,0.9933333333333334,22.5487,20.7607,20.562,22.5487
2024-08-06,270121,5404616,21.0,21.0,19.2,20.2,-0.7,224,0.9933333333333334,20.86,20.0653,19.072,20.86
2024-08-07,137400,2925141,20.15,21.6,20.15,21.35,1.15,131,0.9933333333333334,20.0157,21.2077,20.0157,21.456
2024-08-08,139686,3052601,21.55,22.4,21.5,21.85,0.5,141,0.9933333333333334,21.4063,21.7043,21.3567,22.2507
2024-08-09,126899,2792166,21.95,22.3,21.8,22.1,0.25,111,0.9933333333333334,21.8037,21.9527,21.6547,22.1513
2024-08-12,68376,1509389,22.2,22.35,21.9,21.95,-0.15,104,0.9933333333333334,22.052,21.8037,21.754,22.201
2024-08-13,77274,1675535,21.65,21.9,21.5,21.7,-0.25,71,0.9933333333333334,21.5057,21.5553,21.3567,21.754
2024-08-14,31246,683027,21.75,22.0,21.75,21.85,0.15,39,0.9933333333333334,21.605,21.7043,21.605,21.8533
2024-08-15,67650,1492668,22.25,22.35,21.8,22.1,0.25,80,0.9933333333333334,22.1017,21.9527,21.6547,22.201
2024-08-16,91367,2007455,22.1,22.25,21.8,21.8,-0.3,112,0.9933333333333334,21.9527,21.6547,21.6547,22.1017
2024-08-19,70309,1530646,21.8,21.95,21.55,21.95,0.15,57,0.9933333333333334,21.6547,21.8037,21.4063,21.8037
2024-08-20,53847,1181802,21.85,22.1,21.7,21.95,0.0,50,0.9933333333333334,21.7043,21.8037,21.5553,21.9527
2024-08-21,55024,1204078,22.0,22.0,21.7,21.95,0.0,52,0.9933333333333334,21.8533,21.8037,21.5553,21.8533
2024-08-22,59034,1284656,21.9,21.9,21.6,21.85,-0.1,38,0.9933333333333334,21.754,21.7043,21.456,21.754
2024-08-23,30291,662817,21.65,22.05,21.6,22.05,0.2,42,0.9933333333333334,21.5057,21.903,21.456,21.903
2024-08-26,50044,1101423,22.05,22.25,21.8,21.9,-0.15,53,0.9933333333333334,21.903,21.754,21.6547,22.1017
2024-08-27,37114,818969,21.95,22.25,21.9,22.25,0.35,37,0.9933333333333334,21.8037,22.1017,21.754,22.1017
2024-08-28,162629,3675171,22.1,23.05,22.0,22.95,0.7,125,0.9933333333333334,21.9527,22.797,21.8533,22.8963
2024-08-29,87237,2008007,23.1,23.1,22.95,23.05,0.1,97,0.9933333333333334,22.946,22.8963,22.797,22.946
2024-08-30,82103,1880525,23.05,23.05,22.75,23.0,-0.05,61,0.9933333333333334,22.8963,22.8467,22.5983,22.8963
2024-09-02,41869,954586,22.65,22.95,22.65,22.8,-0.2,58,0.9933333333333334,22.499,22.648,22.499,22.797
2024-09-03,49239,1109986,22.6,22.75,22.4,22.4,-0.4,59,0.9933333333333334,22.4493,22.2507,22.2507,22.5983
2024-09-04,176305,3779431,22.05,22.05,21.0,21.15,-1.25,193,0.9933333333333334,21.903,21.009,20.86,21.903
2024-09-05,90362,1925419,21.3,21.6,21.1,21.1,-0.05,64,0.9933333333333334,21.158,20.9593,20.9593,21.456
2024-09-06,79125,1669547,21.0,21.5,20.9,21.25,0.15,58,0.9933333333333334,20.86,21.1083,20.7607,21.3567
2024-09-09,50320,1056316,21.05,21.2,20.8,21.2,-0.05,56,0.9933333333333334,20.9097,21.0587,20.6613,21.0587
2024-09-10,77223,1656055,21.3,21.7,21.2,21.2,0.0,54,0.9933333333333334,21.158,21.0587,21.0587,21.5553
2024-09-11,48401,1022549,21.5,21.5,21.0,21.1,-0.1,33,0.9933333333333334,21.3567,20.9593,20.86,21.3567
2024-09-12,66005,1415415,21.2,21.6,21.2,21.35,0.25,50,0.9933333333333334,21.0587,21.2077,21.0587,21.456
2024-09-13,108010,2341279,21.3,21.85,21.3,21.85,0.5,68,0.9933333333333334,21.158,21.7043,21.158,21.7043
2024-09-16,670441,15665667,21.95,24.0,21.85,23.05,1.2,448,0.9933333333333334,21.8037,22.8963,21.7043,23.84
2024-09-18,219919,5151486,23.05,23.7,23.05,23.3,0.25,181,0.9933333333333334,22.8963,23.1447,22.8963,23.542
2024-09-19,84095,1979243,23.15,23.8,23.1,23.4,0.1,121,0.9933333333333334,22.9957,23.244,22.946,23.6413
2024-09-20,124115,2938722,23.5,23.95,23.3,23.45,0.05,133,0.9933333333333334,23.3433,23.2937,23.1447,23.7903
2024-09-23,53847,1263861,23.35,23.6,23.3,23.45,0.0,93,0.9933333333333334,23.1943,23.2937,23.1447,23.4427
2024-09-24,74126,1746984,23.45,23.85,23.2,23.7,0.25,86,0.9933333333333334,23.2937,23.542,23.0453,23.691
2024-09-25,120942,2897226,23.8,24.05,23.6,23.95,0.25,95,0.9933333333333334,23.6413,23.7903,23.4427,23.8897
2024-09-26,76194,1820733,24.0,24.15,23.6,23.6,-0.35,82,0.9933333333333334,23.84,23.4427,23.4427,23.989
2024-09-27,94186,2223260,23.6,23.85,23.5,23.5,-0.1,62,0.9933333333333334,23.4427,23.3433,23.3433,23.691
2024-09-30,86457,2027300,23.5,23.6,23.35,23.4,-0.1,62,0.9933333333333334,23.3433,23.244,23.1943,23.4427
2024-10-01,73015,1725099,23.4,23.85,23.4,23.8,0.4,57,0.9933333333333334,23.244,23.6413,23.244,23.691
2024-10-04,48514,1151464,23.8,23.8,23.55,23.75,-0.05,59,0.9933333333333334,23.6413,23.5917,23.393,23.6413
2024-10-07,34042,804881,23.8,23.8,23.55,23.6,-0.15,46,0.9933333333333334,23.6413,23.4427,23.393,23.6413
2024-10-08,70015,1624344,23.4,23.4,23.05,23.2,-0.4,55,0.9933333333333334,23.244,23.0453,22.8963,23.244
2024-10-09,76007,1756761,23.25,23.45,23.0,23.1,-0.1,53,0.9933333333333334,23.095,22.946,22.8467,23.2937
2024-10-11,201407,4620211,23.1,23.3,22.55,22.6,-0.5,79,0.9933333333333334,22.946,22.4493,22.3997,23.1447
2024-10-14,90737,2036072,22.4,22.65,22.3,22.3,-0.3,75,0.9933333333333334,22.2507,22.1513,22.1513,22.499
2024-10-15,69352,1553122,22.3,22.8,22.3,22.3,0.0,69,0.9933333333333334,22.1513,22.1513,22.1513,22.648
2024-10-16,66729,1480276,22.3,22.4,22.0,22.1,-0.2,77,0.9933333333333334,22.1513,21.9527,21.8533,22.2507
2024-10-17,52522,1169534,22.35,22.5,22.1,22.3,0.2,50,0.9933333333333334,22.201,22.1513,21.9527,22.35
2024-10-18,203856,4487734,22.2,22.3,21.9,21.9,-0.4,156,0.9933333333333334,22.052,21.754,21.754,22.1513
2024-10-21,74964,1642081,22.0,22.15,21.75,21.85,-0.05,143,0.9933333333333334,21.8533,21.7043,21.605,22.0023
2024-10-22,120747,2624970,21.8,21.9,21.6,21.85,0.0,100,0.9933333333333334,21.6547,21.7043,21.456,21.754
2024-10-23,147338,3243935,21.7,22.2,21.7,22.1,0.25,79,0.9933333333333334,21.5553,21.9527,21.5553,22.052
2024-10-24,57698,1270039,22.15,22.2,21.85,21.85,-0.25,65,0.9933333333333334,22.0023,21.7043,21.7043,22.052
2024-10-25,93251,2068843,21.85,22.35,21.85,22.15,0.3,56,0.9933333333333334,21.7043,22.0023,21.7043,22.201
2024-10-28,58005,1289769,22.15,22.4,22.05,22.3,0.15,65,0.9933333333333334,22.0023,22.1513,21.903,22.2507
2024-10-29,229392,5169259,22.25,23.3,22.2,22.25,-0.05,202,0.9933333333333334,22.1017,22.1017,22.052,23.1447
2024-10-30,144140,3195548,21.9,22.5,21.9,22.2,-0.05,103,0.9933333333333334,21.754,22.052,21.754,22.35
2024-11-01,62420,1386221,21.8,22.75,21.8,22.75,0.55,60,0.9933333333333334,21.6547,22.5983,21.6547,22.5983
2024-11-04,42239,943046,22.45,22.45,22.3,22.3,-0.45,55,0.9933333333333334,22.3003,22.1513,22.1513,22.3003
2024-11-05,29030,646781,22.3,22.35,22.25,22.25,-0.05,30,0.9933333333333334,22.1513,22.1017,22.1017,22.201
2024-11-06,52126,1155388,22.3,22.3,22.0,22.2,-0.05,43,0.9933333333333334,22.1513,22.052,21.8533,22.1513
2024-11-07,35126,787257,22.35,22.6,22.3,22.35,0.15,38,0.9933333333333334,22.201,22.201,22.1513,22.4493
2024-11-08,55074,1219994,22.45,22.45,22.0,22.0,-0.35,58,0.9933333333333334,22.3003,21.8533,21.8533,22.3003
2024-11-11,44190,965638,22.0,22.0,21.8,21.85,-0.15,64,0.9933333333333334,21.8533,21.7043,21.6547,21.8533
2024-11-12,74328,1596632,21.6,21.65,21.3,21.3,-0.55,87,0.9933333333333334,21.456,21.158,21.158,21.5057
2024-11-13,799027,18597272,21.1,23.4,21.1,23.4,2.1,324,0.9933333333333334,20.9593,23.244,20.9593,23.244
2024-11-14,1103985,28284434,25.5,25.7,25.1,25.7,2.3,531,0.9933333333333334,25.33,25.5287,24.9327,25.5287
2024-11-15,8456369,228288340,27.7,28.15,25.9,25.9,0.2,4953,0.9933333333333334,27.5153,25.7273,25.7273,27.9623
2024-11-18,5668195,157308834,26.65,28.45,26.15,28.45,2.55,2696,0.9933333333333334,26.4723,28.2603,25.9757,28.2603
2024-11-19,9400976,286849066,29.9,31.25,28.9,31.25,2.8,3809,0.9933333333333334,29.7007,31.0417,28.7073,31.0417
2024-11-20,13106604,389194282,31.25,31.6,28.15,28.15,-3.1,6930,0.9933333333333334,31.0417,27.9623,27.9623,31.3893
2024-11-21,5369497,163908236,28.8,30.95,28.75,30.95,2.8,2309,0.9933333333333334,28.608,30.7437,28.5583,30.7437
2024-11-22,24235951,770324158,32.5,33.6,30.55,32.2,1.25,14805,0.9933333333333334,32.2833,31.9853,30.3463,33.376
2024-11-25,14082432,485464458,33.0,35.4,32.2,35.4,3.2,5721,0.9933333333333334,32.78,35.164,31.9853,35.164
2024-11-26,36619515,1310621669,35.75,37.5,34.4,35.75,0.35,20553,0.9933333333333334,35.5117,35.5117,34.1707,37.25
2024-11-27,44952258,1677885453,35.95,39.3,35.55,36.65,0.9,25771,0.9933333333333334,35.7103,36.4057,35.313,39.038
2024-11-28,20823212,736536658,36.65,37.05,33.35,34.85,-1.8,11739,0.9933333333333334,36.4057,34.6177,33.1277,36.803
2024-11-29,31768075,1167541264,34.75,38.3,34.55,38.3,3.45,15770,0.9933333333333334,34.5183,38.0447,34.3197,38.0447
2024-12-02,77551468,3155974269,40.15,42.1,39.0,41.05,2.75,38591,0.9933333333333334,39.8823,40.7763,38.74,41.8193
2024-12-03,26453196,1066361827,41.05,41.6,39.45,41.2,0.15,14692,0.9933333333333334,40.7763,40.9253,39.187,41.3227
2024-12-04,37332239,1600554901,41.2,45.3,40.5,45.3,4.1,19150,0.9933333333333334,40.9253,44.998,40.23,44.998
2024-12-05,67861755,3176022136,46.0,49.6,44.8,45.75,0.45,38731,0.9933333333333334,45.6933,45.445,44.5013,49.2693
2024-12-06,33308755,1519047022,45.9,46.6,44.35,45.2,-0.55,19840,0.9933333333333334,45.594,44.8987,44.0543,46.2893
2024-12-09,14622219,614245528,44.3,44.6,40.7,40.7,-4.5,9563,0.9933333333333334,44.0047,40.4287,40.4287,44.3027
2024-12-10,17331818,664414109,39.95,40.5,36.65,37.0,-3.7,10796,0.9933333333333334,39.6837,36.7533,36.4057,40.23
2024-12-11,25553912,967538268,37.5,39.5,36.6,36.95,-0.05,15748,0.9933333333333334,37.25,36.7037,36.356,39.2367
2024-12-12,18000349,656428437,37.6,38.8,34.7,36.5,-0.45,10464,0.9933333333333334,37.3493,36.2567,34.4687,38.5413
2024-12-13,32483940,1229996886,35.8,39.75,35.8,38.15,1.65,19909,0.9933333333333334,35.5613,37.8957,35.5613,39.485
2024-12-16,17345996,629683194,38.1,39.1,34.35,34.4,-3.75,10827,0.9933333333333334,37.846,34.1707,34.121,38.8393
2024-12-17,10381692,357295182,34.9,35.2,33.6,34.75,0.35,6092,0.9933333333333334,34.6673,34.5183,33.376,34.9653
2024-12-18,18844956,692513985,35.05,38.2,34.55,38.2,3.45,9891,0.9933333333333334,34.8163,37.9453,34.3197,37.9453
2024-12-19,43786295,1673322013,37.8,39.2,37.2,38.1,-0.1,24586,0.9933333333333334,37.548,37.846,36.952,38.9387
2024-12-20,16037465,600183924,38.15,38.6,36.1,36.8,-1.3,9630,0.9933333333333334,37.8957,36.5547,35.8593,38.3427
2024-12-23,10585252,389357172,37.0,38.1,35.7,36.1,-0.7,6249,0.9933333333333334,36.7533,35.8593,35.462,37.846
2024-12-24,7063951,253710379,36.5,36.85,35.15,35.35,-0.75,4779,0.9933333333333334,36.2567,35.1143,34.9157,36.6043
2024-12-25,26935581,1014480918,35.5,38.8,35.5,37.5,2.15,16159,0.9933333333333334,35.2633,37.25,35.2633,38.5413
2024-12-26,44339835,1745748050,37.75,41.25,37.15,41.25,3.75,25684,0.9933333333333334,37.4983,40.975,36.9023,40.975
2024-12-27,95450623,4068124426,42.5,45.3,40.45,40.45,-0.8,49358,0.9933333333333334,42.2167,40.1803,40.1803,44.998
2024-12-30,14646927,587250699,40.3,41.2,39.6,39.7,-0.75,9014,0.9933333333333334,40.0313,39.4353,39.336,40.9253
2024-12-31,15620531,619801002,39.7,40.95,38.65,39.25,-0.45,9728,0.9933333333333334,39.4353,38.9883,38.3923,40.677
2025-01-02,14040320,556657383,39.3,40.45,38.5,39.1,-0.15,9123,0.9933333333333334,39.038,38.8393,38.2433,40.1803
2025-01-03,8251345,313926580,39.25,39.6,37.15,37.3,-1.8,5816,0.9933333333333334,38.9883,37.0513,36.9023,39.336
2025-01-06,15734635,624263878,37.95,41.0,37.35,41.0,3.7,8469,0.9933333333333334,37.697,40.7267,37.101,40.7267
2025-01-07,61805891,2616919427,42.25,43.8,40.95,42.95,1.95,35098,0.9933333333333334,41.9683,42.6637,40.677,43.508
2025-01-08,65687376,2914244340,42.55,46.9,41.7,45.2,2.25,39080,0.9933333333333334,42.2663,44.8987,41.422,46.5873
2025-01-09,99537619,4747454224,45.2,49.7,44.7,46.9,1.7,52564,0.9933333333333334,44.8987,46.5873,44.402,49.3687
2025-01-10,127022110,6198635769,46.9,51.5,46.7,48.2,1.3,61770,0.9933333333333334,46.5873,47.8787,46.3887,51.1567
2025-01-13,112528107,5436845789,48.25,50.0,46.5,48.65,0.45,60046,0.9933333333333334,47.9283,48.3257,46.19,49.6667
2025-01-14,70176304,3413212840,48.65,49.6,47.65,48.0,-0.65,37235,0.9933333333333334,48.3257,47.68,47.3323,49.2693
2025-01-15,58189215,2773902378,47.85,49.4,46.6,46.8,-1.2,31901,0.9933333333333334,47.531,46.488,46.2893,49.0707
2025-01-16,84599819,4187513371,47.85,51.4,47.5,51.4,4.6,46172,0.9933333333333334,47.531,51.0573,47.1833,51.0573
2025-01-17,106420089,5689397507,54.6,55.5,50.9,51.1,-0.3,52691,0.9933333333333334,54.236,50.7593,50.5607,55.13
2025-01-20,61104472,3311056456,51.1,56.2,50.1,56.2,5.1,30053,0.9933333333333334,50.7593,55.8253,49.766,55.8253
2025-01-21,107187147,6224574368,57.5,59.5,56.6,56.6,0.4,59196,0.9933333333333334,57.1167,56.2227,56.2227,59.1033
2025-01-22,100118787,5931586234,57.6,62.1,56.8,59.5,2.9,55143,0.9933333333333334,57.216,59.1033,56.4213,61.686
2025-02-03,41671247,2465372472,56.5,60.8,56.3,59.4,-0.1,23186,0.9933333333333334,56.1233,59.004,55.9247,60.3947
2025-02-04,64825853,3985235520,60.5,64.7,58.8,60.4,1.0,37844,0.9933333333333334,60.0967,59.9973,58.408,64.2687
2025-02-05,7078631,412485202,59.8,60.6,56.6,56.9,-3.5,5660,0.9933333333333334,59.4013,56.5207,56.2227,60.196
2025-02-06,3156476,181878747,58.0,58.0,56.8,57.4,0.5,2581,0.9933333333333334,57.6133,57.0173,56.4213,57.6133
2025-02-07,3209624,187724654,57.8,59.1,57.6,58.5,1.1,2703,0.9933333333333334,57.4147,58.11,57.216,58.706
2025-02-10,1984321,114521652,58.6,58.6,57.1,57.8,-0.7,1791,0.9933333333333334,58.2093,57.4147,56.7193,58.2093
2025-02-11,2454132,139699947,58.0,58.5,56.3,56.6,-1.2,2337,0.9933333333333334,57.6133,56.2227,55.9247,58.11
2025-02-12,2096730,118555799,56.6,58.0,55.4,55.5,-1.1,2029,0.9933333333333334,56.2227,55.13,55.0307,57.6133
2025-02-13,1998382,112718217,56.6,57.5,55.2,56.5,1.0,1830,0.9933333333333334,56.2227,56.1233,54.832,57.1167
2025-02-14,1507520,84410368,56.0,57.0,55.3,55.6,-0.9,1444,0.9933333333333334,55.6267,55.2293,54.9313,56.62
2025-02-17,4412661,257338859,56.3,59.7,56.0,59.0,3.4,3570,0.9933333333333334,55.9247,58.6067,55.6267,59.302
2025-02-18,7666873,469487396,59.7,63.0,59.5,62.4,3.4,6081,0.9933333333333334,59.302,61.984,59.1033,62.58
2025-02-19,58625806,3802009120,63.9,67.2,62.5,62.6,0.2,37865,0.9933333333333334,63.474,62.1827,62.0833,66.752
2025-02-20,24784352,1528878599,63.5,64.2,60.0,60.0,-2.6,16875,0.9933333333333334,63.0767,59.6,59.6,63.772
2025-02-21,12706351,747120635,60.5,60.6,57.8,58.7,-1.3,8972,0.9933333333333334,60.0967,58.3087,57.4147,60.196
2025-02-24,42551611,2673905557,58.7,64.5,58.5,63.8,5.1,29372,0.9933333333333334,58.3087,63.3747,58.11,64.07
2025-02-25,45027132,2875734566,64.0,66.2,61.6,63.5,-0.3,30539,0.9933333333333334,63.5733,63.0767,61.1893,65.7587
2025-02-26,15442522,975335558,63.3,64.5,62.3,62.8,-0.7,12011,0.9933333333333334,62.878,62.3813,61.8847,64.07
2025-02-27,12830895,791374378,63.1,63.9,60.0,61.6,-1.2,9086,0.9933333333333334,62.6793,61.1893,59.6,63.474
2025-03-03,8116048,490882242,61.0,62.2,59.6,60.4,-1.2,5634,0.9933333333333334,60.5933,59.9973,59.2027,61.7853
2025-03-04,11987936,716824532,59.5,61.7,56.8,60.4,0.0,8075,0.9933333333333334,59.1033,59.9973,56.4213,61.2887
2025-03-05,9548426,576740465,60.7,61.2,59.1,61.1,0.7,6492,0.9933333333333334,60.2953,60.6927,58.706,60.792
2025-03-06,35162255,2205714985,61.0,64.8,60.0,61.1,0.0,22966,0.9933333333333334,60.5933,60.6927,59.6,64.368
2025-03-07,12410033,745213717,61.0,61.4,58.8,58.8,-2.3,8770,0.9933333333333334,60.5933,58.408,58.408,60.9907
2025-03-10,52762235,3215684796,60.2,63.5,58.0,60.1,1.3,32799,0.9933333333333334,59.7987,59.6993,57.6133,63.0767
2025-03-11,27411796,1563392872,58.0,58.6,55.6,56.9,-3.2,16128,0.9933333333333334,57.6133,56.5207,55.2293,58.2093
2025-03-12,33967281,1974686708,57.2,59.8,56.7,57.4,0.5,20255,0.9933333333333334,56.8187,57.0173,56.322,59.4013
2025-03-13,20793153,1204932088,58.0,59.6,56.5,56.7,-0.7,13000,0.9933333333333334,57.6133,56.322,56.1233,59.2027
2025-03-14,11818234,657969940,56.9,57.1,54.8,55.2,-1.5,7983,0.9933333333333334,56.5207,54.832,54.4347,56.7193
2025-03-17,12214915,689027621,55.9,57.5,55.6,55.9,0.7,8405,0.9933333333333334,55.5273,55.5273,55.2293,57.1167
2025-03-18,22933963,1373626729,56.0,61.4,55.9,61.4,5.5,12742,0.9933333333333334,55.6267,60.9907,55.5273,60.9907
2025-03-19,70004533,4352837136,64.3,65.0,59.8,60.9,-0.5,37366,0.9933333333333334,63.8713,60.494,59.4013,64.5667
2025-03-20,32897273,2031679038,61.9,63.0,60.6,61.1,0.2,20281,0.9933333333333334,61.4873,60.6927,60.196,62.58
2025-03-21,20603136,1263407774,61.3,62.3,60.0,62.0,0.9,12297,0.9933333333333334,60.8913,61.5867,59.6,61.8847
2025-03-24,9750141,594473272,64.0,64.0,58.0,58.0,-4.0,6569,0.9933333333333334,63.5733,57.6133,57.6133,63.5733
2025-03-25,7590155,447054844,59.3,61.4,57.0,57.0,-1.0,7006,0.9933333333333334,58.9047,56.62,56.62,60.9907
2025-03-26,4274381,241947972,57.3,57.9,55.7,55.7,-1.3,4448,0.9933333333333334,56.918,55.3287,55.3287,57.514
2025-03-27,15116744,871300086,55.6,59.5,55.3,56.9,1.2,11310,0.9933333333333334,55.2293,56.5207,54.9313,59.1033
2025-03-28,8858526,499197520,56.8,58.0,55.0,55.0,-1.9,6008,0.9933333333333334,56.4213,54.6333,54.6333,57.6133
2025-03-31,9069773,464128926,51.5,54.2,49.6,49.6,-5.4,6085,0.9933333333333334,51.1567,49.2693,49.2693,53.8387
2025-04-01,8948873,445676400,50.6,51.0,49.2,49.2,-0.4,5805,0.9933333333333334,50.2627,48.872,48.872,50.66
2025-04-02,9428031,476195316,49.7,52.0,48.65,51.4,2.2,6331,0.9933333333333334,49.3687,51.0573,48.3257,51.6533
2025-04-07,171638,7946786,46.3,46.3,46.3,46.3,-5.1,270,0.9933333333333334,45.9913,45.9913,45.9913,45.9913
2025-04-08,3642844,153514221,41.75,43.9,41.7,41.7,-4.6,2450,0.9933333333333334,41.4717,41.422,41.422,43.6073
2025-04-09,10567808,416447035,40.1,42.45,37.7,38.65,-3.05,7505,0.9933333333333334,39.8327,38.3923,37.4487,42.167
2025-04-10,630042,26776775,42.5,42.5,42.5,42.5,3.85,457,0.9933333333333334,42.2167,42.2167,42.2167,42.2167
2025-04-11,7115604,295628805,40.05,43.05,39.05,42.8,0.3,5279,0.9933333333333334,39.783,42.5147,38.7897,42.763
2025-04-14,7847670,348509394,44.2,46.9,43.5,43.95,1.15,7993,0.9933333333333334,43.9053,43.657,43.21,46.5873
2025-04-15,14838406,698164884,44.95,48.3,44.8,48.3,4.35,9898,0.9933333333333334,44.6503,47.978,44.5013,47.978
2025-04-16,33869889,1641430853,49.65,49.85,47.25,47.75,-0.55,19316,0.9933333333333334,49.319,47.4317,46.935,49.5177
2025-04-17,19430478,930451105,47.7,49.0,46.75,47.2,-0.55,12203,0.9933333333333334,47.382,46.8853,46.4383,48.6733
2025-04-18,9222579,435920709,47.2,47.95,46.8,47.1,-0.1,5598,0.9933333333333334,46.8853,46.786,46.488,47.6303
2025-04-21,5668113,259089888,46.9,47.45,45.05,45.05,-2.05,4144,0.9933333333333334,46.5873,44.7497,44.7497,47.1337
2025-04-22,8861606,400408695,45.05,46.5,43.8,43.8,-1.25,6044,0.9933333333333334,44.7497,43.508,43.508,46.19
2025-04-23,8196222,379517158,45.7,47.6,45.35,45.8,2.0,6832,0.9933333333333334,45.3953,45.4947,45.0477,47.2827
2025-04-24,6601095,304809899,46.35,47.25,45.45,46.25,0.45,4408,0.9933333333333334,46.041,45.9417,45.147,46.935
2025-04-25,6091160,286177311,47.4,48.5,45.9,45.9,-0.35,4945,0.9933333333333334,47.084,45.594,45.594,48.1767
2025-04-28,3202094,147157019,46.9,46.95,45.5,45.7,-0.2,2378,0.9933333333333334,46.5873,45.3953,45.1967,46.637
2025-04-29,22210763,1082120534,45.8,50.2,45.7,50.2,4.5,15101,0.9933333333333334,45.4947,49.8653,45.3953,49.8653
2025-04-30,55462545,2853949205,50.5,54.7,49.6,50.0,-0.2,34598,0.9933333333333334,50.1633,49.6667,49.2693,54.3353
2025-05-02,53793914,2861986405,51.2,55.0,50.9,55.0,5.0,28731,0.9933333333333334,50.8587,54.6333,50.5607,54.6333
2025-05-05,58780394,3152967410,55.5,56.4,50.0,51.3,-3.7,32374,0.9933333333333334,55.13,50.958,49.6667,56.024
2025-05-06,13671902,700720758,50.6,52.2,50.3,50.9,-0.4,8942,0.9933333333333334,50.2627,50.5607,49.9647,51.852
2025-05-07,9644869,487344886,51.5,51.7,49.7,50.1,-0.8,5750,0.9933333333333334,51.1567,49.766,49.3687,51.3553
2025-05-08,6060773,306711588,50.4,51.3,50.0,50.3,0.2,4051,0.9933333333333334,50.064,49.9647,49.6667,50.958
2025-05-09,7029868,351146946,50.8,51.2,49.15,49.9,-0.4,6825,0.9933333333333334,50.4613,49.5673,48.8223,50.8587
2025-05-12,12061588,620771801,50.9,52.7,50.6,50.7,0.8,10485,0.9933333333333334,50.5607,50.362,50.2627,52.3487
2025-05-13,8962139,462804568,52.0,52.9,50.6,51.0,0.3,5779,0.9933333333333334,51.6533,50.66,50.2627,52.5473
2025-05-14,6778122,351258928,52.0,52.5,51.3,52.0,1.0,5920,0.9933333333333334,51.6533,51.6533,50.958,52.15
2025-05-15,3766404,194896916,51.8,52.4,51.4,51.9,-0.1,3808,0.9933333333333334,51.4547,51.554,51.0573,52.0507
2025-05-16,14924335,792528302,51.9,54.6,51.5,52.6,0.7,12642,0.9933333333333334,51.554,52.2493,51.1567,54.236
2025-05-19,5240308,270076381,52.4,53.0,50.3,50.3,-2.3,5483,0.9933333333333334,52.0507,49.9647,49.9647,52.6467
2025-05-20,3782284,191841748,51.5,51.9,49.9,50.0,-0.3,2667,0.9933333333333334,51.1567,49.6667,49.5673,51.554
2025-05-21,2388136,120670746,50.5,51.2,50.1,50.3,0.3,2013,0.9933333333333334,50.1633,49.9647,49.766,50.8587
2025-05-22,2852013,140495219,50.0,50.0,48.85,49.1,-1.2,3871,0.9933333333333334,49.6667,48.7727,48.5243,49.6667
2025-05-23,8801888,445578296,49.6,52.0,48.55,50.4,1.3,10857,0.9933333333333334,49.2693,50.064,48.2263,51.6533
2025-05-26,25927123,1361235043,49.9,53.9,49.7,52.5,2.1,19716,0.9933333333333334,49.5673,52.15,49.3687,53.5407
2025-05-27,13363907,696276029,52.5,53.5,51.0,52.5,0.0,8894,0.9933333333333334,52.15,52.15,50.66,53.1433
2025-05-28,10128888,526849337,53.0,53.6,50.7,51.2,-1.3,6288,0.9933333333333334,52.6467,50.8587,50.362,53.2427
2025-05-29,3648325,185144017,51.7,51.9,50.3,50.3,-0.9,2850,0.9933333333333334,51.3553,49.9647,49.9647,51.554
2025-06-02,3133491,151974993,49.8,49.9,47.8,48.0,-2.3,4762,0.9933333333333334,49.468,47.68,47.4813,49.5673
2025-06-03,3293853,156868285,48.3,48.6,47.15,47.2,-0.8,4454,0.9933333333333334,47.978,46.8853,46.8357,48.276
2025-06-04,2716303,130098487,47.7,48.6,47.45,47.5,0.3,2703,0.9933333333333334,47.382,47.1833,47.1337,48.276
2025-06-05,4343239,208764067,47.6,49.0,47.3,47.3,-0.2,4316,0.9933333333333334,47.2827,46.9847,46.9847,48.6733
2025-06-06,2512620,117242996,47.2,47.5,46.05,46.9,-0.4,3642,0.9933333333333334,46.8853,46.5873,45.743,47.1833
2025-06-09,2145928,98465059,46.8,46.9,45.45,46.0,-0.9,1679,0.9933333333333334,46.488,45.6933,45.147,46.5873
2025-06-10,4703790,222100654,46.45,47.95,46.2,46.9,0.9,3613,0.9933333333333334,46.1403,46.5873,45.892,47.6303
2025-06-11,1845258,87625178,47.15,47.9,47.05,47.75,0.85,1571,0.9933333333333334,46.8357,47.4317,46.7363,47.5807
2025-06-12,14971660,749937739,47.45,51.7,47.25,49.5,1.75,10813,0.9933333333333334,47.1337,49.17,46.935,51.3553
2025-06-13,9861891,488520801,49.05,50.6,48.4,49.25,-0.25,7816,0.9933333333333334,48.723,48.9217,48.0773,50.2627
2025-06-16,1697706,82636207,48.9,49.1,48.2,48.85,-0.4,1405,0.9933333333333334,48.574,48.5243,47.8787,48.7727
2025-06-17,2661460,130688777,49.35,50.2,48.3,49.0,0.15,2412,0.9933333333333334,49.021,48.6733,47.978,49.8653
2025-06-18,2021597,99563179,49.0,49.8,48.6,49.3,0.3,1583,0.9933333333333334,48.6733,48.9713,48.276,49.468
2025-06-19,1191177,57466156,49.3,49.4,47.25,47.25,-2.05,1348,0.9933333333333334,48.9713,46.935,46.935,49.0707
2025-06-20,1913139,91145219,47.6,49.25,46.45,46.45,-0.8,1410,0.9933333333333334,47.2827,46.1403,46.1403,48.9217
2025-06-23,1425401,64135155,45.55,45.55,44.3,45.0,-1.45,1124,0.9933333333333334,45.2463,44.7,44.0047,45.2463
2025-06-24,3254628,152874744,45.7,48.2,45.65,46.25,0.0,2456,1.0,45.7,46.25,45.65,48.2
2025-06-25,16956476,847656368,47.5,50.8,47.2,49.25,3.0,9371,1.0,47.5,49.25,47.2,50.8
2025-06-26,19545757,1046905450,50.7,54.1,50.7,54.1,4.85,7251,1.0,50.7,54.1,50.7,54.1
2025-06-27,100835067,5687526567,55.8,59.4,53.7,57.3,3.2,52663,1.0,55.8,57.3,53.7,59.4
2025-06-30,18053525,1018775764,57.5,57.6,55.5,55.7,-1.6,10549,1.0,57.5,55.7,55.5,57.6
2025-07-01,47358976,2687353356,55.6,58.4,54.3,54.3,-1.4,26996,1.0,55.6,54.3,54.3,58.4
2025-07-02,27376523,1502997846,54.3,56.4,53.3,55.1,0.8,16545,1.0,54.3,55.1,53.3,56.4
2025-07-03,13045550,707326286,55.1,55.4,53.2,54.6,-0.5,8275,1.0,55.1,54.6,53.2,55.4
2025-07-04,11001608,587118055,54.6,55.3,52.0,52.2,-2.4,6749,1.0,54.6,52.2,52.0,55.3
2025-07-07,7898161,401793149,52.5,53.7,49.7,49.75,-2.45,5317,1.0,52.5,49.75,49.7,53.7
2025-07-08,5226846,255586212,49.45,49.75,48.15,48.6,-1.15,3635,1.0,49.45,48.6,48.15,49.75
2025-07-09,21320394,1069567194,49.55,51.8,48.5,50.4,1.8,13702,1.0,49.55,50.4,48.5,51.8
2025-07-10,10987202,554824844,50.0,51.5,49.75,50.4,0.0,7027,1.0,50.0,50.4,49.75,51.5
2025-07-11,5453175,271923514,49.5,50.9,49.5,49.6,-0.8,3624,1.0,49.5,49.6,49.5,50.9
2025-07-14,3005835,147590467,49.6,49.85,48.6,48.6,-1.0,2211,1.0,49.6,48.6,48.6,49.85
2025-07-15,5974667,296060200,48.6,50.3,48.6,49.55,0.95,4245,1.0,48.6,49.55,48.6,50.3
2025-07-16,10909723,544460964,49.4,51.5,48.85,49.9,0.35,6886,1.0,49.4,49.9,48.85,51.5
2025-07-17,26826901,1382493290,49.75,53.0,49.75,51.5,1.6,16973,1.0,49.75,51.5,49.75,53.0
2025-07-18,14134503,727725550,51.5,52.5,50.7,51.1,-0.4,8796,1.0,51.5,51.1,50.7,52.5
2025-07-21,4831764,243576625,51.0,51.7,49.85,50.0,-1.1,3218,1.0,51.0,50.0,49.85,51.7
2025-07-22,4645240,226561450,50.0,50.1,47.7,48.2,-1.8,3292,1.0,50.0,48.2,47.7,50.1
2025-07-23,2602702,126459529,48.65,49.7,48.2,48.4,0.2,1917,1.0,48.65,48.4,48.2,49.7
2025-07-24,3421197,166473979,48.5,49.35,48.25,48.75,0.35,2254,1.0,48.5,48.75,48.25,49.35
2025-07-25,1849849,88888054,48.8,48.8,47.8,47.8,-0.95,1617,1.0,48.8,47.8,47.8,48.8
2025-07-28,3405361,164830093,48.25,48.95,47.55,48.35,0.55,2283,1.0,48.25,48.35,47.55,48.95
2025-07-29,4137100,200101554,48.05,49.0,47.35,48.35,0.0,2745,1.0,48.05,48.35,47.35,49.0
2025-07-30,4579901,220814900,48.35,49.3,47.65,48.1,-0.25,2925,1.0,48.35,48.1,47.65,49.3
2025-07-31,2329944,110999030,48.2,48.5,47.0,47.0,-1.1,1840,1.0,48.2,47.0,47.0,48.5
2025-08-01,8292294,400651079,46.0,49.5,45.3,48.65,1.65,5881,1.0,46.0,48.65,45.3,49.5
2025-08-04,4297291,209571119,48.05,49.6,47.6,48.9,0.25,3129,1.0,48.05,48.9,47.6,49.6
2025-08-05,2673525,131621542,49.1,49.8,48.95,48.95,0.05,2121,1.0,49.1,48.95,48.95,49.8
2025-08-06,21618561,1111819102,48.9,52.6,48.8,51.1,2.15,13728,1.0,48.9,51.1,48.8,52.6
2025-08-07,10517392,537018979,51.2,52.0,50.1,50.5,-0.6,7139,1.0,51.2,50.5,50.1,52.0
2025-08-08,12678256,649486224,50.5,52.4,49.65,50.6,0.1,8852,1.0,50.5,50.6,49.65,52.4
2025-08-11,3570251,178020999,50.5,50.7,49.25,50.0,-0.6,3619,1.0,50.5,50.0,49.25,50.7
2025-08-12,2587221,128394976,50.0,50.5,49.25,49.25,-0.75,2332,1.0,50.0,49.25,49.25,50.5
2025-08-13,12959496,661971628,49.5,52.0,49.5,50.5,1.25,8613,1.0,49.5,50.5,49.5,52.0
2025-08-14,5468435,276928739,51.7,51.7,49.55,50.4,-0.1,5003,1.0,51.7,50.4,49.55,51.7
2025-08-15,19488539,1030280300,50.6,54.3,50.6,52.9,2.5,13491,1.0,50.6,52.9,50.6,54.3
2025-08-18,27627853,1527835155,53.7,56.8,53.2,56.0,3.1,17879,1.0,53.7,56.0,53.2,56.8
2025-08-19,15119402,839594929,56.7,57.7,54.0,55.2,-0.8,10115,1.0,56.7,55.2,54.0,57.7
2025-08-20,6857323,367205610,54.9,55.5,52.1,53.1,-2.1,4961,1.0,54.9,53.1,52.1,55.5
2025-08-21,15712488,883846453,54.3,57.6,54.3,56.0,2.9,12218,1.0,54.3,56.0,54.3,57.6
2025-08-22,11613730,645410755,56.3,57.2,53.7,54.5,-1.5,9543,1.0,56.3,54.5,53.7,57.2
2025-08-25,4848534,266284067,55.6,56.2,54.0,54.2,-0.3,4064,1.0,55.6,54.2,54.0,56.2
2025-08-26,2746067,147517041,54.2,54.6,53.3,53.4,-0.8,2429,1.0,54.2,53.4,53.3,54.6
2025-08-27,10549407,587269188,54.3,56.8,54.3,56.0,2.6,7717,1.0,54.3,56.0,54.3,56.8
2025-08-28,13157394,741298740,56.0,58.0,54.8,56.0,0.0,8943,1.0,56.0,56.0,54.8,58.0
2025-08-29,4139714,228224427,56.0,56.3,54.6,54.6,-1.4,2944,1.0,56.0,54.6,54.6,56.3
2025-09-01,3623860,191639434,54.3,54.3,51.9,52.0,-2.6,3110,1.0,54.3,52.0,51.9,54.3
2025-09-02,4753785,250492352,53.0,53.9,50.9,53.8,1.8,3782,1.0,53.0,53.8,50.9,53.9
2025-09-03,3964262,212767312,53.7,54.8,53.1,53.1,-0.7,3236,1.0,53.7,53.1,53.1,54.8
2025-09-04,3513041,186977658,53.8,54.9,51.7,51.8,-1.3,2788,1.0,53.8,51.8,51.7,54.9
2025-09-05,9964989,536237971,52.3,55.0,51.9,53.7,1.9,6925,1.0,52.3,53.7,51.9,55.0
2025-09-08,4391642,237075899,54.0,54.9,53.4,53.5,-0.2,3639,1.0,54.0,53.5,53.4,54.9
2025-09-09,6249827,339102301,53.5,55.1,53.0,53.9,0.4,4529,1.0,53.5,53.9,53.0,55.1
2025-09-10,13795314,767831957,55.0,57.5,53.6,54.5,0.6,9929,1.0,55.0,54.5,53.6,57.5
2025-09-11,18302866,1016999925,54.2,57.4,54.2,54.3,-0.2,12549,1.0,54.2,54.3,54.2,57.4
2025-09-12,6445344,343233394,54.8,54.9,51.9,53.0,-1.3,4559,1.0,54.8,53.0,51.9,54.9
2025-09-15,2919855,148547448,52.8,52.9,50.0,50.0,-3.0,2544,1.0,52.8,50.0,50.0,52.9
2025-09-16,2213311,109475701,49.95,50.4,49.0,49.15,-0.85,2793,1.0,49.95,49.15,49.0,50.4
2025-09-17,2306544,115383688,49.15,50.9,49.15,50.3,1.15,2134,1.0,49.15,50.3,49.15,50.9
2025-09-18,1453130,72357152,50.3,50.7,49.35,49.7,-0.6,1523,1.0,50.3,49.7,49.35,50.7
2025-09-19,1482391,72921270,49.75,50.2,48.55,48.55,-1.15,1336,1.0,49.75,48.55,48.55,50.2
2025-09-22,1543957,74905931,48.85,49.05,48.05,48.5,-0.05,1150,1.0,48.85,48.5,48.05,49.05
2025-09-23,1225582,59615514,48.9,49.25,48.4,48.45,-0.05,941,1.0,48.9,48.45,48.4,49.25
2025-09-24,3750907,185264271,48.85,50.2,48.4,48.95,0.5,2926,1.0,48.85,48.95,48.4,50.2
2025-09-25,2241111,111008328,49.15,50.3,48.85,48.95,0.0,2168,1.0,49.15,48.95,48.85,50.3
2025-09-26,1487155,70470619,49.1,49.1,46.8,46.95,-2.0,1687,1.0,49.1,46.95,46.8,49.1
2025-09-30,2045819,98874786,47.2,48.95,47.2,48.9,1.95,1768,1.0,47.2,48.9,47.2,48.95
2025-10-01,1118265,53961819,48.9,49.0,47.65,47.65,-1.25,1314,1.0,48.9,47.65,47.65,49.0
2025-10-02,1332155,63537149,48.7,48.8,46.9,46.9,-0.75,1398,1.0,48.7,46.9,46.9,48.8
2025-10-03,903671,41956235,47.3,47.3,46.1,46.1,-0.8,965,1.0,47.3,46.1,46.1,47.3
2025-10-07,1245050,57012913,46.55,46.8,45.3,45.6,-0.5,1101,1.0,46.55,45.6,45.3,46.8
2025-10-08,1446020,66552727,45.45,46.6,45.4,45.7,0.1,1230,1.0,45.45,45.7,45.4,46.6
2025-10-09,1490072,67125288,45.9,46.0,44.5,44.5,-1.2,1301,1.0,45.9,44.5,44.5,46.0
2025-10-13,1028333,44003419,40.9,43.45,40.9,43.35,-1.15,865,1.0,40.9,43.35,40.9,43.45
2025-10-14,1066953,45642705,44.0,44.0,41.8,41.8,-1.55,1269,1.0,44.0,41.8,41.8,44.0
2025-10-15,788434,32915601,42.35,42.35,41.2,41.7,-0.1,722,1.0,42.35,41.7,41.2,42.35
2025-10-16,759436,31878658,42.0,42.5,41.35,41.9,0.2,864,1.0,42.0,41.9,41.35,42.5
2025-10-17,872466,35967609,41.5,41.65,40.95,41.0,-0.9,1096,1.0,41.5,41.0,40.95,41.65
2025-10-20,648978,26729372,41.4,41.6,40.7,41.4,0.4,603,1.0,41.4,41.4,40.7,41.6
2025-10-21,716982,30044551,41.85,42.2,41.6,41.9,0.5,636,1.0,41.85,41.9,41.6,42.2
2025-10-22,7344303,322896765,41.9,45.0,41.7,44.1,2.2,5876,1.0,41.9,44.1,41.7,45.0
2025-10-23,2986361,130349505,43.65,45.0,42.85,42.85,-1.25,2804,1.0,43.65,42.85,42.85,45.0
2025-10-27,1664977,71994057,43.5,44.0,42.1,43.25,0.4,1447,1.0,43.5,43.25,42.1,44.0
2025-10-28,1046587,44050424,43.3,43.3,41.5,41.5,-1.75,1008,1.0,43.3,41.5,41.5,43.3
2025-10-29,801407,33066979,42.0,42.3,40.85,40.95,-0.55,921,1.0,42.0,40.95,40.85,42.3
2025-10-30,885992,35692788,41.45,41.45,39.9,40.1,-0.85,866,1.0,41.45,40.1,39.9,41.45
2025-10-31,699597,28107640,40.6,40.6,40.0,40.05,-0.05,550,1.0,40.6,40.05,40.0,40.6
2025-11-03,591246,23870979,40.0,40.85,39.95,40.2,0.15,498,1.0,40.0,40.2,39.95,40.85
2025-11-04,2926335,120916318,40.5,42.65,40.0,40.0,-0.2,2649,1.0,40.5,40.0,40.0,42.65
2025-11-05,1692706,67492339,39.7,40.75,38.35,40.35,0.35,1673,1.0,39.7,40.35,38.35,40.75
2025-11-06,1127480,45931216,40.5,41.85,40.2,40.25,-0.1,1110,1.0,40.5,40.25,40.2,41.85
2025-11-07,728893,28825971,40.1,40.25,39.1,39.1,-1.15,762,1.0,40.1,39.1,39.1,40.25
2025-11-10,876592,34278478,39.95,39.95,38.35,39.7,0.6,677,1.0,39.95,39.7,38.35,39.95
2025-11-11,644727,25421942,39.6,40.0,38.85,38.9,-0.8,649,1.0,39.6,38.9,38.85,40.0
2025-11-12,551333,21745401,39.05,39.85,39.05,39.25,0.35,650,1.0,39.05,39.25,39.05,39.85
2025-11-13,705281,27283620,39.2,39.4,38.4,38.45,-0.8,903,1.0,39.2,38.45,38.4,39.4
2025-11-14,567817,21472348,38.05,38.35,37.45,37.5,-0.95,737,1.0,38.05,37.5,37.45,38.35
2025-11-17,715883,26839960,37.6,38.05,37.25,37.25,-0.25,588,1.0,37.6,37.25,37.25,38.05
2025-11-18,1440215,53513628,37.3,38.05,36.2,36.2,-1.05,1298,1.0,37.3,36.2,36.2,38.05
2025-11-19,874231,31473755,36.25,36.8,35.4,35.8,-0.4,822,1.0,36.25,35.8,35.4,36.8
2025-11-20,854418,31253221,36.4,36.9,36.1,36.75,0.95,591,1.0,36.4,36.75,36.1,36.9
2025-11-21,894783,31258786,35.4,36.1,34.0,34.7,-2.05,886,1.0,35.4,34.7,34.0,36.1
2025-11-24,454801,15906906,35.25,35.25,34.65,34.95,0.25,425,1.0,35.25,34.95,34.65,35.25
2025-11-25,547328,19520578,35.4,36.1,35.35,35.8,0.85,612,1.0,35.4,35.8,35.35,36.1
2025-11-26,559388,20505311,36.1,36.9,36.1,36.6,0.8,587,1.0,36.1,36.6,36.1,36.9
2025-11-27,744834,27358509,36.85,37.3,36.2,36.55,-0.05,728,1.0,36.85,36.55,36.2,37.3
2025-11-28,8957475,352479161,37.0,40.2,36.85,38.75,2.2,6503,1.0,37.0,38.75,36.85,40.2
2025-12-01,8507318,342220662,38.65,41.75,38.15,39.6,0.85,6082,1.0,38.65,39.6,38.15,41.75
2025-12-02,1861034,71617785,39.5,39.5,38.0,38.0,-1.6,1834,1.0,39.5,38.0,38.0,39.5
2025-12-03,1326069,50900397,38.5,39.15,37.7,38.6,0.6,1178,1.0,38.5,38.6,37.7,39.15
2025-12-04,890964,34353260,39.0,39.15,38.0,38.0,-0.6,895,1.0,39.0,38.0,38.0,39.15
2025-12-05,533459,20075194,38.4,38.4,37.4,37.75,-0.25,577,1.0,38.4,37.75,37.4,38.4
2025-12-08,628243,23830046,38.25,38.6,37.55,37.75,0.0,518,1.0,38.25,37.75,37.55,38.6
2025-12-09,469236,17677998,38.0,38.1,37.5,37.65,-0.1,470,1.0,38.0,37.65,37.5,38.1
2025-12-10,1338886,51567767,38.1,39.1,38.0,38.0,0.35,1065,1.0,38.1,38.0,38.0,39.1
2025-12-11,1428096,55082140,38.6,39.3,37.95,38.1,0.1,1254,1.0,38.6,38.1,37.95,39.3
2025-12-12,537639,20540792,38.5,38.6,37.75,38.15,0.05,500,1.0,38.5,38.15,37.75,38.6
2025-12-15,415612,15754379,37.35,38.4,37.1,38.2,0.05,428,1.0,37.35,38.2,37.1,38.4
2025-12-16,1128813,42917466,38.25,39.2,37.05,37.4,-0.8,1222,1.0,38.25,37.4,37.05,39.2
2025-12-17,804433,30634076,37.6,38.7,37.6,37.8,0.4,843,1.0,37.6,37.8,37.6,38.7
2025-12-18,6480083,263834820,38.25,41.55,38.25,41.55,3.75,3977,1.0,38.25,41.55,38.25,41.55
2025-12-19,13131553,524694106,41.0,41.3,39.0,39.0,-2.55,8801,1.0,41.0,39.0,39.0,41.3
2025-12-22,1684715,66673660,39.35,39.85,39.15,39.8,0.8,1572,1.0,39.35,39.8,39.15,39.85
2025-12-23,1155781,45550853,40.1,40.2,39.05,39.2,-0.6,1423,1.0,40.1,39.2,39.05,40.2
2025-12-24,697778,27182452,39.75,39.75,38.6,38.65,-0.55,855,1.0,39.75,38.65,38.6,39.75
2025-12-26,628499,24174958,38.75,39.1,38.15,38.2,-0.45,692,1.0,38.75,38.2,38.15,39.1
2025-12-29,674764,25753417,38.4,38.7,37.75,37.75,-0.45,888,1.0,38.4,37.75,37.75,38.7
2025-12-30,739458,27702176,37.75,37.75,37.25,37.45,-0.3,667,1.0,37.75,37.45,37.25,37.75
2025-12-31,738065,27438963,37.5,37.75,36.9,37.0,-0.45,703,1.0,37.5,37.0,36.9,37.75
2026-02-02,2129153,77510644,35.1,37.4,35.0,35.35,-0.55,1710,1.0,35.1,35.35,35.0,37.4
2026-02-03,1136397,40609083,36.4,36.6,35.25,35.5,0.15,950,1.0,36.4,35.5,35.25,36.6
2026-02-04,546337,19375570,35.9,35.9,35.0,35.9,0.4,500,1.0,35.9,35.9,35.0,35.9
2026-02-05,2163430,79421283,35.7,37.6,35.35,35.85,-0.05,1656,1.0,35.7,35.85,35.35,37.6
2026-02-06,786705,27291939,35.85,35.85,34.1,34.55,-1.3,752,1.0,35.85,34.55,34.1,35.85
2026-02-09,549681,19126482,35.4,35.45,34.45,34.45,-0.1,572,1.0,35.4,34.45,34.45,35.45
2026-02-10,534469,18212644,34.65,34.75,33.9,33.9,-0.55,557,1.0,34.65,33.9,33.9,34.75
2026-02-11,645283,21443750,33.75,33.75,33.0,33.2,-0.7,634,1.0,33.75,33.2,33.0,33.75
2026-02-23,723700,24357340,33.0,34.25,32.5,34.2,1.0,647,1.0,33.0,34.2,32.5,34.25
2026-02-24,711823,24187259,34.25,34.45,33.6,33.9,-0.3,702,1.0,34.25,33.9,33.6,34.45
2026-02-25,552241,18601117,34.3,34.3,33.3,33.35,-0.55,511,1.0,34.3,33.35,33.3,34.3
2026-02-26,1078263,36921812,33.8,34.7,33.75,33.95,0.6,982,1.0,33.8,33.95,33.75,34.7
2026-03-02,550340,18185330,32.8,33.4,32.3,33.2,-0.75,725,1.0,32.8,33.2,32.3,33.4
2026-03-03,961696,31713887,33.7,34.25,32.2,32.2,-1.0,933,1.0,33.7,32.2,32.2,34.25
2026-03-04,966079,29332606,31.95,31.95,29.9,30.0,-2.2,892,1.0,31.95,30.0,29.9,31.95
2026-03-05,450197,13896132,30.95,31.45,30.4,30.9,0.9,604,1.0,30.95,30.9,30.4,31.45
2026-03-06,454887,14120355,30.9,31.95,30.6,30.65,-0.25,608,1.0,30.9,30.65,30.6,31.95
2026-03-09,781870,22412425,29.05,29.3,28.05,28.85,-1.8,975,1.0,29.05,28.85,28.05,29.3
2026-03-10,386422,11399064,29.7,29.95,28.9,29.7,0.85,558,1.0,29.7,29.7,28.9,29.95
2026-03-11,349154,10471192,29.75,30.2,29.75,30.05,0.35,402,1.0,29.75,30.05,29.75,30.2
2026-03-12,415947,12529977,30.05,30.95,29.7,29.8,-0.25,536,1.0,30.05,29.8,29.7,30.95
2026-03-13,422220,12583094,29.7,30.25,29.1,30.1,0.3,521,1.0,29.7,30.1,29.1,30.25
2026-03-16,367440,10889395,30.2,30.3,29.4,29.7,-0.4,596,1.0,30.2,29.7,29.4,30.3
2026-03-17,403996,12156872,29.8,30.3,29.8,30.05,0.35,567,1.0,29.8,30.05,29.8,30.3
2026-03-18,318655,9513766,30.2,30.4,29.6,29.8,-0.25,489,1.0,30.2,29.8,29.6,30.4
2026-03-19,363898,10756375,29.8,29.85,29.3,29.4,-0.4,512,1.0,29.8,29.4,29.3,29.85
2026-03-20,533256,15783093,29.5,30.25,28.75,29.3,-0.1,703,1.0,29.5,29.3,28.75,30.25
2026-03-23,259512,7479392,28.5,29.35,28.05,28.7,-0.6,656,1.0,28.5,28.7,28.05,29.35
2026-03-24,450281,13282197,29.9,30.4,28.8,29.05,0.35,757,1.0,29.9,29.05,28.8,30.4
2026-03-25,788906,23795115,29.85,30.65,29.75,29.8,0.75,1008,1.0,29.85,29.8,29.75,30.65
2026-03-26,635291,19233254,30.25,31.3,29.4,29.4,-0.4,824,1.0,30.25,29.4,29.4,31.3
2026-03-27,424593,12413100,29.15,29.95,29.0,29.1,-0.3,393,1.0,29.15,29.1,29.0,29.95
2026-03-30,252874,7161547,28.8,28.8,28.15,28.2,-0.9,315,1.0,28.8,28.2,28.15,28.8
2026-03-31,561927,15629622,28.15,28.55,27.2,27.6,-0.6,496,1.0,28.15,27.6,27.2,28.55
2026-04-01,308968,8699634,28.2,28.4,28.0,28.25,0.65,263,1.0,28.2,28.25,28.0,28.4
2026-04-02,342526,9430896,28.0,28.5,27.2,27.2,-1.05,357,1.0,28.0,27.2,27.2,28.5
2026-04-07,339560,9196576,27.25,27.5,26.95,27.0,-0.2,330,1.0,27.25,27.0,26.95,27.5
2026-04-08,389794,10791920,27.3,27.95,27.25,27.9,0.9,343,1.0,27.3,27.9,27.25,27.95
2026-04-09,426913,11631791,27.95,27.95,27.0,27.25,-0.65,459,1.0,27.95,27.25,27.0,27.95
2026-04-10,348928,9457693,27.25,27.55,27.0,27.0,-0.25,311,1.0,27.25,27.0,27.0,27.55
2026-04-13,800541,22651574,27.75,29.05,27.3,28.75,1.75,737,1.0,27.75,28.75,27.3,29.05
2026-04-14,513542,14868303,28.85,29.25,28.75,29.0,0.25,438,1.0,28.85,29.0,28.75,29.25
2026-04-15,418677,12355460,29.2,29.8,29.1,29.55,0.55,385,1.0,29.2,29.55,29.1,29.8
2026-04-16,301042,8936716,29.85,29.85,29.5,29.75,0.2,275,1.0,29.85,29.75,29.5,29.85
2026-04-17,565586,17047629,29.95,30.4,29.9,30.0,0.25,463,1.0,29.95,30.0,29.9,30.4
2026-04-20,520193,15902953,30.3,30.85,30.1,30.35,0.35,453,1.0,30.3,30.35,30.1,30.85
2026-04-21,349626,10604286,30.55,30.55,30.15,30.5,0.15,323,1.0,30.55,30.5,30.15,30.55
2026-04-22,1339336,42356733,30.6,32.15,30.6,31.75,1.25,1205,1.0,30.6,31.75,30.6,32.15
2026-04-23,1683083,53024782,33.5,33.5,29.55,30.55,-1.2,1449,1.0,33.5,30.55,29.55,33.5
2026-04-24,630264,19198848,30.65,31.75,29.5,29.75,-0.8,588,1.0,30.65,29.75,29.5,31.75
2026-04-27,661195,19433640,29.75,30.0,28.85,29.7,-0.05,616,1.0,29.75,29.7,28.85,30.0
2026-04-28,331563,9697815,29.25,29.6,29.0,29.15,-0.55,330,1.0,29.25,29.15,29.0,29.6
2026-04-29,230276,6728014,29.2,29.55,29.0,29.3,0.15,235,1.0,29.2,29.3,29.0,29.55
2026-04-30,420895,12276833,29.35,29.9,28.8,28.85,-0.45,338,1.0,29.35,28.85,28.8,29.9
2026-05-04,268015,7773750,28.9,29.5,28.8,29.0,0.15,306,1.0,28.9,29.0,28.8,29.5
2026-05-05,345963,10081555,29.0,29.5,28.85,29.2,0.2,318,1.0,29.0,29.2,28.85,29.5
2026-05-06,599402,17507033,29.5,29.8,28.65,29.55,0.35,530,1.0,29.5,29.55,28.65,29.8
2026-05-07,271123,7937313,29.7,29.7,29.1,29.2,-0.35,300,1.0,29.7,29.2,29.1,29.7
2026-05-08,1032286,30796554,29.2,30.9,28.85,29.25,0.05,806,1.0,29.2,29.25,28.85,30.9
2026-05-11,1071065,32532415,29.8,31.1,29.15,30.2,0.95,905,1.0,29.8,30.2,29.15,31.1
2026-05-12,1461525,44849058,30.85,31.55,29.95,30.65,0.45,1111,1.0,30.85,30.65,29.95,31.55
2026-05-13,610466,18194746,30.0,30.9,29.35,29.35,-1.3,632,1.0,30.0,29.35,29.35,30.9
2026-05-14,894863,26535766,29.45,31.4,28.7,30.6,1.25,787,1.0,29.45,30.6,28.7,31.4
