Date,Capacity,Turnover,Open,High,Low,Close,Change,Transaction,AdjFactor,Open_adj,Close_adj,Low_adj,High_adj
2020-06-01,448011,40191508,89.3,89.9,89.3,89.7,0.7,320,0.7283121077748209,65.0383,65.3296,65.0383,65.4753
2020-06-02,687180,61898451,90.5,90.9,89.6,89.6,-0.1,495,0.7283121077748209,65.9122,65.2568,65.2568,66.2036
2020-06-03,619308,55724949,90.0,90.3,89.7,90.0,0.4,401,0.7283121077748209,65.5481,65.5481,65.3296,65.7666
2020-06-04,2952113,272305026,91.0,93.2,90.9,93.0,3.0,2136,0.7283121077748209,66.2764,67.733,66.2036,67.8787
2020-06-05,1994945,185010427,93.9,94.3,91.8,92.0,-1.0,1406,0.7283121077748209,68.3885,67.0047,66.8591,68.6798
2020-06-08,2466358,222461020,91.8,91.9,89.5,89.5,-2.5,1677,0.7283121077748209,66.8591,65.1839,65.1839,66.9319
2020-06-09,1069100,95246479,89.4,89.9,88.2,88.4,-1.1,713,0.7283121077748209,65.1111,64.3828,64.2371,65.4753
2020-06-10,525200,46509400,88.8,89.1,88.0,88.6,0.2,412,0.7283121077748209,64.6741,64.5285,64.0915,64.8926
2020-06-11,840404,73602163,88.7,88.9,86.5,86.5,-2.1,663,0.7283121077748209,64.6013,62.999,62.999,64.7469
2020-06-12,605050,51747239,84.8,86.9,84.5,86.9,0.4,458,0.7283121077748209,61.7609,63.2903,61.5424,63.2903
2020-06-15,459130,40218274,87.6,88.4,86.9,87.1,0.2,347,0.7283121077748209,63.8001,63.436,63.2903,64.3828
2020-06-16,594276,52772408,88.4,89.2,88.4,88.8,1.7,475,0.7283121077748209,64.3828,64.6741,64.3828,64.9654
2020-06-17,338012,30059880,89.0,89.5,88.5,88.5,-0.3,272,0.7283121077748209,64.8198,64.4556,64.4556,65.1839
2020-06-18,284060,25226782,88.5,89.1,88.1,89.1,0.6,227,0.7283121077748209,64.4556,64.8926,64.1643,64.8926
2020-06-19,465600,41445618,89.0,89.5,88.7,88.7,-0.4,299,0.7283121077748209,64.8198,64.6013,64.6013,65.1839
2020-06-22,537882,47930321,88.7,89.6,88.7,88.8,0.1,323,0.7283121077748209,64.6013,64.6741,64.6013,65.2568
2020-06-23,361140,32004976,89.2,89.5,88.1,88.4,-0.4,235,0.7283121077748209,64.9654,64.3828,64.1643,65.1839
2020-06-24,373318,32964414,88.5,88.8,88.1,88.1,-0.3,261,0.7283121077748209,64.4556,64.1643,64.1643,64.6741
2020-06-29,465000,40568600,87.7,88.0,87.0,87.0,-1.1,327,0.7283121077748209,63.873,63.3632,63.3632,64.0915
2020-06-30,296000,25834200,87.3,87.6,87.1,87.2,0.2,213,0.7283121077748209,63.5816,63.5088,63.436,63.8001
2020-07-01,435320,38450182,87.6,88.9,87.6,88.3,1.1,308,0.7283121077748209,63.8001,64.31,63.8001,64.7469
2020-07-02,534000,47552100,89.0,89.4,88.6,89.1,0.8,385,0.7283121077748209,64.8198,64.8926,64.5285,65.1111
2020-07-03,468085,41847450,89.5,89.8,88.9,89.3,0.2,338,0.7283121077748209,65.1839,65.0383,64.7469,65.4024
2020-07-06,1288065,116726647,90.1,91.1,89.9,90.9,1.6,942,0.7283121077748209,65.6209,66.2036,65.4753,66.3492
2020-07-07,1784430,157781184,89.3,89.4,87.5,88.5,-2.4,1263,0.7283121077748209,65.0383,64.4556,63.7273,65.1111
2020-07-08,624000,55290600,88.4,89.1,88.3,88.5,0.0,407,0.7283121077748209,64.3828,64.4556,64.31,64.8926
2020-07-09,927620,81440412,88.6,88.7,87.2,87.3,-1.2,672,0.7283121077748209,64.5285,63.5816,63.5088,64.6013
2020-07-10,796310,68490128,87.5,87.7,85.2,85.2,-2.1,636,0.7283121077748209,63.7273,62.0522,62.0522,63.873
2020-07-13,298150,25572415,85.2,86.3,85.2,85.7,0.5,250,0.7283121077748209,62.0522,62.4163,62.0522,62.8533
2020-07-14,467030,40498510,85.7,87.6,85.5,86.3,0.6,360,0.7283121077748209,62.4163,62.8533,62.2707,63.8001
2020-07-15,389001,33510186,87.1,87.1,85.2,85.6,-0.7,301,0.7283121077748209,63.436,62.3435,62.0522,63.436
2020-07-16,304150,26032200,85.7,86.1,85.2,85.6,0.0,228,0.7283121077748209,62.4163,62.3435,62.0522,62.7077
2020-07-17,228751,19541683,86.4,86.4,85.1,85.2,-0.4,170,0.7283121077748209,62.9262,62.0522,61.9794,62.9262
2020-07-20,179001,15235186,85.2,85.5,84.8,85.2,0.0,114,0.7283121077748209,62.0522,62.0522,61.7609,62.2707
2020-07-21,484100,41915320,85.9,87.3,85.3,86.2,1.0,313,0.7283121077748209,62.562,62.7805,62.125,63.5816
2020-07-22,188100,16175019,86.2,86.5,85.8,85.8,-0.4,161,0.7283121077748209,62.7805,62.4892,62.4892,62.999
2020-07-23,255300,21869830,85.8,86.1,85.4,85.4,-0.4,193,0.7283121077748209,62.4892,62.1979,62.1979,62.7077
2020-07-24,745778,62838040,85.5,85.9,83.3,83.3,-2.1,547,0.7283121077748209,62.2707,60.6684,60.6684,62.562
2020-07-27,463350,38328400,83.5,84.5,81.4,81.7,-1.6,321,0.7283121077748209,60.8141,59.5031,59.2846,61.5424
2020-07-28,706359,57075398,82.0,82.5,80.0,80.1,-1.6,481,0.7283121077748209,59.7216,58.3378,58.265,60.0857
2020-07-29,176000,14237800,80.0,81.5,80.0,81.5,1.4,135,0.7283121077748209,58.265,59.3574,58.265,59.3574
2020-07-30,156010,12861760,81.8,83.0,81.8,82.7,1.2,122,0.7283121077748209,59.5759,60.2314,59.5759,60.4499
2020-07-31,103000,8542700,83.3,83.3,82.8,83.0,0.3,90,0.7283121077748209,60.6684,60.4499,60.3042,60.6684
2020-08-03,149200,12451520,83.4,84.0,83.1,83.6,0.6,120,0.7283121077748209,60.7412,60.8869,60.5227,61.1782
2020-08-04,302300,25096276,83.6,83.9,82.7,83.1,-0.5,215,0.7283121077748209,60.8869,60.5227,60.2314,61.1054
2020-08-05,250100,20813790,83.1,83.7,82.8,83.3,0.2,164,0.7283121077748209,60.5227,60.6684,60.3042,60.9597
2020-08-06,613500,50313399,83.0,83.1,81.1,81.4,-1.9,487,0.7283121077748209,60.4499,59.2846,59.0661,60.5227
2020-08-07,931756,78016950,83.3,84.8,82.8,83.2,1.8,626,0.7283121077748209,60.6684,60.5956,60.3042,61.7609
2020-08-10,282300,23647650,83.7,84.1,83.3,83.9,0.7,197,0.7283121077748209,60.9597,61.1054,60.6684,61.251
2020-08-11,278000,23172900,83.9,83.9,82.6,82.9,-1.0,182,0.7283121077748209,61.1054,60.3771,60.1586,61.1054
2020-08-12,174701,14548573,82.9,83.9,82.7,83.7,0.8,146,0.7283121077748209,60.3771,60.9597,60.2314,61.1054
2020-08-13,212000,17847400,84.0,84.6,83.9,84.2,0.5,170,0.7283121077748209,61.1782,61.3239,61.1054,61.6152
2020-08-14,225610,19088050,84.3,85.0,84.1,85.0,0.8,179,0.7283121077748209,61.3967,61.9065,61.251,61.9065
2020-08-17,386200,33115800,85.3,86.3,84.9,86.3,1.3,270,0.7283121077748209,62.125,62.8533,61.8337,62.8533
2020-08-18,572500,49607250,86.7,87.1,85.8,86.9,0.6,388,0.7283121077748209,63.1447,63.2903,62.4892,63.436
2020-08-19,439668,37979981,86.8,87.0,85.8,85.8,-1.1,297,0.7283121077748209,63.2175,62.4892,62.4892,63.3632
2020-08-20,688460,57565616,85.8,85.8,82.0,84.3,-1.5,478,0.7283121077748209,62.4892,61.3967,59.7216,62.4892
2020-08-21,153025,12991330,85.0,85.2,84.6,84.9,0.6,126,0.7283121077748209,61.9065,61.8337,61.6152,62.0522
2020-08-24,216055,18527652,85.1,86.4,85.0,85.5,0.6,183,0.7283121077748209,61.9794,62.2707,61.9065,62.9262
2020-08-25,192100,16548220,86.0,86.5,85.8,86.1,0.6,146,0.7283121077748209,62.6348,62.7077,62.4892,62.999
2020-08-26,155050,13408125,86.1,86.7,86.1,86.5,0.4,135,0.7283121077748209,62.7077,62.999,62.7077,63.1447
2020-08-27,188000,16257400,87.0,87.0,85.9,85.9,-0.6,153,0.7283121077748209,63.3632,62.562,62.562,63.3632
2020-08-28,108006,9274222,85.6,86.3,85.6,85.8,-0.1,87,0.7283121077748209,62.3435,62.4892,62.3435,62.8533
2020-08-31,161011,13862551,86.5,86.9,85.6,85.6,-0.2,129,0.7283121077748209,62.999,62.3435,62.3435,63.2903
2020-09-01,294200,25358000,86.0,86.7,85.5,86.6,1.0,227,0.7283121077748209,62.6348,63.0718,62.2707,63.1447
2020-09-02,249815,21713150,86.6,87.1,86.6,86.9,0.3,196,0.7283121077748209,63.0718,63.2903,63.0718,63.436
2020-09-03,217200,18894100,87.4,87.4,86.4,86.4,-0.5,166,0.7283121077748209,63.6545,62.9262,62.9262,63.6545
2020-09-04,360300,31247300,85.5,87.3,85.4,86.5,0.1,287,0.7283121077748209,62.2707,62.999,62.1979,63.5816
2020-09-07,561650,47976079,86.0,86.2,84.6,85.0,-1.5,405,0.7283121077748209,62.6348,61.9065,61.6152,62.7805
2020-09-08,284530,24023150,84.9,85.2,83.8,84.7,-0.3,222,0.7283121077748209,61.8337,61.688,61.0326,62.0522
2020-09-09,172000,14474200,84.4,84.5,83.8,84.3,-0.4,134,0.7283121077748209,61.4695,61.3967,61.0326,61.5424
2020-09-10,153450,13001750,84.4,85.0,84.3,84.6,0.3,131,0.7283121077748209,61.4695,61.6152,61.3967,61.9065
2020-09-11,920000,77365100,84.6,84.7,83.0,84.2,-0.4,277,0.7283121077748209,61.6152,61.3239,60.4499,61.688
2020-09-14,1149600,97540420,84.2,85.3,83.8,85.0,0.8,455,0.7283121077748209,61.3239,61.9065,61.0326,62.125
2020-09-15,1365332,116812352,85.5,85.9,85.3,85.5,0.5,798,0.7283121077748209,62.2707,62.2707,62.125,62.562
2020-09-16,682750,55286623,81.2,81.4,80.7,80.7,0.0,455,0.7735488846552447,62.8122,62.4254,62.4254,62.9669
2020-09-17,526080,42588472,80.7,81.4,80.4,80.6,-0.1,294,0.7735488846552447,62.4254,62.348,62.1933,62.9669
2020-09-18,305381,24384624,80.4,80.4,79.5,79.5,-1.1,252,0.7735488846552447,62.1933,61.4971,61.4971,62.1933
2020-09-21,519000,40484700,79.4,79.4,77.2,78.0,-1.5,402,0.7735488846552447,61.4198,60.3368,59.718,61.4198
2020-09-22,297060,22793871,78.0,78.0,76.0,76.2,-1.8,250,0.7735488846552447,60.3368,58.9444,58.7897,60.3368
2020-09-23,489100,36424250,76.7,76.7,73.6,73.8,-2.4,360,0.7735488846552447,59.3312,57.0879,56.9332,59.3312
2020-09-24,517300,37146600,73.5,73.5,70.7,70.9,-2.9,412,0.7735488846552447,56.8558,54.8446,54.6899,56.8558
2020-09-25,552302,38457896,71.0,72.0,68.1,69.1,-1.8,376,0.7735488846552447,54.922,53.4522,52.6787,55.6955
2020-09-28,525000,36967700,70.3,71.2,69.3,70.2,1.1,332,0.7735488846552447,54.3805,54.3031,53.6069,55.0767
2020-09-29,203100,14152710,70.5,70.6,68.6,69.0,-1.2,153,0.7735488846552447,54.5352,53.3749,53.0655,54.6126
2020-09-30,104590,7293600,69.2,69.9,69.2,69.7,0.7,82,0.7735488846552447,53.5296,53.9164,53.5296,54.0711
2020-10-05,209000,14642400,69.1,70.3,69.1,70.2,0.5,123,0.7735488846552447,53.4522,54.3031,53.4522,54.3805
2020-10-06,218200,15534040,70.6,71.7,70.6,71.2,1.0,181,0.7735488846552447,54.6126,55.0767,54.6126,55.4635
2020-10-07,271300,19039210,70.5,70.6,70.0,70.1,-1.1,208,0.7735488846552447,54.5352,54.2258,54.1484,54.6126
2020-10-08,212000,14807500,70.2,70.2,69.5,69.7,-0.4,163,0.7735488846552447,54.3031,53.9164,53.7616,54.3031
2020-10-12,315300,21675800,69.8,69.9,68.1,68.3,-1.4,220,0.7735488846552447,53.9937,52.8334,52.6787,54.0711
2020-10-13,180300,12268490,68.6,68.8,67.7,67.8,-0.5,135,0.7735488846552447,53.0655,52.4466,52.3693,53.2202
2020-10-14,134000,9150000,68.4,68.4,68.1,68.2,0.4,107,0.7735488846552447,52.9107,52.756,52.6787,52.9107
2020-10-15,191400,12923800,68.1,68.2,67.1,67.4,-0.8,146,0.7735488846552447,52.6787,52.1372,51.9051,52.756
2020-10-16,151000,10224799,67.4,68.2,67.4,67.6,0.2,133,0.7735488846552447,52.1372,52.2919,52.1372,52.756
2020-10-19,171000,11705400,68.1,69.0,67.9,69.0,1.4,145,0.7735488846552447,52.6787,53.3749,52.524,53.3749
2020-10-20,307000,21418600,69.6,70.4,69.1,69.4,0.4,248,0.7735488846552447,53.839,53.6843,53.4522,54.4578
2020-10-21,168000,11671800,69.9,69.9,69.1,69.4,0.0,109,0.7735488846552447,54.0711,53.6843,53.4522,54.0711
2020-10-22,186500,13024050,69.2,70.2,69.2,70.0,0.6,164,0.7735488846552447,53.5296,54.1484,53.5296,54.3031
2020-10-23,690115,49691164,71.4,72.8,70.7,72.6,2.6,508,0.7735488846552447,55.2314,56.1596,54.6899,56.3144
2020-10-26,615200,45319852,72.7,74.4,72.4,73.5,0.9,420,0.7735488846552447,56.237,56.8558,56.0049,57.552
2020-10-27,223240,16249220,73.0,73.4,72.3,72.5,-1.0,163,0.7735488846552447,56.4691,56.0823,55.9276,56.7785
2020-10-28,216510,15641575,72.5,73.4,71.6,71.6,-0.9,149,0.7735488846552447,56.0823,55.3861,55.3861,56.7785
2020-10-29,134200,9487240,70.6,71.2,70.5,70.8,-0.8,111,0.7735488846552447,54.6126,54.7673,54.5352,55.0767
2020-10-30,125000,8839100,70.8,71.7,70.1,70.1,-0.7,91,0.7735488846552447,54.7673,54.2258,54.2258,55.4635
2020-11-02,83084,5813324,70.2,70.8,69.7,69.7,-0.4,74,0.7735488846552447,54.3031,53.9164,53.9164,54.7673
2020-11-03,133200,9438300,70.1,71.5,70.1,70.6,0.9,101,0.7735488846552447,54.2258,54.6126,54.2258,55.3087
2020-11-04,176051,12645512,71.3,72.7,70.9,71.8,1.2,135,0.7735488846552447,55.154,55.5408,54.8446,56.237
2020-11-05,103401,7427145,72.1,72.5,71.4,71.5,-0.3,74,0.7735488846552447,55.7729,55.3087,55.2314,56.0823
2020-11-06,125160,8986980,72.3,72.4,71.3,71.4,-0.1,94,0.7735488846552447,55.9276,55.2314,55.154,56.0049
2020-11-09,292020,21038350,71.4,72.9,71.4,72.0,0.6,187,0.7735488846552447,55.2314,55.6955,55.2314,56.3917
2020-11-10,160060,11543750,72.0,72.5,71.8,71.8,-0.2,128,0.7735488846552447,55.6955,55.5408,55.5408,56.0823
2020-11-11,169529,12229188,72.4,72.7,71.8,71.8,0.0,150,0.7735488846552447,56.0049,55.5408,55.5408,56.237
2020-11-12,88000,6333000,72.0,72.2,71.8,71.8,0.0,59,0.7735488846552447,55.6955,55.5408,55.5408,55.8502
2020-11-13,188028,13416310,71.8,71.8,71.0,71.3,-0.5,134,0.7735488846552447,55.5408,55.154,54.922,55.5408
2020-11-16,355000,25518000,71.7,73.2,71.4,71.4,0.1,242,0.7735488846552447,55.4635,55.2314,55.2314,56.6238
2020-11-17,295150,21045315,71.5,72.2,70.8,70.8,-0.6,223,0.7735488846552447,55.3087,54.7673,54.7673,55.8502
2020-11-18,234100,16566910,70.8,71.2,70.6,70.7,-0.1,167,0.7735488846552447,54.7673,54.6899,54.6126,55.0767
2020-11-19,250335,17707480,70.7,71.0,70.4,70.5,-0.2,183,0.7735488846552447,54.6899,54.5352,54.4578,54.922
2020-11-20,205034,14453114,70.5,70.7,70.3,70.4,-0.1,138,0.7735488846552447,54.5352,54.4578,54.3805,54.6899
2020-11-23,297110,20893586,70.4,70.8,70.1,70.2,-0.2,204,0.7735488846552447,54.4578,54.3031,54.2258,54.7673
2020-11-24,274842,19330131,70.5,70.8,70.2,70.2,0.0,192,0.7735488846552447,54.5352,54.3031,54.3031,54.7673
2020-11-25,379569,26651532,70.5,70.8,69.8,70.0,-0.2,256,0.7735488846552447,54.5352,54.1484,53.9937,54.7673
2020-11-26,461310,32333366,70.7,70.7,69.9,70.1,0.1,302,0.7735488846552447,54.6899,54.2258,54.0711,54.6899
2020-11-27,303500,21237727,70.0,70.2,69.8,70.0,-0.1,227,0.7735488846552447,54.1484,54.1484,53.9937,54.3031
2020-11-30,711528,49847776,70.5,70.5,69.9,69.9,-0.1,417,0.7735488846552447,54.5352,54.0711,54.0711,54.5352
2020-12-01,350698,24530063,70.0,70.5,69.7,69.8,-0.1,257,0.7735488846552447,54.1484,53.9937,53.9164,54.5352
2020-12-02,516122,35782538,69.9,70.0,68.9,69.1,-0.7,400,0.7735488846552447,54.0711,53.4522,53.2975,54.1484
2020-12-03,713700,49962849,69.7,70.7,69.3,69.9,0.8,379,0.7735488846552447,53.9164,54.0711,53.6069,54.6899
2020-12-04,257545,17913696,70.0,70.0,69.3,69.5,-0.4,182,0.7735488846552447,54.1484,53.7616,53.6069,54.1484
2020-12-07,316060,21972200,70.0,70.0,69.1,69.1,-0.4,217,0.7735488846552447,54.1484,53.4522,53.4522,54.1484
2020-12-08,285576,19613976,69.5,69.5,68.2,68.6,-0.5,230,0.7735488846552447,53.7616,53.0655,52.756,53.7616
2020-12-09,262106,18206273,69.3,70.0,68.8,70.0,1.4,224,0.7735488846552447,53.6069,54.1484,53.2202,54.1484
2020-12-10,211397,14702053,70.0,70.0,69.1,69.2,-0.8,168,0.7735488846552447,54.1484,53.5296,53.4522,54.1484
2020-12-11,338000,23177900,69.0,69.5,67.8,68.4,-0.8,207,0.7735488846552447,53.3749,52.9107,52.4466,53.7616
2020-12-14,111000,7666400,68.4,69.4,68.4,69.0,0.6,84,0.7735488846552447,52.9107,53.3749,52.9107,53.6843
2020-12-15,148240,10153764,69.0,69.2,68.2,68.3,-0.7,117,0.7735488846552447,53.3749,52.8334,52.756,53.5296
2020-12-16,100000,6848500,68.3,68.7,68.3,68.3,0.0,80,0.7735488846552447,52.8334,52.8334,52.8334,53.1428
2020-12-17,140524,9617992,68.7,68.7,68.3,68.4,0.1,108,0.7735488846552447,53.1428,52.9107,52.8334,53.1428
2020-12-18,175050,12087600,68.8,69.5,68.6,69.3,0.9,129,0.7735488846552447,53.2202,53.6069,53.0655,53.7616
2020-12-21,173768,11927160,69.3,69.3,68.3,68.5,-0.8,136,0.7735488846552447,53.6069,52.9881,52.8334,53.6069
2020-12-22,177360,12121816,68.4,68.6,68.0,68.0,-0.5,135,0.7735488846552447,52.9107,52.6013,52.6013,53.0655
2020-12-23,333489,22644975,68.0,68.4,67.6,67.8,-0.2,229,0.7735488846552447,52.6013,52.4466,52.2919,52.9107
2020-12-24,324200,21989900,67.8,68.0,67.7,67.8,0.0,198,0.7735488846552447,52.4466,52.4466,52.3693,52.6013
2020-12-25,276096,18771600,68.4,68.8,67.7,67.7,-0.1,173,0.7735488846552447,52.9107,52.3693,52.3693,53.2202
2020-12-28,329000,22364800,68.2,68.3,67.5,67.9,0.2,191,0.7735488846552447,52.756,52.524,52.2145,52.8334
2020-12-29,299169,20421070,68.2,68.6,67.9,67.9,0.0,187,0.7735488846552447,52.756,52.524,52.524,53.0655
2020-12-30,168500,11436800,68.2,68.2,67.7,67.8,-0.1,131,0.7735488846552447,52.756,52.4466,52.3693,52.756
2020-12-31,194410,13199660,68.4,68.4,67.7,68.0,0.2,143,0.7735488846552447,52.9107,52.6013,52.3693,52.9107
2021-01-04,409126,27801118,68.1,68.2,67.7,67.8,-0.2,284,0.7735488846552447,52.6787,52.4466,52.3693,52.756
2021-01-05,1235855,86173780,68.1,71.0,68.0,70.0,2.2,828,0.7735488846552447,52.6787,54.1484,52.6013,54.922
2021-01-06,769715,53126259,70.4,70.4,67.9,68.2,-1.8,523,0.7735488846552447,54.4578,52.756,52.524,54.4578
2021-01-07,435361,29982824,69.4,69.7,68.4,68.6,0.4,268,0.7735488846552447,53.6843,53.0655,52.9107,53.9164
2021-01-08,305190,20895532,68.8,69.0,68.2,68.2,-0.4,219,0.7735488846552447,53.2202,52.756,52.756,53.3749
2021-01-11,236981,16176153,68.5,68.5,68.0,68.3,0.1,180,0.7735488846552447,52.9881,52.8334,52.6013,52.9881
2021-01-12,333185,22602321,68.3,68.9,67.5,67.5,-0.8,260,0.7735488846552447,52.8334,52.2145,52.2145,53.2975
2021-01-13,298570,20179562,67.6,68.0,67.4,67.5,0.0,206,0.7735488846552447,52.2919,52.2145,52.1372,52.6013
2021-01-14,534613,36250660,67.6,68.5,67.5,67.7,0.2,325,0.7735488846552447,52.2919,52.3693,52.2145,52.9881
2021-01-15,543223,36487861,67.8,67.9,66.5,66.5,-1.2,347,0.7735488846552447,52.4466,51.441,51.441,52.524
2021-01-18,670906,43831192,66.5,66.5,65.0,65.0,-1.5,451,0.7735488846552447,51.441,50.2807,50.2807,51.441
2021-01-19,381679,24710007,65.1,65.2,64.6,64.6,-0.4,306,0.7735488846552447,50.358,49.9713,49.9713,50.4354
2021-01-20,1068511,68606424,64.6,66.4,62.5,66.3,1.7,780,0.7735488846552447,49.9713,51.2863,48.3468,51.3636
2021-01-21,4613758,329549267,68.2,72.9,68.1,72.9,6.6,2404,0.7735488846552447,52.756,56.3917,52.6787,56.3917
2021-01-22,7901361,583056553,73.8,76.3,72.0,75.0,2.1,4591,0.7735488846552447,57.0879,58.0162,55.6955,59.0218
2021-01-25,7027320,552733783,74.9,81.4,74.0,79.6,4.6,4473,0.7735488846552447,57.9388,61.5745,57.2426,62.9669
2021-01-26,3756864,299939964,78.8,81.6,78.0,78.2,-1.4,2822,0.7735488846552447,60.9557,60.4915,60.3368,63.1216
2021-01-27,5927926,481456545,78.6,83.3,78.6,81.2,3.0,3779,0.7735488846552447,60.8009,62.8122,60.8009,64.4366
2021-01-28,3759513,306870965,79.0,83.3,78.5,82.5,1.3,2708,0.7735488846552447,61.1104,63.8178,60.7236,64.4366
2021-01-29,3657645,298859048,82.8,83.9,79.5,79.7,-2.8,2477,0.7735488846552447,64.0498,61.6518,61.4971,64.9008
2021-02-01,1476834,116171666,78.7,80.6,77.8,78.5,-1.2,1108,0.7735488846552447,60.8783,60.7236,60.1821,62.348
2021-02-02,2347688,189097102,80.0,81.4,79.6,80.2,1.7,1348,0.7735488846552447,61.8839,62.0386,61.5745,62.9669
2021-02-03,1277980,103229127,81.1,82.0,79.5,79.6,-0.6,906,0.7735488846552447,62.7348,61.5745,61.4971,63.431
2021-02-04,5707062,475336251,83.5,84.9,82.1,82.4,2.8,3900,0.7735488846552447,64.5913,63.7404,63.5084,65.6743
2021-02-05,2876200,238692033,82.5,83.8,81.5,83.2,0.8,1756,0.7735488846552447,63.8178,64.3593,63.0442,64.8234
2021-02-17,4262336,357143289,84.8,85.2,82.5,84.5,1.3,2798,0.7735488846552447,65.5969,65.3649,63.8178,65.9064
2021-02-18,2055954,175591156,84.6,86.9,83.5,85.6,1.1,1533,0.7735488846552447,65.4422,66.2158,64.5913,67.2214
2021-02-19,1689813,146030236,85.0,87.2,84.8,87.0,1.4,1255,0.7735488846552447,65.7517,67.2988,65.5969,67.4535
2021-02-22,2599785,229502278,87.3,89.4,87.0,88.4,1.4,1735,0.7735488846552447,67.5308,68.3817,67.2988,69.1553
2021-02-23,1943014,174048394,88.4,90.3,88.1,90.3,1.9,1405,0.7735488846552447,68.3817,69.8515,68.1497,69.8515
2021-02-24,4374946,405798153,92.0,95.5,90.3,91.0,0.7,2973,0.7735488846552447,71.1665,70.3929,69.8515,73.8739
2021-02-25,1804369,164329899,92.6,93.2,90.0,90.5,-0.5,1320,0.7735488846552447,71.6306,70.0062,69.6194,72.0948
2021-02-26,1794318,162493007,88.6,91.7,88.4,91.2,0.7,1276,0.7735488846552447,68.5364,70.5477,68.3817,70.9344
2021-03-02,1584117,144606368,93.2,93.4,90.0,90.0,-1.2,1134,0.7735488846552447,72.0948,69.6194,69.6194,72.2495
2021-03-03,1645704,145777340,90.0,90.5,87.0,89.2,-0.8,1223,0.7735488846552447,69.6194,69.0006,67.2988,70.0062
2021-03-04,1091586,97721476,89.4,90.8,88.4,89.5,0.3,822,0.7735488846552447,69.1553,69.2326,68.3817,70.2382
2021-03-05,2158242,195560918,89.0,91.5,88.7,90.2,0.7,1325,0.7735488846552447,68.8459,69.7741,68.6138,70.7797
2021-03-08,1374729,122845367,91.2,91.5,87.6,87.6,-2.6,1046,0.7735488846552447,70.5477,67.7629,67.7629,70.7797
2021-03-09,2407576,216845349,87.9,91.6,87.7,91.3,3.7,1710,0.7735488846552447,67.9949,70.625,67.8402,70.8571
2021-03-10,1776998,163695390,92.8,93.1,91.2,91.4,0.1,1260,0.7735488846552447,71.7853,70.7024,70.5477,72.0174
2021-03-11,1381652,127196827,91.5,92.7,91.1,92.5,1.1,882,0.7735488846552447,70.7797,71.5533,70.4703,71.708
2021-03-12,923061,84232402,92.8,92.9,90.2,90.2,-2.3,769,0.7735488846552447,71.7853,69.7741,69.7741,71.8627
2021-03-15,1359454,122670326,90.0,91.5,88.8,91.0,0.8,1004,0.7735488846552447,69.6194,70.3929,68.6911,70.7797
2021-03-16,3500187,326415774,91.2,94.3,91.2,94.0,3.0,2245,0.7735488846552447,70.5477,72.7136,70.5477,72.9457
2021-03-17,1991925,185820506,94.5,94.5,92.0,92.4,-1.6,1411,0.7735488846552447,73.1004,71.4759,71.1665,73.1004
2021-03-18,2441774,228967036,92.7,95.0,92.4,93.4,1.0,1626,0.7735488846552447,71.708,72.2495,71.4759,73.4871
2021-03-19,1099680,101890892,92.9,93.3,92.0,92.5,-0.9,722,0.7735488846552447,71.8627,71.5533,71.1665,72.1721
2021-03-22,905705,82868479,92.5,92.5,91.0,91.2,-1.3,681,0.7735488846552447,71.5533,70.5477,70.3929,71.5533
2021-03-23,996324,90610315,91.4,92.0,90.3,90.3,-0.9,735,0.7735488846552447,70.7024,69.8515,69.8515,71.1665
2021-03-24,465979,42179129,90.4,91.3,90.1,90.5,0.2,375,0.7735488846552447,69.9288,70.0062,69.6968,70.625
2021-03-25,509513,45953022,91.0,91.4,89.5,89.5,-1.0,427,0.7735488846552447,70.3929,69.2326,69.2326,70.7024
2021-03-26,890399,80018127,89.8,90.7,89.5,89.7,0.2,598,0.7735488846552447,69.4647,69.3873,69.2326,70.1609
2021-03-29,697883,63299276,90.3,91.4,89.9,90.6,0.9,550,0.7735488846552447,69.8515,70.0835,69.542,70.7024
2021-03-30,827849,75761312,90.8,92.0,90.8,91.6,1.0,549,0.7735488846552447,70.2382,70.8571,70.2382,71.1665
2021-03-31,1734765,160492408,91.8,93.5,91.5,93.3,1.7,991,0.7735488846552447,71.0118,72.1721,70.7797,72.3268
2021-04-01,1354374,125615850,93.9,94.2,92.1,92.1,-1.2,967,0.7735488846552447,72.6362,71.2439,71.2439,72.8683
2021-04-06,1985647,184872171,93.9,94.0,92.4,92.6,0.5,1394,0.7735488846552447,72.6362,71.6306,71.4759,72.7136
2021-04-07,3961679,377257856,93.8,96.8,93.5,95.8,3.2,2881,0.7735488846552447,72.5589,74.106,72.3268,74.8795
2021-04-08,2071877,198622019,97.3,97.3,95.1,95.1,-0.7,1560,0.7735488846552447,75.2663,73.5645,73.5645,75.2663
2021-04-09,1750563,162890230,95.5,95.7,91.6,92.1,-3.0,1322,0.7735488846552447,73.8739,71.2439,70.8571,74.0286
2021-04-12,864131,79547949,92.7,93.0,91.2,92.0,-0.1,645,0.7735488846552447,71.708,71.1665,70.5477,71.94
2021-04-13,843796,77105532,93.0,93.0,90.1,90.1,-1.9,628,0.7735488846552447,71.94,69.6968,69.6968,71.94
2021-04-14,1075229,96831055,91.0,91.4,89.0,90.2,0.1,809,0.7735488846552447,70.3929,69.7741,68.8459,70.7024
2021-04-15,523832,47769589,90.3,91.8,90.3,91.0,0.8,411,0.7735488846552447,69.8515,70.3929,69.8515,71.0118
2021-04-16,478891,43525299,91.4,91.8,90.4,90.4,-0.6,372,0.7735488846552447,70.7024,69.9288,69.9288,71.0118
2021-04-19,511436,46190511,90.4,90.9,89.6,90.2,-0.2,388,0.7735488846552447,69.9288,69.7741,69.31,70.3156
2021-04-20,515150,46728139,90.2,91.0,90.1,91.0,0.8,404,0.7735488846552447,69.7741,70.3929,69.6968,70.3929
2021-04-21,715160,65297959,91.0,91.9,90.5,91.5,0.5,493,0.7735488846552447,70.3929,70.7797,70.0062,71.0891
2021-04-22,1127718,102186046,91.9,92.3,89.5,89.5,-2.0,823,0.7735488846552447,71.0891,69.2326,69.2326,71.3986
2021-04-23,425580,38346322,90.0,90.6,89.2,90.1,0.6,315,0.7735488846552447,69.6194,69.6968,69.0006,70.0835
2021-04-26,1061680,97084421,90.7,92.7,90.5,91.1,1.0,741,0.7735488846552447,70.1609,70.4703,70.0062,71.708
2021-04-27,1050168,96782796,91.7,92.7,91.1,92.2,1.1,777,0.7735488846552447,70.9344,71.3212,70.4703,71.708
2021-04-28,1343692,124610822,92.5,93.7,91.4,93.1,0.9,900,0.7735488846552447,71.5533,72.0174,70.7024,72.4815
2021-04-29,4164149,397410752,94.4,97.0,93.8,94.0,0.9,2795,0.7735488846552447,73.023,72.7136,72.5589,75.0342
2021-05-03,1960276,179962007,94.1,94.9,90.3,90.6,-3.4,1154,0.7735488846552447,72.791,70.0835,69.8515,73.4098
2021-05-04,1595695,138760941,91.2,91.3,83.3,86.8,-3.8,1159,0.7735488846552447,70.5477,67.144,64.4366,70.625
2021-05-05,985381,87438819,86.8,90.6,85.1,89.0,2.2,675,0.7735488846552447,67.144,68.8459,65.829,70.0835
2021-05-06,2714309,253247434,91.0,94.8,91.0,92.6,3.6,1871,0.7735488846552447,70.3929,71.6306,70.3929,73.3324
2021-05-07,1965496,186118204,93.9,96.0,93.1,95.0,2.4,1364,0.7735488846552447,72.6362,73.4871,72.0174,74.2607
2021-05-10,9725202,980578317,104.5,104.5,95.2,96.0,1.0,4874,0.7735488846552447,80.8359,74.2607,73.6419,80.8359
2021-05-11,3107894,291681107,94.0,96.0,91.4,93.0,-3.0,1822,0.7735488846552447,72.7136,71.94,70.7024,74.2607
2021-05-12,3232919,298283787,94.5,96.3,87.5,91.2,-1.8,2463,0.7735488846552447,73.1004,70.5477,67.6855,74.4928
2021-05-13,1788022,159547363,89.2,91.5,88.0,88.3,-2.9,1230,0.7735488846552447,69.0006,68.3044,68.0723,70.7797
2021-05-14,1234695,109425743,90.5,91.1,86.8,87.6,-0.7,955,0.7735488846552447,70.0062,67.7629,67.144,70.4703
2021-05-17,2159588,176827124,81.0,85.0,79.2,79.8,-7.8,1385,0.7735488846552447,62.6575,61.7292,61.2651,65.7517
2021-05-18,1382999,117639951,82.5,87.7,81.6,87.7,7.9,896,0.7735488846552447,63.8178,67.8402,63.1216,67.8402
2021-05-19,872286,76823580,87.3,89.3,86.1,88.5,0.8,631,0.7735488846552447,67.5308,68.4591,66.6026,69.0779
2021-05-20,568119,50181493,89.0,89.6,87.2,87.5,-1.0,454,0.7735488846552447,68.8459,67.6855,67.4535,69.31
2021-05-21,932090,83372500,89.0,90.3,88.6,89.1,1.6,529,0.7735488846552447,68.8459,68.9232,68.5364,69.8515
2021-05-24,1589473,146708308,88.5,93.8,88.4,93.5,4.4,1158,0.7735488846552447,68.4591,72.3268,68.3817,72.5589
2021-05-25,2066537,196891267,94.9,96.7,94.0,94.8,1.3,1369,0.7735488846552447,73.4098,73.3324,72.7136,74.8022
2021-05-26,1718454,165380668,96.7,97.5,95.1,95.3,0.5,1162,0.7735488846552447,74.8022,73.7192,73.5645,75.421
2021-05-27,4257124,421093597,96.4,100.5,95.5,100.0,4.7,3002,0.7735488846552447,74.5701,77.3549,73.8739,77.7417
2021-05-28,8425300,879390207,102.5,109.5,99.7,105.5,5.5,5298,0.7735488846552447,79.2888,81.6094,77.1228,84.7036
2021-05-31,6909541,744603691,108.0,110.0,104.5,109.5,4.0,4325,0.7735488846552447,83.5433,84.7036,80.8359,85.0904
2021-06-01,6006098,670182369,108.5,114.0,107.5,113.5,4.0,3900,0.7735488846552447,83.9301,87.7978,83.1565,88.1846
2021-06-02,6238758,722190881,114.0,119.0,113.0,117.5,4.0,4103,0.7735488846552447,88.1846,90.892,87.411,92.0523
2021-06-03,12139408,1524284113,118.0,129.0,118.0,129.0,11.5,6920,0.7735488846552447,91.2788,99.7878,91.2788,99.7878
2021-06-04,12087639,1546745469,128.0,134.5,123.0,129.0,0.0,7969,0.7735488846552447,99.0143,99.7878,95.1465,104.0423
2021-06-07,8666687,1117575738,129.5,134.5,122.0,134.0,5.0,5858,0.7735488846552447,100.1746,103.6556,94.373,104.0423
2021-06-08,9370502,1208216782,135.0,135.0,125.0,126.5,-7.5,6262,0.7735488846552447,104.4291,97.8539,96.6936,104.4291
2021-06-09,6475012,833232281,126.5,132.0,124.0,129.5,3.0,4201,0.7735488846552447,97.8539,100.1746,95.9201,102.1085
2021-06-10,5337840,694883619,131.0,133.0,127.0,129.5,0.0,3196,0.7735488846552447,101.3349,100.1746,98.2407,102.882
2021-06-11,15825507,2226228203,132.0,142.0,130.0,142.0,12.5,5856,0.7735488846552447,102.1085,109.8439,100.5614,109.8439
2021-06-15,11825425,1677051363,143.0,146.5,138.0,138.5,-3.5,6937,0.7735488846552447,110.6175,107.1365,106.7497,113.3249
2021-06-16,12086690,1783092170,140.0,151.5,139.5,149.5,11.0,7386,0.7735488846552447,108.2968,115.6456,107.9101,117.1927
2021-06-17,6295546,933247208,150.5,152.5,145.0,149.5,0.0,4240,0.7735488846552447,116.4191,115.6456,112.1646,117.9662
2021-06-18,11037292,1649931337,150.5,157.5,141.0,142.0,0.0,7904,0.7904686141897408,118.9655,112.2465,111.4561,124.4988
2021-06-21,4886039,703892149,140.5,148.5,139.5,143.0,1.0,3667,0.7904686141897408,111.0608,113.037,110.2704,117.3846
2021-06-22,6147975,882801442,148.0,150.0,138.0,139.5,-3.5,4429,0.7904686141897408,116.9894,110.2704,109.0847,118.5703
2021-06-23,9481469,1394779264,140.5,152.5,138.5,150.5,11.0,5933,0.7904686141897408,111.0608,118.9655,109.4799,120.5465
2021-06-24,7883758,1139022015,150.0,151.0,141.5,144.0,-6.5,5315,0.7904686141897408,118.5703,113.8275,111.8513,119.3608
2021-06-25,6189231,880016128,146.0,148.0,138.0,140.5,-3.5,4513,0.7904686141897408,115.4084,111.0608,109.0847,116.9894
2021-06-28,3323444,469930271,141.5,144.0,138.5,141.5,1.0,2261,0.7904686141897408,111.8513,111.8513,109.4799,113.8275
2021-06-29,12156157,1793676726,142.5,155.0,139.5,144.0,2.5,8088,0.7904686141897408,112.6418,113.8275,110.2704,122.5226
2021-06-30,4265475,620371138,146.5,149.0,143.5,143.5,-0.5,2861,0.7904686141897408,115.8037,113.4322,113.4322,117.7798
2021-07-01,4524791,660512662,144.5,149.0,142.0,146.0,2.5,3213,0.7904686141897408,114.2227,115.4084,112.2465,117.7798
2021-07-02,14852075,2302699647,149.0,160.5,148.0,160.5,14.5,9718,0.7904686141897408,117.7798,126.8702,116.9894,126.8702
2021-07-05,14647646,2369826010,165.0,169.0,154.5,163.0,2.5,9830,0.7904686141897408,130.4273,128.8464,122.1274,133.5892
2021-07-06,11034020,1860632477,167.0,175.0,164.0,167.5,4.5,7737,0.7904686141897408,132.0083,132.4035,129.6369,138.332
2021-07-07,8939717,1521814973,168.0,174.0,165.5,173.0,5.5,6230,0.7904686141897408,132.7987,136.7511,130.8226,137.5415
2021-07-08,10945597,1915113378,174.0,182.0,169.0,173.5,0.5,8016,0.7904686141897408,137.5415,137.1463,133.5892,143.8653
2021-07-09,5916374,1038613576,171.5,179.5,170.0,177.5,4.0,4500,0.7904686141897408,135.5654,140.3082,134.3797,141.8891
2021-07-12,6182150,1102661438,180.5,181.5,175.0,179.0,1.5,4802,0.7904686141897408,142.6796,141.4939,138.332,143.4701
2021-07-13,9319555,1683287905,181.5,188.0,171.0,174.5,-4.5,6740,0.7904686141897408,143.4701,137.9368,135.1701,148.6081
2021-07-14,4958902,877977995,177.0,181.0,172.0,176.0,1.5,3398,0.7904686141897408,139.9129,139.1225,135.9606,143.0748
2021-07-15,3867230,685561859,179.5,181.0,174.0,177.5,1.5,2795,0.7904686141897408,141.8891,140.3082,137.5415,143.0748
2021-07-16,10143868,1889312177,179.0,194.0,178.0,186.0,8.5,6954,0.7904686141897408,141.4939,147.0272,140.7034,153.3509
2021-07-19,6504470,1219269555,187.0,193.0,183.5,185.0,-1.0,4712,0.7904686141897408,147.8176,146.2367,145.051,152.5604
2021-07-20,6437951,1153909834,183.0,186.5,173.5,176.0,-9.0,4844,0.7904686141897408,144.6558,139.1225,137.1463,147.4224
2021-07-21,4384408,795802495,181.0,185.0,178.5,180.5,4.5,3231,0.7904686141897408,143.0748,142.6796,141.0986,146.2367
2021-07-22,2628695,479605457,184.0,185.0,180.0,182.0,1.5,1954,0.7904686141897408,145.4462,143.8653,142.2844,146.2367
2021-07-23,5928483,1070525523,185.5,189.0,173.0,176.5,-5.5,4399,0.7904686141897408,146.6319,139.5177,136.7511,149.3986
2021-07-26,4313394,790533294,178.0,187.5,176.5,183.5,7.0,3156,0.7904686141897408,140.7034,145.051,139.5177,148.2129
2021-07-27,4020041,720544255,185.0,186.5,175.0,175.0,-8.5,2929,0.7904686141897408,146.2367,138.332,138.332,147.4224
2021-07-28,4466029,758772157,174.5,177.0,160.5,172.0,-3.0,3087,0.7904686141897408,137.9368,135.9606,126.8702,139.9129
2021-07-29,2769615,484915325,176.0,178.5,169.5,177.5,5.5,2010,0.7904686141897408,139.1225,140.3082,133.9844,141.0986
2021-07-30,3477371,605048585,177.5,180.5,169.0,169.5,-8.0,2468,0.7904686141897408,140.3082,133.9844,133.5892,142.6796
2021-08-02,2731175,469013652,172.5,175.5,167.0,174.0,4.5,1811,0.7904686141897408,136.3558,137.5415,132.0083,138.7272
2021-08-03,1286440,223404094,174.5,176.5,171.5,172.0,-2.0,933,0.7904686141897408,137.9368,135.9606,135.5654,139.5177
2021-08-04,2264118,388057632,173.0,176.5,168.0,169.5,-2.5,1528,0.7904686141897408,136.7511,133.9844,132.7987,139.5177
2021-08-05,1719302,294519245,171.0,174.0,169.0,170.0,0.5,1221,0.7904686141897408,135.1701,134.3797,133.5892,137.5415
2021-08-06,4508452,740933576,163.0,169.5,162.0,164.0,-6.0,3130,0.7904686141897408,128.8464,129.6369,128.0559,133.9844
2021-08-09,1999289,328985311,164.0,168.0,161.5,165.0,1.0,1488,0.7904686141897408,129.6369,130.4273,127.6607,132.7987
2021-08-10,1639200,267658869,166.0,166.5,160.5,162.0,-3.0,1214,0.7904686141897408,131.2178,128.0559,126.8702,131.613
2021-08-11,2204629,355243916,163.0,165.5,157.0,160.0,-2.0,1548,0.7904686141897408,128.8464,126.475,124.1036,130.8226
2021-08-12,1806182,296810341,161.0,167.5,160.5,166.0,6.0,1341,0.7904686141897408,127.2654,131.2178,126.8702,132.4035
2021-08-13,2192719,352674399,165.5,166.0,157.5,159.0,-7.0,1613,0.7904686141897408,130.8226,125.6845,124.4988,131.2178
2021-08-16,4211117,646582313,158.5,161.5,147.5,158.0,-1.0,2725,0.7904686141897408,125.2893,124.894,116.5941,127.6607
2021-08-17,2664458,417558620,161.5,163.5,149.5,149.5,-8.5,1994,0.7904686141897408,127.6607,118.1751,118.1751,129.2416
2021-08-18,2710093,418704483,148.0,161.0,148.0,159.5,10.0,2022,0.7904686141897408,116.9894,126.0797,116.9894,127.2654
2021-08-19,1765261,277096594,158.0,161.5,151.5,151.5,-8.0,1414,0.7904686141897408,124.894,119.756,119.756,127.6607
2021-08-20,1476149,226840315,154.0,157.0,151.0,151.5,0.0,1156,0.7904686141897408,121.7322,119.756,119.3608,124.1036
2021-08-23,2233926,350134252,155.0,160.5,153.0,159.5,8.0,1587,0.7904686141897408,122.5226,126.0797,120.9417,126.8702
2021-08-24,2190701,343041649,161.0,161.5,153.5,154.5,-5.0,1703,0.7904686141897408,127.2654,122.1274,121.3369,127.6607
2021-08-25,1468936,232594055,156.0,161.0,155.0,158.5,4.0,1147,0.7904686141897408,123.3131,125.2893,122.5226,127.2654
2021-08-26,3608754,581891812,164.0,166.5,157.0,157.5,-1.0,2607,0.7904686141897408,129.6369,124.4988,124.1036,131.613
2021-08-27,2507161,385377715,157.5,158.5,150.0,150.5,-7.0,1861,0.7904686141897408,124.4988,118.9655,118.5703,125.2893
2021-08-30,892653,135951716,153.0,154.5,150.5,151.5,1.0,703,0.7904686141897408,120.9417,119.756,118.9655,122.1274
2021-08-31,886832,134301968,152.5,153.0,149.0,151.0,-0.5,637,0.7904686141897408,120.5465,119.3608,117.7798,120.9417
2021-09-01,948111,143270022,151.0,153.0,149.5,153.0,2.0,744,0.7904686141897408,119.3608,120.9417,118.1751,120.9417
2021-09-02,1587541,240709808,152.0,155.0,148.0,148.5,-4.5,1287,0.7904686141897408,120.1512,117.3846,116.9894,122.5226
2021-09-03,1580355,232735074,150.0,151.0,144.5,146.0,-2.5,1238,0.7904686141897408,118.5703,115.4084,114.2227,119.3608
2021-09-06,2195684,329471558,150.0,153.5,146.0,146.5,0.5,1725,0.7904686141897408,118.5703,115.8037,115.4084,121.3369
2021-09-07,1745300,249745673,147.0,148.0,140.5,142.0,-4.5,1309,0.7904686141897408,116.1989,112.2465,111.0608,116.9894
2021-09-08,1359491,192146690,143.5,145.0,139.0,139.0,-3.0,1015,0.7904686141897408,113.4322,109.8751,109.8751,114.6179
2021-09-09,943966,134659064,140.0,144.5,139.0,144.0,5.0,742,0.7904686141897408,110.6656,113.8275,109.8751,114.2227
2021-09-10,1389800,197219436,142.5,146.0,139.5,141.5,-2.5,1094,0.7904686141897408,112.6418,111.8513,110.2704,115.4084
2021-09-13,420116,59563143,140.0,143.0,140.0,141.0,-0.5,325,0.7904686141897408,110.6656,111.4561,110.6656,113.037
2021-09-14,384993,54140210,142.0,142.0,139.5,139.5,-1.5,334,0.7904686141897408,112.2465,110.2704,110.2704,112.2465
2021-09-15,1374727,187027969,139.5,140.0,133.5,135.5,-4.0,1047,0.7904686141897408,110.2704,107.1085,105.5276,110.6656
2021-09-16,1452096,204462062,137.0,143.5,137.0,141.5,6.0,1171,0.7904686141897408,108.2942,111.8513,108.2942,113.4322
2021-09-17,1807366,261454126,143.0,147.5,140.0,146.5,5.0,1489,0.7904686141897408,113.037,115.8037,110.6656,116.5941
2021-09-22,1341404,191078673,142.0,145.5,140.5,141.0,-5.5,1043,0.7904686141897408,112.2465,111.4561,111.0608,115.0132
2021-09-23,2820078,419305415,143.5,152.0,143.5,150.0,9.0,2327,0.7904686141897408,113.4322,118.5703,113.4322,120.1512
2021-09-24,3848901,571925902,153.0,153.5,146.5,148.0,-2.0,3269,0.7904686141897408,120.9417,116.9894,115.8037,121.3369
2021-09-27,1964938,282801010,148.0,148.5,141.0,142.0,-6.0,1659,0.7904686141897408,116.9894,112.2465,111.4561,117.3846
2021-09-28,2730221,370918845,139.5,139.5,133.0,135.0,-7.0,2109,0.7904686141897408,110.2704,106.7133,105.1323,110.2704
2021-09-29,1948411,251398491,130.0,132.5,126.5,127.5,-7.5,1574,0.7904686141897408,102.7609,100.7847,99.9943,104.7371
2021-09-30,1297839,169005945,128.5,132.5,127.0,132.0,4.5,1026,0.7904686141897408,101.5752,104.3419,100.3895,104.7371
2021-10-01,1439629,185499688,131.5,131.5,127.0,128.0,-4.0,1115,0.7904686141897408,103.9466,101.18,100.3895,103.9466
2021-10-04,1340851,168994892,129.0,130.5,123.0,123.5,-4.5,987,0.7904686141897408,101.9705,97.6229,97.2276,103.1562
2021-10-05,1831872,228046139,119.0,129.0,118.0,129.0,5.5,1628,0.7904686141897408,94.0658,101.9705,93.2753,101.9705
2021-10-06,1401568,174166289,131.0,131.0,120.5,121.5,-7.5,1296,0.7904686141897408,103.5514,96.0419,95.2515,103.5514
2021-10-07,1162198,146518336,122.0,128.0,122.0,127.5,6.0,916,0.7904686141897408,96.4372,100.7847,96.4372,101.18
2021-10-08,773460,97736696,128.5,129.0,124.5,125.0,-2.5,564,0.7904686141897408,101.5752,98.8086,98.4133,101.9705
2021-10-12,813815,99913375,123.0,126.0,121.0,122.5,-2.5,640,0.7904686141897408,97.2276,96.8324,95.6467,99.599
2021-10-13,683707,83089093,124.0,125.5,120.0,120.0,-2.5,838,0.7904686141897408,98.0181,94.8562,94.8562,99.2038
2021-10-14,878581,108621382,121.5,125.5,121.5,124.5,4.5,724,0.7904686141897408,96.0419,98.4133,96.0419,99.2038
2021-10-15,546270,69140547,127.5,128.0,125.5,126.0,1.5,612,0.7904686141897408,100.7847,99.599,99.2038,101.18
2021-10-18,466802,57502480,127.0,127.0,121.0,122.0,-4.0,570,0.7904686141897408,100.3895,96.4372,95.6467,100.3895
2021-10-19,1325805,169287405,123.5,129.0,123.5,127.0,5.0,1104,0.7904686141897408,97.6229,100.3895,97.6229,101.9705
2021-10-20,729737,92318373,129.0,129.0,124.5,125.5,-1.5,609,0.7904686141897408,101.9705,99.2038,98.4133,101.9705
2021-10-21,698964,88904791,125.5,129.5,125.5,125.5,0.0,597,0.7904686141897408,99.2038,99.2038,99.2038,102.3657
2021-10-22,809264,103240230,126.0,129.5,125.0,128.0,2.5,655,0.7904686141897408,99.599,101.18,98.8086,102.3657
2021-10-25,973866,122206583,128.0,128.0,124.5,125.0,-3.0,899,0.7904686141897408,101.18,98.8086,98.4133,101.18
2021-10-26,1133795,144961422,126.5,129.5,126.0,126.5,1.5,921,0.7904686141897408,99.9943,99.9943,99.599,102.3657
2021-10-27,1593425,205909311,127.0,131.5,126.0,130.0,3.5,1207,0.7904686141897408,100.3895,102.7609,99.599,103.9466
2021-10-28,2047172,266381408,130.0,132.5,127.5,129.0,-1.0,1601,0.7904686141897408,102.7609,101.9705,100.7847,104.7371
2021-10-29,1431444,182202108,129.5,129.5,126.0,126.5,-2.5,934,0.7904686141897408,102.3657,99.9943,99.599,102.3657
2021-11-01,1374233,178490788,127.0,131.5,126.5,130.5,4.0,1040,0.7904686141897408,100.3895,103.1562,99.9943,103.9466
2021-11-02,1570021,202136886,131.0,132.5,126.0,126.0,-4.5,1239,0.7904686141897408,103.5514,99.599,99.599,104.7371
2021-11-03,1085585,139918307,127.5,131.5,125.5,129.5,3.5,823,0.7904686141897408,100.7847,102.3657,99.2038,103.9466
2021-11-04,5180837,709742595,131.5,141.5,130.5,137.5,8.0,3995,0.7904686141897408,103.9466,108.6894,103.1562,111.8513
2021-11-05,5017263,674956625,138.0,142.0,131.5,132.5,-5.0,4090,0.7904686141897408,109.0847,104.7371,103.9466,112.2465
2021-11-08,2762565,353538072,131.0,131.5,126.5,127.0,-5.5,2271,0.7904686141897408,103.5514,100.3895,99.9943,103.9466
2021-11-09,1374492,176610235,128.5,130.5,127.0,128.0,1.0,1039,0.7904686141897408,101.5752,101.18,100.3895,103.1562
2021-11-10,957672,123976566,129.0,131.0,127.5,130.0,2.0,809,0.7904686141897408,101.9705,102.7609,100.7847,103.5514
2021-11-11,1154609,150558039,130.0,132.5,128.5,129.0,-1.0,890,0.7904686141897408,102.7609,101.9705,101.5752,104.7371
2021-11-12,787479,102732025,131.0,132.0,129.0,129.5,0.5,641,0.7904686141897408,103.5514,102.3657,101.9705,104.3419
2021-11-15,2286266,304432971,130.0,136.5,128.5,134.0,4.5,1750,0.7904686141897408,102.7609,105.9228,101.5752,107.899
2021-11-16,3593215,487673267,136.0,139.0,131.5,138.0,4.0,2919,0.7904686141897408,107.5037,109.0847,103.9466,109.8751
2021-11-17,5749879,813161101,140.0,145.0,138.0,139.5,1.5,4522,0.7904686141897408,110.6656,110.2704,109.0847,114.6179
2021-11-18,3643791,511642401,140.0,144.0,137.0,138.0,-1.5,2712,0.7904686141897408,110.6656,109.0847,108.2942,113.8275
2021-11-19,1859375,255322539,138.5,140.0,135.5,135.5,-2.5,1571,0.7904686141897408,109.4799,107.1085,107.1085,110.6656
2021-11-22,745617,101311423,135.0,136.5,134.5,136.0,0.5,645,0.7904686141897408,106.7133,107.5037,106.318,107.899
2021-11-23,1263055,167689303,134.5,135.0,131.0,131.0,-5.0,1173,0.7904686141897408,106.318,103.5514,103.5514,106.7133
2021-11-24,1529668,205874973,132.0,136.5,131.5,136.0,5.0,1216,0.7904686141897408,104.3419,107.5037,103.9466,107.899
2021-11-25,3888697,541729299,136.0,142.0,136.0,138.5,2.5,3100,0.7904686141897408,107.5037,109.4799,107.5037,112.2465
2021-11-26,2457414,333434944,140.0,140.0,133.0,133.5,-5.0,2044,0.7904686141897408,110.6656,105.5276,105.1323,110.6656
2021-11-29,1649199,215251178,130.0,133.0,127.5,131.5,-2.0,1333,0.7904686141897408,102.7609,103.9466,100.7847,105.1323
2021-11-30,917963,122918123,133.0,135.0,133.0,134.5,3.0,818,0.7904686141897408,105.1323,106.318,105.1323,106.7133
2021-12-01,670388,88919017,133.0,134.0,131.5,132.5,-2.0,758,0.7904686141897408,105.1323,104.7371,103.9466,105.9228
2021-12-02,1111292,145364797,132.5,134.0,129.5,129.5,-3.0,1199,0.7904686141897408,104.7371,102.3657,102.3657,105.9228
2021-12-03,797918,104130775,130.0,131.5,129.5,130.5,1.0,605,0.7904686141897408,102.7609,103.1562,102.3657,103.9466
2021-12-06,492480,64463789,130.5,132.0,129.5,131.0,0.5,432,0.7904686141897408,103.1562,103.5514,102.3657,104.3419
2021-12-07,997232,131909465,132.0,134.0,130.0,131.0,0.0,797,0.7904686141897408,104.3419,103.5514,102.7609,105.9228
2021-12-08,510411,67181388,132.5,133.0,131.0,131.5,0.5,539,0.7904686141897408,104.7371,103.9466,103.5514,105.1323
2021-12-09,542600,71140052,132.0,133.0,130.0,130.0,-1.5,476,0.7904686141897408,104.3419,102.7609,102.7609,105.1323
2021-12-10,667376,86089952,129.5,130.0,128.5,128.5,-1.5,563,0.7904686141897408,102.3657,101.5752,101.5752,102.7609
2021-12-13,653969,83477187,129.0,130.0,127.0,127.0,-1.5,609,0.7904686141897408,101.9705,100.3895,100.3895,102.7609
2021-12-14,870329,107957554,126.5,126.5,123.0,123.0,-4.0,788,0.7904686141897408,99.9943,97.2276,97.2276,99.9943
2021-12-15,339382,42138880,123.5,125.0,123.0,124.5,1.5,295,0.7904686141897408,97.6229,98.4133,97.2276,98.8086
2021-12-16,390803,49189028,126.5,127.0,125.0,126.5,2.0,567,0.7904686141897408,99.9943,99.9943,98.8086,100.3895
2021-12-17,403573,50327082,125.5,126.0,123.5,124.5,-2.0,384,0.7904686141897408,99.2038,98.4133,97.6229,99.599
2021-12-20,353480,43618595,125.5,125.5,122.5,123.5,-1.0,332,0.7904686141897408,99.2038,97.6229,96.8324,99.2038
2021-12-21,1155382,148140875,123.5,131.0,123.5,131.0,7.5,864,0.7904686141897408,97.6229,103.5514,97.6229,103.5514
2021-12-22,5340226,722584314,131.5,138.5,131.0,135.5,4.5,4068,0.7904686141897408,103.9466,107.1085,103.5514,109.4799
2021-12-23,2183388,296765881,135.5,137.5,134.5,134.5,-1.0,2457,0.7904686141897408,107.1085,106.318,106.318,108.6894
2021-12-24,1210639,162604430,136.5,136.5,132.5,132.5,-2.0,1431,0.7904686141897408,107.899,104.7371,104.7371,107.899
2021-12-27,1387888,188859322,134.5,138.0,134.0,135.0,2.5,1408,0.7904686141897408,106.318,106.7133,105.9228,109.0847
2021-12-28,787825,105391212,136.0,136.5,132.5,133.0,-2.0,722,0.7904686141897408,107.5037,105.1323,104.7371,107.899
2021-12-29,480837,63604468,133.0,133.5,131.5,132.0,-1.0,451,0.7904686141897408,105.1323,104.3419,103.9466,105.5276
2021-12-30,495125,66027762,133.5,134.0,132.5,133.5,1.5,409,0.7904686141897408,105.5276,105.5276,104.7371,105.9228
2022-01-03,1654073,224974213,134.0,137.5,134.0,137.0,3.5,1242,0.7904686141897408,105.9228,108.2942,105.9228,108.6894
2022-01-04,1231968,165935692,137.5,138.0,132.5,133.0,-4.0,2165,0.7904686141897408,108.6894,105.1323,104.7371,109.0847
2022-01-05,549587,73130057,134.0,135.5,132.0,132.0,-1.0,574,0.7904686141897408,105.9228,104.3419,104.3419,107.1085
2022-01-06,862212,112169245,131.0,132.5,128.0,129.0,-3.0,820,0.7904686141897408,103.5514,101.9705,101.18,104.7371
2022-01-07,1055809,133519706,130.5,130.5,124.5,126.0,-3.0,948,0.7904686141897408,103.1562,99.599,98.4133,103.1562
2022-01-10,412703,52202412,125.0,128.0,124.5,127.0,1.0,339,0.7904686141897408,98.8086,100.3895,98.4133,101.18
2022-01-11,471028,59302982,128.0,128.0,125.0,125.5,-1.5,397,0.7904686141897408,101.18,99.2038,98.8086,101.18
2022-01-12,705168,87212884,126.5,126.5,123.0,123.0,-2.5,831,0.7904686141897408,99.9943,97.2276,97.2276,99.9943
2022-01-13,497266,61197153,123.5,124.5,122.0,122.5,-0.5,430,0.7904686141897408,97.6229,96.8324,96.4372,98.4133
2022-01-14,1164650,138649857,122.5,122.5,118.0,119.5,-3.0,948,0.7904686141897408,96.8324,94.461,93.2753,96.8324
2022-01-17,348702,42305727,119.5,123.0,119.5,123.0,3.5,315,0.7904686141897408,94.461,97.2276,94.461,97.2276
2022-01-18,311640,38468120,123.0,125.0,122.0,122.0,-1.0,308,0.7904686141897408,97.2276,96.4372,96.4372,98.8086
2022-01-19,255230,30816356,120.0,121.5,120.0,120.5,-1.5,231,0.7904686141897408,94.8562,95.2515,94.8562,96.0419
2022-01-20,403517,49264099,121.5,124.0,120.5,123.0,2.5,372,0.7904686141897408,96.0419,97.2276,95.2515,98.0181
2022-01-21,569054,68221301,120.5,121.5,119.0,119.0,-4.0,516,0.7904686141897408,95.2515,94.0658,94.0658,96.0419
2022-01-24,652601,75926841,117.5,118.0,115.0,116.0,-3.0,571,0.7904686141897408,92.8801,91.6944,90.9039,93.2753
2022-01-25,1047200,117976983,115.0,116.5,111.0,111.0,-5.0,914,0.7904686141897408,90.9039,87.742,87.742,92.0896
2022-01-26,451833,50488521,109.5,113.0,109.5,112.5,1.5,400,0.7904686141897408,86.5563,88.9277,86.5563,89.323
2022-02-07,390490,44791484,114.5,116.5,113.0,116.0,3.5,336,0.7904686141897408,90.5087,91.6944,89.323,92.0896
2022-02-08,444808,53110007,116.0,120.5,115.5,120.5,4.5,416,0.7904686141897408,91.6944,95.2515,91.2991,95.2515
2022-02-09,510976,62088756,121.0,123.5,120.5,123.5,3.0,502,0.7904686141897408,95.6467,97.6229,95.2515,97.6229
2022-02-10,514306,62471155,122.5,122.5,120.5,121.5,-2.0,424,0.7904686141897408,96.8324,96.0419,95.2515,96.8324
2022-02-11,250210,30461481,120.0,122.5,119.5,122.0,0.5,235,0.7904686141897408,94.8562,96.4372,94.461,96.8324
2022-02-14,751595,89215938,120.0,120.5,117.5,118.5,-3.5,527,0.7904686141897408,94.8562,93.6705,92.8801,95.2515
2022-02-15,427549,51677082,119.0,122.5,119.0,120.0,1.5,369,0.7904686141897408,94.0658,94.8562,94.0658,96.8324
2022-02-16,386650,47253180,122.5,123.0,121.5,121.5,1.5,747,0.7904686141897408,96.8324,96.0419,96.0419,97.2276
2022-02-17,278473,33855067,122.0,122.5,120.5,121.0,-0.5,227,0.7904686141897408,96.4372,95.6467,95.2515,96.8324
2022-02-18,286764,34994076,119.5,123.0,119.5,123.0,2.0,245,0.7904686141897408,94.461,97.2276,94.461,97.2276
2022-02-21,212750,25919211,122.0,122.5,121.5,122.0,-1.0,177,0.7904686141897408,96.4372,96.4372,96.0419,96.8324
2022-02-22,563678,66817266,121.0,121.5,117.0,117.5,-4.5,535,0.7904686141897408,95.6467,92.8801,92.4848,96.0419
2022-02-23,365299,43969431,118.5,121.5,118.0,121.0,3.5,315,0.7904686141897408,93.6705,95.6467,93.2753,96.0419
2022-02-24,656527,77412814,121.0,121.0,116.0,116.5,-4.5,559,0.7904686141897408,95.6467,92.0896,91.6944,95.6467
2022-02-25,279100,32846289,119.0,119.0,117.0,117.5,1.0,239,0.7904686141897408,94.0658,92.8801,92.4848,94.0658
2022-03-01,185708,22103475,119.0,120.0,118.0,119.5,2.0,191,0.7904686141897408,94.0658,94.461,93.2753,94.8562
2022-03-02,209327,24771095,119.5,119.5,117.5,118.5,-1.0,216,0.7904686141897408,94.461,93.6705,92.8801,94.461
2022-03-03,389842,46045094,120.0,120.0,117.0,117.5,-1.0,326,0.7904686141897408,94.8562,92.8801,92.4848,94.8562
2022-03-04,239689,28149700,117.5,118.0,117.0,117.0,-0.5,215,0.7904686141897408,92.8801,92.4848,92.4848,93.2753
2022-03-07,589932,67791562,117.0,117.0,113.5,114.5,-2.5,522,0.7904686141897408,92.4848,90.5087,89.7182,92.4848
2022-03-08,542829,61020143,113.0,115.0,110.5,111.0,-3.5,508,0.7904686141897408,89.323,87.742,87.3468,90.9039
2022-03-09,369436,41441822,113.0,113.0,111.5,112.0,1.0,272,0.7904686141897408,89.323,88.5325,88.1373,89.323
2022-03-10,356094,41229790,114.5,117.0,114.5,115.5,3.5,320,0.7904686141897408,90.5087,91.2991,90.5087,92.4848
2022-03-11,302738,34448497,115.0,115.5,113.0,114.0,-1.5,473,0.7904686141897408,90.9039,90.1134,89.323,91.2991
2022-03-14,267311,30144194,114.0,114.0,112.0,112.5,-1.5,244,0.7904686141897408,90.1134,88.9277,88.5325,90.1134
2022-03-15,774626,84440101,112.5,112.5,107.5,108.0,-4.5,644,0.7904686141897408,88.9277,85.3706,84.9754,88.9277
2022-03-16,428590,46025762,110.0,110.0,106.0,106.5,-1.5,382,0.7904686141897408,86.9515,84.1849,83.7897,86.9515
2022-03-17,420797,46462295,109.0,111.5,109.0,111.5,5.0,352,0.7904686141897408,86.1611,88.1373,86.1611,88.1373
2022-03-18,284322,31629142,111.0,112.5,110.0,112.5,1.0,233,0.7904686141897408,87.742,88.9277,86.9515,88.9277
2022-03-21,339975,38622462,113.0,114.5,113.0,113.5,1.0,247,0.7904686141897408,89.323,89.7182,89.323,90.5087
2022-03-22,429281,48121589,113.5,113.5,111.0,112.0,-1.5,375,0.7904686141897408,89.7182,88.5325,87.742,89.7182
2022-03-23,532832,61011075,113.5,115.5,113.0,115.0,3.0,443,0.7904686141897408,89.7182,90.9039,89.323,91.2991
2022-03-24,322972,37053079,115.0,115.5,114.0,114.5,-0.5,265,0.7904686141897408,90.9039,90.5087,90.1134,91.2991
2022-03-25,278500,31655037,115.0,115.5,112.5,113.5,-1.0,243,0.7904686141897408,90.9039,89.7182,88.9277,91.2991
2022-03-28,236302,26310875,113.0,113.0,110.5,111.5,-2.0,329,0.7904686141897408,89.323,88.1373,87.3468,89.323
2022-03-29,250826,27938811,112.5,113.0,110.5,111.0,-0.5,242,0.7904686141897408,88.9277,87.742,87.3468,89.323
2022-03-30,441984,50482841,113.0,115.0,113.0,114.0,3.0,407,0.7904686141897408,89.323,90.1134,89.323,90.9039
2022-03-31,198536,22444709,113.5,114.5,112.0,112.0,-2.0,205,0.7904686141897408,89.7182,88.5325,88.5325,90.5087
2022-04-01,236608,26304146,112.0,112.0,110.5,111.0,-1.0,241,0.7904686141897408,88.5325,87.742,87.3468,88.5325
2022-04-06,262902,28694610,110.0,110.0,108.5,109.0,-2.0,271,0.7904686141897408,86.9515,86.1611,85.7658,86.9515
2022-04-07,469958,50931333,109.0,110.0,107.0,107.0,-2.0,406,0.7904686141897408,86.1611,84.5801,84.5801,86.9515
2022-04-08,149069,16165470,108.5,109.0,108.0,109.0,2.0,151,0.7904686141897408,85.7658,86.1611,85.3706,86.1611
2022-04-11,608831,63806852,108.0,108.0,103.5,103.5,-5.5,775,0.7904686141897408,85.3706,81.8135,81.8135,85.3706
2022-04-12,525467,53292246,101.5,102.5,100.5,101.0,-2.5,475,0.7904686141897408,80.2326,79.8373,79.4421,81.023
2022-04-13,261240,26775058,102.5,103.5,101.5,103.5,2.5,279,0.7904686141897408,81.023,81.8135,80.2326,81.8135
2022-04-14,197080,20273430,104.0,104.0,102.0,102.0,-1.5,453,0.7904686141897408,82.2087,80.6278,80.6278,82.2087
2022-04-15,466835,46636964,101.0,101.0,99.3,99.5,-2.5,654,0.7904686141897408,79.8373,78.6516,78.4935,79.8373
2022-04-18,366628,36004880,99.7,99.7,97.1,98.0,-1.5,415,0.7904686141897408,78.8097,77.4659,76.7545,78.8097
2022-04-19,348694,34820613,98.8,101.0,98.8,100.0,2.0,328,0.7904686141897408,78.0983,79.0469,78.0983,79.8373
2022-04-20,423371,43158369,100.0,103.5,100.0,102.5,2.5,379,0.7904686141897408,79.0469,81.023,79.0469,81.8135
2022-04-21,177042,18048816,102.5,103.0,101.5,101.5,-1.0,301,0.7904686141897408,81.023,80.2326,80.2326,81.4183
2022-04-22,261667,26596782,100.5,102.5,100.0,102.0,0.5,253,0.7904686141897408,79.4421,80.6278,79.0469,81.023
2022-04-25,610050,59572530,100.5,100.5,96.9,97.0,-5.0,625,0.7904686141897408,79.4421,76.6755,76.5964,79.4421
2022-04-26,272754,26454147,98.0,98.4,96.1,96.1,-0.9,292,0.7904686141897408,77.4659,75.964,75.964,77.7821
2022-04-27,973042,88747045,92.5,94.0,87.9,93.0,-3.1,846,0.7904686141897408,73.1183,73.5136,69.4822,74.304
2022-04-28,1507620,136334960,89.5,92.5,88.7,91.2,-1.8,1263,0.7904686141897408,70.7469,72.0907,70.1146,73.1183
2022-04-29,435355,40620422,92.5,94.4,92.2,93.5,2.3,413,0.7904686141897408,73.1183,73.9088,72.8812,74.6202
2022-05-03,254984,23981652,93.9,95.0,93.1,94.3,0.8,270,0.7904686141897408,74.225,74.5412,73.5926,75.0945
2022-05-04,270022,25916777,95.2,96.5,95.0,95.9,1.6,260,0.7904686141897408,75.2526,75.8059,75.0945,76.2802
2022-05-05,296931,28960473,97.0,98.2,96.8,97.3,1.4,276,0.7904686141897408,76.6755,76.9126,76.5174,77.624
2022-05-06,199917,18962716,94.5,95.5,94.2,94.7,-2.6,205,0.7904686141897408,74.6993,74.8574,74.4621,75.4898
2022-05-09,444168,40632438,93.0,94.0,90.0,90.0,-4.7,421,0.7904686141897408,73.5136,71.1422,71.1422,74.304
2022-05-10,363669,32772449,88.0,92.4,87.5,92.0,2.0,306,0.7904686141897408,69.5612,72.7231,69.166,73.0393
2022-05-11,160548,14601088,91.7,91.8,90.2,90.5,-1.5,175,0.7904686141897408,72.486,71.5374,71.3003,72.565
2022-05-12,313525,27997671,90.5,91.3,88.1,88.2,-2.3,385,0.7904686141897408,71.5374,69.7193,69.6403,72.1698
2022-05-13,208843,18645104,89.1,89.8,88.5,89.0,0.8,220,0.7904686141897408,70.4308,70.3517,69.9565,70.9841
2022-05-16,189377,16935872,90.6,90.8,88.7,88.8,-0.2,240,0.7904686141897408,71.6165,70.1936,70.1146,71.7746
2022-05-17,200762,18103599,89.2,90.5,89.2,90.5,1.7,192,0.7904686141897408,70.5098,71.5374,70.5098,71.5374
2022-05-18,261204,23867210,91.3,92.2,90.5,91.4,0.9,220,0.7904686141897408,72.1698,72.2488,71.5374,72.8812
2022-05-19,209077,18727686,89.9,90.5,89.0,90.5,-0.9,464,0.7904686141897408,71.0631,71.5374,70.3517,71.5374
2022-05-20,262232,23922779,91.1,91.8,90.3,91.1,0.6,220,0.7904686141897408,72.0117,72.0117,71.3793,72.565
2022-05-23,132619,12138501,91.6,92.0,91.2,91.4,0.3,161,0.7904686141897408,72.4069,72.2488,72.0907,72.7231
2022-05-24,191243,17347755,91.6,91.9,89.8,89.8,-1.6,191,0.7904686141897408,72.4069,70.9841,70.9841,72.6441
2022-05-25,115463,10431323,90.2,90.8,90.0,90.3,0.5,127,0.7904686141897408,71.3003,71.3793,71.1422,71.7746
2022-05-26,128910,11685271,91.0,91.3,89.9,90.0,-0.3,164,0.7904686141897408,71.9326,71.1422,71.0631,72.1698
2022-05-27,728235,67867604,91.3,94.2,91.0,93.2,3.2,631,0.7904686141897408,72.1698,73.6717,71.9326,74.4621
2022-05-30,434634,41272678,94.0,95.5,93.6,95.1,1.9,510,0.7904686141897408,74.304,75.1736,73.9879,75.4898
2022-05-31,180942,17144524,94.2,95.6,94.2,94.5,-0.6,185,0.7904686141897408,74.4621,74.6993,74.4621,75.5688
2022-06-01,357450,34070713,94.6,96.0,94.5,95.4,0.9,395,0.7904686141897408,74.7783,75.4107,74.6993,75.885
2022-06-02,198522,18798231,95.6,95.6,94.3,94.5,-0.9,364,0.7904686141897408,75.5688,74.6993,74.5412,75.5688
2022-06-06,246255,23025975,95.0,95.0,92.6,93.5,-1.0,369,0.7904686141897408,75.0945,73.9088,73.1974,75.0945
2022-06-07,177765,16794674,93.3,94.9,93.3,94.9,1.4,176,0.7904686141897408,73.7507,75.0155,73.7507,75.0155
2022-06-08,1092076,100386030,93.0,93.1,90.2,90.6,-4.3,947,0.7904686141897408,73.5136,71.6165,71.3003,73.5926
2022-06-09,322065,29216916,90.6,91.4,90.1,90.4,-0.2,277,0.7904686141897408,71.6165,71.4584,71.2212,72.2488
2022-06-10,183758,16542661,90.0,90.4,89.4,90.4,0.0,195,0.7904686141897408,71.1422,71.4584,70.6679,71.4584
2022-06-13,304806,27043743,89.4,89.4,88.2,88.6,-1.8,300,0.7904686141897408,70.6679,70.0355,69.7193,70.6679
2022-06-14,267307,23520390,88.0,89.0,87.5,88.8,0.2,258,0.7904686141897408,69.5612,70.1936,69.166,70.3517
2022-06-15,187465,16776092,89.3,90.2,88.8,89.6,0.8,196,0.7904686141897408,70.5888,70.826,70.1936,71.3003
2022-06-16,414675,36642044,90.4,91.0,86.5,86.5,-3.1,388,0.7904686141897408,71.4584,68.3755,68.3755,71.9326
2022-06-17,825134,68445342,84.3,85.0,81.4,82.0,-4.5,717,0.7904686141897408,66.6365,64.8184,64.3441,67.1898
2022-06-20,697111,57310516,83.0,83.6,81.4,81.4,-0.6,649,0.7904686141897408,65.6089,64.3441,64.3441,66.0832
2022-06-21,556771,41632408,74.6,75.4,74.1,75.3,0.0,543,0.8602158448535415,64.1721,64.7743,63.742,64.8603
2022-06-22,647507,46691301,75.5,75.6,70.1,70.4,-4.9,627,0.8602158448535415,64.9463,60.5592,60.3011,65.0323
2022-06-23,347310,24511061,70.1,71.3,69.8,71.0,0.6,308,0.8602158448535415,60.3011,61.0753,60.0431,61.3334
2022-06-24,292026,21370845,72.5,74.3,71.7,72.6,1.6,298,0.8602158448535415,62.3656,62.4517,61.6775,63.914
2022-06-27,299671,22599664,74.7,76.1,74.0,75.9,3.3,327,0.8602158448535415,64.2581,65.2904,63.656,65.4624
2022-06-28,177729,13188173,76.1,76.1,73.4,73.9,-2.0,201,0.8602158448535415,65.4624,63.57,63.1398,65.4624
2022-06-29,116409,8581645,73.4,74.5,73.1,74.0,0.1,122,0.8602158448535415,63.1398,63.656,62.8818,64.0861
2022-06-30,331864,23582008,74.3,74.3,70.2,70.4,-3.6,325,0.8602158448535415,63.914,60.5592,60.3872,63.914
2022-07-01,428900,29241141,71.0,71.0,66.1,66.1,-4.3,382,0.8602158448535415,61.0753,56.8603,56.8603,61.0753
2022-07-04,246503,16686463,66.1,68.8,66.1,67.7,1.6,242,0.8602158448535415,56.8603,58.2366,56.8603,59.1829
2022-07-05,233366,15778572,69.0,69.4,66.4,67.7,0.0,280,0.8602158448535415,59.3549,58.2366,57.1183,59.699
2022-07-06,288136,18915012,67.1,67.2,64.0,64.3,-3.4,298,0.8602158448535415,57.7205,55.3119,55.0538,57.8065
2022-07-07,329279,21965210,64.7,68.1,64.6,67.9,3.6,343,0.8602158448535415,55.656,58.4087,55.5699,58.5807
2022-07-08,729760,48494374,67.5,67.6,65.3,66.3,-1.6,719,0.8602158448535415,58.0646,57.0323,56.1721,58.1506
2022-07-11,209009,13757085,67.0,67.0,65.3,65.5,-0.8,242,0.8602158448535415,57.6345,56.3441,56.1721,57.6345
2022-07-12,357852,22572994,64.4,64.4,62.3,62.5,-3.0,415,0.8602158448535415,55.3979,53.7635,53.5914,55.3979
2022-07-13,318304,20645702,63.9,65.8,63.9,65.0,2.5,276,0.8602158448535415,54.9678,55.914,54.9678,56.6022
2022-07-14,257165,17129933,65.0,67.8,64.9,67.5,2.5,242,0.8602158448535415,55.914,58.0646,55.828,58.3226
2022-07-15,224462,15244306,67.0,68.4,67.0,68.0,0.5,237,0.8602158448535415,57.6345,58.4947,57.6345,58.8388
2022-07-18,160627,10979537,68.5,69.0,68.0,68.0,0.0,226,0.8602158448535415,58.9248,58.4947,58.4947,59.3549
2022-07-19,111570,7556821,68.0,68.2,67.1,67.2,-0.8,144,0.8602158448535415,58.4947,57.8065,57.7205,58.6667
2022-07-20,254397,17498902,68.8,69.2,68.2,68.4,1.2,228,0.8602158448535415,59.1829,58.8388,58.6667,59.5269
2022-07-21,229624,16020272,68.5,70.6,68.5,70.5,2.1,225,0.8602158448535415,58.9248,60.6452,58.9248,60.7312
2022-07-22,193867,13551529,70.4,70.8,69.0,69.3,-1.2,188,0.8602158448535415,60.5592,59.613,59.3549,60.9033
2022-07-25,63435,4351073,68.9,69.3,68.3,68.3,-1.0,96,0.8602158448535415,59.2689,58.7527,58.7527,59.613
2022-07-26,258364,17079828,68.3,68.3,65.2,65.5,-2.8,233,0.8602158448535415,58.7527,56.3441,56.0861,58.7527
2022-07-27,326378,21214203,65.0,65.9,63.9,65.9,0.4,211,0.8602158448535415,55.914,56.6882,54.9678,56.6882
2022-07-28,221471,14473463,66.5,66.7,64.7,65.2,-0.7,191,0.8602158448535415,57.2044,56.0861,55.656,57.3764
2022-07-29,105198,6888171,65.4,65.9,65.1,65.3,0.1,98,0.8602158448535415,56.2581,56.1721,56.0001,56.6882
2022-08-01,114581,7479902,66.0,66.0,65.0,65.0,-0.3,123,0.8602158448535415,56.7742,55.914,55.914,56.7742
2022-08-02,233063,14708605,64.8,64.8,62.5,62.9,-2.1,232,0.8602158448535415,55.742,54.1076,53.7635,55.742
2022-08-03,134401,8435103,62.8,63.4,62.3,62.5,-0.4,156,0.8602158448535415,54.0216,53.7635,53.5914,54.5377
2022-08-04,254838,15650883,62.3,63.0,60.5,61.6,-0.9,284,0.8602158448535415,53.5914,52.9893,52.0431,54.1936
2022-08-05,119838,7528046,62.8,63.2,62.2,62.4,0.8,127,0.8602158448535415,54.0216,53.6775,53.5054,54.3656
2022-08-08,116735,7239022,62.4,62.5,61.3,62.0,-0.4,129,0.8602158448535415,53.6775,53.3334,52.7312,53.7635
2022-08-09,84815,5290329,62.0,63.4,61.7,62.8,0.8,100,0.8602158448535415,53.3334,54.0216,53.0753,54.5377
2022-08-10,96870,6026434,62.8,62.8,62.0,62.2,-0.6,129,0.8602158448535415,54.0216,53.5054,53.3334,54.0216
2022-08-11,810854,53664696,63.2,67.7,63.2,67.6,5.4,755,0.8602158448535415,54.3656,58.1506,54.3656,58.2366
2022-08-12,311412,21012009,67.9,68.0,66.5,68.0,0.4,370,0.8602158448535415,58.4087,58.4947,57.2044,58.4947
2022-08-15,265273,18317459,68.5,69.4,68.3,69.0,1.0,252,0.8602158448535415,58.9248,59.3549,58.7527,59.699
2022-08-16,219625,15012862,69.8,69.8,67.8,68.0,-1.0,232,0.8602158448535415,60.0431,58.4947,58.3226,60.0431
2022-08-17,145510,9823806,68.5,68.5,67.1,67.4,-0.6,167,0.8602158448535415,58.9248,57.9785,57.7205,58.9248
2022-08-18,142781,9647399,67.8,68.5,66.6,68.5,1.1,144,0.8602158448535415,58.3226,58.9248,57.2904,58.9248
2022-08-19,515703,36221920,68.9,71.3,68.8,70.1,1.6,463,0.8602158448535415,59.2689,60.3011,59.1829,61.3334
2022-08-22,1247088,93556669,70.0,77.0,69.9,75.4,5.3,1041,0.8602158448535415,60.2151,64.8603,60.1291,66.2366
2022-08-23,747403,54982633,74.9,75.1,72.8,72.9,-2.5,669,0.8602158448535415,64.4302,62.7097,62.6237,64.6022
2022-08-24,472252,34058968,73.0,73.8,71.0,71.0,-1.9,387,0.8602158448535415,62.7958,61.0753,61.0753,63.4839
2022-08-25,198119,14267877,71.5,72.5,71.5,71.6,0.6,185,0.8602158448535415,61.5054,61.5915,61.5054,62.3656
2022-08-26,211416,15258884,72.3,72.7,71.6,71.7,0.1,266,0.8602158448535415,62.1936,61.6775,61.5915,62.5377
2022-08-29,267871,18615671,69.1,70.5,68.7,69.4,-2.3,342,0.8602158448535415,59.4409,59.699,59.0968,60.6452
2022-08-30,77747,5466009,69.8,70.9,69.5,70.9,1.5,85,0.8602158448535415,60.0431,60.9893,59.785,60.9893
2022-08-31,715387,52931404,71.5,75.4,71.0,74.3,3.4,723,0.8602158448535415,61.5054,63.914,61.0753,64.8603
2022-09-01,587312,42526801,73.3,74.2,71.2,71.5,-2.8,816,0.8602158448535415,63.0538,61.5054,61.2474,63.828
2022-09-02,220328,16016854,72.7,73.3,71.8,72.7,1.2,209,0.8602158448535415,62.5377,62.5377,61.7635,63.0538
2022-09-05,286960,20502482,72.9,74.0,70.5,70.8,-1.9,289,0.8602158448535415,62.7097,60.9033,60.6452,63.656
2022-09-06,241522,16824701,71.5,71.7,69.0,69.0,-1.8,217,0.8602158448535415,61.5054,59.3549,59.3549,61.6775
2022-09-07,373470,24933670,68.1,68.1,65.8,66.6,-2.4,315,0.8602158448535415,58.5807,57.2904,56.6022,58.5807
2022-09-08,161133,10970366,68.2,68.6,67.5,68.3,1.7,164,0.8602158448535415,58.6667,58.7527,58.0646,59.0108
2022-09-12,161492,11274477,69.0,70.6,69.0,69.9,1.6,179,0.8602158448535415,59.3549,60.1291,59.3549,60.7312
2022-09-13,149049,10356324,70.4,70.4,69.1,69.3,-0.6,208,0.8602158448535415,60.5592,59.613,59.4409,60.5592
2022-09-14,109367,7445232,66.9,68.8,66.9,68.7,-0.6,115,0.8602158448535415,57.5484,59.0968,57.5484,59.1829
2022-09-15,129395,9000634,68.5,70.1,68.5,69.4,0.7,127,0.8602158448535415,58.9248,59.699,58.9248,60.3011
2022-09-16,168572,11602536,68.7,69.7,68.2,68.2,-1.2,230,0.8602158448535415,59.0968,58.6667,58.6667,59.957
2022-09-19,196027,13167218,68.2,68.2,66.6,66.8,-1.4,190,0.8602158448535415,58.6667,57.4624,57.2904,58.6667
2022-09-20,100336,6722982,67.3,67.7,66.5,66.8,0.0,99,0.8602158448535415,57.8925,57.4624,57.2044,58.2366
2022-09-21,114730,7611072,67.0,67.0,66.0,66.2,-0.6,119,0.8602158448535415,57.6345,56.9463,56.7742,57.6345
2022-09-22,144552,9467989,65.3,66.0,65.0,65.8,-0.4,165,0.8602158448535415,56.1721,56.6022,55.914,56.7742
2022-09-23,159671,10524978,65.6,67.0,65.2,65.2,-0.6,217,0.8602158448535415,56.4302,56.0861,56.0861,57.6345
2022-09-26,416798,26009983,65.1,65.1,61.5,61.5,-3.7,337,0.8602158448535415,56.0001,52.9033,52.9033,56.0001
2022-09-27,211579,13020817,60.8,62.3,60.7,62.3,0.8,160,0.8602158448535415,52.3011,53.5914,52.2151,53.5914
2022-09-28,616700,36691058,62.3,62.3,58.0,58.1,-4.2,409,0.8602158448535415,53.5914,49.9785,49.8925,53.5914
2022-09-29,263596,15971506,60.0,61.3,59.1,60.8,2.7,255,0.8602158448535415,51.613,52.3011,50.8388,52.7312
2022-09-30,150395,9027254,60.0,61.1,59.1,61.0,0.2,171,0.8602158448535415,51.613,52.4732,50.8388,52.5592
2022-10-03,110371,6724970,60.4,61.7,60.3,60.5,-0.5,121,0.8602158448535415,51.957,52.0431,51.871,53.0753
2022-10-04,127593,7878755,61.5,62.1,61.1,62.0,1.5,89,0.8602158448535415,52.9033,53.3334,52.5592,53.4194
2022-10-05,156932,9733103,62.9,63.0,61.1,61.1,-0.9,151,0.8602158448535415,54.1076,52.5592,52.5592,54.1936
2022-10-06,92526,5627783,61.1,61.2,60.3,60.8,-0.3,87,0.8602158448535415,52.5592,52.3011,51.871,52.6452
2022-10-07,188038,11696520,61.6,62.9,61.1,62.1,1.3,183,0.8602158448535415,52.9893,53.4194,52.5592,54.1076
2022-10-11,181001,10832794,60.4,61.0,59.3,59.8,-2.3,196,0.8602158448535415,51.957,51.4409,51.0108,52.4732
2022-10-12,133189,7951743,60.0,60.7,58.5,60.3,0.5,115,0.8602158448535415,51.613,51.871,50.3226,52.2151
2022-10-13,329295,19181744,60.0,60.0,56.7,56.8,-3.5,297,0.8602158448535415,51.613,48.8603,48.7742,51.613
2022-10-14,207571,12305378,58.2,59.9,58.1,59.6,2.8,245,0.8602158448535415,50.0646,51.2689,49.9785,51.5269
2022-10-17,137306,8036399,58.2,59.6,57.9,59.6,0.0,227,0.8602158448535415,50.0646,51.2689,49.8065,51.2689
2022-10-18,136644,8272111,60.5,61.0,59.6,60.7,1.1,142,0.8602158448535415,52.0431,52.2151,51.2689,52.4732
2022-10-19,88336,5365471,60.6,61.4,60.2,60.4,-0.3,113,0.8602158448535415,52.1291,51.957,51.785,52.8173
2022-10-20,140315,8434193,60.4,61.2,59.4,61.0,0.6,152,0.8602158448535415,51.957,52.4732,51.0968,52.6452
2022-10-21,124105,7518386,60.2,61.3,60.0,60.0,-1.0,120,0.8602158448535415,51.785,51.613,51.613,52.7312
2022-10-24,128633,7739176,60.8,61.0,59.3,59.3,-0.7,125,0.8602158448535415,52.3011,51.0108,51.0108,52.4732
2022-10-25,150659,8840634,59.7,59.7,58.1,58.5,-0.8,183,0.8602158448535415,51.3549,50.3226,49.9785,51.3549
2022-10-26,53010,3105994,58.7,59.5,58.3,58.6,0.1,45,0.8602158448535415,50.4947,50.4086,50.1506,51.1828
2022-10-27,182231,10912825,59.4,60.3,58.9,60.2,1.6,144,0.8602158448535415,51.0968,51.785,50.6667,51.871
2022-10-28,109255,6409865,59.5,59.5,58.4,58.4,-1.8,123,0.8602158448535415,51.1828,50.2366,50.2366,51.1828
2022-10-31,51177,3033480,58.7,59.7,58.7,59.4,1.0,54,0.8602158448535415,50.4947,51.0968,50.4947,51.3549
2022-11-01,154268,9353825,59.8,61.1,59.8,61.0,1.6,128,0.8602158448535415,51.4409,52.4732,51.4409,52.5592
2022-11-02,574437,36500249,61.4,64.7,61.1,63.3,2.3,514,0.8602158448535415,52.8173,54.4517,52.5592,55.656
2022-11-03,145371,9161802,62.2,64.0,61.6,63.8,0.5,147,0.8602158448535415,53.5054,54.8818,52.9893,55.0538
2022-11-04,136125,8684201,63.7,64.7,62.8,64.7,0.9,213,0.8602158448535415,54.7957,55.656,54.0216,55.656
2022-11-07,200453,12997079,65.4,65.6,64.0,65.0,0.3,192,0.8602158448535415,56.2581,55.914,55.0538,56.4302
2022-11-08,304861,20054404,65.3,66.6,64.8,65.0,0.0,316,0.8602158448535415,56.1721,55.914,55.742,57.2904
2022-11-09,165145,10925231,65.9,66.8,65.7,66.0,1.0,162,0.8602158448535415,56.6882,56.7742,56.5162,57.4624
2022-11-10,159469,10392032,65.5,65.7,65.0,65.2,-0.8,280,0.8602158448535415,56.3441,56.0861,55.914,56.5162
2022-11-11,313716,20683720,67.8,67.8,65.0,65.0,-0.2,307,0.8602158448535415,58.3226,55.914,55.914,58.3226
2022-11-14,210985,13913931,65.4,66.5,65.2,66.3,1.3,200,0.8602158448535415,56.2581,57.0323,56.0861,57.2044
2022-11-15,194400,12906560,66.3,67.0,65.8,66.8,0.5,211,0.8602158448535415,57.0323,57.4624,56.6022,57.6345
2022-11-16,360193,24310340,67.3,68.2,66.1,67.5,0.7,346,0.8602158448535415,57.8925,58.0646,56.8603,58.6667
2022-11-17,151371,10253120,68.0,68.1,67.1,68.0,0.5,195,0.8602158448535415,58.4947,58.4947,57.7205,58.5807
2022-11-18,169653,11606671,68.5,69.1,67.8,68.3,0.3,161,0.8602158448535415,58.9248,58.7527,58.3226,59.4409
2022-11-21,143386,9781503,69.3,69.3,67.7,67.8,-0.5,169,0.8602158448535415,59.613,58.3226,58.2366,59.613
2022-11-22,127221,8529464,68.4,68.4,66.7,66.8,-1.0,289,0.8602158448535415,58.8388,57.4624,57.3764,58.8388
2022-11-23,354164,24346987,67.0,69.7,66.8,68.8,2.0,349,0.8602158448535415,57.6345,59.1829,57.4624,59.957
2022-11-24,778485,55279997,69.2,72.2,69.2,72.1,3.3,728,0.8602158448535415,59.5269,62.0216,59.5269,62.1076
2022-11-25,1397780,100054328,72.0,73.2,70.2,70.2,-1.9,1273,0.8602158448535415,61.9355,60.3872,60.3872,62.9678
2022-11-28,464818,32848816,69.2,71.8,69.1,70.3,0.1,423,0.8602158448535415,59.5269,60.4732,59.4409,61.7635
2022-11-29,994303,71972209,70.1,73.6,69.8,72.4,2.1,810,0.8602158448535415,60.3011,62.2796,60.0431,63.3119
2022-11-30,766910,55877769,72.4,73.8,72.2,72.9,0.5,602,0.8602158448535415,62.2796,62.7097,62.1076,63.4839
2022-12-01,797053,58818876,73.6,74.6,73.2,73.4,0.5,633,0.8602158448535415,63.3119,63.1398,62.9678,64.1721
2022-12-02,566065,42162493,73.7,75.2,73.7,74.4,1.0,537,0.8602158448535415,63.3979,64.0001,63.3979,64.6882
2022-12-05,426821,31773116,75.1,75.3,73.8,74.0,-0.4,535,0.8602158448535415,64.6022,63.656,63.4839,64.7743
2022-12-06,393849,28692666,74.0,74.4,72.0,72.0,-2.0,358,0.8602158448535415,63.656,61.9355,61.9355,64.0001
2022-12-07,3258065,250173105,72.7,78.7,72.7,76.9,4.9,2488,0.8602158448535415,62.5377,66.1506,62.5377,67.699
2022-12-08,1524873,118175368,76.5,79.8,75.2,79.8,2.9,1333,0.8602158448535415,65.8065,68.6452,64.6882,68.6452
2022-12-09,1661220,131144179,79.8,80.4,78.0,78.1,-1.7,1270,0.8602158448535415,68.6452,67.1829,67.0968,69.1614
2022-12-12,715078,55714608,78.0,78.7,77.0,77.5,-0.6,479,0.8602158448535415,67.0968,66.6667,66.2366,67.699
2022-12-13,497329,38142995,78.0,78.0,76.1,76.1,-1.4,395,0.8602158448535415,67.0968,65.4624,65.4624,67.0968
2022-12-14,461929,35521223,77.0,77.7,76.4,76.4,0.3,326,0.8602158448535415,66.2366,65.7205,65.7205,66.8388
2022-12-15,468589,36330768,76.5,78.3,76.3,78.0,1.6,446,0.8602158448535415,65.8065,67.0968,65.6345,67.3549
2022-12-16,400260,30908426,76.9,77.8,76.5,77.0,-1.0,357,0.8602158448535415,66.1506,66.2366,65.8065,66.9248
2022-12-19,293172,22509269,77.2,77.5,76.2,76.2,-0.8,200,0.8602158448535415,66.4087,65.5484,65.5484,66.6667
2022-12-20,426747,31779511,76.0,76.4,73.0,73.0,-3.2,339,0.8602158448535415,65.3764,62.7958,62.7958,65.7205
2022-12-21,209698,15365688,73.5,74.0,72.6,72.6,-0.4,193,0.8602158448535415,63.2259,62.4517,62.4517,63.656
2022-12-22,516501,38324606,73.5,75.2,73.2,75.1,2.5,344,0.8602158448535415,63.2259,64.6022,62.9678,64.6882
2022-12-23,255419,19159475,74.3,76.0,73.6,75.2,0.1,235,0.8602158448535415,63.914,64.6882,63.3119,65.3764
2022-12-26,97786,7312655,75.2,75.6,74.5,74.6,-0.6,153,0.8602158448535415,64.6882,64.1721,64.0861,65.0323
2022-12-27,430185,32619744,74.6,78.0,74.6,77.1,2.5,280,0.8602158448535415,64.1721,66.3226,64.1721,67.0968
2022-12-28,311388,23523159,76.5,76.7,74.1,75.2,-1.9,455,0.8602158448535415,65.8065,64.6882,63.742,65.9786
2022-12-29,300558,22492874,74.7,75.5,74.2,75.1,-0.1,332,0.8602158448535415,64.2581,64.6022,63.828,64.9463
2022-12-30,303504,22972915,75.7,76.2,75.3,75.3,0.2,198,0.8602158448535415,65.1183,64.7743,64.7743,65.5484
2023-01-03,362336,27058875,75.2,75.5,74.2,74.8,-0.5,480,0.8602158448535415,64.6882,64.3441,63.828,64.9463
2023-01-04,267718,20322521,74.6,76.5,74.6,76.2,1.4,220,0.8602158448535415,64.1721,65.5484,64.1721,65.8065
2023-01-05,169682,12881898,76.8,76.9,75.2,75.5,-0.7,256,0.8602158448535415,66.0646,64.9463,64.6882,66.1506
2023-01-06,377967,28996962,76.0,77.3,75.5,77.0,1.5,377,0.8602158448535415,65.3764,66.2366,64.9463,66.4947
2023-01-09,597409,46153119,76.8,79.4,76.2,77.2,0.2,579,0.8602158448535415,66.0646,66.4087,65.5484,68.3011
2023-01-10,272460,21178369,77.8,78.7,77.2,77.3,0.1,268,0.8602158448535415,66.9248,66.4947,66.4087,67.699
2023-01-11,195890,15195036,77.4,78.2,77.0,77.5,0.2,209,0.8602158448535415,66.5807,66.6667,66.2366,67.2689
2023-01-12,167283,12889720,77.6,78.0,76.2,76.4,-1.1,177,0.8602158448535415,66.7527,65.7205,65.5484,67.0968
2023-01-13,232973,17742643,76.6,77.3,75.6,75.6,-0.8,248,0.8602158448535415,65.8925,65.0323,65.0323,66.4947
2023-01-16,172360,12985954,75.8,76.0,74.7,74.7,-0.9,181,0.8602158448535415,65.2044,64.2581,64.2581,65.3764
2023-01-17,224345,16835534,74.7,75.5,74.6,75.5,0.8,196,0.8602158448535415,64.2581,64.9463,64.1721,64.9463
2023-01-30,627682,48840654,76.1,78.6,76.0,78.2,2.7,578,0.8602158448535415,65.4624,67.2689,65.3764,67.613
2023-01-31,877804,70150368,78.3,80.8,78.3,80.2,2.0,843,0.8602158448535415,67.3549,68.9893,67.3549,69.5054
2023-02-01,802146,65205302,81.1,81.9,80.2,81.9,1.7,738,0.8602158448535415,69.7635,70.4517,68.9893,70.4517
2023-02-02,720767,59788666,82.5,83.5,82.3,83.0,1.1,639,0.8602158448535415,70.9678,71.3979,70.7958,71.828
2023-02-03,389373,31995092,83.4,83.4,81.7,81.8,-1.2,736,0.8602158448535415,71.742,70.3657,70.2796,71.742
2023-02-06,316527,25584991,81.3,81.5,80.2,80.7,-1.1,338,0.8602158448535415,69.9355,69.4194,68.9893,70.1076
2023-02-07,330541,26910948,80.6,81.9,80.6,81.6,0.9,302,0.8602158448535415,69.3334,70.1936,69.3334,70.4517
2023-02-08,182062,14857484,82.0,82.1,81.3,81.3,-0.3,276,0.8602158448535415,70.5377,69.9355,69.9355,70.6237
2023-02-09,173587,14105404,81.3,81.9,80.8,81.3,0.0,229,0.8602158448535415,69.9355,69.9355,69.5054,70.4517
2023-02-10,865560,70498472,82.0,83.9,79.6,79.7,-1.6,732,0.8602158448535415,70.5377,68.5592,68.4732,72.1721
2023-02-13,143931,11473697,79.7,80.2,78.9,80.0,0.3,245,0.8602158448535415,68.5592,68.8173,67.871,68.9893
2023-02-14,235995,18834252,79.8,80.5,78.9,79.6,-0.4,290,0.8602158448535415,68.6452,68.4732,67.871,69.2474
2023-02-15,152705,12189690,79.8,80.2,79.1,80.0,0.4,249,0.8602158448535415,68.6452,68.8173,68.0431,68.9893
2023-02-16,487516,39855306,80.4,82.5,80.4,82.1,2.1,462,0.8602158448535415,69.1614,70.6237,69.1614,70.9678
2023-02-17,189200,15537634,82.0,82.8,81.6,82.2,0.1,418,0.8602158448535415,70.5377,70.7097,70.1936,71.2259
2023-02-20,669361,56207962,82.3,84.8,82.2,83.9,1.7,709,0.8602158448535415,70.7958,72.1721,70.7097,72.9463
2023-02-21,395141,33271192,83.9,84.9,83.7,83.7,-0.2,406,0.8602158448535415,72.1721,72.0001,72.0001,73.0323
2023-02-22,297188,24519612,82.6,83.0,82.0,82.6,-1.1,350,0.8602158448535415,71.0538,71.0538,70.5377,71.3979
2023-02-23,232438,19411972,83.1,83.9,83.1,83.5,0.9,254,0.8602158448535415,71.4839,71.828,71.4839,72.1721
2023-02-24,299283,24650055,83.9,84.3,81.8,81.8,-1.7,417,0.8602158448535415,72.1721,70.3657,70.3657,72.5162
2023-03-01,154730,12667067,81.8,82.5,81.0,82.3,0.5,316,0.8602158448535415,70.3657,70.7958,69.6775,70.9678
2023-03-02,674511,56637953,82.6,84.9,82.3,84.9,2.6,561,0.8602158448535415,71.0538,73.0323,70.7958,73.0323
2023-03-03,1080319,92156881,85.4,86.1,84.6,85.0,0.1,789,0.8602158448535415,73.4624,73.1183,72.7743,74.0646
2023-03-06,214320,18307036,85.4,85.9,85.2,85.3,0.3,323,0.8602158448535415,73.4624,73.3764,73.2904,73.8925
2023-03-07,449701,38675085,85.9,86.5,85.1,86.1,0.8,483,0.8602158448535415,73.8925,74.0646,73.2044,74.4087
2023-03-08,333772,28899252,85.6,87.1,85.6,86.9,0.8,301,0.8602158448535415,73.6345,74.7528,73.6345,74.9248
2023-03-09,554815,48614940,87.4,88.3,86.5,87.8,0.9,566,0.8602158448535415,75.1829,75.527,74.4087,75.9571
2023-03-10,517527,44281538,86.9,86.9,84.1,84.4,-3.4,516,0.8602158448535415,74.7528,72.6022,72.3442,74.7528
2023-03-13,350102,29313592,84.5,85.4,82.4,84.5,0.1,391,0.8602158448535415,72.6882,72.6882,70.8818,73.4624
2023-03-14,213315,17799569,84.0,84.2,83.0,83.0,-1.5,234,0.8602158448535415,72.2581,71.3979,71.3979,72.4302
2023-03-15,691087,58065985,83.8,85.2,82.9,83.9,0.9,531,0.8602158448535415,72.0861,72.1721,71.3119,73.2904
2023-03-16,571061,47024588,83.1,83.9,80.3,82.0,-1.9,438,0.8602158448535415,71.4839,70.5377,69.0753,72.1721
2023-03-17,629295,52920938,83.8,84.9,83.4,83.7,1.7,562,0.8602158448535415,72.0861,72.0001,71.742,73.0323
2023-03-20,231979,19313532,84.0,84.0,82.7,83.3,-0.4,296,0.8602158448535415,72.2581,71.656,71.1399,72.2581
2023-03-21,207428,17264674,83.8,84.1,82.5,82.7,-0.6,194,0.8602158448535415,72.0861,71.1399,70.9678,72.3442
2023-03-22,251613,20998689,83.5,84.2,82.7,83.7,1.0,281,0.8602158448535415,71.828,72.0001,71.1399,72.4302
2023-03-23,234112,19631892,83.6,84.4,83.2,84.0,0.3,264,0.8602158448535415,71.914,72.2581,71.57,72.6022
2023-03-24,222344,18641834,84.4,84.4,83.5,84.0,0.0,355,0.8602158448535415,72.6022,72.2581,71.828,72.6022
2023-03-27,202751,16859668,83.9,83.9,82.6,82.6,-1.4,389,0.8602158448535415,72.1721,71.0538,71.0538,72.1721
2023-03-28,320678,26122437,83.0,83.1,80.5,80.6,-2.0,373,0.8602158448535415,71.3979,69.3334,69.2474,71.4839
2023-03-29,371643,30036400,81.3,81.6,80.5,80.7,0.1,307,0.8602158448535415,69.9355,69.4194,69.2474,70.1936
2023-03-30,430089,35346702,81.1,83.2,80.8,83.0,2.3,397,0.8602158448535415,69.7635,71.3979,69.5054,71.57
2023-03-31,1362696,116100676,84.5,86.4,83.9,85.1,2.1,1174,0.8602158448535415,72.6882,73.2044,72.1721,74.3226
2023-04-06,415225,35256493,85.3,85.6,84.1,84.6,-0.5,565,0.8602158448535415,73.3764,72.7743,72.3442,73.6345
2023-04-07,284767,24201981,85.3,85.7,84.1,84.7,0.1,348,0.8602158448535415,73.3764,72.8603,72.3442,73.7205
2023-04-10,346694,29167957,85.0,85.3,83.4,83.8,-0.9,613,0.8602158448535415,73.1183,72.0861,71.742,73.3764
2023-04-11,265611,22387458,84.1,84.7,83.9,84.5,0.7,323,0.8602158448535415,72.3442,72.6882,72.1721,72.8603
2023-04-12,468557,39497018,84.4,84.9,83.6,84.4,-0.1,585,0.8602158448535415,72.6022,72.6022,71.914,73.0323
2023-04-13,342319,29112189,84.3,85.6,84.3,85.0,0.6,915,0.8602158448535415,72.5162,73.1183,72.5162,73.6345
2023-04-14,656142,56519736,85.4,86.7,85.4,85.8,0.8,828,0.8602158448535415,73.4624,73.8065,73.4624,74.5807
2023-04-17,1505381,132672554,86.0,89.7,84.8,88.9,3.1,1328,0.8602158448535415,73.9786,76.4732,72.9463,77.1614
2023-04-18,1319318,119239033,89.0,91.7,88.4,90.8,1.9,1123,0.8602158448535415,76.5592,78.1076,76.0431,78.8818
2023-04-19,783335,70649093,91.9,91.9,89.3,89.9,-0.9,726,0.8602158448535415,79.0538,77.3334,76.8173,79.0538
2023-04-20,726783,64686171,90.0,90.8,87.6,87.8,-2.1,785,0.8602158448535415,77.4194,75.527,75.3549,78.1076
2023-04-21,460509,39782017,88.6,88.6,85.0,85.0,-2.8,511,0.8602158448535415,76.2151,73.1183,73.1183,76.2151
2023-04-24,338350,29182406,85.6,87.5,84.7,86.2,1.2,357,0.8602158448535415,73.6345,74.1506,72.8603,75.2689
2023-04-25,462068,38700430,86.4,86.5,82.1,82.2,-4.0,615,0.8602158448535415,74.3226,70.7097,70.6237,74.4087
2023-04-26,376256,30822941,82.7,83.0,80.8,82.3,0.1,369,0.8602158448535415,71.1399,70.7958,69.5054,71.3979
2023-04-27,693966,57425432,82.7,83.7,80.5,82.5,0.2,417,0.8602158448535415,71.1399,70.9678,69.2474,72.0001
2023-04-28,288612,23971612,83.5,83.8,82.4,82.4,-0.1,268,0.8602158448535415,71.828,70.8818,70.8818,72.0861
2023-05-02,322544,26593414,82.4,83.0,81.5,82.5,0.1,294,0.8602158448535415,70.8818,70.9678,70.1076,71.3979
2023-05-03,2205145,183840912,82.6,86.0,81.2,81.2,-1.3,1731,0.8602158448535415,71.0538,69.8495,69.8495,73.9786
2023-05-04,959828,76316497,81.2,81.2,78.7,79.6,-1.6,857,0.8602158448535415,69.8495,68.4732,67.699,69.8495
2023-05-05,839246,68515240,79.9,82.7,79.6,81.5,1.9,707,0.8602158448535415,68.7312,70.1076,68.4732,71.1399
2023-05-08,583215,48011686,82.0,83.3,81.2,82.7,1.2,443,0.8602158448535415,70.5377,71.1399,69.8495,71.656
2023-05-09,975987,80254762,82.5,82.6,80.0,81.0,-1.7,369,0.8602158448535415,70.9678,69.6775,68.8173,71.0538
2023-05-10,236043,19237267,81.6,82.2,80.3,82.1,1.1,227,0.8602158448535415,70.1936,70.6237,69.0753,70.7097
2023-05-11,425192,34266303,82.5,82.5,79.4,81.5,-0.6,332,0.8602158448535415,70.9678,70.1076,68.3011,70.9678
2023-05-12,243518,19922568,81.8,82.3,81.0,81.4,-0.1,220,0.8602158448535415,70.3657,70.0216,69.6775,70.7958
2023-05-15,407592,32850256,82.0,82.3,80.3,80.3,-1.1,218,0.8602158448535415,70.5377,69.0753,69.0753,70.7958
2023-05-16,581425,46766257,80.5,81.1,80.2,80.2,-0.1,309,0.8602158448535415,69.2474,68.9893,68.9893,69.7635
2023-05-17,920211,74135058,81.0,81.2,80.3,81.1,0.9,369,0.8602158448535415,69.6775,69.7635,69.0753,69.8495
2023-05-18,1620401,133254132,81.5,83.4,80.9,82.3,1.2,826,0.8602158448535415,70.1076,70.7958,69.5915,71.742
2023-05-19,2164527,183599854,83.0,86.7,83.0,85.0,2.7,1752,0.8602158448535415,71.3979,73.1183,71.3979,74.5807
2023-05-22,1071282,92570932,85.7,87.5,85.4,85.4,0.4,1030,0.8602158448535415,73.7205,73.4624,73.4624,75.2689
2023-05-23,1118515,97574234,86.5,87.8,86.0,87.5,2.1,869,0.8602158448535415,74.4087,75.2689,73.9786,75.527
2023-05-24,1144776,101714810,88.2,89.5,87.8,89.2,1.7,1043,0.8602158448535415,75.871,76.7313,75.527,76.9893
2023-05-25,1109203,99199088,90.0,90.2,88.0,89.2,0.0,648,0.8602158448535415,77.4194,76.7313,75.699,77.5915
2023-05-26,1078035,97656311,90.9,91.2,90.0,90.3,1.1,937,0.8602158448535415,78.1936,77.6775,77.4194,78.4517
2023-05-29,702482,63894901,91.8,92.3,90.2,90.3,0.0,876,0.8602158448535415,78.9678,77.6775,77.5915,79.3979
2023-05-30,673158,60511627,90.9,90.9,89.2,89.2,-1.1,703,0.8602158448535415,78.1936,76.7313,76.7313,78.1936
2023-05-31,533610,48284352,90.1,91.2,89.8,90.3,1.1,724,0.8602158448535415,77.5054,77.6775,77.2474,78.4517
2023-06-01,291166,26197345,90.3,90.4,89.5,90.1,-0.2,264,0.8602158448535415,77.6775,77.5054,76.9893,77.7635
2023-06-02,482030,43547287,90.3,90.9,89.7,90.5,0.4,439,0.8602158448535415,77.6775,77.8495,77.1614,78.1936
2023-06-05,693816,63049720,90.0,91.4,89.6,90.7,0.2,768,0.8602158448535415,77.4194,78.0216,77.0753,78.6237
2023-06-06,1152312,100787214,89.2,89.3,86.4,87.5,-3.2,2153,0.8602158448535415,76.7313,75.2689,74.3226,76.8173
2023-06-07,495721,43846626,87.5,89.2,87.2,88.5,1.0,609,0.8602158448535415,75.2689,76.1291,75.0108,76.7313
2023-06-08,456896,40516399,89.0,89.9,88.1,88.4,-0.1,462,0.8602158448535415,76.5592,76.0431,75.785,77.3334
2023-06-09,852530,76601351,89.4,91.0,88.7,89.8,1.4,825,0.8602158448535415,76.9033,77.2474,76.3011,78.2796
2023-06-12,978003,87957135,90.9,91.2,88.2,90.3,0.5,708,0.8602158448535415,78.1936,77.6775,75.871,78.4517
2023-06-13,1547286,139493030,90.5,90.9,88.9,90.6,0.3,1080,0.8602158448535415,77.8495,77.9356,76.4732,78.1936
2023-06-14,868289,78637214,91.0,92.3,89.6,89.6,-1.0,646,0.8602158448535415,78.2796,77.0753,77.0753,79.3979
2023-06-15,364109,32687076,90.0,90.2,89.0,90.0,0.4,311,0.8602158448535415,77.4194,77.4194,76.5592,77.5915
2023-06-16,633992,56380543,90.0,90.5,88.2,88.4,-1.6,510,0.8602158448535415,77.4194,76.0431,75.871,77.8495
2023-06-19,589641,51567825,88.1,88.1,87.0,87.2,-1.2,427,0.8602158448535415,75.785,75.0108,74.8388,75.785
2023-06-20,650807,56305010,87.7,87.7,86.0,86.7,-0.5,515,0.8602158448535415,75.4409,74.5807,73.9786,75.4409
2023-06-21,1195237,100034744,83.5,85.0,82.3,84.4,0.0,1034,0.897481513222648,74.9397,75.7474,73.8627,76.2859
2023-06-26,694309,59050880,84.0,86.2,83.5,85.6,1.2,553,0.897481513222648,75.3884,76.8244,74.9397,77.3629
2023-06-27,765164,66006128,85.0,87.4,85.0,85.8,0.2,618,0.897481513222648,76.2859,77.0039,76.2859,78.4399
2023-06-28,502049,43445157,86.1,87.0,86.0,86.0,0.2,422,0.897481513222648,77.2732,77.1834,77.1834,78.0809
2023-06-29,1577168,139186457,86.7,89.2,86.2,89.1,3.1,1095,0.897481513222648,77.8116,79.9656,77.3629,80.0554
2023-06-30,795623,70619685,89.4,89.6,88.1,88.7,-0.4,871,0.897481513222648,80.2348,79.6066,79.0681,80.4143
2023-07-03,471544,42052090,88.7,89.6,88.7,89.0,0.3,370,0.897481513222648,79.6066,79.8759,79.6066,80.4143
2023-07-04,774045,69023560,89.1,89.9,87.8,89.5,0.5,607,0.897481513222648,79.9656,80.3246,78.7989,80.6836
2023-07-05,391145,34747248,90.0,90.2,88.4,88.5,-1.0,387,0.897481513222648,80.7733,79.4271,79.3374,80.9528
2023-07-06,1254305,113107873,88.0,91.3,87.8,90.0,1.5,1015,0.897481513222648,78.9784,80.7733,78.7989,81.9401
2023-07-07,951165,83742917,89.5,89.5,87.0,88.1,-1.9,1054,0.897481513222648,80.3246,79.0681,78.0809,80.3246
2023-07-10,282299,24838285,87.7,88.9,87.3,87.6,-0.5,267,0.897481513222648,78.7091,78.6194,78.3501,79.7861
2023-07-11,395511,34878326,88.9,88.9,87.5,88.4,0.8,329,0.897481513222648,79.7861,79.3374,78.5296,79.7861
2023-07-12,425859,37185800,88.4,88.6,86.6,87.0,-1.4,501,0.897481513222648,79.3374,78.0809,77.7219,79.5169
2023-07-13,552905,48804829,88.2,89.4,87.1,87.8,0.8,472,0.897481513222648,79.1579,78.7989,78.1706,80.2348
2023-07-14,371470,32874346,88.8,88.8,87.8,88.6,0.8,358,0.897481513222648,79.6964,79.5169,78.7989,79.6964
2023-07-17,496962,44428090,89.0,90.0,88.6,89.3,0.7,449,0.897481513222648,79.8759,80.1451,79.5169,80.7733
2023-07-18,529311,46824096,89.4,90.0,87.5,88.1,-1.2,485,0.897481513222648,80.2348,79.0681,78.5296,80.7733
2023-07-19,819699,70017669,88.0,88.3,83.3,83.3,-4.8,780,0.897481513222648,78.9784,74.7602,74.7602,79.2476
2023-07-20,484468,40490030,84.5,84.5,82.9,83.4,0.1,412,0.897481513222648,75.8372,74.85,74.4012,75.8372
2023-07-21,653507,53162832,81.5,82.1,80.7,81.2,-2.2,549,0.897481513222648,73.1447,72.8755,72.4268,73.6832
2023-07-24,582185,46492168,81.2,81.4,79.2,79.8,-1.4,463,0.897481513222648,72.8755,71.619,71.0805,73.055
2023-07-25,805212,65495032,80.1,82.2,79.9,81.2,1.4,761,0.897481513222648,71.8883,72.8755,71.7088,73.773
2023-07-26,548567,44329430,81.9,81.9,80.0,80.2,-1.0,495,0.897481513222648,73.5037,71.978,71.7985,73.5037
2023-07-27,1586087,134352510,81.5,86.5,81.4,85.3,5.1,1160,0.897481513222648,73.1447,76.5552,73.055,77.6322
2023-07-28,779302,66281386,85.0,86.4,84.1,84.3,-1.0,766,0.897481513222648,76.2859,75.6577,75.4782,77.5424
2023-07-31,492302,41485347,85.2,85.8,82.8,83.0,-1.3,426,0.897481513222648,76.4654,74.491,74.3115,77.0039
2023-08-01,514795,43195321,83.9,85.2,82.8,83.0,0.0,586,0.897481513222648,75.2987,74.491,74.3115,76.4654
2023-08-02,414052,33811365,83.5,83.5,80.8,81.0,-2.0,845,0.897481513222648,74.9397,72.696,72.5165,74.9397
2023-08-04,328298,26666040,81.0,82.0,79.8,81.4,0.4,303,0.897481513222648,72.696,73.055,71.619,73.5935
2023-08-07,348207,28762324,81.8,83.6,80.8,83.3,1.9,264,0.897481513222648,73.414,74.7602,72.5165,75.0295
2023-08-08,1376644,126100567,91.6,91.6,91.6,91.6,8.3,891,0.897481513222648,82.2093,82.2093,82.2093,82.2093
2023-08-09,9705874,937534042,93.0,100.0,90.0,99.5,7.9,7457,0.897481513222648,83.4658,89.2994,80.7733,89.7482
2023-08-10,6994507,690718592,100.0,103.5,95.3,97.0,-2.5,5804,0.897481513222648,89.7482,87.0557,85.53,92.8893
2023-08-11,5761268,570456012,97.6,102.5,96.5,99.2,2.2,4906,0.897481513222648,87.5942,89.0302,86.607,91.9919
2023-08-14,2128051,206079052,98.1,98.9,95.3,96.1,-3.1,1738,0.897481513222648,88.0429,86.248,85.53,88.7609
2023-08-15,1991735,193017960,96.8,97.8,95.8,96.2,0.1,1633,0.897481513222648,86.8762,86.3377,85.9787,87.7737
2023-08-16,1534645,146293925,95.3,96.7,93.1,96.0,-0.2,1847,0.897481513222648,85.53,86.1582,83.5555,86.7865
2023-08-17,1720574,167706456,95.5,99.0,95.0,98.4,2.4,1819,0.897481513222648,85.7095,88.3122,85.2607,88.8507
2023-08-18,4353704,431269989,99.8,102.5,95.9,96.5,-1.9,3513,0.897481513222648,89.5687,86.607,86.0685,91.9919
2023-08-21,1008433,96832350,97.1,97.3,95.5,95.5,-1.0,903,0.897481513222648,87.1455,85.7095,85.7095,87.325
2023-08-22,852313,81127455,96.4,96.5,94.2,94.8,-0.7,916,0.897481513222648,86.5172,85.0812,84.5428,86.607
2023-08-23,579799,55010706,95.7,96.2,94.0,94.7,-0.1,517,0.897481513222648,85.889,84.9915,84.3633,86.3377
2023-08-24,849692,80002132,95.3,96.1,92.8,93.3,-1.4,952,0.897481513222648,85.53,83.735,83.2863,86.248
2023-08-25,778223,72593149,94.0,94.5,92.4,92.5,-0.8,995,0.897481513222648,84.3633,83.017,82.9273,84.812
2023-08-28,794100,72218417,92.8,92.8,90.1,90.1,-2.4,891,0.897481513222648,83.2863,80.8631,80.8631,83.2863
2023-08-29,855549,78190601,91.8,92.5,90.5,92.5,2.4,610,0.897481513222648,82.3888,83.017,81.2221,83.017
2023-08-30,1566358,146861595,93.3,95.1,92.0,94.0,1.5,1366,0.897481513222648,83.735,84.3633,82.5683,85.3505
2023-08-31,1092239,103790373,93.7,96.3,93.2,95.4,1.4,1006,0.897481513222648,84.094,85.6197,83.6453,86.4275
2023-09-01,709287,67684896,96.0,96.4,94.6,94.6,-0.8,636,0.897481513222648,86.1582,84.9018,84.9018,86.5172
2023-09-04,366668,34589648,95.4,95.4,93.6,94.3,-0.3,329,0.897481513222648,85.6197,84.6325,84.0043,85.6197
2023-09-05,1479688,143002181,94.3,97.8,93.9,96.3,2.0,1244,0.897481513222648,84.6325,86.4275,84.2735,87.7737
2023-09-06,3487781,346474916,98.0,100.5,97.2,99.3,3.0,2732,0.897481513222648,87.9532,89.1199,87.2352,90.1969
2023-09-07,1990819,199663907,99.2,101.5,98.7,100.0,0.7,1853,0.897481513222648,89.0302,89.7482,88.5814,91.0944
2023-09-08,2615760,264738124,100.5,103.0,99.3,101.5,1.5,2054,0.897481513222648,90.1969,91.0944,89.1199,92.4406
2023-09-11,1673043,167719887,102.0,103.0,99.1,99.3,-2.2,1389,0.897481513222648,91.5431,89.1199,88.9404,92.4406
2023-09-12,1024226,102617643,99.9,101.0,99.5,99.5,0.2,793,0.897481513222648,89.6584,89.2994,89.2994,90.6456
2023-09-13,618223,61803761,100.5,100.5,99.4,99.8,0.3,546,0.897481513222648,90.1969,89.5687,89.2097,90.1969
2023-09-14,1021303,102497505,100.5,101.0,99.7,100.5,0.7,780,0.897481513222648,90.1969,90.1969,89.4789,90.6456
2023-09-15,1542206,155427794,102.0,102.5,99.6,99.6,-0.9,1154,0.897481513222648,91.5431,89.3892,89.3892,91.9919
2023-09-18,589656,58426822,98.7,99.9,98.6,98.6,-1.0,572,0.897481513222648,88.5814,88.4917,88.4917,89.6584
2023-09-19,956309,93028181,99.0,99.6,96.3,96.3,-2.3,782,0.897481513222648,88.8507,86.4275,86.4275,89.3892
2023-09-20,540018,51855270,96.5,97.2,95.0,95.0,-1.3,525,0.897481513222648,86.607,85.2607,85.2607,87.2352
2023-09-21,748685,70766887,95.0,95.3,93.8,95.2,0.2,536,0.897481513222648,85.2607,85.4402,84.1838,85.53
2023-09-22,707760,67294296,94.3,95.7,93.5,95.4,0.2,521,0.897481513222648,84.6325,85.6197,83.9145,85.889
2023-09-25,715607,69535727,95.6,98.3,95.5,97.5,2.1,605,0.897481513222648,85.7992,87.5044,85.7095,88.2224
2023-09-26,521491,50004528,97.5,97.8,94.5,94.5,-3.0,479,0.897481513222648,87.5044,84.812,84.812,87.7737
2023-09-27,419527,40014748,94.6,96.1,94.3,95.7,1.2,384,0.897481513222648,84.9018,85.889,84.6325,86.248
2023-09-28,215976,20717496,96.4,96.6,95.3,96.4,0.7,209,0.897481513222648,86.5172,86.5172,85.53,86.6967
2023-10-02,658460,64363796,96.5,98.5,96.5,98.5,2.1,602,0.897481513222648,86.607,88.4019,86.607,88.4019
2023-10-03,383053,37445947,97.6,98.6,97.1,97.3,-1.2,404,0.897481513222648,87.5942,87.325,87.1455,88.4917
2023-10-04,440914,42885387,96.6,97.9,96.5,97.9,0.6,444,0.897481513222648,86.6967,87.8634,86.607,87.8634
2023-10-05,509690,50158821,98.5,99.2,97.6,97.9,0.0,460,0.897481513222648,88.4019,87.8634,87.5942,89.0302
2023-10-06,853820,83270641,99.0,100.0,95.8,95.8,-2.1,759,0.897481513222648,88.8507,85.9787,85.9787,89.7482
2023-10-11,1963057,178134002,94.7,95.5,89.0,89.0,-6.8,1698,0.897481513222648,84.9915,79.8759,79.8759,85.7095
2023-10-12,1064270,97109049,89.5,93.0,89.0,91.6,2.6,846,0.897481513222648,80.3246,82.2093,79.8759,83.4658
2023-10-13,851178,78852755,91.5,93.4,91.4,92.9,1.3,714,0.897481513222648,82.1196,83.376,82.0298,83.8248
2023-10-16,479817,43745686,92.9,92.9,90.2,90.8,-2.1,400,0.897481513222648,83.376,81.4913,80.9528,83.376
2023-10-17,369914,33578554,91.5,92.0,89.8,90.0,-0.8,335,0.897481513222648,82.1196,80.7733,80.5938,82.5683
2023-10-18,576366,51252269,90.0,90.2,88.4,88.7,-1.3,490,0.897481513222648,80.7733,79.6066,79.3374,80.9528
2023-10-19,700696,61816537,88.7,89.7,87.1,89.4,0.7,515,0.897481513222648,79.6066,80.2348,78.1706,80.5041
2023-10-20,602556,52894935,89.3,89.3,87.2,87.8,-1.6,525,0.897481513222648,80.1451,78.7989,78.2604,80.1451
2023-10-23,272588,24137740,87.8,89.2,87.8,88.8,1.0,223,0.897481513222648,78.7989,79.6964,78.7989,80.0554
2023-10-24,390221,34447965,88.8,89.0,87.2,88.2,-0.6,322,0.897481513222648,79.6964,79.1579,78.2604,79.8759
2023-10-25,439757,38972510,88.8,89.2,88.0,88.5,0.3,405,0.897481513222648,79.6964,79.4271,78.9784,80.0554
2023-10-26,215169,18837287,87.9,88.2,87.1,87.3,-1.2,215,0.897481513222648,78.8886,78.3501,78.1706,79.1579
2023-10-27,336498,29442259,87.5,88.3,87.0,87.1,-0.2,321,0.897481513222648,78.5296,78.1706,78.0809,79.2476
2023-10-30,197252,17115156,86.7,87.3,86.2,86.3,-0.8,202,0.897481513222648,77.8116,77.4527,77.3629,78.3501
2023-10-31,532743,45504868,86.5,87.0,84.3,84.4,-1.9,505,0.897481513222648,77.6322,75.7474,75.6577,78.0809
2023-11-01,411732,34941515,84.5,86.0,83.7,86.0,1.6,315,0.897481513222648,75.8372,77.1834,75.1192,77.1834
2023-11-02,546973,48154006,86.3,88.8,86.3,88.0,2.0,466,0.897481513222648,77.4527,78.9784,77.4527,79.6964
2023-11-03,333191,29580079,88.4,89.4,88.1,88.5,0.5,220,0.897481513222648,79.3374,79.4271,79.0681,80.2348
2023-11-06,289050,25677190,88.5,89.4,88.2,88.9,0.4,253,0.897481513222648,79.4271,79.7861,79.1579,80.2348
2023-11-07,369697,32681136,88.8,89.2,87.7,88.0,-0.9,283,0.897481513222648,79.6964,78.9784,78.7091,80.0554
2023-11-08,273885,24029730,88.0,88.2,87.4,87.5,-0.5,267,0.897481513222648,78.9784,78.5296,78.4399,79.1579
2023-11-09,314924,27322413,88.2,88.2,86.0,86.0,-1.5,305,0.897481513222648,79.1579,77.1834,77.1834,79.1579
2023-11-10,409348,35020793,85.8,86.4,85.3,85.6,-0.4,223,0.897481513222648,77.0039,76.8244,76.5552,77.5424
2023-11-13,273271,23608913,86.1,86.8,86.0,86.1,0.5,240,0.897481513222648,77.2732,77.2732,77.1834,77.9014
2023-11-14,391923,33684083,86.8,87.2,85.2,85.2,-0.9,326,0.897481513222648,77.9014,76.4654,76.4654,78.2604
2023-11-15,1528564,134642554,86.0,89.2,85.4,88.1,2.9,1177,0.897481513222648,77.1834,79.0681,76.6449,80.0554
2023-11-16,1072671,95586761,88.2,90.5,88.2,88.8,0.7,851,0.897481513222648,79.1579,79.6964,79.1579,81.2221
2023-11-17,1292100,115747231,88.8,90.6,88.3,90.3,1.5,923,0.897481513222648,79.6964,81.0426,79.2476,81.3118
2023-11-20,410972,36945685,90.3,90.6,89.6,89.6,-0.7,376,0.897481513222648,81.0426,80.4143,80.4143,81.3118
2023-11-21,611108,55138997,90.0,90.9,89.6,90.0,0.4,473,0.897481513222648,80.7733,80.7733,80.4143,81.5811
2023-11-22,263334,23633218,89.8,90.4,89.4,89.5,-0.5,300,0.897481513222648,80.5938,80.3246,80.2348,81.1323
2023-11-23,299317,26698055,90.3,90.4,88.5,88.5,-1.0,326,0.897481513222648,81.0426,79.4271,79.4271,81.1323
2023-11-24,163273,14422362,88.8,88.9,88.1,88.2,-0.3,165,0.897481513222648,79.6964,79.1579,79.0681,79.7861
2023-11-27,298865,26130204,88.3,88.8,86.9,86.9,-1.3,291,0.897481513222648,79.2476,77.9911,77.9911,79.6964
2023-11-28,263508,23193707,87.7,88.5,87.2,88.1,1.2,217,0.897481513222648,78.7091,79.0681,78.2604,79.4271
2023-11-29,448908,39972789,88.7,90.1,88.2,88.5,0.4,359,0.897481513222648,79.6066,79.4271,79.1579,80.8631
2023-11-30,322330,28823565,88.8,90.1,88.8,89.5,1.0,303,0.897481513222648,79.6964,80.3246,79.6964,80.8631
2023-12-01,615349,55483387,89.2,91.0,88.9,91.0,1.5,509,0.897481513222648,80.0554,81.6708,79.7861,81.6708
2023-12-04,520705,47001172,91.1,91.2,89.5,89.5,-1.5,493,0.897481513222648,81.7606,80.3246,80.3246,81.8503
2023-12-05,336899,30148790,89.5,90.3,88.5,89.5,0.0,304,0.897481513222648,80.3246,80.3246,79.4271,81.0426
2023-12-06,579472,52227498,89.9,91.0,89.3,90.1,0.6,521,0.897481513222648,80.6836,80.8631,80.1451,81.6708
2023-12-07,515584,45969876,90.1,90.5,88.5,88.9,-1.2,491,0.897481513222648,80.8631,79.7861,79.4271,81.2221
2023-12-08,205261,18261397,89.5,89.6,88.8,88.8,-0.1,209,0.897481513222648,80.3246,79.6964,79.6964,80.4143
2023-12-11,243530,21623678,88.9,89.3,88.5,88.6,-0.2,197,0.897481513222648,79.7861,79.5169,79.4271,80.1451
2023-12-12,404872,35837182,89.0,89.8,87.5,87.8,-0.8,353,0.897481513222648,79.8759,78.7989,78.5296,80.5938
2023-12-13,173888,15390653,88.0,89.0,87.8,88.7,0.9,187,0.897481513222648,78.9784,79.6066,78.7989,79.8759
2023-12-14,2409949,219889389,89.4,92.1,89.3,91.9,3.2,1790,0.897481513222648,80.2348,82.4786,80.1451,82.658
2023-12-15,1745373,159376575,92.2,92.2,90.4,92.1,0.2,1363,0.897481513222648,82.7478,82.658,81.1323,82.7478
2023-12-18,703627,63990906,92.3,92.4,89.8,89.8,-2.3,634,0.897481513222648,82.8375,80.5938,80.5938,82.9273
2023-12-19,753540,66604109,89.9,89.9,87.6,88.4,-1.4,716,0.897481513222648,80.6836,79.3374,78.6194,80.6836
2023-12-20,577204,51536212,88.7,90.0,88.6,89.2,0.8,452,0.897481513222648,79.6066,80.0554,79.5169,80.7733
2023-12-21,255990,22703414,88.8,89.4,88.1,88.4,-0.8,208,0.897481513222648,79.6964,79.3374,79.0681,80.2348
2023-12-22,223229,19779387,88.8,89.0,88.4,88.4,0.0,184,0.897481513222648,79.6964,79.3374,79.3374,79.8759
2023-12-25,172491,15210478,88.4,88.6,87.9,88.0,-0.4,183,0.897481513222648,79.3374,78.9784,78.8886,79.5169
2023-12-26,203781,18043709,88.1,89.4,88.1,89.4,1.4,170,0.897481513222648,79.0681,80.2348,79.0681,80.2348
2023-12-27,641594,57888288,89.4,90.8,89.4,90.6,1.2,427,0.897481513222648,80.2348,81.3118,80.2348,81.4913
2023-12-28,253035,22886775,90.6,91.1,89.9,89.9,-0.7,260,0.897481513222648,81.3118,80.6836,80.6836,81.7606
2023-12-29,248266,22325371,90.3,90.5,89.3,90.2,0.3,220,0.897481513222648,81.0426,80.9528,80.1451,81.2221
2024-01-02,267030,24040502,89.8,90.5,89.5,90.2,0.0,181,0.897481513222648,80.5938,80.9528,80.3246,81.2221
2024-01-03,233161,20740946,90.2,90.2,88.4,88.5,-1.7,245,0.897481513222648,80.9528,79.4271,79.3374,80.9528
2024-01-04,290162,25625469,88.7,88.9,88.0,88.1,-0.4,212,0.897481513222648,79.6066,79.0681,78.9784,79.7861
2024-01-05,212041,18665867,88.2,88.7,87.7,87.8,-0.3,224,0.897481513222648,79.1579,78.7989,78.7091,79.6066
2024-01-08,842083,72414183,87.9,88.0,85.3,85.3,-2.5,800,0.897481513222648,78.8886,76.5552,76.5552,78.9784
2024-01-09,659678,55689886,85.9,85.9,83.7,84.5,-0.8,562,0.897481513222648,77.0937,75.8372,75.1192,77.0937
2024-01-10,289376,24206519,83.8,84.3,83.3,83.8,-0.7,351,0.897481513222648,75.209,75.209,74.7602,75.6577
2024-01-11,408614,34544970,83.9,85.2,83.8,85.0,1.2,418,0.897481513222648,75.2987,76.2859,75.209,76.4654
2024-01-12,214253,18053591,85.0,85.0,83.9,83.9,-1.1,238,0.897481513222648,76.2859,75.2987,75.2987,76.2859
2024-01-15,217762,18497325,84.3,85.5,84.3,85.5,1.6,228,0.897481513222648,75.6577,76.7347,75.6577,76.7347
2024-01-16,161464,13691579,85.5,85.5,84.5,84.8,-0.7,187,0.897481513222648,76.7347,76.1064,75.8372,76.7347
2024-01-17,297352,25014017,84.8,85.5,83.7,84.0,-0.8,327,0.897481513222648,76.1064,75.3884,75.1192,76.7347
2024-01-18,361758,30167481,84.8,84.9,82.7,83.5,-0.5,384,0.897481513222648,76.1064,74.9397,74.2217,76.1962
2024-01-19,193868,16301545,84.1,84.8,83.6,84.8,1.3,229,0.897481513222648,75.4782,76.1064,75.0295,76.1064
2024-01-22,479896,41128218,84.9,86.2,84.9,86.2,1.4,493,0.897481513222648,76.1962,77.3629,76.1962,77.3629
2024-01-23,254905,22084680,86.2,87.2,86.0,87.2,1.0,294,0.897481513222648,77.3629,78.2604,77.1834,78.2604
2024-01-24,2758741,251303167,89.0,92.8,89.0,91.0,3.8,2424,0.897481513222648,79.8759,81.6708,79.8759,83.2863
2024-01-25,868102,79200861,92.0,92.2,90.1,90.9,-0.1,989,0.897481513222648,82.5683,81.5811,80.8631,82.7478
2024-01-26,456373,41367613,90.9,92.0,89.4,89.6,-1.3,590,0.897481513222648,81.5811,80.4143,80.2348,82.5683
2024-01-29,310571,27935494,89.6,90.7,89.3,90.2,0.6,396,0.897481513222648,80.4143,80.9528,80.1451,81.4016
2024-01-30,237698,21402453,90.4,90.4,89.6,90.2,0.0,340,0.897481513222648,81.1323,80.9528,80.4143,81.1323
2024-01-31,337626,30720213,92.0,92.0,90.2,91.0,0.8,380,0.897481513222648,82.5683,81.6708,80.9528,82.5683
2024-02-01,662854,60846060,92.0,92.3,91.0,91.4,0.4,790,0.897481513222648,82.5683,82.0298,81.6708,82.8375
2024-02-02,1544147,144552910,92.5,94.4,92.0,93.9,2.5,1557,0.897481513222648,83.017,84.2735,82.5683,84.7223
2024-02-05,1319742,125297985,93.9,95.8,93.6,94.6,0.7,1618,0.897481513222648,84.2735,84.9018,84.0043,85.9787
2024-02-15,696457,64894098,92.4,94.7,92.4,93.6,-1.0,1247,0.897481513222648,82.9273,84.0043,82.9273,84.9915
2024-02-16,1433468,138473110,93.6,97.8,93.6,97.5,3.9,1481,0.897481513222648,84.0043,87.5044,84.0043,87.7737
2024-02-19,945604,90941003,98.0,98.0,95.3,95.8,-1.7,1366,0.897481513222648,87.9532,85.9787,85.53,87.9532
2024-02-20,468054,44459436,96.0,96.0,94.5,94.7,-1.1,597,0.897481513222648,86.1582,84.9915,84.812,86.1582
2024-02-21,553681,52296856,94.7,95.8,93.8,94.1,-0.6,584,0.897481513222648,84.9915,84.453,84.1838,85.9787
2024-02-22,834116,78427676,94.7,95.0,93.5,93.6,-0.5,800,0.897481513222648,84.9915,84.0043,83.9145,85.2607
2024-02-23,506451,47285249,94.2,94.4,92.7,92.7,-0.9,570,0.897481513222648,84.5428,83.1965,83.1965,84.7223
2024-02-26,323335,30058616,93.0,93.5,92.6,93.4,0.7,470,0.897481513222648,83.4658,83.8248,83.1068,83.9145
2024-02-27,456122,42071489,93.7,93.8,91.4,91.8,-1.6,618,0.897481513222648,84.094,82.3888,82.0298,84.1838
2024-02-29,215277,19907676,92.1,93.2,91.8,92.5,0.7,371,0.897481513222648,82.658,83.017,82.3888,83.6453
2024-03-01,358009,32806900,92.3,92.5,91.2,91.2,-1.3,477,0.897481513222648,82.8375,81.8503,81.8503,83.017
2024-03-04,290392,26706153,92.0,92.7,91.4,91.6,0.4,445,0.897481513222648,82.5683,82.2093,82.0298,83.1965
2024-03-05,203997,18651412,91.6,92.4,91.1,91.3,-0.3,355,0.897481513222648,82.2093,81.9401,81.7606,82.9273
2024-03-06,515898,47724168,90.5,93.6,90.5,92.1,0.8,553,0.897481513222648,81.2221,82.658,81.2221,84.0043
2024-03-07,392026,36061865,92.5,93.4,91.5,91.6,-0.5,515,0.897481513222648,83.017,82.2093,82.1196,83.8248
2024-03-08,612639,55394179,91.6,91.7,89.5,89.8,-1.8,642,0.897481513222648,82.2093,80.5938,80.3246,82.2991
2024-03-11,210007,19094857,89.9,91.2,89.9,91.2,1.4,352,0.897481513222648,80.6836,81.8503,80.6836,81.8503
2024-03-12,282913,25993928,91.2,92.2,91.2,92.2,1.0,347,0.897481513222648,81.8503,82.7478,81.8503,82.7478
2024-03-13,669861,62025906,93.0,93.7,91.1,91.2,-1.0,931,0.897481513222648,83.4658,81.8503,81.7606,84.094
2024-03-14,428999,38624669,91.5,91.6,89.1,89.1,-2.1,782,0.897481513222648,82.1196,79.9656,79.9656,82.2093
2024-03-15,369359,32879675,90.0,90.0,87.9,88.4,-0.7,463,0.897481513222648,80.7733,79.3374,78.8886,80.7733
2024-03-18,282262,25110200,89.2,89.5,88.3,89.4,1.0,539,0.897481513222648,80.0554,80.2348,79.2476,80.3246
2024-03-19,164494,14745647,89.4,89.9,89.1,89.7,0.3,220,0.897481513222648,80.2348,80.5041,79.9656,80.6836
2024-03-20,259067,23292145,90.6,90.6,89.3,90.0,0.3,301,0.897481513222648,81.3118,80.7733,80.1451,81.3118
2024-03-21,257066,23089759,90.5,90.5,89.4,89.7,-0.3,302,0.897481513222648,81.2221,80.5041,80.2348,81.2221
2024-03-22,283986,25532045,90.0,90.6,89.6,89.7,0.0,295,0.897481513222648,80.7733,80.5041,80.4143,81.3118
2024-03-25,303673,27694920,90.4,91.8,90.4,91.0,1.3,353,0.897481513222648,81.1323,81.6708,81.1323,82.3888
2024-03-26,262728,23605444,91.1,91.8,88.6,89.0,-2.0,894,0.897481513222648,81.7606,79.8759,79.5169,82.3888
2024-03-27,204087,18234969,89.0,89.6,88.7,89.6,0.6,238,0.897481513222648,79.8759,80.4143,79.6066,80.4143
2024-03-28,221943,19922221,89.5,90.2,89.5,89.6,0.0,260,0.897481513222648,80.3246,80.4143,80.3246,80.9528
2024-03-29,346330,31482674,90.1,91.5,90.0,91.0,1.4,412,0.897481513222648,80.8631,81.6708,80.7733,82.1196
2024-04-01,842462,78229047,91.8,93.9,91.7,92.2,1.2,786,0.897481513222648,82.3888,82.7478,82.2991,84.2735
2024-04-02,382534,35246233,92.7,92.8,91.8,92.0,-0.2,520,0.897481513222648,83.1965,82.5683,82.3888,83.2863
2024-04-03,222846,20505351,91.9,92.5,91.6,92.2,0.2,290,0.897481513222648,82.4786,82.7478,82.2093,83.017
2024-04-08,227858,20803132,92.2,92.2,91.0,91.2,-1.0,586,0.897481513222648,82.7478,81.8503,81.6708,82.7478
2024-04-09,680436,61023526,90.7,90.8,89.1,89.2,-2.0,779,0.897481513222648,81.4016,80.0554,79.9656,81.4913
2024-04-10,274256,24520368,89.2,89.9,89.0,89.1,-0.1,291,0.897481513222648,80.0554,79.9656,79.8759,80.6836
2024-04-11,300978,26606683,89.1,89.1,88.1,88.1,-1.0,386,0.897481513222648,79.9656,79.0681,79.0681,79.9656
2024-04-12,199995,17692740,88.4,89.0,88.1,88.5,0.4,296,0.897481513222648,79.3374,79.4271,79.0681,79.8759
2024-04-15,240495,21080045,88.0,88.1,87.3,87.3,-1.2,482,0.897481513222648,78.9784,78.3501,78.3501,79.0681
2024-04-16,386831,32923737,86.8,87.0,84.2,84.7,-2.6,620,0.897481513222648,77.9014,76.0167,75.5679,78.0809
2024-04-17,152638,13004849,85.4,85.7,84.9,85.1,0.4,416,0.897481513222648,76.6449,76.3757,76.1962,76.9142
2024-04-18,128677,10960355,85.2,85.6,84.9,85.3,0.2,893,0.897481513222648,76.4654,76.5552,76.1962,76.8244
2024-04-19,623107,51448264,85.0,85.0,80.6,81.9,-3.4,979,0.897481513222648,76.2859,73.5037,72.337,76.2859
2024-04-22,197921,16314888,82.0,83.2,81.7,81.7,-0.2,314,0.897481513222648,73.5935,73.3242,73.3242,74.6705
2024-04-23,177847,14587314,82.0,82.6,81.5,82.3,0.6,235,0.897481513222648,73.5935,73.8627,73.1447,74.132
2024-04-24,138768,11563291,82.8,83.6,82.7,83.5,1.2,171,0.897481513222648,74.3115,74.9397,74.2217,75.0295
2024-04-25,109457,9067891,83.4,83.4,82.3,82.3,-1.2,192,0.897481513222648,74.85,73.8627,73.8627,74.85
2024-04-26,109791,9087429,82.5,83.3,82.5,82.6,0.3,195,0.897481513222648,74.0422,74.132,74.0422,74.7602
2024-04-29,100884,8414513,82.9,84.1,82.8,83.4,0.8,271,0.897481513222648,74.4012,74.85,74.3115,75.4782
2024-04-30,105859,8896112,83.5,84.3,83.5,83.8,0.4,160,0.897481513222648,74.9397,75.209,74.9397,75.6577
2024-05-02,164468,13933066,83.9,85.5,83.9,85.5,1.7,197,0.897481513222648,75.2987,76.7347,75.2987,76.7347
2024-05-03,247308,21071368,85.8,86.2,84.5,85.0,-0.5,282,0.897481513222648,77.0039,76.2859,75.8372,77.3629
2024-05-06,144723,12274116,86.0,86.0,84.1,84.1,-0.9,187,0.897481513222648,77.1834,75.4782,75.4782,77.1834
2024-05-07,212520,17833031,84.7,85.4,83.2,84.4,0.3,158,0.897481513222648,76.0167,75.7474,74.6705,76.6449
2024-05-08,130800,11092444,84.4,85.4,84.4,85.2,0.8,121,0.897481513222648,75.7474,76.4654,75.7474,76.6449
2024-05-09,148698,12570253,85.1,85.4,83.6,83.6,-1.6,197,0.897481513222648,76.3757,75.0295,75.0295,76.6449
2024-05-10,117190,9814004,84.1,84.1,83.5,83.7,0.1,161,0.897481513222648,75.4782,75.1192,74.9397,75.4782
2024-05-13,105824,8870649,83.7,84.2,83.1,84.1,0.4,132,0.897481513222648,75.1192,75.4782,74.5807,75.5679
2024-05-14,92824,7794147,84.1,84.5,83.5,83.9,-0.2,137,0.897481513222648,75.4782,75.2987,74.9397,75.8372
2024-05-15,142624,12016300,84.4,84.9,83.9,83.9,0.0,132,0.897481513222648,75.7474,75.2987,75.2987,76.1962
2024-05-16,118390,10016622,84.9,84.9,84.2,84.6,0.7,129,0.897481513222648,76.1962,75.9269,75.5679,76.1962
2024-05-17,180517,15361199,84.6,85.8,84.6,85.2,0.6,179,0.897481513222648,75.9269,76.4654,75.9269,77.0039
2024-05-20,108218,9161043,85.3,85.3,84.1,84.1,-1.1,126,0.897481513222648,76.5552,75.4782,75.4782,76.5552
2024-05-21,118918,10055350,84.2,85.5,84.1,84.8,0.7,128,0.897481513222648,75.5679,76.1064,75.4782,76.7347
2024-05-22,237824,20308130,85.0,85.7,84.8,85.6,0.8,210,0.897481513222648,76.2859,76.8244,76.1064,76.9142
2024-05-23,191615,16234074,86.0,86.1,84.0,84.0,-1.6,237,0.897481513222648,77.1834,75.3884,75.3884,77.2732
2024-05-24,183191,15342653,84.0,84.3,83.5,84.1,0.1,212,0.897481513222648,75.3884,75.4782,74.9397,75.6577
2024-05-27,280517,23711325,84.9,84.9,84.2,84.9,0.8,235,0.897481513222648,76.1962,76.1962,75.5679,76.1962
2024-05-28,232519,19825045,85.4,85.8,85.0,85.2,0.3,227,0.897481513222648,76.6449,76.4654,76.2859,77.0039
2024-05-29,218702,18548802,85.2,85.4,84.4,84.5,-0.7,235,0.897481513222648,76.4654,75.8372,75.7474,76.6449
2024-05-30,248686,20842938,84.5,84.9,83.4,83.5,-1.0,286,0.897481513222648,75.8372,74.9397,74.85,76.1962
2024-05-31,226374,18870607,83.6,84.1,82.8,83.0,-0.5,247,0.897481513222648,75.0295,74.491,74.3115,75.4782
2024-06-03,189038,15741407,83.5,83.5,83.0,83.3,0.3,205,0.897481513222648,74.9397,74.7602,74.491,74.9397
2024-06-04,219474,18383694,83.6,84.3,83.1,83.3,0.0,206,0.897481513222648,75.0295,74.7602,74.5807,75.6577
2024-06-05,285378,23551977,83.8,83.8,82.0,82.0,-1.3,358,0.897481513222648,75.209,73.5935,73.5935,75.209
2024-06-06,386734,32605075,84.5,85.3,83.2,84.0,2.0,388,0.897481513222648,75.8372,75.3884,74.6705,76.5552
2024-06-07,163073,13697275,84.5,84.5,83.7,83.8,-0.2,147,0.897481513222648,75.8372,75.209,75.1192,75.8372
2024-06-11,200039,16589267,84.5,84.6,82.5,82.5,-1.3,231,0.897481513222648,75.8372,74.0422,74.0422,75.9269
2024-06-12,189247,15580133,82.5,82.8,82.0,82.4,-0.1,178,0.897481513222648,74.0422,73.9525,73.5935,74.3115
2024-06-13,158241,13062505,82.9,82.9,82.2,82.5,0.1,159,0.897481513222648,74.4012,74.0422,73.773,74.4012
2024-06-14,202145,16909859,83.6,84.2,82.6,83.9,1.4,221,0.897481513222648,75.0295,75.2987,74.132,75.5679
2024-06-17,211599,17674103,83.8,83.8,83.2,83.2,-0.7,220,0.897481513222648,75.209,74.6705,74.6705,75.209
2024-06-18,200622,16823814,83.5,84.6,83.3,83.9,0.7,188,0.897481513222648,74.9397,75.2987,74.7602,75.9269
2024-06-19,178249,14954120,84.1,84.1,83.6,83.8,-0.1,177,0.897481513222648,75.4782,75.209,75.0295,75.4782
2024-06-20,256695,21730563,84.1,85.0,83.8,84.8,1.0,251,0.897481513222648,75.4782,76.1064,75.209,76.2859
2024-06-21,225488,19146093,84.6,85.4,84.3,84.8,0.0,189,0.897481513222648,75.9269,76.1064,75.6577,76.6449
2024-06-24,698899,59585627,85.6,86.5,84.3,84.3,-0.5,588,0.897481513222648,76.8244,75.6577,75.6577,77.6322
2024-06-25,292258,24427173,84.4,84.8,82.4,84.5,0.2,310,0.897481513222648,75.7474,75.8372,73.9525,76.1064
2024-06-26,345047,29517302,85.6,86.5,85.0,85.0,0.5,302,0.897481513222648,76.8244,76.2859,76.2859,77.6322
2024-06-27,164090,13861136,84.8,84.9,84.2,84.4,-0.6,166,0.897481513222648,76.1064,75.7474,75.5679,76.1962
2024-06-28,155759,13125610,84.4,84.8,84.0,84.2,-0.2,181,0.897481513222648,75.7474,75.5679,75.3884,76.1064
2024-08-01,142273,10315410,73.0,73.1,72.0,73.0,1.1,387,0.9345766775569587,68.2241,68.2241,67.2895,68.3176
2024-08-02,186124,13201108,72.5,72.5,70.1,70.1,-2.9,243,0.9345766775569587,67.7568,65.5138,65.5138,67.7568
2024-08-05,512226,33315151,69.3,69.3,63.3,65.3,-4.8,476,0.9345766775569587,64.7662,61.0279,59.1587,64.7662
2024-08-06,327248,20669548,66.0,66.0,61.0,63.6,-1.7,333,0.9345766775569587,61.6821,59.4391,57.0092,61.6821
2024-08-07,209733,13952206,63.6,67.5,63.6,66.9,3.3,212,0.9345766775569587,59.4391,62.5232,59.4391,63.0839
2024-08-08,92613,6079933,65.7,66.4,65.1,65.4,-1.5,238,0.9345766775569587,61.4017,61.1213,60.8409,62.0559
2024-08-09,131918,8790537,66.2,67.8,66.1,66.5,1.1,167,0.9345766775569587,61.869,62.1493,61.7755,63.3643
2024-08-12,135542,9085139,66.5,67.6,66.5,66.6,0.1,144,0.9345766775569587,62.1493,62.2428,62.1493,63.1774
2024-08-13,495247,34526540,68.8,70.9,68.5,69.3,2.7,465,0.9345766775569587,64.2989,64.7662,64.0185,66.2615
2024-08-14,180476,12588944,70.5,70.5,69.1,69.6,0.3,270,0.9345766775569587,65.8877,65.0465,64.5792,65.8877
2024-08-15,74091,5173338,70.5,70.5,69.4,69.5,-0.1,106,0.9345766775569587,65.8877,64.9531,64.8596,65.8877
2024-08-16,125270,8802285,70.5,70.9,69.8,69.9,0.4,136,0.9345766775569587,65.8877,65.3269,65.2335,66.2615
2024-08-19,75399,5270346,70.1,70.3,69.5,69.7,-0.2,111,0.9345766775569587,65.5138,65.14,64.9531,65.7007
2024-08-20,137577,9732781,71.6,71.6,70.1,70.3,0.6,135,0.9345766775569587,66.9157,65.7007,65.5138,66.9157
2024-08-21,109306,7665215,70.3,70.7,69.8,70.0,-0.3,210,0.9345766775569587,65.7007,65.4204,65.2335,66.0746
2024-08-22,93134,6577048,70.2,70.9,70.1,70.9,0.9,109,0.9345766775569587,65.6073,66.2615,65.5138,66.2615
2024-08-23,73420,5197694,70.9,71.4,70.1,71.3,0.4,99,0.9345766775569587,66.2615,66.6353,65.5138,66.7288
2024-08-26,143984,10317230,71.5,72.1,71.1,71.7,0.4,247,0.9345766775569587,66.8222,67.0091,66.4484,67.383
2024-08-27,71273,5060451,71.7,71.7,70.6,71.2,-0.5,355,0.9345766775569587,67.0091,66.5419,65.9811,67.0091
2024-08-28,110368,7804123,71.3,71.3,70.2,70.8,-0.4,103,0.9345766775569587,66.6353,66.168,65.6073,66.6353
2024-08-29,105141,7456415,70.1,71.5,70.1,70.9,0.1,112,0.9345766775569587,65.5138,66.2615,65.5138,66.8222
2024-08-30,244199,17634222,71.3,72.8,71.3,72.4,1.5,237,0.9345766775569587,66.6353,67.6634,66.6353,68.0372
2024-09-02,210776,15363295,72.9,73.4,72.3,72.8,0.4,289,0.9345766775569587,68.1306,68.0372,67.5699,68.5979
2024-09-03,516347,38296798,72.9,75.2,72.9,73.7,0.9,474,0.9345766775569587,68.1306,68.8783,68.1306,70.2802
2024-09-04,494984,35289241,70.6,72.9,69.2,72.9,-0.8,493,0.9345766775569587,65.9811,68.1306,64.6727,68.1306
2024-09-05,213082,15383444,73.0,73.7,71.1,71.5,-1.4,247,0.9345766775569587,68.2241,66.8222,66.4484,68.8783
2024-09-06,194074,13865245,72.0,72.0,70.7,72.0,0.5,286,0.9345766775569587,67.2895,67.2895,66.0746,67.2895
2024-09-09,347820,24199326,69.5,70.1,68.8,70.1,-1.9,314,0.9345766775569587,64.9531,65.5138,64.2989,65.5138
2024-09-10,205862,14135375,70.0,70.2,67.4,67.5,-2.6,277,0.9345766775569587,65.4204,63.0839,62.9905,65.6073
2024-09-11,188803,12837876,68.6,68.7,67.3,68.0,0.5,152,0.9345766775569587,64.112,63.5512,62.897,64.2054
2024-09-12,87250,6040529,69.6,69.6,68.9,69.3,1.3,108,0.9345766775569587,65.0465,64.7662,64.3923,65.0465
2024-09-13,91886,6439662,69.3,70.5,69.3,69.9,0.6,128,0.9345766775569587,64.7662,65.3269,64.7662,65.8877
2024-09-16,165560,11766739,70.8,71.8,70.6,71.2,1.3,268,0.9345766775569587,66.168,66.5419,65.9811,67.1026
2024-09-18,86474,6133130,71.2,71.3,70.4,70.6,-0.6,140,0.9345766775569587,66.5419,65.9811,65.7942,66.6353
2024-09-19,84346,5998437,71.4,71.4,70.9,71.0,0.4,92,0.9345766775569587,66.7288,66.3549,66.2615,66.7288
2024-09-20,107579,7672705,71.5,71.7,71.0,71.0,0.0,128,0.9345766775569587,66.8222,66.3549,66.3549,67.0091
2024-09-23,113213,8065739,71.1,71.7,71.0,71.2,0.2,117,0.9345766775569587,66.4484,66.5419,66.3549,67.0091
2024-09-24,62579,4430866,71.2,71.4,70.3,70.3,-0.9,158,0.9345766775569587,66.5419,65.7007,65.7007,66.7288
2024-09-25,146206,10372785,70.5,71.4,70.3,71.0,0.7,141,0.9345766775569587,65.8877,66.3549,65.7007,66.7288
2024-09-26,79771,5646807,71.1,71.2,70.1,70.2,-0.8,245,0.9345766775569587,66.4484,65.6073,65.5138,66.5419
2024-09-27,80945,5716230,70.4,71.1,70.3,70.6,0.4,96,0.9345766775569587,65.7942,65.9811,65.7007,66.4484
2024-09-30,131407,9224857,70.8,70.9,69.9,70.0,-0.6,150,0.9345766775569587,66.168,65.4204,65.3269,66.2615
2024-10-01,151047,10548187,70.0,70.3,69.5,70.1,0.1,169,0.9345766775569587,65.4204,65.5138,64.9531,65.7007
2024-10-04,188772,13264741,69.8,71.3,69.2,71.1,1.0,200,0.9345766775569587,65.2335,66.4484,64.6727,66.6353
2024-10-07,144317,10271633,71.8,72.2,70.7,71.0,-0.1,221,0.9345766775569587,67.1026,66.3549,66.0746,67.4764
2024-10-08,106699,7551150,71.6,71.6,70.3,71.3,0.3,145,0.9345766775569587,66.9157,66.6353,65.7007,66.9157
2024-10-09,193622,13549500,71.2,71.2,69.3,69.3,-2.0,231,0.9345766775569587,66.5419,64.7662,64.7662,66.5419
2024-10-11,188838,13000474,69.9,69.9,68.4,69.0,-0.3,223,0.9345766775569587,65.3269,64.4858,63.925,65.3269
2024-10-14,72225,4998613,69.7,69.8,68.6,69.5,0.5,118,0.9345766775569587,65.14,64.9531,64.112,65.2335
2024-10-15,129615,9067817,69.5,70.3,69.5,69.8,0.3,146,0.9345766775569587,64.9531,65.2335,64.9531,65.7007
2024-10-16,103527,7210933,69.8,70.5,69.0,70.0,0.2,242,0.9345766775569587,65.2335,65.4204,64.4858,65.8877
2024-10-17,64947,4578654,70.0,71.0,70.0,70.5,0.5,231,0.9345766775569587,65.4204,65.8877,65.4204,66.3549
2024-10-18,95368,6670248,70.5,70.6,69.4,69.5,-1.0,177,0.9345766775569587,65.8877,64.9531,64.8596,65.9811
2024-10-21,117214,8194066,69.3,70.3,69.1,69.9,0.4,169,0.9345766775569587,64.7662,65.3269,64.5792,65.7007
2024-10-22,129156,9079559,69.5,70.8,69.5,70.6,0.7,120,0.9345766775569587,64.9531,65.9811,64.9531,66.168
2024-10-23,230363,16502070,70.6,72.1,70.6,71.8,1.2,256,0.9345766775569587,65.9811,67.1026,65.9811,67.383
2024-10-24,129889,9307553,72.0,72.8,71.1,71.4,-0.4,254,0.9345766775569587,67.2895,66.7288,66.4484,68.0372
2024-10-25,53730,3820046,71.6,71.6,70.6,71.5,0.1,131,0.9345766775569587,66.9157,66.8222,65.9811,66.9157
2024-10-28,94743,6760881,71.5,72.0,70.8,71.3,-0.2,287,0.9345766775569587,66.8222,66.6353,66.168,67.2895
2024-10-29,131435,9243185,71.0,71.2,69.6,70.9,-0.4,153,0.9345766775569587,66.3549,66.2615,65.0465,66.5419
2024-10-30,82468,5788266,70.3,70.7,69.9,70.0,-0.9,113,0.9345766775569587,65.7007,65.4204,65.3269,66.0746
2024-11-01,155428,10862261,69.6,70.8,69.3,70.8,0.8,141,0.9345766775569587,65.0465,66.168,64.7662,66.168
2024-11-04,199122,14038838,70.1,71.5,69.6,70.4,-0.4,189,0.9345766775569587,65.5138,65.7942,65.0465,66.8222
2024-11-05,142763,10145598,71.3,71.4,70.4,70.9,0.5,188,0.9345766775569587,66.6353,66.2615,65.7942,66.7288
2024-11-06,91365,6524759,71.2,71.7,71.0,71.6,0.7,140,0.9345766775569587,66.5419,66.9157,66.3549,67.0091
2024-11-07,309512,22632360,71.6,73.7,71.6,73.7,2.1,349,0.9345766775569587,66.9157,68.8783,66.9157,68.8783
2024-11-08,304426,22024578,73.2,73.6,71.1,71.3,-2.4,633,0.9345766775569587,68.411,66.6353,66.4484,68.7848
2024-11-11,129843,9129966,70.7,71.2,69.3,70.5,-0.8,186,0.9345766775569587,66.0746,65.8877,64.7662,66.5419
2024-11-12,225670,15731772,69.7,70.9,69.1,70.1,-0.4,254,0.9345766775569587,65.14,65.5138,64.5792,66.2615
2024-11-13,243764,16918801,69.9,70.0,69.0,69.2,-0.9,259,0.9345766775569587,65.3269,64.6727,64.4858,65.4204
2024-11-14,163371,11330028,69.2,70.5,68.8,69.9,0.7,180,0.9345766775569587,64.6727,65.3269,64.2989,65.8877
2024-11-15,170178,11877131,70.4,70.4,69.2,70.2,0.3,162,0.9345766775569587,65.7942,65.6073,64.6727,65.7942
2024-11-18,156619,10973277,69.5,70.8,69.3,70.0,-0.2,151,0.9345766775569587,64.9531,65.4204,64.7662,66.168
2024-11-19,85364,5991059,70.0,70.8,69.8,69.8,-0.2,111,0.9345766775569587,65.4204,65.2335,65.2335,66.168
2024-11-20,105388,7330076,69.6,70.0,69.4,69.4,-0.4,158,0.9345766775569587,65.0465,64.8596,64.8596,65.4204
2024-11-21,86032,5993578,69.3,70.3,69.3,69.5,0.1,115,0.9345766775569587,64.7662,64.9531,64.7662,65.7007
2024-11-22,80394,5641874,69.7,70.5,69.7,70.2,0.7,104,0.9345766775569587,65.14,65.6073,65.14,65.8877
2024-11-25,74430,5262532,70.7,71.0,70.4,70.4,0.2,82,0.9345766775569587,66.0746,65.7942,65.7942,66.3549
2024-11-26,50325,3551500,70.0,70.8,70.0,70.5,0.1,111,0.9345766775569587,65.4204,65.8877,65.4204,66.168
2024-11-27,131865,9215873,70.3,70.5,69.4,69.4,-1.1,560,0.9345766775569587,65.7007,64.8596,64.8596,65.8877
2024-11-28,202521,14025394,69.3,70.4,68.6,69.6,0.2,214,0.9345766775569587,64.7662,65.0465,64.112,65.7942
2024-11-29,43467,3022499,69.2,70.0,69.1,69.8,0.2,77,0.9345766775569587,64.6727,65.2335,64.5792,65.4204
2024-12-02,54304,3810275,70.1,70.4,69.9,69.9,0.1,85,0.9345766775569587,65.5138,65.3269,65.3269,65.7942
2024-12-03,103793,7226824,70.3,70.3,69.0,69.0,-0.9,189,0.9345766775569587,65.7007,64.4858,64.4858,65.7007
2024-12-04,206318,14221175,69.1,70.1,68.5,68.6,-0.4,248,0.9345766775569587,64.5792,64.112,64.0185,65.5138
2024-12-05,287553,19593018,68.8,69.0,67.3,68.0,-0.6,291,0.9345766775569587,64.2989,63.5512,62.897,64.4858
2024-12-06,181279,12291383,68.0,68.6,67.6,67.7,-0.3,209,0.9345766775569587,63.5512,63.2708,63.1774,64.112
2024-12-09,199167,13546743,67.7,68.8,67.2,68.7,1.0,199,0.9345766775569587,63.2708,64.2054,62.8036,64.2989
2024-12-10,182083,12365467,68.7,69.0,67.4,67.4,-1.3,275,0.9345766775569587,64.2054,62.9905,62.9905,64.4858
2024-12-11,226176,15080962,67.2,67.3,66.1,66.1,-1.3,248,0.9345766775569587,62.8036,61.7755,61.7755,62.897
2024-12-12,85485,5694130,66.2,67.3,66.2,66.2,0.1,333,0.9345766775569587,61.869,61.869,61.869,62.897
2024-12-13,233500,15166635,66.0,66.2,64.3,64.4,-1.8,341,0.9345766775569587,61.6821,60.1867,60.0933,61.869
2024-12-16,118580,7539907,64.6,64.7,63.2,63.2,-1.2,185,0.9345766775569587,60.3737,59.0652,59.0652,60.4671
2024-12-17,97119,6235895,64.0,64.7,63.7,64.1,0.9,129,0.9345766775569587,59.8129,59.9064,59.5325,60.4671
2024-12-18,74799,4826344,64.0,64.9,63.7,64.6,0.5,320,0.9345766775569587,59.8129,60.3737,59.5325,60.654
2024-12-19,82271,5254733,64.3,64.3,63.7,63.7,-0.9,262,0.9345766775569587,60.0933,59.5325,59.5325,60.0933
2024-12-20,67832,4313513,63.6,64.4,63.3,63.4,-0.3,108,0.9345766775569587,59.4391,59.2522,59.1587,60.1867
2024-12-23,160032,10161955,63.7,64.1,63.2,63.4,0.0,159,0.9345766775569587,59.5325,59.2522,59.0652,59.9064
2024-12-24,189366,12007248,63.4,64.4,62.9,63.0,-0.4,229,0.9345766775569587,59.2522,58.8783,58.7849,60.1867
2024-12-25,230625,14497584,63.2,63.8,62.5,62.5,-0.5,197,0.9345766775569587,59.0652,58.411,58.411,59.626
2024-12-26,118969,7510476,63.6,63.6,62.7,63.4,0.9,143,0.9345766775569587,59.4391,59.2522,58.598,59.4391
2024-12-27,321837,20150515,63.6,64.0,61.9,62.7,-0.7,325,0.9345766775569587,59.4391,58.598,57.8503,59.8129
2024-12-30,171895,10709349,62.7,63.2,61.7,61.8,-0.9,214,0.9345766775569587,58.598,57.7568,57.6634,59.0652
2024-12-31,179573,11226569,61.8,63.0,61.6,62.5,0.7,163,0.9345766775569587,57.7568,58.411,57.5699,58.8783
2025-01-02,511320,32823939,63.9,65.2,63.3,63.4,0.9,399,0.9345766775569587,59.7194,59.2522,59.1587,60.9344
2025-01-03,124115,7878457,64.1,64.5,62.8,62.9,-0.5,176,0.9345766775569587,59.9064,58.7849,58.6914,60.2802
2025-01-06,143929,9187467,62.9,64.4,62.8,64.1,1.2,159,0.9345766775569587,58.7849,59.9064,58.6914,60.1867
2025-01-07,475227,33245995,66.6,70.5,66.6,70.5,6.4,319,0.9345766775569587,62.2428,65.8877,62.2428,65.8877
2025-01-08,4920135,368516516,74.6,77.5,71.1,77.5,7.0,3983,0.9345766775569587,69.7194,72.4297,66.4484,72.4297
2025-01-09,16455960,1324684942,78.9,83.6,77.6,80.7,3.2,12274,0.9345766775569587,73.7381,75.4203,72.5232,78.1306
2025-01-10,4226841,332278233,81.0,81.0,76.7,79.3,-1.4,3628,0.9345766775569587,75.7007,74.1119,71.682,75.7007
2025-01-13,4082972,323431694,80.0,82.0,76.6,79.7,0.4,4133,0.9345766775569587,74.7661,74.4858,71.5886,76.6353
2025-01-14,4697116,373524239,79.8,81.9,76.8,80.8,1.1,3995,0.9345766775569587,74.5792,75.5138,71.7755,76.5418
2025-01-15,2323959,184004852,79.9,80.3,78.0,78.0,-2.8,2643,0.9345766775569587,74.6727,72.897,72.897,75.0465
2025-01-16,3772065,299556800,79.4,81.7,77.3,78.0,0.0,3027,0.9345766775569587,74.2054,72.897,72.2428,76.3549
2025-01-17,7440944,604264872,77.9,83.4,76.7,81.2,3.2,5905,0.9345766775569587,72.8035,75.8876,71.682,77.9437
2025-01-20,5891159,482722136,81.8,84.0,79.4,81.9,0.7,5170,0.9345766775569587,76.4484,76.5418,74.2054,78.5044
2025-01-21,2186552,176654359,82.4,82.7,80.0,80.0,-1.9,2100,0.9345766775569587,77.0091,74.7661,74.7661,77.2895
2025-01-22,2440238,196975785,81.0,82.6,79.5,80.4,0.4,1975,0.9345766775569587,75.7007,75.14,74.2988,77.196
2025-02-03,1998528,152370589,78.0,79.7,73.8,74.3,-6.1,1949,0.9345766775569587,72.897,69.439,68.9718,74.4858
2025-02-04,1566417,119626013,75.9,78.5,74.7,76.9,2.6,1631,0.9345766775569587,70.9344,71.8689,69.8129,73.3643
2025-02-05,914832,71011632,77.5,78.5,77.0,77.6,0.7,1044,0.9345766775569587,72.4297,72.5232,71.9624,73.3643
2025-02-06,4924492,409629232,77.7,85.3,77.7,85.3,7.7,4216,0.9345766775569587,72.6166,79.7194,72.6166,79.7194
2025-02-07,5407549,452560328,85.3,85.7,82.1,83.2,-2.1,4612,0.9345766775569587,79.7194,77.7568,76.7287,80.0932
2025-02-10,5477920,441523499,81.0,82.5,77.7,82.2,-1.0,4263,0.9345766775569587,75.7007,76.8222,72.6166,77.1026
2025-02-11,1889112,152682976,82.1,82.2,79.8,80.0,-2.2,2152,0.9345766775569587,76.7287,74.7661,74.5792,76.8222
2025-02-12,5975997,493612206,81.0,85.0,80.1,80.1,0.1,4921,0.9345766775569587,75.7007,74.8596,74.8596,79.439
2025-02-13,1323899,105373463,80.5,80.7,79.0,79.1,-1.0,1497,0.9345766775569587,75.2334,73.925,73.8316,75.4203
2025-02-14,863979,67655049,79.6,79.6,77.7,77.9,-1.2,1046,0.9345766775569587,74.3923,72.8035,72.6166,74.3923
2025-02-17,867816,68678056,78.6,80.5,77.5,80.5,2.6,1002,0.9345766775569587,73.4577,75.2334,72.4297,75.2334
2025-02-18,2509836,205777461,81.0,82.7,80.9,81.6,1.1,2340,0.9345766775569587,75.7007,76.2615,75.6073,77.2895
2025-02-19,1074187,87995165,81.8,82.5,81.4,81.5,-0.1,1531,0.9345766775569587,76.4484,76.168,76.0745,77.1026
2025-02-20,1290020,105303278,81.7,82.8,80.7,81.0,-0.5,1647,0.9345766775569587,76.3549,75.7007,75.4203,77.3829
2025-02-21,2822960,233963124,81.4,84.1,80.7,83.1,2.1,2488,0.9345766775569587,76.0745,77.6633,75.4203,78.5979
2025-02-24,1709557,142845958,82.4,84.7,82.1,83.4,0.3,2705,0.9345766775569587,77.0091,77.9437,76.7287,79.1586
2025-02-25,1036040,85202594,82.9,83.1,81.6,81.9,-1.5,1701,0.9345766775569587,77.4764,76.5418,76.2615,77.6633
2025-02-26,5187579,442473607,81.9,87.9,81.6,84.1,2.2,4210,0.9345766775569587,76.5418,78.5979,76.2615,82.1493
2025-02-27,2383131,199083326,84.2,85.5,82.4,82.4,-1.7,2872,0.9345766775569587,78.6914,77.0091,77.0091,79.9063
2025-03-03,861551,69799784,81.4,82.4,80.4,80.5,-1.9,1186,0.9345766775569587,76.0745,75.2334,75.14,77.0091
2025-03-04,841367,67713477,79.1,81.8,78.4,81.8,1.3,854,0.9345766775569587,73.925,76.4484,73.2708,76.4484
2025-03-05,532416,43249460,82.4,82.4,80.8,81.3,-0.5,1038,0.9345766775569587,77.0091,75.9811,75.5138,77.0091
2025-03-06,826167,66488948,81.9,81.9,79.8,80.0,-1.3,1017,0.9345766775569587,76.5418,74.7661,74.5792,76.5418
2025-03-07,653962,51781509,79.8,80.6,78.7,78.7,-1.3,761,0.9345766775569587,74.5792,73.5512,73.5512,75.3269
2025-03-10,432832,33879163,79.1,79.2,77.5,78.0,-0.7,548,0.9345766775569587,73.925,72.897,72.4297,74.0185
2025-03-11,530465,41121780,77.0,79.0,75.5,79.0,1.0,789,0.9345766775569587,71.9624,73.8316,70.5605,73.8316
2025-03-12,385131,30639187,79.3,80.2,78.4,79.8,0.8,604,0.9345766775569587,74.1119,74.5792,73.2708,74.953
2025-03-13,694413,55907922,80.9,81.9,78.9,79.1,-0.7,728,0.9345766775569587,75.6073,73.925,73.7381,76.5418
2025-03-14,302691,23841630,78.9,79.4,78.0,79.3,0.2,377,0.9345766775569587,73.7381,74.1119,72.897,74.2054
2025-03-17,230676,18479140,80.4,80.8,79.5,79.5,0.2,370,0.9345766775569587,75.14,74.2988,74.2988,75.5138
2025-03-18,1178647,96626555,81.0,82.8,80.8,82.1,2.6,1143,0.9345766775569587,75.7007,76.7287,75.5138,77.3829
2025-03-19,816652,66659351,82.4,82.4,81.0,81.9,-0.2,1099,0.9345766775569587,77.0091,76.5418,75.7007,77.0091
2025-03-20,806321,66534068,82.4,83.6,81.6,82.0,0.1,870,0.9345766775569587,77.0091,76.6353,76.2615,78.1306
2025-03-21,6527002,575978298,82.6,90.2,81.9,89.3,7.3,8256,0.9345766775569587,77.196,83.4577,76.5418,84.2988
2025-03-24,8223658,725348224,90.4,91.6,85.2,87.0,-2.3,9147,0.9345766775569587,84.4857,81.3082,79.6259,85.6072
2025-03-25,2837562,241585333,87.8,88.0,83.1,83.7,-3.3,3817,0.9345766775569587,82.0558,78.2241,77.6633,82.2427
2025-03-26,876473,73553632,84.3,84.9,83.3,83.6,-0.1,1185,0.9345766775569587,78.7848,78.1306,77.8502,79.3456
2025-03-27,823466,67720505,82.5,83.4,81.8,81.8,-1.8,1061,0.9345766775569587,77.1026,76.4484,76.4484,77.9437
2025-03-28,1106876,88200435,81.9,81.9,78.2,78.8,-3.0,1256,0.9345766775569587,76.5418,73.6446,73.0839,76.5418
2025-03-31,1013124,75553215,75.9,76.3,73.1,73.1,-5.7,1213,0.9345766775569587,70.9344,68.3176,68.3176,71.3082
2025-04-01,373167,27702695,74.3,74.8,73.3,74.8,1.7,488,0.9345766775569587,69.439,69.9063,68.5045,69.9063
2025-04-02,400575,30208716,75.0,76.2,73.8,75.7,0.9,486,0.9345766775569587,70.0933,70.7475,68.9718,71.2147
2025-04-07,45594,3109475,68.2,68.2,68.2,68.2,-7.5,212,0.9345766775569587,63.7381,63.7381,63.7381,63.7381
2025-04-08,1244261,76983197,62.2,64.0,61.4,61.5,-6.7,1097,0.9345766775569587,58.1307,57.4765,57.383,59.8129
2025-04-09,1418380,81420147,60.2,61.0,55.4,55.4,-6.1,1271,0.9345766775569587,56.2615,51.7755,51.7755,57.0092
2025-04-10,148641,9052222,60.9,60.9,60.9,60.9,5.5,101,0.9345766775569587,56.9157,56.9157,56.9157,56.9157
2025-04-11,625445,37615328,60.0,61.9,56.8,61.6,0.7,585,0.9345766775569587,56.0746,57.5699,53.084,57.8503
2025-04-14,528840,33502734,62.6,64.7,62.6,63.2,1.6,740,0.9345766775569587,58.5045,59.0652,58.5045,60.4671
2025-04-15,394268,25994983,64.0,66.8,64.0,66.7,3.5,551,0.9345766775569587,59.8129,62.3363,59.8129,62.4297
2025-04-16,487169,31802346,66.1,66.7,64.3,64.3,-2.4,766,0.9345766775569587,61.7755,60.0933,60.0933,62.3363
2025-04-17,229902,14878977,64.9,65.6,63.6,64.8,0.5,442,0.9345766775569587,60.654,60.5606,59.4391,61.3082
2025-04-18,138010,8996035,66.2,66.2,64.5,65.2,0.4,463,0.9345766775569587,61.869,60.9344,60.2802,61.869
2025-04-21,283328,18198951,65.4,65.4,63.6,63.6,-1.6,1003,0.9345766775569587,61.1213,59.4391,59.4391,61.1213
2025-04-22,197152,12464707,63.8,64.4,62.6,62.8,-0.8,1059,0.9345766775569587,59.626,58.6914,58.5045,60.1867
2025-04-23,248674,16257798,64.6,66.0,64.5,65.8,3.0,535,0.9345766775569587,60.3737,61.4951,60.2802,61.6821
2025-04-24,225924,14850819,66.7,66.7,65.2,65.5,-0.3,217,0.9345766775569587,62.3363,61.2148,60.9344,62.3363
2025-04-25,426043,28542194,66.6,67.4,66.5,67.3,1.8,460,0.9345766775569587,62.2428,62.897,62.1493,62.9905
2025-04-28,183092,12478371,67.4,68.7,67.4,68.5,1.2,230,0.9345766775569587,62.9905,64.0185,62.9905,64.2054
2025-04-29,219367,15070318,68.5,69.2,68.0,68.9,0.4,260,0.9345766775569587,64.0185,64.3923,63.5512,64.6727
2025-04-30,297578,20414778,68.8,70.0,66.2,67.7,-1.2,387,0.9345766775569587,64.2989,63.2708,61.869,65.4204
2025-05-02,305547,21236847,68.6,70.1,68.6,69.4,1.7,365,0.9345766775569587,64.112,64.8596,64.112,65.5138
2025-05-05,232838,15707233,69.9,70.1,65.6,67.0,-2.4,489,0.9345766775569587,65.3269,62.6166,61.3082,65.5138
2025-05-06,94864,6430562,67.0,68.4,67.0,68.2,1.2,166,0.9345766775569587,62.6166,63.7381,62.6166,63.925
2025-05-07,162042,10977696,68.7,68.7,67.1,67.7,-0.5,178,0.9345766775569587,64.2054,63.2708,62.7101,64.2054
2025-05-08,136852,9444066,68.4,69.4,68.4,69.1,1.4,161,0.9345766775569587,63.925,64.5792,63.925,64.8596
2025-05-09,205526,14277649,70.6,70.6,68.9,69.4,0.3,405,0.9345766775569587,65.9811,64.8596,64.3923,65.9811
2025-05-12,525540,37671653,69.4,72.5,69.4,72.1,2.7,486,0.9345766775569587,64.8596,67.383,64.8596,67.7568
2025-05-13,597626,43878949,74.3,74.9,72.4,72.5,0.4,909,0.9345766775569587,69.439,67.7568,67.6634,69.9998
2025-05-14,302326,21885437,72.7,73.1,71.8,72.5,0.0,423,0.9345766775569587,67.9437,67.7568,67.1026,68.3176
2025-05-15,275080,19708983,73.0,73.0,70.8,71.0,-1.5,874,0.9345766775569587,68.2241,66.3549,66.168,68.2241
2025-05-16,331165,23791393,70.7,72.8,70.5,72.0,1.0,386,0.9345766775569587,66.0746,67.2895,65.8877,68.0372
2025-05-19,278702,19704747,71.9,72.1,70.0,70.0,-2.0,377,0.9345766775569587,67.1961,65.4204,65.4204,67.383
2025-05-20,348399,24158893,70.5,71.1,68.6,68.8,-1.2,397,0.9345766775569587,65.8877,64.2989,64.112,66.4484
2025-05-21,704550,50387275,69.3,73.6,69.2,72.2,3.4,642,0.9345766775569587,64.7662,67.4764,64.6727,68.7848
2025-05-22,859713,62749112,72.1,74.1,71.6,72.4,0.2,812,0.9345766775569587,67.383,67.6634,66.9157,69.2521
2025-05-23,2351739,177554048,72.4,78.9,72.4,73.5,1.1,1991,0.9345766775569587,67.6634,68.6914,67.6634,73.7381
2025-05-26,1106891,83254236,73.6,76.8,72.4,75.9,2.4,1057,0.9345766775569587,68.7848,70.9344,67.6634,71.7755
2025-05-27,2199324,164383193,77.1,77.4,72.9,73.2,-2.7,2028,0.9345766775569587,72.0559,68.411,68.1306,72.3362
2025-05-28,440464,32234073,74.0,74.5,72.4,72.7,-0.5,460,0.9345766775569587,69.1587,67.9437,67.6634,69.626
2025-05-29,1498482,111441612,74.0,75.4,73.1,74.2,1.5,1220,0.9345766775569587,69.1587,69.3456,68.3176,70.4671
2025-06-02,600207,43248717,73.1,73.6,71.4,71.8,-2.4,611,0.9345766775569587,68.3176,67.1026,66.7288,68.7848
2025-06-03,963432,71448321,72.1,75.1,72.0,75.0,3.2,876,0.9345766775569587,67.383,70.0933,67.2895,70.1867
2025-06-04,491964,36785084,75.5,75.7,74.3,74.4,-0.6,507,0.9345766775569587,70.5605,69.5325,69.439,70.7475
2025-06-05,477461,35602620,75.0,75.3,74.1,74.2,-0.2,426,0.9345766775569587,70.0933,69.3456,69.2521,70.3736
2025-06-06,318332,23472361,74.6,74.6,73.0,74.2,0.0,320,0.9345766775569587,69.7194,69.3456,68.2241,69.7194
2025-06-09,291709,21752762,75.0,75.4,73.6,75.0,0.8,286,0.9345766775569587,70.0933,70.0933,68.7848,70.4671
2025-06-10,432663,32521355,75.2,75.6,74.8,75.0,0.0,400,0.9345766775569587,70.2802,70.0933,69.9063,70.654
2025-06-11,296595,22284892,75.3,75.8,74.5,75.3,0.3,365,0.9345766775569587,70.3736,70.3736,69.626,70.8409
2025-06-12,365553,27537238,75.5,76.2,74.8,75.1,-0.2,440,0.9345766775569587,70.5605,70.1867,69.9063,71.2147
2025-06-13,337590,24849890,74.5,74.5,73.2,73.2,-1.9,386,0.9345766775569587,69.626,68.411,68.411,69.626
2025-06-16,158726,11552206,73.3,73.7,71.9,73.2,0.0,200,0.9345766775569587,68.5045,68.411,67.1961,68.8783
2025-06-17,188486,13837849,73.9,74.4,71.5,73.7,0.5,209,0.9345766775569587,69.0652,68.8783,66.8222,69.5325
2025-06-18,385788,28752625,74.0,75.4,73.6,73.9,0.2,397,0.9345766775569587,69.1587,69.0652,68.7848,70.4671
2025-06-19,239839,17429101,73.9,73.9,72.2,72.2,-1.7,283,0.9345766775569587,69.0652,67.4764,67.4764,69.0652
2025-06-20,292347,21032070,72.2,72.7,71.2,72.2,0.0,273,0.9345766775569587,67.4764,67.4764,66.5419,67.9437
2025-06-23,163397,11599928,71.9,71.9,70.1,71.9,-0.3,233,0.9345766775569587,67.1961,67.1961,65.5138,67.1961
2025-06-24,236623,17381419,72.5,74.1,72.5,73.6,1.7,238,0.9345766775569587,67.7568,68.7848,67.7568,69.2521
2025-06-25,187276,13848928,74.0,74.4,73.6,74.1,0.5,201,0.9345766775569587,69.1587,69.2521,68.7848,69.5325
2025-06-26,361148,27013975,74.9,75.2,74.2,74.7,0.6,376,0.9345766775569587,69.9998,69.8129,69.3456,70.2802
2025-06-27,301052,21600090,73.2,73.2,71.4,71.4,0.0,312,0.9784565916398714,71.623,69.8618,69.8618,71.623
2025-06-30,420073,30464826,72.0,73.9,71.5,71.5,0.1,379,0.9784565916398714,70.4489,69.9596,69.9596,72.3079
2025-07-01,172093,12355932,71.9,72.5,71.4,71.6,0.1,196,0.9784565916398714,70.351,70.0575,69.8618,70.9381
2025-07-02,175482,12513305,71.0,71.6,71.0,71.6,0.0,199,0.9784565916398714,69.4704,70.0575,69.4704,70.0575
2025-07-03,147232,10636374,72.0,72.7,71.9,72.2,0.6,158,0.9784565916398714,70.4489,70.6446,70.351,71.1338
2025-07-04,183892,13078231,72.2,72.2,70.7,70.8,-1.4,253,0.9784565916398714,70.6446,69.2747,69.1769,70.6446
2025-07-07,137522,9703521,70.6,71.3,69.6,70.4,-0.4,167,0.9784565916398714,69.079,68.8833,68.1006,69.764
2025-07-08,157813,11028160,70.0,70.4,69.4,69.7,-0.7,169,0.9784565916398714,68.492,68.1984,67.9049,68.8833
2025-07-09,114932,8138500,70.8,71.6,70.0,71.0,1.3,130,0.9784565916398714,69.2747,69.4704,68.492,70.0575
2025-07-10,327511,23675167,71.4,73.2,71.3,71.5,0.5,343,0.9784565916398714,69.8618,69.9596,69.764,71.623
2025-07-11,320000,23226243,72.4,73.2,71.4,72.8,1.3,308,0.9784565916398714,70.8403,71.2316,69.8618,71.623
2025-07-14,231095,16469996,72.8,72.8,70.8,71.2,-1.6,373,0.9784565916398714,71.2316,69.6661,69.2747,71.2316
2025-07-15,96961,6917549,71.0,71.6,70.9,71.4,0.2,121,0.9784565916398714,69.4704,69.8618,69.3726,70.0575
2025-07-16,297766,21609679,71.3,73.2,71.3,72.6,1.2,299,0.9784565916398714,69.764,71.0359,69.764,71.623
2025-07-17,342339,25198394,72.7,74.8,72.3,74.2,1.6,377,0.9784565916398714,71.1338,72.6015,70.7424,73.1886
2025-07-18,161011,11918977,75.2,75.2,73.4,74.0,-0.2,333,0.9784565916398714,73.5799,72.4058,71.8187,73.5799
2025-07-21,115200,8480219,74.2,74.5,73.3,73.6,-0.4,275,0.9784565916398714,72.6015,72.0144,71.7209,72.895
2025-07-22,373081,27591764,74.0,74.8,72.8,72.8,-0.8,421,0.9784565916398714,72.4058,71.2316,71.2316,73.1886
2025-07-23,121220,8932631,74.3,74.3,73.3,74.0,1.2,146,0.9784565916398714,72.6993,72.4058,71.7209,72.6993
2025-07-24,141480,10417947,74.3,74.3,73.1,73.9,-0.1,400,0.9784565916398714,72.6993,72.3079,71.5252,72.6993
2025-07-25,176917,13106726,73.9,74.4,73.6,74.1,0.2,241,0.9784565916398714,72.3079,72.5036,72.0144,72.7972
2025-07-28,3069440,245050699,74.8,81.5,74.3,81.5,7.4,3088,0.9784565916398714,73.1886,79.7442,72.6993,79.7442
2025-07-29,7374787,602320550,82.0,83.3,79.4,83.3,1.8,5195,0.9784565916398714,80.2334,81.5054,77.6895,81.5054
2025-07-30,8129543,680168684,84.0,85.0,82.2,82.6,-0.7,6222,0.9784565916398714,82.1904,80.8205,80.4291,83.1688
2025-07-31,4754732,398533332,82.6,85.3,81.8,83.6,1.0,4991,0.9784565916398714,80.8205,81.799,80.0377,83.4623
2025-08-01,7424591,639764180,83.0,89.4,82.5,86.7,3.1,6035,0.9784565916398714,81.2119,84.8322,80.7227,87.474
2025-08-04,2845754,239456291,85.9,85.9,83.0,83.9,-2.8,3933,0.9784565916398714,84.0494,82.0925,81.2119,84.0494
2025-08-05,2499826,208757306,85.1,85.5,82.7,83.4,-0.5,2645,0.9784565916398714,83.2667,81.6033,80.9184,83.658
2025-08-06,1491732,123335325,82.7,84.0,81.8,82.0,-1.4,1383,0.9784565916398714,80.9184,80.2334,80.0377,82.1904
2025-08-07,1215113,98490038,82.0,82.6,80.4,80.8,-1.2,1059,0.9784565916398714,80.2334,79.0593,78.6679,80.8205
2025-08-08,568127,46170432,80.7,82.2,80.7,81.0,0.2,604,0.9784565916398714,78.9614,79.255,78.9614,80.4291
2025-08-11,1045849,86396205,81.9,83.4,81.5,82.9,1.9,1449,0.9784565916398714,80.1356,81.1141,79.7442,81.6033
2025-08-12,1010866,84399235,83.4,84.3,82.7,83.3,0.4,1524,0.9784565916398714,81.6033,81.5054,80.9184,82.4839
2025-08-13,3234728,276867691,83.7,88.5,83.3,85.7,2.4,3316,0.9784565916398714,81.8968,83.8537,81.5054,86.5934
2025-08-14,2005833,174043643,87.4,88.8,85.4,86.3,0.6,5427,0.9784565916398714,85.5171,84.4408,83.5602,86.8869
2025-08-15,4224558,373631742,88.0,89.8,86.5,88.3,2.0,4922,0.9784565916398714,86.1042,86.3977,84.6365,87.8654
2025-08-18,8519160,805550598,89.4,97.1,89.4,97.1,8.8,7356,0.9784565916398714,87.474,95.0081,87.474,95.0081
2025-08-19,21493195,2253578829,99.5,106.5,99.2,106.5,9.4,19067,0.9784565916398714,97.3564,104.2056,97.0629,104.2056
2025-08-20,18097154,1912252118,106.0,109.5,101.5,102.5,-4.0,12214,0.9784565916398714,103.7164,100.2918,99.3133,107.141
2025-08-21,9775232,972992949,103.0,103.5,97.3,98.1,-4.4,7884,0.9784565916398714,100.781,95.9866,95.2038,101.2703
2025-08-22,4794236,453728651,99.0,99.3,93.1,93.9,-4.2,4427,0.9784565916398714,96.8672,91.8771,91.0943,97.1607
2025-08-25,8692634,872175639,96.5,103.0,96.1,97.8,3.9,7626,0.9784565916398714,94.4211,95.6931,94.0297,100.781
2025-08-26,2299155,223848715,98.0,98.7,96.2,97.0,-0.8,2127,0.9784565916398714,95.8887,94.9103,94.1275,96.5737
2025-08-27,11448376,1185561899,97.9,106.5,97.4,105.5,8.5,9187,0.9784565916398714,95.7909,103.2272,95.3017,104.2056
2025-08-28,8030236,825893593,104.5,105.5,100.0,103.5,-2.0,4763,0.9784565916398714,102.2487,101.2703,97.8457,103.2272
2025-08-29,19714514,2134642796,106.0,113.0,103.5,109.5,6.0,15850,0.9784565916398714,103.7164,107.141,101.2703,110.5656
2025-09-01,13352969,1466288139,109.5,114.0,106.0,107.0,-2.5,10178,0.9784565916398714,107.141,104.6949,103.7164,111.5441
2025-09-02,5841516,625361030,109.0,110.5,104.0,106.0,-1.0,4669,0.9784565916398714,106.6518,103.7164,101.7595,108.1195
2025-09-03,13555992,1511695169,107.0,115.5,107.0,112.5,6.5,9862,0.9784565916398714,104.6949,110.0764,104.6949,113.0117
2025-09-04,13131043,1485753846,113.5,116.5,109.5,110.5,-2.0,9975,0.9784565916398714,111.0548,108.1195,107.141,113.9902
2025-09-05,20758508,2418362876,111.5,121.0,111.0,117.5,7.0,15028,0.9784565916398714,109.0979,114.9686,108.6087,118.3932
2025-09-08,9808518,1128632726,118.0,118.5,112.5,116.0,-1.5,7845,0.9784565916398714,115.4579,113.501,110.0764,115.9471
2025-09-09,10676574,1249552118,116.0,118.5,114.0,118.0,2.0,8431,0.9784565916398714,113.501,115.4579,111.5441,115.9471
2025-09-10,6373657,746782977,119.0,119.0,115.0,115.0,-3.0,6829,0.9784565916398714,116.4363,112.5225,112.5225,116.4363
2025-09-11,6686554,748006708,114.0,115.0,109.5,110.5,-4.5,5457,0.9784565916398714,111.5441,108.1195,107.141,112.5225
2025-09-12,6712560,753909767,113.0,114.0,108.5,113.5,3.0,5186,0.9784565916398714,110.5656,111.0548,106.1625,111.5441
2025-09-15,2606281,285661601,112.5,113.0,108.0,109.0,-4.5,2700,0.9784565916398714,110.0764,106.6518,105.6733,110.5656
2025-09-16,4801002,540736517,109.0,114.5,108.0,112.5,3.5,3619,0.9784565916398714,106.6518,110.0764,105.6733,112.0333
2025-09-17,1963141,215900238,111.5,112.0,108.5,109.0,-3.5,1988,0.9784565916398714,109.0979,106.6518,106.1625,109.5871
2025-09-18,2507128,268511546,109.5,110.5,105.5,106.5,-2.5,2484,0.9784565916398714,107.141,104.2056,103.2272,108.1195
2025-09-19,2118660,224931035,107.0,108.5,104.5,105.5,-1.0,1832,0.9784565916398714,104.6949,103.2272,102.2487,106.1625
2025-09-22,1048862,111195238,105.5,107.5,104.5,106.5,1.0,1150,0.9784565916398714,103.2272,104.2056,102.2487,105.1841
2025-09-23,2631307,272060880,107.0,107.0,102.0,102.5,-4.0,2391,0.9784565916398714,104.6949,100.2918,99.8026,104.6949
2025-09-24,1484178,151866937,103.0,103.5,101.5,102.0,-0.5,1182,0.9784565916398714,100.781,99.8026,99.3133,101.2703
2025-09-25,2140293,215000900,102.0,103.5,98.8,98.9,-3.1,2095,0.9784565916398714,99.8026,96.7694,96.6715,101.2703
2025-09-26,1792152,170811970,98.8,99.3,93.5,93.7,-5.2,1920,0.9784565916398714,96.6715,91.6814,91.4857,97.1607
2025-09-30,689147,65451417,95.2,95.6,93.8,95.6,1.9,1007,0.9784565916398714,93.1491,93.5405,91.7792,93.5405
2025-10-01,1160820,111704814,96.7,98.5,94.7,94.7,-0.9,1421,0.9784565916398714,94.6168,92.6598,92.6598,96.378
2025-10-02,938295,88341972,95.5,96.8,93.3,93.4,-1.3,1322,0.9784565916398714,93.4426,91.3878,91.29,94.7146
2025-10-03,692716,64947900,93.7,94.4,93.0,93.8,0.4,788,0.9784565916398714,91.6814,91.7792,90.9965,92.3663
2025-10-07,884038,83709606,94.7,95.8,93.8,93.9,0.1,1269,0.9784565916398714,92.6598,91.8771,91.7792,93.7361
2025-10-08,673087,62729791,93.8,94.3,92.2,93.2,-0.7,739,0.9784565916398714,91.7792,91.1922,90.2137,92.2685
2025-10-09,747713,69570430,93.8,94.1,92.5,92.5,-0.7,790,0.9784565916398714,91.7792,90.5072,90.5072,92.0728
2025-10-13,737522,65832477,86.7,90.2,86.7,89.8,-2.7,1007,0.9784565916398714,84.8322,87.8654,84.8322,88.2568
2025-10-14,941087,83188429,90.7,91.5,87.0,87.1,-2.7,1188,0.9784565916398714,88.746,85.2236,85.1257,89.5288
2025-10-15,711728,62966424,88.2,89.8,87.4,88.5,1.4,694,0.9784565916398714,86.2999,86.5934,85.5171,87.8654
2025-10-16,633784,57158521,88.8,91.1,88.8,90.2,1.7,659,0.9784565916398714,86.8869,88.2568,86.8869,89.1374
2025-10-17,495807,43874115,90.0,90.1,87.7,87.7,-2.5,814,0.9784565916398714,88.0611,85.8106,85.8106,88.1589
2025-10-20,378511,33398856,88.9,88.9,87.6,88.0,0.3,485,0.9784565916398714,86.9848,86.1042,85.7128,86.9848
2025-10-21,462541,41458566,89.3,90.4,88.9,89.4,1.4,516,0.9784565916398714,87.3762,87.474,86.9848,88.4525
2025-10-22,2520667,231730887,94.3,95.2,90.2,90.6,1.2,2306,0.9784565916398714,92.2685,88.6482,88.2568,93.1491
2025-10-23,611479,54826662,90.1,91.3,88.6,89.4,-1.2,623,0.9784565916398714,88.1589,87.474,86.6913,89.3331
2025-10-27,753857,68308293,90.2,91.8,89.3,90.8,1.4,799,0.9784565916398714,88.2568,88.8439,87.3762,89.8223
2025-10-28,605305,54727410,91.3,91.3,89.4,91.0,0.2,844,0.9784565916398714,89.3331,89.0395,87.474,89.3331
2025-10-29,617663,56237595,91.3,92.5,89.8,89.9,-1.1,891,0.9784565916398714,89.3331,87.9632,87.8654,90.5072
2025-10-30,520586,46251747,90.1,90.5,87.9,88.4,-1.5,828,0.9784565916398714,88.1589,86.4956,86.0063,88.5503
2025-10-31,471612,42455390,88.3,91.3,88.3,89.7,1.3,1180,0.9784565916398714,86.3977,87.7676,86.3977,89.3331
2025-11-03,1762883,164307957,90.7,94.3,90.7,93.5,3.8,2008,0.9784565916398714,88.746,91.4857,88.746,92.2685
2025-11-04,1047861,95569721,93.6,93.6,89.1,89.1,-4.4,1645,0.9784565916398714,91.5835,87.1805,87.1805,91.5835
2025-11-05,502107,44305694,88.0,90.2,87.2,88.6,-0.5,797,0.9784565916398714,86.1042,86.6913,85.3214,88.2568
2025-11-06,362361,32257285,89.8,89.9,88.3,89.5,0.9,773,0.9784565916398714,87.8654,87.5719,86.3977,87.9632
2025-11-07,510515,44619951,89.8,89.8,86.2,87.3,-2.2,1084,0.9784565916398714,87.8654,85.4193,84.343,87.8654
2025-11-10,525511,46655640,88.3,89.5,87.3,89.5,2.2,917,0.9784565916398714,86.3977,87.5719,85.4193,87.5719
2025-11-11,448719,40707688,90.3,91.4,90.2,90.6,1.1,593,0.9784565916398714,88.3546,88.6482,88.2568,89.4309
2025-11-12,1070150,99691398,90.7,94.3,90.7,92.7,2.1,1792,0.9784565916398714,88.746,90.7029,88.746,92.2685
2025-11-13,694535,63753463,92.8,93.4,90.8,92.5,-0.2,2759,0.9784565916398714,90.8008,90.5072,88.8439,91.3878
2025-11-14,795359,71376741,90.8,91.8,88.2,88.7,-3.8,3559,0.9784565916398714,88.8439,86.7891,86.2999,89.8223
2025-11-17,651489,58963401,88.7,92.2,88.2,90.2,1.5,949,0.9784565916398714,86.7891,88.2568,86.2999,90.2137
2025-11-18,979967,86807582,90.6,91.5,86.7,86.7,-3.5,1647,0.9784565916398714,88.6482,84.8322,84.8322,89.5288
2025-11-19,649570,55185452,86.9,87.7,83.6,84.5,-2.2,1061,0.9784565916398714,85.0279,82.6796,81.799,85.8106
2025-11-20,391972,34211466,86.1,88.2,86.1,87.7,3.2,535,0.9784565916398714,84.2451,85.8106,84.2451,86.2999
2025-11-21,602899,50679890,86.0,86.0,82.7,83.3,-4.4,1492,0.9784565916398714,84.1473,81.5054,80.9184,84.1473
2025-11-24,344430,29001475,83.6,85.5,83.0,85.0,1.7,488,0.9784565916398714,81.799,83.1688,81.2119,83.658
2025-11-25,370921,32232668,85.8,87.7,85.7,87.0,2.0,466,0.9784565916398714,83.9516,85.1257,83.8537,85.8106
2025-11-26,445149,39222746,87.5,88.8,87.1,87.3,0.3,565,0.9784565916398714,85.615,85.4193,85.2236,86.8869
2025-11-27,314982,27683722,87.6,88.4,87.5,88.0,0.7,333,0.9784565916398714,85.7128,86.1042,85.615,86.4956
2025-11-28,462892,41205584,88.5,89.6,88.1,89.6,1.6,595,0.9784565916398714,86.5934,87.6697,86.202,87.6697
2025-12-01,390905,34484684,89.7,89.9,87.2,87.2,-2.4,1853,0.9784565916398714,87.7676,85.3214,85.3214,87.9632
2025-12-02,373210,32828040,87.6,89.0,87.2,88.0,0.8,421,0.9784565916398714,85.7128,86.1042,85.3214,87.0826
2025-12-03,513923,45799286,88.5,91.0,88.1,88.2,0.2,660,0.9784565916398714,86.5934,86.2999,86.202,89.0395
2025-12-04,344446,30227083,88.9,89.8,86.8,87.1,-1.1,1399,0.9784565916398714,86.9848,85.2236,84.93,87.8654
2025-12-05,217012,18837462,87.0,87.5,86.4,86.8,-0.3,369,0.9784565916398714,85.1257,84.93,84.5386,85.615
2025-12-08,228607,20099924,87.0,88.4,87.0,88.3,1.5,409,0.9784565916398714,85.1257,86.3977,85.1257,86.4956
2025-12-09,223385,19655140,88.5,88.8,87.2,88.0,-0.3,413,0.9784565916398714,86.5934,86.1042,85.3214,86.8869
2025-12-10,1606743,146141501,88.3,92.7,88.3,91.4,3.4,2225,0.9784565916398714,86.3977,89.4309,86.3977,90.7029
2025-12-11,798585,71940617,92.4,92.4,88.7,89.0,-2.4,3215,0.9784565916398714,90.4094,87.0826,86.7891,90.4094
2025-12-12,577705,50702806,89.9,89.9,86.7,87.4,-1.6,859,0.9784565916398714,87.9632,85.5171,84.8322,87.9632
2025-12-15,790738,70989504,86.5,91.0,86.5,90.5,3.1,1177,0.9784565916398714,84.6365,88.5503,84.6365,89.0395
2025-12-16,499593,44491169,90.6,90.6,87.7,89.7,-0.8,1492,0.9784565916398714,88.6482,87.7676,85.8106,88.6482
2025-12-17,484433,43782037,89.8,91.5,89.5,89.5,-0.2,721,0.9784565916398714,87.8654,87.5719,87.5719,89.5288
2025-12-18,294808,26008067,90.6,90.6,87.8,88.0,-1.5,1320,0.9784565916398714,88.6482,86.1042,85.9085,88.6482
2025-12-19,1018764,93006801,88.5,92.6,88.5,90.7,2.7,1588,0.9784565916398714,86.5934,88.746,86.5934,90.6051
2025-12-22,2081596,195723341,92.0,96.6,91.8,95.5,4.8,2730,0.9784565916398714,90.018,93.4426,89.8223,94.5189
2025-12-23,2350443,222227332,96.2,96.6,92.8,93.7,-1.8,5573,0.9784565916398714,94.1275,91.6814,90.8008,94.5189
2025-12-24,852617,79766294,94.4,95.0,92.5,93.0,-0.7,1384,0.9784565916398714,92.3663,90.9965,90.5072,92.9534
2025-12-26,658996,61251337,93.5,93.7,91.8,93.6,0.6,1213,0.9784565916398714,91.4857,91.5835,89.8223,91.6814
2025-12-29,3003836,287288266,95.9,97.3,93.6,93.6,0.0,3216,0.9784565916398714,93.834,91.5835,91.5835,95.2038
2025-12-30,739339,67969052,93.1,93.1,91.4,91.7,-1.9,1787,0.9784565916398714,91.0943,89.7245,89.4309,91.0943
2025-12-31,1121627,104813709,92.0,95.2,92.0,92.6,0.9,1897,0.9784565916398714,90.018,90.6051,90.018,93.1491
2026-01-02,967093,90626769,92.9,95.1,92.1,94.2,1.6,1457,0.9784565916398714,90.8986,92.1706,90.1159,93.0512
2026-01-05,1600156,145817256,94.7,94.7,89.3,89.6,-4.6,3915,0.9784565916398714,92.6598,87.6697,87.3762,92.6598
2026-01-06,786744,70403377,89.8,90.3,88.7,89.8,0.2,1161,0.9784565916398714,87.8654,87.8654,86.7891,88.3546
2026-01-07,816798,73973428,91.1,92.1,89.2,90.6,0.8,1270,0.9784565916398714,89.1374,88.6482,87.2783,90.1159
2026-01-08,848756,75657048,90.5,90.5,88.2,88.3,-2.3,1376,0.9784565916398714,88.5503,86.3977,86.2999,88.5503
2026-01-09,1129843,102941508,90.8,92.6,88.9,91.0,2.7,1503,0.9784565916398714,88.8439,89.0395,86.9848,90.6051
2026-01-12,1333021,124618597,92.2,94.8,91.0,93.4,2.4,2101,0.9784565916398714,90.2137,91.3878,89.0395,92.7577
2026-01-13,1721924,160843132,94.5,95.6,91.1,91.8,-1.6,3332,0.9784565916398714,92.4641,89.8223,89.1374,93.5405
2026-01-14,3630967,358671919,94.0,100.5,94.0,100.5,8.7,2666,0.9784565916398714,91.9749,98.3349,91.9749,98.3349
2026-01-15,8094775,807120189,102.0,103.0,96.8,103.0,2.5,7612,0.9784565916398714,99.8026,100.781,94.7146,100.781
2026-01-16,3206666,318479748,102.0,102.0,98.3,98.7,-4.3,3639,0.9784565916398714,99.8026,96.5737,96.1823,99.8026
2026-01-19,2501113,248104536,98.5,101.0,95.9,99.7,1.0,2249,0.9784565916398714,96.378,97.5521,93.834,98.8241
2026-01-20,1464062,145287439,99.9,100.0,98.4,98.5,-1.2,2025,0.9784565916398714,97.7478,96.378,96.2801,97.8457
2026-01-21,1642527,161753599,97.6,101.0,97.0,98.5,0.0,2278,0.9784565916398714,95.4974,96.378,94.9103,98.8241
2026-01-22,2966628,301177588,101.5,104.0,99.2,100.5,2.0,3275,0.9784565916398714,99.3133,98.3349,97.0629,101.7595
2026-01-23,1472714,147119554,102.0,102.0,98.8,99.5,-1.0,1424,0.9784565916398714,99.8026,97.3564,96.6715,99.8026
2026-01-26,3874353,396787386,101.0,104.5,100.5,100.5,1.0,3780,0.9784565916398714,98.8241,98.3349,98.3349,102.2487
2026-01-27,1621142,160029368,100.5,101.0,97.7,97.8,-2.7,2480,0.9784565916398714,98.3349,95.6931,95.5952,98.8241
2026-01-28,1161741,112680414,98.0,98.5,96.3,96.5,-1.3,1390,0.9784565916398714,95.8887,94.4211,94.2254,96.378
2026-01-29,1143538,109230626,97.4,97.4,94.5,94.5,-2.0,1537,0.9784565916398714,95.3017,92.4641,92.4641,95.3017
2026-01-30,1380026,124726911,93.2,93.3,88.5,89.8,-4.7,1718,0.9784565916398714,91.1922,87.8654,86.5934,91.29
2026-02-02,1288527,110880484,88.8,89.0,84.7,85.7,-4.1,1503,0.9784565916398714,86.8869,83.8537,82.8753,87.0826
2026-02-03,747260,65919468,87.9,89.9,86.8,87.5,1.8,728,0.9784565916398714,86.0063,85.615,84.93,87.9632
2026-02-04,1566597,149005220,92.4,96.2,92.4,96.2,8.7,1407,0.9784565916398714,90.4094,94.1275,90.4094,94.1275
2026-02-05,7287839,763169154,101.0,105.5,101.0,105.5,9.3,4862,0.9784565916398714,98.8241,103.2272,98.8241,103.2272
2026-02-06,7495178,749870794,104.0,105.0,95.8,99.8,-5.7,5025,0.9784565916398714,101.7595,97.65,93.7361,102.7379
2026-02-09,4802798,483586056,104.0,105.5,98.0,98.0,-1.8,3932,0.9784565916398714,101.7595,95.8887,95.8887,103.2272
2026-02-10,1560891,150991638,97.6,98.3,95.3,96.4,-1.6,1715,0.9784565916398714,95.4974,94.3232,93.2469,96.1823
2026-02-11,1614751,153353309,95.8,96.4,94.5,94.6,-1.8,1569,0.9784565916398714,93.7361,92.562,92.4641,94.3232
2026-02-23,1136377,110463142,95.5,98.9,94.6,98.2,3.6,1167,0.9784565916398714,93.4426,96.0844,92.562,96.7694
2026-02-24,2165485,218169651,98.3,102.5,97.9,102.0,3.8,2471,0.9784565916398714,96.1823,99.8026,95.7909,100.2918
2026-02-25,2014532,207104182,102.5,107.0,100.0,101.0,-1.0,3373,0.9784565916398714,100.2918,98.8241,97.8457,104.6949
2026-02-26,1194613,121719352,102.0,103.0,100.5,102.0,1.0,1227,0.9784565916398714,99.8026,99.8026,98.3349,100.781
2026-03-02,1058552,105848025,99.5,101.5,98.6,99.1,-2.9,2328,0.9784565916398714,97.3564,96.965,96.4758,99.3133
2026-03-03,1687463,168726829,100.0,103.0,98.0,98.7,-0.4,1679,0.9784565916398714,97.8457,96.5737,95.8887,100.781
2026-03-04,1665531,156892560,97.5,97.5,92.1,92.7,-6.0,1741,0.9784565916398714,95.3995,90.7029,90.1159,95.3995
2026-03-05,756127,72455993,95.0,97.8,94.0,95.3,2.6,849,0.9784565916398714,92.9534,93.2469,91.9749,95.6931
2026-03-06,844791,82738560,95.1,99.8,94.6,99.5,4.2,1024,0.9784565916398714,93.0512,97.3564,92.562,97.65
2026-03-09,1509796,136179438,92.8,92.8,89.6,89.6,-9.9,1657,0.9784565916398714,90.8008,87.6697,87.6697,90.8008
2026-03-10,1037105,95910288,92.0,93.9,91.2,92.4,2.8,1125,0.9784565916398714,90.018,90.4094,89.2352,91.8771
2026-03-11,706082,67480011,93.6,96.2,93.5,95.7,3.3,1182,0.9784565916398714,91.5835,93.6383,91.4857,94.1275
2026-03-12,696366,66863767,95.1,97.8,94.5,95.6,-0.1,1611,0.9784565916398714,93.0512,93.5405,92.4641,95.6931
2026-03-13,938917,91098087,94.6,98.6,93.1,97.5,1.9,1099,0.9784565916398714,92.562,95.3995,91.0943,96.4758
2026-03-16,1553337,156042531,98.0,103.5,97.1,100.5,3.0,1576,0.9784565916398714,95.8887,98.3349,95.0081,101.2703
2026-03-17,2363142,241435003,101.0,104.0,99.6,102.5,2.0,2440,0.9784565916398714,98.8241,100.2918,97.4543,101.7595
2026-03-18,2161989,223521569,106.5,108.0,100.5,102.0,-0.5,2016,0.9784565916398714,104.2056,99.8026,98.3349,105.6733
2026-03-19,4401997,480964102,101.5,112.0,100.0,112.0,10.0,3354,0.9784565916398714,99.3133,109.5871,97.8457,109.5871
2026-03-20,10291076,1257761053,123.0,123.0,118.5,123.0,11.0,7738,0.9784565916398714,120.3502,120.3502,115.9471,120.3502
2026-03-23,18017385,2191872877,120.0,128.0,116.5,118.0,-5.0,13412,0.9784565916398714,117.4148,115.4579,113.9902,125.2424
2026-03-24,11119504,1423226455,127.0,129.5,123.0,129.5,11.5,7747,0.9784565916398714,124.264,126.7101,120.3502,126.7101
2026-03-25,19751487,2556672805,130.0,133.5,123.0,128.0,-1.5,15385,0.9784565916398714,127.1994,125.2424,120.3502,130.624
2026-03-26,13693783,1840094140,132.5,140.0,130.0,130.5,2.5,11565,0.9784565916398714,129.6455,127.6886,127.1994,136.9839
2026-03-27,7387165,963678430,127.5,134.0,126.0,131.5,1.0,6410,0.9784565916398714,124.7532,128.667,123.2855,131.1132
2026-03-30,4749940,600493972,128.0,129.0,123.5,128.5,-3.0,4704,0.9784565916398714,125.2424,125.7317,120.8394,126.2209
2026-03-31,4098400,514814655,126.0,129.5,122.5,125.5,-3.0,4055,0.9784565916398714,123.2855,122.7963,119.8609,126.7101
2026-04-01,4514603,581875359,131.0,131.5,126.0,130.0,4.5,3771,0.9784565916398714,128.1778,127.1994,123.2855,128.667
2026-04-02,6111173,796008512,132.0,134.5,127.5,129.5,-0.5,4812,0.9784565916398714,129.1563,126.7101,124.7532,131.6024
2026-04-07,3729946,487632075,131.0,133.5,129.0,129.0,-0.5,3535,0.9784565916398714,128.1778,126.2209,126.2209,130.624
2026-04-08,5167530,720702299,138.0,141.5,136.0,141.5,12.5,4245,0.9784565916398714,135.027,138.4516,133.0701,138.4516
2026-04-09,13362575,2045121566,146.5,155.5,146.0,154.0,12.5,11618,0.9784565916398714,143.3439,150.6823,142.8547,152.15
2026-04-10,7435738,1109707311,152.0,153.0,146.0,150.0,-4.0,7621,0.9784565916398714,148.7254,146.7685,142.8547,149.7039
2026-04-13,5156191,781050510,152.5,156.0,148.0,148.5,-1.5,5876,0.9784565916398714,149.2146,145.3008,144.8116,152.6392
2026-04-14,5294456,809838207,152.0,157.5,150.5,151.0,2.5,5338,0.9784565916398714,148.7254,147.7469,147.2577,154.1069
2026-04-15,8093295,1251338369,152.5,158.0,151.0,155.5,4.5,7113,0.9784565916398714,149.2146,152.15,147.7469,154.5961
2026-04-16,11114136,1725796080,151.5,160.5,148.0,160.0,0.0,9597,1.0,151.5,160.0,148.0,160.5
2026-04-17,3800597,659083572,165.5,176.0,165.5,176.0,16.0,2807,1.0,165.5,176.0,165.5,176.0
2026-04-20,14439873,2689108927,185.0,193.5,178.0,187.0,11.0,13332,1.0,185.0,187.0,178.0,193.5
2026-04-21,9478497,1746737279,187.0,191.5,179.0,187.5,0.5,9673,1.0,187.0,187.5,179.0,191.5
2026-04-22,9036022,1778265475,188.5,206.0,186.0,206.0,18.5,8372,1.0,188.5,206.0,186.0,206.0
2026-04-23,22458933,4539882531,226.0,226.0,185.5,191.5,-14.5,20351,1.0,226.0,191.5,185.5,226.0
2026-04-24,13349945,2772742318,206.0,210.5,200.0,210.5,19.0,10858,1.0,206.0,210.5,200.0,210.5
2026-04-27,13164554,2742208819,218.0,218.5,200.5,207.5,-3.0,12055,1.0,218.0,207.5,200.5,218.5
2026-04-28,10574489,2252196960,208.5,225.0,205.5,207.5,0.0,20539,1.0,208.5,207.5,205.5,225.0
2026-04-29,6417308,1344244819,209.0,214.0,203.5,208.0,0.5,6189,1.0,209.0,208.0,203.5,214.0
2026-04-30,12796191,2774982301,208.0,227.0,206.0,219.0,11.0,14264,1.0,208.0,219.0,206.0,227.0
2026-05-04,10613593,2402108785,222.5,238.0,220.0,223.0,4.0,10685,1.0,222.5,223.0,220.0,238.0
2026-05-05,5230448,1158177815,219.5,225.0,217.0,220.5,-2.5,5797,1.0,219.5,220.5,217.0,225.0
2026-05-06,7917147,1693801922,223.5,223.5,205.5,214.5,-6.0,8135,1.0,223.5,214.5,205.5,223.5
2026-05-07,7043622,1575150935,221.0,229.5,216.0,226.0,11.5,6958,1.0,221.0,226.0,216.0,229.5
2026-05-08,6478240,1379704623,226.5,226.5,205.0,208.0,-18.0,9435,1.0,226.5,208.0,205.0,226.5
2026-05-11,5447945,1111598447,208.0,211.0,197.0,209.0,1.0,6143,1.0,208.0,209.0,197.0,211.0
2026-05-12,3942101,825167637,209.5,215.0,204.5,206.0,-3.0,4425,1.0,209.5,206.0,204.5,215.0
2026-05-13,3629983,724411261,201.5,204.0,196.5,198.0,-8.0,5421,1.0,201.5,198.0,196.5,204.0
2026-05-14,5148804,1006613270,199.5,201.0,192.5,195.0,-3.0,5215,1.0,199.5,195.0,192.5,201.0
2026-05-15,7355748,1348832056,197.0,198.0,177.0,181.5,-13.5,9447,1.0,197.0,181.5,177.0,198.0
