Date,Capacity,Turnover,Open,High,Low,Close,Change,Transaction,AdjFactor,Open_adj,Close_adj,Low_adj,High_adj
2020-05-04,6464126,451989846,69.7,71.0,68.8,70.5,-0.8,4563,0.8577667127369034,59.7863,60.4726,59.0143,60.9014
2020-05-05,6642397,465938948,71.3,71.8,68.8,69.8,-0.7,4393,0.8577667127369034,61.1588,59.8721,59.0143,61.5876
2020-05-06,4820288,336190640,70.2,70.8,69.3,69.6,-0.2,3353,0.8577667127369034,60.2152,59.7006,59.4432,60.7299
2020-05-07,10152542,713772464,69.8,71.8,69.4,69.5,-0.1,7203,0.8577667127369034,59.8721,59.6148,59.529,61.5876
2020-05-08,11798237,838580027,70.6,72.3,69.5,71.3,1.8,7545,0.8577667127369034,60.5583,61.1588,59.6148,62.0165
2020-05-11,16343825,1210392625,72.6,75.9,71.6,75.2,3.9,10483,0.8577667127369034,62.2739,64.5041,61.4161,65.1045
2020-05-12,13140202,960869098,74.5,75.6,71.3,71.8,-3.4,8670,0.8577667127369034,63.9036,61.5876,61.1588,64.8472
2020-05-13,10327264,756390481,72.6,74.7,72.3,72.8,1.0,7031,0.8577667127369034,62.2739,62.4454,62.0165,64.0752
2020-05-14,5239391,376581279,72.1,73.3,70.3,70.5,-2.3,3330,0.8577667127369034,61.845,60.4726,60.301,62.8743
2020-05-15,7226327,505202817,72.3,72.5,68.6,69.9,-0.6,4678,0.8577667127369034,62.0165,59.9579,58.8428,62.1881
2020-05-18,10893065,697635995,65.5,66.5,63.0,63.0,-6.9,6050,0.8577667127369034,56.1837,54.0393,54.0393,57.0415
2020-05-19,46417093,2717374385,61.0,62.3,56.7,58.5,-4.5,22134,0.8577667127369034,52.3238,50.1794,48.6354,53.4389
2020-05-20,34127170,1990352843,59.0,60.3,56.7,57.8,-0.7,17433,0.8577667127369034,50.6082,49.5789,48.6354,51.7233
2020-05-21,27553755,1632048147,59.5,60.2,58.6,58.7,0.9,14584,0.8577667127369034,51.0371,50.3509,50.2651,51.6376
2020-05-22,36896326,2042635856,58.2,58.4,53.3,54.1,-4.6,21204,0.8577667127369034,49.922,46.4052,45.719,50.0936
2020-05-25,21452193,1179413947,55.6,56.3,54.2,54.7,0.6,11608,0.8577667127369034,47.6918,46.9198,46.491,48.2923
2020-05-26,26828134,1505413508,55.2,57.8,54.3,56.2,1.5,14791,0.8577667127369034,47.3487,48.2065,46.5767,49.5789
2020-05-27,15504212,873529410,57.0,57.4,55.4,56.0,-0.2,9173,0.8577667127369034,48.8927,48.0349,47.5203,49.2358
2020-05-28,15447300,862712250,56.4,56.8,55.0,55.0,-1.0,7373,0.8577667127369034,48.378,47.1772,47.1772,48.7211
2020-05-29,9134990,508808530,55.0,56.2,54.8,56.0,1.0,4925,0.8577667127369034,47.1772,48.0349,47.0056,48.2065
2020-06-01,36836977,2173114885,57.0,61.5,56.8,60.3,4.3,21070,0.8577667127369034,48.8927,51.7233,48.7211,52.7527
2020-06-02,35559051,2155175074,61.1,62.7,59.1,59.7,-0.6,20047,0.8577667127369034,52.4095,51.2087,50.694,53.782
2020-06-03,14666700,871696918,60.3,60.6,58.6,59.4,-0.3,8690,0.8577667127369034,51.7233,50.9513,50.2651,51.9807
2020-06-04,9584330,570382299,59.8,60.4,59.0,59.1,-0.3,5466,0.8577667127369034,51.2944,50.694,50.6082,51.8091
2020-06-05,18738217,1134954426,59.3,61.5,59.2,60.4,1.3,10279,0.8577667127369034,50.8656,51.8091,50.7798,52.7527
2020-06-08,10974199,657755113,60.9,61.3,59.4,59.5,-0.9,5673,0.8577667127369034,52.238,51.0371,50.9513,52.5811
2020-06-09,8301145,495196040,59.6,60.5,59.0,59.4,-0.1,4567,0.8577667127369034,51.1229,50.9513,50.6082,51.8949
2020-06-10,46514344,2967849156,59.6,65.3,59.6,65.3,5.9,23117,0.8577667127369034,51.1229,56.0122,51.1229,56.0122
2020-06-11,65670907,4417430362,66.0,69.2,65.4,65.9,0.6,36671,0.8577667127369034,56.6126,56.5268,56.0979,59.3575
2020-06-12,29183837,1892657600,63.2,66.6,62.5,65.4,-0.5,16109,0.8577667127369034,54.2109,56.0979,53.6104,57.1273
2020-06-15,14619360,944831293,65.4,66.4,63.0,63.3,-2.1,7928,0.8577667127369034,56.0979,54.2966,54.0393,56.9557
2020-06-16,27729014,1856130128,66.8,68.3,65.8,66.5,3.2,14639,0.8577667127369034,57.2988,57.0415,56.441,58.5855
2020-06-17,18704135,1265028408,67.0,68.4,66.6,67.8,1.3,10372,0.8577667127369034,57.4704,58.1566,57.1273,58.6712
2020-06-18,23651455,1634612478,68.7,70.0,68.1,69.4,1.6,12618,0.8577667127369034,58.9286,59.529,58.4139,60.0437
2020-06-19,11456991,793300271,69.1,70.0,68.5,69.6,0.2,6365,0.8577667127369034,59.2717,59.7006,58.757,60.0437
2020-06-22,18608909,1344192302,70.2,73.4,70.2,72.5,2.9,11108,0.8577667127369034,60.2152,62.1881,60.2152,62.9601
2020-06-23,14922218,1064723002,73.3,74.0,69.8,70.5,-2.0,8589,0.8577667127369034,62.8743,60.4726,59.8721,63.4747
2020-06-24,10437462,746728701,71.3,72.2,70.6,72.1,1.6,6730,0.8577667127369034,61.1588,61.845,60.5583,61.9308
2020-06-29,12678145,919964953,71.3,73.8,71.1,72.1,0.0,7059,0.8577667127369034,61.1588,61.845,60.9872,63.3032
2020-06-30,28671004,2231940094,74.2,79.3,74.0,79.3,7.2,13844,0.8577667127369034,63.6463,68.0209,63.4747,68.0209
2020-07-01,41748676,3367492646,81.2,83.7,78.0,78.4,-0.9,24247,0.8577667127369034,69.6507,67.2489,66.9058,71.7951
2020-07-02,14067839,1129591216,79.4,82.0,78.5,81.9,3.5,8482,0.8577667127369034,68.1067,70.2511,67.3347,70.3369
2020-07-03,24034400,2026926404,83.4,87.0,83.0,84.3,2.4,14321,0.8577667127369034,71.5377,72.3097,71.1946,74.6257
2020-07-06,9840077,854835450,86.0,88.5,85.7,86.5,2.2,5809,0.8577667127369034,73.7679,74.1968,73.5106,75.9124
2020-07-07,11588074,1000663508,88.1,89.0,84.1,85.4,-1.1,6580,0.8577667127369034,75.5692,73.2533,72.1382,76.3412
2020-07-08,11117696,979534205,88.8,89.4,87.0,88.1,2.7,5731,0.8577667127369034,76.1697,75.5692,74.6257,76.6843
2020-07-09,9284907,810921802,88.5,89.2,85.8,86.1,0.0,5088,0.8646366978503568,76.5203,74.4452,74.1858,77.1256
2020-07-10,11427434,952462683,86.1,86.2,81.8,82.7,-3.4,6575,0.8646366978503568,74.4452,71.5055,70.7273,74.5317
2020-07-13,15904536,1294839017,84.4,84.5,79.0,82.7,0.0,9084,0.8646366978503568,72.9753,71.5055,68.3063,73.0618
2020-07-14,10784122,864837639,82.0,82.0,78.9,79.0,-3.7,5803,0.8646366978503568,70.9002,68.3063,68.2198,70.9002
2020-07-15,15525523,1267661400,80.2,83.5,79.7,80.5,1.5,8695,0.8646366978503568,69.3439,69.6033,68.9115,72.1972
2020-07-16,11156855,909093004,80.5,83.3,79.0,81.8,1.3,6388,0.8646366978503568,69.6033,70.7273,68.3063,72.0242
2020-07-17,7952924,640879361,81.8,82.6,79.1,79.8,-2.0,4478,0.8646366978503568,70.7273,68.998,68.3928,71.419
2020-07-20,6585960,529027932,79.6,81.7,78.5,81.7,1.9,3841,0.8646366978503568,68.8251,70.6408,67.874,70.6408
2020-07-21,12514261,1105972824,85.7,89.8,85.6,89.8,8.1,4992,0.8646366978503568,74.0994,77.6444,74.0129,77.6444
2020-07-22,51513716,4865076767,92.6,98.7,90.5,96.5,6.7,30210,0.8646366978503568,80.0654,83.4374,78.2496,85.3396
2020-07-23,14933987,1437720052,96.3,98.5,94.2,96.0,-0.5,10028,0.8646366978503568,83.2645,83.0051,81.4488,85.1667
2020-07-24,11837701,1104799289,95.0,96.4,91.2,92.3,-3.7,7276,0.8646366978503568,82.1405,79.806,78.8549,83.351
2020-07-27,9109233,853784383,94.4,95.4,91.7,94.4,2.1,6175,0.8646366978503568,81.6217,81.6217,79.2872,82.4863
2020-07-28,19468387,1887576952,96.0,99.2,94.5,96.1,1.7,11794,0.8646366978503568,83.0051,83.0916,81.7082,85.772
2020-07-29,12609749,1195081769,95.7,97.4,93.5,94.6,-1.5,7690,0.8646366978503568,82.7457,81.7946,80.8435,84.2156
2020-07-30,27622358,2739796633,95.7,103.0,94.7,100.0,5.4,16198,0.8646366978503568,82.7457,86.4637,81.8811,89.0576
2020-07-31,15159851,1519623018,99.0,102.5,98.2,100.0,0.0,9190,0.8646366978503568,85.599,86.4637,84.9073,88.6253
2020-08-03,15432936,1584401992,100.5,105.5,100.0,101.5,1.5,8694,0.8646366978503568,86.896,87.7606,86.4637,91.2192
2020-08-04,19618175,2123765494,103.0,111.5,102.5,111.5,10.0,10399,0.8646366978503568,89.0576,96.407,88.6253,96.407
2020-08-05,49374975,5731222100,112.0,121.5,109.5,116.0,4.5,26782,0.8646366978503568,96.8393,100.2979,94.6777,105.0534
2020-08-06,19378476,2275181887,117.5,120.0,115.0,118.5,2.5,11818,0.8646366978503568,101.5948,102.4594,99.4332,103.7564
2020-08-07,17415166,2008565424,117.0,118.5,112.0,113.5,-5.0,9198,0.8646366978503568,101.1625,98.1363,96.8393,102.4594
2020-08-10,22655301,2683344921,113.5,121.0,111.5,120.0,6.5,13186,0.8646366978503568,98.1363,103.7564,96.407,104.621
2020-08-11,28872246,3390625893,118.0,121.0,114.5,117.5,-2.5,16236,0.8646366978503568,102.0271,101.5948,99.0009,104.621
2020-08-12,28454241,3614328589,124.5,129.0,122.5,129.0,11.5,13344,0.8646366978503568,107.6473,111.5381,105.918,111.5381
2020-08-13,54107776,7255952156,136.0,141.5,127.0,131.0,2.0,30546,0.8646366978503568,117.5906,113.2674,109.8089,122.3461
2020-08-14,46584946,6349410724,131.0,144.0,126.0,144.0,13.0,26851,0.8646366978503568,113.2674,124.5077,108.9442,124.5077
2020-08-17,65189392,9218246988,146.0,147.5,135.5,138.5,-5.5,37063,0.8646366978503568,126.237,119.7522,117.1583,127.5339
2020-08-18,36790877,5149509951,138.0,143.5,136.5,138.5,0.0,22526,0.8646366978503568,119.3199,119.7522,118.0229,124.0754
2020-08-19,35357330,5032908530,140.0,147.5,138.0,142.0,3.5,22053,0.8646366978503568,121.0491,122.7784,119.3199,127.5339
2020-08-20,41359510,5561193280,142.0,145.0,128.0,128.0,-14.0,22277,0.8646366978503568,122.7784,110.6735,110.6735,125.3723
2020-08-21,45877207,6259993560,132.5,140.5,131.0,140.5,12.5,24289,0.8646366978503568,114.5644,121.4815,113.2674,121.4815
2020-08-24,38473093,5103812055,139.5,140.5,127.5,132.0,-8.5,21523,0.8646366978503568,120.6168,114.132,110.2412,121.4815
2020-08-25,35308770,4597614100,132.0,134.5,126.0,129.0,-3.0,19837,0.8646366978503568,114.132,111.5381,108.9442,116.2936
2020-08-26,19499958,2552242914,129.5,133.5,128.5,131.0,2.0,11239,0.8646366978503568,111.9705,113.2674,111.1058,115.429
2020-08-27,14920403,1953463677,132.5,134.0,129.0,129.0,-2.0,7917,0.8646366978503568,114.5644,111.5381,111.5381,115.8613
2020-08-28,22447238,2803530122,129.0,130.0,122.5,123.0,-6.0,13250,0.8646366978503568,111.5381,106.3503,105.918,112.4028
2020-08-31,19527618,2398020076,125.0,126.5,120.0,120.5,-2.5,10334,0.8646366978503568,108.0796,104.1887,103.7564,109.3765
2020-09-01,41592250,5283730116,121.0,132.5,117.0,132.5,12.0,22242,0.8646366978503568,104.621,114.5644,101.1625,114.5644
2020-09-02,42920817,5676049247,133.5,136.0,128.0,131.0,-1.5,23998,0.8646366978503568,115.429,113.2674,110.6735,117.5906
2020-09-03,40791871,5615514198,134.5,141.5,133.0,138.0,7.0,24078,0.8646366978503568,116.2936,119.3199,114.9967,122.3461
2020-09-04,32135304,4398770952,134.0,140.0,132.0,136.5,-1.5,18771,0.8646366978503568,115.8613,118.0229,114.132,121.0491
2020-09-07,34407063,4537290021,138.0,140.0,125.5,126.5,-10.0,19412,0.8646366978503568,119.3199,109.3765,108.5119,121.0491
2020-09-08,26107843,3408035090,128.5,134.0,127.5,128.0,1.5,15491,0.8646366978503568,111.1058,110.6735,110.2412,115.8613
2020-09-09,20347700,2592668744,126.0,132.5,123.0,132.0,4.0,11826,0.8646366978503568,108.9442,114.132,106.3503,114.5644
2020-09-10,22650943,2911749261,133.5,134.5,125.0,126.0,-6.0,13723,0.8646366978503568,115.429,108.9442,108.0796,116.2936
2020-09-11,22392229,2770908277,124.5,127.0,121.0,123.0,-3.0,12796,0.8646366978503568,107.6473,106.3503,104.621,109.8089
2020-09-14,13483632,1691145632,124.5,127.5,122.5,125.5,2.5,7798,0.8646366978503568,107.6473,108.5119,105.918,110.2412
2020-09-15,35790162,4693194973,127.0,135.5,125.5,129.5,4.0,20206,0.8646366978503568,109.8089,111.9705,108.5119,117.1583
2020-09-16,31465473,4198379909,132.5,135.5,131.0,133.0,3.5,18278,0.8646366978503568,114.5644,114.9967,113.2674,117.1583
2020-09-17,25699520,3467109220,133.5,137.0,132.5,136.0,3.0,14861,0.8646366978503568,115.429,117.5906,114.5644,118.4552
2020-09-18,11779309,1582221054,135.0,135.5,133.0,134.5,-1.5,6667,0.8646366978503568,116.726,116.2936,114.9967,117.1583
2020-09-21,14357721,1906854730,135.0,136.5,130.0,130.0,-4.5,8514,0.8646366978503568,116.726,112.4028,112.4028,118.0229
2020-09-22,21995931,2833676168,130.5,132.5,126.0,127.0,-3.0,12030,0.8646366978503568,112.8351,109.8089,108.9442,114.5644
2020-09-23,10446182,1333015296,128.5,129.5,126.5,128.0,1.0,5697,0.8646366978503568,111.1058,110.6735,109.3765,111.9705
2020-09-24,24520419,2983101982,125.0,126.0,119.0,119.5,-8.5,14053,0.8646366978503568,108.0796,103.3241,102.8918,108.9442
2020-09-25,29889104,3510525291,121.5,123.0,112.0,113.0,-6.5,15732,0.8646366978503568,105.0534,97.7039,96.8393,106.3503
2020-09-28,28280017,3373626545,116.0,123.5,114.0,120.5,7.5,14715,0.8646366978503568,100.2979,104.1887,98.5686,106.7826
2020-09-29,23641769,2795986473,122.0,123.5,115.0,116.0,-4.5,13250,0.8646366978503568,105.4857,100.2979,99.4332,106.7826
2020-09-30,17185546,2009322244,116.5,119.0,114.0,118.0,2.0,9135,0.8646366978503568,100.7302,102.0271,98.5686,102.8918
2020-10-05,15380934,1825619609,118.0,120.5,116.5,119.5,1.5,7820,0.8646366978503568,102.0271,103.3241,100.7302,104.1887
2020-10-06,13474970,1637822340,121.0,123.0,119.5,121.5,2.0,7132,0.8646366978503568,104.621,105.0534,103.3241,106.3503
2020-10-07,10205470,1232461810,120.0,122.0,119.0,121.5,0.0,5460,0.8646366978503568,103.7564,105.0534,102.8918,105.4857
2020-10-08,27169434,3426632827,122.5,128.5,122.0,127.0,5.5,15674,0.8646366978503568,105.918,109.8089,105.4857,111.1058
2020-10-12,13168424,1654677500,127.5,129.0,123.0,124.5,-2.5,7429,0.8646366978503568,110.2412,107.6473,106.3503,111.5381
2020-10-13,6666648,820504523,125.0,125.5,121.5,123.0,-1.5,3827,0.8646366978503568,108.0796,106.3503,105.0534,108.5119
2020-10-14,14645577,1851975563,123.5,128.5,121.5,127.5,4.5,8426,0.8646366978503568,106.7826,110.2412,105.0534,111.1058
2020-10-15,19867609,2552940952,127.0,131.5,126.0,128.0,0.5,11861,0.8646366978503568,109.8089,110.6735,108.9442,113.6997
2020-10-16,11361844,1445294500,128.5,130.0,123.0,124.5,-3.5,7007,0.8646366978503568,111.1058,107.6473,106.3503,112.4028
2020-10-19,17310133,2219510821,126.0,130.5,125.5,126.5,2.0,10019,0.8646366978503568,108.9442,109.3765,108.5119,112.8351
2020-10-20,10935173,1396667990,127.0,130.0,125.0,130.0,3.5,6475,0.8646366978503568,109.8089,112.4028,108.0796,112.4028
2020-10-21,23902875,3084160558,132.5,134.5,125.0,125.5,-4.5,15347,0.8646366978503568,114.5644,108.5119,108.0796,116.2936
2020-10-22,17993704,2200199888,125.5,125.5,120.0,121.5,-4.0,11102,0.8646366978503568,108.5119,105.0534,103.7564,108.5119
2020-10-23,14811524,1784774689,122.5,123.5,119.0,121.0,-0.5,8588,0.8646366978503568,105.918,104.621,102.8918,106.7826
2020-10-26,7473581,892589130,121.0,122.0,118.5,119.0,-2.0,5028,0.8646366978503568,104.621,102.8918,102.4594,105.4857
2020-10-27,10732743,1271842292,118.0,121.0,117.0,121.0,2.0,6659,0.8646366978503568,102.0271,104.621,101.1625,104.621
2020-10-28,33328054,3785534789,118.0,118.5,110.5,111.0,-10.0,19406,0.8646366978503568,102.0271,95.9747,95.5424,102.4594
2020-10-29,40601638,4514556610,107.5,115.5,105.0,114.5,3.5,22061,0.8646366978503568,92.9484,99.0009,90.7869,99.8655
2020-10-30,17099222,1960132609,113.0,115.5,113.0,115.5,1.0,8808,0.8646366978503568,97.7039,99.8655,97.7039,99.8655
2020-11-02,11545543,1329990739,115.0,117.5,112.5,116.5,1.0,6884,0.8646366978503568,99.4332,100.7302,97.2716,101.5948
2020-11-03,8934365,1050771715,117.5,119.0,115.5,118.0,1.5,5284,0.8646366978503568,101.5948,102.0271,99.8655,102.8918
2020-11-04,45756860,5685049561,120.0,129.0,118.0,125.5,7.5,24596,0.8646366978503568,103.7564,108.5119,102.0271,111.5381
2020-11-05,22769500,2880656067,125.5,128.5,123.0,127.5,2.0,12537,0.8646366978503568,108.5119,110.2412,106.3503,111.1058
2020-11-06,19571157,2519657754,128.0,131.0,125.5,126.5,-1.0,11044,0.8646366978503568,110.6735,109.3765,108.5119,113.2674
2020-11-09,13961710,1779507506,129.0,130.5,125.5,125.5,-1.0,8302,0.8646366978503568,111.5381,108.5119,108.5119,112.8351
2020-11-10,33577526,4360613378,128.0,131.5,127.5,131.0,5.5,18212,0.8646366978503568,110.6735,113.2674,110.2412,113.6997
2020-11-11,25557040,3377155796,131.5,135.5,130.0,130.0,-1.0,14577,0.8646366978503568,113.6997,112.4028,112.4028,117.1583
2020-11-12,13799171,1819818737,132.0,134.0,129.0,133.0,3.0,7597,0.8646366978503568,114.132,114.9967,111.5381,115.8613
2020-11-13,15864021,2102254891,134.5,135.0,130.0,133.5,0.5,8983,0.8646366978503568,116.2936,115.429,112.4028,116.726
2020-11-16,11120015,1503634449,136.5,137.5,133.5,134.5,1.0,6867,0.8646366978503568,118.0229,116.2936,115.429,118.8875
2020-11-17,36962525,5250171773,136.0,147.0,135.0,144.0,9.5,22011,0.8646366978503568,117.5906,124.5077,116.726,127.1016
2020-11-18,14630643,2063445972,143.0,144.0,139.5,140.5,-3.5,8919,0.8646366978503568,123.643,121.4815,120.6168,124.5077
2020-11-19,12721620,1747548980,139.0,139.5,136.0,136.5,-4.0,7163,0.8646366978503568,120.1845,118.0229,117.5906,120.6168
2020-11-20,8918596,1220707264,136.5,138.5,135.0,138.0,1.5,5558,0.8646366978503568,118.0229,119.3199,116.726,119.7522
2020-11-23,17539144,2468451584,140.5,144.0,138.5,139.0,1.0,9835,0.8646366978503568,121.4815,120.1845,119.7522,124.5077
2020-11-24,38270495,5705081179,141.5,152.5,141.5,152.5,13.5,20542,0.8646366978503568,122.3461,131.8571,122.3461,131.8571
2020-11-25,41681268,6406825950,155.0,158.0,149.0,150.0,-2.5,22838,0.8646366978503568,134.0187,129.6955,128.8309,136.6126
2020-11-26,27171758,4327761071,151.0,165.0,151.0,165.0,15.0,15110,0.8646366978503568,130.5601,142.6651,130.5601,142.6651
2020-11-27,50449094,8587434061,170.0,175.5,165.5,171.0,6.0,31055,0.8646366978503568,146.9882,147.8529,143.0974,151.7437
2020-11-30,45295050,8097072833,172.5,185.5,171.5,181.0,10.0,28697,0.8646366978503568,149.1498,156.4992,148.2852,160.3901
2020-12-01,21992606,3874942491,181.0,182.0,173.0,175.0,-6.0,14135,0.8646366978503568,156.4992,151.3114,149.5821,157.3639
2020-12-02,17858683,3182325565,175.0,181.5,174.5,177.5,2.5,11760,0.8646366978503568,151.3114,153.473,150.8791,156.9316
2020-12-03,24257190,4147260115,177.5,178.0,166.5,172.0,-5.5,14758,0.8646366978503568,153.473,148.7175,143.962,153.9053
2020-12-04,16173662,2765817591,170.5,175.0,168.0,169.5,-2.5,10608,0.8646366978503568,147.4206,146.5559,145.259,151.3114
2020-12-07,15775364,2754932151,171.0,178.5,171.0,172.5,3.0,10339,0.8646366978503568,147.8529,149.1498,147.8529,154.3377
2020-12-08,18672461,3310585467,172.5,181.5,171.0,180.0,7.5,11698,0.8646366978503568,149.1498,155.6346,147.8529,156.9316
2020-12-09,13400933,2383326120,181.0,182.5,175.5,177.0,-3.0,8848,0.8646366978503568,156.4992,153.0407,151.7437,157.7962
2020-12-10,9164455,1618786673,174.5,180.0,173.0,178.0,1.0,5980,0.8646366978503568,150.8791,153.9053,149.5821,155.6346
2020-12-11,55895828,10304187165,181.0,194.5,173.5,173.5,-4.5,33862,0.8646366978503568,156.4992,150.0145,150.0145,168.1718
2020-12-14,28425652,5169748257,173.5,186.5,173.5,186.0,12.5,18577,0.8646366978503568,150.0145,160.8224,150.0145,161.2547
2020-12-15,25325071,4509282399,184.0,186.0,172.0,174.5,-11.5,16733,0.8646366978503568,159.0932,150.8791,148.7175,160.8224
2020-12-16,20118974,3593727649,179.0,182.5,175.0,176.5,2.0,12585,0.8646366978503568,154.77,152.6084,151.3114,157.7962
2020-12-17,25084589,4467809254,177.5,183.5,173.0,176.5,0.0,15785,0.8646366978503568,153.473,152.6084,149.5821,158.6608
2020-12-18,16902703,2937716734,175.5,177.0,171.5,173.0,-3.5,10021,0.8646366978503568,151.7437,149.5821,148.2852,153.0407
2020-12-21,14119183,2418680590,172.5,177.0,167.0,177.0,4.0,8195,0.8646366978503568,149.1498,153.0407,144.3943,153.0407
2020-12-22,11360206,1957967020,174.0,174.0,170.0,170.0,-7.0,7500,0.8646366978503568,150.4468,146.9882,146.9882,150.4468
2020-12-23,16769103,2945333890,170.0,179.0,169.5,176.5,6.5,10163,0.8646366978503568,146.9882,152.6084,146.5559,154.77
2020-12-24,9063879,1574197178,177.0,177.0,171.5,171.5,-5.0,6175,0.8646366978503568,153.0407,148.2852,148.2852,153.0407
2020-12-25,10335095,1757406375,172.5,174.5,168.0,168.5,-3.0,7503,0.8646366978503568,149.1498,145.6913,145.259,150.8791
2020-12-28,9969632,1709355256,168.5,174.0,168.5,173.5,5.0,6740,0.8646366978503568,145.6913,150.0145,145.6913,150.4468
2020-12-29,11335320,1979169493,173.0,177.0,172.0,175.0,1.5,6874,0.8646366978503568,149.5821,151.3114,148.7175,153.0407
2020-12-30,16856149,2996137946,175.0,180.0,175.0,178.0,3.0,10112,0.8646366978503568,151.3114,153.9053,151.3114,155.6346
2020-12-31,14116033,2570307475,179.0,184.5,178.0,182.0,4.0,9516,0.8646366978503568,154.77,157.3639,153.9053,159.5255
2021-01-04,21125468,4093182019,186.0,200.0,185.0,200.0,18.0,12622,0.8646366978503568,160.8224,172.9273,159.9578,172.9273
2021-01-05,40286183,8363316909,207.5,216.5,197.0,209.0,9.0,26697,0.8646366978503568,179.4121,180.7091,170.3334,187.1938
2021-01-06,26855950,5630785238,209.0,215.5,203.0,205.5,-3.5,17977,0.8646366978503568,180.7091,177.6828,175.5212,186.3292
2021-01-07,24378995,5198624763,209.5,218.5,207.0,212.5,7.0,17046,0.8646366978503568,181.1414,183.7353,178.9798,188.9231
2021-01-08,13626065,2912883013,213.5,217.5,210.5,216.0,3.5,9030,0.8646366978503568,184.5999,186.7615,182.006,188.0585
2021-01-11,15548640,3391868562,216.0,222.5,214.0,221.0,5.0,10454,0.8646366978503568,186.7615,191.0847,185.0323,192.3817
2021-01-12,18786953,4117301834,219.0,224.0,213.5,222.0,1.0,12245,0.8646366978503568,189.3554,191.9493,184.5999,193.6786
2021-01-13,18324788,4117175914,226.5,234.0,220.0,220.0,-2.0,13087,0.8646366978503568,195.8402,190.2201,190.2201,202.325
2021-01-14,12295943,2725523869,216.5,226.0,216.0,224.0,4.0,8254,0.8646366978503568,187.1938,193.6786,186.7615,195.4079
2021-01-15,11246217,2476124428,221.0,224.0,217.5,219.0,-5.0,7148,0.8646366978503568,191.0847,189.3554,188.0585,193.6786
2021-01-18,7092825,1561200621,218.0,223.5,216.0,223.0,4.0,4831,0.8646366978503568,188.4908,192.814,186.7615,193.2463
2021-01-19,7522810,1678815941,225.0,227.0,219.5,221.0,-2.0,5544,0.8646366978503568,194.5433,191.0847,189.7878,196.2725
2021-01-20,8899765,1950579134,222.5,224.5,214.5,216.5,-4.5,6062,0.8646366978503568,192.3817,187.1938,185.4646,194.1109
2021-01-21,16534257,3737032486,218.5,231.5,217.0,230.5,14.0,11007,0.8646366978503568,188.9231,199.2988,187.6262,200.1634
2021-01-22,19773843,4811137042,229.0,253.5,226.0,253.5,23.0,12835,0.8646366978503568,198.0018,219.1854,195.4079,219.1854
2021-01-25,27965341,6754129614,253.5,258.0,229.0,233.5,-20.0,18940,0.8646366978503568,219.1854,201.8927,198.0018,223.0763
2021-01-26,25014690,6068252984,235.0,250.0,232.0,238.0,4.5,17749,0.8646366978503568,203.1896,205.7835,200.5957,216.1592
2021-01-27,21660369,5263748426,239.0,250.0,232.0,248.0,10.0,15252,0.8646366978503568,206.6482,214.4299,200.5957,216.1592
2021-01-28,18960046,4497593113,237.0,243.0,232.0,236.0,-12.0,13429,0.8646366978503568,204.9189,204.0543,200.5957,210.1067
2021-01-29,12522241,2952175665,241.0,243.5,226.0,226.0,-10.0,8754,0.8646366978503568,208.3774,195.4079,195.4079,210.539
2021-02-01,14283982,3248482443,226.5,234.0,221.0,233.0,7.0,9418,0.8646366978503568,195.8402,201.4604,191.0847,202.325
2021-02-02,18308425,4425203588,234.0,247.5,233.0,246.0,13.0,13069,0.8646366978503568,202.325,212.7006,201.4604,213.9976
2021-02-03,17591430,4332932627,247.0,254.0,238.5,243.5,-2.5,12829,0.8646366978503568,213.5653,210.539,206.2159,219.6177
2021-02-04,27050170,6728413963,244.0,254.5,241.0,254.0,10.5,19105,0.8646366978503568,210.9714,219.6177,208.3774,220.05
2021-02-05,31775969,8334819019,256.0,274.0,250.0,265.0,11.0,23893,0.8646366978503568,221.347,229.1287,216.1592,236.9105
2021-02-17,20174751,5733112205,283.0,289.0,276.5,286.5,21.5,14630,0.8646366978503568,244.6922,247.7184,239.072,249.88
2021-02-18,15772983,4539628494,283.0,294.5,280.5,288.0,1.5,12055,0.8646366978503568,244.6922,249.0154,242.5306,254.6355
2021-02-19,12748714,3719938000,286.0,297.0,283.5,290.0,2.0,9794,0.8646366978503568,247.2861,250.7446,245.1245,256.7971
2021-02-22,15196177,4535857612,293.0,304.0,292.0,294.5,4.5,12616,0.8646366978503568,253.3386,254.6355,252.4739,262.8496
2021-02-23,14803425,4261021149,291.5,293.0,283.5,286.0,-8.5,11903,0.8646366978503568,252.0416,247.2861,245.1245,253.3386
2021-02-24,31329961,9590249950,297.0,314.5,292.0,295.0,9.0,21636,0.8646366978503568,256.7971,255.0678,252.4739,271.9282
2021-02-25,22951183,7150906128,309.5,322.0,302.5,306.0,11.0,18376,0.8646366978503568,267.6051,264.5788,261.5526,278.413
2021-02-26,41369296,12509803896,295.0,313.0,294.0,299.0,-7.0,19063,0.8646366978503568,255.0678,258.5264,254.2032,270.6313
2021-03-02,16836078,5065122304,311.5,314.0,289.0,291.0,-8.0,13334,0.8646366978503568,269.3343,251.6093,249.88,271.4959
2021-03-03,20265524,5697950826,293.5,297.0,272.5,280.5,-10.5,16263,0.8646366978503568,253.7709,242.5306,235.6135,256.7971
2021-03-04,14724903,4126663813,281.0,285.0,276.0,278.5,-2.0,11427,0.8646366978503568,242.9629,240.8013,238.6397,246.4215
2021-03-05,30870525,8822518337,274.0,298.5,268.5,295.0,16.5,22674,0.8646366978503568,236.9105,255.0678,232.155,258.0941
2021-03-08,26263993,7722780831,301.0,306.5,279.0,279.5,-15.5,20238,0.8646366978503568,260.2556,241.666,241.2336,265.0111
2021-03-09,21105451,5825788590,280.5,283.5,270.0,273.5,-6.0,16435,0.8646366978503568,242.5306,236.4781,233.4519,245.1245
2021-03-10,20288168,5733783917,279.0,288.0,277.5,283.5,10.0,15380,0.8646366978503568,241.2336,245.1245,239.9367,249.0154
2021-03-11,14892621,4288811521,285.5,293.0,283.0,293.0,9.5,10832,0.8646366978503568,246.8538,253.3386,244.6922,253.3386
2021-03-12,18302166,5434169257,296.0,303.5,289.5,292.0,-1.0,14479,0.8646366978503568,255.9325,252.4739,250.3123,262.4172
2021-03-15,8110501,2397694951,295.0,298.5,291.5,296.0,4.0,6255,0.8646366978503568,255.0678,255.9325,252.0416,258.0941
2021-03-16,6377582,1886248849,299.5,300.0,293.0,293.5,-2.5,5013,0.8646366978503568,258.9587,253.7709,253.3386,259.391
2021-03-17,9595799,2863129069,295.0,302.0,293.5,299.0,5.5,7496,0.8646366978503568,255.0678,258.5264,253.7709,261.1203
2021-03-18,18090116,5598448065,304.5,313.0,303.0,312.5,13.5,14560,0.8646366978503568,263.2819,270.199,261.9849,270.6313
2021-03-19,16509325,5032825809,312.5,312.5,299.0,307.0,-5.5,10697,0.8646366978503568,270.199,265.4435,258.5264,270.199
2021-03-22,6689266,2040743994,306.0,308.5,301.0,306.5,-0.5,5192,0.8646366978503568,264.5788,265.0111,260.2556,266.7404
2021-03-23,18109793,5787529423,310.0,332.5,302.0,305.5,-1.0,14726,0.8646366978503568,268.0374,264.1465,261.1203,287.4917
2021-03-24,17488917,5683780255,309.0,333.0,309.0,326.0,20.5,13866,0.8646366978503568,267.1727,281.8716,267.1727,287.924
2021-03-25,14908287,4949192791,333.0,350.0,317.5,318.0,-8.0,12361,0.8646366978503568,287.924,274.9545,274.5222,302.6228
2021-03-26,11306732,3753743325,327.0,339.0,323.0,335.5,17.5,9194,0.8646366978503568,282.7362,290.0856,279.2777,293.1118
2021-03-29,8117615,2732480957,339.5,344.5,331.0,332.0,-3.5,6565,0.8646366978503568,293.5442,287.0594,286.1947,297.8673
2021-03-30,17593850,6145250393,340.0,356.0,337.0,356.0,24.0,14087,0.8646366978503568,293.9765,307.8107,291.3826,307.8107
2021-03-31,12222435,4298298848,356.5,360.0,347.5,354.0,-2.0,9574,0.8646366978503568,308.243,306.0814,300.4613,311.2692
2021-04-01,14491143,5163290203,360.0,366.5,348.0,351.5,-2.5,11522,0.8646366978503568,311.2692,303.9198,300.8936,316.8893
2021-04-06,8154164,2885445077,359.0,360.0,350.0,351.0,-0.5,6664,0.8646366978503568,310.4046,303.4875,302.6228,311.2692
2021-04-07,10108588,3472620240,354.0,355.0,339.0,340.5,-10.5,8961,0.8646366978503568,306.0814,294.4088,293.1118,306.946
2021-04-08,7357041,2455431180,342.0,342.0,331.0,332.5,-8.0,7107,0.8646366978503568,295.7058,287.4917,286.1947,295.7058
2021-04-09,7616449,2559049312,333.0,342.5,331.5,334.5,2.0,6494,0.8646366978503568,287.924,289.221,286.6271,296.1381
2021-04-12,5982470,1958868627,335.0,337.5,323.0,323.0,-11.5,5844,0.8646366978503568,289.6533,279.2777,279.2777,291.8149
2021-04-13,6930257,2259247575,326.0,334.5,319.0,320.0,-3.0,5905,0.8646366978503568,281.8716,276.6837,275.8191,289.221
2021-04-14,11469241,3628487609,324.0,328.5,302.5,315.5,-4.5,8960,0.8646366978503568,280.1423,272.7929,261.5526,284.0332
2021-04-15,13199802,4381932308,322.0,343.5,319.0,341.5,26.0,11466,0.8646366978503568,278.413,295.2734,275.8191,297.0027
2021-04-16,9930629,3318845606,340.5,340.5,329.0,332.5,-9.0,8540,0.8646366978503568,294.4088,287.4917,284.4655,294.4088
2021-04-19,8492599,2747197755,335.0,335.0,316.0,319.5,-13.0,7755,0.8646366978503568,289.6533,276.2514,273.2252,289.6533
2021-04-20,8072223,2576053711,322.0,326.0,314.0,320.5,1.0,7015,0.8646366978503568,278.413,277.1161,271.4959,281.8716
2021-04-21,6985614,2233683790,321.5,327.5,316.0,316.0,-4.5,5888,0.8646366978503568,277.9807,273.2252,273.2252,283.1685
2021-04-22,8802315,2834970555,322.5,329.5,315.5,315.5,-0.5,7275,0.8646366978503568,278.8453,272.7929,272.7929,284.8978
2021-04-23,6451960,2083055458,320.0,325.5,316.5,324.5,9.0,5178,0.8646366978503568,276.6837,280.5746,273.6575,281.4392
2021-04-26,15168561,4745074654,328.0,329.5,304.0,305.5,-19.0,13873,0.8646366978503568,283.6008,264.1465,262.8496,284.8978
2021-04-27,10439638,3194011504,309.0,313.0,298.5,307.5,2.0,8956,0.8646366978503568,267.1727,265.8758,258.0941,270.6313
2021-04-28,13159527,4182729774,310.0,324.0,307.0,316.0,8.5,10416,0.8646366978503568,268.0374,273.2252,265.4435,280.1423
2021-04-29,7720448,2456134349,317.0,323.0,313.5,318.5,2.5,5759,0.8646366978503568,274.0898,275.3868,271.0636,279.2777
2021-05-03,6898724,2100147656,318.5,318.5,298.5,298.5,-20.0,6497,0.8646366978503568,275.3868,258.0941,258.0941,275.3868
2021-05-04,15601133,4742752931,305.0,312.0,290.5,308.0,9.5,12020,0.8646366978503568,263.7142,266.3081,251.177,269.7666
2021-05-05,13523158,4109108861,314.0,318.0,287.5,289.0,-19.0,11390,0.8646366978503568,271.4959,249.88,248.5831,274.9545
2021-05-06,12497980,3779428173,294.5,312.0,290.0,305.0,16.0,10249,0.8646366978503568,254.6355,263.7142,250.7446,269.7666
2021-05-07,11910517,3717440247,309.0,318.0,303.5,318.0,13.0,9330,0.8646366978503568,267.1727,274.9545,262.4172,274.9545
2021-05-10,8703525,2732486733,323.0,325.0,306.0,307.0,-11.0,8369,0.8646366978503568,279.2777,265.4435,264.5788,281.0069
2021-05-11,12857969,3691344576,296.0,302.0,276.5,279.5,-27.5,10973,0.8646366978503568,255.9325,241.666,239.072,261.1203
2021-05-12,25328491,6904307273,282.5,295.0,252.0,268.5,-11.0,18556,0.8646366978503568,244.2599,232.155,217.8884,255.0678
2021-05-13,17643914,4894108690,263.5,287.0,256.0,283.5,15.0,13079,0.8646366978503568,227.8318,245.1245,221.347,248.1507
2021-05-14,18387698,5443221780,290.0,305.0,286.5,290.0,6.5,13609,0.8646366978503568,250.7446,250.7446,247.7184,263.7142
2021-05-17,22107407,6521291122,280.0,303.0,276.5,302.0,12.0,16715,0.8646366978503568,242.0983,261.1203,239.072,261.9849
2021-05-18,20447752,6391606535,321.0,321.0,305.0,310.0,8.0,15606,0.8646366978503568,277.5484,268.0374,263.7142,277.5484
2021-05-19,9744469,3011440509,307.5,317.5,302.0,303.5,-6.5,7531,0.8646366978503568,265.8758,262.4172,261.1203,274.5222
2021-05-20,8053826,2404491848,303.5,309.5,291.5,292.0,-11.5,6750,0.8646366978503568,262.4172,252.4739,252.0416,267.6051
2021-05-21,15128535,4675063264,300.0,316.5,297.5,315.0,23.0,11913,0.8646366978503568,259.391,272.3606,257.2294,273.6575
2021-05-24,11295402,3573158716,311.0,322.5,309.0,322.5,7.5,8662,0.8646366978503568,268.902,278.8453,267.1727,278.8453
2021-05-25,13806973,4539273972,327.0,333.5,323.0,323.0,0.5,10733,0.8646366978503568,282.7362,279.2777,279.2777,288.3563
2021-05-26,9176723,2947392437,327.0,331.0,315.0,318.0,-5.0,7218,0.8646366978503568,282.7362,274.9545,272.3606,286.1947
2021-05-27,8926675,2800248325,317.5,318.0,307.0,318.0,0.0,6410,0.8646366978503568,274.5222,274.9545,265.4435,274.9545
2021-05-28,8007406,2535070038,322.0,323.0,313.0,313.0,-5.0,6483,0.8646366978503568,278.413,270.6313,270.6313,279.2777
2021-05-31,16023113,5263090856,316.0,338.0,315.0,330.5,17.5,12347,0.8646366978503568,273.2252,285.7624,272.3606,292.2472
2021-06-01,9086015,2993489750,334.0,336.5,325.0,326.0,-4.5,7075,0.8646366978503568,288.7887,281.8716,281.0069,290.9502
2021-06-02,6665314,2155090010,330.0,333.5,315.0,319.5,-6.5,5684,0.8646366978503568,285.3301,276.2514,272.3606,288.3563
2021-06-03,19056101,6344215220,328.5,340.5,325.0,335.5,16.0,14522,0.8646366978503568,284.0332,290.0856,281.0069,294.4088
2021-06-04,14805420,4997119598,337.0,345.5,329.5,341.0,5.5,10992,0.8646366978503568,291.3826,294.8411,284.8978,298.732
2021-06-07,19441881,6794333959,344.0,365.0,337.0,352.0,11.0,15318,0.8646366978503568,297.435,304.3521,291.3826,315.5924
2021-06-08,11124309,3951383424,352.0,363.5,348.0,350.0,-2.0,9062,0.8646366978503568,304.3521,302.6228,300.8936,314.2954
2021-06-09,13962216,5021936451,353.0,366.0,351.5,361.5,11.5,10905,0.8646366978503568,305.2168,312.5662,303.9198,316.457
2021-06-10,11266642,4000916643,363.0,365.0,348.5,348.5,-13.0,9230,0.8646366978503568,313.8631,301.3259,301.3259,315.5924
2021-06-11,7617069,2660314901,353.0,357.5,343.5,345.5,-3.0,5986,0.8646366978503568,305.2168,298.732,297.0027,309.1076
2021-06-15,3171984,1104974483,351.0,352.5,345.5,347.0,1.5,2390,0.8646366978503568,303.4875,300.0289,298.732,304.7844
2021-06-16,5490363,1901645699,347.0,355.0,340.0,340.5,-6.5,4557,0.8646366978503568,300.0289,294.4088,293.9765,306.946
2021-06-17,7296173,2534840234,342.0,354.5,338.0,354.5,14.0,5666,0.8646366978503568,295.7058,306.5137,292.2472,306.5137
2021-06-18,7687119,2764496352,355.5,364.5,351.0,359.5,5.0,5773,0.8646366978503568,307.3783,310.8369,303.4875,315.1601
2021-06-21,9851610,3590747453,361.5,374.0,357.5,358.5,-1.0,7365,0.8646366978503568,312.5662,309.9723,309.1076,323.3741
2021-06-22,16696295,6324719512,366.0,394.0,365.0,387.0,28.5,12743,0.8646366978503568,316.457,334.6144,315.5924,340.6669
2021-06-23,11148117,4404462647,390.5,401.0,388.0,394.0,7.0,8965,0.8646366978503568,337.6406,340.6669,335.479,346.7193
2021-06-24,12022299,4872101097,396.0,417.0,396.0,402.5,8.5,9372,0.8646366978503568,342.3961,348.0163,342.3961,360.5535
2021-06-25,7245313,2888663745,410.5,413.5,390.0,393.0,-9.5,6306,0.8646366978503568,354.9334,339.8022,337.2083,357.5273
2021-06-28,4685808,1834173700,395.0,401.5,385.0,387.5,-5.5,4355,0.8646366978503568,341.5315,335.0467,332.8851,347.1516
2021-06-29,3635357,1414855629,390.5,394.0,383.0,389.0,1.5,3147,0.8646366978503568,337.6406,336.3437,331.1559,340.6669
2021-06-30,3905984,1512105293,391.5,393.0,381.0,389.5,0.5,3286,0.8646366978503568,338.5053,336.776,329.4266,339.8022
2021-07-01,3982311,1520279694,390.5,392.5,375.0,379.0,-10.5,3726,0.8646366978503568,337.6406,327.6973,324.2388,339.3699
2021-07-02,4430109,1722181553,382.0,395.0,379.0,391.5,12.5,3851,0.8646366978503568,330.2912,338.5053,327.6973,341.5315
2021-07-05,7128030,2864667685,397.0,412.0,388.0,406.0,14.5,5926,0.8646366978503568,343.2608,351.0425,335.479,356.2303
2021-07-06,6024439,2452502923,413.5,416.0,397.0,407.5,1.5,5118,0.8646366978503568,357.5273,352.3395,343.2608,359.6889
2021-07-07,10531756,4483737356,412.0,439.0,410.0,424.5,17.0,9047,0.8646366978503568,356.2303,367.0383,354.501,379.5755
2021-07-08,11855545,5082160964,426.0,445.0,414.0,419.0,-5.5,10194,0.8646366978503568,368.3352,362.2828,357.9596,384.7633
2021-07-09,6787209,2861691860,416.0,434.0,409.0,418.0,-1.0,5693,0.8646366978503568,359.6889,361.4181,353.6364,375.2523
2021-07-12,5408082,2310852094,430.0,439.5,419.5,428.0,10.0,4308,0.8646366978503568,371.7938,370.0645,362.7151,380.0078
2021-07-13,5508473,2367628473,436.0,443.0,412.5,420.0,-8.0,4739,0.8646366978503568,376.9816,363.1474,356.6626,383.0341
2021-07-14,5241816,2256306596,424.0,436.0,423.0,434.0,14.0,4302,0.8646366978503568,366.606,375.2523,365.7413,376.9816
2021-07-15,6720680,2836162984,433.0,433.0,415.5,419.5,-14.5,5934,0.8646366978503568,374.3877,362.7151,359.2565,374.3877
2021-07-16,5960345,2548279885,419.5,436.0,415.0,436.0,16.5,4782,0.8646366978503568,362.7151,376.9816,358.8242,376.9816
2021-07-19,5475393,2329327198,430.0,436.5,420.0,420.0,-16.0,4577,0.8646366978503568,371.7938,363.1474,363.1474,377.4139
2021-07-20,4253134,1798460799,420.0,429.5,416.5,418.5,-1.5,3870,0.8646366978503568,363.1474,361.8505,360.1212,371.3615
2021-07-21,5306993,2210571533,425.0,430.0,408.0,409.0,-9.5,4100,0.8646366978503568,367.4706,353.6364,352.7718,371.7938
2021-07-22,4669268,1977688010,418.0,428.5,416.0,427.5,18.5,3597,0.8646366978503568,361.4181,369.6322,359.6889,370.4968
2021-07-23,8427471,3407908999,430.0,430.0,389.0,391.5,-36.0,8358,0.8646366978503568,371.7938,338.5053,336.3437,371.7938
2021-07-26,8132237,3136547638,392.5,397.0,378.5,385.5,-6.0,7212,0.8646366978503568,339.3699,333.3174,327.265,343.2608
2021-07-27,6918551,2607957259,388.5,392.5,369.0,375.5,-10.0,5647,0.8646366978503568,335.9114,324.6711,319.0509,339.3699
2021-07-28,9295174,3514943446,377.0,392.0,360.0,383.5,8.0,7450,0.8646366978503568,325.968,331.5882,311.2692,338.9376
2021-07-29,12201747,5003443693,398.0,420.5,395.5,416.0,32.5,9460,0.8646366978503568,344.1254,359.6889,341.9638,363.5797
2021-07-30,5668884,2290796297,420.0,421.0,392.0,397.0,-19.0,4781,0.8646366978503568,363.1474,343.2608,338.9376,364.012
2021-08-02,3638668,1428563938,405.5,406.0,387.5,389.5,-7.5,2985,0.8646366978503568,350.6102,336.776,335.0467,351.0425
2021-08-03,5583336,2237296838,394.5,408.0,392.0,405.5,16.0,4321,0.8646366978503568,341.0992,350.6102,338.9376,352.7718
2021-08-04,14836385,6078690030,411.0,427.0,396.0,396.0,0.0,11689,0.8719477268796808,358.3705,345.2913,345.2913,372.3217
2021-08-05,9517784,3904765598,400.0,417.5,394.5,414.5,18.5,8155,0.8719477268796808,348.7791,361.4223,343.9834,364.0382
2021-08-06,6035517,2474859944,408.0,418.0,399.5,416.0,1.5,5454,0.8719477268796808,355.7547,362.7303,348.3431,364.4741
2021-08-09,7263294,3001235565,416.0,426.0,402.5,402.5,-13.5,5917,0.8719477268796808,362.7303,350.959,350.959,371.4497
2021-08-10,4455515,1790733419,403.5,410.0,396.0,401.0,-1.5,3713,0.8719477268796808,351.8309,349.651,345.2913,357.4986
2021-08-11,5462798,2135581301,400.0,400.0,383.5,385.0,-16.0,5013,0.8719477268796808,348.7791,335.6999,334.392,348.7791
2021-08-12,4785460,1890327383,385.5,402.0,385.0,400.5,15.5,3901,0.8719477268796808,336.1358,349.2151,335.6999,350.523
2021-08-13,8785086,3386077689,394.5,395.5,380.0,380.0,-20.5,7562,0.8719477268796808,343.9834,331.3401,331.3401,344.8553
2021-08-16,7736507,2899786991,380.0,388.0,365.0,375.5,-4.5,6485,0.8719477268796808,331.3401,327.4164,318.2609,338.3157
2021-08-17,7182120,2609508435,379.0,380.0,351.0,352.0,-23.5,6347,0.8719477268796808,330.4682,306.9256,306.0537,331.3401
2021-08-18,10363690,3733670270,348.5,374.0,343.0,373.5,21.5,8391,0.8719477268796808,303.8738,325.6725,299.0781,326.1084
2021-08-19,5375585,1965250352,368.0,373.0,360.0,360.0,-13.5,4536,0.8719477268796808,320.8768,313.9012,313.9012,325.2365
2021-08-20,7021676,2577693289,363.5,377.0,355.5,365.0,5.0,5791,0.8719477268796808,316.953,318.2609,309.9774,328.7243
2021-08-23,6969228,2659329154,375.5,387.0,374.5,387.0,22.0,5359,0.8719477268796808,327.4164,337.4438,326.5444,337.4438
2021-08-24,7764824,2928487110,392.0,394.5,367.5,369.5,-17.5,6361,0.8719477268796808,341.8035,322.1847,320.4408,343.9834
2021-08-25,11118846,4278892626,377.0,394.0,375.0,387.5,18.0,8729,0.8719477268796808,328.7243,337.8797,326.9804,343.5474
2021-08-26,5382452,2054403403,391.0,393.0,377.5,379.5,-8.0,4588,0.8719477268796808,340.9316,330.9042,329.1603,342.6755
2021-08-27,16231780,6512444583,377.0,415.0,375.5,413.0,33.5,14257,0.8719477268796808,328.7243,360.1144,327.4164,361.8583
2021-08-30,12242037,5132955000,419.5,428.0,410.0,420.5,7.5,10279,0.8719477268796808,365.7821,366.654,357.4986,373.1936
2021-08-31,5966058,2497169402,417.0,424.5,413.5,421.5,1.0,4739,0.8719477268796808,363.6022,367.526,360.5504,370.1418
2021-09-01,7028390,2977333193,423.5,430.5,416.0,426.0,4.5,6082,0.8719477268796808,369.2699,371.4497,362.7303,375.3735
2021-09-02,7367394,3104623257,423.0,433.0,413.0,413.0,-13.0,6140,0.8719477268796808,368.8339,360.1144,360.1144,377.5534
2021-09-03,6615895,2802146670,418.5,429.0,418.0,427.0,14.0,5680,0.8719477268796808,364.9101,372.3217,364.4741,374.0656
2021-09-06,15846367,7028867539,429.5,456.0,426.5,453.5,26.5,13307,0.8719477268796808,374.5015,395.4283,371.8857,397.6082
2021-09-07,10513775,4614074451,447.5,451.0,428.5,438.5,-15.0,8599,0.8719477268796808,390.1966,382.3491,373.6296,393.2484
2021-09-08,10507229,4375229981,435.0,435.0,407.0,410.0,-28.5,9114,0.8719477268796808,379.2973,357.4986,354.8827,379.2973
2021-09-09,5444606,2269425381,407.0,422.0,405.0,420.5,10.5,4552,0.8719477268796808,354.8827,366.654,353.1388,367.9619
2021-09-10,4819714,2053566672,420.0,433.0,416.0,433.0,12.5,4279,0.8719477268796808,366.218,377.5534,362.7303,377.5534
2021-09-13,3650121,1570128695,426.5,436.0,425.0,434.0,1.0,2963,0.8719477268796808,371.8857,378.4253,370.5778,380.1692
2021-09-14,5619563,2478735988,431.5,446.0,431.0,444.0,10.0,5005,0.8719477268796808,376.2454,387.1448,375.8095,388.8887
2021-09-15,6136123,2711715877,443.0,448.5,434.0,448.5,4.5,5156,0.8719477268796808,386.2728,391.0686,378.4253,391.0686
2021-09-16,8055318,3673285595,454.0,463.0,447.5,449.0,0.5,7521,0.8719477268796808,395.8643,391.5045,390.1966,403.7118
2021-09-17,5525133,2509132141,450.0,460.0,444.0,460.0,11.0,4869,0.8719477268796808,392.3765,401.096,387.1448,401.096
2021-09-22,4411299,1969099673,445.0,453.5,440.0,443.0,-17.0,3981,0.8719477268796808,388.0167,386.2728,383.657,395.4283
2021-09-23,6494502,3000644068,452.5,469.5,451.0,469.5,26.5,6135,0.8719477268796808,394.5563,409.3795,393.2484,409.3795
2021-09-24,8187284,3881000263,468.0,484.0,463.0,473.0,3.5,7142,0.8719477268796808,408.0715,412.4313,403.7118,422.0227
2021-09-27,6452017,3014916138,470.0,480.0,457.5,461.0,-12.0,5938,0.8719477268796808,409.8154,401.9679,398.9161,418.5349
2021-09-28,6916179,3123066648,451.0,464.5,442.0,463.0,2.0,5830,0.8719477268796808,393.2484,403.7118,385.4009,405.0197
2021-09-29,11419272,4946570803,443.5,454.0,417.5,419.0,-44.0,10666,0.8719477268796808,386.7088,365.3461,364.0382,395.8643
2021-09-30,11956916,5143858548,425.0,440.0,413.0,435.0,16.0,9392,0.8719477268796808,370.5778,379.2973,360.1144,383.657
2021-10-01,7448659,3187803641,430.0,438.5,415.0,423.0,-12.0,6262,0.8719477268796808,374.9375,368.8339,361.8583,382.3491
2021-10-04,7547237,3138519029,433.5,435.5,401.5,401.5,-21.5,6485,0.8719477268796808,377.9893,350.087,350.087,379.7332
2021-10-05,11868532,4884515819,392.0,426.5,389.0,425.0,23.5,9241,0.8719477268796808,341.8035,370.5778,339.1877,371.8857
2021-10-06,7062718,2943045578,428.0,432.0,406.0,407.0,-18.0,6183,0.8719477268796808,373.1936,354.8827,354.0108,376.6814
2021-10-07,9162863,3945315765,418.0,442.0,418.0,431.0,24.0,7719,0.8719477268796808,364.4741,375.8095,364.4741,385.4009
2021-10-08,7892957,3415647321,434.5,443.0,423.0,430.0,-1.0,6468,0.8719477268796808,378.8613,374.9375,368.8339,386.2728
2021-10-12,5498682,2335746927,424.0,436.5,418.0,418.5,-11.5,4498,0.8719477268796808,369.7058,364.9101,364.4741,380.6052
2021-10-13,9321629,3763919570,423.5,426.0,392.0,393.0,-25.5,8340,0.8719477268796808,369.2699,342.6755,341.8035,371.4497
2021-10-14,8577082,3411528389,401.5,409.5,388.5,392.5,-0.5,6897,0.8719477268796808,350.087,342.2395,338.7517,357.0626
2021-10-15,8841956,3647953500,408.0,422.5,402.5,413.5,21.0,7412,0.8719477268796808,355.7547,360.5504,350.959,368.3979
2021-10-18,7397195,3064100462,418.0,422.0,404.5,412.0,-1.5,5687,0.8719477268796808,364.4741,359.2425,352.7029,367.9619
2021-10-19,12259395,5419177730,424.0,452.0,423.0,450.5,38.5,10699,0.8719477268796808,369.7058,392.8125,368.8339,394.1204
2021-10-20,12253568,5512668594,447.5,456.5,441.5,456.5,6.0,9539,0.8719477268796808,390.1966,398.0441,384.9649,398.0441
2021-10-21,8883357,3908636070,450.0,454.0,426.0,430.0,-26.5,7614,0.8719477268796808,392.3765,374.9375,371.4497,395.8643
2021-10-22,9743845,4308655642,440.0,449.0,433.0,440.5,10.5,7685,0.8719477268796808,383.657,384.093,377.5534,391.5045
2021-10-25,6216879,2749504594,440.5,450.0,433.5,442.0,1.5,6075,0.8719477268796808,384.093,385.4009,377.9893,392.3765
2021-10-26,8111734,3637020270,450.5,463.5,437.0,440.5,-1.5,6623,0.8719477268796808,392.8125,384.093,381.0412,404.1478
2021-10-27,16075920,7474563696,454.0,472.0,452.0,470.5,30.0,12498,0.8719477268796808,395.8643,410.2514,394.1204,411.5593
2021-10-28,7573987,3556140311,476.0,481.0,462.0,465.5,-5.0,6459,0.8719477268796808,415.0471,405.8917,402.8398,419.4069
2021-10-29,11418225,5492331285,470.0,496.5,463.5,490.5,25.0,9444,0.8719477268796808,409.8154,427.6904,404.1478,432.922
2021-11-01,12075827,6228959493,520.0,532.0,499.0,514.0,23.5,10025,0.8719477268796808,453.4128,448.1811,435.1019,463.8762
2021-11-02,13370244,7103210131,523.0,549.0,514.0,526.0,12.0,12575,0.8719477268796808,456.0287,458.6445,448.1811,478.6993
2021-11-03,8720253,4528247015,531.0,536.0,508.0,530.0,4.0,7473,0.8719477268796808,463.0042,462.1323,442.9494,467.364
2021-11-04,10367768,5643366263,549.0,554.0,535.0,535.0,5.0,9686,0.8719477268796808,478.6993,466.492,466.492,483.059
2021-11-05,9174821,5001335266,535.0,558.0,529.0,558.0,23.0,8590,0.8719477268796808,466.492,486.5468,461.2603,486.5468
2021-11-08,6470204,3498204006,550.0,553.0,534.0,536.0,-22.0,6267,0.8719477268796808,479.5712,467.364,465.6201,482.1871
2021-11-09,6396296,3488460827,542.0,553.0,538.0,542.0,6.0,5421,0.8719477268796808,472.5957,472.5957,469.1079,482.1871
2021-11-10,7696344,4221716471,542.0,555.0,538.0,555.0,13.0,6837,0.8719477268796808,472.5957,483.931,469.1079,483.931
2021-11-11,9978065,5647758628,551.0,580.0,547.0,576.0,21.0,8551,0.8719477268796808,480.4432,502.2419,476.9554,505.7297
2021-11-12,8930937,5166728395,582.0,589.0,570.0,574.0,-2.0,8019,0.8719477268796808,507.4736,500.498,497.0102,513.5772
2021-11-15,8544782,4905157203,580.0,591.0,561.0,562.0,-12.0,7550,0.8719477268796808,505.7297,490.0346,489.1627,515.3211
2021-11-16,5798451,3259838346,571.0,574.0,551.0,561.0,-1.0,5191,0.8719477268796808,497.8822,489.1627,480.4432,500.498
2021-11-17,4151032,2323666729,563.0,570.0,555.0,560.0,-1.0,3796,0.8719477268796808,490.9066,488.2907,483.931,497.0102
2021-11-18,5357197,2949688372,562.0,564.0,543.0,548.0,-12.0,5148,0.8719477268796808,490.0346,477.8274,473.4676,491.7785
2021-11-19,3710165,2045033077,552.0,558.0,545.0,548.0,0.0,3210,0.8719477268796808,481.3151,477.8274,475.2115,486.5468
2021-11-22,3098657,1716696702,548.0,562.0,540.0,561.0,13.0,2897,0.8719477268796808,477.8274,489.1627,470.8518,490.0346
2021-11-23,3287134,1823996356,551.0,560.0,548.0,558.0,-3.0,2845,0.8719477268796808,480.4432,486.5468,477.8274,488.2907
2021-11-24,7953876,4539529314,558.0,582.0,557.0,566.0,8.0,7342,0.8719477268796808,486.5468,493.5224,485.6749,507.4736
2021-11-25,5805099,3344837270,571.0,583.0,565.0,579.0,13.0,5125,0.8719477268796808,497.8822,504.8577,492.6505,508.3455
2021-11-26,9798582,5732768202,585.0,597.0,572.0,585.0,6.0,9470,0.8719477268796808,510.0894,510.0894,498.7541,520.5528
2021-11-29,5547881,3234326261,582.0,590.0,573.0,584.0,-1.0,5484,0.8719477268796808,507.4736,509.2175,499.626,514.4492
2021-11-30,10196760,6290021397,593.0,631.0,591.0,626.0,42.0,10430,0.8719477268796808,517.065,545.8393,515.3211,550.199
2021-12-01,6343967,3886619446,628.0,628.0,607.0,608.0,-18.0,8128,0.8719477268796808,547.5832,530.1442,529.2723,547.5832
2021-12-02,7245199,4370332921,612.0,621.0,590.0,590.0,-18.0,7150,0.8719477268796808,533.632,514.4492,514.4492,541.4795
2021-12-03,4346681,2610794552,600.0,608.0,590.0,601.0,11.0,4032,0.8719477268796808,523.1686,524.0406,514.4492,530.1442
2021-12-06,5424378,3191192584,597.0,602.0,581.0,581.0,-20.0,5819,0.8719477268796808,520.5528,506.6016,506.6016,524.9125
2021-12-07,4633266,2725749955,590.0,595.0,581.0,586.0,5.0,4234,0.8719477268796808,514.4492,510.9614,506.6016,518.8089
2021-12-08,4015566,2385451781,597.0,601.0,585.0,585.0,-1.0,3406,0.8719477268796808,520.5528,510.0894,510.0894,524.0406
2021-12-09,3278055,1931298259,594.0,601.0,580.0,586.0,1.0,2890,0.8719477268796808,517.9369,510.9614,505.7297,524.0406
2021-12-10,4379617,2515726397,583.0,585.0,570.0,572.0,-14.0,4764,0.8719477268796808,508.3455,498.7541,497.0102,510.0894
2021-12-13,3199707,1837342271,577.0,581.0,570.0,574.0,2.0,2911,0.8719477268796808,503.1138,500.498,497.0102,506.6016
2021-12-14,4647748,2592983903,568.0,572.0,551.0,556.0,-18.0,5125,0.8719477268796808,495.2663,484.8029,480.4432,498.7541
2021-12-15,5059809,2861681180,558.0,577.0,551.0,575.0,19.0,4451,0.8719477268796808,486.5468,501.3699,480.4432,503.1138
2021-12-16,4386671,2523932646,582.0,589.0,566.0,572.0,-3.0,4290,0.8719477268796808,507.4736,498.7541,493.5224,513.5772
2021-12-17,3171971,1803338630,569.0,579.0,561.0,565.0,-7.0,3141,0.8719477268796808,496.1383,492.6505,489.1627,504.8577
2021-12-20,2893483,1642191139,565.0,577.0,559.0,565.0,0.0,3023,0.8719477268796808,492.6505,492.6505,487.4188,503.1138
2021-12-21,2243755,1284081007,568.0,577.0,562.0,577.0,12.0,2134,0.8719477268796808,495.2663,503.1138,490.0346,503.1138
2021-12-22,2573068,1475192505,581.0,582.0,570.0,571.0,-6.0,2333,0.8719477268796808,506.6016,497.8822,497.0102,507.4736
2021-12-23,4928111,2853600900,576.0,588.0,572.0,573.0,2.0,4296,0.8719477268796808,502.2419,499.626,498.7541,512.7053
2021-12-24,2681846,1536423607,578.0,582.0,566.0,567.0,-6.0,2595,0.8719477268796808,503.9858,494.3944,493.5224,507.4736
2021-12-27,3223227,1857476717,570.0,582.0,568.0,576.0,9.0,2776,0.8719477268796808,497.0102,502.2419,495.2663,507.4736
2021-12-28,1955838,1118545363,579.0,579.0,569.0,572.0,-4.0,2141,0.8719477268796808,504.8577,498.7541,496.1383,504.8577
2021-12-29,1299445,739731684,572.0,575.0,566.0,569.0,-3.0,1440,0.8719477268796808,498.7541,496.1383,493.5224,501.3699
2021-12-30,1787148,1023667304,570.0,579.0,568.0,572.0,3.0,1671,0.8719477268796808,497.0102,498.7541,495.2663,504.8577
2022-01-03,6246760,3660144530,579.0,595.0,576.0,583.0,11.0,5543,0.8719477268796808,504.8577,508.3455,502.2419,518.8089
2022-01-04,4238023,2495227817,595.0,597.0,581.0,585.0,2.0,4228,0.8719477268796808,518.8089,510.0894,506.6016,520.5528
2022-01-05,4472189,2634404711,585.0,596.0,581.0,589.0,4.0,3904,0.8719477268796808,510.0894,513.5772,506.6016,519.6808
2022-01-06,3609118,2084160365,585.0,588.0,572.0,573.0,-16.0,3498,0.8719477268796808,510.0894,499.626,498.7541,512.7053
2022-01-07,3947832,2219254428,575.0,578.0,553.0,558.0,-15.0,4051,0.8719477268796808,501.3699,486.5468,482.1871,503.9858
2022-01-10,8608553,4544855442,551.0,553.0,517.0,517.0,-41.0,9325,0.8719477268796808,480.4432,450.797,450.797,482.1871
2022-01-11,5127095,2630212493,516.0,520.0,505.0,509.0,-8.0,5300,0.8719477268796808,449.925,443.8214,440.3336,453.4128
2022-01-12,4196607,2140542621,517.0,522.0,505.0,505.0,-4.0,3888,0.8719477268796808,450.797,440.3336,440.3336,455.1567
2022-01-13,4332422,2230651281,507.0,521.0,503.0,520.0,15.0,3797,0.8719477268796808,442.0775,453.4128,438.5897,454.2848
2022-01-14,4440330,2254364192,511.0,514.0,501.0,514.0,-6.0,4189,0.8719477268796808,445.5653,448.1811,436.8458,448.1811
2022-01-17,5698101,2998219695,510.0,535.0,510.0,528.0,14.0,4842,0.8719477268796808,444.6933,460.3884,444.6933,466.492
2022-01-18,5250695,2850662932,528.0,550.0,525.0,545.0,17.0,5198,0.8719477268796808,460.3884,475.2115,457.7726,479.5712
2022-01-19,5784944,3033680409,532.0,535.0,517.0,519.0,-26.0,6078,0.8719477268796808,463.8762,452.5409,450.797,466.492
2022-01-20,4414090,2285895029,518.0,526.0,508.0,526.0,7.0,3822,0.8719477268796808,451.6689,458.6445,442.9494,458.6445
2022-01-21,5777549,2903995608,518.0,519.0,489.0,490.5,-35.5,7135,0.8719477268796808,451.6689,427.6904,426.3824,452.5409
2022-01-24,6912357,3376643231,489.0,499.0,478.0,496.0,5.5,6048,0.8719477268796808,426.3824,432.4861,416.791,435.1019
2022-01-25,5642793,2725556048,490.0,493.0,477.0,477.0,-19.0,6036,0.8719477268796808,427.2544,415.9191,415.9191,429.8702
2022-01-26,4890402,2338033871,478.0,487.5,472.0,472.0,-5.0,4621,0.8719477268796808,416.791,411.5593,411.5593,425.0745
2022-02-07,4089473,1956953133,487.0,490.0,473.0,478.0,6.0,3560,0.8719477268796808,424.6385,416.791,412.4313,427.2544
2022-02-08,7747102,3875075816,482.0,514.0,482.0,506.0,28.0,7028,0.8719477268796808,420.2788,441.2055,420.2788,448.1811
2022-02-09,6542377,3382936869,513.0,526.0,503.0,526.0,20.0,6039,0.8719477268796808,447.3092,458.6445,438.5897,458.6445
2022-02-10,3709825,1930206948,531.0,531.0,515.0,516.0,-10.0,4241,0.8719477268796808,463.0042,449.925,449.0531,463.0042
2022-02-11,2953464,1525026930,510.0,525.0,509.0,514.0,-2.0,2720,0.8719477268796808,444.6933,448.1811,443.8214,457.7726
2022-02-14,3189593,1586199718,502.0,505.0,493.0,496.0,-18.0,4078,0.8719477268796808,437.7178,432.4861,429.8702,440.3336
2022-02-15,2823430,1427696568,500.0,512.0,499.0,502.0,6.0,2621,0.8719477268796808,435.9739,437.7178,435.1019,446.4372
2022-02-16,4847446,2548477068,518.0,532.0,517.0,528.0,26.0,4839,0.8719477268796808,451.6689,460.3884,450.797,463.8762
2022-02-17,3088240,1624630030,528.0,532.0,520.0,525.0,-3.0,3225,0.8719477268796808,460.3884,457.7726,453.4128,463.8762
2022-02-18,4459854,2377132605,516.0,539.0,515.0,536.0,11.0,4509,0.8719477268796808,449.925,467.364,449.0531,469.9798
2022-02-21,4276337,2294605305,534.0,546.0,529.0,533.0,-3.0,4225,0.8719477268796808,465.6201,464.7481,461.2603,476.0835
2022-02-22,3565081,1852113422,527.0,531.0,510.0,521.0,-12.0,3625,0.8719477268796808,459.5165,454.2848,444.6933,463.0042
2022-02-23,2469543,1301026945,526.0,532.0,521.0,529.0,8.0,2158,0.8719477268796808,458.6445,461.2603,454.2848,463.8762
2022-02-24,4927601,2562824380,520.0,531.0,511.0,512.0,-17.0,4648,0.8719477268796808,453.4128,446.4372,445.5653,463.0042
2022-02-25,4847696,2562123569,525.0,536.0,523.0,524.0,12.0,4313,0.8719477268796808,457.7726,456.9006,456.0287,467.364
2022-03-01,10133384,5520597425,534.0,562.0,530.0,539.0,15.0,8815,0.8719477268796808,465.6201,469.9798,462.1323,490.0346
2022-03-02,3477517,1882604101,535.0,551.0,532.0,548.0,9.0,3368,0.8719477268796808,466.492,477.8274,463.8762,480.4432
2022-03-03,5817939,3172543808,562.0,566.0,532.0,535.0,-13.0,5828,0.8719477268796808,490.0346,466.492,463.8762,493.5224
2022-03-04,4668936,2527762588,531.0,548.0,530.0,547.0,12.0,4206,0.8719477268796808,463.0042,476.9554,462.1323,477.8274
2022-03-07,8214266,4148486294,536.0,537.0,494.5,494.5,-52.5,9132,0.8719477268796808,467.364,431.1782,431.1782,468.2359
2022-03-08,6880158,3361056408,478.0,504.0,475.5,475.5,-19.0,7007,0.8719477268796808,416.791,414.6111,414.6111,439.4617
2022-03-09,4047341,1965760532,493.5,494.5,479.0,486.5,11.0,3788,0.8719477268796808,430.3062,424.2026,417.663,431.1782
2022-03-10,4080443,2042667206,505.0,506.0,495.0,498.5,12.0,3585,0.8719477268796808,440.3336,434.6659,431.6141,441.2055
2022-03-11,3392798,1663279747,495.0,505.0,482.0,489.0,-9.5,4254,0.8719477268796808,431.6141,426.3824,420.2788,440.3336
2022-03-14,3774063,1827462258,490.0,498.0,477.0,485.0,-4.0,3858,0.8719477268796808,427.2544,422.8946,415.9191,434.23
2022-03-15,6775512,3131173578,481.0,482.5,453.0,458.5,-26.5,7359,0.8719477268796808,419.4069,399.788,394.9923,420.7148
2022-03-16,4616285,2131745262,471.5,473.0,455.0,460.0,1.5,4283,0.8719477268796808,411.1234,401.096,396.7362,412.4313
2022-03-17,5942621,2898147083,489.0,493.5,478.0,489.5,29.5,5361,0.8719477268796808,426.3824,426.8184,416.791,430.3062
2022-03-18,3295948,1582185547,487.0,487.0,476.0,480.5,-9.0,3471,0.8719477268796808,424.6385,418.9709,415.0471,424.6385
2022-03-21,3041943,1481634035,486.5,492.0,480.5,488.5,8.0,2713,0.8719477268796808,424.2026,425.9465,418.9709,428.9983
2022-03-22,2199461,1081555604,489.5,498.0,485.0,490.0,1.5,2200,0.8719477268796808,426.8184,427.2544,422.8946,434.23
2022-03-23,4606897,2368558955,503.0,521.0,503.0,514.0,24.0,4751,0.8719477268796808,438.5897,448.1811,438.5897,454.2848
2022-03-24,2154403,1099663644,510.0,516.0,508.0,508.0,-6.0,2757,0.8719477268796808,444.6933,442.9494,442.9494,449.925
2022-03-25,3838347,1988800012,517.0,525.0,508.0,518.0,10.0,3937,0.8719477268796808,450.797,451.6689,442.9494,457.7726
2022-03-28,1703992,870330560,509.0,515.0,506.0,511.0,-7.0,2548,0.8719477268796808,443.8214,445.5653,441.2055,449.0531
2022-03-29,3041639,1577102818,515.0,522.0,512.0,522.0,11.0,2714,0.8719477268796808,449.0531,455.1567,446.4372,455.1567
2022-03-30,4731249,2542133984,530.0,544.0,526.0,537.0,15.0,5405,0.8719477268796808,462.1323,468.2359,458.6445,474.3396
2022-03-31,3236241,1703947239,530.0,534.0,522.0,524.0,-13.0,5156,0.8719477268796808,462.1323,456.9006,455.1567,465.6201
2022-04-01,2396744,1244089576,515.0,527.0,511.0,526.0,2.0,3400,0.8719477268796808,449.0531,458.6445,445.5653,459.5165
2022-04-06,3010209,1541906038,510.0,518.0,506.0,516.0,-10.0,3016,0.8719477268796808,444.6933,449.925,441.2055,451.6689
2022-04-07,3843128,1992190908,510.0,529.0,509.0,509.0,-7.0,3545,0.8719477268796808,444.6933,443.8214,443.8214,461.2603
2022-04-08,3743233,1885215624,517.0,517.0,497.5,498.0,-11.0,6719,0.8719477268796808,450.797,434.23,433.794,450.797
2022-04-11,8185539,3833730630,495.0,498.0,453.0,455.0,-43.0,9578,0.8719477268796808,431.6141,396.7362,394.9923,434.23
2022-04-12,5699485,2592981750,450.0,462.0,447.5,454.0,-1.0,5499,0.8719477268796808,392.3765,395.8643,390.1966,402.8398
2022-04-13,3175146,1467142878,462.5,467.0,456.0,466.0,12.0,2959,0.8719477268796808,403.2758,406.3276,397.6082,407.1996
2022-04-14,2718579,1272099055,470.0,475.0,461.5,467.0,1.0,3360,0.8719477268796808,409.8154,407.1996,402.4039,414.1752
2022-04-15,4674732,2089561584,460.5,461.0,440.0,441.0,-26.0,6207,0.8719477268796808,401.5319,384.5289,383.657,401.9679
2022-04-18,3542074,1548834098,425.0,444.0,421.0,440.5,-0.5,3216,0.8719477268796808,370.5778,384.093,367.09,387.1448
2022-04-19,2289425,1030452360,446.5,453.0,446.0,449.0,8.5,2932,0.8719477268796808,389.3247,391.5045,388.8887,394.9923
2022-04-20,3239878,1479916073,454.5,462.0,452.5,458.5,9.5,3801,0.8719477268796808,396.3002,399.788,394.5563,402.8398
2022-04-21,2746952,1269467458,462.0,468.5,455.5,462.5,4.0,3783,0.8719477268796808,402.8398,403.2758,397.1722,408.5075
2022-04-22,4447642,1963166129,451.0,452.5,434.5,434.5,-28.0,5990,0.8719477268796808,393.2484,378.8613,378.8613,394.5563
2022-04-25,6951701,2834372683,410.0,419.5,401.0,406.5,-28.0,6656,0.8719477268796808,357.4986,354.4468,349.651,365.7821
2022-04-26,4112811,1680526059,419.0,419.0,403.0,406.0,-0.5,5014,0.8719477268796808,365.3461,354.0108,351.3949,365.3461
2022-04-27,7771632,3094032637,390.0,414.0,386.0,409.0,3.0,7711,0.8719477268796808,340.0596,356.6266,336.5718,360.9864
2022-04-28,4982100,1989631645,406.0,406.5,393.5,395.0,-14.0,6011,0.8719477268796808,354.0108,344.4194,343.1114,354.4468
2022-04-29,5211572,2112343068,407.0,411.5,398.0,404.0,9.0,5448,0.8719477268796808,354.8827,352.2669,347.0352,358.8065
2022-05-03,2711638,1085249188,399.0,408.0,396.0,399.5,-4.5,3693,0.8719477268796808,347.9071,348.3431,345.2913,355.7547
2022-05-04,3305120,1333037145,404.0,411.5,398.0,398.5,-1.0,3916,0.8719477268796808,352.2669,347.4712,347.0352,358.8065
2022-05-05,6083142,2538164110,415.0,422.0,412.0,418.0,19.5,6578,0.8719477268796808,361.8583,364.4741,359.2425,367.9619
2022-05-06,5293884,2108249503,396.0,402.0,393.5,401.5,-16.5,6418,0.8719477268796808,345.2913,350.087,343.1114,350.523
2022-05-09,3020578,1208659235,397.0,406.0,395.0,395.0,-6.5,3620,0.8719477268796808,346.1632,344.4194,344.4194,354.0108
2022-05-10,3817645,1507008350,384.0,405.5,380.0,404.0,9.0,4417,0.8719477268796808,334.8279,352.2669,331.3401,353.5748
2022-05-11,3745077,1483608734,405.0,406.5,391.0,391.0,-13.0,5007,0.8719477268796808,353.1388,340.9316,340.9316,354.4468
2022-05-12,5162892,1994210030,388.0,393.5,381.0,381.0,-10.0,5574,0.8719477268796808,338.3157,332.2121,332.2121,343.1114
2022-05-13,3920420,1537565930,389.5,398.0,385.0,398.0,17.0,4287,0.8719477268796808,339.6236,347.0352,335.6999,347.0352
2022-05-16,4282703,1745356588,409.0,416.5,400.0,401.0,3.0,5100,0.8719477268796808,356.6266,349.651,348.7791,363.1662
2022-05-17,2279497,925058825,404.5,409.5,401.0,407.5,6.5,2968,0.8719477268796808,352.7029,355.3187,349.651,357.0626
2022-05-18,3328414,1378012818,415.0,419.5,411.0,414.0,6.5,3927,0.8719477268796808,361.8583,360.9864,358.3705,365.7821
2022-05-19,3121294,1256936508,402.5,408.5,397.5,407.5,-6.5,4670,0.8719477268796808,350.959,355.3187,346.5992,356.1906
2022-05-20,2201060,889564009,407.5,410.5,400.0,401.5,-6.0,3039,0.8719477268796808,355.3187,350.087,348.7791,357.9345
2022-05-23,2836697,1132438668,402.5,406.5,396.0,397.5,-4.0,3440,0.8719477268796808,350.959,346.5992,345.2913,354.4468
2022-05-24,3936974,1529365710,400.5,402.0,380.0,380.0,-17.5,4141,0.8719477268796808,349.2151,331.3401,331.3401,350.523
2022-05-25,10659342,3987612968,385.0,385.5,363.0,381.0,1.0,9487,0.8719477268796808,335.6999,332.2121,316.517,336.1358
2022-05-26,8361771,3116655432,382.5,386.0,364.0,368.0,-13.0,7869,0.8719477268796808,333.52,320.8768,317.389,336.5718
2022-05-27,4684654,1759688357,375.5,379.0,371.5,376.5,8.5,3910,0.8719477268796808,327.4164,328.2883,323.9286,330.4682
2022-05-30,6010391,2355245608,386.5,398.0,385.0,395.0,18.5,5015,0.8719477268796808,337.0078,344.4194,335.6999,347.0352
2022-05-31,4023047,1579909344,396.5,396.5,390.0,394.5,-0.5,3474,0.8719477268796808,345.7273,343.9834,340.0596,345.7273
2022-06-01,10243578,3857393819,387.0,389.0,368.0,371.0,-23.5,11465,0.8719477268796808,337.4438,323.4926,320.8768,339.1877
2022-06-02,7388961,2720080258,368.0,373.5,364.0,372.0,1.0,7188,0.8719477268796808,320.8768,324.3646,317.389,325.6725
2022-06-06,4290986,1612769861,377.5,379.5,373.0,373.0,1.0,3684,0.8719477268796808,329.1603,325.2365,325.2365,330.9042
2022-06-07,4340281,1593594763,374.5,374.5,364.0,367.5,-5.5,4554,0.8719477268796808,326.5444,320.4408,317.389,326.5444
2022-06-08,3950595,1454301344,371.5,372.5,365.0,365.0,-2.5,4153,0.8719477268796808,323.9286,318.2609,318.2609,324.8005
2022-06-09,4569473,1698648618,369.0,375.5,367.0,372.0,7.0,3505,0.8719477268796808,321.7487,324.3646,320.0048,327.4164
2022-06-10,5531111,2006023154,367.0,367.0,358.0,365.0,-7.0,6199,0.8719477268796808,320.0048,318.2609,312.1573,320.0048
2022-06-13,6637664,2295682836,353.0,354.0,341.0,345.0,-20.0,6549,0.8719477268796808,307.7975,300.822,297.3342,308.6695
2022-06-14,7001706,2391106944,345.0,349.0,336.0,343.0,-2.0,6110,0.8719477268796808,300.822,299.0781,292.9744,304.3098
2022-06-15,12078634,4019463230,343.0,346.5,325.0,329.5,-13.5,9449,0.8719477268796808,299.0781,287.3068,283.383,302.1299
2022-06-16,10747940,3503094263,337.0,339.0,316.0,316.0,-13.5,9723,0.8719477268796808,293.8464,275.5355,275.5355,295.5903
2022-06-17,10463565,3302940150,316.0,322.0,309.0,316.0,0.0,8255,0.8719477268796808,275.5355,275.5355,269.4318,280.7672
2022-06-20,6745893,2077776319,319.0,319.0,299.0,299.0,-17.0,8773,0.8719477268796808,278.1513,260.7124,260.7124,278.1513
2022-06-21,6593395,2044870870,305.5,315.5,302.5,314.0,15.0,5561,0.8719477268796808,266.38,273.7916,263.7642,275.0995
2022-06-22,7299412,2191386894,316.0,316.0,291.5,294.0,-20.0,10771,0.8719477268796808,275.5355,256.3526,254.1728,275.5355
2022-06-23,6880362,1993041958,294.5,298.0,284.0,286.5,-7.5,6274,0.8719477268796808,256.7886,249.813,247.6332,259.8404
2022-06-24,5086353,1465363243,293.0,294.0,283.0,284.5,-2.0,9033,0.8719477268796808,255.4807,248.0691,246.7612,256.3526
2022-06-27,6740090,2071859503,293.5,312.5,293.5,312.5,28.0,5346,0.8719477268796808,255.9167,272.4837,255.9167,272.4837
2022-06-28,6798238,2010245736,312.5,312.5,285.5,289.5,-23.0,5987,0.8719477268796808,272.4837,252.4289,248.9411,272.4837
2022-06-29,8006419,2215768196,277.0,287.0,270.5,273.5,0.0,6821,0.9031444255158054,250.171,247.01,244.3006,259.2025
2022-06-30,7253054,1920452252,277.5,277.5,260.0,260.5,-13.0,6371,0.9031444255158054,250.6226,235.2691,234.8176,250.6226
2022-07-01,11037331,2788198331,262.0,264.0,242.5,244.0,-16.5,10838,0.9031444255158054,236.6238,220.3672,219.0125,238.4301
2022-07-04,12403726,3098685577,252.0,258.0,243.5,244.0,0.0,12486,0.9031444255158054,227.5924,220.3672,219.9157,233.0113
2022-07-05,15201617,3727031688,254.0,256.0,234.0,247.0,3.0,15667,0.9031444255158054,229.3987,223.0767,211.3358,231.205
2022-07-06,12378325,3050639884,249.0,252.0,241.0,243.0,-4.0,11168,0.9031444255158054,224.883,219.4641,217.6578,227.5924
2022-07-07,15221385,3762853427,247.5,255.5,235.0,251.5,8.5,12244,0.9031444255158054,223.5282,227.1408,212.2389,230.7534
2022-07-08,16679331,4331361808,257.5,269.0,251.5,262.0,10.5,23577,0.9031444255158054,232.5597,236.6238,227.1408,242.9459
2022-07-11,12126957,3066229866,262.0,262.0,247.5,248.5,-13.5,14968,0.9031444255158054,236.6238,224.4314,223.5282,236.6238
2022-07-12,10186269,2452082141,240.5,247.5,237.0,238.5,-10.0,10007,0.9031444255158054,217.2062,215.3999,214.0452,223.5282
2022-07-13,10599117,2622544881,250.5,254.5,241.0,242.0,3.5,9153,0.9031444255158054,226.2377,218.561,217.6578,229.8503
2022-07-14,12001138,2899906072,240.0,248.0,233.0,247.0,5.0,15387,0.9031444255158054,216.7547,223.0767,210.4327,223.9798
2022-07-15,10887906,2720961555,249.0,255.0,243.0,253.5,6.5,16322,0.9031444255158054,224.883,228.9471,219.4641,230.3018
2022-07-18,11251235,2906020762,255.0,264.5,251.5,259.0,5.5,13550,0.9031444255158054,230.3018,233.9144,227.1408,238.8817
2022-07-19,7423988,1896704614,257.0,260.5,252.0,253.0,-6.0,13608,0.9031444255158054,232.1081,228.4955,227.5924,235.2691
2022-07-20,16997552,4511488772,259.0,273.0,257.5,266.5,13.5,16694,0.9031444255158054,233.9144,240.688,232.5597,246.5584
2022-07-21,20224641,5610198086,270.0,285.5,267.0,282.0,15.5,27793,0.9031444255158054,243.849,254.6867,241.1396,257.8477
2022-07-22,18794664,5312248994,284.0,289.0,276.5,278.5,-3.5,18970,0.9031444255158054,256.493,251.5257,249.7194,261.0087
2022-07-25,12910831,3560162983,278.5,285.0,270.0,272.0,-6.5,16682,0.9031444255158054,251.5257,245.6553,243.849,257.3962
2022-07-26,16212717,4238162192,273.5,275.5,253.0,254.5,-17.5,15908,0.9031444255158054,247.01,229.8503,228.4955,248.8163
2022-07-27,18028697,4661089925,258.0,265.0,250.0,263.5,9.0,15549,0.9031444255158054,233.0113,237.9786,225.7861,239.3333
2022-07-28,28988041,7123338222,264.0,264.5,237.5,238.5,-25.0,29914,0.9031444255158054,238.4301,215.3999,214.4968,238.8817
2022-07-29,16129972,3909978957,242.0,248.0,238.0,240.5,2.0,15721,0.9031444255158054,218.561,217.2062,214.9484,223.9798
2022-08-01,14441132,3439057438,235.0,244.0,228.5,243.5,3.0,15814,0.9031444255158054,212.2389,219.9157,206.3685,220.3672
2022-08-02,11204473,2633874802,238.0,239.0,232.0,238.0,-5.5,14683,0.9031444255158054,214.9484,214.9484,209.5295,215.8515
2022-08-03,6716004,1580665979,235.5,238.0,232.5,234.0,-4.0,6869,0.9031444255158054,212.6905,211.3358,209.9811,214.9484
2022-08-04,14395310,3386613464,235.5,241.0,230.5,234.5,0.5,15726,0.9031444255158054,212.6905,211.7874,208.1748,217.6578
2022-08-05,12058999,2947856739,241.0,249.0,240.0,244.0,9.5,12856,0.9031444255158054,217.6578,220.3672,216.7547,224.883
2022-08-08,7259823,1763004577,243.0,247.0,239.0,246.5,2.5,18670,0.9031444255158054,219.4641,222.6251,215.8515,223.0767
2022-08-09,12073915,3014978103,246.5,253.5,244.5,249.0,2.5,11051,0.9031444255158054,222.6251,224.883,220.8188,228.9471
2022-08-10,9715372,2422227788,248.0,253.0,245.5,245.5,-3.5,16196,0.9031444255158054,223.9798,221.722,221.722,228.4955
2022-08-11,12486636,3185612159,255.0,259.5,251.5,254.0,8.5,9491,0.9031444255158054,230.3018,229.3987,227.1408,234.366
2022-08-12,13027807,3389754213,257.0,264.0,255.0,261.5,7.5,15495,0.9031444255158054,232.1081,236.1723,230.3018,238.4301
2022-08-15,22539246,6245262929,266.5,283.0,266.5,282.0,20.5,22045,0.9031444255158054,240.688,254.6867,240.688,255.5899
2022-08-16,12463237,3490707009,283.5,284.5,277.0,277.0,-5.0,26959,0.9031444255158054,256.0414,250.171,250.171,256.9446
2022-08-17,11230911,3132462015,279.0,283.0,275.0,278.0,1.0,11424,0.9031444255158054,251.9773,251.0742,248.3647,255.5899
2022-08-18,14144025,3888438185,275.0,281.5,267.0,281.5,3.5,11893,0.9031444255158054,248.3647,254.2352,241.1396,254.2352
2022-08-19,18098902,5236384475,282.0,296.0,279.5,295.0,13.5,19688,0.9031444255158054,254.6867,266.4276,252.4289,267.3307
2022-08-22,23971026,7093646334,291.0,308.0,287.5,288.0,-7.0,23086,0.9031444255158054,262.815,260.1056,259.654,278.1685
2022-08-23,18607445,5192979482,282.0,286.0,273.0,274.0,-14.0,19310,0.9031444255158054,254.6867,247.4616,246.5584,258.2993
2022-08-24,13046534,3538891867,273.0,275.5,267.5,270.0,-4.0,13446,0.9031444255158054,246.5584,243.849,241.5911,248.8163
2022-08-25,7693091,2116446156,273.0,278.5,272.5,276.0,6.0,9552,0.9031444255158054,246.5584,249.2679,246.1069,251.5257
2022-08-26,9928833,2793210078,280.0,284.0,277.5,278.0,2.0,8719,0.9031444255158054,252.8804,251.0742,250.6226,256.493
2022-08-29,10980738,2877486191,260.5,269.0,257.5,266.5,-11.5,13692,0.9031444255158054,235.2691,240.688,232.5597,242.9459
2022-08-30,7448733,1987601850,268.5,269.5,263.0,267.5,1.0,8120,0.9031444255158054,242.4943,241.5911,237.527,243.3974
2022-08-31,5541714,1483385741,264.5,271.0,264.0,270.5,3.0,5418,0.9031444255158054,238.8817,244.3006,238.4301,244.7521
2022-09-01,18813638,4742025295,259.0,262.5,244.0,244.5,-26.0,17414,0.9031444255158054,233.9144,220.8188,220.3672,237.0754
2022-09-02,15964259,3929964186,246.0,251.5,242.0,243.0,-1.5,11948,0.9031444255158054,222.1735,219.4641,218.561,227.1408
2022-09-05,12573953,3143774167,250.0,254.0,247.0,247.5,4.5,10095,0.9031444255158054,225.7861,223.5282,223.0767,229.3987
2022-09-06,7819464,1971116652,252.5,255.5,249.0,250.5,3.0,9703,0.9031444255158054,228.044,226.2377,224.883,230.7534
2022-09-07,14761762,3572667280,246.0,249.0,236.0,242.0,-8.5,11333,0.9031444255158054,222.1735,218.561,213.1421,224.883
2022-09-08,7082184,1721936473,245.5,247.5,240.0,242.0,0.0,6509,0.9031444255158054,221.722,218.561,216.7547,223.5282
2022-09-12,6017505,1492725802,248.5,251.0,246.5,246.5,4.5,4710,0.9031444255158054,224.4314,222.6251,222.6251,226.6893
2022-09-13,8126330,1977727552,249.5,250.5,239.0,240.0,-6.5,6666,0.9031444255158054,225.3345,216.7547,215.8515,226.2377
2022-09-14,14088584,3222162791,228.5,233.0,225.5,229.5,-10.5,12445,0.9031444255158054,206.3685,207.2716,203.6591,210.4327
2022-09-15,6968089,1605592909,231.0,234.5,228.0,228.0,-1.5,5769,0.9031444255158054,208.6264,205.9169,205.9169,211.7874
2022-09-16,12292395,2749449635,226.0,229.0,220.5,221.5,-6.5,9116,0.9031444255158054,204.1106,200.0465,199.1433,206.8201
2022-09-19,6317348,1409117920,219.5,226.0,219.5,222.0,0.5,5278,0.9031444255158054,198.2402,200.4981,198.2402,204.1106
2022-09-20,14620826,3204375212,224.0,225.5,214.0,220.5,-1.5,10883,0.9031444255158054,202.3044,199.1433,193.2729,203.6591
2022-09-21,6643957,1441110420,218.5,221.5,214.5,216.0,-4.5,5030,0.9031444255158054,197.3371,195.0792,193.7245,200.0465
2022-09-22,11455099,2389684800,212.0,212.0,206.0,207.0,-9.0,8633,0.9031444255158054,191.4666,186.9509,186.0478,191.4666
2022-09-23,8641769,1787589806,207.0,209.5,205.0,205.0,-2.0,6570,0.9031444255158054,186.9509,185.1446,185.1446,189.2088
2022-09-26,12012395,2372842139,201.0,203.0,193.0,193.0,-12.0,8570,0.9031444255158054,181.532,174.3069,174.3069,183.3383
2022-09-27,13707125,2689938608,195.0,201.0,192.0,200.0,7.0,9132,0.9031444255158054,176.1132,180.6289,173.4037,181.532
2022-09-28,12583793,2404266310,197.5,198.0,186.5,187.0,-13.0,8868,0.9031444255158054,178.371,168.888,168.4364,178.8226
2022-09-29,10529786,1984050974,192.0,193.0,185.0,186.0,-1.0,6854,0.9031444255158054,173.4037,167.9849,167.0817,174.3069
2022-09-30,11949789,2208055349,178.5,190.0,177.5,189.0,3.0,7900,0.9031444255158054,161.2113,170.6943,160.3081,171.5974
2022-10-03,10010546,1876162533,183.5,192.5,182.0,188.5,-0.5,6677,0.9031444255158054,165.727,170.2427,164.3723,173.8553
2022-10-04,15174159,2977352231,201.0,201.0,191.5,198.0,9.5,10289,0.9031444255158054,181.532,178.8226,172.9522,181.532
2022-10-05,16131703,3268389254,203.0,206.5,199.0,200.5,2.5,11412,0.9031444255158054,183.3383,181.0805,179.7257,186.4993
2022-10-06,8168714,1660027430,201.0,207.0,198.5,207.0,6.5,5877,0.9031444255158054,181.532,186.9509,179.2742,186.9509
2022-10-07,10593852,2168668826,206.0,208.5,201.5,204.0,-3.0,7531,0.9031444255158054,186.0478,184.2415,181.9836,188.3056
2022-10-11,11602601,2220194825,196.5,196.5,187.0,187.5,-16.5,8644,0.9031444255158054,177.4679,169.3396,168.888,177.4679
2022-10-12,8502699,1613984769,189.5,192.5,187.0,189.0,1.5,6092,0.9031444255158054,171.1459,170.6943,168.888,173.8553
2022-10-13,10307581,1889176266,190.0,190.5,178.0,178.0,-11.0,7656,0.9031444255158054,171.5974,160.7597,160.7597,172.049
2022-10-14,10390887,2002073798,187.5,195.5,187.0,195.5,17.5,7211,0.9031444255158054,169.3396,176.5647,168.888,176.5647
2022-10-17,18136343,3466962403,194.0,196.5,185.5,195.0,-0.5,13466,0.9031444255158054,175.21,176.1132,167.5333,177.4679
2022-10-18,19999386,3990006582,201.0,203.5,194.0,201.0,6.0,13875,0.9031444255158054,181.532,181.532,175.21,183.7899
2022-10-19,23000596,4751427476,200.0,211.5,199.5,205.0,4.0,17940,0.9031444255158054,180.6289,185.1446,180.1773,191.015
2022-10-20,20455679,4062046551,201.0,202.5,195.5,199.5,-5.5,15247,0.9031444255158054,181.532,180.1773,176.5647,182.8867
2022-10-21,16528066,3306907964,199.0,205.0,194.5,195.0,-4.5,11569,0.9031444255158054,179.7257,176.1132,175.6616,185.1446
2022-10-24,25491582,5293359838,203.0,212.0,202.5,207.5,12.5,16984,0.9031444255158054,183.3383,187.4025,182.8867,191.4666
2022-10-25,16813667,3504216191,210.0,211.0,206.0,207.0,-0.5,16634,0.9031444255158054,189.6603,186.9509,186.0478,190.5635
2022-10-26,18994163,3833955510,209.0,209.0,198.0,199.5,-7.5,17831,0.9031444255158054,188.7572,180.1773,178.8226,188.7572
2022-10-27,11725682,2392568470,202.0,207.5,201.0,207.0,7.5,10080,0.9031444255158054,182.4352,186.9509,181.532,187.4025
2022-10-28,14456770,3014948808,203.0,212.5,202.5,208.5,1.5,10285,0.9031444255158054,183.3383,188.3056,182.8867,191.9182
2022-10-31,14078363,2983539319,214.5,215.0,208.0,211.5,3.0,13046,0.9031444255158054,193.7245,191.015,187.854,194.1761
2022-11-01,10573673,2219079181,211.0,213.5,207.5,208.5,-3.0,10605,0.9031444255158054,190.5635,188.3056,187.4025,192.8213
2022-11-02,15420663,3287605071,208.5,217.5,206.5,217.5,9.0,10442,0.9031444255158054,188.3056,196.4339,186.4993,196.4339
2022-11-03,10460132,2252799929,212.5,217.5,212.0,217.0,-0.5,16459,0.9031444255158054,191.9182,195.9823,191.4666,196.4339
2022-11-04,21073404,4508664626,215.5,217.5,209.5,217.0,0.0,14278,0.9031444255158054,194.6276,195.9823,189.2088,196.4339
2022-11-07,12991148,2808830747,219.0,219.5,212.5,214.5,-2.5,8822,0.9031444255158054,197.7886,193.7245,191.9182,198.2402
2022-11-08,19294877,4268791657,217.5,227.0,217.0,219.0,4.5,13723,0.9031444255158054,196.4339,197.7886,195.9823,205.0138
2022-11-09,27299585,6299607062,223.5,236.0,223.0,234.5,15.5,19760,0.9031444255158054,201.8528,211.7874,201.4012,213.1421
2022-11-10,10604335,2469405642,231.0,235.5,229.5,233.5,-1.0,11589,0.9031444255158054,208.6264,210.8842,207.2716,212.6905
2022-11-11,14424923,3699992554,256.5,256.5,256.5,256.5,23.0,6198,0.9031444255158054,231.6565,231.6565,231.6565,231.6565
2022-11-14,42197384,11171154042,260.5,279.0,255.0,263.0,6.5,30041,0.9031444255158054,235.2691,237.527,230.3018,251.9773
2022-11-15,22580543,6005540805,264.5,270.5,259.0,270.5,7.5,18523,0.9031444255158054,238.8817,244.3006,233.9144,244.3006
2022-11-16,17983006,4843593327,270.0,273.0,263.5,272.5,2.0,14045,0.9031444255158054,243.849,246.1069,237.9786,246.5584
2022-11-17,16554787,4458939735,271.0,276.0,265.0,267.5,-5.0,12304,0.9031444255158054,244.7521,241.5911,239.3333,249.2679
2022-11-18,17786096,4663765494,266.5,268.5,256.0,258.0,-9.5,15002,0.9031444255158054,240.688,233.0113,231.205,242.4943
2022-11-21,8428857,2200266536,260.0,263.5,257.0,261.0,3.0,6385,0.9031444255158054,234.8176,235.7207,232.1081,237.9786
2022-11-22,9283846,2422205972,261.5,263.5,257.0,262.0,1.0,6477,0.9031444255158054,236.1723,236.6238,232.1081,237.9786
2022-11-23,8381084,2190823604,264.5,266.0,259.0,259.0,-3.0,6267,0.9031444255158054,238.8817,233.9144,233.9144,240.2364
2022-11-24,12085132,3209485921,261.0,270.0,259.0,270.0,11.0,9111,0.9031444255158054,235.7207,243.849,233.9144,243.849
2022-11-25,16116428,4414083472,271.0,278.0,270.0,271.0,1.0,12848,0.9031444255158054,244.7521,244.7521,243.849,251.0742
2022-11-28,8052062,2183642551,267.0,275.0,266.5,273.0,2.0,6427,0.9031444255158054,241.1396,246.5584,240.688,248.3647
2022-11-29,8696651,2328379004,271.0,271.0,265.0,267.0,-6.0,6887,0.9031444255158054,244.7521,241.1396,239.3333,244.7521
2022-11-30,5827370,1566115778,265.5,271.0,265.0,269.5,2.5,4412,0.9031444255158054,239.7848,243.3974,239.3333,244.7521
2022-12-01,27163461,7836928921,281.5,296.0,280.5,286.5,17.0,19444,0.9031444255158054,254.2352,258.7509,253.332,267.3307
2022-12-02,13571340,3948481433,284.5,295.5,284.0,295.5,9.0,11511,0.9031444255158054,256.9446,266.8792,256.493,266.8792
2022-12-05,19063259,5872805259,300.5,314.5,299.0,310.5,15.0,19362,0.9031444255158054,271.3949,280.4263,270.0402,284.0389
2022-12-06,14342596,4434073018,308.5,313.5,302.0,304.5,-6.0,14055,0.9031444255158054,278.6201,275.0075,272.7496,283.1358
2022-12-07,28015738,8020358603,300.0,300.0,277.5,278.5,-26.0,23508,0.9031444255158054,270.9433,251.5257,250.6226,270.9433
2022-12-08,15170770,4285630612,276.0,288.0,275.5,287.0,8.5,12534,0.9031444255158054,249.2679,259.2025,248.8163,260.1056
2022-12-09,13605200,3895973346,291.0,294.0,279.0,281.5,-5.5,11526,0.9031444255158054,262.815,254.2352,251.9773,265.5245
2022-12-12,7714025,2159243373,278.5,283.0,276.5,281.0,-0.5,6345,0.9031444255158054,251.5257,253.7836,249.7194,255.5899
2022-12-13,13281384,3668010205,284.5,286.0,269.5,270.0,-11.0,11304,0.9031444255158054,256.9446,243.849,243.3974,258.2993
2022-12-14,11796421,3214073736,273.0,276.0,268.5,274.0,4.0,9343,0.9031444255158054,246.5584,247.4616,242.4943,249.2679
2022-12-15,7447241,2032623533,272.0,276.0,271.0,274.0,0.0,6203,0.9031444255158054,245.6553,247.4616,244.7521,249.2679
2022-12-16,17427323,4562440922,267.0,267.0,259.0,260.0,-14.0,13262,0.9031444255158054,241.1396,234.8176,233.9144,241.1396
2022-12-19,13170641,3398551129,258.5,263.5,254.0,257.0,-3.0,8431,0.9031444255158054,233.4628,232.1081,229.3987,237.9786
2022-12-20,27665232,6733616499,250.0,253.0,236.5,241.5,-15.5,19414,0.9031444255158054,225.7861,218.1094,213.5937,228.4955
2022-12-21,19178853,4549514911,241.5,243.5,232.5,237.0,-4.5,14178,0.9031444255158054,218.1094,214.0452,209.9811,219.9157
2022-12-22,12805864,3067617388,241.5,243.0,234.5,243.0,6.0,9008,0.9031444255158054,218.1094,219.4641,211.7874,219.4641
2022-12-23,10124046,2432661687,236.5,244.5,234.0,242.0,-1.0,8134,0.9031444255158054,213.5937,218.561,211.3358,220.8188
2022-12-26,4313031,1027608587,241.5,242.0,237.0,237.0,-5.0,5446,0.9031444255158054,218.1094,214.0452,214.0452,218.561
2022-12-27,5505151,1321420316,238.0,243.0,238.0,238.0,1.0,4424,0.9031444255158054,214.9484,214.9484,214.9484,219.4641
2022-12-28,5538094,1298197498,236.0,239.5,230.5,231.5,-6.5,5058,0.9031444255158054,213.1421,209.0779,208.1748,216.3031
2022-12-29,7408096,1701644917,227.0,232.5,226.0,231.0,-0.5,5840,0.9031444255158054,205.0138,208.6264,204.1106,209.9811
2022-12-30,6042758,1392060197,235.0,236.5,227.0,227.0,-4.0,5651,0.9031444255158054,212.2389,205.0138,205.0138,213.5937
2023-01-03,6384667,1466305807,224.0,234.0,224.0,233.0,6.0,5071,0.9031444255158054,202.3044,210.4327,202.3044,211.3358
2023-01-04,15667933,3537319703,233.0,233.0,221.5,223.0,-10.0,14686,0.9031444255158054,210.4327,201.4012,200.0465,210.4327
2023-01-05,13775614,3044370094,225.0,226.5,217.0,219.5,-3.5,11016,0.9031444255158054,203.2075,198.2402,195.9823,204.5622
2023-01-06,10561630,2371474989,220.0,228.0,220.0,227.5,8.0,8696,0.9031444255158054,198.6918,205.4654,198.6918,205.9169
2023-01-09,11848009,2772972431,233.0,236.0,230.5,236.0,8.5,10137,0.9031444255158054,210.4327,213.1421,208.1748,213.1421
2023-01-10,7162509,1675773343,234.5,236.5,231.5,236.5,0.5,8405,0.9031444255158054,211.7874,213.5937,209.0779,213.5937
2023-01-11,7206093,1696639756,238.0,239.0,234.0,234.0,-2.5,5876,0.9031444255158054,214.9484,211.3358,211.3358,215.8515
2023-01-12,5304301,1241428250,234.0,237.0,232.0,232.0,-2.0,4416,0.9031444255158054,211.3358,209.5295,209.5295,214.0452
2023-01-13,11265420,2637351523,236.0,238.5,230.0,230.0,-2.0,8377,0.9031444255158054,213.1421,207.7232,207.7232,215.3999
2023-01-16,6844488,1594903405,232.5,235.5,231.0,233.0,3.0,5408,0.9031444255158054,209.9811,210.4327,208.6264,212.6905
2023-01-17,4818982,1125360915,232.0,235.5,230.5,234.5,1.5,4045,0.9031444255158054,209.5295,211.7874,208.1748,212.6905
2023-01-30,11475056,2791065323,242.0,246.0,239.0,246.0,11.5,9223,0.9031444255158054,218.561,222.1735,215.8515,222.1735
2023-01-31,6582871,1608564315,244.0,248.0,242.0,243.0,-3.0,5684,0.9031444255158054,220.3672,219.4641,218.561,223.9798
2023-02-01,13453730,3414131975,247.0,258.5,246.5,255.5,12.5,11082,0.9031444255158054,223.0767,230.7534,222.6251,233.4628
2023-02-02,13451664,3506274239,259.5,265.0,255.5,264.5,9.0,10777,0.9031444255158054,234.366,238.8817,230.7534,239.3333
2023-02-03,11412278,2947864187,262.5,262.5,254.0,255.0,-9.5,12104,0.9031444255158054,237.0754,230.3018,229.3987,237.0754
2023-02-06,13463428,3246865862,245.5,245.5,238.5,239.0,-16.0,12212,0.9031444255158054,221.722,215.8515,215.3999,221.722
2023-02-07,6466157,1567704107,239.5,245.0,239.0,244.0,5.0,5371,0.9031444255158054,216.3031,220.3672,215.8515,221.2704
2023-02-08,5587972,1367600432,247.5,248.0,243.5,244.0,0.0,4980,0.9031444255158054,223.5282,220.3672,219.9157,223.9798
2023-02-09,4124249,1002073612,243.0,245.0,241.5,243.0,-1.0,3688,0.9031444255158054,219.4641,219.4641,218.1094,221.2704
2023-02-10,5731724,1367110165,242.0,243.0,237.0,237.0,-6.0,5438,0.9031444255158054,218.561,214.0452,214.0452,219.4641
2023-02-13,4289466,1008687964,235.5,239.0,233.0,233.0,-4.0,4717,0.9031444255158054,212.6905,210.4327,210.4327,215.8515
2023-02-14,5078755,1210529521,236.5,241.5,235.5,238.5,5.5,4312,0.9031444255158054,213.5937,215.3999,212.6905,218.1094
2023-02-15,7476302,1791852663,237.0,244.0,234.0,244.0,5.5,6543,0.9031444255158054,214.0452,220.3672,211.3358,220.3672
2023-02-16,7924949,1953288956,245.5,248.5,243.5,247.5,3.5,6846,0.9031444255158054,221.722,223.5282,219.9157,224.4314
2023-02-17,3670448,900060605,245.0,247.0,243.0,245.5,-2.0,3515,0.9031444255158054,221.2704,221.722,219.4641,223.0767
2023-02-20,4065861,1000461091,246.0,249.0,244.0,244.0,-1.5,3653,0.9031444255158054,222.1735,220.3672,220.3672,224.883
2023-02-21,3380731,831367701,245.0,248.0,243.0,247.0,3.0,3116,0.9031444255158054,221.2704,223.0767,219.4641,223.9798
2023-02-22,4877860,1177210348,244.0,245.0,240.0,240.0,-7.0,4772,0.9031444255158054,220.3672,216.7547,216.7547,221.2704
2023-02-23,4246784,1025648725,240.0,244.0,238.5,243.0,3.0,3857,0.9031444255158054,216.7547,219.4641,215.3999,220.3672
2023-02-24,7043863,1673509129,243.0,244.0,235.0,235.0,-8.0,7476,0.9031444255158054,219.4641,212.2389,212.2389,220.3672
2023-03-01,6773231,1600472638,233.0,242.0,230.0,240.5,5.5,5990,0.9031444255158054,210.4327,217.2062,207.7232,218.561
2023-03-02,11407288,2820923451,238.0,253.0,238.0,250.5,10.0,10040,0.9031444255158054,214.9484,226.2377,214.9484,228.4955
2023-03-03,17960673,4673040281,256.0,264.5,255.5,259.0,8.5,15835,0.9031444255158054,231.205,233.9144,230.7534,238.8817
2023-03-06,8134205,2132217692,265.5,265.5,260.0,261.0,2.0,7359,0.9031444255158054,239.7848,235.7207,234.8176,239.7848
2023-03-07,5407578,1396197246,260.5,260.5,256.0,258.5,-2.5,5245,0.9031444255158054,235.2691,233.4628,231.205,235.2691
2023-03-08,7486845,1954060547,256.0,264.0,255.0,263.0,4.5,6406,0.9031444255158054,231.205,237.527,230.3018,238.4301
2023-03-09,12598668,3361238537,266.0,270.0,263.0,266.5,3.5,17735,0.9031444255158054,240.2364,240.688,237.527,243.849
2023-03-10,12567003,3322266987,262.0,270.5,259.0,260.0,-6.5,26772,0.9031444255158054,236.6238,234.8176,233.9144,244.3006
2023-03-13,11084036,2902915267,259.5,267.0,254.5,266.0,6.0,12713,0.9031444255158054,234.366,240.2364,229.8503,241.1396
2023-03-14,8411014,2197288074,262.0,265.0,258.5,260.0,-6.0,18700,0.9031444255158054,236.6238,234.8176,233.4628,239.3333
2023-03-15,6378754,1671225304,263.5,265.0,259.0,259.5,-0.5,6044,0.9031444255158054,237.9786,234.366,233.9144,239.3333
2023-03-16,6746639,1752741583,259.0,263.0,257.0,259.0,-0.5,6830,0.9031444255158054,233.9144,233.9144,232.1081,237.527
2023-03-17,7055567,1847310472,263.0,264.0,260.5,261.0,2.0,4361,0.9031444255158054,237.527,235.7207,235.2691,238.4301
2023-03-20,3952732,1041849109,263.0,266.0,261.5,262.5,1.5,4823,0.9031444255158054,237.527,237.0754,236.1723,240.2364
2023-03-21,8435003,2257610166,266.0,270.5,262.5,269.0,6.5,10753,0.9031444255158054,240.2364,242.9459,237.0754,244.3006
2023-03-22,11899194,3284260889,273.5,279.0,272.0,275.5,6.5,22946,0.9031444255158054,247.01,248.8163,245.6553,251.9773
2023-03-23,8882952,2471048115,274.5,282.0,274.0,280.5,5.0,12757,0.9031444255158054,247.9131,253.332,247.4616,254.6867
2023-03-24,16144111,4629606618,284.5,291.5,281.0,286.5,6.0,20226,0.9031444255158054,256.9446,258.7509,253.7836,263.2666
2023-03-27,8225652,2339948058,287.0,288.0,280.0,285.5,-1.0,24351,0.9031444255158054,259.2025,257.8477,252.8804,260.1056
2023-03-28,11678245,3235828663,282.5,283.5,272.5,273.5,-12.0,17167,0.9031444255158054,255.1383,247.01,246.1069,256.0414
2023-03-29,6087889,1670375356,275.5,278.5,271.0,272.0,-1.5,5222,0.9031444255158054,248.8163,245.6553,244.7521,251.5257
2023-03-30,9381046,2622609807,276.5,282.0,276.0,281.0,9.0,8711,0.9031444255158054,249.7194,253.7836,249.2679,254.6867
2023-03-31,12512476,3561297898,284.0,289.0,281.0,283.0,2.0,10068,0.9031444255158054,256.493,255.5899,253.7836,261.0087
2023-04-06,8551184,2340543947,276.5,277.0,271.0,274.5,-8.5,7582,0.9031444255158054,249.7194,247.9131,244.7521,250.171
2023-04-07,3639722,1000061252,275.5,277.0,273.0,274.0,-0.5,3219,0.9031444255158054,248.8163,247.4616,246.5584,250.171
2023-04-10,5430774,1488690298,273.0,277.5,270.0,275.5,1.5,4889,0.9031444255158054,246.5584,248.8163,243.849,250.6226
2023-04-11,4075772,1122772764,275.5,278.0,274.0,274.0,-1.5,3636,0.9031444255158054,248.8163,247.4616,247.4616,251.0742
2023-04-12,4718576,1289211640,274.0,275.0,271.0,274.5,0.5,3995,0.9031444255158054,247.4616,247.9131,244.7521,248.3647
2023-04-13,9960488,2666487030,272.0,273.5,263.5,264.0,-10.5,10497,0.9031444255158054,245.6553,238.4301,237.9786,247.01
2023-04-14,5734816,1510882591,265.0,267.0,261.0,263.0,-1.0,5354,0.9031444255158054,239.3333,237.527,235.7207,241.1396
2023-04-17,5101800,1340373082,262.0,266.5,258.5,264.5,1.5,4923,0.9031444255158054,236.6238,238.8817,233.4628,240.688
2023-04-18,3448427,910613360,264.0,267.0,261.5,263.0,-1.5,3516,0.9031444255158054,238.4301,237.527,236.1723,241.1396
2023-04-19,7716703,1985832869,261.5,262.5,254.0,254.0,-9.0,8437,0.9031444255158054,236.1723,229.3987,229.3987,237.0754
2023-04-20,4239007,1084902379,252.5,259.0,252.5,255.0,1.0,3853,0.9031444255158054,228.044,230.3018,228.044,233.9144
2023-04-21,7288606,1894478513,255.0,263.0,254.5,260.0,5.0,6321,0.9031444255158054,230.3018,234.8176,229.8503,237.527
2023-04-24,7785512,2052168691,257.5,268.5,256.0,268.5,8.5,7576,0.9031444255158054,232.5597,242.4943,231.205,242.4943
2023-04-25,11061594,2932152294,271.5,273.0,258.0,258.0,-10.5,10948,0.9031444255158054,245.2037,233.0113,233.0113,246.5584
2023-04-26,9664581,2551936586,257.0,269.0,256.0,269.0,11.0,12116,0.9031444255158054,232.1081,242.9459,231.205,242.9459
2023-04-27,7083404,1881354010,265.0,269.5,262.0,266.5,-2.5,11080,0.9031444255158054,239.3333,240.688,236.6238,243.3974
2023-04-28,12480087,3430336325,272.0,278.0,271.5,274.5,8.0,9941,0.9031444255158054,245.6553,247.9131,245.2037,251.0742
2023-05-02,9774848,2713765539,273.0,281.5,272.5,277.5,3.0,13175,0.9031444255158054,246.5584,250.6226,246.1069,254.2352
2023-05-03,5701475,1576584057,276.5,280.5,272.0,276.0,-1.5,10326,0.9031444255158054,249.7194,249.2679,245.6553,253.332
2023-05-04,10806782,2915580168,271.0,274.0,265.0,272.5,-3.5,20268,0.9031444255158054,244.7521,246.1069,239.3333,247.4616
2023-05-05,7490400,2065758629,268.5,278.5,268.5,277.5,5.0,6838,0.9031444255158054,242.4943,250.6226,242.4943,251.5257
2023-05-08,12278150,3480138443,283.0,288.0,279.0,281.0,3.5,14614,0.9031444255158054,255.5899,253.7836,251.9773,260.1056
2023-05-09,13133853,3750129643,285.0,288.0,281.5,287.5,6.5,18075,0.9031444255158054,257.3962,259.654,254.2352,260.1056
2023-05-10,6077659,1722653639,286.5,287.0,281.0,282.5,-5.0,13590,0.9031444255158054,258.7509,255.1383,253.7836,259.2025
2023-05-11,5413728,1524708779,283.5,286.0,278.0,278.0,-4.5,10450,0.9031444255158054,256.0414,251.0742,251.0742,258.2993
2023-05-12,6062911,1717258182,277.5,287.0,277.0,287.0,9.0,13313,0.9031444255158054,250.6226,259.2025,250.171,259.2025
2023-05-15,4729158,1340415023,286.0,287.5,280.0,281.0,-6.0,11430,0.9031444255158054,258.2993,253.7836,252.8804,259.654
2023-05-16,9130434,2640206214,285.5,292.5,285.5,288.5,7.5,9538,0.9031444255158054,257.8477,260.5572,257.8477,264.1697
2023-05-17,9512253,2742242739,287.0,292.0,286.5,286.5,-2.0,13786,0.9031444255158054,259.2025,258.7509,258.7509,263.7182
2023-05-18,7576815,2186271136,291.0,293.5,284.5,285.5,-1.0,6282,0.9031444255158054,262.815,257.8477,256.9446,265.0729
2023-05-19,10107697,2941272478,288.5,293.0,288.0,293.0,7.5,8486,0.9031444255158054,260.5572,264.6213,260.1056,264.6213
2023-05-22,10617422,3012721421,291.0,292.0,280.0,281.5,-11.5,10193,0.9031444255158054,262.815,254.2352,252.8804,263.7182
2023-05-23,7645556,2187384821,282.5,290.0,281.0,289.0,7.5,6388,0.9031444255158054,255.1383,261.0087,253.7836,261.9119
2023-05-24,8504535,2454991740,288.0,292.0,284.0,292.0,3.0,7293,0.9031444255158054,260.1056,263.7182,256.493,263.7182
2023-05-25,19416550,5870353414,296.5,310.5,296.0,302.5,10.5,15601,0.9031444255158054,267.7823,273.2012,267.3307,280.4263
2023-05-26,12288020,3764516064,308.5,313.0,302.0,303.0,0.5,14335,0.9031444255158054,278.6201,273.6528,272.7496,282.6842
2023-05-29,12357200,3743182594,309.0,313.0,297.0,302.5,-0.5,10651,0.9031444255158054,279.0716,273.2012,268.2339,282.6842
2023-05-30,9156798,2711915279,301.0,302.0,293.5,294.0,-8.5,9876,0.9031444255158054,271.8465,265.5245,265.0729,272.7496
2023-05-31,7898522,2370469960,295.5,303.0,295.5,303.0,9.0,6216,0.9031444255158054,266.8792,273.6528,266.8792,273.6528
2023-06-01,5644535,1688962922,301.5,303.5,297.0,298.5,-4.5,5241,0.9031444255158054,272.298,269.5886,268.2339,274.1043
2023-06-02,9971375,3044148763,303.0,309.0,300.0,308.0,9.5,8357,0.9031444255158054,273.6528,278.1685,270.9433,279.0716
2023-06-05,5958639,1824569658,307.0,310.0,303.5,305.0,-3.0,5529,0.9031444255158054,277.2653,275.459,274.1043,279.9748
2023-06-06,8160405,2435277844,302.5,303.0,296.0,296.5,-8.5,8836,0.9031444255158054,273.2012,267.7823,267.3307,273.6528
2023-06-07,9579970,2793896258,296.5,297.0,288.0,290.0,-6.5,11393,0.9031444255158054,267.7823,261.9119,260.1056,268.2339
2023-06-08,8978419,2539623733,289.0,289.5,280.0,282.0,-8.0,10301,0.9031444255158054,261.0087,254.6867,252.8804,261.4603
2023-06-09,5433237,1538672917,280.0,286.0,280.0,284.5,2.5,5241,0.9031444255158054,252.8804,256.9446,252.8804,258.2993
2023-06-12,4511043,1282666737,285.0,286.5,280.5,286.0,1.5,4173,0.9031444255158054,257.3962,258.2993,253.332,258.7509
2023-06-13,6971191,2032799317,288.0,294.0,288.0,293.0,7.0,6628,0.9031444255158054,260.1056,264.6213,260.1056,265.5245
2023-06-14,6514286,1916341738,295.0,296.5,292.0,293.5,0.5,5821,0.9031444255158054,266.4276,265.0729,263.7182,267.7823
2023-06-15,10022650,2838597124,280.5,289.0,280.5,281.0,0.0,9931,0.9621520467836258,269.8836,270.3647,269.8836,278.0619
2023-06-16,5552052,1551890767,281.5,282.0,277.5,279.5,-1.5,5406,0.9621520467836258,270.8458,268.9215,266.9972,271.3269
2023-06-19,4009304,1115243901,278.0,281.0,277.0,278.0,-1.5,4155,0.9621520467836258,267.4783,267.4783,266.5161,270.3647
2023-06-20,4558479,1278888553,277.5,284.0,276.0,281.5,3.5,4492,0.9621520467836258,266.9972,270.8458,265.554,273.2512
2023-06-21,2706529,756253263,282.0,282.5,278.0,278.0,-3.5,4382,0.9621520467836258,271.3269,267.4783,267.4783,271.808
2023-06-26,3603053,991197867,276.0,277.5,271.0,275.0,-3.0,3275,0.9621520467836258,265.554,264.5918,260.7432,266.9972
2023-06-27,5901298,1600702631,274.0,277.5,268.0,268.5,-6.5,6708,0.9621520467836258,263.6297,258.3378,257.8567,266.9972
2023-06-28,5679013,1508177347,270.5,271.5,262.0,262.0,-6.5,6722,0.9621520467836258,260.2621,252.0838,252.0838,261.2243
2023-06-29,3604447,949296606,263.5,266.0,262.0,262.5,0.5,3558,0.9621520467836258,253.5271,252.5649,252.0838,255.9324
2023-06-30,2948755,775758821,262.0,264.5,260.5,264.0,1.5,3436,0.9621520467836258,252.0838,254.0081,250.6406,254.4892
2023-07-03,3651749,980377438,266.5,270.5,265.0,270.0,6.0,3343,0.9621520467836258,256.4135,259.7811,254.9703,260.2621
2023-07-04,5620450,1477226954,266.0,266.5,261.5,262.0,-8.0,6642,0.9621520467836258,255.9324,252.0838,251.6028,256.4135
2023-07-05,4981228,1315151084,262.0,268.5,261.5,261.5,-0.5,5264,0.9621520467836258,252.0838,251.6028,251.6028,258.3378
2023-07-06,5289547,1363132275,260.0,262.0,255.0,255.5,-6.0,7150,0.9621520467836258,250.1595,245.8298,245.3488,252.0838
2023-07-07,9956169,2473452550,253.0,253.0,246.0,246.5,-9.0,10962,0.9621520467836258,243.4245,237.1705,236.6894,243.4245
2023-07-10,4403093,1078721067,248.0,248.0,242.5,243.5,-3.0,4886,0.9621520467836258,238.6137,234.284,233.3219,238.6137
2023-07-11,3556647,877246843,245.5,248.5,244.0,247.0,3.5,3563,0.9621520467836258,236.2083,237.6516,234.7651,239.0948
2023-07-12,6715238,1689350048,248.0,256.0,247.0,254.5,7.5,6273,0.9621520467836258,238.6137,244.8677,237.6516,246.3109
2023-07-13,12181062,3231095410,259.5,273.5,259.0,264.5,10.0,12468,0.9621520467836258,249.6785,254.4892,249.1974,263.1486
2023-07-14,7825139,2095671785,269.5,271.5,264.0,266.0,1.5,11479,0.9621520467836258,259.3,255.9324,254.0081,261.2243
2023-07-17,4673107,1233600058,266.0,267.5,261.0,262.5,-3.5,5112,0.9621520467836258,255.9324,252.5649,251.1217,257.3757
2023-07-18,15575313,4250196392,264.5,278.5,262.5,275.5,13.0,14465,0.9621520467836258,254.4892,265.0729,252.5649,267.9593
2023-07-19,10055402,2726807097,278.5,280.0,266.0,266.5,-9.0,13238,0.9621520467836258,267.9593,256.4135,255.9324,269.4026
2023-07-20,5733763,1547869701,267.5,275.0,266.0,267.0,0.5,5380,0.9621520467836258,257.3757,256.8946,255.9324,264.5918
2023-07-21,5661543,1470419125,262.0,264.0,258.0,258.0,-9.0,10243,0.9621520467836258,252.0838,248.2352,248.2352,254.0081
2023-07-24,4802226,1262722246,263.0,266.0,261.0,261.5,3.5,4326,0.9621520467836258,253.046,251.6028,251.1217,255.9324
2023-07-25,4852757,1268924912,265.0,266.0,258.0,258.0,-3.5,6652,0.9621520467836258,254.9703,248.2352,248.2352,255.9324
2023-07-26,4307269,1109824154,258.5,263.0,254.0,254.5,-3.5,4731,0.9621520467836258,248.7163,244.8677,244.3866,253.046
2023-07-27,5405069,1356353750,251.0,255.5,249.0,250.0,-4.5,5924,0.9621520467836258,241.5002,240.538,239.5759,245.8298
2023-07-28,3173513,801489020,250.5,255.0,250.0,254.5,4.5,3203,0.9621520467836258,241.0191,244.8677,240.538,245.3488
2023-07-31,5162519,1298266142,256.5,257.5,247.0,248.0,-6.5,5479,0.9621520467836258,246.792,238.6137,237.6516,247.7542
2023-08-01,4864237,1222111465,251.5,257.0,248.0,249.5,1.5,4637,0.9621520467836258,241.9812,240.0569,238.6137,247.2731
2023-08-02,9163597,2320624231,249.5,257.5,247.5,251.5,2.0,7430,0.9621520467836258,240.0569,241.9812,238.1326,247.7542
2023-08-04,6017113,1509745692,251.0,255.0,246.5,252.5,1.0,8107,0.9621520467836258,241.5002,242.9434,237.1705,245.3488
2023-08-07,3350720,844054864,255.0,255.0,250.5,250.5,-2.0,3805,0.9621520467836258,245.3488,241.0191,241.0191,245.3488
2023-08-08,4856402,1196034708,250.5,251.5,244.0,245.0,-5.5,5734,0.9621520467836258,241.0191,235.7273,234.7651,241.9812
2023-08-09,3803909,943034009,246.0,251.0,245.0,247.0,2.0,3414,0.9621520467836258,236.6894,237.6516,235.7273,241.5002
2023-08-10,4687358,1130750984,246.0,246.5,238.0,238.5,-8.5,7580,0.9621520467836258,236.6894,229.4733,228.9922,237.1705
2023-08-11,2996303,719201727,240.0,244.0,237.0,238.5,0.0,3174,0.9621520467836258,230.9165,229.4733,228.03,234.7651
2023-08-14,4299314,996486866,235.5,236.0,229.0,232.0,-6.5,5401,0.9621520467836258,226.5868,223.2193,220.3328,227.0679
2023-08-15,2413211,568304399,235.0,237.0,233.5,236.5,4.5,2457,0.9621520467836258,226.1057,227.549,224.6625,228.03
2023-08-16,3305820,786203709,233.0,241.0,233.0,236.0,-0.5,3345,0.9621520467836258,224.1814,227.0679,224.1814,231.8786
2023-08-17,3635329,851802103,234.0,237.0,231.5,236.5,0.5,3378,0.9621520467836258,225.1436,227.549,222.7382,228.03
2023-08-18,2896907,673699317,236.5,236.5,230.0,231.0,-5.5,3924,0.9621520467836258,227.549,222.2571,221.295,227.549
2023-08-21,2727389,624096442,232.5,233.5,227.0,228.0,-3.0,3205,0.9621520467836258,223.7004,219.3707,218.4085,224.6625
2023-08-22,2543395,584950052,230.5,232.0,227.5,229.5,1.5,2556,0.9621520467836258,221.776,220.8139,218.8896,223.2193
2023-08-23,1800184,414118718,229.5,232.0,227.0,230.5,1.0,1993,0.9621520467836258,220.8139,221.776,218.4085,223.2193
2023-08-24,5109676,1213915046,234.0,243.0,232.5,239.5,9.0,4709,0.9621520467836258,225.1436,230.4354,223.7004,233.8029
2023-08-25,3728809,866908920,236.0,236.0,231.0,231.0,-8.5,3753,0.9621520467836258,227.0679,222.2571,222.2571,227.0679
2023-08-28,3512582,830618545,233.0,239.0,231.5,236.5,5.5,3423,0.9621520467836258,224.1814,227.549,222.7382,229.9543
2023-08-29,4931124,1196887398,238.0,246.0,238.0,244.0,7.5,5564,0.9621520467836258,228.9922,234.7651,228.9922,236.6894
2023-08-30,3615680,882657097,246.0,247.5,242.0,243.0,-1.0,3697,0.9621520467836258,236.6894,233.8029,232.8408,238.1326
2023-08-31,2000780,484311382,243.0,243.5,241.0,241.5,-1.5,2827,0.9621520467836258,233.8029,232.3597,231.8786,234.284
2023-09-01,2321921,562081370,241.5,244.5,239.0,243.0,1.5,2241,0.9621520467836258,232.3597,233.8029,229.9543,235.2462
2023-09-04,4340758,1069219628,244.0,250.0,241.0,250.0,7.0,3987,0.9621520467836258,234.7651,240.538,231.8786,240.538
2023-09-05,2293443,568663588,248.5,249.5,246.0,248.0,-2.0,4921,0.9621520467836258,239.0948,238.6137,236.6894,240.0569
2023-09-06,2099227,522391449,252.0,252.0,247.0,249.0,1.0,2070,0.9621520467836258,242.4623,239.5759,237.6516,242.4623
2023-09-07,2670771,668579370,250.0,252.0,248.5,250.0,1.0,2721,0.9621520467836258,240.538,240.538,239.0948,242.4623
2023-09-08,2780324,691402970,250.0,251.5,245.5,249.0,-1.0,10008,0.9621520467836258,240.538,239.5759,236.2083,241.9812
2023-09-11,2475537,620349963,249.0,252.0,247.5,251.0,2.0,2725,0.9621520467836258,239.5759,241.5002,238.1326,242.4623
2023-09-12,7858540,2022289696,252.0,260.5,249.0,260.5,9.5,7910,0.9621520467836258,242.4623,250.6406,239.5759,250.6406
2023-09-13,4089448,1058545042,260.5,263.5,256.5,257.5,-3.0,11013,0.9621520467836258,250.6406,247.7542,246.792,253.5271
2023-09-14,5100228,1318785812,259.0,263.0,256.0,259.0,1.5,7393,0.9621520467836258,249.1974,249.1974,246.3109,253.046
2023-09-15,17135476,4605987283,260.5,272.0,260.0,272.0,13.0,14666,0.9621520467836258,250.6406,261.7054,250.1595,261.7054
2023-09-18,8438937,2302324214,269.5,277.5,268.0,272.5,0.5,12428,0.9621520467836258,259.3,262.1864,257.8567,266.9972
2023-09-19,7483361,2047269308,274.5,276.5,271.0,271.0,-1.5,8924,0.9621520467836258,264.1107,260.7432,260.7432,266.035
2023-09-20,9061336,2392365520,269.5,270.0,260.5,260.5,-10.5,25045,0.9621520467836258,259.3,250.6406,250.6406,259.7811
2023-09-21,4855658,1272284035,258.0,264.5,257.5,263.5,3.0,4871,0.9621520467836258,248.2352,253.5271,247.7542,254.4892
2023-09-22,6616915,1740581528,259.5,268.0,255.5,267.0,3.5,7513,0.9621520467836258,249.6785,256.8946,245.8298,257.8567
2023-09-25,5808402,1561692637,267.0,272.0,265.5,269.0,2.0,4718,0.9621520467836258,256.8946,258.8189,255.4514,261.7054
2023-09-26,4128496,1094056762,269.0,270.0,263.0,263.0,-6.0,7149,0.9621520467836258,258.8189,253.046,253.046,259.7811
2023-09-27,3898756,1026303654,263.0,265.5,261.0,265.0,2.0,4200,0.9621520467836258,253.046,254.9703,251.1217,255.4514
2023-09-28,6055400,1619307535,267.5,271.5,263.5,266.5,1.5,6647,0.9621520467836258,257.3757,256.4135,253.5271,261.2243
2023-10-02,5106549,1375279524,268.0,272.0,267.0,267.5,1.0,4502,0.9621520467836258,257.8567,257.3757,256.8946,261.7054
2023-10-03,3405641,902858353,268.0,269.5,262.0,262.0,-5.5,10841,0.9621520467836258,257.8567,252.0838,252.0838,259.3
2023-10-04,3614031,940041244,258.0,264.0,255.5,264.0,2.0,4136,0.9621520467836258,248.2352,254.0081,245.8298,254.0081
2023-10-05,3017688,790075619,263.5,265.0,260.0,260.5,-3.5,4178,0.9621520467836258,253.5271,250.6406,250.1595,254.9703
2023-10-06,6164736,1571488174,260.5,261.0,251.5,251.5,-9.0,6614,0.9621520467836258,250.6406,241.9812,241.9812,251.1217
2023-10-11,5030255,1298974135,254.5,260.0,254.5,260.0,8.5,4345,0.9621520467836258,244.8677,250.1595,244.8677,250.1595
2023-10-12,2523887,649324000,258.5,259.0,255.5,256.5,-3.5,7942,0.9621520467836258,248.7163,246.792,245.8298,249.1974
2023-10-13,1874766,483635588,256.0,260.0,255.5,257.0,0.5,1878,0.9621520467836258,246.3109,247.2731,245.8298,250.1595
2023-10-16,2903894,733066557,255.5,255.5,249.0,253.0,-4.0,3267,0.9621520467836258,245.8298,243.4245,239.5759,245.8298
2023-10-17,2618415,671298317,254.5,258.5,254.0,255.5,2.5,2442,0.9621520467836258,244.8677,245.8298,244.3866,248.7163
2023-10-18,4654419,1169081509,255.5,255.5,248.5,250.5,-5.0,4647,0.9621520467836258,245.8298,241.0191,239.0948,245.8298
2023-10-19,4527053,1109417707,250.0,251.5,241.0,242.5,-8.0,4764,0.9621520467836258,240.538,233.3219,231.8786,241.9812
2023-10-20,3452790,825188410,236.5,242.0,236.0,239.5,-3.0,3583,0.9621520467836258,227.549,230.4354,227.0679,232.8408
2023-10-23,2110094,501735210,238.0,240.0,236.0,237.0,-2.5,2320,0.9621520467836258,228.9922,228.03,227.0679,230.9165
2023-10-24,2725076,643799443,238.0,239.0,233.0,238.0,1.0,2733,0.9621520467836258,228.9922,228.9922,224.1814,229.9543
2023-10-25,2664612,635039373,239.0,241.0,236.5,238.0,0.0,2783,0.9621520467836258,229.9543,228.9922,227.549,231.8786
2023-10-26,5637774,1300064296,232.5,235.5,228.0,229.0,-9.0,6420,0.9621520467836258,223.7004,220.3328,219.3707,226.5868
2023-10-27,4313064,1008847927,232.0,238.5,230.5,233.5,4.5,3778,0.9621520467836258,223.2193,224.6625,221.776,229.4733
2023-10-30,2037833,474413343,233.5,235.5,230.5,232.0,-1.5,2833,0.9621520467836258,224.6625,223.2193,221.776,226.5868
2023-10-31,4238916,1000922150,235.5,239.0,233.0,236.0,4.0,3848,0.9621520467836258,226.5868,227.0679,224.1814,229.9543
2023-11-01,2652620,634224097,239.5,240.5,236.5,240.0,4.0,2793,0.9621520467836258,230.4354,230.9165,227.549,231.3976
2023-11-02,3559765,868322828,246.0,247.0,242.0,243.0,3.0,4033,0.9621520467836258,236.6894,233.8029,232.8408,237.6516
2023-11-03,9012995,2112641789,237.5,239.5,232.5,232.5,-10.5,9805,0.9621520467836258,228.5111,223.7004,223.7004,230.4354
2023-11-06,3934633,928713659,235.0,238.0,233.0,237.0,4.5,3301,0.9621520467836258,226.1057,228.03,224.1814,228.9922
2023-11-07,3399781,791596034,234.0,236.0,232.0,232.5,-4.5,3729,0.9621520467836258,225.1436,223.7004,223.2193,227.0679
2023-11-08,4330677,1004350884,231.0,235.0,230.5,231.0,-1.5,3992,0.9621520467836258,222.2571,222.2571,221.776,226.1057
2023-11-09,4257637,973272405,231.0,231.5,227.5,227.5,-3.5,4836,0.9621520467836258,222.2571,218.8896,218.8896,222.7382
2023-11-10,3963706,890291482,226.0,228.0,222.0,228.0,0.5,4237,0.9621520467836258,217.4464,219.3707,213.5978,219.3707
2023-11-13,3019819,701033847,230.0,234.5,230.0,230.5,2.5,3282,0.9621520467836258,221.295,221.776,221.295,225.6247
2023-11-14,2480225,573670589,231.5,233.0,229.0,230.5,0.0,2366,0.9621520467836258,222.7382,221.776,220.3328,224.1814
2023-11-15,5234528,1236767039,235.5,239.0,234.5,235.5,5.0,4642,0.9621520467836258,226.5868,226.5868,225.6247,229.9543
2023-11-16,4578120,1087174259,239.5,240.0,235.0,238.5,3.0,3776,0.9621520467836258,230.4354,229.4733,226.1057,230.9165
2023-11-17,2423179,573442757,237.0,238.0,235.0,237.0,-1.5,2667,0.9621520467836258,228.03,228.03,226.1057,228.9922
2023-11-20,2454495,585913864,237.0,240.0,237.0,239.0,2.0,2464,0.9621520467836258,228.03,229.9543,228.03,230.9165
2023-11-21,4148089,1005723313,239.5,244.5,239.5,242.5,3.5,4206,0.9621520467836258,230.4354,233.3219,230.4354,235.2462
2023-11-22,3841104,915552424,241.0,242.5,236.5,237.0,-5.5,5701,0.9621520467836258,231.8786,228.03,227.549,233.3219
2023-11-23,2239107,529740842,237.0,238.0,235.0,236.5,-0.5,2610,0.9621520467836258,228.03,227.549,226.1057,228.9922
2023-11-24,1944673,464797348,237.0,240.5,237.0,238.0,1.5,2034,0.9621520467836258,228.03,228.9922,228.03,231.3976
2023-11-27,2129341,508148219,238.0,240.5,237.0,239.0,1.0,2055,0.9621520467836258,228.9922,229.9543,228.03,231.3976
2023-11-28,4310894,1045200833,239.0,245.0,238.0,245.0,6.0,4324,0.9621520467836258,229.9543,235.7273,228.9922,235.7273
2023-11-29,4989434,1236044659,245.0,251.0,244.0,251.0,6.0,4933,0.9621520467836258,235.7273,241.5002,234.7651,241.5002
2023-11-30,4326571,1075387022,250.5,251.5,246.5,248.0,-3.0,5348,0.9621520467836258,241.0191,238.6137,237.1705,241.9812
2023-12-01,3398968,840391338,244.5,250.0,243.5,249.5,1.5,3271,0.9621520467836258,235.2462,240.0569,234.284,240.538
2023-12-04,7834362,1928723009,243.0,251.0,241.0,250.5,1.0,7214,0.9621520467836258,233.8029,241.0191,231.8786,241.5002
2023-12-05,9431935,2383408621,248.0,255.5,248.0,252.5,2.0,8717,0.9621520467836258,238.6137,242.9434,238.6137,245.8298
2023-12-06,5901761,1484373032,254.5,257.0,249.0,249.0,-3.5,8293,0.9621520467836258,244.8677,239.5759,239.5759,247.2731
2023-12-07,2577771,641710799,250.0,251.5,247.0,247.0,-2.0,2941,0.9621520467836258,240.538,237.6516,237.6516,241.9812
2023-12-08,2658909,665537934,250.0,252.5,249.0,250.0,3.0,4109,0.9621520467836258,240.538,240.538,239.5759,242.9434
2023-12-11,2345253,593021182,252.0,255.0,251.5,252.5,2.5,3440,0.9621520467836258,242.4623,242.9434,241.9812,245.3488
2023-12-12,3073224,768894326,254.0,254.0,248.0,248.0,-4.5,4198,0.9621520467836258,244.3866,238.6137,238.6137,244.3866
2023-12-13,3422067,852664222,249.0,251.0,248.0,250.0,2.0,2760,0.9621520467836258,239.5759,240.538,238.6137,241.5002
2023-12-14,3618486,908617924,253.5,253.5,249.0,252.0,2.0,3347,0.9621520467836258,243.9055,242.4623,239.5759,243.9055
2023-12-15,5920742,1495623715,253.0,256.0,251.0,252.5,0.5,6070,0.9621520467836258,243.4245,242.9434,241.5002,246.3109
2023-12-18,4317312,1077655354,252.5,253.0,247.5,251.5,-1.0,5256,0.9621520467836258,242.9434,241.9812,238.1326,243.4245
2023-12-19,5078290,1248930184,249.5,251.0,244.5,244.5,-7.0,4468,0.9621520467836258,240.0569,235.2462,235.2462,241.5002
2023-12-20,5819721,1434422861,245.5,248.5,244.0,245.5,1.0,3952,0.9621520467836258,236.2083,236.2083,234.7651,239.0948
2023-12-21,5059888,1239617362,242.5,247.0,242.0,244.5,-1.0,3721,0.9621520467836258,233.3219,235.2462,232.8408,237.6516
2023-12-22,5411398,1312767810,246.0,246.0,241.0,241.5,-3.0,5380,0.9621520467836258,236.6894,232.3597,231.8786,236.6894
2023-12-25,1618859,396235604,242.0,246.0,242.0,246.0,4.5,1735,0.9621520467836258,232.8408,236.6894,232.8408,236.6894
2023-12-26,2737691,678953670,248.0,250.0,246.5,247.5,1.5,2761,0.9621520467836258,238.6137,238.1326,237.1705,240.538
2023-12-27,2199463,548413398,249.0,250.0,248.0,250.0,2.5,2249,0.9621520467836258,239.5759,240.538,238.6137,240.538
2023-12-28,2693624,666547408,250.0,250.5,246.0,248.0,-2.0,2915,0.9621520467836258,240.538,238.6137,236.6894,241.0191
2023-12-29,3116444,780843467,249.0,252.0,248.0,251.5,3.5,2947,0.9621520467836258,239.5759,241.9812,238.6137,242.4623
2024-01-02,3237415,812264425,253.0,254.0,249.0,250.0,-1.5,4016,0.9621520467836258,243.4245,240.538,239.5759,244.3866
2024-01-03,3128576,766155685,248.0,248.0,243.0,243.0,-7.0,4842,0.9621520467836258,238.6137,233.8029,233.8029,238.6137
2024-01-04,10564851,2472150993,240.0,240.5,230.5,231.0,-12.0,12277,0.9621520467836258,230.9165,222.2571,221.776,231.3976
2024-01-05,5878059,1343990759,230.0,231.0,227.0,227.0,-4.0,7486,0.9621520467836258,221.295,218.4085,218.4085,222.2571
2024-01-08,5891454,1329042280,227.5,229.5,223.0,224.5,-2.5,7297,0.9621520467836258,218.8896,216.0031,214.5599,220.8139
2024-01-09,3735009,847493269,226.0,229.0,225.5,226.0,1.5,3892,0.9621520467836258,217.4464,217.4464,216.9653,220.3328
2024-01-10,1947763,439017268,225.0,227.0,224.5,225.5,-0.5,2266,0.9621520467836258,216.4842,216.9653,216.0031,218.4085
2024-01-11,1642223,372570589,227.0,228.5,225.5,228.0,2.5,1864,0.9621520467836258,218.4085,219.3707,216.9653,219.8517
2024-01-12,1573557,359765071,227.5,230.0,226.0,229.0,1.0,1878,0.9621520467836258,218.8896,220.3328,217.4464,221.295
2024-01-15,3934982,887195025,230.0,230.0,224.0,224.0,-5.0,4553,0.9621520467836258,221.295,215.5221,215.5221,221.295
2024-01-16,2927997,652164649,223.5,224.0,221.0,223.5,-0.5,3393,0.9621520467836258,215.041,215.041,212.6356,215.5221
2024-01-17,3606934,796482757,222.0,224.5,218.5,218.5,-5.0,4597,0.9621520467836258,213.5978,210.2302,210.2302,216.0031
2024-01-18,2077419,452432152,219.0,220.0,216.5,216.5,-2.0,2914,0.9621520467836258,210.7113,208.3059,208.3059,211.6735
2024-01-19,3108288,688304491,220.0,224.0,219.0,221.5,5.0,3087,0.9621520467836258,211.6735,213.1167,210.7113,215.5221
2024-01-22,1993225,448261759,224.0,226.0,223.0,225.0,3.5,2399,0.9621520467836258,215.5221,216.4842,214.5599,217.4464
2024-01-23,1930859,438975456,227.0,228.5,225.5,227.5,2.5,2041,0.9621520467836258,218.4085,218.8896,216.9653,219.8517
2024-01-24,1634165,369197058,228.0,228.0,225.0,225.5,-2.0,1952,0.9621520467836258,219.3707,216.9653,216.4842,219.3707
2024-01-25,2486216,559592564,225.5,228.0,223.5,224.5,-1.0,2804,0.9621520467836258,216.9653,216.0031,215.041,219.3707
2024-01-26,1159714,260368211,224.0,225.5,222.5,225.0,0.5,1702,0.9621520467836258,215.5221,216.4842,214.0788,216.9653
2024-01-29,2346619,534446986,225.0,229.0,224.5,228.0,3.0,2293,0.9621520467836258,216.4842,219.3707,216.0031,220.3328
2024-01-30,2453146,560254135,228.0,231.0,227.0,227.0,-1.0,2682,0.9621520467836258,219.3707,218.4085,218.4085,222.2571
2024-01-31,1914458,435965407,227.5,229.5,227.0,227.0,0.0,2422,0.9621520467836258,218.8896,218.4085,218.4085,220.8139
2024-02-01,1416034,319592355,227.0,227.0,224.5,226.5,-0.5,1742,0.9621520467836258,218.4085,217.9274,216.0031,218.4085
2024-02-02,1670299,379335926,227.5,228.0,225.0,227.5,1.0,1683,0.9621520467836258,218.8896,218.8896,216.4842,219.3707
2024-02-05,1555868,350806702,226.0,226.5,224.0,225.5,-2.0,1944,0.9621520467836258,217.4464,216.9653,215.5221,217.9274
2024-02-15,3846568,857531897,228.0,229.0,220.0,224.5,-1.0,4051,0.9621520467836258,219.3707,216.0031,211.6735,220.3328
2024-02-16,2315072,524819325,225.5,228.0,224.5,228.0,3.5,2403,0.9621520467836258,216.9653,219.3707,216.0031,219.3707
2024-02-19,4810134,1111260415,229.0,233.5,227.0,230.5,2.5,5010,0.9621520467836258,220.3328,221.776,218.4085,224.6625
2024-02-20,2191270,503861300,231.5,231.5,228.0,229.5,-1.0,3685,0.9621520467836258,222.7382,220.8139,219.3707,222.7382
2024-02-21,2240748,511693013,228.5,230.0,227.0,228.0,-1.5,2692,0.9621520467836258,219.8517,219.3707,218.4085,221.295
2024-02-22,3300190,744750757,227.0,228.0,224.0,225.0,-3.0,3785,0.9621520467836258,218.4085,216.4842,215.5221,219.3707
2024-02-23,2112573,471629682,225.5,226.5,221.5,221.5,-3.5,3450,0.9621520467836258,216.9653,213.1167,213.1167,217.9274
2024-02-26,1839001,407507436,221.0,224.5,220.0,221.0,-0.5,2496,0.9621520467836258,212.6356,212.6356,211.6735,216.0031
2024-02-27,6476696,1384286961,221.0,222.0,209.5,210.5,-10.5,9394,0.9621520467836258,212.6356,202.533,201.5709,213.5978
2024-02-29,4016640,839864719,210.0,212.0,206.5,211.5,1.0,4801,0.9621520467836258,202.0519,203.4952,198.6844,203.9762
2024-03-01,2254631,476955150,211.0,214.5,210.0,210.5,-1.0,3003,0.9621520467836258,203.0141,202.533,202.0519,206.3816
2024-03-04,3330715,697136254,210.0,211.0,208.0,209.0,-1.5,3548,0.9621520467836258,202.0519,201.0898,200.1276,203.0141
2024-03-05,2445814,517074322,210.5,213.5,210.0,210.0,1.0,2784,0.9621520467836258,202.533,202.0519,202.0519,205.4195
2024-03-06,3618506,747397363,208.5,209.5,205.0,206.0,-4.0,5257,0.9621520467836258,200.6087,198.2033,197.2412,201.5709
2024-03-07,2854496,584990386,206.0,208.0,203.5,203.5,-2.5,3798,0.9621520467836258,198.2033,195.7979,195.7979,200.1276
2024-03-08,4462887,914361057,203.5,209.0,200.5,206.5,3.0,7405,0.9621520467836258,195.7979,198.6844,192.9115,201.0898
2024-03-11,1996463,413099914,205.0,208.5,204.5,207.5,1.0,3221,0.9621520467836258,197.2412,199.6465,196.7601,200.6087
2024-03-12,1649480,343943582,207.0,209.5,206.5,209.0,1.5,1961,0.9621520467836258,199.1655,201.0898,198.6844,201.5709
2024-03-13,2439581,501092797,209.5,210.5,203.0,203.0,-6.0,3396,0.9621520467836258,201.5709,195.3169,195.3169,202.533
2024-03-14,1610346,329023191,203.0,206.0,201.5,206.0,3.0,1916,0.9621520467836258,195.3169,198.2033,193.8736,198.2033
2024-03-15,2520610,509660536,204.5,206.0,200.5,202.0,-4.0,3365,0.9621520467836258,196.7601,194.3547,192.9115,198.2033
2024-03-18,3339746,692707438,203.5,211.0,201.5,211.0,9.0,3546,0.9621520467836258,195.7979,203.0141,193.8736,203.0141
2024-03-19,2778549,585548557,210.5,212.0,208.5,211.5,0.5,5451,0.9621520467836258,202.533,203.4952,200.6087,203.9762
2024-03-20,3126927,662562372,211.5,214.0,209.5,212.5,1.0,3406,0.9621520467836258,203.4952,204.4573,201.5709,205.9005
2024-03-21,2359467,502174566,214.0,216.0,211.5,212.0,-0.5,3436,0.9621520467836258,205.9005,203.9762,203.4952,207.8248
2024-03-22,1877593,396906026,213.0,213.0,210.0,211.0,-1.0,2172,0.9621520467836258,204.9384,203.0141,202.0519,204.9384
2024-03-25,1520527,318431804,211.5,212.5,208.0,208.5,-2.5,2498,0.9621520467836258,203.4952,200.6087,200.1276,204.4573
2024-03-26,1952395,403734033,209.5,212.5,204.0,204.0,-4.5,2499,0.9621520467836258,201.5709,196.279,196.279,204.4573
2024-03-27,2156433,436278491,204.0,204.0,201.0,202.0,-2.0,2808,0.9621520467836258,196.279,194.3547,193.3926,196.279
2024-03-28,2747169,547281234,201.5,201.5,198.0,198.0,-4.0,3995,0.9621520467836258,193.8736,190.5061,190.5061,193.8736
2024-03-29,2009106,402260792,198.5,202.0,198.0,200.5,2.5,2313,0.9621520467836258,190.9872,192.9115,190.5061,194.3547
2024-04-01,4369832,909107596,203.0,210.0,202.5,209.5,9.0,5259,0.9621520467836258,195.3169,201.5709,194.8358,202.0519
2024-04-02,2023911,421794224,210.0,210.5,206.5,208.0,-1.5,3308,0.9621520467836258,202.0519,200.1276,198.6844,202.533
2024-04-03,2427957,507955737,207.0,211.0,206.5,209.0,1.0,2945,0.9621520467836258,199.1655,201.0898,198.6844,203.0141
2024-04-08,2459735,507931452,208.0,209.0,205.5,206.5,-2.5,2546,0.9621520467836258,200.1276,198.6844,197.7222,201.0898
2024-04-09,1482307,305818095,207.0,207.5,205.0,206.5,0.0,1744,0.9621520467836258,199.1655,198.6844,197.2412,199.6465
2024-04-10,1625327,333276185,206.5,208.0,203.0,203.0,-3.5,2528,0.9621520467836258,198.6844,195.3169,195.3169,200.1276
2024-04-11,2020121,405390998,202.5,202.5,199.5,199.5,-3.5,2865,0.9621520467836258,194.8358,191.9493,191.9493,194.8358
2024-04-12,1339333,267707468,201.0,202.0,199.0,199.0,-0.5,1908,0.9621520467836258,193.3926,191.4683,191.4683,194.3547
2024-04-15,4193972,806076987,196.0,196.0,190.5,190.5,-8.5,5998,0.9621520467836258,188.5818,183.29,183.29,188.5818
2024-04-16,3329969,615855827,187.5,188.5,183.0,185.0,-5.5,4603,0.9621520467836258,180.4035,177.9981,176.0738,181.3657
2024-04-17,4028023,735752947,185.0,186.5,181.0,181.5,-3.5,4812,0.9621520467836258,177.9981,174.6306,174.1495,179.4414
2024-04-18,3484553,628060196,179.0,182.5,178.5,179.0,-2.5,3863,0.9621520467836258,172.2252,172.2252,171.7441,175.5927
2024-04-19,6300110,1095684081,177.5,177.5,171.0,171.5,-7.5,6861,0.9621520467836258,170.782,165.0091,164.528,170.782
2024-04-22,5278588,925295799,171.5,178.5,171.5,174.5,3.0,4293,0.9621520467836258,165.0091,167.8955,165.0091,171.7441
2024-04-23,8068315,1472496923,183.0,186.0,178.5,185.0,10.5,7360,0.9621520467836258,176.0738,177.9981,171.7441,178.9603
2024-04-24,10043943,1939280654,187.5,197.0,187.0,194.5,9.5,9160,0.9621520467836258,180.4035,187.1386,179.9224,189.544
2024-04-25,4048309,765086825,190.5,191.0,187.5,188.0,-6.5,6846,0.9621520467836258,183.29,180.8846,180.4035,183.771
2024-04-26,2612988,492640529,191.0,191.5,186.0,188.0,0.0,3919,0.9621520467836258,183.771,180.8846,178.9603,184.2521
2024-04-29,1522837,288295717,189.0,191.0,188.0,190.5,2.5,1839,0.9621520467836258,181.8467,183.29,180.8846,183.771
2024-04-30,1351801,254524758,189.0,189.5,187.0,187.0,-3.5,1550,0.9621520467836258,181.8467,179.9224,179.9224,182.3278
2024-05-02,1889822,346391615,186.5,186.5,182.0,182.5,-4.5,2751,0.9621520467836258,179.4414,175.5927,175.1117,179.4414
2024-05-03,1944733,361203935,185.0,188.5,183.5,184.5,2.0,2050,0.9621520467836258,177.9981,177.5171,176.5549,181.3657
2024-05-06,2663876,488303481,181.0,186.0,179.5,185.0,0.5,2658,0.9621520467836258,174.1495,177.9981,172.7063,178.9603
2024-05-07,1754087,322715428,184.0,186.5,182.0,186.0,1.0,1915,0.9621520467836258,177.036,178.9603,175.1117,179.4414
2024-05-08,1824193,340481217,185.0,189.0,183.5,189.0,3.0,1993,0.9621520467836258,177.9981,181.8467,176.5549,181.8467
2024-05-09,1004457,188657844,188.0,189.5,186.0,186.5,-2.5,1292,0.9621520467836258,180.8846,179.4414,178.9603,182.3278
2024-05-10,1516235,285080630,187.0,190.0,185.0,190.0,3.5,1843,0.9621520467836258,179.9224,182.8089,177.9981,182.8089
2024-05-13,1905073,362015517,190.0,191.5,188.5,190.5,0.5,1975,0.9621520467836258,182.8089,183.29,181.3657,184.2521
2024-05-14,1678960,318153696,190.0,192.0,188.0,190.0,-0.5,1667,0.9621520467836258,182.8089,182.8089,180.8846,184.7332
2024-05-15,6379718,1196953020,188.0,192.0,182.0,191.0,1.0,6132,0.9621520467836258,180.8846,183.771,175.1117,184.7332
2024-05-16,5400268,1042564688,192.0,194.5,190.0,193.5,2.5,3063,0.9621520467836258,184.7332,186.1764,182.8089,187.1386
2024-05-17,2285726,438076795,193.5,195.0,190.0,190.0,-3.5,3854,0.9621520467836258,186.1764,182.8089,182.8089,187.6196
2024-05-20,1326667,249507899,190.0,190.0,187.0,187.0,-3.0,2292,0.9621520467836258,182.8089,179.9224,179.9224,182.8089
2024-05-21,1783547,328566699,186.0,186.5,183.0,183.5,-3.5,2124,0.9621520467836258,178.9603,176.5549,176.0738,179.4414
2024-05-22,1431413,267238460,184.0,188.0,183.5,188.0,4.5,1523,0.9621520467836258,177.036,180.8846,176.5549,180.8846
2024-05-23,2776381,524958517,189.0,191.0,188.0,189.0,1.0,2502,0.9621520467836258,181.8467,181.8467,180.8846,183.771
2024-05-24,1458461,271565924,187.5,187.5,185.0,186.0,-3.0,1840,0.9621520467836258,180.4035,178.9603,177.9981,180.4035
2024-05-27,1450359,271304584,184.5,189.0,184.5,188.5,2.5,1644,0.9621520467836258,177.5171,181.3657,177.5171,181.8467
2024-05-28,5264002,1024385666,190.5,202.0,189.0,202.0,13.5,5084,0.9621520467836258,183.29,194.3547,181.8467,194.3547
2024-05-29,14753726,3088158165,206.5,214.5,205.0,207.0,5.0,15880,0.9621520467836258,198.6844,199.1655,197.2412,206.3816
2024-05-30,3188749,650036771,203.5,206.5,202.5,202.5,-4.5,10929,0.9621520467836258,195.7979,194.8358,194.8358,198.6844
2024-05-31,24353413,4788834876,204.0,207.0,195.5,195.5,-7.0,6536,0.9621520467836258,196.279,188.1007,188.1007,199.1655
2024-06-03,5236442,1044519866,200.5,205.5,196.0,197.0,1.5,6210,0.9621520467836258,192.9115,189.544,188.5818,197.7222
2024-06-04,2403331,474028849,196.5,199.0,195.5,197.0,0.0,2777,0.9621520467836258,189.0629,189.544,188.1007,191.4683
2024-06-05,5011886,968216567,197.0,198.0,191.0,191.0,-6.0,5686,0.9621520467836258,189.544,183.771,183.771,190.5061
2024-06-06,2467111,472019675,192.0,193.5,189.5,189.5,-1.5,2723,0.9621520467836258,184.7332,182.3278,182.3278,186.1764
2024-06-07,2521036,487479250,191.5,195.5,191.5,194.5,5.0,2386,0.9621520467836258,184.2521,187.1386,184.2521,188.1007
2024-06-11,2756364,525910760,193.0,193.5,189.5,191.0,-3.5,3031,0.9621520467836258,185.6953,183.771,182.3278,186.1764
2024-06-12,3045417,587995900,191.0,196.5,191.0,191.0,0.0,2882,0.9621520467836258,183.771,183.771,183.771,189.0629
2024-06-13,1911748,370238563,193.0,195.0,192.5,194.0,3.0,2109,0.9621520467836258,185.6953,186.6575,185.2143,187.6196
2024-06-14,2562656,501181525,195.0,198.0,194.0,194.0,0.0,2581,0.9621520467836258,187.6196,186.6575,186.6575,190.5061
2024-06-17,1612817,315728294,195.5,197.0,194.5,195.5,1.5,2105,0.9621520467836258,188.1007,188.1007,187.1386,189.544
2024-06-18,2598242,511017517,198.0,198.0,195.0,196.5,1.0,2344,0.9621520467836258,190.5061,189.0629,187.6196,190.5061
2024-06-19,4778746,952310903,197.5,201.5,197.5,198.5,2.0,4640,0.9621520467836258,190.025,190.9872,190.025,193.8736
2024-06-20,2336969,466153221,199.5,201.0,197.0,199.5,1.0,2396,0.9621520467836258,191.9493,191.9493,189.544,193.3926
2024-06-21,5344336,1051928412,196.5,198.5,196.5,196.5,-3.0,2972,0.9621520467836258,189.0629,189.0629,189.0629,190.9872
2024-06-24,6474430,1248020694,196.5,197.5,191.5,191.5,-5.0,3861,0.9621520467836258,189.0629,184.2521,184.2521,190.025
2024-06-25,7453865,1393420305,192.5,192.5,185.5,187.0,-4.5,5555,0.9621520467836258,185.2143,179.9224,178.4792,185.2143
2024-06-26,5119373,963243292,187.5,190.5,187.0,188.0,1.0,2840,0.9621520467836258,180.4035,180.8846,179.9224,183.29
2024-06-27,5473712,1025027447,186.5,190.0,186.5,186.5,-1.5,2992,0.9621520467836258,179.4414,179.4414,179.4414,182.8089
2024-06-28,2652565,495948940,187.0,189.5,185.5,186.0,-0.5,2724,0.9621520467836258,179.9224,178.9603,178.4792,182.3278
2024-07-01,3103806,569036868,186.0,186.0,182.5,182.5,-3.5,4111,0.9621520467836258,178.9603,175.5927,175.5927,178.9603
2024-07-02,3617149,650326476,182.5,183.0,178.5,178.5,-4.0,4539,0.9621520467836258,175.5927,171.7441,171.7441,176.0738
2024-07-03,4135221,753360979,180.5,185.5,179.5,181.0,2.5,3758,0.9621520467836258,173.6684,174.1495,172.7063,178.4792
2024-07-04,2330481,428098860,182.5,185.0,181.5,183.5,2.5,2449,0.9621520467836258,175.5927,176.5549,174.6306,177.9981
2024-07-05,1437791,264586739,185.0,186.0,183.0,183.5,0.0,1745,0.9621520467836258,177.9981,176.5549,176.0738,178.9603
2024-07-08,1853499,340461274,183.5,185.5,181.5,184.0,0.5,2078,0.9621520467836258,176.5549,177.036,174.6306,178.4792
2024-07-09,3282137,591468944,184.5,184.5,178.5,179.0,-5.0,3717,0.9621520467836258,177.5171,172.2252,171.7441,177.5171
2024-07-10,3680463,653813382,179.0,180.5,176.0,176.5,-2.5,4497,0.9621520467836258,172.2252,169.8198,169.3388,173.6684
2024-07-11,11798253,2177017816,178.5,187.5,178.0,186.5,10.0,9783,0.9621520467836258,171.7441,179.4414,171.2631,180.4035
2024-07-12,10138953,1916340315,186.0,193.0,184.0,189.0,2.5,7958,0.9621520467836258,178.9603,181.8467,177.036,185.6953
2024-07-15,4706980,883486091,192.0,192.0,185.5,187.5,-1.5,4163,0.9621520467836258,184.7332,180.4035,178.4792,184.7332
2024-07-16,6595719,1215276687,185.5,186.5,183.0,183.5,0.0,5084,0.9912280701754386,183.8728,181.8904,181.3947,184.864
2024-07-17,15457708,2990593281,185.0,198.5,182.0,195.5,12.0,13003,0.9912280701754386,183.3772,193.7851,180.4035,196.7588
2024-07-18,6138502,1175801613,190.5,195.0,189.0,191.0,-4.5,10478,0.9912280701754386,188.8289,189.3246,187.3421,193.2895
2024-07-19,5007953,934561074,192.0,192.5,183.0,183.0,-8.0,5253,0.9912280701754386,190.3158,181.3947,181.3947,190.8114
2024-07-22,4980179,888122952,185.0,185.0,175.0,176.5,-6.5,5276,0.9912280701754386,183.3772,174.9518,173.4649,183.3772
2024-07-23,3300000,599333900,181.0,183.5,179.5,181.5,5.0,2854,0.9912280701754386,179.4123,179.9079,177.9254,181.8904
2024-07-26,3464019,609432563,173.0,179.0,172.5,178.0,-3.5,3715,0.9912280701754386,171.4825,176.4386,170.9868,177.4298
2024-07-29,3681587,654524344,181.0,183.0,173.5,173.5,-4.5,3479,0.9912280701754386,179.4123,171.9781,171.9781,181.3947
2024-07-30,7300916,1219753842,173.5,174.5,162.0,170.0,-3.5,7932,0.9912280701754386,171.9781,168.5088,160.5789,172.9693
2024-07-31,3458529,574409420,169.0,169.5,163.0,166.0,-4.0,3785,0.9912280701754386,167.5175,164.5439,161.5702,168.0132
2024-08-01,3566565,609576716,170.0,174.5,168.5,169.5,3.5,3357,0.9912280701754386,168.5088,168.0132,167.0219,172.9693
2024-08-02,8119186,1294923598,163.0,164.5,154.0,156.0,-13.5,9339,0.9912280701754386,161.5702,154.6316,152.6491,163.057
2024-08-05,5622575,797689162,150.0,150.0,140.5,140.5,-15.5,5544,0.9912280701754386,148.6842,139.2675,139.2675,148.6842
2024-08-06,8438591,1155825247,141.0,143.5,129.0,140.5,0.0,6334,0.9912280701754386,139.7632,139.2675,127.8684,142.2412
2024-08-07,4701459,669288561,138.0,146.0,137.5,143.0,2.5,4557,0.9912280701754386,136.7895,141.7456,136.2939,144.7193
2024-08-08,3563947,494403236,138.0,141.0,136.0,138.5,-4.5,3283,0.9912280701754386,136.7895,137.2851,134.807,139.7632
2024-08-09,2286173,326561206,144.5,145.0,141.5,141.5,3.0,2139,0.9912280701754386,143.2325,140.2588,140.2588,143.7281
2024-08-12,2716480,397034817,142.5,148.0,142.0,147.5,6.0,2575,0.9912280701754386,141.25,146.2061,140.7544,146.7018
2024-08-13,1638855,239080168,148.0,148.0,145.0,145.0,-2.5,2124,0.9912280701754386,146.7018,143.7281,143.7281,146.7018
2024-08-14,2029210,300002631,147.5,150.0,146.0,148.5,3.5,1873,0.9912280701754386,146.2061,147.1974,144.7193,148.6842
2024-08-15,1555443,228193594,147.0,149.0,145.5,146.0,-2.5,1613,0.9912280701754386,145.7105,144.7193,144.2237,147.693
2024-08-16,1568742,234149709,149.0,151.0,148.0,148.5,2.5,1797,0.9912280701754386,147.693,147.1974,146.7018,149.6754
2024-08-19,1193327,176278642,148.5,149.0,146.5,148.0,-0.5,1852,0.9912280701754386,147.1974,146.7018,145.2149,147.693
2024-08-20,949231,141956771,150.0,151.5,148.5,148.5,0.5,1068,0.9912280701754386,148.6842,147.1974,147.1974,150.1711
2024-08-21,979611,145246370,147.0,149.5,147.0,147.5,-1.0,1410,0.9912280701754386,145.7105,146.2061,145.7105,148.1886
2024-08-22,5408295,818799869,147.5,155.0,147.5,150.5,3.0,4611,0.9912280701754386,146.2061,149.1798,146.2061,153.6404
2024-08-23,2810332,412386083,148.0,149.0,145.0,147.0,-3.5,3226,0.9912280701754386,146.7018,145.7105,143.7281,147.693
2024-08-26,2745302,411241230,147.5,152.0,147.0,149.0,2.0,2318,0.9912280701754386,146.2061,147.693,145.7105,150.6667
2024-08-27,2151198,313854647,148.0,148.0,144.0,147.0,-2.0,3139,0.9912280701754386,146.7018,145.7105,142.7368,146.7018
2024-08-28,824706,120501382,147.0,147.5,145.0,145.5,-1.5,1082,0.9912280701754386,145.7105,144.2237,143.7281,146.2061
2024-08-29,5030958,737087113,144.0,148.0,143.5,147.0,1.5,2491,0.9912280701754386,142.7368,145.7105,142.2412,146.7018
2024-08-30,2280060,337721502,148.5,149.5,147.0,147.0,0.0,1761,0.9912280701754386,147.1974,145.7105,145.7105,148.1886
2024-09-02,926156,136706573,150.0,150.0,146.5,146.5,-0.5,1155,0.9912280701754386,148.6842,145.2149,145.2149,148.6842
2024-09-03,1611986,232437371,147.5,148.0,142.0,142.0,-4.5,2487,0.9912280701754386,146.2061,140.7544,140.7544,146.7018
2024-09-04,4685130,618973024,133.0,135.0,130.0,130.0,-12.0,5481,0.9912280701754386,131.8333,128.8596,128.8596,133.8158
2024-09-05,2713885,353038281,134.0,134.0,127.5,128.0,-2.0,3134,0.9912280701754386,132.8246,126.8772,126.3816,132.8246
2024-09-06,1823730,233971284,129.0,130.0,127.0,127.5,-0.5,1852,0.9912280701754386,127.8684,126.3816,125.886,128.8596
2024-09-09,1763967,219134177,122.0,126.0,121.5,125.5,-2.0,1927,0.9912280701754386,120.9298,124.3991,120.4342,124.8947
2024-09-10,2466046,304887595,127.0,127.5,121.5,122.0,-3.5,2545,0.9912280701754386,125.886,120.9298,120.4342,126.3816
2024-09-11,1246734,153616280,123.0,124.5,121.0,123.0,1.0,1212,0.9912280701754386,121.9211,121.9211,119.9386,123.4079
2024-09-12,1479245,187967907,126.0,128.5,125.0,127.5,4.5,1490,0.9912280701754386,124.8947,126.3816,123.9035,127.3728
2024-09-13,2976297,393538321,128.5,135.0,126.5,134.0,6.5,2924,0.9912280701754386,127.3728,132.8246,125.3904,133.8158
2024-09-16,2103834,282578782,134.5,136.5,132.5,133.0,-1.0,3409,0.9912280701754386,133.3202,131.8333,131.3377,135.3026
2024-09-18,2578537,345022383,134.0,135.5,132.0,133.0,0.0,2168,0.9912280701754386,132.8246,131.8333,130.8421,134.3114
2024-09-19,2589267,348893684,134.5,136.5,131.5,135.0,2.0,2127,0.9912280701754386,133.3202,133.8158,130.3465,135.3026
2024-09-20,3886288,537167951,136.5,140.5,136.5,137.0,2.0,3073,0.9912280701754386,135.3026,135.7982,135.3026,139.2675
2024-09-23,1410963,195555989,137.0,140.0,136.0,140.0,3.0,1297,0.9912280701754386,135.7982,138.7719,134.807,138.7719
2024-09-24,1316418,181845668,138.5,139.5,137.5,138.0,-2.0,1357,0.9912280701754386,137.2851,136.7895,136.2939,138.2763
2024-09-25,1838205,257790323,140.0,141.5,139.0,139.0,1.0,1786,0.9912280701754386,138.7719,137.7807,137.7807,140.2588
2024-09-26,1459363,203919288,141.0,142.0,138.5,138.5,-0.5,1818,0.9912280701754386,139.7632,137.2851,137.2851,140.7544
2024-09-27,2987639,426977251,140.5,145.0,140.0,142.5,4.0,2658,0.9912280701754386,139.2675,141.25,138.7719,143.7281
2024-09-30,1358560,193538089,140.5,144.0,140.0,142.5,0.0,1936,0.9912280701754386,139.2675,141.25,138.7719,142.7368
2024-10-01,1280499,181456338,144.5,144.5,140.0,141.0,-1.5,1423,0.9912280701754386,143.2325,139.7632,138.7719,143.2325
2024-10-04,2180718,300707487,139.0,140.0,136.0,136.5,-4.5,1968,0.9912280701754386,137.7807,135.3026,134.807,138.7719
2024-10-07,1753892,245704121,139.5,141.5,138.5,141.5,5.0,1647,0.9912280701754386,138.2763,140.2588,137.2851,140.2588
2024-10-08,2043034,280359325,139.0,140.5,135.5,136.5,-5.0,1963,0.9912280701754386,137.7807,135.3026,134.3114,139.2675
2024-10-09,1870648,255445192,138.0,139.5,134.5,135.0,-1.5,1964,0.9912280701754386,136.7895,133.8158,133.3202,138.2763
2024-10-11,1101717,149034681,135.0,137.5,134.0,134.5,-0.5,1128,0.9912280701754386,133.8158,133.3202,132.8246,136.2939
2024-10-14,754703,102501695,136.5,137.0,134.5,136.5,2.0,867,0.9912280701754386,135.3026,135.3026,133.3202,135.7982
2024-10-15,954351,131278889,137.5,139.5,136.5,137.0,0.5,1052,0.9912280701754386,136.2939,135.7982,135.3026,138.2763
2024-10-16,2127394,288390793,134.5,137.5,133.5,135.5,-1.5,1729,0.9912280701754386,133.3202,134.3114,132.3289,136.2939
2024-10-17,1606703,221756333,136.0,140.5,136.0,136.5,1.0,1539,0.9912280701754386,134.807,135.3026,134.807,139.2675
2024-10-18,1247196,168826879,138.0,138.0,133.0,133.5,-3.0,1730,0.9912280701754386,136.7895,132.3289,131.8333,136.7895
2024-10-21,2179667,300401132,135.5,139.5,134.5,138.0,4.5,2121,0.9912280701754386,134.3114,136.7895,133.3202,138.2763
2024-10-22,6289991,883955113,138.0,143.0,138.0,140.5,2.5,5651,0.9912280701754386,136.7895,139.2675,136.7895,141.7456
2024-10-23,2242224,315493213,141.5,142.5,139.5,140.5,0.0,2203,0.9912280701754386,140.2588,139.2675,138.2763,141.25
2024-10-24,1740233,241063584,140.5,140.5,137.0,137.0,-3.5,1768,0.9912280701754386,139.2675,135.7982,135.7982,139.2675
2024-10-25,1298391,177302119,137.0,138.0,135.5,136.0,-1.0,1416,0.9912280701754386,135.7982,134.807,134.3114,136.7895
2024-10-28,1175502,159426664,136.0,137.5,134.0,136.0,0.0,1330,0.9912280701754386,134.807,134.807,132.8246,136.2939
2024-10-29,2672183,350489345,135.5,135.5,129.0,130.0,-6.0,2859,0.9912280701754386,134.3114,128.8596,127.8684,134.3114
2024-10-30,1552615,206208341,132.0,135.0,131.0,133.0,3.0,1530,0.9912280701754386,130.8421,131.8333,129.8509,133.8158
2024-11-01,2276697,295253804,129.5,132.0,127.0,131.5,-1.5,2074,0.9912280701754386,128.364,130.3465,125.886,130.8421
2024-11-04,3393104,426366492,127.0,128.0,124.0,124.5,-7.0,3914,0.9912280701754386,125.886,123.4079,122.9123,126.8772
2024-11-05,2109665,266685303,124.0,128.0,124.0,127.5,3.0,1785,0.9912280701754386,122.9123,126.3816,122.9123,126.8772
2024-11-06,4043730,501285138,124.0,125.5,122.5,124.5,-3.0,3464,0.9912280701754386,122.9123,123.4079,121.4254,124.3991
2024-11-07,3607843,466663591,124.0,132.0,124.0,132.0,7.5,3155,0.9912280701754386,122.9123,130.8421,122.9123,130.8421
2024-11-08,2356184,309770560,134.0,134.0,128.5,129.5,-2.5,2328,0.9912280701754386,132.8246,128.364,127.3728,132.8246
2024-11-11,1461584,186512357,129.5,129.5,126.0,129.0,-0.5,1680,0.9912280701754386,128.364,127.8684,124.8947,128.364
2024-11-12,2066784,258063357,126.5,127.0,124.0,124.0,-5.0,2261,0.9912280701754386,125.3904,122.9123,122.9123,125.886
2024-11-13,981895,121804026,124.0,125.0,123.0,124.0,0.0,1131,0.9912280701754386,122.9123,122.9123,121.9211,123.9035
2024-11-14,1824684,222026311,124.0,125.0,120.5,121.0,-3.0,2289,0.9912280701754386,122.9123,119.9386,119.443,123.9035
2024-11-15,1323433,162516598,123.5,125.0,121.5,121.5,0.5,1253,0.9912280701754386,122.4167,120.4342,120.4342,123.9035
2024-11-18,1650144,202352060,121.5,124.0,121.0,124.0,2.5,1469,0.9912280701754386,120.4342,122.9123,119.9386,122.9123
2024-11-19,1565685,195160507,124.5,126.5,122.0,126.5,2.5,1518,0.9912280701754386,123.4079,125.3904,120.9298,125.3904
2024-11-20,1036827,130325515,126.0,126.5,124.5,126.0,-0.5,1382,0.9912280701754386,124.8947,124.8947,123.4079,125.3904
2024-11-21,1334658,168663928,124.5,128.0,124.5,126.5,0.5,1253,0.9912280701754386,123.4079,125.3904,123.4079,126.8772
2024-11-22,979421,123825077,128.5,128.5,124.5,125.0,-1.5,1408,0.9912280701754386,127.3728,123.9035,123.4079,127.3728
2024-11-25,993652,125761153,126.0,127.5,125.5,127.0,2.0,990,0.9912280701754386,124.8947,125.886,124.3991,126.3816
2024-11-26,1268593,160787489,126.5,128.0,124.0,128.0,1.0,1180,0.9912280701754386,125.3904,126.8772,122.9123,126.8772
2024-11-27,2460949,302746118,129.0,129.0,120.5,120.5,-7.5,2969,0.9912280701754386,127.8684,119.443,119.443,127.8684
2024-11-28,3085853,360689003,120.0,120.5,114.5,117.0,-3.5,3051,0.9912280701754386,118.9474,115.9737,113.4956,119.443
2024-11-29,1616782,187916154,115.5,117.5,114.5,116.5,-0.5,1509,0.9912280701754386,114.4868,115.4781,113.4956,116.4693
2024-12-02,2326650,267532916,117.0,118.0,113.5,113.5,-3.0,2442,0.9912280701754386,115.9737,112.5044,112.5044,116.9649
2024-12-03,1897785,220420551,116.0,118.5,114.5,115.5,2.0,1781,0.9912280701754386,114.9825,114.4868,113.4956,117.4605
2024-12-04,1366316,158779441,116.0,117.0,115.0,117.0,1.5,1680,0.9912280701754386,114.9825,115.9737,113.9912,115.9737
2024-12-05,1711653,197509155,116.0,117.0,114.5,114.5,-2.5,1788,0.9912280701754386,114.9825,113.4956,113.4956,115.9737
2024-12-06,1436051,165671962,114.0,117.5,114.0,114.0,-0.5,1903,0.9912280701754386,113.0,113.0,113.0,116.4693
2024-12-09,1594628,179602347,115.0,115.5,111.5,112.0,-2.0,1949,0.9912280701754386,113.9912,111.0175,110.5219,114.4868
2024-12-10,1323673,149335411,112.0,114.5,111.5,112.0,0.0,1218,0.9912280701754386,111.0175,111.0175,110.5219,113.4956
2024-12-11,1349035,150396162,112.0,113.0,110.5,110.5,-1.5,1491,0.9912280701754386,111.0175,109.5307,109.5307,112.0088
2024-12-12,2218674,246783686,111.5,114.5,108.5,109.0,-1.5,2388,0.9912280701754386,110.5219,108.0439,107.5482,113.4956
2024-12-13,4034324,427348760,109.0,109.0,104.0,105.0,-4.0,4149,0.9912280701754386,108.0439,104.0789,103.0877,108.0439
2024-12-16,3104602,332548650,105.5,110.0,104.0,107.0,2.0,2630,0.9912280701754386,104.5746,106.0614,103.0877,109.0351
2024-12-17,1677733,182423862,107.5,109.5,107.5,109.0,2.0,1706,0.9912280701754386,106.557,108.0439,106.557,108.5395
2024-12-18,1923393,210987356,109.0,111.0,108.0,110.0,1.0,2219,0.9912280701754386,108.0439,109.0351,107.0526,110.0263
2024-12-19,1667898,179651074,106.0,109.0,105.5,108.5,-1.5,1813,0.9912280701754386,105.0702,107.5482,104.5746,108.0439
2024-12-20,2346135,260558557,110.0,112.5,109.0,111.0,2.5,1988,0.9912280701754386,109.0351,110.0263,108.0439,111.5132
2024-12-23,4510706,527551301,114.0,119.0,113.0,117.5,6.5,4231,0.9912280701754386,113.0,116.4693,112.0088,117.9561
2024-12-24,8752035,1070266419,120.5,127.0,119.0,120.0,2.5,10376,0.9912280701754386,119.443,118.9474,117.9561,125.886
2024-12-25,2655452,323347778,122.0,124.0,119.5,122.0,2.0,2378,0.9912280701754386,120.9298,120.9298,118.4518,122.9123
2024-12-26,1956851,236120952,122.0,122.0,119.0,121.5,-0.5,1746,0.9912280701754386,120.9298,120.4342,117.9561,120.9298
2024-12-27,3277953,403343039,120.5,124.5,119.5,124.5,3.0,2885,0.9912280701754386,119.443,123.4079,118.4518,123.4079
2024-12-30,1955867,241363151,125.0,125.5,121.5,122.5,-2.0,1728,0.9912280701754386,123.9035,121.4254,120.4342,124.3991
2024-12-31,5408244,692549450,122.0,131.5,122.0,130.5,8.0,4769,0.9912280701754386,120.9298,129.3553,120.9298,130.3465
2025-01-02,7074088,934961077,129.0,135.0,128.0,133.0,2.5,6092,0.9912280701754386,127.8684,131.8333,126.8772,133.8158
2025-01-03,3021254,394778307,132.0,132.5,129.0,129.0,-4.0,2973,0.9912280701754386,130.8421,127.8684,127.8684,131.3377
2025-01-06,7725202,1055596598,131.0,140.0,129.0,139.0,10.0,7361,0.9912280701754386,129.8509,137.7807,127.8684,138.7719
2025-01-07,4654019,638467004,138.5,139.5,135.5,135.5,-3.5,6346,0.9912280701754386,137.2851,134.3114,134.3114,138.2763
2025-01-08,2350335,313883043,133.5,136.0,132.0,132.0,-3.5,3178,0.9912280701754386,132.3289,130.8421,130.8421,134.807
2025-01-09,3177528,410529628,129.5,131.5,127.5,128.0,-4.0,2863,0.9912280701754386,128.364,126.8772,126.3816,130.3465
2025-01-10,1111920,143001068,127.5,130.0,127.5,127.5,-0.5,1157,0.9912280701754386,126.3816,126.3816,126.3816,128.8596
2025-01-13,2837885,348897833,126.5,126.5,121.0,122.0,-5.5,2470,0.9912280701754386,125.3904,120.9298,119.9386,125.3904
2025-01-14,1668833,207600232,123.0,127.0,122.5,126.0,4.0,1461,0.9912280701754386,121.9211,124.8947,121.4254,125.886
2025-01-15,3787422,492137763,125.5,132.0,125.5,130.5,4.5,3224,0.9912280701754386,124.3991,129.3553,124.3991,130.8421
2025-01-16,6888627,945152723,133.0,141.0,132.0,138.0,7.5,6021,0.9912280701754386,131.8333,136.7895,130.8421,139.7632
2025-01-17,3010819,403693430,136.0,137.0,132.5,133.0,-5.0,6315,0.9912280701754386,134.807,131.8333,131.3377,135.7982
2025-01-20,2179251,288126798,134.0,135.0,130.5,132.0,-1.0,3644,0.9912280701754386,132.8246,130.8421,129.3553,133.8158
2025-01-21,1686029,221460761,132.0,132.5,130.5,132.0,0.0,1520,0.9912280701754386,130.8421,130.8421,129.3553,131.3377
2025-01-22,4173111,564562870,132.5,138.5,131.0,136.0,4.0,3441,0.9912280701754386,131.3377,134.807,129.8509,137.2851
2025-02-03,3413880,435964217,132.0,134.0,123.5,127.5,-8.5,3484,0.9912280701754386,130.8421,126.3816,122.4167,132.8246
2025-02-04,2811329,358035976,128.5,130.0,123.5,129.5,2.0,2525,0.9912280701754386,127.3728,128.364,122.4167,128.8596
2025-02-05,2939693,377570334,130.5,132.0,127.0,127.0,-2.5,2548,0.9912280701754386,129.3553,125.886,125.886,130.8421
2025-02-06,4159475,549528181,129.0,135.5,127.5,135.0,8.0,3827,0.9912280701754386,127.8684,133.8158,126.3816,134.3114
2025-02-07,3039803,410171711,134.5,136.5,132.5,136.0,1.0,4568,0.9912280701754386,133.3202,134.807,131.3377,135.3026
2025-02-10,2395271,324999390,135.0,137.5,133.5,137.0,1.0,2323,0.9912280701754386,133.8158,135.7982,132.3289,136.2939
2025-02-11,2425148,327622765,138.0,138.5,132.5,133.5,-3.5,2356,0.9912280701754386,136.7895,132.3289,131.3377,137.2851
2025-02-12,4635127,603466677,134.5,135.0,127.5,127.5,-6.0,5058,0.9912280701754386,133.3202,126.3816,126.3816,133.8158
2025-02-13,3149109,414249936,129.0,133.0,128.0,133.0,5.5,2533,0.9912280701754386,127.8684,131.8333,126.8772,131.8333
2025-02-14,2168887,288685141,134.0,135.0,131.5,132.5,-0.5,1983,0.9912280701754386,132.8246,131.3377,130.3465,133.8158
2025-02-17,4312910,576180006,133.5,137.0,131.0,132.5,0.0,4001,0.9912280701754386,132.3289,131.3377,129.8509,135.7982
2025-02-18,5039887,692413857,134.0,140.0,132.0,139.5,7.0,4755,0.9912280701754386,132.8246,138.2763,130.8421,138.7719
2025-02-19,11787480,1702651508,142.0,147.0,141.5,144.0,4.5,11029,0.9912280701754386,140.7544,142.7368,140.2588,145.7105
2025-02-20,3829421,553067912,145.0,146.0,142.5,144.5,0.5,4849,0.9912280701754386,143.7281,143.2325,141.25,144.7193
2025-02-21,3071193,444344891,144.5,146.0,142.5,144.5,0.0,4477,0.9912280701754386,143.2325,143.2325,141.25,144.7193
2025-02-24,3473784,488539977,140.0,143.0,139.0,140.0,-4.5,3400,0.9912280701754386,138.7719,138.7719,137.7807,141.7456
2025-02-25,6738936,974534163,140.5,148.0,139.5,143.5,3.5,5528,0.9912280701754386,139.2675,142.2412,138.2763,146.7018
2025-02-26,3768564,536419802,144.5,145.5,140.5,141.0,-2.5,4138,0.9912280701754386,143.2325,139.7632,139.2675,144.2237
2025-02-27,3603869,497176552,141.0,142.0,136.0,136.0,-5.0,3696,0.9912280701754386,139.7632,134.807,134.807,140.7544
2025-03-03,4374219,568357428,132.5,133.0,128.0,130.0,-6.0,3958,0.9912280701754386,131.3377,128.8596,126.8772,131.8333
2025-03-04,3275901,431048479,127.5,135.5,126.5,135.0,5.0,2999,0.9912280701754386,126.3816,133.8158,125.3904,134.3114
2025-03-05,2297899,309817257,133.5,137.0,132.5,137.0,2.0,1918,0.9912280701754386,132.3289,135.7982,131.3377,135.7982
2025-03-06,1624477,220802369,137.0,137.5,135.0,135.0,-2.0,1801,0.9912280701754386,135.7982,133.8158,133.8158,136.2939
2025-03-07,1289059,173718289,134.0,137.5,133.5,133.5,-1.5,1458,0.9912280701754386,132.8246,132.3289,132.3289,136.2939
2025-03-10,1226831,164492361,134.5,136.0,132.5,132.5,-1.0,1342,0.9912280701754386,133.3202,131.3377,131.3377,134.807
2025-03-11,2120647,272332011,129.0,130.5,125.5,129.5,-3.0,2065,0.9912280701754386,127.8684,128.364,124.3991,129.3553
2025-03-12,2768285,358012535,131.0,132.5,128.5,128.5,-1.0,2352,0.9912280701754386,129.8509,127.3728,127.3728,131.3377
2025-03-13,2278859,294550182,131.0,133.0,127.0,127.0,-1.5,2112,0.9912280701754386,129.8509,125.886,125.886,131.8333
2025-03-14,2184482,280389682,129.0,130.5,126.0,129.0,2.0,2896,0.9912280701754386,127.8684,127.8684,124.8947,129.3553
2025-03-17,1291017,167736584,130.5,131.5,129.0,129.0,0.0,1198,0.9912280701754386,129.3553,127.8684,127.8684,130.3465
2025-03-18,1364737,177994539,130.0,133.0,129.0,129.0,0.0,1350,0.9912280701754386,128.8596,127.8684,127.8684,131.8333
2025-03-19,2047945,264944522,129.5,131.0,128.5,128.5,-0.5,1891,0.9912280701754386,128.364,127.3728,127.3728,129.8509
2025-03-20,1625545,213172992,130.0,132.5,129.0,131.5,3.0,1373,0.9912280701754386,128.8596,130.3465,127.8684,131.3377
2025-03-21,1525736,200115298,132.5,132.5,130.5,130.5,-1.0,1252,0.9912280701754386,131.3377,129.3553,129.3553,131.3377
2025-03-24,1118424,144422649,131.0,132.0,127.0,127.0,-3.5,1346,0.9912280701754386,129.8509,125.886,125.886,130.8421
2025-03-25,956975,121872112,128.5,130.5,126.0,126.0,-1.0,1109,0.9912280701754386,127.3728,124.8947,124.8947,129.3553
2025-03-26,950364,119864801,127.5,128.5,125.0,125.0,-1.0,1193,0.9912280701754386,126.3816,123.9035,123.9035,127.3728
2025-03-27,3593428,435857940,122.5,125.0,119.5,119.5,-5.5,3078,0.9912280701754386,121.4254,118.4518,118.4518,123.9035
2025-03-28,4171514,475273751,118.5,118.5,110.0,112.0,-7.5,3839,0.9912280701754386,117.4605,111.0175,109.0351,117.4605
2025-03-31,5527567,570055543,107.0,108.0,101.0,101.0,-11.0,5066,0.9912280701754386,106.0614,100.114,100.114,107.0526
2025-04-01,2519923,259994393,103.0,105.5,100.5,103.5,2.5,2190,0.9912280701754386,102.0965,102.5921,99.6184,104.5746
2025-04-02,2071300,214847444,103.0,105.5,101.0,105.0,1.5,1751,0.9912280701754386,102.0965,104.0789,100.114,104.5746
2025-04-07,340182,32147061,94.5,94.5,94.5,94.5,-10.5,1030,0.9912280701754386,93.6711,93.6711,93.6711,93.6711
2025-04-08,3090523,263416394,85.1,86.8,85.1,85.1,-9.4,3174,0.9912280701754386,84.3535,84.3535,84.3535,86.0386
2025-04-09,4260854,329113515,78.0,79.7,76.6,76.6,-8.5,3476,0.9912280701754386,77.3158,75.9281,75.9281,79.0009
2025-04-10,6360240,534166135,84.2,84.2,81.9,84.2,7.6,4018,0.9912280701754386,83.4614,83.4614,81.1816,83.4614
2025-04-11,6099294,490902717,78.1,83.9,76.2,83.7,-0.5,4955,0.9912280701754386,77.4149,82.9658,75.5316,83.164
2025-04-14,4526309,402759364,88.7,91.2,87.0,88.6,4.9,3656,0.9912280701754386,87.9219,87.8228,86.2368,90.4
2025-04-15,2574667,235055660,89.6,93.0,89.2,92.4,3.8,3699,0.9912280701754386,88.814,91.5895,88.4175,92.1842
2025-04-16,2536705,228849644,91.5,92.0,89.2,89.2,-3.2,4842,0.9912280701754386,90.6974,88.4175,88.4175,91.193
2025-04-17,1869160,164842787,88.9,89.4,86.7,88.8,-0.4,1987,0.9912280701754386,88.1202,88.0211,85.9395,88.6158
2025-04-18,1683957,151002884,88.8,91.3,88.5,89.3,0.5,1746,0.9912280701754386,88.0211,88.5167,87.7237,90.4991
2025-04-21,3048300,262394755,88.0,88.9,84.8,85.3,-4.0,3328,0.9912280701754386,87.2281,84.5518,84.0561,88.1202
2025-04-22,3488143,298097020,85.0,87.2,84.2,84.6,-0.7,3138,0.9912280701754386,84.2544,83.8579,83.4614,86.4351
2025-04-23,3366232,311080292,89.5,93.0,88.8,93.0,8.4,2175,0.9912280701754386,88.7149,92.1842,88.0211,92.1842
2025-04-24,8726412,837927433,95.8,98.2,93.3,96.2,3.2,7143,0.9912280701754386,94.9596,95.3561,92.4816,97.3386
2025-04-25,8352605,816939610,97.9,101.0,96.0,96.2,0.0,8383,0.9912280701754386,97.0412,95.3561,95.1579,100.114
2025-04-28,2228698,217178661,96.9,98.6,96.5,97.6,1.4,3041,0.9912280701754386,96.05,96.7439,95.6535,97.7351
2025-04-29,3024005,300801757,98.0,101.0,97.6,101.0,3.4,3024,0.9912280701754386,97.1404,100.114,96.7439,100.114
2025-04-30,2649833,263475759,99.9,101.0,98.5,98.8,-2.2,3242,0.9912280701754386,99.0237,97.9333,97.636,100.114
2025-05-02,1745130,174179763,100.5,101.0,99.1,99.4,0.6,2156,0.9912280701754386,99.6184,98.5281,98.2307,100.114
2025-05-05,2774945,274087574,101.0,101.5,96.3,98.7,-0.7,2594,0.9912280701754386,100.114,97.8342,95.4553,100.6096
2025-05-06,3233421,311078919,98.8,101.5,98.7,99.3,0.6,2230,0.9912280701754386,97.9333,98.4289,97.8342,100.6096
2025-05-07,2299903,227720208,99.3,101.0,98.1,98.1,-1.2,1906,0.9912280701754386,98.4289,97.2395,97.2395,100.114
2025-05-08,2473706,247447393,97.6,101.0,97.6,100.5,2.4,2010,0.9912280701754386,96.7439,99.6184,96.7439,100.114
2025-05-09,1999521,201046748,101.5,101.5,99.2,101.0,0.5,1622,0.9912280701754386,100.6096,100.114,98.3298,100.6096
2025-05-12,3180047,335620577,102.0,107.5,102.0,107.0,6.0,2908,0.9912280701754386,101.1053,106.0614,101.1053,106.557
2025-05-13,2501559,267363978,110.0,110.5,104.5,105.0,-2.0,3128,0.9912280701754386,109.0351,104.0789,103.5833,109.5307
2025-05-14,1520810,161446046,107.0,107.0,104.5,106.0,1.0,1412,0.9912280701754386,106.0614,105.0702,103.5833,106.0614
2025-05-15,863072,91293713,107.0,107.0,105.0,105.5,-0.5,831,0.9912280701754386,106.0614,104.5746,104.0789,106.0614
2025-05-16,880523,92991200,105.5,107.0,105.0,105.0,-0.5,1242,0.9912280701754386,104.5746,104.0789,104.0789,106.0614
2025-05-19,1294232,133571107,103.5,105.5,101.5,102.0,-3.0,1376,0.9912280701754386,102.5921,101.1053,100.6096,104.5746
2025-05-20,1715390,177926315,102.5,105.0,102.5,104.0,2.0,1331,0.9912280701754386,101.6009,103.0877,101.6009,104.0789
2025-05-21,1942422,205726738,105.0,107.0,104.5,107.0,3.0,1587,0.9912280701754386,104.0789,106.0614,103.5833,106.0614
2025-05-22,1292785,134856099,106.0,106.0,103.0,103.5,-3.5,1294,0.9912280701754386,105.0702,102.5921,102.0965,105.0702
2025-05-23,1390506,146832400,105.0,107.0,104.5,105.5,2.0,1448,0.9912280701754386,104.0789,104.5746,103.5833,106.0614
2025-05-26,884764,92313693,104.5,105.0,103.5,104.5,-1.0,1039,0.9912280701754386,103.5833,103.5833,102.5921,104.0789
2025-05-27,9219383,1044681950,108.0,114.5,107.5,114.5,10.0,4945,0.9912280701754386,107.0526,113.4956,106.557,113.4956
2025-05-28,20376692,2273854889,116.5,118.0,105.0,106.5,-8.0,14565,0.9912280701754386,115.4781,105.5658,104.0789,116.9649
2025-05-29,4330920,457334479,107.5,108.0,104.0,105.0,-1.5,3273,0.9912280701754386,106.557,104.0789,103.0877,107.0526
2025-06-02,5669521,562443014,103.0,103.0,97.8,97.9,-7.1,4965,0.9912280701754386,102.0965,97.0412,96.9421,102.0965
2025-06-03,2836545,281340213,99.2,100.5,98.3,98.7,0.8,2323,0.9912280701754386,98.3298,97.8342,97.4377,99.6184
2025-06-04,5136463,536705089,102.0,107.5,102.0,105.0,6.3,4507,0.9912280701754386,101.1053,104.0789,101.1053,106.557
2025-06-05,5276448,562679168,107.0,109.0,103.5,106.0,1.0,3661,0.9912280701754386,106.0614,105.0702,102.5921,108.0439
2025-06-06,1295648,137441998,106.0,107.0,104.5,107.0,1.0,1378,0.9912280701754386,105.0702,106.0614,103.5833,106.0614
2025-06-09,2531157,266974927,107.5,109.0,104.0,104.0,-3.0,2261,0.9912280701754386,106.557,103.0877,103.0877,108.0439
2025-06-10,3082716,332304252,105.5,109.5,105.5,109.0,5.0,2583,0.9912280701754386,104.5746,108.0439,104.5746,108.5395
2025-06-11,3550303,391874961,109.0,112.0,108.0,111.5,2.5,2924,0.9912280701754386,108.0439,110.5219,107.0526,111.0175
2025-06-12,1654486,182019320,110.5,111.0,109.0,110.0,-1.5,1382,0.9912280701754386,109.5307,109.0351,108.0439,110.0263
2025-06-13,1392067,149444708,108.5,108.5,106.5,106.5,-3.5,1329,0.9912280701754386,107.5482,105.5658,105.5658,107.5482
2025-06-16,2879675,311065527,106.0,110.0,105.0,110.0,3.5,1892,0.9912280701754386,105.0702,109.0351,104.0789,109.0351
2025-06-17,2087850,229631680,112.0,113.0,108.0,108.0,-2.0,2392,0.9912280701754386,111.0175,107.0526,107.0526,112.0088
2025-06-18,966702,105221288,108.5,109.5,108.0,109.0,1.0,1002,0.9912280701754386,107.5482,108.0439,107.0526,108.5395
2025-06-19,1256494,134416893,109.5,109.5,105.5,106.5,-2.5,1592,0.9912280701754386,108.5395,105.5658,104.5746,108.5395
2025-06-20,1181802,124446417,107.0,107.5,104.0,105.0,-1.5,1103,0.9912280701754386,106.0614,104.0789,103.0877,106.557
2025-06-23,5748970,613654054,104.0,109.0,101.5,107.5,2.5,4513,0.9912280701754386,103.0877,106.557,100.6096,108.0439
2025-06-24,4115817,456089201,109.0,113.0,109.0,112.0,4.5,3366,0.9912280701754386,108.0439,111.0175,108.0439,112.0088
2025-06-25,2292634,258232167,112.5,114.0,111.5,112.5,0.5,2029,0.9912280701754386,111.5132,111.5132,110.5219,113.0
2025-06-26,1873698,212286664,112.5,114.5,112.5,113.0,0.5,1759,0.9912280701754386,111.5132,112.0088,111.5132,113.4956
2025-06-27,2091988,235703759,114.5,114.5,111.0,112.5,-0.5,1728,0.9912280701754386,113.4956,111.5132,110.0263,113.4956
2025-06-30,838314,93730752,112.5,113.0,110.5,112.0,-0.5,905,0.9912280701754386,111.5132,111.0175,109.5307,112.0088
2025-07-01,2531860,288096647,112.5,116.5,111.5,111.5,-0.5,1994,0.9912280701754386,111.5132,110.5219,110.5219,115.4781
2025-07-02,2256689,254752798,111.5,115.0,110.0,114.0,2.5,1944,0.9912280701754386,110.5219,113.0,109.0351,113.9912
2025-07-03,14229168,1740669384,114.0,124.0,113.5,124.0,0.0,15436,1.0,114.0,124.0,113.5,124.0
2025-07-04,22873643,2927570545,124.5,132.0,124.0,126.0,2.0,16436,1.0,124.5,126.0,124.0,132.0
2025-07-07,31240384,4075283064,130.0,138.0,124.5,125.0,-1.0,22386,1.0,130.0,125.0,124.5,138.0
2025-07-08,12412441,1537184733,120.5,127.5,117.5,126.5,1.5,8207,1.0,120.5,126.5,117.5,127.5
2025-07-09,26967860,3601944109,126.0,139.0,124.5,139.0,12.5,19878,1.0,126.0,139.0,124.5,139.0
2025-07-10,48821655,6957613864,142.5,145.5,140.0,140.0,1.0,29646,1.0,142.5,140.0,140.0,145.5
2025-07-11,19839682,2837807374,140.0,145.5,138.5,144.5,4.5,14068,1.0,140.0,144.5,138.5,145.5
2025-07-14,14575310,2107345084,144.5,147.5,140.5,143.5,-1.0,10395,1.0,144.5,143.5,140.5,147.5
2025-07-15,24741522,3855138568,147.0,157.5,147.0,157.5,14.0,15907,1.0,147.0,157.5,147.0,157.5
2025-07-16,87286311,14643393102,161.0,173.0,160.0,173.0,15.5,47900,1.0,161.0,173.0,160.0,173.0
2025-07-17,61066195,10557086611,175.0,177.0,168.5,170.0,-3.0,40351,1.0,175.0,170.0,168.5,177.0
2025-07-18,32713054,5512728570,168.0,171.5,164.5,171.0,1.0,20809,1.0,168.0,171.0,164.5,171.5
2025-07-21,19365024,3279578302,170.5,173.0,166.5,168.0,-3.0,18150,1.0,170.5,168.0,166.5,173.0
2025-07-22,17153348,2825395858,169.5,170.0,161.5,163.0,-5.0,13125,1.0,169.5,163.0,161.5,170.0
2025-07-23,45284732,7821780986,169.0,179.0,164.5,171.5,8.5,37785,1.0,169.0,171.5,164.5,179.0
2025-07-24,25797389,4477778038,172.0,177.5,169.0,175.0,3.5,26238,1.0,172.0,175.0,169.0,177.5
2025-07-25,52506743,9541937313,175.0,187.5,174.0,180.5,5.5,39554,1.0,175.0,180.5,174.0,187.5
2025-07-28,23650583,4346375986,183.5,185.5,181.5,184.5,4.0,30710,1.0,183.5,184.5,181.5,185.5
2025-07-29,43172117,7862984360,184.5,189.0,176.0,177.0,-7.5,29505,1.0,184.5,177.0,176.0,189.0
2025-07-30,16361818,2942920372,179.5,182.0,176.5,180.0,3.0,18711,1.0,179.5,180.0,176.5,182.0
2025-07-31,12642663,2260644911,179.0,183.0,176.5,177.5,-2.5,12292,1.0,179.0,177.5,176.5,183.0
2025-08-01,9994101,1764517996,174.5,179.5,173.0,176.0,-1.5,13333,1.0,174.5,176.0,173.0,179.5
2025-08-04,10132589,1785530738,177.0,178.0,173.0,176.5,0.5,8250,1.0,177.0,176.5,173.0,178.0
2025-08-05,10288367,1831809600,178.0,179.5,176.5,177.5,1.0,7371,1.0,178.0,177.5,176.5,179.5
2025-08-06,7871705,1379664298,178.5,179.0,173.5,174.0,-3.5,7216,1.0,178.5,174.0,173.5,179.0
2025-08-07,6226969,1088391834,175.5,177.0,172.5,172.5,-1.5,6110,1.0,175.5,172.5,172.5,177.0
2025-08-08,12533122,2128096639,172.5,176.0,166.0,168.5,-4.0,11563,1.0,172.5,168.5,166.0,176.0
2025-08-11,23169052,4107674196,168.5,182.5,167.0,181.0,12.5,19476,1.0,168.5,181.0,167.0,182.5
2025-08-12,10272241,1824649630,181.5,182.0,175.0,177.0,-4.0,11813,1.0,181.5,177.0,175.0,182.0
2025-08-13,11017855,1926513523,179.5,180.0,170.5,172.5,-4.5,9458,1.0,179.5,172.5,170.5,180.0
2025-08-14,8783148,1527180705,172.5,178.0,170.5,171.0,-1.5,9046,1.0,172.5,171.0,170.5,178.0
2025-08-15,15242554,2640356869,172.5,179.5,168.5,169.5,-1.5,15303,1.0,172.5,169.5,168.5,179.5
2025-08-18,22563277,4031825997,170.0,183.0,169.0,183.0,13.5,22959,1.0,170.0,183.0,169.0,183.0
2025-08-19,32963978,6092729615,194.0,195.5,178.0,180.0,-3.0,40808,1.0,194.0,180.0,178.0,195.5
2025-08-20,17298547,2962530722,177.0,177.5,167.0,167.0,-13.0,18937,1.0,177.0,167.0,167.0,177.5
2025-08-21,6402859,1087002491,170.5,171.5,168.0,169.0,2.0,5728,1.0,170.5,169.0,168.0,171.5
2025-08-22,5184047,887239299,171.0,173.0,169.0,172.5,3.5,4509,1.0,171.0,172.5,169.0,173.0
2025-08-25,20959366,3812635167,176.0,187.0,176.0,186.0,13.5,19264,1.0,176.0,186.0,176.0,187.0
2025-08-26,41554020,7971593962,195.0,200.0,184.5,187.0,1.0,38812,1.0,195.0,187.0,184.5,200.0
2025-08-27,29201820,5876827381,196.5,205.5,195.0,205.5,18.5,24670,1.0,196.5,205.5,195.0,205.5
2025-08-28,60944408,13292425127,213.0,226.0,208.0,226.0,20.5,58864,1.0,213.0,226.0,208.0,226.0
2025-08-29,65336302,14785826717,232.0,233.0,219.0,220.0,-6.0,42447,1.0,232.0,220.0,219.0,233.0
2025-09-01,25397693,5248418448,220.0,220.0,198.0,201.0,-19.0,22907,1.0,220.0,201.0,198.0,220.0
2025-09-02,20036504,3952449577,202.5,203.0,193.0,197.0,-4.0,30259,1.0,202.5,197.0,193.0,203.0
2025-09-03,12486562,2405268339,196.5,197.0,190.0,190.5,-6.5,17440,1.0,196.5,190.5,190.0,197.0
2025-09-04,16711916,3169225301,196.0,196.5,185.0,185.5,-5.0,16157,1.0,196.0,185.5,185.0,196.5
2025-09-05,12982390,2435951622,188.0,191.0,185.0,187.5,2.0,9802,1.0,188.0,187.5,185.0,191.0
2025-09-08,9914878,1864378070,188.5,192.5,185.5,186.0,-1.5,8402,1.0,188.5,186.0,185.5,192.5
2025-09-09,11011717,2053629962,188.0,191.0,183.0,184.0,-2.0,11546,1.0,188.0,184.0,183.0,191.0
2025-09-10,10183725,1893425457,186.0,188.5,183.0,185.0,1.0,8307,1.0,186.0,185.0,183.0,188.5
2025-09-11,13006767,2377336935,188.5,190.0,178.5,179.5,-5.5,11951,1.0,188.5,179.5,178.5,190.0
2025-09-12,9371264,1715366058,181.5,185.0,180.5,184.0,4.5,6911,1.0,181.5,184.0,180.5,185.0
2025-09-15,6543837,1182712138,184.0,184.5,177.5,179.0,-5.0,6879,1.0,184.0,179.0,177.5,184.5
2025-09-16,17827122,3410787352,183.5,196.5,182.0,196.5,17.5,13819,1.0,183.5,196.5,182.0,196.5
2025-09-17,40354811,7924560475,200.5,201.5,191.0,193.5,-3.0,28673,1.0,200.5,193.5,191.0,201.5
2025-09-18,21065784,4140836655,194.5,201.5,192.5,200.0,6.5,17375,1.0,194.5,200.0,192.5,201.5
2025-09-19,46256794,9998913047,208.0,220.0,206.5,220.0,20.0,37471,1.0,208.0,220.0,206.5,220.0
2025-09-22,53032597,12087788752,221.0,239.5,219.5,235.5,15.5,58803,1.0,221.0,235.5,219.5,239.5
2025-09-23,45575544,10918352056,239.0,248.0,231.0,234.5,-1.0,35763,1.0,239.0,234.5,231.0,248.0
2025-09-24,30059726,6716481588,238.0,239.0,216.5,220.5,-14.0,35491,1.0,238.0,220.5,216.5,239.0
2025-09-25,29271569,6737980455,222.0,238.0,219.0,229.0,8.5,30700,1.0,222.0,229.0,219.0,238.0
2025-09-26,22921821,5105454373,230.0,234.5,216.0,219.0,-10.0,31324,1.0,230.0,219.0,216.0,234.5
2025-09-30,15164015,3439388117,224.0,232.0,222.5,226.0,7.0,25458,1.0,224.0,226.0,222.5,232.0
2025-10-01,14514299,3313991643,226.0,233.0,223.5,228.0,2.0,20244,1.0,226.0,228.0,223.5,233.0
2025-10-02,12446091,2861007874,232.0,233.0,224.5,231.0,3.0,11979,1.0,232.0,231.0,224.5,233.0
2025-10-03,46132126,11203281708,231.0,254.0,229.5,254.0,23.0,44229,1.0,231.0,254.0,229.5,254.0
2025-10-07,43881225,11159943266,258.5,261.5,247.5,253.0,-1.0,52476,1.0,258.5,253.0,247.5,261.5
2025-10-08,25892073,6585522717,252.5,264.5,245.0,260.5,7.5,27295,1.0,252.5,260.5,245.0,264.5
2025-10-09,69016801,18806392269,267.5,283.0,262.5,265.0,4.5,60673,1.0,267.5,265.0,262.5,283.0
2025-10-13,29421323,7537137415,241.0,268.0,241.0,267.5,2.5,41941,1.0,241.0,267.5,241.0,268.0
2025-10-14,43651088,11576003636,275.0,279.0,254.5,256.0,-11.5,45719,1.0,275.0,256.0,254.5,279.0
2025-10-15,46631647,12796388304,263.0,281.5,260.5,281.5,25.5,39560,1.0,263.0,281.5,260.5,281.5
2025-10-16,72921350,21058230672,286.5,299.0,280.0,281.5,0.0,55032,1.0,286.5,281.5,280.0,299.0
2025-10-17,28088828,7949172622,282.0,289.0,278.0,280.5,-1.0,69985,1.0,282.0,280.5,278.0,289.0
2025-10-20,23810932,6707913661,285.5,292.0,274.5,277.5,-3.0,20891,1.0,285.5,277.5,274.5,292.0
2025-10-21,16245032,4496683257,280.0,283.0,272.5,273.5,-4.0,27148,1.0,280.0,273.5,272.5,283.0
2025-10-22,22737671,6323406962,276.0,285.0,272.0,275.5,2.0,21270,1.0,276.0,275.5,272.0,285.0
2025-10-23,13290089,3623516815,273.5,279.0,268.0,272.5,-3.0,16588,1.0,273.5,272.5,268.0,279.0
2025-10-27,19582718,5506452547,282.0,288.0,276.5,278.5,6.0,15505,1.0,282.0,278.5,276.5,288.0
2025-10-28,25124423,6972714221,281.5,286.5,271.5,276.0,-2.5,29523,1.0,281.5,276.0,271.5,286.5
2025-10-29,26763959,7647962238,279.0,294.0,275.5,290.5,14.5,24892,1.0,279.0,290.5,275.5,294.0
2025-10-30,29541099,8506937169,293.5,298.0,279.0,282.0,-8.5,35358,1.0,293.5,282.0,279.0,298.0
2025-10-31,28685296,8317105780,286.5,296.0,283.0,290.5,8.5,37491,1.0,286.5,290.5,283.0,296.0
2025-11-03,37535139,10961045684,291.5,301.0,284.5,285.0,-5.5,56411,1.0,291.5,285.0,284.5,301.0
2025-11-04,30345240,8713467448,289.0,296.5,277.0,280.0,-5.0,33564,1.0,289.0,280.0,277.0,296.5
2025-11-05,21642875,5815846949,268.0,272.5,262.0,272.0,-8.0,26387,1.0,268.0,272.0,262.0,272.5
2025-11-06,20739533,5591130611,277.5,277.5,263.5,273.0,1.0,27432,1.0,277.5,273.0,263.5,277.5
2025-11-07,14640419,3997117657,268.0,279.0,267.5,273.0,0.0,14450,1.0,268.0,273.0,267.5,279.0
2025-11-10,32317226,9224560748,276.5,293.0,274.5,290.5,17.5,39931,1.0,276.5,290.5,274.5,293.0
2025-11-11,21733376,6358129874,291.5,296.5,287.0,289.0,-1.5,40315,1.0,291.5,289.0,287.0,296.5
2025-11-12,18293228,5281164825,294.5,296.0,283.0,284.5,-4.5,44121,1.0,294.5,284.5,283.0,296.0
2025-11-13,19970801,5760686119,285.5,294.0,282.5,292.0,7.5,33068,1.0,285.5,292.0,282.5,294.0
2025-11-14,17839465,5018307884,283.5,287.0,275.5,282.5,-9.5,18323,1.0,283.5,282.5,275.5,287.0
2025-11-17,18450788,5167924534,285.0,291.0,272.0,272.5,-10.0,20797,1.0,285.0,272.5,272.0,291.0
2025-11-18,17628924,4734192710,269.0,276.5,261.0,265.5,-7.0,26498,1.0,269.0,265.5,261.0,276.5
2025-11-19,16484516,4193126821,264.5,264.5,250.0,251.0,-14.5,33662,1.0,264.5,251.0,250.0,264.5
2025-11-20,13423054,3576254530,258.0,272.5,258.0,269.0,18.0,27655,1.0,258.0,269.0,258.0,272.5
2025-11-21,11913173,3003961020,258.0,262.5,247.5,250.0,-19.0,22918,1.0,258.0,250.0,247.5,262.5
2025-11-24,9912307,2435936202,253.5,253.5,242.0,247.0,-3.0,10140,1.0,253.5,247.0,242.0,253.5
2025-11-25,13505177,3337166206,254.0,256.5,241.0,250.0,3.0,14437,1.0,254.0,250.0,241.0,256.5
2025-11-26,11516651,2955383091,253.0,261.5,250.0,257.0,7.0,11331,1.0,253.0,257.0,250.0,261.5
2025-11-27,11752787,3064742159,261.0,264.5,258.0,260.5,3.5,14682,1.0,261.0,260.5,258.0,264.5
2025-11-28,7532551,1958976030,261.0,264.0,256.0,262.5,2.0,9184,1.0,261.0,262.5,256.0,264.0
2025-12-01,13221901,3515357763,265.0,269.0,260.5,266.5,4.0,11619,1.0,265.0,266.5,260.5,269.0
2025-12-02,8243917,2171453524,266.5,268.0,258.5,262.0,-4.5,8643,1.0,266.5,262.0,258.5,268.0
2025-12-03,11500054,3091763447,264.5,273.0,264.0,269.0,7.0,10058,1.0,264.5,269.0,264.0,273.0
2025-12-04,11344185,2994977660,269.0,272.0,258.5,258.5,-10.5,12883,1.0,269.0,258.5,258.5,272.0
2025-12-05,20809323,5585993366,259.0,276.5,258.5,270.0,11.5,18392,1.0,259.0,270.0,258.5,276.5
2025-12-08,9003561,2420712957,272.0,272.5,265.0,270.0,0.0,13947,1.0,272.0,270.0,265.0,272.5
2025-12-09,21649747,6031833759,270.0,286.0,266.0,284.0,14.0,19709,1.0,270.0,284.0,266.0,286.0
2025-12-10,14627947,4158670382,288.5,293.0,278.5,280.0,-4.0,24432,1.0,288.5,280.0,278.5,293.0
2025-12-11,12188561,3453346311,283.0,289.0,277.5,278.0,-2.0,29831,1.0,283.0,278.0,277.5,289.0
2025-12-12,8862520,2427873962,280.5,282.5,271.0,271.5,-6.5,26419,1.0,280.5,271.5,271.0,282.5
2025-12-15,6366046,1696291331,265.5,270.0,264.5,266.0,-5.5,10702,1.0,265.5,266.0,264.5,270.0
2025-12-16,10927126,2767906784,263.5,264.0,246.0,249.0,-17.0,13352,1.0,263.5,249.0,246.0,264.0
2025-12-17,10179298,2505685317,253.0,253.5,242.5,243.5,-5.5,12065,1.0,253.0,243.5,242.5,253.5
2025-12-18,11204251,2640125425,241.5,245.0,232.0,234.5,-9.0,11381,1.0,241.5,234.5,232.0,245.0
2025-12-19,5911407,1413572470,239.0,242.0,235.0,239.5,5.0,5536,1.0,239.0,239.5,235.0,242.0
2025-12-22,4468531,1090580120,244.0,246.5,240.5,244.0,4.5,5510,1.0,244.0,244.0,240.5,246.5
2025-12-23,3571081,861923938,245.0,245.0,239.0,239.0,-5.0,4773,1.0,245.0,239.0,239.0,245.0
2025-12-24,3936991,947191952,240.5,244.0,239.0,239.0,0.0,4031,1.0,240.5,239.0,239.0,244.0
2025-12-26,7270554,1780302643,241.0,248.0,239.0,246.5,7.5,7812,1.0,241.0,246.5,239.0,248.0
2025-12-29,6213285,1496716545,247.5,247.5,237.0,240.5,-6.0,7186,1.0,247.5,240.5,237.0,247.5
2025-12-30,4096408,976371617,239.5,241.0,235.0,240.5,0.0,5804,1.0,239.5,240.5,235.0,241.0
2025-12-31,4387005,1067146592,242.0,247.0,241.0,241.0,0.5,4697,1.0,242.0,241.0,241.0,247.0
2026-01-02,5671117,1353330375,243.5,246.0,236.0,237.0,-4.0,6488,1.0,243.5,237.0,236.0,246.0
2026-01-05,11832828,2865077612,243.0,247.0,237.0,241.5,4.5,10964,1.0,243.0,241.5,237.0,247.0
2026-01-06,7749166,1897389581,243.5,248.0,240.5,244.5,3.0,7508,1.0,243.5,244.5,240.5,248.0
2026-01-07,19234470,4746191647,247.0,253.5,240.0,241.5,-3.0,17154,1.0,247.0,241.5,240.0,253.5
2026-01-08,5620193,1343575827,241.5,243.5,235.0,237.0,-4.5,12479,1.0,241.5,237.0,235.0,243.5
2026-01-09,4534504,1086382044,237.5,242.0,235.5,240.5,3.5,5668,1.0,237.5,240.5,235.5,242.0
2026-01-12,16616387,4193466603,244.5,260.5,243.0,254.5,14.0,16371,1.0,244.5,254.5,243.0,260.5
2026-01-13,27685591,7374762587,255.5,273.5,251.5,268.0,13.5,32521,1.0,255.5,268.0,251.5,273.5
2026-01-14,19821158,5328877362,272.0,278.0,260.5,261.5,-6.5,51160,1.0,272.0,261.5,260.5,278.0
2026-01-15,19966618,5345864058,262.0,278.0,258.5,263.5,2.0,24636,1.0,262.0,263.5,258.5,278.0
2026-01-16,30876763,8729540947,269.0,289.5,266.5,289.5,26.0,22119,1.0,269.0,289.5,266.5,289.5
2026-01-19,54304285,16634086514,295.0,318.0,287.0,318.0,28.5,57004,1.0,295.0,318.0,287.0,318.0
2026-01-20,60258946,20254225006,312.0,349.5,311.5,341.5,23.5,49503,1.0,312.0,341.5,311.5,349.5
2026-01-21,47779644,17283493135,349.5,375.5,345.0,361.0,19.5,42220,1.0,349.5,361.0,345.0,375.5
2026-01-22,8382298,3068381634,374.5,375.0,357.0,370.5,9.5,9462,1.0,374.5,370.5,357.0,375.0
2026-01-23,7401135,2767653663,370.5,382.0,366.0,382.0,11.5,9307,1.0,370.5,382.0,366.0,382.0
2026-01-26,5186357,1924903760,374.0,375.0,368.5,370.0,-12.0,6688,1.0,374.0,370.0,368.5,375.0
2026-01-27,3062394,1205752540,374.0,396.0,374.0,395.0,25.0,3664,1.0,374.0,395.0,374.0,396.0
2026-01-28,1891031,747275179,393.0,397.5,390.5,396.0,1.0,2101,1.0,393.0,396.0,390.5,397.5
2026-01-29,4182431,1543957272,390.0,390.0,356.5,374.0,-22.0,4601,1.0,390.0,374.0,356.5,390.0
2026-01-30,3872751,1506628751,370.0,400.0,370.0,388.5,14.5,4123,1.0,370.0,388.5,370.0,400.0
2026-02-02,2963688,1090677035,381.0,381.0,360.0,368.0,-20.5,3204,1.0,381.0,368.0,360.0,381.0
2026-02-03,2966236,1142175909,378.0,397.0,372.5,394.5,26.5,3204,1.0,378.0,394.5,372.5,397.0
2026-02-04,2854643,1152665623,384.0,410.0,384.0,410.0,15.5,3420,1.0,384.0,410.0,384.0,410.0
2026-02-05,2340466,923985903,400.0,400.0,390.0,397.5,-12.5,2821,1.0,400.0,397.5,390.0,400.0
2026-02-06,3296385,1216218109,375.5,379.0,360.0,379.0,-18.5,3042,1.0,375.5,379.0,360.0,379.0
2026-02-09,3652951,1495644885,402.0,416.5,391.0,416.5,37.5,4755,1.0,402.0,416.5,391.0,416.5
2026-02-10,35847050,15157342146,417.0,449.5,402.5,409.5,-7.0,50447,1.0,417.0,409.5,402.5,449.5
2026-02-11,20740755,8636610987,411.5,427.0,405.5,416.0,6.5,20083,1.0,411.5,416.0,405.5,427.0
2026-02-23,6258659,2849133715,448.5,457.5,448.5,457.5,41.5,4741,1.0,448.5,457.5,448.5,457.5
2026-02-24,14641225,7190863813,478.0,503.0,477.0,503.0,45.5,10425,1.0,478.0,503.0,477.0,503.0
2026-02-25,27562388,14651156337,530.0,553.0,510.0,553.0,50.0,27201,1.0,530.0,553.0,510.0,553.0
2026-02-26,29702927,16466360794,548.0,572.0,532.0,555.0,2.0,30353,1.0,548.0,555.0,532.0,572.0
2026-03-02,3568553,1967330024,540.0,566.0,531.0,541.0,-14.0,4211,1.0,540.0,541.0,531.0,566.0
2026-03-03,3183204,1636971411,545.0,560.0,500.0,500.0,-41.0,4935,1.0,545.0,500.0,500.0,560.0
2026-03-04,4542256,2061740090,466.0,466.0,450.0,450.0,-50.0,6656,1.0,466.0,450.0,450.0,466.0
2026-03-05,4226190,1937120068,488.0,488.0,441.5,461.0,11.0,4093,1.0,488.0,461.0,441.5,488.0
2026-03-06,2398486,1107582514,461.0,471.5,450.0,469.5,8.5,2803,1.0,461.0,469.5,450.0,471.5
2026-03-09,710153,300394719,423.0,423.0,423.0,423.0,-46.5,2592,1.0,423.0,423.0,423.0,423.0
2026-03-10,3807587,1641027782,434.5,445.0,409.0,428.0,5.0,3234,1.0,434.5,428.0,409.0,445.0
2026-03-11,1732191,806431001,444.5,470.5,444.5,470.5,42.5,2476,1.0,444.5,470.5,444.5,470.5
2026-03-12,1928076,896649128,459.0,480.0,458.0,468.5,-2.0,2712,1.0,459.0,468.5,458.0,480.0
2026-03-13,3385129,1703025840,456.0,515.0,456.0,515.0,46.5,3905,1.0,456.0,515.0,456.0,515.0
2026-03-16,30633522,16648634050,542.0,566.0,508.0,566.0,51.0,33536,1.0,542.0,566.0,508.0,566.0
2026-03-17,29422251,16903673553,580.0,603.0,540.0,544.0,-22.0,35859,1.0,580.0,544.0,540.0,603.0
2026-03-18,18629808,10441570141,549.0,580.0,535.0,567.0,23.0,21111,1.0,549.0,567.0,535.0,580.0
2026-03-19,19507915,10964309098,554.0,582.0,543.0,561.0,-6.0,24060,1.0,554.0,561.0,543.0,582.0
2026-03-20,20161280,10929898691,563.0,571.0,525.0,541.0,-20.0,25263,1.0,563.0,541.0,525.0,571.0
2026-03-23,15708760,8171346146,511.0,539.0,507.0,534.0,-7.0,21689,1.0,511.0,534.0,507.0,539.0
2026-03-24,30733149,15917311783,551.0,562.0,486.0,491.0,-43.0,38785,1.0,551.0,491.0,486.0,562.0
2026-03-25,11030540,5852956403,510.0,540.0,510.0,540.0,49.0,12330,1.0,510.0,540.0,510.0,540.0
2026-03-26,31163172,17869634397,550.0,593.0,544.0,569.0,29.0,33836,1.0,550.0,569.0,544.0,593.0
2026-03-27,25431954,14385615231,553.0,587.0,543.0,561.0,-8.0,33822,1.0,553.0,561.0,543.0,587.0
2026-03-30,19641148,11003108353,543.0,580.0,541.0,580.0,19.0,22576,1.0,543.0,580.0,541.0,580.0
2026-03-31,22840420,12578431388,567.0,581.0,522.0,522.0,-58.0,28362,1.0,567.0,522.0,522.0,581.0
2026-04-01,17700355,10000038295,561.0,574.0,551.0,574.0,52.0,19403,1.0,561.0,574.0,551.0,574.0
2026-04-02,46908295,27952637013,588.0,627.0,564.0,568.0,-6.0,46162,1.0,588.0,568.0,564.0,627.0
2026-04-07,23582646,14579288946,596.0,624.0,593.0,624.0,56.0,23008,1.0,596.0,624.0,593.0,624.0
2026-04-08,32033845,20806340225,658.0,664.0,636.0,637.0,13.0,35331,1.0,658.0,637.0,636.0,664.0
2026-04-09,24577523,16478546591,643.0,693.0,643.0,669.0,32.0,27927,1.0,643.0,669.0,643.0,693.0
2026-04-10,20854078,13850268601,679.0,685.0,646.0,667.0,-2.0,26941,1.0,679.0,667.0,646.0,685.0
2026-04-13,9081131,5995648729,667.0,675.0,650.0,655.0,-12.0,14883,1.0,667.0,655.0,650.0,675.0
2026-04-14,14865758,9687624799,675.0,685.0,635.0,646.0,-9.0,21989,1.0,675.0,646.0,635.0,685.0
2026-04-15,17929539,11864607196,652.0,682.0,640.0,656.0,10.0,22368,1.0,652.0,656.0,640.0,682.0
2026-04-16,21809400,14986981246,665.0,721.0,651.0,721.0,65.0,25834,1.0,665.0,721.0,651.0,721.0
2026-04-17,25620533,18663794765,728.0,749.0,708.0,724.0,3.0,29297,1.0,728.0,724.0,708.0,749.0
2026-04-20,17335859,13457909846,740.0,796.0,738.0,796.0,72.0,19081,1.0,740.0,796.0,738.0,796.0
2026-04-21,30182020,24185282937,812.0,820.0,780.0,789.0,-7.0,40489,1.0,812.0,789.0,780.0,820.0
2026-04-22,19033934,15394313656,810.0,825.0,793.0,803.0,14.0,24160,1.0,810.0,803.0,793.0,825.0
2026-04-23,30328224,24681287065,825.0,865.0,768.0,795.0,-8.0,44065,1.0,825.0,795.0,768.0,865.0
2026-04-24,22699037,19652093707,837.0,874.0,835.0,874.0,79.0,24152,1.0,837.0,874.0,835.0,874.0
2026-04-27,28297288,25724358576,930.0,959.0,860.0,913.0,39.0,43210,1.0,930.0,913.0,860.0,959.0
2026-04-28,23729993,22182580573,937.0,977.0,904.0,932.0,19.0,31595,1.0,937.0,932.0,904.0,977.0
2026-04-29,17717098,16459055762,925.0,963.0,910.0,916.0,-16.0,27765,1.0,925.0,916.0,910.0,963.0
2026-04-30,20919397,20404302208,935.0,1005.0,926.0,1005.0,89.0,27374,1.0,935.0,1005.0,926.0,1005.0
2026-05-04,22522372,22247917957,1020.0,1025.0,960.0,986.0,-19.0,46368,1.0,1020.0,986.0,960.0,1025.0
2026-05-05,11932373,11892317187,986.0,1035.0,975.0,997.0,11.0,19977,1.0,986.0,997.0,975.0,1035.0
2026-05-06,22794178,21643248295,1005.0,1025.0,901.0,940.0,-57.0,49902,1.0,1005.0,940.0,901.0,1025.0
2026-05-07,11915247,11371105374,970.0,980.0,932.0,947.0,7.0,19492,1.0,970.0,947.0,932.0,980.0
2026-05-08,20326159,17851124234,942.0,942.0,853.0,854.0,-93.0,58337,1.0,942.0,854.0,853.0,942.0
2026-05-11,13746504,12287034400,857.0,918.0,857.0,908.0,54.0,21782,1.0,857.0,908.0,857.0,918.0
2026-05-12,15710508,14572810535,928.0,965.0,899.0,900.0,-8.0,27187,1.0,928.0,900.0,899.0,965.0
2026-05-13,11705998,10321329026,861.0,896.0,861.0,880.0,-20.0,23615,1.0,861.0,880.0,861.0,896.0
2026-05-14,20591500,17789205745,899.0,900.0,846.0,847.0,-33.0,55501,1.0,899.0,847.0,846.0,900.0
2026-05-15,19102823,15385639866,851.0,855.0,780.0,786.0,-61.0,55554,1.0,851.0,786.0,780.0,855.0
